seq,is_zvw,instant_quiet,qw,qx,qy,qz,pos_x,pos_y,pos_z
364739.0,0,0,1.0,0.0,0.0,0.0,0.0,0.0,0.0
364740.0,0,0,1.0,0.0,0.0,0.0,0.0,0.0,0.0
364741.0,0,0,1.0,0.0,0.0,0.0,0.0,0.0,0.0
364742.0,0,0,1.0,0.0,0.0,0.0,0.0,0.0,0.0
364743.0,0,0,1.0,0.0,0.0,0.0,0.0,0.0,0.0
364744.0,0,0,1.0,0.0,0.0,0.0,0.0,0.0,0.0
364745.0,0,0,1.0,0.0,0.0,0.0,0.0,0.0,0.0
364746.0,0,0,1.0,0.0,0.0,0.0,0.0,0.0,0.0
364747.0,0,0,1.0,0.0,0.0,0.0,0.0,0.0,0.0
364748.0,0,0,1.0,0.0,0.0,0.0,0.0,0.0,0.0
364749.0,0,0,1.0,0.0,0.0,0.0,0.0,0.0,0.0
364750.0,0,0,1.0,0.0,0.0,0.0,0.0,0.0,0.0
364751.0,0,0,1.0,0.0,0.0,0.0,0.0,0.0,0.0
364752.0,0,0,1.0,0.0,0.0,0.0,0.0,0.0,0.0
364753.0,0,1,1.0,0.0,0.0,0.0,0.0,0.0,0.0
364754.0,0,1,1.0,0.0,0.0,0.0,0.0,0.0,0.0
364755.0,0,1,1.0,0.0,0.0,0.0,0.0,0.0,0.0
364756.0,0,1,1.0,0.0,0.0,0.0,0.0,0.0,0.0
364757.0,0,1,1.0,0.0,0.0,0.0,0.0,0.0,0.0
364758.0,0,1,1.0,0.0,0.0,0.0,0.0,0.0,0.0
364759.0,0,1,1.0,0.0,0.0,0.0,0.0,0.0,0.0
364760.0,0,1,1.0,0.0,0.0,0.0,0.0,0.0,0.0
364761.0,0,1,1.0,0.0,0.0,0.0,0.0,0.0,0.0
364762.0,0,1,1.0,0.0,0.0,0.0,0.0,0.0,0.0
364763.0,0,1,1.0,0.0,0.0,0.0,0.0,0.0,0.0
364764.0,0,1,1.0,0.0,0.0,0.0,0.0,0.0,0.0
364765.0,0,1,1.0,0.0,0.0,0.0,0.0,0.0,0.0
364766.0,0,1,1.0,0.0,0.0,0.0,0.0,0.0,0.0
364767.0,0,1,1.0,0.0,0.0,0.0,0.0,0.0,0.0
364768.0,0,1,1.0,0.0,0.0,0.0,0.0,0.0,0.0
364769.0,0,1,1.0,0.0,0.0,0.0,0.0,0.0,0.0
364770.0,0,1,1.0,0.0,0.0,0.0,0.0,0.0,0.0
364771.0,0,1,1.0,0.0,0.0,0.0,0.0,0.0,0.0
364772.0,1,1,1.0,0.0,0.0,0.0,0.0,0.0,0.0
364773.0,1,1,1.0,0.0,0.0,0.0,0.0,0.0,0.0
364774.0,1,1,1.0,0.0,0.0,0.0,0.0,0.0,0.0
364775.0,1,1,1.0,0.0,0.0,0.0,0.0,0.0,0.0
364776.0,1,1,1.0,0.0,0.0,0.0,0.0,0.0,0.0
364777.0,1,1,1.0,0.0,0.0,0.0,0.0,0.0,0.0
364778.0,1,1,1.0,0.0,0.0,0.0,0.0,0.0,0.0
364779.0,1,1,1.0,0.0,0.0,0.0,0.0,0.0,0.0
364780.0,1,1,1.0,0.0,0.0,0.0,0.0,0.0,0.0
364781.0,1,1,1.0,0.0,0.0,0.0,0.0,0.0,0.0
364782.0,1,1,1.0,0.0,0.0,0.0,0.0,0.0,0.0
364783.0,1,1,1.0,0.0,0.0,0.0,0.0,0.0,0.0
364784.0,1,1,1.0,0.0,0.0,0.0,0.0,0.0,0.0
364785.0,1,1,1.0,0.0,0.0,0.0,0.0,0.0,0.0
364786.0,1,1,1.0,0.0,0.0,0.0,0.0,0.0,0.0
364787.0,1,1,1.0,0.0,0.0,0.0,0.0,0.0,0.0
364788.0,1,1,1.0,0.0,0.0,0.0,0.0,0.0,0.0
364789.0,1,1,1.0,0.0,0.0,0.0,0.0,0.0,0.0
364790.0,1,1,1.0,0.0,0.0,0.0,0.0,0.0,0.0
364791.0,1,1,1.0,0.0,0.0,0.0,0.0,0.0,0.0
364792.0,1,1,1.0,0.0,0.0,0.0,0.0,0.0,0.0
364793.0,1,1,1.0,0.0,0.0,0.0,0.0,0.0,0.0
364794.0,1,1,1.0,0.0,0.0,0.0,0.0,0.0,0.0
364795.0,1,1,1.0,0.0,0.0,0.0,0.0,0.0,0.0
364796.0,1,1,1.0,0.0,0.0,0.0,0.0,0.0,0.0
364797.0,1,1,1.0,0.0,0.0,0.0,0.0,0.0,0.0
364798.0,1,1,1.0,0.0,0.0,0.0,0.0,0.0,0.0
364799.0,1,1,1.0,0.0,0.0,0.0,0.0,0.0,0.0
364800.0,1,1,1.0,0.0,0.0,0.0,0.0,0.0,0.0
364801.0,1,1,1.0,0.0,0.0,0.0,0.0,0.0,0.0
364802.0,1,1,1.0,0.0,0.0,0.0,0.0,0.0,0.0
364803.0,1,1,1.0,0.0,0.0,0.0,0.0,0.0,0.0
364804.0,1,1,1.0,0.0,0.0,0.0,0.0,0.0,0.0
364805.0,1,1,1.0,0.0,0.0,0.0,0.0,0.0,0.0
364806.0,1,1,1.0,0.0,0.0,0.0,0.0,0.0,0.0
364807.0,1,1,1.0,0.0,0.0,0.0,0.0,0.0,0.0
364808.0,1,1,1.0,0.0,0.0,0.0,0.0,0.0,0.0
364809.0,1,1,1.0,0.0,0.0,0.0,0.0,0.0,0.0
364810.0,1,1,1.0,0.0,0.0,0.0,0.0,0.0,0.0
364811.0,1,1,1.0,0.0,0.0,0.0,0.0,0.0,0.0
364812.0,1,1,1.0,0.0,0.0,0.0,0.0,0.0,0.0
364813.0,1,1,1.0,0.0,0.0,0.0,0.0,0.0,0.0
364814.0,1,1,1.0,0.0,0.0,0.0,0.0,0.0,0.0
364815.0,1,1,1.0,0.0,0.0,0.0,0.0,0.0,0.0
364816.0,1,1,1.0,0.0,0.0,0.0,0.0,0.0,0.0
364817.0,1,1,1.0,0.0,0.0,0.0,0.0,0.0,0.0
364818.0,1,1,1.0,0.0,0.0,0.0,0.0,0.0,0.0
364819.0,1,1,1.0,0.0,0.0,0.0,0.0,0.0,0.0
364820.0,1,1,1.0,0.0,0.0,0.0,0.0,0.0,0.0
364821.0,1,1,1.0,0.0,0.0,0.0,0.0,0.0,0.0
364822.0,1,1,1.0,0.0,0.0,0.0,0.0,0.0,0.0
364823.0,1,1,1.0,0.0,0.0,0.0,0.0,0.0,0.0
364824.0,1,1,1.0,0.0,0.0,0.0,0.0,0.0,0.0
364825.0,1,1,1.0,0.0,0.0,0.0,0.0,0.0,0.0
364826.0,1,1,1.0,0.0,0.0,0.0,0.0,0.0,0.0
364827.0,1,1,1.0,0.0,0.0,0.0,0.0,0.0,0.0
364828.0,1,1,1.0,0.0,0.0,0.0,0.0,0.0,0.0
364829.0,1,1,1.0,0.0,0.0,0.0,0.0,0.0,0.0
364830.0,1,1,1.0,0.0,0.0,0.0,0.0,0.0,0.0
364831.0,1,1,1.0,0.0,0.0,0.0,0.0,0.0,0.0
364832.0,1,1,1.0,0.0,0.0,0.0,0.0,0.0,0.0
364833.0,1,1,1.0,0.0,0.0,0.0,0.0,0.0,0.0
364834.0,1,1,1.0,0.0,0.0,0.0,0.0,0.0,0.0
364835.0,1,1,1.0,0.0,0.0,0.0,0.0,0.0,0.0
364836.0,1,1,1.0,0.0,0.0,0.0,0.0,0.0,0.0
364837.0,1,1,1.0,0.0,0.0,0.0,0.0,0.0,0.0
364838.0,1,1,0.99989676,0.013716951,0.0042748223,-7.89564e-05,0.0,0.0,0.0
364839.0,1,1,0.99989706,0.013693384,0.0042910837,-9.661154e-05,0.0,0.0,0.0
364840.0,1,1,0.99989724,0.013672556,0.004312027,-0.00011167176,0.0,0.0,0.0
364841.0,1,1,0.9998974,0.0136493035,0.004346868,-0.00012693563,0.0,0.0,0.0
364842.0,1,1,0.99989754,0.01362422,0.0043929066,-0.00013972202,0.0,0.0,0.0
364843.0,1,1,0.9998977,0.013596923,0.004441228,-0.00015514556,0.0,0.0,0.0
364844.0,1,1,0.9998979,0.013569999,0.004482571,-0.0001704172,0.0,0.0,0.0
364845.0,1,1,0.999898,0.013548542,0.004523903,-0.00018287597,0.0,0.0,0.0
364846.0,1,1,0.99989814,0.013524485,0.004571967,-0.0002007683,0.0,0.0,0.0
364847.0,1,1,0.99989825,0.013498399,0.0046167774,-0.00022148917,0.0,0.0,0.0
364848.0,1,1,0.99989843,0.013472675,0.0046587116,-0.00023407381,0.0,0.0,0.0
364849.0,1,1,0.99989855,0.013449123,0.0047030863,-0.00024118136,0.0,0.0,0.0
364850.0,1,1,0.99989873,0.013415668,0.004738606,-0.00024852387,0.0,0.0,0.0
364851.0,1,1,0.9998989,0.013390625,0.0047788434,-0.00025323033,0.0,0.0,0.0
364852.0,1,1,0.9998991,0.01336334,0.0048242435,-0.00026311656,0.0,0.0,0.0
364853.0,1,1,0.99989945,0.0133242095,0.0048542605,-0.0002809892,0.0,0.0,0.0
364854.0,1,1,0.9998998,0.013290725,0.0048735663,-0.00029352366,0.0,0.0,0.0
364855.0,1,1,0.9999001,0.013262642,0.004885561,-0.0003007251,0.0,0.0,0.0
364856.0,1,1,0.9999004,0.0132350465,0.0049017193,-0.00031068077,0.0,0.0,0.0
364857.0,1,1,0.9999007,0.013200387,0.0049298685,-0.00032354883,0.0,0.0,0.0
364858.0,1,1,0.99990094,0.013168914,0.0049595353,-0.00033921536,0.0,0.0,0.0
364859.0,1,1,0.9999012,0.013140218,0.0049834573,-0.0003522393,0.0,0.0,0.0
364860.0,1,1,0.9999015,0.013114336,0.005004701,-0.00036260884,0.0,0.0,0.0
364861.0,1,1,0.9999017,0.013091193,0.0050184177,-0.00037298969,0.0,0.0,0.0
364862.0,1,1,0.99990183,0.013077715,0.005029557,-0.0003859828,0.0,0.0,0.0
364863.0,1,1,0.9999019,0.013067074,0.0050422605,-0.00039639446,0.0,0.0,0.0
364864.0,1,1,0.999902,0.01305408,0.0050529046,-0.00040680927,0.0,0.0,0.0
364865.0,1,1,0.9999021,0.013041845,0.005056111,-0.00041981577,0.0,0.0,0.0
364866.0,1,1,0.99990225,0.013027288,0.0050672684,-0.00043273202,0.0,0.0,0.0
364867.0,1,1,0.9999025,0.013003183,0.0050780997,-0.00044574423,0.0,0.0,0.0
364868.0,1,1,0.9999028,0.012976816,0.0050910977,-0.0004615425,0.0,0.0,0.0
364869.0,1,1,0.9999029,0.01296087,0.005105816,-0.0004693913,0.0,0.0,0.0
364870.0,1,1,0.9999031,0.012942359,0.0051209875,-0.00047713448,0.0,0.0,0.0
364871.0,1,1,0.99990314,0.012931566,0.0051312377,-0.00049015024,0.0,0.0,0.0
364872.0,1,1,0.999903,0.0129357185,0.005144019,-0.0005031225,0.0,0.0,0.0
364873.0,1,1,0.99990284,0.012944646,0.0051535303,-0.00051622395,0.0,0.0,0.0
364874.0,1,1,0.9999027,0.012946699,0.005172847,-0.0005239738,0.0,0.0,0.0
364875.0,1,1,0.9999027,0.012936375,0.005191886,-0.0005345088,0.0,0.0,0.0
364876.0,1,1,0.9999028,0.012926052,0.005207976,-0.00054233934,0.0,0.0,0.0
364877.0,1,1,0.9999027,0.012926232,0.005214201,-0.00055021764,0.0,0.0,0.0
364878.0,1,1,0.9999028,0.012923453,0.005215703,-0.00056060037,0.0,0.0,0.0
364879.0,1,1,0.99990284,0.012923094,0.005209782,-0.00056821265,0.0,0.0,0.0
364880.0,1,1,0.9999028,0.012927958,0.0052038394,-0.00057318294,0.0,0.0,0.0
364881.0,1,1,0.9999028,0.012930109,0.0052024107,-0.00058101024,0.0,0.0,0.0
364882.0,1,1,0.9999027,0.012931573,0.0052052187,-0.0005915964,0.0,0.0,0.0
364883.0,1,1,0.99990267,0.012933081,0.0052116425,-0.00060467876,0.0,0.0,0.0
364884.0,1,1,0.9999028,0.0129226325,0.0052104546,-0.0006177556,0.0,0.0,0.0
364885.0,1,1,0.9999029,0.012910107,0.0052168434,-0.00063091866,0.0,0.0,0.0
364886.0,1,1,0.99990296,0.012905403,0.0052129175,-0.00064409577,0.0,0.0,0.0
364887.0,1,1,0.9999031,0.012900214,0.0052016354,-0.00065981044,0.0,0.0,0.0
364888.0,1,1,0.99990314,0.012899581,0.0051882225,-0.00067804527,0.0,0.0,0.0
364889.0,1,1,0.99990314,0.012900893,0.0051773605,-0.0006936201,0.0,0.0,0.0
364890.0,1,1,0.9999031,0.012907706,0.005171524,-0.0007092583,0.0,0.0,0.0
364891.0,1,1,0.99990296,0.012911953,0.0051762485,-0.000727572,0.0,0.0,0.0
364892.0,1,1,0.99990296,0.012913607,0.005175393,-0.00074587046,0.0,0.0,0.0
364893.0,1,1,0.9999029,0.012913494,0.005179493,-0.0007696271,0.0,0.0,0.0
364894.0,1,1,0.99990296,0.012908259,0.0051887482,-0.00078533916,0.0,0.0,0.0
364895.0,1,1,0.99990296,0.012902839,0.005195717,-0.0008036146,0.0,0.0,0.0
364896.0,1,1,0.99990284,0.012907283,0.0052052354,-0.0008245208,0.0,0.0,0.0
364897.0,1,1,0.9999027,0.012911057,0.0052175266,-0.00084797427,0.0,0.0,0.0
364898.0,1,1,0.9999027,0.012906932,0.005222016,-0.0008660055,0.0,0.0,0.0
364899.0,1,1,0.9999028,0.012898385,0.005224026,-0.0008867147,0.0,0.0,0.0
364900.0,1,1,0.9999028,0.012887609,0.005244041,-0.0009100681,0.0,0.0,0.0
364901.0,1,1,0.9999028,0.012874957,0.0052683805,-0.0009362884,0.0,0.0,0.0
364902.0,1,1,0.99990284,0.012857521,0.00529979,-0.00095715764,0.0,0.0,0.0
364903.0,1,1,0.99990296,0.012840065,0.0053227916,-0.0009701089,0.0,0.0,0.0
364904.0,1,1,0.999903,0.012822784,0.005346303,-0.0009936524,0.0,0.0,0.0
364905.0,1,1,0.99990314,0.0128029,0.0053699478,-0.0010143999,0.0,0.0,0.0
364906.0,1,1,0.9999032,0.012793762,0.005377981,-0.0010298549,0.0,0.0,0.0
364907.0,1,1,0.9999031,0.01279771,0.005383485,-0.0010452841,0.0,0.0,0.0
364908.0,1,1,0.999903,0.012798902,0.005391138,-0.0010608227,0.0,0.0,0.0
364909.0,1,1,0.9999029,0.012797788,0.005408697,-0.0010790998,0.0,0.0,0.0
364910.0,1,1,0.99990284,0.012793916,0.0054302,-0.0010974745,0.0,0.0,0.0
364911.0,1,1,0.9999027,0.0127939265,0.005442043,-0.0011210705,0.0,0.0,0.0
364912.0,1,1,0.9999026,0.012804354,0.005438741,-0.0011365904,0.0,0.0,0.0
364913.0,1,1,0.9999026,0.01280513,0.0054313475,-0.0011519219,0.0,0.0,0.0
364914.0,1,1,0.9999026,0.012803599,0.0054335236,-0.0011673636,0.0,0.0,0.0
364915.0,1,1,0.9999025,0.012807333,0.0054454766,-0.0011829278,0.0,0.0,0.0
364916.0,1,1,0.9999023,0.012813936,0.0054648155,-0.0011958966,0.0,0.0,0.0
364917.0,1,1,0.9999022,0.01281548,0.005478725,-0.0012035598,0.0,0.0,0.0
364918.0,1,1,0.99990207,0.012821707,0.0054851407,-0.0012137844,0.0,0.0,0.0
364919.0,1,1,0.99990195,0.012830326,0.0054839575,-0.0012266053,0.0,0.0,0.0
364920.0,1,1,0.9999018,0.0128365625,0.005495449,-0.0012394597,0.0,0.0,0.0
364921.0,1,1,0.99990153,0.012845175,0.005518051,-0.001247277,0.0,0.0,0.0
364922.0,1,1,0.99990124,0.012857968,0.0055378517,-0.0012603821,0.0,0.0,0.0
364923.0,1,1,0.99990094,0.012875702,0.00554998,-0.0012734552,0.0,0.0,0.0
364924.0,1,1,0.9999007,0.012890782,0.0055548926,-0.0012864872,0.0,0.0,0.0
364925.0,1,1,0.9999006,0.012898065,0.0055563156,-0.0012969775,0.0,0.0,0.0
364926.0,1,1,0.99990046,0.012902412,0.0055652778,-0.0013074512,0.0,0.0,0.0
364927.0,1,1,0.9999004,0.012906402,0.0055639725,-0.0013232311,0.0,0.0,0.0
364928.0,1,1,0.99990046,0.012902875,0.005555602,-0.0013417031,0.0,0.0,0.0
364929.0,1,1,0.9999007,0.012887645,0.0055491044,-0.0013576311,0.0,0.0,0.0
364930.0,1,1,0.9999008,0.012877826,0.005549809,-0.0013710479,0.0,0.0,0.0
364931.0,1,1,0.99990076,0.012872944,0.0055502276,-0.0013818425,0.0,0.0,0.0
364932.0,1,1,0.999901,0.01286179,0.005539101,-0.0013976817,0.0,0.0,0.0
364933.0,1,1,0.9999013,0.0128486315,0.0055131707,-0.0014160987,0.0,0.0,0.0
364934.0,1,1,0.99990165,0.012830539,0.00548726,-0.0014319007,0.0,0.0,0.0
364935.0,1,1,0.99990195,0.012815093,0.005471699,-0.0014423736,0.0,0.0,0.0
364936.0,1,1,0.9999022,0.0128017785,0.0054535903,-0.0014502031,0.0,0.0,0.0
364937.0,1,1,0.9999025,0.0127841,0.005441108,-0.0014632747,0.0,0.0,0.0
364938.0,1,1,0.99990284,0.012761484,0.00542315,-0.0014738289,0.0,0.0,0.0
364939.0,1,1,0.9999032,0.012738888,0.0054050274,-0.0014817814,0.0,0.0,0.0
364940.0,1,1,0.9999035,0.012723523,0.005387516,-0.0014922764,0.0,0.0,0.0
364941.0,1,1,0.99990374,0.012711132,0.00537301,-0.0014946831,0.0,0.0,0.0
364942.0,1,1,0.99990416,0.012686495,0.0053482973,-0.001502472,0.0,0.0,0.0
364943.0,1,1,0.9999047,0.012657055,0.0053167776,-0.0015127617,0.0,0.0,0.0
364944.0,1,1,0.9999053,0.012620177,0.0052908766,-0.0015229782,0.0,0.0,0.0
364945.0,1,1,0.9999059,0.012578723,0.0052724825,-0.0015306599,0.0,0.0,0.0
364946.0,1,1,0.9999064,0.012540552,0.0052589467,-0.0015411587,0.0,0.0,0.0
364947.0,1,1,0.9999068,0.012509924,0.005242849,-0.0015543192,0.0,0.0,0.0
364948.0,1,1,0.9999072,0.012479275,0.0052353763,-0.0015725662,0.0,0.0,0.0
364949.0,1,1,0.99990773,0.012443975,0.0052204323,-0.0015881116,0.0,0.0,0.0
364950.0,1,1,0.99990827,0.012406908,0.0052080476,-0.0015956999,0.0,0.0,0.0
364951.0,1,1,0.9999087,0.012375269,0.005200998,-0.0016086012,0.0,0.0,0.0
364952.0,1,1,0.999909,0.012343388,0.0051942472,-0.0016266996,0.0,0.0,0.0
364953.0,1,1,0.9999095,0.0123066,0.0051872646,-0.0016422058,0.0,0.0,0.0
364954.0,1,1,0.99991006,0.012257518,0.0051932116,-0.0016576747,0.0,0.0,0.0
364955.0,1,1,0.9999106,0.01221171,0.0051940107,-0.0016758734,0.0,0.0,0.0
364956.0,1,1,0.9999111,0.012166421,0.005186981,-0.0016914038,0.0,0.0,0.0
364957.0,1,1,0.99991167,0.012121528,0.0051851156,-0.0017069681,0.0,0.0,0.0
364958.0,1,1,0.9999122,0.012074767,0.0051906486,-0.0017252679,0.0,0.0,0.0
364959.0,1,1,0.9999127,0.012025725,0.0051881154,-0.0017436508,0.0,0.0,0.0
364960.0,1,1,0.9999132,0.011984474,0.0051807463,-0.0017646336,0.0,0.0,0.0
364961.0,1,1,0.9999137,0.011946228,0.0051736776,-0.0017854662,0.0,0.0,0.0
364962.0,1,1,0.99991417,0.011905795,0.00516698,-0.0018036214,0.0,0.0,0.0
364963.0,1,1,0.9999147,0.011858525,0.005165455,-0.0018217827,0.0,0.0,0.0
364964.0,1,1,0.99991524,0.011811693,0.005161327,-0.001839933,0.0,0.0,0.0
364965.0,1,1,0.99991566,0.011775113,0.005154958,-0.001855305,0.0,0.0,0.0
364966.0,1,1,0.9999161,0.011738294,0.00515705,-0.0018730725,0.0,0.0,0.0
364967.0,1,1,0.99991655,0.011694409,0.0051643937,-0.0018881015,0.0,0.0,0.0
364968.0,1,1,0.9999171,0.011639097,0.0051837917,-0.0019061182,0.0,0.0,0.0
364969.0,1,1,0.9999176,0.011580686,0.005203963,-0.0019218477,0.0,0.0,0.0
364970.0,1,1,0.999918,0.0115348045,0.0052119587,-0.0019401135,0.0,0.0,0.0
364971.0,1,1,0.9999184,0.011501484,0.0052102217,-0.0019635067,0.0,0.0,0.0
364972.0,1,1,0.99991906,0.011446546,0.0052019497,-0.0019787995,0.0,0.0,0.0
364973.0,1,1,0.9999197,0.011390044,0.0051941494,-0.001994033,0.0,0.0,0.0
364974.0,1,1,0.9999202,0.011347983,0.005185873,-0.0020066279,0.0,0.0,0.0
364975.0,1,1,0.99992055,0.011313607,0.0051896684,-0.0020245481,0.0,0.0,0.0
364976.0,1,1,0.9999208,0.011282675,0.0052032564,-0.002042639,0.0,0.0,0.0
364977.0,1,1,0.9999211,0.011244851,0.00521961,-0.002058014,0.0,0.0,0.0
364978.0,1,1,0.99992144,0.011205777,0.0052306983,-0.002076049,0.0,0.0,0.0
364979.0,1,1,0.99992174,0.01116459,0.005251505,-0.0020968954,0.0,0.0,0.0
364980.0,1,1,0.9999221,0.01111622,0.0052814507,-0.0021178743,0.0,0.0,0.0
364981.0,1,1,0.9999223,0.011079284,0.0053134444,-0.0021362565,0.0,0.0,0.0
364982.0,1,1,0.99992245,0.01104763,0.0053354194,-0.0021599107,0.0,0.0,0.0
364983.0,1,1,0.9999226,0.011029014,0.0053455336,-0.0021806394,0.0,0.0,0.0
364984.0,1,1,0.99992263,0.011017392,0.0053502447,-0.0022066997,0.0,0.0,0.0
364985.0,1,1,0.99992263,0.010998708,0.005361755,-0.0022303606,0.0,0.0,0.0
364986.0,1,1,0.9999227,0.01098285,0.0053800875,-0.002251338,0.0,0.0,0.0
364987.0,1,1,0.9999227,0.010967395,0.0054010754,-0.0022803475,0.0,0.0,0.0
364988.0,1,1,0.9999229,0.010943479,0.0054019024,-0.0023068236,0.0,0.0,0.0
364989.0,1,1,0.9999231,0.010926741,0.00538993,-0.0023279141,0.0,0.0,0.0
364990.0,1,1,0.9999231,0.010924963,0.005386005,-0.0023515574,0.0,0.0,0.0
364991.0,1,1,0.9999231,0.0109208645,0.005389475,-0.0023753177,0.0,0.0,0.0
364992.0,1,1,0.999923,0.010914659,0.0053951065,-0.0023964762,0.0,0.0,0.0
364993.0,1,1,0.99992293,0.010916054,0.005400666,-0.002417656,0.0,0.0,0.0
364994.0,1,1,0.99992275,0.010925185,0.0054027746,-0.0024389126,0.0,0.0,0.0
364995.0,1,1,0.99992263,0.010931746,0.0054070675,-0.0024603081,0.0,0.0,0.0
364996.0,1,1,0.99992245,0.010943533,0.005404458,-0.002481615,0.0,0.0,0.0
364997.0,1,1,0.99992245,0.010950016,0.005386796,-0.002500207,0.0,0.0,0.0
364998.0,1,1,0.9999224,0.010961558,0.0053689317,-0.0025162646,0.0,0.0,0.0
364999.0,1,1,0.9999222,0.010977928,0.005360595,-0.0025296127,0.0,0.0,0.0
365000.0,1,1,0.99992216,0.010986351,0.0053504067,-0.0025482923,0.0,0.0,0.0
365001.0,1,1,0.99992204,0.011001651,0.0053306953,-0.0025695222,0.0,0.0,0.0
365002.0,1,1,0.99992186,0.011019291,0.0053164857,-0.0025853007,0.0,0.0,0.0
365003.0,1,1,0.99992186,0.011027137,0.0052972143,-0.002598487,0.0,0.0,0.0
365004.0,1,1,0.99992174,0.011037703,0.0052859643,-0.0026115957,0.0,0.0,0.0
365005.0,1,1,0.9999216,0.011050743,0.005274185,-0.0026195594,0.0,0.0,0.0
365006.0,1,1,0.99992156,0.011059863,0.005265395,-0.0026300212,0.0,0.0,0.0
365007.0,1,1,0.9999215,0.011068429,0.0052495785,-0.0026403056,0.0,0.0,0.0
365008.0,1,1,0.9999214,0.011084657,0.005236563,-0.0026505545,0.0,0.0,0.0
365009.0,1,1,0.9999212,0.01109844,0.0052364487,-0.002660835,0.0,0.0,0.0
365010.0,1,1,0.9999211,0.011105046,0.0052411957,-0.002671164,0.0,0.0,0.0
365011.0,1,1,0.999921,0.01110647,0.0052430546,-0.002678898,0.0,0.0,0.0
365012.0,1,1,0.9999209,0.011117586,0.005242468,-0.002683909,0.0,0.0,0.0
365013.0,1,1,0.9999207,0.011133874,0.0052423733,-0.0026914787,0.0,0.0,0.0
365014.0,1,1,0.9999206,0.011147389,0.0052347016,-0.0026963435,0.0,0.0,0.0
365015.0,1,1,0.9999204,0.011160951,0.005232195,-0.0027039014,0.0,0.0,0.0
365016.0,1,1,0.99992025,0.011171953,0.0052343723,-0.0027115855,0.0,0.0,0.0
365017.0,1,1,0.9999201,0.011180161,0.00523633,-0.0027219635,0.0,0.0,0.0
365018.0,1,1,0.99992,0.011185875,0.00523867,-0.0027295982,0.0,0.0,0.0
365019.0,1,1,0.99991995,0.011193938,0.005234337,-0.002737059,0.0,0.0,0.0
365020.0,1,1,0.9999197,0.011214413,0.0052301856,-0.0027471257,0.0,0.0,0.0
365021.0,1,1,0.9999195,0.011231996,0.005233804,-0.0027571463,0.0,0.0,0.0
365022.0,1,1,0.99991924,0.011241887,0.005247127,-0.0027698332,0.0,0.0,0.0
365023.0,1,1,0.99991906,0.011242378,0.005270307,-0.0027799187,0.0,0.0,0.0
365024.0,1,1,0.9999188,0.011250306,0.0053059277,-0.0027873914,0.0,0.0,0.0
365025.0,1,1,0.9999186,0.011257893,0.005333405,-0.0027975158,0.0,0.0,0.0
365026.0,1,1,0.9999183,0.011262845,0.00535548,-0.0028076628,0.0,0.0,0.0
365027.0,1,1,0.99991804,0.011270441,0.0053851176,-0.0028178017,0.0,0.0,0.0
365028.0,1,1,0.9999178,0.011280214,0.005408872,-0.0028279976,0.0,0.0,0.0
365029.0,1,1,0.99991757,0.011287159,0.005432513,-0.002832798,0.0,0.0,0.0
365030.0,1,1,0.9999173,0.011294269,0.005458562,-0.0028375927,0.0,0.0,0.0
365031.0,1,1,0.9999171,0.011299635,0.0054819942,-0.0028477155,0.0,0.0,0.0
365032.0,1,1,0.9999169,0.0113025475,0.00550789,-0.0028604814,0.0,0.0,0.0
365033.0,1,1,0.9999166,0.011313405,0.0055359784,-0.002867974,0.0,0.0,0.0
365034.0,1,1,0.9999164,0.011320808,0.0055633695,-0.0028781863,0.0,0.0,0.0
365035.0,1,1,0.99991614,0.011328699,0.005585209,-0.002893836,0.0,0.0,0.0
365036.0,1,1,0.9999157,0.011348593,0.005591511,-0.0029067704,0.0,0.0,0.0
365037.0,1,1,0.9999155,0.011367521,0.0055981046,-0.002916834,0.0,0.0,0.0
365038.0,1,1,0.9999152,0.011383699,0.005614175,-0.002927052,0.0,0.0,0.0
365039.0,1,1,0.99991477,0.01139641,0.0056521613,-0.0029402862,0.0,0.0,0.0
365040.0,1,1,0.9999144,0.011409337,0.005681547,-0.0029562656,0.0,0.0,0.0
365041.0,1,1,0.99991417,0.011419166,0.005693229,-0.0029667658,0.0,0.0,0.0
365042.0,1,1,0.9999141,0.011431291,0.005685406,-0.0029798108,0.0,0.0,0.0
365043.0,1,1,0.99991393,0.011450334,0.0056709284,-0.0029927266,0.0,0.0,0.0
365044.0,1,1,0.9999137,0.011468891,0.0056662224,-0.003002936,0.0,0.0,0.0
365045.0,1,1,0.9999135,0.011482025,0.005666386,-0.0030078436,0.0,0.0,0.0
365046.0,1,1,0.99991333,0.01149485,0.0056639365,-0.0030180905,0.0,0.0,0.0
365047.0,1,1,0.99991316,0.011504858,0.005666557,-0.003025655,0.0,0.0,0.0
365048.0,1,1,0.99991316,0.011512054,0.005663951,-0.0030278736,0.0,0.0,0.0
365049.0,1,1,0.99991304,0.011516591,0.0056694006,-0.0030326573,0.0,0.0,0.0
365050.0,1,1,0.99991286,0.011526561,0.005677237,-0.0030374874,0.0,0.0,0.0
365051.0,1,1,0.9999126,0.011542187,0.005690103,-0.0030397128,0.0,0.0,0.0
365052.0,1,1,0.9999123,0.011554938,0.005707657,-0.0030473368,0.0,0.0,0.0
365053.0,1,1,0.9999121,0.011572409,0.005716056,-0.0030524777,0.0,0.0,0.0
365054.0,1,1,0.99991184,0.011589564,0.005725212,-0.003057496,0.0,0.0,0.0
365055.0,1,1,0.99991167,0.011604205,0.0057271146,-0.0030624173,0.0,0.0,0.0
365056.0,1,1,0.9999115,0.0116187725,0.005721413,-0.0030700064,0.0,0.0,0.0
365057.0,1,1,0.9999113,0.011630405,0.005728652,-0.0030775152,0.0,0.0,0.0
365058.0,1,1,0.99991107,0.011639667,0.0057432107,-0.0030851222,0.0,0.0,0.0
365059.0,1,1,0.99991083,0.011647404,0.005762092,-0.003095503,0.0,0.0,0.0
365060.0,1,1,0.99991065,0.011652438,0.0057782223,-0.0031085985,0.0,0.0,0.0
365061.0,1,1,0.9999104,0.011661694,0.005794768,-0.0031215688,0.0,0.0,0.0
365062.0,1,1,0.9999101,0.011680963,0.0058057136,-0.0031319477,0.0,0.0,0.0
365063.0,1,1,0.9999097,0.011705115,0.005820905,-0.0031423825,0.0,0.0,0.0
365064.0,1,1,0.9999094,0.011719147,0.0058409134,-0.003152897,0.0,0.0,0.0
365065.0,1,1,0.9999091,0.011726373,0.0058527635,-0.0031635787,0.0,0.0,0.0
365066.0,1,1,0.99990886,0.011738366,0.005862158,-0.0031768542,0.0,0.0,0.0
365067.0,1,1,0.9999085,0.011761615,0.0058675893,-0.0031924685,0.0,0.0,0.0
365068.0,1,1,0.99990827,0.011783788,0.0058655543,-0.0032052598,0.0,0.0,0.0
365069.0,1,1,0.999908,0.01180543,0.005865837,-0.0032233906,0.0,0.0,0.0
365070.0,1,1,0.9999076,0.0118314,0.0058660847,-0.003238834,0.0,0.0,0.0
365071.0,1,1,0.9999073,0.011854235,0.0058613797,-0.0032488364,0.0,0.0,0.0
365072.0,1,1,0.99990714,0.011866472,0.005862332,-0.0032640428,0.0,0.0,0.0
365073.0,1,1,0.999907,0.011871877,0.0058655473,-0.0032820213,0.0,0.0,0.0
365074.0,1,1,0.99990696,0.01186498,0.005880222,-0.0032949178,0.0,0.0,0.0
365075.0,1,1,0.9999069,0.0118557615,0.0059046946,-0.003305208,0.0,0.0,0.0
365076.0,1,1,0.9999067,0.011854516,0.0059316563,-0.0033154965,0.0,0.0,0.0
365077.0,1,1,0.99990654,0.011856257,0.0059530223,-0.0033258707,0.0,0.0,0.0
365078.0,1,1,0.9999064,0.011853461,0.0059666946,-0.0033415856,0.0,0.0,0.0
365079.0,1,1,0.99990624,0.011847861,0.0059837573,-0.0033571515,0.0,0.0,0.0
365080.0,1,1,0.9999062,0.011849679,0.0059944787,-0.003364839,0.0,0.0,0.0
365081.0,1,1,0.999906,0.011862029,0.005997211,-0.0033780031,0.0,0.0,0.0
365082.0,1,1,0.9999057,0.011876534,0.0060099484,-0.0033938067,0.0,0.0,0.0
365083.0,1,1,0.9999054,0.011890944,0.0060274396,-0.0034070248,0.0,0.0,0.0
365084.0,1,1,0.9999051,0.011902777,0.0060421983,-0.0034256084,0.0,0.0,0.0
365085.0,1,1,0.9999048,0.011919308,0.006049161,-0.0034414607,0.0,0.0,0.0
365086.0,1,1,0.9999046,0.011932905,0.0060484502,-0.0034573085,0.0,0.0,0.0
365087.0,1,1,0.99990433,0.011946542,0.006047925,-0.0034731398,0.0,0.0,0.0
365088.0,1,1,0.9999042,0.011954144,0.006045691,-0.0034913616,0.0,0.0,0.0
365089.0,1,1,0.99990416,0.011961504,0.0060333796,-0.0035069066,0.0,0.0,0.0
365090.0,1,1,0.9999042,0.011960873,0.0060193045,-0.003519596,0.0,0.0,0.0
365091.0,1,1,0.99990433,0.011952483,0.006008078,-0.0035348784,0.0,0.0,0.0
365092.0,1,1,0.99990433,0.011944585,0.0060120067,-0.0035475814,0.0,0.0,0.0
365093.0,1,1,0.9999042,0.011944389,0.006023196,-0.0035603696,0.0,0.0,0.0
365094.0,1,1,0.9999041,0.011941076,0.0060374117,-0.0035782182,0.0,0.0,0.0
365095.0,1,1,0.9999041,0.011934869,0.006046523,-0.003590658,0.0,0.0,0.0
365096.0,1,1,0.9999041,0.011931544,0.006050157,-0.0036032046,0.0,0.0,0.0
365097.0,1,1,0.9999041,0.011925546,0.0060536866,-0.0036130769,0.0,0.0,0.0
365098.0,1,1,0.999904,0.011919282,0.00606245,-0.0036228593,0.0,0.0,0.0
365099.0,1,1,0.999904,0.011910963,0.006083804,-0.0036326628,0.0,0.0,0.0
365100.0,1,1,0.99990404,0.011892926,0.0061047855,-0.0036398962,0.0,0.0,0.0
365101.0,1,1,0.999904,0.011882734,0.006125685,-0.0036470816,0.0,0.0,0.0
365102.0,1,1,0.99990404,0.011862679,0.006151297,-0.003659658,0.0,0.0,0.0
365103.0,1,1,0.99990404,0.011845769,0.006178584,-0.0036669946,0.0,0.0,0.0
365104.0,1,1,0.9999041,0.01182447,0.006202994,-0.0036717008,0.0,0.0,0.0
365105.0,1,1,0.9999043,0.011803458,0.0062201554,-0.0036816986,0.0,0.0,0.0
365106.0,1,1,0.99990433,0.011786862,0.00623685,-0.003689028,0.0,0.0,0.0
365107.0,1,1,0.9999043,0.011778452,0.0062597254,-0.0036939466,0.0,0.0,0.0
365108.0,1,1,0.99990416,0.011770102,0.0062871533,-0.0037016612,0.0,0.0,0.0
365109.0,1,1,0.99990416,0.011751774,0.0063143116,-0.003709339,0.0,0.0,0.0
365110.0,1,1,0.9999043,0.011729168,0.0063313483,-0.0037223257,0.0,0.0,0.0
365111.0,1,1,0.99990433,0.011717204,0.006340879,-0.003724544,0.0,0.0,0.0
365112.0,1,1,0.9999043,0.011712208,0.006350287,-0.0037347341,0.0,0.0,0.0
365113.0,1,1,0.99990404,0.011719805,0.0063646394,-0.0037475843,0.0,0.0,0.0
365114.0,1,1,0.99990404,0.011709168,0.006381509,-0.003757665,0.0,0.0,0.0
365115.0,1,1,0.9999041,0.011696368,0.006392907,-0.003767874,0.0,0.0,0.0
365116.0,1,1,0.99990404,0.011688573,0.006414661,-0.0037725857,0.0,0.0,0.0
365117.0,1,1,0.999904,0.011680842,0.0064312126,-0.0037826363,0.0,0.0,0.0
365118.0,1,1,0.9999039,0.011672956,0.006445863,-0.0037952221,0.0,0.0,0.0
365119.0,1,1,0.99990386,0.011665142,0.0064629125,-0.003802446,0.0,0.0,0.0
365120.0,1,1,0.9999038,0.01165507,0.006486937,-0.0038123748,0.0,0.0,0.0
365121.0,1,1,0.9999037,0.011647495,0.0065186825,-0.0038194887,0.0,0.0,0.0
365122.0,1,1,0.99990356,0.01163977,0.006547462,-0.0038266026,0.0,0.0,0.0
365123.0,1,1,0.99990344,0.011634617,0.006571193,-0.0038337253,0.0,0.0,0.0
365124.0,1,1,0.99990314,0.011632206,0.006599314,-0.0038462365,0.0,0.0,0.0
365125.0,1,1,0.99990314,0.011619912,0.0066290284,-0.0038535702,0.0,0.0,0.0
365126.0,1,1,0.999903,0.011611649,0.00666087,-0.003858424,0.0,0.0,0.0
365127.0,1,1,0.9999029,0.011602921,0.0066897697,-0.0038632653,0.0,0.0,0.0
365128.0,1,1,0.9999027,0.011594979,0.006723534,-0.0038707957,0.0,0.0,0.0
365129.0,1,1,0.9999025,0.011587324,0.006762101,-0.0038810153,0.0,0.0,0.0
365130.0,1,1,0.99990225,0.011584814,0.0067968178,-0.0038859954,0.0,0.0,0.0
365131.0,1,1,0.9999021,0.011574473,0.0068320134,-0.0038881712,0.0,0.0,0.0
365132.0,1,1,0.99990207,0.011564087,0.006851556,-0.0038930203,0.0,0.0,0.0
365133.0,1,1,0.9999021,0.011551007,0.006868308,-0.0039004984,0.0,0.0,0.0
365134.0,1,1,0.9999021,0.0115399165,0.0068849097,-0.0039052677,0.0,0.0,0.0
365135.0,1,1,0.99990207,0.011536302,0.0069012763,-0.0039073178,0.0,0.0,0.0
365136.0,1,1,0.999902,0.011532666,0.0069149584,-0.003914697,0.0,0.0,0.0
365137.0,1,1,0.99990207,0.011514274,0.0069285124,-0.003924773,0.0,0.0,0.0
365138.0,1,1,0.9999021,0.011496428,0.006946501,-0.0039270013,0.0,0.0,0.0
365139.0,1,1,0.99990207,0.011481776,0.006964156,-0.0039293384,0.0,0.0,0.0
365140.0,1,1,0.99990225,0.011464743,0.0069739176,-0.0039343955,0.0,0.0,0.0
365141.0,1,1,0.99990237,0.011450217,0.0069791335,-0.003944581,0.0,0.0,0.0
365142.0,1,1,0.99990237,0.011447803,0.006978958,-0.003957425,0.0,0.0,0.0
365143.0,1,1,0.9999021,0.011453093,0.0069858353,-0.0039650956,0.0,0.0,0.0
365144.0,1,1,0.99990195,0.011458638,0.0070021716,-0.0039728372,0.0,0.0,0.0
365145.0,1,1,0.9999017,0.011469504,0.0070137456,-0.0039806273,0.0,0.0,0.0
365146.0,1,1,0.99990153,0.011482717,0.0070178495,-0.003988333,0.0,0.0,0.0
365147.0,1,1,0.9999015,0.011485454,0.007019907,-0.003998501,0.0,0.0,0.0
365148.0,1,1,0.9999014,0.0114835845,0.0070218975,-0.0040113972,0.0,0.0,0.0
365149.0,1,1,0.99990135,0.011480903,0.007031309,-0.00402427,0.0,0.0,0.0
365150.0,1,1,0.99990124,0.011477958,0.0070432927,-0.0040397546,0.0,0.0,0.0
365151.0,1,1,0.9999012,0.011475093,0.0070485207,-0.0040524392,0.0,0.0,0.0
365152.0,1,1,0.9999011,0.011474427,0.0070463642,-0.0040676473,0.0,0.0,0.0
365153.0,1,1,0.999901,0.011476258,0.0070544016,-0.0040828446,0.0,0.0,0.0
365154.0,1,1,0.9999009,0.011467988,0.0070745274,-0.004098024,0.0,0.0,0.0
365155.0,1,1,0.99990076,0.01144955,0.007107168,-0.004115908,0.0,0.0,0.0
365156.0,1,1,0.9999007,0.01142858,0.0071369894,-0.0041337297,0.0,0.0,0.0
365157.0,1,1,0.9999007,0.011408517,0.0071613705,-0.0041489275,0.0,0.0,0.0
365158.0,1,1,0.9999006,0.011395456,0.0071882834,-0.0041639656,0.0,0.0,0.0
365159.0,1,1,0.9999004,0.011387193,0.0072158333,-0.004176177,0.0,0.0,0.0
365160.0,1,1,0.9999003,0.011376614,0.007251057,-0.004185587,0.0,0.0,0.0
365161.0,1,1,0.9999001,0.011363952,0.0072879703,-0.0041977507,0.0,0.0,0.0
365162.0,1,1,0.9998999,0.011349218,0.0073269187,-0.0042099846,0.0,0.0,0.0
365163.0,1,1,0.9998998,0.011331954,0.0073654945,-0.004224855,0.0,0.0,0.0
365164.0,1,1,0.9998996,0.011314942,0.0074083707,-0.004237184,0.0,0.0,0.0
365165.0,1,1,0.99989927,0.011298346,0.0074635926,-0.004246835,0.0,0.0,0.0
365166.0,1,1,0.9998991,0.011274635,0.0075252615,-0.0042591235,0.0,0.0,0.0
365167.0,1,1,0.99989885,0.011258383,0.007578485,-0.0042688325,0.0,0.0,0.0
365168.0,1,1,0.9998985,0.011247486,0.0076364833,-0.004283886,0.0,0.0,0.0
365169.0,1,1,0.99989814,0.011239061,0.0076853577,-0.004296341,0.0,0.0,0.0
365170.0,1,1,0.9998979,0.011225609,0.007731383,-0.004311501,0.0,0.0,0.0
365171.0,1,1,0.99989766,0.011209794,0.0077767945,-0.004323993,0.0,0.0,0.0
365172.0,1,1,0.9998975,0.011194153,0.007816728,-0.004336496,0.0,0.0,0.0
365173.0,1,1,0.99989736,0.011178443,0.007846779,-0.0043515605,0.0,0.0,0.0
365174.0,1,1,0.9998973,0.0111531755,0.007869057,-0.004369247,0.0,0.0,0.0
365175.0,1,1,0.9998971,0.01113393,0.007913476,-0.0043843593,0.0,0.0,0.0
365176.0,1,1,0.99989706,0.011109801,0.007948839,-0.004397063,0.0,0.0,0.0
365177.0,1,1,0.999897,0.011083891,0.0079860985,-0.004407292,0.0,0.0,0.0
365178.0,1,1,0.9998968,0.011065873,0.008027872,-0.0044175456,0.0,0.0,0.0
365179.0,1,1,0.99989665,0.011055293,0.008061589,-0.0044277054,0.0,0.0,0.0
365180.0,1,1,0.9998965,0.011049863,0.008074662,-0.004440532,0.0,0.0,0.0
365181.0,1,1,0.9998966,0.0110394675,0.008075818,-0.004453253,0.0,0.0,0.0
365182.0,1,1,0.9998967,0.011028815,0.008071997,-0.004465891,0.0,0.0,0.0
365183.0,1,1,0.9998967,0.011022588,0.008070375,-0.004481247,0.0,0.0,0.0
365184.0,1,1,0.9998966,0.0110215,0.008081402,-0.004493913,0.0,0.0,0.0
365185.0,1,1,0.9998964,0.011015427,0.008101727,-0.004512001,0.0,0.0,0.0
365186.0,1,1,0.9998962,0.011005426,0.008129424,-0.0045248615,0.0,0.0,0.0
365187.0,1,1,0.99989605,0.010995341,0.008154217,-0.004540345,0.0,0.0,0.0
365188.0,1,1,0.9998959,0.0109899845,0.008171258,-0.0045558317,0.0,0.0,0.0
365189.0,1,1,0.99989575,0.010987093,0.008179023,-0.004571153,0.0,0.0,0.0
365190.0,1,1,0.9998957,0.010984276,0.008184381,-0.0045810407,0.0,0.0,0.0
365191.0,1,1,0.9998956,0.010978745,0.008197065,-0.004598971,0.0,0.0,0.0
365192.0,1,1,0.99989545,0.01097067,0.008218899,-0.0046143313,0.0,0.0,0.0
365193.0,1,1,0.9998952,0.010964964,0.008245114,-0.004627057,0.0,0.0,0.0
365194.0,1,1,0.99989504,0.010959561,0.008263307,-0.0046452424,0.0,0.0,0.0
365195.0,1,1,0.9998949,0.010947168,0.008284223,-0.0046633477,0.0,0.0,0.0
365196.0,1,1,0.99989486,0.0109349135,0.008302228,-0.0046788133,0.0,0.0,0.0
365197.0,1,1,0.9998949,0.0109177735,0.008309667,-0.0046916604,0.0,0.0,0.0
365198.0,1,1,0.99989504,0.010895961,0.008319967,-0.004704472,0.0,0.0,0.0
365199.0,1,1,0.999895,0.010876543,0.008332776,-0.004717196,0.0,0.0,0.0
365200.0,1,1,0.999895,0.010864261,0.008347939,-0.0047298516,0.0,0.0,0.0
365201.0,1,1,0.999895,0.010852661,0.0083558345,-0.004742547,0.0,0.0,0.0
365202.0,1,1,0.999895,0.010843139,0.0083637405,-0.0047498285,0.0,0.0,0.0
365203.0,1,1,0.9998949,0.010838736,0.008371302,-0.0047598328,0.0,0.0,0.0
365204.0,1,1,0.9998949,0.010831988,0.008376374,-0.004769832,0.0,0.0,0.0
365205.0,1,1,0.99989504,0.010811013,0.008384201,-0.004782549,0.0,0.0,0.0
365206.0,1,1,0.9998952,0.010787867,0.008384191,-0.004792649,0.0,0.0,0.0
365207.0,1,1,0.99989533,0.010772495,0.008386286,-0.0048001404,0.0,0.0,0.0
365208.0,1,1,0.99989533,0.010762256,0.008392816,-0.004810301,0.0,0.0,0.0
365209.0,1,1,0.99989533,0.010749852,0.0084019285,-0.004825829,0.0,0.0,0.0
365210.0,1,1,0.9998954,0.010735068,0.00840332,-0.004838684,0.0,0.0,0.0
365211.0,1,1,0.9998955,0.0107172085,0.008402564,-0.0048515056,0.0,0.0,0.0
365212.0,1,1,0.9998955,0.010706932,0.008404349,-0.0048694997,0.0,0.0,0.0
365213.0,1,1,0.9998955,0.010702216,0.008403376,-0.0048876638,0.0,0.0,0.0
365214.0,1,1,0.9998956,0.0106876725,0.008407061,-0.0049031954,0.0,0.0,0.0
365215.0,1,1,0.9998957,0.010670927,0.008406187,-0.004918776,0.0,0.0,0.0
365216.0,1,1,0.9998958,0.0106596025,0.00840024,-0.004931675,0.0,0.0,0.0
365217.0,1,1,0.9998958,0.010648217,0.008402163,-0.0049471837,0.0,0.0,0.0
365218.0,1,1,0.99989575,0.010637266,0.008413592,-0.0049627605,0.0,0.0,0.0
365219.0,1,1,0.9998957,0.010626907,0.008427166,-0.0049784984,0.0,0.0,0.0
365220.0,1,1,0.99989563,0.010613685,0.008440292,-0.004991568,0.0,0.0,0.0
365221.0,1,1,0.99989563,0.010600173,0.008450911,-0.005004512,0.0,0.0,0.0
365222.0,1,1,0.9998956,0.010594232,0.008456392,-0.00501472,0.0,0.0,0.0
365223.0,1,1,0.99989545,0.010593576,0.0084645,-0.0050248876,0.0,0.0,0.0
365224.0,1,1,0.9998953,0.010595353,0.00847747,-0.0050404468,0.0,0.0,0.0
365225.0,1,1,0.9998952,0.010589414,0.008484959,-0.0050506745,0.0,0.0,0.0
365226.0,1,1,0.9998952,0.010581293,0.008490163,-0.0050609,0.0,0.0,0.0
365227.0,1,1,0.9998951,0.010576073,0.008494962,-0.0050685727,0.0,0.0,0.0
365228.0,1,1,0.9998951,0.01056588,0.008512356,-0.0050736093,0.0,0.0,0.0
365229.0,1,1,0.999895,0.010555767,0.008529471,-0.0050840317,0.0,0.0,0.0
365230.0,1,1,0.99989486,0.010550989,0.00854426,-0.0050943657,0.0,0.0,0.0
365231.0,1,1,0.9998948,0.010546148,0.008554026,-0.005101924,0.0,0.0,0.0
365232.0,1,1,0.9998948,0.010543893,0.008555903,-0.0051122135,0.0,0.0,0.0
365233.0,1,1,0.9998947,0.010546727,0.008560128,-0.005122525,0.0,0.0,0.0
365234.0,1,1,0.9998946,0.010546991,0.00855941,-0.0051354826,0.0,0.0,0.0
365235.0,1,1,0.9998945,0.010547448,0.008563757,-0.0051484765,0.0,0.0,0.0
365236.0,1,1,0.99989426,0.010547972,0.008578118,-0.0051641935,0.0,0.0,0.0
365237.0,1,1,0.9998942,0.01054076,0.008584361,-0.00517726,0.0,0.0,0.0
365238.0,1,1,0.9998942,0.010536184,0.008585605,-0.005190334,0.0,0.0,0.0
365239.0,1,1,0.99989414,0.010541844,0.00858445,-0.00519799,0.0,0.0,0.0
365240.0,1,1,0.999894,0.010539261,0.008581653,-0.005208133,0.0,0.0,0.0
365241.0,1,1,0.99989396,0.010541864,0.008588564,-0.0052182614,0.0,0.0,0.0
365242.0,1,1,0.9998938,0.010541429,0.008597618,-0.0052337376,0.0,0.0,0.0
365243.0,1,1,0.9998937,0.01053613,0.008606576,-0.0052492246,0.0,0.0,0.0
365244.0,1,1,0.9998936,0.010531214,0.008615702,-0.005262063,0.0,0.0,0.0
365245.0,1,1,0.99989355,0.010531286,0.008615158,-0.0052694827,0.0,0.0,0.0
365246.0,1,1,0.9998935,0.010532973,0.008614676,-0.005279471,0.0,0.0,0.0
365247.0,1,1,0.9998934,0.010532143,0.008618494,-0.0052868463,0.0,0.0,0.0
365248.0,1,1,0.99989337,0.010529251,0.008620369,-0.005296877,0.0,0.0,0.0
365249.0,1,1,0.99989337,0.010526125,0.008620522,-0.0053066667,0.0,0.0,0.0
365250.0,1,1,0.99989337,0.01052024,0.008623163,-0.0053190817,0.0,0.0,0.0
365251.0,1,1,0.9998933,0.01050721,0.008637501,-0.0053343726,0.0,0.0,0.0
365252.0,1,1,0.99989337,0.010484451,0.008653756,-0.005347157,0.0,0.0,0.0
365253.0,1,1,0.99989325,0.010469719,0.008664495,-0.0053600078,0.0,0.0,0.0
365254.0,1,1,0.9998932,0.010460019,0.008682362,-0.0053728754,0.0,0.0,0.0
365255.0,1,1,0.9998932,0.010445326,0.008697602,-0.005380406,0.0,0.0,0.0
365256.0,1,1,0.9998932,0.0104335565,0.008705403,-0.0053932737,0.0,0.0,0.0
365257.0,1,1,0.99989325,0.010421504,0.008702841,-0.005408781,0.0,0.0,0.0
365258.0,1,1,0.99989325,0.010414472,0.008702893,-0.0054241307,0.0,0.0,0.0
365259.0,1,1,0.9998932,0.010407682,0.008706262,-0.005439495,0.0,0.0,0.0
365260.0,1,1,0.99989325,0.01039588,0.008707133,-0.0054521603,0.0,0.0,0.0
365261.0,1,1,0.9998932,0.010384237,0.008715094,-0.0054675317,0.0,0.0,0.0
365262.0,1,1,0.9998931,0.0103727365,0.008722937,-0.005482868,0.0,0.0,0.0
365263.0,1,1,0.99989307,0.01036873,0.008728698,-0.0054954714,0.0,0.0,0.0
365264.0,1,1,0.999893,0.0103621725,0.008738822,-0.005508101,0.0,0.0,0.0
365265.0,1,1,0.99989283,0.010351155,0.008761527,-0.0055208215,0.0,0.0,0.0
365266.0,1,1,0.9998929,0.010330197,0.008776069,-0.0055310177,0.0,0.0,0.0
365267.0,1,1,0.99989295,0.010312087,0.00878287,-0.0055412017,0.0,0.0,0.0
365268.0,1,1,0.99989295,0.010296825,0.008792673,-0.0055512767,0.0,0.0,0.0
365269.0,1,1,0.999893,0.010281706,0.008800395,-0.0055613243,0.0,0.0,0.0
365270.0,1,1,0.99989295,0.010266494,0.008815273,-0.005571298,0.0,0.0,0.0
365271.0,1,1,0.99989295,0.010249297,0.008829629,-0.0055840844,0.0,0.0,0.0
365272.0,1,1,0.99989283,0.0102330595,0.008853869,-0.005594313,0.0,0.0,0.0
365273.0,1,1,0.9998926,0.0102236485,0.008888109,-0.005604447,0.0,0.0,0.0
365274.0,1,1,0.99989235,0.010219149,0.00891181,-0.005614443,0.0,0.0,0.0
365275.0,1,1,0.9998923,0.010209266,0.008925289,-0.005624352,0.0,0.0,0.0
365276.0,1,1,0.9998921,0.010209871,0.008935708,-0.005637058,0.0,0.0,0.0
365277.0,1,1,0.9998919,0.010210563,0.008951388,-0.005649726,0.0,0.0,0.0
365278.0,1,1,0.9998917,0.010206328,0.008966876,-0.005659779,0.0,0.0,0.0
365279.0,1,1,0.9998916,0.010197026,0.008984648,-0.005675126,0.0,0.0,0.0
365280.0,1,1,0.9998914,0.010185138,0.009004503,-0.005693193,0.0,0.0,0.0
365281.0,1,1,0.9998912,0.010173676,0.009029067,-0.005708707,0.0,0.0,0.0
365282.0,1,1,0.99989116,0.010162729,0.0090429215,-0.0057190605,0.0,0.0,0.0
365283.0,1,1,0.99989104,0.010151925,0.009059784,-0.0057345787,0.0,0.0,0.0
365284.0,1,1,0.99989086,0.010148696,0.009073534,-0.0057501835,0.0,0.0,0.0
365285.0,1,1,0.9998907,0.010150541,0.00908417,-0.0057658516,0.0,0.0,0.0
365286.0,1,1,0.9998905,0.010147222,0.009087823,-0.0057813427,0.0,0.0,0.0
365287.0,1,1,0.9998905,0.010146599,0.009087191,-0.005794098,0.0,0.0,0.0
365288.0,1,1,0.9998905,0.010150917,0.009078503,-0.005801554,0.0,0.0,0.0
365289.0,1,1,0.9998904,0.010157687,0.009076694,-0.0058090687,0.0,0.0,0.0
365290.0,1,1,0.99989015,0.010164338,0.009087715,-0.005819211,0.0,0.0,0.0
365291.0,1,1,0.9998899,0.0101781245,0.0090884315,-0.0058319336,0.0,0.0,0.0
365292.0,1,1,0.9998898,0.010188304,0.009087256,-0.005839211,0.0,0.0,0.0
365293.0,1,1,0.99988943,0.010196618,0.009111363,-0.005849095,0.0,0.0,0.0
365294.0,1,1,0.9998891,0.010202531,0.009136946,-0.005861937,0.0,0.0,0.0
365295.0,1,1,0.9998888,0.010203441,0.009159907,-0.005877327,0.0,0.0,0.0
365296.0,1,1,0.9998887,0.010191966,0.009175182,-0.005887467,0.0,0.0,0.0
365297.0,1,1,0.99988854,0.01018338,0.009185178,-0.0059003537,0.0,0.0,0.0
365298.0,1,1,0.99988836,0.010182109,0.009205691,-0.0059103603,0.0,0.0,0.0
365299.0,1,1,0.999888,0.010185875,0.009233449,-0.005923084,0.0,0.0,0.0
365300.0,1,1,0.9998877,0.010182031,0.009264799,-0.005930527,0.0,0.0,0.0
365301.0,1,1,0.9998875,0.010175697,0.009286193,-0.0059353686,0.0,0.0,0.0
365302.0,1,1,0.99988747,0.010154763,0.009310198,-0.005948206,0.0,0.0,0.0
365303.0,1,1,0.9998874,0.01013432,0.009334165,-0.005958364,0.0,0.0,0.0
365304.0,1,1,0.99988735,0.010116473,0.009350394,-0.0059684934,0.0,0.0,0.0
365305.0,1,1,0.99988717,0.010103473,0.009369248,-0.0059758737,0.0,0.0,0.0
365306.0,1,1,0.999887,0.010097965,0.009392952,-0.0059831776,0.0,0.0,0.0
365307.0,1,1,0.99988675,0.010092374,0.009421095,-0.0059905257,0.0,0.0,0.0
365308.0,1,1,0.9998865,0.010082073,0.009456992,-0.005995179,0.0,0.0,0.0
365309.0,1,1,0.9998862,0.010071403,0.0094924625,-0.006007777,0.0,0.0,0.0
365310.0,1,1,0.99988586,0.010056107,0.009532025,-0.0060258335,0.0,0.0,0.0
365311.0,1,1,0.9998857,0.010029259,0.009571068,-0.006041385,0.0,0.0,0.0
365312.0,1,1,0.99988556,0.010008043,0.009599309,-0.0060543767,0.0,0.0,0.0
365313.0,1,1,0.9998853,0.010001272,0.009620039,-0.006072561,0.0,0.0,0.0
365314.0,1,1,0.99988496,0.010002094,0.009647331,-0.006090819,0.0,0.0,0.0
365315.0,1,1,0.9998846,0.009993292,0.009683809,-0.006104053,0.0,0.0,0.0
365316.0,1,1,0.9998845,0.009972598,0.009711571,-0.006117288,0.0,0.0,0.0
365317.0,1,1,0.99988425,0.009961038,0.009724756,-0.0061329952,0.0,0.0,0.0
365318.0,1,1,0.9998841,0.009966653,0.0097260205,-0.006148445,0.0,0.0,0.0
365319.0,1,1,0.99988407,0.009966961,0.009722041,-0.0061612143,0.0,0.0,0.0
365320.0,1,1,0.99988407,0.009964787,0.009722863,-0.006171413,0.0,0.0,0.0
365321.0,1,1,0.99988395,0.00996261,0.009726601,-0.006186843,0.0,0.0,0.0
365322.0,1,1,0.99988395,0.00995046,0.009730286,-0.006202312,0.0,0.0,0.0
365323.0,1,1,0.99988395,0.009933699,0.009736491,-0.006215208,0.0,0.0,0.0
365324.0,1,1,0.99988395,0.009922337,0.009745104,-0.006225468,0.0,0.0,0.0
365325.0,1,1,0.9998839,0.009905883,0.009760401,-0.0062384414,0.0,0.0,0.0
365326.0,1,1,0.9998837,0.009889699,0.009785827,-0.0062514096,0.0,0.0,0.0
365327.0,1,1,0.99988365,0.009873393,0.009798323,-0.006264299,0.0,0.0,0.0
365328.0,1,1,0.99988365,0.009859818,0.009806658,-0.006277089,0.0,0.0,0.0
365329.0,1,1,0.9998837,0.009841369,0.009807343,-0.0062925555,0.0,0.0,0.0
365330.0,1,1,0.9998838,0.009825544,0.009805108,-0.00630806,0.0,0.0,0.0
365331.0,1,1,0.99988383,0.009812512,0.009804958,-0.0063183396,0.0,0.0,0.0
365332.0,1,1,0.9998838,0.009802034,0.00981471,-0.0063312086,0.0,0.0,0.0
365333.0,1,1,0.9998838,0.009789428,0.009821687,-0.0063415207,0.0,0.0,0.0
365334.0,1,1,0.9998839,0.0097697405,0.009821499,-0.006354483,0.0,0.0,0.0
365335.0,1,1,0.99988395,0.009754588,0.009821262,-0.006370048,0.0,0.0,0.0
365336.0,1,1,0.99988395,0.009744687,0.009823622,-0.0063829785,0.0,0.0,0.0
365337.0,1,1,0.99988395,0.009737261,0.009823176,-0.00639584,0.0,0.0,0.0
365338.0,1,1,0.9998839,0.009735217,0.009822464,-0.0064088283,0.0,0.0,0.0
365339.0,1,1,0.99988395,0.009725762,0.009821857,-0.006419187,0.0,0.0,0.0
365340.0,1,1,0.999884,0.009711894,0.009824233,-0.00642945,0.0,0.0,0.0
365341.0,1,1,0.999884,0.009700028,0.009818994,-0.0064397035,0.0,0.0,0.0
365342.0,1,1,0.99988407,0.009690864,0.009821066,-0.006444647,0.0,0.0,0.0
365343.0,1,1,0.99988395,0.009692257,0.009827291,-0.0064523937,0.0,0.0,0.0
365344.0,1,1,0.99988383,0.009691301,0.009835813,-0.0064602573,0.0,0.0,0.0
365345.0,1,1,0.9998838,0.0096825175,0.009841464,-0.00647347,0.0,0.0,0.0
365346.0,1,1,0.99988383,0.009677251,0.009836869,-0.0064814524,0.0,0.0,0.0
365347.0,1,1,0.99988383,0.009684425,0.009821923,-0.006492172,0.0,0.0,0.0
365348.0,1,1,0.9998839,0.00969388,0.0097991945,-0.006500247,0.0,0.0,0.0
365349.0,1,1,0.99988395,0.009700224,0.00977521,-0.006513448,0.0,0.0,0.0
365350.0,1,1,0.9998841,0.0097062355,0.009744153,-0.006526538,0.0,0.0,0.0
365351.0,1,1,0.9998844,0.009714474,0.00970572,-0.0065342495,0.0,0.0,0.0
365352.0,1,1,0.99988467,0.009720119,0.009670386,-0.0065445863,0.0,0.0,0.0
365353.0,1,1,0.9998847,0.0097283395,0.009637507,-0.0065576946,0.0,0.0,0.0
365354.0,1,1,0.9998847,0.0097391475,0.00962522,-0.0065708132,0.0,0.0,0.0
365355.0,1,1,0.99988455,0.009747515,0.009627894,-0.0065839533,0.0,0.0,0.0
365356.0,1,1,0.9998845,0.00974866,0.009622671,-0.0065999553,0.0,0.0,0.0
365357.0,1,1,0.99988455,0.009740357,0.009614905,-0.006610685,0.0,0.0,0.0
365358.0,1,1,0.9998845,0.009741745,0.009612491,-0.0066186734,0.0,0.0,0.0
365359.0,1,1,0.99988437,0.009750862,0.009607608,-0.006626653,0.0,0.0,0.0
365360.0,1,1,0.99988437,0.009757402,0.009592407,-0.0066373884,0.0,0.0,0.0
365361.0,1,1,0.9998843,0.0097613055,0.009582402,-0.0066508045,0.0,0.0,0.0
365362.0,1,1,0.9998843,0.009765962,0.009574945,-0.0066589504,0.0,0.0,0.0
365363.0,1,1,0.99988437,0.009772212,0.009554805,-0.006667031,0.0,0.0,0.0
365364.0,1,1,0.9998845,0.009780504,0.00952808,-0.0066802837,0.0,0.0,0.0
365365.0,1,1,0.9998846,0.009793614,0.009494141,-0.0066961395,0.0,0.0,0.0
365366.0,1,1,0.9998848,0.009801306,0.009463077,-0.006706611,0.0,0.0,0.0
365367.0,1,1,0.9998849,0.009801675,0.009434384,-0.0067146085,0.0,0.0,0.0
365368.0,1,1,0.99988496,0.009808242,0.009417836,-0.006725466,0.0,0.0,0.0
365369.0,1,1,0.99988496,0.009819437,0.009401085,-0.0067364285,0.0,0.0,0.0
365370.0,1,1,0.99988496,0.009834781,0.009375002,-0.006749861,0.0,0.0,0.0
365371.0,1,1,0.9998851,0.009847227,0.009342616,-0.006763021,0.0,0.0,0.0
365372.0,1,1,0.9998853,0.0098520005,0.009303921,-0.0067734336,0.0,0.0,0.0
365373.0,1,1,0.9998854,0.009861855,0.009265264,-0.0067892573,0.0,0.0,0.0
365374.0,1,1,0.99988544,0.009871362,0.009241397,-0.006805082,0.0,0.0,0.0
365375.0,1,1,0.9998854,0.009883504,0.009225034,-0.006821027,0.0,0.0,0.0
365376.0,1,1,0.9998854,0.009893055,0.009206571,-0.0068342555,0.0,0.0,0.0
365377.0,1,1,0.9998853,0.009902528,0.009193853,-0.006850045,0.0,0.0,0.0
365378.0,1,1,0.99988526,0.00991206,0.009181344,-0.006863159,0.0,0.0,0.0
365379.0,1,1,0.99988514,0.009919037,0.009163559,-0.006879103,0.0,0.0,0.0
365380.0,1,1,0.99988496,0.00993362,0.0091563305,-0.006892225,0.0,0.0,0.0
365381.0,1,1,0.9998848,0.009947771,0.009156508,-0.0069053713,0.0,0.0,0.0
365382.0,1,1,0.99988455,0.009959606,0.009158482,-0.006921349,0.0,0.0,0.0
365383.0,1,1,0.99988425,0.00997152,0.009165456,-0.006934702,0.0,0.0,0.0
365384.0,1,1,0.9998841,0.00998835,0.009151752,-0.0069481004,0.0,0.0,0.0
365385.0,1,1,0.9998841,0.0100018475,0.009129099,-0.0069612586,0.0,0.0,0.0
365386.0,1,1,0.9998841,0.010015276,0.009107021,-0.0069743446,0.0,0.0,0.0
365387.0,1,1,0.9998841,0.010021144,0.009089636,-0.006984947,0.0,0.0,0.0
365388.0,1,1,0.999884,0.010027099,0.009084457,-0.006998292,0.0,0.0,0.0
365389.0,1,1,0.99988383,0.010040421,0.009076628,-0.007016955,0.0,0.0,0.0
365390.0,1,1,0.9998837,0.010053482,0.009062402,-0.0070354505,0.0,0.0,0.0
365391.0,1,1,0.99988365,0.010068873,0.009040664,-0.007048598,0.0,0.0,0.0
365392.0,1,1,0.99988365,0.010079169,0.009021944,-0.0070590265,0.0,0.0,0.0
365393.0,1,1,0.99988353,0.010082226,0.009016042,-0.00707494,0.0,0.0,0.0
365394.0,1,1,0.9998835,0.0100707635,0.009022071,-0.0070883464,0.0,0.0,0.0
365395.0,1,1,0.99988353,0.010067213,0.009014796,-0.0071019013,0.0,0.0,0.0
365396.0,1,1,0.9998835,0.010078011,0.009001236,-0.007115165,0.0,0.0,0.0
365397.0,1,1,0.9998833,0.010092957,0.008985775,-0.0071361437,0.0,0.0,0.0
365398.0,1,1,0.9998831,0.010100326,0.008972713,-0.007151887,0.0,0.0,0.0
365399.0,1,1,0.9998831,0.010100312,0.0089622615,-0.007167727,0.0,0.0,0.0
365400.0,1,1,0.99988306,0.010107873,0.008946391,-0.0071890713,0.0,0.0,0.0
365401.0,1,1,0.99988294,0.010125009,0.008933216,-0.0072021703,0.0,0.0,0.0
365402.0,1,1,0.99988276,0.01014075,0.00892321,-0.0072203777,0.0,0.0,0.0
365403.0,1,1,0.9998827,0.010151306,0.008911038,-0.007230519,0.0,0.0,0.0
365404.0,1,1,0.9998826,0.010157649,0.008899136,-0.007248741,0.0,0.0,0.0
365405.0,1,1,0.99988246,0.010161831,0.008894917,-0.0072670765,0.0,0.0,0.0
365406.0,1,1,0.9998823,0.010168557,0.008898233,-0.007280065,0.0,0.0,0.0
365407.0,1,1,0.999882,0.010181879,0.008904186,-0.0072955796,0.0,0.0,0.0
365408.0,1,1,0.9998817,0.010189624,0.008902547,-0.0073136776,0.0,0.0,0.0
365409.0,1,1,0.9998816,0.010193162,0.008900911,-0.0073292092,0.0,0.0,0.0
365410.0,1,1,0.99988157,0.010186868,0.008904316,-0.0073421947,0.0,0.0,0.0
365411.0,1,1,0.9998815,0.010183376,0.008910032,-0.007349866,0.0,0.0,0.0
365412.0,1,1,0.9998814,0.010182217,0.008915663,-0.0073628733,0.0,0.0,0.0
365413.0,1,1,0.9998811,0.010186149,0.008921643,-0.0073784017,0.0,0.0,0.0
365414.0,1,1,0.99988097,0.010187534,0.008927692,-0.0073939473,0.0,0.0,0.0
365415.0,1,1,0.99988097,0.010186703,0.008921057,-0.007406842,0.0,0.0,0.0
365416.0,1,1,0.999881,0.010188571,0.008904781,-0.007417125,0.0,0.0,0.0
365417.0,1,1,0.9998809,0.010189936,0.008893769,-0.007429952,0.0,0.0,0.0
365418.0,1,1,0.99988085,0.010191168,0.008892522,-0.007440085,0.0,0.0,0.0
365419.0,1,1,0.9998808,0.010194788,0.008890909,-0.007444921,0.0,0.0,0.0
365420.0,1,1,0.9998807,0.01019798,0.008893888,-0.0074551273,0.0,0.0,0.0
365421.0,1,1,0.9998806,0.010191786,0.008894456,-0.007468203,0.0,0.0,0.0
365422.0,1,1,0.99988055,0.010187751,0.008897461,-0.007481106,0.0,0.0,0.0
365423.0,1,1,0.9998803,0.0101940185,0.008908132,-0.007494026,0.0,0.0,0.0
365424.0,1,1,0.99988014,0.010194767,0.008913633,-0.007512219,0.0,0.0,0.0
365425.0,1,1,0.9998801,0.0101931,0.00890908,-0.0075250673,0.0,0.0,0.0
365426.0,1,1,0.9998801,0.010191413,0.008902267,-0.0075351703,0.0,0.0,0.0
365427.0,1,1,0.9998801,0.010195016,0.008892758,-0.0075453604,0.0,0.0,0.0
365428.0,1,1,0.99988,0.01019344,0.008891066,-0.007555508,0.0,0.0,0.0
365429.0,1,1,0.9998799,0.0101891365,0.008902088,-0.0075656194,0.0,0.0,0.0
365430.0,1,1,0.9998797,0.0101851,0.008915344,-0.007575789,0.0,0.0,0.0
365431.0,1,1,0.9998794,0.010183957,0.008936163,-0.0075886715,0.0,0.0,0.0
365432.0,1,1,0.99987924,0.010187842,0.008946235,-0.007598955,0.0,0.0,0.0
365433.0,1,1,0.99987906,0.010193986,0.008953796,-0.0076064686,0.0,0.0,0.0
365434.0,1,1,0.99987894,0.01019718,0.008953659,-0.0076165865,0.0,0.0,0.0
365435.0,1,1,0.9998788,0.010195378,0.008953787,-0.007632036,0.0,0.0,0.0
365436.0,1,1,0.9998787,0.010193988,0.00895905,-0.007644883,0.0,0.0,0.0
365437.0,1,1,0.99987876,0.010177392,0.008961515,-0.0076551177,0.0,0.0,0.0
365438.0,1,1,0.9998789,0.010156741,0.008966944,-0.0076626507,0.0,0.0,0.0
365439.0,1,1,0.9998788,0.010141048,0.008980209,-0.007672836,0.0,0.0,0.0
365440.0,1,1,0.9998787,0.010140904,0.008990112,-0.007680477,0.0,0.0,0.0
365441.0,1,1,0.99987847,0.010142669,0.009002535,-0.007693303,0.0,0.0,0.0
365442.0,1,1,0.9998783,0.010141716,0.009011994,-0.0077035604,0.0,0.0,0.0
365443.0,1,1,0.9998782,0.010138335,0.0090186335,-0.0077137747,0.0,0.0,0.0
365444.0,1,1,0.9998781,0.010137622,0.009022763,-0.0077240323,0.0,0.0,0.0
365445.0,1,1,0.999878,0.010141868,0.009021778,-0.0077315806,0.0,0.0,0.0
365446.0,1,1,0.99987787,0.01014336,0.00902346,-0.0077417316,0.0,0.0,0.0
365447.0,1,1,0.9998777,0.010144941,0.009037541,-0.0077519673,0.0,0.0,0.0
365448.0,1,1,0.9998775,0.010136408,0.009058647,-0.0077622067,0.0,0.0,0.0
365449.0,1,1,0.9998774,0.010125298,0.009077602,-0.0077697462,0.0,0.0,0.0
365450.0,1,1,0.99987733,0.0101172235,0.0090861665,-0.0077746906,0.0,0.0,0.0
365451.0,1,1,0.9998773,0.0101120835,0.009095002,-0.0077796094,0.0,0.0,0.0
365452.0,1,1,0.9998772,0.010099445,0.009103879,-0.0077898563,0.0,0.0,0.0
365453.0,1,1,0.9998773,0.010090286,0.009109858,-0.0077922186,0.0,0.0,0.0
365454.0,1,1,0.99987715,0.010087963,0.009115946,-0.007799798,0.0,0.0,0.0
365455.0,1,1,0.9998771,0.010082601,0.009116843,-0.007812619,0.0,0.0,0.0
365456.0,1,1,0.99987704,0.010077192,0.009122711,-0.007825445,0.0,0.0,0.0
365457.0,1,1,0.99987686,0.010069432,0.009136097,-0.007840975,0.0,0.0,0.0
365458.0,1,1,0.9998767,0.010061741,0.009146533,-0.007859256,0.0,0.0,0.0
365459.0,1,1,0.99987656,0.010056648,0.009155894,-0.007872289,0.0,0.0,0.0
365460.0,1,1,0.99987644,0.010043898,0.009168656,-0.00788787,0.0,0.0,0.0
365461.0,1,1,0.99987644,0.010028868,0.0091739595,-0.007898072,0.0,0.0,0.0
365462.0,1,1,0.9998765,0.010021908,0.009169359,-0.0079082325,0.0,0.0,0.0
365463.0,1,1,0.99987656,0.010009751,0.009164976,-0.00792105,0.0,0.0,0.0
365464.0,1,1,0.99987644,0.010000129,0.0091755185,-0.007933856,0.0,0.0,0.0
365465.0,1,1,0.9998763,0.009992915,0.009188174,-0.007944008,0.0,0.0,0.0
365466.0,1,1,0.99987626,0.009986181,0.00919816,-0.007951552,0.0,0.0,0.0
365467.0,1,1,0.99987626,0.009974601,0.009205415,-0.007956525,0.0,0.0,0.0
365468.0,1,1,0.99987626,0.00995779,0.009212885,-0.007966704,0.0,0.0,0.0
365469.0,1,1,0.99987626,0.009941016,0.009220453,-0.0079795085,0.0,0.0,0.0
365470.0,1,1,0.9998762,0.009929476,0.009230517,-0.007992294,0.0,0.0,0.0
365471.0,1,1,0.99987614,0.009917897,0.009240487,-0.008005006,0.0,0.0,0.0
365472.0,1,1,0.99987614,0.009903746,0.009247467,-0.008015124,0.0,0.0,0.0
365473.0,1,1,0.99987596,0.00989255,0.009257136,-0.008027888,0.0,0.0,0.0
365474.0,1,1,0.9998759,0.00988132,0.009269616,-0.00804053,0.0,0.0,0.0
365475.0,1,1,0.9998759,0.009862636,0.009284407,-0.008050558,0.0,0.0,0.0
365476.0,1,1,0.99987584,0.009847706,0.009298588,-0.008060806,0.0,0.0,0.0
365477.0,1,1,0.99987584,0.00983056,0.009314301,-0.008065808,0.0,0.0,0.0
365478.0,1,1,0.9998757,0.009813546,0.009335035,-0.008078784,0.0,0.0,0.0
365479.0,1,1,0.99987555,0.009804416,0.009352992,-0.0080891,0.0,0.0,0.0
365480.0,1,1,0.9998755,0.009792781,0.009366259,-0.008096743,0.0,0.0,0.0
365481.0,1,1,0.9998754,0.009773173,0.009381824,-0.008106993,0.0,0.0,0.0
365482.0,1,1,0.9998753,0.009763581,0.009393902,-0.0081173135,0.0,0.0,0.0
365483.0,1,1,0.9998752,0.009756923,0.009403405,-0.008130342,0.0,0.0,0.0
365484.0,1,1,0.99987507,0.009751139,0.0094137015,-0.008143441,0.0,0.0,0.0
365485.0,1,1,0.9998749,0.00974276,0.009420395,-0.00815381,0.0,0.0,0.0
365486.0,1,1,0.99987483,0.009736371,0.00942942,-0.00816421,0.0,0.0,0.0
365487.0,1,1,0.9998747,0.009732425,0.009438102,-0.008174667,0.0,0.0,0.0
365488.0,1,1,0.99987465,0.009726057,0.009446631,-0.008182467,0.0,0.0,0.0
365489.0,1,1,0.99987453,0.009719655,0.009455298,-0.008195542,0.0,0.0,0.0
365490.0,1,1,0.9998745,0.009718038,0.009456844,-0.008205844,0.0,0.0,0.0
365491.0,1,1,0.9998744,0.009718863,0.009451056,-0.008216034,0.0,0.0,0.0
365492.0,1,1,0.9998744,0.00971766,0.009440494,-0.008228975,0.0,0.0,0.0
365493.0,1,1,0.9998744,0.009709143,0.009437799,-0.008244525,0.0,0.0,0.0
365494.0,1,1,0.99987435,0.009702687,0.009441916,-0.008257577,0.0,0.0,0.0
365495.0,1,1,0.9998742,0.009701331,0.009450389,-0.00826794,0.0,0.0,0.0
365496.0,1,1,0.99987406,0.009695183,0.009456552,-0.008283627,0.0,0.0,0.0
365497.0,1,1,0.99987394,0.009687334,0.009465055,-0.008296778,0.0,0.0,0.0
365498.0,1,1,0.99987376,0.009683949,0.009470664,-0.008304568,0.0,0.0,0.0
365499.0,1,1,0.99987364,0.0096880095,0.009471055,-0.008317692,0.0,0.0,0.0
365500.0,1,1,0.9998736,0.009692194,0.009466982,-0.008328121,0.0,0.0,0.0
365501.0,1,1,0.99987346,0.0096912505,0.009468112,-0.008341232,0.0,0.0,0.0
365502.0,1,1,0.99987334,0.00968601,0.0094761355,-0.008354443,0.0,0.0,0.0
365503.0,1,1,0.9998732,0.009680766,0.009481221,-0.008370382,0.0,0.0,0.0
365504.0,1,1,0.99987304,0.009675321,0.00948436,-0.008391495,0.0,0.0,0.0
365505.0,1,1,0.999873,0.00967427,0.009477844,-0.008409969,0.0,0.0,0.0
365506.0,1,1,0.9998729,0.009678352,0.009466347,-0.008425586,0.0,0.0,0.0
365507.0,1,1,0.999873,0.009680116,0.00945205,-0.008433389,0.0,0.0,0.0
365508.0,1,1,0.9998729,0.009676847,0.009447596,-0.008449242,0.0,0.0,0.0
365509.0,1,1,0.9998728,0.009679617,0.009445444,-0.008459862,0.0,0.0,0.0
365510.0,1,1,0.9998728,0.009679422,0.009436046,-0.008470454,0.0,0.0,0.0
365511.0,1,1,0.9998728,0.0096861,0.0094190715,-0.008483673,0.0,0.0,0.0
365512.0,1,1,0.99987274,0.009692757,0.00941017,-0.0084941415,0.0,0.0,0.0
365513.0,1,1,0.9998727,0.009694354,0.009400621,-0.008507374,0.0,0.0,0.0
365514.0,1,1,0.99987257,0.009694198,0.009391878,-0.008520634,0.0,0.0,0.0
365515.0,1,1,0.9998726,0.009694064,0.0093810335,-0.008533826,0.0,0.0,0.0
365516.0,1,1,0.9998726,0.009693625,0.009370439,-0.00854691,0.0,0.0,0.0
365517.0,1,1,0.9998725,0.009700108,0.009364574,-0.008560031,0.0,0.0,0.0
365518.0,1,1,0.9998722,0.009709388,0.00937109,-0.008578532,0.0,0.0,0.0
365519.0,1,1,0.999872,0.009711857,0.009377412,-0.008591797,0.0,0.0,0.0
365520.0,1,1,0.9998719,0.009706479,0.00937616,-0.008602367,0.0,0.0,0.0
365521.0,1,1,0.99987185,0.009708902,0.009372994,-0.008618245,0.0,0.0,0.0
365522.0,1,1,0.9998717,0.009710683,0.009376901,-0.0086314585,0.0,0.0,0.0
365523.0,1,1,0.99987143,0.00972528,0.009377709,-0.0086421035,0.0,0.0,0.0
365524.0,1,1,0.9998712,0.00974449,0.009368923,-0.00865534,0.0,0.0,0.0
365525.0,1,1,0.99987113,0.009758131,0.009350759,-0.008668363,0.0,0.0,0.0
365526.0,1,1,0.99987113,0.009771336,0.009324906,-0.008681392,0.0,0.0,0.0
365527.0,1,1,0.99987113,0.0097793285,0.009307058,-0.0086944075,0.0,0.0,0.0
365528.0,1,1,0.9998711,0.009782454,0.009297266,-0.008707399,0.0,0.0,0.0
365529.0,1,1,0.99987113,0.009778857,0.009284697,-0.008720583,0.0,0.0,0.0
365530.0,1,1,0.9998712,0.009775456,0.009269278,-0.00873124,0.0,0.0,0.0
365531.0,1,1,0.9998712,0.009776866,0.00925352,-0.008747287,0.0,0.0,0.0
365532.0,1,1,0.999871,0.009785055,0.009250052,-0.008760564,0.0,0.0,0.0
365533.0,1,1,0.9998708,0.009798202,0.00925193,-0.008771098,0.0,0.0,0.0
365534.0,1,1,0.99987066,0.009811122,0.00924428,-0.008781575,0.0,0.0,0.0
365535.0,1,1,0.99987054,0.009821269,0.009232195,-0.008794583,0.0,0.0,0.0
365536.0,1,1,0.9998706,0.009826299,0.009207748,-0.008807603,0.0,0.0,0.0
365537.0,1,1,0.99987054,0.009839057,0.009185784,-0.008826032,0.0,0.0,0.0
365538.0,1,1,0.9998704,0.009851626,0.009173494,-0.00883657,0.0,0.0,0.0
365539.0,1,1,0.99987024,0.009861366,0.009163862,-0.0088551,0.0,0.0,0.0
365540.0,1,1,0.9998702,0.009865914,0.009151895,-0.008870951,0.0,0.0,0.0
365541.0,1,1,0.9998701,0.009873126,0.009137809,-0.008884082,0.0,0.0,0.0
365542.0,1,1,0.99986994,0.009885476,0.009119265,-0.008897109,0.0,0.0,0.0
365543.0,1,1,0.99986994,0.009892922,0.009095362,-0.008915674,0.0,0.0,0.0
365544.0,1,1,0.99987006,0.009887398,0.009078831,-0.008931676,0.0,0.0,0.0
365545.0,1,1,0.9998703,0.0098836925,0.00904224,-0.008947519,0.0,0.0,0.0
365546.0,1,1,0.99987036,0.009885261,0.009015428,-0.008963091,0.0,0.0,0.0
365547.0,1,1,0.99987036,0.009884767,0.00900579,-0.0089761475,0.0,0.0,0.0
365548.0,1,1,0.9998701,0.009892148,0.009005752,-0.0089920275,0.0,0.0,0.0
365549.0,1,1,0.9998699,0.009894147,0.009015836,-0.009007741,0.0,0.0,0.0
365550.0,1,1,0.9998698,0.009899112,0.009010837,-0.009015599,0.0,0.0,0.0
365551.0,1,1,0.99986976,0.00990145,0.009001454,-0.009028668,0.0,0.0,0.0
365552.0,1,1,0.9998696,0.009908606,0.008997349,-0.009041644,0.0,0.0,0.0
365553.0,1,1,0.9998694,0.00991282,0.008997989,-0.009057298,0.0,0.0,0.0
365554.0,1,1,0.99986917,0.009914665,0.009006006,-0.009073044,0.0,0.0,0.0
365555.0,1,1,0.999869,0.009919421,0.009006424,-0.00908617,0.0,0.0,0.0
365556.0,1,1,0.99986887,0.00992668,0.0090019405,-0.009093912,0.0,0.0,0.0
365557.0,1,1,0.99986875,0.009931229,0.0089997435,-0.009101715,0.0,0.0,0.0
365558.0,1,1,0.9998686,0.0099332975,0.00900261,-0.009117568,0.0,0.0,0.0
365559.0,1,1,0.99986833,0.009937979,0.009005448,-0.009136098,0.0,0.0,0.0
365560.0,1,1,0.9998682,0.009945155,0.009004682,-0.009149419,0.0,0.0,0.0
365561.0,1,1,0.999868,0.009949474,0.009001906,-0.009162674,0.0,0.0,0.0
365562.0,1,1,0.99986786,0.00996388,0.008988839,-0.009175957,0.0,0.0,0.0
365563.0,1,1,0.99986774,0.009977814,0.008973455,-0.009194509,0.0,0.0,0.0
365564.0,1,1,0.99986756,0.009999266,0.00895057,-0.009210374,0.0,0.0,0.0
365565.0,1,1,0.99986744,0.01002332,0.008922933,-0.009223604,0.0,0.0,0.0
365566.0,1,1,0.99986726,0.010046913,0.008898018,-0.009242151,0.0,0.0,0.0
365567.0,1,1,0.999867,0.010070218,0.008880881,-0.009258025,0.0,0.0,0.0
365568.0,1,1,0.9998668,0.01009339,0.008869027,-0.009271225,0.0,0.0,0.0
365569.0,1,1,0.9998666,0.010110912,0.008852345,-0.009284358,0.0,0.0,0.0
365570.0,1,1,0.9998665,0.010133209,0.00883351,-0.009294718,0.0,0.0,0.0
365571.0,1,1,0.99986637,0.010147791,0.008817567,-0.009307758,0.0,0.0,0.0
365572.0,1,1,0.9998663,0.010157455,0.008801426,-0.009320955,0.0,0.0,0.0
365573.0,1,1,0.9998661,0.010164664,0.008798367,-0.009336785,0.0,0.0,0.0
365574.0,1,1,0.99986583,0.010166478,0.008797626,-0.00935533,0.0,0.0,0.0
365575.0,1,1,0.99986565,0.010173381,0.008801162,-0.009371227,0.0,0.0,0.0
365576.0,1,1,0.99986535,0.010182503,0.00880729,-0.009384405,0.0,0.0,0.0
365577.0,1,1,0.9998651,0.010191577,0.008806446,-0.0094002,0.0,0.0,0.0
365578.0,1,1,0.99986494,0.010203245,0.008798042,-0.009413353,0.0,0.0,0.0
365579.0,1,1,0.99986476,0.010214501,0.008789929,-0.009429058,0.0,0.0,0.0
365580.0,1,1,0.9998647,0.010222849,0.008771905,-0.009444686,0.0,0.0,0.0
365581.0,1,1,0.99986464,0.010226327,0.008759573,-0.009457623,0.0,0.0,0.0
365582.0,1,1,0.99986464,0.010225166,0.008747194,-0.009468008,0.0,0.0,0.0
365583.0,1,1,0.99986464,0.010223853,0.008737166,-0.009478442,0.0,0.0,0.0
365584.0,1,1,0.9998645,0.010227461,0.008737165,-0.009491545,0.0,0.0,0.0
365585.0,1,1,0.9998643,0.010228058,0.008744645,-0.009507266,0.0,0.0,0.0
365586.0,1,1,0.99986404,0.010241564,0.008749401,-0.00951499,0.0,0.0,0.0
365587.0,1,1,0.99986374,0.010254284,0.008756625,-0.009525357,0.0,0.0,0.0
365588.0,1,1,0.99986345,0.010267927,0.008764069,-0.009535762,0.0,0.0,0.0
365589.0,1,1,0.9998634,0.010266199,0.008758736,-0.009548911,0.0,0.0,0.0
365590.0,1,1,0.99986315,0.010269673,0.008766313,-0.009564779,0.0,0.0,0.0
365591.0,1,1,0.99986297,0.0102730375,0.008766034,-0.009580497,0.0,0.0,0.0
365592.0,1,1,0.9998629,0.0102686165,0.008761194,-0.009596196,0.0,0.0,0.0
365593.0,1,1,0.9998628,0.010264603,0.00876417,-0.009609225,0.0,0.0,0.0
365594.0,1,1,0.9998626,0.010263521,0.008766718,-0.009625093,0.0,0.0,0.0
365595.0,1,1,0.9998624,0.010264908,0.008769063,-0.009643644,0.0,0.0,0.0
365596.0,1,1,0.9998622,0.010273302,0.0087636905,-0.009659402,0.0,0.0,0.0
365597.0,1,1,0.9998621,0.010273631,0.008763505,-0.009675105,0.0,0.0,0.0
365598.0,1,1,0.9998619,0.010271697,0.008770096,-0.009690931,0.0,0.0,0.0
365599.0,1,1,0.9998617,0.010270095,0.008776496,-0.00970685,0.0,0.0,0.0
365600.0,1,1,0.99986154,0.010265811,0.008781304,-0.009722631,0.0,0.0,0.0
365601.0,1,1,0.99986136,0.010266724,0.008781274,-0.009741018,0.0,0.0,0.0
365602.0,1,1,0.99986124,0.010267272,0.008776269,-0.009756664,0.0,0.0,0.0
365603.0,1,1,0.9998612,0.0102604125,0.008776554,-0.009772313,0.0,0.0,0.0
365604.0,1,1,0.99986094,0.0102592055,0.008778516,-0.009785575,0.0,0.0,0.0
365605.0,1,1,0.99986076,0.010265232,0.008779594,-0.009798801,0.0,0.0,0.0
365606.0,1,1,0.9998607,0.010263115,0.008774165,-0.009814509,0.0,0.0,0.0
365607.0,1,1,0.99986076,0.010261137,0.008754243,-0.009830236,0.0,0.0,0.0
365608.0,1,1,0.9998608,0.010254333,0.008744275,-0.009837941,0.0,0.0,0.0
365609.0,1,1,0.99986064,0.0102502955,0.008759693,-0.009848336,0.0,0.0,0.0
365610.0,1,1,0.9998605,0.010241011,0.008771753,-0.009861417,0.0,0.0,0.0
365611.0,1,1,0.99986047,0.010229099,0.008779396,-0.009871824,0.0,0.0,0.0
365612.0,1,1,0.9998603,0.0102199055,0.008787092,-0.009892666,0.0,0.0,0.0
365613.0,1,1,0.99986017,0.01021074,0.008797006,-0.00990568,0.0,0.0,0.0
365614.0,1,1,0.9998599,0.010209511,0.00880922,-0.009918732,0.0,0.0,0.0
365615.0,1,1,0.9998598,0.010208101,0.008811035,-0.009931816,0.0,0.0,0.0
365616.0,1,1,0.99985975,0.010204248,0.008808157,-0.009942122,0.0,0.0,0.0
365617.0,1,1,0.9998597,0.010205528,0.008802775,-0.0099497475,0.0,0.0,0.0
365618.0,1,1,0.9998596,0.010204222,0.008805061,-0.009960056,0.0,0.0,0.0
365619.0,1,1,0.99985945,0.010198215,0.008817367,-0.009967775,0.0,0.0,0.0
365620.0,1,1,0.9998594,0.010187128,0.00882672,-0.00997557,0.0,0.0,0.0
365621.0,1,1,0.99985915,0.010186117,0.008838807,-0.00998856,0.0,0.0,0.0
365622.0,1,1,0.99985904,0.01018722,0.008838098,-0.010001485,0.0,0.0,0.0
365623.0,1,1,0.999859,0.010185845,0.008834748,-0.010014444,0.0,0.0,0.0
365624.0,1,1,0.9998589,0.010179748,0.008834396,-0.010024705,0.0,0.0,0.0
365625.0,1,1,0.99985886,0.0101737855,0.008836736,-0.010034935,0.0,0.0,0.0
365626.0,1,1,0.99985886,0.010175467,0.008825828,-0.01004527,0.0,0.0,0.0
365627.0,1,1,0.99985874,0.010174763,0.00882528,-0.010058293,0.0,0.0,0.0
365628.0,1,1,0.99985856,0.010171663,0.008834507,-0.010071456,0.0,0.0,0.0
365629.0,1,1,0.9998584,0.010173313,0.008838099,-0.010081934,0.0,0.0,0.0
365630.0,1,1,0.99985826,0.010179955,0.008833993,-0.01008974,0.0,0.0,0.0
365631.0,1,1,0.99985814,0.010183966,0.008832712,-0.010100171,0.0,0.0,0.0
365632.0,1,1,0.99985796,0.0101854075,0.008836485,-0.010113341,0.0,0.0,0.0
365633.0,1,1,0.99985796,0.010179169,0.008832783,-0.010121028,0.0,0.0,0.0
365634.0,1,1,0.99985796,0.01017288,0.008829076,-0.010131424,0.0,0.0,0.0
365635.0,1,1,0.99985796,0.010169266,0.008830082,-0.010136573,0.0,0.0,0.0
365636.0,1,1,0.9998579,0.010167914,0.008835636,-0.010141644,0.0,0.0,0.0
365637.0,1,1,0.9998578,0.010169101,0.008839094,-0.010149374,0.0,0.0,0.0
365638.0,1,1,0.9998577,0.010170432,0.008835196,-0.010157087,0.0,0.0,0.0
365639.0,1,1,0.9998578,0.010161467,0.008826577,-0.010167411,0.0,0.0,0.0
365640.0,1,1,0.9998579,0.010150017,0.008810742,-0.010180335,0.0,0.0,0.0
365641.0,1,1,0.9998579,0.010141632,0.008800388,-0.010195946,0.0,0.0,0.0
365642.0,1,1,0.99985784,0.010135824,0.008800128,-0.010206207,0.0,0.0,0.0
365643.0,1,1,0.9998578,0.010134735,0.0087969955,-0.010219122,0.0,0.0,0.0
365644.0,1,1,0.9998576,0.010128822,0.008806949,-0.010231989,0.0,0.0,0.0
365645.0,1,1,0.9998576,0.010115623,0.00880911,-0.010242291,0.0,0.0,0.0
365646.0,1,1,0.99985766,0.010107913,0.0088006165,-0.010250095,0.0,0.0,0.0
365647.0,1,1,0.99985754,0.010105433,0.00880526,-0.010263121,0.0,0.0,0.0
365648.0,1,1,0.9998574,0.010100072,0.0088148825,-0.010273421,0.0,0.0,0.0
365649.0,1,1,0.99985725,0.010094563,0.008824482,-0.010286351,0.0,0.0,0.0
365650.0,1,1,0.9998571,0.010091772,0.008831258,-0.010296661,0.0,0.0,0.0
365651.0,1,1,0.9998569,0.01009395,0.008845388,-0.01030428,0.0,0.0,0.0
365652.0,1,1,0.9998567,0.010090945,0.008853272,-0.010317364,0.0,0.0,0.0
365653.0,1,1,0.9998567,0.0100754155,0.008856103,-0.01032792,0.0,0.0,0.0
365654.0,1,1,0.99985677,0.010066109,0.008854554,-0.010335704,0.0,0.0,0.0
365655.0,1,1,0.9998567,0.010063646,0.008853183,-0.010346091,0.0,0.0,0.0
365656.0,1,1,0.9998567,0.010058459,0.008849055,-0.010353811,0.0,0.0,0.0
365657.0,1,1,0.99985665,0.010063417,0.008842323,-0.010361518,0.0,0.0,0.0
365658.0,1,1,0.9998566,0.010063207,0.008833592,-0.010374444,0.0,0.0,0.0
365659.0,1,1,0.9998566,0.01005571,0.008822642,-0.010390108,0.0,0.0,0.0
365660.0,1,1,0.9998567,0.01004571,0.008811585,-0.010400469,0.0,0.0,0.0
365661.0,1,1,0.99985665,0.01003839,0.008813274,-0.010410821,0.0,0.0,0.0
365662.0,1,1,0.9998564,0.010036279,0.008824382,-0.010423876,0.0,0.0,0.0
365663.0,1,1,0.99985623,0.010036553,0.008829745,-0.01043435,0.0,0.0,0.0
365664.0,1,1,0.99985605,0.010036678,0.008824782,-0.010455526,0.0,0.0,0.0
365665.0,1,1,0.999856,0.01004165,0.008807317,-0.010468738,0.0,0.0,0.0
365666.0,1,1,0.99985594,0.010053466,0.008790051,-0.010481848,0.0,0.0,0.0
365667.0,1,1,0.99985594,0.010052176,0.008772249,-0.010497678,0.0,0.0,0.0
365668.0,1,1,0.99985605,0.010041771,0.008752014,-0.010510989,0.0,0.0,0.0
365669.0,1,1,0.9998565,0.010019408,0.008714239,-0.010524522,0.0,0.0,0.0
365670.0,1,1,0.9998568,0.00999971,0.0086770775,-0.01053795,0.0,0.0,0.0
365671.0,1,1,0.9998572,0.009977516,0.008642959,-0.010554008,0.0,0.0,0.0
365672.0,1,1,0.99985754,0.009960122,0.008609014,-0.010564739,0.0,0.0,0.0
365673.0,1,1,0.9998577,0.009953121,0.008582838,-0.010578156,0.0,0.0,0.0
365674.0,1,1,0.99985796,0.009948514,0.008549013,-0.0105889365,0.0,0.0,0.0
365675.0,1,1,0.9998582,0.0099461125,0.00851092,-0.010602206,0.0,0.0,0.0
365676.0,1,1,0.9998584,0.009943835,0.00847324,-0.010615489,0.0,0.0,0.0
365677.0,1,1,0.99985874,0.009929013,0.008433019,-0.0106262565,0.0,0.0,0.0
365678.0,1,1,0.9998591,0.009914616,0.008393052,-0.010637111,0.0,0.0,0.0
365679.0,1,1,0.9998595,0.009897625,0.008352309,-0.010648098,0.0,0.0,0.0
365680.0,1,1,0.99985987,0.009883492,0.008309154,-0.010659179,0.0,0.0,0.0
365681.0,1,1,0.99986035,0.009871448,0.008254322,-0.010670137,0.0,0.0,0.0
365682.0,1,1,0.9998609,0.009859177,0.008189946,-0.010678358,0.0,0.0,0.0
365683.0,1,1,0.9998614,0.009847263,0.00812104,-0.010689331,0.0,0.0,0.0
365684.0,1,1,0.9998622,0.009815426,0.008048348,-0.010700197,0.0,0.0,0.0
365685.0,1,1,0.99986285,0.009789279,0.007979747,-0.010713703,0.0,0.0,0.0
365686.0,1,1,0.9998633,0.009773321,0.007921477,-0.01072722,0.0,0.0,0.0
365687.0,1,1,0.99986374,0.009764909,0.007865878,-0.010738094,0.0,0.0,0.0
365688.0,1,1,0.9998643,0.009753969,0.0077979024,-0.0107463645,0.0,0.0,0.0
365689.0,1,1,0.9998649,0.009745933,0.007725743,-0.010751953,0.0,0.0,0.0
365690.0,1,1,0.9998655,0.009735425,0.0076576,-0.010757497,0.0,0.0,0.0
365691.0,1,1,0.9998661,0.00971706,0.007582648,-0.010765662,0.0,0.0,0.0
365692.0,1,1,0.9998668,0.009697283,0.00750604,-0.010773894,0.0,0.0,0.0
365693.0,1,1,0.9998674,0.009675193,0.0074445074,-0.010782211,0.0,0.0,0.0
365694.0,1,1,0.9998679,0.00965526,0.0073929764,-0.010788004,0.0,0.0,0.0
365695.0,1,1,0.99986845,0.0096430145,0.0073317303,-0.010793786,0.0,0.0,0.0
365696.0,1,1,0.9998691,0.009625527,0.00726115,-0.010796825,0.0,0.0,0.0
365697.0,1,1,0.9998699,0.0096016005,0.007180822,-0.010800062,0.0,0.0,0.0
365698.0,1,1,0.99987054,0.009573677,0.007100847,-0.010806272,0.0,0.0,0.0
365699.0,1,1,0.99987125,0.009559268,0.007012059,-0.010812917,0.0,0.0,0.0
365700.0,1,1,0.99987227,0.009560107,0.006865875,-0.010814002,0.0,0.0,0.0
365701.0,1,1,0.9998732,0.009563091,0.006717906,-0.010819431,0.0,0.0,0.0
365702.0,1,1,0.99987394,0.009554766,0.0066018123,-0.010830183,0.0,0.0,0.0
365703.0,1,1,0.99987465,0.0095328605,0.0065156743,-0.010836078,0.0,0.0,0.0
365704.0,1,1,0.9998753,0.009512056,0.0064346525,-0.010844767,0.0,0.0,0.0
365705.0,1,1,0.99987596,0.009486223,0.0063423603,-0.010853443,0.0,0.0,0.0
365706.0,1,1,0.9998768,0.009451322,0.006255612,-0.010856939,0.0,0.0,0.0
365707.0,1,1,0.99987763,0.009434709,0.0061510904,-0.010860615,0.0,0.0,0.0
365708.0,1,1,0.99987847,0.009430873,0.006021831,-0.010861067,0.0,0.0,0.0
365709.0,1,1,0.9998788,0.009438998,0.00593067,-0.010871844,0.0,0.0,0.0
365710.0,1,1,0.9998795,0.009425197,0.0058379434,-0.0108751375,0.0,0.0,0.0
365711.0,1,1,0.9998801,0.00940048,0.005741966,-0.010883785,0.0,0.0,0.0
365712.0,1,1,0.99988073,0.009374644,0.0056624934,-0.010889874,0.0,0.0,0.0
365713.0,1,1,0.99988127,0.009368975,0.005572456,-0.010893442,0.0,0.0,0.0
365714.0,1,1,0.9998819,0.009370703,0.005448993,-0.01089658,0.0,0.0,0.0
365715.0,1,1,0.99988246,0.00936273,0.005348375,-0.01090218,0.0,0.0,0.0
365716.0,1,1,0.9998832,0.009336028,0.0052543613,-0.0109056,0.0,0.0,0.0
365717.0,1,1,0.9998839,0.009320033,0.0051438957,-0.010906407,0.0,0.0,0.0
365718.0,1,1,0.9998845,0.009310802,0.0050406717,-0.010906918,0.0,0.0,0.0
365719.0,1,1,0.999885,0.009299343,0.00494737,-0.01091027,0.0,0.0,0.0
365720.0,1,1,0.9998856,0.009293032,0.0048412895,-0.010911184,0.0,0.0,0.0
365721.0,1,1,0.99988633,0.009271946,0.0047310744,-0.010914841,0.0,0.0,0.0
365722.0,1,1,0.999887,0.00925349,0.004596791,-0.010915895,0.0,0.0,0.0
365723.0,1,1,0.9998877,0.009251387,0.0044556316,-0.010916514,0.0,0.0,0.0
365724.0,1,1,0.99988836,0.009244406,0.004324338,-0.010916979,0.0,0.0,0.0
365725.0,1,1,0.999889,0.009228702,0.0042058057,-0.010917699,0.0,0.0,0.0
365726.0,1,1,0.9998897,0.009208279,0.0040958347,-0.0109158065,0.0,0.0,0.0
365727.0,1,1,0.99989027,0.009188006,0.003989068,-0.010916308,0.0,0.0,0.0
365728.0,1,1,0.9998908,0.009176183,0.0038927633,-0.010914177,0.0,0.0,0.0
365729.0,1,1,0.99989134,0.009156978,0.0037891811,-0.010917597,0.0,0.0,0.0
365730.0,1,1,0.9998919,0.009143283,0.0036750783,-0.010920846,0.0,0.0,0.0
365731.0,1,1,0.9998922,0.009147186,0.003574827,-0.010926332,0.0,0.0,0.0
365732.0,1,1,0.9998923,0.009154302,0.0034938988,-0.010934254,0.0,0.0,0.0
365733.0,1,1,0.9998925,0.009154297,0.0034172393,-0.010939761,0.0,0.0,0.0
365734.0,1,1,0.9998927,0.009148438,0.003346355,-0.010942729,0.0,0.0,0.0
365735.0,1,1,0.9998929,0.009142788,0.0032817395,-0.010948286,0.0,0.0,0.0
365736.0,1,1,0.99989295,0.009144829,0.0032355322,-0.010956486,0.0,0.0,0.0
365737.0,1,1,0.99989295,0.0091589205,0.0031857584,-0.010962171,0.0,0.0,0.0
365738.0,1,1,0.99989295,0.009165675,0.0031353792,-0.010970373,0.0,0.0,0.0
365739.0,1,1,0.9998929,0.00917538,0.0030915278,-0.010978402,0.0,0.0,0.0
365740.0,1,1,0.9998928,0.009185267,0.0030660362,-0.010986413,0.0,0.0,0.0
365741.0,1,1,0.99989253,0.009202886,0.0030377521,-0.010999894,0.0,0.0,0.0
365742.0,1,1,0.99989223,0.009230179,0.0030121238,-0.011012889,0.0,0.0,0.0
365743.0,1,1,0.99989194,0.009254768,0.0029882083,-0.011025639,0.0,0.0,0.0
365744.0,1,1,0.9998915,0.009281826,0.002990443,-0.011040901,0.0,0.0,0.0
365745.0,1,1,0.9998911,0.009314328,0.0030068469,-0.011048291,0.0,0.0,0.0
365746.0,1,1,0.9998906,0.009342046,0.003040783,-0.011061102,0.0,0.0,0.0
365747.0,1,1,0.9998901,0.009367306,0.00308612,-0.011073996,0.0,0.0,0.0
365748.0,1,1,0.9998895,0.009397145,0.0031355643,-0.011087028,0.0,0.0,0.0
365749.0,1,1,0.99988884,0.009441277,0.003170915,-0.011097495,0.0,0.0,0.0
365750.0,1,1,0.9998882,0.009489759,0.0031960155,-0.011107884,0.0,0.0,0.0
365751.0,1,1,0.99988765,0.009531762,0.0032175207,-0.011115289,0.0,0.0,0.0
365752.0,1,1,0.99988717,0.0095681725,0.0032378198,-0.011122482,0.0,0.0,0.0
365753.0,1,1,0.99988663,0.00959921,0.0032609063,-0.011137582,0.0,0.0,0.0
365754.0,1,1,0.99988604,0.009630536,0.0033081034,-0.011152806,0.0,0.0,0.0
365755.0,1,1,0.9998854,0.009661816,0.0033734466,-0.011162953,0.0,0.0,0.0
365756.0,1,1,0.9998848,0.009695769,0.0034304617,-0.011170502,0.0,0.0,0.0
365757.0,1,1,0.9998841,0.009725006,0.0034798777,-0.011188601,0.0,0.0,0.0
365758.0,1,1,0.9998834,0.0097754365,0.0035146237,-0.011198908,0.0,0.0,0.0
365759.0,1,1,0.9998826,0.0098223165,0.0035426354,-0.011214371,0.0,0.0,0.0
365760.0,1,1,0.9998819,0.009858669,0.0035761949,-0.0112296855,0.0,0.0,0.0
365761.0,1,1,0.9998812,0.009899863,0.0036171593,-0.011250292,0.0,0.0,0.0
365762.0,1,1,0.9998805,0.0099353,0.0036700722,-0.011268137,0.0,0.0,0.0
365763.0,1,1,0.99987954,0.009978455,0.0037271362,-0.011286105,0.0,0.0,0.0
365764.0,1,1,0.9998788,0.010016115,0.0037790851,-0.0113039855,0.0,0.0,0.0
365765.0,1,1,0.9998781,0.010055992,0.0038286338,-0.011316462,0.0,0.0,0.0
365766.0,1,1,0.9998775,0.010085146,0.0038775932,-0.0113289645,0.0,0.0,0.0
365767.0,1,1,0.9998768,0.010111679,0.003941397,-0.011346683,0.0,0.0,0.0
365768.0,1,1,0.9998761,0.010140335,0.0040042857,-0.011364437,0.0,0.0,0.0
365769.0,1,1,0.99987537,0.010166571,0.0040694047,-0.01137947,0.0,0.0,0.0
365770.0,1,1,0.99987453,0.010192612,0.0041374774,-0.011397028,0.0,0.0,0.0
365771.0,1,1,0.99987376,0.010226176,0.004205231,-0.011414497,0.0,0.0,0.0
365772.0,1,1,0.9998729,0.010259173,0.0042802077,-0.01142919,0.0,0.0,0.0
365773.0,1,1,0.999872,0.010286792,0.0043700016,-0.011449137,0.0,0.0,0.0
365774.0,1,1,0.99987096,0.010322265,0.004479354,-0.011471659,0.0,0.0,0.0
365775.0,1,1,0.99986976,0.010357447,0.004592504,-0.01149147,0.0,0.0,0.0
365776.0,1,1,0.9998687,0.010386979,0.0047199666,-0.011511228,0.0,0.0,0.0
365777.0,1,1,0.99986744,0.010419429,0.0048561604,-0.011533798,0.0,0.0,0.0
365778.0,1,1,0.99986625,0.010449152,0.0049898787,-0.011553768,0.0,0.0,0.0
365779.0,1,1,0.99986506,0.010473081,0.005126853,-0.011576496,0.0,0.0,0.0
365780.0,1,1,0.99986386,0.0104991505,0.005257093,-0.011599249,0.0,0.0,0.0
365781.0,1,1,0.9998626,0.010527181,0.0053834333,-0.011621991,0.0,0.0,0.0
365782.0,1,1,0.9998614,0.010548789,0.005507513,-0.011647508,0.0,0.0,0.0
365783.0,1,1,0.99986035,0.010574828,0.0056085773,-0.011667902,0.0,0.0,0.0
365784.0,1,1,0.9998594,0.010595311,0.005701855,-0.011688274,0.0,0.0,0.0
365785.0,1,1,0.9998586,0.010600686,0.005789381,-0.011708556,0.0,0.0,0.0
365786.0,1,1,0.9998578,0.010606422,0.0058653993,-0.011728987,0.0,0.0,0.0
365787.0,1,1,0.99985707,0.010609099,0.005939767,-0.0117521845,0.0,0.0,0.0
365788.0,1,1,0.9998564,0.010611638,0.006010233,-0.011770082,0.0,0.0,0.0
365789.0,1,1,0.99985594,0.010603216,0.006062924,-0.011793314,0.0,0.0,0.0
365790.0,1,1,0.9998555,0.010594406,0.0061000595,-0.011816357,0.0,0.0,0.0
365791.0,1,1,0.999855,0.010589035,0.00615468,-0.01183947,0.0,0.0,0.0
365792.0,1,1,0.9998543,0.010581525,0.0062073357,-0.01186562,0.0,0.0,0.0
365793.0,1,1,0.99985385,0.010574129,0.0062489053,-0.011894447,0.0,0.0,0.0
365794.0,1,1,0.9998535,0.010563918,0.0062883934,-0.011915183,0.0,0.0,0.0
365795.0,1,1,0.9998532,0.0105558075,0.0063146837,-0.011933167,0.0,0.0,0.0
365796.0,1,1,0.99985296,0.010550217,0.0063299835,-0.011951292,0.0,0.0,0.0
365797.0,1,1,0.9998526,0.010544562,0.006357944,-0.01197197,0.0,0.0,0.0
365798.0,1,1,0.9998522,0.010541658,0.0063819066,-0.011995535,0.0,0.0,0.0
365799.0,1,1,0.9998519,0.01053631,0.0063986816,-0.012016531,0.0,0.0,0.0
365800.0,1,1,0.99985176,0.010518271,0.0064100637,-0.012037391,0.0,0.0,0.0
365801.0,1,1,0.9998516,0.010495374,0.0064258333,-0.012055687,0.0,0.0,0.0
365802.0,1,1,0.99985147,0.010482932,0.0064293416,-0.012073955,0.0,0.0,0.0
365803.0,1,1,0.9998515,0.010470162,0.006422896,-0.012086816,0.0,0.0,0.0
365804.0,1,1,0.9998515,0.010448045,0.006426733,-0.012105003,0.0,0.0,0.0
365805.0,1,1,0.99985147,0.0104263965,0.0064369757,-0.012120819,0.0,0.0,0.0
365806.0,1,1,0.99985135,0.010409841,0.0064490503,-0.012139361,0.0,0.0,0.0
365807.0,1,1,0.99985117,0.0104008755,0.0064586056,-0.012155164,0.0,0.0,0.0
365808.0,1,1,0.99985117,0.010386939,0.0064588115,-0.012170916,0.0,0.0,0.0
365809.0,1,1,0.99985135,0.01036282,0.006449104,-0.012183928,0.0,0.0,0.0
365810.0,1,1,0.99985135,0.0103489375,0.0064442614,-0.012199635,0.0,0.0,0.0
365811.0,1,1,0.9998512,0.010340199,0.0064467597,-0.012215398,0.0,0.0,0.0
365812.0,1,1,0.9998511,0.010336874,0.006446697,-0.012228482,0.0,0.0,0.0
365813.0,1,1,0.9998509,0.010329066,0.006444332,-0.012249612,0.0,0.0,0.0
365814.0,1,1,0.99985087,0.010311879,0.006444551,-0.012268185,0.0,0.0,0.0
365815.0,1,1,0.9998508,0.01029933,0.006439427,-0.012284078,0.0,0.0,0.0
365816.0,1,1,0.99985075,0.010291642,0.0064294767,-0.012299883,0.0,0.0,0.0
365817.0,1,1,0.9998507,0.010291697,0.006416796,-0.0123130465,0.0,0.0,0.0
365818.0,1,1,0.9998506,0.01029163,0.006403751,-0.012328997,0.0,0.0,0.0
365819.0,1,1,0.99985045,0.010281411,0.006400698,-0.012347571,0.0,0.0,0.0
365820.0,1,1,0.99985033,0.010279146,0.0063904393,-0.012363563,0.0,0.0,0.0
365821.0,1,1,0.99985015,0.010281751,0.006380442,-0.012379431,0.0,0.0,0.0
365822.0,1,1,0.99985,0.010289249,0.0063729165,-0.0123953065,0.0,0.0,0.0
365823.0,1,1,0.99984974,0.010301076,0.006365394,-0.012408473,0.0,0.0,0.0
365824.0,1,1,0.9998496,0.010304786,0.0063531143,-0.012418902,0.0,0.0,0.0
365825.0,1,1,0.9998496,0.010301723,0.0063387547,-0.012429333,0.0,0.0,0.0
365826.0,1,1,0.9998496,0.010296537,0.0063274447,-0.012437054,0.0,0.0,0.0
365827.0,1,1,0.9998496,0.01029345,0.0063106483,-0.012450188,0.0,0.0,0.0
365828.0,1,1,0.9998495,0.010295239,0.0062966407,-0.012465898,0.0,0.0,0.0
365829.0,1,1,0.99984944,0.010296887,0.0062803305,-0.01247891,0.0,0.0,0.0
365830.0,1,1,0.9998494,0.010294009,0.006272112,-0.012489253,0.0,0.0,0.0
365831.0,1,1,0.9998493,0.010281624,0.0062739984,-0.012502427,0.0,0.0,0.0
365832.0,1,1,0.9998493,0.010265098,0.006275615,-0.0125130415,0.0,0.0,0.0
365833.0,1,1,0.9998493,0.0102554625,0.006272282,-0.012523539,0.0,0.0,0.0
365834.0,1,1,0.99984926,0.01025551,0.0062641376,-0.012533882,0.0,0.0,0.0
365835.0,1,1,0.99984914,0.010260608,0.006253453,-0.01254421,0.0,0.0,0.0
365836.0,1,1,0.999849,0.010260654,0.00624829,-0.0125571685,0.0,0.0,0.0
365837.0,1,1,0.99984896,0.010250608,0.0062458864,-0.012570116,0.0,0.0,0.0
365838.0,1,1,0.99984896,0.010241072,0.0062406044,-0.0125832055,0.0,0.0,0.0
365839.0,1,1,0.99984884,0.010234252,0.0062402966,-0.012596325,0.0,0.0,0.0
365840.0,1,1,0.99984866,0.010232327,0.006245315,-0.012609333,0.0,0.0,0.0
365841.0,1,1,0.99984854,0.010230158,0.006245363,-0.012619595,0.0,0.0,0.0
365842.0,1,1,0.99984837,0.010232952,0.00624815,-0.012632463,0.0,0.0,0.0
365843.0,1,1,0.999848,0.010240543,0.006250126,-0.012653437,0.0,0.0,0.0
365844.0,1,1,0.99984777,0.010243234,0.006254912,-0.012666381,0.0,0.0,0.0
365845.0,1,1,0.9998477,0.010235791,0.006255211,-0.012679247,0.0,0.0,0.0
365846.0,1,1,0.9998476,0.01022388,0.0062659234,-0.012694797,0.0,0.0,0.0
365847.0,1,1,0.9998474,0.01021305,0.006273269,-0.012713234,0.0,0.0,0.0
365848.0,1,1,0.99984723,0.010204986,0.006282886,-0.0127290385,0.0,0.0,0.0
365849.0,1,1,0.9998472,0.0101914685,0.006287711,-0.012742085,0.0,0.0,0.0
365850.0,1,1,0.99984705,0.010182493,0.0062884404,-0.012760286,0.0,0.0,0.0
365851.0,1,1,0.999847,0.010175709,0.006281505,-0.012773087,0.0,0.0,0.0
365852.0,1,1,0.9998469,0.010171227,0.00627463,-0.012788508,0.0,0.0,0.0
365853.0,1,1,0.9998467,0.010169489,0.0062702033,-0.01280397,0.0,0.0,0.0
365854.0,1,1,0.9998466,0.010165268,0.006273598,-0.012816737,0.0,0.0,0.0
365855.0,1,1,0.9998464,0.010163608,0.006276053,-0.012832247,0.0,0.0,0.0
365856.0,1,1,0.99984616,0.010159719,0.006291543,-0.012844999,0.0,0.0,0.0
365857.0,1,1,0.99984604,0.01014825,0.006304277,-0.012855149,0.0,0.0,0.0
365858.0,1,1,0.9998459,0.010134418,0.006319347,-0.012868004,0.0,0.0,0.0
365859.0,1,1,0.99984574,0.010120699,0.0063318987,-0.012886156,0.0,0.0,0.0
365860.0,1,1,0.99984556,0.010107225,0.0063469615,-0.012901602,0.0,0.0,0.0
365861.0,1,1,0.99984556,0.010088757,0.0063590095,-0.012911811,0.0,0.0,0.0
365862.0,1,1,0.99984545,0.010075586,0.0063764,-0.0129245715,0.0,0.0,0.0
365863.0,1,1,0.9998452,0.01006245,0.006388311,-0.012940049,0.0,0.0,0.0
365864.0,1,1,0.9998451,0.010054793,0.006400086,-0.012955608,0.0,0.0,0.0
365865.0,1,1,0.99984485,0.010049904,0.006413949,-0.012971117,0.0,0.0,0.0
365866.0,1,1,0.9998447,0.0100427745,0.0064350683,-0.012981441,0.0,0.0,0.0
365867.0,1,1,0.9998444,0.010038412,0.0064577824,-0.0129944915,0.0,0.0,0.0
365868.0,1,1,0.9998441,0.010038878,0.0064708577,-0.0130101275,0.0,0.0,0.0
365869.0,1,1,0.99984384,0.010038568,0.006476479,-0.013025584,0.0,0.0,0.0
365870.0,1,1,0.99984366,0.01004328,0.006477591,-0.0130356345,0.0,0.0,0.0
365871.0,1,1,0.9998433,0.010055038,0.006480604,-0.013051004,0.0,0.0,0.0
365872.0,1,1,0.9998429,0.010065027,0.0064961035,-0.013066481,0.0,0.0,0.0
365873.0,1,1,0.9998425,0.010064746,0.006518868,-0.013082015,0.0,0.0,0.0
365874.0,1,1,0.9998423,0.010067209,0.0065378575,-0.013092349,0.0,0.0,0.0
365875.0,1,1,0.99984205,0.010062055,0.006557905,-0.013105213,0.0,0.0,0.0
365876.0,1,1,0.99984187,0.010054237,0.0065702633,-0.01311803,0.0,0.0,0.0
365877.0,1,1,0.9998417,0.01005174,0.006584888,-0.013128204,0.0,0.0,0.0
365878.0,1,1,0.99984145,0.010051457,0.0065942826,-0.013140997,0.0,0.0,0.0
365879.0,1,1,0.9998413,0.010045943,0.006603776,-0.013153732,0.0,0.0,0.0
365880.0,1,1,0.99984103,0.010042787,0.0066131367,-0.013171786,0.0,0.0,0.0
365881.0,1,1,0.9998406,0.010045422,0.006627526,-0.013192565,0.0,0.0,0.0
365882.0,1,1,0.9998403,0.010048256,0.006643971,-0.013205413,0.0,0.0,0.0
365883.0,1,1,0.9998401,0.010040911,0.006665527,-0.01321828,0.0,0.0,0.0
365884.0,1,1,0.9998399,0.010028615,0.0066817137,-0.013231148,0.0,0.0,0.0
365885.0,1,1,0.9998398,0.010011668,0.0066954154,-0.013246708,0.0,0.0,0.0
365886.0,1,1,0.99983954,0.010007194,0.00671139,-0.013259492,0.0,0.0,0.0
365887.0,1,1,0.99983937,0.010005021,0.0067219283,-0.013269654,0.0,0.0,0.0
365888.0,1,1,0.9998392,0.010002732,0.006729954,-0.013279742,0.0,0.0,0.0
365889.0,1,1,0.99983895,0.010003015,0.006737856,-0.013292568,0.0,0.0,0.0
365890.0,1,1,0.9998387,0.00999839,0.006751149,-0.013307857,0.0,0.0,0.0
365891.0,1,1,0.9998385,0.009993696,0.006764097,-0.013323286,0.0,0.0,0.0
365892.0,1,1,0.99983823,0.00999414,0.0067762933,-0.013333468,0.0,0.0,0.0
365893.0,1,1,0.999838,0.009992141,0.006796201,-0.013340944,0.0,0.0,0.0
365894.0,1,1,0.99983776,0.009990292,0.006816023,-0.013351079,0.0,0.0,0.0
365895.0,1,1,0.9998375,0.009986323,0.0068383752,-0.01336124,0.0,0.0,0.0
365896.0,1,1,0.9998373,0.009979732,0.006860518,-0.013371372,0.0,0.0,0.0
365897.0,1,1,0.99983704,0.009975414,0.006875081,-0.013386757,0.0,0.0,0.0
365898.0,1,1,0.99983686,0.009973784,0.00688688,-0.013394132,0.0,0.0,0.0
365899.0,1,1,0.9998367,0.00996988,0.0069031073,-0.013401681,0.0,0.0,0.0
365900.0,1,1,0.9998365,0.009961053,0.0069236928,-0.01341191,0.0,0.0,0.0
365901.0,1,1,0.9998364,0.0099470755,0.0069395234,-0.013422162,0.0,0.0,0.0
365902.0,1,1,0.99983615,0.009935856,0.006957825,-0.013437721,0.0,0.0,0.0
365903.0,1,1,0.99983597,0.009932589,0.006977505,-0.013445384,0.0,0.0,0.0
365904.0,1,1,0.99983585,0.009926727,0.006992692,-0.013452984,0.0,0.0,0.0
365905.0,1,1,0.99983567,0.009920824,0.007005484,-0.013463169,0.0,0.0,0.0
365906.0,1,1,0.9998356,0.009909705,0.007010629,-0.013473343,0.0,0.0,0.0
365907.0,1,1,0.9998355,0.009903908,0.007002776,-0.013483562,0.0,0.0,0.0
365908.0,1,1,0.99983543,0.009900572,0.0070028557,-0.013493699,0.0,0.0,0.0
365909.0,1,1,0.9998354,0.009896738,0.007005033,-0.013501168,0.0,0.0,0.0
365910.0,1,1,0.99983513,0.009902686,0.00700688,-0.013513994,0.0,0.0,0.0
365911.0,1,1,0.99983484,0.009911319,0.0070137554,-0.013526734,0.0,0.0,0.0
365912.0,1,1,0.9998346,0.009912787,0.0070231836,-0.013536936,0.0,0.0,0.0
365913.0,1,1,0.9998344,0.009911742,0.0070394166,-0.013544532,0.0,0.0,0.0
365914.0,1,1,0.9998342,0.0099184,0.0070552705,-0.013549477,0.0,0.0,0.0
365915.0,1,1,0.999834,0.009919531,0.007068562,-0.013557021,0.0,0.0,0.0
365916.0,1,1,0.9998338,0.009915868,0.007085215,-0.013564537,0.0,0.0,0.0
365917.0,1,1,0.99983364,0.009902354,0.0070968503,-0.013574733,0.0,0.0,0.0
365918.0,1,1,0.9998335,0.009896995,0.0071083014,-0.013584999,0.0,0.0,0.0
365919.0,1,1,0.9998334,0.009888886,0.0071193376,-0.013595284,0.0,0.0,0.0
365920.0,1,1,0.9998333,0.009877787,0.007127569,-0.0136082,0.0,0.0,0.0
365921.0,1,1,0.99983317,0.00986689,0.0071332077,-0.013621129,0.0,0.0,0.0
365922.0,1,1,0.99983305,0.009858713,0.0071339253,-0.013636705,0.0,0.0,0.0
365923.0,1,1,0.99983287,0.009858233,0.007137127,-0.013646905,0.0,0.0,0.0
365924.0,1,1,0.9998327,0.009854759,0.0071483157,-0.013656933,0.0,0.0,0.0
365925.0,1,1,0.9998326,0.009846818,0.0071565122,-0.013667129,0.0,0.0,0.0
365926.0,1,1,0.99983245,0.009839783,0.00717139,-0.0136721125,0.0,0.0,0.0
365927.0,1,1,0.9998322,0.009834695,0.0071940026,-0.013682348,0.0,0.0,0.0
365928.0,1,1,0.999832,0.009826896,0.0072165173,-0.013695171,0.0,0.0,0.0
365929.0,1,1,0.99983174,0.009824046,0.007226685,-0.013707954,0.0,0.0,0.0
365930.0,1,1,0.99983156,0.009818537,0.0072373776,-0.01372055,0.0,0.0,0.0
365931.0,1,1,0.99983126,0.009810992,0.0072506154,-0.01373325,0.0,0.0,0.0
365932.0,1,1,0.9998311,0.009803499,0.0072707664,-0.013743322,0.0,0.0,0.0
365933.0,1,1,0.9998309,0.009796548,0.00730005,-0.013748213,0.0,0.0,0.0
365934.0,1,1,0.9998307,0.0097825285,0.0073293634,-0.013755728,0.0,0.0,0.0
365935.0,1,1,0.99983054,0.009768418,0.007350578,-0.013765936,0.0,0.0,0.0
365936.0,1,1,0.99983037,0.009754406,0.007374168,-0.013776109,0.0,0.0,0.0
365937.0,1,1,0.9998302,0.009742393,0.0073924093,-0.013788933,0.0,0.0,0.0
365938.0,1,1,0.99983007,0.009732905,0.0074059963,-0.013799022,0.0,0.0,0.0
365939.0,1,1,0.9998299,0.0097236885,0.0074247927,-0.013806396,0.0,0.0,0.0
365940.0,1,1,0.99982977,0.009712862,0.0074406196,-0.013813906,0.0,0.0,0.0
365941.0,1,1,0.9998296,0.009699611,0.0074629886,-0.013824156,0.0,0.0,0.0
365942.0,1,1,0.99982935,0.009689173,0.0074873436,-0.013834498,0.0,0.0,0.0
365943.0,1,1,0.99982905,0.009688605,0.007503781,-0.013847547,0.0,0.0,0.0
365944.0,1,1,0.9998289,0.009687719,0.00751261,-0.013855142,0.0,0.0,0.0
365945.0,1,1,0.9998287,0.0096862335,0.007518666,-0.013867997,0.0,0.0,0.0
365946.0,1,1,0.9998286,0.009684896,0.0075192777,-0.013878293,0.0,0.0,0.0
365947.0,1,1,0.9998284,0.009679665,0.007530472,-0.013888612,0.0,0.0,0.0
365948.0,1,1,0.9998283,0.009669633,0.0075388076,-0.013899041,0.0,0.0,0.0
365949.0,1,1,0.99982816,0.009669797,0.007541681,-0.013904148,0.0,0.0,0.0
365950.0,1,1,0.9998279,0.009673889,0.0075500505,-0.013917029,0.0,0.0,0.0
365951.0,1,1,0.9998277,0.009677857,0.007555629,-0.013929926,0.0,0.0,0.0
365952.0,1,1,0.99982744,0.0096794,0.007558416,-0.013942909,0.0,0.0,0.0
365953.0,1,1,0.9998272,0.00967054,0.007566588,-0.013953148,0.0,0.0,0.0
365954.0,1,1,0.9998271,0.009667105,0.007572688,-0.013966047,0.0,0.0,0.0
365955.0,1,1,0.99982697,0.009663881,0.0075813914,-0.013970956,0.0,0.0,0.0
365956.0,1,1,0.9998268,0.0096605895,0.007592092,-0.013981161,0.0,0.0,0.0
365957.0,1,1,0.99982643,0.009667664,0.007602643,-0.013994008,0.0,0.0,0.0
365958.0,1,1,0.99982595,0.0096799,0.0076206336,-0.014009577,0.0,0.0,0.0
365959.0,1,1,0.99982566,0.009684344,0.0076353075,-0.014019941,0.0,0.0,0.0
365960.0,1,1,0.9998255,0.009683857,0.007651841,-0.014027798,0.0,0.0,0.0
365961.0,1,1,0.9998251,0.009683313,0.0076685273,-0.014043597,0.0,0.0,0.0
365962.0,1,1,0.9998249,0.009684923,0.007675072,-0.014056621,0.0,0.0,0.0
365963.0,1,1,0.9998247,0.009681328,0.007681771,-0.01406959,0.0,0.0,0.0
365964.0,1,1,0.9998244,0.009680444,0.007698864,-0.01408249,0.0,0.0,0.0
365965.0,1,1,0.9998241,0.009687117,0.00770752,-0.014092846,0.0,0.0,0.0
365966.0,1,1,0.9998238,0.009691357,0.0077133686,-0.014105935,0.0,0.0,0.0
365967.0,1,1,0.9998236,0.009686313,0.007724656,-0.01412173,0.0,0.0,0.0
365968.0,1,1,0.9998233,0.009678645,0.007731042,-0.0141374245,0.0,0.0,0.0
365969.0,1,1,0.99982315,0.0096783675,0.007729356,-0.014150487,0.0,0.0,0.0
365970.0,1,1,0.9998229,0.009675007,0.007740506,-0.0141661605,0.0,0.0,0.0
365971.0,1,1,0.9998226,0.009667475,0.007756507,-0.014182044,0.0,0.0,0.0
365972.0,1,1,0.9998223,0.00966239,0.0077670505,-0.014200374,0.0,0.0,0.0
365973.0,1,1,0.9998221,0.009663853,0.007769924,-0.0142160375,0.0,0.0,0.0
365974.0,1,1,0.9998218,0.009672915,0.0077700806,-0.014229043,0.0,0.0,0.0
365975.0,1,1,0.9998214,0.009679689,0.0077781654,-0.014244704,0.0,0.0,0.0
365976.0,1,1,0.9998211,0.009681562,0.0077916537,-0.014257622,0.0,0.0,0.0
365977.0,1,1,0.99982095,0.009680704,0.007794693,-0.014270591,0.0,0.0,0.0
365978.0,1,1,0.9998208,0.009682467,0.0077925194,-0.014280929,0.0,0.0,0.0
365979.0,1,1,0.9998206,0.009689345,0.007788253,-0.014293939,0.0,0.0,0.0
365980.0,1,1,0.99982035,0.009693341,0.007788671,-0.014306892,0.0,0.0,0.0
365981.0,1,1,0.99982,0.009704824,0.007791188,-0.014322557,0.0,0.0,0.0
365982.0,1,1,0.9998197,0.009715877,0.0077868383,-0.014338111,0.0,0.0,0.0
365983.0,1,1,0.9998195,0.009716813,0.0077804425,-0.014353623,0.0,0.0,0.0
365984.0,1,1,0.9998194,0.00970864,0.007787016,-0.01436387,0.0,0.0,0.0
365985.0,1,1,0.9998192,0.00970318,0.0077927765,-0.014376828,0.0,0.0,0.0
365986.0,1,1,0.999819,0.009707368,0.007798161,-0.01438716,0.0,0.0,0.0
365987.0,1,1,0.9998187,0.00971422,0.007813712,-0.0143947955,0.0,0.0,0.0
365988.0,1,1,0.9998183,0.009713117,0.00782903,-0.014410442,0.0,0.0,0.0
365989.0,1,1,0.999818,0.009712219,0.00784676,-0.014423437,0.0,0.0,0.0
365990.0,1,1,0.9998177,0.009716082,0.007858864,-0.014436431,0.0,0.0,0.0
365991.0,1,1,0.9998174,0.009722315,0.007868867,-0.014451978,0.0,0.0,0.0
365992.0,1,1,0.9998171,0.009723314,0.007884241,-0.014464819,0.0,0.0,0.0
365993.0,1,1,0.9998168,0.009719051,0.007901628,-0.014480194,0.0,0.0,0.0
365994.0,1,1,0.99981636,0.009722622,0.0079264715,-0.014492974,0.0,0.0,0.0
365995.0,1,1,0.9998159,0.009728721,0.007953614,-0.014505766,0.0,0.0,0.0
365996.0,1,1,0.99981546,0.009732105,0.007975274,-0.014521235,0.0,0.0,0.0
365997.0,1,1,0.999815,0.009732958,0.007996627,-0.014534072,0.0,0.0,0.0
365998.0,1,1,0.9998146,0.009733959,0.008020756,-0.014546847,0.0,0.0,0.0
365999.0,1,1,0.99981433,0.009732972,0.0080398265,-0.014559661,0.0,0.0,0.0
366000.0,1,1,0.99981415,0.009724825,0.008053415,-0.014569877,0.0,0.0,0.0
366001.0,1,1,0.9998139,0.0097093,0.008079201,-0.014582897,0.0,0.0,0.0
366002.0,1,1,0.99981356,0.009699321,0.008111634,-0.014595954,0.0,0.0,0.0
366003.0,1,1,0.9998132,0.00969612,0.008139204,-0.014608919,0.0,0.0,0.0
366004.0,1,1,0.99981296,0.009692837,0.008158872,-0.014616537,0.0,0.0,0.0
366005.0,1,1,0.9998127,0.009682712,0.008176316,-0.014629467,0.0,0.0,0.0
366006.0,1,1,0.99981236,0.009675442,0.0081988275,-0.014639692,0.0,0.0,0.0
366007.0,1,1,0.9998121,0.009667785,0.008223533,-0.0146498615,0.0,0.0,0.0
366008.0,1,1,0.9998118,0.009652306,0.008253273,-0.014662625,0.0,0.0,0.0
366009.0,1,1,0.9998116,0.009634971,0.008277359,-0.014678266,0.0,0.0,0.0
366010.0,1,1,0.99981123,0.009630931,0.008300966,-0.0146913,0.0,0.0,0.0
366011.0,1,1,0.9998108,0.009628365,0.008324254,-0.014706892,0.0,0.0,0.0
366012.0,1,1,0.99981064,0.009625333,0.008337087,-0.01471707,0.0,0.0,0.0
366013.0,1,1,0.9998104,0.00962761,0.00834733,-0.014727309,0.0,0.0,0.0
366014.0,1,1,0.9998103,0.009622916,0.008352129,-0.014737559,0.0,0.0,0.0
366015.0,1,1,0.99981,0.009620976,0.008359117,-0.014747953,0.0,0.0,0.0
366016.0,1,1,0.99980974,0.009614158,0.008376228,-0.01476106,0.0,0.0,0.0
366017.0,1,1,0.99980956,0.009604986,0.008387723,-0.014771615,0.0,0.0,0.0
366018.0,1,1,0.9998093,0.0095983455,0.008404533,-0.014782042,0.0,0.0,0.0
366019.0,1,1,0.99980915,0.009601177,0.008410841,-0.01478977,0.0,0.0,0.0
366020.0,1,1,0.99980897,0.009606286,0.008411936,-0.014800162,0.0,0.0,0.0
366021.0,1,1,0.9998088,0.009608818,0.008418388,-0.0148078,0.0,0.0,0.0
366022.0,1,1,0.9998086,0.009608741,0.008427293,-0.014815448,0.0,0.0,0.0
366023.0,1,1,0.9998084,0.009614142,0.008438514,-0.014820493,0.0,0.0,0.0
366024.0,1,1,0.999808,0.009622056,0.008451291,-0.01483095,0.0,0.0,0.0
366025.0,1,1,0.99980766,0.009629923,0.008463817,-0.014844127,0.0,0.0,0.0
366026.0,1,1,0.9998075,0.009634981,0.008466516,-0.0148519585,0.0,0.0,0.0
366027.0,1,1,0.99980736,0.009635513,0.008464146,-0.014859842,0.0,0.0,0.0
366028.0,1,1,0.99980724,0.009640442,0.008459119,-0.014867701,0.0,0.0,0.0
366029.0,1,1,0.99980706,0.009647644,0.008451443,-0.014880902,0.0,0.0,0.0
366030.0,1,1,0.99980694,0.009652348,0.008443863,-0.014891447,0.0,0.0,0.0
366031.0,1,1,0.99980694,0.009649836,0.008433902,-0.014899335,0.0,0.0,0.0
366032.0,1,1,0.9998068,0.00964737,0.008429367,-0.014909816,0.0,0.0,0.0
366033.0,1,1,0.99980664,0.00965036,0.0084244665,-0.01492319,0.0,0.0,0.0
366034.0,1,1,0.99980646,0.009656014,0.0084161945,-0.014936566,0.0,0.0,0.0
366035.0,1,1,0.9998064,0.009658994,0.00840329,-0.014939341,0.0,0.0,0.0
366036.0,1,1,0.99980634,0.0096636005,0.00839332,-0.014947323,0.0,0.0,0.0
366037.0,1,1,0.9998062,0.0096700825,0.0083779935,-0.014957927,0.0,0.0,0.0
366038.0,1,1,0.9998061,0.009676547,0.008365922,-0.014971102,0.0,0.0,0.0
366039.0,1,1,0.99980605,0.009683115,0.008349076,-0.01498159,0.0,0.0,0.0
366040.0,1,1,0.99980605,0.009681982,0.008327639,-0.014994723,0.0,0.0,0.0
366041.0,1,1,0.9998061,0.009678085,0.008302002,-0.0150077995,0.0,0.0,0.0
366042.0,1,1,0.99980617,0.00968411,0.008276523,-0.0150154615,0.0,0.0,0.0
366043.0,1,1,0.99980617,0.009692163,0.008256462,-0.015014979,0.0,0.0,0.0
366044.0,1,1,0.9998062,0.009692888,0.008235961,-0.015025304,0.0,0.0,0.0
366045.0,1,1,0.9998061,0.009687421,0.008238236,-0.015035846,0.0,0.0,0.0
366046.0,1,1,0.9998059,0.009683974,0.008252207,-0.015043777,0.0,0.0,0.0
366047.0,1,1,0.99980575,0.009675068,0.008260604,-0.0150570925,0.0,0.0,0.0
366048.0,1,1,0.9998058,0.009666662,0.008244139,-0.015067735,0.0,0.0,0.0
366049.0,1,1,0.99980587,0.00967232,0.008208983,-0.01507803,0.0,0.0,0.0
366050.0,1,1,0.9998059,0.009679876,0.008172163,-0.015088094,0.0,0.0,0.0
366051.0,1,1,0.99980587,0.009688107,0.008145528,-0.015101002,0.0,0.0,0.0
366052.0,1,1,0.99980575,0.009683793,0.008134068,-0.015116592,0.0,0.0,0.0
366053.0,1,1,0.99980587,0.0096772965,0.008114719,-0.015124334,0.0,0.0,0.0
366054.0,1,1,0.99980605,0.009675888,0.008088366,-0.015129406,0.0,0.0,0.0
366055.0,1,1,0.9998062,0.009666833,0.008069664,-0.015134424,0.0,0.0,0.0
366056.0,1,1,0.99980617,0.009672799,0.008053471,-0.015142039,0.0,0.0,0.0
366057.0,1,1,0.9998063,0.009667613,0.008030554,-0.015149504,0.0,0.0,0.0
366058.0,1,1,0.99980664,0.009634227,0.008016023,-0.015154563,0.0,0.0,0.0
366059.0,1,1,0.99980676,0.009615216,0.008010727,-0.015159967,0.0,0.0,0.0
366060.0,1,1,0.9998069,0.009603106,0.0079970835,-0.015165343,0.0,0.0,0.0
366061.0,1,1,0.99980706,0.009596608,0.00797842,-0.015170804,0.0,0.0,0.0
366062.0,1,1,0.9998073,0.009599741,0.007939246,-0.015173568,0.0,0.0,0.0
366063.0,1,1,0.99980736,0.009606529,0.007901656,-0.015184022,0.0,0.0,0.0
366064.0,1,1,0.9998074,0.009621412,0.007869378,-0.015189215,0.0,0.0,0.0
366065.0,1,1,0.99980736,0.009627045,0.007849527,-0.015199877,0.0,0.0,0.0
366066.0,1,1,0.9998073,0.0096328575,0.007837468,-0.015205233,0.0,0.0,0.0
366067.0,1,1,0.99980724,0.009643114,0.007825534,-0.015210559,0.0,0.0,0.0
366068.0,1,1,0.9998072,0.009648525,0.007801893,-0.015223825,0.0,0.0,0.0
366069.0,1,1,0.9998072,0.009660867,0.007770965,-0.015231699,0.0,0.0,0.0
366070.0,1,1,0.9998072,0.009687572,0.007732421,-0.015234113,0.0,0.0,0.0
366071.0,1,1,0.9998072,0.009705827,0.00769481,-0.015241696,0.0,0.0,0.0
366072.0,1,1,0.9998072,0.009707654,0.007673156,-0.015252072,0.0,0.0,0.0
366073.0,1,1,0.9998071,0.009710285,0.0076632467,-0.015257374,0.0,0.0,0.0
366074.0,1,1,0.99980694,0.00971521,0.007658433,-0.01526796,0.0,0.0,0.0
366075.0,1,1,0.99980676,0.009724003,0.007651301,-0.015275721,0.0,0.0,0.0
366076.0,1,1,0.9998066,0.009742591,0.0076451134,-0.015280638,0.0,0.0,0.0
366077.0,1,1,0.99980646,0.0097726565,0.0076259156,-0.015280158,0.0,0.0,0.0
366078.0,1,1,0.9998064,0.009784995,0.007604891,-0.015284983,0.0,0.0,0.0
366079.0,1,1,0.9998063,0.009776262,0.0076094265,-0.015295324,0.0,0.0,0.0
366080.0,1,1,0.99980617,0.009773216,0.0076105515,-0.015303239,0.0,0.0,0.0
366081.0,1,1,0.99980605,0.009771518,0.0076128305,-0.015310864,0.0,0.0,0.0
366082.0,1,1,0.9998058,0.009784553,0.0076140356,-0.015318469,0.0,0.0,0.0
366083.0,1,1,0.9998055,0.009789774,0.0076233824,-0.015331296,0.0,0.0,0.0
366084.0,1,1,0.9998054,0.009780664,0.0076354593,-0.015338844,0.0,0.0,0.0
366085.0,1,1,0.99980533,0.009769034,0.0076455604,-0.015346348,0.0,0.0,0.0
366086.0,1,1,0.9998052,0.00975751,0.0076586334,-0.015356376,0.0,0.0,0.0
366087.0,1,1,0.999805,0.00974872,0.0076717953,-0.015369066,0.0,0.0,0.0
366088.0,1,1,0.99980474,0.009741882,0.007684392,-0.015381764,0.0,0.0,0.0
366089.0,1,1,0.99980444,0.00974024,0.0077087707,-0.015391845,0.0,0.0,0.0
366090.0,1,1,0.9998041,0.009733211,0.0077329655,-0.015407193,0.0,0.0,0.0
366091.0,1,1,0.9998037,0.009728656,0.0077568707,-0.015422535,0.0,0.0,0.0
366092.0,1,1,0.9998032,0.009721601,0.0077859103,-0.015440433,0.0,0.0,0.0
366093.0,1,1,0.999803,0.009704406,0.0078121363,-0.015453055,0.0,0.0,0.0
366094.0,1,1,0.99980277,0.009685041,0.007835263,-0.015468481,0.0,0.0,0.0
366095.0,1,1,0.99980253,0.009666022,0.007860627,-0.015483899,0.0,0.0,0.0
366096.0,1,1,0.9998023,0.00964927,0.007880582,-0.015499273,0.0,0.0,0.0
366097.0,1,1,0.99980193,0.009640091,0.007905676,-0.015514448,0.0,0.0,0.0
366098.0,1,1,0.99980164,0.0096331695,0.0079200305,-0.015529693,0.0,0.0,0.0
366099.0,1,1,0.9998016,0.009616375,0.007930194,-0.015539549,0.0,0.0,0.0
366100.0,1,1,0.99980146,0.009597553,0.007952605,-0.015546716,0.0,0.0,0.0
366101.0,1,1,0.99980134,0.009575976,0.007974896,-0.015556495,0.0,0.0,0.0
366102.0,1,1,0.9998012,0.009554591,0.007992424,-0.015568923,0.0,0.0,0.0
366103.0,1,1,0.9998011,0.009523141,0.008017964,-0.015581241,0.0,0.0,0.0
366104.0,1,1,0.99980104,0.00948724,0.008050229,-0.0155909415,0.0,0.0,0.0
366105.0,1,1,0.9998009,0.009452658,0.008086954,-0.015600765,0.0,0.0,0.0
366106.0,1,1,0.99980074,0.0094188545,0.008127879,-0.015610759,0.0,0.0,0.0
366107.0,1,1,0.9998006,0.009377533,0.008168525,-0.015623393,0.0,0.0,0.0
366108.0,1,1,0.9998007,0.009336471,0.00819585,-0.015630718,0.0,0.0,0.0
366109.0,1,1,0.9998007,0.009300497,0.008220749,-0.01563789,0.0,0.0,0.0
366110.0,1,1,0.9998007,0.009264019,0.008247818,-0.01564499,0.0,0.0,0.0
366111.0,1,1,0.9998007,0.009228909,0.008276636,-0.015652284,0.0,0.0,0.0
366112.0,1,1,0.9998005,0.0091943,0.008312839,-0.015664918,0.0,0.0,0.0
366113.0,1,1,0.9998004,0.009165193,0.0083436305,-0.015674893,0.0,0.0,0.0
366114.0,1,1,0.99980015,0.009128582,0.008371864,-0.015690137,0.0,0.0,0.0
366115.0,1,1,0.99980015,0.009092071,0.008389613,-0.01570266,0.0,0.0,0.0
366116.0,1,1,0.9998,0.009062711,0.0084073255,-0.015717745,0.0,0.0,0.0
366117.0,1,1,0.99979997,0.009037647,0.008414678,-0.015732627,0.0,0.0,0.0
366118.0,1,1,0.99979997,0.009002942,0.008427124,-0.015747614,0.0,0.0,0.0
366119.0,1,1,0.99980015,0.008944629,0.0084429765,-0.015759962,0.0,0.0,0.0
366120.0,1,1,0.9998002,0.008888978,0.0084645655,-0.01577481,0.0,0.0,0.0
366121.0,1,1,0.99980026,0.008811531,0.008515882,-0.015787011,0.0,0.0,0.0
366122.0,1,1,0.9998001,0.008756716,0.008572822,-0.015799738,0.0,0.0,0.0
366123.0,1,1,0.9997999,0.008704054,0.008618734,-0.015814953,0.0,0.0,0.0
366124.0,1,1,0.9997997,0.008654385,0.008672273,-0.015824644,0.0,0.0,0.0
366125.0,1,1,0.9997996,0.008612381,0.008707524,-0.0158344,0.0,0.0,0.0
366126.0,1,1,0.9997996,0.008562758,0.008737793,-0.015846644,0.0,0.0,0.0
366127.0,1,1,0.9997998,0.008506334,0.008765845,-0.01585086,0.0,0.0,0.0
366128.0,1,1,0.99979955,0.00846394,0.008811785,-0.015863054,0.0,0.0,0.0
366129.0,1,1,0.99979943,0.00842162,0.008856332,-0.015870048,0.0,0.0,0.0
366130.0,1,1,0.9997993,0.008384166,0.008887589,-0.015879583,0.0,0.0,0.0
366131.0,1,1,0.99979913,0.008348851,0.008926777,-0.015888888,0.0,0.0,0.0
366132.0,1,1,0.99979895,0.008301701,0.008972821,-0.015892994,0.0,0.0,0.0
366133.0,1,1,0.9997989,0.008252847,0.0090133045,-0.015899815,0.0,0.0,0.0
366134.0,1,1,0.9997987,0.008196909,0.009058777,-0.015914582,0.0,0.0,0.0
366135.0,1,1,0.99979883,0.0081199445,0.009099202,-0.015924245,0.0,0.0,0.0
366136.0,1,1,0.99979925,0.008032755,0.009142697,-0.015917933,0.0,0.0,0.0
366137.0,1,1,0.99979895,0.008000846,0.009205179,-0.015916767,0.0,0.0,0.0
366138.0,1,1,0.99979854,0.007977135,0.009263885,-0.015920637,0.0,0.0,0.0
366139.0,1,1,0.9997983,0.007929591,0.009330157,-0.015921991,0.0,0.0,0.0
366140.0,1,1,0.99979794,0.007879722,0.009402603,-0.015926328,0.0,0.0,0.0
366141.0,1,1,0.9997977,0.007808636,0.009468525,-0.015936105,0.0,0.0,0.0
366142.0,1,1,0.9997978,0.0077362256,0.009524016,-0.015932659,0.0,0.0,0.0
366143.0,1,1,0.9997978,0.0076856427,0.009576224,-0.01592668,0.0,0.0,0.0
366144.0,1,1,0.99979764,0.0076706517,0.009628936,-0.01591232,0.0,0.0,0.0
366145.0,1,1,0.99979645,0.007717566,0.009707412,-0.015918722,0.0,0.0,0.0
366146.0,1,1,0.99979526,0.0077183065,0.009804383,-0.015932756,0.0,0.0,0.0
366147.0,1,1,0.99979454,0.00767069,0.009901267,-0.015939558,0.0,0.0,0.0
366148.0,1,1,0.9997942,0.0076107094,0.009979844,-0.01594147,0.0,0.0,0.0
366149.0,1,1,0.99979347,0.007576657,0.010058526,-0.015953897,0.0,0.0,0.0
366150.0,1,1,0.9997933,0.007513821,0.0101269,-0.015953213,0.0,0.0,0.0
366151.0,1,1,0.9997928,0.0074752676,0.010214805,-0.015939562,0.0,0.0,0.0
366152.0,1,1,0.9997913,0.007527976,0.010318247,-0.015943946,0.0,0.0,0.0
366153.0,1,1,0.99978936,0.007588083,0.01043293,-0.015966335,0.0,0.0,0.0
366154.0,1,1,0.9997878,0.007585569,0.010554296,-0.015986636,0.0,0.0,0.0
366155.0,1,1,0.99978685,0.007560413,0.010634215,-0.015999611,0.0,0.0,0.0
366156.0,1,1,0.9997859,0.007557665,0.010705564,-0.016014963,0.0,0.0,0.0
366157.0,1,1,0.9997846,0.007570653,0.010791231,-0.016032416,0.0,0.0,0.0
366158.0,1,1,0.9997834,0.0075809243,0.01086728,-0.016052714,0.0,0.0,0.0
366159.0,1,1,0.9997822,0.0075874026,0.010955579,-0.016065108,0.0,0.0,0.0
366160.0,1,1,0.9997809,0.007586404,0.011055548,-0.016077552,0.0,0.0,0.0
366161.0,1,1,0.99977976,0.0075809294,0.011148652,-0.01608757,0.0,0.0,0.0
366162.0,1,1,0.99977845,0.007600968,0.011240115,-0.016089605,0.0,0.0,0.0
366163.0,1,1,0.999777,0.007641605,0.011338162,-0.01609128,0.0,0.0,0.0
366164.0,1,1,0.9997761,0.00762121,0.011429598,-0.016093336,0.0,0.0,0.0
366165.0,1,1,0.9997756,0.0075959247,0.011509892,-0.01607998,0.0,0.0,0.0
366166.0,1,1,0.9997744,0.0076401792,0.011595033,-0.016073901,0.0,0.0,0.0
366167.0,1,1,0.9997725,0.0077109253,0.011698845,-0.016083097,0.0,0.0,0.0
366168.0,1,1,0.99977064,0.007750963,0.011819234,-0.016092855,0.0,0.0,0.0
366169.0,1,1,0.9997692,0.0077411314,0.011934055,-0.01610075,0.0,0.0,0.0
366170.0,1,1,0.9997679,0.0077422597,0.012022704,-0.016114295,0.0,0.0,0.0
366171.0,1,1,0.9997663,0.00778822,0.012107153,-0.01612975,0.0,0.0,0.0
366172.0,1,1,0.9997648,0.007838969,0.01218567,-0.016139328,0.0,0.0,0.0
366173.0,1,1,0.9997635,0.00783767,0.012275245,-0.016152259,0.0,0.0,0.0
366174.0,1,1,0.999762,0.007862117,0.01237346,-0.016158005,0.0,0.0,0.0
366175.0,1,1,0.9997599,0.007913592,0.012483102,-0.01617632,0.0,0.0,0.0
366176.0,1,1,0.99975777,0.0079741385,0.012595768,-0.016191846,0.0,0.0,0.0
366177.0,1,1,0.9997557,0.008042132,0.012704117,-0.016202267,0.0,0.0,0.0
366178.0,1,1,0.999754,0.0080831805,0.012795404,-0.016215296,0.0,0.0,0.0
366179.0,1,1,0.9997527,0.0081173945,0.012861675,-0.01622859,0.0,0.0,0.0
366180.0,1,1,0.99975127,0.008171386,0.012928117,-0.016236344,0.0,0.0,0.0
366181.0,1,1,0.99974966,0.008239399,0.013004338,-0.016241213,0.0,0.0,0.0
366182.0,1,1,0.9997482,0.008279578,0.013084718,-0.01624886,0.0,0.0,0.0
366183.0,1,1,0.9997465,0.008313571,0.013174716,-0.016254146,0.0,0.0,0.0
366184.0,1,1,0.99974465,0.008375104,0.013274055,-0.016259428,0.0,0.0,0.0
366185.0,1,1,0.9997427,0.008446991,0.013367084,-0.016267,0.0,0.0,0.0
366186.0,1,1,0.9997406,0.008524993,0.013471836,-0.016269032,0.0,0.0,0.0
366187.0,1,1,0.99973816,0.008612051,0.013594631,-0.016270937,0.0,0.0,0.0
366188.0,1,1,0.999736,0.008659401,0.0137235345,-0.01627078,0.0,0.0,0.0
366189.0,1,1,0.99973404,0.008681502,0.013854017,-0.016271504,0.0,0.0,0.0
366190.0,1,1,0.999732,0.008732931,0.013965384,-0.016272042,0.0,0.0,0.0
366191.0,1,1,0.9997299,0.008818034,0.014055058,-0.016274333,0.0,0.0,0.0
366192.0,1,1,0.99972785,0.008928122,0.014133167,-0.016273536,0.0,0.0,0.0
366193.0,1,1,0.9997259,0.008995443,0.01422425,-0.016278261,0.0,0.0,0.0
366194.0,1,1,0.9997245,0.009025182,0.014306618,-0.016275875,0.0,0.0,0.0
366195.0,1,1,0.99972254,0.009097374,0.014398661,-0.016275914,0.0,0.0,0.0
366196.0,1,1,0.9997198,0.0091930665,0.014518127,-0.01628563,0.0,0.0,0.0
366197.0,1,1,0.9997171,0.00927406,0.014638653,-0.01629563,0.0,0.0,0.0
366198.0,1,1,0.9997141,0.009355145,0.014785977,-0.016303759,0.0,0.0,0.0
366199.0,1,1,0.9997107,0.009440435,0.014948693,-0.016314592,0.0,0.0,0.0
366200.0,1,1,0.9997078,0.009527814,0.015065446,-0.016325323,0.0,0.0,0.0
366201.0,1,1,0.9997056,0.0096094,0.015153231,-0.016335737,0.0,0.0,0.0
366202.0,1,1,0.9997028,0.0097113,0.015266584,-0.016343277,0.0,0.0,0.0
366203.0,1,1,0.9996994,0.00982449,0.015410518,-0.016348062,0.0,0.0,0.0
366204.0,1,1,0.99969584,0.00995521,0.015555285,-0.016344767,0.0,0.0,0.0
366205.0,1,1,0.9996934,0.0100454865,0.015658883,-0.016341446,0.0,0.0,0.0
366206.0,1,1,0.9996915,0.010089343,0.015753899,-0.016338656,0.0,0.0,0.0
366207.0,1,1,0.9996886,0.010157403,0.015896227,-0.016336054,0.0,0.0,0.0
366208.0,1,1,0.9996848,0.010272169,0.016062886,-0.016335372,0.0,0.0,0.0
366209.0,1,1,0.9996806,0.01039899,0.016239487,-0.016334081,0.0,0.0,0.0
366210.0,1,1,0.99967694,0.010469317,0.016424224,-0.016330823,0.0,0.0,0.0
366211.0,1,1,0.99967307,0.010550842,0.016615674,-0.016317412,0.0,0.0,0.0
366212.0,1,1,0.99966794,0.010704384,0.01682927,-0.016316526,0.0,0.0,0.0
366213.0,1,1,0.99966264,0.010834947,0.01704817,-0.016328752,0.0,0.0,0.0
366214.0,1,1,0.99965745,0.010936072,0.017270613,-0.016347775,0.0,0.0,0.0
366215.0,1,1,0.9996518,0.011027126,0.017506814,-0.01637616,0.0,0.0,0.0
366216.0,1,1,0.9996462,0.0111465175,0.017722413,-0.01640813,0.0,0.0,0.0
366217.0,1,1,0.9996406,0.011298153,0.017903017,-0.016450599,0.0,0.0,0.0
366218.0,1,1,0.9996354,0.0114912195,0.01803214,-0.01649234,0.0,0.0,0.0
366219.0,1,1,0.9996304,0.01170376,0.018137895,-0.016532905,0.0,0.0,0.0
366220.0,1,1,0.9996248,0.011905292,0.018271506,-0.016576104,0.0,0.0,0.0
366221.0,1,1,0.99961895,0.012095339,0.018430332,-0.016617382,0.0,0.0,0.0
366222.0,1,1,0.9996131,0.012274294,0.01858531,-0.016659644,0.0,0.0,0.0
366223.0,1,1,0.9996079,0.012448428,0.018705217,-0.016707595,0.0,0.0,0.0
366224.0,1,1,0.99960303,0.012640992,0.018792812,-0.016757445,0.0,0.0,0.0
366225.0,1,1,0.9995982,0.01284564,0.018859813,-0.016816923,0.0,0.0,0.0
366226.0,1,1,0.99959385,0.013039739,0.018903013,-0.016878434,0.0,0.0,0.0
366227.0,1,1,0.9995898,0.013206225,0.018949501,-0.016936736,0.0,0.0,0.0
366228.0,1,1,0.9995853,0.013343713,0.019044852,-0.016990073,0.0,0.0,0.0
366229.0,1,1,0.99958026,0.013452991,0.019184323,-0.017041905,0.0,0.0,0.0
366230.0,1,1,0.99957556,0.013552615,0.01930895,-0.017097594,0.0,0.0,0.0
366231.0,1,1,0.9995715,0.0136554325,0.019392787,-0.017158793,0.0,0.0,0.0
366232.0,1,1,0.999568,0.013753471,0.019434873,-0.017230786,0.0,0.0,0.0
366233.0,1,1,0.99956524,0.013857255,0.019436702,-0.017305767,0.0,0.0,0.0
366234.0,1,1,0.99956256,0.013969789,0.019425359,-0.01738358,0.0,0.0,0.0
366235.0,1,1,0.9995599,0.014089059,0.019402191,-0.017467378,0.0,0.0,0.0
366236.0,1,1,0.9995577,0.014222038,0.019350408,-0.017543484,0.0,0.0,0.0
366237.0,1,1,0.99955595,0.0143528525,0.019278852,-0.017614007,0.0,0.0,0.0
366238.0,1,1,0.9995542,0.014485407,0.019197691,-0.017692978,0.0,0.0,0.0
366239.0,1,1,0.9995525,0.014626335,0.019101344,-0.01778017,0.0,0.0,0.0
366240.0,1,1,0.9995509,0.014774621,0.018984074,-0.017872987,0.0,0.0,0.0
366241.0,1,1,0.99955004,0.0149249695,0.01883342,-0.017955963,0.0,0.0,0.0
366242.0,1,1,0.99954975,0.015059515,0.018654166,-0.01804353,0.0,0.0,0.0
366243.0,1,1,0.9995491,0.015208182,0.018466463,-0.018150128,0.0,0.0,0.0
366244.0,1,1,0.9995477,0.015384405,0.01827972,-0.018261889,0.0,0.0,0.0
366245.0,1,1,0.99954605,0.015585202,0.018092163,-0.018373132,0.0,0.0,0.0
366246.0,1,1,0.9995439,0.01578839,0.017921502,-0.018484065,0.0,0.0,0.0
366247.0,1,1,0.99954146,0.015976183,0.01777028,-0.018600907,0.0,0.0,0.0
366248.0,1,1,0.99953914,0.016160745,0.01760732,-0.018715646,0.0,0.0,0.0
366249.0,1,1,0.9995367,0.01635102,0.017443767,-0.01883565,0.0,0.0,0.0
366250.0,1,1,0.99953413,0.016547145,0.017276831,-0.018955847,0.0,0.0,0.0
366251.0,1,1,0.99953127,0.016751187,0.01710734,-0.019078271,0.0,0.0,0.0
366252.0,1,1,0.9995287,0.016950812,0.016932394,-0.019195458,0.0,0.0,0.0
366253.0,1,1,0.99952596,0.017157655,0.016747706,-0.019312102,0.0,0.0,0.0
366254.0,1,1,0.999523,0.017381366,0.016557097,-0.019433716,0.0,0.0,0.0
366255.0,1,1,0.9995191,0.017600173,0.016412802,-0.01955454,0.0,0.0,0.0
366256.0,1,1,0.99951553,0.017805839,0.016282387,-0.0196632,0.0,0.0,0.0
366257.0,1,1,0.99951184,0.017993063,0.016169202,-0.019774757,0.0,0.0,0.0
366258.0,1,1,0.9995082,0.018174935,0.016054472,-0.01988627,0.0,0.0,0.0
366259.0,1,1,0.9995041,0.018371869,0.015945736,-0.019994669,0.0,0.0,0.0
366260.0,1,1,0.99950004,0.018559001,0.015845925,-0.020105649,0.0,0.0,0.0
366261.0,1,1,0.99949604,0.018739121,0.015742483,-0.020219224,0.0,0.0,0.0
366262.0,1,1,0.9994927,0.018904107,0.015602489,-0.020335663,0.0,0.0,0.0
366263.0,1,1,0.99948925,0.019066676,0.015474059,-0.020453626,0.0,0.0,0.0
366264.0,1,1,0.9994851,0.019248635,0.015367888,-0.020569388,0.0,0.0,0.0
366265.0,1,1,0.9994802,0.01942916,0.015289344,-0.020691833,0.0,0.0,0.0
366266.0,1,1,0.9994759,0.019599643,0.015187671,-0.020814855,0.0,0.0,0.0
366267.0,1,1,0.99947184,0.019760845,0.01507381,-0.020935684,0.0,0.0,0.0
366268.0,1,1,0.9994681,0.01990902,0.014970714,-0.021050079,0.0,0.0,0.0
366269.0,1,1,0.99946564,0.020048779,0.014813584,-0.021144861,0.0,0.0,0.0
366270.0,1,1,0.9994647,0.020174196,0.0145742735,-0.021234125,0.0,0.0,0.0
366271.0,1,1,0.99946505,0.020281894,0.014280877,-0.021317404,0.0,0.0,0.0
366272.0,1,1,0.9994654,0.020395078,0.0139716435,-0.02139565,0.0,0.0,0.0
366273.0,1,1,0.99946547,0.020513648,0.013664427,-0.021474963,0.0,0.0,0.0
366274.0,1,1,0.99946487,0.020655425,0.013352489,-0.02156614,0.0,0.0,0.0
366275.0,1,1,0.99946487,0.020769233,0.012988768,-0.021677343,0.0,0.0,0.0
366276.0,1,1,0.9994668,0.020843755,0.012556169,-0.021773051,0.0,0.0,0.0
366277.0,1,1,0.9994688,0.020935489,0.012078845,-0.02186336,0.0,0.0,0.0
366278.0,1,1,0.99947065,0.021034291,0.011570448,-0.02195903,0.0,0.0,0.0
366279.0,1,1,0.9994732,0.021099893,0.011035758,-0.022055482,0.0,0.0,0.0
366280.0,1,1,0.99947655,0.021137327,0.010456935,-0.022147935,0.0,0.0,0.0
366281.0,1,1,0.9994805,0.02115578,0.009830918,-0.022238223,0.0,0.0,0.0
366282.0,1,1,0.99948496,0.02115568,0.009177137,-0.022320796,0.0,0.0,0.0
366283.0,1,1,0.9994895,0.021155931,0.008484206,-0.02238784,0.0,0.0,0.0
366284.0,1,1,0.9994939,0.021154106,0.0077567436,-0.022458632,0.0,0.0,0.0
366285.0,1,1,0.99949795,0.021135483,0.0070205475,-0.022538653,0.0,0.0,0.0
366286.0,1,1,0.9995012,0.021107337,0.0062779263,-0.022635544,0.0,0.0,0.0
366287.0,1,1,0.99950427,0.02106296,0.0055102706,-0.022744607,0.0,0.0,0.0
366288.0,1,1,0.99950695,0.021026189,0.0046554566,-0.02284807,0.0,0.0,0.0
366289.0,1,1,0.999509,0.021008758,0.0036533694,-0.02295837,0.0,0.0,0.0
366290.0,1,1,0.9995098,0.020989355,0.0026171908,-0.023084048,0.0,0.0,0.0
366291.0,1,1,0.99950933,0.020960279,0.0015045201,-0.023227425,0.0,0.0,0.0
366292.0,1,1,0.9995087,0.020876814,0.00020385456,-0.023378847,0.0,0.0,0.0
366293.0,1,1,0.99950665,0.02073926,-0.0012536276,-0.023555018,0.0,0.0,0.0
366294.0,1,1,0.99950194,0.020588497,-0.002856433,-0.023746105,0.0,0.0,0.0
366295.0,1,1,0.9994939,0.020430075,-0.0046205875,-0.023944875,0.0,0.0,0.0
366296.0,1,1,0.99948186,0.020250205,-0.0065170443,-0.02415544,0.0,0.0,0.0
366297.0,1,1,0.99946517,0.020031018,-0.008603922,-0.024373489,0.0,0.0,0.0
366298.0,1,1,0.99944407,0.019751027,-0.010785623,-0.024602016,0.0,0.0,0.0
366299.0,1,1,0.99941933,0.019467505,-0.012791421,-0.024866816,0.0,0.0,0.0
366300.0,1,1,0.9993932,0.019158673,-0.014648526,-0.025131313,0.0,0.0,0.0
366301.0,1,1,0.9993635,0.018801013,-0.016606167,-0.025363915,0.0,0.0,0.0
366302.0,1,1,0.9993255,0.018465133,-0.018779732,-0.025591737,0.0,0.0,0.0
366303.0,1,1,0.9992781,0.018162956,-0.021105137,-0.025845556,0.0,0.0,0.0
366304.0,1,1,0.9992206,0.017865751,-0.023606533,-0.02611203,0.0,0.0,0.0
366305.0,1,1,0.99915063,0.017627656,-0.026309654,-0.026367744,0.0,0.0,0.0
366306.0,1,1,0.9990674,0.017355345,-0.029259413,-0.026591146,0.0,0.0,0.0
366307.0,1,1,0.99897915,0.017086124,-0.032092035,-0.02681042,0.0,0.0,0.0
366308.0,1,1,0.9988789,0.016859373,-0.035047367,-0.026989013,0.0,0.0,0.0
366309.0,1,1,0.9987668,0.016690701,-0.038061276,-0.027161494,0.0,0.0,0.0
366310.0,1,1,0.9986457,0.016593898,-0.041046944,-0.027321821,0.0,0.0,0.0
366311.0,1,1,0.9985181,0.016569143,-0.043998387,-0.027409492,0.0,0.0,0.0
366312.0,1,1,0.99839336,0.016500292,-0.04674837,-0.027441455,0.0,0.0,0.0
366313.0,1,1,0.9982725,0.016361743,-0.04932198,-0.0274199,0.0,0.0,0.0
366314.0,0,0,0.99810076,0.015948063,-0.052853998,-0.027333502,-3.5716625e-05,1.0283139e-05,1.0017813e-05
366315.0,0,0,0.99789923,0.01542528,-0.056739062,-0.027201416,-0.00010881489,3.1726424e-05,2.8297774e-05
366316.0,0,0,0.9976676,0.0148181785,-0.06092205,-0.026987737,-0.00020235301,6.2126586e-05,5.9170958e-05
366317.0,0,0,0.9974196,0.014192947,-0.065123245,-0.026678266,-0.00029804235,9.9248406e-05,0.00010575925
366318.0,0,0,0.9971626,0.013534506,-0.06920785,-0.026340015,-0.00041083034,0.0001475673,0.00016350209
366319.0,0,0,0.996862,0.012794613,-0.073698886,-0.025903042,-0.00057384995,0.00021391339,0.00022815491
366320.0,0,0,0.9965098,0.011972588,-0.07862302,-0.025365548,-0.0008163891,0.00030233024,0.00029996716
366321.0,0,0,0.99607193,0.0110479845,-0.084305085,-0.024723645,-0.001141473,0.0004112477,0.00038153245
366322.0,0,0,0.9955463,0.010094072,-0.09060233,-0.024022058,-0.0015355615,0.000545406,0.0004762238
366323.0,0,0,0.9948938,0.008935439,-0.09780099,-0.023267273,-0.0019817948,0.00069931644,0.00059915154
366324.0,0,0,0.9940871,0.007868369,-0.1059449,-0.022462295,-0.0024943808,0.0008597947,0.0007633018
366325.0,0,0,0.9931065,0.0068634194,-0.114971034,-0.021778073,-0.0032132096,0.0010507632,0.0009561207
366326.0,0,0,0.9916923,0.0051479535,-0.1268119,-0.020941341,-0.004328692,0.0013246969,0.0011824823
366327.0,0,0,0.98964494,0.0025728943,-0.14215064,-0.019733807,-0.005913959,0.0016901225,0.0014677988
366328.0,0,0,0.98686826,-0.00016793371,-0.16051276,-0.018071739,-0.0077719786,0.00210406,0.0018279365
366329.0,0,0,0.9834988,-0.00324538,-0.18018612,-0.015888538,-0.009703881,0.002551438,0.0022883238
366330.0,0,0,0.98010284,-0.0069698696,-0.19782458,-0.014669739,-0.011871241,0.0030814963,0.0028626318
366331.0,0,0,0.97555584,-0.011471564,-0.21903327,-0.013549225,-0.014576957,0.003741744,0.0035343065
366332.0,0,0,0.9696977,-0.016441906,-0.24345066,-0.012156354,-0.01781134,0.004490341,0.0042580874
366333.0,0,0,0.9628949,-0.0214697,-0.26880735,-0.010732714,-0.02143211,0.005289774,0.004974383
366334.0,0,0,0.9550517,-0.026981167,-0.29505536,-0.009519236,-0.025378067,0.0061226552,0.005604394
366335.0,0,0,0.94614017,-0.032424998,-0.3220138,-0.00862462,-0.029644588,0.0069374493,0.0060681375
366336.0,0,0,0.9359541,-0.036768615,-0.350112,-0.007713081,-0.034222,0.0076524005,0.0063082553
366337.0,0,0,0.9243089,-0.03991572,-0.37949228,-0.0067242747,-0.03904726,0.008192057,0.006293314
366338.0,0,0,0.9111581,-0.041667596,-0.40990955,-0.005380563,-0.044086404,0.008593489,0.0060337237
366339.0,0,0,0.8972133,-0.042828362,-0.43950212,-0.0034735713,-0.049285386,0.009073588,0.0057079066
366340.0,0,0,0.8842816,-0.044507846,-0.4648238,-0.002019835,-0.054620076,0.009811528,0.0059817727
366341.0,0,0,0.87524486,-0.046881907,-0.48138884,-0.0036590367,-0.060353246,0.010727592,0.0076373676
366342.0,0,0,0.87103313,-0.046284206,-0.48900118,-0.0060754274,-0.06689585,0.011659969,0.010685866
366343.0,0,0,0.86943215,-0.04403416,-0.49201575,-0.008330544,-0.074438564,0.01256899,0.014366069
366344.0,0,0,0.8682948,-0.04221255,-0.49411774,-0.011402241,-0.08296135,0.013490572,0.01793865
366345.0,0,0,0.86714345,-0.039909806,-0.49625152,-0.014280181,-0.09227468,0.014425009,0.021165708
366346.0,0,0,0.8667847,-0.036730397,-0.49703607,-0.017038656,-0.10225771,0.015344762,0.024171827
366347.0,0,0,0.8670603,-0.032671876,-0.4967466,-0.019540558,-0.112796135,0.016218042,0.027026983
366348.0,0,0,0.86751026,-0.027899697,-0.49615872,-0.021773692,-0.12389798,0.017045962,0.029676773
366349.0,0,0,0.8678976,-0.022774087,-0.49564695,-0.02385641,-0.13537231,0.017840076,0.03198891
366350.0,0,0,0.8682288,-0.017455608,-0.49517533,-0.025991576,-0.14738272,0.018640775,0.03396752
366351.0,0,0,0.8687045,-0.012106343,-0.49436644,-0.028420998,-0.15985975,0.019460786,0.035635218
366352.0,0,0,0.86945856,-0.006748025,-0.49297047,-0.031248972,-0.17280085,0.020302324,0.037044827
366353.0,0,0,0.87059563,-0.0014437566,-0.4907822,-0.034553275,-0.18619153,0.021158308,0.038233344
366354.0,0,0,0.8721631,0.0037266226,-0.48769295,-0.038381495,-0.20006058,0.022022465,0.039220978
366355.0,0,0,0.87415564,0.008678233,-0.48368728,-0.042698894,-0.21436918,0.022884952,0.040013324
366356.0,0,0,0.8765685,0.013361696,-0.47874117,-0.047496967,-0.22912686,0.023738317,0.04061855
366357.0,0,0,0.8793813,0.017777538,-0.47285688,-0.052715722,-0.24433702,0.024570553,0.041043863
366358.0,0,0,0.88250196,0.021960085,-0.46617433,-0.058219586,-0.25994396,0.025362868,0.041294716
366359.0,0,0,0.88585913,0.025942054,-0.45879984,-0.06390181,-0.27597514,0.026097264,0.04138022
366360.0,0,0,0.8894221,0.02975881,-0.4507698,-0.069638155,-0.29239976,0.026746644,0.041313145
366361.0,0,0,0.8931683,0.033470526,-0.4421214,-0.07522523,-0.30918464,0.027278395,0.04110984
366362.0,0,0,0.89709663,0.03711312,-0.43284908,-0.08051033,-0.3263503,0.027660694,0.040785115
366363.0,0,0,0.90119094,0.040701788,-0.42297977,-0.085361235,-0.3438703,0.027863825,0.04034833
366364.0,0,0,0.90542483,0.04423499,-0.41257033,-0.08963827,-0.36170197,0.027861852,0.03980076
366365.0,0,0,0.90974885,0.0477083,-0.40173116,-0.093236186,-0.37984312,0.02763363,0.03913687
366366.0,0,0,0.9141066,0.051059805,-0.39061168,-0.09604468,-0.39830673,0.027164241,0.03835159
366367.0,0,0,0.9184624,0.054237846,-0.3793126,-0.09801567,-0.41706815,0.026448354,0.037448227
366368.0,0,0,0.9228108,0.057214867,-0.36784995,-0.09916253,-0.43612522,0.025488367,0.03643591
366369.0,0,0,0.927168,0.059940096,-0.35615805,-0.09959026,-0.45545292,0.024295954,0.035325434
366370.0,0,0,0.93152523,0.062306646,-0.3442187,-0.09945975,-0.4749672,0.022896918,0.03412369
366371.0,0,0,0.9358506,0.06416098,-0.33207825,-0.09895018,-0.49466366,0.021320932,0.032823943
366372.0,0,0,0.9400994,0.06533112,-0.3198396,-0.09822213,-0.51455563,0.019599698,0.031416178
366373.0,0,0,0.94422,0.06569446,-0.3076418,-0.09741276,-0.53453195,0.017773487,0.029906154
366374.0,0,0,0.94821215,0.06521881,-0.2954802,-0.09660036,-0.5546794,0.01585505,0.028294325
366375.0,0,0,0.95207214,0.06395198,-0.2833565,-0.0958013,-0.57496977,0.013857129,0.026599772
366376.0,0,0,0.9557945,0.062011167,-0.27127135,-0.094991736,-0.59535354,0.01178644,0.024851436
366377.0,0,0,0.9594026,0.059529025,-0.2591234,-0.094117,-0.6159237,0.009629734,0.023070022
366378.0,0,0,0.96287733,0.056656163,-0.24695688,-0.09311166,-0.63658327,0.0073917834,0.021294275
366379.0,0,0,0.9662336,0.053522687,-0.23470168,-0.0918868,-0.6574088,0.0050588953,0.019548941
366380.0,0,0,0.96946645,0.050254602,-0.22235522,-0.0903742,-0.67835766,0.0026307693,0.017870005
366381.0,0,0,0.9725948,0.046932504,-0.20981543,-0.08851218,-0.69949543,9.6314e-05,0.016284512
366382.0,0,0,0.9756109,0.043601476,-0.1970729,-0.08628104,-0.7207311,-0.0025314747,0.014827172
366383.0,0,0,0.978517,0.04026147,-0.1840709,-0.08367451,-0.7421278,-0.005251766,0.013517863
366384.0,0,0,0.9812925,0.03691311,-0.17083107,-0.080742925,-0.7636293,-0.008043864,0.01238125
366385.0,0,0,0.98393154,0.03353966,-0.1572991,-0.077530235,-0.78524834,-0.010895574,0.01143418
366386.0,0,0,0.9864163,0.03014745,-0.14347854,-0.074080706,-0.80693865,-0.013788842,0.0106899105
366387.0,0,0,0.9887264,0.026755823,-0.12939903,-0.0704288,-0.82867634,-0.016709484,0.010154045
366388.0,0,0,0.99084246,0.023394275,-0.11509504,-0.06661097,-0.8504838,-0.019648865,0.0098285675
366389.0,0,0,0.99274194,0.020087041,-0.10065735,-0.06267475,-0.8723063,-0.02258698,0.009717419
366390.0,0,0,0.99441576,0.016850881,-0.08609583,-0.058659077,-0.8941356,-0.02551051,0.009826497
366391.0,0,0,0.9958587,0.013719325,-0.07138712,-0.05459866,-0.9159603,-0.028407902,0.010162025
366392.0,0,0,0.997063,0.010743013,-0.056536764,-0.05053246,-0.93774647,-0.03126652,0.010726628
366393.0,0,0,0.99802136,0.007954143,-0.041568406,-0.04649939,-0.9594626,-0.03407434,0.0115188565
366394.0,0,0,0.9987302,0.005365324,-0.02647118,-0.042528484,-0.9811394,-0.036827404,0.012537915
366395.0,0,0,0.9991852,0.0029871226,-0.011242049,-0.038648084,-1.0028031,-0.03952142,0.013781858
366396.0,0,0,0.9993818,0.0008235324,0.003945833,-0.03492784,-1.024253,-0.04212579,0.015229567
366397.0,0,0,0.9993232,-0.0011527006,0.019158535,-0.03137986,-1.0456266,-0.044652164,0.01688101
366398.0,0,0,0.99901265,-0.0029556972,0.034339305,-0.028032977,-1.0669078,-0.047094446,0.018728107
366399.0,0,0,0.9984574,-0.0046080532,0.049402345,-0.024921687,-1.0880191,-0.049441077,0.020759553
366400.0,0,0,0.9976651,-0.006143019,0.06434435,-0.022057896,-1.109005,-0.05169529,0.022981051
366401.0,0,0,0.99664134,-0.0076000006,0.07917968,-0.019466061,-1.1298304,-0.053853534,0.025395785
366402.0,0,0,0.9953857,-0.008990996,0.093980126,-0.017153196,-1.1505247,-0.0559209,0.028017271
366403.0,0,0,0.99390435,-0.010332768,0.108713366,-0.015125038,-1.1709974,-0.057892423,0.03084311
366404.0,0,0,0.9921983,-0.011663424,0.12340184,-0.0133662,-1.1912477,-0.059774008,0.03388074
366405.0,0,0,0.99026746,-0.013010454,0.13805956,-0.01186474,-1.2112732,-0.061572347,0.037136886
366406.0,0,0,0.98811316,-0.014401953,0.15268545,-0.010588934,-1.231075,-0.06329535,0.040618546
366407.0,0,0,0.98573977,-0.015846033,0.16725922,-0.009496003,-1.250601,-0.064948685,0.044321194
366408.0,0,0,0.98313916,-0.017352417,0.18183306,-0.008539135,-1.2698148,-0.06654162,0.048238523
366409.0,0,0,0.98029906,-0.018954527,0.19645746,-0.007679387,-1.2887017,-0.068084456,0.052363243
366410.0,0,0,0.9772407,-0.020671127,0.21101229,-0.006866213,-1.3071779,-0.06957883,0.056667212
366411.0,0,0,0.97396886,-0.02252703,0.22547875,-0.0060428004,-1.3252976,-0.07103577,0.06115268
366412.0,0,0,0.9704895,-0.024517616,0.23983838,-0.00516703,-1.3430178,-0.07246127,0.06579755
366413.0,0,0,0.9668182,-0.026585909,0.25404352,-0.004197289,-1.3602428,-0.073860675,0.07055758
366414.0,0,0,0.962951,-0.02869984,0.26812765,-0.0030714902,-1.3770144,-0.075251676,0.07541581
366415.0,0,0,0.95893526,-0.030823005,0.28193992,-0.0017394195,-1.3932066,-0.07663781,0.08029486
366416.0,0,0,0.9547858,-0.032898393,0.29546863,-0.00013953251,-1.4089029,-0.07804065,0.08517152
366417.0,0,0,0.9505618,-0.03483266,0.3085706,0.0017446678,-1.4240268,-0.07946666,0.0899657
366418.0,0,0,0.946305,-0.03658335,0.32117456,0.0039199153,-1.4385982,-0.08092711,0.09462122
366419.0,0,0,0.94207597,-0.03810513,0.33316696,0.006380912,-1.452586,-0.08242381,0.09906105
366420.0,0,0,0.9379299,-0.039387755,0.344462,0.009065421,-1.4659851,-0.08395494,0.103211835
366421.0,0,0,0.93392825,-0.0404465,0.3549665,0.011874903,-1.4787887,-0.085508615,0.10699638
366422.0,0,0,0.93013173,-0.04139029,0.36458954,0.014705478,-1.491002,-0.08706197,0.11033774
366423.0,0,0,0.92659265,-0.042410236,0.37325937,0.017458934,-1.5026256,-0.08858139,0.11315641
366424.0,0,0,0.92335474,-0.043735094,0.38092077,0.020070693,-1.5136446,-0.09002881,0.115372285
366425.0,0,0,0.9204365,-0.045500312,0.38758367,0.022478692,-1.5240946,-0.091380835,0.116918676
366426.0,0,0,0.91835254,-0.04800363,0.3920869,0.02433556,-1.5339416,-0.09261905,0.11768218
366427.0,0,0,0.9167624,-0.050634377,0.39536384,0.025891935,-1.5432005,-0.09375266,0.117624916
366428.0,0,0,0.915719,-0.05313329,0.39736578,0.027131515,-1.5518668,-0.09479771,0.116720766
366429.0,0,0,0.9152725,-0.05515501,0.39805645,0.028025195,-1.5599401,-0.09578067,0.11496042
366430.0,0,0,0.91548455,-0.05634759,0.39736333,0.028554168,-1.5674406,-0.09673404,0.11234284
366431.0,0,0,0.9163968,-0.056473166,0.3952253,0.028716346,-1.5743299,-0.097676165,0.10890618
366432.0,0,0,0.9179791,-0.055483602,0.3916917,0.02852199,-1.580612,-0.09861954,0.1046788
366433.0,0,0,0.92013025,-0.053533636,0.38692704,0.027966427,-1.5862594,-0.09956723,0.099721745
366434.0,0,0,0.92336315,-0.05098246,0.37961864,0.02628539,-1.5914538,-0.10036908,0.09406014
366435.0,0,0,0.9277584,-0.05079618,0.3689474,0.023704197,-1.5968543,-0.10077743,0.08803962
366436.0,0,0,0.9328355,-0.057938796,0.35477266,0.02444083,-1.6028299,-0.10095521,0.08227672
366437.0,0,0,0.9374795,-0.06233932,0.341576,0.02391403,-1.6089704,-0.10134979,0.07700786
366438.0,0,0,0.94128245,-0.060695715,0.33140072,0.021842469,-1.6149237,-0.10226955,0.0720977
366439.0,0,0,0.94498414,-0.056573234,0.32163516,0.018849097,-1.6207082,-0.103903174,0.067328095
366440.0,0,0,0.94989276,-0.047757477,0.3085396,0.015045023,-1.626773,-0.106274456,0.062276904
366441.0,0,0,0.9562315,-0.035981234,0.2901177,0.012585538,-1.6333756,-0.10899707,0.0566647
366442.0,0,0,0.9629205,-0.029637475,0.26780465,0.013655181,-1.6403413,-0.11168624,0.050410315
366443.0,0,0,0.9687635,-0.028286422,0.24574506,0.017509142,-1.647129,-0.11430969,0.043792445
366444.0,0,0,0.9736467,-0.026474075,0.22541025,0.022391694,-1.6533884,-0.11700302,0.037252463
366445.0,0,0,0.9779523,-0.022941967,0.20575623,0.027337864,-1.6590813,-0.11971199,0.031132014
366446.0,0,0,0.9817409,-0.018991789,0.18658204,0.031799097,-1.6642995,-0.12219581,0.025509743
366447.0,0,0,0.9849779,-0.015432941,0.16832504,0.03531166,-1.6690645,-0.12420869,0.020323608
366448.0,0,0,0.987664,-0.0126416795,0.15146236,0.037674587,-1.673362,-0.12562758,0.015480022
366449.0,0,0,0.98983556,-0.011341415,0.13626792,0.039090518,-1.6771845,-0.1264624,0.0109641235
366450.0,0,0,0.99158347,-0.011581226,0.122629315,0.03987617,-1.6805881,-0.12684257,0.006805467
366451.0,0,0,0.99301356,-0.012749448,0.11022514,0.0401479,-1.6836672,-0.12694138,0.0030452495
366452.0,0,0,0.9942022,-0.014662018,0.098603606,0.04030528,-1.6864897,-0.12692572,-0.00030612346
366453.0,0,0,0.9951498,-0.016662898,0.088110596,0.040444847,-1.6890311,-0.1269376,-0.0032498194
366454.0,0,0,0.99585843,-0.018313382,0.07928113,0.040561724,-1.6912727,-0.12706198,-0.0058241696
366455.0,0,0,0.99633455,-0.019737056,0.07236663,0.041121542,-1.6933513,-0.12740672,-0.008031427
366456.0,0,0,0.9967679,-0.019561112,0.06505225,0.042889632,-1.6953466,-0.12806855,-0.009770493
366457.0,0,0,0.9972113,-0.017361345,0.056802295,0.045186922,-1.6971017,-0.12903894,-0.011070606
366458.0,0,0,0.9973728,-0.014878515,0.053190984,0.046869595,-1.698471,-0.13019614,-0.012067708
366459.0,0,0,0.9974748,-0.011707991,0.05088222,0.048145313,-1.6996342,-0.13140765,-0.012903574
366460.0,0,0,0.9975995,-0.008315026,0.047660977,0.049543783,-1.7007561,-0.13250571,-0.013619905
366461.0,0,0,0.9976943,-0.0057468405,0.045022674,0.05045828,-1.7018741,-0.13341302,-0.014219287
366462.0,0,0,0.9977637,-0.003747323,0.04312678,0.05092729,-1.7029544,-0.13416511,-0.014682523
366463.0,0,0,0.99781406,-0.0019683132,0.04160072,0.051309902,-1.7039443,-0.13486104,-0.015001514
366464.0,0,0,0.9978314,-0.0002230833,0.04083754,0.051621377,-1.704828,-0.1355899,-0.015201188
366465.0,0,0,0.9978241,0.0016815268,0.040549804,0.051961415,-1.7056383,-0.13636762,-0.015319791
366466.0,0,0,0.997812,0.0036111833,0.04032621,0.052269477,-1.7064284,-0.13714546,-0.015387007
366467.0,0,0,0.99780613,0.0051349895,0.040133797,0.0524014,-1.7072215,-0.13784593,-0.015408527
366468.0,0,0,0.9978087,0.0060987505,0.0399417,0.05239647,-1.708016,-0.1384362,-0.015375242
366469.0,0,0,0.9978077,0.0065912446,0.03999771,0.052312963,-1.7087866,-0.13893673,-0.015285954
366470.0,0,0,0.9977987,0.006853884,0.04030576,0.05221318,-1.7095257,-0.13940592,-0.015155537
366471.0,0,0,0.9977832,0.007166466,0.04070924,0.052154418,-1.7102447,-0.13988915,-0.015007353
366472.0,0,0,0.99776703,0.0075638057,0.04108192,0.052115988,-1.7109642,-0.1403941,-0.01485896
366473.0,0,0,0.99775565,0.007910011,0.041359223,0.05206314,-1.7117022,-0.14090265,-0.0147143295
366474.0,0,0,0.9977506,0.008105121,0.041514184,0.05200789,-1.7124587,-0.1413939,-0.014568942
366475.0,0,0,0.9977482,0.008137715,0.04165022,0.05193802,-1.7132243,-0.14186302,-0.01442009
366476.0,0,1,0.9977402,0.008244315,0.04193845,0.051843613,-1.713995,-0.14232337,-0.014270181
366477.0,0,1,0.99773383,0.007912858,0.042274226,0.051744938,-1.7147787,-0.14279786,-0.01412358
366478.0,0,1,0.9977265,0.007336189,0.042656068,0.051657416,-1.7155808,-0.14330111,-0.013984832
366479.0,0,1,0.99772114,0.0068237227,0.042952556,0.0515849,-1.716407,-0.14383592,-0.013857043
366480.0,0,1,0.9977214,0.0066179484,0.043063045,0.0515153,-1.7172428,-0.14438392,-0.013743435
366481.0,0,1,0.9977325,0.0066186157,0.04291065,0.051427435,-1.7181016,-0.14494857,-0.013638563
366482.0,0,1,0.99775463,0.006627373,0.042525943,0.05131619,-1.7189626,-0.14552155,-0.013539398
366483.0,0,1,0.9977829,0.0065809567,0.042031657,0.051179793,-1.7198337,-0.14611731,-0.013443348
366484.0,0,1,0.99781495,0.0066078883,0.041457344,0.051020622,-1.7207114,-0.14673625,-0.0133502325
366485.0,0,1,0.9978545,0.0069190394,0.040654898,0.050850663,-1.721594,-0.14737254,-0.01325636
366486.0,0,1,0.9978988,0.007456932,0.039721727,0.05064171,-1.7224709,-0.14801499,-0.0131564615
366487.0,0,1,0.9979422,0.0079975035,0.038756095,0.050453015,-1.7233373,-0.14866306,-0.01304689
366488.0,0,1,0.99797994,0.008646785,0.03787213,0.050271004,-1.7241967,-0.14931636,-0.012928582
366489.0,0,1,0.99801236,0.009491647,0.037068028,0.05007167,-1.7250502,-0.14996272,-0.012801045
366490.0,0,1,0.99804443,0.010357464,0.03622341,0.049879707,-1.7258955,-0.15059398,-0.012659504
366491.0,0,1,0.9980751,0.01104157,0.03544796,0.049674474,-1.7267272,-0.15121274,-0.012502664
366492.0,0,1,0.998102,0.011437845,0.034828078,0.049483333,-1.7275501,-0.15183306,-0.012333236
366493.0,0,1,0.9981249,0.011742214,0.034307957,0.04931487,-1.7283672,-0.15246053,-0.012156179
366494.0,0,1,0.99814343,0.012120736,0.033854526,0.049159825,-1.7291825,-0.15309186,-0.011973009
366495.0,1,1,0.9981621,0.012463041,0.033382125,0.04901919,-1.7132243,-0.14186302,-0.01442009
366496.0,1,1,0.99817973,0.012801929,0.032921664,0.04888302,-1.7132243,-0.14186302,-0.01442009
366497.0,1,1,0.99819493,0.01323365,0.032486852,0.048747208,-1.7132243,-0.14186302,-0.01442009
366498.0,1,1,0.9982124,0.013385426,0.032103334,0.048603587,-1.7132243,-0.14186302,-0.01442009
366499.0,1,1,0.9982256,0.01358291,0.031825524,0.048458394,-1.7132243,-0.14186302,-0.01442009
366500.0,1,1,0.9982381,0.01391486,0.03150015,0.048322495,-1.7132243,-0.14186302,-0.01442009
366501.0,1,1,0.99825394,0.013941509,0.031236866,0.048156332,-1.7132243,-0.14186302,-0.01442009
366502.0,1,1,0.9982632,0.01415581,0.031108022,0.047985904,-1.7132243,-0.14186302,-0.01442009
366503.0,1,1,0.9982717,0.014576571,0.030887892,0.047824062,-1.7132243,-0.14186302,-0.01442009
366504.0,1,1,0.9982915,0.015131611,0.030247642,0.0476477,-1.7132243,-0.14186302,-0.01442009
366505.0,1,1,0.9983123,0.015713688,0.029536394,0.047469106,-1.7132243,-0.14186302,-0.01442009
366506.0,1,1,0.9983252,0.01639269,0.0290286,0.047280896,-1.7132243,-0.14186302,-0.01442009
366507.0,1,1,0.99832857,0.017236182,0.02870612,0.047106322,-1.7132243,-0.14186302,-0.01442009
366508.0,1,1,0.9983301,0.018118365,0.028388124,0.0469345,-1.7132243,-0.14186302,-0.01442009
366509.0,1,1,0.998337,0.018886048,0.027927067,0.046764094,-1.7132243,-0.14186302,-0.01442009
366510.0,1,1,0.99834746,0.01956547,0.02735549,0.046596587,-1.7132243,-0.14186302,-0.01442009
366511.0,1,1,0.998358,0.020214844,0.026770767,0.04643299,-1.7132243,-0.14186302,-0.01442009
366512.0,1,1,0.99836653,0.02084561,0.026242405,0.046272635,-1.7132243,-0.14186302,-0.01442009
366513.0,1,1,0.9983733,0.02145228,0.025768371,0.04611414,-1.7132243,-0.14186302,-0.01442009
366514.0,1,1,0.9983823,0.02201753,0.025242105,0.045944076,-1.7132243,-0.14186302,-0.01442009
366515.0,1,1,0.9983936,0.022555312,0.02464931,0.045760166,-1.7132243,-0.14186302,-0.01442009
366516.0,1,1,0.99840593,0.02309171,0.024016505,0.045559444,-1.7132243,-0.14186302,-0.01442009
366517.0,1,1,0.9984192,0.02358193,0.023417953,0.045326855,-1.7132243,-0.14186302,-0.01442009
366518.0,1,1,0.99843234,0.024045834,0.02289674,0.045060623,-1.7132243,-0.14186302,-0.01442009
366519.0,1,1,0.9984475,0.024488034,0.022291696,0.044790942,-1.7132243,-0.14186302,-0.01442009
366520.0,1,1,0.9984631,0.024991611,0.0215944,0.044503577,-1.7132243,-0.14186302,-0.01442009
366521.0,1,1,0.9984799,0.025474621,0.020879317,0.0441935,-1.7132243,-0.14186302,-0.01442009
366522.0,1,1,0.99849623,0.025891107,0.020309322,0.043845683,-1.7132243,-0.14186302,-0.01442009
366523.0,1,1,0.9985158,0.026225235,0.019699436,0.04347759,-1.7132243,-0.14186302,-0.01442009
366524.0,1,1,0.99854475,0.026434164,0.01880909,0.043081038,-1.7132243,-0.14186302,-0.01442009
366525.0,1,1,0.9985809,0.026596678,0.017536748,0.04267763,-1.7132243,-0.14186302,-0.01442009
366526.0,1,1,0.9986148,0.026880397,0.016059784,0.042286754,-1.7132243,-0.14186302,-0.01442009
366527.0,1,1,0.99865115,0.027171994,0.014452839,0.04181876,-1.7132243,-0.14186302,-0.01442009
366528.0,1,1,0.99870265,0.027071357,0.012381477,0.041315682,-1.7132243,-0.14186302,-0.01442009
366529.0,1,1,0.99875885,0.02675857,0.009885732,0.040829193,-1.7132243,-0.14186302,-0.01442009
366530.0,1,1,0.9988108,0.026438205,0.007229099,0.040320348,-1.7132243,-0.14186302,-0.01442009
366531.0,1,1,0.9988583,0.026004016,0.0043535526,0.03983599,-1.7132243,-0.14186302,-0.01442009
366532.0,1,1,0.9988985,0.025399806,0.0014402404,0.039429758,-1.7132243,-0.14186302,-0.01442009
366533.0,1,1,0.99892783,0.02472044,-0.0013771286,0.039118353,-1.7132243,-0.14186302,-0.01442009
366534.0,1,1,0.9989472,0.024027618,-0.0040499847,0.038870547,-1.7132243,-0.14186302,-0.01442009
366535.0,1,1,0.99895746,0.023333302,-0.006587522,0.03868227,-1.7132243,-0.14186302,-0.01442009
366536.0,1,1,0.99895877,0.022629237,-0.009096048,0.038557015,-1.7132243,-0.14186302,-0.01442009
366537.0,1,1,0.99895215,0.021913735,-0.011542555,0.03848762,-1.7132243,-0.14186302,-0.01442009
366538.0,1,1,0.9989363,0.02118434,-0.013984411,0.038495798,-1.7132243,-0.14186302,-0.01442009
366539.0,1,1,0.9989103,0.020528419,-0.01643878,0.038556337,-1.7132243,-0.14186302,-0.01442009
366540.0,1,1,0.9988753,0.019878143,-0.018997932,0.03862758,-1.7132243,-0.14186302,-0.01442009
366541.0,1,1,0.9988312,0.019304506,-0.021593627,0.03869377,-1.7132243,-0.14186302,-0.01442009
366542.0,1,1,0.99877465,0.018842412,-0.02430591,0.038774516,-1.7132243,-0.14186302,-0.01442009
366543.0,1,1,0.9987042,0.018468184,-0.027143324,0.038885366,-1.7132243,-0.14186302,-0.01442009
366544.0,1,1,0.9986217,0.018150147,-0.03009711,0.038979582,-1.7132243,-0.14186302,-0.01442009
366545.0,0,0,0.99852294,0.017603386,-0.03348187,0.039000425,-1.7132245,-0.14185417,-0.014395709
366546.0,0,0,0.99840444,0.016967708,-0.03719773,0.03895101,-1.713233,-0.14183713,-0.01434894
366547.0,0,0,0.9982631,0.016247787,-0.04117036,0.03888246,-1.7132748,-0.1418148,-0.014287486
366548.0,0,0,0.9980738,0.015486883,-0.045783978,0.03889333,-1.713386,-0.14179093,-0.01421976
366549.0,0,0,0.9978285,0.014758113,-0.051017627,0.038960434,-1.7135962,-0.1417678,-0.014155577
366550.0,0,0,0.99752223,0.0140358675,-0.056865208,0.038971186,-1.7139413,-0.14174433,-0.014102837
366551.0,0,0,0.9971093,0.013285308,-0.06390036,0.038900733,-1.7144709,-0.14171341,-0.01406543
366552.0,0,0,0.99653584,0.012481766,-0.072486445,0.03881045,-1.7152702,-0.14165452,-0.014058282
366553.0,0,0,0.9957026,0.011260817,-0.083380535,0.038693618,-1.7164297,-0.14155683,-0.014072119
366554.0,0,0,0.99438226,0.009817946,-0.09786135,0.039122652,-1.7178606,-0.14141084,-0.0140419705
366555.0,0,0,0.99276334,0.008024495,-0.11316813,0.039365664,-1.7194737,-0.14118057,-0.013924048
366556.0,0,0,0.99075544,0.0041757557,-0.12994352,0.038740482,-1.7215275,-0.1408579,-0.0137215005
366557.0,0,0,0.9873043,-0.00015875667,-0.15386266,0.039453227,-1.724241,-0.1404249,-0.013397337
366558.0,0,0,0.98246056,-0.004888191,-0.18182586,0.04107085,-1.7274101,-0.13978499,-0.012902107
366559.0,0,0,0.9772232,-0.013480704,-0.207903,0.04036697,-1.7310323,-0.1389188,-0.012219211
366560.0,0,0,0.9701133,-0.02240088,-0.23830803,0.03984669,-1.7353852,-0.13792926,-0.0114122005
366561.0,0,0,0.9604379,-0.030852571,-0.2738696,0.040033005,-1.7405761,-0.13689597,-0.010653446
366562.0,0,0,0.9484995,-0.040276475,-0.31173423,0.039346542,-1.7464101,-0.13589743,-0.010151103
366563.0,0,0,0.9342674,-0.049051486,-0.35111693,0.038149666,-1.752665,-0.13502584,-0.010058501
366564.0,0,0,0.9175323,-0.056309517,-0.39194784,0.036613952,-1.759233,-0.13438371,-0.010462106
366565.0,0,0,0.89796036,-0.06153853,-0.43428883,0.035686687,-1.7660941,-0.13385783,-0.011317808
366566.0,0,0,0.87755907,-0.06567637,-0.47361717,0.03554539,-1.7731566,-0.13318464,-0.012038345
366567.0,0,0,0.8615345,-0.068708904,-0.5019365,0.033124812,-1.7805675,-0.13233626,-0.011497259
366568.0,0,0,0.85181046,-0.067961924,-0.518574,0.02968103,-1.7889602,-0.13143145,-0.0091071855
366569.0,0,0,0.84725374,-0.06405488,-0.5266382,0.026649231,-1.7986934,-0.13055252,-0.00542549
366570.0,0,0,0.84578973,-0.06057193,-0.5295943,0.022378284,-1.8098506,-0.1297305,-0.0014648911
366571.0,0,0,0.8449419,-0.056947153,-0.5314973,0.01846175,-1.8222846,-0.12897827,0.0021396866
366572.0,0,0,0.8451153,-0.052968368,-0.5317459,0.014858149,-1.8357126,-0.12830518,0.0053286245
366573.0,0,0,0.8468777,-0.048578095,-0.52944744,0.01112991,-1.8499686,-0.12773274,0.008227009
366574.0,0,0,0.8493137,-0.043801375,-0.5260106,0.0077899774,-1.8648937,-0.12728168,0.010804314
366575.0,0,0,0.8517129,-0.039047413,-0.522531,0.0046842475,-1.8804116,-0.12695351,0.012946954
366576.0,0,0,0.85398996,-0.034308013,-0.5191541,0.0017646383,-1.8964034,-0.1267422,0.01459183
366577.0,0,0,0.85632926,-0.029509889,-0.5155858,-0.0009066472,-1.9128797,-0.12663987,0.01577868
366578.0,0,0,0.85886437,-0.024726512,-0.5115944,-0.0034285604,-1.9298335,-0.1266431,0.01658304
366579.0,0,0,0.8617019,-0.019975739,-0.50698817,-0.0058295117,-1.9472907,-0.12675619,0.017078226
366580.0,0,0,0.864934,-0.015243978,-0.5015888,-0.008087726,-1.9651933,-0.12698704,0.017321553
366581.0,0,0,0.86865634,-0.010588222,-0.49519598,-0.010249175,-1.9835516,-0.1273445,0.017358154
366582.0,0,0,0.8728815,-0.0060864314,-0.487739,-0.012312019,-2.0023634,-0.12783681,0.017219536
366583.0,0,0,0.8775852,-0.0017867045,-0.47920486,-0.014276755,-2.0216262,-0.12847053,0.016925266
366584.0,0,0,0.882683,0.0022489477,-0.46968704,-0.01612254,-2.041312,-0.1292482,0.016486578
366585.0,0,0,0.8880671,0.0059903897,-0.4593298,-0.017804997,-2.0613902,-0.13016929,0.01591227
366586.0,0,0,0.8936575,0.009383131,-0.44823542,-0.01932109,-2.081811,-0.13122971,0.015216923
366587.0,0,0,0.8997515,0.012047704,-0.43575078,-0.020578578,-2.1025925,-0.13242576,0.014437777
366588.0,0,0,0.9059659,0.014421892,-0.4225506,-0.021653302,-2.1236126,-0.13375235,0.01360118
366589.0,0,0,0.9122862,0.016600212,-0.40859678,-0.022515895,-2.144948,-0.13521895,0.012713014
366590.0,0,0,0.9185753,0.018602392,-0.39412832,-0.023155784,-2.166441,-0.13681509,0.011775551
366591.0,0,0,0.9247592,0.02043413,-0.37927118,-0.023585446,-2.188161,-0.13853922,0.0107755605
366592.0,0,0,0.9307625,0.022077125,-0.36417818,-0.023835897,-2.2100654,-0.1403756,0.009707368
366593.0,0,0,0.9365176,0.023523277,-0.3490084,-0.023968318,-2.2320995,-0.14230387,0.008571711
366594.0,0,0,0.9419829,0.02476178,-0.33388343,-0.024019748,-2.2542236,-0.14430347,0.007373703
366595.0,0,0,0.9471755,0.025743483,-0.31877556,-0.024041632,-2.2765167,-0.1463648,0.006114398
366596.0,0,0,0.9520948,0.026428036,-0.3037027,-0.024117315,-2.2988715,-0.1484618,0.004804795
366597.0,0,0,0.9567539,0.026781576,-0.28864223,-0.024300607,-2.3213,-0.15058118,0.0034490274
366598.0,0,0,0.9611642,0.026790338,-0.27356723,-0.02462963,-2.3438396,-0.15271512,0.0020530843
366599.0,0,0,0.96531117,0.026460173,-0.25854102,-0.025117943,-2.3664134,-0.15484893,0.00063459337
366600.0,0,0,0.9692018,0.025803639,-0.24355438,-0.025757173,-2.389065,-0.15698345,-0.0007919163
366601.0,0,0,0.9728363,0.024872685,-0.22862464,-0.02648786,-2.4118023,-0.1591196,-0.002204672
366602.0,0,0,0.9762301,0.023717882,-0.21370248,-0.02727011,-2.4346118,-0.16125832,-0.0035762438
366603.0,0,0,0.9794032,0.022369973,-0.19869721,-0.028076166,-2.4575148,-0.1634037,-0.0048780595
366604.0,0,0,0.9823539,0.020883486,-0.18360823,-0.02885476,-2.4804573,-0.16555186,-0.006076366
366605.0,0,0,0.98508906,0.019293372,-0.16838332,-0.02957009,-2.5034552,-0.16770574,-0.0071429405
366606.0,0,0,0.9876209,0.017615618,-0.15291524,-0.030193554,-2.5265574,-0.16987336,-0.008054185
366607.0,0,0,0.9899337,0.015883714,-0.1372489,-0.030684734,-2.549655,-0.17204912,-0.008786603
366608.0,0,0,0.99202573,0.014130595,-0.12134342,-0.031001635,-2.5727887,-0.17424116,-0.009328842
366609.0,0,0,0.99389637,0.012342586,-0.10511645,-0.031115778,-2.5960495,-0.17645979,-0.009675569
366610.0,0,0,0.9955078,0.010553411,-0.088827334,-0.031025726,-2.619116,-0.17867331,-0.009824335
366611.0,0,0,0.99686956,0.008724915,-0.07232342,-0.030727994,-2.6422515,-0.18090427,-0.009778805
366612.0,0,0,0.9979652,0.006846601,-0.055715505,-0.030240519,-2.6653485,-0.18313877,-0.009538595
366613.0,0,0,0.9987889,0.0049139266,-0.039029457,-0.029552238,-2.6884058,-0.18537343,-0.009101405
366614.0,0,0,0.99933636,0.0029280314,-0.02227269,-0.028674025,-2.7113855,-0.18760134,-0.008465025
366615.0,0,0,0.9996027,0.0009065776,-0.005471132,-0.02763635,-2.734293,-0.18981801,-0.0076261503
366616.0,0,0,0.99958533,-0.001132532,0.01129363,-0.0264645,-2.7570834,-0.19201143,-0.006580868
366617.0,0,0,0.9992826,-0.003208326,0.028082995,-0.025205549,-2.7798045,-0.19417767,-0.005315949
366618.0,0,0,0.99869204,-0.005295791,0.04488326,-0.02390808,-2.8023841,-0.19630207,-0.003821441
366619.0,0,0,0.9978105,-0.0073579927,0.061714653,-0.022613836,-2.8248541,-0.1983803,-0.002080716
366620.0,0,0,0.99663883,-0.009390051,0.07852198,-0.021378802,-2.8471153,-0.20039696,-9.097251e-05
366621.0,0,0,0.9951681,-0.011402852,0.095398955,-0.020236263,-2.8692353,-0.20235538,0.0021627543
366622.0,0,0,0.9933972,-0.013369814,0.11231251,-0.019212717,-2.891155,-0.20425273,0.004681017
366623.0,0,0,0.99132764,-0.015274939,0.12922889,-0.018328609,-2.9128103,-0.20609069,0.0074596857
366624.0,0,0,0.98895824,-0.017124379,0.1461491,-0.017574515,-2.9342275,-0.2078807,0.0105071515
366625.0,0,0,0.9862981,-0.01895115,0.1630036,-0.016936183,-2.9553518,-0.20962736,0.013823694
366626.0,0,0,0.98334306,-0.020805195,0.17981866,-0.01639206,-2.976184,-0.21133932,0.017420966
366627.0,0,0,0.9800988,-0.02270584,0.19656366,-0.015920782,-2.9966056,-0.2130148,0.021286935
366628.0,0,0,0.9765417,-0.02469146,0.21334507,-0.015511731,-3.0166507,-0.21466327,0.02543091
366629.0,0,0,0.972661,-0.026812734,0.23017837,-0.015148232,-3.0362425,-0.21628343,0.02982981
366630.0,0,0,0.9684579,-0.029083628,0.24703111,-0.014805087,-3.0553346,-0.2178756,0.034452334
366631.0,0,0,0.9639695,-0.031497702,0.26374495,-0.014469679,-3.0738301,-0.21943723,0.039237604
366632.0,0,0,0.9592071,-0.034081522,0.28028867,-0.0140915485,-3.091811,-0.2209856,0.044159032
366633.0,0,0,0.95425,-0.03678561,0.29642764,-0.013580729,-3.109182,-0.22252986,0.049132343
366634.0,0,0,0.949173,-0.03955358,0.31199524,-0.012850923,-3.1259325,-0.22409196,0.05408725
366635.0,0,0,0.944044,-0.042302933,0.32688072,-0.011844743,-3.142104,-0.22569537,0.058972817
366636.0,0,0,0.9390919,-0.0447552,0.34058657,-0.010203727,-3.1576319,-0.22736408,0.06369689
366637.0,0,0,0.93400586,-0.0474931,0.3539812,-0.008644805,-3.1725266,-0.22912604,0.0681751
366638.0,0,0,0.92920405,-0.04961651,0.36616185,-0.0066003115,-3.1867201,-0.2309693,0.07230633
366639.0,0,0,0.9246569,-0.051135145,0.37732545,-0.0045197993,-3.200237,-0.23286512,0.07600478
366640.0,0,0,0.92027706,-0.053013474,0.38765243,-0.0022972154,-3.2130625,-0.2347609,0.079160266
366641.0,0,0,0.9161681,-0.055089146,0.39699006,-0.00032309195,-3.2252083,-0.23661104,0.08166952
366642.0,0,0,0.9124459,-0.057420388,0.40514654,0.0013120129,-3.2367074,-0.2383818,0.08342875
366643.0,0,0,0.9091364,-0.060220677,0.41211462,0.0024381347,-3.2475307,-0.24004573,0.084328
366644.0,0,0,0.90632576,-0.06336571,0.41779086,0.0030546703,-3.2577267,-0.24160767,0.08428149
366645.0,0,0,0.9041513,-0.06660342,0.42197606,0.0032805116,-3.2673128,-0.24308911,0.08322833
366646.0,0,0,0.9027256,-0.06969611,0.42452145,0.0032334176,-3.2763505,-0.24453872,0.08113477
366647.0,0,0,0.90220356,-0.07214521,0.42522302,0.0030297632,-3.2848508,-0.24601468,0.07801543
366648.0,0,0,0.9026725,-0.073400706,0.42401293,0.0027722886,-3.2928174,-0.2475793,0.07392223
366649.0,0,0,0.90409935,-0.07319077,0.42099985,0.0025681949,-3.300252,-0.24928084,0.0689148
366650.0,0,0,0.90633017,-0.07167221,0.41643983,0.0025953678,-3.307114,-0.2511327,0.0630755
366651.0,0,0,0.9091607,-0.069247074,0.4106371,0.0029847252,-3.3133507,-0.25313488,0.0565043
366652.0,0,0,0.9134748,-0.066130295,0.40147746,0.0025657972,-3.3191977,-0.2550693,0.04926545
366653.0,0,0,0.918748,-0.06640541,0.38921347,0.0022861012,-3.3253987,-0.25670904,0.041705694
366654.0,0,0,0.92471576,-0.0724335,0.373667,0.0052127517,-3.3322132,-0.25820813,0.034408536
366655.0,0,0,0.93026197,-0.07611595,0.3588363,0.0074640284,-3.3392267,-0.25989038,0.027398799
366656.0,0,0,0.93504536,-0.07642364,0.34610963,0.007610698,-3.3462322,-0.2620642,0.020468323
366657.0,0,0,0.9411391,-0.07266647,0.33005264,0.006476297,-3.3535187,-0.26499104,0.013398432
366658.0,0,0,0.9495274,-0.063105196,0.307235,0.004707562,-3.3613672,-0.2685756,0.005878852
366659.0,0,0,0.9591502,-0.052218422,0.2779747,0.005832821,-3.3696141,-0.27236393,-0.0023630757
366660.0,0,0,0.9676558,-0.047455102,0.24756905,0.009996728,-3.3776424,-0.27599028,-0.011120367
366661.0,0,0,0.9743269,-0.047167677,0.21959068,0.015562349,-3.384934,-0.27945414,-0.019746594
366662.0,0,0,0.9798252,-0.045690566,0.19327909,0.022319904,-3.3912485,-0.2828246,-0.027586728
366663.0,0,0,0.98413134,-0.042487606,0.16979212,0.029173207,-3.3965712,-0.2859829,-0.03443767
366664.0,0,0,0.98731315,-0.039479114,0.14986992,0.034540467,-3.4010074,-0.28866512,-0.0404583
366665.0,0,0,0.98971164,-0.03740087,0.13265793,0.038391925,-3.4047387,-0.29068816,-0.04591991
366666.0,0,0,0.991555,-0.03612672,0.11760677,0.0410168,-3.4079025,-0.2920119,-0.05092542
366667.0,0,0,0.9929689,-0.035848245,0.10453855,0.042418092,-3.410604,-0.29275015,-0.05546508
366668.0,0,0,0.99403197,-0.03603124,0.09365101,0.042797346,-3.41289,-0.29311723,-0.05946982
366669.0,0,0,0.99481165,-0.036267303,0.08493367,0.042670142,-3.4148302,-0.29336002,-0.062975265
366670.0,0,0,0.99533665,-0.03679306,0.07819839,0.042851325,-3.41659,-0.29375976,-0.06606254
366671.0,0,0,0.9957666,-0.036354925,0.07159109,0.0447435,-3.4182904,-0.29457888,-0.06876916
366672.0,0,0,0.9962381,-0.033637546,0.06392221,0.047874805,-3.4198256,-0.29590574,-0.07115107
366673.0,0,0,0.9965259,-0.029877832,0.058680147,0.050991867,-3.4210892,-0.29763517,-0.07332789
366674.0,0,0,0.9967645,-0.024663458,0.054443926,0.053742163,-3.4221537,-0.29950893,-0.07535807
366675.0,0,0,0.9970042,-0.018579105,0.04978699,0.056203134,-3.4231365,-0.30122563,-0.07722096
366676.0,0,0,0.9971691,-0.013684006,0.04587109,0.057986327,-3.4240572,-0.30259094,-0.07887113
366677.0,0,0,0.997263,-0.010371583,0.043384552,0.058962487,-3.4248867,-0.30360395,-0.080294944
366678.0,0,0,0.9973271,-0.007840898,0.04173456,0.059461083,-3.4256284,-0.3044261,-0.0815397
366679.0,0,0,0.9973827,-0.0054330453,0.040219024,0.05983912,-3.4263055,-0.3052522,-0.08267059
366680.0,0,0,0.99742454,-0.0025885715,0.03878718,0.06027596,-3.426938,-0.30619758,-0.08373877
366681.0,0,0,0.99744916,0.00070471555,0.037528615,0.060715213,-3.4275405,-0.30723923,-0.084754445
366682.0,0,0,0.99746907,0.0038508475,0.036433812,0.060935806,-3.4281366,-0.3082432,-0.08569524
366683.0,0,0,0.9975045,0.0060909386,0.035230797,0.06088282,-3.4287288,-0.30906704,-0.0865334
366684.0,0,0,0.99753916,0.007053687,0.03445439,0.060653273,-3.4292974,-0.309689,-0.087269895
366685.0,0,0,0.99757004,0.0072909966,0.033993922,0.06037571,-3.429834,-0.3102089,-0.08793028
366686.0,0,0,0.99759126,0.0075627686,0.033628732,0.06019628,-3.4303489,-0.31074074,-0.08855423
366687.0,0,0,0.99760836,0.0080366945,0.033256378,0.060057685,-3.4308658,-0.31132653,-0.08917396
366688.0,0,0,0.9976281,0.008530105,0.0327863,0.059920434,-3.4313946,-0.31194034,-0.08979403
366689.0,0,0,0.9976464,0.008897121,0.03237298,0.059787832,-3.4319267,-0.31254888,-0.09040301
366690.0,0,0,0.99765956,0.00913537,0.032079436,0.059689485,-3.4324543,-0.31314605,-0.09099335
366691.0,0,0,0.997668,0.009351785,0.031826492,0.059650645,-3.4329805,-0.31373817,-0.09157092
366692.0,0,0,0.9976759,0.00951434,0.03158624,0.059621617,-3.433514,-0.31432945,-0.09214676
366693.0,0,1,0.9976788,0.009652809,0.03149487,0.05959857,-3.4340582,-0.31491968,-0.09272512
366694.0,0,1,0.9976844,0.009792183,0.031357583,0.059554305,-3.4346118,-0.3155087,-0.09330472
366695.0,0,1,0.99769557,0.009784052,0.031139825,0.05948345,-3.4351637,-0.31609264,-0.09387366
366696.0,0,1,0.9977113,0.009610779,0.030913543,0.059364077,-3.4357219,-0.3166913,-0.09444108
366697.0,0,1,0.9977289,0.009327458,0.030744446,0.059202086,-3.436289,-0.31731436,-0.09501139
366698.0,0,1,0.9977461,0.009062357,0.030645536,0.059004597,-3.4368718,-0.3179667,-0.09559157
366699.0,0,1,0.99776417,0.009006581,0.030481307,0.058791406,-3.4374766,-0.31864718,-0.096186504
366700.0,0,1,0.9977859,0.009254343,0.030082658,0.058588378,-3.4380984,-0.3193433,-0.09678933
366701.0,0,1,0.9978134,0.009706057,0.029410964,0.05838833,-3.4387295,-0.32004625,-0.09739296
366702.0,0,1,0.9978435,0.010266487,0.028566299,0.058197577,-3.439361,-0.32074878,-0.09799263
366703.0,0,1,0.99787223,0.010856427,0.027736146,0.057998553,-3.4399912,-0.32144508,-0.09858557
366704.0,0,1,0.99789953,0.011429206,0.026898976,0.05781386,-3.4406216,-0.32213324,-0.099169984
366705.0,0,1,0.9979272,0.011929923,0.026038567,0.05762771,-3.4412472,-0.32281056,-0.09974121
366706.0,0,1,0.9979555,0.012212313,0.02524127,0.05743298,-3.4418666,-0.32348555,-0.100300595
366707.0,0,1,0.9979831,0.012282207,0.024541656,0.057241473,-3.4424834,-0.32417107,-0.10085383
366708.0,0,1,0.9980073,0.01239923,0.023942187,0.057047687,-3.4431,-0.32486805,-0.10140274
366709.0,0,1,0.99803233,0.012606461,0.023238318,0.056855462,-3.4437146,-0.3255745,-0.10194259
366710.0,0,1,0.9980583,0.012801488,0.022449771,0.056672473,-3.44431,-0.3262864,-0.10246002
366711.0,0,1,0.9980794,0.013058284,0.021836556,0.05648136,-3.4448824,-0.32700697,-0.10295678
366712.0,1,1,0.9980932,0.013249732,0.021577822,0.056293562,-3.433514,-0.31432945,-0.09214676
366713.0,1,1,0.9981011,0.013500304,0.021551404,0.056102186,-3.433514,-0.31432945,-0.09214676
366714.0,1,1,0.99810785,0.013736043,0.021614477,0.055900972,-3.433514,-0.31432945,-0.09214676
366715.0,1,1,0.9981147,0.014038099,0.021722576,0.055660915,-3.433514,-0.31432945,-0.09214676
366716.0,1,1,0.9981238,0.0144171715,0.021732017,0.055396277,-3.433514,-0.31432945,-0.09214676
366717.0,1,1,0.9981354,0.0148965465,0.021632427,0.055099696,-3.433514,-0.31432945,-0.09214676
366718.0,1,1,0.9981461,0.015503831,0.021505266,0.054787073,-3.433514,-0.31432945,-0.09214676
366719.0,1,1,0.99815613,0.016188253,0.02130002,0.054484945,-3.433514,-0.31432945,-0.09214676
366720.0,1,1,0.9981672,0.01691656,0.020938171,0.0541998,-3.433514,-0.31432945,-0.09214676
366721.0,1,1,0.99818027,0.017659208,0.020393826,0.05392861,-3.433514,-0.31432945,-0.09214676
366722.0,1,1,0.9981941,0.018413631,0.019709146,0.053675625,-3.433514,-0.31432945,-0.09214676
366723.0,1,1,0.9982064,0.019208826,0.018963039,0.053437576,-3.433514,-0.31432945,-0.09214676
366724.0,1,1,0.9982151,0.020049412,0.018230414,0.053219717,-3.433514,-0.31432945,-0.09214676
366725.0,1,1,0.9982222,0.020881234,0.017534647,0.05300048,-3.433514,-0.31432945,-0.09214676
366726.0,1,1,0.9982281,0.021656603,0.016864466,0.052794,-3.433514,-0.31432945,-0.09214676
366727.0,1,1,0.99823445,0.02236163,0.016203457,0.052588273,-3.433514,-0.31432945,-0.09214676
366728.0,1,1,0.99824196,0.022976244,0.015554916,0.05237564,-3.433514,-0.31432945,-0.09214676
366729.0,1,1,0.9982492,0.02358037,0.014896191,0.052159946,-3.433514,-0.31432945,-0.09214676
366730.0,1,1,0.99825555,0.024200786,0.014230248,0.05194035,-3.433514,-0.31432945,-0.09214676
366731.0,1,1,0.99826485,0.024719127,0.013587966,0.051688995,-3.433514,-0.31432945,-0.09214676
366732.0,1,1,0.9982782,0.02505889,0.012857189,0.051453456,-3.433514,-0.31432945,-0.09214676
366733.0,1,1,0.99829376,0.02529777,0.012004577,0.051239535,-3.433514,-0.31432945,-0.09214676
366734.0,1,1,0.9983118,0.025433175,0.011069495,0.051030982,-3.433514,-0.31432945,-0.09214676
366735.0,1,1,0.9983291,0.025492096,0.010104378,0.050862968,-3.433514,-0.31432945,-0.09214676
366736.0,1,1,0.99834025,0.025664339,0.009205949,0.05072928,-3.433514,-0.31432945,-0.09214676
366737.0,1,1,0.9983531,0.025844509,0.008379561,0.05052764,-3.433514,-0.31432945,-0.09214676
366738.0,1,1,0.9983749,0.025734471,0.0073600006,0.050311085,-3.433514,-0.31432945,-0.09214676
366739.0,1,1,0.9983986,0.02548563,0.0060418136,0.050141647,-3.433514,-0.31432945,-0.09214676
366740.0,1,1,0.99842185,0.02520899,0.0046364153,0.04996733,-3.433514,-0.31432945,-0.09214676
366741.0,1,1,0.99844396,0.02492328,0.0032830716,0.049775552,-3.433514,-0.31432945,-0.09214676
366742.0,1,1,0.9984641,0.024648333,0.001880651,0.049582142,-3.433514,-0.31432945,-0.09214676
366743.0,1,1,0.9984849,0.024314607,0.0002663676,0.04936207,-3.433514,-0.31432945,-0.09214676
366744.0,1,1,0.9985062,0.023928221,-0.0016374117,0.049093965,-3.433514,-0.31432945,-0.09214676
366745.0,1,1,0.9985241,0.023561358,-0.0037912899,0.048787232,-3.433514,-0.31432945,-0.09214676
366746.0,1,1,0.9985389,0.023183197,-0.00604238,0.048435953,-3.433514,-0.31432945,-0.09214676
366747.0,1,1,0.998549,0.022748005,-0.0084206285,0.048078354,-3.433514,-0.31432945,-0.09214676
366748.0,1,1,0.9985503,0.022319833,-0.010940216,0.047743227,-3.433514,-0.31432945,-0.09214676
366749.0,1,1,0.99854076,0.02189949,-0.013648524,0.047440626,-3.433514,-0.31432945,-0.09214676
366750.0,1,1,0.9985177,0.021434734,-0.016573431,0.04720626,-3.433514,-0.31432945,-0.09214676
366751.0,1,1,0.9984825,0.020957937,-0.019560106,0.047019113,-3.433514,-0.31432945,-0.09214676
366752.0,1,1,0.99843925,0.020462863,-0.022451354,0.04686479,-3.433514,-0.31432945,-0.09214676
366753.0,1,1,0.9983854,0.020018267,-0.025267003,0.046769608,-3.433514,-0.31432945,-0.09214676
366754.0,1,1,0.9983076,0.019684812,-0.028315032,0.04682587,-3.433514,-0.31432945,-0.09214676
366755.0,1,1,0.9982219,0.019391028,-0.031249937,0.046910167,-3.433514,-0.31432945,-0.09214676
366756.0,1,1,0.99813426,0.019110823,-0.033969752,0.046999186,-3.433514,-0.31432945,-0.09214676
366757.0,1,1,0.99803585,0.0188106,-0.036796696,0.047081303,-3.433514,-0.31432945,-0.09214676
366758.0,1,1,0.9979308,0.018354487,-0.039698392,0.047130752,-3.433514,-0.31432945,-0.09214676
366759.0,0,0,0.99779034,0.017765602,-0.043284923,0.047172185,-3.433544,-0.3143276,-0.09212918
366760.0,0,0,0.99761844,0.017109443,-0.047282673,0.047212716,-3.4336026,-0.31432062,-0.092096694
366761.0,0,0,0.99742633,0.01646345,-0.051399887,0.04720002,-3.433697,-0.31430748,-0.092056155
366762.0,0,0,0.99720705,0.015767127,-0.055813484,0.047055677,-3.4338691,-0.31428984,-0.09201391
366763.0,0,0,0.9969165,0.015053406,-0.06112168,0.046852797,-3.4341898,-0.31427258,-0.091979906
366764.0,0,0,0.9965019,0.0143832695,-0.06781047,0.046676625,-3.4347312,-0.31425962,-0.09196777
366765.0,0,0,0.995923,0.0137731815,-0.07601883,0.04657113,-3.435576,-0.31424168,-0.091997616
366766.0,0,0,0.99506485,0.012934869,-0.086739406,0.046421833,-3.43681,-0.31419095,-0.09208831
366767.0,0,0,0.9937425,0.011604623,-0.10096177,0.0463442,-3.438357,-0.31409988,-0.09217245
366768.0,0,0,0.9920094,0.0098955855,-0.11698802,0.046188187,-3.4401,-0.31397972,-0.09215952
366769.0,0,0,0.98995715,0.0074016093,-0.13365182,0.045467257,-3.4422114,-0.31384176,-0.09203801
366770.0,0,0,0.9866539,0.0043290346,-0.15629536,0.045464117,-3.4448905,-0.3136432,-0.09175445
366771.0,0,0,0.98175836,0.0012196216,-0.18425167,0.04690776,-3.4480097,-0.31324744,-0.09127301
366772.0,0,0,0.9766922,-0.0060285483,-0.20965214,0.04563097,-3.4516516,-0.3126521,-0.09061229
366773.0,0,0,0.96954054,-0.013287635,-0.24048072,0.044538263,-3.4561815,-0.3120038,-0.089850105
366774.0,0,0,0.9595088,-0.019434009,-0.27742213,0.04474495,-3.4616442,-0.3113843,-0.08917613
366775.0,0,0,0.9472121,-0.026591225,-0.31652024,0.0435549,-3.4677582,-0.3108657,-0.08878207
366776.0,0,0,0.93258333,-0.032497417,-0.3570547,0.041764032,-3.4742765,-0.3105766,-0.08879072
366777.0,0,0,0.9153507,-0.03558252,-0.39907256,0.040102694,-3.4810634,-0.31057987,-0.0892427
366778.0,0,0,0.8956019,-0.03720567,-0.4416018,0.038738795,-3.4881086,-0.31067383,-0.089992195
366779.0,0,0,0.8758571,-0.0381082,-0.47957885,0.037767,-3.4953673,-0.31061882,-0.09025412
366780.0,0,0,0.86204743,-0.038697295,-0.50415504,0.034704763,-3.5030704,-0.3104777,-0.08896529
366781.0,0,0,0.8545048,-0.036446992,-0.5172383,0.030946435,-3.511875,-0.31044242,-0.085922614
366782.0,0,0,0.8510751,-0.03249509,-0.5233227,0.027361339,-3.5220087,-0.3106028,-0.08198747
366783.0,0,0,0.8497501,-0.029211259,-0.5258771,0.02290985,-3.5335321,-0.31094393,-0.078095004
366784.0,0,0,0.8489667,-0.026074437,-0.5274666,0.018831419,-3.546229,-0.31142074,-0.07463721
366785.0,0,0,0.8497101,-0.022796893,-0.52654976,0.014776058,-3.559864,-0.31202406,-0.071524985
366786.0,0,0,0.851925,-0.019217117,-0.52320147,0.010712869,-3.5742278,-0.31277597,-0.06868873
366787.0,0,0,0.8545006,-0.015498048,-0.5191711,0.0070640417,-3.589149,-0.31368935,-0.06622971
366788.0,0,0,0.85696536,-0.011883498,-0.515224,0.0036620384,-3.6045585,-0.3147621,-0.06426929
366789.0,0,0,0.8593316,-0.008367547,-0.5113501,0.000520444,-3.6203694,-0.3159797,-0.06284793
366790.0,0,0,0.861664,-0.005003477,-0.50744915,-0.0023283486,-3.6365538,-0.31732768,-0.06191648
366791.0,0,0,0.86412513,-0.0018784598,-0.5032486,-0.0050142445,-3.6530988,-0.31879503,-0.061395817
366792.0,0,0,0.8668199,0.0010178811,-0.4985636,-0.0075219516,-3.6700182,-0.32037568,-0.061216906
366793.0,0,0,0.86982673,0.0036866094,-0.4932448,-0.009877776,-3.6873543,-0.3220669,-0.06132926
366794.0,0,0,0.873203,0.0060818293,-0.4871686,-0.012097472,-3.705078,-0.32386002,-0.061691612
366795.0,0,0,0.87698996,0.008240657,-0.48023,-0.014141967,-3.7232542,-0.325758,-0.06226823
366796.0,0,0,0.88118196,0.010170789,-0.47239754,-0.015989022,-3.7417917,-0.32774943,-0.06302064
366797.0,0,0,0.8857635,0.011925696,-0.46365005,-0.017592983,-3.7607408,-0.329839,-0.0639215
366798.0,0,0,0.8906551,0.013570401,-0.45408416,-0.018894387,-3.7800965,-0.3320253,-0.064946264
366799.0,0,0,0.89581025,0.015126233,-0.44373393,-0.019887391,-3.7998164,-0.33430213,-0.06606682
366800.0,0,0,0.90121627,0.016626824,-0.43256062,-0.020596748,-3.8198876,-0.33666646,-0.0672558
366801.0,0,0,0.90683794,0.018111266,-0.4205641,-0.021046355,-3.840274,-0.33911186,-0.06849236
366802.0,0,0,0.912579,0.019601468,-0.407877,-0.02125711,-3.8609056,-0.34162602,-0.06976607
366803.0,0,0,0.9183971,0.021111015,-0.39452264,-0.021284798,-3.88189,-0.34421584,-0.07108799
366804.0,0,0,0.9241403,0.02257344,-0.3807955,-0.021212019,-3.9029279,-0.34683496,-0.07244943
366805.0,0,0,0.92979085,0.023944702,-0.36670077,-0.0211228,-3.924243,-0.34950092,-0.073876694
366806.0,0,0,0.935243,0.025154633,-0.35248274,-0.021068668,-3.9456909,-0.35218593,-0.075366825
366807.0,0,0,0.9404675,0.026159838,-0.33821926,-0.021080177,-3.9672923,-0.35488564,-0.076919384
366808.0,0,0,0.9454524,0.026936188,-0.32395294,-0.021182569,-3.9890041,-0.357592,-0.07852138
366809.0,0,0,0.9502135,0.027474856,-0.3096476,-0.021396467,-4.0107975,-0.36030215,-0.080158934
366810.0,0,0,0.95476127,0.027759712,-0.29527605,-0.021731764,-4.03269,-0.36302015,-0.08182577
366811.0,0,0,0.95907074,0.027779888,-0.280926,-0.022183798,-4.0546765,-0.3657459,-0.083516434
366812.0,0,0,0.96312577,0.02748884,-0.266677,-0.022731278,-4.0767083,-0.3684718,-0.085219204
366813.0,0,0,0.96694636,0.026841383,-0.25248623,-0.023345483,-4.0988035,-0.37119886,-0.086920366
366814.0,0,0,0.97055465,0.0258513,-0.23828667,-0.02397623,-4.121016,-0.37393573,-0.08860186
366815.0,0,0,0.9739527,0.024566669,-0.22407432,-0.024563469,-4.143288,-0.37667936,-0.09023338
366816.0,0,0,0.9771528,0.023031635,-0.20979622,-0.025051294,-4.1656375,-0.37943617,-0.09178867
366817.0,0,0,0.9801621,0.021292577,-0.19540815,-0.02538999,-4.188047,-0.3822084,-0.09323813
366818.0,0,0,0.9829951,0.019409368,-0.18080927,-0.025533803,-4.210559,-0.38500565,-0.09455833
366819.0,0,0,0.9856406,0.017443856,-0.16601506,-0.025442967,-4.233102,-0.38782176,-0.09572589
366820.0,0,0,0.9880905,0.015437058,-0.1510249,-0.025105055,-4.255681,-0.390658,-0.09672996
366821.0,0,0,0.99033374,0.013425563,-0.13586211,-0.024500528,-4.278328,-0.3935173,-0.09756559
366822.0,0,0,0.9923557,0.0114266025,-0.12058766,-0.02362946,-4.300997,-0.39639047,-0.09822532
366823.0,0,0,0.99414706,0.009440477,-0.10524044,-0.022514615,-4.3236823,-0.39927074,-0.09870056
366824.0,0,0,0.9957031,0.0074674427,-0.08983718,-0.02119082,-4.3463893,-0.40215182,-0.09897924
366825.0,0,0,0.9970205,0.005535373,-0.07437577,-0.019690217,-4.3690724,-0.405022,-0.09904756
366826.0,0,0,0.99810064,0.0036357115,-0.058786765,-0.01805761,-4.3917418,-0.40787783,-0.09889418
366827.0,0,0,0.9989371,0.0017777114,-0.043060906,-0.016352324,-4.414339,-0.4107084,-0.09851179
366828.0,0,0,0.9995236,-1.4643363e-05,-0.027193857,-0.01459917,-4.436872,-0.41351113,-0.0978963
366829.0,0,0,0.9998533,-0.0017488425,-0.011198663,-0.012843712,-4.4593096,-0.41627732,-0.09704858
366830.0,0,0,0.99992025,-0.003437727,0.004880273,-0.011125179,-4.481632,-0.41899863,-0.09597236
366831.0,0,0,0.9997207,-0.005111402,0.021040702,-0.009479203,-4.5038595,-0.4216719,-0.094669476
366832.0,0,0,0.99925226,-0.006786184,0.03722948,-0.007925696,-4.5259256,-0.42428645,-0.09314595
366833.0,0,0,0.9985146,-0.00844217,0.053434543,-0.0064824675,-4.5478415,-0.42684314,-0.09140249
366834.0,0,0,0.9975113,-0.010095736,0.069589466,-0.005163916,-4.569566,-0.42933738,-0.08944245
366835.0,0,0,0.9962444,-0.011773735,0.08569033,-0.003973859,-4.5911236,-0.43177474,-0.08725905
366836.0,0,0,0.99471474,-0.013467603,0.101748474,-0.0029091805,-4.6124682,-0.4341568,-0.084848195
366837.0,0,0,0.99291366,-0.01515843,0.117851466,-0.0019457489,-4.633583,-0.43649203,-0.082201816
366838.0,0,0,0.9908389,-0.016843796,0.13399106,-0.0010649718,-4.6543956,-0.4387835,-0.07932358
366839.0,0,0,0.9884853,-0.01851424,0.15018055,-0.00023280452,-4.674969,-0.44104773,-0.07620258
366840.0,0,0,0.98587006,-0.020184623,0.1662906,0.0005819522,-4.695162,-0.4432772,-0.07286484
366841.0,0,0,0.98298466,-0.021861833,0.18237634,0.0014049867,-4.715042,-0.44548675,-0.06930644
366842.0,0,0,0.97983044,-0.023557292,0.19842423,0.0022679865,-4.7345667,-0.4476778,-0.065546244
366843.0,0,0,0.9764213,-0.025296312,0.21436286,0.003187516,-4.753678,-0.44984835,-0.061611265
366844.0,0,0,0.9727785,-0.027108658,0.23010783,0.00417944,-4.7723684,-0.45199993,-0.057520185
366845.0,0,0,0.96894634,-0.029020792,0.24550588,0.0052655274,-4.79059,-0.45412916,-0.05330047
366846.0,0,0,0.96493936,-0.031045476,0.26055017,0.0064779646,-4.8083777,-0.4562455,-0.048960578
366847.0,0,0,0.96078664,-0.03312654,0.2751914,0.007833582,-4.8255687,-0.45833945,-0.04456505
366848.0,0,0,0.95644754,-0.03519997,0.28962365,0.009337752,-4.842243,-0.4604354,-0.04012803
366849.0,0,0,0.95194674,-0.03715705,0.30380398,0.010956985,-4.8583,-0.46253538,-0.035725955
366850.0,0,0,0.9473187,-0.038923856,0.317668,0.01262445,-4.8737864,-0.46465573,-0.031392317
366851.0,0,0,0.942729,-0.04036129,0.3307858,0.014620848,-4.888653,-0.46679366,-0.027215933
366852.0,0,0,0.93794394,-0.042263784,0.3438167,0.016282326,-4.902924,-0.468945,-0.023286922
366853.0,0,0,0.9334558,-0.04332933,0.35561803,0.017851297,-4.916608,-0.4710916,-0.01967994
366854.0,0,0,0.92916256,-0.044317223,0.3665005,0.019248081,-4.929713,-0.47320518,-0.016475307
366855.0,0,0,0.9250493,-0.045754027,0.37652937,0.020395452,-4.942249,-0.47525182,-0.013747129
366856.0,0,0,0.9212434,-0.0475246,0.38548747,0.0212476,-4.9542522,-0.4772063,-0.0115523795
366857.0,0,0,0.91775566,-0.04986319,0.39340213,0.021750553,-4.9656954,-0.47904512,-0.009952641
366858.0,0,0,0.9145915,-0.052760653,0.40032902,0.021804044,-4.97656,-0.48076424,-0.008998774
366859.0,0,0,0.91180986,-0.05597918,0.40621525,0.021407967,-4.986876,-0.48238227,-0.008738674
366860.0,0,0,0.90944326,-0.059298743,0.41106227,0.02060163,-4.9966393,-0.48392227,-0.00922448
366861.0,0,0,0.9075215,-0.062564805,0.414862,0.019490203,-5.0058136,-0.4854101,-0.010488913
366862.0,0,0,0.9061067,-0.06561118,0.41752884,0.018318333,-5.014479,-0.48689634,-0.012563288
366863.0,0,0,0.9053471,-0.06785451,0.41887444,0.016932087,-5.0226073,-0.48842543,-0.015427044
366864.0,0,0,0.90541124,-0.06868828,0.4186588,0.015403401,-5.0302362,-0.4900502,-0.019076955
366865.0,0,0,0.90595686,-0.06919177,0.41743937,0.0141156325,-5.0373597,-0.49179447,-0.023488436
366866.0,0,0,0.90726906,-0.068411976,0.41474757,0.012929051,-5.043966,-0.49366635,-0.02861306
366867.0,0,0,0.9091509,-0.06681969,0.4108972,0.011968492,-5.050033,-0.49566168,-0.034399495
366868.0,0,0,0.91147184,-0.0648291,0.40606436,0.011315116,-5.0555573,-0.49779752,-0.040814545
366869.0,0,0,0.91434747,-0.06291931,0.39987028,0.010653629,-5.060581,-0.50004214,-0.04774981
366870.0,0,0,0.9185954,-0.061259624,0.39028573,0.010341577,-5.0657334,-0.502267,-0.05497296
366871.0,0,0,0.9236887,-0.06464692,0.37743402,0.012792358,-5.0715404,-0.50449973,-0.06194504
366872.0,0,0,0.9292844,-0.0671012,0.36287916,0.01570959,-5.077741,-0.50700825,-0.06851362
366873.0,0,0,0.93383163,-0.06710887,0.35089234,0.018151773,-5.083912,-0.5100007,-0.074911214
366874.0,0,0,0.9384252,-0.06504801,0.3387068,0.02011977,-5.0901275,-0.5136966,-0.08145347
366875.0,0,0,0.9445647,-0.058797944,0.32230726,0.0214099,-5.09675,-0.5180962,-0.088442765
366876.0,0,0,0.95248324,-0.050397832,0.29941633,0.024195328,-5.1039543,-0.5227609,-0.09608125
366877.0,0,0,0.9604879,-0.046747547,0.2727056,0.030154118,-5.111357,-0.52720124,-0.1043109
366878.0,0,0,0.96698076,-0.047146093,0.24764487,0.037381034,-5.1183596,-0.5313476,-0.11279659
366879.0,0,0,0.97228587,-0.045704663,0.22498548,0.044189673,-5.1246114,-0.5352735,-0.120999455
366880.0,0,0,0.97697526,-0.04175324,0.20307536,0.05036071,-5.130115,-0.538822,-0.12858294
366881.0,0,0,0.98087215,-0.03868316,0.1825944,0.055250596,-5.135017,-0.5417075,-0.13558343
366882.0,0,0,0.98403865,-0.037145246,0.1639802,0.058298394,-5.139395,-0.5437548,-0.14213374
366883.0,0,0,0.98666984,-0.036247842,0.14699858,0.059667144,-5.143273,-0.54498976,-0.14832129
366884.0,0,0,0.98881644,-0.036275454,0.13181603,0.05958813,-5.1466713,-0.5455845,-0.15416266
366885.0,0,0,0.9905332,-0.037163585,0.11850143,0.058482457,-5.1496487,-0.54580015,-0.15962373
366886.0,0,0,0.9919597,-0.038311798,0.10624892,0.057090998,-5.1522737,-0.5459292,-0.16467665
366887.0,0,0,0.9930985,-0.03926521,0.09525862,0.056029893,-5.154594,-0.54625463,-0.1693208
366888.0,0,0,0.9937127,-0.040030543,0.08769649,0.05693738,-5.1567154,-0.54710865,-0.17339009
366889.0,0,0,0.9944654,-0.03812132,0.076988526,0.0604828,-5.1585426,-0.54868084,-0.1767843
366890.0,0,0,0.99493897,-0.033597,0.069610596,0.06420491,-5.1598325,-0.5508281,-0.17970909
366891.0,0,0,0.9951552,-0.027926957,0.066355914,0.0669557,-5.160689,-0.55317307,-0.18234825
366892.0,0,0,0.99540734,-0.02184371,0.062383257,0.06924847,-5.1613936,-0.55530304,-0.18475349
366893.0,0,0,0.9956168,-0.016712036,0.058536947,0.0710033,-5.1620674,-0.55698067,-0.1869374
366894.0,0,0,0.9957202,-0.013816641,0.05644151,0.071865775,-5.162704,-0.55824405,-0.18893576
366895.0,0,0,0.9957935,-0.011931422,0.054816496,0.07244335,-5.1632953,-0.5593367,-0.1907971
366896.0,0,0,0.9958733,-0.009718895,0.052860588,0.07312891,-5.1638227,-0.56050885,-0.19256265
366897.0,0,0,0.9959293,-0.0068829115,0.051291674,0.07380151,-5.1642675,-0.5618671,-0.19426405
366898.0,0,0,0.9959661,-0.003391619,0.05011029,0.07435812,-5.1646676,-0.56334877,-0.1959153
366899.0,0,0,0.99602425,7.829574e-05,0.048614535,0.074648716,-5.1650767,-0.5647893,-0.1975123
366900.0,0,0,0.9960896,0.0026117605,0.047046494,0.07473466,-5.1655064,-0.56607145,-0.19905354
366901.0,0,0,0.9961514,0.0042405315,0.045666438,0.07469227,-5.1659374,-0.567208,-0.20053592
366902.0,0,0,0.9962038,0.0055502276,0.044319373,0.07472015,-5.166345,-0.5682934,-0.20196985
366903.0,0,0,0.9962365,0.0069427313,0.043169722,0.07484026,-5.1667213,-0.5693913,-0.20337008
366904.0,0,0,0.9962594,0.008292442,0.04212702,0.07499144,-5.167081,-0.5704993,-0.204746
366905.0,0,0,0.99628323,0.009456104,0.041064925,0.075126395,-5.1674414,-0.57158256,-0.20609654
366906.0,0,0,0.996309,0.01034062,0.03997458,0.075256586,-5.1678066,-0.5726158,-0.20741516
366907.0,0,0,0.99633384,0.010962568,0.038910773,0.07539777,-5.168171,-0.5736105,-0.20870675
366908.0,0,0,0.9963568,0.011477317,0.037877895,0.07554305,-5.1685266,-0.5745883,-0.20997298
366909.0,0,1,0.9963845,0.012039326,0.036700483,0.07567121,-5.168874,-0.5755645,-0.21122362
366910.0,0,1,0.9964123,0.012559387,0.035650708,0.07572221,-5.1692166,-0.576534,-0.2124589
366911.0,0,1,0.9964487,0.012843117,0.034654837,0.07565859,-5.1695595,-0.57750475,-0.21368521
366912.0,0,1,0.9964962,0.012824623,0.033619393,0.07550231,-5.1699004,-0.5784965,-0.2149068
366913.0,0,1,0.9965476,0.01277776,0.032517612,0.075315,-5.170235,-0.5795215,-0.21612445
366914.0,0,1,0.99659485,0.012976578,0.031366397,0.075143754,-5.1705594,-0.58056825,-0.21733066
366915.0,0,1,0.9966318,0.013488645,0.030305305,0.07499852,-5.170873,-0.5816134,-0.21852353
366916.0,0,1,0.99666786,0.013918297,0.029329903,0.07482807,-5.171179,-0.5826552,-0.21970378
366917.0,0,1,0.9967041,0.014243397,0.028440239,0.07462717,-5.171478,-0.58369404,-0.22087
366918.0,0,1,0.9967413,0.014503957,0.027577758,0.074404724,-5.171773,-0.584737,-0.22202742
366919.0,0,1,0.9967789,0.014750206,0.026692867,0.07417452,-5.172062,-0.5857846,-0.22317421
366920.0,0,1,0.99681497,0.015034947,0.025776561,0.073956884,-5.172338,-0.58683217,-0.22430442
366921.0,0,1,0.9968486,0.015328305,0.024918223,0.07373701,-5.172598,-0.5878785,-0.22541794
366922.0,0,1,0.9968782,0.015542298,0.02422316,0.07352217,-5.172843,-0.5889232,-0.22651546
366923.0,0,1,0.99690384,0.015673907,0.023721168,0.073310375,-5.1730795,-0.5899725,-0.22760455
366924.0,0,1,0.99692833,0.015705751,0.023326864,0.07309668,-5.173312,-0.5910282,-0.22868706
366925.0,0,1,0.9969522,0.015677964,0.022985535,0.0728847,-5.173542,-0.59209305,-0.22976442
366926.0,0,1,0.99697614,0.015640004,0.0226262,0.0726788,-5.173767,-0.59316677,-0.23083536
366927.0,0,1,0.9969991,0.01562529,0.02227524,0.0724746,-5.1739855,-0.59424937,-0.23189944
366928.0,1,1,0.99702036,0.015637342,0.0219703,0.07227158,-5.1685266,-0.5745883,-0.20997298
366929.0,1,1,0.99703956,0.015687615,0.02169581,0.072079524,-5.1685266,-0.5745883,-0.20997298
366930.0,1,1,0.99705726,0.015768003,0.02144302,0.07189145,-5.1685266,-0.5745883,-0.20997298
366931.0,1,1,0.99707466,0.015783276,0.02128947,0.071692504,-5.1685266,-0.5745883,-0.20997298
366932.0,1,1,0.997089,0.015868053,0.021290675,0.07147391,-5.1685266,-0.5745883,-0.20997298
366933.0,1,1,0.9971028,0.0160597,0.021302499,0.07123541,-5.1685266,-0.5745883,-0.20997298
366934.0,1,1,0.99711776,0.016310897,0.021325218,0.070960775,-5.1685266,-0.5745883,-0.20997298
366935.0,1,1,0.9971326,0.016603373,0.02146075,0.070642255,-5.1685266,-0.5745883,-0.20997298
366936.0,1,1,0.99714696,0.016906865,0.021743914,0.07028069,-5.1685266,-0.5745883,-0.20997298
366937.0,1,1,0.9971612,0.017219277,0.021962967,0.0699341,-5.1685266,-0.5745883,-0.20997298
366938.0,1,1,0.99717784,0.017631073,0.021963747,0.06959322,-5.1685266,-0.5745883,-0.20997298
366939.0,1,1,0.9972015,0.018129861,0.021650134,0.06922308,-5.1685266,-0.5745883,-0.20997298
366940.0,1,1,0.9972283,0.018660963,0.021147659,0.06884964,-5.1685266,-0.5745883,-0.20997298
366941.0,1,1,0.9972528,0.019269934,0.02064055,0.06847885,-5.1685266,-0.5745883,-0.20997298
366942.0,1,1,0.9972749,0.019949494,0.020198058,0.06809593,-5.1685266,-0.5745883,-0.20997298
366943.0,1,1,0.99729794,0.020672642,0.01967295,0.06769508,-5.1685266,-0.5745883,-0.20997298
366944.0,1,1,0.99732375,0.02140897,0.018900357,0.06730428,-5.1685266,-0.5745883,-0.20997298
366945.0,1,1,0.997351,0.022150885,0.01790533,0.066930264,-5.1685266,-0.5745883,-0.20997298
366946.0,1,1,0.9973762,0.022896422,0.016850516,0.0665773,-5.1685266,-0.5745883,-0.20997298
366947.0,1,1,0.9973935,0.02374016,0.015884059,0.066260315,-5.1685266,-0.5745883,-0.20997298
366948.0,1,1,0.9974079,0.024590382,0.014885297,0.06596344,-5.1685266,-0.5745883,-0.20997298
366949.0,1,1,0.9974256,0.025283847,0.013785702,0.06567288,-5.1685266,-0.5745883,-0.20997298
366950.0,1,1,0.9974455,0.025846405,0.012559351,0.06539709,-5.1685266,-0.5745883,-0.20997298
366951.0,1,1,0.9974656,0.026274662,0.01122177,0.0651615,-5.1685266,-0.5745883,-0.20997298
366952.0,1,1,0.99748194,0.02666518,0.009860121,0.064973794,-5.1685266,-0.5745883,-0.20997298
366953.0,1,1,0.99749595,0.026966978,0.008537906,0.064820535,-5.1685266,-0.5745883,-0.20997298
366954.0,1,1,0.9975087,0.02716956,0.0073258905,0.06468891,-5.1685266,-0.5745883,-0.20997298
366955.0,1,1,0.9975193,0.027320558,0.0061851894,0.06458025,-5.1685266,-0.5745883,-0.20997298
366956.0,1,1,0.9975301,0.027405413,0.0050745737,0.06447493,-5.1685266,-0.5745883,-0.20997298
366957.0,1,1,0.99754226,0.02742516,0.003989924,0.06435468,-5.1685266,-0.5745883,-0.20997298
366958.0,1,1,0.99755555,0.027382238,0.0029399854,0.064222984,-5.1685266,-0.5745883,-0.20997298
366959.0,1,1,0.9975688,0.02734641,0.0020462358,0.0640678,-5.1685266,-0.5745883,-0.20997298
366960.0,1,1,0.9975819,0.027315471,0.0011736933,0.06389723,-5.1685266,-0.5745883,-0.20997298
366961.0,1,1,0.99759585,0.027228905,0.00013134217,0.063727975,-5.1685266,-0.5745883,-0.20997298
366962.0,1,1,0.9976105,0.027118066,-0.0010949471,0.063535355,-5.1685266,-0.5745883,-0.20997298
366963.0,1,1,0.99762416,0.027001943,-0.0024672511,0.06333192,-5.1685266,-0.5745883,-0.20997298
366964.0,1,1,0.99763715,0.02682121,-0.0039476804,0.063127674,-5.1685266,-0.5745883,-0.20997298
366965.0,1,1,0.99764985,0.026548408,-0.0054444624,0.06293087,-5.1685266,-0.5745883,-0.20997298
366966.0,1,1,0.99766105,0.026212707,-0.0069703124,0.06274414,-5.1685266,-0.5745883,-0.20997298
366967.0,1,1,0.9976695,0.02586815,-0.008505453,0.06256184,-5.1685266,-0.5745883,-0.20997298
366968.0,1,1,0.9976761,0.025514374,-0.0100523755,0.062372535,-5.1685266,-0.5745883,-0.20997298
366969.0,1,1,0.99768114,0.025101166,-0.01168969,0.062173598,-5.1685266,-0.5745883,-0.20997298
366970.0,1,1,0.9976831,0.024635453,-0.013434586,0.06197659,-5.1685266,-0.5745883,-0.20997298
366971.0,1,1,0.9976802,0.024174532,-0.015308474,0.061769895,-5.1685266,-0.5745883,-0.20997298
366972.0,1,1,0.99767125,0.023727631,-0.017381553,0.061539117,-5.1685266,-0.5745883,-0.20997298
366973.0,1,1,0.99765676,0.023299003,-0.01953929,0.061289057,-5.1685266,-0.5745883,-0.20997298
366974.0,1,1,0.9976347,0.022883197,-0.02182161,0.061033938,-5.1685266,-0.5745883,-0.20997298
366975.0,1,1,0.9976029,0.022467371,-0.024276758,0.06078178,-5.1685266,-0.5745883,-0.20997298
366976.0,1,1,0.9975626,0.022034105,-0.026805248,0.06053865,-5.1685266,-0.5745883,-0.20997298
366977.0,1,1,0.99751276,0.021630969,-0.02935135,0.060323916,-5.1685266,-0.5745883,-0.20997298
366978.0,1,1,0.99744904,0.021292932,-0.031942822,0.060180876,-5.1685266,-0.5745883,-0.20997298
366979.0,1,1,0.99737966,0.021034842,-0.03439183,0.060071032,-5.1685266,-0.5745883,-0.20997298
366980.0,1,1,0.9973049,0.020792082,-0.03676618,0.059990264,-5.1685266,-0.5745883,-0.20997298
366981.0,1,1,0.9972076,0.020546023,-0.039496318,0.05995912,-5.1685266,-0.5745883,-0.20997298
366982.0,1,1,0.99710083,0.020228308,-0.04228403,0.059939705,-5.1685266,-0.5745883,-0.20997298
366983.0,1,1,0.99699986,0.019742476,-0.04480129,0.059954036,-5.1685266,-0.5745883,-0.20997298
366984.0,0,0,0.99683535,0.019153086,-0.048344266,0.060126465,-5.1685724,-0.5745896,-0.20996268
366985.0,0,0,0.99662685,0.018566906,-0.05232408,0.060434766,-5.1686783,-0.57459265,-0.20994714
366986.0,0,0,0.9963806,0.017941592,-0.056690678,0.060745053,-5.16887,-0.57459617,-0.2099329
366987.0,0,0,0.9960735,0.01729394,-0.061791755,0.060994357,-5.1691895,-0.57460225,-0.20992762
366988.0,0,0,0.99566096,0.016637921,-0.06810452,0.061189365,-5.169686,-0.5746135,-0.2099391
366989.0,0,0,0.9951107,0.01589144,-0.07571808,0.061393086,-5.17043,-0.5746249,-0.2099791
366990.0,0,0,0.9943342,0.014919284,-0.08535776,0.06157034,-5.17151,-0.5746101,-0.21005517
366991.0,0,0,0.9931333,0.013482639,-0.09832896,0.061934114,-5.1728444,-0.5745687,-0.21011323
366992.0,0,0,0.9916731,0.012040839,-0.11219902,0.062054902,-5.1743493,-0.5745211,-0.21009469
366993.0,0,0,0.98992664,0.00966316,-0.1272362,0.06134168,-5.176296,-0.5744653,-0.20999363
366994.0,0,0,0.9869028,0.0066394443,-0.14913127,0.061145596,-5.1788454,-0.57437205,-0.2097587
366995.0,0,0,0.98246884,0.004117749,-0.17569312,0.062208656,-5.181757,-0.5741188,-0.20933402
366996.0,0,0,0.9781566,-0.0025751032,-0.19883288,0.060567018,-5.184996,-0.5736725,-0.20872794
366997.0,0,0,0.9723112,-0.010137093,-0.22608331,0.058262244,-5.18892,-0.5731436,-0.20800051
366998.0,0,0,0.96410483,-0.016443918,-0.258794,0.05707098,-5.193641,-0.5725958,-0.20729844
366999.0,0,0,0.9541281,-0.023902552,-0.29335564,0.054870144,-5.1989326,-0.57208157,-0.2067948
367000.0,0,0,0.9423704,-0.030876072,-0.32906288,0.051983397,-5.204592,-0.57170516,-0.20659986
367001.0,0,0,0.92838144,-0.035834942,-0.36665398,0.04887309,-5.210547,-0.5715649,-0.20678842
367002.0,0,0,0.9119757,-0.039294966,-0.4058017,0.04561835,-5.216826,-0.5715408,-0.20736817
367003.0,0,0,0.8942494,-0.042673532,-0.44348833,0.04260591,-5.2233763,-0.5714006,-0.20806442
367004.0,0,0,0.8787982,-0.046544697,-0.4733601,0.038439598,-5.230236,-0.5711454,-0.20806076
367005.0,0,0,0.8685074,-0.048134904,-0.49220407,0.033363506,-5.2377954,-0.5709382,-0.20660684
367006.0,0,0,0.8632277,-0.047018036,-0.5018144,0.028451705,-5.2464466,-0.5708743,-0.20386757
367007.0,0,0,0.86119944,-0.045621708,-0.5056987,0.022873117,-5.2563434,-0.5709441,-0.20069681
367008.0,0,0,0.8599084,-0.044264894,-0.50823176,0.017282598,-5.267471,-0.57108945,-0.1977582
367009.0,0,0,0.85946035,-0.042623162,-0.5092835,0.011893245,-5.2796454,-0.57127357,-0.19517408
367010.0,0,0,0.8605187,-0.04051207,-0.50776464,0.006445938,-5.292764,-0.57150674,-0.19281968
367011.0,0,0,0.8624785,-0.038217116,-0.5046472,0.001285081,-5.3066297,-0.5718103,-0.19068214
367012.0,0,0,0.8648788,-0.035932258,-0.5006802,-0.0036045671,-5.321167,-0.5721953,-0.18883005
367013.0,0,0,0.86758256,-0.033723194,-0.4960796,-0.008275147,-5.3363004,-0.57265574,-0.18732506
367014.0,0,0,0.8705219,-0.031545345,-0.49095407,-0.012677688,-5.351931,-0.5731754,-0.18617025
367015.0,0,0,0.8737576,-0.029417036,-0.48517507,-0.016956665,-5.3680286,-0.57373923,-0.18532148
367016.0,0,0,0.8773236,-0.027289862,-0.4786543,-0.021179248,-5.384602,-0.5743373,-0.18473017
367017.0,0,0,0.88117826,-0.02510203,-0.47143874,-0.02530225,-5.4014983,-0.57495534,-0.18436496
367018.0,0,0,0.88531363,-0.022856362,-0.46350133,-0.029391544,-5.4188485,-0.57558966,-0.18419842
367019.0,0,0,0.88968664,-0.020558348,-0.4548823,-0.033422958,-5.4365673,-0.5762319,-0.18420196
367020.0,0,0,0.89433813,-0.018126788,-0.4454587,-0.0373817,-5.454727,-0.57688516,-0.18433823
367021.0,0,0,0.8992462,-0.015498913,-0.4352243,-0.041181915,-5.4732175,-0.57755005,-0.18456946
367022.0,0,0,0.90439856,-0.012620613,-0.4241419,-0.044808205,-5.4920864,-0.5782337,-0.18487084
367023.0,0,0,0.9097225,-0.009494596,-0.4122924,-0.048267264,-5.511253,-0.5789377,-0.18523109
367024.0,0,0,0.9151432,-0.006155168,-0.39976773,-0.051582936,-5.530719,-0.5796652,-0.18565038
367025.0,0,0,0.92058885,-0.0027021246,-0.38666373,-0.054773092,-5.550427,-0.5804177,-0.18612878
367026.0,0,0,0.92601925,0.0007861577,-0.3730154,-0.057855815,-5.570382,-0.5812031,-0.18666874
367027.0,0,0,0.9313509,0.0042493897,-0.35898834,-0.060785588,-5.590511,-0.5820304,-0.18727638
367028.0,0,0,0.93650466,0.0075900285,-0.34476516,-0.063548334,-5.610783,-0.58290976,-0.18796529
367029.0,0,0,0.9414375,0.010725949,-0.33046207,-0.06614501,-5.631261,-0.58385164,-0.18875466
367030.0,0,0,0.9460807,0.01355354,-0.31630558,-0.068545915,-5.6518235,-0.58485484,-0.18965206
367031.0,0,0,0.9504433,0.016038252,-0.30231643,-0.070746854,-5.672559,-0.58592623,-0.190664
367032.0,0,0,0.95452577,0.018125437,-0.2885521,-0.07273013,-5.693349,-0.5870614,-0.19177514
367033.0,0,0,0.95837736,0.019832652,-0.27490014,-0.07449416,-5.7142863,-0.5882684,-0.19297424
367034.0,0,0,0.962007,0.021177223,-0.2613765,-0.07600338,-5.7353,-0.5895462,-0.19424036
367035.0,0,0,0.96544456,0.022181356,-0.24790463,-0.07725359,-5.75649,-0.5909022,-0.19556594
367036.0,0,0,0.96869123,0.022838471,-0.23450841,-0.07823981,-5.777795,-0.59232974,-0.19693448
367037.0,0,0,0.97172016,0.023131711,-0.22133358,-0.07896972,-5.7989755,-0.5938055,-0.19831343
367038.0,0,0,0.9746006,0.02306579,-0.20810194,-0.079467855,-5.820434,-0.59535104,-0.19970405
367039.0,0,0,0.9773222,0.022665093,-0.19486147,-0.07972828,-5.8419476,-0.5969467,-0.20105977
367040.0,0,0,0.9799066,0.022017254,-0.18149193,-0.07974342,-5.863578,-0.59859645,-0.20235142
367041.0,0,0,0.98235756,0.02118373,-0.16793841,-0.0795087,-5.885326,-0.6003012,-0.20354906
367042.0,0,0,0.9846703,0.020223543,-0.15418369,-0.079012185,-5.9071364,-0.60205805,-0.2046246
367043.0,0,0,0.9868467,0.019187817,-0.14015238,-0.07824802,-5.9290433,-0.6038704,-0.20556022
367044.0,0,0,0.98886985,0.018121447,-0.12588061,-0.07721472,-5.9510236,-0.605735,-0.20634122
367045.0,0,0,0.99072176,0.01704352,-0.11142021,-0.075931035,-5.9730234,-0.6076443,-0.20695648
367046.0,0,0,0.9923981,0.015958827,-0.096707575,-0.07442384,-5.9950957,-0.6095983,-0.20740071
367047.0,0,0,0.99388117,0.014867782,-0.081780136,-0.072741255,-6.0171833,-0.6115843,-0.20766932
367048.0,0,0,0.99515384,0.013741273,-0.066693276,-0.0709373,-6.0392647,-0.61359006,-0.2077613
367049.0,0,0,0.99620277,0.012527438,-0.05149458,-0.0690757,-6.061306,-0.6156021,-0.20767519
367050.0,0,0,0.9970212,0.011211983,-0.036168486,-0.06719196,-6.083338,-0.6176153,-0.2074064
367051.0,0,0,0.9976008,0.009802056,-0.020707216,-0.06532928,-6.1053457,-0.61962414,-0.20694926
367052.0,0,0,0.99793255,0.00833476,-0.0051701753,-0.063517965,-6.1272836,-0.62162226,-0.20630118
367053.0,0,0,0.9980133,0.006819574,0.010336961,-0.061775517,-6.149086,-0.62360245,-0.2054642
367054.0,0,0,0.997844,0.0052581015,0.025859075,-0.060092267,-6.1708617,-0.62557423,-0.20443383
367055.0,0,0,0.9974276,0.0036842884,0.041307263,-0.058466922,-6.192482,-0.62752694,-0.20321679
367056.0,0,0,0.9967628,0.0021111916,0.05675291,-0.05690905,-6.2140293,-0.6294688,-0.20180753
367057.0,0,0,0.99585384,0.0005236355,0.072124474,-0.055434443,-6.2354097,-0.63139045,-0.20020846
367058.0,0,0,0.9947036,-0.0011069372,0.08741034,-0.05406439,-6.256623,-0.63328975,-0.19841138
367059.0,0,0,0.9933182,-0.002818098,0.102582395,-0.05280075,-6.2776537,-0.63516426,-0.19640498
367060.0,0,0,0.99169445,-0.004645875,0.11771226,-0.051617686,-6.298531,-0.63701946,-0.19417112
367061.0,0,0,0.9898254,-0.006603056,0.13285628,-0.050509024,-6.3191824,-0.63885665,-0.19170412
367062.0,0,0,0.98770165,-0.008684224,0.14806736,-0.0494579,-6.339572,-0.64068496,-0.18899903
367063.0,0,0,0.98531306,-0.010897385,0.16339129,-0.048401523,-6.3596926,-0.6425202,-0.1860516
367064.0,0,0,0.98264885,-0.013230239,0.1788598,-0.047280937,-6.3795176,-0.64437836,-0.18286695
367065.0,0,0,0.9797111,-0.01565629,0.19443038,-0.046019815,-6.399043,-0.6462767,-0.17945373
367066.0,0,0,0.97652316,-0.018174207,0.20997113,-0.04454666,-6.418225,-0.64822376,-0.17583331
367067.0,0,0,0.9731065,-0.020777812,0.22538438,-0.042822696,-6.4370346,-0.6502236,-0.17202684
367068.0,0,0,0.9694698,-0.023467084,0.24064691,-0.04082631,-6.4554834,-0.6522825,-0.16804574
367069.0,0,0,0.9656213,-0.026191946,0.25574037,-0.038553897,-6.4735265,-0.6544012,-0.16391191
367070.0,0,0,0.9615844,-0.028879382,0.27060056,-0.036011446,-6.491099,-0.6565758,-0.15965551
367071.0,0,0,0.95739514,-0.03146942,0.28513458,-0.033204447,-6.5081587,-0.65880007,-0.15531029
367072.0,0,0,0.95306593,-0.033935778,0.299339,-0.030162802,-6.5247355,-0.6610752,-0.15090246
367073.0,0,0,0.9486432,-0.03622613,0.313111,-0.026930513,-6.54074,-0.66338646,-0.14650224
367074.0,0,0,0.94415647,-0.03829851,0.3264155,-0.02355288,-6.5561843,-0.665736,-0.14216425
367075.0,0,0,0.93966323,-0.04010322,0.33914834,-0.020078255,-6.5710616,-0.668124,-0.1379575
367076.0,0,0,0.9352472,-0.041605726,0.35115194,-0.016556729,-6.585327,-0.6705408,-0.1339685
367077.0,0,0,0.9309478,-0.04286383,0.36239344,-0.013041212,-6.599032,-0.6729874,-0.13026075
367078.0,0,0,0.9268278,-0.043927893,0.37278393,-0.009635371,-6.6121583,-0.67544454,-0.12691508
367079.0,0,0,0.92294747,-0.044912457,0.38224244,-0.0064439885,-6.6247063,-0.6778843,-0.12400396
367080.0,0,0,0.9193405,-0.04604045,0.390744,-0.0035543116,-6.636669,-0.6802696,-0.12159901
367081.0,0,0,0.91600883,-0.04752565,0.3983317,-0.0010421647,-6.6480618,-0.68257153,-0.1197654
367082.0,0,0,0.9129926,-0.049420606,0.4049707,0.0009826535,-6.658858,-0.6847621,-0.11857012
367083.0,0,0,0.91032946,-0.05170824,0.41063416,0.002468168,-6.669071,-0.68683034,-0.118067786
367084.0,0,0,0.9080781,-0.054336376,0.4152469,0.003427728,-6.678686,-0.68876946,-0.118304744
367085.0,0,0,0.9068146,-0.057089232,0.41763127,0.0035244534,-6.687747,-0.6906218,-0.11934807
367086.0,0,0,0.9061224,-0.059430614,0.4188069,0.0033080752,-6.696231,-0.6924163,-0.12120957
367087.0,0,0,0.9060648,-0.06104623,0.41870254,0.0028654998,-6.7041383,-0.69418895,-0.12387854
367088.0,0,0,0.9066645,-0.0617207,0.41730657,0.002312886,-6.711498,-0.6959787,-0.1273433
367089.0,0,0,0.9078984,-0.06133651,0.41467515,0.0017353257,-6.7182713,-0.6978014,-0.13155332
367090.0,0,0,0.9100756,-0.05994483,0.41008288,0.0010514294,-6.724466,-0.69963294,-0.13656187
367091.0,0,0,0.915255,-0.05718173,0.39879656,1.5598749e-05,-6.7304435,-0.70127463,-0.14245434
367092.0,0,0,0.92100734,-0.05881728,0.38507903,-0.0005672044,-6.7367506,-0.70262784,-0.14894639
367093.0,0,0,0.9270023,-0.062458653,0.3698173,-0.00083357457,-6.74325,-0.70386547,-0.15559803
367094.0,0,0,0.9315566,-0.06355372,0.3579898,-0.0025935457,-6.7495394,-0.70521563,-0.16213794
367095.0,0,0,0.9353165,-0.061982427,0.3482936,-0.005709932,-6.7557764,-0.70695084,-0.16831857
367096.0,0,0,0.9407437,-0.0571558,0.33413705,-0.00932514,-6.762372,-0.7092946,-0.17411911
367097.0,0,0,0.9482251,-0.04747317,0.3137681,-0.012850548,-6.769567,-0.71220094,-0.17996599
367098.0,0,0,0.95648533,-0.03843587,0.28891045,-0.013763498,-6.7771606,-0.715352,-0.1863517
367099.0,0,0,0.9638669,-0.035506364,0.2637558,-0.011529221,-6.7845964,-0.7185235,-0.19329938
367100.0,0,0,0.9700538,-0.035909276,0.24011877,-0.0070140744,-6.791468,-0.72179335,-0.20036097
367101.0,0,0,0.97546804,-0.03476701,0.21737373,-0.001388277,-6.7976065,-0.7252097,-0.20696162
367102.0,0,0,0.97991645,-0.032628976,0.19666865,0.0045224284,-6.802984,-0.72855794,-0.21277882
367103.0,0,0,0.98347765,-0.030762399,0.1781343,0.00967682,-6.807694,-0.7315384,-0.21790518
367104.0,0,0,0.98636556,-0.029133061,0.16141087,0.013450825,-6.8118367,-0.73393005,-0.22260226
367105.0,0,0,0.9886836,-0.028359264,0.14647263,0.015689846,-6.815481,-0.7356456,-0.22704008
367106.0,0,0,0.99051946,-0.028831001,0.13328366,0.016593482,-6.8186846,-0.7367501,-0.23122235
367107.0,0,0,0.9919711,-0.030202445,0.12168309,0.016563265,-6.821519,-0.73743135,-0.23508331
367108.0,0,0,0.9931353,-0.031998385,0.111366585,0.01599501,-6.824039,-0.73791975,-0.23858018
367109.0,0,0,0.99406046,-0.033846766,0.10228995,0.015328982,-6.8262815,-0.73840743,-0.24175224
367110.0,0,0,0.9947381,-0.035787705,0.094807796,0.015061624,-6.8283877,-0.739084,-0.24464755
367111.0,0,0,0.99534285,-0.036937412,0.0875091,0.016446576,-6.830494,-0.7401705,-0.24719831
367112.0,0,0,0.9961187,-0.03544226,0.07825668,0.019165207,-6.8324637,-0.74178547,-0.2493567
367113.0,0,0,0.9966373,-0.03232837,0.072003596,0.022012888,-6.8341165,-0.74389666,-0.25121233
367114.0,0,0,0.9970364,-0.02774774,0.06748485,0.024379278,-6.8354692,-0.7462798,-0.25282574
367115.0,0,0,0.99743587,-0.021909025,0.06273063,0.026581747,-6.8366594,-0.74863863,-0.25423878
367116.0,0,0,0.9977365,-0.01668766,0.05867076,0.028305337,-6.8377647,-0.7507357,-0.25548372
367117.0,0,0,0.9979301,-0.012941651,0.05574276,0.02933743,-6.8388224,-0.75253356,-0.25660038
367118.0,0,0,0.99808633,-0.009888488,0.05308681,0.030127222,-6.8398323,-0.75415987,-0.2576057
367119.0,0,0,0.99821764,-0.0067982683,0.050661594,0.030803405,-6.840774,-0.75581014,-0.25851437
367120.0,0,0,0.9983096,-0.0033154122,0.048757818,0.03145966,-6.8416257,-0.7575788,-0.2593312
367121.0,0,0,0.9983699,0.0005664195,0.0471838,0.03211099,-6.8424125,-0.75944006,-0.26007935
367122.0,0,0,0.9984095,0.0042997934,0.045764394,0.032645874,-6.843183,-0.7612862,-0.26077908
367123.0,0,0,0.99845,0.007293687,0.044304363,0.03288879,-6.84397,-0.76298356,-0.2614055
367124.0,0,0,0.99850833,0.00915805,0.0425889,0.032916546,-6.844748,-0.76448333,-0.26192126
367125.0,0,0,0.99854445,0.01014609,0.04153064,0.032883056,-6.8454666,-0.7658541,-0.26232496
367126.0,0,0,0.9985591,0.010879443,0.041014723,0.03285163,-6.846122,-0.7672069,-0.26265332
367127.0,0,0,0.99856716,0.011759732,0.040535666,0.0328996,-6.846747,-0.76859796,-0.26295295
367128.0,0,0,0.9985762,0.012701955,0.03998351,0.032946985,-6.8473763,-0.7700185,-0.26324862
367129.0,0,0,0.99859154,0.013428372,0.039361257,0.03294365,-6.8480153,-0.77142775,-0.26353395
367130.0,0,0,0.99860966,0.013908301,0.03875739,0.032913037,-6.84865,-0.7728108,-0.26379555
367131.0,0,0,0.9986244,0.014224076,0.038309224,0.032856215,-6.849266,-0.77417666,-0.2640304
367132.0,0,1,0.99864835,0.014426902,0.037654165,0.0327969,-6.8498683,-0.77554613,-0.26424813
367133.0,0,1,0.998666,0.014500511,0.037206396,0.032737203,-6.850468,-0.7769246,-0.2644607
367134.0,0,1,0.9986794,0.014583329,0.036870137,0.03267301,-6.8510737,-0.7783039,-0.2646727
367135.0,0,1,0.99869734,0.0146351475,0.036414865,0.032612287,-6.851684,-0.77967995,-0.2648802
367136.0,0,1,0.99872196,0.014556746,0.03581592,0.032554924,-6.852294,-0.7810612,-0.26507854
367137.0,0,1,0.9987503,0.0142890485,0.035193175,0.032482047,-6.8528996,-0.78245246,-0.26526588
367138.0,0,1,0.9987813,0.013901355,0.034548778,0.03239045,-6.8535023,-0.7838655,-0.26544523
367139.0,0,1,0.9988136,0.013502008,0.03387704,0.032270223,-6.8541,-0.78529966,-0.2656187
367140.0,0,1,0.99884516,0.013196345,0.033196297,0.032129735,-6.8546944,-0.7867599,-0.26578778
367141.0,0,1,0.9988741,0.013032408,0.032515194,0.031989343,-6.855282,-0.7882353,-0.26595256
367142.0,0,1,0.9989009,0.0130106285,0.03184313,0.03184199,-6.855867,-0.78973067,-0.26611406
367143.0,0,1,0.9989261,0.013096025,0.031163232,0.03168802,-6.856447,-0.79123557,-0.26627034
367144.0,0,1,0.9989495,0.013253612,0.030494,0.031531636,-6.8570232,-0.792751,-0.266422
367145.0,0,1,0.99897206,0.013469549,0.029828092,0.031363234,-6.8575964,-0.79427546,-0.26656958
367146.0,0,1,0.9989938,0.0137458835,0.02916515,0.031173792,-6.858166,-0.7958061,-0.26671174
367147.0,0,1,0.9990152,0.014022262,0.028514905,0.030967072,-6.8587303,-0.7973363,-0.26684573
367148.0,0,1,0.99903727,0.014215967,0.027873091,0.030751,-6.8592887,-0.7988699,-0.26697046
367149.0,0,1,0.999059,0.014321667,0.027264262,0.030538531,-6.859842,-0.80041313,-0.26708737
367150.0,0,1,0.99907935,0.014379605,0.026733993,0.03031673,-6.8603897,-0.8019633,-0.26719928
367151.0,1,1,0.99909794,0.014422144,0.026263209,0.030091293,-6.849266,-0.77417666,-0.2640304
367152.0,1,1,0.99911714,0.014481853,0.0257448,0.029873706,-6.849266,-0.77417666,-0.2640304
367153.0,1,1,0.9991364,0.014571248,0.025185762,0.02966393,-6.849266,-0.77417666,-0.2640304
367154.0,1,1,0.9991535,0.0147174215,0.02464368,0.029468227,-6.849266,-0.77417666,-0.2640304
367155.0,1,1,0.9991683,0.014888967,0.024164118,0.029278653,-6.849266,-0.77417666,-0.2640304
367156.0,1,1,0.99917996,0.015054044,0.023797732,0.02909403,-6.849266,-0.77417666,-0.2640304
367157.0,1,1,0.99918824,0.015198768,0.023563525,0.028926155,-6.849266,-0.77417666,-0.2640304
367158.0,1,1,0.9991935,0.0153160365,0.02345606,0.028766327,-6.849266,-0.77417666,-0.2640304
367159.0,1,1,0.99919736,0.015412666,0.023439879,0.028595138,-6.849266,-0.77417666,-0.2640304
367160.0,1,1,0.99920124,0.015448724,0.02348019,0.028406736,-6.849266,-0.77417666,-0.2640304
367161.0,1,1,0.9992047,0.015494679,0.023538565,0.028211676,-6.849266,-0.77417666,-0.2640304
367162.0,1,1,0.9992071,0.015505941,0.023664242,0.028012937,-6.849266,-0.77417666,-0.2640304
367163.0,1,1,0.99920696,0.01551429,0.023928998,0.027788261,-6.849266,-0.77417666,-0.2640304
367164.0,1,1,0.9992042,0.0155890845,0.024274675,0.027546436,-6.849266,-0.77417666,-0.2640304
367165.0,1,1,0.9992009,0.015606381,0.024714394,0.027261453,-6.849266,-0.77417666,-0.2640304
367166.0,1,1,0.9991955,0.01568473,0.025272274,0.026903845,-6.849266,-0.77417666,-0.2640304
367167.0,1,1,0.9991932,0.016091866,0.025546746,0.02648678,-6.849266,-0.77417666,-0.2640304
367168.0,1,1,0.99919814,0.016808042,0.025374329,0.02601282,-6.849266,-0.77417666,-0.2640304
367169.0,1,1,0.99920696,0.017720595,0.024942655,0.025482416,-6.849266,-0.77417666,-0.2640304
367170.0,1,1,0.99921674,0.01869291,0.02439362,0.024928672,-6.849266,-0.77417666,-0.2640304
367171.0,1,1,0.9992275,0.019694423,0.023668323,0.024421705,-6.849266,-0.77417666,-0.2640304
367172.0,1,1,0.9992403,0.020797908,0.022648,0.023944877,-6.849266,-0.77417666,-0.2640304
367173.0,1,1,0.9992563,0.021870684,0.021408606,0.023457145,-6.849266,-0.77417666,-0.2640304
367174.0,1,1,0.99927187,0.022855975,0.020127399,0.022985298,-6.849266,-0.77417666,-0.2640304
367175.0,1,1,0.9992797,0.02397014,0.018886738,0.022557478,-6.849266,-0.77417666,-0.2640304
367176.0,1,1,0.99928457,0.025069693,0.017633134,0.02215987,-6.849266,-0.77417666,-0.2640304
367177.0,1,1,0.999292,0.02592311,0.016416805,0.021773234,-6.849266,-0.77417666,-0.2640304
367178.0,1,1,0.99930227,0.026568698,0.015144096,0.021443488,-6.849266,-0.77417666,-0.2640304
367179.0,1,1,0.9993125,0.02707643,0.013898208,0.021171922,-6.849266,-0.77417666,-0.2640304
367180.0,1,1,0.99932295,0.027413951,0.012825582,0.020918576,-6.849266,-0.77417666,-0.2640304
367181.0,1,1,0.9993312,0.027651533,0.011959788,0.02072666,-6.849266,-0.77417666,-0.2640304
367182.0,1,1,0.9993376,0.027841592,0.011167184,0.020607384,-6.849266,-0.77417666,-0.2640304
367183.0,1,1,0.9993502,0.027839439,0.01016473,0.02051511,-6.849266,-0.77417666,-0.2640304
367184.0,1,1,0.9993695,0.02765138,0.008892403,0.020419756,-6.849266,-0.77417666,-0.2640304
367185.0,1,1,0.99939007,0.02739353,0.0075470726,0.020301344,-6.849266,-0.77417666,-0.2640304
367186.0,1,1,0.99940974,0.02712172,0.0061731646,0.020162242,-6.849266,-0.77417666,-0.2640304
367187.0,1,1,0.99943066,0.026778758,0.004643503,0.019997036,-6.849266,-0.77417666,-0.2640304
367188.0,1,1,0.9994525,0.0263411,0.0031073801,0.019779079,-6.849266,-0.77417666,-0.2640304
367189.0,1,1,0.9994724,0.025896542,0.0016963757,0.019531615,-6.849266,-0.77417666,-0.2640304
367190.0,1,1,0.99948996,0.025468796,0.00025102287,0.019268395,-6.849266,-0.77417666,-0.2640304
367191.0,1,1,0.9995081,0.02492926,-0.0015170878,0.01897086,-6.849266,-0.77417666,-0.2640304
367192.0,1,1,0.9995235,0.024343295,-0.0036443674,0.018626416,-6.849266,-0.77417666,-0.2640304
367193.0,1,1,0.9995333,0.02375455,-0.0060078315,0.018243743,-6.849266,-0.77417666,-0.2640304
367194.0,1,1,0.9995365,0.023181334,-0.008479447,0.017815826,-6.849266,-0.77417666,-0.2640304
367195.0,1,1,0.99953145,0.02261601,-0.011108613,0.017377963,-6.849266,-0.77417666,-0.2640304
367196.0,1,1,0.9995172,0.022027027,-0.013886294,0.016956378,-6.849266,-0.77417666,-0.2640304
367197.0,1,1,0.9994919,0.021467544,-0.016753273,0.016567452,-6.849266,-0.77417666,-0.2640304
367198.0,1,1,0.9994534,0.021011362,-0.019721331,0.016203033,-6.849266,-0.77417666,-0.2640304
367199.0,1,1,0.9994005,0.020728692,-0.02275928,0.015840873,-6.849266,-0.77417666,-0.2640304
367200.0,1,1,0.99933386,0.020508237,-0.02591055,0.015489119,-6.849266,-0.77417666,-0.2640304
367201.0,1,1,0.9992599,0.020264396,-0.028979713,0.015143127,-6.849266,-0.77417666,-0.2640304
367202.0,1,1,0.9991753,0.019887477,-0.03214668,0.014822448,-6.849266,-0.77417666,-0.2640304
367203.0,0,0,0.99907875,0.019305572,-0.035461556,0.014544989,-6.8492556,-0.7741723,-0.2640037
367204.0,0,0,0.998965,0.018607153,-0.03898488,0.014242343,-6.8492455,-0.7741639,-0.26395386
367205.0,0,0,0.99882716,0.017782431,-0.042827334,0.013927109,-6.8492694,-0.77415127,-0.2638889
367206.0,0,0,0.9986433,0.016915336,-0.047310557,0.013682789,-6.849364,-0.77413696,-0.26381582
367207.0,0,0,0.99840945,0.016081076,-0.05231755,0.013523717,-6.849564,-0.7741217,-0.26374444
367208.0,0,0,0.9981086,0.015176218,-0.058053374,0.013369674,-6.8499274,-0.7740961,-0.26368412
367209.0,0,0,0.9976703,0.014082274,-0.06542193,0.013252612,-6.850533,-0.77404183,-0.26364157
367210.0,0,0,0.9970245,0.012668408,-0.07486619,0.013293343,-6.8514647,-0.7739402,-0.2636132
367211.0,0,0,0.99602854,0.010874747,-0.08729451,0.013733144,-6.852705,-0.7737952,-0.26356345
367212.0,0,0,0.994622,0.009301958,-0.1021399,0.014426318,-6.8541975,-0.77361,-0.26345515
367213.0,0,0,0.99285287,0.0064970437,-0.11828169,0.014502735,-6.8561506,-0.773356,-0.2632781
367214.0,0,0,0.98991555,0.0025956365,-0.14080241,0.015337965,-6.858783,-0.77302957,-0.26299018
367215.0,0,0,0.98537207,-8.7776214e-05,-0.16937205,0.018838737,-6.8618116,-0.7725702,-0.26252133
367216.0,0,0,0.9805295,-0.0054197474,-0.19515942,0.021103598,-6.865094,-0.77191114,-0.26185277
367217.0,0,0,0.97444475,-0.012986557,-0.22317863,0.021908782,-6.8690314,-0.77109694,-0.26104638
367218.0,0,0,0.96574557,-0.019350339,-0.257625,0.024299927,-6.8738775,-0.77021027,-0.2602499
367219.0,0,0,0.9546799,-0.026221376,-0.29526567,0.026776835,-6.8795176,-0.7693165,-0.2596549
367220.0,0,0,0.94139624,-0.033906933,-0.33439726,0.028321043,-6.885702,-0.7684643,-0.2594059
367221.0,0,0,0.9258684,-0.0408754,-0.37450185,0.029072868,-6.892283,-0.7677184,-0.25960833
367222.0,0,0,0.90798694,-0.046293154,-0.41537946,0.029604727,-6.8991556,-0.76718473,-0.26035455
367223.0,0,0,0.88761413,-0.04905162,-0.45691627,0.031025931,-6.906168,-0.7669791,-0.26167944
367224.0,0,0,0.8650757,-0.04942531,-0.49806395,0.03366675,-6.913281,-0.7668805,-0.26321533
367225.0,0,0,0.8408123,-0.053009417,-0.53756,0.03540899,-6.9208164,-0.7664527,-0.26391572
367226.0,0,0,0.8238585,-0.05835248,-0.56280696,0.03317201,-6.929306,-0.7656872,-0.26283327
367227.0,0,0,0.8154591,-0.05954524,-0.5749572,0.030086035,-6.939287,-0.7649226,-0.26004073
367228.0,0,0,0.8134617,-0.05714171,-0.57813317,0.027873645,-6.950927,-0.764318,-0.2563108
367229.0,0,0,0.81521904,-0.05544879,-0.5759892,0.024080906,-6.9639907,-0.7638111,-0.25249246
367230.0,0,0,0.81831443,-0.054329883,-0.57185096,0.019909758,-6.9782953,-0.7633388,-0.24901682
367231.0,0,0,0.82210433,-0.052941177,-0.5666362,0.016283764,-6.9935374,-0.762908,-0.24594863
367232.0,0,0,0.8271322,-0.051312912,-0.55951816,0.012601525,-7.009444,-0.76256114,-0.2432101
367233.0,0,0,0.8328168,-0.049273092,-0.55127364,0.009262216,-7.0258627,-0.7623351,-0.24080756
367234.0,0,0,0.83833826,-0.047038652,-0.54308033,0.006331141,-7.042671,-0.7622381,-0.2388396
367235.0,0,0,0.8433666,-0.044885315,-0.53544813,0.0036467318,-7.059778,-0.7622578,-0.23738106
367236.0,0,0,0.8478608,-0.04281896,-0.5284856,0.0012994183,-7.077206,-0.76238066,-0.23641835
367237.0,0,0,0.8520441,-0.04077734,-0.52187884,-0.0007775554,-7.0949063,-0.76259744,-0.23588303
367238.0,0,0,0.85618484,-0.038714327,-0.5152104,-0.0026696916,-7.1129327,-0.76290274,-0.23569499
367239.0,0,0,0.86039865,-0.036611065,-0.508286,-0.0043802825,-7.131273,-0.763288,-0.23579271
367240.0,0,0,0.8647872,-0.03452906,-0.5009139,-0.006001615,-7.1499453,-0.76374257,-0.23612763
367241.0,0,0,0.8694309,-0.032470018,-0.4929287,-0.0075528137,-7.168958,-0.7642568,-0.23665456
367242.0,0,0,0.87439007,-0.030380262,-0.484188,-0.009007501,-7.1883616,-0.76482487,-0.23732895
367243.0,0,0,0.87970763,-0.028239865,-0.47456232,-0.010377593,-7.2081304,-0.765442,-0.23810467
367244.0,0,0,0.8853794,-0.025959268,-0.46399784,-0.0116406465,-7.228227,-0.76610583,-0.23894344
367245.0,0,0,0.8914011,-0.023451228,-0.4524263,-0.012826243,-7.248786,-0.7668206,-0.23983021
367246.0,0,0,0.89756304,-0.020764645,-0.44017616,-0.013944033,-7.2693706,-0.76756823,-0.2407422
367247.0,0,0,0.9038705,-0.0178709,-0.42716825,-0.015032645,-7.290358,-0.7683578,-0.2417041
367248.0,0,0,0.91016746,-0.014846654,-0.4136602,-0.016124824,-7.3115706,-0.769176,-0.242718
367249.0,0,0,0.91637886,-0.011765514,-0.3997663,-0.017275944,-7.333022,-0.7700156,-0.24378884
367250.0,0,0,0.92244023,-0.008704971,-0.38559562,-0.01855635,-7.354596,-0.7708659,-0.24490768
367251.0,0,0,0.9283249,-0.005678208,-0.37118843,-0.019998612,-7.37634,-0.7717255,-0.24606998
367252.0,0,0,0.93399036,-0.002735352,-0.3566339,-0.021604095,-7.3982306,-0.7725923,-0.24726608
367253.0,0,0,0.93941814,6.223483e-05,-0.34197533,-0.023375744,-7.4202266,-0.77346766,-0.24848355
367254.0,0,0,0.94461787,0.0026904435,-0.32718602,-0.025280658,-7.4422774,-0.774357,-0.24970892
367255.0,0,0,0.94959944,0.00503215,-0.3122294,-0.027356697,-7.464448,-0.77528006,-0.25093707
367256.0,0,0,0.95430297,0.00719839,-0.29729962,-0.0294433,-7.486697,-0.7762428,-0.25215873
367257.0,0,0,0.95872724,0.009168206,-0.28242868,-0.03149536,-7.509015,-0.7772533,-0.2533586
367258.0,0,0,0.9629009,0.010961303,-0.2675484,-0.033460863,-7.531431,-0.77832407,-0.25451854
367259.0,0,0,0.9668298,0.012602846,-0.25265643,-0.035302456,-7.553864,-0.77946025,-0.2556161
367260.0,0,0,0.97052866,0.014079328,-0.23770893,-0.03701776,-7.576411,-0.78067106,-0.25663963
367261.0,0,0,0.97398216,0.015332711,-0.22278932,-0.038582977,-7.59898,-0.78195107,-0.25756666
367262.0,0,0,0.9772179,0.01633064,-0.2077947,-0.040000554,-7.621643,-0.7833047,-0.258377
367263.0,0,0,0.98025274,0.017057417,-0.19264346,-0.041257028,-7.6443343,-0.78473145,-0.2590453
367264.0,0,0,0.9830898,0.017521817,-0.17729585,-0.042351693,-7.6669884,-0.78623235,-0.25955433
367265.0,0,0,0.98575264,0.017710336,-0.16157427,-0.043265056,-7.6897964,-0.78782594,-0.25989974
367266.0,0,0,0.98818725,0.01762495,-0.14574887,-0.04396238,-7.712395,-0.78948873,-0.2600789
367267.0,0,0,0.99040014,0.0172732,-0.12975048,-0.044429615,-7.735022,-0.7912361,-0.26009947
367268.0,0,0,0.99237794,0.01661849,-0.11365251,-0.044643298,-7.757687,-0.7930653,-0.25996318
367269.0,0,0,0.99410534,0.01567183,-0.09756903,-0.044602446,-7.7802386,-0.7949598,-0.25966847
367270.0,0,0,0.9955922,0.014459247,-0.081388675,-0.04430722,-7.802809,-0.7969266,-0.25920418
367271.0,0,0,0.99682695,0.01301292,-0.06520268,-0.043763593,-7.8252687,-0.79895043,-0.2585613
367272.0,0,0,0.99780875,0.011378026,-0.0490108,-0.042968035,-7.847635,-0.80102825,-0.25772735
367273.0,0,0,0.9985379,0.009591582,-0.032753307,-0.04192072,-7.8699665,-0.8031625,-0.25668687
367274.0,0,0,0.99900836,0.007715752,-0.016489914,-0.040632173,-7.8921647,-0.8053411,-0.25543383
367275.0,0,0,0.99921757,0.0058210283,-0.0002068645,-0.039118443,-7.914227,-0.80756,-0.25396112
367276.0,0,0,0.99916136,0.003950838,0.016152885,-0.03741858,-7.936185,-0.8098168,-0.2522618
367277.0,0,0,0.9988345,0.0021088845,0.032539256,-0.035585955,-7.957997,-0.81209916,-0.2503372
367278.0,0,0,0.99823713,0.00029559995,0.04888741,-0.033656552,-7.9796124,-0.814394,-0.24819133
367279.0,0,0,0.9973667,-0.0015072785,0.065228075,-0.03166558,-8.001069,-0.8166999,-0.24581772
367280.0,0,0,0.9962237,-0.0032889761,0.08152769,-0.029678695,-8.02231,-0.8190083,-0.24321765
367281.0,0,0,0.9948101,-0.005056845,0.09776813,-0.02772587,-8.043309,-0.82131433,-0.24038759
367282.0,0,0,0.9931273,-0.006841239,0.11394851,-0.025829302,-8.064098,-0.8236194,-0.23731308
367283.0,0,0,0.9911873,-0.008672819,0.12998605,-0.024004238,-8.08455,-0.82590795,-0.23400494
367284.0,0,0,0.98898023,-0.010590914,0.14598432,-0.022240264,-8.104691,-0.8281839,-0.23045267
367285.0,0,0,0.9864987,-0.012628596,0.16198358,-0.02054819,-8.1245165,-0.83044904,-0.22665279
367286.0,0,0,0.9837672,-0.014813197,0.17783481,-0.018904272,-8.14385,-0.8326845,-0.2226435
367287.0,0,0,0.9807694,-0.017203756,0.19364235,-0.017263,-8.162742,-0.83489853,-0.21842578
367288.0,0,0,0.97749084,-0.019816598,0.20946588,-0.015591296,-8.181192,-0.8370979,-0.21401702
367289.0,0,0,0.9739587,-0.02259032,0.22517112,-0.013862098,-8.199089,-0.83927786,-0.20947525
367290.0,0,0,0.9702025,-0.02547326,0.2406535,-0.0120106805,-8.216454,-0.8414495,-0.20483507
367291.0,0,0,0.9662765,-0.028393427,0.2557415,-0.009989684,-8.233247,-0.84361476,-0.20015325
367292.0,0,0,0.96222883,-0.03126027,0.27032945,-0.007783895,-8.249461,-0.84577906,-0.19548458
367293.0,0,0,0.95811325,-0.033972405,0.28431633,-0.0054068677,-8.265072,-0.84794647,-0.19089635
367294.0,0,0,0.9539906,-0.036399584,0.29760495,-0.0029095623,-8.280029,-0.8501182,-0.18647093
367295.0,0,0,0.94989777,-0.03845184,0.31018642,-0.00037211573,-8.294355,-0.8523009,-0.18227834
367296.0,0,0,0.9458917,-0.040139467,0.32198343,0.0021004367,-8.308032,-0.8544806,-0.17840984
367297.0,0,0,0.9420255,-0.041618414,0.3329217,0.0043819747,-8.321066,-0.8566255,-0.17495604
367298.0,0,0,0.93835676,-0.04319163,0.3429008,0.006344812,-8.333441,-0.8586852,-0.17201306
367299.0,0,0,0.9349159,-0.045120444,0.3519015,0.007864424,-8.345187,-0.8606216,-0.16966327
367300.0,0,0,0.93175566,-0.047479883,0.3598605,0.008803803,-8.356298,-0.86240596,-0.16799161
367301.0,0,0,0.92894983,-0.05028917,0.36666098,0.009113378,-8.366786,-0.8640301,-0.16706938
367302.0,0,0,0.9265608,-0.05349265,0.37221733,0.00882804,-8.376679,-0.8655083,-0.16695493
367303.0,0,0,0.9246686,-0.056837432,0.37642178,0.008012782,-8.385951,-0.8668665,-0.16768482
367304.0,0,0,0.923343,-0.060000896,0.3791985,0.0067913877,-8.394633,-0.8681554,-0.16927885
367305.0,0,0,0.9226415,-0.06260711,0.3805064,0.005285385,-8.4027195,-0.8694275,-0.17173421
367306.0,0,0,0.92259985,-0.06430383,0.3803442,0.0035998414,-8.410239,-0.87073904,-0.1750494
367307.0,0,0,0.9232188,-0.06480044,0.37876722,0.001826522,-8.417076,-0.87210506,-0.17912439
367308.0,0,0,0.9244543,-0.06402475,0.37587935,-3.9535324e-05,-8.42332,-0.87356234,-0.18397571
367309.0,0,0,0.92623734,-0.06215198,0.37177622,-0.0019714278,-8.42893,-0.8751021,-0.18953933
367310.0,0,0,0.9285472,-0.05975135,0.36635152,-0.0040621315,-8.433978,-0.8767139,-0.19573826
367311.0,0,0,0.9324892,-0.057159886,0.35659435,-0.0061029764,-8.438973,-0.8781941,-0.2023434
367312.0,0,0,0.93735796,-0.058750905,0.34332418,-0.0060797655,-8.444513,-0.8794255,-0.20893517
367313.0,0,0,0.94207555,-0.06235599,0.32950082,-0.005880204,-8.450511,-0.8806871,-0.21513766
367314.0,0,0,0.94607383,-0.06252284,0.3177845,-0.0069392053,-8.456599,-0.882329,-0.22086187
367315.0,0,0,0.9505554,-0.05921246,0.30474892,-0.008145049,-8.462695,-0.8846082,-0.2263033
367316.0,0,0,0.95580035,-0.05222835,0.28918272,-0.009556982,-8.468865,-0.8876255,-0.23189019
367317.0,0,0,0.9614877,-0.04173844,0.2714346,-0.011070572,-8.475279,-0.8910908,-0.23807147
367318.0,0,0,0.967419,-0.03476638,0.25058505,-0.009936791,-8.482077,-0.89447325,-0.24500099
367319.0,0,0,0.9733109,-0.03470182,0.2267892,-0.0053257365,-8.489094,-0.89761424,-0.25249738
367320.0,0,0,0.97849363,-0.035778318,0.2031498,0.0005296551,-8.495843,-0.9006863,-0.26002696
367321.0,0,0,0.98290116,-0.034231685,0.18080506,0.0065552113,-8.5019655,-0.9037357,-0.26712504
367322.0,0,0,0.986437,-0.03227587,0.16048406,0.012047017,-8.507352,-0.90651506,-0.2736192
367323.0,0,0,0.9891812,-0.03143165,0.14236686,0.016253887,-8.512073,-0.9087354,-0.27957132
367324.0,0,0,0.9913901,-0.031323507,0.12569207,0.019133464,-8.516249,-0.9102688,-0.2851215
367325.0,0,0,0.99312526,-0.03196112,0.11070832,0.020603955,-8.519952,-0.9111513,-0.2903454
367326.0,0,0,0.99445856,-0.033375967,0.097489566,0.02083067,-8.523233,-0.9115457,-0.29523602
367327.0,0,0,0.9954784,-0.03516203,0.08587365,0.020302407,-8.52614,-0.91168886,-0.29972255
367328.0,0,0,0.9962841,-0.037034668,0.07525821,0.01956377,-8.528763,-0.91182464,-0.30384392
367329.0,0,0,0.9969034,-0.038673546,0.0657623,0.019062148,-8.53113,-0.9121346,-0.30761892
367330.0,0,0,0.9973612,-0.039999355,0.05750856,0.019070018,-8.533334,-0.9127447,-0.31111357
367331.0,0,0,0.9977093,-0.040472463,0.05018081,0.020494446,-8.535479,-0.91375494,-0.31429565
367332.0,0,0,0.9981375,-0.038380302,0.041448794,0.02303226,-8.537529,-0.9151872,-0.31714305
367333.0,0,0,0.99847066,-0.03475445,0.03464774,0.025456944,-8.539353,-0.9169352,-0.31968024
367334.0,0,0,0.99873275,-0.030302415,0.029095806,0.027717523,-8.54094,-0.91885185,-0.32194346
367335.0,0,0,0.99896026,-0.024734959,0.02411585,0.029750418,-8.542327,-0.9207553,-0.323935
367336.0,0,0,0.99912566,-0.01895074,0.020157486,0.031344693,-8.543552,-0.92249197,-0.32567826
367337.0,0,0,0.9992174,-0.014294384,0.01762384,0.032401264,-8.544652,-0.924002,-0.32721612
367338.0,0,0,0.9992707,-0.010353739,0.015897732,0.033137705,-8.545677,-0.9253654,-0.32861632
367339.0,0,0,0.99930423,-0.006497727,0.014458287,0.033761293,-8.546659,-0.92669886,-0.32992196
367340.0,0,0,0.9993195,-0.0025448431,0.01314754,0.03436963,-8.54761,-0.92807937,-0.33115402
367341.0,0,0,0.9993158,0.001521884,0.012135213,0.0349049,-8.548527,-0.929473,-0.33229354
367342.0,0,0,0.9993023,0.005197483,0.011368823,0.035195258,-8.549406,-0.9307759,-0.33331135
367343.0,0,0,0.9992886,0.007709107,0.011088675,0.03521323,-8.550232,-0.93190074,-0.33418342
367344.0,0,0,0.99927783,0.00913063,0.011496522,0.035048816,-8.551007,-0.9328579,-0.33492476
367345.0,0,0,0.9992681,0.009921938,0.012095165,0.034906786,-8.551754,-0.9337259,-0.33557913
367346.0,0,0,0.99925655,0.010565995,0.01271613,0.03483013,-8.552502,-0.93458676,-0.33619845
367347.0,0,0,0.9992451,0.011211272,0.013209949,0.034771632,-8.553253,-0.9354507,-0.33679724
367348.0,0,0,0.99923515,0.011813371,0.013542549,0.03473025,-8.554027,-0.9363246,-0.337391
367349.0,0,0,0.99922645,0.012326801,0.013826841,0.03469219,-8.554808,-0.93718815,-0.3379684
367350.0,0,0,0.9992186,0.012723869,0.014135885,0.034650825,-8.555583,-0.93803704,-0.33852208
367351.0,0,0,0.9992109,0.013050895,0.014485738,0.03460557,-8.556355,-0.93887985,-0.3390559
367352.0,0,0,0.9992038,0.01329879,0.014822303,0.03457195,-8.55713,-0.93972087,-0.33957505
367353.0,0,0,0.99919844,0.013487941,0.015073463,0.03454619,-8.55791,-0.9405598,-0.3400849
367354.0,0,0,0.99919516,0.013613208,0.015256547,0.034512457,-8.5587015,-0.9414018,-0.34059244
367355.0,0,0,0.99919367,0.013668283,0.015380803,0.03447916,-8.559496,-0.9422426,-0.34109366
367356.0,0,0,0.99919236,0.013696204,0.015520434,0.034441095,-8.560296,-0.9430898,-0.34159017
367357.0,0,0,0.9991912,0.0137518,0.015628925,0.034402218,-8.561101,-0.94394547,-0.34208375
367358.0,0,1,0.9991919,0.013589438,0.01584009,0.034352712,-8.561915,-0.9448143,-0.34257832
367359.0,0,1,0.99919415,0.013402705,0.015995758,0.034285042,-8.562738,-0.94569683,-0.34307382
367360.0,0,1,0.9991977,0.013226556,0.016090684,0.034206808,-8.56357,-0.946597,-0.3435718
367361.0,0,1,0.99920183,0.013123003,0.016104136,0.034121178,-8.56441,-0.94751376,-0.34407282
367362.0,0,1,0.9992064,0.013145457,0.016038245,0.034006152,-8.565258,-0.94844514,-0.34457618
367363.0,0,1,0.99921155,0.013339403,0.015857471,0.033866182,-8.566108,-0.9493829,-0.34507483
367364.0,0,1,0.999217,0.013640589,0.015596985,0.03370871,-8.56696,-0.95032775,-0.34556654
367365.0,0,1,0.9992225,0.013952935,0.015335401,0.03353544,-8.56781,-0.95127624,-0.34604925
367366.0,0,1,0.999228,0.014298018,0.015076275,0.033343963,-8.5686655,-0.9522385,-0.3465281
367367.0,0,1,0.9992326,0.0147087015,0.014819375,0.033139717,-8.569509,-0.9531941,-0.3469918
367368.0,0,1,0.99923676,0.015129151,0.014600694,0.0329214,-8.570352,-0.95415515,-0.34744564
367369.0,0,1,0.9992398,0.015522146,0.014487608,0.03269537,-8.571195,-0.9551197,-0.3478909
367370.0,0,1,0.99924254,0.015869841,0.014416922,0.03247777,-8.572041,-0.9560886,-0.3483308
367371.0,0,1,0.9992452,0.016189303,0.014328132,0.032275125,-8.572891,-0.9570628,-0.34876603
367372.0,0,1,0.99924827,0.0165122,0.014162101,0.03208966,-8.573742,-0.95803916,-0.34919283
367373.0,0,1,0.9992511,0.01682667,0.013952518,0.031927925,-8.574591,-0.95901865,-0.349609
367374.0,0,1,0.999254,0.017113315,0.01375545,0.031772956,-8.575436,-0.9599999,-0.35001293
367375.0,0,1,0.9992559,0.017375875,0.013598054,0.031635955,-8.576279,-0.96098536,-0.3504068
367376.0,0,1,0.99925673,0.017626053,0.013488006,0.031519413,-8.577122,-0.9619757,-0.3507933
367377.0,1,1,0.9992566,0.017877832,0.013416366,0.03141312,-8.561101,-0.94394547,-0.34208375
367378.0,1,1,0.9992561,0.018125392,0.01333694,0.031320345,-8.561101,-0.94394547,-0.34208375
367379.0,1,1,0.99925524,0.018385163,0.01324788,0.03123371,-8.561101,-0.94394547,-0.34208375
367380.0,1,1,0.9992546,0.01861965,0.01316149,0.031153122,-8.561101,-0.94394547,-0.34208375
367381.0,1,1,0.999254,0.018824168,0.01312506,0.031064657,-8.561101,-0.94394547,-0.34208375
367382.0,1,1,0.9992531,0.019014494,0.013151301,0.030963866,-8.561101,-0.94394547,-0.34208375
367383.0,1,1,0.99925166,0.019220017,0.013210737,0.030858697,-8.561101,-0.94394547,-0.34208375
367384.0,1,1,0.99925077,0.019440103,0.013261346,0.030728893,-8.561101,-0.94394547,-0.34208375
367385.0,1,1,0.9992509,0.01966192,0.013263527,0.030580325,-8.561101,-0.94394547,-0.34208375
367386.0,1,1,0.99925154,0.019887878,0.013249777,0.030418856,-8.561101,-0.94394547,-0.34208375
367387.0,1,1,0.99925274,0.020118078,0.013224849,0.030239472,-8.561101,-0.94394547,-0.34208375
367388.0,1,1,0.9992538,0.020382857,0.013178589,0.030044835,-8.561101,-0.94394547,-0.34208375
367389.0,1,1,0.9992556,0.020683028,0.013069848,0.02982996,-8.561101,-0.94394547,-0.34208375
367390.0,1,1,0.9992577,0.02101352,0.012879654,0.029610015,-8.561101,-0.94394547,-0.34208375
367391.0,1,1,0.99925995,0.02136943,0.0126348045,0.029384248,-8.561101,-0.94394547,-0.34208375
367392.0,1,1,0.999262,0.021742182,0.0123455655,0.029161371,-8.561101,-0.94394547,-0.34208375
367393.0,1,1,0.9992639,0.022126086,0.012022189,0.028943177,-8.561101,-0.94394547,-0.34208375
367394.0,1,1,0.9992655,0.02248887,0.011675168,0.028750012,-8.561101,-0.94394547,-0.34208375
367395.0,1,1,0.999264,0.022939194,0.011331559,0.02858162,-8.561101,-0.94394547,-0.34208375
367396.0,1,1,0.9992633,0.023365071,0.010937211,0.028416764,-8.561101,-0.94394547,-0.34208375
367397.0,1,1,0.9992664,0.023642723,0.010483942,0.028245531,-8.561101,-0.94394547,-0.34208375
367398.0,1,1,0.9992726,0.023827355,0.009909447,0.028080381,-8.561101,-0.94394547,-0.34208375
367399.0,1,1,0.9992802,0.023977298,0.009263583,0.02790102,-8.561101,-0.94394547,-0.34208375
367400.0,1,1,0.99928904,0.024117135,0.008568347,0.027686639,-8.561101,-0.94394547,-0.34208375
367401.0,1,1,0.9993,0.024222795,0.0076932907,0.027453108,-8.561101,-0.94394547,-0.34208375
367402.0,1,1,0.9993148,0.024252119,0.0065081557,0.027191564,-8.561101,-0.94394547,-0.34208375
367403.0,1,1,0.9993297,0.02428034,0.005193102,0.02690239,-8.561101,-0.94394547,-0.34208375
367404.0,1,1,0.9993449,0.024239369,0.0037431514,0.026614351,-8.561101,-0.94394547,-0.34208375
367405.0,1,1,0.99936336,0.023981672,0.0020659976,0.026332585,-8.561101,-0.94394547,-0.34208375
367406.0,1,1,0.9993815,0.023614459,9.489679e-05,0.026057625,-8.561101,-0.94394547,-0.34208375
367407.0,1,1,0.9993976,0.02314594,-0.0022114303,0.025769077,-8.561101,-0.94394547,-0.34208375
367408.0,1,1,0.9994099,0.022581782,-0.00469387,0.025455015,-8.561101,-0.94394547,-0.34208375
367409.0,1,1,0.9994161,0.022030342,-0.0070561017,0.025147835,-8.561101,-0.94394547,-0.34208375
367410.0,1,1,0.99941736,0.021458434,-0.009252052,0.024878362,-8.561101,-0.94394547,-0.34208375
367411.0,1,1,0.9994138,0.020749263,-0.011523665,0.02467496,-8.561101,-0.94394547,-0.34208375
367412.0,1,1,0.99940264,0.019967126,-0.013956085,0.024511693,-8.561101,-0.94394547,-0.34208375
367413.0,1,1,0.9993841,0.019236771,-0.01636498,0.02436335,-8.561101,-0.94394547,-0.34208375
367414.0,1,1,0.9993555,0.018470215,-0.01894955,0.02425839,-8.561101,-0.94394547,-0.34208375
367415.0,1,1,0.9993186,0.017722402,-0.021540357,0.024171073,-8.561101,-0.94394547,-0.34208375
367416.0,1,1,0.9992817,0.017023278,-0.023772849,0.024104858,-8.561101,-0.94394547,-0.34208375
367417.0,1,1,0.99924046,0.016300552,-0.025912415,0.024111342,-8.561101,-0.94394547,-0.34208375
367418.0,1,1,0.99919146,0.015664559,-0.02806213,0.02415835,-8.561101,-0.94394547,-0.34208375
367419.0,1,1,0.9991331,0.015072972,-0.030311935,0.024227722,-8.561101,-0.94394547,-0.34208375
367420.0,1,1,0.9990672,0.014573294,-0.032539923,0.024360852,-8.561101,-0.94394547,-0.34208375
367421.0,1,1,0.9989907,0.0141537795,-0.03486262,0.02453217,-8.561101,-0.94394547,-0.34208375
367422.0,0,0,0.99886775,0.013594423,-0.03829721,0.024733122,-8.56114,-0.94393986,-0.3420683
367423.0,0,0,0.9987059,0.012991078,-0.042385485,0.024922041,-8.5612135,-0.94393045,-0.34204084
367424.0,0,0,0.9985191,0.012396305,-0.046722457,0.024958516,-8.561311,-0.94392073,-0.34200424
367425.0,0,0,0.99830073,0.011775387,-0.0513771,0.024850277,-8.561456,-0.94391143,-0.34196487
367426.0,0,0,0.9980209,0.011148804,-0.056708023,0.024785556,-8.561701,-0.94390196,-0.34193283
367427.0,0,0,0.9976522,0.01058152,-0.062942825,0.024829425,-8.562114,-0.9438872,-0.34191954
367428.0,0,0,0.99714386,0.009915681,-0.07060634,0.024909735,-8.562765,-0.9438582,-0.34193316
367429.0,0,0,0.9964153,0.009126678,-0.080260895,0.025127215,-8.563755,-0.94379663,-0.3419874
367430.0,0,0,0.9953386,0.007940071,-0.092653856,0.025561988,-8.565146,-0.94367766,-0.34205386
367431.0,0,0,0.99365646,0.00624124,-0.109120004,0.026473865,-8.566758,-0.94351715,-0.3420477
367432.0,0,0,0.9918412,0.0045949947,-0.12456966,0.026691545,-8.5685835,-0.9433203,-0.34192908
367433.0,0,0,0.98924816,0.0011246558,-0.14384899,0.026348762,-8.5709915,-0.94306475,-0.3416805
367434.0,0,0,0.9847456,-0.0021552031,-0.17168441,0.028211718,-8.573934,-0.9426542,-0.34126112
367435.0,0,0,0.97966975,-0.0074645635,-0.19835944,0.029070968,-8.57727,-0.9420217,-0.34065682
367436.0,0,0,0.9736604,-0.016023846,-0.22582619,0.027037518,-8.581341,-0.9412339,-0.33990616
367437.0,0,0,0.96462893,-0.023501145,-0.2612556,0.026160317,-8.586407,-0.94032955,-0.33915213
367438.0,0,0,0.952935,-0.03258211,-0.30043364,0.024349347,-8.592337,-0.93930006,-0.3386201
367439.0,0,0,0.9379729,-0.042925283,-0.34348306,0.019589266,-8.598651,-0.9383127,-0.3385777
367440.0,0,0,0.92002136,-0.051401474,-0.38821894,0.014304118,-8.60524,-0.9374936,-0.33907744
367441.0,0,0,0.899418,-0.058015794,-0.43310297,0.010157493,-8.611956,-0.9366978,-0.33973885
367442.0,0,0,0.8805648,-0.06431512,-0.4694907,0.0068952697,-8.618749,-0.93574834,-0.33934718
367443.0,0,0,0.8691288,-0.06897924,-0.48975164,0.0002489094,-8.626057,-0.9347401,-0.33673987
367444.0,0,0,0.8646206,-0.06842576,-0.49770382,-0.006332947,-8.63451,-0.9338229,-0.33205426
367445.0,0,0,0.8641987,-0.06540642,-0.4987353,-0.01207095,-8.644433,-0.93304235,-0.3263982
367446.0,0,0,0.86512077,-0.06262484,-0.49732116,-0.017770452,-8.655602,-0.9323805,-0.32089803
367447.0,0,0,0.866184,-0.059508096,-0.4956669,-0.022324909,-8.667892,-0.93179685,-0.31583226
367448.0,0,0,0.8681715,-0.055866655,-0.49241537,-0.02615934,-8.680985,-0.93129337,-0.31109065
367449.0,0,0,0.8711452,-0.051477555,-0.4874268,-0.029519407,-8.694689,-0.93088555,-0.3065817
367450.0,0,0,0.87411416,-0.04663679,-0.48240212,-0.032211695,-8.70882,-0.93056434,-0.30242816
367451.0,0,0,0.8766087,-0.041827638,-0.47813016,-0.03462783,-8.72339,-0.9302909,-0.29873946
367452.0,0,0,0.87871027,-0.037170436,-0.47446945,-0.03695171,-8.7383375,-0.9300335,-0.2955466
367453.0,0,0,0.88069254,-0.03257164,-0.47093385,-0.03925618,-8.753651,-0.92978054,-0.29278526
367454.0,0,0,0.8828046,-0.028024962,-0.4670466,-0.041690618,-8.769421,-0.9295368,-0.29036415
367455.0,0,0,0.8851655,-0.023576405,-0.4625683,-0.04423629,-8.785594,-0.9293207,-0.28823552
367456.0,0,0,0.88788766,-0.01933497,-0.4572594,-0.04685633,-8.802203,-0.92915463,-0.28636232
367457.0,0,0,0.8910399,-0.015462807,-0.45095322,-0.04949853,-8.819272,-0.9290636,-0.28472748
367458.0,0,0,0.89460117,-0.012019365,-0.44366246,-0.052038338,-8.836755,-0.92907125,-0.2833295
367459.0,0,0,0.89852667,-0.009072143,-0.43544117,-0.054392304,-8.85469,-0.9291954,-0.2821624
367460.0,0,0,0.90274525,-0.006670607,-0.42640287,-0.056454644,-8.873034,-0.92944777,-0.281225
367461.0,0,0,0.9071797,-0.004813171,-0.41667885,-0.058143966,-8.891803,-0.92983454,-0.28050986
367462.0,0,0,0.9117613,-0.0035058898,-0.40638176,-0.05944039,-8.910918,-0.9303531,-0.2800065
367463.0,0,0,0.9164813,-0.0027294264,-0.39548805,-0.06036439,-8.930423,-0.9309988,-0.2796938
367464.0,0,0,0.9213043,-0.0024451416,-0.384033,-0.060919166,-8.950282,-0.93176115,-0.2795456
367465.0,0,0,0.9261993,-0.002572539,-0.3720409,-0.0611053,-8.970437,-0.93262637,-0.27953032
367466.0,0,0,0.9311686,-0.0030418495,-0.359446,-0.060946126,-8.990932,-0.9335834,-0.2796163
367467.0,0,0,0.93617654,-0.0037879285,-0.3462645,-0.060499266,-9.011695,-0.9346126,-0.27977312
367468.0,0,0,0.9412017,-0.0047408044,-0.33247453,-0.059813082,-9.032747,-0.9356963,-0.2799733
367469.0,0,0,0.9462097,-0.005825296,-0.31808367,-0.058957767,-9.054082,-0.936814,-0.28019235
367470.0,0,0,0.95113873,-0.0069814934,-0.30318612,-0.058005642,-9.075576,-0.9379409,-0.28040653
367471.0,0,0,0.955974,-0.0081567215,-0.28775245,-0.056972384,-9.097309,-0.9390694,-0.28059545
367472.0,0,0,0.960678,-0.009270497,-0.27182788,-0.055871096,-9.119177,-0.9401884,-0.28074178
367473.0,0,0,0.96520984,-0.010261032,-0.25547662,-0.054740302,-9.141127,-0.94129145,-0.28083858
367474.0,0,0,0.969535,-0.011127537,-0.23875193,-0.05362396,-9.163198,-0.942375,-0.28088728
367475.0,0,0,0.9735954,-0.011884359,-0.22182818,-0.052565813,-9.185353,-0.94343007,-0.28088984
367476.0,0,0,0.9773449,-0.012529733,-0.2048855,-0.0515941,-9.207522,-0.9444465,-0.28084183
367477.0,0,0,0.9807827,-0.013086801,-0.18793961,-0.05072139,-9.229764,-0.94542176,-0.28072715
367478.0,0,0,0.98390335,-0.01355727,-0.17103313,-0.049980402,-9.2519865,-0.9463507,-0.28052238
367479.0,0,0,0.9867241,-0.013953938,-0.15408373,-0.049386464,-9.274241,-0.94723684,-0.28020284
367480.0,0,0,0.98924494,-0.014295422,-0.13709356,-0.048943117,-9.296466,-0.948081,-0.27975062
367481.0,0,0,0.9914718,-0.014654234,-0.1200097,-0.048647135,-9.318687,-0.9488901,-0.27915043
367482.0,0,0,0.9934022,-0.015061845,-0.102846146,-0.048456512,-9.340879,-0.9496717,-0.27838793
367483.0,0,0,0.9950339,-0.015528681,-0.0856301,-0.04830983,-9.3630085,-0.9504373,-0.27744374
367484.0,0,0,0.996375,-0.016036179,-0.068290986,-0.048124034,-9.385129,-0.9512075,-0.27628562
367485.0,0,0,0.9974313,-0.016538696,-0.050711717,-0.0478091,-9.407223,-0.9520042,-0.27488154
367486.0,0,0,0.99819434,-0.017000683,-0.032906495,-0.04728778,-9.429132,-0.95284104,-0.2732179
367487.0,0,0,0.9986571,-0.017385513,-0.014768985,-0.046513967,-9.450976,-0.9537352,-0.27126914
367488.0,0,0,0.99880284,-0.017687082,0.0036379404,-0.04546233,-9.472702,-0.95469,-0.2690293
367489.0,0,0,0.9986161,-0.01791373,0.022280412,-0.044142216,-9.494316,-0.95570487,-0.26648974
367490.0,0,0,0.9980849,-0.018107519,0.041061528,-0.042575613,-9.515736,-0.95677,-0.2636542
367491.0,0,0,0.9971955,-0.018296095,0.060005523,-0.040815223,-9.53697,-0.9578777,-0.260517
367492.0,0,0,0.995931,-0.018492019,0.07914772,-0.03892353,-9.558002,-0.95901793,-0.25708225
367493.0,0,0,0.9942788,-0.018751249,0.09844264,-0.03697573,-9.578805,-0.9601774,-0.25336277
367494.0,0,0,0.99224335,-0.019152422,0.11772215,-0.035042655,-9.599345,-0.96133965,-0.24937491
367495.0,0,0,0.9898365,-0.019757451,0.13686365,-0.03319064,-9.61958,-0.96249074,-0.24513464
367496.0,0,0,0.9870654,-0.02057162,0.15584892,-0.031462975,-9.639548,-0.96362984,-0.24063545
367497.0,0,0,0.98395914,-0.021573784,0.17454633,-0.029875997,-9.65914,-0.96475637,-0.23590335
367498.0,0,0,0.9805193,-0.022706933,0.19302087,-0.028448371,-9.678386,-0.9658851,-0.2309329
367499.0,0,0,0.97676945,-0.023897355,0.21120995,-0.027217722,-9.697203,-0.9670268,-0.22575016
367500.0,0,0,0.97272795,-0.025120948,0.22909291,-0.0261882,-9.71556,-0.9681921,-0.22036737
367501.0,0,0,0.96840906,-0.026450573,0.24666199,-0.025338855,-9.733442,-0.9693858,-0.21478902
367502.0,0,0,0.96382666,-0.02798252,0.263907,-0.024661405,-9.750787,-0.97060424,-0.20903014
367503.0,0,0,0.95899576,-0.029767673,0.280816,-0.024156436,-9.767495,-0.97183967,-0.20311946
367504.0,0,0,0.9538768,-0.03183637,0.29755288,-0.023827238,-9.783583,-0.9730947,-0.19705509
367505.0,0,0,0.9484922,-0.03418325,0.31406066,-0.023662297,-9.798948,-0.9743665,-0.19089876
367506.0,0,0,0.94280714,-0.03681381,0.3304559,-0.023631144,-9.813682,-0.9756744,-0.18466713
367507.0,0,0,0.93712413,-0.039194282,0.34598413,-0.02360458,-9.827381,-0.97699237,-0.1786267
367508.0,0,0,0.9310925,-0.04260063,0.36152372,-0.023506938,-9.840447,-0.97838044,-0.17268763
367509.0,0,0,0.92512846,-0.045544684,0.3761683,-0.023673486,-9.852778,-0.9798555,-0.16698048
367510.0,0,0,0.91949445,-0.04759414,0.3894909,-0.02369971,-9.864358,-0.98142344,-0.1616264
367511.0,0,0,0.91399515,-0.049485676,0.40199405,-0.023765828,-9.875251,-0.9830824,-0.15672413
367512.0,0,0,0.90870136,-0.05139182,0.41358334,-0.023866331,-9.885485,-0.98480636,-0.152376
367513.0,0,0,0.903842,-0.053038,0.4238762,-0.02420386,-9.89505,-0.9865437,-0.14868239
367514.0,0,0,0.89938253,-0.054855593,0.43298805,-0.024963813,-9.903984,-0.9882455,-0.1457254
367515.0,0,0,0.8953089,-0.057215273,0.44096878,-0.02636118,-9.912248,-0.9898603,-0.14361556
367516.0,0,0,0.89166844,-0.060016412,0.44778612,-0.028515982,-9.919859,-0.9913692,-0.14245473
367517.0,0,0,0.88848305,-0.06327211,0.45344028,-0.031406187,-9.926812,-0.992769,-0.14234768
367518.0,0,0,0.88580143,-0.067002445,0.45787334,-0.034907695,-9.933177,-0.99409425,-0.14336555
367519.0,0,0,0.88386256,-0.07069129,0.46074247,-0.038810853,-9.93901,-0.99540764,-0.14552335
367520.0,0,0,0.8828888,-0.07359582,0.46178928,-0.042916365,-9.944355,-0.99680126,-0.14877743
367521.0,0,0,0.88299686,-0.07511884,0.46094486,-0.046943117,-9.949243,-0.9983792,-0.15306115
367522.0,0,0,0.8841924,-0.0748713,0.45826682,-0.05088992,-9.95366,-1.0002168,-0.15827724
367523.0,0,0,0.8865532,-0.07188918,0.45366994,-0.05512703,-9.957585,-1.0023266,-0.16435404
367524.0,0,0,0.8892798,-0.06909168,0.44834712,-0.058247354,-9.960993,-1.0046781,-0.1711979
367525.0,0,0,0.89263636,-0.0659542,0.4417351,-0.06099536,-9.963995,-1.0072482,-0.17865895
367526.0,0,0,0.8967895,-0.063198045,0.43345007,-0.062415995,-9.967105,-1.0097713,-0.18616122
367527.0,0,0,0.9027607,-0.06444804,0.42096,-0.060516875,-9.970817,-1.0120685,-0.19295242
367528.0,0,0,0.90862024,-0.0674143,0.40804496,-0.0579996,-9.975015,-1.0143731,-0.19883345
367529.0,0,0,0.913793,-0.06835027,0.39660278,-0.054926854,-9.979332,-1.0170566,-0.20413204
367530.0,0,0,0.919442,-0.06560739,0.38412315,-0.052644726,-9.983696,-1.0204887,-0.20935118
367531.0,0,0,0.9266837,-0.056641165,0.3678376,-0.05238869,-9.988301,-1.0247428,-0.21501327
367532.0,0,0,0.9351832,-0.044015314,0.34747255,-0.052516293,-9.993227,-1.0292567,-0.22143508
367533.0,0,0,0.943857,-0.037990235,0.32444865,-0.049231246,-9.998315,-1.0333594,-0.22860797
367534.0,0,0,0.95121324,-0.04118417,0.3028023,-0.042520117,-10.00315,-1.0369275,-0.23602392
367535.0,0,0,0.95756656,-0.04354181,0.28270954,-0.03529555,-10.007343,-1.0402861,-0.24307469
367536.0,0,0,0.9634467,-0.04028249,0.263267,-0.028954236,-10.010669,-1.0434777,-0.24954821
367537.0,0,0,0.96812636,-0.037294548,0.246455,-0.02450528,-10.013157,-1.04617,-0.25565067
367538.0,0,0,0.9717837,-0.037150957,0.23188637,-0.022025201,-10.01501,-1.0480816,-0.26155892
367539.0,0,0,0.9751372,-0.037551094,0.21742041,-0.02063056,-10.016405,-1.0492202,-0.26732522
367540.0,0,0,0.97802866,-0.03869002,0.20383345,-0.020373277,-10.017361,-1.0497751,-0.27288905
367541.0,0,0,0.98025817,-0.041008748,0.19226517,-0.02112844,-10.017865,-1.0500382,-0.27817896
367542.0,0,0,0.9821306,-0.0432361,0.1818319,-0.022076912,-10.01798,-1.050311,-0.28318134
367543.0,0,0,0.98377466,-0.04537631,0.17209741,-0.02260626,-10.017795,-1.0508167,-0.28792334
367544.0,0,0,0.9851798,-0.04763368,0.16325267,-0.022374192,-10.017386,-1.0516626,-0.29247114
367545.0,0,0,0.98643494,-0.049663246,0.1550113,-0.021240994,-10.016837,-1.0528466,-0.29686785
367546.0,0,0,0.98748654,-0.051118575,0.14800231,-0.018775996,-10.016273,-1.0543717,-0.30103835
367547.0,0,0,0.98897177,-0.049930338,0.13859946,-0.015230641,-10.015643,-1.0562433,-0.30491802
367548.0,0,0,0.9902826,-0.046552945,0.13047676,-0.012208799,-10.014757,-1.0583447,-0.30846003
367549.0,0,0,0.9912743,-0.042157818,0.12450389,-0.009844037,-10.013523,-1.060636,-0.31176496
367550.0,0,0,0.9921895,-0.03686182,0.11891237,-0.0078122267,-10.011989,-1.0629814,-0.31481454
367551.0,0,0,0.9929554,-0.030962037,0.11421195,-0.00605362,-10.010223,-1.0652598,-0.31765383
367552.0,0,0,0.99353015,-0.025477443,0.11057242,-0.0047488306,-10.008298,-1.0674044,-0.32035908
367553.0,0,0,0.9940103,-0.02072154,0.107240625,-0.003699806,-10.006279,-1.0694032,-0.32295462
367554.0,0,0,0.9944396,-0.016187582,0.10401939,-0.0028102726,-10.004168,-1.071324,-0.3254487
367555.0,0,0,0.9947822,-0.011753896,0.101320274,-0.0020886268,-10.001945,-1.0732336,-0.3278281
367556.0,0,0,0.9950523,-0.0073736543,0.099068984,-0.001434277,-9.999599,-1.075152,-0.33010626
367557.0,0,0,0.9952624,-0.00318538,0.09716902,-0.000881947,-9.9971695,-1.0770224,-0.3323047
367558.0,0,0,0.99544746,0.00032886353,0.095310286,-0.00047827873,-9.994696,-1.078778,-0.3344461
367559.0,0,0,0.9956264,0.0029986475,0.0933757,-0.00020141303,-9.992191,-1.0803907,-0.3365313
367560.0,0,0,0.99579537,0.004944558,0.09147191,-0.000114310606,-9.989651,-1.0818666,-0.3385277
367561.0,0,0,0.9959487,0.0062589804,0.089705884,-6.471752e-05,-9.987033,-1.083251,-0.3404312
367562.0,0,0,0.9960506,0.007228561,0.08849316,-4.9985265e-05,-9.984331,-1.0845969,-0.3422662
367563.0,0,0,0.9961451,0.008015529,0.087354265,-1.5798587e-05,-9.981581,-1.0859374,-0.34406123
367564.0,0,0,0.99625707,0.0087062605,0.086000465,6.544247e-05,-9.978805,-1.0872734,-0.34583387
367565.0,0,0,0.9963751,0.009210533,0.08456982,0.0001697871,-9.976011,-1.0885841,-0.34757772
367566.0,0,1,0.99653834,0.009887976,0.08254415,0.00030245387,-9.973179,-1.0898719,-0.3492936
367567.0,0,1,0.9967026,0.010172775,0.0805003,0.0003972612,-9.9703,-1.0911522,-0.35098323
367568.0,0,1,0.9968572,0.010164311,0.07856304,0.00044280247,-9.967374,-1.0924431,-0.3526565
367569.0,0,1,0.9969954,0.010003645,0.07681115,0.00042265287,-9.964434,-1.093742,-0.35430825
367570.0,0,1,0.9971207,0.00979532,0.07519568,0.00034243747,-9.961458,-1.0950632,-0.35595867
367571.0,0,1,0.9972385,0.00961269,0.073640265,0.00023422831,-9.958454,-1.0964041,-0.3576047
367572.0,0,1,0.9973552,0.009528147,0.07205497,0.000109520355,-9.955419,-1.0977622,-0.3592431
367573.0,0,1,0.99746567,0.009562619,0.07050379,-1.5909984e-05,-9.952355,-1.0991302,-0.3608675
367574.0,0,1,0.99756575,0.009675463,0.06905723,-0.00012804051,-9.949257,-1.1005075,-0.3624841
367575.0,0,1,0.99765795,0.00977855,0.06769869,-0.00024024733,-9.946138,-1.1018875,-0.36408946
367576.0,0,1,0.99774474,0.009816658,0.066400975,-0.00038535448,-9.942997,-1.1032743,-0.3656889
367577.0,0,1,0.9978268,0.009801349,0.06515642,-0.000568443,-9.939835,-1.1046712,-0.36728492
367578.0,0,1,0.99790925,0.009772517,0.06388359,-0.0007782452,-9.936652,-1.1060793,-0.3688763
367579.0,0,1,0.9979942,0.009787455,0.06253708,-0.0009947395,-9.933443,-1.107498,-0.37046048
367580.0,0,1,0.9980771,0.009902159,0.061176557,-0.0012293856,-9.930206,-1.1089221,-0.3720337
367581.0,0,1,0.9981533,0.010047427,0.059890404,-0.0014883904,-9.926934,-1.1103518,-0.37359774
367582.0,0,1,0.9982204,0.010168137,0.058733672,-0.0017651995,-9.923639,-1.111785,-0.37515017
367583.0,0,1,0.99828017,0.010258885,0.05768264,-0.0020713294,-9.9203205,-1.113227,-0.37669665
367584.0,0,1,0.9983364,0.010330662,0.056675505,-0.002379445,-9.916979,-1.1146792,-0.37823886
367585.0,1,1,0.99839103,0.010430674,0.05567243,-0.0026960487,-9.976011,-1.0885841,-0.34757772
367586.0,1,1,0.9984439,0.010545579,0.054675627,-0.0030298757,-9.976011,-1.0885841,-0.34757772
367587.0,1,1,0.9984894,0.010691228,0.05378888,-0.003371814,-9.976011,-1.0885841,-0.34757772
367588.0,1,1,0.99852216,0.010945717,0.05310322,-0.0037224481,-9.976011,-1.0885841,-0.34757772
367589.0,1,1,0.9985473,0.011245437,0.052536126,-0.0040923283,-9.976011,-1.0885841,-0.34757772
367590.0,1,1,0.9985761,0.011410195,0.05192103,-0.004456472,-9.976011,-1.0885841,-0.34757772
367591.0,1,1,0.9986131,0.011429984,0.051171638,-0.004766987,-9.976011,-1.0885841,-0.34757772
367592.0,1,1,0.99865323,0.011408216,0.050363626,-0.005011919,-9.976011,-1.0885841,-0.34757772
367593.0,1,1,0.9986943,0.01148441,0.049501486,-0.0052257804,-9.976011,-1.0885841,-0.34757772
367594.0,1,1,0.9987353,0.01161364,0.04861357,-0.0054448796,-9.976011,-1.0885841,-0.34757772
367595.0,1,1,0.998774,0.0116269225,0.047785223,-0.005654386,-9.976011,-1.0885841,-0.34757772
367596.0,1,1,0.9988061,0.011590302,0.047095872,-0.0058382875,-9.976011,-1.0885841,-0.34757772
367597.0,1,1,0.99883264,0.011613609,0.046500523,-0.006014739,-9.976011,-1.0885841,-0.34757772
367598.0,1,1,0.99885243,0.011689483,0.04602799,-0.006211871,-9.976011,-1.0885841,-0.34757772
367599.0,1,1,0.9988682,0.011803437,0.045625746,-0.006439062,-9.976011,-1.0885841,-0.34757772
367600.0,1,1,0.99888545,0.011841137,0.045198303,-0.0066894633,-9.976011,-1.0885841,-0.34757772
367601.0,1,1,0.99889606,0.011816559,0.044924233,-0.0069854734,-9.976011,-1.0885841,-0.34757772
367602.0,1,1,0.9989028,0.011897867,0.04470265,-0.00730808,-9.976011,-1.0885841,-0.34757772
367603.0,1,1,0.9989182,0.012119422,0.044240084,-0.0076409946,-9.976011,-1.0885841,-0.34757772
367604.0,1,1,0.9989442,0.012452148,0.043488666,-0.008013167,-9.976011,-1.0885841,-0.34757772
367605.0,1,1,0.99897784,0.012855993,0.04251046,-0.008416461,-9.976011,-1.0885841,-0.34757772
367606.0,1,1,0.99901676,0.013352771,0.041344706,-0.008825044,-9.976011,-1.0885841,-0.34757772
367607.0,1,1,0.99905735,0.0139992675,0.0400406,-0.00922693,-9.976011,-1.0885841,-0.34757772
367608.0,1,1,0.99909794,0.014801108,0.038624413,-0.009620301,-9.976011,-1.0885841,-0.34757772
367609.0,1,1,0.9991372,0.015660482,0.037138876,-0.010012447,-9.976011,-1.0885841,-0.34757772
367610.0,1,1,0.99916905,0.016644241,0.035723623,-0.010389914,-9.976011,-1.0885841,-0.34757772
367611.0,1,1,0.99919677,0.017737176,0.034289345,-0.010746535,-9.976011,-1.0885841,-0.34757772
367612.0,1,1,0.9992227,0.018663213,0.032905795,-0.0110911885,-9.976011,-1.0885841,-0.34757772
367613.0,1,1,0.99924785,0.01940795,0.031576466,-0.011410206,-9.976011,-1.0885841,-0.34757772
367614.0,1,1,0.999275,0.020024912,0.030201128,-0.011680406,-9.976011,-1.0885841,-0.34757772
367615.0,1,1,0.9993036,0.020483324,0.02882491,-0.011916806,-9.976011,-1.0885841,-0.34757772
367616.0,1,1,0.99932814,0.020699881,0.027724301,-0.012087173,-9.976011,-1.0885841,-0.34757772
367617.0,1,1,0.999347,0.020845277,0.02685616,-0.012242347,-9.976011,-1.0885841,-0.34757772
367618.0,1,1,0.9993626,0.020966211,0.026097119,-0.012399834,-9.976011,-1.0885841,-0.34757772
367619.0,1,1,0.99937946,0.021057894,0.025282072,-0.012572609,-9.976011,-1.0885841,-0.34757772
367620.0,1,1,0.99940157,0.021033002,0.024309902,-0.01277358,-9.976011,-1.0885841,-0.34757772
367621.0,1,1,0.99942696,0.02093584,0.023200419,-0.013010235,-9.976011,-1.0885841,-0.34757772
367622.0,1,1,0.9994526,0.020797927,0.022041367,-0.013275834,-9.976011,-1.0885841,-0.34757772
367623.0,1,1,0.9994773,0.020637441,0.020854337,-0.013573756,-9.976011,-1.0885841,-0.34757772
367624.0,1,1,0.99950373,0.020453451,0.01951954,-0.013896577,-9.976011,-1.0885841,-0.34757772
367625.0,1,1,0.9995347,0.0202273,0.017847689,-0.014236383,-9.976011,-1.0885841,-0.34757772
367626.0,1,1,0.99956864,0.019982561,0.015829755,-0.014583011,-9.976011,-1.0885841,-0.34757772
367627.0,1,1,0.99960214,0.01971334,0.013550716,-0.014942105,-9.976011,-1.0885841,-0.34757772
367628.0,1,1,0.9996333,0.019382399,0.01106721,-0.015336169,-9.976011,-1.0885841,-0.34757772
367629.0,1,1,0.99966025,0.0189932,0.008431373,-0.015732948,-9.976011,-1.0885841,-0.34757772
367630.0,1,1,0.99968076,0.018623848,0.005739231,-0.016085248,-9.976011,-1.0885841,-0.34757772
367631.0,1,1,0.9996953,0.018229334,0.0029165212,-0.016386826,-9.976011,-1.0885841,-0.34757772
367632.0,1,1,0.999702,0.01785674,9.019987e-05,-0.016648317,-9.976011,-1.0885841,-0.34757772
367633.0,1,1,0.99969995,0.017569305,-0.0026500407,-0.016863585,-9.976011,-1.0885841,-0.34757772
367634.0,1,1,0.99969053,0.017299362,-0.0054098284,-0.01703758,-9.976011,-1.0885841,-0.34757772
367635.0,1,1,0.99967474,0.016982542,-0.008182049,-0.017180232,-9.976011,-1.0885841,-0.34757772
367636.0,1,1,0.9996533,0.016600369,-0.010862037,-0.017315999,-9.976011,-1.0885841,-0.34757772
367637.0,1,1,0.9996261,0.016128013,-0.01359651,-0.017395914,-9.976011,-1.0885841,-0.34757772
367638.0,1,1,0.99959207,0.015629353,-0.01635709,-0.017436074,-9.976011,-1.0885841,-0.34757772
367639.0,1,1,0.9995501,0.015112378,-0.01905674,-0.017553201,-9.976011,-1.0885841,-0.34757772
367640.0,1,1,0.9994936,0.014536685,-0.022008236,-0.017805621,-9.976011,-1.0885841,-0.34757772
367641.0,0,0,0.9994256,0.0135244345,-0.025180604,-0.018208371,-9.97602,-1.0885661,-0.3475548
367642.0,0,0,0.9993285,0.012338964,-0.028947026,-0.01877791,-9.976071,-1.0885333,-0.34751695
367643.0,0,0,0.9991913,0.011099417,-0.033400495,-0.019439716,-9.976205,-1.0884902,-0.34747308
367644.0,0,0,0.99899983,0.009769893,-0.038667995,-0.020220516,-9.976479,-1.0884271,-0.34743088
367645.0,0,0,0.99871236,0.008143053,-0.045407873,-0.021108732,-9.976977,-1.088319,-0.3474009
367646.0,0,0,0.99827397,0.006214014,-0.054118603,-0.021946637,-9.977817,-1.0881294,-0.34739536
367647.0,0,0,0.99757254,0.003629403,-0.065773085,-0.022581523,-9.979036,-1.087854,-0.34738806
367648.0,0,0,0.9964801,0.0007717078,-0.080670185,-0.022786155,-9.980493,-1.0875355,-0.34732595
367649.0,0,0,0.99512374,-0.0024850697,-0.09575204,-0.02353934,-9.982255,-1.0871536,-0.34718704
367650.0,0,0,0.99308485,-0.0072786254,-0.114636466,-0.024248362,-9.98462,-1.0866785,-0.3469522
367651.0,0,0,0.98960185,-0.011698555,-0.14153853,-0.022762852,-9.987507,-1.0860425,-0.34652764
367652.0,0,0,0.98541355,-0.017297765,-0.16796541,-0.021179669,-9.990563,-1.085196,-0.34586588
367653.0,0,0,0.9808017,-0.026650056,-0.19189112,-0.022257451,-9.993989,-1.0841564,-0.34501487
367654.0,0,0,0.97407633,-0.035334572,-0.2223473,-0.022102421,-9.998165,-1.0829629,-0.3440812
367655.0,0,0,0.9651157,-0.043778203,-0.2572566,-0.021307416,-10.003086,-1.0816875,-0.343259
367656.0,0,0,0.95448095,-0.053204942,-0.2926647,-0.021971045,-10.008505,-1.0804373,-0.34269932
367657.0,0,0,0.9419885,-0.061176497,-0.32921213,-0.023118114,-10.014251,-1.079365,-0.3424867
367658.0,0,0,0.9270294,-0.06705099,-0.3681637,-0.024003837,-10.020339,-1.078497,-0.3426495
367659.0,0,0,0.9099325,-0.071996294,-0.4077428,-0.02419318,-10.026724,-1.0776199,-0.34304762
367660.0,0,0,0.89364576,-0.077296324,-0.4414274,-0.023756705,-10.033343,-1.0765859,-0.34294555
367661.0,0,0,0.8822858,-0.08140119,-0.4629194,-0.025519336,-10.040462,-1.0754898,-0.34133068
367662.0,0,0,0.87659895,-0.08164975,-0.4734282,-0.027807664,-10.048574,-1.0744383,-0.33799776
367663.0,0,0,0.8750761,-0.07993255,-0.47640678,-0.029818738,-10.057949,-1.0734513,-0.33372656
367664.0,0,0,0.87511814,-0.07861849,-0.4764091,-0.031965386,-10.068585,-1.0724801,-0.3294183
367665.0,0,0,0.87570584,-0.07738544,-0.4754077,-0.033740476,-10.080291,-1.0714834,-0.32542744
367666.0,0,0,0.87750167,-0.07553155,-0.4722708,-0.035300598,-10.092869,-1.0704551,-0.3216839
367667.0,0,0,0.88033587,-0.07325517,-0.46720958,-0.0368462,-10.1060505,-1.0694189,-0.3181611
367668.0,0,0,0.8834374,-0.070751674,-0.4616001,-0.038182847,-10.119774,-1.0683864,-0.31493267
367669.0,0,0,0.88643825,-0.06811739,-0.45610705,-0.039414722,-10.133894,-1.0673662,-0.3121253
367670.0,0,0,0.8893092,-0.06535258,-0.4507885,-0.04059302,-10.148334,-1.066355,-0.3097753
367671.0,0,0,0.89211184,-0.06234125,-0.4455462,-0.041696154,-10.16309,-1.0653474,-0.30784348
367672.0,0,0,0.89492387,-0.059046004,-0.44022128,-0.042780206,-10.17816,-1.0643446,-0.30627862
367673.0,0,0,0.8977704,-0.055420242,-0.43475977,-0.043827567,-10.193519,-1.0633521,-0.30504394
367674.0,0,0,0.90065074,-0.051489588,-0.42914703,-0.044831846,-10.209152,-1.0623734,-0.30411023
367675.0,0,0,0.9036097,-0.04728602,-0.42326447,-0.045834325,-10.22513,-1.0614076,-0.3034428
367676.0,0,0,0.9066829,-0.04287313,-0.41700494,-0.046849657,-10.241401,-1.0604665,-0.30300626
367677.0,0,0,0.9099266,-0.038395822,-0.41019854,-0.047922872,-10.257982,-1.0595648,-0.30276373
367678.0,0,0,0.91337234,-0.034009285,-0.40272814,-0.04903469,-10.274875,-1.0587258,-0.3026914
367679.0,0,0,0.9169797,-0.02982641,-0.39464903,-0.050108764,-10.29209,-1.0579759,-0.30277634
367680.0,0,0,0.9206839,-0.02599178,-0.38607907,-0.05107412,-10.309592,-1.0573423,-0.30300403
367681.0,0,0,0.9244897,-0.022573408,-0.3769847,-0.051883798,-10.327461,-1.0568473,-0.3033534
367682.0,0,0,0.9283899,-0.019588765,-0.36737046,-0.052417204,-10.345636,-1.0565169,-0.30379298
367683.0,0,0,0.9323926,-0.016999831,-0.35720012,-0.05256772,-10.364114,-1.0563734,-0.30428976
367684.0,0,0,0.9365136,-0.014750365,-0.34639826,-0.052278005,-10.382871,-1.056436,-0.30481464
367685.0,0,0,0.94074816,-0.012777514,-0.33492872,-0.051501904,-10.401917,-1.0567186,-0.30535048
367686.0,0,0,0.9450382,-0.011019096,-0.3228939,-0.050207537,-10.421216,-1.0572276,-0.30589068
367687.0,0,0,0.94932365,-0.00942378,-0.3104118,-0.048377905,-10.440776,-1.0579623,-0.30643454
367688.0,0,0,0.95355386,-0.007985703,-0.29757613,-0.046041247,-10.460535,-1.0589112,-0.30697724
367689.0,0,0,0.95770425,-0.0066950233,-0.28440803,-0.043243278,-10.480516,-1.0600632,-0.3075134
367690.0,0,0,0.961762,-0.0055208784,-0.2708853,-0.04005765,-10.500795,-1.0614107,-0.30803663
367691.0,0,0,0.9656129,-0.0044730436,-0.25734878,-0.03665331,-10.520917,-1.0629032,-0.30852625
367692.0,0,0,0.9693198,-0.003494965,-0.24354374,-0.033064127,-10.541299,-1.0645549,-0.30898318
367693.0,0,0,0.97282785,-0.0025697313,-0.22964045,-0.029403616,-10.56178,-1.066337,-0.3093939
367694.0,0,0,0.97612745,-0.0016907469,-0.21566251,-0.025732523,-10.582397,-1.068237,-0.30974585
367695.0,0,0,0.9792146,-0.00082296954,-0.201616,-0.022114452,-10.603087,-1.0702356,-0.31002113
367696.0,0,0,0.98209244,7.626647e-05,-0.18747713,-0.018620608,-10.623814,-1.0723202,-0.3102027
367697.0,0,0,0.98476857,0.0010482902,-0.17319396,-0.015286719,-10.644615,-1.0744886,-0.31027693
367698.0,0,0,0.9872302,0.0021190855,-0.15882213,-0.012149905,-10.665423,-1.07673,-0.31023362
367699.0,0,0,0.9894792,0.003290561,-0.1443427,-0.00923923,-10.686272,-1.0790485,-0.31006563
367700.0,0,0,0.9915096,0.004524335,-0.1297884,-0.006573335,-10.707119,-1.0814459,-0.30976957
367701.0,0,0,0.9933245,0.005727482,-0.1151376,-0.004128432,-10.727991,-1.083937,-0.30934662
367702.0,0,0,0.9949099,0.0067400965,-0.10052684,-0.0018423159,-10.748782,-1.086525,-0.30880475
367703.0,0,0,0.99627125,0.007446215,-0.08595366,0.0003854438,-10.769587,-1.0892419,-0.30814338
367704.0,0,0,0.99740976,0.0078055086,-0.071456924,0.0026358548,-10.790317,-1.0921003,-0.30736035
367705.0,0,0,0.99833184,0.007838685,-0.05698151,0.005019166,-10.810985,-1.0951276,-0.3064464
367706.0,0,0,0.999038,0.0075842007,-0.04251195,0.0076486906,-10.831602,-1.0983498,-0.30539277
367707.0,0,0,0.99952495,0.007072031,-0.028065102,0.010601756,-10.852119,-1.1017779,-0.30419788
367708.0,0,0,0.9997902,0.0063333465,-0.013601769,0.013940878,-10.87258,-1.1054325,-0.30285874
367709.0,0,0,0.9998285,0.0054124966,0.0007573276,0.017693996,-10.892874,-1.1092979,-0.30138606
367710.0,0,0,0.999636,0.0042973934,0.015126701,0.021926165,-10.913293,-1.11343,-0.29975802
367711.0,0,0,0.99922264,0.003042518,0.02904379,0.026483698,-10.933238,-1.1176919,-0.29802486
367712.0,0,0,0.99858326,0.00164948,0.042908072,0.0314272,-10.953233,-1.1221808,-0.29613733
367713.0,0,0,0.99772424,0.0001243914,0.056611083,0.036627077,-10.973067,-1.1268339,-0.29410723
367714.0,0,0,0.9966489,-0.0015266187,0.070172474,0.04200636,-10.992791,-1.1316438,-0.29191667
367715.0,0,0,0.99537,-0.0032867922,0.08351183,0.047473848,-11.012352,-1.1365788,-0.28954992
367716.0,0,0,0.9938957,-0.005130906,0.096656896,0.052939054,-11.031705,-1.1416152,-0.28698084
367717.0,0,0,0.9922095,-0.0069959634,0.10984694,0.05835418,-11.05089,-1.1467636,-0.28416505
367718.0,0,0,0.9902993,-0.008793857,0.1232004,0.06365143,-11.069794,-1.1520017,-0.28108385
367719.0,0,0,0.98814905,-0.010522852,0.13679607,0.06883006,-11.088398,-1.157336,-0.27771467
367720.0,0,0,0.9857343,-0.01219077,0.1507349,0.073880136,-11.106663,-1.1627674,-0.27405256
367721.0,0,0,0.9830327,-0.013825447,0.16506079,0.078807354,-11.124569,-1.1683007,-0.2701053
367722.0,0,0,0.98003006,-0.015519108,0.1797254,0.08366026,-11.142105,-1.1739357,-0.26589546
367723.0,0,0,0.9767398,-0.01737673,0.19455417,0.08846501,-11.159185,-1.1796361,-0.26147833
367724.0,0,0,0.9731657,-0.019509751,0.20946074,0.093243025,-11.175878,-1.1854119,-0.25687376
367725.0,0,0,0.9693557,-0.021948,0.2242057,0.0979782,-11.192098,-1.1912209,-0.2521414
367726.0,0,0,0.96531975,-0.02469315,0.23874532,0.102706924,-11.207871,-1.1970662,-0.2473054
367727.0,0,0,0.9610701,-0.027689042,0.25303772,0.10746872,-11.223182,-1.2029454,-0.24239767
367728.0,0,0,0.9566512,-0.030830933,0.2669395,0.11229981,-11.237968,-1.2088445,-0.23746619
367729.0,0,0,0.95208746,-0.034029305,0.280383,0.11728942,-11.252208,-1.2147704,-0.2325498
367730.0,0,0,0.9473945,-0.03716655,0.29334277,0.12252484,-11.265938,-1.2207634,-0.22766703
367731.0,0,0,0.94263494,-0.040062003,0.30569035,0.12801528,-11.279084,-1.226815,-0.22288148
367732.0,0,0,0.9378265,-0.042595558,0.31743586,0.13379666,-11.29167,-1.232959,-0.21822593
367733.0,0,0,0.93301785,-0.04470791,0.32851413,0.13984767,-11.303633,-1.2391769,-0.21377008
367734.0,0,0,0.92821926,-0.04645019,0.33896434,0.14613213,-11.314985,-1.2454683,-0.20956247
367735.0,0,0,0.9234643,-0.04798863,0.34878582,0.15250987,-11.325692,-1.2517798,-0.20567773
367736.0,0,0,0.9187861,-0.049580805,0.35797316,0.15883671,-11.335793,-1.2580754,-0.20217054
367737.0,0,0,0.9142727,-0.051510613,0.36638793,0.16496006,-11.345294,-1.264281,-0.19910815
367738.0,0,0,0.9099861,-0.05406337,0.37396008,0.17075226,-11.354235,-1.2703449,-0.1965441
367739.0,0,0,0.9059583,-0.057400543,0.38070682,0.1760884,-11.362622,-1.2762172,-0.19453485
367740.0,0,0,0.902243,-0.06142094,0.38659403,0.18091504,-11.370447,-1.2818729,-0.1931308
367741.0,0,0,0.89887637,-0.06585096,0.39159247,0.18531147,-11.377736,-1.2873431,-0.19237427
367742.0,0,0,0.8959145,-0.07027409,0.3956467,0.1893739,-11.3844595,-1.2926389,-0.19231132
367743.0,0,0,0.8933836,-0.07426773,0.39875263,0.19325225,-11.390638,-1.2978212,-0.19298197
367744.0,0,0,0.8913486,-0.07737096,0.40084413,0.19706732,-11.396265,-1.3029276,-0.19441287
367745.0,0,0,0.8898758,-0.079257876,0.4018232,0.20094135,-11.401342,-1.3079871,-0.19660982
367746.0,0,0,0.88896835,-0.07984253,0.401669,0.2049938,-11.405889,-1.3130232,-0.1995715
367747.0,0,0,0.88858515,-0.07925604,0.40042415,0.20927367,-11.409894,-1.3180177,-0.20327379
367748.0,0,0,0.88863504,-0.077804565,0.39824095,0.2137251,-11.413352,-1.3229555,-0.20768395
367749.0,0,0,0.88961166,-0.07569512,0.39392424,0.21836929,-11.416292,-1.3277838,-0.21282876
367750.0,0,0,0.89312255,-0.071971305,0.3829119,0.22479028,-11.419083,-1.3326155,-0.21890225
367751.0,0,0,0.89663684,-0.07107076,0.36971068,0.23303503,-11.422008,-1.3375813,-0.22550616
367752.0,0,0,0.90061855,-0.06928312,0.3544134,0.2418208,-11.42492,-1.3428472,-0.23238458
367753.0,0,0,0.90327835,-0.066089325,0.342357,0.25002426,-11.427507,-1.348182,-0.23922323
367754.0,0,0,0.9047168,-0.065217264,0.3325893,0.2581059,-11.429944,-1.3536383,-0.24584025
367755.0,0,0,0.9074218,-0.061198946,0.31888384,0.26674625,-11.432567,-1.3592939,-0.2522896
367756.0,0,0,0.9109982,-0.055643406,0.30185276,0.27544704,-11.435629,-1.3649951,-0.2589249
367757.0,0,0,0.9150918,-0.052214462,0.28154624,0.2839229,-11.439115,-1.3703862,-0.26595914
367758.0,0,0,0.9193568,-0.050156735,0.2587289,0.2921074,-11.442722,-1.3751932,-0.2733166
367759.0,0,0,0.92311215,-0.04872565,0.23638286,0.29935402,-11.4461155,-1.3792969,-0.28065187
367760.0,0,0,0.9263996,-0.0464848,0.21593203,0.30495298,-11.449141,-1.3825902,-0.28751972
367761.0,0,0,0.9293196,-0.045092747,0.19765414,0.3086497,-11.451855,-1.3850025,-0.29369476
367762.0,0,0,0.9320685,-0.044970285,0.18105826,0.31055394,-11.454349,-1.38657,-0.29919258
367763.0,0,0,0.9346864,-0.045332193,0.16620076,0.31094006,-11.456614,-1.3874152,-0.30411568
367764.0,0,0,0.93708384,-0.04649706,0.15322486,0.31021643,-11.4585905,-1.3877138,-0.3085769
367765.0,0,0,0.939201,-0.048403528,0.1421052,0.30881152,-11.46023,-1.3876795,-0.31263053
367766.0,0,0,0.9410419,-0.0505422,0.13231827,0.30720922,-11.461529,-1.387538,-0.3163286
367767.0,0,0,0.9426155,-0.05244974,0.12340788,0.30577046,-11.462512,-1.3874643,-0.31976122
367768.0,0,0,0.9439064,-0.053999327,0.11518683,0.30472407,-11.463218,-1.3875448,-0.32303607
367769.0,0,0,0.9448922,-0.055402745,0.10766007,0.30416882,-11.463704,-1.3878601,-0.32621294
367770.0,0,0,0.9451976,-0.0565251,0.10142452,0.30515513,-11.464012,-1.3885704,-0.3291638
367771.0,0,0,0.94535947,-0.05432736,0.09277143,0.30779475,-11.464006,-1.3896929,-0.33178782
367772.0,0,0,0.94520944,-0.051244147,0.0869268,0.31047836,-11.4635105,-1.3910378,-0.3341469
367773.0,0,0,0.9449997,-0.04738106,0.08382773,0.31257567,-11.462586,-1.3924967,-0.33637366
367774.0,0,0,0.9448767,-0.042299494,0.08092853,0.314435,-11.461462,-1.3939575,-0.33845606
367775.0,0,0,0.9448306,-0.036732223,0.07807879,0.31598985,-11.460304,-1.3952969,-0.34035572
367776.0,0,0,0.9448578,-0.03190399,0.07606527,0.31692287,-11.459159,-1.3964626,-0.34209973
367777.0,0,0,0.9449023,-0.02768197,0.074318916,0.31760046,-11.458012,-1.3975109,-0.34372857
367778.0,0,0,0.9449287,-0.023317924,0.072405174,0.31831375,-11.456805,-1.3985521,-0.34529766
367779.0,0,0,0.9449007,-0.01861374,0.07079379,0.31906837,-11.455502,-1.3996476,-0.34684312
367780.0,0,0,0.9448454,-0.01360003,0.069514066,0.31976563,-11.454126,-1.4007814,-0.34836692
367781.0,0,0,0.94481385,-0.008705738,0.06814392,0.32032382,-11.452746,-1.4018697,-0.34983155
367782.0,0,0,0.9448203,-0.0045674434,0.06682028,0.3206692,-11.451406,-1.4028313,-0.35118976
367783.0,0,0,0.9449181,-0.0014566757,0.06542693,0.32069746,-11.450121,-1.4036096,-0.35239455
367784.0,0,0,0.94502366,0.0005157406,0.064197294,0.320638,-11.448848,-1.4042233,-0.35347107
367785.0,0,0,0.94510055,0.0017470745,0.063513234,0.32054338,-11.44754,-1.4047623,-0.35448158
367786.0,0,0,0.94514656,0.003011781,0.06301972,0.32049558,-11.446186,-1.4053137,-0.35548103
367787.0,0,0,0.94519025,0.0043975203,0.06238541,0.32047504,-11.444822,-1.4058847,-0.35647523
367788.0,0,0,0.94525295,0.0054074475,0.06160162,0.32042593,-11.443468,-1.4064373,-0.3574467
367789.0,0,0,0.94531524,0.006029922,0.06085355,0.32037395,-11.442117,-1.4069521,-0.3583796
367790.0,0,0,0.945364,0.0065524424,0.06019698,0.32034412,-11.440748,-1.4074465,-0.3592824
367791.0,0,1,0.9454328,0.006912586,0.059218176,0.32031596,-11.439362,-1.4079442,-0.36017075
367792.0,0,1,0.945505,0.007120812,0.058312558,0.32026407,-11.437946,-1.4084636,-0.36106288
367793.0,0,1,0.9455879,0.007600862,0.057150804,0.3202182,-11.436531,-1.4089775,-0.36192262
367794.0,0,0,0.94564205,0.008288787,0.056412973,0.32017198,-11.4350815,-1.4094988,-0.36277083
367795.0,0,0,0.94570345,0.008910815,0.055869594,0.32006907,-11.433605,-1.4100164,-0.36360043
367796.0,0,0,0.9457751,0.009513679,0.05529697,0.31993935,-11.43211,-1.4105381,-0.36441967
367797.0,0,1,0.9458739,0.00991875,0.054460626,0.31977814,-11.430603,-1.4110653,-0.3652295
367798.0,0,1,0.94598556,0.010348657,0.053575408,0.31958383,-11.429081,-1.4115945,-0.36602738
367799.0,0,1,0.946107,0.0107221315,0.05264578,0.31936663,-11.427536,-1.4121237,-0.36681095
367800.0,0,1,0.9462237,0.0110224495,0.051804613,0.31914833,-11.425971,-1.4126524,-0.3675788
367801.0,0,1,0.9463253,0.011340499,0.0510975,0.31894967,-11.424387,-1.4131825,-0.36833733
367802.0,0,1,0.94641876,0.011605237,0.05047356,0.31876206,-11.422795,-1.4137123,-0.36908656
367803.0,0,1,0.9465035,0.011750565,0.049848404,0.31860363,-11.421195,-1.4142462,-0.3698297
367804.0,0,1,0.94658214,0.0118571725,0.04914312,0.31847537,-11.41958,-1.4147862,-0.3705679
367805.0,0,1,0.9466579,0.011957239,0.048359666,0.31836653,-11.4179535,-1.4153272,-0.37129617
367806.0,0,1,0.9467375,0.011988149,0.047542598,0.31825152,-11.416302,-1.4158707,-0.3720158
367807.0,0,1,0.9468141,0.011968904,0.046788506,0.31813627,-11.414634,-1.4164151,-0.37272313
367808.0,0,1,0.946884,0.011935978,0.046136603,0.3180246,-11.412945,-1.4169647,-0.37342432
367809.0,0,1,0.9469501,0.011877748,0.045543164,0.31791577,-11.4112425,-1.4175184,-0.3741193
367810.0,0,1,0.9470136,0.011806226,0.04495074,0.31781325,-11.409526,-1.4180758,-0.37480772
367811.0,0,1,0.9470777,0.011719048,0.044355396,0.31770903,-11.407789,-1.4186376,-0.37548935
367812.0,0,1,0.9471385,0.011624402,0.043754842,0.3176147,-11.4060335,-1.4192019,-0.3761613
367813.0,0,1,0.94720495,0.011499969,0.04325142,0.31748995,-11.404247,-1.4197738,-0.37682867
367814.0,0,1,0.94726956,0.011335485,0.04298547,0.3173394,-11.402473,-1.4203478,-0.37748358
367815.0,0,1,0.9473374,0.011262241,0.04277857,0.31716713,-11.400687,-1.4209365,-0.37814215
367816.0,1,1,0.9474184,0.011160847,0.042500038,0.3169664,-11.43211,-1.4105381,-0.36441967
367817.0,1,1,0.94750476,0.010983536,0.04221349,0.31675252,-11.43211,-1.4105381,-0.36441967
367818.0,1,1,0.94758844,0.010947018,0.041679386,0.31657392,-11.43211,-1.4105381,-0.36441967
367819.0,1,1,0.947677,0.010947429,0.040922444,0.3164076,-11.43211,-1.4105381,-0.36441967
367820.0,1,1,0.9477748,0.011062767,0.04017828,0.31620613,-11.43211,-1.4105381,-0.36441967
367821.0,1,1,0.9478688,0.011195306,0.0393318,0.3160261,-11.43211,-1.4105381,-0.36441967
367822.0,1,1,0.9479621,0.0112968,0.038573876,0.31583583,-11.43211,-1.4105381,-0.36441967
367823.0,1,1,0.9480582,0.011529211,0.037916504,0.3156187,-11.43211,-1.4105381,-0.36441967
367824.0,1,1,0.94815725,0.01188707,0.037223306,0.31539023,-11.43211,-1.4105381,-0.36441967
367825.0,1,1,0.94825983,0.012275497,0.036474895,0.31515402,-11.43211,-1.4105381,-0.36441967
367826.0,1,1,0.948359,0.012674706,0.03569457,0.3149292,-11.43211,-1.4105381,-0.36441967
367827.0,1,1,0.948449,0.013120327,0.034898292,0.3147293,-11.43211,-1.4105381,-0.36441967
367828.0,1,1,0.9485373,0.013605848,0.03410734,0.3145292,-11.43211,-1.4105381,-0.36441967
367829.0,1,1,0.94862384,0.014131921,0.033361375,0.31432483,-11.43211,-1.4105381,-0.36441967
367830.0,1,1,0.9487057,0.014709974,0.032632966,0.3141279,-11.43211,-1.4105381,-0.36441967
367831.0,1,1,0.94878364,0.015314255,0.03183335,0.31394544,-11.43211,-1.4105381,-0.36441967
367832.0,1,1,0.94886166,0.015928466,0.030916164,0.31377095,-11.43211,-1.4105381,-0.36441967
367833.0,1,1,0.9489412,0.016529359,0.02994754,0.3135932,-11.43211,-1.4105381,-0.36441967
367834.0,1,1,0.94902307,0.017106542,0.02897892,0.31340522,-11.43211,-1.4105381,-0.36441967
367835.0,1,1,0.9491108,0.017745635,0.028066631,0.31318715,-11.43211,-1.4105381,-0.36441967
367836.0,1,1,0.9492062,0.01846061,0.027046911,0.31294638,-11.43211,-1.4105381,-0.36441967
367837.0,1,1,0.9493082,0.019269532,0.025817925,0.31269154,-11.43211,-1.4105381,-0.36441967
367838.0,1,1,0.9494139,0.020266054,0.024416454,0.31242037,-11.43211,-1.4105381,-0.36441967
367839.0,1,1,0.9495247,0.021319775,0.022838404,0.31213263,-11.43211,-1.4105381,-0.36441967
367840.0,1,1,0.94964385,0.02228679,0.021169366,0.3118202,-11.43211,-1.4105381,-0.36441967
367841.0,1,1,0.9497673,0.02313494,0.01933405,0.31150147,-11.43211,-1.4105381,-0.36441967
367842.0,1,1,0.94989276,0.02383032,0.017609384,0.31116864,-11.43211,-1.4105381,-0.36441967
367843.0,1,1,0.9500158,0.02437501,0.016159784,0.31082916,-11.43211,-1.4105381,-0.36441967
367844.0,1,1,0.95012677,0.024796046,0.014930279,0.31051818,-11.43211,-1.4105381,-0.36441967
367845.0,1,1,0.9502281,0.025182141,0.013840675,0.31022748,-11.43211,-1.4105381,-0.36441967
367846.0,1,1,0.9503193,0.025525419,0.012728636,0.30996728,-11.43211,-1.4105381,-0.36441967
367847.0,1,1,0.9504079,0.02581957,0.011534814,0.30971768,-11.43211,-1.4105381,-0.36441967
367848.0,1,1,0.95048875,0.026058532,0.010306773,0.3094929,-11.43211,-1.4105381,-0.36441967
367849.0,1,1,0.9505581,0.026269237,0.009029191,0.30930197,-11.43211,-1.4105381,-0.36441967
367850.0,1,1,0.9506207,0.026422136,0.007715479,0.30913195,-11.43211,-1.4105381,-0.36441967
367851.0,1,1,0.9506763,0.026520494,0.0064278813,0.308982,-11.43211,-1.4105381,-0.36441967
367852.0,1,1,0.9507247,0.026593192,0.0051286016,0.30885124,-11.43211,-1.4105381,-0.36441967
367853.0,1,1,0.950765,0.026647445,0.0036246977,0.30874398,-11.43211,-1.4105381,-0.36441967
367854.0,1,1,0.9507977,0.026677448,0.0018169577,0.3086565,-11.43211,-1.4105381,-0.36441967
367855.0,1,1,0.9508236,0.0266909,-0.00021301073,0.30858085,-11.43211,-1.4105381,-0.36441967
367856.0,1,1,0.9508387,0.026740957,-0.0024767448,0.30852005,-11.43211,-1.4105381,-0.36441967
367857.0,1,1,0.9508523,0.02687065,-0.004718407,0.3084409,-11.43211,-1.4105381,-0.36441967
367858.0,1,1,0.95087135,0.02708351,-0.00683861,0.30832347,-11.43211,-1.4105381,-0.36441967
367859.0,1,1,0.9509016,0.027368821,-0.008893365,0.30815262,-11.43211,-1.4105381,-0.36441967
367860.0,1,1,0.9509411,0.027693952,-0.011029394,0.3079326,-11.43211,-1.4105381,-0.36441967
367861.0,1,1,0.95097536,0.028088374,-0.013378856,0.3076978,-11.43211,-1.4105381,-0.36441967
367862.0,1,1,0.95099926,0.028599666,-0.01591901,0.30745566,-11.43211,-1.4105381,-0.36441967
367863.0,1,1,0.9510173,0.029212566,-0.018509494,0.30719742,-11.43211,-1.4105381,-0.36441967
367864.0,1,1,0.9510326,0.029877761,-0.021092108,0.3069193,-11.43211,-1.4105381,-0.36441967
367865.0,1,1,0.95104694,0.030554432,-0.023631718,0.30662307,-11.43211,-1.4105381,-0.36441967
367866.0,1,1,0.95106024,0.031235825,-0.026211984,0.3063035,-11.43211,-1.4105381,-0.36441967
367867.0,1,1,0.9510704,0.031916592,-0.02888715,0.30596066,-11.43211,-1.4105381,-0.36441967
367868.0,1,1,0.9511082,0.032548465,-0.031650536,0.305503,-11.43211,-1.4105381,-0.36441967
367869.0,1,1,0.9511804,0.03305263,-0.034603026,0.30490318,-11.43211,-1.4105381,-0.36441967
367870.0,0,0,0.95124674,0.033494603,-0.037971757,0.30424646,-11.432131,-1.4105555,-0.36440083
367871.0,0,0,0.95124364,0.03413514,-0.041919712,0.30366635,-11.432216,-1.410633,-0.36437666
367872.0,0,0,0.9510956,0.035152826,-0.046849325,0.30329296,-11.432436,-1.4108251,-0.36436415
367873.0,0,0,0.95074236,0.0367337,-0.05342275,0.30312648,-11.432878,-1.4111825,-0.36437824
367874.0,0,0,0.9501668,0.038959518,-0.062428597,0.3029323,-11.433619,-1.4117422,-0.36442867
367875.0,0,0,0.94922155,0.04192754,-0.07439806,0.3027962,-11.434629,-1.4124542,-0.36448735
367876.0,0,0,0.9477936,0.045266088,-0.088048235,0.30312648,-11.435819,-1.413261,-0.36449277
367877.0,0,0,0.9464082,0.0483241,-0.10160913,0.3027406,-11.437337,-1.4143252,-0.36439568
367878.0,0,0,0.94374126,0.053627964,-0.12183857,0.30270746,-11.4393425,-1.4157232,-0.36416626
367879.0,0,0,0.93969315,0.059904333,-0.14739126,0.302761,-11.441529,-1.4172965,-0.36376494
367880.0,0,0,0.93625766,0.06514521,-0.16839807,0.30136323,-11.443786,-1.4191935,-0.363102
367881.0,0,0,0.93117535,0.07494754,-0.1917959,0.30084813,-11.446427,-1.4217049,-0.36218148
367882.0,0,0,0.9238907,0.08736877,-0.2195136,0.30100888,-11.449665,-1.4248538,-0.3611724
367883.0,0,0,0.9150845,0.09962936,-0.24986364,0.3004373,-11.453418,-1.4284874,-0.36026296
367884.0,0,0,0.90465933,0.113505945,-0.28064635,0.29990947,-11.4574375,-1.4324684,-0.35956433
367885.0,0,0,0.8928657,0.1290061,-0.31097454,0.2990704,-11.4615345,-1.4367634,-0.35916758
367886.0,0,0,0.8790876,0.14624082,-0.34218374,0.2978738,-11.465669,-1.4413924,-0.3591664
367887.0,0,0,0.86287475,0.16486908,-0.37451196,0.29665837,-11.469951,-1.4463109,-0.35951203
367888.0,0,0,0.8458225,0.18106243,-0.40467468,0.29671383,-11.474445,-1.4515104,-0.3596779
367889.0,0,0,0.83174586,0.1913679,-0.42763487,0.29783496,-11.479128,-1.4572241,-0.3587057
367890.0,0,0,0.8236567,0.19695692,-0.43913004,0.29993722,-11.484069,-1.4638375,-0.35614693
367891.0,0,0,0.8196782,0.20050171,-0.4418557,0.30445087,-11.489463,-1.4715571,-0.3525651
367892.0,0,0,0.8172461,0.2021821,-0.44185463,0.30983198,-11.495472,-1.4802654,-0.3488744
367893.0,0,0,0.81569266,0.20202288,-0.44148096,0.31452653,-11.5021,-1.4897337,-0.34554008
367894.0,0,0,0.8151032,0.20110929,-0.43958622,0.31925836,-11.509242,-1.4998114,-0.342539
367895.0,0,0,0.8153519,0.19993784,-0.43598756,0.3242547,-11.516762,-1.5103669,-0.33979058
367896.0,0,0,0.81607085,0.19849072,-0.4317511,0.32896924,-11.524582,-1.5213069,-0.3373431
367897.0,0,0,0.8167636,0.19717823,-0.42772442,0.3332714,-11.532668,-1.5325744,-0.33529156
367898.0,0,0,0.8173781,0.19613624,-0.42395455,0.3371737,-11.540966,-1.5440983,-0.33367082
367899.0,0,0,0.8181184,0.1952585,-0.42005396,0.3407507,-11.549491,-1.5559182,-0.33243588
367900.0,0,0,0.8190185,0.19453233,-0.41588157,0.34410542,-11.558203,-1.5679967,-0.33153683
367901.0,0,0,0.8201031,0.193877,-0.4114201,0.34724066,-11.567097,-1.5803418,-0.33093357
367902.0,0,0,0.8213857,0.19323967,-0.40664595,0.35017586,-11.576183,-1.5929816,-0.33059686
367903.0,0,0,0.82286227,0.1925676,-0.40151075,0.35299382,-11.585475,-1.6059504,-0.33049387
367904.0,0,0,0.8245898,0.19175033,-0.39587975,0.35575643,-11.594948,-1.6192433,-0.33058402
367905.0,0,0,0.8265983,0.19072078,-0.38960066,0.3585698,-11.604593,-1.6328887,-0.33082908
367906.0,0,0,0.8288499,0.18951143,-0.38259393,0.3615454,-11.614376,-1.6468871,-0.3312003
367907.0,0,0,0.8312976,0.1881534,-0.374814,0.36476994,-11.624277,-1.6612636,-0.33168027
367908.0,0,0,0.83387125,0.18664952,-0.36629403,0.36830616,-11.634266,-1.6760265,-0.33225855
367909.0,0,0,0.8364938,0.18496923,-0.35714105,0.37217575,-11.644293,-1.6911467,-0.33292362
367910.0,0,0,0.83912575,0.1830764,-0.347377,0.37640432,-11.654351,-1.7066556,-0.33366448
367911.0,0,0,0.84170884,0.18097347,-0.33706442,0.38100192,-11.664384,-1.7225033,-0.3344678
367912.0,0,0,0.8441752,0.17867051,-0.32625744,0.3860066,-11.674396,-1.7387327,-0.33533052
367913.0,0,0,0.84648955,0.17614749,-0.3150658,0.39135808,-11.684333,-1.7552822,-0.3362514
367914.0,0,0,0.8486349,0.17338276,-0.30356613,0.39699498,-11.6942005,-1.7721758,-0.337242
367915.0,0,0,0.85056204,0.17038313,-0.2919809,0.40281633,-11.703956,-1.789339,-0.33831075
367916.0,0,0,0.8522523,0.16712803,-0.28045052,0.4087563,-11.713614,-1.8067948,-0.33946612
367917.0,0,0,0.8537253,0.16357557,-0.26902273,0.4147566,-11.723171,-1.8245249,-0.34070465
367918.0,0,0,0.855006,0.15971424,-0.25775737,0.4207343,-11.732566,-1.8424133,-0.3420091
367919.0,0,0,0.8561248,0.1555286,-0.24655606,0.42669788,-11.7418585,-1.8605785,-0.34337732
367920.0,0,0,0.8570864,0.15106091,-0.23545478,0.43260196,-11.751016,-1.8789581,-0.34479517
367921.0,0,0,0.85789,0.14635192,-0.22454618,0.43838894,-11.760025,-1.8975171,-0.34625113
367922.0,0,0,0.8585325,0.14139636,-0.21389405,0.44404766,-11.76893,-1.9163301,-0.3477349
367923.0,0,0,0.8590257,0.13617446,-0.20351101,0.44957164,-11.77771,-1.9353371,-0.34921098
367924.0,0,0,0.8594052,0.13062474,-0.19316404,0.4550247,-11.786381,-1.9545813,-0.35064027
367925.0,0,0,0.859707,0.12477745,-0.1826327,0.46041247,-11.794904,-1.9739968,-0.35197562
367926.0,0,0,0.8599488,0.118646264,-0.17172275,0.46574926,-11.80328,-1.9936061,-0.35318708
367927.0,0,0,0.86011773,0.1122602,-0.16037524,0.47103614,-11.811504,-2.0134113,-0.35425898
367928.0,0,0,0.8601784,0.10565195,-0.14868493,0.47626016,-11.819554,-2.0333576,-0.35518754
367929.0,0,0,0.8600961,0.09883402,-0.13677125,0.48141474,-11.827444,-2.0534651,-0.3559794
367930.0,0,0,0.8598539,0.09182385,-0.12473017,0.48647913,-11.835182,-2.073747,-0.35663858
367931.0,0,0,0.85944474,0.084647134,-0.11263324,0.49142995,-11.84275,-2.0941465,-0.35716295
367932.0,0,0,0.8588586,0.07730249,-0.1004872,0.4962748,-11.850144,-2.114661,-0.35754994
367933.0,0,0,0.8580964,0.06978344,-0.08830021,0.5010029,-11.857369,-2.1353064,-0.35779724
367934.0,0,0,0.85715735,0.06213221,-0.07617865,0.5055865,-11.864393,-2.1559947,-0.35790282
367935.0,0,0,0.85602295,0.054353844,-0.064143084,0.5100549,-11.871228,-2.1767654,-0.35786465
367936.0,0,0,0.85467684,0.046455402,-0.052250873,0.51443094,-11.877864,-2.1975965,-0.35767752
367937.0,0,0,0.8531168,0.038391713,-0.040510677,0.5187261,-11.884305,-2.218508,-0.3573317
367938.0,0,0,0.8513385,0.030132653,-0.02890307,0.5229525,-11.89054,-2.2394695,-0.35681444
367939.0,0,0,0.84934795,0.02166816,-0.01740617,0.52710116,-11.896538,-2.260373,-0.35611764
367940.0,0,0,0.84713584,0.012954085,-0.0059116757,0.5311856,-11.902326,-2.2813096,-0.35523087
367941.0,0,0,0.8447123,0.0040471256,0.005551958,0.53517646,-11.907892,-2.3022158,-0.35415366
367942.0,0,0,0.8420874,-0.0050093327,0.016910646,0.5390527,-11.913248,-2.3230958,-0.35288343
367943.0,0,0,0.83927095,-0.014164039,0.028073022,0.54280335,-11.918406,-2.3439512,-0.35141262
367944.0,0,0,0.8362842,-0.023461785,0.03902064,0.5464026,-11.923371,-2.3647563,-0.34972733
367945.0,0,0,0.83314687,-0.032949932,0.049791697,0.54981947,-11.928141,-2.3854482,-0.34781244
367946.0,0,0,0.82985693,-0.04269905,0.06051263,0.5530393,-11.932729,-2.4060607,-0.34564468
367947.0,0,0,0.82643265,-0.052672844,0.07121541,0.55602443,-11.937127,-2.4265327,-0.34321463
367948.0,0,0,0.8228805,-0.06282872,0.08190083,0.55875987,-11.941339,-2.4468515,-0.34051093
367949.0,0,0,0.8192026,-0.07314264,0.09256525,0.5612388,-11.945366,-2.4670184,-0.33751988
367950.0,0,0,0.8154185,-0.08355567,0.10319252,0.563438,-11.949194,-2.4869378,-0.33424312
367951.0,0,0,0.8115153,-0.094103865,0.11383818,0.56535685,-11.952831,-2.5066442,-0.3306628
367952.0,0,0,0.80750954,-0.104797,0.12450786,0.5669601,-11.956275,-2.5260959,-0.32677782
367953.0,0,0,0.8034133,-0.11564615,0.13516986,0.56822723,-11.959521,-2.545213,-0.32260457
367954.0,0,0,0.7992162,-0.12676598,0.1458357,0.56913614,-11.962584,-2.5639834,-0.3181558
367955.0,0,0,0.7949307,-0.13822968,0.15645798,0.5696479,-11.9654665,-2.5823092,-0.3134784
367956.0,0,0,0.7905491,-0.15008183,0.16702357,0.5697461,-11.968199,-2.6002464,-0.3085918
367957.0,0,0,0.78610194,-0.1621557,0.1773142,0.56948143,-11.970778,-2.6176834,-0.3035717
367958.0,0,0,0.78157336,-0.17434493,0.1872502,0.5689326,-11.973221,-2.6346903,-0.29844713
367959.0,0,0,0.7769615,-0.18645696,0.19680232,0.5681842,-11.975517,-2.6512399,-0.293275
367960.0,0,0,0.7722558,-0.19833432,0.20600615,0.56731486,-11.977653,-2.6673217,-0.28810325
367961.0,0,0,0.767495,-0.20970866,0.21485303,0.5664027,-11.979589,-2.6828015,-0.28301778
367962.0,0,0,0.762621,-0.22053625,0.2234892,0.5655314,-11.98133,-2.6978312,-0.27801093
367963.0,0,0,0.757722,-0.22997461,0.23175007,0.5650319,-11.982844,-2.7123163,-0.27320948
367964.0,0,0,0.75285214,-0.23866954,0.2397376,0.564603,-11.984142,-2.7262075,-0.26869673
367965.0,0,0,0.7480764,-0.24680518,0.24729174,0.5641947,-11.985268,-2.7395604,-0.26452273
367966.0,0,0,0.7434916,-0.25459912,0.25409707,0.563768,-11.986267,-2.7522902,-0.26077932
367967.0,0,0,0.73912984,-0.26241335,0.26003963,0.5632103,-11.987191,-2.7643945,-0.2575367
367968.0,0,0,0.7350611,-0.27039453,0.26514277,0.56238014,-11.988064,-2.7758155,-0.25488707
367969.0,0,0,0.73134965,-0.278492,0.2694075,0.5612393,-11.988893,-2.7865663,-0.252907
367970.0,0,0,0.7280448,-0.28648356,0.27276707,0.5598894,-11.989672,-2.7966888,-0.25166225
367971.0,0,0,0.72520334,-0.29393047,0.2751792,0.558535,-11.990376,-2.8062086,-0.2512045
367972.0,0,0,0.7228694,-0.30028254,0.27670154,0.55742854,-11.990972,-2.8151915,-0.25156784
367973.0,0,0,0.72107655,-0.30510738,0.27752316,0.55672175,-11.991412,-2.8236933,-0.25277048
367974.0,0,0,0.71988326,-0.30797118,0.27773964,0.55658114,-11.991659,-2.8317518,-0.25480282
367975.0,0,0,0.7192885,-0.3086641,0.2774396,0.55711555,-11.991694,-2.8393912,-0.2576327
367976.0,0,0,0.71922344,-0.30733484,0.27664384,0.5583289,-11.991525,-2.8465855,-0.26120245
367977.0,0,0,0.71951973,-0.3044558,0.2753252,0.5601732,-11.991174,-2.853297,-0.26545307
367978.0,0,0,0.72003645,-0.3005622,0.27350193,0.56250036,-11.990665,-2.8594604,-0.27031127
367979.0,0,0,0.7207385,-0.2959999,0.27124146,0.56510895,-11.990003,-2.8650122,-0.2756824
367980.0,0,0,0.72224396,-0.29019555,0.267556,0.5679472,-11.9892645,-2.8700833,-0.2815089
367981.0,0,0,0.7244202,-0.28323844,0.2616928,0.5714091,-11.988726,-2.8752337,-0.28745878
367982.0,0,0,0.72620934,-0.27735198,0.25111395,0.5767475,-11.988491,-2.8808851,-0.29302737
367983.0,0,0,0.72797817,-0.270646,0.24133946,0.5818537,-11.988315,-2.886758,-0.2980784
367984.0,0,0,0.72967315,-0.26443884,0.23495017,0.58519024,-11.987908,-2.8926916,-0.30294153
367985.0,0,0,0.7322703,-0.25615653,0.22934854,0.58784634,-11.987092,-2.8988366,-0.30796123
367986.0,0,0,0.7366971,-0.2412801,0.22352682,0.5908445,-11.985962,-2.9055607,-0.3135113
367987.0,0,0,0.7417111,-0.22297883,0.21380042,0.5953441,-11.984909,-2.9129958,-0.31976417
367988.0,0,0,0.7461096,-0.20463474,0.19733404,0.6020833,-11.984181,-2.9207244,-0.32655326
367989.0,0,0,0.7485027,-0.18989103,0.17853084,0.60976374,-11.983589,-2.9281056,-0.33349627
367990.0,0,0,0.74922836,-0.17742914,0.16247898,0.61707085,-11.982833,-2.9347148,-0.34010518
367991.0,0,0,0.7492291,-0.16452342,0.14887924,0.6240376,-11.9819145,-2.9405441,-0.34615764
367992.0,0,0,0.74909604,-0.15243566,0.13613482,0.6301474,-11.981106,-2.9456973,-0.35168582
367993.0,0,0,0.7490552,-0.14186592,0.12412446,0.63512486,-11.980656,-2.9502861,-0.35683456
367994.0,0,0,0.74936014,-0.13220082,0.11297487,0.6389201,-11.980669,-2.954335,-0.36164773
367995.0,0,0,0.7500495,-0.123840965,0.10260718,0.6415302,-11.981136,-2.9578853,-0.36615095
367996.0,0,0,0.75098926,-0.11712946,0.09283922,0.643177,-11.981964,-2.9609685,-0.37030968
367997.0,0,0,0.7521173,-0.11167683,0.083798446,0.6440697,-11.983006,-2.9636629,-0.37413448
367998.0,0,0,0.7532773,-0.10712375,0.07548965,0.6445147,-11.984107,-2.9660745,-0.37766913
367999.0,0,0,0.75427777,-0.1031223,0.067556284,0.64487755,-11.985149,-2.9683025,-0.3809657
368000.0,0,0,0.7549895,-0.0995553,0.05997251,0.6453548,-11.986049,-2.9703994,-0.38406023
368001.0,0,0,0.7554097,-0.09625163,0.05301146,0.64597344,-11.986773,-2.9723887,-0.38698524
368002.0,0,0,0.7555794,-0.09310468,0.046561804,0.64673275,-11.9873295,-2.9743176,-0.38979405
368003.0,0,0,0.75506526,-0.09043232,0.041240968,0.64807236,-11.987671,-2.976342,-0.3924231
368004.0,0,0,0.75397485,-0.08456892,0.03566808,0.65045977,-11.9876995,-2.9784298,-0.39468998
368005.0,0,0,0.7528381,-0.07751205,0.03174038,0.6528548,-11.987369,-2.980365,-0.39660585
368006.0,0,0,0.7517475,-0.07171212,0.0307776,0.65481734,-11.98674,-2.9820056,-0.39820477
368007.0,0,0,0.75071573,-0.06573911,0.030969268,0.6566165,-11.986012,-2.983415,-0.3995447
368008.0,0,0,0.7497832,-0.059847213,0.031375006,0.6582242,-11.98541,-2.9846864,-0.4006975
368009.0,0,0,0.7491727,-0.05516093,0.031829234,0.65930617,-11.985058,-2.9858828,-0.40173975
368010.0,0,0,0.7488213,-0.05154959,0.031871356,0.659995,-11.984939,-2.9870489,-0.402711
368011.0,0,0,0.74854255,-0.048214946,0.03136084,0.6605876,-11.984927,-2.9882023,-0.40361425
368012.0,0,0,0.7482689,-0.04498927,0.030919375,0.66114575,-11.984891,-2.9893193,-0.4044354
368013.0,0,0,0.7479628,-0.0418641,0.031022182,0.6616923,-11.984779,-2.9903708,-0.40516618
368014.0,0,0,0.74765235,-0.038915765,0.03155154,0.6621979,-11.984634,-2.9913604,-0.4058163
368015.0,0,0,0.7474423,-0.036343433,0.032071497,0.66255605,-11.984548,-2.9923148,-0.40639806
368016.0,0,0,0.74736345,-0.034189906,0.03212662,0.6627571,-11.9845915,-2.993255,-0.4069138
368017.0,0,0,0.74736655,-0.032499943,0.031751346,0.6628567,-11.984775,-2.994178,-0.4073764
368018.0,0,0,0.7473635,-0.031549793,0.03099183,0.6629419,-11.985036,-2.9950752,-0.4078005
368019.0,0,0,0.7474256,-0.030695833,0.030442577,0.66293746,-11.985299,-2.9959626,-0.40819654
368020.0,0,0,0.7473707,-0.029406454,0.029956942,0.66307986,-11.985541,-2.996854,-0.40857902
368021.0,0,0,0.747319,-0.028277049,0.029301424,0.66321665,-11.985786,-2.9977536,-0.40895587
368022.0,0,0,0.7472854,-0.027334565,0.028465271,0.6633304,-11.986058,-2.9986603,-0.40932697
368023.0,0,1,0.7472357,-0.02615838,0.02788326,0.6634584,-11.986355,-2.9995704,-0.40969014
368024.0,0,1,0.7472272,-0.025296632,0.026897421,0.66354215,-11.986656,-3.0004783,-0.41004157
368025.0,0,1,0.7472464,-0.024538232,0.025733244,0.66359514,-11.98695,-3.0013812,-0.41037765
368026.0,0,1,0.74729615,-0.023742244,0.024650384,0.6636091,-11.987234,-3.0022762,-0.41069663
368027.0,0,1,0.7473906,-0.023006016,0.02366447,0.6635646,-11.987511,-3.003165,-0.4110007
368028.0,0,1,0.74750656,-0.022358214,0.02276429,0.66348773,-11.987776,-3.0040495,-0.4112935
368029.0,0,1,0.74763197,-0.021726562,0.021962354,0.66339433,-11.988029,-3.004939,-0.4115815
368030.0,0,1,0.7477696,-0.021008963,0.021262737,0.6632852,-11.988271,-3.0058296,-0.41186285
368031.0,0,1,0.747918,-0.020131288,0.020616058,0.6631655,-11.98851,-3.006718,-0.4121324
368032.0,0,1,0.7480833,-0.019176638,0.020048061,0.66302466,-11.9887495,-3.0075963,-0.41238472
368033.0,0,1,0.7482604,-0.01828981,0.019590337,0.6628637,-11.988991,-3.0084648,-0.41262054
368034.0,0,1,0.7484267,-0.017513018,0.019251242,0.66270673,-11.989235,-3.0093315,-0.4128449
368035.0,0,1,0.7485698,-0.016822113,0.018970743,0.662571,-11.989482,-3.0102031,-0.41306284
368036.0,0,1,0.7486943,-0.016183244,0.018668037,0.66245484,-11.98973,-3.011081,-0.41327697
368037.0,0,1,0.7488159,-0.015575399,0.018282436,0.6623428,-11.989977,-3.0119665,-0.4134882
368038.0,0,1,0.748933,-0.01498184,0.017816653,0.6622367,-11.990221,-3.0128558,-0.41369602
368039.0,0,1,0.74904,-0.014359032,0.017337633,0.6621423,-11.990461,-3.0137484,-0.41390076
368040.0,0,1,0.74913996,-0.013714944,0.016857322,0.66205525,-11.990698,-3.014644,-0.41410175
368041.0,0,1,0.7492273,-0.013044232,0.01638765,0.66198176,-11.990931,-3.0155425,-0.41429818
368042.0,1,1,0.7493044,-0.012372461,0.015954548,0.6619179,-11.986058,-2.9986603,-0.40932697
368043.0,1,1,0.74936837,-0.011733525,0.015550284,0.6618668,-11.986058,-2.9986603,-0.40932697
368044.0,1,1,0.74941003,-0.011125175,0.015152378,0.66183925,-11.986058,-2.9986603,-0.40932697
368045.0,1,1,0.7494454,-0.010521906,0.014758104,0.661818,-11.986058,-2.9986603,-0.40932697
368046.0,1,1,0.7494903,-0.009915313,0.014349216,0.66178554,-11.986058,-2.9986603,-0.40932697
368047.0,1,1,0.74954,-0.009290084,0.013942015,0.66174704,-11.986058,-2.9986603,-0.40932697
368048.0,1,1,0.74959916,-0.008750111,0.013595366,0.66169447,-11.986058,-2.9986603,-0.40932697
368049.0,1,1,0.7496615,-0.008436981,0.013374272,0.66163254,-11.986058,-2.9986603,-0.40932697
368050.0,1,1,0.7497278,-0.008290882,0.013305992,0.66156065,-11.986058,-2.9986603,-0.40932697
368051.0,1,1,0.7497979,-0.00821466,0.013385017,0.6614806,-11.986058,-2.9986603,-0.40932697
368052.0,1,1,0.74987966,-0.008189942,0.013544975,0.661385,-11.986058,-2.9986603,-0.40932697
368053.0,1,1,0.74996376,-0.008137138,0.013741743,0.6612862,-11.986058,-2.9986603,-0.40932697
368054.0,1,1,0.7500558,-0.008018185,0.013970425,0.66117835,-11.986058,-2.9986603,-0.40932697
368055.0,1,1,0.75015944,-0.007916253,0.014207543,0.661057,-11.986058,-2.9986603,-0.40932697
368056.0,1,1,0.75028044,-0.007857116,0.014506263,0.6609138,-11.986058,-2.9986603,-0.40932697
368057.0,1,1,0.7504226,-0.007747704,0.014869322,0.66074574,-11.986058,-2.9986603,-0.40932697
368058.0,1,1,0.75059086,-0.0075087612,0.015285412,0.66054773,-11.986058,-2.9986603,-0.40932697
368059.0,1,1,0.7507917,-0.0069813747,0.01575345,0.66031426,-11.986058,-2.9986603,-0.40932697
368060.0,1,1,0.7510009,-0.0062042256,0.016168978,0.66007406,-11.986058,-2.9986603,-0.40932697
368061.0,1,1,0.7512265,-0.0053426446,0.016544366,0.65981555,-11.986058,-2.9986603,-0.40932697
368062.0,1,1,0.75145113,-0.004374456,0.01690399,0.65955764,-11.986058,-2.9986603,-0.40932697
368063.0,1,1,0.7516754,-0.0034100118,0.01722914,0.65929943,-11.986058,-2.9986603,-0.40932697
368064.0,1,1,0.7518864,-0.0025710932,0.017484635,0.65905577,-11.986058,-2.9986603,-0.40932697
368065.0,1,1,0.75208217,-0.0018218369,0.0176962,0.6588292,-11.986058,-2.9986603,-0.40932697
368066.0,1,1,0.7522628,-0.0010941273,0.017862316,0.65862006,-11.986058,-2.9986603,-0.40932697
368067.0,1,1,0.75243884,-0.00037871272,0.017997237,0.6584161,-11.986058,-2.9986603,-0.40932697
368068.0,1,1,0.752592,0.00023986174,0.01805562,0.65823954,-11.986058,-2.9986603,-0.40932697
368069.0,1,1,0.75270003,0.0007924793,0.018064259,0.6581152,-11.986058,-2.9986603,-0.40932697
368070.0,1,1,0.7527774,0.0013742645,0.018028798,0.65802675,-11.986058,-2.9986603,-0.40932697
368071.0,1,1,0.7528404,0.0019664383,0.017858952,0.65795785,-11.986058,-2.9986603,-0.40932697
368072.0,1,1,0.75289,0.0025600935,0.017540488,0.6579076,-11.986058,-2.9986603,-0.40932697
368073.0,1,1,0.7529327,0.0031493795,0.017125545,0.6578671,-11.986058,-2.9986603,-0.40932697
368074.0,1,1,0.75296843,0.0037320044,0.016662652,0.65783507,-11.986058,-2.9986603,-0.40932697
368075.0,1,1,0.75299776,0.004397213,0.01617969,0.65780944,-11.986058,-2.9986603,-0.40932697
368076.0,1,1,0.753026,0.005162536,0.015586865,0.65778583,-11.986058,-2.9986603,-0.40932697
368077.0,1,1,0.75306827,0.0059016333,0.0148823615,0.6577476,-11.986058,-2.9986603,-0.40932697
368078.0,1,1,0.7531191,0.0066567357,0.0140269445,0.657701,-11.986058,-2.9986603,-0.40932697
368079.0,1,1,0.753181,0.0074764322,0.013015623,0.6576422,-11.986058,-2.9986603,-0.40932697
368080.0,1,1,0.7532605,0.008413897,0.011815926,0.65756243,-11.986058,-2.9986603,-0.40932697
368081.0,1,1,0.7533465,0.009531555,0.010374888,0.65747297,-11.986058,-2.9986603,-0.40932697
368082.0,1,1,0.7534501,0.010682452,0.008872895,0.6573584,-11.986058,-2.9986603,-0.40932697
368083.0,1,1,0.7535602,0.011749554,0.0074344687,0.6572319,-11.986058,-2.9986603,-0.40932697
368084.0,1,1,0.7536606,0.012819854,0.0059255916,0.65711194,-11.986058,-2.9986603,-0.40932697
368085.0,1,1,0.7537407,0.013966543,0.0041913996,0.6570101,-11.986058,-2.9986603,-0.40932697
368086.0,1,1,0.7537956,0.015160192,0.00229815,0.65692997,-11.986058,-2.9986603,-0.40932697
368087.0,1,1,0.7538167,0.016322263,0.0003736286,0.6568818,-11.986058,-2.9986603,-0.40932697
368088.0,1,1,0.75380147,0.017466944,-0.001609315,0.65686804,-11.986058,-2.9986603,-0.40932697
368089.0,1,1,0.7537825,0.018565558,-0.0035539446,0.65685195,-11.986058,-2.9986603,-0.40932697
368090.0,1,1,0.75377995,0.01959453,-0.005403665,0.6568125,-11.986058,-2.9986603,-0.40932697
368091.0,1,1,0.7537832,0.02056333,-0.007275411,0.6567611,-11.986058,-2.9986603,-0.40932697
368092.0,1,1,0.7537836,0.021450981,-0.009195539,0.6567082,-11.986058,-2.9986603,-0.40932697
368093.0,1,1,0.7537618,0.02242396,-0.011230749,0.656669,-11.986058,-2.9986603,-0.40932697
368094.0,1,1,0.753697,0.023492726,-0.013477973,0.65666384,-11.986058,-2.9986603,-0.40932697
368095.0,0,0,0.7535724,0.024904829,-0.016605718,0.656683,-11.986075,-2.9986959,-0.4093128
368096.0,0,0,0.75343764,0.026488343,-0.020142334,0.65667677,-11.986114,-2.9987783,-0.40929034
368097.0,0,0,0.75334144,0.028290031,-0.024185188,0.65657556,-11.986175,-2.998915,-0.40926412
368098.0,0,0,0.7532636,0.030290993,-0.02863566,0.65639657,-11.986256,-2.9991057,-0.40924028
368099.0,0,0,0.7531649,0.032378394,-0.033257846,0.65619224,-11.98636,-2.9993525,-0.4092241
368100.0,0,0,0.753033,0.03463005,-0.03819864,0.6559596,-11.986488,-2.9996586,-0.4092147
368101.0,0,0,0.752876,0.03701707,-0.04339629,0.655686,-11.986651,-3.0000415,-0.40921143
368102.0,0,0,0.7527074,0.039678916,-0.04919762,0.65531427,-11.986885,-3.0005622,-0.40921783
368103.0,0,0,0.75247145,0.0430109,-0.056428462,0.6547921,-11.987227,-3.001297,-0.40924215
368104.0,0,0,0.7521371,0.047090996,-0.06525279,0.6540752,-11.987685,-3.0022948,-0.40929472
368105.0,0,0,0.7515094,0.052125353,-0.07594797,0.6532599,-11.988267,-3.0036037,-0.40939245
368106.0,0,0,0.7503515,0.05842254,-0.0892806,0.65237135,-11.988952,-3.0052238,-0.40950492
368107.0,0,0,0.74834317,0.0665462,-0.105033584,0.65155363,-11.989717,-3.0070877,-0.4095529
368108.0,0,0,0.74601966,0.07427991,-0.12157958,0.65050405,-11.99062,-3.009268,-0.40947646
368109.0,0,0,0.7426538,0.08395872,-0.14200388,0.64903855,-11.991751,-3.0118728,-0.40922913
368110.0,0,0,0.7383941,0.09531917,-0.1657958,0.646684,-11.993167,-3.0148544,-0.4087952
368111.0,0,0,0.73452264,0.10470815,-0.19120666,0.64261407,-11.994839,-3.0182805,-0.40822184
368112.0,0,0,0.72926235,0.11657659,-0.2196851,0.63743603,-11.996676,-3.0223606,-0.40762419
368113.0,0,0,0.7222968,0.13169597,-0.2512346,0.63073343,-11.998574,-3.0271075,-0.40716636
368114.0,0,0,0.71469396,0.1477917,-0.28440043,0.62168044,-12.0005,-3.032362,-0.40695757
368115.0,0,0,0.70618176,0.16458002,-0.31737828,0.6111398,-12.002465,-3.0379167,-0.40702346
368116.0,0,0,0.6969763,0.18110289,-0.3490945,0.59963226,-12.004423,-3.0436926,-0.40724656
368117.0,0,0,0.6879754,0.19683783,-0.37656304,0.5883409,-12.0063095,-3.0497494,-0.40709776
368118.0,0,0,0.6808456,0.21009664,-0.395178,0.57977843,-12.00818,-3.0563073,-0.40581742
368119.0,0,0,0.6778326,0.21817128,-0.40389234,0.5742955,-12.010119,-3.0636427,-0.40316805
368120.0,0,0,0.67761815,0.2227923,-0.40644965,0.57096064,-12.012162,-3.0720057,-0.39966166
368121.0,0,0,0.67782426,0.22666675,-0.40645722,0.5691827,-12.014312,-3.08144,-0.39602703
368122.0,0,0,0.67816734,0.22990896,-0.40554237,0.5681253,-12.01659,-3.0918558,-0.39263636
368123.0,0,0,0.67911804,0.23220529,-0.40338477,0.5675915,-12.018993,-3.1030593,-0.38955635
368124.0,0,0,0.680593,0.23379807,-0.4002692,0.5673767,-12.021505,-3.114878,-0.3867964
368125.0,0,0,0.68233275,0.234996,-0.3970304,0.5670678,-12.024103,-3.1271777,-0.38441798
368126.0,0,0,0.6842142,0.23608924,-0.3938551,0.5665606,-12.026773,-3.1399202,-0.3824715
368127.0,0,0,0.68621016,0.23713337,-0.39060658,0.5659592,-12.029508,-3.153066,-0.38096148
368128.0,0,0,0.6883584,0.23811105,-0.38717443,0.565298,-12.0323105,-3.1666086,-0.37984604
368129.0,0,0,0.6909806,0.23885815,-0.38288635,0.56470406,-12.035202,-3.1805813,-0.37901703
368130.0,0,0,0.6939349,0.23936234,-0.3779093,0.5642203,-12.038194,-3.1950254,-0.37842464
368131.0,0,0,0.69726384,0.23954672,-0.37209457,0.5639026,-12.041276,-3.2099226,-0.378023
368132.0,0,0,0.70100164,0.23933493,-0.3653401,0.5637749,-12.044434,-3.2252612,-0.37777025
368133.0,0,0,0.70518947,0.2385411,-0.35767573,0.56380314,-12.04764,-3.2410119,-0.37764114
368134.0,0,0,0.7097915,0.23696962,-0.34927318,0.56395894,-12.050871,-3.2571712,-0.3776323
368135.0,0,0,0.7146629,0.23460397,-0.34036288,0.5642438,-12.054093,-3.2737145,-0.3777515
368136.0,0,0,0.7196629,0.23141842,-0.33114216,0.5646908,-12.057278,-3.2906346,-0.37800208
368137.0,0,0,0.7246743,0.22737603,-0.32172704,0.5653662,-12.060386,-3.3078854,-0.37837696
368138.0,0,0,0.72958696,0.22250599,-0.312127,0.5663663,-12.063393,-3.3255012,-0.3788667
368139.0,0,0,0.73426074,0.21690492,-0.30238515,0.56778234,-12.066269,-3.343478,-0.37946245
368140.0,0,0,0.73858196,0.21067025,-0.29257432,0.5696623,-12.068981,-3.361728,-0.38015506
368141.0,0,0,0.7424896,0.20387523,-0.282685,0.5720431,-12.071526,-3.3802762,-0.38094154
368142.0,0,0,0.74594545,0.19662863,-0.27273494,0.5749072,-12.0739,-3.3990924,-0.38181743
368143.0,0,0,0.7489291,0.18904087,-0.26277775,0.5782013,-12.076113,-3.4181347,-0.38277915
368144.0,0,0,0.75144976,0.18120177,-0.2528667,0.58184856,-12.078181,-3.4373958,-0.38382724
368145.0,0,0,0.75354385,0.17317556,-0.2430544,0.58575284,-12.08013,-3.4568603,-0.3849623
368146.0,0,0,0.7552784,0.16498965,-0.23339215,0.5897976,-12.081981,-3.476502,-0.3861812
368147.0,0,0,0.75672,0.1566828,-0.22391385,0.5938753,-12.083762,-3.4963033,-0.3874747
368148.0,0,0,0.75792634,0.14831102,-0.21460487,0.5979098,-12.0855,-3.5162406,-0.38882396
368149.0,0,0,0.7589748,0.1399047,-0.20541193,0.60182226,-12.087218,-3.5362935,-0.3902033
368150.0,0,0,0.75993955,0.13142526,-0.1962162,0.6055729,-12.088947,-3.5565412,-0.39158815
368151.0,0,0,0.76087344,0.12287897,-0.1869435,0.60911775,-12.090704,-3.5769472,-0.3929413
368152.0,0,0,0.761809,0.114352584,-0.17758022,0.6124017,-12.092483,-3.5972831,-0.39421278
368153.0,0,0,0.76281357,0.105709724,-0.16787532,0.61543393,-12.094318,-3.6178217,-0.39538696
368154.0,0,0,0.7638979,0.09698262,-0.15779486,0.61818707,-12.0962105,-3.6384857,-0.39643285
368155.0,0,0,0.7650556,0.08817999,-0.147329,0.62065154,-12.098157,-3.6592193,-0.39733124
368156.0,0,0,0.7662769,0.07931141,-0.13646685,0.62282115,-12.100156,-3.6800177,-0.39807603
368157.0,0,0,0.7675401,0.070404395,-0.12524664,0.6246909,-12.1022005,-3.700874,-0.39866972
368158.0,0,0,0.7688208,0.061502352,-0.11375643,0.62625206,-12.104277,-3.721729,-0.399121
368159.0,0,0,0.77008253,0.052581,-0.102105826,0.62752086,-12.106377,-3.7426114,-0.3994439
368160.0,0,0,0.7712795,0.043612503,-0.09043684,0.62852776,-12.108484,-3.7634902,-0.3996492
368161.0,0,0,0.7723717,0.03454938,-0.07880037,0.62931603,-12.110584,-3.784394,-0.39974356
368162.0,0,0,0.7733026,0.025367312,-0.06731183,0.6299434,-12.112648,-3.8052623,-0.3997296
368163.0,0,0,0.77400047,0.015985977,-0.05603274,0.6304984,-12.114658,-3.826146,-0.39960632
368164.0,0,0,0.77439946,0.0063956385,-0.04502457,0.6310606,-12.116589,-3.8469923,-0.39937013
368165.0,0,0,0.7744505,-0.0033757638,-0.034269962,0.63169664,-12.118417,-3.8677938,-0.3990155
368166.0,0,0,0.77410823,-0.0133211445,-0.023715047,0.63246876,-12.120132,-3.888618,-0.39853552
368167.0,0,0,0.77335536,-0.023351848,-0.01340512,0.6334008,-12.121724,-3.9093957,-0.39792722
368168.0,0,0,0.7722038,-0.03342512,-0.0033779636,0.6344862,-12.123194,-3.930119,-0.39718372
368169.0,0,0,0.7706677,-0.04354766,0.0063974927,0.63571537,-12.124554,-3.9508357,-0.39628848
368170.0,0,0,0.7687869,-0.05370874,0.015967725,0.6370455,-12.125812,-3.9714954,-0.39522183
368171.0,0,0,0.7666048,-0.063949615,0.02543481,0.6384205,-12.126981,-3.992104,-0.3939553
368172.0,0,0,0.76418275,-0.074238025,0.034857094,0.6397644,-12.128069,-4.0125513,-0.39246565
368173.0,0,0,0.761565,-0.08461298,0.044347968,0.64100903,-12.129087,-4.032857,-0.3907217
368174.0,0,0,0.75878686,-0.095101915,0.054048736,0.64208794,-12.130043,-4.053042,-0.38869348
368175.0,0,0,0.7558887,-0.10567405,0.06399983,0.642938,-12.130938,-4.0730433,-0.38636422
368176.0,0,0,0.75289196,-0.11633084,0.07421484,0.6435161,-12.131776,-4.0928516,-0.38371748
368177.0,0,0,0.74982405,-0.12707189,0.08466642,0.64377654,-12.132561,-4.1123824,-0.38075644
368178.0,0,0,0.7467097,-0.13795412,0.09532764,0.6436661,-12.133297,-4.131617,-0.3774866
368179.0,0,0,0.74355143,-0.14905658,0.106185906,0.64314693,-12.133993,-4.150587,-0.37391338
368180.0,0,0,0.7403754,-0.16037251,0.11711535,0.6421908,-12.13465,-4.169176,-0.37008256
368181.0,0,0,0.7371797,-0.17192891,0.12799527,0.64079934,-12.135271,-4.1873574,-0.3660334
368182.0,0,0,0.73394895,-0.18372437,0.13871488,0.6390012,-12.1358595,-4.2051706,-0.36179355
368183.0,0,0,0.7306877,-0.19567278,0.14910637,0.63684773,-12.136415,-4.222546,-0.35741964
368184.0,0,0,0.7273859,-0.20772605,0.1590688,0.6343948,-12.136932,-4.2394834,-0.3529543
368185.0,0,0,0.7240147,-0.21982102,0.16848828,0.63173825,-12.137406,-4.255966,-0.3484449
368186.0,0,0,0.72054565,-0.23185855,0.17727397,0.6289909,-12.137822,-4.2719383,-0.3439476
368187.0,0,0,0.71694005,-0.24370402,0.18544881,0.62627006,-12.138159,-4.2874064,-0.33949566
368188.0,0,0,0.71317893,-0.25519863,0.19309625,0.62366915,-12.138389,-4.3023605,-0.3351247
368189.0,0,0,0.70926636,-0.26614234,0.20031056,0.62127715,-12.138483,-4.316754,-0.33088356
368190.0,0,0,0.70521146,-0.27641028,0.20721819,0.6191404,-12.138419,-4.3306017,-0.32680896
368191.0,0,0,0.7010688,-0.2858782,0.21388018,0.61727744,-12.1381855,-4.3438582,-0.32296476
368192.0,0,0,0.6969367,-0.29453018,0.22032467,0.61562026,-12.137789,-4.35655,-0.31940234
368193.0,0,0,0.69298524,-0.30233857,0.22636284,0.61410326,-12.137264,-4.368599,-0.3162087
368194.0,0,0,0.6893136,-0.30953807,0.23179486,0.6126208,-12.136658,-4.3800774,-0.31343696
368195.0,0,0,0.68606675,-0.31632027,0.23640837,0.6110361,-12.136018,-4.390946,-0.31117544
368196.0,0,0,0.6833812,-0.32276213,0.24003842,0.6092589,-12.135376,-4.401204,-0.30950654
368197.0,0,0,0.68131834,-0.3288849,0.2425735,0.6072875,-12.134739,-4.4108624,-0.3085087
368198.0,0,0,0.67987895,-0.3345726,0.24397916,0.60522723,-12.13409,-4.419923,-0.3082482
368199.0,0,0,0.6790221,-0.33962345,0.24431767,0.60323626,-12.133394,-4.4284062,-0.3087688
368200.0,0,0,0.67870474,-0.3437236,0.24372852,0.6015069,-12.132597,-4.436349,-0.31009126
368201.0,0,0,0.67888176,-0.34646505,0.24243669,0.60025495,-12.131641,-4.443768,-0.31221122
368202.0,0,0,0.67950594,-0.34752142,0.24071057,0.59963244,-12.130477,-4.450667,-0.31510246
368203.0,0,0,0.6805041,-0.3467598,0.23872861,0.5997336,-12.129067,-4.4570603,-0.3187303
368204.0,0,0,0.6820374,-0.3437397,0.23576032,0.6009036,-12.127417,-4.4629607,-0.32310578
368205.0,0,0,0.68418515,-0.33506632,0.22907826,0.6059244,-12.125574,-4.4687176,-0.32833242
368206.0,0,0,0.6869213,-0.32368642,0.21899469,0.6127052,-12.123671,-4.4747033,-0.334236
368207.0,0,0,0.6898858,-0.3123307,0.20713279,0.61935705,-12.121811,-4.480666,-0.34049106
368208.0,0,0,0.6914044,-0.30441666,0.19768392,0.62466913,-12.119991,-4.486141,-0.3467869
368209.0,0,0,0.69238967,-0.2999296,0.19130468,0.62772715,-12.118041,-4.491279,-0.35271788
368210.0,0,0,0.6940021,-0.29108766,0.18519996,0.63192576,-12.115695,-4.49659,-0.35806346
368211.0,0,0,0.69710153,-0.2745439,0.1795246,0.6375312,-12.112918,-4.5023813,-0.3631533
368212.0,0,0,0.7003933,-0.25575265,0.17203192,0.64377385,-12.11003,-4.508633,-0.3685982
368213.0,0,0,0.7027768,-0.23821327,0.15951613,0.65108657,-12.107404,-4.5150657,-0.3747191
368214.0,0,0,0.70372427,-0.22303672,0.14311212,0.6592007,-12.105122,-4.521322,-0.3813303
368215.0,0,0,0.7037003,-0.20920965,0.12660418,0.66708964,-12.1031065,-4.527036,-0.3878322
368216.0,0,0,0.7034229,-0.19546992,0.11219688,0.6740917,-12.101336,-4.5321107,-0.39385223
368217.0,0,0,0.70321536,-0.1830166,0.09961002,0.6797581,-12.099973,-4.5365067,-0.39923877
368218.0,0,0,0.7035733,-0.17169788,0.08810935,0.68391603,-12.099176,-4.5402927,-0.4041256
368219.0,0,0,0.70461863,-0.16194755,0.077569276,0.68649,-12.098988,-4.543531,-0.40865725
368220.0,0,0,0.7062048,-0.15389045,0.067807175,0.6877461,-12.099301,-4.5463085,-0.4128908
368221.0,0,0,0.7079925,-0.14693044,0.058613557,0.6882751,-12.099909,-4.5487146,-0.416807
368222.0,0,0,0.70973986,-0.14095125,0.05018716,0.68839186,-12.100565,-4.5508304,-0.42040342
368223.0,0,0,0.7111728,-0.13554081,0.04253357,0.688515,-12.10106,-4.5527434,-0.42373565
368224.0,0,0,0.7120216,-0.13042453,0.03535196,0.68903196,-12.101271,-4.5545244,-0.42687386
368225.0,0,0,0.7121476,-0.12561561,0.028691541,0.69010395,-12.101133,-4.5562716,-0.42986506
368226.0,0,0,0.71095645,-0.120876916,0.023233963,0.69237995,-12.1005745,-4.5580945,-0.43260297
368227.0,0,0,0.7090934,-0.112156376,0.01792107,0.6959068,-12.099599,-4.559872,-0.43499425
368228.0,0,0,0.7073036,-0.10386079,0.015366219,0.69906974,-12.098343,-4.5613575,-0.4371049
368229.0,0,0,0.70585644,-0.09707286,0.014969964,0.7015122,-12.096995,-4.5625486,-0.43899348
368230.0,0,0,0.7046448,-0.08940238,0.0149629,0.7037465,-12.095758,-4.5635614,-0.4406546
368231.0,0,0,0.70360124,-0.082371265,0.015236123,0.70564014,-12.094751,-4.56444,-0.44210422
368232.0,0,0,0.70286393,-0.07725872,0.01592488,0.70693696,-12.09397,-4.565197,-0.44338658
368233.0,0,0,0.7022643,-0.07292295,0.016695103,0.70797473,-12.093328,-4.5658717,-0.44454622
368234.0,0,0,0.70167875,-0.0686415,0.017354416,0.7089669,-12.092725,-4.5664887,-0.4456106
368235.0,0,0,0.70114475,-0.06460392,0.018281234,0.7098508,-12.092096,-4.5670514,-0.44659805
368236.0,0,0,0.7006265,-0.06071538,0.019576967,0.71067077,-12.091439,-4.5675626,-0.44751346
368237.0,0,0,0.70014143,-0.056953795,0.021008443,0.711419,-12.090811,-4.568034,-0.4483557
368238.0,0,0,0.6997432,-0.05356801,0.02224683,0.71203583,-12.090284,-4.5684805,-0.4491283
368239.0,0,0,0.6994449,-0.050815884,0.023147289,0.7125019,-12.089907,-4.5689054,-0.44982812
368240.0,0,0,0.6992444,-0.048670597,0.023674263,0.71283096,-12.089671,-4.569311,-0.4504598
368241.0,0,0,0.6991253,-0.047021896,0.023930747,0.7130498,-12.089538,-4.569708,-0.4510328
368242.0,0,0,0.69908595,-0.045518693,0.023807015,0.71319014,-12.089465,-4.570111,-0.45156208
368243.0,0,0,0.69907296,-0.044102006,0.023424534,0.7133045,-12.089427,-4.5705185,-0.45206085
368244.0,0,0,0.6990762,-0.0428411,0.022935389,0.7133941,-12.089412,-4.5709257,-0.45253626
368245.0,0,0,0.69908625,-0.04168488,0.022294912,0.7134731,-12.08942,-4.5713296,-0.4529885
368246.0,0,1,0.6990913,-0.04016284,0.02179501,0.71357083,-12.0894575,-4.571726,-0.4534126
368247.0,0,1,0.6991152,-0.03877106,0.021146085,0.7136439,-12.089523,-4.5721107,-0.45380795
368248.0,0,1,0.6991617,-0.037711643,0.02037948,0.71367747,-12.089606,-4.572485,-0.45417827
368249.0,0,1,0.699226,-0.03700411,0.019534498,0.713675,-12.089689,-4.5728593,-0.4545344
368250.0,0,1,0.69930667,-0.036472917,0.018599618,0.7136484,-12.089759,-4.5732427,-0.45488757
368251.0,0,1,0.69938916,-0.035888374,0.017588913,0.71362275,-12.089811,-4.5736327,-0.4552404
368252.0,0,1,0.6994706,-0.035106402,0.016594835,0.71360576,-12.089848,-4.574021,-0.455589
368253.0,0,1,0.69955003,-0.03419439,0.01571997,0.71359193,-12.089872,-4.574405,-0.4559298
368254.0,0,1,0.6996239,-0.03317081,0.0149756055,0.7135838,-12.089891,-4.5747833,-0.45625743
368255.0,0,1,0.69970787,-0.03204684,0.0143891955,0.7135649,-12.089911,-4.5751567,-0.45657244
368256.0,0,1,0.6998101,-0.030919198,0.013927234,0.71352357,-12.089939,-4.5755267,-0.4568773
368257.0,0,1,0.6999407,-0.02987487,0.013505036,0.71344817,-12.089973,-4.575896,-0.4571742
368258.0,0,1,0.70009404,-0.0289673,0.013064519,0.71334326,-12.09001,-4.576267,-0.45746672
368259.0,0,1,0.70026,-0.028144816,0.012583612,0.7132219,-12.090041,-4.576644,-0.45775932
368260.0,0,1,0.7004382,-0.027306637,0.012126468,0.7130874,-12.090066,-4.577027,-0.45805183
368261.0,0,1,0.70061874,-0.026397038,0.011717642,0.7129511,-12.090087,-4.577416,-0.4583445
368262.0,0,1,0.70079887,-0.025416518,0.011354001,0.7128156,-12.090106,-4.5778112,-0.458637
368263.0,0,1,0.7009788,-0.02437772,0.011036084,0.7126799,-12.090124,-4.578214,-0.45892933
368264.0,0,1,0.7011491,-0.023293147,0.01069106,0.71255404,-12.090142,-4.578624,-0.45922014
368265.0,1,1,0.701321,-0.022202656,0.010281773,0.71242565,-12.08942,-4.5713296,-0.4529885
368266.0,1,1,0.701491,-0.021095326,0.009829072,0.71229815,-12.08942,-4.5713296,-0.4529885
368267.0,1,1,0.70166284,-0.019794665,0.009481921,0.7121711,-12.08942,-4.5713296,-0.4529885
368268.0,1,1,0.70184356,-0.018305117,0.009170657,0.7120369,-12.08942,-4.5713296,-0.4529885
368269.0,1,1,0.7020353,-0.016842123,0.008798463,0.7118886,-12.08942,-4.5713296,-0.4529885
368270.0,1,1,0.7022365,-0.015493201,0.008408914,0.7117254,-12.08942,-4.5713296,-0.4529885
368271.0,1,1,0.7024453,-0.014338661,0.008169663,0.7115465,-12.08942,-4.5713296,-0.4529885
368272.0,1,1,0.70266855,-0.013435485,0.008168269,0.7113436,-12.08942,-4.5713296,-0.4529885
368273.0,1,1,0.70289373,-0.012706906,0.008357447,0.7111322,-12.08942,-4.5713296,-0.4529885
368274.0,1,1,0.70311713,-0.012121369,0.008666761,0.7109179,-12.08942,-4.5713296,-0.4529885
368275.0,1,1,0.70335215,-0.011712708,0.009001922,0.71068823,-12.08942,-4.5713296,-0.4529885
368276.0,1,1,0.70361006,-0.011289374,0.009401831,0.71043444,-12.08942,-4.5713296,-0.4529885
368277.0,1,1,0.7038618,-0.010681796,0.0096916035,0.7101906,-12.08942,-4.5713296,-0.4529885
368278.0,1,1,0.7041466,-0.010035112,0.010134983,0.70991147,-12.08942,-4.5713296,-0.4529885
368279.0,1,1,0.70444167,-0.009213132,0.010695737,0.7096214,-12.08942,-4.5713296,-0.4529885
368280.0,1,1,0.7047145,-0.008132307,0.0111631,0.7093566,-12.08942,-4.5713296,-0.4529885
368281.0,1,1,0.7049768,-0.007046943,0.011653523,0.7090997,-12.08942,-4.5713296,-0.4529885
368282.0,1,1,0.7051943,-0.006055104,0.0120740095,0.70888543,-12.08942,-4.5713296,-0.4529885
368283.0,1,1,0.70539504,-0.0050649806,0.012417374,0.7086875,-12.08942,-4.5713296,-0.4529885
368284.0,1,1,0.7055946,-0.00412862,0.012601986,0.70849156,-12.08942,-4.5713296,-0.4529885
368285.0,1,1,0.7057732,-0.0032145649,0.012680108,0.70831716,-12.08942,-4.5713296,-0.4529885
368286.0,1,1,0.7059245,-0.0023145515,0.012724635,0.7081689,-12.08942,-4.5713296,-0.4529885
368287.0,1,1,0.70605993,-0.0014821349,0.012775712,0.70803535,-12.08942,-4.5713296,-0.4529885
368288.0,1,1,0.7061858,-0.0006754704,0.012813148,0.70791036,-12.08942,-4.5713296,-0.4529885
368289.0,1,1,0.7063102,0.00013455452,0.012789922,0.707787,-12.08942,-4.5713296,-0.4529885
368290.0,1,1,0.706437,0.0009395827,0.012684514,0.70766175,-12.08942,-4.5713296,-0.4529885
368291.0,1,1,0.70655185,0.0017031917,0.012494934,0.70754904,-12.08942,-4.5713296,-0.4529885
368292.0,1,1,0.70663095,0.0025279436,0.012286208,0.7074711,-12.08942,-4.5713296,-0.4529885
368293.0,1,1,0.7066831,0.003428296,0.011993609,0.7074202,-12.08942,-4.5713296,-0.4529885
368294.0,1,1,0.7067352,0.0042788805,0.011575922,0.7073706,-12.08942,-4.5713296,-0.4529885
368295.0,1,1,0.7067679,0.0050771497,0.01099397,0.70734185,-12.08942,-4.5713296,-0.4529885
368296.0,1,1,0.70678395,0.0058204355,0.010355494,0.7073297,-12.08942,-4.5713296,-0.4529885
368297.0,1,1,0.7067965,0.006514638,0.009713008,0.70732015,-12.08942,-4.5713296,-0.4529885
368298.0,1,1,0.70680046,0.007156767,0.009042396,0.707319,-12.08942,-4.5713296,-0.4529885
368299.0,1,1,0.70680135,0.0077800024,0.008336826,0.7073201,-12.08942,-4.5713296,-0.4529885
368300.0,1,1,0.70680904,0.008415729,0.0075303554,0.70731425,-12.08942,-4.5713296,-0.4529885
368301.0,1,1,0.70684296,0.00907851,0.0065986705,0.7072815,-12.08942,-4.5713296,-0.4529885
368302.0,1,1,0.70690084,0.009741576,0.0056353975,0.70722324,-12.08942,-4.5713296,-0.4529885
368303.0,1,1,0.7069903,0.010437515,0.0045992914,0.7071313,-12.08942,-4.5713296,-0.4529885
368304.0,1,1,0.70710623,0.011272109,0.0033731367,0.7070094,-12.08942,-4.5713296,-0.4529885
368305.0,1,1,0.7072441,0.012289302,0.0018783256,0.70686007,-12.08942,-4.5713296,-0.4529885
368306.0,1,1,0.7073944,0.013498877,0.00022979829,0.7066902,-12.08942,-4.5713296,-0.4529885
368307.0,1,1,0.7075271,0.01488064,-0.0016587033,0.70652753,-12.08942,-4.5713296,-0.4529885
368308.0,1,1,0.70766795,0.016297262,-0.003763935,0.70634717,-12.08942,-4.5713296,-0.4529885
368309.0,1,1,0.707829,0.017650962,-0.0058157933,0.70613927,-12.08942,-4.5713296,-0.4529885
368310.0,1,1,0.7079868,0.018892389,-0.0076833833,0.7059311,-12.08942,-4.5713296,-0.4529885
368311.0,1,1,0.7081073,0.020112483,-0.009505743,0.70575446,-12.08942,-4.5713296,-0.4529885
368312.0,1,1,0.70816565,0.021381468,-0.01143574,0.7056299,-12.08942,-4.5713296,-0.4529885
368313.0,1,1,0.7081783,0.02272482,-0.013425294,0.7055402,-12.08942,-4.5713296,-0.4529885
368314.0,1,1,0.70815766,0.024148379,-0.015422125,0.7054728,-12.08942,-4.5713296,-0.4529885
368315.0,1,1,0.7081096,0.025637228,-0.017435044,0.70542157,-12.08942,-4.5713296,-0.4529885
368316.0,1,1,0.7080286,0.027238209,-0.019587863,0.70538646,-12.08942,-4.5713296,-0.4529885
368317.0,1,1,0.70790744,0.028962014,-0.021903072,0.70537114,-12.08942,-4.5713296,-0.4529885
368318.0,0,0,0.7077015,0.030945852,-0.02465716,0.70540273,-12.089427,-4.57134,-0.45297137
368319.0,0,0,0.70746523,0.03302014,-0.027563658,0.7054381,-12.089442,-4.571362,-0.45293805
368320.0,0,0,0.7072419,0.035238657,-0.030750114,0.70542306,-12.089471,-4.571406,-0.45289242
368321.0,0,0,0.7070165,0.037675742,-0.03427235,0.7053606,-12.089514,-4.571493,-0.45284072
368322.0,0,0,0.7067372,0.04045585,-0.038183525,0.7052858,-12.08957,-4.571648,-0.45278856
368323.0,0,0,0.7064177,0.043546606,-0.042382754,0.70518196,-12.08964,-4.571907,-0.4527425
368324.0,0,0,0.706035,0.047237866,-0.047316857,0.7050137,-12.089731,-4.572324,-0.45270962
368325.0,0,0,0.70549214,0.05190098,-0.05344607,0.70479125,-12.08986,-4.5729675,-0.452703
368326.0,0,0,0.7047608,0.057643164,-0.06103095,0.7044607,-12.090047,-4.5739403,-0.45274344
368327.0,0,0,0.7035494,0.06522806,-0.07115945,0.7040596,-12.09031,-4.5752935,-0.4527999
368328.0,0,0,0.7016301,0.07501252,-0.084214225,0.70355976,-12.090628,-4.5768433,-0.45278758
368329.0,0,0,0.7000592,0.083720066,-0.09632921,0.70258725,-12.091003,-4.57859,-0.45266622
368330.0,0,0,0.697949,0.09417545,-0.112323985,0.7009862,-12.09145,-4.5808764,-0.45243955
368331.0,0,0,0.69328755,0.10996737,-0.13316137,0.6996625,-12.092059,-4.5836587,-0.45206496
368332.0,0,0,0.68882614,0.12398876,-0.1551217,0.6971963,-12.092927,-4.586762,-0.4515179
368333.0,0,0,0.6856381,0.13535172,-0.17939271,0.6923862,-12.093993,-4.5904837,-0.45084277
368334.0,0,0,0.67978376,0.15288626,-0.20817025,0.6864292,-12.095192,-4.59511,-0.450153
368335.0,0,0,0.67274517,0.17197253,-0.24015489,0.6783547,-12.096472,-4.6005073,-0.44963458
368336.0,0,0,0.6648659,0.19151403,-0.27403343,0.66796803,-12.09776,-4.606425,-0.44943085
368337.0,0,0,0.6561443,0.21249995,-0.3076928,0.6554719,-12.098916,-4.612678,-0.44963634
368338.0,0,0,0.6454428,0.23633444,-0.34132764,0.6411278,-12.09984,-4.6192408,-0.4503219
368339.0,0,0,0.6323074,0.2620757,-0.37437615,0.6255767,-12.100673,-4.6260276,-0.45140436
368340.0,0,0,0.6190309,0.28389865,-0.4038082,0.6108528,-12.10161,-4.6330767,-0.45225388
368341.0,0,0,0.6106954,0.2980746,-0.42434216,0.598445,-12.102607,-4.640639,-0.45184198
368342.0,0,0,0.6070371,0.30741194,-0.43461084,0.5900147,-12.103601,-4.6493707,-0.4497708
368343.0,0,0,0.6072281,0.3121304,-0.43732592,0.58531594,-12.104563,-4.6595445,-0.44662583
368344.0,0,0,0.60984504,0.31336182,-0.4366948,0.58240104,-12.105472,-4.671131,-0.44329798
368345.0,0,0,0.61262405,0.3137111,-0.43471235,0.5807773,-12.106327,-4.6839266,-0.4402815
368346.0,0,0,0.6160092,0.31281775,-0.43115032,0.5803337,-12.107136,-4.69767,-0.43761492
368347.0,0,0,0.6202358,0.3106337,-0.42578888,0.5809632,-12.107894,-4.712179,-0.43523315
368348.0,0,0,0.6245232,0.30810368,-0.4196219,0.58220315,-12.108592,-4.7272286,-0.43320516
368349.0,0,0,0.6285218,0.30580932,-0.41359684,0.5834199,-12.109242,-4.7427297,-0.4316391
368350.0,0,0,0.63221234,0.30382708,-0.40796828,0.58443016,-12.109869,-4.758635,-0.43056855
368351.0,0,0,0.6358158,0.3019272,-0.40240172,0.58536416,-12.110492,-4.7748966,-0.42993233
368352.0,0,0,0.6395939,0.29984432,-0.39652887,0.5863258,-12.111126,-4.791572,-0.42963672
368353.0,0,0,0.6436248,0.29749086,-0.39023444,0.5873359,-12.111775,-4.8086185,-0.4296108
368354.0,0,0,0.6479561,0.29479906,-0.38340738,0.5884262,-12.112442,-4.826045,-0.42981216
368355.0,0,0,0.6526285,0.2916722,-0.37600037,0.5895991,-12.113129,-4.843864,-0.4302177
368356.0,0,0,0.6576229,0.2880996,-0.36801055,0.59084606,-12.113833,-4.8620524,-0.43081123
368357.0,0,0,0.66287917,0.28409922,-0.3594607,0.5921713,-12.1145525,-4.8806033,-0.43157867
368358.0,0,0,0.6683096,0.27970713,-0.35043186,0.59356856,-12.115279,-4.89947,-0.43250346
368359.0,0,0,0.67386204,0.2749282,-0.34094226,0.59504855,-12.116011,-4.9187303,-0.43357345
368360.0,0,0,0.67945725,0.2698003,-0.33111745,0.5965794,-12.116736,-4.9382205,-0.43475798
368361.0,0,0,0.6851081,0.26427007,-0.320902,0.59817225,-12.117454,-4.9580455,-0.43603978
368362.0,0,0,0.69077015,0.2583288,-0.31032124,0.5998364,-12.118152,-4.978185,-0.43739575
368363.0,0,0,0.69639176,0.25197437,-0.29943252,0.601571,-12.118818,-4.998561,-0.43880308
368364.0,0,0,0.7019267,0.24521327,-0.28825444,0.6033895,-12.119443,-5.0191655,-0.4402495
368365.0,0,0,0.70733577,0.2380465,-0.276818,0.60529476,-12.120019,-5.0400243,-0.44172955
368366.0,0,0,0.71257913,0.23047759,-0.26520357,0.607271,-12.120541,-5.061078,-0.44323513
368367.0,0,0,0.7176334,0.2225327,-0.2534524,0.60929745,-12.121004,-5.082311,-0.44476485
368368.0,0,0,0.7224542,0.2142809,-0.24166381,0.6113446,-12.121411,-5.103741,-0.44631967
368369.0,0,0,0.72699183,0.20578967,-0.22998935,0.6133827,-12.121767,-5.1253204,-0.44789058
368370.0,0,0,0.7312309,0.19708192,-0.21847603,0.6154091,-12.122076,-5.1470237,-0.44946274
368371.0,0,0,0.7352198,0.18811436,-0.20707244,0.6174026,-12.122343,-5.1688895,-0.45102075
368372.0,0,0,0.73899096,0.17884913,-0.1957825,0.6193339,-12.122573,-5.1908484,-0.45253903
368373.0,0,0,0.74256307,0.16925171,-0.18455976,0.62120175,-12.12277,-5.212934,-0.45399928
368374.0,0,0,0.7459295,0.15936624,-0.17341115,0.62299293,-12.122941,-5.2351,-0.45538077
368375.0,0,0,0.7490967,0.14917535,-0.16233079,0.62469953,-12.123092,-5.257366,-0.45667118
368376.0,0,0,0.7520465,0.13870399,-0.15135577,0.62632155,-12.123228,-5.279695,-0.45785666
368377.0,0,0,0.7547726,0.12796241,-0.14046475,0.62786424,-12.123355,-5.302099,-0.45892507
368378.0,0,0,0.7572717,0.11691814,-0.12961257,0.6293411,-12.123471,-5.324624,-0.4598646
368379.0,0,0,0.7595031,0.10568896,-0.118821636,0.63076633,-12.123572,-5.3471203,-0.46065816
368380.0,0,0,0.76144964,0.09424442,-0.10799076,0.63217914,-12.123653,-5.3697557,-0.4613031
368381.0,0,0,0.76305515,0.082763925,-0.09726606,0.6335899,-12.12371,-5.392276,-0.46178824
368382.0,0,0,0.7643178,0.071114,-0.08648855,0.6350441,-12.123738,-5.4150124,-0.46211365
368383.0,0,0,0.76520133,0.059562195,-0.0758594,0.63652545,-12.123736,-5.437487,-0.4622701
368384.0,0,0,0.7657193,0.047934126,-0.065165795,0.6380672,-12.123701,-5.4601154,-0.4622566
368385.0,0,0,0.7658592,0.036349587,-0.054519743,0.6396609,-12.1236315,-5.4826813,-0.4620705
368386.0,0,0,0.7656303,0.024790838,-0.043932922,0.6412999,-12.12353,-5.505203,-0.46170902
368387.0,0,0,0.7650567,0.013238757,-0.033431984,0.6429582,-12.1234,-5.5276494,-0.46116814
368388.0,0,0,0.76415366,0.0016470982,-0.023023149,0.6446212,-12.123245,-5.550059,-0.46043918
368389.0,0,0,0.76293725,-0.009999701,-0.012719983,0.64627004,-12.12307,-5.5724,-0.459511
368390.0,0,0,0.7614356,-0.021727692,-0.002471536,0.64787155,-12.122875,-5.594643,-0.45836958
368391.0,0,0,0.75966537,-0.033553924,0.007786556,0.6494013,-12.122663,-5.6167765,-0.45699927
368392.0,0,0,0.7576359,-0.04548012,0.018090356,0.6508396,-12.122432,-5.638792,-0.4553849
368393.0,0,0,0.755374,-0.057451718,0.028466444,0.6521495,-12.122182,-5.660621,-0.45351893
368394.0,0,0,0.75288767,-0.06949783,0.038958717,0.65330887,-12.121912,-5.6823015,-0.4513884
368395.0,0,0,0.75019324,-0.081611775,0.049545087,0.65428966,-12.12162,-5.7038054,-0.4489893
368396.0,0,0,0.74730605,-0.093777396,0.060164273,0.6550723,-12.1213045,-5.725052,-0.44632903
368397.0,0,0,0.74421275,-0.106035076,0.070803635,0.6556606,-12.120958,-5.746056,-0.44340798
368398.0,0,0,0.7409104,-0.118381485,0.081410505,0.6560564,-12.120576,-5.766769,-0.44023937
368399.0,0,0,0.73740077,-0.13081153,0.09192983,0.6562601,-12.120154,-5.787141,-0.43684018
368400.0,0,0,0.73367035,-0.14337942,0.10234893,0.6562734,-12.119691,-5.8071923,-0.43321633
368401.0,0,0,0.7297094,-0.15608586,0.11259642,0.6561123,-12.119185,-5.8268304,-0.42939624
368402.0,0,0,0.72549856,-0.16894828,0.12262154,0.6557989,-12.11864,-5.8459997,-0.42540678
368403.0,0,0,0.7209839,-0.18203244,0.13243985,0.6553672,-12.11805,-5.8647943,-0.42124662
368404.0,0,0,0.71622425,-0.19507125,0.14186041,0.6548631,-12.117425,-5.88292,-0.41701168
368405.0,0,0,0.71115714,-0.20814675,0.15101299,0.65431315,-12.116755,-5.9006224,-0.41268086
368406.0,0,0,0.70585084,-0.22097623,0.15980561,0.6537632,-12.116039,-5.9177217,-0.40834463
368407.0,0,0,0.70031476,-0.23343776,0.16823062,0.65327215,-12.1152725,-5.9342585,-0.40404785
368408.0,0,0,0.69463456,-0.2453127,0.17620999,0.6528818,-12.114444,-5.9501657,-0.39986068
368409.0,0,0,0.68884397,-0.2562633,0.18374884,0.65273243,-12.1135435,-5.9654703,-0.39583993
368410.0,0,0,0.6830539,-0.2668214,0.190759,0.65257543,-12.112573,-5.980151,-0.39205873
368411.0,0,0,0.6774127,-0.2761203,0.19747011,0.65259117,-12.11153,-5.994122,-0.3885923
368412.0,0,0,0.6720118,-0.28433836,0.20403656,0.65262616,-12.110416,-6.007391,-0.38550347
368413.0,0,0,0.66692334,-0.29182327,0.21029507,0.6525552,-12.109254,-6.01993,-0.38287553
368414.0,0,0,0.6623317,-0.2985186,0.2160963,0.652308,-12.108088,-6.0317254,-0.3807954
368415.0,0,0,0.6582885,-0.30481145,0.22114334,0.651799,-12.106973,-6.0428343,-0.37934896
368416.0,0,0,0.65491945,-0.31091318,0.22515093,0.65093833,-12.1059675,-6.0532184,-0.37863398
368417.0,0,0,0.65231186,-0.31683284,0.22798547,0.6497144,-12.10509,-6.062963,-0.3787316
368418.0,0,0,0.6505299,-0.32236132,0.22955152,0.64822847,-12.10434,-6.072064,-0.37970194
368419.0,0,0,0.6495549,-0.3271977,0.22985628,0.64667314,-12.10368,-6.080586,-0.38158035
368420.0,0,0,0.64938176,-0.33087513,0.22906588,0.64525497,-12.103061,-6.088534,-0.38436306
368421.0,0,0,0.6499807,-0.33296666,0.22750664,0.6441266,-12.102423,-6.095903,-0.3880192
368422.0,0,0,0.65124947,-0.33323795,0.2255803,0.64338183,-12.101708,-6.102679,-0.39250863
368423.0,0,0,0.65309024,-0.33160082,0.22360036,0.6430528,-12.100881,-6.1088114,-0.39775723
368424.0,0,0,0.6562762,-0.32540536,0.21901439,0.6445507,-12.0999775,-6.1144314,-0.40387946
368425.0,0,0,0.66071916,-0.3142214,0.21049286,0.6483887,-12.099167,-6.120003,-0.4108373
368426.0,0,0,0.66526955,-0.30572796,0.19963823,0.6512231,-12.098533,-6.1258206,-0.41820902
368427.0,0,0,0.66928244,-0.29860917,0.1893707,0.65347713,-12.097971,-6.1315947,-0.42553282
368428.0,0,0,0.6735689,-0.29226375,0.18266149,0.65385145,-12.097269,-6.1372395,-0.4324789
368429.0,0,0,0.6786531,-0.28304586,0.1764872,0.6543449,-12.096103,-6.1430793,-0.43891868
368430.0,0,0,0.68523633,-0.26690605,0.16996346,0.6559914,-12.094281,-6.1494665,-0.44517365
368431.0,0,0,0.69164836,-0.24506234,0.16169389,0.65986526,-12.092066,-6.15646,-0.45177653
368432.0,0,0,0.6958673,-0.22374885,0.14824049,0.6661306,-12.089839,-6.163669,-0.45908362
368433.0,0,0,0.6976557,-0.20729703,0.13170394,0.6730219,-12.087649,-6.1705656,-0.46694183
368434.0,0,0,0.6978803,-0.19241212,0.11630089,0.6800108,-12.085394,-6.176844,-0.47471908
368435.0,0,0,0.69714934,-0.1765719,0.10237253,0.6872591,-12.083125,-6.1825175,-0.48195356
368436.0,0,0,0.6960866,-0.16147102,0.089396335,0.6938291,-12.081088,-6.1876006,-0.4885223
368437.0,0,0,0.6953822,-0.14818595,0.07759227,0.6989019,-12.07953,-6.192026,-0.49449635
368438.0,0,0,0.6951423,-0.13712712,0.0673323,0.7024526,-12.078559,-6.195768,-0.499975
368439.0,0,0,0.6952821,-0.12832458,0.058208443,0.704789,-12.078163,-6.1988792,-0.50499934
368440.0,0,0,0.69580775,-0.12171256,0.049959686,0.70607483,-12.078215,-6.2014847,-0.50959194
368441.0,0,0,0.69664025,-0.11651399,0.042504743,0.7066189,-12.078493,-6.203746,-0.5138047
368442.0,0,0,0.6975117,-0.11169613,0.035864018,0.7069054,-12.078767,-6.205777,-0.5176853
368443.0,0,0,0.69811904,-0.10717156,0.029787987,0.7072883,-12.078878,-6.2076616,-0.5213416
368444.0,0,0,0.69822663,-0.10310861,0.023988925,0.70800614,-12.078764,-6.209438,-0.5248472
368445.0,0,0,0.69759464,-0.09955558,0.018834546,0.7092924,-12.078357,-6.2112327,-0.52822846
368446.0,0,0,0.6960275,-0.09397412,0.014216568,0.71169686,-12.077597,-6.2130837,-0.5313936
368447.0,0,0,0.6943555,-0.086063676,0.010794998,0.7143858,-12.076535,-6.214813,-0.5342908
368448.0,0,0,0.6928882,-0.07927066,0.00939661,0.7166127,-12.075287,-6.2162914,-0.53694946
368449.0,0,0,0.6916501,-0.07276257,0.009377318,0.7184969,-12.073999,-6.2175336,-0.539362
368450.0,0,0,0.6905779,-0.065792054,0.010146626,0.7201879,-12.072822,-6.2186074,-0.54154104
368451.0,0,0,0.6897607,-0.060197946,0.0112373065,0.72144306,-12.071842,-6.219556,-0.543542
368452.0,0,0,0.68918335,-0.05598393,0.012460673,0.7223135,-12.07105,-6.220419,-0.54542136
368453.0,0,0,0.68868566,-0.052125227,0.013655905,0.72305506,-12.070347,-6.22124,-0.5472264
368454.0,0,0,0.6882193,-0.048362974,0.014847231,0.72373676,-12.069633,-6.222034,-0.5489672
368455.0,0,0,0.68772215,-0.044551052,0.016257323,0.72442335,-12.068857,-6.2227983,-0.5506485
368456.0,0,0,0.6872058,-0.040733345,0.017980894,0.72509694,-12.068056,-6.22353,-0.55226564
368457.0,0,0,0.6867558,-0.03722547,0.019607553,0.7256696,-12.067318,-6.2242312,-0.55380833
368458.0,0,0,0.6864061,-0.034376416,0.020933492,0.72610384,-12.066716,-6.2249026,-0.55526674
368459.0,0,0,0.6861741,-0.032274753,0.021962825,0.72638917,-12.066263,-6.225541,-0.5566319
368460.0,0,0,0.68604386,-0.030772,0.02273598,0.72655344,-12.065931,-6.2261486,-0.5579032
368461.0,0,0,0.6859976,-0.029678358,0.023237318,0.72662675,-12.065688,-6.2267385,-0.559099
368462.0,0,0,0.6859884,-0.028870376,0.023389425,0.7266632,-12.065512,-6.2273283,-0.56025076
368463.0,0,0,0.68599844,-0.028223386,0.023223339,0.72668445,-12.065378,-6.2279325,-0.5613857
368464.0,0,0,0.6859975,-0.027571058,0.022800194,0.72672385,-12.065267,-6.228552,-0.56251353
368465.0,0,0,0.6860014,-0.026917422,0.022269407,0.7267611,-12.065166,-6.2291803,-0.56363386
368466.0,0,1,0.686053,-0.026197124,0.021561049,0.72676,-12.065073,-6.229805,-0.5647434
368467.0,0,1,0.6861367,-0.025667107,0.020737441,0.7267239,-12.064974,-6.230419,-0.5658339
368468.0,0,1,0.68624234,-0.025288126,0.019922866,0.7266602,-12.064857,-6.231036,-0.5669252
368469.0,0,1,0.6863615,-0.024869172,0.019220786,0.7265811,-12.064722,-6.231657,-0.5680148
368470.0,0,1,0.68648046,-0.024249656,0.018631574,0.72650504,-12.064579,-6.232284,-0.569106
368471.0,0,1,0.68658936,-0.023423446,0.018079834,0.72644305,-12.064437,-6.2329116,-0.57018965
368472.0,0,1,0.68669033,-0.022538617,0.017439142,0.72639126,-12.064298,-6.233531,-0.571256
368473.0,0,1,0.68679404,-0.021708127,0.01668603,0.72633624,-12.064156,-6.2341394,-0.57230574
368474.0,0,1,0.68690544,-0.020963367,0.01603735,0.7262674,-12.064007,-6.2347364,-0.5733402
368475.0,0,1,0.68702644,-0.020267008,0.015562422,0.72618306,-12.063853,-6.23533,-0.5743672
368476.0,0,1,0.6871532,-0.019533807,0.015185013,0.7260912,-12.063698,-6.2359285,-0.57539415
368477.0,0,1,0.6873008,-0.018724807,0.014801636,0.7259807,-12.06354,-6.2365294,-0.5764186
368478.0,0,1,0.6874699,-0.01784603,0.014395688,0.7258509,-12.06338,-6.2371297,-0.5774398
368479.0,0,1,0.687662,-0.016935462,0.0140093425,0.72569823,-12.063217,-6.2377267,-0.57845354
368480.0,0,1,0.68787366,-0.015978795,0.013631609,0.7255266,-12.063051,-6.2383204,-0.57946056
368481.0,0,1,0.6880995,-0.015031517,0.013313528,0.72533846,-12.062883,-6.238907,-0.5804567
368482.0,0,1,0.68832827,-0.014111837,0.013043896,0.72514474,-12.062713,-6.239484,-0.5814403
368483.0,0,1,0.68856937,-0.013285036,0.012783459,0.7249362,-12.062534,-6.2400503,-0.5824152
368484.0,0,1,0.68881965,-0.01268517,0.012669837,0.72471106,-12.062339,-6.2406135,-0.58338535
368485.0,1,1,0.68905497,-0.011924355,0.012774646,0.72449845,-12.065166,-6.2291803,-0.56363386
368486.0,1,1,0.68928283,-0.010893661,0.012978047,0.7242941,-12.065166,-6.2291803,-0.56363386
368487.0,1,1,0.68952966,-0.010011676,0.013237554,0.7240674,-12.065166,-6.2291803,-0.56363386
368488.0,1,1,0.6897641,-0.0093011465,0.01352407,0.72384804,-12.065166,-6.2291803,-0.56363386
368489.0,1,1,0.68999124,-0.008638555,0.013830536,0.723634,-12.065166,-6.2291803,-0.56363386
368490.0,1,1,0.69024104,-0.007948788,0.014177097,0.72339696,-12.065166,-6.2291803,-0.56363386
368491.0,1,1,0.69050246,-0.00716384,0.014468432,0.7231498,-12.065166,-6.2291803,-0.56363386
368492.0,1,1,0.6907677,-0.0062195347,0.014728646,0.7229,-12.065166,-6.2291803,-0.56363386
368493.0,1,1,0.6910573,-0.0051609445,0.014944343,0.7226271,-12.065166,-6.2291803,-0.56363386
368494.0,1,1,0.69135284,-0.0040325946,0.015097469,0.7223482,-12.065166,-6.2291803,-0.56363386
368495.0,1,1,0.6916451,-0.0028204366,0.015211797,0.7220719,-12.065166,-6.2291803,-0.56363386
368496.0,1,1,0.6919453,-0.0016207214,0.015315573,0.72178566,-12.065166,-6.2291803,-0.56363386
368497.0,1,1,0.6922369,-0.0004508877,0.015372901,0.72150636,-12.065166,-6.2291803,-0.56363386
368498.0,1,1,0.6924977,0.0007775992,0.015336665,0.7212567,-12.065166,-6.2291803,-0.56363386
368499.0,1,1,0.6927401,0.0021657022,0.015187447,0.7210242,-12.065166,-6.2291803,-0.56363386
368500.0,1,1,0.6929793,0.0035936097,0.014950371,0.72079366,-12.065166,-6.2291803,-0.56363386
368501.0,1,1,0.69320285,0.0049497588,0.014634629,0.720577,-12.065166,-6.2291803,-0.56363386
368502.0,1,1,0.6933916,0.0062434603,0.014338709,0.7203912,-12.065166,-6.2291803,-0.56363386
368503.0,1,1,0.69356126,0.007446411,0.014070644,0.7202217,-12.065166,-6.2291803,-0.56363386
368504.0,1,1,0.69372433,0.008438461,0.01378137,0.72005934,-12.065166,-6.2291803,-0.56363386
368505.0,1,1,0.6938644,0.009302846,0.013494884,0.719919,-12.065166,-6.2291803,-0.56363386
368506.0,1,1,0.69398373,0.010135077,0.013145214,0.71979934,-12.065166,-6.2291803,-0.56363386
368507.0,1,1,0.69408125,0.010944401,0.012727976,0.71970105,-12.065166,-6.2291803,-0.56363386
368508.0,1,1,0.6941337,0.01180942,0.012194569,0.7196459,-12.065166,-6.2291803,-0.56363386
368509.0,1,1,0.69414395,0.012706697,0.011476035,0.7196325,-12.065166,-6.2291803,-0.56363386
368510.0,1,1,0.69412965,0.013605292,0.010575326,0.71964383,-12.065166,-6.2291803,-0.56363386
368511.0,1,1,0.69410354,0.014439455,0.009630318,0.719666,-12.065166,-6.2291803,-0.56363386
368512.0,1,1,0.6940875,0.015109434,0.00880984,0.7196782,-12.065166,-6.2291803,-0.56363386
368513.0,1,1,0.6940786,0.015686234,0.008061508,0.7196831,-12.065166,-6.2291803,-0.56363386
368514.0,1,1,0.6940771,0.016263857,0.007295165,0.7196799,-12.065166,-6.2291803,-0.56363386
368515.0,1,1,0.6940926,0.016863752,0.0064603556,0.71965915,-12.065166,-6.2291803,-0.56363386
368516.0,1,1,0.69412756,0.017478557,0.005588897,0.7196181,-12.065166,-6.2291803,-0.56363386
368517.0,1,1,0.69417155,0.01814935,0.004677974,0.71956563,-12.065166,-6.2291803,-0.56363386
368518.0,1,1,0.6942287,0.018921418,0.0036272055,0.71949667,-12.065166,-6.2291803,-0.56363386
368519.0,1,1,0.6943165,0.019733403,0.0024476743,0.7193951,-12.065166,-6.2291803,-0.56363386
368520.0,1,1,0.6944323,0.02057464,0.0012186919,0.71926284,-12.065166,-6.2291803,-0.56363386
368521.0,1,1,0.6945668,0.02147105,-4.8261238e-05,0.71910787,-12.065166,-6.2291803,-0.56363386
368522.0,1,1,0.69473004,0.022394376,-0.0013587323,0.7189205,-12.065166,-6.2291803,-0.56363386
368523.0,1,1,0.6949055,0.023361377,-0.002769144,0.71871614,-12.065166,-6.2291803,-0.56363386
368524.0,1,1,0.6950724,0.02447535,-0.0043420712,0.71850985,-12.065166,-6.2291803,-0.56363386
368525.0,1,1,0.6952387,0.025701767,-0.00596425,0.71829456,-12.065166,-6.2291803,-0.56363386
368526.0,1,1,0.69539195,0.02702147,-0.007600128,0.71808237,-12.065166,-6.2291803,-0.56363386
368527.0,1,1,0.6955189,0.028459013,-0.009350346,0.7178831,-12.065166,-6.2291803,-0.56363386
368528.0,1,1,0.69562757,0.029965373,-0.011298256,0.71768844,-12.065166,-6.2291803,-0.56363386
368529.0,1,1,0.6956937,0.03151968,-0.013376983,0.71752214,-12.065166,-6.2291803,-0.56363386
368530.0,1,1,0.6957162,0.033129502,-0.015522732,0.7173845,-12.065166,-6.2291803,-0.56363386
368531.0,1,1,0.69570094,0.03482173,-0.017679147,0.7172692,-12.065166,-6.2291803,-0.56363386
368532.0,1,1,0.69565344,0.036749903,-0.01993631,0.71715987,-12.065166,-6.2291803,-0.56363386
368533.0,1,1,0.69563276,0.038653415,-0.022038504,0.7170183,-12.065166,-6.2291803,-0.56363386
368534.0,1,1,0.6956378,0.04046352,-0.024159415,0.7168453,-12.065166,-6.2291803,-0.56363386
368535.0,1,1,0.6956529,0.042182516,-0.026343338,0.71665454,-12.065166,-6.2291803,-0.56363386
368536.0,1,1,0.69563454,0.04385229,-0.028592197,0.7164859,-12.065166,-6.2291803,-0.56363386
368537.0,0,0,0.69551873,0.045920193,-0.031705808,0.7163377,-12.065176,-6.2292275,-0.5636181
368538.0,0,0,0.69531226,0.048452985,-0.035338487,0.7162014,-12.065194,-6.229343,-0.5635931
368539.0,0,0,0.6950754,0.051328555,-0.039309572,0.7160241,-12.065223,-6.2295475,-0.5635685
368540.0,0,0,0.6948595,0.0546295,-0.043719113,0.71573365,-12.065266,-6.229872,-0.56355196
368541.0,0,0,0.6946454,0.0585937,-0.048854623,0.71529555,-12.065326,-6.2303743,-0.56354994
368542.0,0,0,0.69431055,0.06365136,-0.055228002,0.71472466,-12.065423,-6.231167,-0.563579
368543.0,0,0,0.69367,0.07040607,-0.06377387,0.7140013,-12.065586,-6.2323284,-0.56364554
368544.0,0,0,0.69251454,0.078905195,-0.074958764,0.71314704,-12.065787,-6.233799,-0.56369334
368545.0,0,0,0.6910945,0.088473186,-0.087329276,0.71199334,-12.066002,-6.235575,-0.5636628
368546.0,0,0,0.6893829,0.09922124,-0.1020786,0.710272,-12.066264,-6.237878,-0.5635218
368547.0,0,0,0.68539894,0.11473503,-0.121990524,0.7086483,-12.0666685,-6.2406635,-0.563214
368548.0,0,0,0.6806764,0.12998119,-0.14383101,0.7064681,-12.067263,-6.2437735,-0.56271046
368549.0,0,0,0.67759854,0.14229205,-0.1661239,0.70215106,-12.067951,-6.2474813,-0.5620432
368550.0,0,0,0.6715422,0.16120905,-0.1927338,0.69706255,-12.068685,-6.252116,-0.5613215
368551.0,0,0,0.66394687,0.18224116,-0.22258064,0.6902323,-12.06946,-6.257547,-0.56073403
368552.0,0,0,0.65569866,0.20338728,-0.25404266,0.68128943,-12.070214,-6.2634745,-0.56041616
368553.0,0,0,0.6463326,0.22649752,-0.28541416,0.67044145,-12.070813,-6.2697573,-0.5604642
368554.0,0,0,0.6352031,0.2522733,-0.31702954,0.6575465,-12.071216,-6.2763643,-0.5609222
368555.0,0,0,0.6222085,0.27902955,-0.34851533,0.64306784,-12.071633,-6.283271,-0.5616189
368556.0,0,0,0.6107517,0.30089292,-0.3750649,0.6291042,-12.072247,-6.2905226,-0.5619074
368557.0,0,0,0.60459024,0.31501177,-0.392536,0.6173763,-12.072965,-6.2984533,-0.56091624
368558.0,0,0,0.60249335,0.32421118,-0.40045932,0.6095254,-12.073669,-6.3075533,-0.55841726
368559.0,0,0,0.604304,0.3287184,-0.40184885,0.60438263,-12.074334,-6.3180676,-0.555065
368560.0,0,0,0.6082567,0.3305152,-0.40068117,0.60019845,-12.074968,-6.329964,-0.5517093
368561.0,0,0,0.6123259,0.3320676,-0.39838237,0.59672415,-12.075589,-6.3430214,-0.5487501
368562.0,0,0,0.6174886,0.33233136,-0.39423367,0.59400624,-12.076197,-6.3570113,-0.546166
368563.0,0,0,0.62351274,0.33149758,-0.3885283,0.59193504,-12.076768,-6.371731,-0.54389584
368564.0,0,0,0.62968093,0.33032906,-0.38215452,0.59020543,-12.07728,-6.3870378,-0.54198295
368565.0,0,0,0.6358033,0.32907796,-0.37559888,0.5885469,-12.077717,-6.4027843,-0.54050684
368566.0,0,0,0.64174795,0.32782483,-0.36894736,0.5869995,-12.078069,-6.4189777,-0.5394844
368567.0,0,0,0.6474917,0.32653755,-0.3621171,0.58566105,-12.078321,-6.435549,-0.5388862
368568.0,0,0,0.6530817,0.32512698,-0.3550478,0.58456635,-12.078466,-6.4525313,-0.5386639
368569.0,0,0,0.6584736,0.3235263,-0.34779903,0.5837628,-12.078499,-6.469855,-0.5387743
368570.0,0,0,0.6637484,0.32156584,-0.3403261,0.5832768,-12.07842,-6.4876204,-0.5391793
368571.0,0,0,0.6689515,0.31910416,-0.33261216,0.58313435,-12.078234,-6.5058274,-0.5398373
368572.0,0,0,0.67410254,0.31603852,-0.3246253,0.5833728,-12.077943,-6.5244203,-0.54069394
368573.0,0,0,0.679281,0.3121994,-0.31617525,0.5840736,-12.077544,-6.543552,-0.54170066
368574.0,0,0,0.6844361,0.30756178,-0.3072233,0.58529204,-12.077038,-6.562977,-0.5427944
368575.0,0,0,0.68961054,0.30209076,-0.29760313,0.5870357,-12.076415,-6.5828767,-0.543955
368576.0,0,0,0.6947563,0.29585314,-0.28736123,0.5892437,-12.075673,-6.603206,-0.5451692
368577.0,0,0,0.6997869,0.28894553,-0.2766216,0.5918524,-12.074816,-6.6238456,-0.5464291
368578.0,0,0,0.7046674,0.2814055,-0.26545268,0.59480226,-12.073847,-6.6447954,-0.54773843
368579.0,0,0,0.7093458,0.27332693,-0.25398833,0.5980057,-12.072772,-6.666035,-0.5491018
368580.0,0,0,0.7137899,0.2647971,-0.24242905,0.6013441,-12.071603,-6.687532,-0.55052215
368581.0,0,0,0.71799874,0.25584888,-0.23092781,0.60472435,-12.070355,-6.709245,-0.55199534
368582.0,0,0,0.72198486,0.24648052,-0.21954788,0.60809857,-12.069038,-6.731149,-0.5535118
368583.0,0,0,0.72576076,0.23669271,-0.20829163,0.61144286,-12.0676565,-6.7532215,-0.5550614
368584.0,0,0,0.72934824,0.22650576,-0.197152,0.6147174,-12.066213,-6.7754498,-0.5566403
368585.0,0,0,0.7327257,0.21604571,-0.18625617,0.6178559,-12.064715,-6.797745,-0.5582428
368586.0,0,0,0.735879,0.20532963,-0.17568058,0.62085277,-12.063166,-6.8201632,-0.55987185
368587.0,0,0,0.73880124,0.19439627,-0.1654457,0.62370706,-12.061565,-6.8427005,-0.56152374
368588.0,0,0,0.74149805,0.18331668,-0.1556255,0.62638366,-12.059925,-6.865259,-0.5631837
368589.0,0,0,0.7439811,0.17207986,-0.14621186,0.6288901,-12.058243,-6.88791,-0.56484085
368590.0,0,0,0.7462396,0.16071048,-0.13719124,0.6312504,-12.056524,-6.9106193,-0.5664661
368591.0,0,0,0.7483019,0.14915854,-0.12847254,0.6334751,-12.054771,-6.9334164,-0.5680276
368592.0,0,0,0.7501817,0.13740227,-0.11995539,0.6355775,-12.052986,-6.9562964,-0.56948805
368593.0,0,0,0.75187033,0.12544622,-0.11153577,0.6375846,-12.051174,-6.9792147,-0.5708087
368594.0,0,0,0.7533622,0.11327992,-0.103127904,0.6395136,-12.049335,-7.0021305,-0.5719565
368595.0,0,0,0.75464046,0.10084279,-0.094585784,0.64140636,-12.047454,-7.025133,-0.5729116
368596.0,0,0,0.75565517,0.08824112,-0.08587149,0.64329225,-12.045529,-7.0481377,-0.5736563
368597.0,0,0,0.7563661,0.0755735,-0.07700227,0.64518964,-12.043556,-7.071124,-0.5741832
368598.0,0,0,0.7567338,0.0628998,-0.06800175,0.64712703,-12.041532,-7.0941,-0.574487
368599.0,0,0,0.7567456,0.050223544,-0.058844022,0.64911556,-12.0394535,-7.1170645,-0.5745599
368600.0,0,0,0.75640464,0.037569374,-0.04950299,0.65114516,-12.037328,-7.139977,-0.57439494
368601.0,0,0,0.7557261,0.024911873,-0.039975323,0.6531918,-12.03516,-7.1628523,-0.57398695
368602.0,0,0,0.75473124,0.01225771,-0.030329842,0.6552181,-12.032967,-7.1856437,-0.5733326
368603.0,0,0,0.75345916,-0.00040106918,-0.020646816,0.65717036,-12.030768,-7.208301,-0.57242864
368604.0,0,0,0.75194025,-0.013141391,-0.010935009,0.65900946,-12.028571,-7.2308903,-0.57126373
368605.0,0,0,0.7501891,-0.025993593,-0.0011996024,0.6607111,-12.026386,-7.2533813,-0.5698277
368606.0,0,0,0.74823457,-0.038982004,0.008577753,0.6622325,-12.024225,-7.275705,-0.56811297
368607.0,0,0,0.7460848,-0.05212201,0.018433768,0.66355175,-12.02209,-7.2978435,-0.5661106
368608.0,0,0,0.74374014,-0.06539504,0.028374447,0.6646571,-12.019982,-7.3197975,-0.5638121
368609.0,0,0,0.7412017,-0.07872445,0.03839402,0.66554374,-12.017904,-7.3415256,-0.5612156
368610.0,0,0,0.73847014,-0.09208032,0.048539877,0.66620326,-12.015853,-7.3629932,-0.5583226
368611.0,0,0,0.73555046,-0.10542613,0.05890155,0.6666194,-12.013822,-7.384182,-0.5551374
368612.0,0,0,0.73245496,-0.118727416,0.06954526,0.666766,-12.011802,-7.405091,-0.5516675
368613.0,0,0,0.72921944,-0.13188003,0.080422975,0.6666175,-12.009795,-7.425637,-0.5479408
368614.0,0,0,0.7258775,-0.14483629,0.09144612,0.66615456,-12.007803,-7.445804,-0.5439782
368615.0,0,0,0.72244936,-0.1575734,0.102517225,0.66537786,-12.005827,-7.465579,-0.5398033
368616.0,0,0,0.71895874,-0.17012127,0.11351268,0.664283,-12.003875,-7.484907,-0.5354532
368617.0,0,0,0.7154153,-0.18258838,0.12434842,0.6628575,-12.0019455,-7.5038133,-0.53094846
368618.0,0,0,0.7118434,-0.19495967,0.13486242,0.6611217,-12.000046,-7.522215,-0.5263358
368619.0,0,0,0.70823175,-0.20723054,0.14496195,0.65912765,-11.998165,-7.5401287,-0.52163726
368620.0,0,0,0.70456547,-0.21936113,0.15459035,0.6569399,-11.996293,-7.557506,-0.51689357
368621.0,0,0,0.7008178,-0.23131676,0.16376379,0.6546208,-11.994411,-7.574318,-0.5121469
368622.0,0,0,0.6969639,-0.24301918,0.17245664,0.652259,-11.992505,-7.590529,-0.5074537
368623.0,0,0,0.692976,-0.2542596,0.18068483,0.6499917,-11.990554,-7.606135,-0.50287235
368624.0,0,0,0.688752,-0.26545906,0.18825445,0.6478522,-11.988537,-7.6211367,-0.49845922
368625.0,0,0,0.6844653,-0.27631968,0.19541614,0.64572996,-11.986454,-7.635467,-0.49429536
368626.0,0,0,0.6801068,-0.28638315,0.20217277,0.64386773,-11.984302,-7.649182,-0.4904408
368627.0,0,0,0.675704,-0.2960489,0.20820476,0.642207,-11.982108,-7.66226,-0.48698735
368628.0,0,0,0.67129534,-0.3055239,0.21331674,0.6407134,-11.979904,-7.6747336,-0.48401114
368629.0,0,0,0.66707385,-0.31463116,0.21746223,0.63931996,-11.977726,-7.686592,-0.48159093
368630.0,0,0,0.6631901,-0.3233182,0.22060348,0.63794863,-11.975596,-7.697848,-0.4797953
368631.0,0,0,0.6604774,-0.33063495,0.22186746,0.63657296,-11.973527,-7.7084947,-0.47874182
368632.0,0,0,0.65842825,-0.33698833,0.22227095,0.6352218,-11.971496,-7.718566,-0.47847736
368633.0,0,0,0.65708125,-0.34212732,0.22199859,0.63396364,-11.969473,-7.728059,-0.4790308
368634.0,0,0,0.65645194,-0.34575865,0.22128208,0.63289505,-11.967408,-7.737004,-0.4804094
368635.0,0,0,0.6565442,-0.3475954,0.22029598,0.6321367,-11.965257,-7.745406,-0.48259547
368636.0,0,0,0.6573171,-0.347507,0.21911058,0.6317941,-11.962977,-7.7532935,-0.48556316
368637.0,0,0,0.6586623,-0.34558544,0.21773595,0.63192236,-11.960573,-7.760616,-0.48924562
368638.0,0,0,0.66042185,-0.34218854,0.21610197,0.63249505,-11.958028,-7.767421,-0.49363664
368639.0,0,0,0.6624224,-0.33784384,0.21413493,0.6334069,-11.955384,-7.7736053,-0.49862754
368640.0,0,0,0.664586,-0.33286512,0.21161667,0.63462174,-11.952597,-7.779195,-0.5041581
368641.0,0,0,0.66666263,-0.32561642,0.20691398,0.63774735,-11.949615,-7.7844214,-0.5100836
368642.0,0,0,0.6680268,-0.31585187,0.20147744,0.64294994,-11.946486,-7.7898426,-0.5160301
368643.0,0,0,0.6695247,-0.30489445,0.19359306,0.6490745,-11.943292,-7.7956166,-0.5215428
368644.0,0,0,0.6697717,-0.29589066,0.18724594,0.65482324,-11.939948,-7.8014584,-0.5265679
368645.0,0,0,0.6694248,-0.28830642,0.18279661,0.65979946,-11.936248,-7.8072104,-0.53127027
368646.0,0,0,0.66966856,-0.27766508,0.17967024,0.66495466,-11.931912,-7.8130164,-0.53599703
368647.0,0,0,0.67094815,-0.26117146,0.17839064,0.6706674,-11.926946,-7.81922,-0.5412381
368648.0,0,0,0.6722113,-0.24154162,0.17394133,0.6778894,-11.921879,-7.826178,-0.5473
368649.0,0,0,0.6717821,-0.22237167,0.15918966,0.68841743,-11.917232,-7.833774,-0.5541008
368650.0,0,0,0.66959333,-0.20640224,0.13930385,0.699741,-11.913017,-7.8412514,-0.56112844
368651.0,0,0,0.6669442,-0.19127606,0.12367239,0.7094392,-11.909027,-7.8479066,-0.5677713
368652.0,0,0,0.66427535,-0.17625707,0.11266753,0.7176194,-11.905361,-7.8535314,-0.573716
368653.0,0,0,0.6620833,-0.16399549,0.102613665,0.72403145,-11.902353,-7.858355,-0.5790359
368654.0,0,0,0.66069514,-0.15347572,0.09217709,0.7289928,-11.900197,-7.8627405,-0.583973
368655.0,0,0,0.6603331,-0.14322752,0.08159256,0.73265874,-11.898901,-7.86689,-0.5886866
368656.0,0,0,0.66090214,-0.13418539,0.07105912,0.7349512,-11.898371,-7.8707767,-0.5931608
368657.0,0,0,0.6622267,-0.12690246,0.060968116,0.7359583,-11.898415,-7.874336,-0.5973397
368658.0,0,0,0.66407037,-0.120974906,0.05184906,0.73599404,-11.898765,-7.8775425,-0.6011683
368659.0,0,0,0.6659534,-0.115737095,0.0435362,0.7356736,-11.89914,-7.8804355,-0.6046527
368660.0,0,0,0.66748774,-0.11102734,0.036117718,0.7354106,-11.899328,-7.883054,-0.6078285
368661.0,0,0,0.6684502,-0.106786184,0.029709056,0.7354512,-11.89922,-7.885452,-0.6107526
368662.0,0,0,0.6686447,-0.10311164,0.024461469,0.7359917,-11.898749,-7.8877583,-0.6134409
368663.0,0,0,0.66753334,-0.09872644,0.020158892,0.7377304,-11.897847,-7.8900747,-0.6158395
368664.0,0,0,0.6658584,-0.091261104,0.016651686,0.7402883,-11.896541,-7.892261,-0.6179359
368665.0,0,0,0.66432524,-0.08491651,0.015681457,0.7424388,-11.894954,-7.89417,-0.6198201
368666.0,0,0,0.66302913,-0.07897122,0.016132608,0.7442417,-11.893247,-7.8958626,-0.6215458
368667.0,0,0,0.6618078,-0.071936086,0.01702567,0.7460199,-11.891587,-7.897458,-0.62312776
368668.0,0,0,0.6607906,-0.06552692,0.01812509,0.7474848,-11.890081,-7.8990064,-0.6245971
368669.0,0,0,0.66001374,-0.060406737,0.019342309,0.7485711,-11.888736,-7.9005103,-0.6259743
368670.0,0,0,0.6592582,-0.055566803,0.020550985,0.7495791,-11.887464,-7.901971,-0.6272666
368671.0,0,0,0.65849423,-0.050742857,0.021933252,0.7505527,-11.886169,-7.9033756,-0.6284729
368672.0,0,0,0.657726,-0.04604098,0.02372466,0.7514745,-11.884825,-7.9047036,-0.6295826
368673.0,0,0,0.6569498,-0.041418366,0.025900837,0.75235015,-11.8834715,-7.9059687,-0.63059586
368674.0,0,0,0.6562809,-0.03714288,0.028093167,0.753078,-11.882201,-7.907207,-0.63150513
368675.0,0,0,0.6558147,-0.03347859,0.029721644,0.75359327,-11.881107,-7.908431,-0.6322892
368676.0,0,0,0.65553224,-0.030641705,0.030787002,0.7539169,-11.880204,-7.9096413,-0.632953
368677.0,0,0,0.6554251,-0.02861003,0.031507127,0.7540602,-11.879452,-7.910838,-0.6335089
368678.0,0,0,0.65543467,-0.026829062,0.03163046,0.7541122,-11.878791,-7.912036,-0.6339849
368679.0,0,0,0.65546715,-0.025375864,0.031548187,0.7541377,-11.87817,-7.9132376,-0.63442117
368680.0,0,1,0.65553105,-0.02408172,0.031589676,0.75412285,-11.877558,-7.9144483,-0.63484615
368681.0,0,1,0.65559894,-0.022885486,0.0313827,0.75410974,-11.876945,-7.9156804,-0.63527226
368682.0,0,1,0.655683,-0.021517435,0.03110694,0.7540882,-11.87634,-7.9169254,-0.63569474
368683.0,0,1,0.65579885,-0.020137336,0.030635066,0.7540449,-11.875744,-7.9181833,-0.6361101
368684.0,0,1,0.6559274,-0.01886141,0.029941048,0.7539941,-11.87515,-7.919445,-0.63651484
368685.0,0,0,0.6560634,-0.017398102,0.029139917,0.7539424,-11.874546,-7.920712,-0.6369101
368686.0,0,0,0.65620315,-0.01588933,0.02832766,0.75388503,-11.873929,-7.92198,-0.63729376
368687.0,0,0,0.6563349,-0.014436586,0.027564347,0.7538278,-11.873301,-7.9232383,-0.637661
368688.0,0,0,0.65646577,-0.013061901,0.026914535,0.75376236,-11.872662,-7.9244823,-0.63800997
368689.0,0,0,0.65658873,-0.011746876,0.02636991,0.7536962,-11.872014,-7.9257135,-0.63834244
368690.0,0,1,0.656723,-0.010369732,0.025696384,0.75362265,-11.871364,-7.9269342,-0.6386602
368691.0,0,1,0.65689224,-0.0090496065,0.025133323,0.7535111,-11.870711,-7.92815,-0.63896585
368692.0,0,1,0.65710384,-0.007862242,0.024615474,0.75335705,-11.870055,-7.9293623,-0.63926184
368693.0,0,1,0.65736353,-0.0067643314,0.0242089,0.75315434,-11.869392,-7.9305763,-0.6395522
368694.0,0,1,0.6576593,-0.005698514,0.023830578,0.752917,-11.868727,-7.9317946,-0.63983655
368695.0,0,1,0.65796846,-0.0045793606,0.023321599,0.75267035,-11.868056,-7.9330087,-0.640109
368696.0,0,1,0.6582626,-0.0034430055,0.022771172,0.75243604,-11.867378,-7.934211,-0.6403643
368697.0,0,1,0.6585309,-0.0023804111,0.02233567,0.7522184,-11.8666935,-7.9353967,-0.64060104
368698.0,0,1,0.65877485,-0.00141879,0.022084123,0.7520145,-11.866007,-7.9365687,-0.6408199
368699.0,0,1,0.65898055,-0.000562253,0.021964366,0.7518389,-11.865322,-7.937732,-0.6410216
368700.0,0,1,0.6591586,0.0001061522,0.02187843,0.75168556,-11.864635,-7.9388914,-0.64121
368701.0,0,1,0.65932006,0.00063769514,0.021884557,0.7515435,-11.863943,-7.94005,-0.6413911
368702.0,0,1,0.659452,0.0010518478,0.021862281,0.751428,-11.863244,-7.9412093,-0.6415687
368703.0,0,1,0.6595991,0.0013773714,0.021929048,0.75129634,-11.862537,-7.9423704,-0.6417446
368704.0,0,1,0.6597499,0.0017647007,0.022053573,0.7511594,-11.861823,-7.943539,-0.6419176
368705.0,0,1,0.6599106,0.002182979,0.022076797,0.7510165,-11.861102,-7.9447064,-0.64208454
368706.0,0,1,0.6600999,0.0024337452,0.022129675,0.7508479,-11.860367,-7.945878,-0.6422494
368707.0,0,1,0.6603124,0.0026487033,0.022321723,0.7506545,-11.859616,-7.947062,-0.6424182
368708.0,0,1,0.6605599,0.002967814,0.022596711,0.7504273,-11.858853,-7.948268,-0.6425936
368709.0,1,1,0.66083604,0.00338665,0.022809291,0.750176,-11.872014,-7.9257135,-0.63834244
368710.0,1,1,0.6611241,0.0040004854,0.022867199,0.7499174,-11.872014,-7.9257135,-0.63834244
368711.0,1,1,0.6614315,0.004855506,0.022803174,0.7496432,-11.872014,-7.9257135,-0.63834244
368712.0,1,1,0.66175026,0.005861403,0.022643328,0.7493595,-11.872014,-7.9257135,-0.63834244
368713.0,1,1,0.6620572,0.0069137374,0.02245499,0.7490849,-11.872014,-7.9257135,-0.63834244
368714.0,1,1,0.66233337,0.008038654,0.02226928,0.7488352,-11.872014,-7.9257135,-0.63834244
368715.0,1,1,0.66261077,0.009370948,0.022034569,0.7485811,-11.872014,-7.9257135,-0.63834244
368716.0,1,1,0.6629102,0.010855268,0.021674208,0.74830633,-11.872014,-7.9257135,-0.63834244
368717.0,1,1,0.66321224,0.0124933245,0.02127262,0.74802476,-11.872014,-7.9257135,-0.63834244
368718.0,1,1,0.66349626,0.01428733,0.02082126,0.74775344,-11.872014,-7.9257135,-0.63834244
368719.0,1,1,0.66378033,0.015987128,0.020236298,0.7474829,-11.872014,-7.9257135,-0.63834244
368720.0,1,1,0.66404504,0.017551066,0.019457866,0.7472332,-11.872014,-7.9257135,-0.63834244
368721.0,1,1,0.66427994,0.019045139,0.018548695,0.747011,-11.872014,-7.9257135,-0.63834244
368722.0,1,1,0.66449946,0.020462882,0.01757704,0.74680173,-11.872014,-7.9257135,-0.63834244
368723.0,1,1,0.66469073,0.021812191,0.016400607,0.74662,-11.872014,-7.9257135,-0.63834244
368724.0,1,1,0.66483986,0.022979902,0.015169006,0.74647826,-11.872014,-7.9257135,-0.63834244
368725.0,1,1,0.66495144,0.02393691,0.014020643,0.7463713,-11.872014,-7.9257135,-0.63834244
368726.0,1,1,0.6650242,0.024707662,0.012990535,0.74629986,-11.872014,-7.9257135,-0.63834244
368727.0,1,1,0.66507584,0.025383351,0.012006218,0.7462478,-11.872014,-7.9257135,-0.63834244
368728.0,1,1,0.6651128,0.026002998,0.010984906,0.74620926,-11.872014,-7.9257135,-0.63834244
368729.0,1,1,0.6651424,0.026575055,0.0099598225,0.7461771,-11.872014,-7.9257135,-0.63834244
368730.0,1,1,0.66516787,0.027151482,0.00895146,0.7461464,-11.872014,-7.9257135,-0.63834244
368731.0,1,1,0.66519636,0.027696367,0.007938282,0.7461125,-11.872014,-7.9257135,-0.63834244
368732.0,1,1,0.6652416,0.028213948,0.006920989,0.7460629,-11.872014,-7.9257135,-0.63834244
368733.0,1,1,0.6653158,0.028709833,0.005868159,0.74598676,-11.872014,-7.9257135,-0.63834244
368734.0,1,1,0.6654207,0.029171683,0.0048239813,0.7458828,-11.872014,-7.9257135,-0.63834244
368735.0,1,1,0.665554,0.029667277,0.0037524344,0.7457505,-11.872014,-7.9257135,-0.63834244
368736.0,1,1,0.6657103,0.030216096,0.002655032,0.7455936,-11.872014,-7.9257135,-0.63834244
368737.0,1,1,0.66585916,0.030849509,0.0015157475,0.745438,-11.872014,-7.9257135,-0.63834244
368738.0,1,1,0.66599596,0.031586997,0.00033934874,0.7452862,-11.872014,-7.9257135,-0.63834244
368739.0,1,1,0.66613555,0.032412145,-0.00085444155,0.74512565,-11.872014,-7.9257135,-0.63834244
368740.0,1,1,0.66627526,0.033329893,-0.00209385,0.7449578,-11.872014,-7.9257135,-0.63834244
368741.0,1,1,0.6663854,0.034362737,-0.0035012919,0.74480706,-11.872014,-7.9257135,-0.63834244
368742.0,1,1,0.66645145,0.03556715,-0.0050692395,0.7446823,-11.872014,-7.9257135,-0.63834244
368743.0,1,1,0.6664923,0.036861494,-0.0067039696,0.7445699,-11.872014,-7.9257135,-0.63834244
368744.0,1,1,0.66651356,0.038252044,-0.008402424,0.74446344,-11.872014,-7.9257135,-0.63834244
368745.0,1,1,0.6665235,0.039733965,-0.0100643635,0.7443563,-11.872014,-7.9257135,-0.63834244
368746.0,1,1,0.6665211,0.04122191,-0.011646051,0.74425465,-11.872014,-7.9257135,-0.63834244
368747.0,1,1,0.6665026,0.042684365,-0.013196892,0.7441627,-11.872014,-7.9257135,-0.63834244
368748.0,1,1,0.666472,0.04433991,-0.014951528,0.7440601,-11.872014,-7.9257135,-0.63834244
368749.0,1,1,0.66647464,0.046129674,-0.016920276,0.74390674,-11.872014,-7.9257135,-0.63834244
368750.0,1,1,0.66651165,0.047889534,-0.018983804,0.7437126,-11.872014,-7.9257135,-0.63834244
368751.0,1,1,0.66653603,0.04953585,-0.021069711,0.7435267,-11.872014,-7.9257135,-0.63834244
368752.0,0,0,0.6665228,0.051602114,-0.023898508,0.74331254,-11.872018,-7.9257545,-0.6383274
368753.0,0,0,0.666441,0.05400901,-0.027103348,0.74310493,-11.872024,-7.9258466,-0.63830435
368754.0,0,0,0.66639256,0.056549177,-0.030421793,0.7428308,-11.872029,-7.9260125,-0.63828313
368755.0,0,0,0.6664006,0.059466608,-0.034171317,0.7424327,-11.872032,-7.926303,-0.6382742
368756.0,0,0,0.6664092,0.06316776,-0.03873537,0.741895,-11.872032,-7.926797,-0.63828623
368757.0,0,0,0.66625965,0.068091534,-0.044723887,0.74125665,-11.87204,-7.927612,-0.63833743
368758.0,0,0,0.66579574,0.074738115,-0.05284231,0.7404984,-11.872084,-7.9288387,-0.63843685
368759.0,0,0,0.66482395,0.08355552,-0.06394413,0.739553,-11.87216,-7.930375,-0.63852006
368760.0,0,0,0.66385674,0.092975356,-0.07591681,0.7381642,-11.872245,-7.932112,-0.63851744
368761.0,0,0,0.66304815,0.10289014,-0.08940681,0.73606193,-11.872343,-7.934249,-0.638426
368762.0,0,0,0.66083884,0.116403855,-0.1073879,0.733628,-11.872521,-7.9369354,-0.63819337
368763.0,0,0,0.6567677,0.13286743,-0.12860301,0.7310702,-11.872877,-7.939981,-0.6377735
368764.0,0,0,0.6545863,0.14465801,-0.15043634,0.7266083,-11.873373,-7.9434557,-0.6371804
368765.0,0,0,0.6508194,0.16083264,-0.17583291,0.7208673,-11.873904,-7.947719,-0.6364787
368766.0,0,0,0.6450148,0.18080592,-0.20444174,0.71377075,-11.874439,-7.952825,-0.6358277
368767.0,0,0,0.6383033,0.20165955,-0.23563695,0.7045407,-11.87495,-7.9585943,-0.6353927
368768.0,0,0,0.63047224,0.22416513,-0.26740578,0.6933607,-11.875343,-7.9648004,-0.63527906
368769.0,0,0,0.62163323,0.24847986,-0.29884353,0.68009,-11.875496,-7.971313,-0.6355735
368770.0,0,0,0.6105399,0.2759305,-0.33011815,0.6649251,-11.875448,-7.9781375,-0.6363046
368771.0,0,0,0.5978176,0.30324206,-0.3605737,0.6485715,-11.875449,-7.9851737,-0.63718003
368772.0,0,0,0.5872664,0.32420462,-0.385542,0.63353527,-11.875611,-7.99253,-0.63732886
368773.0,0,0,0.5821931,0.33758646,-0.40185285,0.62096757,-11.875783,-8.000692,-0.63592273
368774.0,0,0,0.5809499,0.34613872,-0.40926114,0.61252797,-11.8758,-8.010171,-0.6330659
368775.0,0,0,0.5826956,0.3501102,-0.41147456,0.60710585,-11.875601,-8.0211525,-0.6295627
368776.0,0,0,0.5860352,0.35131073,-0.41134655,0.6032724,-11.875184,-8.033528,-0.6261391
368777.0,0,0,0.5898355,0.35118347,-0.40930754,0.60102546,-11.874578,-8.047046,-0.62305015
368778.0,0,0,0.59443647,0.3494482,-0.40525526,0.60024947,-11.873805,-8.061507,-0.62026715
368779.0,0,0,0.59941727,0.34658733,-0.39976788,0.6006346,-11.872874,-8.076708,-0.6178005
368780.0,0,0,0.60417867,0.34340072,-0.39371756,0.60168976,-11.871806,-8.092454,-0.61574954
368781.0,0,0,0.6087109,0.34012443,-0.38759992,0.6029533,-11.870628,-8.108675,-0.61419815
368782.0,0,0,0.6130219,0.33686933,-0.3815555,0.60426694,-11.869373,-8.125266,-0.61316633
368783.0,0,0,0.6171889,0.33361813,-0.3754329,0.60566247,-11.868056,-8.142238,-0.61260945
368784.0,0,0,0.62131435,0.33028677,-0.36915877,0.60712516,-11.866694,-8.159516,-0.61246926
368785.0,0,0,0.6254632,0.3267799,-0.36271572,0.60864455,-11.865299,-8.177098,-0.6126938
368786.0,0,0,0.62970614,0.32297653,-0.35606393,0.61022526,-11.863876,-8.19506,-0.6132446
368787.0,0,0,0.63407534,0.31881797,-0.34917668,0.6118654,-11.862439,-8.213334,-0.614081
368788.0,0,0,0.63859516,0.31425932,-0.34197178,0.6135899,-11.860992,-8.231925,-0.6151653
368789.0,0,0,0.6432788,0.30929354,-0.33441016,0.6153858,-11.859537,-8.250887,-0.6164701
368790.0,0,0,0.6480789,0.30396253,-0.326579,0.61720884,-11.858082,-8.270194,-0.61796623
368791.0,0,0,0.65296894,0.2982168,-0.31854066,0.619056,-11.856636,-8.289828,-0.6196142
368792.0,0,0,0.6580091,0.2918989,-0.31016612,0.62097996,-11.855194,-8.309865,-0.6213703
368793.0,0,0,0.6631989,0.2849461,-0.30131546,0.62304246,-11.853757,-8.330188,-0.6231746
368794.0,0,0,0.6685374,0.2773251,-0.29185712,0.62527436,-11.85231,-8.350847,-0.6249965
368795.0,0,0,0.6740826,0.26867244,-0.28127226,0.6279441,-11.850845,-8.371747,-0.6268189
368796.0,0,0,0.67955977,0.25960782,-0.27020898,0.6307055,-11.849358,-8.392937,-0.6286544
368797.0,0,0,0.6848745,0.2502664,-0.25886008,0.6334865,-11.847858,-8.414301,-0.6304986
368798.0,0,0,0.69000953,0.24065475,-0.2472669,0.63626355,-11.846347,-8.435898,-0.6323522
368799.0,0,0,0.6949613,0.23080644,-0.235446,0.6390012,-11.844827,-8.457669,-0.6342013
368800.0,0,0,0.6997333,0.2207288,-0.22342919,0.641663,-11.843304,-8.479599,-0.6360417
368801.0,0,0,0.70432305,0.21046956,-0.21136475,0.64417136,-11.841788,-8.501656,-0.6378764
368802.0,0,0,0.70872504,0.20008501,-0.19945404,0.64644647,-11.840293,-8.523789,-0.639705
368803.0,0,0,0.7129477,0.1895572,-0.18778738,0.6484671,-11.83882,-8.546025,-0.6415213
368804.0,0,0,0.7169894,0.17887102,-0.1763519,0.6502548,-11.837366,-8.568375,-0.6433067
368805.0,0,0,0.72082585,0.16805917,-0.16511884,0.65184504,-11.835926,-8.590764,-0.6450335
368806.0,0,0,0.72444564,0.15711425,-0.15403411,0.65327424,-11.834489,-8.613263,-0.6466879
368807.0,0,0,0.72782,0.14610429,-0.14314659,0.6545538,-11.833054,-8.635784,-0.6482476
368808.0,0,0,0.7309427,0.1349997,-0.13241416,0.6557166,-11.831612,-8.658382,-0.64970064
368809.0,0,0,0.7337964,0.12377603,-0.12180799,0.65679914,-11.830152,-8.681111,-0.6510326
368810.0,0,0,0.73633516,0.112534575,-0.11140767,0.6578259,-11.828682,-8.703701,-0.6522119
368811.0,0,0,0.7385681,0.101124376,-0.101043805,0.65884835,-11.82718,-8.726382,-0.65323424
368812.0,0,0,0.7404754,0.089566156,-0.09071852,0.65988207,-11.825642,-8.749098,-0.65408176
368813.0,0,0,0.74203235,0.07790358,-0.080425516,0.6609469,-11.824068,-8.771781,-0.6547415
368814.0,0,0,0.74324274,0.06610624,-0.070135206,0.66204333,-11.822455,-8.794451,-0.6552075
368815.0,0,0,0.7441056,0.054188225,-0.05987346,0.6631635,-11.820809,-8.81708,-0.6554752
368816.0,0,0,0.7446328,0.04213237,-0.049659394,0.6642898,-11.819132,-8.839713,-0.655541
368817.0,0,0,0.7448395,0.030013165,-0.03961984,0.6653897,-11.817439,-8.86227,-0.65540016
368818.0,0,0,0.7447554,0.017836843,-0.029808315,0.66643286,-11.815738,-8.884795,-0.655043
368819.0,0,0,0.7443998,0.0055691157,-0.02022725,0.66740453,-11.814037,-8.907288,-0.6544522
368820.0,0,0,0.7437938,-0.0067971814,-0.010793747,0.66828746,-11.812347,-8.929649,-0.65360904
368821.0,0,0,0.74295294,-0.019345453,-0.0013350232,0.66906273,-11.810664,-8.951938,-0.65249044
368822.0,0,0,0.7418905,-0.032051258,0.008193838,0.6697045,-11.808996,-8.974101,-0.6510828
368823.0,0,0,0.74062526,-0.0448575,0.017763555,0.67018384,-11.807356,-8.996075,-0.64938015
368824.0,0,0,0.7391775,-0.057815596,0.02742315,0.6704641,-11.805748,-9.017925,-0.64736855
368825.0,0,0,0.7375713,-0.07088427,0.037162136,0.67050946,-11.804183,-9.039595,-0.64504653
368826.0,0,0,0.73583037,-0.08398391,0.046956547,0.6702952,-11.802668,-9.060998,-0.64242166
368827.0,0,0,0.7339667,-0.09709601,0.056843985,0.6698014,-11.801196,-9.082165,-0.63949156
368828.0,0,0,0.7319662,-0.11021998,0.06683696,0.66903657,-11.799762,-9.10306,-0.6362654
368829.0,0,0,0.7298182,-0.12330317,0.07692565,0.66801506,-11.798363,-9.123604,-0.6327672
368830.0,0,0,0.7275012,-0.13641311,0.087137684,0.6667386,-11.796985,-9.143883,-0.6289973
368831.0,0,0,0.7250316,-0.14936316,0.09728568,0.6652483,-11.795639,-9.163638,-0.62502915
368832.0,0,0,0.72236335,-0.16228591,0.10739357,0.6635669,-11.794307,-9.183072,-0.62084675
368833.0,0,0,0.7194816,-0.17510399,0.117292814,0.6617608,-11.792989,-9.202064,-0.6165004
368834.0,0,0,0.71635824,-0.18776023,0.12685883,0.65991205,-11.791672,-9.220571,-0.61202455
368835.0,0,0,0.7129351,-0.199979,0.13614273,0.65817714,-11.790342,-9.238569,-0.6074518
368836.0,0,0,0.70917284,-0.21251509,0.14489794,0.65644175,-11.788981,-9.2560625,-0.6027968
368837.0,0,0,0.70523214,-0.2242426,0.1534525,0.6548398,-11.787562,-9.272969,-0.59809184
368838.0,0,0,0.7009253,-0.23545356,0.16184247,0.65350765,-11.786063,-9.289247,-0.59337455
368839.0,0,0,0.6962404,-0.2463433,0.17023295,0.65236884,-11.784465,-9.304866,-0.5886965
368840.0,0,0,0.69121236,-0.25683045,0.17877418,0.6513857,-11.782755,-9.319803,-0.584132
368841.0,0,0,0.68590695,-0.267022,0.18727106,0.65050775,-11.780947,-9.334001,-0.5797935
368842.0,0,0,0.6804402,-0.27690613,0.19553998,0.64968324,-11.779055,-9.347531,-0.5757705
368843.0,0,0,0.67498636,-0.2863073,0.20319492,0.648948,-11.777126,-9.360372,-0.57219
368844.0,0,0,0.669696,-0.29533133,0.20979725,0.64828384,-11.775211,-9.372563,-0.569156
368845.0,0,0,0.66468596,-0.3040697,0.21500082,0.647695,-11.773358,-9.384114,-0.5667673
368846.0,0,0,0.6600793,-0.31241947,0.21876845,0.64717054,-11.771583,-9.395071,-0.5651021
368847.0,0,0,0.656022,-0.32015064,0.2211829,0.646697,-11.769887,-9.4053755,-0.56423986
368848.0,0,0,0.6525706,-0.32704902,0.2224785,0.6462924,-11.768232,-9.41507,-0.5642346
368849.0,0,0,0.6497837,-0.3327355,0.22288531,0.6460576,-11.766566,-9.424176,-0.5651288
368850.0,0,0,0.64771026,-0.33674693,0.22264017,0.6461457,-11.764841,-9.432679,-0.5669278
368851.0,0,0,0.6463555,-0.33870864,0.22190784,0.64672875,-11.762991,-9.440668,-0.5696378
368852.0,0,0,0.64569175,-0.33843058,0.22076862,0.6479261,-11.760999,-9.448101,-0.5732035
368853.0,0,0,0.64556503,-0.3361302,0.21922536,0.6497711,-11.758855,-9.454986,-0.5775819
368854.0,0,0,0.6458004,-0.3322592,0.21724446,0.652189,-11.756567,-9.461299,-0.5827246
368855.0,0,0,0.646469,-0.32696018,0.2145239,0.65509886,-11.754186,-9.466958,-0.5885648
368856.0,0,0,0.6491804,-0.31772867,0.20852715,0.6588851,-11.751924,-9.472278,-0.59514326
368857.0,0,0,0.6513962,-0.31124267,0.19780183,0.6630878,-11.749893,-9.477817,-0.60210663
368858.0,0,0,0.6526142,-0.3055968,0.1836636,0.66856045,-11.747841,-9.483665,-0.6088858
368859.0,0,0,0.65366554,-0.29821697,0.1737138,0.6735069,-11.745492,-9.489502,-0.61518073
368860.0,0,0,0.6549554,-0.29017872,0.16675837,0.6775112,-11.742622,-9.495258,-0.62099606
368861.0,0,0,0.65761214,-0.2782681,0.16083932,0.6813544,-11.739051,-9.50114,-0.6266239
368862.0,0,0,0.6615508,-0.2591174,0.15635647,0.6861205,-11.73485,-9.507375,-0.63256705
368863.0,0,0,0.66500884,-0.23724735,0.14930424,0.6922319,-11.73048,-9.514003,-0.63916296
368864.0,0,0,0.66653115,-0.21748875,0.1353673,0.700079,-11.726334,-9.520858,-0.6463973
368865.0,0,0,0.66571313,-0.20073904,0.11742537,0.7090424,-11.722446,-9.527505,-0.65379816
368866.0,0,0,0.66352016,-0.18500032,0.101128004,0.7178363,-11.718694,-9.533534,-0.6607848
368867.0,0,0,0.6610975,-0.16909204,0.08845027,0.725627,-11.7151785,-9.538765,-0.6670568
368868.0,0,0,0.6592782,-0.15502234,0.07766605,0.731634,-11.712209,-9.543293,-0.6726805
368869.0,0,0,0.6583425,-0.14278746,0.06736667,0.7359746,-11.710033,-9.547302,-0.6778359
368870.0,0,0,0.6583184,-0.1318904,0.05775313,0.7388413,-11.708701,-9.550898,-0.68264014
368871.0,0,0,0.65917784,-0.123037845,0.048917245,0.74023867,-11.708094,-9.5541,-0.6871075
368872.0,0,0,0.6606566,-0.1162068,0.040873792,0.74051213,-11.707972,-9.556938,-0.6912043
368873.0,0,0,0.6623228,-0.11058705,0.03347837,0.7402555,-11.708045,-9.559473,-0.694928
368874.0,0,0,0.6637736,-0.10577127,0.026733533,0.739934,-11.708072,-9.561769,-0.69833076
368875.0,0,0,0.66478014,-0.10156388,0.02050552,0.73981875,-11.707913,-9.563885,-0.70149314
368876.0,0,0,0.6652486,-0.09771433,0.014591285,0.7400564,-11.707523,-9.565899,-0.70450395
368877.0,0,0,0.6647682,-0.094526395,0.00968717,0.7409818,-11.706832,-9.567928,-0.70732063
368878.0,0,0,0.6633068,-0.088560395,0.004984264,0.7430722,-11.705788,-9.569952,-0.7098621
368879.0,0,0,0.6617297,-0.082124636,0.0021581696,0.74522793,-11.704451,-9.571784,-0.7121665
368880.0,0,0,0.66033673,-0.07710531,0.0009907631,0.74700004,-11.702913,-9.5734,-0.7143101
368881.0,0,0,0.65899724,-0.07097493,0.0005226932,0.74878895,-11.701302,-9.574894,-0.7163124
368882.0,0,0,0.6577528,-0.06439564,0.00054527004,0.75047594,-11.699744,-9.576323,-0.71817976
368883.0,0,0,0.6568395,-0.058984477,0.00093196693,0.7517193,-11.698297,-9.577693,-0.71992147
368884.0,0,0,0.6560975,-0.0539231,0.0016434751,0.7527455,-11.696924,-9.579002,-0.72154915
368885.0,0,0,0.6553913,-0.04898394,0.0027455897,0.7536944,-11.695547,-9.580246,-0.7230892
368886.0,0,0,0.6547417,-0.044223588,0.004269368,0.75454587,-11.694115,-9.581436,-0.7245623
368887.0,0,0,0.6540512,-0.039239164,0.0059916554,0.75540805,-11.692648,-9.582601,-0.725981
368888.0,0,0,0.6534051,-0.034304984,0.007816837,0.75619036,-11.691224,-9.583759,-0.7273456
368889.0,0,0,0.65290165,-0.029941577,0.009360205,0.75679284,-11.689916,-9.584922,-0.72863775
368890.0,0,0,0.6525334,-0.026111018,0.010447911,0.7572379,-11.688748,-9.586079,-0.72983104
368891.0,0,0,0.65225357,-0.022852765,0.011291225,0.7575722,-11.687698,-9.587208,-0.73091364
368892.0,0,0,0.6520571,-0.020262955,0.012137717,0.75780195,-11.686722,-9.588304,-0.7318936
368893.0,0,0,0.65198165,-0.017986506,0.012833738,0.7579129,-11.6858,-9.589387,-0.73279333
368894.0,0,1,0.65193015,-0.015318034,0.013796235,0.7579988,-11.684928,-9.590482,-0.7336384
368895.0,0,1,0.65191925,-0.013001507,0.014464361,0.7580389,-11.684104,-9.59159,-0.73444265
368896.0,0,1,0.6519427,-0.010954779,0.01466842,0.7580473,-11.683314,-9.5927,-0.7352103
368897.0,0,1,0.6519966,-0.0092125945,0.014565285,0.758026,-11.682544,-9.593807,-0.7359434
368898.0,0,1,0.65207857,-0.007718018,0.014316664,0.7579769,-11.681789,-9.59491,-0.7366432
368899.0,0,1,0.6521732,-0.0064573833,0.013984182,0.7579136,-11.681042,-9.596016,-0.7373189
368900.0,0,1,0.65226424,-0.0053811325,0.01354642,0.7578516,-11.680296,-9.597124,-0.73797435
368901.0,0,1,0.65234107,-0.0043445863,0.013022493,0.7578013,-11.679547,-9.598234,-0.7386124
368902.0,0,1,0.6524031,-0.0033209163,0.012458492,0.7577625,-11.6788,-9.5993395,-0.73923045
368903.0,0,1,0.65246236,-0.002414975,0.0118916975,0.7577239,-11.678053,-9.600438,-0.73982793
368904.0,0,1,0.65251654,-0.0016644077,0.011363646,0.75768745,-11.677304,-9.601534,-0.7404081
368905.0,0,1,0.6525845,-0.0010457474,0.010893027,0.75763685,-11.676551,-9.60263,-0.7409744
368906.0,0,1,0.65267473,-0.0004728867,0.010459056,0.75756586,-11.675789,-9.603731,-0.74153084
368907.0,0,1,0.65278846,0.00012406833,0.010068924,0.7574733,-11.675021,-9.6048355,-0.7420765
368908.0,0,1,0.65294117,0.0007287736,0.009737241,0.7573457,-11.674248,-9.605944,-0.74261296
368909.0,0,1,0.65313774,0.001322198,0.009411091,0.7571795,-11.673468,-9.607057,-0.7431405
368910.0,0,1,0.6533652,0.0018778001,0.00909963,0.75698584,-11.672685,-9.608169,-0.743657
368911.0,0,1,0.6536242,0.0023723093,0.008839465,0.7567639,-11.671896,-9.609283,-0.744165
368912.0,0,1,0.6539057,0.0028159162,0.0086126495,0.7565218,-11.671098,-9.610404,-0.7446669
368913.0,1,1,0.6541942,0.0032384458,0.008435164,0.75627273,-11.6858,-9.589387,-0.73279333
368914.0,1,1,0.65447956,0.00369109,0.008362657,0.7560244,-11.6858,-9.589387,-0.73279333
368915.0,1,1,0.6547752,0.0041774358,0.008388804,0.7557656,-11.6858,-9.589387,-0.73279333
368916.0,1,1,0.6551061,0.00466812,0.008476101,0.75547487,-11.6858,-9.589387,-0.73279333
368917.0,1,1,0.6554754,0.005151595,0.008523064,0.755151,-11.6858,-9.589387,-0.73279333
368918.0,1,1,0.6558423,0.005592705,0.0083890855,0.75483066,-11.6858,-9.589387,-0.73279333
368919.0,1,1,0.65617704,0.0060458495,0.008114507,0.75453913,-11.6858,-9.589387,-0.73279333
368920.0,1,1,0.6564828,0.0065614674,0.007827871,0.75427186,-11.6858,-9.589387,-0.73279333
368921.0,1,1,0.65678275,0.007120192,0.007615828,0.7540078,-11.6858,-9.589387,-0.73279333
368922.0,1,1,0.65705556,0.007546391,0.0073665883,0.7537683,-11.6858,-9.589387,-0.73279333
368923.0,1,1,0.6572453,0.007867657,0.006994244,0.7536032,-11.6858,-9.589387,-0.73279333
368924.0,1,1,0.6574199,0.008256143,0.0066833487,0.75344956,-11.6858,-9.589387,-0.73279333
368925.0,1,1,0.6576241,0.008698181,0.0064356024,0.75326854,-11.6858,-9.589387,-0.73279333
368926.0,1,1,0.6578143,0.009089591,0.006100272,0.75310063,-11.6858,-9.589387,-0.73279333
368927.0,1,1,0.6579683,0.009401686,0.0056739943,0.7529655,-11.6858,-9.589387,-0.73279333
368928.0,1,1,0.6580898,0.0097185895,0.0052510193,0.75285834,-11.6858,-9.589387,-0.73279333
368929.0,1,1,0.658199,0.010021273,0.004883452,0.75276154,-11.6858,-9.589387,-0.73279333
368930.0,1,1,0.6583147,0.010232207,0.0045871353,0.7526593,-11.6858,-9.589387,-0.73279333
368931.0,1,1,0.6584255,0.010387233,0.004305744,0.752562,-11.6858,-9.589387,-0.73279333
368932.0,1,1,0.65853846,0.010584268,0.0040223333,0.7524619,-11.6858,-9.589387,-0.73279333
368933.0,1,1,0.6586809,0.010828763,0.0037286023,0.7523352,-11.6858,-9.589387,-0.73279333
368934.0,1,1,0.65884155,0.011151653,0.0034273912,0.75219125,-11.6858,-9.589387,-0.73279333
368935.0,1,1,0.65901744,0.011627316,0.0031329244,0.7520313,-11.6858,-9.589387,-0.73279333
368936.0,1,1,0.6591958,0.012242222,0.0027461918,0.75186664,-11.6858,-9.589387,-0.73279333
368937.0,1,1,0.65937805,0.012958312,0.0023626504,0.7516962,-11.6858,-9.589387,-0.73279333
368938.0,1,1,0.65955406,0.013714531,0.002056829,0.7515293,-11.6858,-9.589387,-0.73279333
368939.0,1,1,0.6597191,0.014437914,0.0017901545,0.75137144,-11.6858,-9.589387,-0.73279333
368940.0,1,1,0.6598623,0.01513157,0.0015458013,0.7512326,-11.6858,-9.589387,-0.73279333
368941.0,1,1,0.65998816,0.015800845,0.001328696,0.75110865,-11.6858,-9.589387,-0.73279333
368942.0,1,1,0.66009694,0.016450321,0.001090752,0.75099945,-11.6858,-9.589387,-0.73279333
368943.0,1,1,0.660182,0.017100954,0.0008037231,0.7509105,-11.6858,-9.589387,-0.73279333
368944.0,1,1,0.66024286,0.01776822,0.00046270314,0.75084186,-11.6858,-9.589387,-0.73279333
368945.0,1,1,0.6602846,0.01839869,0.000104069004,0.7507901,-11.6858,-9.589387,-0.73279333
368946.0,1,1,0.66031605,0.018989418,-0.00025390554,0.7507477,-11.6858,-9.589387,-0.73279333
368947.0,1,1,0.66032964,0.019659651,-0.0006815671,0.7507181,-11.6858,-9.589387,-0.73279333
368948.0,1,1,0.66034484,0.020386446,-0.001142731,0.750685,-11.6858,-9.589387,-0.73279333
368949.0,1,1,0.6603848,0.02107928,-0.0015852491,0.7506298,-11.6858,-9.589387,-0.73279333
368950.0,1,1,0.66046596,0.021690685,-0.0019965202,0.75053996,-11.6858,-9.589387,-0.73279333
368951.0,1,1,0.6605715,0.0223733,-0.0025415584,0.7504254,-11.6858,-9.589387,-0.73279333
368952.0,1,1,0.6606995,0.023327842,-0.0033010282,0.7502806,-11.6858,-9.589387,-0.73279333
368953.0,1,1,0.6608517,0.02461239,-0.0044226437,0.7500998,-11.6858,-9.589387,-0.73279333
368954.0,1,1,0.66102463,0.026074223,-0.00584999,0.7498882,-11.6858,-9.589387,-0.73279333
368955.0,1,1,0.66119885,0.027570525,-0.007292184,0.7496684,-11.6858,-9.589387,-0.73279333
368956.0,1,1,0.66135603,0.02908675,-0.008785451,0.7494565,-11.6858,-9.589387,-0.73279333
368957.0,1,1,0.66152805,0.030584073,-0.01033935,0.74922526,-11.6858,-9.589387,-0.73279333
368958.0,1,1,0.6617239,0.032053992,-0.011868057,0.74896806,-11.6858,-9.589387,-0.73279333
368959.0,1,1,0.6618557,0.033509426,-0.013388936,0.74876225,-11.6858,-9.589387,-0.73279333
368960.0,1,1,0.66191155,0.03508516,-0.015052517,0.7486091,-11.6858,-9.589387,-0.73279333
368961.0,1,1,0.66189474,0.03684855,-0.01693815,0.7484989,-11.6858,-9.589387,-0.73279333
368962.0,1,1,0.6618276,0.0386947,-0.018948095,0.748417,-11.6858,-9.589387,-0.73279333
368963.0,1,1,0.6617154,0.04059961,-0.02106061,0.7483588,-11.6858,-9.589387,-0.73279333
368964.0,1,1,0.6615679,0.04250061,-0.023195667,0.7483205,-11.6858,-9.589387,-0.73279333
368965.0,0,0,0.6613538,0.044720467,-0.025815066,0.7482946,-11.685803,-9.589406,-0.73278123
368966.0,0,0,0.66107315,0.04705724,-0.028552048,0.74829984,-11.685813,-9.58945,-0.7327605
368967.0,0,0,0.66071194,0.04948663,-0.031475864,0.7483449,-11.685827,-9.589533,-0.73273355
368968.0,0,0,0.66023594,0.05221637,-0.034714013,0.74843633,-11.685844,-9.589661,-0.73270303
368969.0,0,0,0.65975064,0.055015624,-0.03804157,0.74850196,-11.685866,-9.589848,-0.7326736
368970.0,0,0,0.6592448,0.058091477,-0.04179838,0.7485149,-11.685901,-9.590135,-0.7326522
368971.0,0,0,0.6586896,0.061749786,-0.046288326,0.7484466,-11.685955,-9.590564,-0.73264456
368972.0,0,0,0.6581491,0.065942734,-0.051576454,0.7482187,-11.686034,-9.591168,-0.73265564
368973.0,0,0,0.6575246,0.07085818,-0.058097962,0.74784034,-11.6861515,-9.59199,-0.7326865
368974.0,0,0,0.6567289,0.07656982,-0.06633917,0.74729055,-11.686326,-9.593066,-0.7327105
368975.0,0,0,0.65558994,0.08343769,-0.07671802,0.7465617,-11.68656,-9.594375,-0.7326761
368976.0,0,0,0.654034,0.0914594,-0.08862359,0.74566793,-11.686847,-9.595879,-0.7325615
368977.0,0,0,0.65220463,0.09969227,-0.10200895,0.7445031,-11.687225,-9.597764,-0.73237044
368978.0,0,0,0.6496119,0.10976475,-0.11963863,0.74272656,-11.687762,-9.600254,-0.7320787
368979.0,0,0,0.6461814,0.121925995,-0.14129134,0.7400138,-11.688511,-9.603276,-0.7316595
368980.0,0,0,0.6435228,0.1334281,-0.16515899,0.7353897,-11.689491,-9.606733,-0.73112154
368981.0,0,0,0.6401788,0.1459798,-0.193061,0.7291011,-11.6906805,-9.610779,-0.73051184
368982.0,0,0,0.6350731,0.16079326,-0.2240687,0.7215406,-11.692022,-9.615516,-0.7299466
368983.0,0,0,0.6288327,0.17642309,-0.25751433,0.712131,-11.693468,-9.620896,-0.72957814
368984.0,0,0,0.6222134,0.19291677,-0.2930137,0.69984037,-11.694958,-9.626774,-0.72954583
368985.0,0,0,0.6147775,0.21064758,-0.3293223,0.68499863,-11.696355,-9.633018,-0.7299619
368986.0,0,0,0.60587496,0.23100244,-0.36564833,0.6677236,-11.697478,-9.639548,-0.73089355
368987.0,0,0,0.5943363,0.25416413,-0.40117168,0.6490195,-11.698465,-9.646298,-0.7322266
368988.0,0,0,0.5818077,0.27477586,-0.43332887,0.63105005,-11.699673,-9.653221,-0.7331638
368989.0,0,0,0.5762667,0.28690946,-0.45458585,0.61559033,-11.701171,-9.660656,-0.73245734
368990.0,0,0,0.57708454,0.29447943,-0.4619708,0.6056718,-11.702796,-9.669272,-0.7297882
368991.0,0,0,0.5805928,0.29962397,-0.46125385,0.6003186,-11.704398,-9.679371,-0.72610456
368992.0,0,0,0.5854207,0.30220848,-0.45945346,0.5956972,-11.70592,-9.690877,-0.7225518
368993.0,0,0,0.58938074,0.30437472,-0.45789143,0.59187984,-11.707353,-9.703501,-0.7195431
368994.0,0,0,0.5939273,0.30532238,-0.45414948,0.58972615,-11.7086935,-9.717074,-0.71687335
368995.0,0,0,0.59918416,0.30504042,-0.44817856,0.5891219,-11.709909,-9.731341,-0.7144132
368996.0,0,0,0.604075,0.30440313,-0.44166595,0.5893753,-11.710988,-9.746189,-0.71225756
368997.0,0,0,0.60850304,0.30366504,-0.43542847,0.5898421,-11.711935,-9.761459,-0.7105619
368998.0,0,0,0.61259973,0.3027853,-0.42940658,0.5904681,-11.712776,-9.777093,-0.7093595
368999.0,0,0,0.61653066,0.30159172,-0.42343128,0.5913023,-11.713544,-9.7931,-0.7085877
369000.0,0,0,0.62054807,0.2999063,-0.41738236,0.5922569,-11.714266,-9.809489,-0.70817494
369001.0,0,0,0.6247003,0.29771486,-0.41128427,0.5932627,-11.714962,-9.826157,-0.7080723
369002.0,0,0,0.6291027,0.29496893,-0.40496978,0.5943254,-11.715658,-9.843268,-0.7082417
369003.0,0,0,0.6337989,0.29167804,-0.3982443,0.59550345,-11.716365,-9.860768,-0.70864534
369004.0,0,0,0.6387541,0.28792393,-0.39097863,0.59684896,-11.717085,-9.878623,-0.7092425
369005.0,0,0,0.6439718,0.2837422,-0.38299748,0.5984176,-11.717821,-9.8969145,-0.7099983
369006.0,0,0,0.6493791,0.2792287,-0.37423,0.6002417,-11.718567,-9.915545,-0.7108766
369007.0,0,0,0.6549143,0.27445424,-0.36460987,0.6023469,-11.71932,-9.934557,-0.7118575
369008.0,0,0,0.6605257,0.2694832,-0.35414955,0.60470057,-11.720075,-9.953906,-0.71292555
369009.0,0,0,0.6661808,0.26434505,-0.34290218,0.60724205,-11.720825,-9.97357,-0.71407354
369010.0,0,0,0.67182696,0.25909883,-0.3310069,0.6098778,-11.721572,-9.993526,-0.7153004
369011.0,0,0,0.6774182,0.25378495,-0.31861076,0.61252356,-11.722316,-10.013767,-0.716604
369012.0,0,0,0.6829341,0.248426,-0.30581802,0.61511046,-11.723057,-10.034261,-0.7179712
369013.0,0,0,0.68839717,0.24298137,-0.2926529,0.6175951,-11.723794,-10.055042,-0.7193828
369014.0,0,0,0.69383854,0.23736906,-0.27915838,0.61993116,-11.724518,-10.076026,-0.7208087
369015.0,0,0,0.6993078,0.2314573,-0.26531845,0.62209517,-11.72522,-10.097236,-0.72223413
369016.0,0,0,0.704772,0.22521575,-0.25118965,0.62408185,-11.725885,-10.118663,-0.7236557
369017.0,0,0,0.71017253,0.21867055,-0.23691165,0.6258682,-11.726497,-10.140227,-0.725076
369018.0,0,0,0.7154908,0.21183974,-0.22253683,0.6274347,-11.727036,-10.161947,-0.72650945
369019.0,0,0,0.7207026,0.20466502,-0.2082548,0.6287527,-11.727484,-10.183797,-0.72797376
369020.0,0,0,0.7257501,0.19698444,-0.19441326,0.62983125,-11.727819,-10.205739,-0.7294881
369021.0,0,0,0.7305606,0.18871565,-0.18127562,0.6307193,-11.7280245,-10.227868,-0.73107123
369022.0,0,0,0.7350204,0.17991398,-0.16908747,0.63149464,-11.728079,-10.250017,-0.7327054
369023.0,0,0,0.7391026,0.17048444,-0.1577089,0.6322897,-11.72796,-10.272345,-0.73438126
369024.0,0,0,0.7427114,0.16049568,-0.14701498,0.6332516,-11.727643,-10.294779,-0.7360659
369025.0,0,0,0.74577653,0.15001233,-0.13686576,0.63449305,-11.727113,-10.317362,-0.73773354
369026.0,0,0,0.748272,0.13910685,-0.12713471,0.6360622,-11.726364,-10.340104,-0.7393538
369027.0,0,0,0.75017226,0.12790549,-0.11774081,0.63798034,-11.725407,-10.362924,-0.7408848
369028.0,0,0,0.7514778,0.11641781,-0.10851165,0.64027596,-11.724247,-10.385913,-0.7422908
369029.0,0,0,0.75221014,0.104684986,-0.0992843,0.64293355,-11.722903,-10.409004,-0.7435253
369030.0,0,0,0.7524127,0.092733234,-0.08989671,0.645906,-11.721393,-10.432168,-0.7445527
369031.0,0,0,0.7521385,0.08059161,-0.08024296,0.64911765,-11.719738,-10.455372,-0.7453501
369032.0,0,0,0.75143963,0.068266645,-0.07029374,0.6524852,-11.717963,-10.478606,-0.74590963
369033.0,0,0,0.7503727,0.055755585,-0.06005457,0.65591586,-11.716095,-10.501851,-0.74623364
369034.0,0,0,0.74898887,0.04310497,-0.049573287,0.6593179,-11.71416,-10.525093,-0.7463312
369035.0,0,0,0.7473402,0.030405965,-0.038921576,0.6626034,-11.712185,-10.548278,-0.7462161
369036.0,0,0,0.7454745,0.017720057,-0.028169828,0.6657027,-11.71019,-10.5714,-0.74590397
369037.0,0,0,0.7434344,0.005076744,-0.017357476,0.6685643,-11.708185,-10.594494,-0.7454077
369038.0,0,0,0.74125683,-0.0074140904,-0.006544834,0.67114866,-11.706189,-10.61748,-0.7447403
369039.0,0,0,0.73897505,-0.019732242,0.0042364574,0.67343044,-11.7042055,-10.640411,-0.743906
369040.0,0,0,0.7366328,-0.031797267,0.014883014,0.675381,-11.702248,-10.663211,-0.7429037
369041.0,0,0,0.73425514,-0.043635443,0.02541624,0.67699283,-11.70032,-10.685887,-0.74171627
369042.0,0,0,0.7318592,-0.055372465,0.03598832,0.67824847,-11.69841,-10.7085905,-0.7403084
369043.0,0,0,0.7295102,-0.06688237,0.046510663,0.67910117,-11.696545,-10.730942,-0.7386828
369044.0,0,0,0.72718954,-0.07832957,0.057158995,0.6795532,-11.694694,-10.7532,-0.73680323
369045.0,0,0,0.72490317,-0.08968254,0.06787175,0.67960703,-11.692851,-10.775274,-0.7346624
369046.0,0,0,0.72263765,-0.100949235,0.078578666,0.67928594,-11.691006,-10.7971115,-0.7322534
369047.0,0,0,0.72034335,-0.112217166,0.089219324,0.67864037,-11.689145,-10.818681,-0.7295679
369048.0,0,0,0.7179633,-0.12359049,0.09977932,0.6777155,-11.687254,-10.839976,-0.72659475
369049.0,0,0,0.7154488,-0.13512342,0.11022266,0.6765542,-11.685325,-10.860947,-0.7233313
369050.0,0,0,0.7127468,-0.14691612,0.120488964,0.67519623,-11.6833515,-10.881549,-0.7197766
369051.0,0,0,0.7097945,-0.15906781,0.130577,0.67367566,-11.681333,-10.901716,-0.71593744
369052.0,0,0,0.70652753,-0.17168616,0.14059553,0.67199373,-11.679263,-10.921375,-0.7118337
369053.0,0,0,0.7029022,-0.18476658,0.15064919,0.6701453,-11.677129,-10.940558,-0.70747983
369054.0,0,0,0.69893765,-0.19805221,0.1606349,0.66817504,-11.67494,-10.959126,-0.7029519
369055.0,0,0,0.69465095,-0.21136257,0.1705044,0.6661188,-11.672694,-10.977124,-0.69830096
369056.0,0,0,0.6900994,-0.22447467,0.18015742,0.6640159,-11.670401,-10.994556,-0.69360065
369057.0,0,0,0.6854043,-0.23714593,0.189492,0.6618728,-11.668075,-11.0113735,-0.6889504
369058.0,0,0,0.680668,-0.24925715,0.19842698,0.6596884,-11.665719,-11.027618,-0.6844302
369059.0,0,0,0.67600745,-0.26062185,0.20676899,0.65752316,-11.663351,-11.043246,-0.68014187
369060.0,0,0,0.67149085,-0.27118042,0.21437377,0.6554428,-11.6609745,-11.058291,-0.67615676
369061.0,0,0,0.6671816,-0.2809292,0.22117914,0.6534733,-11.658599,-11.072724,-0.6725527
369062.0,0,0,0.66313857,-0.28988093,0.22721523,0.6516055,-11.656227,-11.086543,-0.6693911
369063.0,0,0,0.6594305,-0.29801503,0.23251477,0.6498271,-11.653868,-11.099719,-0.6667353
369064.0,0,0,0.6561253,-0.3054246,0.23712139,0.64806545,-11.651532,-11.112264,-0.6646451
369065.0,0,0,0.65332526,-0.31217116,0.2409491,0.64626527,-11.649265,-11.124084,-0.6631974
369066.0,0,0,0.65105414,-0.3184217,0.24385129,0.6444166,-11.647082,-11.135265,-0.66244847
369067.0,0,0,0.64933515,-0.32416335,0.24570905,0.64258015,-11.645003,-11.145768,-0.6624631
369068.0,0,0,0.6481696,-0.32926583,0.24662744,0.6408083,-11.643012,-11.155604,-0.66329277
369069.0,0,0,0.64755857,-0.33344278,0.24676788,0.63921005,-11.641073,-11.164772,-0.66497
369070.0,0,0,0.64751107,-0.33631328,0.2462361,0.6379582,-11.639141,-11.173292,-0.66751385
369071.0,0,0,0.64799404,-0.33761957,0.2451759,0.63718563,-11.637169,-11.181185,-0.67093825
369072.0,0,0,0.6489456,-0.33724013,0.24377273,0.6369564,-11.635124,-11.188442,-0.67523396
369073.0,0,0,0.65032643,-0.3351277,0.24205256,0.637319,-11.632972,-11.195091,-0.6803881
369074.0,0,0,0.6524466,-0.33068568,0.23910572,0.6385835,-11.630713,-11.201228,-0.686468
369075.0,0,0,0.6557413,-0.3199967,0.23168457,0.6433722,-11.628478,-11.207317,-0.6934955
369076.0,0,0,0.65890783,-0.30945924,0.21953629,0.64952224,-11.626351,-11.213872,-0.7011287
369077.0,0,0,0.66224027,-0.29898494,0.2052447,0.6556832,-11.624207,-11.220703,-0.7089008
369078.0,0,0,0.66513467,-0.28855643,0.19433191,0.66073155,-11.62185,-11.22743,-0.71649194
369079.0,0,0,0.66775346,-0.2786395,0.1856085,0.66484207,-11.619064,-11.234124,-0.72366375
369080.0,0,0,0.6713174,-0.26339182,0.17648315,0.669934,-11.615629,-11.24102,-0.7304756
369081.0,0,0,0.67603195,-0.24108227,0.16744603,0.67588615,-11.611582,-11.248256,-0.7373756
369082.0,0,0,0.67943686,-0.21699972,0.15565151,0.68341,-11.607297,-11.255757,-0.7448071
369083.0,0,0,0.6804863,-0.19470891,0.13893108,0.69262177,-11.603137,-11.26321,-0.75280845
369084.0,0,0,0.6798445,-0.17481963,0.12000531,0.70203155,-11.59919,-11.270257,-0.76097673
369085.0,0,0,0.6783396,-0.15527523,0.10213213,0.7108545,-11.595485,-11.276575,-0.76869196
369086.0,0,0,0.67635006,-0.13699874,0.087263346,0.71844757,-11.592166,-11.281976,-0.7755833
369087.0,0,0,0.67459184,-0.12201572,0.07523045,0.7241398,-11.589468,-11.286388,-0.78161347
369088.0,0,0,0.67357737,-0.110991925,0.065716386,0.7277744,-11.587537,-11.289931,-0.78698206
369089.0,0,0,0.67329377,-0.10294945,0.057265025,0.7299299,-11.586355,-11.292857,-0.7918908
369090.0,0,0,0.6736656,-0.09649902,0.04914329,0.73105925,-11.585767,-11.295404,-0.7964531
369091.0,0,0,0.6745854,-0.09121999,0.041565076,0.7313589,-11.58554,-11.2976885,-0.80067694
369092.0,0,0,0.6757798,-0.08686992,0.03486393,0.73113596,-11.585433,-11.29975,-0.8045761
369093.0,0,0,0.67690843,-0.08314806,0.02887816,0.7307855,-11.585258,-11.301645,-0.80824655
369094.0,0,0,0.67765003,-0.07985679,0.02296189,0.73067504,-11.584899,-11.303441,-0.81180394
369095.0,0,0,0.6775938,-0.07714482,0.017602116,0.73116726,-11.58421,-11.305281,-0.8152666
369096.0,0,0,0.6763376,-0.07203176,0.012519559,0.73295444,-11.583052,-11.30719,-0.8185301
369097.0,0,0,0.67471856,-0.064836636,0.008926697,0.7351676,-11.581442,-11.308971,-0.8215568
369098.0,0,0,0.67334104,-0.05873292,0.0075716823,0.7369566,-11.579525,-11.3105,-0.8243729
369099.0,0,0,0.6721477,-0.052017357,0.0076831663,0.7385477,-11.577494,-11.311826,-0.82700115
369100.0,0,0,0.67107046,-0.044739038,0.008481825,0.7399938,-11.575545,-11.313021,-0.8294496
369101.0,0,0,0.6702753,-0.038762465,0.009585454,0.74103755,-11.57378,-11.314123,-0.83174855
369102.0,0,0,0.66964066,-0.033879407,0.010897399,0.74183214,-11.572173,-11.315151,-0.8339274
369103.0,0,0,0.6690171,-0.029342212,0.012364708,0.7425648,-11.570613,-11.316114,-0.8360111
369104.0,0,0,0.66837806,-0.024934096,0.014209354,0.7432679,-11.569003,-11.317014,-0.83801454
369105.0,0,0,0.66772795,-0.020499842,0.016431522,0.7439416,-11.567365,-11.317843,-0.8399203
369106.0,0,0,0.66716266,-0.016466482,0.01883858,0.74449176,-11.565769,-11.318634,-0.84175134
369107.0,0,0,0.6667746,-0.013049075,0.020734107,0.7448567,-11.564324,-11.319433,-0.8434838
369108.0,0,0,0.6666481,-0.010188986,0.021601876,0.7449898,-11.563098,-11.32024,-0.8450671
369109.0,0,0,0.6666461,-0.008398101,0.02183965,0.7450071,-11.562045,-11.321007,-0.84649795
369110.0,0,0,0.66669077,-0.007547771,0.022175502,0.74496627,-11.561054,-11.3217125,-0.84782594
369111.0,0,0,0.66672885,-0.0067248275,0.022664372,0.7449253,-11.5600395,-11.322389,-0.8491117
369112.0,0,0,0.66675806,-0.0055985246,0.023028752,0.7448973,-11.558995,-11.3230715,-0.85038275
369113.0,0,0,0.6668012,-0.0045757685,0.023125295,0.74486274,-11.55796,-11.323764,-0.8516319
369114.0,0,0,0.66687506,-0.0038677293,0.023066472,0.7448025,-11.556955,-11.324447,-0.8528435
369115.0,0,0,0.66693944,-0.0034121843,0.023025889,0.74474835,-11.555972,-11.325108,-0.854015
369116.0,0,1,0.6669945,-0.0027905758,0.022876862,0.74470615,-11.554996,-11.325754,-0.85515773
369117.0,0,1,0.66705,-0.002397682,0.022715999,0.7446627,-11.554019,-11.3264,-0.85628444
369118.0,0,0,0.6670969,-0.0020497623,0.02245802,0.74462956,-11.55304,-11.32705,-0.8574004
369119.0,0,0,0.66712224,-0.0016892884,0.022185836,0.744616,-11.552055,-11.3277,-0.85850304
369120.0,0,0,0.66714144,-0.0013197376,0.021927178,0.7446072,-11.551065,-11.328341,-0.8595891
369121.0,0,0,0.6671676,-0.0010705525,0.02172241,0.7445901,-11.550074,-11.328967,-0.86065364
369122.0,0,0,0.66718763,-0.0009107863,0.021569274,0.7445769,-11.549079,-11.329581,-0.86169946
369123.0,0,1,0.66720647,-0.000741817,0.021319283,0.74456733,-11.548083,-11.33019,-0.86273015
369124.0,0,1,0.66723025,-0.00063765334,0.021113748,0.744552,-11.547082,-11.330799,-0.8637536
369125.0,0,1,0.6672809,-0.00050282356,0.020909848,0.7445125,-11.546078,-11.33141,-0.8647684
369126.0,0,1,0.6673602,-0.0003097581,0.0206608,0.7444484,-11.545069,-11.332024,-0.8657769
369127.0,0,1,0.6675002,-0.000119259974,0.020354815,0.7443314,-11.544053,-11.332637,-0.8667804
369128.0,0,1,0.66767293,6.237717e-05,0.020023754,0.7441855,-11.543027,-11.333251,-0.8677823
369129.0,0,1,0.6678621,0.00023092811,0.019686058,0.7440245,-11.542001,-11.333859,-0.8687707
369130.0,0,1,0.6680622,0.00041554967,0.01937012,0.7438532,-11.54096,-11.33447,-0.86975765
369131.0,0,1,0.66827214,0.0006022481,0.01909501,0.7436716,-11.53991,-11.335079,-0.87073934
369132.0,0,1,0.6684883,0.0008144249,0.018825924,0.74348396,-11.538851,-11.335688,-0.8717149
369133.0,0,1,0.66870934,0.0010709494,0.018558495,0.7432916,-11.537776,-11.336296,-0.87268776
369134.0,0,1,0.66894245,0.0013571319,0.018334474,0.74308693,-11.536686,-11.336905,-0.87365896
369135.0,0,1,0.6691997,0.0016805273,0.01822272,0.7428572,-11.535586,-11.337513,-0.8746273
369136.0,0,1,0.6694858,0.002049303,0.01824521,0.742598,-11.534477,-11.338128,-0.8755975
369137.0,0,1,0.66979855,0.0023483555,0.018378085,0.74231184,-11.5333605,-11.3387575,-0.8765721
369138.0,0,1,0.67011,0.0025893264,0.018497316,0.74202675,-11.532231,-11.339409,-0.87755525
369139.0,0,1,0.6704077,0.003109856,0.01843062,0.7417576,-11.53109,-11.340078,-0.87854415
369140.0,0,1,0.67072517,0.003909106,0.018192392,0.7414726,-11.529938,-11.340752,-0.8795321
369141.0,0,1,0.6710445,0.004817645,0.017875893,0.7411859,-11.528774,-11.341421,-0.88051677
369142.0,1,1,0.67135036,0.0057293256,0.017577952,0.74090946,-11.549079,-11.329581,-0.86169946
369143.0,1,1,0.67164034,0.0066584502,0.017377432,0.7406436,-11.549079,-11.329581,-0.86169946
369144.0,1,1,0.671929,0.007668983,0.017221043,0.74037564,-11.549079,-11.329581,-0.86169946
369145.0,1,1,0.6722137,0.008764319,0.017036526,0.74010926,-11.549079,-11.329581,-0.86169946
369146.0,1,1,0.6724808,0.00999507,0.016753444,0.73985744,-11.549079,-11.329581,-0.86169946
369147.0,1,1,0.6727408,0.011320194,0.016384711,0.73961025,-11.549079,-11.329581,-0.86169946
369148.0,1,1,0.6729973,0.012677929,0.015993135,0.7393633,-11.549079,-11.329581,-0.86169946
369149.0,1,1,0.67325085,0.014052361,0.015633406,0.7391153,-11.549079,-11.329581,-0.86169946
369150.0,1,1,0.67349815,0.015456976,0.015296452,0.738869,-11.549079,-11.329581,-0.86169946
369151.0,1,1,0.6737377,0.016866187,0.01487913,0.7386282,-11.549079,-11.329581,-0.86169946
369152.0,1,1,0.67398214,0.018199012,0.014382816,0.7383835,-11.549079,-11.329581,-0.86169946
369153.0,1,1,0.674206,0.019489743,0.013744076,0.73815817,-11.549079,-11.329581,-0.86169946
369154.0,1,1,0.6744087,0.020686688,0.013034062,0.7379534,-11.549079,-11.329581,-0.86169946
369155.0,1,1,0.6745779,0.021762779,0.012326712,0.7377798,-11.549079,-11.329581,-0.86169946
369156.0,1,1,0.674728,0.022752285,0.011600563,0.7376245,-11.549079,-11.329581,-0.86169946
369157.0,1,1,0.6748562,0.023606963,0.01082827,0.737492,-11.549079,-11.329581,-0.86169946
369158.0,1,1,0.6749589,0.02437527,0.010033595,0.7373843,-11.549079,-11.329581,-0.86169946
369159.0,1,1,0.6750443,0.025051106,0.009276266,0.7372935,-11.549079,-11.329581,-0.86169946
369160.0,1,1,0.6751143,0.025643362,0.008592493,0.73721725,-11.549079,-11.329581,-0.86169946
369161.0,1,1,0.6751709,0.026138045,0.007978877,0.737155,-11.549079,-11.329581,-0.86169946
369162.0,1,1,0.67521316,0.026525456,0.007390031,0.7371085,-11.549079,-11.329581,-0.86169946
369163.0,1,1,0.675239,0.026838526,0.0068279095,0.7370791,-11.549079,-11.329581,-0.86169946
369164.0,1,1,0.6752565,0.027099319,0.0062896274,0.7370582,-11.549079,-11.329581,-0.86169946
369165.0,1,1,0.6752684,0.027295325,0.0057576625,0.73704433,-11.549079,-11.329581,-0.86169946
369166.0,1,1,0.67527413,0.027406655,0.0052304077,0.73703897,-11.549079,-11.329581,-0.86169946
369167.0,1,1,0.6752834,0.027494371,0.0046464796,0.73703104,-11.549079,-11.329581,-0.86169946
369168.0,1,1,0.6753104,0.027585663,0.00402005,0.7370068,-11.549079,-11.329581,-0.86169946
369169.0,1,1,0.6753497,0.027689511,0.0033499866,0.73697007,-11.549079,-11.329581,-0.86169946
369170.0,1,1,0.67540044,0.027851986,0.0026082944,0.7369204,-11.549079,-11.329581,-0.86169946
369171.0,1,1,0.6754704,0.028102579,0.0017220045,0.7368495,-11.549079,-11.329581,-0.86169946
369172.0,1,1,0.67556584,0.028392004,0.00075294526,0.73675245,-11.549079,-11.329581,-0.86169946
369173.0,1,1,0.6756861,0.028720357,-0.00023365782,0.7366297,-11.549079,-11.329581,-0.86169946
369174.0,1,1,0.6758408,0.029163348,-0.001304068,0.7364694,-11.549079,-11.329581,-0.86169946
369175.0,1,1,0.67601776,0.029735457,-0.0024755525,0.7362809,-11.549079,-11.329581,-0.86169946
369176.0,1,1,0.67620224,0.030442694,-0.0037846211,0.7360772,-11.549079,-11.329581,-0.86169946
369177.0,1,1,0.6763794,0.031325065,-0.0052174837,0.73586845,-11.549079,-11.329581,-0.86169946
369178.0,1,1,0.6765193,0.032432288,-0.0068819635,0.7356782,-11.549079,-11.329581,-0.86169946
369179.0,1,1,0.67661667,0.033751246,-0.008702725,0.73551005,-11.549079,-11.329581,-0.86169946
369180.0,1,1,0.67668283,0.035201702,-0.010595547,0.7353564,-11.549079,-11.329581,-0.86169946
369181.0,1,1,0.6767159,0.036735605,-0.012471791,0.73522145,-11.549079,-11.329581,-0.86169946
369182.0,1,1,0.6767134,0.038315315,-0.014284887,0.7351102,-11.549079,-11.329581,-0.86169946
369183.0,1,1,0.6766595,0.039958723,-0.016162682,0.7350332,-11.549079,-11.329581,-0.86169946
369184.0,1,1,0.67656827,0.041757073,-0.01814902,0.73497105,-11.549079,-11.329581,-0.86169946
369185.0,1,1,0.6764743,0.043602336,-0.020219516,0.73489624,-11.549079,-11.329581,-0.86169946
369186.0,1,1,0.676382,0.045369126,-0.022313938,0.7348137,-11.549079,-11.329581,-0.86169946
369187.0,1,1,0.67626095,0.047090396,-0.024484426,0.73474777,-11.549079,-11.329581,-0.86169946
369188.0,1,1,0.67610943,0.04851961,-0.026443226,0.7347262,-11.549079,-11.329581,-0.86169946
369189.0,1,1,0.6758788,0.049847342,-0.02832708,0.73477936,-11.549079,-11.329581,-0.86169946
369190.0,1,1,0.6755786,0.051083732,-0.030078977,0.7349009,-11.549079,-11.329581,-0.86169946
369191.0,0,0,0.67520964,0.053117663,-0.03282719,0.73497826,-11.549087,-11.329648,-0.861695
369192.0,0,0,0.6748866,0.05550065,-0.03597626,0.7349514,-11.549105,-11.32982,-0.8616907
369193.0,0,0,0.67458415,0.058650617,-0.03993209,0.73478,-11.549137,-11.330163,-0.8616982
369194.0,0,0,0.67421365,0.06292875,-0.045177277,0.73446244,-11.5492,-11.330786,-0.8617385
369195.0,0,0,0.6737309,0.068670504,-0.052484773,0.7339049,-11.549312,-11.331801,-0.8618305
369196.0,0,0,0.6727635,0.076470815,-0.062835306,0.7332074,-11.549459,-11.333143,-0.8619161
369197.0,0,0,0.6714403,0.08559958,-0.07438994,0.7323298,-11.549637,-11.3346615,-0.8619175
369198.0,0,0,0.6703384,0.09426608,-0.08725098,0.730854,-11.549848,-11.336538,-0.86183184
369199.0,0,0,0.66786456,0.10680556,-0.104808696,0.7290847,-11.550097,-11.339008,-0.86163217
369200.0,0,0,0.663619,0.12303449,-0.12567396,0.7271028,-11.550525,-11.341899,-0.86126137
369201.0,0,0,0.6607786,0.13490058,-0.14769977,0.72343504,-11.551186,-11.345161,-0.86071926
369202.0,0,0,0.657349,0.14871469,-0.17310648,0.7181995,-11.5519495,-11.349097,-0.8600781
369203.0,0,0,0.6516942,0.16714785,-0.20145679,0.71187884,-11.552724,-11.353796,-0.85947573
369204.0,0,0,0.64529026,0.18630774,-0.23209654,0.7035773,-11.553479,-11.359132,-0.8590658
369205.0,0,0,0.6378971,0.20679004,-0.26437187,0.69313264,-11.5542,-11.36496,-0.8589736
369206.0,0,0,0.6297239,0.22849241,-0.29756752,0.68021506,-11.554833,-11.371194,-0.8593067
369207.0,0,0,0.61996204,0.25237885,-0.3309716,0.6651389,-11.555308,-11.377764,-0.8601515
369208.0,0,0,0.60791,0.27866125,-0.36470798,0.6479054,-11.555719,-11.384667,-0.86151403
369209.0,0,0,0.59409994,0.3041662,-0.39753032,0.6296808,-11.556231,-11.391827,-0.8629667
369210.0,0,0,0.5830765,0.32318404,-0.42265594,0.6139509,-11.556837,-11.399359,-0.8634694
369211.0,0,0,0.5779324,0.334585,-0.43728474,0.6023529,-11.557452,-11.407884,-0.862222
369212.0,0,0,0.577862,0.3396949,-0.44282946,0.59547037,-11.55798,-11.417819,-0.85942966
369213.0,0,0,0.58157986,0.33997273,-0.44247115,0.5919483,-11.558337,-11.429293,-0.8559374
369214.0,0,0,0.58645093,0.3381818,-0.43939254,0.5904597,-11.558497,-11.442064,-0.85251576
369215.0,0,0,0.59139746,0.33539572,-0.4349175,0.5904283,-11.55849,-11.455909,-0.8494192
369216.0,0,0,0.59679794,0.33140177,-0.4287681,0.5917458,-11.558341,-11.470547,-0.8466164
369217.0,0,0,0.6023368,0.32673538,-0.42111212,0.59422123,-11.558059,-11.485773,-0.84407437
369218.0,0,0,0.60756904,0.32209668,-0.41272295,0.59730506,-11.557656,-11.501407,-0.8418654
369219.0,0,0,0.6123619,0.3177826,-0.40434533,0.6004431,-11.55716,-11.5173645,-0.84007734
369220.0,0,0,0.61666554,0.31388995,-0.39624086,0.6034816,-11.556597,-11.533575,-0.83873993
369221.0,0,0,0.6206192,0.31032273,-0.38823795,0.60646766,-11.555983,-11.550077,-0.8378133
369222.0,0,0,0.62442124,0.30691132,-0.38018644,0.6093946,-11.55533,-11.566822,-0.8372431
369223.0,0,0,0.6281844,0.30354553,-0.3720173,0.6122481,-11.554648,-11.58383,-0.8369833
369224.0,0,0,0.6319544,0.30017313,-0.3637275,0.6150058,-11.553944,-11.6011,-0.8370032
369225.0,0,0,0.6357719,0.29672703,-0.35528404,0.61767346,-11.553224,-11.618629,-0.83727145
369226.0,0,0,0.6397153,0.29309514,-0.34658366,0.6202737,-11.552491,-11.636435,-0.8377499
369227.0,0,0,0.6438442,0.2891591,-0.3375461,0.62282765,-11.551746,-11.6545315,-0.83839613
369228.0,0,0,0.6481703,0.2848406,-0.3281468,0.62534857,-11.550987,-11.672857,-0.83916783
369229.0,0,0,0.6527065,0.2800992,-0.31829214,0.6278604,-11.550203,-11.691502,-0.84003943
369230.0,0,0,0.65741175,0.2749624,-0.30801255,0.6303441,-11.549388,-11.710442,-0.84099084
369231.0,0,0,0.662205,0.26946172,-0.2974176,0.6327857,-11.548539,-11.729542,-0.8420006
369232.0,0,0,0.6670966,0.263526,-0.28641066,0.63522047,-11.547642,-11.748951,-0.84306586
369233.0,0,0,0.67200774,0.2572125,-0.2750437,0.6376506,-11.54669,-11.76858,-0.8441762
369234.0,0,0,0.6769028,0.25053138,-0.26334295,0.64006823,-11.545673,-11.788439,-0.8453342
369235.0,0,0,0.6817292,0.24354467,-0.251423,0.64243114,-11.544592,-11.808426,-0.8465437
369236.0,0,0,0.6864435,0.23633869,-0.23940815,0.64468837,-11.543442,-11.828566,-0.8478202
369237.0,0,0,0.69101125,0.22895357,-0.22746982,0.646793,-11.542225,-11.848885,-0.84917396
369238.0,0,0,0.6954088,0.22140954,-0.21577992,0.6487091,-11.54095,-11.869304,-0.8505966
369239.0,0,0,0.6996529,0.21368313,-0.20435359,0.6504345,-11.539616,-11.889857,-0.85207933
369240.0,0,0,0.70374554,0.20578003,-0.19324042,0.6519623,-11.538225,-11.910476,-0.8536015
369241.0,0,0,0.7077253,0.1975968,-0.18238762,0.6533109,-11.536769,-11.931245,-0.8551513
369242.0,0,0,0.7115578,0.18914373,-0.17182983,0.654511,-11.535247,-11.952083,-0.85670334
369243.0,0,0,0.71522015,0.18042663,-0.16153808,0.65560037,-11.533649,-11.973008,-0.8582415
369244.0,0,0,0.71867794,0.17145386,-0.15151012,0.6566204,-11.531971,-11.994024,-0.8597501
369245.0,0,0,0.72189194,0.16222127,-0.14174797,0.65761983,-11.530201,-12.015153,-0.86121476
369246.0,0,0,0.7248103,0.15276644,-0.13224544,0.6586529,-11.528336,-12.036346,-0.86261314
369247.0,0,0,0.7274068,0.14307493,-0.12290233,0.6597757,-11.526358,-12.057679,-0.86392885
369248.0,0,0,0.72964406,0.13320984,-0.11369181,0.661021,-11.524267,-12.079059,-0.865136
369249.0,0,0,0.7315077,0.12317747,-0.10456143,0.66241276,-11.5220585,-12.1005,-0.86621857
369250.0,0,0,0.732994,0.1129757,-0.09548336,0.6639573,-11.51973,-12.122004,-0.867161
369251.0,0,0,0.7341221,0.10251809,-0.086370304,0.6656538,-11.517272,-12.143662,-0.8679507
369252.0,0,0,0.734889,0.09195147,-0.07732906,0.6674603,-11.514728,-12.165158,-0.86856353
369253.0,0,0,0.7353239,0.08113842,-0.06826936,0.66936874,-11.512076,-12.186744,-0.8689926
369254.0,0,0,0.73545414,0.07004187,-0.059178118,0.6713415,-11.509328,-12.20841,-0.8692213
369255.0,0,0,0.7353127,0.05869145,-0.050109714,0.67331976,-11.5065155,-12.23,-0.86923563
369256.0,0,0,0.7349239,0.04703009,-0.04102886,0.6752716,-11.503646,-12.251557,-0.86902755
369257.0,0,0,0.7343141,0.035040822,-0.03189982,0.67715394,-11.500726,-12.273103,-0.8685938
369258.0,0,0,0.7334899,0.022830766,-0.02274543,0.6789359,-11.49777,-12.294558,-0.86794
369259.0,0,0,0.73245275,0.010461744,-0.013559127,0.6806024,-11.49478,-12.315949,-0.86707175
369260.0,0,0,0.73120445,-0.001994493,-0.004363501,0.6821415,-11.491758,-12.337256,-0.86599475
369261.0,0,0,0.7297496,-0.014453825,0.0048326845,0.6835446,-11.488718,-12.358417,-0.864715
369262.0,0,0,0.7280885,-0.026930226,0.014075011,0.6848094,-11.485652,-12.379486,-0.863229
369263.0,0,0,0.726238,-0.039383892,0.023362692,0.68591654,-11.48257,-12.400419,-0.861539
369264.0,0,0,0.72422016,-0.051779408,0.03267708,0.6868452,-11.47948,-12.421178,-0.8596462
369265.0,0,0,0.72205347,-0.064186856,0.04203034,0.6875698,-11.476387,-12.441772,-0.8575439
369266.0,0,0,0.71976054,-0.0766155,0.05144061,0.6880616,-11.473301,-12.462156,-0.8552282
369267.0,0,0,0.71736455,-0.089103155,0.060907297,0.68828714,-11.470226,-12.482325,-0.85269254
369268.0,0,0,0.7148742,-0.10168044,0.07043795,0.6882256,-11.467166,-12.502258,-0.8499384
369269.0,0,0,0.71229714,-0.11429772,0.07995737,0.6878777,-11.464127,-12.521907,-0.84697866
369270.0,0,0,0.70963126,-0.12695575,0.089424945,0.6872474,-11.461098,-12.541318,-0.8438158
369271.0,0,0,0.7068689,-0.13960136,0.09877484,0.686361,-11.458079,-12.560465,-0.8404665
369272.0,0,0,0.7040135,-0.15215564,0.10791855,0.68524987,-11.455079,-12.579265,-0.8369589
369273.0,0,0,0.7010457,-0.16465926,0.11682731,0.68393975,-11.452084,-12.597784,-0.83329165
369274.0,0,0,0.69796497,-0.1770429,0.12539199,0.682479,-11.449107,-12.615928,-0.8294929
369275.0,0,0,0.6947539,-0.18937069,0.13361701,0.68088347,-11.446141,-12.633748,-0.82556003
369276.0,0,0,0.69142693,-0.20157716,0.14145465,0.6791805,-11.443212,-12.651066,-0.82154554
369277.0,0,0,0.68795943,-0.21377057,0.14901663,0.6773536,-11.440288,-12.668012,-0.81743366
369278.0,0,0,0.6843864,-0.22581711,0.15624915,0.6754318,-11.437384,-12.684434,-0.81327885
369279.0,0,0,0.68070227,-0.23768862,0.16315375,0.673446,-11.434484,-12.700359,-0.80909556
369280.0,0,0,0.67689484,-0.24933861,0.16976246,0.6714345,-11.431573,-12.715781,-0.804915
369281.0,0,0,0.67297757,-0.26073757,0.17609552,0.6694083,-11.4286585,-12.73059,-0.8008101
369282.0,0,0,0.6689263,-0.27195108,0.18219033,0.66737306,-11.425721,-12.744813,-0.7968302
369283.0,0,0,0.6647254,-0.28299266,0.18796206,0.6653763,-11.422761,-12.758423,-0.7930514
369284.0,0,0,0.66039497,-0.2938303,0.19324647,0.6634742,-11.419783,-12.771418,-0.7895478
369285.0,0,0,0.6560027,-0.3043926,0.19790223,0.661695,-11.41679,-12.783842,-0.78637826
369286.0,0,0,0.65166306,-0.3145104,0.20179836,0.6600726,-11.413805,-12.79569,-0.78360933
369287.0,0,0,0.6474777,-0.3241308,0.20487604,0.6585876,-11.410845,-12.806986,-0.78129745
369288.0,0,0,0.64355856,-0.3332282,0.20713454,0.6571808,-11.407937,-12.817701,-0.7795106
369289.0,0,0,0.6399904,-0.34182572,0.20869271,0.65575516,-11.405094,-12.827845,-0.7783105
369290.0,0,0,0.6368834,-0.349786,0.20960782,0.6542888,-11.402331,-12.837391,-0.77775735
369291.0,0,0,0.63432026,-0.35693762,0.209882,0.6528269,-11.399638,-12.84637,-0.77789974
369292.0,0,0,0.6323358,-0.36306873,0.209597,0.6514613,-11.396997,-12.854783,-0.7787803
369293.0,0,0,0.6309361,-0.36789933,0.20893255,0.65032065,-11.394388,-12.862596,-0.7804256
369294.0,0,0,0.630089,-0.3712683,0.20811623,0.64948857,-11.39176,-12.869841,-0.7828757
369295.0,0,0,0.62979376,-0.37302464,0.20733185,0.64901924,-11.389093,-12.876484,-0.78613454
369296.0,0,0,0.6305904,-0.37127203,0.20634045,0.6495664,-11.38636,-12.882614,-0.7902085
369297.0,0,0,0.6318045,-0.36799425,0.20497744,0.65068245,-11.383626,-12.888131,-0.7949715
369298.0,0,0,0.63338995,-0.36343077,0.2031886,0.6522651,-11.380842,-12.893103,-0.8004217
369299.0,0,0,0.6360093,-0.3566297,0.19999859,0.65445244,-11.378084,-12.897762,-0.8063927
369300.0,0,0,0.6386836,-0.34859926,0.19421056,0.65790886,-11.375477,-12.902755,-0.81240577
369301.0,0,0,0.6405918,-0.3405175,0.18404585,0.6631871,-11.373036,-12.908309,-0.8178596
369302.0,0,0,0.6420793,-0.33251238,0.17565148,0.66806895,-11.370616,-12.914031,-0.8226841
369303.0,0,0,0.64380753,-0.3259455,0.17033279,0.67101276,-11.367916,-12.919706,-0.82721734
369304.0,0,0,0.6469209,-0.31543738,0.1661557,0.6740809,-11.364597,-12.925506,-0.83184624
369305.0,0,0,0.6524262,-0.2968612,0.16374634,0.67779094,-11.360576,-12.931834,-0.83705384
369306.0,0,0,0.6580792,-0.2736377,0.15857422,0.68330705,-11.3562975,-12.938885,-0.84309167
369307.0,0,0,0.6621372,-0.25059408,0.14533907,0.6911247,-11.352262,-12.946361,-0.849803
369308.0,0,0,0.66339505,-0.23245446,0.12786357,0.69965917,-11.348525,-12.953547,-0.8566211
369309.0,0,0,0.66279787,-0.2165071,0.11325357,0.7078117,-11.344873,-12.9598875,-0.8629599
369310.0,0,0,0.66157657,-0.20047386,0.10237739,0.71529406,-11.341333,-12.965289,-0.86864454
369311.0,0,0,0.6604404,-0.18652399,0.09228709,0.72146404,-11.338204,-12.970013,-0.87385994
369312.0,0,0,0.65983456,-0.17379251,0.08180749,0.72644484,-11.335737,-12.974346,-0.8788009
369313.0,0,0,0.6599197,-0.16152121,0.07137359,0.73028946,-11.333985,-12.97842,-0.88355124
369314.0,0,0,0.6605959,-0.15080166,0.06149613,0.7328643,-11.332906,-12.982134,-0.887996
369315.0,0,0,0.66167927,-0.14214762,0.052115098,0.73434234,-11.332344,-12.985446,-0.89210755
369316.0,0,0,0.6630291,-0.13532832,0.04353842,0.7349716,-11.3321,-12.988328,-0.8958395
369317.0,0,0,0.66442657,-0.12971854,0.035990372,0.7351293,-11.331968,-12.990834,-0.8992136
369318.0,0,0,0.665581,-0.12516859,0.029343983,0.7351691,-11.331797,-12.993042,-0.9022696
369319.0,0,0,0.6660559,-0.12202478,0.023926532,0.73546386,-11.331405,-12.995114,-0.9049948
369320.0,0,0,0.6652441,-0.11778147,0.019137293,0.7370289,-11.330594,-12.997128,-0.90733486
369321.0,0,0,0.66375,-0.11171363,0.01563565,0.7393995,-11.329297,-12.998917,-0.9093462
369322.0,0,0,0.6621331,-0.10680037,0.01449119,0.7415952,-11.327585,-13.000404,-0.91117465
369323.0,0,0,0.66059893,-0.101162165,0.014632321,0.74374807,-11.325651,-13.001714,-0.91289324
369324.0,0,0,0.65922767,-0.09391868,0.015157986,0.74590117,-11.323741,-13.002964,-0.9145135
369325.0,0,0,0.6582378,-0.087427855,0.01599714,0.74754494,-11.322021,-13.004178,-0.9160416
369326.0,0,0,0.65758085,-0.082122855,0.016999701,0.7487018,-11.320501,-13.005348,-0.9174756
369327.0,0,0,0.6569574,-0.07698425,0.01801224,0.74977064,-11.319072,-13.006458,-0.91881573
369328.0,0,0,0.6563356,-0.071904056,0.019406138,0.7507841,-11.317606,-13.007482,-0.92007095
369329.0,0,0,0.6557007,-0.06679161,0.021396514,0.7517565,-11.316038,-13.008418,-0.92126316
369330.0,0,0,0.6550062,-0.06144275,0.023777897,0.75274587,-11.314404,-13.009297,-0.922411
369331.0,0,0,0.65430933,-0.056086134,0.026176063,0.75369,-11.312798,-13.010163,-0.92352074
369332.0,0,0,0.6537015,-0.051058892,0.028195145,0.75450146,-11.311324,-13.01103,-0.9245653
369333.0,0,0,0.6532349,-0.046761654,0.029806944,0.7551219,-11.310046,-13.011874,-0.9255019
369334.0,0,0,0.6529524,-0.043455105,0.031067217,0.75551295,-11.308962,-13.012682,-0.9263074
369335.0,0,0,0.6528111,-0.040949155,0.031746976,0.7557466,-11.308038,-13.013437,-0.92698395
369336.0,0,0,0.65270036,-0.039022043,0.03223409,0.7559237,-11.307185,-13.014159,-0.92758286
369337.0,0,1,0.6525962,-0.03687399,0.032545604,0.756108,-11.306348,-13.014862,-0.9281352
369338.0,0,1,0.65246916,-0.034940813,0.0327396,0.7563011,-11.305518,-13.015559,-0.92865264
369339.0,0,1,0.6523734,-0.032807488,0.033063624,0.75646514,-11.3047285,-13.016249,-0.92913043
369340.0,0,1,0.6523354,-0.030839983,0.033272967,0.75657153,-11.303992,-13.016929,-0.92956996
369341.0,0,1,0.6523343,-0.029298246,0.033051606,0.75664335,-11.303286,-13.017601,-0.9299809
369342.0,0,1,0.65236515,-0.02815713,0.032407567,0.75668794,-11.302573,-13.018266,-0.93037474
369343.0,0,1,0.6524284,-0.02715059,0.031620834,0.75670344,-11.301844,-13.018918,-0.9307554
369344.0,0,1,0.6524994,-0.026076902,0.030983418,0.7567065,-11.301101,-13.019561,-0.93112475
369345.0,0,1,0.65256613,-0.024924967,0.030477822,0.7567082,-11.300353,-13.020197,-0.9314821
369346.0,0,1,0.65262955,-0.023700312,0.029954728,0.7567138,-11.299603,-13.020824,-0.9318263
369347.0,0,1,0.6526901,-0.02243531,0.02939262,0.75672203,-11.298853,-13.021438,-0.9321539
369348.0,0,1,0.65277034,-0.021222236,0.028858718,0.7567084,-11.298102,-13.022031,-0.9324623
369349.0,0,1,0.65287554,-0.020135203,0.02842356,0.75666386,-11.29735,-13.022609,-0.9327554
369350.0,0,1,0.6530033,-0.019206638,0.028111966,0.7565894,-11.296593,-13.02318,-0.93304044
369351.0,0,1,0.65315783,-0.018343113,0.027859688,0.7564867,-11.295833,-13.023749,-0.93332165
369352.0,0,1,0.65333706,-0.017448172,0.027584786,0.7563633,-11.295067,-13.024318,-0.933599
369353.0,0,1,0.6535366,-0.016545542,0.027280184,0.7562222,-11.294296,-13.02488,-0.93387014
369354.0,0,1,0.65374595,-0.015711041,0.026986813,0.7560696,-11.293517,-13.025438,-0.93413776
369355.0,0,1,0.6539532,-0.014970077,0.02673384,0.75591433,-11.2927265,-13.025997,-0.9344069
369356.0,1,1,0.6541575,-0.014247701,0.026510231,0.7557593,-11.307185,-13.014159,-0.92758286
369357.0,1,1,0.6543637,-0.013450621,0.026291776,0.755603,-11.307185,-13.014159,-0.92758286
369358.0,1,1,0.6545649,-0.012451624,0.026068442,0.7554537,-11.307185,-13.014159,-0.92758286
369359.0,1,1,0.654748,-0.011294729,0.025731595,0.75532466,-11.307185,-13.014159,-0.92758286
369360.0,1,1,0.6549331,-0.010305454,0.025322104,0.7551921,-11.307185,-13.014159,-0.92758286
369361.0,1,1,0.65511405,-0.009517934,0.025010342,0.755056,-11.307185,-13.014159,-0.92758286
369362.0,1,1,0.65527415,-0.008842624,0.024811916,0.7549317,-11.307185,-13.014159,-0.92758286
369363.0,1,1,0.65544826,-0.0083471285,0.024679163,0.7547906,-11.307185,-13.014159,-0.92758286
369364.0,1,1,0.6556301,-0.007957584,0.024597934,0.75463945,-11.307185,-13.014159,-0.92758286
369365.0,1,1,0.655815,-0.007563131,0.02452742,0.75448525,-11.307185,-13.014159,-0.92758286
369366.0,1,1,0.65600187,-0.0071793916,0.024463408,0.75432855,-11.307185,-13.014159,-0.92758286
369367.0,1,1,0.6561876,-0.006766294,0.024492502,0.7541698,-11.307185,-13.014159,-0.92758286
369368.0,1,1,0.656366,-0.006262986,0.024580399,0.7540161,-11.307185,-13.014159,-0.92758286
369369.0,1,1,0.65654725,-0.005823059,0.024674436,0.75385875,-11.307185,-13.014159,-0.92758286
369370.0,1,1,0.656758,-0.0055800327,0.024887463,0.7536699,-11.307185,-13.014159,-0.92758286
369371.0,1,1,0.6570012,-0.005391967,0.025193665,0.75344914,-11.307185,-13.014159,-0.92758286
369372.0,1,1,0.6572731,-0.0050738472,0.025428273,0.75320625,-11.307185,-13.014159,-0.92758286
369373.0,1,1,0.65756005,-0.0046270844,0.025536891,0.752955,-11.307185,-13.014159,-0.92758286
369374.0,1,1,0.65782905,-0.0041246,0.025544439,0.7527226,-11.307185,-13.014159,-0.92758286
369375.0,1,1,0.6580665,-0.0036735993,0.025502497,0.75251883,-11.307185,-13.014159,-0.92758286
369376.0,1,1,0.65826905,-0.0032943515,0.02546933,0.75234455,-11.307185,-13.014159,-0.92758286
369377.0,1,1,0.65844965,-0.002918246,0.0254845,0.7521875,-11.307185,-13.014159,-0.92758286
369378.0,1,1,0.6586251,-0.0025163966,0.025484227,0.75203544,-11.307185,-13.014159,-0.92758286
369379.0,1,1,0.6587885,-0.0021412906,0.025391333,0.7518966,-11.307185,-13.014159,-0.92758286
369380.0,1,1,0.65893567,-0.0017577044,0.025291178,0.751772,-11.307185,-13.014159,-0.92758286
369381.0,1,1,0.65907294,-0.0013192967,0.025186315,0.75165606,-11.307185,-13.014159,-0.92758286
369382.0,1,1,0.65921414,-0.00088415935,0.024953607,0.75154066,-11.307185,-13.014159,-0.92758286
369383.0,1,1,0.6593431,-0.00040722665,0.024575891,0.7514403,-11.307185,-13.014159,-0.92758286
369384.0,1,1,0.6594619,0.00015832763,0.024106221,0.75135136,-11.307185,-13.014159,-0.92758286
369385.0,1,1,0.6595732,0.0008091373,0.023552641,0.75127083,-11.307185,-13.014159,-0.92758286
369386.0,1,1,0.6596704,0.001536878,0.02291249,0.75120413,-11.307185,-13.014159,-0.92758286
369387.0,1,1,0.65975213,0.002327705,0.022255262,0.75114995,-11.307185,-13.014159,-0.92758286
369388.0,1,1,0.65982056,0.0031167797,0.021621812,0.75110555,-11.307185,-13.014159,-0.92758286
369389.0,1,1,0.6598727,0.0039013582,0.020977084,0.75107443,-11.307185,-13.014159,-0.92758286
369390.0,1,1,0.6599118,0.00471179,0.020293234,0.7510541,-11.307185,-13.014159,-0.92758286
369391.0,1,1,0.6599437,0.0055460534,0.019539872,0.7510404,-11.307185,-13.014159,-0.92758286
369392.0,1,1,0.65997756,0.006295698,0.01877384,0.7510244,-11.307185,-13.014159,-0.92758286
369393.0,1,1,0.6600098,0.006936343,0.01804189,0.7510084,-11.307185,-13.014159,-0.92758286
369394.0,1,1,0.6600507,0.0075813015,0.017323587,0.7509831,-11.307185,-13.014159,-0.92758286
369395.0,1,1,0.66010904,0.008314771,0.016523072,0.75094205,-11.307185,-13.014159,-0.92758286
369396.0,1,1,0.66019446,0.0091184,0.0155378785,0.75087863,-11.307185,-13.014159,-0.92758286
369397.0,1,1,0.6603166,0.00993498,0.014463405,0.7507823,-11.307185,-13.014159,-0.92758286
369398.0,1,1,0.6604593,0.010773485,0.01337536,0.7506654,-11.307185,-13.014159,-0.92758286
369399.0,1,1,0.6606132,0.011743787,0.012166555,0.7505361,-11.307185,-13.014159,-0.92758286
369400.0,1,1,0.66076565,0.012938356,0.010709958,0.75040436,-11.307185,-13.014159,-0.92758286
369401.0,1,1,0.6609231,0.014191789,0.009135056,0.7502638,-11.307185,-13.014159,-0.92758286
369402.0,1,1,0.66107506,0.015392371,0.007546351,0.7501239,-11.307185,-13.014159,-0.92758286
369403.0,1,1,0.66118914,0.016646411,0.005928635,0.7500112,-11.307185,-13.014159,-0.92758286
369404.0,1,1,0.6612656,0.017922899,0.0043206867,0.7499253,-11.307185,-13.014159,-0.92758286
369405.0,1,1,0.6613044,0.019170115,0.0026733207,0.7498679,-11.307185,-13.014159,-0.92758286
369406.0,1,1,0.6613114,0.02047166,0.000920215,0.74983156,-11.307185,-13.014159,-0.92758286
369407.0,1,1,0.6613199,0.021781921,-0.00088871893,0.74978715,-11.307185,-13.014159,-0.92758286
369408.0,1,1,0.66134864,0.022984063,-0.00257936,0.749722,-11.307185,-13.014159,-0.92758286
369409.0,1,1,0.6613497,0.024148902,-0.004217926,0.74967706,-11.307185,-13.014159,-0.92758286
369410.0,1,1,0.66131735,0.025382327,-0.0059111174,0.74965346,-11.307185,-13.014159,-0.92758286
369411.0,1,1,0.6612711,0.02672494,-0.007707807,0.74963117,-11.307185,-13.014159,-0.92758286
369412.0,1,1,0.66119796,0.028169727,-0.009609441,0.7496208,-11.307185,-13.014159,-0.92758286
369413.0,1,1,0.66111,0.029699616,-0.011609696,0.749611,-11.307185,-13.014159,-0.92758286
369414.0,1,1,0.66099703,0.03131184,-0.013709568,0.74960965,-11.307185,-13.014159,-0.92758286
369415.0,0,0,0.6608732,0.033411518,-0.016450878,0.7495731,-11.307187,-13.014187,-0.92757326
369416.0,0,0,0.6607523,0.03568273,-0.019453846,0.749503,-11.307193,-13.014246,-0.9275562
369417.0,0,0,0.66060877,0.03823697,-0.022782886,0.74940974,-11.307205,-13.0143385,-0.9275338
369418.0,0,0,0.66053057,0.040955,-0.026313093,0.7492195,-11.307226,-13.014477,-0.92750907
369419.0,0,0,0.66051614,0.04385896,-0.03022439,0.7489202,-11.3072605,-13.014704,-0.9274869
369420.0,0,0,0.6604556,0.04742436,-0.035059504,0.74854535,-11.307314,-13.015089,-0.9274759
369421.0,0,0,0.6603776,0.05178646,-0.040882803,0.7480295,-11.307395,-13.01571,-0.92748713
369422.0,0,0,0.66015214,0.057391185,-0.048422042,0.74736917,-11.307522,-13.01665,-0.92752993
369423.0,0,0,0.659569,0.06424831,-0.05823379,0.7466256,-11.307705,-13.017965,-0.92758495
369424.0,0,0,0.65828943,0.073130496,-0.07108798,0.74582404,-11.30795,-13.019541,-0.92756724
369425.0,0,0,0.65697086,0.08211242,-0.084372275,0.7446665,-11.308271,-13.021288,-0.92742586
369426.0,0,0,0.6556502,0.090898596,-0.10002955,0.7428691,-11.308677,-13.023429,-0.9271624
369427.0,0,0,0.65246457,0.104198724,-0.12020565,0.740934,-11.309203,-13.026042,-0.9267447
369428.0,0,0,0.649156,0.11734163,-0.14201927,0.7380095,-11.309931,-13.029048,-0.92617106
369429.0,0,0,0.6467104,0.12787494,-0.16669959,0.73322916,-11.310841,-13.032617,-0.9254798
369430.0,0,0,0.6421928,0.14273064,-0.19469056,0.7275383,-11.311842,-13.036971,-0.92475754
369431.0,0,0,0.63618773,0.16023369,-0.22563376,0.7201943,-11.312871,-13.042045,-0.92416793
369432.0,0,0,0.63007236,0.1779029,-0.25800812,0.71048665,-11.313826,-13.047593,-0.92385983
369433.0,0,0,0.6226692,0.19795653,-0.29048517,0.6990813,-11.314569,-13.053499,-0.92393416
369434.0,0,0,0.6131722,0.22120678,-0.32306957,0.68608576,-11.315056,-13.059704,-0.9244161
369435.0,0,0,0.6017457,0.24487379,-0.35465214,0.672429,-11.315454,-13.066181,-0.9251274
369436.0,0,0,0.5903966,0.26257867,-0.38208652,0.6606771,-11.315831,-13.072948,-0.9252659
369437.0,0,0,0.58392555,0.27358988,-0.3990525,0.6518717,-11.316046,-13.080362,-0.923778
369438.0,0,0,0.58132726,0.28032902,-0.4039428,0.648309,-11.315985,-13.088874,-0.92054164
369439.0,0,0,0.5809931,0.28312883,-0.40221688,0.6484649,-11.315648,-13.098707,-0.9164635
369440.0,0,0,0.5808929,0.28430763,-0.39984065,0.64950764,-11.315124,-13.109794,-0.9125044
369441.0,0,0,0.5807219,0.2848628,-0.39729506,0.65097773,-11.314508,-13.121893,-0.908983
369442.0,0,0,0.5815545,0.28422865,-0.3930627,0.65307754,-11.313863,-13.134728,-0.90582615
369443.0,0,0,0.5832942,0.28271782,-0.38776684,0.65534383,-11.313216,-13.148124,-0.90301174
369444.0,0,0,0.5852572,0.28138372,-0.38284275,0.65706074,-11.312585,-13.161947,-0.9006473
369445.0,0,0,0.58734894,0.28052574,-0.3786304,0.65800124,-11.311977,-13.176176,-0.89878976
369446.0,0,0,0.5897559,0.27985424,-0.37458882,0.6584473,-11.311397,-13.190848,-0.89739084
369447.0,0,0,0.5926382,0.2790868,-0.37022915,0.6586509,-11.310845,-13.205946,-0.8963636
369448.0,0,0,0.59600645,0.27809113,-0.3653651,0.65874887,-11.310323,-13.221505,-0.8956282
369449.0,0,0,0.59983754,0.2768119,-0.3597917,0.6588779,-11.309827,-13.237592,-0.89512074
369450.0,0,0,0.6041758,0.27509767,-0.35330775,0.65914077,-11.309355,-13.254208,-0.89478487
369451.0,0,0,0.6090356,0.27282402,-0.34571207,0.6596407,-11.308901,-13.271302,-0.8945723
369452.0,0,0,0.61436766,0.2699855,-0.33689684,0.66042477,-11.3084545,-13.288878,-0.89445597
369453.0,0,0,0.6200771,0.26664397,-0.3270004,0.66141987,-11.308009,-13.306874,-0.8944382
369454.0,0,0,0.6260196,0.2629361,-0.31627494,0.66252106,-11.307557,-13.32531,-0.8945395
369455.0,0,0,0.63206667,0.25899884,-0.30498108,0.6636249,-11.307088,-13.344105,-0.89477605
369456.0,0,0,0.638188,0.2548274,-0.29328027,0.6646547,-11.306585,-13.363213,-0.8951541
369457.0,0,0,0.64434874,0.2502443,-0.2814661,0.66555953,-11.306027,-13.382578,-0.8956786
369458.0,0,0,0.6504862,0.24510829,-0.26979992,0.66633147,-11.305381,-13.402255,-0.8963565
369459.0,0,0,0.65645593,0.2393785,-0.2584932,0.66704184,-11.304615,-13.422167,-0.8971813
369460.0,0,0,0.6621613,0.2329531,-0.24761322,0.66780454,-11.303697,-13.442303,-0.89813656
369461.0,0,0,0.66750807,0.22578582,-0.23715082,0.6687401,-11.302593,-13.462674,-0.8992032
369462.0,0,0,0.6724012,0.21794061,-0.22705765,0.66994286,-11.301285,-13.483236,-0.90036327
369463.0,0,0,0.67678195,0.20949282,-0.21728535,0.6714657,-11.299757,-13.504046,-0.9016106
369464.0,0,0,0.6801241,0.2001969,-0.20815401,0.6738132,-11.298025,-13.525077,-0.9029233
369465.0,0,0,0.68291545,0.19055454,-0.19923307,0.6764774,-11.296114,-13.546255,-0.90427965
369466.0,0,0,0.6852092,0.18057746,-0.19047874,0.67941004,-11.294041,-13.567671,-0.9056672
369467.0,0,0,0.68704927,0.17038609,-0.18188094,0.68253297,-11.291843,-13.589257,-0.90705794
369468.0,0,0,0.68851537,0.15998994,-0.1733494,0.6857841,-11.289551,-13.61104,-0.9084222
369469.0,0,0,0.68969744,0.14935872,-0.16476709,0.68910176,-11.287195,-13.633016,-0.9097244
369470.0,0,0,0.6906897,0.13848421,-0.15607788,0.69239414,-11.284816,-13.655108,-0.9109267
369471.0,0,0,0.69157463,0.12731227,-0.14716896,0.6955986,-11.282435,-13.67737,-0.91200167
369472.0,0,0,0.6924181,0.115839496,-0.13798434,0.69864076,-11.280085,-13.699755,-0.9129222
369473.0,0,0,0.6932802,0.1040862,-0.1284988,0.701439,-11.277791,-13.722212,-0.9136687
369474.0,0,0,0.69419396,0.092070945,-0.11869035,0.7039391,-11.275569,-13.744777,-0.914231
369475.0,0,0,0.69516766,0.07988307,-0.10858859,0.7060943,-11.273436,-13.767398,-0.9146015
369476.0,0,0,0.69618154,0.06759151,-0.09820224,0.70789766,-11.271398,-13.790013,-0.91477734
369477.0,0,0,0.6972189,0.055250786,-0.08748656,0.70935124,-11.26944,-13.812692,-0.9147606
369478.0,0,0,0.69822544,0.042965043,-0.07651613,0.7104791,-11.267556,-13.835356,-0.91455823
369479.0,0,0,0.699159,0.030714562,-0.06541746,0.7113043,-11.265734,-13.858011,-0.91417795
369480.0,0,0,0.6999777,0.01849494,-0.054307766,0.71185666,-11.26396,-13.880675,-0.9136195
369481.0,0,0,0.7006284,0.0063223685,-0.043255184,0.71218604,-11.262231,-13.9032345,-0.91287875
369482.0,0,0,0.70107865,-0.0059582763,-0.03215515,0.7123336,-11.260522,-13.925847,-0.9119372
369483.0,0,0,0.7012919,-0.018235404,-0.021167012,0.71232665,-11.258843,-13.948257,-0.9107931
369484.0,0,0,0.7012533,-0.030619737,-0.010240533,0.7121807,-11.257176,-13.970621,-0.9094239
369485.0,0,0,0.700943,-0.043134157,0.00065646146,0.7119114,-11.255517,-13.992911,-0.9078148
369486.0,0,0,0.70035905,-0.055787187,0.011554659,0.7115136,-11.253863,-14.015082,-0.9059571
369487.0,0,0,0.6995046,-0.06845758,0.02237965,0.7109896,-11.252223,-14.036946,-0.90386397
369488.0,0,0,0.6983549,-0.08123401,0.033207774,0.71035105,-11.250574,-14.058693,-0.9015161
369489.0,0,0,0.6968945,-0.09404469,0.04402267,0.7096165,-11.248918,-14.080208,-0.89892757
369490.0,0,0,0.6951164,-0.10687818,0.0548564,0.7087884,-11.247245,-14.101497,-0.8961019
369491.0,0,0,0.69302547,-0.11969106,0.065683566,0.70786685,-11.245552,-14.122506,-0.8930493
369492.0,0,0,0.690634,-0.13240409,0.076462165,0.7068574,-11.243839,-14.143181,-0.88977927
369493.0,0,0,0.6879485,-0.14501883,0.08723569,0.70575225,-11.242099,-14.163549,-0.8862858
369494.0,0,0,0.68500286,-0.15749079,0.098002285,0.70453054,-11.240337,-14.183522,-0.88258475
369495.0,0,0,0.6818385,-0.16981842,0.10878418,0.70315295,-11.238555,-14.203097,-0.87868273
369496.0,0,0,0.67849994,-0.18200417,0.11953131,0.7015872,-11.236758,-14.222256,-0.87459546
369497.0,0,0,0.67502725,-0.19410208,0.13013357,0.6998057,-11.2349615,-14.24097,-0.87034756
369498.0,0,0,0.6714577,-0.20614359,0.14044464,0.6977999,-11.233183,-14.259176,-0.8659775
369499.0,0,0,0.6678199,-0.21815737,0.15039462,0.6955613,-11.231433,-14.276898,-0.86150813
369500.0,0,0,0.66418034,-0.23006411,0.15990868,0.6930831,-11.229721,-14.29408,-0.8569874
369501.0,0,0,0.6605592,-0.24181432,0.16896714,0.69038945,-11.228047,-14.310736,-0.852453
369502.0,0,0,0.65699923,-0.25324488,0.17746153,0.687551,-11.226414,-14.326791,-0.84797364
369503.0,0,0,0.6535198,-0.26424232,0.18536645,0.68463653,-11.224811,-14.342288,-0.84358984
369504.0,0,0,0.65014374,-0.27470744,0.19265732,0.6817127,-11.223227,-14.357224,-0.8393555
369505.0,0,0,0.6468794,-0.28453678,0.19933638,0.67886007,-11.221656,-14.371525,-0.83534646
369506.0,0,0,0.6437001,-0.29376414,0.20551138,0.676105,-11.220078,-14.385228,-0.83160836
369507.0,0,0,0.6406515,-0.30232465,0.21121678,0.6734634,-11.218489,-14.398286,-0.8282144
369508.0,0,0,0.63779503,-0.3101904,0.21641506,0.67094254,-11.216887,-14.410704,-0.825226
369509.0,0,0,0.6351909,-0.31740123,0.2210022,0.668541,-11.215291,-14.422497,-0.8227054
369510.0,0,0,0.63293236,-0.3240266,0.22481506,0.66622937,-11.213734,-14.433666,-0.820718
369511.0,0,0,0.6311177,-0.33012557,0.22771175,0.66396916,-11.212251,-14.444209,-0.81932825
369512.0,0,0,0.62983656,-0.33573043,0.22971393,0.66168153,-11.210862,-14.454138,-0.8185966
369513.0,0,0,0.6291857,-0.34074184,0.23090634,0.65931994,-11.209569,-14.463445,-0.81858087
369514.0,0,0,0.629229,-0.34494457,0.23137125,0.6569258,-11.208349,-14.472139,-0.81932795
369515.0,0,0,0.62997466,-0.34810498,0.23119946,0.65460044,-11.2071705,-14.480223,-0.8208659
369516.0,0,0,0.63141036,-0.34995735,0.23051979,0.6524657,-11.205993,-14.487697,-0.82320315
369517.0,0,0,0.6334892,-0.35032845,0.2294988,0.6506087,-11.204776,-14.494573,-0.8263402
369518.0,0,0,0.6361505,-0.34911737,0.22816576,0.6491303,-11.203482,-14.50082,-0.83024305
369519.0,0,0,0.63978714,-0.34413004,0.2246673,0.64943945,-11.202094,-14.506638,-0.83503145
369520.0,0,0,0.64355993,-0.33346584,0.2165912,0.65400255,-11.200591,-14.51242,-0.8407688
369521.0,0,0,0.6483193,-0.32077166,0.20600608,0.6590516,-11.198988,-14.518272,-0.84721714
369522.0,0,0,0.6525892,-0.3092547,0.19673516,0.6631622,-11.197332,-14.523788,-0.85404265
369523.0,0,0,0.65635914,-0.3009922,0.19143672,0.66479206,-11.195557,-14.528821,-0.8607967
369524.0,0,0,0.6597611,-0.2931261,0.18747911,0.66606605,-11.193452,-14.533831,-0.86696374
369525.0,0,0,0.6638353,-0.27846578,0.18220972,0.66976047,-11.190805,-14.539345,-0.87256247
369526.0,0,0,0.6680518,-0.25893822,0.175128,0.6752688,-11.187701,-14.545457,-0.8781425
369527.0,0,0,0.67104936,-0.2395331,0.16450511,0.68209577,-11.184415,-14.551885,-0.8842913
369528.0,0,0,0.67222023,-0.22204837,0.15004739,0.6901451,-11.181128,-14.558224,-0.89109105
369529.0,0,0,0.67180324,-0.20577376,0.13392225,0.69885796,-11.17788,-14.564139,-0.89803946
369530.0,0,0,0.67054504,-0.18944347,0.1188777,0.7073533,-11.174749,-14.569442,-0.90451306
369531.0,0,0,0.6689255,-0.1739314,0.10560508,0.71493644,-11.171938,-14.574055,-0.9102287
369532.0,0,0,0.66733336,-0.16104668,0.093947254,0.7210437,-11.169683,-14.577957,-0.915255
369533.0,0,0,0.6663819,-0.15038845,0.083713435,0.7254726,-11.168133,-14.581217,-0.9198124
369534.0,0,0,0.6662553,-0.14160888,0.07416506,0.72838897,-11.167314,-14.584003,-0.9241055
369535.0,0,0,0.66686535,-0.1343018,0.0646383,0.73012024,-11.167142,-14.586477,-0.92820436
369536.0,0,0,0.66807884,-0.12808424,0.05543826,0.73088413,-11.167427,-14.588717,-0.93208015
369537.0,0,0,0.6696712,-0.12271169,0.046820126,0.7309516,-11.167927,-14.590766,-0.93573
369538.0,0,0,0.6711915,-0.11793081,0.038564503,0.7308263,-11.168406,-14.592642,-0.93918055
369539.0,0,0,0.6723227,-0.11346494,0.030679287,0.730867,-11.1686945,-14.594371,-0.94249773
369540.0,0,0,0.6729251,-0.10913266,0.023216257,0.7312475,-11.168715,-14.595974,-0.94570476
369541.0,0,0,0.6724922,-0.105642885,0.017021576,0.73232794,-11.168361,-14.597572,-0.9486952
369542.0,0,0,0.6708379,-0.09911865,0.011286946,0.73486376,-11.167544,-14.599128,-0.95127463
369543.0,0,0,0.6689576,-0.09134466,0.007980696,0.73762345,-11.166317,-14.600384,-0.9534601
369544.0,0,0,0.6674448,-0.085667446,0.007831905,0.73967373,-11.164839,-14.601259,-0.95535433
369545.0,0,0,0.6661287,-0.079307295,0.00880238,0.74155605,-11.163321,-14.601919,-0.957053
369546.0,0,0,0.6648808,-0.07261349,0.009874922,0.7433461,-11.161957,-14.602514,-0.9586244
369547.0,0,0,0.66399574,-0.06728753,0.010979916,0.7446217,-11.160842,-14.603085,-0.96008813
369548.0,0,0,0.66331065,-0.0628573,0.01202468,0.74560267,-11.159905,-14.603637,-0.96147764
369549.0,0,0,0.6626544,-0.058610298,0.013006084,0.7465151,-11.159021,-14.604145,-0.962776
369550.0,0,0,0.66203773,-0.05437251,0.014257993,0.74735963,-11.158091,-14.604588,-0.9639686
369551.0,0,0,0.6614392,-0.050083835,0.01591824,0.74815536,-11.157122,-14.604951,-0.9650423
369552.0,0,0,0.66095185,-0.046145868,0.017823437,0.74879605,-11.156217,-14.605255,-0.9660037
369553.0,0,0,0.66070056,-0.043004822,0.01925859,0.74916923,-11.155492,-14.605542,-0.966861
369554.0,0,0,0.66058826,-0.040670704,0.019875119,0.74938244,-11.154972,-14.60583,-0.96763015
369555.0,0,0,0.6605326,-0.038955305,0.020106299,0.7495165,-11.154576,-14.606108,-0.9683283
369556.0,0,0,0.66047764,-0.037446428,0.020274816,0.74963725,-11.154206,-14.606363,-0.9689714
369557.0,0,0,0.6604303,-0.03598328,0.020494385,0.74974465,-11.153831,-14.606597,-0.96956927
369558.0,0,0,0.66042656,-0.034717318,0.020619905,0.7498042,-11.153476,-14.606822,-0.97013456
369559.0,0,1,0.6604489,-0.03308722,0.021111915,0.74984455,-11.15317,-14.607051,-0.9706728
369560.0,0,1,0.66047645,-0.03162947,0.021306619,0.74987775,-11.152909,-14.607284,-0.97118634
369561.0,0,1,0.6605001,-0.03050037,0.021104656,0.74990934,-11.152675,-14.607511,-0.9716759
369562.0,0,1,0.6605244,-0.029682228,0.020701075,0.74993193,-11.1524515,-14.607732,-0.9721458
369563.0,0,1,0.6605333,-0.029027613,0.02029399,0.74996096,-11.152238,-14.607952,-0.9726013
369564.0,0,1,0.6605478,-0.028497804,0.019871945,0.7499798,-11.152032,-14.608179,-0.973049
369565.0,0,1,0.6605867,-0.028093122,0.019285612,0.7499761,-11.151823,-14.608414,-0.97349375
369566.0,0,1,0.66064477,-0.027751554,0.018489754,0.7499576,-11.151598,-14.608652,-0.97393715
369567.0,0,1,0.66071063,-0.027359258,0.017612234,0.74993527,-11.151347,-14.608891,-0.97438127
369568.0,0,1,0.66078645,-0.026820729,0.016793376,0.7499066,-11.151071,-14.609126,-0.9748246
369569.0,0,1,0.66087985,-0.026080536,0.016125634,0.7498651,-11.150774,-14.609356,-0.97526324
369570.0,0,1,0.6609882,-0.025184423,0.015637904,0.7498105,-11.150463,-14.60958,-0.975696
369571.0,0,1,0.6611155,-0.02421982,0.015334347,0.7497364,-11.150145,-14.6098,-0.9761242
369572.0,0,1,0.66126853,-0.023239823,0.015191195,0.7496353,-11.149823,-14.610022,-0.97654873
369573.0,0,1,0.66145337,-0.02226949,0.015111625,0.7495033,-11.1495,-14.610247,-0.9769714
369574.0,0,1,0.6616671,-0.021311488,0.015011668,0.7493445,-11.149172,-14.610477,-0.97739464
369575.0,0,1,0.66189444,-0.020286215,0.0149000855,0.7491744,-11.148838,-14.610713,-0.97781676
369576.0,0,1,0.6621277,-0.019179212,0.014812912,0.7489991,-11.1485,-14.610951,-0.9782368
369577.0,0,1,0.66235924,-0.018011851,0.01475989,0.74882436,-11.148164,-14.611193,-0.9786539
369578.0,1,1,0.6625871,-0.01676327,0.014786197,0.74865127,-11.153476,-14.606822,-0.97013456
369579.0,1,1,0.6628102,-0.015370793,0.014767702,0.74848396,-11.153476,-14.606822,-0.97013456
369580.0,1,1,0.66304225,-0.013989163,0.0146459425,0.74830794,-11.153476,-14.606822,-0.97013456
369581.0,1,1,0.6632915,-0.012847468,0.014490363,0.74811053,-11.153476,-14.606822,-0.97013456
369582.0,1,1,0.6635469,-0.011953635,0.014363912,0.74790126,-11.153476,-14.606822,-0.97013456
369583.0,1,1,0.66380066,-0.011194253,0.014461433,0.74768597,-11.153476,-14.606822,-0.97013456
369584.0,1,1,0.66405815,-0.010401534,0.014781225,0.74746245,-11.153476,-14.606822,-0.97013456
369585.0,1,1,0.6643306,-0.009744939,0.015118467,0.7472224,-11.153476,-14.606822,-0.97013456
369586.0,1,1,0.6646108,-0.00926143,0.015547762,0.7469706,-11.153476,-14.606822,-0.97013456
369587.0,1,1,0.66492194,-0.00869727,0.016131403,0.746688,-11.153476,-14.606822,-0.97013456
369588.0,1,1,0.6652557,-0.008261086,0.016652288,0.74638414,-11.153476,-14.606822,-0.97013456
369589.0,1,1,0.66565585,-0.007957573,0.017312411,0.74601567,-11.153476,-14.606822,-0.97013456
369590.0,1,1,0.66601056,-0.007034444,0.017746218,0.745698,-11.153476,-14.606822,-0.97013456
369591.0,1,1,0.6663693,-0.005201035,0.017863728,0.7453897,-11.153476,-14.606822,-0.97013456
369592.0,1,1,0.66676086,-0.0029362214,0.017806303,0.7450533,-11.153476,-14.606822,-0.97013456
369593.0,1,1,0.66713196,-0.000710601,0.0175938,0.74473137,-11.153476,-14.606822,-0.97013456
369594.0,1,1,0.6674621,0.0013338206,0.017370142,0.74443996,-11.153476,-14.606822,-0.97013456
369595.0,1,1,0.66776866,0.0032043646,0.017246181,0.74416226,-11.153476,-14.606822,-0.97013456
369596.0,1,1,0.6680431,0.0048726997,0.01713278,0.7439094,-11.153476,-14.606822,-0.97013456
369597.0,1,1,0.6682818,0.0063258056,0.016978715,0.7436876,-11.153476,-14.606822,-0.97013456
369598.0,1,1,0.6684729,0.007730991,0.016856022,0.74350536,-11.153476,-14.606822,-0.97013456
369599.0,1,1,0.668627,0.009171029,0.016774144,0.74335223,-11.153476,-14.606822,-0.97013456
369600.0,1,1,0.6687651,0.010418186,0.016573494,0.7432161,-11.153476,-14.606822,-0.97013456
369601.0,1,1,0.6688664,0.011422374,0.016265796,0.743117,-11.153476,-14.606822,-0.97013456
369602.0,1,1,0.6689281,0.012208278,0.015923006,0.7430564,-11.153476,-14.606822,-0.97013456
369603.0,1,1,0.6689527,0.012780887,0.015633542,0.74303067,-11.153476,-14.606822,-0.97013456
369604.0,1,1,0.6689429,0.013273509,0.015350579,0.7430366,-11.153476,-14.606822,-0.97013456
369605.0,1,1,0.66892314,0.013744412,0.014931367,0.7430546,-11.153476,-14.606822,-0.97013456
369606.0,1,1,0.6689111,0.014172722,0.01437406,0.74306834,-11.153476,-14.606822,-0.97013456
369607.0,1,1,0.66890985,0.014554426,0.013777666,0.7430734,-11.153476,-14.606822,-0.97013456
369608.0,1,1,0.66891843,0.0149073545,0.013151129,0.74306995,-11.153476,-14.606822,-0.97013456
369609.0,1,1,0.6689352,0.015287284,0.012437037,0.7430595,-11.153476,-14.606822,-0.97013456
369610.0,1,1,0.6689596,0.015724104,0.011630163,0.7430414,-11.153476,-14.606822,-0.97013456
369611.0,1,1,0.6689944,0.016141037,0.010835496,0.7430132,-11.153476,-14.606822,-0.97013456
369612.0,1,1,0.66903454,0.016518658,0.010098442,0.74297917,-11.153476,-14.606822,-0.97013456
369613.0,1,1,0.66908634,0.016868612,0.0094071105,0.7429337,-11.153476,-14.606822,-0.97013456
369614.0,1,1,0.66915345,0.017184544,0.008724917,0.7428743,-11.153476,-14.606822,-0.97013456
369615.0,1,1,0.66923565,0.017499128,0.008043172,0.7428006,-11.153476,-14.606822,-0.97013456
369616.0,1,1,0.66932935,0.017872952,0.0072976267,0.742715,-11.153476,-14.606822,-0.97013456
369617.0,1,1,0.66944724,0.018316818,0.0064820177,0.74260545,-11.153476,-14.606822,-0.97013456
369618.0,1,1,0.6695957,0.018846342,0.005619134,0.74246544,-11.153476,-14.606822,-0.97013456
369619.0,1,1,0.6697668,0.019457918,0.004636294,0.7423021,-11.153476,-14.606822,-0.97013456
369620.0,1,1,0.66996735,0.02013654,0.003511643,0.7421091,-11.153476,-14.606822,-0.97013456
369621.0,1,1,0.6701885,0.020913642,0.002301026,0.7418927,-11.153476,-14.606822,-0.97013456
369622.0,1,1,0.67040235,0.021867223,0.0009545047,0.7416749,-11.153476,-14.606822,-0.97013456
369623.0,1,1,0.67060524,0.023025658,-0.00057785696,0.74145675,-11.153476,-14.606822,-0.97013456
369624.0,1,1,0.6707964,0.024327917,-0.0022727244,0.7412391,-11.153476,-14.606822,-0.97013456
369625.0,1,1,0.6709823,0.025697147,-0.004033495,0.7410169,-11.153476,-14.606822,-0.97013456
369626.0,1,1,0.67116684,0.027171534,-0.0058592847,0.74078506,-11.153476,-14.606822,-0.97013456
369627.0,1,1,0.6713432,0.028690612,-0.00772861,0.7405507,-11.153476,-14.606822,-0.97013456
369628.0,1,1,0.6714978,0.030268347,-0.0096639665,0.74032503,-11.153476,-14.606822,-0.97013456
369629.0,1,1,0.6716383,0.031838227,-0.01148928,0.7401057,-11.153476,-14.606822,-0.97013456
369630.0,1,1,0.6717559,0.033417452,-0.01330482,0.7398988,-11.153476,-14.606822,-0.97013456
369631.0,1,1,0.671844,0.034962352,-0.015198234,0.7397109,-11.153476,-14.606822,-0.97013456
369632.0,1,1,0.67186016,0.036508474,-0.017298104,0.7395754,-11.153476,-14.606822,-0.97013456
369633.0,0,0,0.6718787,0.03839736,-0.020007562,0.73939455,-11.153478,-14.606857,-0.97012556
369634.0,0,0,0.6718703,0.040652845,-0.023037665,0.7391934,-11.153478,-14.606951,-0.9701149
369635.0,0,0,0.6717811,0.043302774,-0.026390221,0.73901194,-11.153474,-14.607132,-0.97010994
369636.0,0,0,0.6716298,0.046414886,-0.030175315,0.7388157,-11.153468,-14.60743,-0.97011554
369637.0,0,0,0.6714028,0.05018475,-0.034587953,0.7385821,-11.153463,-14.607897,-0.97013694
369638.0,0,0,0.67104816,0.054999605,-0.040119495,0.7382816,-11.153469,-14.608617,-0.97018814
369639.0,0,0,0.67041266,0.061217375,-0.047360685,0.7379405,-11.153503,-14.609713,-0.97028446
369640.0,0,0,0.6691806,0.069550276,-0.057383087,0.73760915,-11.153607,-14.611224,-0.9704149
369641.0,0,0,0.6673552,0.07952285,-0.07022082,0.73714465,-11.15377,-14.613001,-0.97050595
369642.0,0,0,0.66563076,0.08938079,-0.08350299,0.7361888,-11.15396,-14.61503,-0.9704735
369643.0,0,0,0.66319424,0.10141898,-0.099769235,0.73480177,-11.154205,-14.61749,-0.9702863
369644.0,0,0,0.65909326,0.11671268,-0.12033959,0.73313886,-11.154547,-14.6203375,-0.9699273
369645.0,0,0,0.6546733,0.13179448,-0.14161289,0.73073864,-11.155003,-14.62347,-0.96940154
369646.0,0,0,0.6512156,0.14509311,-0.16428441,0.7265515,-11.155541,-14.62715,-0.9687449
369647.0,0,0,0.6457398,0.16263746,-0.1903319,0.72134805,-11.156096,-14.631628,-0.9680574
369648.0,0,0,0.6381836,0.18333359,-0.21893509,0.71496713,-11.156671,-14.636836,-0.9674994
369649.0,0,0,0.63017195,0.20357314,-0.2492265,0.7066311,-11.157268,-14.64251,-0.9671997
369650.0,0,0,0.62161326,0.22434165,-0.27960902,0.69648147,-11.157816,-14.648501,-0.9672365
369651.0,0,0,0.61191064,0.24655212,-0.30940115,0.6848711,-11.158185,-14.654735,-0.9676816
369652.0,0,0,0.6005275,0.27111056,-0.3387519,0.6716493,-11.158267,-14.661157,-0.9685899
369653.0,0,0,0.5872254,0.29731908,-0.36725986,0.65718174,-11.158206,-14.667767,-0.969804
369654.0,0,0,0.5735249,0.3194802,-0.3939284,0.64329004,-11.158291,-14.674639,-0.9705629
369655.0,0,0,0.56545556,0.33223945,-0.4145736,0.630877,-11.158525,-14.682182,-0.96990216
369656.0,0,0,0.5631365,0.3387165,-0.42521763,0.62236524,-11.158666,-14.690904,-0.96762663
369657.0,0,0,0.56362873,0.34128955,-0.42808592,0.6185358,-11.158551,-14.701016,-0.96438724
369658.0,0,0,0.56648177,0.34007585,-0.42789862,0.61672497,-11.15818,-14.712481,-0.9609764
369659.0,0,0,0.57022107,0.33689302,-0.42639184,0.61606914,-11.157614,-14.725126,-0.9578098
369660.0,0,0,0.5740567,0.3327598,-0.42339975,0.61681634,-11.156902,-14.7387295,-0.9549215
369661.0,0,0,0.57841665,0.32749993,-0.41866538,0.61878693,-11.156071,-14.753057,-0.95224863
369662.0,0,0,0.58283997,0.32176852,-0.41270736,0.62163913,-11.155131,-14.7679825,-0.9498064
369663.0,0,0,0.58700114,0.31618196,-0.40618494,0.6248779,-11.154115,-14.783338,-0.9476862
369664.0,0,0,0.5910077,0.31080768,-0.39944112,0.62813634,-11.153062,-14.799055,-0.94593805
369665.0,0,0,0.59492594,0.30567747,-0.3924932,0.63132674,-11.152012,-14.81507,-0.9445501
369666.0,0,0,0.59891397,0.30073932,-0.38520378,0.6344099,-11.150989,-14.831387,-0.9434733
369667.0,0,0,0.6030585,0.29595646,-0.37755224,0.63732606,-11.150001,-14.848,-0.9426639
369668.0,0,0,0.60736376,0.29131067,-0.36952403,0.64007765,-11.149049,-14.864889,-0.94209164
369669.0,0,0,0.61187756,0.28670192,-0.36105204,0.64268917,-11.148125,-14.882058,-0.9417326
369670.0,0,0,0.6165938,0.28207377,-0.3521088,0.6451867,-11.147221,-14.899438,-0.94156635
369671.0,0,0,0.6214727,0.2774054,-0.3426483,0.64761883,-11.146322,-14.917097,-0.9415742
369672.0,0,0,0.6264581,0.27271014,-0.3327366,0.6499737,-11.14542,-14.9349785,-0.9417416
369673.0,0,0,0.63148,0.26803496,-0.3224144,0.65225714,-11.144501,-14.95309,-0.9420583
369674.0,0,0,0.6364944,0.2633853,-0.31178904,0.6544393,-11.143553,-14.971399,-0.9425155
369675.0,0,0,0.64150256,0.25867388,-0.30094528,0.6565015,-11.142562,-14.989923,-0.9431049
369676.0,0,0,0.6464702,0.25387618,-0.28993428,0.6584538,-11.141517,-15.00863,-0.9438158
369677.0,0,0,0.6513759,0.24897233,-0.27880168,0.66029674,-11.140405,-15.02755,-0.9446386
369678.0,0,0,0.65619946,0.24391405,-0.26763958,0.6620253,-11.139218,-15.046647,-0.945559
369679.0,0,0,0.6609498,0.23859479,-0.2564649,0.6636593,-11.137949,-15.065921,-0.9465624
369680.0,0,0,0.66564876,0.23290643,-0.24528836,0.6652068,-11.13659,-15.085378,-0.94763595
369681.0,0,0,0.67030394,0.22678633,-0.23414247,0.66666186,-11.13514,-15.104982,-0.94876933
369682.0,0,0,0.6749145,0.2202104,-0.22307906,0.66800725,-11.133604,-15.124699,-0.9499574
369683.0,0,0,0.67948425,0.21316789,-0.21212326,0.66922665,-11.131983,-15.144555,-0.9512016
369684.0,0,0,0.6840024,0.20568001,-0.20133239,0.6702997,-11.1302805,-15.164543,-0.95250106
369685.0,0,0,0.6884464,0.19777791,-0.19076243,0.6712191,-11.128502,-15.184655,-0.95385134
369686.0,0,0,0.6927777,0.18952411,-0.18044072,0.6719977,-11.12665,-15.204866,-0.95524293
369687.0,0,0,0.6969636,0.18098238,-0.17037278,0.67265165,-11.124723,-15.225169,-0.9566643
369688.0,0,0,0.70099276,0.17217205,-0.16052099,0.67320055,-11.122718,-15.245597,-0.9581054
369689.0,0,0,0.7048251,0.16315427,-0.15087737,0.67367536,-11.120633,-15.266123,-0.9595503
369690.0,0,0,0.70842826,0.15396376,-0.14141266,0.674112,-11.118465,-15.286757,-0.9609835
369691.0,0,0,0.7117772,0.14462861,-0.13211532,0.67453784,-11.116219,-15.3074665,-0.9623836
369692.0,0,0,0.71487427,0.13511078,-0.122938275,0.6749711,-11.11389,-15.328281,-0.9637323
369693.0,0,0,0.71772045,0.12540027,-0.11383602,0.67542106,-11.111485,-15.349183,-0.96500903
369694.0,0,0,0.7203094,0.115495674,-0.10481277,0.6758916,-11.109015,-15.370122,-0.96619636
369695.0,0,0,0.7226664,0.105359174,-0.095847525,0.6763624,-11.106488,-15.391132,-0.967286
369696.0,0,0,0.72479856,0.095030874,-0.086961694,0.67681146,-11.103911,-15.412225,-0.96826816
369697.0,0,0,0.72671026,0.08456093,-0.07819581,0.67722005,-11.101305,-15.433297,-0.96912676
369698.0,0,0,0.72841966,0.07392591,-0.06949043,0.67757714,-11.098672,-15.454373,-0.96985143
369699.0,0,0,0.72993964,0.063101046,-0.060771555,0.677874,-11.096007,-15.475503,-0.97043544
369700.0,0,0,0.73126143,0.05215428,-0.052089863,0.6781028,-11.093328,-15.496594,-0.9708737
369701.0,0,0,0.73238236,0.041107394,-0.04349143,0.6782586,-11.090632,-15.517708,-0.9711657
369702.0,0,0,0.73329675,0.03002636,-0.035054673,0.6783403,-11.087935,-15.538775,-0.9713031
369703.0,0,0,0.7340141,0.018890278,-0.026750674,0.67834425,-11.085241,-15.559818,-0.9712702
369704.0,0,0,0.73454005,0.0076272306,-0.018525716,0.6782696,-11.082553,-15.580838,-0.9710475
369705.0,0,0,0.73488295,-0.0037945067,-0.010314655,0.678105,-11.079875,-15.601812,-0.97061825
369706.0,0,0,0.73504174,-0.015386643,-0.0020665352,0.67784405,-11.077209,-15.622721,-0.9699699
369707.0,0,0,0.7350113,-0.027126888,0.0062276316,0.6774834,-11.074562,-15.643531,-0.96909225
369708.0,0,0,0.73478657,-0.039013166,0.014598485,0.67701817,-11.071934,-15.664229,-0.9679739
369709.0,0,0,0.7343539,-0.051076002,0.023112908,0.67644775,-11.069324,-15.684818,-0.9666047
369710.0,0,0,0.73370916,-0.06331878,0.031804577,0.6757589,-11.066731,-15.705295,-0.96498
369711.0,0,0,0.7328573,-0.07566303,0.04064261,0.67493963,-11.064172,-15.725564,-0.96311116
369712.0,0,0,0.7318064,-0.08812875,0.049619384,0.6739663,-11.061639,-15.745706,-0.9609979
369713.0,0,0,0.7305697,-0.10062554,0.058634695,0.6728332,-11.059148,-15.765608,-0.9586609
369714.0,0,0,0.72914475,-0.11316356,0.067703165,0.6715342,-11.056689,-15.785345,-0.95609987
369715.0,0,0,0.72753704,-0.12568988,0.07676438,0.670074,-11.054268,-15.804846,-0.9533339
369716.0,0,0,0.7257361,-0.13822497,0.085783616,0.6684625,-11.051879,-15.824113,-0.95037436
369717.0,0,0,0.72372717,-0.15070102,0.09468165,0.666741,-11.049526,-15.843079,-0.9472447
369718.0,0,0,0.72150254,-0.16314125,0.10341743,0.66492397,-11.047201,-15.861788,-0.9439478
369719.0,0,0,0.7190578,-0.17552407,0.111953154,0.6630337,-11.044907,-15.880203,-0.9404969
369720.0,0,0,0.71638006,-0.18783258,0.120269746,0.6611003,-11.042644,-15.89828,-0.9369063
369721.0,0,0,0.7134602,-0.20002633,0.12836716,0.6591554,-11.040411,-15.915963,-0.9331949
369722.0,0,0,0.71027774,-0.2120597,0.13628559,0.6572386,-11.0381975,-15.93324,-0.9293768
369723.0,0,0,0.7068017,-0.22391303,0.14408286,0.6553888,-11.035984,-15.9501295,-0.9254606
369724.0,0,0,0.70304525,-0.2354411,0.15174836,0.65365684,-11.03377,-15.966513,-0.9214908
369725.0,0,0,0.698985,-0.2466117,0.15933089,0.65208614,-11.031533,-15.982441,-0.9174759
369726.0,0,0,0.69465065,-0.25732228,0.16678251,0.65071464,-11.029277,-15.997822,-0.9134677
369727.0,0,0,0.6900665,-0.26754856,0.17411618,0.6495456,-11.026989,-16.01267,-0.90949976
369728.0,0,0,0.68528825,-0.27727684,0.18133777,0.6485477,-11.024673,-16.026945,-0.9056305
369729.0,0,0,0.6803791,-0.2865424,0.18834148,0.6476923,-11.022342,-16.040617,-0.90192723
369730.0,0,0,0.67541355,-0.29541945,0.19498459,0.646935,-11.020015,-16.053688,-0.8984617
369731.0,0,0,0.6704992,-0.30402043,0.20108345,0.64619505,-11.017731,-16.066137,-0.89532083
369732.0,0,0,0.66575,-0.31251207,0.20648265,0.6453511,-11.015531,-16.07797,-0.8925917
369733.0,0,0,0.6613343,-0.32092613,0.21107034,0.6442769,-11.013454,-16.08915,-0.8903721
369734.0,0,0,0.6574332,-0.3290962,0.21480393,0.6429126,-11.01151,-16.099726,-0.8887393
369735.0,0,0,0.6542067,-0.33678427,0.2175971,0.64128107,-11.009702,-16.109707,-0.88777155
369736.0,0,0,0.6517563,-0.3437426,0.2193585,0.6394816,-11.008018,-16.119131,-0.88752973
369737.0,0,0,0.65012485,-0.34974843,0.2201257,0.63761926,-11.006437,-16.128008,-0.88806105
369738.0,0,0,0.6492919,-0.3546458,0.22007741,0.635777,-11.004924,-16.136345,-0.88939834
369739.0,0,0,0.64923966,-0.35823718,0.21946065,0.6340277,-11.003435,-16.144121,-0.8915486
369740.0,0,0,0.64992535,-0.3603132,0.21842822,0.6325035,-11.001927,-16.15134,-0.8944993
369741.0,0,0,0.65126646,-0.36071727,0.21706986,0.6313602,-11.000369,-16.158005,-0.8982187
369742.0,0,0,0.6531355,-0.35949078,0.21545634,0.63068146,-10.998741,-16.164106,-0.90267056
369743.0,0,0,0.65552163,-0.35668626,0.21346097,0.6304766,-10.997032,-16.169619,-0.90782154
369744.0,0,0,0.65908253,-0.34934676,0.20847352,0.6325393,-10.995275,-16.174736,-0.91377324
369745.0,0,0,0.6629657,-0.33956626,0.20086268,0.63625884,-10.993557,-16.179922,-0.92037284
369746.0,0,0,0.6673769,-0.33037177,0.1912246,0.6394496,-10.991942,-16.185318,-0.927152
369747.0,0,0,0.6709872,-0.32215634,0.18261753,0.64237255,-10.990373,-16.190586,-0.9337274
369748.0,0,0,0.67468196,-0.3148705,0.17751262,0.6435449,-10.988597,-16.19564,-0.93982255
369749.0,0,0,0.6793314,-0.30418256,0.1737072,0.6448315,-10.986285,-16.20075,-0.9453908
369750.0,0,0,0.6853048,-0.2860923,0.17106463,0.6474915,-10.983324,-16.206215,-0.9508621
369751.0,0,0,0.69119346,-0.26479474,0.1674975,0.65121424,-10.9801,-16.212164,-0.9568146
369752.0,0,0,0.695414,-0.24601121,0.15706888,0.6566637,-10.977111,-16.218542,-0.9635194
369753.0,0,0,0.69691086,-0.23117182,0.13947241,0.6643962,-10.974428,-16.225029,-0.97069186
369754.0,0,0,0.69680727,-0.21685857,0.12156408,0.67279565,-10.971802,-16.231123,-0.97772336
369755.0,0,0,0.6961593,-0.20172761,0.107736826,0.68048584,-10.969182,-16.236462,-0.9842161
369756.0,0,0,0.69534314,-0.18868685,0.09652388,0.6867157,-10.966851,-16.240969,-0.99013996
369757.0,0,0,0.6950296,-0.17805357,0.086122334,0.6912407,-10.9651,-16.244835,-0.99568176
369758.0,0,0,0.6954521,-0.16817158,0.07624489,0.6944432,-10.964039,-16.248274,-1.0010054
369759.0,0,0,0.696525,-0.15942182,0.066657245,0.6964154,-10.963612,-16.251373,-1.0061482
369760.0,0,0,0.6981244,-0.15203299,0.05738382,0.69729155,-10.963626,-16.254154,-1.0110856
369761.0,0,0,0.69997734,-0.14546989,0.04869774,0.6974947,-10.9638195,-16.25664,-1.015793
369762.0,0,0,0.7016914,-0.1394994,0.040608678,0.69750994,-10.963951,-16.25889,-1.0202684
369763.0,0,0,0.7028072,-0.13413234,0.033104062,0.69783574,-10.963807,-16.261044,-1.0245209
369764.0,0,0,0.7023039,-0.12896043,0.026700057,0.6995896,-10.963163,-16.263222,-1.028431
369765.0,0,0,0.7006666,-0.119961664,0.020587696,0.7030304,-10.961893,-16.265268,-1.0319053
369766.0,0,0,0.6987988,-0.111342534,0.018026397,0.7063697,-10.960052,-16.266941,-1.0350311
369767.0,0,0,0.69710505,-0.103125684,0.018337157,0.7092767,-10.957883,-16.268267,-1.0378946
369768.0,0,0,0.6954895,-0.093414746,0.019407343,0.7121738,-10.955722,-16.269398,-1.0405413
369769.0,0,0,0.6941393,-0.084366955,0.020790348,0.7145772,-10.953825,-16.270403,-1.0429986
369770.0,0,0,0.6932384,-0.07742946,0.022372492,0.7161877,-10.952256,-16.271286,-1.0452896
369771.0,0,0,0.69249254,-0.071599,0.023951676,0.71746355,-10.95091,-16.272057,-1.0474175
369772.0,0,0,0.6918123,-0.065998994,0.025581706,0.7185996,-10.949622,-16.272728,-1.0494081
369773.0,0,0,0.69120574,-0.06064169,0.02762621,0.71957904,-10.948302,-16.273317,-1.05129
369774.0,0,0,0.69066006,-0.055375483,0.029758008,0.720442,-10.946978,-16.27386,-1.0530822
369775.0,0,0,0.69022435,-0.050432075,0.03155368,0.7211458,-10.945751,-16.27439,-1.0547833
369776.0,0,0,0.690089,-0.046135947,0.0327204,0.721511,-10.944734,-16.274925,-1.0563711
369777.0,0,0,0.6901376,-0.0425607,0.03265463,0.72168714,-10.943969,-16.27543,-1.057819
369778.0,0,0,0.6902021,-0.04036472,0.0324319,0.7217617,-10.943374,-16.275839,-1.0591395
369779.0,0,0,0.6902567,-0.039002042,0.032587375,0.7217774,-10.942817,-16.276154,-1.0603735
369780.0,0,0,0.6902374,-0.037608624,0.03290712,0.72185534,-10.942238,-16.276426,-1.0615678
369781.0,0,0,0.6902596,-0.03615246,0.033115685,0.72189903,-10.941667,-16.27671,-1.062755
369782.0,0,0,0.6903352,-0.034921613,0.032826684,0.7219004,-10.94115,-16.277016,-1.0639279
369783.0,0,0,0.6904052,-0.033897724,0.032291044,0.72190654,-10.940681,-16.277319,-1.0650811
369784.0,0,0,0.6904435,-0.033041462,0.031843647,0.7219294,-10.940233,-16.277597,-1.0662057
369785.0,0,0,0.69045407,-0.03236355,0.03147995,0.7219659,-10.9397955,-16.277847,-1.0673046
369786.0,0,0,0.6904574,-0.031877384,0.03104205,0.7220033,-10.939378,-16.278082,-1.0683866
369787.0,0,0,0.690475,-0.031488363,0.030378778,0.7220318,-10.938985,-16.27832,-1.0694607
369788.0,0,0,0.69051975,-0.031078193,0.029560471,0.72204083,-10.9386,-16.278568,-1.0705335
369789.0,0,0,0.6906019,-0.03049764,0.028731288,0.7220204,-10.938199,-16.278826,-1.0716077
369790.0,0,0,0.6907193,-0.0297509,0.027983962,0.72196853,-10.937769,-16.279087,-1.0726827
369791.0,0,0,0.6908457,-0.028861247,0.027305758,0.7219097,-10.937309,-16.279348,-1.0737587
369792.0,0,1,0.6909735,-0.028149314,0.026369743,0.7218503,-10.93683,-16.27961,-1.0748364
369793.0,0,1,0.69108504,-0.02720317,0.025619518,0.7218068,-10.936342,-16.27987,-1.0759137
369794.0,0,1,0.69119024,-0.026073867,0.02496897,0.7217706,-10.935857,-16.280128,-1.0769855
369795.0,0,1,0.6912963,-0.024811745,0.02430543,0.7217362,-10.935378,-16.280382,-1.0780483
369796.0,0,1,0.69141334,-0.023516297,0.02359102,0.7216911,-10.934906,-16.280626,-1.0790972
369797.0,0,1,0.69156384,-0.022303892,0.022868788,0.7216087,-10.934439,-16.280859,-1.08013
369798.0,0,1,0.69175184,-0.021205008,0.022155605,0.72148377,-10.93397,-16.281086,-1.0811534
369799.0,0,1,0.6919716,-0.020128842,0.021390121,0.721327,-10.933499,-16.281303,-1.0821663
369800.0,0,1,0.69221103,-0.01902709,0.020658635,0.72114843,-10.933025,-16.281506,-1.0831652
369801.0,0,1,0.6924593,-0.018008173,0.020038895,0.72095376,-10.9325485,-16.281687,-1.084151
369802.0,0,1,0.692705,-0.01712983,0.019548235,0.72075266,-10.93207,-16.28185,-1.0851235
369803.0,0,1,0.69293725,-0.016360074,0.019222941,0.72055584,-10.931588,-16.282003,-1.0860876
369804.0,0,1,0.6931594,-0.015693173,0.019001758,0.7203629,-10.931103,-16.282148,-1.0870434
369805.0,0,1,0.6933767,-0.015089786,0.018860195,0.7201703,-10.930613,-16.282288,-1.087994
369806.0,0,1,0.6935894,-0.014523062,0.01879081,0.7199789,-10.930117,-16.282423,-1.0889403
369807.0,0,1,0.69380295,-0.013981376,0.018782912,0.7197842,-10.929612,-16.282558,-1.0898868
369808.0,0,1,0.69402647,-0.013393447,0.018833619,0.7195785,-10.9291,-16.282694,-1.0908307
369809.0,0,1,0.69427025,-0.012735028,0.018979823,0.7193515,-10.928583,-16.282835,-1.091775
369810.0,0,1,0.6945408,-0.011945867,0.019164976,0.71909875,-10.928065,-16.282984,-1.0927218
369811.0,1,1,0.6948381,-0.011040295,0.019298887,0.71882236,-10.937309,-16.279348,-1.0737587
369812.0,1,1,0.6951597,-0.010169417,0.019362124,0.7185227,-10.937309,-16.279348,-1.0737587
369813.0,1,1,0.6954416,-0.009312848,0.019327736,0.7182623,-10.937309,-16.279348,-1.0737587
369814.0,1,1,0.6957205,-0.008026946,0.019112546,0.71801347,-10.937309,-16.279348,-1.0737587
369815.0,1,1,0.6960055,-0.006727026,0.018742256,0.7177604,-10.937309,-16.279348,-1.0737587
369816.0,1,1,0.6962695,-0.0054468787,0.018327607,0.7175257,-10.937309,-16.279348,-1.0737587
369817.0,1,1,0.69653267,-0.0042007365,0.018006513,0.71728677,-10.937309,-16.279348,-1.0737587
369818.0,1,1,0.69679415,-0.002968294,0.017752241,0.71704525,-10.937309,-16.279348,-1.0737587
369819.0,1,1,0.6970406,-0.0016647276,0.01744209,0.71681756,-10.937309,-16.279348,-1.0737587
369820.0,1,1,0.6972777,-0.00030626552,0.017013984,0.71659905,-10.937309,-16.279348,-1.0737587
369821.0,1,1,0.6975042,0.0011702754,0.016564127,0.7163883,-10.937309,-16.279348,-1.0737587
369822.0,1,1,0.69771796,0.002704903,0.016082749,0.7161868,-10.937309,-16.279348,-1.0737587
369823.0,1,1,0.69792086,0.004124396,0.0155220665,0.71599483,-10.937309,-16.279348,-1.0737587
369824.0,1,1,0.6980924,0.0054646623,0.01481111,0.71583366,-10.937309,-16.279348,-1.0737587
369825.0,1,1,0.69823956,0.0067701964,0.014031173,0.71569467,-10.937309,-16.279348,-1.0737587
369826.0,1,1,0.69837403,0.007987445,0.013171266,0.7155672,-10.937309,-16.279348,-1.0737587
369827.0,1,1,0.6984762,0.009120172,0.012302814,0.7154695,-10.937309,-16.279348,-1.0737587
369828.0,1,1,0.69854623,0.010180753,0.011385474,0.7154018,-10.937309,-16.279348,-1.0737587
369829.0,1,1,0.69859725,0.011091908,0.010452291,0.7153527,-10.937309,-16.279348,-1.0737587
369830.0,1,1,0.6986093,0.011848091,0.009556894,0.7153415,-10.937309,-16.279348,-1.0737587
369831.0,1,1,0.69859457,0.012433137,0.008780804,0.7153559,-10.937309,-16.279348,-1.0737587
369832.0,1,1,0.6985604,0.0128859375,0.008111873,0.7153891,-10.937309,-16.279348,-1.0737587
369833.0,1,1,0.69850904,0.013259517,0.0074614664,0.7154395,-10.937309,-16.279348,-1.0737587
369834.0,1,1,0.69845104,0.013615408,0.0067798467,0.71549624,-10.937309,-16.279348,-1.0737587
369835.0,1,1,0.6983929,0.0139893675,0.006010693,0.7155527,-10.937309,-16.279348,-1.0737587
369836.0,1,1,0.69833785,0.014424262,0.005115108,0.7156047,-10.937309,-16.279348,-1.0737587
369837.0,1,1,0.6983021,0.014853021,0.0041762907,0.71563685,-10.937309,-16.279348,-1.0737587
369838.0,1,1,0.69829416,0.0152193215,0.003318728,0.7156415,-10.937309,-16.279348,-1.0737587
369839.0,1,1,0.69830215,0.015545367,0.002501777,0.7156299,-10.937309,-16.279348,-1.0737587
369840.0,1,1,0.69831854,0.01591815,0.001638833,0.7156083,-10.937309,-16.279348,-1.0737587
369841.0,1,1,0.6983506,0.016399125,0.0006976469,0.71556765,-10.937309,-16.279348,-1.0737587
369842.0,1,1,0.6983976,0.017038275,-0.00038659296,0.7155071,-10.937309,-16.279348,-1.0737587
369843.0,1,1,0.6984757,0.017816717,-0.0015841072,0.7154101,-10.937309,-16.279348,-1.0737587
369844.0,1,1,0.69858027,0.018673483,-0.0028248045,0.71528244,-10.937309,-16.279348,-1.0737587
369845.0,1,1,0.6986955,0.019564003,-0.0040520825,0.71514016,-10.937309,-16.279348,-1.0737587
369846.0,1,1,0.6988138,0.02054403,-0.0054070065,0.71498805,-10.937309,-16.279348,-1.0737587
369847.0,1,1,0.6989365,0.021619849,-0.006856977,0.714824,-10.937309,-16.279348,-1.0737587
369848.0,1,1,0.6990302,0.022814779,-0.008327894,0.71467954,-10.937309,-16.279348,-1.0737587
369849.0,1,1,0.6990751,0.024108745,-0.009824393,0.7145742,-10.937309,-16.279348,-1.0737587
369850.0,1,1,0.6990729,0.02546921,-0.011363178,0.71450627,-10.937309,-16.279348,-1.0737587
369851.0,1,1,0.6990329,0.026828244,-0.012933067,0.71446913,-10.937309,-16.279348,-1.0737587
369852.0,1,1,0.69897485,0.028226953,-0.014591276,0.71444005,-10.937309,-16.279348,-1.0737587
369853.0,1,1,0.698888,0.029719373,-0.016405262,0.714425,-10.937309,-16.279348,-1.0737587
369854.0,1,1,0.69877625,0.031462215,-0.01853548,0.7144078,-10.937309,-16.279348,-1.0737587
369855.0,1,1,0.69867647,0.033377454,-0.020866282,0.7143541,-10.937309,-16.279348,-1.0737587
369856.0,1,1,0.69859177,0.0352048,-0.023223944,0.7142765,-10.937309,-16.279348,-1.0737587
369857.0,1,1,0.69850546,0.036804263,-0.025477534,0.7142034,-10.937309,-16.279348,-1.0737587
369858.0,0,0,0.6983411,0.038916342,-0.028688595,0.7141304,-10.937321,-16.2794,-1.0737519
369859.0,0,0,0.69813687,0.041303072,-0.0321767,0.7140474,-10.93734,-16.279518,-1.0737442
369860.0,0,0,0.6979686,0.04398823,-0.035981733,0.71386987,-10.937369,-16.279726,-1.0737394
369861.0,0,0,0.69784564,0.04717441,-0.04042243,0.7135491,-10.937418,-16.280067,-1.0737406
369862.0,0,0,0.69763947,0.051269412,-0.046000496,0.71313024,-10.937499,-16.280617,-1.0737584
369863.0,0,0,0.69726545,0.05640361,-0.052963708,0.712625,-10.937635,-16.281483,-1.0738128
369864.0,0,0,0.69640434,0.06333981,-0.062509134,0.7121108,-10.937832,-16.282696,-1.073876
369865.0,0,0,0.6950042,0.07216239,-0.07409574,0.7115276,-10.938083,-16.284143,-1.0738884
369866.0,0,0,0.69391036,0.08057235,-0.08642966,0.7103002,-10.938392,-16.285892,-1.0738294
369867.0,0,0,0.6920203,0.09137675,-0.10260595,0.7086821,-10.93874,-16.288214,-1.0736805
369868.0,0,0,0.68773645,0.107205674,-0.12293419,0.7073985,-10.939187,-16.290987,-1.0733758
369869.0,0,0,0.68336964,0.12169626,-0.14397575,0.7053134,-10.939824,-16.294,-1.0728768
369870.0,0,0,0.6801885,0.1333856,-0.16669841,0.7012584,-10.940636,-16.297544,-1.0722125
369871.0,0,0,0.6744292,0.1507567,-0.19363412,0.6963645,-10.941576,-16.301908,-1.0714916
369872.0,0,0,0.6673872,0.16973637,-0.22385666,0.6896899,-10.942614,-16.307055,-1.0708903
369873.0,0,0,0.65968335,0.18907513,-0.25583297,0.680895,-10.9436655,-16.312716,-1.070559
369874.0,0,0,0.6512292,0.20988695,-0.2882728,0.6698855,-10.944618,-16.318792,-1.0706027
369875.0,0,0,0.64145416,0.23310639,-0.32132936,0.6564643,-10.945355,-16.32522,-1.0711153
369876.0,0,0,0.62938493,0.25899345,-0.35457146,0.6411522,-10.946016,-16.331963,-1.0720472
369877.0,0,0,0.6167569,0.28164983,-0.3853638,0.6259225,-10.946871,-16.338987,-1.0727946
369878.0,0,0,0.6097642,0.29479638,-0.40692008,0.6129427,-10.947877,-16.346455,-1.0722314
369879.0,0,0,0.6085814,0.30215043,-0.4166603,0.6039272,-10.948855,-16.3551,-1.0697954
369880.0,0,0,0.61081916,0.30576596,-0.41721326,0.5994499,-10.949695,-16.3652,-1.0661423
369881.0,0,0,0.61516446,0.30588004,-0.41464344,0.5967251,-10.950402,-16.376781,-1.0623192
369882.0,0,0,0.6192717,0.3052266,-0.41144526,0.5950229,-10.95101,-16.389591,-1.0589052
369883.0,0,0,0.6235362,0.30378327,-0.40670907,0.5945637,-10.95153,-16.403303,-1.0559162
369884.0,0,0,0.6284549,0.3011463,-0.4002128,0.5951345,-10.951957,-16.417704,-1.0532537
369885.0,0,0,0.6332152,0.2982127,-0.39320007,0.5962394,-10.952285,-16.43263,-1.0509624
369886.0,0,0,0.6375083,0.2954584,-0.38659668,0.597353,-10.952528,-16.44792,-1.0491366
369887.0,0,0,0.64151174,0.29281935,-0.38031736,0.59839624,-10.952703,-16.463587,-1.0477803
369888.0,0,0,0.6453432,0.2902009,-0.37405136,0.59950066,-10.952821,-16.479603,-1.0468366
369889.0,0,0,0.64915705,0.28743958,-0.36760974,0.6006969,-10.952885,-16.495913,-1.0462364
369890.0,0,0,0.65299255,0.2844709,-0.3609131,0.60201234,-10.952901,-16.512604,-1.0459219
369891.0,0,0,0.65686786,0.28121805,-0.35389858,0.6034873,-10.952878,-16.529642,-1.0458486
369892.0,0,0,0.66087645,0.27753285,-0.34640932,0.6051598,-10.952821,-16.547049,-1.0459744
369893.0,0,0,0.6650295,0.27339077,-0.33833203,0.60706234,-10.952731,-16.564875,-1.0462657
369894.0,0,0,0.6692581,0.268881,-0.32974505,0.6091509,-10.952608,-16.582918,-1.0466911
369895.0,0,0,0.67357457,0.26398206,-0.32059819,0.6114145,-10.95245,-16.60139,-1.0472313
369896.0,0,0,0.67792475,0.25869465,-0.3109908,0.6138241,-10.952254,-16.620165,-1.0478544
369897.0,0,0,0.68232614,0.2528728,-0.30089924,0.6163977,-10.952014,-16.639273,-1.0485309
369898.0,0,0,0.6868017,0.2463854,-0.29025647,0.61915183,-10.951712,-16.65876,-1.0492405
369899.0,0,0,0.69123894,0.23933882,-0.27925545,0.6220307,-10.951336,-16.678291,-1.0499678
369900.0,0,0,0.6956266,0.23169208,-0.26785108,0.62504256,-10.950867,-16.698153,-1.0507412
369901.0,0,0,0.6998279,0.22361936,-0.25635117,0.6281078,-10.950301,-16.718193,-1.0515822
369902.0,0,0,0.703749,0.21525891,-0.24500813,0.6311671,-10.94964,-16.738375,-1.0525091
369903.0,0,0,0.7073605,0.2066542,-0.23392667,0.63420296,-10.948886,-16.758718,-1.0535288
369904.0,0,0,0.7106728,0.1978263,-0.22315036,0.6371914,-10.948042,-16.779196,-1.0546364
369905.0,0,0,0.7137119,0.1887974,-0.21265852,0.6401149,-10.947112,-16.799807,-1.0558255
369906.0,0,0,0.7164766,0.1796533,-0.20251203,0.6429423,-10.946106,-16.820484,-1.0570849
369907.0,0,0,0.71899253,0.17042476,-0.19272915,0.64564747,-10.945032,-16.841286,-1.0584055
369908.0,0,0,0.72128993,0.16111912,-0.18330915,0.64821243,-10.943906,-16.862177,-1.0597621
369909.0,0,0,0.7234089,0.15171653,-0.17413737,0.65064424,-10.942738,-16.883171,-1.0611204
369910.0,0,0,0.7253891,0.14218065,-0.1650633,0.65295434,-10.941531,-16.904264,-1.0624411
369911.0,0,0,0.72725695,0.13247381,-0.1559881,0.6551457,-10.940292,-16.925423,-1.0636876
369912.0,0,0,0.72901386,0.122574635,-0.1468095,0.65723765,-10.939023,-16.946682,-1.0648347
369913.0,0,0,0.7306565,0.11253634,-0.13751455,0.6592165,-10.937734,-16.967983,-1.065859
369914.0,0,0,0.7321926,0.10234512,-0.12806228,0.6610745,-10.936429,-16.989391,-1.0667454
369915.0,0,0,0.73363364,0.09202328,-0.118465535,0.66278154,-10.935121,-17.010838,-1.0674732
369916.0,0,0,0.73498875,0.0815732,-0.10871853,0.6643175,-10.933812,-17.032305,-1.068026
369917.0,0,0,0.7362495,0.07101532,-0.0987945,0.6656825,-10.932503,-17.053835,-1.068392
369918.0,0,0,0.7374038,0.060395557,-0.088741064,0.66686803,-10.931195,-17.07536,-1.0685627
369919.0,0,0,0.73843217,0.049707294,-0.07857843,0.6678866,-10.929886,-17.096905,-1.0685335
369920.0,0,0,0.7393224,0.03895096,-0.068326734,0.6687426,-10.928574,-17.118423,-1.0683018
369921.0,0,0,0.74005973,0.028089978,-0.05796229,0.66944975,-10.927252,-17.139927,-1.0678668
369922.0,0,0,0.74062467,0.017141217,-0.04748723,0.6700196,-10.925916,-17.161366,-1.0672319
369923.0,0,0,0.7410004,0.0061021657,-0.036922686,0.67046094,-10.92456,-17.182716,-1.0664032
369924.0,0,0,0.7411719,-0.0050358907,-0.026288252,0.6707815,-10.923178,-17.20399,-1.0653864
369925.0,0,0,0.7411217,-0.01626368,-0.0156215,0.67099196,-10.921766,-17.225185,-1.0641885
369926.0,0,0,0.7408281,-0.027563604,-0.0049893567,0.67111033,-10.920323,-17.246265,-1.0628186
369927.0,0,0,0.7402808,-0.038942892,0.0055687856,0.6711459,-10.918845,-17.267252,-1.0612818
369928.0,0,0,0.7394666,-0.05035275,0.015986314,0.6711171,-10.9173355,-17.288067,-1.0595883
369929.0,0,0,0.73838115,-0.06184258,0.026310414,0.6710264,-10.915786,-17.308804,-1.0577313
369930.0,0,0,0.7370414,-0.07335679,0.03650674,0.6708621,-10.914206,-17.329369,-1.0557184
369931.0,0,0,0.73546755,-0.08489795,0.046568997,0.67060506,-10.912599,-17.34979,-1.0535455
369932.0,0,0,0.73370457,-0.096444756,0.056457724,0.67021537,-10.910976,-17.370018,-1.0512171
369933.0,0,0,0.7317765,-0.10800695,0.066148855,0.669673,-10.909338,-17.39011,-1.0487226
369934.0,0,0,0.7297078,-0.11953979,0.075590126,0.6689715,-10.907692,-17.40997,-1.046067
369935.0,0,0,0.72750247,-0.1310696,0.0847854,0.66811115,-10.906035,-17.429604,-1.0432341
369936.0,0,0,0.72516304,-0.14260745,0.09372383,0.6670964,-10.9043665,-17.449024,-1.0401971
369937.0,0,0,0.72266924,-0.15421833,0.10246539,0.6659329,-10.902687,-17.468172,-1.036935
369938.0,0,0,0.72001415,-0.16596797,0.11112048,0.664595,-10.901,-17.48698,-1.0334331
369939.0,0,0,0.71716505,-0.1780034,0.11983742,0.66304445,-10.899298,-17.505466,-1.0296714
369940.0,0,0,0.71411544,-0.19027424,0.12865958,0.6612728,-10.897589,-17.523476,-1.0256838
369941.0,0,0,0.7108174,-0.20277536,0.13764974,0.65929765,-10.8958645,-17.541042,-1.0214837
369942.0,0,0,0.7072426,-0.21546412,0.14676642,0.65714747,-10.894119,-17.558186,-1.017105
369943.0,0,0,0.7033972,-0.2281473,0.15582374,0.6549048,-10.892357,-17.574848,-1.0126176
369944.0,0,0,0.6992676,-0.24072602,0.1646652,0.65265703,-10.890575,-17.591045,-1.0080781
369945.0,0,0,0.69485044,-0.25309962,0.17319116,0.6504831,-10.888774,-17.606758,-1.0035484
369946.0,0,0,0.6901547,-0.26517877,0.18130353,0.6484564,-10.886951,-17.621956,-0.99908805
369947.0,0,0,0.68519765,-0.27685037,0.18898046,0.64664096,-10.885095,-17.636658,-0.9947364
369948.0,0,0,0.6800267,-0.28795156,0.19623582,0.64508843,-10.883197,-17.650812,-0.9905531
369949.0,0,0,0.6746762,-0.29837784,0.20313884,0.6438301,-10.881241,-17.664429,-0.98658484
369950.0,0,0,0.6692498,-0.3080397,0.20973542,0.64282775,-10.879231,-17.677444,-0.9829097
369951.0,0,0,0.66386384,-0.31695586,0.21602471,0.6419947,-10.877175,-17.689888,-0.9795865
369952.0,0,0,0.65869975,-0.32511795,0.22183402,0.6412509,-10.875116,-17.70171,-0.9767001
369953.0,0,0,0.6538704,-0.33269072,0.22696729,0.6405125,-10.873096,-17.712954,-0.9743157
369954.0,0,0,0.64951354,-0.33984706,0.23121645,0.63966805,-10.871174,-17.723587,-0.97252095
369955.0,0,0,0.6457461,-0.34668723,0.23448694,0.6386202,-10.869375,-17.733652,-0.97139376
369956.0,0,0,0.6426928,-0.3530573,0.23666835,0.6374046,-10.867727,-17.743061,-0.9710105
369957.0,0,0,0.6403537,-0.3588515,0.23779924,0.63610095,-10.866195,-17.751928,-0.9714231
369958.0,0,0,0.638745,-0.3637758,0.23799355,0.6348474,-10.864743,-17.760242,-0.9726678
369959.0,0,0,0.6378566,-0.36745664,0.23749447,0.63380677,-10.863316,-17.768005,-0.97475666
369960.0,0,0,0.6376786,-0.36951804,0.23662196,0.6331134,-10.861853,-17.775213,-0.9776798
369961.0,0,0,0.6381642,-0.36974916,0.23559676,0.6328714,-10.860309,-17.781874,-0.9814178
369962.0,0,0,0.6392478,-0.3681168,0.23444211,0.63315815,-10.85867,-17.787973,-0.98592454
369963.0,0,0,0.64083374,-0.36481044,0.23308626,0.63396865,-10.856941,-17.793522,-0.99116784
369964.0,0,0,0.642833,-0.3601566,0.23144363,0.63520616,-10.855144,-17.798489,-0.99708754
369965.0,0,0,0.645221,-0.3544897,0.22942205,0.6367044,-10.853285,-17.802858,-1.0036004
369966.0,0,0,0.6486465,-0.34753826,0.22641376,0.6381313,-10.851499,-17.80691,-1.01052
369967.0,0,0,0.6518231,-0.3410075,0.21992593,0.64068186,-10.849942,-17.811264,-1.01732
369968.0,0,0,0.6543354,-0.33454475,0.20892882,0.6451928,-10.848503,-17.81617,-1.0234714
369969.0,0,0,0.65661633,-0.3271754,0.20056885,0.64929456,-10.8468895,-17.821308,-1.0289555
369970.0,0,0,0.65883124,-0.31922626,0.1956563,0.6524988,-10.844783,-17.82647,-1.0341483
369971.0,0,0,0.6623827,-0.30759165,0.19194035,0.6555878,-10.841962,-17.831818,-1.0395585
369972.0,0,0,0.66780114,-0.28889295,0.18919842,0.65938336,-10.838561,-17.837675,-1.0456362
369973.0,0,0,0.6734138,-0.26626906,0.18231252,0.665114,-10.835117,-17.844177,-1.0525266
369974.0,0,0,0.67694664,-0.24615227,0.1667764,0.67330384,-10.83204,-17.851007,-1.059988
369975.0,0,0,0.6776683,-0.2307914,0.14805827,0.68233407,-10.82923,-17.857492,-1.0674342
369976.0,0,0,0.6770802,-0.21584392,0.1331832,0.6908226,-10.826428,-17.863117,-1.0743654
369977.0,0,0,0.6761746,-0.20051529,0.12226177,0.6983077,-10.823717,-17.867813,-1.0807445
369978.0,0,0,0.67551243,-0.18778813,0.11198797,0.70418555,-10.821462,-17.871843,-1.086773
369979.0,0,0,0.6754788,-0.17624576,0.10075596,0.7088823,-10.8199,-17.875544,-1.0926266
369980.0,0,0,0.6761057,-0.16468635,0.08922509,0.71259975,-10.819059,-17.879005,-1.0983063
369981.0,0,0,0.6772647,-0.1547735,0.07818905,0.71501344,-10.818815,-17.882097,-1.1036892
369982.0,0,0,0.6787854,-0.14667195,0.06798608,0.71632093,-10.818936,-17.884762,-1.1087548
369983.0,0,0,0.6803744,-0.13961893,0.058735244,0.71704084,-10.819172,-17.887009,-1.1134703
369984.0,0,0,0.6816823,-0.13337931,0.050233487,0.71763206,-10.819327,-17.888924,-1.1178699
369985.0,0,0,0.68246406,-0.12795402,0.042602286,0.7183702,-10.819269,-17.890602,-1.1219687
369986.0,0,0,0.68202305,-0.12351576,0.03673805,0.719888,-10.818854,-17.892195,-1.1256943
369987.0,0,0,0.68064123,-0.11575354,0.03118121,0.7227423,-10.818002,-17.893673,-1.128982
369988.0,0,0,0.6792621,-0.109287836,0.030354107,0.72507787,-10.816934,-17.894827,-1.1320466
369989.0,0,0,0.6780716,-0.10194687,0.030348174,0.7272584,-10.815852,-17.895798,-1.1349247
369990.0,0,0,0.67702127,-0.094295986,0.030583136,0.72925663,-10.814938,-17.896662,-1.1376274
369991.0,0,0,0.6763039,-0.088334374,0.031064792,0.73064697,-10.814251,-17.897425,-1.1401845
369992.0,0,0,0.6757546,-0.083433606,0.031612746,0.73170704,-10.813723,-17.898098,-1.1426163
369993.0,0,0,0.67524415,-0.07845054,0.03223862,0.7327015,-10.813232,-17.89868,-1.1449283
369994.0,0,0,0.674797,-0.073730364,0.03336425,0.73355275,-10.8127,-17.899157,-1.1471362
369995.0,0,0,0.6743843,-0.069362655,0.035000857,0.73428166,-10.812135,-17.89954,-1.1492578
369996.0,0,0,0.6740203,-0.065190434,0.036666404,0.7349166,-10.81162,-17.899872,-1.1513057
369997.0,0,0,0.6737534,-0.061538048,0.03790666,0.73541325,-10.811248,-17.900183,-1.153281
369998.0,0,0,0.67365307,-0.058593832,0.038561143,0.73571146,-10.811061,-17.900482,-1.1551679
369999.0,0,0,0.67367023,-0.05625036,0.038632162,0.7358749,-10.811035,-17.900743,-1.1569464
370000.0,0,0,0.6737066,-0.054551262,0.038616348,0.7359703,-10.811101,-17.900942,-1.1586453
370001.0,0,0,0.67374516,-0.053301413,0.038794532,0.73601735,-10.811183,-17.901083,-1.1602699
370002.0,0,0,0.67379594,-0.051987972,0.0389587,0.736056,-10.811256,-17.90121,-1.1618866
370003.0,0,0,0.67388994,-0.050553694,0.03889763,0.7360732,-10.811339,-17.901346,-1.1634964
370004.0,0,0,0.67401004,-0.04926787,0.03860792,0.73606575,-10.811454,-17.901484,-1.1650847
370005.0,0,0,0.67411864,-0.048193227,0.038181506,0.7360596,-10.8116045,-17.9016,-1.1666504
370006.0,0,1,0.67421657,-0.046610814,0.03767415,0.7360979,-10.811782,-17.901684,-1.1681843
370007.0,0,1,0.6743024,-0.045368988,0.037121266,0.73612505,-10.811978,-17.901741,-1.1696941
370008.0,0,1,0.67437965,-0.044430178,0.036600422,0.73613757,-10.812188,-17.901783,-1.1711874
370009.0,0,1,0.67447144,-0.04375782,0.036060393,0.73612046,-10.812405,-17.90182,-1.1726717
370010.0,0,1,0.6745912,-0.043242957,0.03535239,0.7360754,-10.812617,-17.901852,-1.174153
370011.0,0,1,0.6747381,-0.04274124,0.034464676,0.7360122,-10.812813,-17.901876,-1.1756287
370012.0,0,1,0.67489034,-0.04216081,0.03355691,0.735948,-10.812988,-17.90189,-1.1771016
370013.0,0,1,0.6750423,-0.041469622,0.03276829,0.7358835,-10.813146,-17.901894,-1.1785707
370014.0,0,1,0.67518896,-0.040665895,0.03215163,0.7358209,-10.8132925,-17.90189,-1.1800383
370015.0,0,1,0.67532986,-0.03972243,0.0316705,0.73576397,-10.813436,-17.901882,-1.1815019
370016.0,0,1,0.6754711,-0.03862703,0.031220356,0.7357119,-10.81358,-17.901867,-1.1829604
370017.0,0,1,0.6756222,-0.037431996,0.030740093,0.73565525,-10.813726,-17.90184,-1.1844119
370018.0,0,1,0.67580146,-0.03624131,0.030297082,0.73556864,-10.813876,-17.901802,-1.1858574
370019.0,0,1,0.6760143,-0.03510267,0.02989178,0.7354448,-10.814028,-17.901754,-1.1872984
370020.0,0,1,0.67625576,-0.03398231,0.029531786,0.7352899,-10.814182,-17.901703,-1.1887369
370021.0,0,1,0.6765197,-0.03285029,0.029154737,0.7351136,-10.814341,-17.901646,-1.1901721
370022.0,0,1,0.6767948,-0.031714346,0.028702417,0.734928,-10.8145,-17.901579,-1.1915988
370023.0,0,1,0.67706245,-0.03059598,0.028214898,0.73474777,-10.814658,-17.901497,-1.1930172
370024.0,0,1,0.67731184,-0.029513521,0.027762331,0.73457944,-10.814814,-17.9014,-1.1944268
370025.0,1,1,0.6775358,-0.02845433,0.027421258,0.7344276,-10.8116045,-17.9016,-1.1666504
370026.0,1,1,0.6777358,-0.02738744,0.02716896,0.7342928,-10.8116045,-17.9016,-1.1666504
370027.0,1,1,0.67790926,-0.026310828,0.026942609,0.73418045,-10.8116045,-17.9016,-1.1666504
370028.0,1,1,0.6780703,-0.025331028,0.026752206,0.73407316,-10.8116045,-17.9016,-1.1666504
370029.0,1,1,0.6782341,-0.024619592,0.026641062,0.73395,-10.8116045,-17.9016,-1.1666504
370030.0,1,1,0.67840195,-0.024121856,0.026732095,0.73380816,-10.8116045,-17.9016,-1.1666504
370031.0,1,1,0.6785787,-0.023566373,0.02691982,0.73365587,-10.8116045,-17.9016,-1.1666504
370032.0,1,1,0.67880756,-0.023054337,0.027088305,0.73345435,-10.8116045,-17.9016,-1.1666504
370033.0,1,1,0.6790899,-0.02241221,0.027354904,0.7332029,-10.8116045,-17.9016,-1.1666504
370034.0,1,1,0.67939407,-0.021205261,0.027515704,0.7329509,-10.8116045,-17.9016,-1.1666504
370035.0,1,1,0.6797153,-0.019605488,0.027462823,0.7326995,-10.8116045,-17.9016,-1.1666504
370036.0,1,1,0.68003345,-0.017851781,0.027307047,0.73245496,-10.8116045,-17.9016,-1.1666504
370037.0,1,1,0.6803524,-0.016052818,0.02711858,0.7322073,-10.8116045,-17.9016,-1.1666504
370038.0,1,1,0.6806518,-0.014368673,0.02693099,0.73197085,-10.8116045,-17.9016,-1.1666504
370039.0,1,1,0.6809143,-0.012805385,0.02678569,0.7317611,-10.8116045,-17.9016,-1.1666504
370040.0,1,1,0.6811478,-0.01136345,0.026701825,0.73157066,-10.8116045,-17.9016,-1.1666504
370041.0,1,1,0.6813305,-0.010002008,0.026595013,0.7314242,-10.8116045,-17.9016,-1.1666504
370042.0,1,1,0.6814748,-0.008602906,0.026444282,0.73131305,-10.8116045,-17.9016,-1.1666504
370043.0,1,1,0.6816211,-0.0071951244,0.026291361,0.73119754,-10.8116045,-17.9016,-1.1666504
370044.0,1,1,0.68175846,-0.00584506,0.026132684,0.73108715,-10.8116045,-17.9016,-1.1666504
370045.0,1,1,0.6818699,-0.0045363586,0.025927536,0.73099965,-10.8116045,-17.9016,-1.1666504
370046.0,1,1,0.6819761,-0.0032120028,0.025719691,0.73091507,-10.8116045,-17.9016,-1.1666504
370047.0,1,1,0.68207663,-0.0019286922,0.025441395,0.73083556,-10.8116045,-17.9016,-1.1666504
370048.0,1,1,0.68216664,-0.0007526659,0.025083927,0.73076594,-10.8116045,-17.9016,-1.1666504
370049.0,1,1,0.68224055,0.00033250923,0.024672361,0.7307114,-10.8116045,-17.9016,-1.1666504
370050.0,1,1,0.6823012,0.0013040551,0.024243342,0.730668,-10.8116045,-17.9016,-1.1666504
370051.0,1,1,0.68235886,0.0021503903,0.023852803,0.730625,-10.8116045,-17.9016,-1.1666504
370052.0,1,1,0.68241984,0.0028961804,0.023452858,0.7305784,-10.8116045,-17.9016,-1.1666504
370053.0,1,1,0.6824821,0.0035818743,0.023011878,0.7305312,-10.8116045,-17.9016,-1.1666504
370054.0,1,1,0.68255466,0.0042492207,0.022538269,0.73047465,-10.8116045,-17.9016,-1.1666504
370055.0,1,1,0.68264306,0.00489172,0.022026865,0.73040366,-10.8116045,-17.9016,-1.1666504
370056.0,1,1,0.68274987,0.005503119,0.021396028,0.7303181,-10.8116045,-17.9016,-1.1666504
370057.0,1,1,0.6828473,0.006074631,0.020754261,0.73024106,-10.8116045,-17.9016,-1.1666504
370058.0,1,1,0.68293905,0.006659758,0.020106917,0.73016816,-10.8116045,-17.9016,-1.1666504
370059.0,1,1,0.6830479,0.0072720856,0.019292003,0.7300826,-10.8116045,-17.9016,-1.1666504
370060.0,1,1,0.68316996,0.007949543,0.018268492,0.7299877,-10.8116045,-17.9016,-1.1666504
370061.0,1,1,0.68329203,0.008746313,0.017068641,0.7298933,-10.8116045,-17.9016,-1.1666504
370062.0,1,1,0.6834126,0.009658363,0.015647698,0.72980064,-10.8116045,-17.9016,-1.1666504
370063.0,1,1,0.6835396,0.010565346,0.014134169,0.7297,-10.8116045,-17.9016,-1.1666504
370064.0,1,1,0.6836734,0.011377387,0.012731355,0.7295883,-10.8116045,-17.9016,-1.1666504
370065.0,1,1,0.68379676,0.012100133,0.011363011,0.72948366,-10.8116045,-17.9016,-1.1666504
370066.0,1,1,0.68391633,0.012858704,0.009860567,0.7293804,-10.8116045,-17.9016,-1.1666504
370067.0,1,1,0.68403727,0.013750238,0.008224185,0.7292712,-10.8116045,-17.9016,-1.1666504
370068.0,1,1,0.6841544,0.014740725,0.006419053,0.72916,-10.8116045,-17.9016,-1.1666504
370069.0,1,1,0.68427926,0.015788471,0.004609175,0.7290345,-10.8116045,-17.9016,-1.1666504
370070.0,1,1,0.6844164,0.016841255,0.0028065445,0.72889143,-10.8116045,-17.9016,-1.1666504
370071.0,1,1,0.6845386,0.017899636,0.0010421452,0.72875607,-10.8116045,-17.9016,-1.1666504
370072.0,1,1,0.68462914,0.019015696,-0.0007762159,0.72864306,-10.8116045,-17.9016,-1.1666504
370073.0,1,1,0.6847141,0.020347089,-0.0027717294,0.7285224,-10.8116045,-17.9016,-1.1666504
370074.0,1,1,0.6848052,0.021828791,-0.0047901617,0.7283834,-10.8116045,-17.9016,-1.1666504
370075.0,1,1,0.68488723,0.023342181,-0.006727656,0.7282442,-10.8116045,-17.9016,-1.1666504
370076.0,1,1,0.6849199,0.025012879,-0.008768075,0.7281362,-10.8116045,-17.9016,-1.1666504
370077.0,1,1,0.6849371,0.026827306,-0.010873716,0.7280269,-10.8116045,-17.9016,-1.1666504
370078.0,1,1,0.6849792,0.029034488,-0.013424151,0.72786003,-10.8116045,-17.9016,-1.1666504
370079.0,1,1,0.6851349,0.031325,-0.016180908,0.7275624,-10.8116045,-17.9016,-1.1666504
370080.0,0,0,0.68534875,0.03334502,-0.019228688,0.72719693,-10.811619,-17.90161,-1.1666313
370081.0,0,0,0.68555385,0.035728905,-0.022851098,0.7267856,-10.811643,-17.90167,-1.1666015
370082.0,0,0,0.6856846,0.038644705,-0.027037602,0.7263692,-10.811671,-17.901834,-1.1665695
370083.0,0,0,0.6856763,0.04220201,-0.031951096,0.72597945,-10.811708,-17.902164,-1.166545
370084.0,0,0,0.6854561,0.04678474,-0.038048156,0.7256124,-10.811766,-17.90272,-1.1665369
370085.0,0,0,0.6850782,0.0524019,-0.045487814,0.725157,-10.811866,-17.903591,-1.1665608
370086.0,0,0,0.6843298,0.059602376,-0.055049658,0.72464466,-10.812021,-17.904839,-1.1666116
370087.0,0,0,0.6829995,0.06896973,-0.06718863,0.7240447,-10.812225,-17.906343,-1.1666253
370088.0,0,0,0.6818946,0.07821769,-0.07977939,0.72286725,-10.812483,-17.90806,-1.1665483
370089.0,0,0,0.68055755,0.08815151,-0.09487063,0.72115904,-10.812798,-17.910227,-1.166375
370090.0,0,0,0.6772779,0.102572724,-0.11428948,0.7195217,-10.813218,-17.912893,-1.1660519
370091.0,0,0,0.67315906,0.117583215,-0.1352993,0.7174434,-10.813859,-17.915813,-1.1655387
370092.0,0,0,0.6708493,0.12744626,-0.15744121,0.7133939,-10.814732,-17.919075,-1.1648487
370093.0,0,0,0.666741,0.14111337,-0.18296695,0.7085666,-10.815743,-17.923008,-1.1640587
370094.0,0,0,0.66071874,0.1582618,-0.21154736,0.7026035,-10.816804,-17.927654,-1.1633477
370095.0,0,0,0.6544305,0.17559128,-0.2415021,0.69466907,-10.817781,-17.9328,-1.1628741
370096.0,0,0,0.6469072,0.19537744,-0.2715247,0.6852831,-10.818554,-17.938272,-1.162714
370097.0,0,0,0.6377233,0.2174276,-0.30154213,0.6746159,-10.819207,-17.944023,-1.1628426
370098.0,0,0,0.62734115,0.23826905,-0.33004662,0.6638827,-10.8199215,-17.94998,-1.163
370099.0,0,0,0.61865413,0.2539852,-0.35351244,0.6540547,-10.820666,-17.956167,-1.1624051
370100.0,0,0,0.61356264,0.26473,-0.36666244,0.6473156,-10.821304,-17.962872,-1.1602699
370101.0,0,0,0.61143386,0.27130833,-0.37039065,0.64447755,-10.821794,-17.970428,-1.1567801
370102.0,0,0,0.61120516,0.27467394,-0.37044367,0.64323723,-10.822195,-17.97908,-1.1528518
370103.0,0,0,0.6105341,0.27818686,-0.37104583,0.64201653,-10.822612,-17.988832,-1.1491864
370104.0,0,0,0.61031157,0.2810639,-0.37125394,0.6408536,-10.82312,-17.999544,-1.1458533
370105.0,0,0,0.61159253,0.28221527,-0.36960158,0.6400811,-10.82373,-18.011017,-1.1427096
370106.0,0,0,0.6137728,0.2823396,-0.36686653,0.6395126,-10.824426,-18.023092,-1.139758
370107.0,0,0,0.6164812,0.2820592,-0.36395186,0.6386961,-10.82519,-18.035725,-1.137097
370108.0,0,0,0.61963475,0.2815097,-0.36084032,0.6376515,-10.826004,-18.048798,-1.134807
370109.0,0,0,0.62317175,0.28075776,-0.35720575,0.6365817,-10.826858,-18.06231,-1.13288
370110.0,0,0,0.62702,0.27985415,-0.35305324,0.6355164,-10.827738,-18.076227,-1.1312929
370111.0,0,0,0.6310306,0.27892524,-0.34849426,0.6344705,-10.828632,-18.090515,-1.1300263
370112.0,0,0,0.6351513,0.27795407,-0.3435103,0.63350224,-10.82953,-18.105232,-1.1290525
370113.0,0,0,0.63936806,0.2767677,-0.33807403,0.63270384,-10.830412,-18.120316,-1.1283416
370114.0,0,0,0.6436583,0.27526894,-0.33207747,0.63218313,-10.831262,-18.135786,-1.1278517
370115.0,0,0,0.6480189,0.27337015,-0.3254557,0.6319961,-10.832063,-18.15168,-1.1275471
370116.0,0,0,0.65240186,0.27100685,-0.31822538,0.63218635,-10.832792,-18.167942,-1.1274022
370117.0,0,0,0.65675163,0.2681637,-0.31040615,0.63278234,-10.83343,-18.184584,-1.1273993
370118.0,0,0,0.6610014,0.26483178,-0.30205232,0.6338026,-10.833957,-18.201612,-1.1275288
370119.0,0,0,0.66506654,0.26103023,-0.29325518,0.63525665,-10.834352,-18.218979,-1.1277826
370120.0,0,0,0.6689211,0.25673163,-0.2840313,0.6371497,-10.8345995,-18.236742,-1.1281543
370121.0,0,0,0.672479,0.2519918,-0.27454224,0.6394518,-10.834686,-18.254635,-1.1286288
370122.0,0,0,0.67574143,0.24680056,-0.2646664,0.6421952,-10.834602,-18.2729,-1.1292063
370123.0,0,0,0.6786532,0.24125792,-0.25452998,0.6453207,-10.834341,-18.291397,-1.1298774
370124.0,0,0,0.6812203,0.23536313,-0.24417722,0.648784,-10.833902,-18.310162,-1.130637
370125.0,0,0,0.68345994,0.22913215,-0.23368901,0.6525109,-10.833292,-18.329084,-1.13147
370126.0,0,0,0.68542707,0.22253639,-0.22302265,0.65645117,-10.832514,-18.348238,-1.132368
370127.0,0,0,0.6871378,0.2155786,-0.21229121,0.6605301,-10.831578,-18.367552,-1.1333201
370128.0,0,0,0.6886152,0.2082626,-0.20161511,0.6646707,-10.830494,-18.387032,-1.1343187
370129.0,0,0,0.6898925,0.20057659,-0.19104642,0.66881895,-10.829266,-18.406693,-1.1353524
370130.0,0,0,0.69098014,0.19250473,-0.18059608,0.6729587,-10.827898,-18.426512,-1.1364028
370131.0,0,0,0.69188094,0.18403573,-0.17022718,0.6770926,-10.826389,-18.446493,-1.1374502
370132.0,0,0,0.69258994,0.17519379,-0.15993118,0.68121094,-10.82474,-18.466568,-1.1384692
370133.0,0,0,0.69309103,0.16598459,-0.14957844,0.68534684,-10.822939,-18.486792,-1.1394418
370134.0,0,0,0.69333714,0.15652478,-0.13911282,0.68951523,-10.820982,-18.507103,-1.1403494
370135.0,0,0,0.6933079,0.14687407,-0.1284832,0.6937177,-10.81886,-18.527542,-1.1411849
370136.0,0,0,0.69300216,0.13714337,-0.11776954,0.697904,-10.816583,-18.548046,-1.1419406
370137.0,0,0,0.6924308,0.1273482,-0.10704609,0.7020421,-10.814157,-18.568596,-1.1426072
370138.0,0,0,0.6916241,0.117403,-0.09630119,0.7061153,-10.811577,-18.589262,-1.1431731
370139.0,0,0,0.69058573,0.10733455,-0.08559098,0.71010196,-10.808859,-18.609915,-1.1436194
370140.0,0,0,0.68932825,0.0970446,-0.07490416,0.71400166,-10.805995,-18.630608,-1.1439315
370141.0,0,0,0.68784714,0.08643104,-0.06421886,0.7178245,-10.802966,-18.65144,-1.1440928
370142.0,0,0,0.6861515,0.07566985,-0.053738426,0.721514,-10.799826,-18.672037,-1.1440868
370143.0,0,0,0.6841953,0.06457757,-0.043257702,0.72514504,-10.796517,-18.692722,-1.1438994
370144.0,0,0,0.6819696,0.053247176,-0.03279967,0.7287019,-10.793054,-18.713364,-1.1435214
370145.0,0,0,0.6794551,0.041758176,-0.022390096,0.73218554,-10.789436,-18.733925,-1.1429492
370146.0,0,0,0.6766276,0.030151684,-0.012011338,0.7356098,-10.785653,-18.75446,-1.1421776
370147.0,0,0,0.6735196,0.018544037,-0.0017132817,0.73893476,-10.781729,-18.774843,-1.1412088
370148.0,0,0,0.67014647,0.006876731,0.008610391,0.74214715,-10.777641,-18.795189,-1.1400346
370149.0,0,0,0.66657203,-0.0047658016,0.018890314,0.7451861,-10.773418,-18.815363,-1.1386614
370150.0,0,0,0.66281843,-0.016355908,0.029055363,0.7480374,-10.769053,-18.835398,-1.1370835
370151.0,0,0,0.6589087,-0.02783266,0.03904851,0.7506929,-10.764551,-18.855251,-1.1352947
370152.0,0,0,0.654852,-0.039281465,0.04894098,0.75314724,-10.759897,-18.874926,-1.1332805
370153.0,0,0,0.6506324,-0.05079843,0.0588206,0.75540537,-10.755076,-18.894396,-1.1310287
370154.0,0,0,0.6462331,-0.062434297,0.06873305,0.7574698,-10.750087,-18.913582,-1.1285404
370155.0,0,0,0.6416169,-0.07423686,0.078701735,0.7593568,-10.74491,-18.93246,-1.1258185
370156.0,0,0,0.6367306,-0.086258754,0.08872319,0.76109254,-10.739512,-18.951077,-1.1228623
370157.0,0,0,0.63161075,-0.09835784,0.09862869,0.76267034,-10.733949,-18.969187,-1.1197295
370158.0,0,0,0.6261626,-0.11065981,0.10845512,0.7641415,-10.728144,-18.986988,-1.116409
370159.0,0,0,0.62036127,-0.12307432,0.118050836,0.76555115,-10.722098,-19.004436,-1.1129322
370160.0,0,0,0.61420965,-0.13549328,0.1272524,0.7669386,-10.715828,-19.021467,-1.1093338
370161.0,0,0,0.6076892,-0.14789258,0.13595358,0.76834774,-10.709325,-19.03811,-1.1056211
370162.0,0,0,0.6008225,-0.16022843,0.14404029,0.7697997,-10.70266,-19.054241,-1.1018319
370163.0,0,0,0.59355557,-0.17275964,0.15152635,0.7712883,-10.695844,-19.069935,-1.0979565
370164.0,0,0,0.5859738,-0.18560156,0.15832959,0.7727344,-10.688948,-19.08516,-1.0940133
370165.0,0,0,0.5782144,-0.1985375,0.16444375,0.77408606,-10.682029,-19.099892,-1.0900203
370166.0,0,0,0.570311,-0.21136422,0.1699376,0.77536553,-10.675119,-19.114124,-1.0859947
370167.0,0,0,0.5622555,-0.2238909,0.1749452,0.7766182,-10.668214,-19.127872,-1.0819502
370168.0,0,0,0.5540642,-0.23585455,0.17967024,0.77788436,-10.66132,-19.141088,-1.077923
370169.0,0,0,0.5456818,-0.24706483,0.18437609,0.7792278,-10.654417,-19.15375,-1.0739458
370170.0,0,0,0.5370405,-0.25740096,0.189276,0.78070915,-10.647491,-19.165823,-1.0700601
370171.0,0,0,0.52798396,-0.26592013,0.19473371,0.7826866,-10.640549,-19.177275,-1.0663528
370172.0,0,0,0.51875085,-0.27368164,0.2002111,0.7848003,-10.633605,-19.18815,-1.062868
370173.0,0,0,0.50955045,-0.280878,0.20543112,0.78693324,-10.62675,-19.198414,-1.059687
370174.0,0,0,0.50057054,-0.28767747,0.21017328,0.78898543,-10.620009,-19.208138,-1.056867
370175.0,0,0,0.49210256,-0.29415235,0.2140818,0.79087204,-10.61348,-19.217304,-1.0544908
370176.0,0,0,0.4842673,-0.30042228,0.21681945,0.7926039,-10.6071415,-19.226044,-1.0525947
370177.0,0,0,0.47726575,-0.3063646,0.21815935,0.7942069,-10.601116,-19.23425,-1.0512419
370178.0,0,0,0.4709467,-0.3119803,0.2181652,0.79578984,-10.595316,-19.24204,-1.0504427
370179.0,0,0,0.46516672,-0.31712687,0.2170842,0.797449,-10.5897455,-19.249357,-1.0502281
370180.0,0,0,0.4597602,-0.32156795,0.21531625,0.7992832,-10.584372,-19.256153,-1.0506139
370181.0,0,0,0.45454356,-0.3249589,0.21325059,0.80144626,-10.5791025,-19.262447,-1.0516167
370182.0,0,0,0.44944403,-0.32695153,0.2112698,0.8040323,-10.573946,-19.268156,-1.0532191
370183.0,0,0,0.44426593,-0.32747483,0.20952342,0.8071481,-10.568812,-19.273346,-1.0554279
370184.0,0,0,0.43896973,-0.32653368,0.20800072,0.81081253,-10.563722,-19.277996,-1.058206
370185.0,0,0,0.43353924,-0.32428965,0.2066369,0.81497306,-10.558688,-19.282116,-1.0615156
370186.0,0,0,0.4279789,-0.3211146,0.20527421,0.819501,-10.55375,-19.28571,-1.0653086
370187.0,0,0,0.42234954,-0.31739894,0.20372888,0.8242411,-10.548948,-19.288776,-1.0695246
370188.0,0,0,0.41686484,-0.31310156,0.2017783,0.8291421,-10.544343,-19.291334,-1.0741397
370189.0,0,0,0.4129359,-0.30420938,0.1973588,0.835458,-10.539953,-19.293722,-1.0792909
370190.0,0,0,0.40745866,-0.29634666,0.18765327,0.8431739,-10.535498,-19.29633,-1.08491
370191.0,0,0,0.40117857,-0.28714094,0.17574988,0.85189074,-10.530806,-19.298935,-1.0906464
370192.0,0,0,0.39545113,-0.27695984,0.16905563,0.85926247,-10.526053,-19.30122,-1.0963311
370193.0,0,0,0.3894687,-0.2699065,0.16305123,0.865378,-10.521361,-19.3033,-1.1018794
370194.0,0,0,0.38430852,-0.26052117,0.15658663,0.8717319,-10.516767,-19.305508,-1.1073735
370195.0,0,0,0.37980318,-0.24916473,0.14917369,0.8783017,-10.5123005,-19.308147,-1.1131365
370196.0,0,0,0.37595636,-0.23692569,0.13887815,0.88500625,-10.508001,-19.311386,-1.1193801
370197.0,0,0,0.37344617,-0.2213941,0.12609123,0.89197737,-10.5040045,-19.315123,-1.125925
370198.0,0,0,0.3719701,-0.20454264,0.1114277,0.8985457,-10.500457,-19.319069,-1.1324357
370199.0,0,0,0.37108126,-0.18873799,0.0979861,0.90392226,-10.497564,-19.322851,-1.1384938
370200.0,0,0,0.3706616,-0.17557141,0.086035565,0.9079552,-10.495412,-19.326298,-1.1439518
370201.0,0,0,0.37086225,-0.16480279,0.074780926,0.9108837,-10.493909,-19.329456,-1.1489054
370202.0,0,0,0.37165183,-0.15475412,0.0640517,0.91313946,-10.49287,-19.332424,-1.1534897
370203.0,0,0,0.37273496,-0.14545207,0.05344706,0.91490746,-10.492131,-19.335247,-1.1577929
370204.0,0,0,0.37386963,-0.13719146,0.043101374,0.91626537,-10.491581,-19.337896,-1.1618294
370205.0,0,0,0.3748927,-0.12980607,0.03335559,0.91732943,-10.491149,-19.34032,-1.1655856
370206.0,0,0,0.3757783,-0.12307235,0.024104422,0.9181845,-10.490793,-19.3425,-1.1690786
370207.0,0,0,0.37649447,-0.116865344,0.015529404,0.91888696,-10.490492,-19.344444,-1.1723648
370208.0,0,0,0.37646598,-0.11246763,0.008381869,0.9195402,-10.490064,-19.34619,-1.1753405
370209.0,0,0,0.374854,-0.10613884,0.0026235292,0.9209844,-10.4893675,-19.347698,-1.1778222
370210.0,0,0,0.37254602,-0.09827098,-0.0018919305,0.92279404,-10.488556,-19.348768,-1.17983
370211.0,0,0,0.3704715,-0.094300196,-0.004083127,0.9240356,-10.487776,-19.34929,-1.1815157
370212.0,0,0,0.3688241,-0.090995416,-0.0040175063,0.92502564,-10.487044,-19.349434,-1.1829796
370213.0,0,0,0.36731887,-0.08685561,-0.00318489,0.92602533,-10.486379,-19.349464,-1.1842692
370214.0,0,0,0.36627188,-0.083330184,-0.0024313855,0.9267659,-10.485815,-19.349548,-1.1854432
370215.0,0,0,0.36568385,-0.08039577,-0.001843221,0.92725855,-10.48534,-19.34972,-1.1865342
370216.0,0,0,0.3651789,-0.07712793,-0.001445743,0.92773575,-10.484896,-19.349907,-1.1875558
370217.0,0,0,0.3647112,-0.073859766,-0.0006464446,0.9281865,-10.484435,-19.350004,-1.1885167
370218.0,0,0,0.36424422,-0.07079733,0.000920348,0.9286082,-10.483938,-19.349966,-1.18943
370219.0,0,0,0.36375895,-0.067740455,0.0029675078,0.92902195,-10.483416,-19.349834,-1.1903092
370220.0,0,0,0.36331695,-0.06468359,0.005054957,0.9294038,-10.482902,-19.349688,-1.1911546
370221.0,0,0,0.36295936,-0.061681993,0.006940252,0.9297353,-10.482435,-19.349575,-1.1919546
370222.0,0,0,0.36271244,-0.058966458,0.008494009,0.929995,-10.482042,-19.349503,-1.1926923
370223.0,0,0,0.3625632,-0.056741044,0.009781693,0.93017894,-10.481719,-19.349451,-1.1933664
370224.0,0,0,0.36246568,-0.054737568,0.010956745,0.93032384,-10.48143,-19.349407,-1.194002
370225.0,0,0,0.36236927,-0.052711494,0.012021936,0.9304652,-10.481153,-19.349365,-1.1946084
370226.0,0,0,0.36226955,-0.050779957,0.012948475,0.9305991,-10.480895,-19.349325,-1.1951793
370227.0,0,1,0.36217654,-0.048492607,0.014101065,0.9307405,-10.480678,-19.349293,-1.1957004
370228.0,0,1,0.36210433,-0.04642407,0.0152296275,0.9308563,-10.480511,-19.349274,-1.1961673
370229.0,0,1,0.3621031,-0.044793908,0.016147269,0.93092114,-10.480378,-19.349272,-1.1965934
370230.0,0,1,0.36215416,-0.04349026,0.01662613,0.9309547,-10.480254,-19.349281,-1.1969994
370231.0,0,1,0.3622304,-0.042358316,0.016638791,0.9309769,-10.480121,-19.349283,-1.1973964
370232.0,0,1,0.3623013,-0.041186992,0.016487917,0.9310047,-10.479973,-19.349264,-1.1977886
370233.0,0,1,0.36236295,-0.039908588,0.016576406,0.9310347,-10.479822,-19.34923,-1.1981683
370234.0,0,1,0.36242208,-0.038554102,0.016866853,0.93106353,-10.479679,-19.349192,-1.1985307
370235.0,0,1,0.3624921,-0.037294593,0.017153012,0.93108237,-10.479547,-19.349152,-1.1988744
370236.0,0,1,0.36256167,-0.036161132,0.017304286,0.93109727,-10.47942,-19.349108,-1.1992009
370237.0,0,1,0.36263373,-0.03511819,0.017368373,0.93110794,-10.479295,-19.349058,-1.1995114
370238.0,0,1,0.36272034,-0.034155086,0.017392036,0.9311095,-10.479171,-19.349003,-1.1998086
370239.0,0,1,0.36280844,-0.03328046,0.017383238,0.93110704,-10.479047,-19.348942,-1.2000924
370240.0,0,1,0.3628984,-0.032452095,0.017338317,0.93110204,-10.47892,-19.348877,-1.2003686
370241.0,0,1,0.3630013,-0.031670224,0.017286342,0.9310899,-10.47879,-19.348808,-1.200637
370242.0,0,1,0.3631032,-0.030903298,0.017226284,0.93107694,-10.478659,-19.348738,-1.200897
370243.0,0,1,0.3632049,-0.030144716,0.017140638,0.9310638,-10.478526,-19.348667,-1.2011477
370244.0,0,1,0.36331025,-0.029410556,0.016987735,0.931049,-10.478393,-19.348593,-1.2013876
370245.0,0,1,0.3634156,-0.028736982,0.016763894,0.93103296,-10.478256,-19.348515,-1.2016195
370246.0,1,1,0.36349577,-0.028100051,0.016446557,0.93102676,-10.480895,-19.349325,-1.1951793
370247.0,1,1,0.36365137,-0.027405344,0.016202124,0.9309909,-10.480895,-19.349325,-1.1951793
370248.0,1,1,0.36392537,-0.026902357,0.015963282,0.93090266,-10.480895,-19.349325,-1.1951793
370249.0,1,1,0.36413392,-0.026657738,0.015575613,0.9308347,-10.480895,-19.349325,-1.1951793
370250.0,1,1,0.36417633,-0.02636133,0.015120681,0.9308341,-10.480895,-19.349325,-1.1951793
370251.0,1,1,0.3641629,-0.025923705,0.014612471,0.93085974,-10.480895,-19.349325,-1.1951793
370252.0,1,1,0.3641889,-0.025415458,0.014212761,0.9308697,-10.480895,-19.349325,-1.1951793
370253.0,1,1,0.36430272,-0.025023608,0.013943494,0.93083996,-10.480895,-19.349325,-1.1951793
370254.0,1,1,0.36445436,-0.02472813,0.013813309,0.93079036,-10.480895,-19.349325,-1.1951793
370255.0,1,1,0.36461246,-0.024453001,0.013731527,0.93073696,-10.480895,-19.349325,-1.1951793
370256.0,1,1,0.36475584,-0.024159515,0.013613078,0.9306902,-10.480895,-19.349325,-1.1951793
370257.0,1,1,0.36487284,-0.02381393,0.013419966,0.930656,-10.480895,-19.349325,-1.1951793
370258.0,1,1,0.36499497,-0.023406358,0.013249851,0.9306209,-10.480895,-19.349325,-1.1951793
370259.0,1,1,0.36515653,-0.023019915,0.013113978,0.9305692,-10.480895,-19.349325,-1.1951793
370260.0,1,1,0.36534962,-0.022817228,0.012958831,0.93050045,-10.480895,-19.349325,-1.1951793
370261.0,1,1,0.36551532,-0.022633335,0.012831843,0.9304417,-10.480895,-19.349325,-1.1951793
370262.0,1,1,0.36565125,-0.022178017,0.012745325,0.93040043,-10.480895,-19.349325,-1.1951793
370263.0,1,1,0.3657742,-0.021530887,0.01257034,0.9303697,-10.480895,-19.349325,-1.1951793
370264.0,1,1,0.36587295,-0.020908969,0.012299888,0.93034863,-10.480895,-19.349325,-1.1951793
370265.0,1,1,0.36594307,-0.02043234,0.012052769,0.9303349,-10.480895,-19.349325,-1.1951793
370266.0,1,1,0.3659913,-0.020094346,0.011823238,0.9303262,-10.480895,-19.349325,-1.1951793
370267.0,1,1,0.36602512,-0.019830873,0.011637257,0.93032086,-10.480895,-19.349325,-1.1951793
370268.0,1,1,0.36604768,-0.019601252,0.011454809,0.93031913,-10.480895,-19.349325,-1.1951793
370269.0,1,1,0.3660678,-0.01940336,0.011228502,0.9303182,-10.480895,-19.349325,-1.1951793
370270.0,1,1,0.36608887,-0.019285016,0.010975497,0.9303154,-10.480895,-19.349325,-1.1951793
370271.0,1,1,0.36611512,-0.019268742,0.010769936,0.9303078,-10.480895,-19.349325,-1.1951793
370272.0,1,1,0.36614528,-0.019328734,0.01063963,0.9302962,-10.480895,-19.349325,-1.1951793
370273.0,1,1,0.36617807,-0.01941709,0.010533152,0.93028253,-10.480895,-19.349325,-1.1951793
370274.0,1,1,0.36621666,-0.019504234,0.010459776,0.9302664,-10.480895,-19.349325,-1.1951793
370275.0,1,1,0.3662559,-0.019563084,0.010393338,0.93025047,-10.480895,-19.349325,-1.1951793
370276.0,1,1,0.36630106,-0.019634811,0.010378275,0.93023133,-10.480895,-19.349325,-1.1951793
370277.0,1,1,0.36635172,-0.019726101,0.010390338,0.93020934,-10.480895,-19.349325,-1.1951793
370278.0,1,1,0.36641774,-0.019782046,0.010437402,0.9301816,-10.480895,-19.349325,-1.1951793
370279.0,1,1,0.36650455,-0.019753352,0.010489295,0.93014747,-10.480895,-19.349325,-1.1951793
370280.0,1,1,0.3666149,-0.019681029,0.010522001,0.93010515,-10.480895,-19.349325,-1.1951793
370281.0,1,1,0.36672375,-0.019563092,0.010591888,0.93006384,-10.480895,-19.349325,-1.1951793
370282.0,1,1,0.36682603,-0.019378195,0.010672618,0.93002653,-10.480895,-19.349325,-1.1951793
370283.0,1,1,0.36691222,-0.019171296,0.010790785,0.9299955,-10.480895,-19.349325,-1.1951793
370284.0,1,1,0.3669808,-0.018909644,0.010934273,0.929972,-10.480895,-19.349325,-1.1951793
370285.0,1,1,0.3670496,-0.018562445,0.011103904,0.9299499,-10.480895,-19.349325,-1.1951793
370286.0,1,1,0.36713576,-0.018065026,0.01128593,0.9299235,-10.480895,-19.349325,-1.1951793
370287.0,1,1,0.36724752,-0.017420717,0.011468648,0.9298894,-10.480895,-19.349325,-1.1951793
370288.0,1,1,0.36737245,-0.01661288,0.011653109,0.9298525,-10.480895,-19.349325,-1.1951793
370289.0,1,1,0.3675034,-0.015590244,0.01182656,0.92981637,-10.480895,-19.349325,-1.1951793
370290.0,1,1,0.36763886,-0.014366521,0.011993418,0.9297803,-10.480895,-19.349325,-1.1951793
370291.0,1,1,0.367768,-0.01292807,0.012195114,0.9297477,-10.480895,-19.349325,-1.1951793
370292.0,1,1,0.36789843,-0.011299971,0.012457089,0.9297139,-10.480895,-19.349325,-1.1951793
370293.0,1,1,0.36803985,-0.009566987,0.01271418,0.9296739,-10.480895,-19.349325,-1.1951793
370294.0,1,1,0.3681948,-0.0078001274,0.012890092,0.9296267,-10.480895,-19.349325,-1.1951793
370295.0,1,1,0.36836126,-0.0060094805,0.013010682,0.92957234,-10.480895,-19.349325,-1.1951793
370296.0,1,1,0.36854562,-0.004054252,0.013081278,0.92950875,-10.480895,-19.349325,-1.1951793
370297.0,1,1,0.36873668,-0.0018450293,0.013096375,0.92943984,-10.480895,-19.349325,-1.1951793
370298.0,1,1,0.36893213,0.00045337077,0.013038225,0.92936474,-10.480895,-19.349325,-1.1951793
370299.0,1,1,0.36912596,0.002807272,0.012894074,0.9292857,-10.480895,-19.349325,-1.1951793
370300.0,1,1,0.36931056,0.0052709384,0.012718259,0.92920405,-10.480895,-19.349325,-1.1951793
370301.0,1,1,0.36950368,0.0075654197,0.0123312995,0.9291166,-10.480895,-19.349325,-1.1951793
370302.0,1,1,0.36967206,0.009510564,0.01178183,0.9290389,-10.480895,-19.349325,-1.1951793
370303.0,1,1,0.36978027,0.011241312,0.01116521,0.9289841,-10.480895,-19.349325,-1.1951793
370304.0,1,1,0.36986643,0.01292903,0.010480908,0.92893595,-10.480895,-19.349325,-1.1951793
370305.0,1,1,0.36997983,0.014606123,0.009817135,0.9288731,-10.480895,-19.349325,-1.1951793
370306.0,1,1,0.37011817,0.016345128,0.009150587,0.9287958,-10.480895,-19.349325,-1.1951793
370307.0,1,1,0.37023807,0.018419117,0.008278362,0.92871743,-10.480895,-19.349325,-1.1951793
370308.0,1,1,0.37036616,0.020536354,0.0073291683,0.9286299,-10.480895,-19.349325,-1.1951793
370309.0,1,1,0.3704908,0.022564404,0.0064061135,0.92853993,-10.480895,-19.349325,-1.1951793
370310.0,1,1,0.37060344,0.024658222,0.005459912,0.9284478,-10.480895,-19.349325,-1.1951793
370311.0,1,1,0.37073085,0.026847713,0.0044378466,0.9283416,-10.480895,-19.349325,-1.1951793
370312.0,1,1,0.37087014,0.029146267,0.0033311315,0.92822134,-10.480895,-19.349325,-1.1951793
370313.0,1,1,0.37099728,0.031512517,0.002158481,0.9280966,-10.480895,-19.349325,-1.1951793
370314.0,1,1,0.37108222,0.03384303,0.0009661253,0.9279827,-10.480895,-19.349325,-1.1951793
370315.0,1,1,0.3711115,0.036138564,-0.0002036597,0.92788476,-10.480895,-19.349325,-1.1951793
370316.0,1,1,0.37105015,0.038625404,-0.0014123047,0.9278081,-10.480895,-19.349325,-1.1951793
370317.0,1,1,0.37094444,0.041143876,-0.002690434,0.92773926,-10.480895,-19.349325,-1.1951793
370318.0,1,1,0.37079552,0.04354255,-0.004006005,0.9276846,-10.480895,-19.349325,-1.1951793
370319.0,1,1,0.37054974,0.045938212,-0.005414071,0.9276601,-10.480895,-19.349325,-1.1951793
370320.0,0,0,0.3701698,0.049099486,-0.0071114465,0.9276385,-10.480858,-19.349354,-1.195175
370321.0,0,0,0.3696448,0.05272177,-0.008922385,0.92763335,-10.4807625,-19.349428,-1.1951737
370322.0,0,0,0.36899707,0.056933913,-0.0108550675,0.9276216,-10.480575,-19.349575,-1.1951828
370323.0,0,0,0.3683166,0.062156226,-0.013107204,0.9275278,-10.480233,-19.349852,-1.1952139
370324.0,0,0,0.36751166,0.069271594,-0.01609743,0.92729586,-10.479683,-19.350319,-1.1952777
370325.0,0,0,0.36646497,0.07883261,-0.020045893,0.92686945,-10.478951,-19.35099,-1.1953607
370326.0,0,0,0.3651004,0.089875534,-0.02484487,0.9262866,-10.478151,-19.351772,-1.195412
370327.0,0,0,0.36336496,0.10099016,-0.0294263,0.9256895,-10.47727,-19.35262,-1.1953838
370328.0,0,0,0.361713,0.113120675,-0.03416293,0.9247705,-10.476061,-19.35367,-1.195253
370329.0,0,0,0.35944372,0.13130961,-0.040879883,0.9229771,-10.474468,-19.355019,-1.1950089
370330.0,0,0,0.35753608,0.15138635,-0.049190562,0.9202339,-10.472699,-19.356432,-1.1946143
370331.0,0,0,0.35619056,0.16955432,-0.05499069,0.9172544,-10.470652,-19.357794,-1.1939912
370332.0,0,0,0.35361847,0.19119214,-0.058745693,0.91375524,-10.468019,-19.359306,-1.1931274
370333.0,0,0,0.35013172,0.21685788,-0.063242875,0.9090549,-10.4647,-19.361141,-1.1921175
370334.0,0,0,0.34588555,0.24481037,-0.068206675,0.9032048,-10.460839,-19.363323,-1.1911061
370335.0,0,0,0.34132558,0.2743225,-0.074057825,0.8959685,-10.456615,-19.365746,-1.1902177
370336.0,0,0,0.33718675,0.30448395,-0.079649754,0.88727134,-10.452083,-19.368273,-1.1895331
370337.0,0,0,0.33290327,0.33641547,-0.084589496,0.8768379,-10.447198,-19.370865,-1.1891433
370338.0,0,0,0.32808182,0.37042338,-0.08965259,0.86435604,-10.441981,-19.373556,-1.1891338
370339.0,0,0,0.32263017,0.40517116,-0.09504354,0.8501252,-10.436493,-19.376438,-1.1893699
370340.0,0,0,0.31585687,0.43557915,-0.10092549,0.8368508,-10.430743,-19.379442,-1.1890994
370341.0,0,0,0.31122816,0.454494,-0.106349476,0.8278055,-10.424396,-19.382393,-1.1873314
370342.0,0,0,0.30905953,0.46135578,-0.10708965,0.8247211,-10.416991,-19.385256,-1.1839343
370343.0,0,0,0.30584353,0.46083125,-0.10453255,0.8265393,-10.408501,-19.38842,-1.1806687
370344.0,0,0,0.30274472,0.45962906,-0.103035055,0.82853526,-10.39916,-19.391897,-1.1778536
370345.0,0,0,0.2992189,0.45720306,-0.10095588,0.8314093,-10.389137,-19.395576,-1.1753695
370346.0,0,0,0.29549587,0.45347753,-0.09813753,0.8351104,-10.378599,-19.39935,-1.1731278
370347.0,0,0,0.29181188,0.44930732,-0.09534594,0.83897436,-10.367594,-19.403214,-1.171193
370348.0,0,0,0.28800446,0.4455997,-0.0928684,0.8425378,-10.356236,-19.40716,-1.169683
370349.0,0,0,0.28411078,0.4422072,-0.09061922,0.84588534,-10.34448,-19.411215,-1.1686103
370350.0,0,0,0.28015938,0.4386865,-0.08835168,0.84926957,-10.332374,-19.415348,-1.1679268
370351.0,0,0,0.27607182,0.43484795,-0.08588956,0.8528274,-10.319863,-19.419567,-1.1675744
370352.0,0,0,0.27184728,0.43069112,-0.083211064,0.85655135,-10.306946,-19.423862,-1.1675204
370353.0,0,0,0.26743278,0.42619348,-0.080267526,0.8604627,-10.2936,-19.428236,-1.1677363
370354.0,0,0,0.26279798,0.42120355,-0.07698054,0.8646379,-10.279835,-19.432673,-1.1681849
370355.0,0,0,0.25793642,0.4155058,-0.073280044,0.8691685,-10.26559,-19.437178,-1.1688333
370356.0,0,0,0.25288042,0.40909338,-0.06922502,0.874015,-10.250939,-19.44172,-1.1696563
370357.0,0,0,0.24763769,0.40199175,-0.06487019,0.8791303,-10.2358465,-19.446304,-1.1706479
370358.0,0,0,0.2423016,0.39425594,-0.06031841,0.88442856,-10.2203865,-19.450912,-1.1717987
370359.0,0,0,0.23697017,0.38587952,-0.05564406,0.8898573,-10.204566,-19.45554,-1.1731035
370360.0,0,0,0.23174107,0.37688848,-0.0509792,0.8953504,-10.18841,-19.460182,-1.1745561
370361.0,0,0,0.22671637,0.3673555,-0.04645267,0.9008284,-10.171986,-19.46482,-1.1761496
370362.0,0,0,0.22192983,0.35733837,-0.042143703,0.90624523,-10.155276,-19.46946,-1.1778905
370363.0,0,0,0.2174341,0.3469804,-0.038160015,0.9115212,-10.138354,-19.474077,-1.1797785
370364.0,0,0,0.2132804,0.33632293,-0.03461781,0.91662425,-10.121221,-19.478672,-1.1818167
370365.0,0,0,0.20948657,0.32543722,-0.031610146,0.92152417,-10.103929,-19.483227,-1.1839963
370366.0,0,0,0.20598051,0.3143773,-0.029138189,0.9262236,-10.086413,-19.487747,-1.1863184
370367.0,0,0,0.20269305,0.30327076,-0.027170882,0.9307009,-10.068726,-19.49221,-1.1887627
370368.0,0,0,0.19951804,0.2921373,-0.025618188,0.9349824,-10.050804,-19.496616,-1.1913134
370369.0,0,0,0.19638246,0.2809919,-0.024371076,0.9390866,-10.0327635,-19.500923,-1.1939212
370370.0,0,0,0.19320485,0.2697363,-0.023291472,0.9430651,-10.014526,-19.505135,-1.1965632
370371.0,0,0,0.18992285,0.2583467,-0.022305313,0.9469366,-9.996054,-19.50925,-1.1992121
370372.0,0,0,0.18649049,0.24682309,-0.021370368,0.9507066,-9.977374,-19.513258,-1.2018276
370373.0,0,0,0.18289427,0.23508757,-0.020431021,0.954393,-9.958531,-19.517143,-1.2043656
370374.0,0,0,0.17910302,0.22297731,-0.019453607,0.95803183,-9.939459,-19.520916,-1.2068002
370375.0,0,0,0.17513801,0.21045744,-0.018471766,0.96160966,-9.92023,-19.524559,-1.2090964
370376.0,0,0,0.17099762,0.19750775,-0.017478982,0.965114,-9.900839,-19.52807,-1.2112384
370377.0,0,0,0.16667922,0.1841509,-0.016474057,0.9685221,-9.881273,-19.531452,-1.2132177
370378.0,0,0,0.16220306,0.17046571,-0.015478352,0.9717984,-9.861598,-19.53469,-1.2150247
370379.0,0,0,0.15755957,0.1564841,-0.014474104,0.97492474,-9.841798,-19.537786,-1.2166612
370380.0,0,0,0.15275612,0.14227152,-0.013461072,0.9778769,-9.821904,-19.54073,-1.2181287
370381.0,0,0,0.14778936,0.12791385,-0.012446533,0.98063314,-9.801932,-19.543512,-1.219432
370382.0,0,0,0.1426507,0.11347511,-0.011440106,0.9831802,-9.78188,-19.546133,-1.220577
370383.0,0,0,0.13735497,0.09903109,-0.010456096,0.9855035,-9.76181,-19.548576,-1.221567
370384.0,0,0,0.13191016,0.08464287,-0.009529317,0.9875954,-9.741757,-19.550838,-1.2224079
370385.0,0,0,0.12632698,0.07032342,-0.008743381,0.98945427,-9.721673,-19.552921,-1.2231055
370386.0,0,0,0.120617256,0.05608485,-0.008171659,0.9910798,-9.701589,-19.554823,-1.2236586
370387.0,0,0,0.114806004,0.04194961,-0.007854743,0.99247074,-9.681547,-19.55654,-1.2240638
370388.0,0,0,0.10891855,0.027908372,-0.007798502,0.99362826,-9.661559,-19.558071,-1.2243192
370389.0,0,0,0.10294221,0.013922623,-0.007982769,0.9945579,-9.641539,-19.559427,-1.224422
370390.0,0,0,0.096951984,0.00016988558,-0.008360825,0.9952539,-9.621673,-19.560596,-1.2243643
370391.0,0,0,0.09094277,-0.013458541,-0.008881704,0.99572563,-9.601823,-19.561596,-1.2241315
370392.0,0,0,0.08497973,-0.026959684,-0.009511044,0.99597245,-9.582057,-19.56243,-1.223704
370393.0,0,0,0.07910872,-0.040376928,-0.010240661,0.9959953,-9.56239,-19.563108,-1.2230594
370394.0,0,0,0.07339019,-0.053758286,-0.0110901855,0.9957916,-9.5428505,-19.563648,-1.2221748
370395.0,0,0,0.067876786,-0.06721644,-0.012098517,0.9953534,-9.523388,-19.564068,-1.2210215
370396.0,0,0,0.06265582,-0.08070418,-0.013277064,0.99467826,-9.504124,-19.56438,-1.2195812
370397.0,0,0,0.05774786,-0.09432961,-0.014643441,0.9937569,-9.485022,-19.5646,-1.2178258
370398.0,0,0,0.053192712,-0.10821712,-0.016166078,0.99257153,-9.466178,-19.564734,-1.2157458
370399.0,0,0,0.049001515,-0.122524254,-0.01779685,0.9910953,-9.447564,-19.564787,-1.2133319
370400.0,0,0,0.045203876,-0.137277,-0.019467479,0.9893092,-9.42924,-19.56476,-1.2106035
370401.0,0,0,0.041810118,-0.15239565,-0.021144303,0.9872085,-9.411225,-19.56466,-1.2075907
370402.0,0,0,0.03883257,-0.1677215,-0.022820547,0.984805,-9.3935175,-19.564491,-1.2043282
370403.0,0,0,0.036274046,-0.18307145,-0.024526618,0.98212403,-9.376147,-19.564268,-1.200858
370404.0,0,0,0.034126665,-0.19837946,-0.026336636,0.9791769,-9.359135,-19.563997,-1.1972195
370405.0,0,0,0.032378715,-0.21364228,-0.028324679,0.97596425,-9.342482,-19.56369,-1.1934462
370406.0,0,0,0.03102142,-0.22877325,-0.030534886,0.9725061,-9.326179,-19.563353,-1.1895658
370407.0,0,0,0.030029623,-0.24365087,-0.03303501,0.968835,-9.310238,-19.562994,-1.1856065
370408.0,0,0,0.029364765,-0.2581851,-0.03586368,0.9649829,-9.294707,-19.56262,-1.1816013
370409.0,0,0,0.02897179,-0.27238682,-0.03904323,0.9609588,-9.279548,-19.562235,-1.177557
370410.0,0,0,0.028778682,-0.28623855,-0.04255995,0.95678,-9.264768,-19.561834,-1.1734917
370411.0,0,0,0.02869694,-0.29962212,-0.046310604,0.9525012,-9.250523,-19.561413,-1.1694677
370412.0,0,0,0.028637672,-0.31266904,-0.05019183,0.94810265,-9.236657,-19.560947,-1.1654627
370413.0,0,0,0.028483098,-0.32526588,-0.054039005,0.94364756,-9.223227,-19.560417,-1.1615168
370414.0,0,0,0.028106105,-0.3372998,-0.05771659,0.9392059,-9.210263,-19.5598,-1.1576651
370415.0,0,0,0.02739031,-0.34873152,-0.06111132,0.934827,-9.197763,-19.559069,-1.1539329
370416.0,0,0,0.026280995,-0.3595562,-0.06408627,0.9305491,-9.185713,-19.558203,-1.1503456
370417.0,0,0,0.024805918,-0.36966732,-0.06653396,0.926447,-9.174166,-19.557194,-1.1469538
370418.0,0,0,0.023025395,-0.37909573,-0.06850811,0.9225307,-9.163107,-19.556047,-1.1437981
370419.0,0,0,0.021039074,-0.38789505,-0.07017188,0.9187877,-9.152595,-19.554789,-1.1409527
370420.0,0,0,0.01895247,-0.39617988,-0.07178725,0.915166,-9.142607,-19.553444,-1.1384826
370421.0,0,0,0.016847646,-0.4039114,-0.073613845,0.9116758,-9.133159,-19.55205,-1.1364691
370422.0,0,0,0.014777776,-0.41095886,-0.07583449,0.90837413,-9.124237,-19.550634,-1.1349822
370423.0,0,0,0.012747299,-0.41717356,-0.07850174,0.9053405,-9.115806,-19.54921,-1.1340786
370424.0,0,0,0.010728702,-0.42243797,-0.08153226,0.90265363,-9.107862,-19.547771,-1.1338049
370425.0,0,0,0.008672246,-0.4266828,-0.08472445,0.9003823,-9.100376,-19.5463,-1.1341932
370426.0,0,0,0.006514299,-0.4298179,-0.08778647,0.8986143,-9.09337,-19.544777,-1.1352592
370427.0,0,0,0.004201209,-0.43184084,-0.09044551,0.8973937,-9.086839,-19.543173,-1.1370115
370428.0,0,0,0.001742224,-0.43280926,-0.092417285,0.89673424,-9.080795,-19.541471,-1.1394447
370429.0,0,0,-0.0008604239,-0.43271533,-0.09354787,0.8966636,-9.07524,-19.539665,-1.1425484
370430.0,0,0,-0.0036167374,-0.43154806,-0.09390275,0.89718205,-9.070183,-19.537771,-1.1463
370431.0,0,0,-0.0065265093,-0.42941475,-0.093675494,0.8982124,-9.065654,-19.535826,-1.1506541
370432.0,0,0,-0.009564972,-0.42641166,-0.09305759,0.89967877,-9.061671,-19.53386,-1.1555748
370433.0,0,0,-0.012701735,-0.4226902,-0.092162155,0.9014865,-9.058252,-19.531883,-1.1610484
370434.0,0,0,-0.01579387,-0.41845483,-0.09096143,0.9035331,-9.055443,-19.529911,-1.166999
370435.0,0,0,-0.018312542,-0.41331318,-0.08954185,0.90599066,-9.053103,-19.527985,-1.1733902
370436.0,0,0,-0.02041483,-0.40568876,-0.088497296,0.90948784,-9.050677,-19.526247,-1.1798657
370437.0,0,0,-0.025187124,-0.3939642,-0.09131238,0.91423184,-9.047747,-19.524702,-1.1859435
370438.0,0,0,-0.029529197,-0.3819864,-0.092826426,0.91902,-9.04461,-19.523237,-1.1915528
370439.0,0,0,-0.03261931,-0.37421218,-0.09354361,0.92203623,-9.041624,-19.521755,-1.1969602
370440.0,0,0,-0.03418654,-0.3678782,-0.093398534,0.9245397,-9.038749,-19.52009,-1.2023708
370441.0,0,0,-0.03433707,-0.3581655,-0.08828334,0.9288404,-9.035656,-19.518126,-1.2080297
370442.0,0,0,-0.03410393,-0.3453297,-0.080818295,0.93437284,-9.032073,-19.515984,-1.2141502
370443.0,0,0,-0.034260098,-0.3285658,-0.07405899,0.9409495,-9.027984,-19.513924,-1.2207488
370444.0,0,0,-0.03528522,-0.30866766,-0.06978915,0.94794977,-9.023742,-19.512112,-1.2275577
370445.0,0,0,-0.037640523,-0.28924096,-0.067692064,0.9541177,-9.019836,-19.51049,-1.2342713
370446.0,0,0,-0.040791057,-0.27245206,-0.06554996,0.9590668,-9.016658,-19.50895,-1.240609
370447.0,0,0,-0.044081867,-0.2582317,-0.06300065,0.9630183,-9.01422,-19.507462,-1.2465713
370448.0,0,0,-0.046988092,-0.24526547,-0.06025915,0.9664397,-9.012303,-19.50614,-1.2522408
370449.0,0,0,-0.049488626,-0.23258133,-0.05792521,0.96958834,-9.010649,-19.50511,-1.2577477
370450.0,0,0,-0.05151717,-0.22001645,-0.056133315,0.97251624,-9.0091505,-19.504438,-1.263122
370451.0,0,0,-0.052932832,-0.20793368,-0.054606266,0.97518194,-9.007859,-19.50413,-1.2683117
370452.0,0,0,-0.05381617,-0.1970316,-0.05363001,0.9774489,-9.006865,-19.504137,-1.2732733
370453.0,0,0,-0.054313846,-0.1874789,-0.053298935,0.97931665,-9.006191,-19.504375,-1.277981
370454.0,0,0,-0.054686047,-0.17890465,-0.053369973,0.9808946,-9.005786,-19.504744,-1.2824587
370455.0,0,0,-0.055036012,-0.17086692,-0.053563587,0.9822965,-9.005575,-19.505154,-1.286762
370456.0,0,0,-0.055438604,-0.16327158,-0.053856444,0.98354894,-9.005506,-19.50555,-1.2909315
370457.0,0,0,-0.056008335,-0.15601882,-0.054253343,0.9846714,-9.005549,-19.505909,-1.294999
370458.0,0,0,-0.056735743,-0.1490263,-0.05464554,0.9856907,-9.005693,-19.506224,-1.2989784
370459.0,0,0,-0.05754905,-0.14223081,-0.054923017,0.9866316,-9.005936,-19.50651,-1.3028764
370460.0,0,0,-0.058345377,-0.13569063,-0.05508347,0.9874967,-9.006279,-19.506786,-1.3066967
370461.0,0,0,-0.059066635,-0.12940928,-0.055159323,0.9882924,-9.006727,-19.507076,-1.3104427
370462.0,0,0,-0.05986817,-0.123876415,-0.055185355,0.9889515,-9.007235,-19.507326,-1.3140283
370463.0,0,0,-0.061536267,-0.11871807,-0.054300133,0.9895306,-9.007786,-19.507416,-1.31731
370464.0,0,0,-0.06350334,-0.11244317,-0.051383574,0.99029475,-9.00854,-19.507284,-1.3202331
370465.0,0,0,-0.065351464,-0.10894425,-0.047879208,0.99074113,-9.009626,-19.506952,-1.3228949
370466.0,0,0,-0.067271784,-0.1067445,-0.04405569,0.9910294,-9.010949,-19.506504,-1.3254069
370467.0,0,0,-0.06914471,-0.104140244,-0.039794333,0.99135774,-9.0123415,-19.506088,-1.3278087
370468.0,0,0,-0.07070633,-0.10160932,-0.035688456,0.99166656,-9.013745,-19.505842,-1.3301257
370469.0,0,0,-0.07182294,-0.09971616,-0.032549538,0.99188644,-9.015166,-19.505825,-1.3323498
370470.0,0,0,-0.07269291,-0.098186396,-0.030220998,0.99204934,-9.016625,-19.505993,-1.3344727
370471.0,0,0,-0.07345753,-0.09684534,-0.028234985,0.9921834,-9.0181465,-19.50625,-1.3365065
370472.0,0,0,-0.074176066,-0.09586352,-0.02634784,0.9922771,-9.019738,-19.506514,-1.338484
370473.0,0,0,-0.07489264,-0.09499916,-0.024393046,0.99235636,-9.021355,-19.506746,-1.3404086
370474.0,0,0,-0.07556421,-0.09401766,-0.022367276,0.99244666,-9.022982,-19.506973,-1.3423216
370475.0,0,0,-0.07615156,-0.092882834,-0.020509435,0.99254876,-9.024591,-19.507244,-1.3442215
370476.0,0,0,-0.07663423,-0.09166539,-0.018974716,0.99265534,-9.026181,-19.507599,-1.3461053
370477.0,0,0,-0.07700598,-0.09039461,-0.017821286,0.9927645,-9.02776,-19.508041,-1.347969
370478.0,0,0,-0.0773127,-0.08912015,-0.01699075,0.99287045,-9.029336,-19.508547,-1.3498058
370479.0,0,0,-0.077581614,-0.08783271,-0.01633078,0.9929753,-9.030916,-19.509089,-1.3516173
370480.0,0,0,-0.077791855,-0.086411566,-0.015788844,0.9930923,-9.032498,-19.50966,-1.3534015
370481.0,0,1,-0.078023516,-0.08469908,-0.014729686,0.99323785,-9.034086,-19.510271,-1.3551573
370482.0,0,1,-0.0781828,-0.082997546,-0.014011024,0.9933794,-9.035687,-19.51091,-1.3568944
370483.0,0,1,-0.07828498,-0.08140646,-0.0137638245,0.9935065,-9.0373,-19.511553,-1.3586261
370484.0,0,1,-0.07835668,-0.07993716,-0.013726837,0.99362063,-9.038912,-19.51218,-1.3603573
370485.0,0,1,-0.07840759,-0.078420185,-0.0135101145,0.99374044,-9.040515,-19.512794,-1.3620887
370486.0,0,1,-0.07845939,-0.0766503,-0.013038643,0.99388075,-9.042115,-19.513409,-1.3638138
370487.0,0,1,-0.0784885,-0.07463235,-0.012434768,0.9940397,-9.043736,-19.514034,-1.3655345
370488.0,0,1,-0.078483954,-0.072547674,-0.011892109,0.99420106,-9.045369,-19.514664,-1.3672237
370489.0,0,1,-0.07846697,-0.07054273,-0.011449112,0.99435186,-9.047031,-19.515295,-1.3688993
370490.0,0,1,-0.07844404,-0.06880181,-0.010959064,0.99448115,-9.048711,-19.51593,-1.3705652
370491.0,0,1,-0.078410074,-0.067304686,-0.010390488,0.99459237,-9.050388,-19.516571,-1.3722235
370492.0,0,1,-0.07839151,-0.06584848,-0.0099091055,0.9946962,-9.052062,-19.517218,-1.3738799
370493.0,0,1,-0.078402676,-0.064220235,-0.009499592,0.9948059,-9.053743,-19.517872,-1.375539
370494.0,0,1,-0.07842258,-0.06248072,-0.009138041,0.99491835,-9.055419,-19.518524,-1.3771751
370495.0,0,1,-0.07845353,-0.060710434,-0.008839782,0.99502826,-9.057116,-19.519186,-1.3788067
370496.0,0,1,-0.078484304,-0.05902003,-0.008603752,0.9951295,-9.05883,-19.519855,-1.3804287
370497.0,0,1,-0.078512765,-0.057443842,-0.008451701,0.9952209,-9.06056,-19.520533,-1.3820415
370498.0,0,1,-0.078514375,-0.055996284,-0.008329846,0.9953043,-9.062299,-19.521215,-1.3836427
370499.0,0,1,-0.078495756,-0.054624565,-0.008338075,0.9953819,-9.064045,-19.521898,-1.3852317
370500.0,1,1,-0.07846523,-0.053223006,-0.008356498,0.9954601,-9.032498,-19.50966,-1.3534015
370501.0,1,1,-0.0784151,-0.05179605,-0.008329556,0.9955395,-9.032498,-19.50966,-1.3534015
370502.0,1,1,-0.07835871,-0.050420567,-0.008252879,0.9956152,-9.032498,-19.50966,-1.3534015
370503.0,1,1,-0.07828063,-0.04914504,-0.008068474,0.9956866,-9.032498,-19.50966,-1.3534015
370504.0,1,1,-0.07818523,-0.047945537,-0.0079450235,0.9957536,-9.032498,-19.50966,-1.3534015
370505.0,1,1,-0.07809633,-0.046821132,-0.0078119193,0.99581516,-9.032498,-19.50966,-1.3534015
370506.0,1,1,-0.078000754,-0.04578003,-0.007594406,0.99587274,-9.032498,-19.50966,-1.3534015
370507.0,1,1,-0.07789347,-0.04477657,-0.007370622,0.99592847,-9.032498,-19.50966,-1.3534015
370508.0,1,1,-0.07778451,-0.043764573,-0.007158868,0.9959835,-9.032498,-19.50966,-1.3534015
370509.0,1,1,-0.07767612,-0.042789042,-0.006971416,0.9960356,-9.032498,-19.50966,-1.3534015
370510.0,1,1,-0.07755502,-0.04188721,-0.006796364,0.99608463,-9.032498,-19.50966,-1.3534015
370511.0,1,1,-0.077427715,-0.041101996,-0.0066540204,0.9961282,-9.032498,-19.50966,-1.3534015
370512.0,1,1,-0.07729708,-0.04045006,-0.006577917,0.9961655,-9.032498,-19.50966,-1.3534015
370513.0,1,1,-0.07715976,-0.039922345,-0.0065026833,0.9961979,-9.032498,-19.50966,-1.3534015
370514.0,1,1,-0.07700495,-0.039567005,-0.0064089797,0.9962247,-9.032498,-19.50966,-1.3534015
370515.0,1,1,-0.0768548,-0.03925577,-0.0062706196,0.99624956,-9.032498,-19.50966,-1.3534015
370516.0,1,1,-0.07671051,-0.038964268,-0.0061210925,0.996273,-9.032498,-19.50966,-1.3534015
370517.0,1,1,-0.076558515,-0.038767565,-0.0059436522,0.9962935,-9.032498,-19.50966,-1.3534015
370518.0,1,1,-0.07640444,-0.03863549,-0.0057482733,0.9963115,-9.032498,-19.50966,-1.3534015
370519.0,1,1,-0.07622631,-0.038591538,-0.0055514537,0.996328,-9.032498,-19.50966,-1.3534015
370520.0,1,1,-0.0759976,-0.038671166,-0.0053130765,0.99634373,-9.032498,-19.50966,-1.3534015
370521.0,1,1,-0.07571754,-0.038824875,-0.0050999396,0.9963601,-9.032498,-19.50966,-1.3534015
370522.0,1,1,-0.07542912,-0.038917862,-0.0049740747,0.9963791,-9.032498,-19.50966,-1.3534015
370523.0,1,1,-0.07514492,-0.03887094,-0.004835361,0.996403,-9.032498,-19.50966,-1.3534015
370524.0,1,1,-0.07484645,-0.038783453,-0.0046593104,0.99642974,-9.032498,-19.50966,-1.3534015
370525.0,1,1,-0.074522994,-0.038756136,-0.0045791664,0.9964554,-9.032498,-19.50966,-1.3534015
370526.0,1,1,-0.07417835,-0.038790256,-0.0045611714,0.9964799,-9.032498,-19.50966,-1.3534015
370527.0,1,1,-0.073886536,-0.038414117,-0.0042538582,0.9965175,-9.032498,-19.50966,-1.3534015
370528.0,1,1,-0.07359899,-0.037467502,-0.0034541092,0.99657786,-9.032498,-19.50966,-1.3534015
370529.0,1,1,-0.07327406,-0.036257,-0.002530548,0.9966494,-9.032498,-19.50966,-1.3534015
370530.0,1,1,-0.072946854,-0.0350829,-0.0017247208,0.9967171,-9.032498,-19.50966,-1.3534015
370531.0,1,1,-0.07263842,-0.034006037,-0.00093087566,0.996778,-9.032498,-19.50966,-1.3534015
370532.0,1,1,-0.072332054,-0.03294149,-0.00015036005,0.9968364,-9.032498,-19.50966,-1.3534015
370533.0,1,1,-0.0720313,-0.031744357,0.00058773556,0.996897,-9.032498,-19.50966,-1.3534015
370534.0,1,1,-0.071762115,-0.030400267,0.0013452613,0.9969575,-9.032498,-19.50966,-1.3534015
370535.0,1,1,-0.0715213,-0.028964993,0.0020994905,0.99701625,-9.032498,-19.50966,-1.3534015
370536.0,1,1,-0.07131219,-0.02752957,0.002838651,0.9970701,-9.032498,-19.50966,-1.3534015
370537.0,1,1,-0.07111882,-0.026100874,0.0035213404,0.9971201,-9.032498,-19.50966,-1.3534015
370538.0,1,1,-0.07093915,-0.02464408,0.0040991176,0.99716777,-9.032498,-19.50966,-1.3534015
370539.0,1,1,-0.07075881,-0.023022924,0.004781325,0.9972163,-9.032498,-19.50966,-1.3534015
370540.0,1,1,-0.07058891,-0.020941569,0.005563952,0.9972701,-9.032498,-19.50966,-1.3534015
370541.0,1,1,-0.07038284,-0.018319529,0.0062201587,0.9973324,-9.032498,-19.50966,-1.3534015
370542.0,1,1,-0.07017834,-0.015356888,0.0066961925,0.9973937,-9.032498,-19.50966,-1.3534015
370543.0,1,1,-0.070007555,-0.012446012,0.00691397,0.9974449,-9.032498,-19.50966,-1.3534015
370544.0,1,1,-0.06987479,-0.009762138,0.006937439,0.99748385,-9.032498,-19.50966,-1.3534015
370545.0,1,1,-0.06978553,-0.0070169396,0.0069140596,0.9975134,-9.032498,-19.50966,-1.3534015
370546.0,1,1,-0.06970857,-0.0039731776,0.006710713,0.99753696,-9.032498,-19.50966,-1.3534015
370547.0,1,1,-0.0695847,-0.0010838424,0.0064907987,0.9975543,-9.032498,-19.50966,-1.3534015
370548.0,1,1,-0.06943745,0.0017502898,0.006332842,0.99756473,-9.032498,-19.50966,-1.3534015
370549.0,1,1,-0.06923143,0.0045467587,0.0062142303,0.9975709,-9.032498,-19.50966,-1.3534015
370550.0,1,1,-0.0689829,0.0072682835,0.0060657198,0.9975729,-9.032498,-19.50966,-1.3534015
370551.0,1,1,-0.068736255,0.010026868,0.0058217803,0.99756753,-9.032498,-19.50966,-1.3534015
370552.0,1,1,-0.06854002,0.013008193,0.00548764,0.99754846,-9.032498,-19.50966,-1.3534015
370553.0,0,0,-0.06841287,0.016366158,0.005087137,0.99750984,-9.032486,-19.509663,-1.3533852
370554.0,0,0,-0.068333894,0.019826025,0.0046409983,0.99745476,-9.03246,-19.50967,-1.3533541
370555.0,0,0,-0.06823499,0.023515835,0.004106785,0.9973837,-9.032413,-19.509687,-1.3533103
370556.0,0,0,-0.068128705,0.027548168,0.0034995924,0.99729,-9.032337,-19.509718,-1.3532547
370557.0,0,0,-0.06804821,0.032025427,0.0028063564,0.99716395,-9.032232,-19.509764,-1.3531872
370558.0,0,0,-0.06790757,0.0367073,0.0020387238,0.9970141,-9.032099,-19.509829,-1.3531108
370559.0,0,0,-0.0676927,0.04166256,0.001148641,0.99683535,-9.031903,-19.50992,-1.3530294
370560.0,0,0,-0.067408584,0.047384195,-1.100134e-05,0.9965996,-9.0315895,-19.510046,-1.3529494
370561.0,0,0,-0.067042604,0.05419411,-0.0014131204,0.9962762,-9.031086,-19.510214,-1.352878
370562.0,0,0,-0.06673028,0.062523074,-0.0032116612,0.995805,-9.030318,-19.510447,-1.3528199
370563.0,0,0,-0.0665767,0.07295174,-0.0058257887,0.9950938,-9.029219,-19.510769,-1.3527706
370564.0,0,0,-0.0666809,0.08625938,-0.00932707,0.9939951,-9.027842,-19.51116,-1.3526781
370565.0,0,0,-0.06730128,0.101456,-0.012711232,0.9924795,-9.026351,-19.511618,-1.3524786
370566.0,0,0,-0.06784318,0.11627402,-0.017285772,0.9907467,-9.024677,-19.512215,-1.352159
370567.0,0,0,-0.06843036,0.13420996,-0.024159465,0.9882921,-9.022574,-19.51302,-1.3517097
370568.0,0,0,-0.0695321,0.15671429,-0.031663924,0.98468435,-9.019999,-19.514063,-1.3511316
370569.0,0,0,-0.069671504,0.17995091,-0.0413699,0.9803327,-9.016989,-19.515335,-1.3504345
370570.0,0,0,-0.06935779,0.20509814,-0.05247633,0.9748695,-9.013436,-19.51675,-1.3496448
370571.0,0,0,-0.069536686,0.23443057,-0.06329179,0.96757483,-9.009253,-19.518208,-1.3488607
370572.0,0,0,-0.06928785,0.2666816,-0.07454695,0.95839596,-9.004501,-19.519615,-1.3482072
370573.0,0,0,-0.06838282,0.30021217,-0.08510836,0.9476038,-8.999365,-19.52086,-1.3477949
370574.0,0,0,-0.06765571,0.33556268,-0.09380444,0.934891,-8.993936,-19.52185,-1.3476971
370575.0,0,0,-0.06731477,0.37250355,-0.10047176,0.92011696,-8.988245,-19.522614,-1.3479192
370576.0,0,0,-0.06761056,0.40902308,-0.1059555,0.9038265,-8.982362,-19.52337,-1.3483462
370577.0,0,0,-0.06755694,0.4403011,-0.11153161,0.8883308,-8.976355,-19.524261,-1.3484504
370578.0,0,0,-0.06581687,0.46208882,-0.1142779,0.8769735,-8.96996,-19.525229,-1.3474189
370579.0,0,0,-0.06486598,0.47496912,-0.11252023,0.8703655,-8.962759,-19.526224,-1.3449755
370580.0,0,0,-0.0634926,0.4801107,-0.10976524,0.8679942,-8.95445,-19.527212,-1.3416691
370581.0,0,0,-0.061808288,0.4823083,-0.10705999,0.867235,-8.944974,-19.528147,-1.3383272
370582.0,0,0,-0.060883615,0.48466358,-0.10407183,0.8663507,-8.934395,-19.52905,-1.3353355
370583.0,0,0,-0.059612833,0.48530254,-0.10119277,0.8664225,-8.922858,-19.529976,-1.3326322
370584.0,0,0,-0.057730585,0.48363617,-0.09832872,0.86781037,-8.91055,-19.530941,-1.3301123
370585.0,0,0,-0.055474482,0.48078263,-0.09553685,0.86985254,-8.897593,-19.531933,-1.327805
370586.0,0,0,-0.052716088,0.47730675,-0.09296072,0.8722142,-8.884063,-19.532934,-1.3257977
370587.0,0,0,-0.04958285,0.47329345,-0.09051113,0.8748386,-8.8700285,-19.53393,-1.3241373
370588.0,0,0,-0.04623483,0.46877632,-0.08802084,0.8777035,-8.855546,-19.534914,-1.3228167
370589.0,0,0,-0.042659413,0.46379507,-0.085487016,0.8807759,-8.840616,-19.53589,-1.3218011
370590.0,0,0,-0.03897291,0.45834225,-0.0828034,0.8840515,-8.825241,-19.536858,-1.321053
370591.0,0,0,-0.035266228,0.45234308,-0.079894945,0.8875578,-8.809452,-19.537815,-1.3205357
370592.0,0,0,-0.031551927,0.4456564,-0.07673403,0.8913511,-8.793216,-19.538767,-1.3202094
370593.0,0,0,-0.027864566,0.43820006,-0.0732809,0.89545196,-8.776575,-19.539713,-1.3200355
370594.0,0,0,-0.024185073,0.4298826,-0.06950033,0.899881,-8.759517,-19.540657,-1.3199741
370595.0,0,0,-0.020506749,0.42063233,-0.06537263,0.9046405,-8.742073,-19.541601,-1.319991
370596.0,0,0,-0.016816456,0.41044092,-0.060887467,0.90969676,-8.7242365,-19.542553,-1.320063
370597.0,0,0,-0.013066776,0.399376,-0.056074288,0.91497743,-8.706057,-19.543509,-1.3201773
370598.0,0,0,-0.009237668,0.3875029,-0.05097884,0.9204115,-8.687558,-19.54446,-1.3203305
370599.0,0,0,-0.0053418726,0.37492228,-0.045643546,0.92591655,-8.668758,-19.545397,-1.3205296
370600.0,0,0,-0.0014332847,0.36188123,-0.04015861,0.93135774,-8.649789,-19.546299,-1.3207883
370601.0,0,0,0.0024999492,0.3485172,-0.034592696,0.9366605,-8.630591,-19.547161,-1.3211256
370602.0,0,0,0.0064286776,0.3350179,-0.029037552,0.9417423,-8.611236,-19.54797,-1.3215569
370603.0,0,0,0.010349927,0.32149822,-0.023578351,0.94656,-8.5917,-19.548716,-1.3220942
370604.0,0,0,0.014238244,0.3080584,-0.018355422,0.95108384,-8.57203,-19.549387,-1.322742
370605.0,0,0,0.018028403,0.29476383,-0.013467297,0.9553051,-8.552261,-19.549973,-1.3234984
370606.0,0,0,0.021684747,0.28159094,-0.008943557,0.95924777,-8.532358,-19.550465,-1.3243587
370607.0,0,0,0.025170159,0.26853564,-0.0048233313,0.96292883,-8.512335,-19.550856,-1.3253121
370608.0,0,0,0.02845654,0.25561675,-0.001138037,0.96635866,-8.492234,-19.551146,-1.326342
370609.0,0,0,0.03154937,0.24279794,0.0021015443,0.9695615,-8.472,-19.551336,-1.3274322
370610.0,0,0,0.034465153,0.23010899,0.0048706485,0.9725422,-8.451656,-19.551435,-1.3285547
370611.0,0,0,0.03722629,0.21746203,0.0071404935,0.97533256,-8.4311905,-19.551455,-1.3296742
370612.0,0,0,0.039836355,0.20468011,0.00891873,0.9779773,-8.410624,-19.551397,-1.3307474
370613.0,0,0,0.042318437,0.19155474,0.010265022,0.9805155,-8.389897,-19.551264,-1.3317379
370614.0,0,0,0.044640467,0.17803591,0.011247927,0.9829466,-8.369092,-19.551048,-1.332613
370615.0,0,0,0.046760403,0.16409515,0.011914418,0.9852635,-8.348227,-19.550747,-1.3333564
370616.0,0,0,0.048633948,0.14974539,0.012287022,0.9874513,-8.32726,-19.550356,-1.3339624
370617.0,0,0,0.050221883,0.13512814,0.012396211,0.98947686,-8.306234,-19.54988,-1.334426
370618.0,0,0,0.051520213,0.12028096,0.012255274,0.99132633,-8.285099,-19.54932,-1.3347408
370619.0,0,0,0.052505873,0.10527735,0.0118937455,0.99298453,-8.263955,-19.548685,-1.3348932
370620.0,0,0,0.053181455,0.09004115,0.011384674,0.99445194,-8.242759,-19.547972,-1.3348708
370621.0,0,0,0.05354064,0.07462079,0.0107850935,0.99571526,-8.221597,-19.547182,-1.3346668
370622.0,0,0,0.05359152,0.059002414,0.01013097,0.9967668,-8.200412,-19.546318,-1.3342805
370623.0,0,0,0.053369515,0.04321434,0.009427368,0.9975948,-8.179216,-19.545382,-1.3337156
370624.0,0,0,0.052906036,0.02741585,0.008663888,0.99818546,-8.158137,-19.544388,-1.3329821
370625.0,0,0,0.0522283,0.011578633,0.007813604,0.99853754,-8.137063,-19.543337,-1.3320814
370626.0,0,0,0.05137972,-0.0042169425,0.0068512545,0.9986468,-8.116059,-19.542238,-1.3310212
370627.0,0,0,0.050411396,-0.019952763,0.0057372437,0.99851274,-8.09512,-19.5411,-1.3298041
370628.0,0,0,0.04935556,-0.035591543,0.004449779,0.99813706,-8.074256,-19.539927,-1.3284311
370629.0,0,0,0.048254374,-0.051053695,0.0029664794,0.9975251,-8.053524,-19.538729,-1.3269029
370630.0,0,0,0.04712328,-0.06633709,0.0012809203,0.9966831,-8.032872,-19.537504,-1.3252046
370631.0,0,0,0.045982104,-0.081454664,-0.00059694605,0.99561566,-8.012334,-19.536259,-1.3233196
370632.0,0,0,0.044835236,-0.09648099,-0.0026679302,0.9943209,-7.99192,-19.53499,-1.3212214
370633.0,0,0,0.04367598,-0.111484334,-0.0049292687,0.99279374,-7.9716887,-19.533699,-1.318885
370634.0,0,0,0.042480104,-0.12658961,-0.0073851496,0.99101764,-7.951627,-19.532383,-1.3162775
370635.0,0,0,0.041236203,-0.14180502,-0.010019003,0.98898464,-7.931887,-19.53105,-1.3133957
370636.0,0,0,0.039917026,-0.15731104,-0.012858589,0.9866583,-7.9123974,-19.5297,-1.3102144
370637.0,0,0,0.038507726,-0.1731364,-0.015901119,0.9840163,-7.8932137,-19.528336,-1.3067387
370638.0,0,0,0.036974836,-0.18923338,-0.019120654,0.9810495,-7.8743763,-19.526962,-1.3029833
370639.0,0,0,0.035277188,-0.20552473,-0.022446798,0.9777582,-7.8559227,-19.525581,-1.2989707
370640.0,0,0,0.033359714,-0.22189951,-0.025804898,0.97415704,-7.837925,-19.524199,-1.2947389
370641.0,0,0,0.031158641,-0.23830897,-0.029121704,0.9702525,-7.8203216,-19.522806,-1.2902992
370642.0,0,0,0.028650248,-0.25456616,-0.032303557,0.966091,-7.803213,-19.521414,-1.2857099
370643.0,0,0,0.025828129,-0.2705462,-0.035237547,0.96171516,-7.786614,-19.520023,-1.2810146
370644.0,0,0,0.022703884,-0.28610957,-0.037817847,0.95718104,-7.7705464,-19.518633,-1.2762651
370645.0,0,0,0.019315988,-0.30113247,-0.03997017,0.95254844,-7.7550316,-19.517244,-1.271517
370646.0,0,0,0.015727445,-0.3154574,-0.04161769,0.94789624,-7.740115,-19.515854,-1.266837
370647.0,0,0,0.011996316,-0.32904962,-0.042710215,0.94327,-7.725764,-19.514448,-1.2622708
370648.0,0,0,0.008211064,-0.3417982,-0.043243468,0.9387421,-7.712063,-19.51303,-1.2579083
370649.0,0,0,0.004484268,-0.35376737,-0.0433285,0.93431854,-7.6990037,-19.511597,-1.2538189
370650.0,0,0,0.0009898233,-0.36497536,-0.04317457,0.93001515,-7.6866083,-19.510172,-1.2500929
370651.0,0,0,-0.0021180913,-0.37539923,-0.04312829,0.9258569,-7.674858,-19.508791,-1.2468174
370652.0,0,0,-0.0046759765,-0.38491693,-0.04360072,0.9219089,-7.663786,-19.507507,-1.2440959
370653.0,0,0,-0.0066013467,-0.39342234,-0.044967458,0.9182338,-7.653358,-19.506365,-1.2420095
370654.0,0,0,-0.007857663,-0.4008405,-0.04740718,0.9148867,-7.6435366,-19.505386,-1.2406309
370655.0,0,0,-0.008480569,-0.40706855,-0.050791215,0.911945,-7.6343255,-19.504559,-1.2400231
370656.0,0,0,-0.008596555,-0.41200945,-0.054771382,0.90949136,-7.6257076,-19.503836,-1.2402258
370657.0,0,0,-0.008384992,-0.41555402,-0.058883067,0.9076218,-7.6176696,-19.50315,-1.241259
370658.0,0,0,-0.008038541,-0.41767326,-0.0626126,0.90640175,-7.6101947,-19.502432,-1.2431302
370659.0,0,0,-0.0077266386,-0.41835845,-0.06548256,0.9058855,-7.603299,-19.501614,-1.2458194
370660.0,0,0,-0.0075873686,-0.41758564,-0.06714838,0.90612125,-7.5969734,-19.500647,-1.2492974
370661.0,0,0,-0.007726595,-0.41541776,-0.06745967,0.9070929,-7.5912256,-19.499506,-1.2535192
370662.0,0,0,-0.008099753,-0.41155747,-0.06652995,0.9089162,-7.5860863,-19.498234,-1.2584629
370663.0,0,0,-0.00832435,-0.40150943,-0.06427358,0.9135589,-7.581237,-19.497057,-1.2642283
370664.0,0,0,-0.009382422,-0.38859138,-0.06636258,0.9189694,-7.5761867,-19.496107,-1.2705834
370665.0,0,0,-0.011334333,-0.37440446,-0.07145245,0.924439,-7.5710325,-19.495218,-1.2770433
370666.0,0,0,-0.012760203,-0.36267412,-0.07315084,0.92895293,-7.5662394,-19.49422,-1.2832881
370667.0,0,0,-0.01248255,-0.35551333,-0.073107556,0.93172413,-7.5617733,-19.492958,-1.28913
370668.0,0,0,-0.011350308,-0.34625536,-0.070895046,0.93538886,-7.55721,-19.491251,-1.2945758
370669.0,0,0,-0.009602916,-0.33234414,-0.06322578,0.9409876,-7.552169,-19.489075,-1.3000458
370670.0,0,0,-0.008806087,-0.31530112,-0.055080928,0.94735086,-7.5464826,-19.48665,-1.3061059
370671.0,0,0,-0.010106137,-0.29424015,-0.051072225,0.95431244,-7.5403476,-19.48428,-1.3129022
370672.0,0,0,-0.013677275,-0.27037665,-0.051129952,0.96129864,-7.5342736,-19.482056,-1.3200624
370673.0,0,0,-0.018633422,-0.24843591,-0.05262583,0.9670383,-7.52878,-19.479864,-1.3270048
370674.0,0,0,-0.023701737,-0.22914484,-0.051742554,0.97172713,-7.5241146,-19.477684,-1.3333282
370675.0,0,0,-0.027995188,-0.2120045,-0.04994269,0.97559017,-7.5201874,-19.475718,-1.3390136
370676.0,0,0,-0.03126765,-0.19598964,-0.049300503,0.9788666,-7.5167813,-19.474201,-1.3442177
370677.0,0,0,-0.03364226,-0.18069082,-0.048977617,0.9817435,-7.5137696,-19.473219,-1.3490789
370678.0,0,0,-0.03502675,-0.16700564,-0.049045537,0.98411214,-7.5111666,-19.472721,-1.3536146
370679.0,0,0,-0.035559446,-0.15533844,-0.049703762,0.9859691,-7.5089784,-19.472574,-1.3578223
370680.0,0,0,-0.035602234,-0.14512543,-0.050609887,0.9874764,-7.5071397,-19.472603,-1.3617313
370681.0,0,0,-0.035538696,-0.13588226,-0.051571436,0.9887434,-7.505554,-19.472649,-1.3654015
370682.0,0,0,-0.035671625,-0.12732343,-0.05254519,0.98982584,-7.5041595,-19.472603,-1.3688632
370683.0,0,0,-0.036158696,-0.11936079,-0.053515524,0.99074805,-7.502912,-19.472422,-1.3721775
370684.0,0,0,-0.03698924,-0.11196577,-0.054378174,0.9915334,-7.501802,-19.472118,-1.3753635
370685.0,0,0,-0.038950343,-0.1060178,-0.054335643,0.9921143,-7.5006957,-19.471628,-1.3783472
370686.0,0,0,-0.041470803,-0.09816442,-0.051792957,0.9929559,-7.4997025,-19.470932,-1.3810321
370687.0,0,0,-0.043635834,-0.0926895,-0.04868005,0.99354655,-7.4990096,-19.470078,-1.3834443
370688.0,0,0,-0.04540911,-0.089384876,-0.04562816,0.9939147,-7.49861,-19.469133,-1.3856072
370689.0,0,0,-0.04721544,-0.086033635,-0.041568674,0.9943043,-7.498381,-19.468197,-1.3875737
370690.0,0,0,-0.048746012,-0.08311379,-0.03747785,0.99464136,-7.498241,-19.467375,-1.38941
370691.0,0,0,-0.049811814,-0.08103834,-0.034232136,0.99487674,-7.4981422,-19.466703,-1.3911712
370692.0,0,0,-0.050725054,-0.07904548,-0.031262442,0.9950887,-7.498064,-19.46614,-1.3928632
370693.0,0,0,-0.051561218,-0.077043965,-0.028304039,0.99529123,-7.498021,-19.46561,-1.3944902
370694.0,0,0,-0.05231895,-0.075388715,-0.02535767,0.99545777,-7.4980335,-19.465061,-1.3960601
370695.0,0,0,-0.05308815,-0.073901296,-0.022275781,0.99560237,-7.4981036,-19.46449,-1.3975669
370696.0,0,0,-0.053830374,-0.07254108,-0.01922099,0.9957262,-7.4982243,-19.463936,-1.3990128
370697.0,0,0,-0.054454435,-0.071405366,-0.016503777,0.9958231,-7.498387,-19.463453,-1.4003857
370698.0,0,0,-0.05493039,-0.07050414,-0.014219222,0.9958964,-7.498586,-19.463074,-1.4016839
370699.0,0,0,-0.055269133,-0.06979617,-0.012386845,0.99595207,-7.4988136,-19.462788,-1.4029197
370700.0,0,0,-0.055533282,-0.069147006,-0.010922163,0.9959998,-7.499058,-19.462557,-1.4041107
370701.0,0,0,-0.055780295,-0.068445235,-0.009598135,0.9960481,-7.499314,-19.462343,-1.4052811
370702.0,0,0,-0.056016903,-0.06771477,-0.008363964,0.99609584,-7.4995747,-19.462135,-1.4064204
370703.0,0,1,-0.05620627,-0.06688953,-0.006904965,0.9961521,-7.4998403,-19.461946,-1.4075437
370704.0,0,1,-0.05637562,-0.06591999,-0.005259457,0.99621725,-7.5001106,-19.461802,-1.4086416
370705.0,0,1,-0.056514364,-0.0649507,-0.003817082,0.9962796,-7.5003896,-19.461708,-1.4097136
370706.0,0,1,-0.056626536,-0.063998416,-0.0029312188,0.9963379,-7.5006776,-19.461647,-1.4107702
370707.0,0,1,-0.05673728,-0.06300491,-0.002596615,0.9963958,-7.5009737,-19.461592,-1.411815
370708.0,0,1,-0.05684316,-0.062014952,-0.0025091358,0.99645203,-7.5012784,-19.461529,-1.4128532
370709.0,0,1,-0.056936964,-0.06103437,-0.0023701147,0.9965076,-7.50159,-19.46146,-1.4138855
370710.0,0,1,-0.057007138,-0.06007052,-0.002116915,0.9965627,-7.501904,-19.46139,-1.4149132
370711.0,0,1,-0.057041526,-0.059124477,-0.0018586785,0.99661785,-7.5022173,-19.461315,-1.4159381
370712.0,0,1,-0.057051547,-0.05805531,-0.0016378732,0.9966805,-7.50253,-19.461233,-1.4169611
370713.0,0,1,-0.057039313,-0.056816682,-0.0013696826,0.996753,-7.5028486,-19.46114,-1.4179802
370714.0,0,1,-0.05699784,-0.055523597,-0.0010047889,0.9968286,-7.503178,-19.46104,-1.4189966
370715.0,0,1,-0.05691974,-0.05428941,-0.00056618225,0.99690145,-7.503516,-19.460938,-1.4200128
370716.0,0,1,-0.05681144,-0.053147893,-0.00011511676,0.99696934,-7.503854,-19.46083,-1.4210247
370717.0,0,1,-0.056680843,-0.05199739,0.0003866262,0.99703735,-7.5041914,-19.46072,-1.4220415
370718.0,0,1,-0.05653521,-0.05070931,0.0010038122,0.9971115,-7.504532,-19.460611,-1.423053
370719.0,0,1,-0.056375314,-0.049272586,0.0016521908,0.9971918,-7.5048866,-19.46051,-1.4240533
370720.0,0,1,-0.056205012,-0.04784245,0.002225744,0.9972698,-7.5052605,-19.460413,-1.4250354
370721.0,0,1,-0.05603446,-0.04656126,0.0026970452,0.9973389,-7.5056524,-19.460316,-1.4260063
370722.0,1,1,-0.055861495,-0.045436796,0.0031136717,0.9973993,-7.4995747,-19.462135,-1.4064204
370723.0,1,1,-0.05568725,-0.044366382,0.0035319268,0.9974558,-7.4995747,-19.462135,-1.4064204
370724.0,1,1,-0.0555107,-0.043240625,0.0039782287,0.9975134,-7.4995747,-19.462135,-1.4064204
370725.0,1,1,-0.05532099,-0.04209754,0.004450759,0.9975708,-7.4995747,-19.462135,-1.4064204
370726.0,1,1,-0.05511941,-0.041040447,0.0049680704,0.99762356,-7.4995747,-19.462135,-1.4064204
370727.0,1,1,-0.054915015,-0.040054303,0.0055664843,0.99767184,-7.4995747,-19.462135,-1.4064204
370728.0,1,1,-0.054709177,-0.03912623,0.006236412,0.99771607,-7.4995747,-19.462135,-1.4064204
370729.0,1,1,-0.05449462,-0.038247135,0.006834316,0.997758,-7.4995747,-19.462135,-1.4064204
370730.0,1,1,-0.0542912,-0.037458897,0.007284223,0.99779576,-7.4995747,-19.462135,-1.4064204
370731.0,1,1,-0.05409343,-0.03675215,0.007691372,0.99782974,-7.4995747,-19.462135,-1.4064204
370732.0,1,1,-0.05390506,-0.036040466,0.008031976,0.9978632,-7.4995747,-19.462135,-1.4064204
370733.0,1,1,-0.053728335,-0.03540905,0.008326078,0.9978929,-7.4995747,-19.462135,-1.4064204
370734.0,1,1,-0.053564955,-0.034931682,0.008644057,0.99791574,-7.4995747,-19.462135,-1.4064204
370735.0,1,1,-0.053413667,-0.034636132,0.0089393435,0.99793154,-7.4995747,-19.462135,-1.4064204
370736.0,1,1,-0.053280972,-0.034474704,0.0092846295,0.99794114,-7.4995747,-19.462135,-1.4064204
370737.0,1,1,-0.053155858,-0.0343944,0.009597724,0.9979476,-7.4995747,-19.462135,-1.4064204
370738.0,1,1,-0.05301317,-0.034416214,0.009852397,0.997952,-7.4995747,-19.462135,-1.4064204
370739.0,1,1,-0.052855708,-0.034543697,0.0100645125,0.99795383,-7.4995747,-19.462135,-1.4064204
370740.0,1,1,-0.052680437,-0.03471506,0.010306834,0.9979546,-7.4995747,-19.462135,-1.4064204
370741.0,1,1,-0.05248706,-0.03481051,0.010656536,0.9979579,-7.4995747,-19.462135,-1.4064204
370742.0,1,1,-0.052269153,-0.03476955,0.011123405,0.9979656,-7.4995747,-19.462135,-1.4064204
370743.0,1,1,-0.05201457,-0.0346356,0.011664643,0.9979773,-7.4995747,-19.462135,-1.4064204
370744.0,1,1,-0.051724695,-0.034366906,0.0122885695,0.99799424,-7.4995747,-19.462135,-1.4064204
370745.0,1,1,-0.051400352,-0.033862628,0.013026775,0.99801886,-7.4995747,-19.462135,-1.4064204
370746.0,1,1,-0.051028002,-0.03317217,0.01384923,0.99805015,-7.4995747,-19.462135,-1.4064204
370747.0,1,1,-0.050614793,-0.032516494,0.014632924,0.9980815,-7.4995747,-19.462135,-1.4064204
370748.0,1,1,-0.050233446,-0.03190645,0.015260821,0.9981111,-7.4995747,-19.462135,-1.4064204
370749.0,1,1,-0.049905438,-0.031177754,0.015962241,0.9981396,-7.4995747,-19.462135,-1.4064204
370750.0,1,1,-0.04956421,-0.03030174,0.016659,0.99817216,-7.4995747,-19.462135,-1.4064204
370751.0,1,1,-0.049216263,-0.029409992,0.017170541,0.9982074,-7.4995747,-19.462135,-1.4064204
370752.0,1,1,-0.048946273,-0.028576782,0.017645169,0.9982366,-7.4995747,-19.462135,-1.4064204
370753.0,1,1,-0.048739508,-0.027741434,0.018103886,0.99826205,-7.4995747,-19.462135,-1.4064204
370754.0,1,1,-0.048559964,-0.026821604,0.018446261,0.9982897,-7.4995747,-19.462135,-1.4064204
370755.0,1,1,-0.048428558,-0.025793247,0.018735742,0.9983178,-7.4995747,-19.462135,-1.4064204
370756.0,1,1,-0.048333645,-0.024641566,0.018980915,0.9983468,-7.4995747,-19.462135,-1.4064204
370757.0,1,1,-0.048240058,-0.02346097,0.019201504,0.9983756,-7.4995747,-19.462135,-1.4064204
370758.0,1,1,-0.048151538,-0.022235626,0.019449664,0.9984031,-7.4995747,-19.462135,-1.4064204
370759.0,1,1,-0.048073072,-0.020786162,0.019640282,0.99843436,-7.4995747,-19.462135,-1.4064204
370760.0,1,1,-0.047984757,-0.01913337,0.019730598,0.99846995,-7.4995747,-19.462135,-1.4064204
370761.0,1,1,-0.04788251,-0.017336838,0.019765876,0.9985069,-7.4995747,-19.462135,-1.4064204
370762.0,1,1,-0.047765788,-0.015491349,0.019775249,0.99854267,-7.4995747,-19.462135,-1.4064204
370763.0,1,1,-0.04766155,-0.013527129,0.019671427,0.99857825,-7.4995747,-19.462135,-1.4064204
370764.0,1,1,-0.04757321,-0.011481704,0.0194745,0.9986119,-7.4995747,-19.462135,-1.4064204
370765.0,1,1,-0.04749919,-0.0093858475,0.019231807,0.998642,-7.4995747,-19.462135,-1.4064204
370766.0,1,1,-0.047427837,-0.0072275396,0.018967053,0.99866843,-7.4995747,-19.462135,-1.4064204
370767.0,1,1,-0.047367413,-0.0050030695,0.018699575,0.99868995,-7.4995747,-19.462135,-1.4064204
370768.0,1,1,-0.04734091,-0.0025740408,0.018409623,0.9987058,-7.4995747,-19.462135,-1.4064204
370769.0,1,1,-0.047317322,5.1429983e-05,0.018092545,0.99871606,-7.4995747,-19.462135,-1.4064204
370770.0,1,1,-0.0472951,0.0026359854,0.01778276,0.9987192,-7.4995747,-19.462135,-1.4064204
370771.0,1,1,-0.04732117,0.0051182047,0.017432867,0.99871445,-7.4995747,-19.462135,-1.4064204
370772.0,1,1,-0.047420073,0.0076517356,0.017006624,0.998701,-7.4995747,-19.462135,-1.4064204
370773.0,1,1,-0.047576774,0.010243407,0.016525097,0.9986784,-7.4995747,-19.462135,-1.4064204
370774.0,1,1,-0.047751687,0.012919977,0.016023945,0.9986471,-7.4995747,-19.462135,-1.4064204
370775.0,0,0,-0.047944367,0.016431954,0.015202907,0.9985992,-7.4995456,-19.462147,-1.4064066
370776.0,0,0,-0.048129342,0.020352116,0.014324974,0.99853104,-7.4994802,-19.462172,-1.4063835
370777.0,0,0,-0.048293825,0.024727652,0.013316918,0.99843824,-7.4993687,-19.462204,-1.4063559
370778.0,0,0,-0.048439454,0.029679649,0.012312085,0.99830914,-7.4992123,-19.462234,-1.4063256
370779.0,0,0,-0.048461843,0.035002287,0.01147392,0.99814564,-7.4990034,-19.462254,-1.4062953
370780.0,0,0,-0.04828524,0.040677346,0.01067856,0.9979479,-7.4986916,-19.462267,-1.4062731
370781.0,0,0,-0.04805611,0.04759636,0.009813135,0.9976617,-7.4982004,-19.462273,-1.4062647
370782.0,0,0,-0.047827855,0.05601006,0.00907201,0.99724275,-7.4974623,-19.462284,-1.4062735
370783.0,0,0,-0.04750755,0.06625731,0.008049316,0.9966384,-7.4964023,-19.462337,-1.4063084
370784.0,0,0,-0.04716709,0.07911698,0.0061800014,0.9957297,-7.494916,-19.462454,-1.406383
370785.0,0,0,-0.04709338,0.09598601,0.0037882568,0.9942608,-7.493042,-19.462618,-1.4064691
370786.0,0,0,-0.046820626,0.115414076,0.00092138076,0.992213,-7.4907975,-19.462767,-1.4064875
370787.0,0,0,-0.046504308,0.13663824,-0.0016993835,0.98952746,-7.4881387,-19.462866,-1.4063392
370788.0,0,0,-0.046494346,0.16276321,-0.0044342345,0.9855592,-7.4851627,-19.46307,-1.4059291
370789.0,0,0,-0.044703737,0.18819097,-0.010310999,0.9810604,-7.48195,-19.463535,-1.405256
370790.0,0,0,-0.041216265,0.21399844,-0.01924636,0.97577435,-7.4782133,-19.464178,-1.4044254
370791.0,0,0,-0.038362827,0.24582481,-0.02655414,0.9681907,-7.4737706,-19.464802,-1.4036165
370792.0,0,0,-0.03444929,0.28065696,-0.033909325,0.9585901,-7.4687266,-19.465313,-1.4029912
370793.0,0,0,-0.029516352,0.31581664,-0.041440915,0.94745517,-7.463282,-19.465733,-1.4026128
370794.0,0,0,-0.024848837,0.3499804,-0.048389155,0.9351764,-7.457527,-19.466072,-1.4024844
370795.0,0,0,-0.02077303,0.38212895,-0.05517429,0.9222265,-7.4514613,-19.46621,-1.4024047
370796.0,0,0,-0.01812643,0.4102243,-0.060242526,0.9098123,-7.445056,-19.466011,-1.4017284
370797.0,0,0,-0.015891856,0.428008,-0.06256714,0.90146655,-7.4381533,-19.465437,-1.399824
370798.0,0,0,-0.014359121,0.43693852,-0.0625916,0.8971962,-7.4304523,-19.464497,-1.3967738
370799.0,0,0,-0.014033996,0.4412722,-0.061552916,0.89514977,-7.4217653,-19.463266,-1.3932474
370800.0,0,0,-0.014448773,0.44409013,-0.060726095,0.8938051,-7.412078,-19.461845,-1.3898243
370801.0,0,0,-0.01529227,0.4457736,-0.059936512,0.89300597,-7.401478,-19.4603,-1.3866795
370802.0,0,0,-0.016234484,0.44573414,-0.0589919,0.89307195,-7.390147,-19.458683,-1.3838061
370803.0,0,0,-0.016998919,0.4445498,-0.058265172,0.8936956,-7.3782244,-19.457027,-1.3812219
370804.0,0,0,-0.017446967,0.44293714,-0.057785437,0.8945184,-7.365767,-19.455353,-1.378994
370805.0,0,0,-0.017570334,0.44115642,-0.057413686,0.8954195,-7.3527985,-19.453669,-1.3771749
370806.0,0,0,-0.017373392,0.43920484,-0.057088245,0.8964029,-7.339453,-19.452002,-1.3757746
370807.0,0,0,-0.016762901,0.436948,-0.056815665,0.89753413,-7.325674,-19.450356,-1.3747472
370808.0,0,0,-0.015764425,0.434325,-0.056514703,0.89884335,-7.311428,-19.448736,-1.3740488
370809.0,0,0,-0.014431999,0.43128514,-0.056128338,0.9003525,-7.296779,-19.44716,-1.3736395
370810.0,0,0,-0.012782368,0.42766044,-0.0556285,0.90213567,-7.281653,-19.445627,-1.3734673
370811.0,0,0,-0.010884614,0.42322254,-0.054954022,0.9042921,-7.2660723,-19.444141,-1.3734761
370812.0,0,0,-0.008786599,0.4177543,-0.054052427,0.90690833,-7.2500505,-19.442701,-1.3736147
370813.0,0,0,-0.006529237,0.4111598,-0.052858766,0.910006,-7.2336054,-19.441305,-1.3738495
370814.0,0,0,-0.00414812,0.40349287,-0.051333643,0.9135322,-7.2167377,-19.439945,-1.3741667
370815.0,0,0,-0.0016582791,0.39486843,-0.04950809,0.9174013,-7.199523,-19.438625,-1.3745636
370816.0,0,0,0.0009386777,0.38540608,-0.047433637,0.9215266,-7.181966,-19.437346,-1.3750441
370817.0,0,0,0.0036505866,0.3752574,-0.045169715,0.92581224,-7.164122,-19.43611,-1.3756114
370818.0,0,0,0.0064948783,0.36457124,-0.04277222,0.93016994,-7.14599,-19.434916,-1.3762678
370819.0,0,0,0.009449672,0.3534607,-0.040300086,0.9345332,-7.127603,-19.433764,-1.3770081
370820.0,0,0,0.012490344,0.341968,-0.03778443,0.93886864,-7.1089783,-19.432648,-1.3778204
370821.0,0,0,0.015599669,0.33013028,-0.0352188,0.94314915,-7.090124,-19.431564,-1.3786893
370822.0,0,0,0.018768635,0.31800157,-0.0326212,0.94734293,-7.0711093,-19.430513,-1.3795975
370823.0,0,0,0.022021115,0.30556938,-0.030007614,0.95144206,-7.051859,-19.42949,-1.3805383
370824.0,0,0,0.025329238,0.29297554,-0.02741077,0.9553912,-7.0324893,-19.428501,-1.3814973
370825.0,0,0,0.02872795,0.2802199,-0.024876095,0.9591834,-7.012884,-19.427547,-1.3824704
370826.0,0,0,0.032228798,0.267447,-0.022504792,0.96277046,-6.993196,-19.426638,-1.3834366
370827.0,0,0,0.035834935,0.2545697,-0.020330248,0.96617633,-6.973333,-19.425768,-1.3843819
370828.0,0,0,0.039512157,0.24153973,-0.018362265,0.96941227,-6.953345,-19.424934,-1.3852838
370829.0,0,0,0.043222822,0.22829036,-0.016579255,0.9724919,-6.9332023,-19.424122,-1.3861265
370830.0,0,0,0.046908308,0.21486029,-0.014947514,0.9754031,-6.912959,-19.42332,-1.3868957
370831.0,0,0,0.050515067,0.20126206,-0.013439776,0.97814167,-6.8926153,-19.422522,-1.3875828
370832.0,0,0,0.054014772,0.18751101,-0.012055384,0.9807021,-6.8722024,-19.421719,-1.388179
370833.0,0,0,0.05738722,0.17360744,-0.0108176675,0.983082,-6.8517184,-19.420908,-1.388675
370834.0,0,0,0.06063207,0.15955688,-0.009773697,0.9852765,-6.831141,-19.420092,-1.38906
370835.0,0,0,0.063737385,0.14538395,-0.009020879,0.98727894,-6.8105307,-19.419275,-1.3893191
370836.0,0,0,0.066694446,0.13104215,-0.008592964,0.98909354,-6.7898774,-19.418457,-1.3894362
370837.0,0,0,0.069466144,0.11649729,-0.008488305,0.99072236,-6.7692175,-19.417635,-1.3893969
370838.0,0,0,0.07200545,0.10171098,-0.008680733,0.9921667,-6.748536,-19.4168,-1.3891902
370839.0,0,0,0.07425683,0.08663954,-0.0091410745,0.99342644,-6.727759,-19.41594,-1.3888086
370840.0,0,0,0.07612476,0.07152888,-0.00980592,0.9944811,-6.7071857,-19.415056,-1.3882596
370841.0,0,0,0.07757924,0.056172125,-0.010644771,0.99534565,-6.686508,-19.414133,-1.3875371
370842.0,0,0,0.078582115,0.04072958,-0.011607917,0.9960076,-6.665908,-19.413174,-1.3866516
370843.0,0,0,0.07912749,0.025200067,-0.0126554165,0.99646556,-6.645322,-19.412178,-1.3856063
370844.0,0,0,0.07921727,0.009706602,-0.013795946,0.9967147,-6.624819,-19.411156,-1.3844103
370845.0,0,0,0.07888449,-0.0057813707,-0.015047627,0.99675345,-6.6043253,-19.410114,-1.3830607
370846.0,0,0,0.078160465,-0.02115389,-0.016388277,0.9965817,-6.58394,-19.409065,-1.3815619
370847.0,0,0,0.07708622,-0.036475673,-0.017787535,0.99619824,-6.563578,-19.408012,-1.3798997
370848.0,0,0,0.075709924,-0.05169356,-0.019193986,0.9956041,-6.5433426,-19.40697,-1.3780731
370849.0,0,0,0.07408435,-0.066841915,-0.020563517,0.99479693,-6.523198,-19.40594,-1.3760681
370850.0,0,0,0.07227717,-0.08187005,-0.02188268,0.9937779,-6.5031877,-19.404934,-1.3738791
370851.0,0,0,0.07034007,-0.09679648,-0.023180217,0.9925449,-6.483265,-19.403961,-1.3714885
370852.0,0,0,0.06833541,-0.1115427,-0.024478305,0.9911051,-6.4635363,-19.40303,-1.3688933
370853.0,0,0,0.06631573,-0.12625347,-0.025790872,0.9894429,-6.4439588,-19.402142,-1.3660662
370854.0,0,0,0.06430265,-0.14098461,-0.02706936,0.9875504,-6.424573,-19.401287,-1.3629886
370855.0,0,0,0.062292732,-0.15573956,-0.02830175,0.9854258,-6.4054556,-19.400461,-1.3596507
370856.0,0,0,0.060276285,-0.1705855,-0.029516896,0.98305446,-6.3866034,-19.399656,-1.3560338
370857.0,0,0,0.058245536,-0.18556543,-0.030708792,0.9804234,-6.3680897,-19.398863,-1.3521428
370858.0,0,0,0.05619547,-0.20074491,-0.031885512,0.9775106,-6.3499346,-19.398075,-1.3479873
370859.0,0,0,0.054119017,-0.21609019,-0.033070613,0.9743113,-6.3321834,-19.397284,-1.3435982
370860.0,0,0,0.05197796,-0.23159967,-0.03438881,0.9708127,-6.314865,-19.396482,-1.3390479
370861.0,0,0,0.04981225,-0.24698107,-0.035781838,0.9670774,-6.2980385,-19.39567,-1.3343995
370862.0,0,0,0.047627315,-0.26211336,-0.037217446,0.9631424,-6.2816873,-19.394836,-1.3296995
370863.0,0,0,0.045423716,-0.27676585,-0.038684342,0.9590834,-6.2658763,-19.393978,-1.3250211
370864.0,0,0,0.04314898,-0.2907584,-0.040059872,0.9549832,-6.2506037,-19.393093,-1.320422
370865.0,0,0,0.040820334,-0.3042981,-0.041816592,0.9507827,-6.2358627,-19.392176,-1.3159515
370866.0,0,0,0.038638514,-0.31705073,-0.043305434,0.9466312,-6.221691,-19.391212,-1.3116664
370867.0,0,0,0.036497943,-0.32895547,-0.044485606,0.9425908,-6.2081604,-19.390203,-1.3076453
370868.0,0,0,0.034467243,-0.3401565,-0.04554669,0.9386325,-6.1952443,-19.389147,-1.3039454
370869.0,0,0,0.032627862,-0.35055217,-0.046451963,0.9348213,-6.182944,-19.388048,-1.3006372
370870.0,0,0,0.031064577,-0.36008936,-0.047348265,0.9311976,-6.171263,-19.386919,-1.2977967
370871.0,0,0,0.02985216,-0.36874986,-0.048472103,0.9277839,-6.160231,-19.385786,-1.2955041
370872.0,0,0,0.02901704,-0.3765361,-0.050007686,0.9245961,-6.14983,-19.384672,-1.2938251
370873.0,0,0,0.028591411,-0.38333791,-0.052069936,0.92169595,-6.1400557,-19.383593,-1.2928212
370874.0,0,0,0.028539253,-0.3889889,-0.054648675,0.9191772,-6.130888,-19.382545,-1.2925398
370875.0,0,0,0.028787697,-0.39334184,-0.057514604,0.91713995,-6.122312,-19.381508,-1.2930188
370876.0,0,0,0.029252563,-0.39631692,-0.060345966,0.91566133,-6.1143255,-19.380442,-1.2942834
370877.0,0,0,0.029864714,-0.39791188,-0.06283773,0.91478175,-6.1069355,-19.379305,-1.2963388
370878.0,0,0,0.0305695,-0.3981224,-0.064663224,0.9145397,-6.1001453,-19.37806,-1.299171
370879.0,0,0,0.031315025,-0.39697993,-0.06556423,0.91494685,-6.093951,-19.376678,-1.3027558
370880.0,0,0,0.032032143,-0.39454472,-0.065520205,0.91597784,-6.088359,-19.37515,-1.3070549
370881.0,0,0,0.032690834,-0.39091393,-0.06468964,0.91756904,-6.083373,-19.373472,-1.3120165
370882.0,0,0,0.03323756,-0.3835416,-0.06326071,0.92075473,-6.078825,-19.37173,-1.3176763
370883.0,0,0,0.03296394,-0.37256125,-0.062589176,0.92530763,-6.074159,-19.370083,-1.3238199
370884.0,0,0,0.032326043,-0.35918564,-0.064625725,0.9304645,-6.069101,-19.368559,-1.329926
370885.0,0,0,0.03188721,-0.34674692,-0.06554925,0.935122,-6.064005,-19.367039,-1.3357167
370886.0,0,0,0.03234811,-0.33789113,-0.06426413,0.9384313,-6.0590577,-19.365347,-1.3411428
370887.0,0,0,0.033374026,-0.32823762,-0.061252613,0.9420161,-6.054043,-19.363272,-1.3462743
370888.0,0,0,0.0351426,-0.31448644,-0.053734977,0.9470881,-6.048662,-19.360716,-1.3514662
370889.0,0,0,0.03654123,-0.29676142,-0.04307746,0.9532795,-6.042746,-19.35795,-1.3572031
370890.0,0,0,0.036078524,-0.27542964,-0.037188854,0.9599239,-6.0364037,-19.355442,-1.3636765
370891.0,0,0,0.03309334,-0.25206056,-0.03902824,0.9663576,-6.029993,-19.3533,-1.3706197
370892.0,0,0,0.028686307,-0.22918293,-0.042238846,0.9720432,-6.023937,-19.351252,-1.3774867
370893.0,0,0,0.024129508,-0.20782377,-0.041896578,0.9769707,-6.018567,-19.349161,-1.3838303
370894.0,0,0,0.020168968,-0.18873799,-0.040728703,0.98097515,-6.0139027,-19.347214,-1.3896585
370895.0,0,0,0.01731082,-0.17145777,-0.041106638,0.9841813,-6.0098166,-19.345694,-1.3951362
370896.0,0,0,0.015459145,-0.15506946,-0.04223227,0.98687935,-6.0061464,-19.34472,-1.4004192
370897.0,0,0,0.014445931,-0.13954622,-0.044242237,0.9891213,-6.0028296,-19.34426,-1.4055238
370898.0,0,0,0.014186271,-0.12520461,-0.047384713,0.9908973,-5.999848,-19.344175,-1.410415
370899.0,0,0,0.014447474,-0.11201581,-0.051166076,0.99228305,-5.997194,-19.344278,-1.4150168
370900.0,0,0,0.014963639,-0.09974915,-0.05495906,0.99338096,-5.994827,-19.344362,-1.4193082
370901.0,0,0,0.015020945,-0.08971291,-0.058218826,0.9941511,-5.9925756,-19.344156,-1.4231572
370902.0,0,0,0.012482174,-0.07944567,-0.059788246,0.9949663,-5.9902945,-19.343319,-1.4263487
370903.0,0,0,0.008290742,-0.06591289,-0.056804385,0.9961728,-5.9882903,-19.341673,-1.4288397
370904.0,0,0,0.0048130895,-0.0590171,-0.05107306,0.996938,-5.9868884,-19.339386,-1.4308437
370905.0,0,0,0.0020828308,-0.055365797,-0.044162776,0.99748677,-5.9859176,-19.336885,-1.4325756
370906.0,0,0,-0.00065861037,-0.05033535,-0.036628254,0.9980602,-5.9850535,-19.33464,-1.4341565
370907.0,0,0,-0.0027444384,-0.045701087,-0.030935798,0.99847233,-5.9841795,-19.332922,-1.4356357
370908.0,0,0,-0.0038118074,-0.04266529,-0.027646078,0.99869955,-5.983323,-19.331678,-1.4369959
370909.0,0,0,-0.0044895625,-0.039988607,-0.024947189,0.9988786,-5.9825377,-19.330627,-1.4382019
370910.0,0,0,-0.0051391376,-0.03766828,-0.021824704,0.9990387,-5.981864,-19.329477,-1.4392675
370911.0,0,0,-0.0058423164,-0.036011625,-0.01789817,0.999174,-5.9812875,-19.328108,-1.4402554
370912.0,0,0,-0.006597418,-0.034492474,-0.01330289,0.9992947,-5.980738,-19.326612,-1.4412236
370913.0,0,0,-0.0072278036,-0.032627925,-0.008965965,0.9994013,-5.980155,-19.325184,-1.4421823
370914.0,0,0,-0.0075936806,-0.030556126,-0.0056587597,0.9994882,-5.979536,-19.323977,-1.4430878
370915.0,0,0,-0.007595631,-0.02863144,-0.0035829737,0.9995548,-5.978933,-19.323027,-1.4438747
370916.0,0,0,-0.007492682,-0.027108774,-0.00255039,0.9996011,-5.9783974,-19.32224,-1.4445301
370917.0,0,0,-0.0074253823,-0.026370361,-0.0018298615,0.999623,-5.977934,-19.321487,-1.4450947
370918.0,0,0,-0.0074189845,-0.025685817,-0.0009985575,0.999642,-5.977494,-19.320698,-1.4456279
370919.0,0,0,-0.0074402615,-0.024805931,-9.705591e-05,0.99966466,-5.977042,-19.319887,-1.446157
370920.0,0,0,-0.0074484795,-0.023876904,0.00058254064,0.999687,-5.9765806,-19.319098,-1.4466721
370921.0,0,0,-0.0074488283,-0.023133166,0.00092510565,0.99970424,-5.9761333,-19.318356,-1.4471496
370922.0,0,0,-0.0074682594,-0.022652868,0.0010222271,0.99971503,-5.9757156,-19.317657,-1.4475807
370923.0,0,0,-0.0075176586,-0.022332272,0.0009806901,0.99972194,-5.975313,-19.316975,-1.4479833
370924.0,0,0,-0.0075667277,-0.021973282,0.00083545514,0.99972963,-5.974908,-19.316301,-1.4483718
370925.0,0,0,-0.0075936643,-0.021509862,0.0006026285,0.9997397,-5.9744897,-19.315632,-1.4487543
370926.0,0,0,-0.0075675976,-0.020982765,0.00035597745,0.99975115,-5.9740605,-19.314955,-1.4491333
370927.0,0,0,-0.0074995006,-0.020416278,0.00020720414,0.9997635,-5.973626,-19.314259,-1.4495089
370928.0,0,0,-0.0074124862,-0.019837549,0.00020198112,0.9997757,-5.9731894,-19.313538,-1.4498819
370929.0,0,0,-0.0073105358,-0.019226952,0.0002740018,0.99978834,-5.972747,-19.312796,-1.4502549
370930.0,0,1,-0.007209274,-0.018689247,0.00011510946,0.9997994,-5.972298,-19.312044,-1.4506276
370931.0,0,1,-0.007112518,-0.01809585,7.969862e-05,0.99981093,-5.971844,-19.311285,-1.4509993
370932.0,0,1,-0.007019939,-0.017448783,0.0001414551,0.99982315,-5.971389,-19.310524,-1.4513648
370933.0,0,1,-0.00693376,-0.016746892,0.00028770952,0.9998357,-5.970935,-19.309763,-1.4517202
370934.0,0,1,-0.0068290024,-0.016070955,0.00045378838,0.9998475,-5.970482,-19.309004,-1.4520653
370935.0,0,1,-0.0066962806,-0.015466625,0.00057774415,0.9998578,-5.9700274,-19.308245,-1.4524028
370936.0,0,1,-0.0065316437,-0.014891017,0.000676132,0.9998676,-5.9695663,-19.307478,-1.452739
370937.0,0,1,-0.0063261176,-0.014292278,0.00078855216,0.9998776,-5.9691,-19.306705,-1.4530747
370938.0,0,1,-0.0060887425,-0.013658215,0.0009579003,0.99988776,-5.9686294,-19.305925,-1.4534097
370939.0,0,1,-0.005828349,-0.013018824,0.0011750206,0.99989766,-5.9681573,-19.305143,-1.4537411
370940.0,0,1,-0.005559366,-0.012360868,0.0014169669,0.99990714,-5.9676843,-19.304356,-1.4540672
370941.0,0,1,-0.0052912985,-0.011657675,0.0016879664,0.9999167,-5.9672165,-19.303566,-1.4543817
370942.0,0,1,-0.0050218496,-0.010986528,0.0019517349,0.99992514,-5.9667587,-19.302776,-1.4546812
370943.0,0,1,-0.0047599785,-0.010440147,0.002218078,0.9999317,-5.9663086,-19.301983,-1.4549675
370944.0,0,1,-0.00451697,-0.010029139,0.0024626886,0.99993646,-5.965865,-19.301188,-1.4552419
370945.0,0,1,-0.0042921132,-0.00977098,0.0027120824,0.99993944,-5.9654226,-19.300388,-1.4555084
370946.0,0,1,-0.0040722135,-0.009585359,0.0030217024,0.99994123,-5.964978,-19.299585,-1.4557695
370947.0,0,1,-0.0038527034,-0.009416993,0.0033501151,0.9999426,-5.9645343,-19.298779,-1.456024
370948.0,0,1,-0.0036194068,-0.009344357,0.0037088585,0.99994296,-5.9640903,-19.297968,-1.4562727
370949.0,1,1,-0.0033825187,-0.009321998,0.0041230065,0.99994236,-5.972747,-19.312796,-1.4502549
370950.0,1,1,-0.0031209674,-0.009347477,0.0045014676,0.99994135,-5.972747,-19.312796,-1.4502549
370951.0,1,1,-0.0028129672,-0.00947529,0.0048631974,0.9999394,-5.972747,-19.312796,-1.4502549
370952.0,1,1,-0.0024615154,-0.009690853,0.005242826,0.99993634,-5.972747,-19.312796,-1.4502549
370953.0,1,1,-0.0020358537,-0.010026872,0.005650318,0.99993175,-5.972747,-19.312796,-1.4502549
370954.0,1,1,-0.0015561944,-0.010422115,0.005981406,0.99992657,-5.972747,-19.312796,-1.4502549
370955.0,1,1,-0.0010482497,-0.010742897,0.0063304366,0.9999217,-5.972747,-19.312796,-1.4502549
370956.0,1,1,-0.0005309748,-0.010840858,0.006845377,0.9999177,-5.972747,-19.312796,-1.4502549
370957.0,1,1,-1.2656742e-05,-0.01077599,0.007421883,0.99991447,-5.972747,-19.312796,-1.4502549
370958.0,1,1,0.00044432568,-0.010525005,0.008015614,0.99991244,-5.972747,-19.312796,-1.4502549
370959.0,1,1,0.0008810512,-0.009993429,0.008777544,0.9999111,-5.972747,-19.312796,-1.4502549
370960.0,1,1,0.0013624629,-0.009195578,0.009675348,0.99991006,-5.972747,-19.312796,-1.4502549
370961.0,1,1,0.0018514432,-0.008221344,0.010602817,0.9999083,-5.972747,-19.312796,-1.4502549
370962.0,1,1,0.0023161992,-0.00711406,0.011586036,0.99990493,-5.972747,-19.312796,-1.4502549
370963.0,1,1,0.002754021,-0.005924285,0.01258423,0.9998995,-5.972747,-19.312796,-1.4502549
370964.0,1,1,0.0031805863,-0.004672343,0.013574986,0.9998919,-5.972747,-19.312796,-1.4502549
370965.0,1,1,0.0035677478,-0.0033355714,0.0145262685,0.99988264,-5.972747,-19.312796,-1.4502549
370966.0,1,1,0.0039064116,-0.0019043795,0.015577218,0.9998693,-5.972747,-19.312796,-1.4502549
370967.0,1,1,0.0041880514,-0.00028799285,0.01661271,0.99985325,-5.972747,-19.312796,-1.4502549
370968.0,1,1,0.0044679334,0.0012954414,0.017456498,0.99983686,-5.972747,-19.312796,-1.4502549
370969.0,1,1,0.004704657,0.0026999859,0.018089758,0.9998217,-5.972747,-19.312796,-1.4502549
370970.0,1,1,0.004864361,0.003957926,0.018552,0.99980825,-5.972747,-19.312796,-1.4502549
370971.0,1,1,0.0049775997,0.0051458143,0.018856328,0.9997966,-5.972747,-19.312796,-1.4502549
370972.0,1,1,0.0050639054,0.0061424924,0.019052798,0.9997868,-5.972747,-19.312796,-1.4502549
370973.0,1,1,0.005112388,0.0069468855,0.01913527,0.9997797,-5.972747,-19.312796,-1.4502549
370974.0,1,1,0.005140513,0.007581622,0.019133048,0.99977505,-5.972747,-19.312796,-1.4502549
370975.0,1,1,0.0051480317,0.008154654,0.019086462,0.9997713,-5.972747,-19.312796,-1.4502549
370976.0,1,1,0.005150128,0.008723325,0.018979587,0.99976856,-5.972747,-19.312796,-1.4502549
370977.0,1,1,0.0051617967,0.0092534805,0.018857518,0.99976605,-5.972747,-19.312796,-1.4502549
370978.0,1,1,0.005185439,0.009849633,0.018704133,0.9997631,-5.972747,-19.312796,-1.4502549
370979.0,1,1,0.0052202134,0.010655205,0.018488804,0.9997587,-5.972747,-19.312796,-1.4502549
370980.0,1,1,0.005267032,0.011749047,0.0182055,0.9997513,-5.972747,-19.312796,-1.4502549
370981.0,1,1,0.005336649,0.012946382,0.01786791,0.9997423,-5.972747,-19.312796,-1.4502549
370982.0,1,1,0.005413511,0.014156728,0.017505817,0.9997319,-5.972747,-19.312796,-1.4502549
370983.0,1,1,0.005483001,0.015477942,0.017139567,0.99971825,-5.972747,-19.312796,-1.4502549
370984.0,1,1,0.0055656787,0.01710048,0.016696807,0.9996988,-5.972747,-19.312796,-1.4502549
370985.0,1,1,0.005680719,0.01888457,0.016245013,0.99967355,-5.972747,-19.312796,-1.4502549
370986.0,1,1,0.005783714,0.02068419,0.015811188,0.99964434,-5.972747,-19.312796,-1.4502549
370987.0,1,1,0.0058523137,0.02241659,0.0153697785,0.9996135,-5.972747,-19.312796,-1.4502549
370988.0,1,1,0.005869499,0.024199836,0.014899638,0.9995789,-5.972747,-19.312796,-1.4502549
370989.0,1,1,0.0058345557,0.026123816,0.014331896,0.99953896,-5.972747,-19.312796,-1.4502549
370990.0,1,1,0.005774704,0.028143639,0.013723,0.999493,-5.972747,-19.312796,-1.4502549
370991.0,1,1,0.0057043065,0.030261522,0.013089866,0.9994401,-5.972747,-19.312796,-1.4502549
370992.0,1,1,0.0056188228,0.032483038,0.0124291675,0.9993792,-5.972747,-19.312796,-1.4502549
370993.0,1,1,0.005495111,0.034782313,0.011777362,0.99931043,-5.972747,-19.312796,-1.4502549
370994.0,1,1,0.0053344946,0.037308335,0.011110559,0.99922776,-5.972747,-19.312796,-1.4502549
370995.0,0,0,0.0051651825,0.040526804,0.010222391,0.9991128,-5.9727216,-19.312805,-1.4502363
370996.0,0,0,0.0050325477,0.04411305,0.009243119,0.9989711,-5.972667,-19.312828,-1.4502012
370997.0,0,0,0.0049835043,0.048137728,0.00814733,0.99879503,-5.972584,-19.312864,-1.4501526
370998.0,0,0,0.004986397,0.052476346,0.0069644507,0.9985854,-5.972463,-19.312912,-1.4500974
370999.0,0,0,0.0049976013,0.0570991,0.005758769,0.99833935,-5.9722795,-19.312977,-1.4500438
371000.0,0,0,0.0050661745,0.062322848,0.004398302,0.9980335,-5.971987,-19.31307,-1.4499971
371001.0,0,0,0.0051717404,0.06858892,0.0028099662,0.9976277,-5.971518,-19.313215,-1.4499655
371002.0,0,0,0.0053163907,0.076192155,0.00085234485,0.99707866,-5.970792,-19.313448,-1.4499595
371003.0,0,0,0.0054095765,0.08585665,-0.001858258,0.99629104,-5.969746,-19.313797,-1.4499891
371004.0,0,0,0.00538119,0.09780806,-0.0054296516,0.99517596,-5.968319,-19.314266,-1.4500597
371005.0,0,0,0.005033318,0.11350282,-0.009997189,0.9934747,-5.9665704,-19.314804,-1.4501175
371006.0,0,0,0.004220491,0.13073172,-0.01436731,0.99130464,-5.9646287,-19.31539,-1.4500782
371007.0,0,0,0.003557796,0.14820088,-0.020072768,0.98874724,-5.962386,-19.316105,-1.4499048
371008.0,0,0,0.0023417496,0.17006591,-0.02705797,0.9850583,-5.959749,-19.317043,-1.4495819
371009.0,0,0,0.0015395267,0.19402242,-0.035392947,0.98035717,-5.956765,-19.318249,-1.4491185
371010.0,0,0,0.0020495486,0.21773621,-0.04615064,0.9749138,-5.953354,-19.31966,-1.4485548
371011.0,0,0,0.0020565246,0.24560513,-0.05681302,0.96770144,-5.9492946,-19.321188,-1.4479816
371012.0,0,0,0.0022596994,0.2772191,-0.06781128,0.9584081,-5.944588,-19.322721,-1.4475545
371013.0,0,0,0.0034764353,0.31099594,-0.0787705,0.94713503,-5.939352,-19.324165,-1.4473975
371014.0,0,0,0.0049030073,0.3469098,-0.08848945,0.9337019,-5.933726,-19.325497,-1.447566
371015.0,0,0,0.006680665,0.38378698,-0.097788505,0.9182049,-5.927811,-19.32684,-1.4480525
371016.0,0,0,0.0087510925,0.4179692,-0.10677902,0.9021216,-5.9217067,-19.328276,-1.4486704
371017.0,0,0,0.011839626,0.44680846,-0.11394316,0.88726485,-5.9153132,-19.329744,-1.4487944
371018.0,0,0,0.014732816,0.4671125,-0.11671504,0.876337,-5.9083357,-19.33123,-1.4476942
371019.0,0,0,0.018317232,0.47796232,-0.11675791,0.87039304,-5.9004264,-19.332785,-1.4452852
371020.0,0,0,0.022748077,0.48229203,-0.11572162,0.8680355,-5.891358,-19.334412,-1.4421813
371021.0,0,0,0.026399698,0.4847154,-0.11367211,0.86685216,-5.881089,-19.336092,-1.4390547
371022.0,0,0,0.029636653,0.4857155,-0.11115014,0.86651474,-5.869713,-19.337835,-1.4361552
371023.0,0,0,0.032902356,0.48438892,-0.10801378,0.8675355,-5.857453,-19.339632,-1.4334663
371024.0,0,0,0.036066037,0.48135704,-0.104407676,0.86953646,-5.8444476,-19.341473,-1.4309638
371025.0,0,0,0.03926398,0.47741035,-0.10062882,0.8720158,-5.830845,-19.34334,-1.4287243
371026.0,0,0,0.042516146,0.4731144,-0.09675101,0.87463963,-5.8167105,-19.345228,-1.4268302
371027.0,0,0,0.04576962,0.46863657,-0.09274265,0.8773162,-5.802156,-19.347128,-1.4253132
371028.0,0,0,0.04910285,0.46386278,-0.088570975,0.8800997,-5.7871714,-19.349047,-1.4241424
371029.0,0,0,0.052483834,0.45877072,-0.08424688,0.88299346,-5.7718277,-19.350975,-1.4232762
371030.0,0,0,0.055920146,0.45323634,-0.07974723,0.8860532,-5.756091,-19.352915,-1.4226683
371031.0,0,0,0.05939349,0.44711322,-0.07508476,0.8893393,-5.7399983,-19.354856,-1.4222828
371032.0,0,0,0.06286438,0.44031322,-0.0702217,0.8928837,-5.723528,-19.356796,-1.4220929
371033.0,0,0,0.06627174,0.43220136,-0.06507063,0.8969816,-5.706642,-19.358728,-1.4220835
371034.0,0,0,0.06959482,0.42360428,-0.05991673,0.9011803,-5.6895666,-19.36063,-1.4222437
371035.0,0,0,0.072902314,0.4144352,-0.054736536,0.90550137,-5.6720347,-19.362528,-1.4225649
371036.0,0,0,0.07615935,0.4048287,-0.04964596,0.90986204,-5.654214,-19.364403,-1.4230314
371037.0,0,0,0.07935583,0.39479622,-0.04467586,0.9142443,-5.6360273,-19.36626,-1.4236307
371038.0,0,0,0.08245724,0.38433048,-0.03991664,0.91863894,-5.6175513,-19.368088,-1.4243417
371039.0,0,0,0.08542746,0.37335956,-0.03538393,0.92306703,-5.5987988,-19.36987,-1.4251453
371040.0,0,0,0.08820546,0.36189222,-0.031038254,0.9275184,-5.579775,-19.371592,-1.4260285
371041.0,0,0,0.09075139,0.34999338,-0.026872693,0.9319585,-5.560528,-19.373238,-1.4269838
371042.0,0,0,0.09302895,0.33770984,-0.022861581,0.9363627,-5.54104,-19.374804,-1.428013
371043.0,0,0,0.09502001,0.32516727,-0.019037148,0.940678,-5.5213757,-19.376284,-1.4291148
371044.0,0,0,0.09673453,0.31241903,-0.01545522,0.9448799,-5.5014915,-19.377686,-1.430292
371045.0,0,0,0.098215476,0.29950646,-0.012153877,0.9489478,-5.48143,-19.379013,-1.4315382
371046.0,0,0,0.099522986,0.28644004,-0.009173541,0.952871,-5.46122,-19.380274,-1.432845
371047.0,0,0,0.10072018,0.27322647,-0.0065604383,0.9566398,-5.4407716,-19.381483,-1.4342093
371048.0,0,0,0.101833336,0.2600539,-0.0044030184,0.96019924,-5.420343,-19.382635,-1.4356015
371049.0,0,0,0.10289606,0.24679077,-0.0026936608,0.96358675,-5.399706,-19.383747,-1.4370186
371050.0,0,0,0.103903025,0.2334656,-0.0014223974,0.96679676,-5.3789263,-19.384817,-1.4384309
371051.0,0,0,0.10482624,0.22001639,-0.000535149,0.9698474,-5.3580017,-19.385843,-1.4398073
371052.0,0,0,0.10563875,0.20638025,4.5308003e-05,0.9727527,-5.3369412,-19.38682,-1.4411155
371053.0,0,0,0.106308356,0.19249398,0.00040561505,0.97552264,-5.3157406,-19.387741,-1.4423263
371054.0,0,0,0.106821835,0.17834605,0.00059240893,0.97815204,-5.294436,-19.388607,-1.443413
371055.0,0,0,0.107179336,0.16392064,0.0006205413,0.9806336,-5.2729917,-19.38942,-1.444355
371056.0,0,0,0.10737129,0.14926216,0.00052308047,0.9829507,-5.2515116,-19.390177,-1.4451282
371057.0,0,0,0.107387856,0.13430779,0.00033740644,0.98510367,-5.2299347,-19.390882,-1.4457189
371058.0,0,0,0.107227184,0.119059645,5.685652e-05,0.98708016,-5.208272,-19.391539,-1.4461173
371059.0,0,0,0.106894754,0.103573315,-0.00031295838,0.98886096,-5.186602,-19.392143,-1.4463202
371060.0,0,0,0.10639134,0.08790114,-0.0007824036,0.990431,-5.164916,-19.3927,-1.4463286
371061.0,0,0,0.10570619,0.07208275,-0.0013492844,0.99178046,-5.143221,-19.393211,-1.4461418
371062.0,0,0,0.104842715,0.056121774,-0.001978943,0.992902,-5.1215305,-19.393679,-1.4457581
371063.0,0,0,0.1038139,0.04006003,-0.0026300554,0.9937862,-5.0998783,-19.394104,-1.4451776
371064.0,0,0,0.102643274,0.023958057,-0.0033163924,0.99442416,-5.078273,-19.394491,-1.4443996
371065.0,0,0,0.101344705,0.007862328,-0.004056642,0.994812,-5.0566983,-19.39485,-1.4434185
371066.0,0,0,0.09996181,-0.008210771,-0.004839544,0.99494565,-5.0352426,-19.395187,-1.4422301
371067.0,0,0,0.098516084,-0.024379442,-0.005644375,0.9948208,-5.013853,-19.395506,-1.4408213
371068.0,0,0,0.09705559,-0.040666703,-0.0064533264,0.9944269,-4.9925985,-19.39581,-1.4391885
371069.0,0,0,0.095624544,-0.057140786,-0.0072426926,0.9937496,-4.971477,-19.3961,-1.4373283
371070.0,0,0,0.09425079,-0.07375873,-0.007997187,0.9927802,-4.950548,-19.396378,-1.4352504
371071.0,0,0,0.09294635,-0.09046972,-0.0087995175,0.9915134,-4.9297643,-19.39665,-1.4329592
371072.0,0,0,0.09170577,-0.10711643,-0.009723504,0.9899605,-4.9091587,-19.396917,-1.4304664
371073.0,0,0,0.09053948,-0.12358319,-0.010796998,0.98813623,-4.88877,-19.397177,-1.4277792
371074.0,0,0,0.08943415,-0.13988474,-0.012022054,0.9860473,-4.868546,-19.397419,-1.4248849
371075.0,0,0,0.088362254,-0.15593243,-0.013393224,0.9837163,-4.848565,-19.39763,-1.4217839
371076.0,0,0,0.08727111,-0.17173164,-0.014921898,0.9811572,-4.8288326,-19.397799,-1.418463
371077.0,0,0,0.0861361,-0.1873248,-0.016628036,0.97837293,-4.8093767,-19.397911,-1.4149107
371078.0,0,0,0.08492658,-0.2027048,-0.01851888,0.9753745,-4.790247,-19.397963,-1.4111177
371079.0,0,0,0.08362003,-0.2179374,-0.020565908,0.9721564,-4.7715316,-19.397943,-1.4070859
371080.0,0,0,0.08220968,-0.2332518,-0.022696966,0.9686693,-4.753261,-19.397844,-1.402816
371081.0,0,0,0.080710396,-0.24869804,-0.024858536,0.9648924,-4.7355084,-19.397657,-1.3983386
371082.0,0,0,0.079125896,-0.26416773,-0.02700066,0.9608462,-4.7183104,-19.397379,-1.3937005
371083.0,0,0,0.07743729,-0.2794813,-0.029151335,0.95657927,-4.701653,-19.397007,-1.3889571
371084.0,0,0,0.07562283,-0.29439282,-0.031296305,0.95217365,-4.685594,-19.396536,-1.3842028
371085.0,0,0,0.07365727,-0.30875474,-0.033407565,0.9476968,-4.6701107,-19.395954,-1.3795193
371086.0,0,0,0.0715141,-0.3223665,-0.03547555,0.9432429,-4.655208,-19.395252,-1.3750025
371087.0,0,0,0.069186874,-0.33505622,-0.03750334,0.93890584,-4.640906,-19.394426,-1.3707552
371088.0,0,0,0.066760674,-0.34669617,-0.039466575,0.9347658,-4.627214,-19.393478,-1.3668748
371089.0,0,0,0.06436957,-0.35711154,-0.04138983,0.93092155,-4.6141133,-19.392424,-1.3634446
371090.0,0,0,0.062125124,-0.36617655,-0.043466814,0.92745125,-4.6015906,-19.391294,-1.3605431
371091.0,0,0,0.06017578,-0.37390694,-0.04586178,0.92437506,-4.589699,-19.390123,-1.3582597
371092.0,0,0,0.0586913,-0.3804635,-0.0486393,0.92164916,-4.5785446,-19.38894,-1.3566862
371093.0,0,0,0.057727396,-0.3861109,-0.051860873,0.9191824,-4.5680623,-19.38774,-1.3558931
371094.0,0,0,0.057203628,-0.39082047,-0.05544896,0.9170128,-4.558309,-19.386509,-1.3559538
371095.0,0,0,0.056958728,-0.39439112,-0.05919848,0.91526335,-4.549234,-19.385212,-1.3569152
371096.0,0,0,0.056805566,-0.39653373,-0.06269288,0.9141137,-4.5408006,-19.383795,-1.3587964
371097.0,0,0,0.056605704,-0.3970212,-0.06544724,0.9137213,-4.532956,-19.382198,-1.3615857
371098.0,0,0,0.056257334,-0.39562073,-0.067030616,0.91423535,-4.5256357,-19.38037,-1.3652568
371099.0,0,0,0.055674165,-0.3922414,-0.0671878,0.9157145,-4.518877,-19.378296,-1.3697195
371100.0,0,0,0.05480489,-0.38709977,-0.065933615,0.918043,-4.512686,-19.37597,-1.3749025
371101.0,0,0,0.05379147,-0.37946886,-0.063732885,0.92143804,-4.507007,-19.37345,-1.3807284
371102.0,0,0,0.051435146,-0.36521673,-0.060611285,0.9275222,-4.5012937,-19.370966,-1.387055
371103.0,0,0,0.0479295,-0.3483403,-0.061056674,0.9341487,-4.4951663,-19.368713,-1.3934692
371104.0,0,0,0.04437557,-0.33260116,-0.062380824,0.93995523,-4.4889226,-19.366539,-1.3996594
371105.0,0,0,0.041460853,-0.3190984,-0.062105935,0.9447751,-4.4828315,-19.364174,-1.4055095
371106.0,0,0,0.039430138,-0.30540627,-0.060133066,0.9495031,-4.4766974,-19.361357,-1.4110509
371107.0,0,0,0.038100027,-0.28690228,-0.053323433,0.9557154,-4.4702716,-19.35804,-1.4165343
371108.0,0,0,0.035978727,-0.26455823,-0.0436162,0.96271074,-4.4634023,-19.354536,-1.4225198
371109.0,0,0,0.03138722,-0.24021679,-0.038158167,0.96946096,-4.4561834,-19.351315,-1.4293641
371110.0,0,0,0.025332537,-0.21335787,-0.038547866,0.9758846,-4.4488297,-19.3485,-1.4369197
371111.0,0,0,0.019399878,-0.18458734,-0.038522754,0.98186916,-4.441758,-19.345947,-1.4445698
371112.0,0,0,0.013725858,-0.15691136,-0.034944683,0.9868988,-4.4353986,-19.34364,-1.4518318
371113.0,0,0,0.009069096,-0.13430111,-0.031593967,0.99039525,-4.4301667,-19.341856,-1.4583623
371114.0,0,0,0.006368504,-0.11715934,-0.030493364,0.99262446,-4.425993,-19.340761,-1.464231
371115.0,0,0,0.005217525,-0.10327634,-0.030467369,0.99417233,-4.422606,-19.340279,-1.4695519
371116.0,0,0,0.004805609,-0.09109899,-0.030843502,0.99535257,-4.419716,-19.340199,-1.4744741
371117.0,0,0,0.0049394574,-0.080576755,-0.031645276,0.99623376,-4.4171605,-19.340303,-1.4790802
371118.0,0,0,0.0052319365,-0.07130788,-0.032688063,0.9969049,-4.4148355,-19.340399,-1.48342
371119.0,0,0,0.0052189073,-0.062544085,-0.033552423,0.9974644,-4.4126816,-19.340326,-1.4875078
371120.0,0,0,0.00468748,-0.05428684,-0.033965576,0.9979365,-4.410667,-19.340004,-1.491385
371121.0,0,0,0.0033791256,-0.04693412,-0.034123015,0.9983093,-4.408716,-19.33936,-1.495072
371122.0,0,0,0.00033643583,-0.0404081,-0.03263671,0.99865013,-4.406747,-19.338282,-1.4984674
371123.0,0,0,-0.0033851834,-0.031173494,-0.02712992,0.99913996,-4.4048915,-19.336771,-1.5014411
371124.0,0,0,-0.006268781,-0.024775416,-0.020474209,0.99946374,-4.403351,-19.335,-1.5039653
371125.0,0,0,-0.008767771,-0.020299908,-0.013343022,0.99966645,-4.4021583,-19.333223,-1.5060565
371126.0,0,0,-0.010925963,-0.017182184,-0.00634422,0.99977255,-4.4012547,-19.331743,-1.5077326
371127.0,0,0,-0.012076018,-0.016024668,-0.0015646485,0.99979746,-4.4005322,-19.330729,-1.5090294
371128.0,0,0,-0.012257151,-0.015753321,0.0010011949,0.9998003,-4.3999133,-19.330132,-1.5100013
371129.0,0,0,-0.012047304,-0.01611287,0.0022071137,0.9997952,-4.399355,-19.32975,-1.5107476
371130.0,0,0,-0.011848172,-0.016341241,0.0028782352,0.9997921,-4.398819,-19.329369,-1.5113931
371131.0,0,0,-0.011704683,-0.016465934,0.0040463987,0.9997878,-4.3982744,-19.328896,-1.512022
371132.0,0,0,-0.011574493,-0.016193114,0.0056077274,0.9997862,-4.3977046,-19.32839,-1.5126492
371133.0,0,0,-0.011399712,-0.015788676,0.0065896157,0.99978864,-4.3971267,-19.327955,-1.5132453
371134.0,0,0,-0.01119723,-0.0156511,0.0069049504,0.999791,-4.396569,-19.327621,-1.5137851
371135.0,0,0,-0.011055915,-0.015659306,0.0069585023,0.9997921,-4.396036,-19.32735,-1.5142705
371136.0,0,0,-0.0109636355,-0.015690327,0.006932667,0.9997928,-4.3955097,-19.3271,-1.5147281
371137.0,0,0,-0.010895169,-0.015618046,0.00672232,0.99979603,-4.3949714,-19.32687,-1.5151784
371138.0,0,0,-0.010845626,-0.015387964,0.0062467894,0.99980325,-4.3944077,-19.32666,-1.5156337
371139.0,0,0,-0.010824477,-0.015054055,0.0056142504,0.9998123,-4.393826,-19.32646,-1.5160908
371140.0,0,0,-0.010832195,-0.014732837,0.0050200913,0.9998202,-4.3932443,-19.326254,-1.5165395
371141.0,0,0,-0.010828998,-0.014472712,0.004463946,0.9998267,-4.392662,-19.326038,-1.5169811
371142.0,0,0,-0.010802057,-0.014166957,0.0038783234,0.9998338,-4.3920746,-19.325815,-1.5174185
371143.0,0,0,-0.010749834,-0.013782274,0.0033652019,0.9998416,-4.391476,-19.325575,-1.5178571
371144.0,0,1,-0.010671929,-0.013627029,0.0024674824,0.99984723,-4.390863,-19.325306,-1.5183024
371145.0,0,1,-0.010592607,-0.013396334,0.0016809028,0.99985284,-4.3902354,-19.325005,-1.5187554
371146.0,0,1,-0.010510593,-0.013061132,0.0011720296,0.9998588,-4.389594,-19.324675,-1.5192156
371147.0,0,1,-0.010430752,-0.012575356,0.000994031,0.99986607,-4.3889403,-19.324327,-1.5196817
371148.0,0,1,-0.0103502935,-0.011948546,0.0010991796,0.9998745,-4.388278,-19.32397,-1.5201508
371149.0,0,1,-0.01024192,-0.01125475,0.0014094419,0.9998833,-4.387612,-19.323614,-1.5206167
371150.0,0,1,-0.010086324,-0.010525479,0.0018206902,0.99989206,-4.3869405,-19.323261,-1.5210764
371151.0,0,1,-0.0098903375,-0.009720322,0.0022057458,0.9999015,-4.386265,-19.32291,-1.5215269
371152.0,0,1,-0.009659128,-0.008779923,0.0025442939,0.99991155,-4.3855944,-19.322557,-1.5219618
371153.0,0,1,-0.009382905,-0.007871452,0.0028973687,0.99992085,-4.384938,-19.322203,-1.5223776
371154.0,0,1,-0.009059771,-0.007174747,0.0032578374,0.99992794,-4.384295,-19.321844,-1.5227771
371155.0,0,1,-0.008712611,-0.0067141554,0.0036112284,0.999933,-4.3836575,-19.321484,-1.5231668
371156.0,0,1,-0.008351082,-0.0063735545,0.004025143,0.9999367,-4.3830185,-19.32112,-1.5235512
371157.0,0,1,-0.007995254,-0.0060666245,0.004532581,0.99993944,-4.3823786,-19.320755,-1.5239285
371158.0,0,1,-0.007659076,-0.0057505453,0.0050567207,0.9999414,-4.381741,-19.320393,-1.5242957
371159.0,0,1,-0.007344653,-0.005452716,0.0055438844,0.99994284,-4.3811064,-19.320032,-1.5246519
371160.0,0,1,-0.007046973,-0.005204452,0.006017296,0.9999435,-4.380469,-19.319668,-1.5250006
371161.0,0,1,-0.006756236,-0.004979382,0.006513631,0.9999436,-4.379834,-19.319305,-1.5253392
371162.0,0,1,-0.0064572655,-0.0047750194,0.0070479754,0.99994296,-4.379198,-19.318943,-1.5256716
371163.0,1,1,-0.0061395206,-0.004671058,0.007604068,0.99994135,-4.391476,-19.325575,-1.5178571
371164.0,1,1,-0.005811876,-0.0047329823,0.008142884,0.99993885,-4.391476,-19.325575,-1.5178571
371165.0,1,1,-0.0054915207,-0.0049678693,0.008649015,0.9999352,-4.391476,-19.325575,-1.5178571
371166.0,1,1,-0.005178784,-0.005169932,0.009229465,0.9999307,-4.391476,-19.325575,-1.5178571
371167.0,1,1,-0.004845862,-0.005032551,0.009823547,0.9999274,-4.391476,-19.325575,-1.5178571
371168.0,1,1,-0.0045030355,-0.0044605397,0.010340783,0.9999265,-4.391476,-19.325575,-1.5178571
371169.0,1,1,-0.004175354,-0.0036134797,0.010837103,0.99992603,-4.391476,-19.325575,-1.5178571
371170.0,1,1,-0.0038614578,-0.00269665,0.0113806175,0.9999242,-4.391476,-19.325575,-1.5178571
371171.0,1,1,-0.0035565374,-0.0017939226,0.011962374,0.9999205,-4.391476,-19.325575,-1.5178571
371172.0,1,1,-0.0032715641,-0.00085227186,0.012541956,0.99991566,-4.391476,-19.325575,-1.5178571
371173.0,1,1,-0.0029909096,0.00018166838,0.0130850775,0.99990994,-4.391476,-19.325575,-1.5178571
371174.0,1,1,-0.0027022155,0.0012981826,0.01358634,0.9999032,-4.391476,-19.325575,-1.5178571
371175.0,1,1,-0.0023973228,0.0024691664,0.014108537,0.99989456,-4.391476,-19.325575,-1.5178571
371176.0,1,1,-0.0020885728,0.0037087882,0.01470037,0.99988294,-4.391476,-19.325575,-1.5178571
371177.0,1,1,-0.0017657301,0.005025523,0.015302194,0.9998688,-4.391476,-19.325575,-1.5178571
371178.0,1,1,-0.001408556,0.006400581,0.01581957,0.99985343,-4.391476,-19.325575,-1.5178571
371179.0,1,1,-0.0010273536,0.007810665,0.01622507,0.99983734,-4.391476,-19.325575,-1.5178571
371180.0,1,1,-0.00063003466,0.009180324,0.016528249,0.99982107,-4.391476,-19.325575,-1.5178571
371181.0,1,1,-0.00024989215,0.010535357,0.016722588,0.9998047,-4.391476,-19.325575,-1.5178571
371182.0,1,1,7.3993506e-05,0.011930792,0.016838066,0.99978703,-4.391476,-19.325575,-1.5178571
371183.0,1,1,0.00036714878,0.013257835,0.016906895,0.99976915,-4.391476,-19.325575,-1.5178571
371184.0,1,1,0.0006097114,0.014462922,0.016902119,0.99975234,-4.391476,-19.325575,-1.5178571
371185.0,1,1,0.00080195576,0.0155356685,0.016859619,0.99973685,-4.391476,-19.325575,-1.5178571
371186.0,1,1,0.0009560321,0.01648927,0.016789677,0.9997226,-4.391476,-19.325575,-1.5178571
371187.0,1,1,0.0010742057,0.017389188,0.016653672,0.99970955,-4.391476,-19.325575,-1.5178571
371188.0,1,1,0.0011634126,0.018239832,0.01649317,0.99969697,-4.391476,-19.325575,-1.5178571
371189.0,1,1,0.0012128622,0.019131226,0.016267022,0.9996839,-4.391476,-19.325575,-1.5178571
371190.0,1,1,0.0012302143,0.020000301,0.016003316,0.9996711,-4.391476,-19.325575,-1.5178571
371191.0,1,1,0.0012239803,0.020747107,0.015722902,0.99966043,-4.391476,-19.325575,-1.5178571
371192.0,1,1,0.0011975816,0.021365747,0.015429126,0.999652,-4.391476,-19.325575,-1.5178571
371193.0,1,1,0.0011582958,0.02196683,0.015126668,0.99964356,-4.391476,-19.325575,-1.5178571
371194.0,1,1,0.0011225006,0.022610907,0.014810734,0.9996341,-4.391476,-19.325575,-1.5178571
371195.0,1,1,0.0010940157,0.023319712,0.014479171,0.99962264,-4.391476,-19.325575,-1.5178571
371196.0,1,1,0.0010520798,0.024110284,0.014129865,0.99960893,-4.391476,-19.325575,-1.5178571
371197.0,1,1,0.0009903386,0.025059685,0.013776225,0.9995905,-4.391476,-19.325575,-1.5178571
371198.0,1,1,0.0009411256,0.026205515,0.013436813,0.9995659,-4.391476,-19.325575,-1.5178571
371199.0,1,1,0.00091247726,0.027491732,0.013099794,0.9995358,-4.391476,-19.325575,-1.5178571
371200.0,1,1,0.00088674657,0.028983874,0.012796543,0.9994976,-4.391476,-19.325575,-1.5178571
371201.0,1,1,0.00086041866,0.030555611,0.012541498,0.9994541,-4.391476,-19.325575,-1.5178571
371202.0,1,1,0.00082101446,0.032210022,0.012305316,0.9994051,-4.391476,-19.325575,-1.5178571
371203.0,1,1,0.00074727647,0.03398162,0.012090282,0.9993491,-4.391476,-19.325575,-1.5178571
371204.0,1,1,0.0006530389,0.035800017,0.011892099,0.9992881,-4.391476,-19.325575,-1.5178571
371205.0,1,1,0.00056270184,0.03768415,0.011692666,0.9992212,-4.391476,-19.325575,-1.5178571
371206.0,1,1,0.00047799843,0.03966612,0.011507449,0.99914664,-4.391476,-19.325575,-1.5178571
371207.0,1,1,0.0004215806,0.041810635,0.0113345515,0.9990612,-4.391476,-19.325575,-1.5178571
371208.0,1,1,0.0003702781,0.0441471,0.01117665,0.9989625,-4.391476,-19.325575,-1.5178571
371209.0,1,1,0.00035490832,0.046614338,0.011001931,0.9988523,-4.391476,-19.325575,-1.5178571
371210.0,1,1,0.00039235686,0.049053196,0.010766691,0.9987381,-4.391476,-19.325575,-1.5178571
371211.0,1,1,0.00041071835,0.05157013,0.010460442,0.99861455,-4.391476,-19.325575,-1.5178571
371212.0,1,1,0.00035774734,0.054058418,0.010102058,0.9984867,-4.391476,-19.325575,-1.5178571
371213.0,0,0,0.00020800208,0.057434823,0.009599383,0.99830306,-4.3914256,-19.325584,-1.5178521
371214.0,0,0,8.6544176e-05,0.061113596,0.009080408,0.9980895,-4.3913026,-19.325605,-1.5178463
371215.0,0,0,9.551228e-05,0.06540844,0.008521569,0.99782217,-4.3910613,-19.32564,-1.5178471
371216.0,0,0,0.00018689071,0.07082067,0.007871333,0.99745804,-4.390639,-19.325691,-1.5178671
371217.0,0,0,0.000190193,0.07784953,0.007100369,0.99693984,-4.3899593,-19.325766,-1.5179222
371218.0,0,0,0.00012685958,0.08702095,0.0061103045,0.9961878,-4.3889503,-19.325888,-1.5180258
371219.0,0,0,4.4997247e-05,0.09925121,0.004411389,0.9950526,-4.3876047,-19.326097,-1.5181552
371220.0,0,0,3.5439934e-05,0.11410951,0.0016526588,0.99346685,-4.386026,-19.32636,-1.5182331
371221.0,0,0,0.00038194226,0.12941232,-0.000933787,0.9915904,-4.3841543,-19.326645,-1.5182034
371222.0,0,0,0.0009429047,0.14832945,-0.004533544,0.9889271,-4.381781,-19.326986,-1.5180353
371223.0,0,0,1.2018993e-05,0.17329694,-0.008064337,0.9848365,-4.379017,-19.327475,-1.5177008
371224.0,0,0,0.00074279855,0.19598845,-0.014150527,0.9805038,-4.375886,-19.328133,-1.5171796
371225.0,0,0,0.0023148486,0.22239925,-0.021118732,0.9747242,-4.372084,-19.328918,-1.5165108
371226.0,0,0,0.0028382805,0.25442082,-0.027782748,0.96669024,-4.367512,-19.329805,-1.5158304
371227.0,0,0,0.0037605516,0.28831866,-0.035433084,0.9568712,-4.3623176,-19.330729,-1.515304
371228.0,0,0,0.005204227,0.32447627,-0.04274837,0.94491297,-4.356636,-19.331608,-1.5150682
371229.0,0,0,0.0075705154,0.36276084,-0.049484175,0.9305367,-4.35051,-19.332397,-1.5152214
371230.0,0,0,0.010284834,0.4029079,-0.05535542,0.9135071,-4.34395,-19.333189,-1.5157696
371231.0,0,0,0.013563681,0.44131622,-0.06073206,0.8951914,-4.337002,-19.33413,-1.5164362
371232.0,0,0,0.018420786,0.47181913,-0.06477714,0.8791197,-4.3296227,-19.335238,-1.5163724
371233.0,0,0,0.023452107,0.4891418,-0.06631028,0.86936367,-4.321431,-19.336456,-1.5147
371234.0,0,0,0.029381137,0.4941652,-0.06505523,0.8664325,-4.312071,-19.337711,-1.511508
371235.0,0,0,0.03595561,0.4925344,-0.062412474,0.86730725,-4.3014,-19.33895,-1.5077448
371236.0,0,0,0.041541763,0.49024937,-0.059025675,0.86858845,-4.289485,-19.340155,-1.5042605
371237.0,0,0,0.04629178,0.4875629,-0.055192206,0.87011105,-4.2766314,-19.3413,-1.5013257
371238.0,0,0,0.050385837,0.48348975,-0.05064863,0.8724297,-4.2630568,-19.34234,-1.4988688
371239.0,0,0,0.05365762,0.47896633,-0.045614514,0.87500364,-4.2489347,-19.343252,-1.4968622
371240.0,0,0,0.05624237,0.47490188,-0.040530678,0.87730396,-4.2343655,-19.344032,-1.4953471
371241.0,0,0,0.058306858,0.47113952,-0.035436537,0.87941575,-4.21934,-19.34469,-1.4943302
371242.0,0,0,0.0598614,0.46733683,-0.030279703,0.8815305,-4.203842,-19.345238,-1.4937608
371243.0,0,0,0.061075624,0.46322867,-0.025187654,0.8837729,-4.1878533,-19.345684,-1.4935602
371244.0,0,0,0.062093522,0.45855308,-0.02028899,0.8862629,-4.171421,-19.346039,-1.4936488
371245.0,0,0,0.06299185,0.45297453,-0.01557772,0.8891589,-4.154437,-19.346308,-1.493959
371246.0,0,0,0.063810535,0.44622654,-0.011011533,0.89257425,-4.1369486,-19.346489,-1.494436
371247.0,0,0,0.06453541,0.43820065,-0.0065113264,0.8965339,-4.1189604,-19.346571,-1.4950479
371248.0,0,0,0.06514862,0.42898238,-0.0020643403,0.9009582,-4.1004925,-19.346546,-1.4957843
371249.0,0,0,0.065651335,0.41875282,0.0022688468,0.90572125,-4.0816092,-19.34641,-1.4966453
371250.0,0,0,0.06606293,0.40769836,0.006402726,0.9107013,-4.062329,-19.346165,-1.4976356
371251.0,0,0,0.06642195,0.3959632,0.010257391,0.9158035,-4.0426574,-19.345808,-1.4987546
371252.0,0,0,0.06673821,0.38365975,0.013741965,0.9209574,-4.022684,-19.345339,-1.4999896
371253.0,0,0,0.06701494,0.37081942,0.016792985,0.9261317,-4.0024114,-19.344753,-1.501331
371254.0,0,0,0.06723309,0.3575198,0.019332735,0.93128175,-3.981878,-19.344048,-1.5027695
371255.0,0,0,0.06737633,0.34385604,0.021329155,0.9363593,-3.9610844,-19.343216,-1.5042989
371256.0,0,0,0.06741606,0.32991412,0.022778792,0.9413251,-3.9400585,-19.34226,-1.5059059
371257.0,0,0,0.0673341,0.315774,0.023698382,0.94614553,-3.9188774,-19.341188,-1.5075667
371258.0,0,0,0.06714321,0.30143404,0.024130283,0.95081395,-3.8974872,-19.340004,-1.5092663
371259.0,0,0,0.066888936,0.28699324,0.0241111,0.9552903,-3.8759356,-19.338724,-1.5109808
371260.0,0,0,0.06660183,0.2724848,0.023673166,0.9595603,-3.854187,-19.33736,-1.5126885
371261.0,0,0,0.06626407,0.25789088,0.022878623,0.9636275,-3.8322942,-19.335924,-1.5143526
371262.0,0,0,0.06584389,0.24306968,0.02181934,0.9675255,-3.810234,-19.334414,-1.5159401
371263.0,0,0,0.06534207,0.22803591,0.020595789,0.9712393,-3.7881181,-19.332832,-1.5174171
371264.0,0,0,0.06474094,0.2127325,0.019266944,0.97477293,-3.7658505,-19.331177,-1.5187757
371265.0,0,0,0.06404324,0.19731903,0.017867066,0.978082,-3.7435212,-19.329458,-1.520005
371266.0,0,0,0.063254386,0.18191597,0.016401034,0.9811404,-3.721163,-19.327692,-1.5210989
371267.0,0,0,0.062387418,0.16650476,0.014880559,0.9839525,-3.6987233,-19.325884,-1.5220509
371268.0,0,0,0.061475076,0.15106648,0.013318144,0.98652035,-3.6762867,-19.324047,-1.5228457
371269.0,0,0,0.060531422,0.13555503,0.011717213,0.9888495,-3.6537948,-19.32218,-1.5234748
371270.0,0,0,0.059558857,0.12005265,0.010109521,0.9909279,-3.6313398,-19.320293,-1.5239276
371271.0,0,0,0.058542825,0.104550906,0.00849766,0.9927586,-3.6089072,-19.318386,-1.524199
371272.0,0,0,0.057463482,0.08906602,0.006898924,0.9943428,-3.5865102,-19.31646,-1.5242822
371273.0,0,0,0.05630686,0.07353124,0.0052896715,0.99568814,-3.564102,-19.314514,-1.5241655
371274.0,0,0,0.055093534,0.05791856,0.0036603748,0.9967933,-3.541764,-19.312563,-1.5238358
371275.0,0,0,0.053847708,0.042166833,0.0020158265,0.99765646,-3.519476,-19.310614,-1.5232797
371276.0,0,0,0.05259831,0.026249057,0.0003328849,0.9982707,-3.4972322,-19.308676,-1.5224864
371277.0,0,0,0.051371146,0.010230071,-0.0013812012,0.9986263,-3.4751828,-19.306768,-1.5214586
371278.0,0,0,0.0501839,-0.0060074814,-0.0031266715,0.998717,-3.4531937,-19.304884,-1.5201911
371279.0,0,0,0.04904908,-0.022364333,-0.004882793,0.99853396,-3.4313674,-19.303036,-1.5186956
371280.0,0,0,0.04796501,-0.03887089,-0.0066834693,0.99807,-3.4096482,-19.301226,-1.5169773
371281.0,0,0,0.046955775,-0.05546246,-0.008553102,0.99731934,-3.388083,-19.299465,-1.5150499
371282.0,0,0,0.04603504,-0.072051644,-0.010512875,0.9962826,-3.3666866,-19.29776,-1.5129244
371283.0,0,0,0.04522035,-0.08854933,-0.0125573715,0.99496555,-3.3454792,-19.296116,-1.5106106
371284.0,0,0,0.04451876,-0.10494327,-0.014673783,0.99337286,-3.3244498,-19.294535,-1.5081124
371285.0,0,0,0.043950062,-0.12122609,-0.016843038,0.99150836,-3.3036063,-19.293016,-1.505434
371286.0,0,0,0.043527033,-0.13731688,-0.01902322,0.9893875,-3.283005,-19.291567,-1.5025845
371287.0,0,0,0.0432725,-0.15320712,-0.021220667,0.98701817,-3.2626371,-19.290186,-1.499562
371288.0,0,0,0.043207634,-0.16888976,-0.023437733,0.9844085,-3.2425473,-19.288874,-1.4963712
371289.0,0,0,0.04332099,-0.18443274,-0.025639625,0.9815551,-3.2227037,-19.28762,-1.4930025
371290.0,0,0,0.04359324,-0.19977555,-0.027792009,0.9784768,-3.203209,-19.286423,-1.4894713
371291.0,0,0,0.04398254,-0.21497814,-0.029918171,0.9751692,-3.1840148,-19.285263,-1.4857686
371292.0,0,0,0.044438675,-0.2300411,-0.03202301,0.9716382,-3.1651802,-19.284136,-1.4819111
371293.0,0,0,0.044905584,-0.24498005,-0.034115646,0.9678866,-3.1467297,-19.283033,-1.4779165
371294.0,0,0,0.045330077,-0.2597512,-0.036234867,0.96393025,-3.12872,-19.281954,-1.4738182
371295.0,0,0,0.045669638,-0.2743557,-0.038399715,0.9597753,-3.1111128,-19.280888,-1.4696342
371296.0,0,0,0.045890633,-0.28863692,-0.040596593,0.9554762,-3.0939755,-19.27983,-1.4654126
371297.0,0,0,0.045955803,-0.3025106,-0.04279411,0.95107526,-3.0772796,-19.278769,-1.4611795
371298.0,0,0,0.04583668,-0.31587252,-0.044938102,0.94662774,-3.061023,-19.277685,-1.4569659
371299.0,0,0,0.045504507,-0.32858995,-0.047007985,0.942204,-3.045289,-19.27657,-1.4528246
371300.0,0,0,0.044919644,-0.3406976,-0.049023144,0.93781877,-3.0300422,-19.275404,-1.4487776
371301.0,0,0,0.044065986,-0.35223168,-0.050981726,0.9334837,-3.0153286,-19.27418,-1.444872
371302.0,0,0,0.042972013,-0.36323622,-0.052881833,0.929202,-3.001208,-19.272888,-1.4411681
371303.0,0,0,0.041673876,-0.37373075,-0.054760702,0.924981,-2.9876757,-19.271523,-1.4377215
371304.0,0,0,0.040195327,-0.3836832,-0.056723416,0.9208442,-2.9747272,-19.270086,-1.4346011
371305.0,0,0,0.03858213,-0.3929689,-0.058892265,0.9168526,-2.9623532,-19.268595,-1.4318812
371306.0,0,0,0.03690993,-0.40140924,-0.061413568,0.91309184,-2.9505258,-19.267073,-1.4296321
371307.0,0,0,0.03522658,-0.4088535,-0.064431734,0.9096408,-2.9392145,-19.265547,-1.4279186
371308.0,0,0,0.033574507,-0.4152847,-0.06802461,0.906523,-2.928424,-19.26404,-1.4268029
371309.0,0,0,0.032042705,-0.42073846,-0.072050005,0.90374845,-2.9181588,-19.262554,-1.426335
371310.0,0,0,0.030710632,-0.42517522,-0.076173574,0.90137696,-2.908437,-19.261066,-1.4265501
371311.0,0,0,0.02961621,-0.4285661,-0.08000459,0.89947397,-2.8992417,-19.25954,-1.4274727
371312.0,0,0,0.028779542,-0.43083364,-0.08313309,0.89813304,-2.890612,-19.25795,-1.4291078
371313.0,0,0,0.028199442,-0.43195558,-0.085296296,0.8974095,-2.882488,-19.256256,-1.4314734
371314.0,0,0,0.027850559,-0.4318835,-0.08635458,0.89735377,-2.8748853,-19.254454,-1.4345604
371315.0,0,0,0.027684096,-0.43056694,-0.08638548,0.89798856,-2.8677864,-19.252548,-1.4383547
371316.0,0,0,0.027623244,-0.4279897,-0.0856277,0.899294,-2.8611786,-19.250553,-1.4428343
371317.0,0,0,0.027620606,-0.42427135,-0.08438763,0.9011713,-2.8550777,-19.248487,-1.4479601
371318.0,0,0,0.027657174,-0.41960835,-0.082890615,0.9034895,-2.8495166,-19.246351,-1.4536879
371319.0,0,0,0.027716951,-0.41430157,-0.08122749,0.906084,-2.844595,-19.244164,-1.4598826
371320.0,0,0,0.027768813,-0.40849122,-0.07937705,0.9088802,-2.8402722,-19.241869,-1.4665716
371321.0,0,0,0.028033447,-0.4027624,-0.07764266,0.9115746,-2.8364534,-19.239437,-1.4735734
371322.0,0,0,0.027558826,-0.39704138,-0.07608126,0.91422665,-2.8325555,-19.237001,-1.4803431
371323.0,0,0,0.023353849,-0.38607287,-0.07684047,0.91896564,-2.8279855,-19.234638,-1.4862665
371324.0,0,0,0.019417757,-0.373493,-0.07690899,0.92423534,-2.8228981,-19.232208,-1.4912614
371325.0,0,0,0.015738912,-0.36418876,-0.07588158,0.9280953,-2.8177068,-19.229523,-1.495833
371326.0,0,0,0.012811849,-0.3558125,-0.0739946,0.93153536,-2.8124754,-19.226368,-1.5005381
371327.0,0,0,0.01080005,-0.3433943,-0.06818917,0.9366504,-2.8068995,-19.222664,-1.5057231
371328.0,0,0,0.008522546,-0.32489872,-0.059610292,0.9438299,-2.8007128,-19.218645,-1.5115279
371329.0,0,0,0.0038137394,-0.30122936,-0.05379438,0.9520254,-2.7941368,-19.214748,-1.5178239
371330.0,0,0,-0.0031142521,-0.27739707,-0.053191174,0.9592767,-2.7877598,-19.211147,-1.5243055
371331.0,0,0,-0.010511762,-0.2577349,-0.05417707,0.9646383,-2.7822058,-19.207731,-1.530493
371332.0,0,0,-0.017519863,-0.24148513,-0.05220623,0.9688408,-2.7776446,-19.204386,-1.5361675
371333.0,0,0,-0.023690645,-0.22779681,-0.04883972,0.9721945,-2.773891,-19.201288,-1.5413915
371334.0,0,0,-0.02864394,-0.21556681,-0.04647919,0.97496164,-2.7705867,-19.198698,-1.5463836
371335.0,0,0,-0.03261168,-0.20371392,-0.045227468,0.97744143,-2.7674997,-19.196749,-1.5512758
371336.0,0,0,-0.035552394,-0.19229373,-0.04446827,0.9796846,-2.7645884,-19.195423,-1.5561054
371337.0,0,0,-0.037157424,-0.1818934,-0.0440898,0.9816264,-2.761909,-19.194641,-1.5608336
371338.0,0,0,-0.03758301,-0.17248163,-0.044113044,0.9833066,-2.7594693,-19.19427,-1.5654278
371339.0,0,0,-0.037242096,-0.16365527,-0.04432329,0.98481745,-2.7572124,-19.194147,-1.5698813
371340.0,0,0,-0.03665017,-0.15511556,-0.04469139,0.98620415,-2.7550771,-19.194109,-1.5742184
371341.0,0,0,-0.03616656,-0.14685374,-0.045171283,0.98746413,-2.7530367,-19.194008,-1.5784812
371342.0,0,0,-0.036097597,-0.13883744,-0.0457639,0.9885984,-2.7510827,-19.19374,-1.582711
371343.0,0,0,-0.036595333,-0.13075104,-0.046367433,0.98965406,-2.749191,-19.193262,-1.586964
371344.0,0,0,-0.03760259,-0.12252178,-0.04682186,0.9906473,-2.7473574,-19.192585,-1.5912268
371345.0,0,0,-0.038990483,-0.11415383,-0.047002614,0.9915843,-2.745594,-19.191761,-1.5954583
371346.0,0,0,-0.04051722,-0.10589873,-0.046662003,0.9924548,-2.7439353,-19.190863,-1.599616
371347.0,0,0,-0.04195089,-0.098120205,-0.04582436,0.9932335,-2.7424195,-19.189964,-1.6036631
371348.0,0,0,-0.04361953,-0.09206618,-0.044686772,0.99379283,-2.7409847,-19.189037,-1.6074729
371349.0,0,0,-0.04611305,-0.085349254,-0.041649573,0.99441165,-2.739577,-19.187975,-1.6109223
371350.0,0,0,-0.048689716,-0.07790995,-0.036985345,0.9950836,-2.7383718,-19.186762,-1.6139302
371351.0,0,0,-0.051064767,-0.07323149,-0.03265629,0.99547136,-2.737519,-19.185427,-1.6165357
371352.0,0,0,-0.05320014,-0.07027576,-0.028046055,0.9957131,-2.7369816,-19.184067,-1.6188091
371353.0,0,0,-0.054995332,-0.06773992,-0.022947202,0.99592185,-2.7366197,-19.18285,-1.620844
371354.0,0,0,-0.056248736,-0.065914586,-0.018916158,0.99605906,-2.7363002,-19.18189,-1.622749
371355.0,0,0,-0.05706609,-0.06436581,-0.01638494,0.99615866,-2.7359414,-19.181181,-1.6245935
371356.0,0,0,-0.057707563,-0.06245867,-0.014379819,0.99627405,-2.7355385,-19.180607,-1.6263851
371357.0,0,0,-0.058287475,-0.060428943,-0.012482891,0.996391,-2.7351468,-19.180042,-1.6281034
371358.0,0,0,-0.058848515,-0.05869371,-0.010528138,0.9964844,-2.7348158,-19.179432,-1.6297361
371359.0,0,0,-0.059312563,-0.057265982,-0.008456175,0.9965596,-2.7345402,-19.178814,-1.6312826
371360.0,0,0,-0.05952652,-0.05581127,-0.0067515355,0.9966424,-2.7342772,-19.17827,-1.632763
371361.0,0,0,-0.059619308,-0.05424197,-0.0057928422,0.99672955,-2.7340019,-19.177845,-1.6341964
371362.0,0,0,-0.05966891,-0.05263847,-0.005307297,0.9968153,-2.7337039,-19.177486,-1.6356244
371363.0,0,0,-0.05975369,-0.050752755,-0.0047893706,0.9969106,-2.7333863,-19.177114,-1.6370564
371364.0,0,0,-0.05984999,-0.04864695,-0.003999452,0.9970133,-2.7330654,-19.176702,-1.6384739
371365.0,0,0,-0.05988844,-0.04655143,-0.003174895,0.997114,-2.732767,-19.176283,-1.6398541
371366.0,0,0,-0.059857465,-0.04481607,-0.0025703025,0.99719703,-2.732509,-19.175894,-1.6411831
371367.0,0,0,-0.059793927,-0.043304756,-0.0021598216,0.9972686,-2.7322836,-19.175535,-1.6424694
371368.0,0,1,-0.059742507,-0.041506153,-0.0016350878,0.99734926,-2.732074,-19.175184,-1.643732
371369.0,0,1,-0.059661426,-0.03990916,-0.0013115178,0.99741966,-2.7318695,-19.174826,-1.6449851
371370.0,0,1,-0.0595428,-0.038328603,-0.001015738,0.99748915,-2.7316718,-19.174461,-1.6462224
371371.0,0,1,-0.059410606,-0.03670993,-0.00067254883,0.9975582,-2.7314875,-19.174093,-1.6474402
371372.0,0,1,-0.059252497,-0.03518698,-0.00032279064,0.99762267,-2.7313178,-19.173721,-1.6486421
371373.0,0,1,-0.05905194,-0.033944655,1.3775248e-05,0.9976777,-2.7311523,-19.173344,-1.6498351
371374.0,0,1,-0.058840245,-0.032774545,0.00037528994,0.9977292,-2.730987,-19.17296,-1.6510226
371375.0,0,1,-0.05861858,-0.03159158,0.00078891765,0.99778014,-2.7308216,-19.172571,-1.652208
371376.0,0,1,-0.058399927,-0.03037406,0.001251504,0.99783033,-2.7306595,-19.172182,-1.653385
371377.0,0,1,-0.058192667,-0.029133352,0.0017325687,0.9978787,-2.7305043,-19.171797,-1.6545502
371378.0,0,1,-0.057979807,-0.027912982,0.0021291785,0.99792516,-2.7303574,-19.171412,-1.6557086
371379.0,0,1,-0.057760682,-0.026795004,0.0024163143,0.99796796,-2.7302186,-19.17102,-1.6568598
371380.0,0,1,-0.057526704,-0.02580678,0.0027538235,0.99800664,-2.730084,-19.170624,-1.6580054
371381.0,0,1,-0.05728124,-0.024813022,0.0032168496,0.9980445,-2.729953,-19.170229,-1.6591414
371382.0,0,1,-0.057029188,-0.023746232,0.0036981704,0.99808323,-2.7298357,-19.16984,-1.6602612
371383.0,0,1,-0.056746263,-0.022799024,0.0041204565,0.9981198,-2.7297401,-19.169455,-1.6613606
371384.0,0,1,-0.056420382,-0.022127673,0.004504946,0.9981518,-2.7296617,-19.169071,-1.6624441
371385.0,0,1,-0.05606317,-0.02167996,0.004845786,0.9981801,-2.729591,-19.16869,-1.6635163
371386.0,0,1,-0.055655934,-0.021413315,0.005228279,0.9982067,-2.7295203,-19.16831,-1.6645867
371387.0,1,1,-0.05516033,-0.021306394,0.005572376,0.9982347,-2.7322836,-19.175535,-1.6424694
371388.0,1,1,-0.054638732,-0.021275207,0.0058513214,0.9982624,-2.7322836,-19.175535,-1.6424694
371389.0,1,1,-0.05418207,-0.021153064,0.006023791,0.99828887,-2.7322836,-19.175535,-1.6424694
371390.0,1,1,-0.053871963,-0.02071109,0.006049003,0.9983147,-2.7322836,-19.175535,-1.6424694
371391.0,1,1,-0.053594153,-0.020003432,0.0061620898,0.9983434,-2.7322836,-19.175535,-1.6424694
371392.0,1,1,-0.053224165,-0.019281201,0.006453333,0.9983756,-2.7322836,-19.175535,-1.6424694
371393.0,1,1,-0.05280242,-0.018396605,0.0068303593,0.99841213,-2.7322836,-19.175535,-1.6424694
371394.0,1,1,-0.052381318,-0.017176237,0.007315348,0.9984527,-2.7322836,-19.175535,-1.6424694
371395.0,1,1,-0.051950715,-0.015742538,0.00796863,0.99849385,-2.7322836,-19.175535,-1.6424694
371396.0,1,1,-0.051505633,-0.014169359,0.008766885,0.99853367,-2.7322836,-19.175535,-1.6424694
371397.0,1,1,-0.05105241,-0.012479989,0.009644892,0.9985714,-2.7322836,-19.175535,-1.6424694
371398.0,1,1,-0.050592713,-0.0106877135,0.010547268,0.99860656,-2.7322836,-19.175535,-1.6424694
371399.0,1,1,-0.050109666,-0.008827497,0.011467799,0.9986389,-2.7322836,-19.175535,-1.6424694
371400.0,1,1,-0.049590573,-0.006903536,0.01245408,0.99866813,-2.7322836,-19.175535,-1.6424694
371401.0,1,1,-0.049030773,-0.0049291616,0.013599608,0.9986926,-2.7322836,-19.175535,-1.6424694
371402.0,1,1,-0.048437193,-0.0028581135,0.01472546,0.9987136,-2.7322836,-19.175535,-1.6424694
371403.0,1,1,-0.047833882,-0.00065234356,0.015626028,0.9987329,-2.7322836,-19.175535,-1.6424694
371404.0,1,1,-0.04727249,0.0016776164,0.01619857,0.99874926,-2.7322836,-19.175535,-1.6424694
371405.0,1,1,-0.046756007,0.00402112,0.016517138,0.9987617,-2.7322836,-19.175535,-1.6424694
371406.0,1,1,-0.046295334,0.006287793,0.016673584,0.9987689,-2.7322836,-19.175535,-1.6424694
371407.0,1,1,-0.045875564,0.008180076,0.016792942,0.99877256,-2.7322836,-19.175535,-1.6424694
371408.0,1,1,-0.045539312,0.009686923,0.016822299,0.998774,-2.7322836,-19.175535,-1.6424694
371409.0,1,1,-0.04530558,0.010932689,0.016819127,0.9987718,-2.7322836,-19.175535,-1.6424694
371410.0,1,1,-0.045175623,0.012250564,0.016752707,0.99876344,-2.7322836,-19.175535,-1.6424694
371411.0,1,1,-0.045110755,0.013575521,0.016580688,0.9987522,-2.7322836,-19.175535,-1.6424694
371412.0,1,1,-0.04509291,0.014691364,0.016382376,0.9987404,-2.7322836,-19.175535,-1.6424694
371413.0,1,1,-0.04511452,0.015509034,0.016172312,0.9987305,-2.7322836,-19.175535,-1.6424694
371414.0,1,1,-0.04515832,0.016150206,0.0159301,0.99872226,-2.7322836,-19.175535,-1.6424694
371415.0,1,1,-0.045204684,0.01685715,0.015629021,0.9987132,-2.7322836,-19.175535,-1.6424694
371416.0,1,1,-0.04522152,0.017702153,0.01532421,0.9987026,-2.7322836,-19.175535,-1.6424694
371417.0,1,1,-0.045208797,0.0186733,0.015052014,0.99868965,-2.7322836,-19.175535,-1.6424694
371418.0,1,1,-0.045175392,0.019818302,0.014789181,0.998673,-2.7322836,-19.175535,-1.6424694
371419.0,1,1,-0.045136623,0.021215888,0.014539889,0.99864966,-2.7322836,-19.175535,-1.6424694
371420.0,1,1,-0.045101255,0.02285597,0.014284182,0.99861884,-2.7322836,-19.175535,-1.6424694
371421.0,1,1,-0.045081135,0.024718015,0.014005477,0.9985793,-2.7322836,-19.175535,-1.6424694
371422.0,1,1,-0.04508438,0.0267909,0.013757639,0.9985292,-2.7322836,-19.175535,-1.6424694
371423.0,1,1,-0.045131646,0.02893015,0.013562121,0.99846995,-2.7322836,-19.175535,-1.6424694
371424.0,1,1,-0.04525119,0.031084672,0.013408947,0.9984018,-2.7322836,-19.175535,-1.6424694
371425.0,1,1,-0.04542828,0.033172466,0.013288974,0.99832827,-2.7322836,-19.175535,-1.6424694
371426.0,1,1,-0.04564048,0.035364483,0.013167015,0.9982449,-2.7322836,-19.175535,-1.6424694
371427.0,1,1,-0.04585345,0.037651833,0.013021519,0.9981534,-2.7322836,-19.175535,-1.6424694
371428.0,1,1,-0.046053506,0.040114813,0.012846976,0.9980506,-2.7322836,-19.175535,-1.6424694
371429.0,1,1,-0.046228353,0.042834442,0.0126721375,0.9979316,-2.7322836,-19.175535,-1.6424694
371430.0,1,1,-0.046355594,0.0456056,0.012466358,0.99780554,-2.7322836,-19.175535,-1.6424694
371431.0,1,1,-0.046448603,0.048351627,0.012169229,0.9976756,-2.7322836,-19.175535,-1.6424694
371432.0,0,0,-0.046560783,0.051928278,0.011532304,0.9974982,-2.7322454,-19.175545,-1.6424574
371433.0,0,0,-0.046627,0.055721603,0.010855359,0.99729794,-2.7321637,-19.17556,-1.6424376
371434.0,0,0,-0.04653189,0.059712302,0.010115819,0.9970792,-2.7320173,-19.175583,-1.6424168
371435.0,0,0,-0.04629482,0.0643426,0.009294114,0.9968102,-2.7317605,-19.175613,-1.6424026
371436.0,0,0,-0.04600926,0.070028596,0.008397437,0.99644804,-2.731332,-19.175653,-1.6424041
371437.0,0,0,-0.045685735,0.07708336,0.007401302,0.99595,-2.7306488,-19.175718,-1.6424379
371438.0,0,0,-0.045361146,0.08628391,0.006010276,0.99521923,-2.729597,-19.175837,-1.642526
371439.0,0,0,-0.045224484,0.098953314,0.0038272098,0.99405646,-2.7281544,-19.176035,-1.6426117
371440.0,0,0,-0.045335546,0.11470475,0.0010598827,0.9923641,-2.7264822,-19.176315,-1.642603
371441.0,0,0,-0.04480371,0.13042428,-0.0026584498,0.9904419,-2.724508,-19.176664,-1.6424779
371442.0,0,0,-0.04460883,0.15095295,-0.0074056997,0.98750615,-2.7219574,-19.177103,-1.6422195
371443.0,0,0,-0.045312513,0.17711145,-0.012588243,0.9830666,-2.7188733,-19.17775,-1.6417881
371444.0,0,0,-0.0442072,0.20291932,-0.020847527,0.97797495,-2.7153378,-19.178667,-1.6411921
371445.0,0,0,-0.042059097,0.23138845,-0.031221455,0.97145027,-2.7111254,-19.179758,-1.6405127
371446.0,0,0,-0.041316632,0.26557449,-0.040508024,0.9623524,-2.706107,-19.180912,-1.6398998
371447.0,0,0,-0.039650667,0.30223352,-0.05059008,0.9510643,-2.7004483,-19.182026,-1.6395367
371448.0,0,0,-0.036961053,0.340834,-0.060222913,0.9374643,-2.6943188,-19.182976,-1.63956
371449.0,0,0,-0.034228,0.38159713,-0.06770545,0.9212101,-2.6878412,-19.18368,-1.6400415
371450.0,0,0,-0.03156047,0.42388424,-0.0739001,0.9021446,-2.6810322,-19.184303,-1.6409514
371451.0,0,0,-0.029173423,0.46248424,-0.0799828,0.8825304,-2.6739771,-19.185055,-1.64179
371452.0,0,0,-0.025249805,0.49037135,-0.08490851,0.867,-2.6664429,-19.185904,-1.6415166
371453.0,0,0,-0.021344718,0.5057047,-0.08536512,0.85820735,-2.6578913,-19.186752,-1.6395087
371454.0,0,0,-0.01731593,0.5115127,-0.08335749,0.8550477,-2.6479414,-19.187553,-1.6362523
371455.0,0,0,-0.01277283,0.5122181,-0.08136059,0.8548976,-2.6365092,-19.188284,-1.6327401
371456.0,0,0,-0.009283518,0.5119247,-0.079063185,0.85533386,-2.6237411,-19.188946,-1.6295606
371457.0,0,0,-0.006157904,0.5093877,-0.076418206,0.85711527,-2.6098776,-19.189552,-1.6267501
371458.0,0,0,-0.0031229926,0.5043157,-0.07333255,0.86039424,-2.5952194,-19.1901,-1.6242467
371459.0,0,0,-0.000439709,0.49829003,-0.070090905,0.8641726,-2.5798986,-19.19059,-1.6221038
371460.0,0,0,0.002152779,0.4923135,-0.0669685,0.86783534,-2.5640543,-19.191036,-1.6204381
371461.0,0,0,0.004739226,0.4865403,-0.063966796,0.87130034,-2.54776,-19.191458,-1.6192836
371462.0,0,0,0.007300959,0.4807207,-0.06101092,0.87471825,-2.5310655,-19.19187,-1.618582
371463.0,0,0,0.009908763,0.47455546,-0.05809063,0.8782508,-2.5139353,-19.19228,-1.6182437
371464.0,0,0,0.012525544,0.4678921,-0.055124756,0.8819758,-2.4963923,-19.192688,-1.6181961
371465.0,0,0,0.015142176,0.46058977,-0.052080695,0.88595456,-2.4784517,-19.193092,-1.6183871
371466.0,0,0,0.017760418,0.4524916,-0.048978657,0.8902455,-2.460074,-19.193493,-1.6187718
371467.0,0,0,0.020356901,0.44346413,-0.0457959,0.89488995,-2.441289,-19.193888,-1.6193033
371468.0,0,0,0.02292162,0.43338132,-0.042487193,0.89991677,-2.4221122,-19.194273,-1.6199447
371469.0,0,0,0.025436377,0.42231998,-0.03902888,0.90524894,-2.4025657,-19.194641,-1.6206806
371470.0,0,0,0.027897183,0.4104842,-0.03548867,0.91074973,-2.382663,-19.19499,-1.6215131
371471.0,0,0,0.030320132,0.39808035,-0.031973846,0.9162916,-2.362472,-19.195318,-1.6224414
371472.0,0,0,0.03271354,0.38510838,-0.028551398,0.92184937,-2.3419497,-19.195623,-1.6234586
371473.0,0,0,0.035069145,0.37162033,-0.025306346,0.927377,-2.3211777,-19.195894,-1.624545
371474.0,0,0,0.03738082,0.35767096,-0.022294182,0.9328329,-2.3001935,-19.196123,-1.6256843
371475.0,0,0,0.03962805,0.34329844,-0.019540269,0.9381866,-2.278985,-19.196302,-1.6268692
371476.0,0,0,0.041791443,0.32856783,-0.017078264,0.94340074,-2.2575574,-19.196426,-1.6280957
371477.0,0,0,0.043830536,0.3135851,-0.014917169,0.9484308,-2.2359834,-19.196487,-1.6293555
371478.0,0,0,0.04572417,0.298384,-0.013049475,0.95326084,-2.2142718,-19.196482,-1.6306423
371479.0,0,0,0.047459524,0.28298074,-0.011458387,0.9578821,-2.192403,-19.196407,-1.6319513
371480.0,0,0,0.049014904,0.26748118,-0.010099402,0.9622627,-2.1704392,-19.19626,-1.633273
371481.0,0,0,0.050373342,0.25201344,-0.008935126,0.9663705,-2.1483965,-19.196043,-1.6345972
371482.0,0,0,0.051530752,0.23661932,-0.007962274,0.97020227,-2.1262343,-19.19576,-1.6359112
371483.0,0,0,0.05249689,0.22131298,-0.007200452,0.9737622,-2.1039717,-19.19542,-1.6371907
371484.0,0,0,0.053278364,0.206047,-0.006639339,0.977068,-2.081635,-19.195026,-1.6384025
371485.0,0,0,0.05389576,0.19065945,-0.0062415856,0.98015577,-2.059206,-19.194582,-1.6395131
371486.0,0,0,0.05437248,0.17510158,-0.0059601604,0.98302984,-2.0367596,-19.194096,-1.6404923
371487.0,0,0,0.05474878,0.15935178,-0.005783035,0.9856857,-2.0142488,-19.193575,-1.6413239
371488.0,0,0,0.055052143,0.14349292,-0.005718024,0.9881025,-1.9917191,-19.193031,-1.6419932
371489.0,0,0,0.05529363,0.12753452,-0.0057622814,0.9902749,-1.969187,-19.192472,-1.6424873
371490.0,0,0,0.055482488,0.11143577,-0.005914481,0.992204,-1.9466516,-19.191898,-1.6427952
371491.0,0,0,0.05558708,0.095167406,-0.00612222,0.9938893,-1.9241223,-19.191303,-1.6429102
371492.0,0,0,0.055589154,0.07875205,-0.006348988,0.9953229,-1.9016236,-19.190681,-1.6428328
371493.0,0,0,0.055456363,0.062301032,-0.0065704826,0.9964939,-1.879202,-19.19003,-1.6425675
371494.0,0,0,0.055188958,0.045859408,-0.0068025063,0.99739903,-1.8568223,-19.189348,-1.6421161
371495.0,0,0,0.054814156,0.029438071,-0.007063718,0.9980376,-1.8344939,-19.188644,-1.641475
371496.0,0,0,0.05436777,0.013024186,-0.007372655,0.99840885,-1.8122703,-19.187931,-1.6406403
371497.0,0,0,0.053912986,-0.0033982887,-0.0077621546,0.9985097,-1.7901477,-19.187214,-1.6396067
371498.0,0,0,0.05347744,-0.019806014,-0.008270965,0.9983384,-1.7681385,-19.186499,-1.6383703
371499.0,0,0,0.05307699,-0.036208987,-0.008969939,0.9978935,-1.7462755,-19.185787,-1.6369275
371500.0,0,0,0.05269096,-0.052646894,-0.009902953,0.9971729,-1.7245598,-19.185081,-1.6352719
371501.0,0,0,0.052306283,-0.06909395,-0.011052039,0.9961767,-1.7030367,-19.18438,-1.6334007
371502.0,0,0,0.051923342,-0.08559874,-0.012383815,0.99489874,-1.6816561,-19.183676,-1.6313033
371503.0,0,0,0.05152485,-0.10209647,-0.013861276,0.9933426,-1.6605271,-19.182964,-1.6289899
371504.0,0,0,0.05107915,-0.11861663,-0.015416765,0.9915057,-1.6395811,-19.18223,-1.626457
371505.0,0,0,0.05056331,-0.1350573,-0.016964497,0.98940146,-1.6188949,-19.181463,-1.6237241
371506.0,0,0,0.049972426,-0.1513665,-0.01847861,0.98704076,-1.5984796,-19.18065,-1.6208076
371507.0,0,0,0.04927307,-0.1674659,-0.019995047,0.9844428,-1.578322,-19.179787,-1.617719
371508.0,0,0,0.048449464,-0.18327677,-0.021560106,0.98162997,-1.5584788,-19.17887,-1.6144773
371509.0,0,0,0.047513332,-0.19887221,-0.02322916,0.97859734,-1.5389179,-19.177898,-1.6110827
371510.0,0,0,0.04647442,-0.21417995,-0.025063386,0.97536606,-1.5197489,-19.176884,-1.6075578
371511.0,0,0,0.045322027,-0.22933288,-0.027153464,0.9719131,-1.5009364,-19.17583,-1.6038976
371512.0,0,0,0.044067204,-0.24440616,-0.029503688,0.9682217,-1.4826087,-19.174755,-1.6001318
371513.0,0,0,0.042714447,-0.2595407,-0.032051858,0.96425456,-1.4647251,-19.173656,-1.5962638
371514.0,0,0,0.041265015,-0.27463832,-0.03467329,0.96003574,-1.4473231,-19.172537,-1.5923228
371515.0,0,0,0.03969997,-0.2895766,-0.03728195,0.9556042,-1.4304547,-19.171396,-1.5883517
371516.0,0,0,0.037991256,-0.30426347,-0.03974644,0.95099986,-1.4141446,-19.170227,-1.5843945
371517.0,0,0,0.036116295,-0.31860998,-0.04191669,0.9462697,-1.3983343,-19.16901,-1.5804827
371518.0,0,0,0.034060355,-0.3324015,-0.043696083,0.9415093,-1.3830581,-19.16773,-1.5766819
371519.0,0,0,0.031795003,-0.345415,-0.04507624,0.9368274,-1.3683227,-19.166378,-1.5730581
371520.0,0,0,0.029274508,-0.35758972,-0.04616673,0.93227744,-1.3540825,-19.164946,-1.5696695
371521.0,0,0,0.026560716,-0.368868,-0.04711697,0.92790675,-1.3403896,-19.163448,-1.5666001
371522.0,0,0,0.023754006,-0.3792206,-0.04814576,0.9237475,-1.3272431,-19.161915,-1.5639216
371523.0,0,0,0.02096615,-0.3886006,-0.049535956,0.919835,-1.3146292,-19.160381,-1.5617023
371524.0,0,0,0.018326258,-0.39701682,-0.051537465,0.91617996,-1.3025482,-19.158888,-1.5600117
371525.0,0,0,0.015925897,-0.4044256,-0.05425776,0.9128211,-1.2910323,-19.157465,-1.5589164
371526.0,0,0,0.013815819,-0.41080698,-0.057635594,0.90979385,-1.2800485,-19.15611,-1.5584669
371527.0,0,0,0.012041006,-0.41609782,-0.061365083,0.90716696,-1.2696322,-19.154806,-1.558704
371528.0,0,0,0.010581393,-0.4202485,-0.065039836,0.9050133,-1.2597772,-19.153515,-1.5596565
371529.0,0,0,0.009352653,-0.42326298,-0.06829548,0.90338075,-1.2504863,-19.152193,-1.5613447
371530.0,0,0,0.008285502,-0.42520428,-0.070761845,0.90228903,-1.2417676,-19.1508,-1.5637746
371531.0,0,0,0.007336578,-0.42603183,-0.07210196,0.9018007,-1.2336072,-19.149303,-1.5669396
371532.0,0,0,0.006440582,-0.42563662,-0.07221225,0.9019852,-1.2259954,-19.14769,-1.5708134
371533.0,0,0,0.0055336095,-0.42398578,-0.07128231,0.9028423,-1.2188857,-19.145962,-1.5753857
371534.0,0,0,0.0046125893,-0.42113772,-0.069654204,0.9043064,-1.212293,-19.14414,-1.5806146
371535.0,0,0,0.00404758,-0.41487095,-0.06753671,0.9073613,-1.2061214,-19.14238,-1.5866301
371536.0,0,0,0.0036589499,-0.4014414,-0.06659426,0.91345316,-1.1998526,-19.140896,-1.5935358
371537.0,0,0,0.0019359363,-0.38532156,-0.07228946,0.9199444,-1.193178,-19.139578,-1.601034
371538.0,0,0,-7.142249e-05,-0.36855033,-0.0770278,0.92641103,-1.1865636,-19.138065,-1.608802
371539.0,0,0,0.00054071407,-0.35668042,-0.0758056,0.93114567,-1.1803024,-19.13611,-1.6165714
371540.0,0,0,0.0020482095,-0.34437135,-0.07232662,0.9360412,-1.1740127,-19.133656,-1.6240516
371541.0,0,0,0.00158308,-0.31962863,-0.06508295,0.9453038,-1.1670474,-19.130972,-1.6316823
371542.0,0,0,-0.0022146674,-0.29188785,-0.060835954,0.9545133,-1.1599588,-19.128231,-1.6398475
371543.0,0,0,-0.007657867,-0.26607695,-0.060240876,0.96203715,-1.1533539,-19.125454,-1.6485208
371544.0,0,0,-0.013632659,-0.24159692,-0.059577804,0.96845,-1.1475493,-19.12271,-1.6571099
371545.0,0,0,-0.02011232,-0.21770847,-0.058483664,0.97405237,-1.1425409,-19.120186,-1.665068
371546.0,0,0,-0.026042288,-0.19559582,-0.057588715,0.97864586,-1.1383286,-19.118118,-1.6721736
371547.0,0,0,-0.030636135,-0.17653106,-0.056879435,0.98217255,-1.1349585,-19.11665,-1.6785568
371548.0,0,0,-0.033463765,-0.16124254,-0.056603085,0.9847219,-1.1324208,-19.115816,-1.6844127
371549.0,0,0,-0.034788493,-0.14874661,-0.057158943,0.98660886,-1.1305419,-19.11554,-1.6898755
371550.0,0,0,-0.0352106,-0.1377551,-0.058355197,0.9881186,-1.129092,-19.115652,-1.694998
371551.0,0,0,-0.03514001,-0.12777103,-0.05965055,0.9893845,-1.1279281,-19.115948,-1.6997854
371552.0,0,0,-0.03492781,-0.11885426,-0.060902838,0.9904265,-1.1269908,-19.116259,-1.7043118
371553.0,0,0,-0.035057697,-0.11154463,-0.062387787,0.99117935,-1.1261604,-19.116404,-1.7086023
371554.0,0,0,-0.03697798,-0.10395259,-0.063210286,0.9918825,-1.1253464,-19.116198,-1.7126093
371555.0,0,0,-0.0401073,-0.09480523,-0.061707262,0.99277174,-1.1246935,-19.11557,-1.7163398
371556.0,0,0,-0.0428147,-0.088757396,-0.059328083,0.9933626,-1.1243051,-19.114607,-1.7199141
371557.0,0,0,-0.04526083,-0.08316996,-0.05596056,0.9939329,-1.1240824,-19.113497,-1.7233623
371558.0,0,0,-0.047603045,-0.07659711,-0.051347632,0.9946006,-1.1239573,-19.11245,-1.7266318
371559.0,0,0,-0.04918848,-0.071276896,-0.047043946,0.9951317,-1.1239703,-19.111584,-1.7296888
371560.0,0,0,-0.05023067,-0.06736071,-0.04329861,0.9955224,-1.1241522,-19.110878,-1.7325304
371561.0,0,0,-0.051183112,-0.06396892,-0.0394742,0.9958565,-1.1244892,-19.110218,-1.7351887
371562.0,0,0,-0.052073974,-0.06120948,-0.03538609,0.9961374,-1.1249424,-19.109488,-1.7377415
371563.0,0,0,-0.052946564,-0.058685895,-0.030835599,0.9963944,-1.12546,-19.10865,-1.7402383
371564.0,0,0,-0.053796258,-0.056098837,-0.025871407,0.9966392,-1.1260066,-19.107765,-1.7426971
371565.0,0,0,-0.054458138,-0.05362428,-0.020992946,0.9968542,-1.1265554,-19.106943,-1.7451212
371566.0,0,0,-0.05477291,-0.050921086,-0.016993146,0.9970548,-1.1270832,-19.106312,-1.7474587
371567.0,0,0,-0.05497388,-0.04772521,-0.014330741,0.99724364,-1.1276264,-19.10591,-1.7496582
371568.0,0,0,-0.05507654,-0.04523917,-0.0125636235,0.9973777,-1.1282581,-19.105646,-1.7517167
371569.0,0,0,-0.055174224,-0.04358872,-0.01091222,0.9974652,-1.1290045,-19.10539,-1.7536759
371570.0,0,0,-0.055282306,-0.042379014,-0.00897343,0.99753064,-1.1298231,-19.105097,-1.7555785
371571.0,0,0,-0.05530405,-0.04115266,-0.007195382,0.99759525,-1.1306638,-19.10482,-1.7574469
371572.0,0,0,-0.05526018,-0.039850216,-0.0060818437,0.9976579,-1.131508,-19.104626,-1.7592666
371573.0,0,0,-0.055199124,-0.038671017,-0.0055061416,0.99771106,-1.1323735,-19.10451,-1.7610376
371574.0,0,0,-0.055137377,-0.037680596,-0.005090542,0.9977546,-1.1332728,-19.104427,-1.7627684
371575.0,0,0,-0.055056978,-0.03679329,-0.004694808,0.9977941,-1.1342003,-19.10435,-1.7644744
371576.0,0,1,-0.054945905,-0.035584718,-0.00436804,0.9978455,-1.1351432,-19.104273,-1.7661694
371577.0,0,1,-0.054812554,-0.034452178,-0.0041511683,0.9978936,-1.1360908,-19.104198,-1.7678533
371578.0,0,0,-0.054674536,-0.033424485,-0.003932657,0.99793696,-1.1370537,-19.104118,-1.7695439
371579.0,0,0,-0.054544017,-0.032391574,-0.0036519372,0.9979792,-1.1380155,-19.10403,-1.7712075
371580.0,0,0,-0.054412764,-0.03132601,-0.0033681223,0.9980213,-1.1389966,-19.10394,-1.7728701
371581.0,0,0,-0.05428562,-0.030317917,-0.0031356318,0.99806017,-1.1399966,-19.103851,-1.7745129
371582.0,0,1,-0.054165017,-0.02899951,-0.0028897678,0.9981066,-1.1410222,-19.103767,-1.776141
371583.0,0,1,-0.05404907,-0.027818762,-0.0026931448,0.9981471,-1.1420655,-19.103685,-1.7777532
371584.0,0,1,-0.05390654,-0.026685733,-0.0025401695,0.9981862,-1.143125,-19.103601,-1.7793559
371585.0,0,1,-0.05372822,-0.02563938,-0.0024126843,0.9982235,-1.1441972,-19.10351,-1.7809479
371586.0,0,1,-0.053532023,-0.024584096,-0.0022411994,0.998261,-1.1452838,-19.10341,-1.7825328
371587.0,0,1,-0.05329329,-0.02347038,-0.001954572,0.99830115,-1.1463882,-19.103308,-1.7841094
371588.0,0,1,-0.05300705,-0.022438623,-0.0016240155,0.9983407,-1.1475112,-19.103203,-1.7856759
371589.0,0,1,-0.052675366,-0.021504631,-0.0012731758,0.9983793,-1.1486517,-19.103094,-1.7872365
371590.0,0,1,-0.05228315,-0.02068488,-0.0009033907,0.9984176,-1.1498027,-19.102983,-1.7887899
371591.0,0,1,-0.051835965,-0.019961778,-0.0004978638,0.998456,-1.1509682,-19.102869,-1.7903461
371592.0,0,1,-0.0513297,-0.019302463,-1.2155795e-05,0.9984952,-1.1521425,-19.102753,-1.7918997
371593.0,0,1,-0.050732914,-0.018713703,0.00053183344,0.9985368,-1.1533237,-19.102633,-1.7934496
371594.0,0,1,-0.050083175,-0.018198034,0.0010578958,0.9985787,-1.1545131,-19.102507,-1.7950008
371595.0,0,1,-0.04948113,-0.017734397,0.0015251567,0.9986165,-1.155708,-19.102371,-1.7965554
371596.0,0,1,-0.049038947,-0.017317075,0.0019924869,0.99864477,-1.1568997,-19.102224,-1.7981098
371597.0,0,1,-0.048656203,-0.016716802,0.0026018454,0.9986723,-1.1580937,-19.102072,-1.799666
371598.0,0,1,-0.048230622,-0.015972802,0.0032859708,0.9987031,-1.1592938,-19.101917,-1.8012184
371599.0,0,1,-0.047734432,-0.015181933,0.003920301,0.99873704,-1.1605045,-19.101759,-1.8027667
371600.0,0,1,-0.047265865,-0.014253622,0.0046284758,0.99876994,-1.1617256,-19.101597,-1.8043036
371601.0,1,1,-0.046810042,-0.013289914,0.005380792,0.99880093,-1.1399966,-19.103851,-1.7745129
371602.0,1,1,-0.046385825,-0.012414407,0.006104588,0.9988279,-1.1399966,-19.103851,-1.7745129
371603.0,1,1,-0.0459713,-0.011709452,0.0068068737,0.998851,-1.1399966,-19.103851,-1.7745129
371604.0,1,1,-0.045585897,-0.010894924,0.007445578,0.99887335,-1.1399966,-19.103851,-1.7745129
371605.0,1,1,-0.04521271,-0.009922352,0.00809457,0.99889535,-1.1399966,-19.103851,-1.7745129
371606.0,1,1,-0.044864118,-0.008763547,0.008765988,0.99891627,-1.1399966,-19.103851,-1.7745129
371607.0,1,1,-0.044556193,-0.0074989162,0.009415012,0.99893445,-1.1399966,-19.103851,-1.7745129
371608.0,1,1,-0.044290777,-0.006207389,0.010116741,0.99894816,-1.1399966,-19.103851,-1.7745129
371609.0,1,1,-0.044043396,-0.0049091605,0.010872597,0.99895847,-1.1399966,-19.103851,-1.7745129
371610.0,1,1,-0.043779086,-0.0036190746,0.011589819,0.99896747,-1.1399966,-19.103851,-1.7745129
371611.0,1,1,-0.043523435,-0.0023131995,0.012263483,0.9989745,-1.1399966,-19.103851,-1.7745129
371612.0,1,1,-0.04325091,-0.00093714596,0.013084683,0.99897814,-1.1399966,-19.103851,-1.7745129
371613.0,1,1,-0.04294169,0.00062122184,0.013989967,0.99897945,-1.1399966,-19.103851,-1.7745129
371614.0,1,1,-0.042610276,0.002287836,0.0148559995,0.99897873,-1.1399966,-19.103851,-1.7745129
371615.0,1,1,-0.04226599,0.004123087,0.015571988,0.9989765,-1.1399966,-19.103851,-1.7745129
371616.0,1,1,-0.04193307,0.0059944005,0.016117228,0.9989725,-1.1399966,-19.103851,-1.7745129
371617.0,1,1,-0.04160638,0.007634727,0.016508656,0.9989685,-1.1399966,-19.103851,-1.7745129
371618.0,1,1,-0.04132809,0.0089722,0.016854346,0.9989632,-1.1399966,-19.103851,-1.7745129
371619.0,1,1,-0.041090943,0.010048166,0.017197667,0.9989569,-1.1399966,-19.103851,-1.7745129
371620.0,1,1,-0.040881813,0.010890622,0.017455744,0.99895215,-1.1399966,-19.103851,-1.7745129
371621.0,1,1,-0.040722463,0.011671396,0.017703813,0.9989455,-1.1399966,-19.103851,-1.7745129
371622.0,1,1,-0.040593263,0.012424084,0.017918045,0.9989379,-1.1399966,-19.103851,-1.7745129
371623.0,1,1,-0.040478855,0.013148233,0.018102342,0.99892986,-1.1399966,-19.103851,-1.7745129
371624.0,1,1,-0.040365182,0.01375412,0.018236274,0.99892396,-1.1399966,-19.103851,-1.7745129
371625.0,1,1,-0.040252764,0.014185505,0.018280998,0.99892163,-1.1399966,-19.103851,-1.7745129
371626.0,1,1,-0.04014271,0.014567011,0.018283537,0.9989205,-1.1399966,-19.103851,-1.7745129
371627.0,1,1,-0.040013216,0.014909181,0.018245505,0.9989213,-1.1399966,-19.103851,-1.7745129
371628.0,1,1,-0.03989264,0.015228265,0.0181869,0.9989224,-1.1399966,-19.103851,-1.7745129
371629.0,1,1,-0.039782308,0.015565284,0.01813268,0.99892265,-1.1399966,-19.103851,-1.7745129
371630.0,1,1,-0.03965302,0.015962303,0.018063536,0.99892277,-1.1399966,-19.103851,-1.7745129
371631.0,1,1,-0.03950553,0.016467707,0.017955558,0.99892235,-1.1399966,-19.103851,-1.7745129
371632.0,1,1,-0.03934737,0.017038878,0.017740982,0.9989228,-1.1399966,-19.103851,-1.7745129
371633.0,1,1,-0.039204154,0.017683024,0.017505955,0.9989214,-1.1399966,-19.103851,-1.7745129
371634.0,1,1,-0.039079215,0.018422522,0.017309798,0.9989164,-1.1399966,-19.103851,-1.7745129
371635.0,1,1,-0.038952634,0.01920814,0.01712575,0.99890965,-1.1399966,-19.103851,-1.7745129
371636.0,1,1,-0.03882566,0.020100502,0.016909987,0.9989008,-1.1399966,-19.103851,-1.7745129
371637.0,1,1,-0.038706493,0.021184977,0.016639922,0.9988874,-1.1399966,-19.103851,-1.7745129
371638.0,1,1,-0.038577564,0.022476062,0.016370144,0.9988687,-1.1399966,-19.103851,-1.7745129
371639.0,1,1,-0.03840828,0.023959406,0.016169267,0.99884397,-1.1399966,-19.103851,-1.7745129
371640.0,1,1,-0.03819537,0.025518214,0.016050912,0.9988155,-1.1399966,-19.103851,-1.7745129
371641.0,1,1,-0.03796581,0.02719769,0.015982391,0.998781,-1.1399966,-19.103851,-1.7745129
371642.0,1,1,-0.037691038,0.0290468,0.015921876,0.9987403,-1.1399966,-19.103851,-1.7745129
371643.0,1,1,-0.037364285,0.031087693,0.015863892,0.99869204,-1.1399966,-19.103851,-1.7745129
371644.0,1,1,-0.036998436,0.033212744,0.015793568,0.9986384,-1.1399966,-19.103851,-1.7745129
371645.0,1,1,-0.036602627,0.03566135,0.01569599,0.9985701,-1.1399966,-19.103851,-1.7745129
371646.0,1,1,-0.036129594,0.038375035,0.015503521,0.99848974,-1.1399966,-19.103851,-1.7745129
371647.0,1,1,-0.035580494,0.04123123,0.0151893785,0.9984004,-1.1399966,-19.103851,-1.7745129
371648.0,1,1,-0.035031494,0.04426035,0.014756684,0.99829656,-1.1399966,-19.103851,-1.7745129
371649.0,0,0,-0.034455746,0.047795888,0.01390079,0.99816585,-1.1399667,-19.103865,-1.7744902
371650.0,0,0,-0.033888586,0.05219654,0.0129325185,0.9979779,-1.1398776,-19.103886,-1.7744516
371651.0,0,0,-0.033348422,0.057247117,0.011988951,0.997731,-1.1397086,-19.103912,-1.7744071
371652.0,0,0,-0.032698397,0.06279165,0.010992243,0.9974303,-1.1394236,-19.10395,-1.7743655
371653.0,0,0,-0.031905178,0.06928232,0.009890256,0.99703777,-1.1389511,-19.10401,-1.7743378
371654.0,0,0,-0.031090757,0.07744211,0.008671988,0.9964742,-1.1381752,-19.104113,-1.7743428
371655.0,0,0,-0.030290153,0.087932006,0.007097621,0.9956406,-1.13696,-19.104286,-1.774399
371656.0,0,0,-0.029767644,0.10250299,0.0047686547,0.99427575,-1.1353555,-19.104525,-1.774453
371657.0,0,0,-0.02940184,0.11894038,0.0023052823,0.99246335,-1.1335255,-19.104815,-1.7744279
371658.0,0,0,-0.028527465,0.13614793,-0.0015847528,0.99027646,-1.13132,-19.105206,-1.7743062
371659.0,0,0,-0.028354095,0.15938564,-0.0069173328,0.9867849,-1.1285315,-19.105776,-1.7740458
371660.0,0,0,-0.028780969,0.1870835,-0.0131113995,0.98183477,-1.1253266,-19.106625,-1.7736028
371661.0,0,0,-0.027330477,0.21246655,-0.022905935,0.9765175,-1.1218007,-19.10772,-1.7730036
371662.0,0,0,-0.025707077,0.240846,-0.03365481,0.9696389,-1.1176363,-19.108921,-1.7723362
371663.0,0,0,-0.02567554,0.2751645,-0.04298077,0.96009266,-1.1126881,-19.110144,-1.7717695
371664.0,0,0,-0.02468947,0.31096455,-0.053029794,0.9486197,-1.1071721,-19.11127,-1.7714787
371665.0,0,0,-0.023553338,0.3483836,-0.061498463,0.9350358,-1.1012893,-19.112154,-1.7715431
371666.0,0,0,-0.023169065,0.38766164,-0.06740358,0.91904205,-1.0951034,-19.112843,-1.7719524
371667.0,0,0,-0.023661703,0.42513168,-0.07226285,0.901932,-1.0886949,-19.113543,-1.7724552
371668.0,0,0,-0.023425153,0.45492923,-0.076174915,0.8869544,-1.0820299,-19.114305,-1.7722208
371669.0,0,0,-0.022834977,0.47267768,-0.07667468,0.8775963,-1.0747637,-19.115063,-1.7703755
371670.0,0,0,-0.022582995,0.4797909,-0.07389296,0.873974,-1.0664601,-19.115784,-1.7669895
371671.0,0,0,-0.021537233,0.4803697,-0.071156345,0.87390953,-1.056937,-19.11645,-1.7629828
371672.0,0,0,-0.021082403,0.48027217,-0.06838765,0.8741953,-1.0462058,-19.117064,-1.7591473
371673.0,0,0,-0.020937657,0.47945315,-0.065400936,0.87487656,-1.0345721,-19.117651,-1.7557112
371674.0,0,0,-0.020289928,0.4763946,-0.062288363,0.87678766,-1.0222672,-19.118221,-1.7525939
371675.0,0,0,-0.019538883,0.47238037,-0.0589868,0.87920165,-1.0094279,-19.11876,-1.749802
371676.0,0,0,-0.018828984,0.46884567,-0.0556227,0.8813259,-0.9961602,-19.11924,-1.7474353
371677.0,0,0,-0.018089278,0.46575212,-0.052219145,0.8831879,-0.98250425,-19.119638,-1.745535
371678.0,0,0,-0.017460749,0.46260217,-0.048646003,0.8850582,-0.96849895,-19.119932,-1.7440658
371679.0,0,0,-0.017004266,0.45921656,-0.04496699,0.8870226,-0.954082,-19.120102,-1.7429559
371680.0,0,0,-0.01672726,0.4554771,-0.04135736,0.889129,-0.9392536,-19.120129,-1.7421453
371681.0,0,0,-0.016719308,0.4511708,-0.037798144,0.89148,-0.9240446,-19.119991,-1.7415848
371682.0,0,0,-0.017041752,0.4460882,-0.034286562,0.89416957,-0.90839666,-19.119665,-1.7412323
371683.0,0,0,-0.017771538,0.4401224,-0.030832456,0.89723235,-0.8922924,-19.11913,-1.7410578
371684.0,0,0,-0.018957524,0.43326256,-0.027442334,0.9006504,-0.8757839,-19.118368,-1.7410395
371685.0,0,0,-0.020606412,0.4255387,-0.024130225,0.9043838,-0.8589048,-19.11737,-1.741163
371686.0,0,0,-0.022725267,0.41702944,-0.020877501,0.90836895,-0.8416048,-19.116127,-1.7414231
371687.0,0,0,-0.02527254,0.40786585,-0.01776522,0.91251916,-0.82395566,-19.11464,-1.7418159
371688.0,0,0,-0.028185,0.39811644,-0.0148539385,0.91678154,-0.8059831,-19.112913,-1.742335
371689.0,0,0,-0.031399515,0.38779068,-0.012177431,0.92113197,-0.7876995,-19.11095,-1.7429707
371690.0,0,0,-0.03486063,0.37695554,-0.009722151,0.9255241,-0.76913625,-19.10876,-1.7437102
371691.0,0,0,-0.038487207,0.36570054,-0.007501451,0.92990625,-0.75035924,-19.106358,-1.7445349
371692.0,0,0,-0.042231478,0.3539801,-0.005492073,0.9342829,-0.7312896,-19.103739,-1.7454308
371693.0,0,0,-0.04598106,0.34185484,-0.0036979662,0.93862,-0.71209633,-19.100937,-1.7463758
371694.0,0,0,-0.049692914,0.3293465,-0.0021451835,0.94289815,-0.69269943,-19.097948,-1.7473675
371695.0,0,0,-0.05332805,0.31656858,-0.00084428996,0.9470691,-0.6731362,-19.094784,-1.7484015
371696.0,0,0,-0.05688977,0.3035479,0.00023402768,0.9511164,-0.6533937,-19.09144,-1.7494748
371697.0,0,0,-0.06037126,0.29037127,0.0011244625,0.9550071,-0.63356036,-19.08793,-1.7505785
371698.0,0,0,-0.06378702,0.27712587,0.0018592173,0.9587122,-0.61362004,-19.084246,-1.7517098
371699.0,0,0,-0.067158334,0.2639002,0.00242174,0.9622062,-0.59357077,-19.080378,-1.7528609
371700.0,0,0,-0.07050742,0.25069556,0.0027685764,0.96549094,-0.5734052,-19.076319,-1.7540162
371701.0,0,0,-0.07388397,0.23748922,0.0029030782,0.96857196,-0.5531181,-19.072056,-1.7551504
371702.0,0,0,-0.07731573,0.2242581,0.0028030167,0.9714539,-0.532789,-19.067593,-1.7562274
371703.0,0,0,-0.08087625,0.21086997,0.00248042,0.9741595,-0.51237273,-19.062908,-1.7572141
371704.0,0,0,-0.084606744,0.19725756,0.0019743987,0.976692,-0.49188188,-19.057993,-1.7580739
371705.0,0,0,-0.0885375,0.18334822,0.0013104648,0.979052,-0.47132415,-19.05284,-1.7587719
371706.0,0,0,-0.09265778,0.1690595,0.00050393626,0.9812407,-0.45077002,-19.04746,-1.7592797
371707.0,0,0,-0.09694992,0.15432966,-0.00045853262,0.98325115,-0.43022066,-19.041853,-1.7595853
371708.0,0,0,-0.10142026,0.13922377,-0.0015952446,0.98505235,-0.40965232,-19.036009,-1.7596886
371709.0,0,0,-0.1060533,0.12389781,-0.0029029862,0.9866071,-0.38914064,-19.029953,-1.7595968
371710.0,0,0,-0.11084112,0.10842337,-0.004393885,0.9878964,-0.36867547,-19.02369,-1.7593181
371711.0,0,0,-0.115755804,0.092835926,-0.006060397,0.9889112,-0.34824905,-19.017216,-1.758858
371712.0,0,0,-0.12077703,0.07721117,-0.0078368215,0.98964137,-0.3279106,-19.010553,-1.7582225
371713.0,0,0,-0.1258595,0.061605815,-0.009694101,0.990086,-0.30766055,-19.003712,-1.7574162
371714.0,0,0,-0.13095061,0.046068456,-0.011618355,0.99024975,-0.28749835,-18.996698,-1.7564421
371715.0,0,0,-0.136005,0.030664125,-0.013611766,0.9901399,-0.26745275,-18.98954,-1.7553012
371716.0,0,0,-0.14097957,0.015366231,-0.015678197,0.9897691,-0.24747366,-18.982231,-1.7539859
371717.0,0,0,-0.14558393,0.0002730531,-0.017819615,0.9891854,-0.2276429,-18.974827,-1.7524797
371718.0,0,0,-0.14988697,-0.014775982,-0.019956112,0.9883912,-0.2079652,-18.96734,-1.7507714
371719.0,0,0,-0.15384081,-0.029864712,-0.02213205,0.9873962,-0.18841977,-18.959772,-1.7488477
371720.0,0,0,-0.15740801,-0.04500739,-0.024350693,0.986207,-0.16902003,-18.952131,-1.7467004
371721.0,0,0,-0.16054536,-0.06012343,-0.02659103,0.9848367,-0.14984664,-18.944452,-1.7443327
371722.0,0,0,-0.1632604,-0.075260654,-0.028909825,0.9832833,-0.13082495,-18.936705,-1.741729
371723.0,0,0,-0.16554576,-0.09033689,-0.031373426,0.9815546,-0.11205009,-18.928925,-1.7388952
371724.0,0,0,-0.16741925,-0.10533356,-0.034032058,0.9796517,-0.09352882,-18.921106,-1.7358218
371725.0,0,0,-0.16894646,-0.120252065,-0.036926087,0.97756493,-0.07526032,-18.913233,-1.7324953
371726.0,0,0,-0.1702353,-0.13512532,-0.040133484,0.97526944,-0.05730129,-18.905306,-1.7289137
371727.0,0,0,-0.1713666,-0.15007856,-0.043671347,0.97272956,-0.039713275,-18.897322,-1.7250825
371728.0,0,0,-0.17244565,-0.16511984,-0.04749361,0.9699188,-0.022526333,-18.889261,-1.721011
371729.0,0,0,-0.173614,-0.18022043,-0.051597215,0.96680737,-0.0057510063,-18.881107,-1.7167143
371730.0,0,0,-0.17499511,-0.19532755,-0.056042887,0.96337074,0.010579741,-18.872875,-1.7122247
371731.0,0,0,-0.17659512,-0.2104085,-0.06088577,0.9596017,0.026447888,-18.864592,-1.7075797
371732.0,0,0,-0.17834312,-0.22528712,-0.065998174,0.9555542,0.04182331,-18.8563,-1.7028258
371733.0,0,0,-0.18020815,-0.23977534,-0.07120743,0.95129514,0.056718584,-18.848019,-1.6979989
371734.0,0,0,-0.18215461,-0.25379652,-0.07638328,0.9468752,0.07118414,-18.839737,-1.6931216
371735.0,0,0,-0.18411694,-0.26717854,-0.08137712,0.94238764,0.08513305,-18.831518,-1.6882639
371736.0,0,0,-0.18610673,-0.27989852,-0.08617634,0.9378671,0.09862076,-18.82334,-1.683446
371737.0,0,0,-0.18814044,-0.2918819,-0.090771854,0.93336415,0.11161676,-18.815222,-1.6787167
371738.0,0,0,-0.19026859,-0.3031318,-0.095156096,0.9288996,0.12413069,-18.80715,-1.6741108
371739.0,0,0,-0.19256201,-0.3136262,-0.09933582,0.9244949,0.13610004,-18.799158,-1.6696926
371740.0,0,0,-0.19504291,-0.32341227,-0.103348345,0.9201532,0.14755133,-18.791222,-1.665495
371741.0,0,0,-0.1976705,-0.3324356,-0.10713002,0.91593456,0.15847638,-18.783342,-1.6615644
371742.0,0,0,-0.20039564,-0.34068376,-0.1106642,0.9118825,0.16884719,-18.775555,-1.6579554
371743.0,0,0,-0.20313217,-0.3482165,-0.11404085,0.90800726,0.17867126,-18.767876,-1.6547127
371744.0,0,0,-0.20580018,-0.35506624,-0.11734718,0.9043251,0.18795888,-18.760328,-1.6518813
371745.0,0,0,-0.20836873,-0.36118692,-0.12066693,0.9008696,0.19670293,-18.752953,-1.6495084
371746.0,0,0,-0.2108512,-0.36650962,-0.12405925,0.89767575,0.20492782,-18.745752,-1.6476252
371747.0,0,0,-0.2133378,-0.3709971,-0.12737295,0.89477617,0.21263663,-18.738718,-1.6462656
371748.0,0,0,-0.21592613,-0.3747261,-0.13038032,0.8921644,0.21980461,-18.731846,-1.6454678
371749.0,0,0,-0.21873283,-0.37774926,-0.13290718,0.8898299,0.22642651,-18.725113,-1.6452632
371750.0,0,0,-0.22190349,-0.3799371,-0.13481069,0.88782465,0.2325316,-18.718477,-1.6456736
371751.0,0,0,-0.22559474,-0.3811106,-0.13600017,0.88620865,0.23815493,-18.711905,-1.6467105
371752.0,0,0,-0.22990984,-0.38115954,-0.13650987,0.8849994,0.24329656,-18.705408,-1.6483613
371753.0,0,0,-0.23487781,-0.3800786,-0.13638254,0.88417906,0.24796662,-18.698988,-1.650605
371754.0,0,0,-0.24044697,-0.37803134,-0.13568571,0.8836668,0.25216115,-18.692654,-1.6534134
371755.0,0,0,-0.24652897,-0.37518683,-0.13453038,0.8833798,0.25587052,-18.686428,-1.6567473
371756.0,0,0,-0.25305396,-0.3716519,-0.13303514,0.88325554,0.25909656,-18.680325,-1.6605676
371757.0,0,0,-0.25989735,-0.36758387,-0.1313072,0.8832292,0.26182833,-18.67439,-1.6648071
371758.0,0,0,-0.2669743,-0.36313277,-0.12944008,0.88323534,0.26407412,-18.6686,-1.6694393
371759.0,0,0,-0.2745457,-0.35593385,-0.12675004,0.8842342,0.26601583,-18.662903,-1.6745127
371760.0,0,0,-0.2848255,-0.3429294,-0.12240284,0.88673085,0.26815933,-18.65705,-1.6799974
371761.0,0,0,-0.29632106,-0.3267917,-0.120256074,0.88934773,0.2706138,-18.65092,-1.6856887
371762.0,0,0,-0.30686435,-0.31203285,-0.117192425,0.8914795,0.2729398,-18.644844,-1.6913937
371763.0,0,0,-0.31623268,-0.30073434,-0.11521334,0.89234614,0.27503204,-18.63882,-1.6971487
371764.0,0,0,-0.32542527,-0.2885889,-0.112063065,0.8934521,0.27705705,-18.632795,-1.7029006
371765.0,0,0,-0.33406058,-0.27442855,-0.10637777,0.89541954,0.27929136,-18.626734,-1.7087985
371766.0,0,0,-0.34245035,-0.257475,-0.100845166,0.89792246,0.28194848,-18.620718,-1.7150136
371767.0,0,0,-0.3507441,-0.23697203,-0.09492251,0.90100634,0.2849772,-18.614983,-1.7215171
371768.0,0,0,-0.35868835,-0.21509732,-0.08987244,0.90387976,0.28811765,-18.609747,-1.7281295
371769.0,0,0,-0.36569574,-0.19443478,-0.084756166,0.9062439,0.29108796,-18.60523,-1.7345405
371770.0,0,0,-0.37104666,-0.17644621,-0.080066495,0.9081743,0.29379103,-18.601591,-1.740522
371771.0,0,0,-0.37462467,-0.16097654,-0.07696452,0.90984577,0.2963259,-18.59883,-1.7460349
371772.0,0,0,-0.37676674,-0.1467264,-0.07476171,0.91155297,0.29883987,-18.596804,-1.7511717
371773.0,0,0,-0.3776962,-0.1332306,-0.07326254,0.9133608,0.30139983,-18.595352,-1.7560409
371774.0,0,0,-0.3777093,-0.12046543,-0.07260767,0.9151787,0.30392665,-18.594357,-1.760617
371775.0,0,0,-0.37718228,-0.108656965,-0.07282129,0.9168557,0.306336,-18.593693,-1.7649215
371776.0,0,0,-0.376501,-0.0978982,-0.07366074,0.91827947,0.308514,-18.593237,-1.7689255
371777.0,0,0,-0.37581506,-0.08820225,-0.07462333,0.91946447,0.31041002,-18.592861,-1.7726513
371778.0,0,0,-0.37528336,-0.07912957,-0.07556942,0.9204293,0.31206563,-18.592464,-1.7761753
371779.0,0,0,-0.3751484,-0.07032518,-0.076506965,0.92112154,0.3135237,-18.591948,-1.7795218
371780.0,0,0,-0.3763271,-0.06302926,-0.07713858,0.9211161,0.3147621,-18.591175,-1.7825485
371781.0,0,0,-0.37868124,-0.054651693,-0.074452676,0.92090744,0.31564015,-18.590183,-1.7851043
371782.0,0,0,-0.3808966,-0.04920405,-0.07178539,0.92051274,0.31602636,-18.58912,-1.7872436
371783.0,0,0,-0.38290104,-0.045973282,-0.06893077,0.9200662,0.3159653,-18.588037,-1.7890358
371784.0,0,0,-0.38484642,-0.043348316,-0.06418863,0.919725,0.31563687,-18.586988,-1.7905228
371785.0,0,0,-0.38648432,-0.041462082,-0.05910234,0.919466,0.3152249,-18.586073,-1.7917678
371786.0,0,0,-0.3874825,-0.040468983,-0.054994926,0.919345,0.31485292,-18.585344,-1.7928479
371787.0,0,0,-0.38811496,-0.03955003,-0.05153474,0.9193186,0.3145575,-18.584763,-1.7938141
371788.0,0,0,-0.3886486,-0.03836388,-0.048190825,0.9193248,0.31427807,-18.58424,-1.7946994
371789.0,0,0,-0.38912418,-0.03752146,-0.044825926,0.9193286,0.3139277,-18.583706,-1.7955297
371790.0,0,0,-0.38961145,-0.037133377,-0.041161098,0.91930944,0.31347597,-18.58313,-1.7963341
371791.0,0,0,-0.39011478,-0.03686623,-0.03722039,0.9192747,0.3129674,-18.58252,-1.7971268
371792.0,0,0,-0.3906061,-0.03646931,-0.033225212,0.91923505,0.31246838,-18.581915,-1.7979043
371793.0,0,0,-0.3910045,-0.035913624,-0.029566213,0.91921246,0.31202948,-18.581371,-1.7986387
371794.0,0,0,-0.39128378,-0.035254754,-0.026554301,0.9192111,0.31166446,-18.580929,-1.799304
371795.0,0,0,-0.39144504,-0.034587465,-0.024211034,0.9192325,0.31136185,-18.58059,-1.7998973
371796.0,0,0,-0.39153677,-0.033857375,-0.022354638,0.9192677,0.31110263,-18.580317,-1.8004425
371797.0,0,0,-0.39162156,-0.032920316,-0.020716226,0.9193039,0.31086788,-18.580069,-1.8009644
371798.0,0,0,-0.39171183,-0.03187707,-0.019121598,0.91933674,0.3106421,-18.579824,-1.8014718
371799.0,0,0,-0.39177352,-0.030852992,-0.0176525,0.9193748,0.31042078,-18.579592,-1.8019495
371800.0,0,1,-0.39183596,-0.029655099,-0.01587206,0.9194201,0.31020257,-18.579388,-1.802383
371801.0,0,1,-0.39186323,-0.028552586,-0.014361591,0.91946816,0.3099827,-18.579216,-1.802779
371802.0,0,1,-0.3918458,-0.02751645,-0.013409828,0.9195216,0.30975273,-18.579052,-1.8031572
371803.0,0,1,-0.39180982,-0.026557272,-0.012921302,0.9195721,0.30950335,-18.578869,-1.8035369
371804.0,0,1,-0.39175308,-0.025693676,-0.012371684,0.91962844,0.30923545,-18.578663,-1.8039204
371805.0,0,1,-0.39166537,-0.024924133,-0.011409014,0.9196993,0.3089569,-18.578451,-1.8042973
371806.0,0,1,-0.39153525,-0.024262436,-0.0101407105,0.91978735,0.30867666,-18.578253,-1.8046547
371807.0,0,1,-0.39136907,-0.02368018,-0.008947522,0.9198855,0.30839777,-18.578072,-1.8049898
371808.0,0,1,-0.39116856,-0.023128215,-0.008030522,0.91999334,0.30811596,-18.577898,-1.8053086
371809.0,0,1,-0.39094463,-0.022646643,-0.0073136077,0.9201065,0.307828,-18.57772,-1.8056173
371810.0,0,1,-0.39070556,-0.022234317,-0.006617929,0.9202233,0.3075369,-18.57754,-1.8059179
371811.0,0,1,-0.39046028,-0.021794137,-0.005880712,0.920343,0.307245,-18.577356,-1.8062074
371812.0,0,1,-0.390217,-0.02131241,-0.0051537426,0.92046183,0.30694962,-18.577179,-1.8064824
371813.0,0,1,-0.3899722,-0.020841543,-0.004473329,0.9205799,0.30664888,-18.577007,-1.8067415
371814.0,0,1,-0.3897334,-0.020412376,-0.003860899,0.92069346,0.30634326,-18.576843,-1.8069863
371815.0,0,1,-0.38949993,-0.020088436,-0.003330476,0.9208014,0.3060351,-18.576685,-1.8072202
371816.0,0,1,-0.3892807,-0.019833442,-0.0029403581,0.92090094,0.30572578,-18.576529,-1.8074464
371817.0,0,1,-0.38908234,-0.019599056,-0.0026839222,0.92099065,0.30541503,-18.576368,-1.8076665
371818.0,0,1,-0.38891596,-0.019301115,-0.00243359,0.92106783,0.30510035,-18.576206,-1.8078797
371819.0,1,1,-0.3887796,-0.018958008,-0.002160769,0.92113316,0.31042078,-18.579592,-1.8019495
371820.0,1,1,-0.38865817,-0.018619182,-0.0019052629,0.921192,0.31042078,-18.579592,-1.8019495
371821.0,1,1,-0.3885519,-0.018399877,-0.0017536049,0.92124146,0.31042078,-18.579592,-1.8019495
371822.0,1,1,-0.38846177,-0.018288484,-0.0016960253,0.9212818,0.31042078,-18.579592,-1.8019495
371823.0,1,1,-0.38837984,-0.018246561,-0.0017484003,0.9213171,0.31042078,-18.579592,-1.8019495
371824.0,1,1,-0.3882984,-0.018250886,-0.001864401,0.92135113,0.31042078,-18.579592,-1.8019495
371825.0,1,1,-0.38822114,-0.0182217,-0.0019446086,0.921384,0.31042078,-18.579592,-1.8019495
371826.0,1,1,-0.38814256,-0.018096939,-0.0019779569,0.9214195,0.31042078,-18.579592,-1.8019495
371827.0,1,1,-0.38804924,-0.017994467,-0.0019945598,0.9214608,0.31042078,-18.579592,-1.8019495
371828.0,1,1,-0.3879637,-0.017886369,-0.0019638466,0.921499,0.31042078,-18.579592,-1.8019495
371829.0,1,1,-0.38789153,-0.017743796,-0.0019202915,0.9215323,0.31042078,-18.579592,-1.8019495
371830.0,1,1,-0.38780943,-0.017628666,-0.0018948296,0.9215691,0.31042078,-18.579592,-1.8019495
371831.0,1,1,-0.387717,-0.017510263,-0.0018741774,0.9216103,0.31042078,-18.579592,-1.8019495
371832.0,1,1,-0.3876194,-0.017437395,-0.0018819855,0.92165273,0.31042078,-18.579592,-1.8019495
371833.0,1,1,-0.38751337,-0.01744467,-0.0019340732,0.92169696,0.31042078,-18.579592,-1.8019495
371834.0,1,1,-0.3874094,-0.017488327,-0.0019790516,0.92173976,0.31042078,-18.579592,-1.8019495
371835.0,1,1,-0.3872957,-0.01755389,-0.0019930648,0.92178625,0.31042078,-18.579592,-1.8019495
371836.0,1,1,-0.3871697,-0.017605195,-0.0020367368,0.92183816,0.31042078,-18.579592,-1.8019495
371837.0,1,1,-0.38703507,-0.017663976,-0.0020914224,0.9218935,0.31042078,-18.579592,-1.8019495
371838.0,1,1,-0.38687724,-0.017780147,-0.0021170587,0.92195743,0.31042078,-18.579592,-1.8019495
371839.0,1,1,-0.38667902,-0.017940007,-0.0021079083,0.9220374,0.31042078,-18.579592,-1.8019495
371840.0,1,1,-0.38645554,-0.018061284,-0.002080915,0.92212886,0.31042078,-18.579592,-1.8019495
371841.0,1,1,-0.38622224,-0.018144205,-0.002112413,0.92222494,0.31042078,-18.579592,-1.8019495
371842.0,1,1,-0.3860077,-0.01820168,-0.0021681774,0.9223134,0.31042078,-18.579592,-1.8019495
371843.0,1,1,-0.38582405,-0.018198188,-0.00207146,0.9223906,0.31042078,-18.579592,-1.8019495
371844.0,1,1,-0.3855979,-0.018101517,-0.0017686319,0.92248774,0.31042078,-18.579592,-1.8019495
371845.0,1,1,-0.38534653,-0.0178532,-0.0013522983,0.9225982,0.31042078,-18.579592,-1.8019495
371846.0,1,1,-0.38508722,-0.017444547,-0.00083440694,0.9227149,0.31042078,-18.579592,-1.8019495
371847.0,1,1,-0.38483256,-0.016939983,-0.00016369772,0.9228309,0.31042078,-18.579592,-1.8019495
371848.0,1,1,-0.38455805,-0.01639773,0.00069588673,0.922955,0.31042078,-18.579592,-1.8019495
371849.0,1,1,-0.38426572,-0.0157761,0.0016826916,0.9230863,0.31042078,-18.579592,-1.8019495
371850.0,1,1,-0.38396427,-0.015041547,0.0027199509,0.9232214,0.31042078,-18.579592,-1.8019495
371851.0,1,1,-0.3836583,-0.0142180165,0.0038477287,0.9233576,0.31042078,-18.579592,-1.8019495
371852.0,1,1,-0.38335595,-0.0132445665,0.0051208413,0.92349154,0.31042078,-18.579592,-1.8019495
371853.0,1,1,-0.38305312,-0.012128433,0.0065843444,0.9236232,0.31042078,-18.579592,-1.8019495
371854.0,1,1,-0.382748,-0.010958848,0.008161022,0.9237517,0.31042078,-18.579592,-1.8019495
371855.0,1,1,-0.3824736,-0.009776257,0.009746159,0.92386335,0.31042078,-18.579592,-1.8019495
371856.0,1,1,-0.382214,-0.008584189,0.011212731,0.9239659,0.31042078,-18.579592,-1.8019495
371857.0,1,1,-0.38196534,-0.0073450636,0.012493397,0.924063,0.31042078,-18.579592,-1.8019495
371858.0,1,1,-0.38175383,-0.00599933,0.013649148,0.92414385,0.31042078,-18.579592,-1.8019495
371859.0,1,1,-0.38157177,-0.004547496,0.014778485,0.92420983,0.31042078,-18.579592,-1.8019495
371860.0,1,1,-0.38141388,-0.0029237207,0.01585364,0.92426383,0.31042078,-18.579592,-1.8019495
371861.0,1,1,-0.38123873,-0.0014686474,0.016760508,0.9243236,0.31042078,-18.579592,-1.8019495
371862.0,1,1,-0.38108867,-0.00016997104,0.017516613,0.9243726,0.31042078,-18.579592,-1.8019495
371863.0,1,1,-0.38093975,0.0010817874,0.01817827,0.92442054,0.31042078,-18.579592,-1.8019495
371864.0,1,1,-0.38078478,0.0024047878,0.018823339,0.924469,0.31042078,-18.579592,-1.8019495
371865.0,1,1,-0.38063207,0.00385433,0.019452272,0.92451394,0.31042078,-18.579592,-1.8019495
371866.0,1,1,-0.3804773,0.0054100566,0.02002532,0.9245577,0.31042078,-18.579592,-1.8019495
371867.0,1,1,-0.38032317,0.006942635,0.020498365,0.9246005,0.31042078,-18.579592,-1.8019495
371868.0,1,1,-0.3801706,0.008438823,0.020832203,0.92464334,0.31042078,-18.579592,-1.8019495
371869.0,1,1,-0.38002262,0.009821622,0.021097966,0.9246844,0.31042078,-18.579592,-1.8019495
371870.0,1,1,-0.37989497,0.011153653,0.02136914,0.9247155,0.31042078,-18.579592,-1.8019495
371871.0,1,1,-0.3797909,0.012570097,0.021672728,0.924733,0.31042078,-18.579592,-1.8019495
371872.0,1,1,-0.37969524,0.014094356,0.02202557,0.92474204,0.31042078,-18.579592,-1.8019495
371873.0,1,1,-0.379605,0.015681254,0.02237306,0.9247452,0.31042078,-18.579592,-1.8019495
371874.0,1,1,-0.3795151,0.017309034,0.022671558,0.92474574,0.31042078,-18.579592,-1.8019495
371875.0,1,1,-0.37941647,0.018986799,0.022955412,0.92474633,0.31042078,-18.579592,-1.8019495
371876.0,1,1,-0.37929857,0.020763917,0.023248622,0.92474914,0.31042078,-18.579592,-1.8019495
371877.0,1,1,-0.379168,0.022594336,0.023511725,0.9247532,0.31042078,-18.579592,-1.8019495
371878.0,1,1,-0.37906545,0.024436193,0.023818955,0.9247405,0.31042078,-18.579592,-1.8019495
371879.0,1,1,-0.3789794,0.02636394,0.024130289,0.92471474,0.31042078,-18.579592,-1.8019495
371880.0,1,1,-0.37890586,0.028446704,0.024518125,0.92467296,0.31042078,-18.579592,-1.8019495
371881.0,1,1,-0.37884197,0.030689562,0.024915427,0.92461675,0.31042078,-18.579592,-1.8019495
371882.0,1,1,-0.3787924,0.03309328,0.025281372,0.9245442,0.31042078,-18.579592,-1.8019495
371883.0,1,1,-0.3787166,0.03554216,0.02560131,0.92447567,0.31042078,-18.579592,-1.8019495
371884.0,0,0,-0.37859395,0.038828872,0.02579943,0.9243881,0.3104519,-18.579582,-1.8019283
371885.0,0,0,-0.37846783,0.04260664,0.026112108,0.9242645,0.31051892,-18.579557,-1.8018941
371886.0,0,0,-0.37832913,0.046615064,0.026509974,0.9241165,0.3106272,-18.5795,-1.8018569
371887.0,0,0,-0.37812817,0.050920606,0.027023753,0.92395663,0.31081626,-18.579367,-1.8018316
371888.0,0,0,-0.37787932,0.056322195,0.027942449,0.9237177,0.3111803,-18.579077,-1.8018423
371889.0,0,0,-0.3776265,0.06385097,0.029574879,0.92328036,0.31182066,-18.578552,-1.8019135
371890.0,0,0,-0.37736407,0.07406408,0.032054108,0.9225418,0.3127909,-18.577755,-1.802061
371891.0,0,0,-0.37726897,0.08967401,0.03638977,0.92103344,0.31394792,-18.576788,-1.8021395
371892.0,0,0,-0.37693188,0.10625596,0.04089681,0.9192168,0.31534252,-18.575546,-1.8020592
371893.0,0,0,-0.37632188,0.12788256,0.04710096,0.9164111,0.31703573,-18.574074,-1.8017644
371894.0,0,0,-0.375659,0.15258563,0.05393698,0.9125178,0.3189598,-18.57259,-1.8012347
371895.0,0,0,-0.37276462,0.17484333,0.05640841,0.9095573,0.32119793,-18.570894,-1.8004929
371896.0,0,0,-0.36978638,0.20207033,0.06285054,0.90469635,0.32391754,-18.568624,-1.7996069
371897.0,0,0,-0.36694643,0.23335372,0.07297073,0.89753646,0.32706955,-18.565771,-1.7987387
371898.0,0,0,-0.36199957,0.26555666,0.08208025,0.8897746,0.33046547,-18.56249,-1.7980086
371899.0,0,0,-0.35577956,0.29854938,0.09302856,0.8807013,0.3340418,-18.558834,-1.7974591
371900.0,0,0,-0.34949094,0.33158007,0.105695836,0.8699076,0.33774325,-18.554815,-1.7970563
371901.0,0,0,-0.34374833,0.361794,0.11743914,0.8585745,0.34143525,-18.550413,-1.7963619
371902.0,0,0,-0.34059194,0.38419053,0.12639044,0.8487756,0.34504643,-18.54553,-1.7945205
371903.0,0,0,-0.33990085,0.39378113,0.13123141,0.84390885,0.3486926,-18.539953,-1.7911057
371904.0,0,0,-0.34098884,0.3953671,0.13353793,0.84236515,0.35261455,-18.533497,-1.7866668
371905.0,0,0,-0.3432049,0.39540747,0.13500826,0.8412111,0.35701928,-18.526138,-1.7820697
371906.0,0,0,-0.34579003,0.3956375,0.13603726,0.8398774,0.36191967,-18.51803,-1.7777642
371907.0,0,0,-0.34870073,0.39468983,0.13684891,0.8389876,0.36724108,-18.509306,-1.7737719
371908.0,0,0,-0.35173893,0.39288685,0.1378789,0.83839667,0.37277925,-18.500284,-1.7701483
371909.0,0,0,-0.35458735,0.39119822,0.13922544,0.8377637,0.37860587,-18.490866,-1.7668712
371910.0,0,0,-0.35715118,0.3897179,0.14088918,0.8370862,0.38467896,-18.481142,-1.7640052
371911.0,0,0,-0.35949025,0.38802028,0.14271384,0.8365643,0.390995,-18.471127,-1.7615379
371912.0,0,0,-0.36159188,0.38600495,0.14452882,0.83627915,0.3975809,-18.460777,-1.7594157
371913.0,0,0,-0.36351314,0.38353866,0.14626773,0.83627874,0.40440705,-18.450127,-1.7575984
371914.0,0,0,-0.36536753,0.38041782,0.14792302,0.8366048,0.41151547,-18.439089,-1.7560334
371915.0,0,0,-0.36723894,0.3764836,0.14944153,0.837295,0.41886377,-18.427706,-1.754692
371916.0,0,0,-0.36925146,0.37162712,0.15086761,0.8383231,0.42647898,-18.41591,-1.7535307
371917.0,0,0,-0.37148654,0.3657247,0.15219986,0.8396895,0.43431136,-18.403744,-1.7525179
371918.0,0,0,-0.3739346,0.3586861,0.15337965,0.8414225,0.44233224,-18.391209,-1.7516263
371919.0,0,0,-0.37660164,0.350561,0.15439272,0.84346974,0.45052457,-18.37829,-1.7508433
371920.0,0,0,-0.37946776,0.34151235,0.15515392,0.8457547,0.45883408,-18.365028,-1.7501795
371921.0,0,0,-0.38250747,0.33180508,0.15555581,0.84817207,0.46723303,-18.351423,-1.7496593
371922.0,0,0,-0.38572714,0.32171786,0.1555776,0.8505926,0.4757014,-18.337456,-1.749307
371923.0,0,0,-0.38915855,0.31145886,0.15520185,0.85291344,0.48419958,-18.323141,-1.7491355
371924.0,0,0,-0.39285517,0.3011149,0.15437725,0.85508037,0.4926909,-18.308487,-1.7491441
371925.0,0,0,-0.39685142,0.2907555,0.15309228,0.85704905,0.50114065,-18.293509,-1.7493275
371926.0,0,0,-0.4011745,0.28045666,0.15137419,0.85877174,0.5095429,-18.278181,-1.74968
371927.0,0,0,-0.4058243,0.27030975,0.14925092,0.86021125,0.51787066,-18.262537,-1.7501898
371928.0,0,0,-0.4108323,0.2602681,0.14674957,0.8613605,0.52615386,-18.24651,-1.7508408
371929.0,0,0,-0.41616026,0.25032473,0.14393634,0.86222416,0.5343021,-18.230274,-1.7516012
371930.0,0,0,-0.42182195,0.24033162,0.14083236,0.8628286,0.54237175,-18.213717,-1.7524526
371931.0,0,0,-0.42777345,0.2302181,0.137479,0.863197,0.55036235,-18.19684,-1.7533772
371932.0,0,0,-0.43392777,0.22002928,0.13392909,0.86334044,0.55823004,-18.179752,-1.7543588
371933.0,0,0,-0.44022146,0.20977601,0.1301791,0.86328006,0.5660012,-18.162424,-1.7553936
371934.0,0,0,-0.44656554,0.19952472,0.12622055,0.86303973,0.5736803,-18.144882,-1.7564744
371935.0,0,0,-0.45289102,0.18929677,0.12206523,0.8626451,0.58128965,-18.127108,-1.7575917
371936.0,0,0,-0.45911345,0.17916165,0.117760904,0.86211854,0.588815,-18.109161,-1.7587242
371937.0,0,0,-0.4652101,0.16906714,0.11329552,0.86148703,0.5962722,-18.091019,-1.7598488
371938.0,0,0,-0.471171,0.15893249,0.10867663,0.86077166,0.6036627,-18.072676,-1.7609367
371939.0,0,0,-0.47701132,0.14866382,0.103932045,0.8599752,0.61099064,-18.054104,-1.7619582
371940.0,0,0,-0.4827055,0.13824011,0.099133044,0.85910296,0.6182122,-18.035395,-1.7628788
371941.0,0,0,-0.48828644,0.12757897,0.094305314,0.85814124,0.6253525,-18.016457,-1.7636749
371942.0,0,0,-0.4937603,0.116661355,0.08946476,0.8570805,0.6323801,-17.997353,-1.7643161
371943.0,0,0,-0.49914417,0.105336204,0.084521316,0.8559296,0.6392998,-17.978046,-1.7647762
371944.0,0,0,-0.5043844,0.09355196,0.0794074,0.8547157,0.6460683,-17.958635,-1.7650346
371945.0,0,0,-0.50946605,0.08130777,0.074090414,0.85343075,0.65267855,-17.939117,-1.7650863
371946.0,0,0,-0.5143786,0.06863749,0.0685531,0.85205877,0.6591385,-17.919445,-1.7649373
371947.0,0,0,-0.5190755,0.05575687,0.06273655,0.8505974,0.66540647,-17.899729,-1.7646017
371948.0,0,0,-0.5235839,0.042820036,0.05652607,0.84901786,0.6714853,-17.879938,-1.7640927
371949.0,0,0,-0.52795434,0.029885199,0.049839597,0.8472822,0.6773914,-17.859968,-1.7634168
371950.0,0,0,-0.53217196,0.017212242,0.042790897,0.845379,0.68302727,-17.840105,-1.7625949
371951.0,0,0,-0.536344,0.0047219903,0.035309598,0.8432474,0.68844765,-17.820099,-1.761623
371952.0,0,0,-0.5404904,-0.007535967,0.027428932,0.84086925,0.69360995,-17.800049,-1.7605073
371953.0,0,0,-0.5446458,-0.01960074,0.019185666,0.83821756,0.6984931,-17.779993,-1.7592522
371954.0,0,0,-0.5488427,-0.03148806,0.01063501,0.8352646,0.70309937,-17.759907,-1.757862
371955.0,0,0,-0.553054,-0.043141138,0.001836261,0.83202577,0.7074273,-17.739819,-1.756348
371956.0,0,0,-0.5572564,-0.05444258,-0.007160416,0.8285228,0.7114831,-17.719759,-1.7547204
371957.0,0,0,-0.561425,-0.06530744,-0.016309358,0.8247855,0.715284,-17.699732,-1.7529786
371958.0,0,0,-0.5655382,-0.07576588,-0.025662333,0.8208334,0.7188526,-17.6797,-1.751107
371959.0,0,0,-0.56951576,-0.08588528,-0.035227615,0.8167218,0.722184,-17.659784,-1.7490976
371960.0,0,0,-0.5733078,-0.09573951,-0.045001816,0.81248206,0.72529787,-17.639967,-1.7469261
371961.0,0,0,-0.5768837,-0.10535984,-0.055001758,0.80813324,0.72822374,-17.620167,-1.7445556
371962.0,0,0,-0.5801733,-0.114679,-0.06513585,0.8037444,0.73094594,-17.600603,-1.7419838
371963.0,0,0,-0.5831664,-0.1238473,-0.07549017,0.79929966,0.73348594,-17.58118,-1.7391686
371964.0,0,0,-0.5858444,-0.13301413,-0.086098015,0.7947835,0.7358415,-17.561913,-1.7360841
371965.0,0,0,-0.58819526,-0.1422075,-0.096880965,0.7902008,0.7379949,-17.542915,-1.7327316
371966.0,0,0,-0.5902562,-0.15145467,-0.10783465,0.78551316,0.739949,-17.524113,-1.7290846
371967.0,0,0,-0.59205556,-0.16071182,-0.1188449,0.7807162,0.7416854,-17.505627,-1.7251583
371968.0,0,0,-0.59363467,-0.17006838,-0.12995934,0.7757482,0.74320173,-17.48744,-1.7209456
371969.0,0,0,-0.59500045,-0.17954801,-0.14121601,0.7705809,0.7444996,-17.469635,-1.716473
371970.0,0,0,-0.5961319,-0.18912876,-0.15272936,0.76519984,0.74560153,-17.452236,-1.7117721
371971.0,0,0,-0.5969872,-0.19870868,-0.16457109,0.7596299,0.74653536,-17.435328,-1.7069111
371972.0,0,0,-0.59758466,-0.20815594,-0.17668788,0.75388664,0.7473347,-17.41885,-1.7019316
371973.0,0,0,-0.59797853,-0.21725516,-0.18885513,0.7480345,0.7480188,-17.402847,-1.6969086
371974.0,0,0,-0.59820104,-0.22592133,-0.20083028,0.7421471,0.748598,-17.387333,-1.6919063
371975.0,0,0,-0.5983033,-0.23413722,-0.21241622,0.7362692,0.7490778,-17.372286,-1.6869714
371976.0,0,0,-0.59831905,-0.24189714,-0.22348315,0.73044884,0.74946135,-17.35771,-1.6821536
371977.0,0,0,-0.598278,-0.2491924,-0.23397633,0.72472185,0.74975395,-17.343609,-1.6774962
371978.0,0,0,-0.5982162,-0.25595173,-0.24383548,0.7191456,0.7499627,-17.330019,-1.6730466
371979.0,0,0,-0.59811544,-0.26221192,-0.2530678,0.7137643,0.7500924,-17.31692,-1.6688324
371980.0,0,0,-0.59788716,-0.2680623,-0.26165673,0.7086673,0.750144,-17.304377,-1.6649148
371981.0,0,0,-0.59745264,-0.27351964,-0.26961213,0.7039509,0.75012434,-17.292364,-1.661338
371982.0,0,0,-0.5967543,-0.27846625,-0.27702686,0.6997121,0.75005215,-17.280874,-1.6581621
371983.0,0,0,-0.59575593,-0.28268677,-0.28402707,0.6960545,0.74995786,-17.269957,-1.6554623
371984.0,0,0,-0.59446275,-0.28597838,-0.29079536,0.6930141,0.7498711,-17.259525,-1.6532764
371985.0,0,0,-0.5929232,-0.28817704,-0.29742208,0.6906057,0.7498079,-17.249645,-1.6516612
371986.0,0,0,-0.5912053,-0.28935304,-0.30395526,0.68873966,0.7497568,-17.24026,-1.6506386
371987.0,0,0,-0.589378,-0.28975394,-0.31023678,0.6873351,0.74967825,-17.231398,-1.6502295
371988.0,0,0,-0.5875619,-0.28963718,-0.3159352,0.68634266,0.7495162,-17.223045,-1.6504371
371989.0,0,0,-0.5859548,-0.28920332,-0.3206237,0.68572515,0.74921703,-17.215189,-1.6512582
371990.0,0,0,-0.58472264,-0.28855896,-0.3240671,0.68542963,0.74874204,-17.207779,-1.6526935
371991.0,0,0,-0.5839988,-0.28769088,-0.32614642,0.6854253,0.7480741,-17.200783,-1.6547415
371992.0,0,0,-0.5838611,-0.28652647,-0.326851,0.6856947,0.74721503,-17.194193,-1.6573926
371993.0,0,0,-0.5842979,-0.28498566,-0.32635778,0.6861995,0.7461757,-17.18801,-1.6606346
371994.0,0,0,-0.5852474,-0.28301522,-0.3249851,0.686857,0.7449706,-17.182255,-1.6644384
371995.0,0,0,-0.5866625,-0.28053734,-0.32295176,0.687625,0.7436032,-17.17693,-1.668781
371996.0,0,0,-0.58853334,-0.2774925,-0.32038227,0.6884633,0.74207467,-17.172056,-1.6736121
371997.0,0,0,-0.5908259,-0.27393672,-0.31738785,0.6893101,0.7403734,-17.167648,-1.6788882
371998.0,0,0,-0.5934304,-0.26995113,-0.31414077,0.69013214,0.73845994,-17.163681,-1.6845306
371999.0,0,0,-0.59760267,-0.26448774,-0.3091891,0.6908831,0.73638946,-17.159771,-1.6903254
372000.0,0,0,-0.6046603,-0.25583854,-0.30185854,0.69124097,0.7342983,-17.155375,-1.6958816
372001.0,0,0,-0.6127771,-0.24447551,-0.29313496,0.6919595,0.7322323,-17.150612,-1.7010134
372002.0,0,0,-0.6197324,-0.23537667,-0.2868213,0.6915658,0.7301058,-17.145952,-1.7060077
372003.0,0,0,-0.6247586,-0.22911969,-0.28288096,0.6907672,0.7277692,-17.141443,-1.7111266
372004.0,0,0,-0.63034254,-0.22294906,-0.27397427,0.6913032,0.72516924,-17.136778,-1.7164904
372005.0,0,0,-0.63610643,-0.21596964,-0.26028463,0.6935256,0.72248095,-17.131678,-1.7222369
372006.0,0,0,-0.6423511,-0.20566508,-0.24460633,0.69660217,0.72003114,-17.1262,-1.7283322
372007.0,0,0,-0.6492353,-0.1919144,-0.22887246,0.69948536,0.7179902,-17.120712,-1.7345996
372008.0,0,0,-0.6559487,-0.17752741,-0.21519533,0.70136034,0.7163055,-17.115677,-1.7407522
372009.0,0,0,-0.6618096,-0.16458748,-0.20254819,0.70277536,0.7148791,-17.111359,-1.7465327
372010.0,0,0,-0.66664374,-0.15311255,-0.19085045,0.7040731,0.71371394,-17.107813,-1.75181
372011.0,0,0,-0.67044145,-0.1427775,-0.18069966,0.7053159,0.7128596,-17.104954,-1.7566261
372012.0,0,0,-0.6732847,-0.13346994,-0.17208812,0.7065828,0.712339,-17.102654,-1.7610761
372013.0,0,0,-0.6752785,-0.124860376,-0.1647655,0.70799804,0.7121197,-17.10081,-1.7652123
372014.0,0,0,-0.6766462,-0.11680414,-0.15857902,0.70947826,0.71210736,-17.099329,-1.7690749
372015.0,0,0,-0.67759866,-0.10948481,-0.1532499,0.7109062,0.7121772,-17.098158,-1.7726537
372016.0,0,0,-0.6783344,-0.103026636,-0.1485151,0.7121736,0.71221805,-17.097242,-1.7759745
372017.0,0,0,-0.67906815,-0.09716954,-0.14432797,0.7131578,0.7121571,-17.096516,-1.7791128
372018.0,0,0,-0.6799218,-0.09163694,-0.14038919,0.7138626,0.71196276,-17.095913,-1.7821592
372019.0,0,0,-0.68091536,-0.086321,-0.13655947,0.7143211,0.7116372,-17.095377,-1.7851832
372020.0,0,0,-0.6820543,-0.08104061,-0.1326583,0.71458817,0.7111977,-17.094858,-1.7882404
372021.0,0,0,-0.683292,-0.07574127,-0.12841451,0.7147623,0.7106635,-17.094326,-1.791354
372022.0,0,0,-0.6845579,-0.07044785,-0.12368468,0.71492636,0.71004945,-17.093775,-1.7945415
372023.0,0,0,-0.6858207,-0.06517428,-0.118494205,0.71509534,0.70937437,-17.093227,-1.7977809
372024.0,0,0,-0.6870522,-0.060194757,-0.113144726,0.7152162,0.7086123,-17.092684,-1.8010204
372025.0,0,0,-0.68880284,-0.056495514,-0.10787168,0.71464866,0.7076429,-17.092102,-1.8041011
372026.0,0,0,-0.6913124,-0.05315276,-0.099496074,0.71369636,0.7063477,-17.091566,-1.8068993
372027.0,0,0,-0.69385314,-0.051829204,-0.09102514,0.71245784,0.7046976,-17.091251,-1.8094583
372028.0,0,0,-0.69629693,-0.05242992,-0.08310406,0.7109962,0.70276684,-17.091162,-1.8118477
372029.0,0,0,-0.69870055,-0.05361617,-0.074163504,0.70953697,0.70075494,-17.091185,-1.8140904
372030.0,0,0,-0.70085514,-0.054612856,-0.064816356,0.7082503,0.69891435,-17.091269,-1.8161699
372031.0,0,0,-0.70244116,-0.05532775,-0.056905065,0.70730275,0.69742435,-17.091436,-1.8180598
372032.0,0,0,-0.7034415,-0.055423163,-0.05096016,0.70675415,0.6963018,-17.091692,-1.8197278
372033.0,0,0,-0.7041583,-0.054581087,-0.045733437,0.70646334,0.69546956,-17.092033,-1.8211553
372034.0,0,0,-0.70436335,-0.05259704,-0.042047124,0.7066384,0.69481677,-17.092491,-1.8223567
372035.0,0,0,-0.7045667,-0.051209833,-0.038958903,0.7067146,0.6941882,-17.093092,-1.8234185
372036.0,0,0,-0.7046946,-0.050493475,-0.03620007,0.70678526,0.69352084,-17.093779,-1.8244073
372037.0,0,0,-0.7048486,-0.04953231,-0.03359077,0.7068287,0.6928377,-17.09448,-1.8253723
372038.0,0,0,-0.7049698,-0.048219208,-0.030945597,0.7069193,0.6921926,-17.095173,-1.8263215
372039.0,0,0,-0.7050477,-0.04657142,-0.028785335,0.7070433,0.69160634,-17.095886,-1.827237
372040.0,0,0,-0.7050708,-0.045113098,-0.027160758,0.7071791,0.69104993,-17.096655,-1.8281089
372041.0,0,0,-0.7050533,-0.044011705,-0.025778446,0.7073177,0.69048935,-17.097477,-1.8289421
372042.0,0,0,-0.7050071,-0.043093245,-0.024500685,0.70746565,0.6899116,-17.098337,-1.8297551
372043.0,0,0,-0.704934,-0.042255152,-0.023298569,0.7076298,0.6893271,-17.099213,-1.8305547
372044.0,0,0,-0.70485765,-0.041456614,-0.022127569,0.70779055,0.6887346,-17.100098,-1.8313444
372045.0,0,0,-0.7047965,-0.04072613,-0.020875819,0.7079318,0.6881324,-17.100998,-1.8321143
372046.0,0,0,-0.70470756,-0.040164955,-0.019721553,0.7080855,0.68752545,-17.101925,-1.8328526
372047.0,0,0,-0.70457643,-0.039742693,-0.018752145,0.7082662,0.68691224,-17.102886,-1.8335638
372048.0,0,0,-0.7044218,-0.039401144,-0.01787624,0.70846164,0.686296,-17.10387,-1.834255
372049.0,0,1,-0.70429516,-0.038804,-0.016862396,0.7086454,0.6856764,-17.104866,-1.8349333
372050.0,0,1,-0.7041788,-0.03825017,-0.015914097,0.70881295,0.68505216,-17.105873,-1.8356011
372051.0,0,1,-0.704065,-0.037707288,-0.014990442,0.7089753,0.68442523,-17.106894,-1.8362558
372052.0,0,1,-0.70396274,-0.037148103,-0.014114342,0.7091243,0.68379694,-17.107933,-1.836894
372053.0,0,1,-0.7038858,-0.036594152,-0.01336857,0.70924383,0.68316734,-17.10899,-1.8375133
372054.0,0,1,-0.7038516,-0.036077373,-0.012782296,0.7093151,0.68253374,-17.110062,-1.8381166
372055.0,0,1,-0.7038556,-0.0356137,-0.0123560205,0.7093421,0.6818948,-17.111143,-1.8387101
372056.0,0,1,-0.70387155,-0.035133727,-0.012068744,0.70935524,0.6812494,-17.112228,-1.839299
372057.0,0,1,-0.70388216,-0.03459367,-0.011852685,0.709375,0.6805947,-17.113317,-1.8398856
372058.0,0,1,-0.70388097,-0.034056373,-0.011697592,0.70940465,0.67992914,-17.11441,-1.840469
372059.0,0,1,-0.70387304,-0.033629116,-0.011432131,0.70943725,0.67925406,-17.115513,-1.8410493
372060.0,0,1,-0.70384455,-0.033246044,-0.0111907525,0.70948744,0.678571,-17.116623,-1.8416262
372061.0,0,1,-0.7037964,-0.03290805,-0.010928404,0.70955503,0.6778805,-17.117737,-1.8421994
372062.0,0,1,-0.70373994,-0.032617178,-0.0106555205,0.7096286,0.67718,-17.118856,-1.8427714
372063.0,0,1,-0.7036689,-0.032384377,-0.010354895,0.7097141,0.67647076,-17.119978,-1.8433412
372064.0,0,1,-0.70357114,-0.032227613,-0.00997803,0.70982367,0.6757535,-17.121098,-1.84391
372065.0,0,1,-0.70343673,-0.03212201,-0.009522008,0.709968,0.6750284,-17.122213,-1.8444798
372066.0,0,1,-0.7032496,-0.0320836,-0.009086846,0.7101606,0.67429525,-17.123314,-1.8450525
372067.0,0,1,-0.7030284,-0.032052204,-0.008562133,0.71038747,0.6735551,-17.12439,-1.8456311
372068.0,1,1,-0.70281017,-0.031793553,-0.0077054524,0.710625,0.686296,-17.10387,-1.834255
372069.0,1,1,-0.7025961,-0.031179262,-0.0064931097,0.71087575,0.686296,-17.10387,-1.834255
372070.0,1,1,-0.70237774,-0.03038034,-0.0051398124,0.7111372,0.686296,-17.10387,-1.834255
372071.0,1,1,-0.70215505,-0.029612845,-0.003845363,0.7113976,0.686296,-17.10387,-1.834255
372072.0,1,1,-0.701935,-0.028910713,-0.002637071,0.71164924,0.686296,-17.10387,-1.834255
372073.0,1,1,-0.7017181,-0.028183414,-0.0014554848,0.7118956,0.686296,-17.10387,-1.834255
372074.0,1,1,-0.70151067,-0.027363764,-0.00023552017,0.7121334,0.686296,-17.10387,-1.834255
372075.0,1,1,-0.70132166,-0.02645836,0.001045805,0.712353,0.686296,-17.10387,-1.834255
372076.0,1,1,-0.70115054,-0.025525287,0.0023834996,0.7125523,0.686296,-17.10387,-1.834255
372077.0,1,1,-0.70099354,-0.024567442,0.0037521427,0.7127345,0.686296,-17.10387,-1.834255
372078.0,1,1,-0.700845,-0.02350475,0.005088564,0.712908,0.686296,-17.10387,-1.834255
372079.0,1,1,-0.7007053,-0.022394722,0.0063321656,0.7130712,0.686296,-17.10387,-1.834255
372080.0,1,1,-0.7005841,-0.02124448,0.0075135417,0.7132139,0.686296,-17.10387,-1.834255
372081.0,1,1,-0.7004668,-0.020075232,0.008646502,0.71335024,0.686296,-17.10387,-1.834255
372082.0,1,1,-0.7003518,-0.018857088,0.009776404,0.7134818,0.686296,-17.10387,-1.834255
372083.0,1,1,-0.70023876,-0.017522909,0.010937724,0.7136099,0.686296,-17.10387,-1.834255
372084.0,1,1,-0.7001308,-0.016091375,0.012063922,0.7137313,0.686296,-17.10387,-1.834255
372085.0,1,1,-0.70003897,-0.014629281,0.013143076,0.71383375,0.686296,-17.10387,-1.834255
372086.0,1,1,-0.6999599,-0.013225535,0.0141599635,0.71391934,0.686296,-17.10387,-1.834255
372087.0,1,1,-0.69988865,-0.011907462,0.015108498,0.71399295,0.686296,-17.10387,-1.834255
372088.0,1,1,-0.69983315,-0.01068104,0.015993694,0.71404743,0.686296,-17.10387,-1.834255
372089.0,1,1,-0.69978696,-0.009564273,0.016848614,0.7140889,0.686296,-17.10387,-1.834255
372090.0,1,1,-0.6997603,-0.008434718,0.01768824,0.7141088,0.686296,-17.10387,-1.834255
372091.0,1,1,-0.69974613,-0.007317214,0.01843844,0.71411616,0.686296,-17.10387,-1.834255
372092.0,1,1,-0.69973654,-0.0062628873,0.0190857,0.7141185,0.686296,-17.10387,-1.834255
372093.0,1,1,-0.6997249,-0.005211392,0.019670675,0.71412265,0.686296,-17.10387,-1.834255
372094.0,1,1,-0.6997127,-0.0041125356,0.02024387,0.7141257,0.686296,-17.10387,-1.834255
372095.0,1,1,-0.69970876,-0.0030197578,0.020815298,0.7141185,0.686296,-17.10387,-1.834255
372096.0,1,1,-0.69969785,-0.0020398814,0.021375142,0.71411616,0.686296,-17.10387,-1.834255
372097.0,1,1,-0.6996636,-0.0011354428,0.02194197,0.7141345,0.686296,-17.10387,-1.834255
372098.0,1,1,-0.6996124,-0.00020744621,0.022589916,0.71416545,0.686296,-17.10387,-1.834255
372099.0,1,1,-0.6995428,0.00073350855,0.023353875,0.71420854,0.686296,-17.10387,-1.834255
372100.0,1,1,-0.6994709,0.0017475168,0.02423415,0.714248,0.686296,-17.10387,-1.834255
372101.0,1,1,-0.6994097,0.002872342,0.02525919,0.71426874,0.686296,-17.10387,-1.834255
372102.0,1,1,-0.699357,0.004153058,0.026410652,0.7142724,0.686296,-17.10387,-1.834255
372103.0,1,1,-0.6993177,0.0054619485,0.027613953,0.7142565,0.686296,-17.10387,-1.834255
372104.0,1,1,-0.69932276,0.006813139,0.028879657,0.71418995,0.686296,-17.10387,-1.834255
372105.0,1,1,-0.69936377,0.008184428,0.030155176,0.71408266,0.686296,-17.10387,-1.834255
372106.0,1,1,-0.699437,0.009585374,0.031444307,0.71393794,0.686296,-17.10387,-1.834255
372107.0,1,1,-0.69952154,0.01106365,0.032767687,0.7137742,0.686296,-17.10387,-1.834255
372108.0,1,1,-0.69958824,0.012722809,0.034195032,0.7136142,0.686296,-17.10387,-1.834255
372109.0,1,1,-0.69962436,0.01454647,0.03568731,0.71347076,0.686296,-17.10387,-1.834255
372110.0,1,1,-0.6996323,0.016513638,0.037245695,0.7133406,0.686296,-17.10387,-1.834255
372111.0,1,1,-0.6996056,0.01847973,0.038688645,0.7132417,0.686296,-17.10387,-1.834255
372112.0,1,1,-0.69956636,0.020483712,0.040023543,0.7131518,0.686296,-17.10387,-1.834255
372113.0,1,1,-0.69953704,0.02252026,0.041298535,0.7130464,0.686296,-17.10387,-1.834255
372114.0,1,1,-0.69952196,0.024611188,0.042547747,0.71291876,0.686296,-17.10387,-1.834255
372115.0,1,1,-0.6995288,0.026743276,0.043862976,0.71275544,0.686296,-17.10387,-1.834255
372116.0,1,1,-0.6994942,0.028737323,0.04503341,0.71263874,0.686296,-17.10387,-1.834255
372117.0,0,0,-0.69932204,0.031798847,0.047030922,0.7125487,0.68630785,-17.103788,-1.8342552
372118.0,0,0,-0.6990015,0.035592817,0.04959216,0.71251017,0.6863366,-17.103586,-1.8342602
372119.0,0,0,-0.6985477,0.040153775,0.0527641,0.71248496,0.6863914,-17.103209,-1.8342776
372120.0,0,0,-0.6979575,0.046129312,0.056904856,0.71238273,0.68649375,-17.102573,-1.8343127
372121.0,0,0,-0.69739264,0.05438155,0.062661625,0.7118705,0.6866474,-17.10168,-1.8343395
372122.0,0,0,-0.6966795,0.0641719,0.06967382,0.71110153,0.6868302,-17.100618,-1.8343195
372123.0,0,0,-0.6954669,0.07483241,0.07687513,0.71050423,0.6870702,-17.099262,-1.8342379
372124.0,0,0,-0.69374335,0.08975601,0.08641104,0.70936394,0.68740535,-17.097301,-1.8340724
372125.0,0,0,-0.692157,0.1094474,0.10053348,0.70628095,0.68785596,-17.094828,-1.8337744
372126.0,0,0,-0.6901158,0.13033766,0.11497031,0.7025199,0.68846446,-17.092133,-1.8333
372127.0,0,0,-0.6860622,0.15157728,0.12573898,0.7003804,0.6892261,-17.08903,-1.8326483
372128.0,0,0,-0.6810704,0.17729661,0.14170496,0.6961528,0.6901062,-17.08514,-1.8318826
372129.0,0,0,-0.6752828,0.20562902,0.16050428,0.68989,0.6910677,-17.080484,-1.8311384
372130.0,0,0,-0.6679108,0.23545544,0.17927028,0.6828748,0.6920733,-17.075277,-1.8305658
372131.0,0,0,-0.65846515,0.26682365,0.19946459,0.67486507,0.69309366,-17.069551,-1.8302895
372132.0,0,0,-0.64686453,0.29879448,0.22135396,0.66580063,0.6940369,-17.06339,-1.830436
372133.0,0,0,-0.6334533,0.33057922,0.24563016,0.6550726,0.69478697,-17.05691,-1.8311039
372134.0,0,0,-0.6185117,0.36194882,0.27238855,0.64206,0.6954177,-17.050209,-1.8322355
372135.0,0,0,-0.60325176,0.3918543,0.29733273,0.62779844,0.69618356,-17.043297,-1.8331633
372136.0,0,0,-0.5897824,0.4150339,0.3137819,0.6176118,0.69714504,-17.035906,-1.8326616
372137.0,0,0,-0.5801471,0.42620277,0.32118943,0.6153195,0.6981314,-17.027412,-1.8301406
372138.0,0,0,-0.5753206,0.42802387,0.324245,0.61698216,0.69900346,-17.017418,-1.8262374
372139.0,0,0,-0.5726943,0.42637584,0.32472968,0.62030274,0.6997677,-17.006046,-1.8220942
372140.0,0,0,-0.5704102,0.42428002,0.3237118,0.62436324,0.70048857,-16.993467,-1.8182955
372141.0,0,0,-0.5692434,0.42081332,0.32198355,0.62865317,0.7011799,-16.980001,-1.8148664
372142.0,0,0,-0.5691917,0.41556168,0.31938198,0.63350177,0.7018303,-16.965887,-1.811681
372143.0,0,0,-0.5695449,0.40955427,0.3164149,0.6385653,0.7024306,-16.951303,-1.8087698
372144.0,0,0,-0.569878,0.40379488,0.3138335,0.643193,0.70299006,-16.936293,-1.8062335
372145.0,0,0,-0.5700223,0.3985452,0.31156093,0.6474304,0.7035187,-16.920954,-1.8041283
372146.0,0,0,-0.57011676,0.39345556,0.30934328,0.6515109,0.7040207,-16.9053,-1.8024151
372147.0,0,0,-0.5703333,0.38819724,0.30702472,0.6555598,0.70449394,-16.889326,-1.8010314
372148.0,0,0,-0.5707126,0.38265175,0.30449215,0.6596585,0.7049348,-16.873064,-1.7999374
372149.0,0,0,-0.5713126,0.3767908,0.30172622,0.6637709,0.7053439,-16.856483,-1.7991076
372150.0,0,0,-0.5721957,0.3705477,0.2986466,0.66790473,0.7057235,-16.839539,-1.7985187
372151.0,0,0,-0.57339376,0.36383712,0.29515558,0.6721052,0.70607275,-16.822289,-1.7981477
372152.0,0,0,-0.5749141,0.3565882,0.291268,0.67637384,0.7063937,-16.804691,-1.7979718
372153.0,0,0,-0.5767342,0.34886256,0.28699762,0.6806651,0.7066898,-16.786798,-1.7979718
372154.0,0,0,-0.5788424,0.3406588,0.28229767,0.6849825,0.70696604,-16.76855,-1.7981266
372155.0,0,0,-0.5812241,0.3319768,0.27715826,0.68931365,0.70722264,-16.750021,-1.7984148
372156.0,0,0,-0.58385336,0.32280242,0.27153373,0.69367385,0.70745826,-16.731169,-1.7988244
372157.0,0,0,-0.5866825,0.31320953,0.2654732,0.6980168,0.7076697,-16.712088,-1.7993506
372158.0,0,0,-0.5896723,0.3032414,0.2590416,0.70230246,0.70785725,-16.692715,-1.8000007
372159.0,0,0,-0.592767,0.29298484,0.2522963,0.7064941,0.7080233,-16.673061,-1.8007808
372160.0,0,0,-0.59586185,0.28264865,0.24535193,0.7105356,0.708171,-16.653378,-1.8016802
372161.0,0,0,-0.5989467,0.27217716,0.2381428,0.7144722,0.70830894,-16.63339,-1.8027064
372162.0,0,0,-0.60195756,0.26171008,0.2307358,0.7182729,0.70844394,-16.613241,-1.8038394
372163.0,0,0,-0.6048585,0.25125805,0.2230841,0.7219758,0.7085845,-16.592897,-1.8050605
372164.0,0,0,-0.6076387,0.24079719,0.21511592,0.725615,0.70873684,-16.572369,-1.806341
372165.0,0,0,-0.6103084,0.23026195,0.20675415,0.72921586,0.70890254,-16.551712,-1.8076482
372166.0,0,0,-0.61287165,0.21957444,0.19793965,0.73279965,0.70908046,-16.530928,-1.8089578
372167.0,0,0,-0.6153237,0.20870237,0.18867697,0.7363566,0.7092693,-16.509996,-1.8102541
372168.0,0,0,-0.6176655,0.1976578,0.17901608,0.7398473,0.70946723,-16.488926,-1.811526
372169.0,0,0,-0.61989576,0.1865294,0.16907918,0.74320143,0.7096717,-16.467808,-1.8127627
372170.0,0,0,-0.62201864,0.17533323,0.15889858,0.74639285,0.7098826,-16.446547,-1.8139672
372171.0,0,0,-0.62403655,0.16412024,0.14852886,0.74938786,0.7100994,-16.425175,-1.815135
372172.0,0,0,-0.6259429,0.15294443,0.13801897,0.7521664,0.71032274,-16.403727,-1.8162603
372173.0,0,0,-0.6277303,0.14187634,0.12740646,0.75471413,0.7105563,-16.382254,-1.8173344
372174.0,0,0,-0.62938255,0.13094436,0.116650805,0.7570494,0.71080744,-16.360685,-1.818348
372175.0,0,0,-0.63089705,0.120173246,0.10574731,0.75917375,0.7110817,-16.339045,-1.8192797
372176.0,0,0,-0.6322672,0.10952822,0.094713315,0.7610987,0.71138,-16.317411,-1.8201015
372177.0,0,0,-0.6335042,0.098891534,0.08348974,0.7628384,0.7117028,-16.29572,-1.8207896
372178.0,0,0,-0.63461196,0.0882104,0.07211035,0.76438653,0.7120477,-16.274046,-1.8213161
372179.0,0,0,-0.6355801,0.07742442,0.06057984,0.7657502,0.71241593,-16.252333,-1.8216571
372180.0,0,0,-0.6364108,0.06651497,0.048908114,0.76691926,0.7128101,-16.23054,-1.8217841
372181.0,0,0,-0.6371063,0.05553071,0.03717541,0.7678737,0.7132233,-16.20893,-1.8216718
372182.0,0,0,-0.63767725,0.044215556,0.02519687,0.7686207,0.71365356,-16.187288,-1.8213004
372183.0,0,0,-0.638123,0.032530166,0.013002802,0.769137,0.7140958,-16.165663,-1.8206648
372184.0,0,0,-0.6384169,0.020615455,0.0006935089,0.7694143,0.7145481,-16.14417,-1.8197786
372185.0,0,0,-0.6385361,0.0085211,-0.01175626,0.76945496,0.7150174,-16.12271,-1.8186512
372186.0,0,0,-0.63845724,-0.0035865118,-0.024245048,0.7692669,0.7155072,-16.10138,-1.8173012
372187.0,0,0,-0.6381636,-0.015628548,-0.036788385,0.7688625,0.71602404,-16.080124,-1.8157316
372188.0,0,0,-0.6376525,-0.027508097,-0.04934081,0.76825005,0.7165679,-16.059042,-1.813953
372189.0,0,0,-0.63690484,-0.039267924,-0.061971612,0.76744366,0.71714,-16.038067,-1.8119589
372190.0,0,0,-0.6359146,-0.05088598,-0.07463213,0.76645494,0.7177362,-16.017277,-1.8097559
372191.0,0,0,-0.6346858,-0.062375676,-0.08733558,0.7652815,0.718355,-15.996632,-1.8073385
372192.0,0,0,-0.63322926,-0.07367033,-0.100026175,0.7639295,0.7189909,-15.976225,-1.804718
372193.0,0,0,-0.6315542,-0.084812954,-0.11274105,0.7623881,0.71964157,-15.956012,-1.8018909
372194.0,0,0,-0.629671,-0.09577522,-0.12542018,0.76066506,0.72030145,-15.936039,-1.7988681
372195.0,0,0,-0.6276027,-0.10646889,-0.13798645,0.75877464,0.72096556,-15.916338,-1.7956582
372196.0,0,0,-0.6253904,-0.11681451,-0.1504663,0.7567041,0.7216305,-15.89686,-1.7922491
372197.0,0,0,-0.62309,-0.12673317,-0.16287684,0.7544326,0.72228676,-15.877684,-1.7886416
372198.0,0,0,-0.6207544,-0.13627319,-0.17533152,0.75189924,0.72292304,-15.858841,-1.7848251
372199.0,0,0,-0.61840856,-0.14552964,-0.18792878,0.7490493,0.72352654,-15.840351,-1.780785
372200.0,0,0,-0.6160805,-0.1545962,-0.20062904,0.7458503,0.7240838,-15.82228,-1.776521
372201.0,0,0,-0.6137908,-0.16357401,-0.2134091,0.7422674,0.72458386,-15.8046665,-1.7720356
372202.0,0,0,-0.61156994,-0.17248261,-0.22610071,0.73831606,0.7250141,-15.787668,-1.7673801
372203.0,0,0,-0.6094088,-0.18146202,-0.2386737,0.7339804,0.72536856,-15.771189,-1.7625544
372204.0,0,0,-0.60732794,-0.19052611,-0.25097382,0.7292905,0.7256378,-15.755291,-1.7576247
372205.0,0,0,-0.6053437,-0.19964817,-0.2628886,0.72428524,0.7258133,-15.74001,-1.752674
372206.0,0,0,-0.60345817,-0.20876361,-0.274278,0.71904635,0.72588795,-15.725382,-1.7478058
372207.0,0,0,-0.6016739,-0.2177785,-0.28500342,0.7136765,0.7258593,-15.711422,-1.7431339
372208.0,0,0,-0.59994346,-0.2265712,-0.29501212,0.70830864,0.7257337,-15.698085,-1.7387601
372209.0,0,0,-0.5982144,-0.23489502,-0.30420795,0.7031511,0.7255324,-15.685357,-1.7347999
372210.0,0,0,-0.5964469,-0.2424047,-0.31260028,0.6984069,0.72529656,-15.6732025,-1.731356
372211.0,0,0,-0.5945931,-0.24871407,-0.32036918,0.6942362,0.7250815,-15.661646,-1.7285367
372212.0,0,0,-0.5925877,-0.2535879,-0.32778174,0.69071853,0.7249312,-15.650664,-1.726424
372213.0,0,0,-0.59038734,-0.2569962,-0.33492973,0.68790835,0.7248596,-15.640242,-1.7250898
372214.0,0,0,-0.588071,-0.25900468,-0.3416399,0.6858361,0.72484607,-15.630432,-1.724592
372215.0,0,0,-0.585806,-0.25980288,-0.3476864,0.6844326,0.72483903,-15.621209,-1.7249631
372216.0,0,0,-0.5837919,-0.2597235,-0.35273188,0.68360144,0.7247657,-15.612571,-1.7262222
372217.0,0,0,-0.5822059,-0.25915098,-0.35634482,0.68329746,0.7245457,-15.604509,-1.72837
372218.0,0,0,-0.5812089,-0.2584038,-0.35810083,0.68351126,0.724113,-15.597023,-1.7313759
372219.0,0,0,-0.58095604,-0.2575912,-0.35770994,0.68423724,0.7234295,-15.590059,-1.7352179
372220.0,0,0,-0.5814804,-0.2567199,-0.3552378,0.6854062,0.7225014,-15.58366,-1.739822
372221.0,0,0,-0.582661,-0.25573435,-0.35106477,0.6869204,0.721353,-15.577818,-1.7451596
372222.0,0,0,-0.5843513,-0.2542527,-0.34553427,0.6888361,0.7200602,-15.5725765,-1.7511817
372223.0,0,0,-0.5865143,-0.24931969,-0.3365295,0.693245,0.7189465,-15.5675955,-1.7579257
372224.0,0,0,-0.5897233,-0.23859668,-0.32983816,0.69749904,0.71827507,-15.562386,-1.7649188
372225.0,0,0,-0.5942278,-0.22405095,-0.3259524,0.70032114,0.71778154,-15.556791,-1.7717319
372226.0,0,0,-0.59802145,-0.2130345,-0.32011148,0.70321786,0.7170519,-15.551226,-1.7781173
372227.0,0,0,-0.5997714,-0.20700331,-0.31234875,0.7070093,0.71577746,-15.545762,-1.7841119
372228.0,0,0,-0.6021716,-0.20133188,-0.2930701,0.71481806,0.7139365,-15.539742,-1.7902759
372229.0,0,0,-0.60682553,-0.19290923,-0.26908204,0.7225951,0.7119553,-15.5332,-1.7969207
372230.0,0,0,-0.61361706,-0.17888844,-0.24768598,0.7280966,0.7101906,-15.526539,-1.8040727
372231.0,0,0,-0.621611,-0.161945,-0.23128965,0.7306701,0.7086002,-15.520252,-1.8113792
372232.0,0,0,-0.6297622,-0.14693663,-0.21555927,0.73167175,0.706966,-15.514666,-1.8184061
372233.0,0,0,-0.6373083,-0.13492191,-0.19946177,0.73201716,0.70531714,-15.50985,-1.8250072
372234.0,0,0,-0.6436008,-0.123876035,-0.18506743,0.732245,0.70392674,-15.50568,-1.8313068
372235.0,0,0,-0.64864045,-0.112906255,-0.17209616,0.7327351,0.7030347,-15.502053,-1.8373963
372236.0,0,0,-0.6524817,-0.10245749,-0.15996468,0.7336085,0.7027012,-15.498925,-1.8433269
372237.0,0,0,-0.6550714,-0.09258274,-0.14979808,0.7347588,0.70285517,-15.496325,-1.849023
372238.0,0,0,-0.65679634,-0.08315542,-0.14162138,0.7359668,0.70332474,-15.494217,-1.8544351
372239.0,0,0,-0.6580683,-0.07447851,-0.13475297,0.7370487,0.7038884,-15.492517,-1.8595175
372240.0,0,0,-0.6592451,-0.06652763,-0.1285967,0.737857,0.7043514,-15.491122,-1.8642731
372241.0,0,0,-0.66059405,-0.05932036,-0.122870944,0.7382407,0.7046092,-15.489959,-1.8687419
372242.0,0,0,-0.66219723,-0.05291887,-0.11786416,0.7381074,0.7046216,-15.48894,-1.8729694
372243.0,0,0,-0.6646514,-0.047964845,-0.11323773,0.7369635,0.70433146,-15.487935,-1.8768879
372244.0,0,0,-0.6679926,-0.043108102,-0.10463,0.7355136,0.7037201,-15.487008,-1.8804126
372245.0,0,0,-0.67077076,-0.040844787,-0.09620873,0.73426294,0.7028678,-15.486375,-1.8835801
372246.0,0,0,-0.6729083,-0.040481124,-0.08942626,0.7331839,0.70192266,-15.486078,-1.8864495
372247.0,0,0,-0.6748222,-0.04057742,-0.08271982,0.73220617,0.70106375,-15.486041,-1.8890507
372248.0,0,0,-0.676362,-0.041038223,-0.07665109,0.7314198,0.7004217,-15.486205,-1.8914164
372249.0,0,0,-0.67725885,-0.04160453,-0.07244026,0.73098695,0.7000231,-15.486535,-1.8935854
372250.0,0,0,-0.6778519,-0.042079315,-0.069244936,0.73071975,0.6997855,-15.486989,-1.8956017
372251.0,0,0,-0.6783525,-0.042600203,-0.06631569,0.7304967,0.69958615,-15.487535,-1.8975033
372252.0,0,0,-0.67876637,-0.04337563,-0.06370609,0.7302988,0.69934636,-15.488154,-1.8993183
372253.0,0,0,-0.67914814,-0.04443158,-0.06120075,0.7300946,0.69907296,-15.488821,-1.9010769
372254.0,0,0,-0.67946696,-0.0453568,-0.058807336,0.72993773,0.69884485,-15.489501,-1.9027976
372255.0,0,0,-0.6796578,-0.04564118,-0.056725234,0.7299072,0.69874334,-15.4901905,-1.904478
372256.0,0,0,-0.6797605,-0.045534678,-0.055222403,0.7299334,0.698783,-15.490919,-1.9061114
372257.0,0,0,-0.67980355,-0.045360245,-0.05430348,0.7299731,0.6989065,-15.491687,-1.9076886
372258.0,0,0,-0.6798688,-0.045077812,-0.05354503,0.7299859,0.69904834,-15.49248,-1.909246
372259.0,0,0,-0.679985,-0.04468235,-0.052653044,0.7299669,0.6991836,-15.493272,-1.9108052
372260.0,0,0,-0.680118,-0.044060066,-0.051706295,0.72994834,0.69932556,-15.494047,-1.9123716
372261.0,0,0,-0.6802757,-0.04317516,-0.05081153,0.7299172,0.69948906,-15.494813,-1.9139435
372262.0,0,0,-0.6804553,-0.042143162,-0.049966708,0.7298683,0.69966924,-15.4955845,-1.9155091
372263.0,0,0,-0.6806395,-0.041084874,-0.049180806,0.72981036,0.69985247,-15.496376,-1.9170631
372264.0,0,1,-0.6808016,-0.03968414,-0.048210107,0.7298015,0.7000281,-15.497189,-1.9185983
372265.0,0,1,-0.6809162,-0.038320392,-0.047428206,0.7298186,0.7001901,-15.498019,-1.9201247
372266.0,0,1,-0.68098193,-0.03691787,-0.046791602,0.7298708,0.700329,-15.498863,-1.9216468
372267.0,0,1,-0.6810295,-0.03549092,-0.04606938,0.7299431,0.70043576,-15.499712,-1.923148
372268.0,0,1,-0.68105406,-0.03425885,-0.04523495,0.7300313,0.70051455,-15.500578,-1.9246491
372269.0,0,1,-0.6810687,-0.03331108,-0.044300176,0.7301187,0.70057565,-15.501453,-1.926151
372270.0,0,1,-0.68109655,-0.032519497,-0.043186717,0.73019505,0.70062906,-15.502333,-1.9276489
372271.0,0,1,-0.6811225,-0.031760532,-0.041830186,0.73028326,0.70068365,-15.503222,-1.9291414
372272.0,0,1,-0.6811458,-0.030985292,-0.040328514,0.7303793,0.70074505,-15.504129,-1.9306177
372273.0,0,1,-0.68114465,-0.030158943,-0.03882975,0.73049617,0.70081294,-15.505062,-1.9320784
372274.0,0,1,-0.6811212,-0.029322365,-0.037457753,0.7306237,0.7008821,-15.506016,-1.9335214
372275.0,0,1,-0.6810714,-0.028544288,-0.036241557,0.73076236,0.7009478,-15.506986,-1.9349558
372276.0,0,1,-0.6809946,-0.027832014,-0.03508858,0.73091763,0.7010087,-15.507965,-1.9363832
372277.0,0,1,-0.680901,-0.027149368,-0.033885624,0.7310872,0.7010672,-15.508955,-1.9378062
372278.0,0,1,-0.68079966,-0.026472578,-0.03258688,0.7312655,0.70112765,-15.50996,-1.9392202
372279.0,0,1,-0.68067986,-0.025814101,-0.031225558,0.73145986,0.70119435,-15.5109825,-1.9406191
372280.0,0,1,-0.68053967,-0.025149848,-0.029949667,0.7316668,0.70126677,-15.512029,-1.9420054
372281.0,0,1,-0.680389,-0.024435973,-0.028787026,0.73187774,0.7013399,-15.513097,-1.9433708
372282.0,0,1,-0.68023354,-0.023717131,-0.027684534,0.73208845,0.7014109,-15.5141945,-1.9447187
372283.0,1,1,-0.6800602,-0.023145963,-0.026765302,0.73230195,0.69985247,-15.496376,-1.9170631
372284.0,1,1,-0.67988116,-0.022759274,-0.026008895,0.7325076,0.69985247,-15.496376,-1.9170631
372285.0,1,1,-0.67970073,-0.022483632,-0.025349481,0.73270655,0.69985247,-15.496376,-1.9170631
372286.0,1,1,-0.6795051,-0.022288738,-0.02469988,0.73291606,0.69985247,-15.496376,-1.9170631
372287.0,1,1,-0.67929906,-0.022146903,-0.023962935,0.7331359,0.69985247,-15.496376,-1.9170631
372288.0,1,1,-0.6790789,-0.022069098,-0.023220217,0.7333661,0.69985247,-15.496376,-1.9170631
372289.0,1,1,-0.67883784,-0.022113293,-0.022561515,0.73360837,0.69985247,-15.496376,-1.9170631
372290.0,1,1,-0.67858744,-0.0222476,-0.021961696,0.7338541,0.69985247,-15.496376,-1.9170631
372291.0,1,1,-0.6783387,-0.022398412,-0.02140375,0.7340959,0.69985247,-15.496376,-1.9170631
372292.0,1,1,-0.6781049,-0.02249385,-0.02084756,0.73432493,0.69985247,-15.496376,-1.9170631
372293.0,1,1,-0.67790824,-0.022485916,-0.02028808,0.7345225,0.69985247,-15.496376,-1.9170631
372294.0,1,1,-0.677722,-0.02240481,-0.01968428,0.73471326,0.69985247,-15.496376,-1.9170631
372295.0,1,1,-0.6775283,-0.022299284,-0.019016488,0.7349126,0.69985247,-15.496376,-1.9170631
372296.0,1,1,-0.67734855,-0.022140376,-0.018374115,0.7350994,0.69985247,-15.496376,-1.9170631
372297.0,1,1,-0.6772106,-0.021924611,-0.017812045,0.7352469,0.69985247,-15.496376,-1.9170631
372298.0,1,1,-0.67708755,-0.021766812,-0.017380087,0.7353751,0.69985247,-15.496376,-1.9170631
372299.0,1,1,-0.67696345,-0.021743855,-0.017016621,0.73549867,0.69985247,-15.496376,-1.9170631
372300.0,1,1,-0.67684734,-0.021757772,-0.01661662,0.73561424,0.69985247,-15.496376,-1.9170631
372301.0,1,1,-0.67672604,-0.021746688,-0.01617797,0.73573595,0.69985247,-15.496376,-1.9170631
372302.0,1,1,-0.6766049,-0.021660734,-0.015686039,0.73586035,0.69985247,-15.496376,-1.9170631
372303.0,1,1,-0.67648983,-0.021455422,-0.015097958,0.7359846,0.69985247,-15.496376,-1.9170631
372304.0,1,1,-0.67637914,-0.021152152,-0.014365225,0.73610973,0.69985247,-15.496376,-1.9170631
372305.0,1,1,-0.6762777,-0.020761406,-0.013510439,0.73623025,0.69985247,-15.496376,-1.9170631
372306.0,1,1,-0.67618906,-0.02033536,-0.012613738,0.7363395,0.69985247,-15.496376,-1.9170631
372307.0,1,1,-0.6761085,-0.019928873,-0.011774335,0.7364385,0.69985247,-15.496376,-1.9170631
372308.0,1,1,-0.6760414,-0.019562256,-0.010986395,0.73652196,0.69985247,-15.496376,-1.9170631
372309.0,1,1,-0.6759812,-0.01924813,-0.010214222,0.73659664,0.69985247,-15.496376,-1.9170631
372310.0,1,1,-0.67592174,-0.018974738,-0.009498658,0.73666793,0.69985247,-15.496376,-1.9170631
372311.0,1,1,-0.6758613,-0.01873243,-0.008867119,0.73673743,0.69985247,-15.496376,-1.9170631
372312.0,1,1,-0.6757975,-0.01852072,-0.008277989,0.73680806,0.69985247,-15.496376,-1.9170631
372313.0,1,1,-0.6757241,-0.018276168,-0.0076613845,0.73688835,0.69985247,-15.496376,-1.9170631
372314.0,1,1,-0.675632,-0.017934147,-0.006940226,0.7369882,0.69985247,-15.496376,-1.9170631
372315.0,1,1,-0.6755171,-0.017432103,-0.0059950394,0.7371139,0.69985247,-15.496376,-1.9170631
372316.0,1,1,-0.6753695,-0.01683862,-0.004725384,0.7372721,0.69985247,-15.496376,-1.9170631
372317.0,1,1,-0.6751908,-0.016058559,-0.0032205873,0.73746127,0.69985247,-15.496376,-1.9170631
372318.0,1,1,-0.67498124,-0.015022493,-0.0016203938,0.7376801,0.69985247,-15.496376,-1.9170631
372319.0,1,1,-0.6747611,-0.013681048,0.000103101775,0.7379094,0.69985247,-15.496376,-1.9170631
372320.0,1,1,-0.674502,-0.012216757,0.0018257914,0.73816967,0.69985247,-15.496376,-1.9170631
372321.0,1,1,-0.67422366,-0.010559215,0.0035180168,0.73844343,0.69985247,-15.496376,-1.9170631
372322.0,1,1,-0.6739306,-0.00879851,0.005192193,0.73872405,0.69985247,-15.496376,-1.9170631
372323.0,1,1,-0.67364085,-0.0069461754,0.0070002917,0.73899317,0.69985247,-15.496376,-1.9170631
372324.0,1,1,-0.6733681,-0.004822282,0.009017567,0.73923665,0.69985247,-15.496376,-1.9170631
372325.0,1,1,-0.6730886,-0.002448109,0.011036214,0.7394755,0.69985247,-15.496376,-1.9170631
372326.0,1,1,-0.6727646,-0.00014604468,0.012841525,0.73974514,0.69985247,-15.496376,-1.9170631
372327.0,1,1,-0.67245585,0.0020512224,0.014347182,0.7399955,0.69985247,-15.496376,-1.9170631
372328.0,1,1,-0.67221016,0.0041418113,0.015770322,0.74018085,0.69985247,-15.496376,-1.9170631
372329.0,1,1,-0.67201823,0.006368762,0.017260175,0.7403062,0.69985247,-15.496376,-1.9170631
372330.0,1,1,-0.67187715,0.008807115,0.018881591,0.7403695,0.69985247,-15.496376,-1.9170631
372331.0,1,1,-0.6717761,0.011347839,0.020694839,0.74037814,0.69985247,-15.496376,-1.9170631
372332.0,1,1,-0.67170316,0.014005752,0.022578498,0.74034387,0.69985247,-15.496376,-1.9170631
372333.0,0,0,-0.671641,0.01699151,0.024424491,0.74027914,0.69986403,-15.496372,-1.9170477
372334.0,0,0,-0.6715663,0.02017034,0.02629088,0.7402032,0.69988954,-15.496357,-1.917017
372335.0,0,0,-0.67149746,0.023686139,0.028322227,0.74008656,0.6999309,-15.496325,-1.9169717
372336.0,0,0,-0.6714426,0.027459066,0.03050702,0.7399191,0.6999906,-15.496272,-1.9169134
372337.0,0,0,-0.6713174,0.031505078,0.032770883,0.7397746,0.7000791,-15.496174,-1.9168471
372338.0,0,0,-0.6711254,0.03622158,0.035334855,0.7396149,0.7002131,-15.495984,-1.9167788
372339.0,0,0,-0.6708106,0.041912243,0.038418286,0.7394462,0.7004097,-15.495656,-1.9167145
372340.0,0,0,-0.670261,0.04851646,0.042017084,0.73934495,0.70069593,-15.495129,-1.9166633
372341.0,0,0,-0.6694452,0.056861047,0.046521116,0.73921967,0.70111877,-15.494319,-1.916636
372342.0,0,0,-0.66844034,0.067760654,0.05196647,0.73884743,0.7017137,-15.493145,-1.9166212
372343.0,0,0,-0.6673966,0.082162805,0.059096415,0.737793,0.7024309,-15.491691,-1.9165533
372344.0,0,0,-0.66648984,0.0974649,0.06711431,0.7360623,0.7032516,-15.490107,-1.9163684
372345.0,0,0,-0.66523594,0.11431259,0.07401088,0.73410916,0.7043187,-15.48823,-1.9160465
372346.0,0,0,-0.66363186,0.13669841,0.08278057,0.73078966,0.7057538,-15.485846,-1.9155757
372347.0,0,0,-0.66128904,0.16248383,0.093038365,0.7263881,0.70755106,-15.482992,-1.9149793
372348.0,0,0,-0.657221,0.19047067,0.102066204,0.7220554,0.7096547,-15.479666,-1.914303
372349.0,0,0,-0.65188265,0.2218831,0.11274393,0.7163139,0.7120104,-15.475721,-1.913622
372350.0,0,0,-0.6453148,0.2564614,0.12585887,0.70848846,0.7145691,-15.471085,-1.9130781
372351.0,0,0,-0.63637424,0.2933198,0.13975285,0.6996145,0.71723074,-15.465879,-1.9128422
372352.0,0,0,-0.625012,0.33197296,0.15525174,0.6892394,0.7199324,-15.460151,-1.9130497
372353.0,0,0,-0.6115371,0.37082696,0.17257874,0.6772934,0.72249883,-15.454025,-1.9137902
372354.0,0,0,-0.59629786,0.40966502,0.19296068,0.66284966,0.7248219,-15.447534,-1.9150981
372355.0,0,0,-0.5809694,0.44699487,0.21475421,0.6454075,0.7269888,-15.440824,-1.9167111
372356.0,0,0,-0.5676553,0.47946247,0.23221445,0.627662,0.7292142,-15.433874,-1.917681
372357.0,0,0,-0.55614585,0.50157905,0.24361388,0.6162569,0.7316746,-15.4261465,-1.9169478
372358.0,0,0,-0.54957455,0.5122276,0.25156954,0.6101668,0.7344053,-15.417016,-1.9143932
372359.0,0,0,-0.5479257,0.5143253,0.2560031,0.6080371,0.73731875,-15.406247,-1.9107796
372360.0,0,0,-0.54870355,0.5124757,0.25708526,0.6084407,0.74032867,-15.393954,-1.9070063
372361.0,0,0,-0.5511003,0.50918055,0.25684378,0.6091429,0.743431,-15.380329,-1.9035234
372362.0,0,0,-0.5547244,0.50419617,0.25574738,0.61045927,0.7466161,-15.365865,-1.9003977
372363.0,0,0,-0.55920386,0.49712142,0.2536546,0.6130422,0.7499476,-15.350634,-1.8975139
372364.0,0,0,-0.5640238,0.4887364,0.2513438,0.6163117,0.75340265,-15.334876,-1.8949339
372365.0,0,0,-0.568533,0.48009115,0.2496002,0.6196632,0.7569538,-15.3187685,-1.8927913
372366.0,0,0,-0.57241863,0.47169814,0.24858694,0.6229304,0.76061004,-15.302339,-1.891146
372367.0,0,0,-0.5756622,0.46345985,0.24811989,0.62630236,0.7643757,-15.285629,-1.8899647
372368.0,0,0,-0.5783186,0.45511228,0.24787526,0.6300621,0.768251,-15.26865,-1.889166
372369.0,0,0,-0.5804697,0.4465417,0.24762076,0.63430226,0.77222836,-15.251387,-1.8886774
372370.0,0,0,-0.58218163,0.4376877,0.247153,0.6390692,0.776298,-15.233807,-1.8884475
372371.0,0,0,-0.58355546,0.42841917,0.24627566,0.64441323,0.78046346,-15.215811,-1.8884355
372372.0,0,0,-0.584707,0.4187766,0.24488471,0.6502118,0.7846284,-15.197708,-1.8885981
372373.0,0,0,-0.5857856,0.40849933,0.2429124,0.65648854,0.7888446,-15.179143,-1.888905
372374.0,0,0,-0.5869041,0.397662,0.24040408,0.6630343,0.79304606,-15.160257,-1.8893261
372375.0,0,0,-0.5881748,0.3862461,0.23739655,0.6697068,0.7972045,-15.141025,-1.8898342
372376.0,0,0,-0.58968616,0.37428695,0.23388143,0.6763719,0.80128133,-15.121477,-1.8904037
372377.0,0,0,-0.5914852,0.3618177,0.22982083,0.68294626,0.8052513,-15.1016035,-1.891018
372378.0,0,0,-0.59358484,0.3489245,0.22523727,0.68933076,0.8090868,-15.081429,-1.8916695
372379.0,0,0,-0.59599364,0.33574674,0.22018768,0.69540143,0.81276554,-15.060992,-1.892355
372380.0,0,0,-0.59871453,0.3223469,0.21467878,0.70110375,0.81627923,-15.040291,-1.8930706
372381.0,0,0,-0.60172796,0.30878097,0.20869103,0.7064176,0.8196173,-15.019356,-1.8938098
372382.0,0,0,-0.60501987,0.2950436,0.20226923,0.71132797,0.82277983,-14.99817,-1.8945698
372383.0,0,0,-0.6085226,0.2812584,0.19552624,0.7157957,0.82575923,-14.97682,-1.8953471
372384.0,0,0,-0.61216164,0.26751506,0.1884905,0.71983695,0.8285677,-14.9553,-1.8961403
372385.0,0,0,-0.61589545,0.25391248,0.18118888,0.72344446,0.83121675,-14.93363,-1.8969395
372386.0,0,0,-0.6197105,0.24044253,0.17363179,0.72663486,0.83372384,-14.91179,-1.8977246
372387.0,0,0,-0.6235733,0.2270043,0.16574508,0.7294888,0.83609986,-14.889801,-1.8984663
372388.0,0,0,-0.6274434,0.21346456,0.15749295,0.73208183,0.8383505,-14.867717,-1.8991375
372389.0,0,0,-0.6312644,0.19975828,0.14889179,0.7344611,0.8404849,-14.845552,-1.8997241
372390.0,0,0,-0.6349623,0.18594481,0.1400081,0.7366445,0.84251326,-14.82334,-1.9002228
372391.0,0,0,-0.6384864,0.17208926,0.13087885,0.7386414,0.844454,-14.801056,-1.9006336
372392.0,0,0,-0.6417671,0.15827389,0.12154032,0.7404811,0.8463203,-14.778748,-1.9009526
372393.0,0,0,-0.6447561,0.14450681,0.111967616,0.74220663,0.8481298,-14.756379,-1.9011731
372394.0,0,0,-0.6474054,0.13085012,0.102193184,0.74384207,0.8498887,-14.734014,-1.9012852
372395.0,0,0,-0.6496856,0.11732961,0.092232905,0.7454096,0.8516036,-14.711667,-1.90128
372396.0,0,0,-0.6514075,0.104182206,0.08190718,0.7470647,0.8532875,-14.68927,-1.9011347
372397.0,0,0,-0.65279454,0.091271,0.071410306,0.74861836,0.85492927,-14.666951,-1.9008362
372398.0,0,0,-0.6538752,0.078518786,0.060675327,0.75006706,0.8565327,-14.644611,-1.9003695
372399.0,0,0,-0.6546763,0.06593223,0.049758565,0.75138265,0.85808605,-14.622354,-1.8997262
372400.0,0,0,-0.6552366,0.053450465,0.038663395,0.7525379,0.85959023,-14.6001005,-1.8988945
372401.0,0,0,-0.65557176,0.041154247,0.027471269,0.75350994,0.8610349,-14.577937,-1.897869
372402.0,0,0,-0.65572256,0.029035633,0.016220404,0.75426906,0.86241525,-14.555849,-1.8966346
372403.0,0,0,-0.6557346,0.017015861,0.004918556,0.75478375,0.8637201,-14.533873,-1.8951738
372404.0,0,0,-0.6556227,0.0049280897,-0.0064888634,0.75504476,0.8649409,-14.5119705,-1.893465
372405.0,0,0,-0.6553949,-0.007224367,-0.01793331,0.7550388,0.8660624,-14.490252,-1.8915063
372406.0,0,0,-0.6550627,-0.019436194,-0.029432623,0.75475097,0.86708426,-14.468633,-1.8892841
372407.0,0,0,-0.65463626,-0.031588808,-0.040936075,0.75417364,0.86800116,-14.447234,-1.8868077
372408.0,0,0,-0.654118,-0.043725934,-0.05256347,0.7532959,0.8688182,-14.425982,-1.8840647
372409.0,0,0,-0.6534813,-0.0558479,-0.064377055,0.7521295,0.8695342,-14.404931,-1.8810599
372410.0,0,0,-0.65268433,-0.067953765,-0.07641979,0.7506967,0.87014437,-14.384131,-1.8778034
372411.0,0,0,-0.6517068,-0.08002653,-0.088721216,0.74900097,0.8706432,-14.363595,-1.8743062
372412.0,0,0,-0.6505696,-0.09195315,-0.10132616,0.7470186,0.8710256,-14.343309,-1.8705796
372413.0,0,0,-0.64931625,-0.10354363,-0.11421014,0.7447303,0.8712851,-14.323344,-1.8666513
372414.0,0,0,-0.6479724,-0.11474721,-0.1273406,0.74212474,0.8714165,-14.303701,-1.8625339
372415.0,0,0,-0.6465516,-0.12558825,-0.14068627,0.7391929,0.8714165,-14.2843685,-1.8582329
372416.0,0,0,-0.6450521,-0.13606066,-0.15418625,0.73594964,0.87128687,-14.265407,-1.8537701
372417.0,0,0,-0.6434586,-0.14619009,-0.16781612,0.73241204,0.8710354,-14.24686,-1.8491697
372418.0,0,0,-0.6417691,-0.15594052,-0.18153861,0.72860056,0.8706759,-14.22875,-1.8444571
372419.0,0,0,-0.6400339,-0.1651685,-0.1952588,0.7245344,0.8702265,-14.211066,-1.8396517
372420.0,0,0,-0.63833684,-0.17376466,-0.20889215,0.7202055,0.8697047,-14.193873,-1.8347977
372421.0,0,0,-0.6367128,-0.18179895,-0.22239585,0.715602,0.869115,-14.177181,-1.8299284
372422.0,0,0,-0.63520986,-0.18936983,-0.23560527,0.7107303,0.8684486,-14.161019,-1.825086
372423.0,0,0,-0.63390136,-0.1965946,-0.2483163,0.705591,0.86768526,-14.145402,-1.8203102
372424.0,0,0,-0.63288593,-0.2035905,-0.26024595,0.7001989,0.866803,-14.130387,-1.8156548
372425.0,0,0,-0.6322391,-0.21050605,-0.27122647,0.6945482,0.8657779,-14.115952,-1.8111504
372426.0,0,0,-0.6319517,-0.21745057,-0.28106114,0.68873584,0.8646064,-14.102195,-1.8068764
372427.0,0,0,-0.63189965,-0.224573,-0.28974083,0.68287635,0.86329335,-14.08907,-1.8028843
372428.0,0,0,-0.6318963,-0.23178425,-0.29734847,0.6771758,0.8618874,-14.076651,-1.799287
372429.0,0,0,-0.6317354,-0.23881976,-0.30420172,0.67181623,0.86045605,-14.064871,-1.7961788
372430.0,0,0,-0.63129354,-0.24512999,-0.3105817,0.66702247,0.8590945,-14.053761,-1.793689
372431.0,0,0,-0.6304912,-0.25027758,-0.3167306,0.66296595,0.8578718,-14.04327,-1.7919196
372432.0,0,0,-0.6293343,-0.25399017,-0.32263696,0.65979755,0.8568218,-14.033354,-1.7909575
372433.0,0,0,-0.6279514,-0.25616485,-0.32818472,0.6575344,0.8559394,-14.02398,-1.790868
372434.0,0,0,-0.626512,-0.25695553,-0.33313766,0.65610665,0.8551833,-14.015175,-1.791679
372435.0,0,0,-0.625181,-0.25675523,-0.33710185,0.6554296,0.85447496,-14.006891,-1.7933933
372436.0,0,0,-0.6241587,-0.2560375,-0.33954144,0.65542537,0.8537335,-13.999186,-1.7959628
372437.0,0,0,-0.62358224,-0.25526252,-0.3400638,0.65600514,0.85288167,-13.992041,-1.7993486
372438.0,0,0,-0.6234861,-0.2548083,-0.3385207,0.6570704,0.8518817,-13.985501,-1.8034781
372439.0,0,0,-0.6239018,-0.25470433,-0.33498254,0.6585279,0.850732,-13.979563,-1.8083006
372440.0,0,0,-0.6248178,-0.2547345,-0.32974648,0.66028816,0.8494671,-13.974241,-1.813758
372441.0,0,0,-0.62609667,-0.25468343,-0.32326356,0.662299,0.84812814,-13.969546,-1.8197939
372442.0,0,0,-0.6271928,-0.25427005,-0.31605586,0.66489446,0.84681946,-13.965351,-1.826291
372443.0,0,0,-0.62772954,-0.25179243,-0.3081311,0.6690378,0.84588474,-13.960999,-1.8327729
372444.0,0,0,-0.63204956,-0.24141812,-0.30178046,0.67168385,0.84543467,-13.955896,-1.8386185
372445.0,0,0,-0.63610077,-0.23006028,-0.2951907,0.674767,0.84510994,-13.950261,-1.8437722
372446.0,0,0,-0.63894874,-0.22265078,-0.28712028,0.6780363,0.8445371,-13.944551,-1.8486836
372447.0,0,0,-0.6411316,-0.21714823,-0.27857304,0.68131787,0.843422,-13.938776,-1.8538952
372448.0,0,0,-0.64333296,-0.2112591,-0.26504764,0.6864706,0.8417203,-13.932511,-1.8597848
372449.0,0,0,-0.64773834,-0.20239894,-0.24477051,0.6925006,0.8398153,-13.925479,-1.8664504
372450.0,0,0,-0.65542746,-0.18537658,-0.22431178,0.69694656,0.8381326,-13.918015,-1.8736867
372451.0,0,0,-0.66392404,-0.16386934,-0.2094541,0.69891393,0.83666605,-13.910894,-1.880953
372452.0,0,0,-0.6717199,-0.14560619,-0.19649594,0.6992713,0.8351518,-13.90476,-1.8876158
372453.0,0,0,-0.67869043,-0.13218746,-0.18304974,0.69885516,0.83356845,-13.899758,-1.8934464
372454.0,0,0,-0.68427104,-0.12061009,-0.1719874,0.698317,0.83219856,-13.8956175,-1.8986688
372455.0,0,0,-0.6887451,-0.10889229,-0.16301793,0.69799566,0.8313029,-13.891938,-1.9036143
372456.0,0,0,-0.69243693,-0.09687862,-0.15422687,0.6981116,0.8309685,-13.888506,-1.9084355
372457.0,0,0,-0.6949686,-0.08524185,-0.1460572,0.6988705,0.83114046,-13.88535,-1.9130771
372458.0,0,0,-0.6964004,-0.07458556,-0.13913468,0.70007503,0.83166534,-13.8825655,-1.9174169
372459.0,0,0,-0.6970707,-0.06528454,-0.13342437,0.7014473,0.8323405,-13.880184,-1.9213802
372460.0,0,0,-0.6973886,-0.05718359,-0.1286214,0.70273453,0.8329686,-13.878143,-1.9249966
372461.0,0,0,-0.69778013,-0.049865536,-0.12432209,0.7036763,0.8333989,-13.876329,-1.9283587
372462.0,0,0,-0.69849914,-0.043125946,-0.120105535,0.7041405,0.8335588,-13.87465,-1.9315453
372463.0,0,0,-0.69957155,-0.036845304,-0.11584114,0.70414686,0.8334662,-13.873046,-1.9346104
372464.0,0,0,-0.7008774,-0.030955035,-0.11141907,0.70384544,0.8332014,-13.871498,-1.9375767
372465.0,0,0,-0.7022299,-0.02542611,-0.106835976,0.70342934,0.83284277,-13.869994,-1.9404683
372466.0,0,0,-0.7037647,-0.02105043,-0.102420785,0.7026964,0.83238065,-13.868491,-1.9431827
372467.0,0,0,-0.7058233,-0.017276319,-0.09541274,0.7017204,0.8317687,-13.867049,-1.9455928
372468.0,0,0,-0.7076712,-0.015308161,-0.088637896,0.7007928,0.8309984,-13.865855,-1.9476742
372469.0,0,0,-0.70921946,-0.015003889,-0.08363317,0.6998487,0.83008385,-13.864954,-1.9494705
372470.0,0,0,-0.7107824,-0.015655547,-0.07836023,0.6988583,0.8290933,-13.864246,-1.9510643
372471.0,0,0,-0.7122724,-0.016831413,-0.07291965,0.69790214,0.82813895,-13.863619,-1.9525509
372472.0,0,0,-0.71346354,-0.018004278,-0.068150006,0.6971379,0.827314,-13.863004,-1.9539909
372473.0,0,0,-0.7144922,-0.018873632,-0.063777454,0.6964748,0.82663375,-13.862378,-1.9554011
372474.0,0,0,-0.71543807,-0.019530961,-0.059707157,0.6958463,0.8260503,-13.861766,-1.9567522
372475.0,0,0,-0.7163022,-0.02020495,-0.055942237,0.6952506,0.8255006,-13.861209,-1.9580077
372476.0,0,0,-0.7171036,-0.021209754,-0.052461892,0.6946656,0.8249532,-13.860738,-1.9591484
372477.0,0,0,-0.7178015,-0.022530138,-0.04935821,0.6941305,0.82442904,-13.860343,-1.9601737
372478.0,0,0,-0.7183943,-0.02373386,-0.04665742,0.6936638,0.8239807,-13.859995,-1.9610981
372479.0,0,0,-0.71884626,-0.024744296,-0.04445085,0.6933051,0.82365096,-13.859669,-1.9619445
372480.0,0,0,-0.71915495,-0.025464743,-0.042717267,0.6930678,0.82344586,-13.859349,-1.9627299
372481.0,0,0,-0.71935874,-0.025838587,-0.041355334,0.69292504,0.8233384,-13.859024,-1.9634656
372482.0,0,0,-0.7194958,-0.025845932,-0.040126126,0.6928548,0.82329726,-13.858695,-1.9641544
372483.0,0,0,-0.7195919,-0.025741199,-0.039126746,0.692816,0.8233005,-13.858374,-1.9648036
372484.0,0,1,-0.7196818,-0.025827471,-0.037832044,0.69279134,0.8233357,-13.858061,-1.9654274
372485.0,0,1,-0.7197559,-0.025734091,-0.036838293,0.6927714,0.8233944,-13.857748,-1.9660379
372486.0,0,1,-0.7198064,-0.025520876,-0.036061898,0.6927677,0.8234702,-13.8574295,-1.9666389
372487.0,0,1,-0.7198429,-0.025149817,-0.035375923,0.6927786,0.82355917,-13.857103,-1.9672335
372488.0,0,1,-0.7198639,-0.024634408,-0.034727562,0.6928083,0.82365775,-13.8567705,-1.9678208
372489.0,0,1,-0.7198776,-0.02398379,-0.03409414,0.69284815,0.8237622,-13.85643,-1.9684045
372490.0,0,1,-0.719883,-0.023236208,-0.033516884,0.6928963,0.823867,-13.856081,-1.9689878
372491.0,0,1,-0.7198937,-0.02233455,-0.032965742,0.6929413,0.8239657,-13.855721,-1.9695712
372492.0,0,1,-0.7199024,-0.021292502,-0.032287154,0.6929969,0.82405394,-13.855357,-1.9701504
372493.0,0,1,-0.71990055,-0.020216573,-0.031440813,0.69306993,0.8241318,-13.854997,-1.9707199
372494.0,0,1,-0.71987593,-0.019221738,-0.030506384,0.69316554,0.8242029,-13.854642,-1.9712822
372495.0,0,1,-0.71983343,-0.018377787,-0.029538352,0.6932747,0.82427114,-13.854291,-1.9718366
372496.0,0,1,-0.71977574,-0.017616456,-0.028519072,0.6933968,0.82433975,-13.853942,-1.972383
372497.0,0,1,-0.71968687,-0.016865324,-0.027507776,0.69354874,0.82440925,-13.853598,-1.97292
372498.0,0,1,-0.71957433,-0.016136177,-0.026577823,0.6937191,0.82447666,-13.853259,-1.9734478
372499.0,0,1,-0.7194348,-0.015508813,-0.02577977,0.69390815,0.8245384,-13.8529215,-1.9739709
372500.0,0,1,-0.71929455,-0.01494575,-0.025003362,0.69409424,0.82459354,-13.852579,-1.9744923
372501.0,0,1,-0.71916074,-0.014405393,-0.024134174,0.694275,0.8246441,-13.852233,-1.97501
372502.0,0,1,-0.7190306,-0.013874953,-0.023192257,0.6944527,0.824691,-13.851888,-1.9755191
372503.0,1,1,-0.71890485,-0.013326575,-0.022238048,0.6946249,0.8233005,-13.858374,-1.9648036
372504.0,1,1,-0.71878624,-0.012862562,-0.021290056,0.6947861,0.8233005,-13.858374,-1.9648036
372505.0,1,1,-0.7186727,-0.012546758,-0.02032415,0.69493824,0.8233005,-13.858374,-1.9648036
372506.0,1,1,-0.7185544,-0.012409891,-0.019322442,0.69509155,0.8233005,-13.858374,-1.9648036
372507.0,1,1,-0.7184346,-0.012271785,-0.018211199,0.6952479,0.8233005,-13.858374,-1.9648036
372508.0,1,1,-0.71831036,-0.011948325,-0.01711758,0.6954096,0.8233005,-13.858374,-1.9648036
372509.0,1,1,-0.71815884,-0.01170626,-0.016231416,0.69559133,0.8233005,-13.858374,-1.9648036
372510.0,1,1,-0.7179925,-0.011825365,-0.015459375,0.6957787,0.8233005,-13.858374,-1.9648036
372511.0,1,1,-0.7178089,-0.012120389,-0.014841632,0.69597644,0.8233005,-13.858374,-1.9648036
372512.0,1,1,-0.7175828,-0.012527611,-0.01448367,0.69621,0.8233005,-13.858374,-1.9648036
372513.0,1,1,-0.7173246,-0.013077983,-0.014042655,0.6964749,0.8233005,-13.858374,-1.9648036
372514.0,1,1,-0.7170631,-0.013487527,-0.013159424,0.6967535,0.8233005,-13.858374,-1.9648036
372515.0,1,1,-0.7167765,-0.013781174,-0.011969869,0.69706404,0.8233005,-13.858374,-1.9648036
372516.0,1,1,-0.7164912,-0.014070865,-0.010616658,0.69737333,0.8233005,-13.858374,-1.9648036
372517.0,1,1,-0.7162115,-0.014366279,-0.009249726,0.6976742,0.8233005,-13.858374,-1.9648036
372518.0,1,1,-0.7159314,-0.014671645,-0.007943349,0.6979712,0.8233005,-13.858374,-1.9648036
372519.0,1,1,-0.7156658,-0.014905556,-0.0066814725,0.6982519,0.8233005,-13.858374,-1.9648036
372520.0,1,1,-0.7154089,-0.01508676,-0.0054416237,0.6985219,0.8233005,-13.858374,-1.9648036
372521.0,1,1,-0.7151696,-0.015244206,-0.004278604,0.69877166,0.8233005,-13.858374,-1.9648036
372522.0,1,1,-0.71496934,-0.01538043,-0.0031879,0.6989793,0.8233005,-13.858374,-1.9648036
372523.0,1,1,-0.7148169,-0.015423751,-0.0020487844,0.6991386,0.8233005,-13.858374,-1.9648036
372524.0,1,1,-0.7146737,-0.015318802,-0.0008108073,0.69928974,0.8233005,-13.858374,-1.9648036
372525.0,1,1,-0.7145347,-0.015204272,0.00051846233,0.69943464,0.8233005,-13.858374,-1.9648036
372526.0,1,1,-0.7144111,-0.015035431,0.0018385452,0.6995623,0.8233005,-13.858374,-1.9648036
372527.0,1,1,-0.7143042,-0.014766321,0.0030149322,0.6996731,0.8233005,-13.858374,-1.9648036
372528.0,1,1,-0.7142311,-0.014355578,0.004165146,0.6997503,0.8233005,-13.858374,-1.9648036
372529.0,1,1,-0.7141837,-0.013850917,0.0053002005,0.6998012,0.8233005,-13.858374,-1.9648036
372530.0,1,1,-0.7141423,-0.013357387,0.0063489852,0.69984436,0.8233005,-13.858374,-1.9648036
372531.0,1,1,-0.714111,-0.012882861,0.0072816857,0.69987607,0.8233005,-13.858374,-1.9648036
372532.0,1,1,-0.7140929,-0.012458858,0.008059658,0.6998937,0.8233005,-13.858374,-1.9648036
372533.0,1,1,-0.7141064,-0.012014079,0.008779891,0.6998791,0.8233005,-13.858374,-1.9648036
372534.0,1,1,-0.714139,-0.0113672335,0.0094726505,0.6998475,0.8233005,-13.858374,-1.9648036
372535.0,1,1,-0.7141638,-0.010541762,0.010111915,0.69982624,0.8233005,-13.858374,-1.9648036
372536.0,1,1,-0.7141669,-0.00966368,0.010688813,0.69982713,0.8233005,-13.858374,-1.9648036
372537.0,1,1,-0.7141417,-0.008797227,0.011206824,0.69985616,0.8233005,-13.858374,-1.9648036
372538.0,1,1,-0.7140936,-0.007858119,0.011712407,0.6999081,0.8233005,-13.858374,-1.9648036
372539.0,1,1,-0.7140201,-0.006748373,0.012325593,0.69998413,0.8233005,-13.858374,-1.9648036
372540.0,1,1,-0.7139219,-0.0053614792,0.013149711,0.7000814,0.8233005,-13.858374,-1.9648036
372541.0,1,1,-0.71378464,-0.0037937015,0.014069748,0.7002137,0.8233005,-13.858374,-1.9648036
372542.0,1,1,-0.71361244,-0.0021351313,0.015036962,0.70037603,0.8233005,-13.858374,-1.9648036
372543.0,1,1,-0.71342033,-0.000322846,0.016058873,0.7005523,0.8233005,-13.858374,-1.9648036
372544.0,1,1,-0.7132111,0.0016831387,0.017198307,0.7007362,0.8233005,-13.858374,-1.9648036
372545.0,1,1,-0.7129763,0.003750563,0.018472446,0.7009347,0.8233005,-13.858374,-1.9648036
372546.0,1,1,-0.71276605,0.005964556,0.019885903,0.70109457,0.8233005,-13.858374,-1.9648036
372547.0,1,1,-0.7125655,0.008191752,0.021327991,0.70123357,0.8233005,-13.858374,-1.9648036
372548.0,1,1,-0.7123643,0.010393375,0.022808932,0.70136225,0.8233005,-13.858374,-1.9648036
372549.0,1,1,-0.7121599,0.012710312,0.02434936,0.70147985,0.8233005,-13.858374,-1.9648036
372550.0,1,1,-0.7119358,0.015060857,0.025976319,0.70160234,0.8233005,-13.858374,-1.9648036
372551.0,1,1,-0.71169025,0.017429216,0.027756784,0.70172846,0.8233005,-13.858374,-1.9648036
372552.0,1,1,-0.7114284,0.019757649,0.029636811,0.7018554,0.8233005,-13.858374,-1.9648036
372553.0,1,1,-0.71117085,0.022094496,0.03161918,0.7019602,0.8233005,-13.858374,-1.9648036
372554.0,1,1,-0.7108574,0.024586292,0.033720355,0.7020971,0.8233005,-13.858374,-1.9648036
372555.0,1,1,-0.710455,0.027279465,0.035922747,0.7022956,0.8233005,-13.858374,-1.9648036
372556.0,0,0,-0.7100181,0.030284576,0.037846427,0.7025132,0.8233163,-13.858374,-1.9647752
372557.0,0,0,-0.70953965,0.033584297,0.039881274,0.702734,0.8233472,-13.858353,-1.9647245
372558.0,0,0,-0.7090057,0.037254963,0.04216682,0.7029545,0.82339,-13.85829,-1.9646606
372559.0,0,0,-0.7083883,0.041142497,0.044652384,0.7032066,0.82344264,-13.858162,-1.9645933
372560.0,0,0,-0.70734835,0.04611956,0.04807201,0.7037191,0.82352823,-13.857853,-1.9645379
372561.0,0,0,-0.70606273,0.05246495,0.052561615,0.7042444,0.8236665,-13.857248,-1.9645133
372562.0,0,0,-0.7045851,0.06076404,0.058552694,0.7045844,0.823884,-13.856206,-1.964552
372563.0,0,0,-0.703116,0.07251972,0.06697049,0.70419014,0.8241715,-13.854752,-1.9645985
372564.0,0,0,-0.7016524,0.08644938,0.07688768,0.7030637,0.8245039,-13.853019,-1.964559
372565.0,0,0,-0.69989663,0.10126239,0.0867138,0.7016918,0.8249065,-13.850905,-1.9644146
372566.0,0,0,-0.69833267,0.1205681,0.09980534,0.6984509,0.8254645,-13.848287,-1.9641103
372567.0,0,0,-0.69702405,0.14369616,0.11637585,0.69279546,0.82627493,-13.8453245,-1.9636097
372568.0,0,0,-0.693593,0.16701496,0.12777871,0.6889901,0.8273166,-13.8419695,-1.9629511
372569.0,0,0,-0.6890661,0.19405247,0.14263664,0.68351036,0.8284874,-13.837859,-1.9622184
372570.0,0,0,-0.6836032,0.22441398,0.16207738,0.6753192,0.8297216,-13.832909,-1.9615873
372571.0,0,0,-0.6759771,0.2569695,0.18186492,0.66629326,0.8309429,-13.827338,-1.96123
372572.0,0,0,-0.666629,0.2895882,0.20297338,0.65616035,0.83202136,-13.82135,-1.9612502
372573.0,0,0,-0.65558815,0.32191923,0.22679783,0.6443096,0.8328285,-13.815014,-1.961719
372574.0,0,0,-0.6429513,0.3539206,0.25321397,0.63026696,0.8334744,-13.808342,-1.9626119
372575.0,0,0,-0.6299389,0.3841878,0.27814868,0.61498785,0.8342436,-13.801403,-1.9634427
372576.0,0,0,-0.6181372,0.407771,0.29555428,0.60355353,0.83522254,-13.794025,-1.963149
372577.0,0,0,-0.6089847,0.421002,0.30622786,0.5984307,0.8362817,-13.78571,-1.9610878
372578.0,0,0,-0.6038397,0.42551997,0.31317565,0.5968512,0.83730435,-13.776023,-1.9577293
372579.0,0,0,-0.6002874,0.42664644,0.31653067,0.5978596,0.83826166,-13.7649145,-1.9540884
372580.0,0,0,-0.59709513,0.42716062,0.3182637,0.59976625,0.83916944,-13.752544,-1.9508015
372581.0,0,0,-0.59484845,0.4262653,0.31880385,0.60234326,0.8400367,-13.73913,-1.947899
372582.0,0,0,-0.593677,0.42330855,0.31762242,0.60619587,0.8408505,-13.724894,-1.9452367
372583.0,0,0,-0.59328157,0.4191366,0.315346,0.6106542,0.8415916,-13.709956,-1.9428141
372584.0,0,0,-0.5932051,0.41470188,0.31274816,0.61507624,0.8422496,-13.694382,-1.9407582
372585.0,0,0,-0.593201,0.41043144,0.31011635,0.61926293,0.84281975,-13.678499,-1.9391896
372586.0,0,0,-0.5933485,0.40616703,0.30748117,0.6232345,0.8433211,-13.662142,-1.938081
372587.0,0,0,-0.5937103,0.4016979,0.30473512,0.6271231,0.8437609,-13.645393,-1.9373779
372588.0,0,0,-0.59431905,0.39690316,0.30181077,0.6310016,0.8441439,-13.628308,-1.9370229
372589.0,0,0,-0.5951952,0.39172554,0.29870677,0.63487643,0.84447753,-13.610835,-1.9369797
372590.0,0,0,-0.59630877,0.38618118,0.2953778,0.6387738,0.8447706,-13.593037,-1.9372226
372591.0,0,0,-0.59766877,0.38022366,0.29174426,0.6427344,0.8450358,-13.574854,-1.937723
372592.0,0,0,-0.59929216,0.373782,0.28773946,0.64679366,0.8452848,-13.556314,-1.9384412
372593.0,0,0,-0.6011843,0.366766,0.2832607,0.6510173,0.8455291,-13.5374,-1.9393339
372594.0,0,0,-0.6033303,0.35910022,0.2782778,0.6554396,0.8457782,-13.518107,-1.9403622
372595.0,0,0,-0.6056894,0.35078222,0.27282137,0.6600459,0.84604025,-13.498478,-1.941493
372596.0,0,0,-0.6082246,0.34179452,0.26685295,0.66485256,0.8463198,-13.478511,-1.9427009
372597.0,0,0,-0.6109012,0.3321413,0.26037058,0.66984254,0.84661466,-13.458263,-1.9439598
372598.0,0,0,-0.61371934,0.3217888,0.25336564,0.6749861,0.8469176,-13.437713,-1.9452558
372599.0,0,0,-0.61664736,0.31079924,0.24592589,0.6801988,0.8472161,-13.416947,-1.9465815
372600.0,0,0,-0.61964136,0.2992688,0.23818001,0.68538535,0.8475014,-13.395915,-1.9479505
372601.0,0,0,-0.62262183,0.2874237,0.23029287,0.6904308,0.84776765,-13.374722,-1.949366
372602.0,0,0,-0.625538,0.27534962,0.22229359,0.69532037,0.84801495,-13.353315,-1.9508339
372603.0,0,0,-0.6283431,0.2631705,0.21423368,0.7000215,0.84824246,-13.33178,-1.9523425
372604.0,0,0,-0.63104296,0.25092205,0.20611434,0.7045138,0.8484487,-13.3101,-1.9538813
372605.0,0,0,-0.63363355,0.2385876,0.1979163,0.70881146,0.84863096,-13.288254,-1.9554397
372606.0,0,0,-0.6360839,0.22624265,0.18965925,0.7129102,0.8487872,-13.266369,-1.9570005
372607.0,0,0,-0.6383734,0.21388765,0.18130744,0.7168397,0.84891987,-13.24438,-1.9585643
372608.0,0,0,-0.64046925,0.20156968,0.17283067,0.7206237,0.8490329,-13.222278,-1.9601289
372609.0,0,0,-0.6423295,0.18941206,0.16423847,0.7242663,0.8491311,-13.200116,-1.9616845
372610.0,0,0,-0.6439368,0.1774589,0.15551865,0.7277827,0.8492192,-13.177896,-1.9632186
372611.0,0,0,-0.6452927,0.16573106,0.14664617,0.7311809,0.84930056,-13.155614,-1.9647118
372612.0,0,0,-0.6464228,0.15420134,0.13756283,0.73446316,0.84937507,-13.133232,-1.966141
372613.0,0,0,-0.6473446,0.14285421,0.12824385,0.7376253,0.8494366,-13.110826,-1.967473
372614.0,0,0,-0.64810926,0.13155113,0.11863931,0.7406573,0.849474,-13.088318,-1.9686854
372615.0,0,0,-0.6487564,0.120278716,0.108771384,0.74351656,0.84947443,-13.065853,-1.96975
372616.0,0,0,-0.6493191,0.10893622,0.09857905,0.7461901,0.849426,-13.043259,-1.9706601
372617.0,0,0,-0.6498352,0.09768903,0.08826252,0.7485858,0.8493208,-13.020813,-1.9713959
372618.0,0,0,-0.6503401,0.08646123,0.07775993,0.7506901,0.8491507,-12.998286,-1.9719553
372619.0,0,0,-0.65086156,0.07529658,0.06712084,0.7524656,0.84891,-12.97579,-1.9723243
372620.0,0,0,-0.6514191,0.06418074,0.056336075,0.7538967,0.84859294,-12.953293,-1.9724905
372621.0,0,0,-0.6520216,0.053127244,0.045447126,0.7549702,0.8481982,-12.930831,-1.972441
372622.0,0,0,-0.6526663,0.042164177,0.034463312,0.7556859,0.8477284,-12.908472,-1.9721637
372623.0,0,0,-0.6533376,0.031248637,0.023299947,0.7560626,0.84718424,-12.886143,-1.9716431
372624.0,0,0,-0.65402293,0.020365434,0.011955225,0.756106,0.8465698,-12.863889,-1.9708642
372625.0,0,0,-0.65470314,0.009483158,0.00039906852,0.75582653,0.84589124,-12.841788,-1.9698164
372626.0,0,0,-0.655343,-0.0014686536,-0.011433062,0.75524354,0.8451532,-12.819806,-1.9684895
372627.0,0,0,-0.65590185,-0.012525005,-0.023585528,0.7543737,0.84436107,-12.797877,-1.9668747
372628.0,0,0,-0.6563333,-0.023530975,-0.03590284,0.7532489,0.84353423,-12.776299,-1.9650016
372629.0,0,0,-0.65661454,-0.034617864,-0.04847889,0.7518702,0.84266925,-12.754824,-1.9628588
372630.0,0,0,-0.6567065,-0.045703888,-0.061184213,0.7502694,0.84177685,-12.733575,-1.9604727
372631.0,0,0,-0.656579,-0.056787115,-0.07401169,0.7484661,0.8408609,-12.712506,-1.957852
372632.0,0,0,-0.65620536,-0.06778081,-0.08683279,0.74649876,0.8399303,-12.691736,-1.9550239
372633.0,0,0,-0.6555714,-0.07871504,-0.09965346,0.7443785,0.8389812,-12.671186,-1.9519874
372634.0,0,0,-0.65467775,-0.08953096,-0.11240529,0.7421228,0.8380155,-12.650956,-1.9487668
372635.0,0,0,-0.6535288,-0.1002195,-0.12512703,0.7397292,0.83702946,-12.631007,-1.945367
372636.0,0,0,-0.6521372,-0.110718116,-0.13781638,0.737201,0.83602464,-12.611389,-1.9418106
372637.0,0,0,-0.6505259,-0.120960854,-0.15046461,0.73453724,0.83500093,-12.592135,-1.9381223
372638.0,0,0,-0.648718,-0.13090953,-0.16312969,0.7317215,0.8339536,-12.573196,-1.9343122
372639.0,0,0,-0.6468001,-0.14037327,-0.17573085,0.7287411,0.83288896,-12.55471,-1.9304277
372640.0,0,0,-0.64485,-0.14924651,-0.1882632,0.7255694,0.831798,-12.536581,-1.9264579
372641.0,0,0,-0.6429533,-0.15746146,-0.20066336,0.72218496,0.83067596,-12.518884,-1.9224176
372642.0,0,0,-0.64117926,-0.1651318,-0.21299535,0.718508,0.82950735,-12.501668,-1.9183115
372643.0,0,0,-0.63957053,-0.1724792,-0.22531807,0.71444535,0.82826954,-12.484969,-1.9141455
372644.0,0,0,-0.63816655,-0.17965172,-0.23752083,0.7099667,0.8269488,-12.468845,-1.9099461
372645.0,0,0,-0.63720703,-0.1866124,-0.24936195,0.7049551,0.8255231,-12.453304,-1.905743
372646.0,0,0,-0.6363365,-0.19356218,-0.26100004,0.69963455,0.8239748,-12.43842,-1.9016013
372647.0,0,0,-0.63593435,-0.2005408,-0.27173427,0.6939246,0.8222962,-12.424176,-1.8975801
372648.0,0,0,-0.6358287,-0.20754346,-0.28162205,0.68799466,0.82050616,-12.41064,-1.8937819
372649.0,0,0,-0.63594264,-0.2144439,-0.2908969,0.681887,0.81862015,-12.397755,-1.8902929
372650.0,0,0,-0.6360916,-0.22112118,-0.29937997,0.6759175,0.8166948,-12.385651,-1.8872603
372651.0,0,0,-0.6361552,-0.22733636,-0.30722547,0.6702517,0.8147668,-12.374223,-1.8847742
372652.0,0,0,-0.63608557,-0.23265631,-0.3144305,0.6651313,0.8128985,-12.363454,-1.8829429
372653.0,0,0,-0.63587177,-0.23668829,-0.32109144,0.6607163,0.81115127,-12.353343,-1.8818647
372654.0,0,0,-0.6354827,-0.23926921,-0.32741675,0.65704656,0.80955786,-12.343862,-1.8816212
372655.0,0,0,-0.6349287,-0.2404308,-0.33336985,0.6541584,0.80812126,-12.335022,-1.8822737
372656.0,0,0,-0.63432604,-0.24030235,-0.3386644,0.65206724,0.8068026,-12.326785,-1.8838649
372657.0,0,0,-0.63383657,-0.23911335,-0.342867,0.6507827,0.80554986,-12.319171,-1.8864045
372658.0,0,0,-0.6336026,-0.23717162,-0.3455564,0.6502985,0.8042939,-12.312154,-1.8898922
372659.0,0,0,-0.63376355,-0.23478009,-0.34627312,0.6506282,0.8029753,-12.305727,-1.8943061
372660.0,0,0,-0.6343729,-0.23216985,-0.34477368,0.6517663,0.8015597,-12.29989,-1.8996062
372661.0,0,0,-0.63563174,-0.22857206,-0.34065732,0.65397227,0.80006176,-12.294593,-1.9057821
372662.0,0,0,-0.6392472,-0.22130367,-0.33137882,0.65770495,0.7986756,-12.289407,-1.9127299
372663.0,0,0,-0.6433623,-0.21016084,-0.3234174,0.66130066,0.79756194,-12.283838,-1.9199585
372664.0,0,0,-0.6474498,-0.19658335,-0.3157886,0.6651626,0.7966173,-12.277978,-1.9269797
372665.0,0,0,-0.6502449,-0.18603909,-0.30896482,0.66866416,0.79560024,-12.272166,-1.9335303
372666.0,0,0,-0.6523319,-0.17773794,-0.30063963,0.6726724,0.7941634,-12.266394,-1.9395875
372667.0,0,0,-0.65518624,-0.17014357,-0.28706065,0.6777745,0.7920325,-12.260527,-1.9454333
372668.0,0,0,-0.65870535,-0.1645384,-0.26811802,0.6834815,0.7892917,-12.254412,-1.9516139
372669.0,0,0,-0.6636991,-0.156248,-0.24788709,0.6882167,0.7863949,-12.2479925,-1.9584631
372670.0,0,0,-0.67053896,-0.141274,-0.23000501,0.69102585,0.7836664,-12.24142,-1.9658898
372671.0,0,0,-0.6784873,-0.12335338,-0.21468663,0.6916275,0.78102607,-12.23506,-1.9734051
372672.0,0,0,-0.6865765,-0.10745488,-0.19911836,0.6909545,0.7782652,-12.229233,-1.9805247
372673.0,0,0,-0.6940585,-0.09466879,-0.18364623,0.68963367,0.7755131,-12.224238,-1.9868932
372674.0,0,0,-0.7003972,-0.08362221,-0.17025386,0.6880878,0.77300227,-12.219987,-1.9927143
372675.0,0,0,-0.7053566,-0.07367219,-0.15899882,0.68685067,0.7709759,-12.216364,-1.998133
372676.0,0,0,-0.709134,-0.06464377,-0.14905392,0.6860998,0.7695153,-12.213212,-2.003226
372677.0,0,0,-0.71196824,-0.05610115,-0.14044338,0.6857328,0.76859677,-12.210428,-2.008024
372678.0,0,0,-0.7139165,-0.04802727,-0.13360842,0.68568623,0.76814145,-12.20799,-2.012531
372679.0,0,0,-0.7149009,-0.040656753,-0.12810276,0.6861876,0.7680056,-12.205845,-2.0168033
372680.0,0,0,-0.7153102,-0.033950325,-0.1229348,0.6870704,0.76802266,-12.203912,-2.020884
372681.0,0,0,-0.715562,-0.027520949,-0.117921084,0.68797404,0.7680551,-12.2021,-2.0248363
372682.0,0,0,-0.71588224,-0.021058029,-0.11329332,0.68864644,0.7679896,-12.200356,-2.0287018
372683.0,0,0,-0.71674997,-0.015610289,-0.10959603,0.68848723,0.76763135,-12.198571,-2.0323892
372684.0,0,0,-0.7191499,-0.010384632,-0.1028435,0.6871237,0.7667934,-12.196812,-2.0357206
372685.0,0,0,-0.7218114,-0.0076953606,-0.0946742,0.6855406,0.7654567,-12.195343,-2.038688
372686.0,0,0,-0.724007,-0.0081722485,-0.087742746,0.6841406,0.76378113,-12.194238,-2.0413625
372687.0,0,0,-0.72604936,-0.009620225,-0.08003075,0.6829019,0.7620404,-12.193344,-2.0438342
372688.0,0,0,-0.72792387,-0.011225793,-0.07204306,0.68177027,0.76049733,-12.192527,-2.04617
372689.0,0,0,-0.7292308,-0.012685305,-0.0656227,0.68099564,0.7592647,-12.191742,-2.048402
372690.0,0,0,-0.73020315,-0.013786259,-0.06035894,0.68041915,0.7582748,-12.190994,-2.0505247
372691.0,0,0,-0.7311092,-0.014818064,-0.055454027,0.6798416,0.757361,-12.190317,-2.052526
372692.0,0,0,-0.7319483,-0.016264388,-0.050844427,0.6792658,0.7563836,-12.18974,-2.0544112
372693.0,0,0,-0.73277795,-0.018252876,-0.046282105,0.67864656,0.7553149,-12.189252,-2.0562031
372694.0,0,0,-0.7335334,-0.020422885,-0.04177324,0.6780611,0.75425285,-12.18882,-2.057913
372695.0,0,0,-0.7340851,-0.022283321,-0.038013842,0.6776264,0.75333786,-12.188418,-2.0595262
372696.0,0,0,-0.7344187,-0.023532214,-0.035237137,0.6773728,0.75264204,-12.188038,-2.0610285
372697.0,0,0,-0.7345454,-0.024224367,-0.03339292,0.6773043,0.75215334,-12.187685,-2.0624022
372698.0,0,0,-0.73461556,-0.02439957,-0.032196727,0.6772799,0.7517908,-12.18737,-2.063668
372699.0,0,0,-0.73466974,-0.024641186,-0.03147646,0.6772463,0.75146323,-12.187094,-2.0648632
372700.0,0,0,-0.7347113,-0.02496598,-0.030750751,0.6772226,0.75112045,-12.186831,-2.0660312
372701.0,0,0,-0.7347455,-0.025156414,-0.029928543,0.67721534,0.7507706,-12.186564,-2.067186
372702.0,0,0,-0.73475546,-0.025157321,-0.0291968,0.67723644,0.7504413,-12.18629,-2.0683293
372703.0,0,0,-0.7347506,-0.024996266,-0.028633513,0.6772716,0.7501465,-12.186018,-2.0694497
372704.0,0,0,-0.73473406,-0.024743402,-0.028218739,0.67731637,0.7498771,-12.185756,-2.0705492
372705.0,0,0,-0.7346966,-0.02445273,-0.027886579,0.6773811,0.74961686,-12.185501,-2.0716307
372706.0,0,0,-0.73464274,-0.024121046,-0.027523171,0.67746645,0.74934876,-12.1852455,-2.072705
372707.0,0,0,-0.734579,-0.023765957,-0.027029224,0.6775679,0.74906456,-12.184982,-2.0737789
372708.0,0,0,-0.73450154,-0.023398196,-0.026428727,0.67768836,0.7487663,-12.1847105,-2.0748537
372709.0,0,0,-0.7344105,-0.022996552,-0.025749052,0.677827,0.7484577,-12.184432,-2.0759304
372710.0,0,0,-0.7343198,-0.022575714,-0.025032917,0.6779663,0.74814266,-12.184153,-2.077002
372711.0,0,1,-0.73423845,-0.022022372,-0.024313657,0.67809874,0.74782234,-12.183878,-2.0780656
372712.0,0,1,-0.73415303,-0.021482805,-0.023611711,0.67823327,0.7474948,-12.183608,-2.079125
372713.0,0,1,-0.7340593,-0.020991964,-0.022952102,0.6783728,0.7471593,-12.18334,-2.080181
372714.0,0,1,-0.73396176,-0.020614881,-0.022225631,0.6785139,0.7468172,-12.183068,-2.081238
372715.0,0,1,-0.73384917,-0.020276934,-0.02140865,0.67867225,0.74647135,-12.182793,-2.082296
372716.0,0,1,-0.7337268,-0.019896047,-0.02052432,0.6788432,0.74612385,-12.182518,-2.0833464
372717.0,0,1,-0.73357475,-0.019525733,-0.01962098,0.67904484,0.7457708,-12.182244,-2.0843973
372718.0,0,1,-0.733389,-0.01923256,-0.01872353,0.67927915,0.74541223,-12.18197,-2.085451
372719.0,0,1,-0.7331815,-0.018948346,-0.017794788,0.67953604,0.74504966,-12.181692,-2.086504
372720.0,0,1,-0.7329542,-0.018627979,-0.016665328,0.6798186,0.74468845,-12.181426,-2.0875413
372721.0,0,1,-0.73272914,-0.018357769,-0.015511168,0.68009585,0.7443322,-12.18118,-2.088557
372722.0,0,1,-0.7324906,-0.018185778,-0.014535163,0.6803789,0.7439782,-12.180956,-2.089555
372723.0,0,1,-0.73225266,-0.018119656,-0.013925335,0.68064976,0.7436172,-12.180747,-2.0905416
372724.0,0,1,-0.7320082,-0.018349867,-0.013408726,0.68091667,0.7432476,-12.18054,-2.0915272
372725.0,0,1,-0.73171335,-0.018811772,-0.012948451,0.6812299,0.7428742,-12.1803255,-2.0925162
372726.0,0,1,-0.731372,-0.019273717,-0.01245247,0.6815926,0.74249417,-12.1800995,-2.0935104
372727.0,0,1,-0.7310227,-0.019570064,-0.012034369,0.68196625,0.7420958,-12.179862,-2.0945134
372728.0,0,1,-0.7306301,-0.019973503,-0.011732236,0.6823805,0.7416699,-12.179601,-2.0955298
372729.0,0,1,-0.7302465,-0.020410828,-0.011229162,0.6827866,0.7412178,-12.179299,-2.0965664
372730.0,1,1,-0.72989756,-0.020662481,-0.010134635,0.683169,0.74814266,-12.184153,-2.077002
372731.0,1,1,-0.7295165,-0.02071636,-0.008438501,0.6835973,0.74814266,-12.184153,-2.077002
372732.0,1,1,-0.7291016,-0.020570572,-0.0064187883,0.6840661,0.74814266,-12.184153,-2.077002
372733.0,1,1,-0.72867113,-0.020304797,-0.004308871,0.6845493,0.74814266,-12.184153,-2.077002
372734.0,1,1,-0.7282502,-0.0200164,-0.0021915052,0.6850154,0.74814266,-12.184153,-2.077002
372735.0,1,1,-0.7278322,-0.019709473,-4.3241245e-05,0.68547195,0.74814266,-12.184153,-2.077002
372736.0,1,1,-0.7274148,-0.019362837,0.0022453093,0.6859211,0.74814266,-12.184153,-2.077002
372737.0,1,1,-0.72698134,-0.018856648,0.00468207,0.68638235,0.74814266,-12.184153,-2.077002
372738.0,1,1,-0.7264964,-0.018165367,0.0069458284,0.686895,0.74814266,-12.184153,-2.077002
372739.0,1,1,-0.7259716,-0.017350754,0.008888872,0.6874484,0.74814266,-12.184153,-2.077002
372740.0,1,1,-0.72544587,-0.01648888,0.01055424,0.68800086,0.74814266,-12.184153,-2.077002
372741.0,1,1,-0.7249368,-0.01557965,0.011984317,0.6885349,0.74814266,-12.184153,-2.077002
372742.0,1,1,-0.7244785,-0.014576033,0.013210963,0.6890166,0.74814266,-12.184153,-2.077002
372743.0,1,1,-0.7240847,-0.013550605,0.014271234,0.6894303,0.74814266,-12.184153,-2.077002
372744.0,1,1,-0.7237511,-0.012579925,0.015189828,0.6897793,0.74814266,-12.184153,-2.077002
372745.0,1,1,-0.7234695,-0.011744868,0.01596147,0.690072,0.74814266,-12.184153,-2.077002
372746.0,1,1,-0.72325164,-0.010955469,0.01661685,0.69029766,0.74814266,-12.184153,-2.077002
372747.0,1,1,-0.7231168,-0.010170914,0.01725445,0.6904353,0.74814266,-12.184153,-2.077002
372748.0,1,1,-0.72305906,-0.009323542,0.0179593,0.6904898,0.74814266,-12.184153,-2.077002
372749.0,1,1,-0.7230352,-0.008422629,0.018662335,0.69050765,0.74814266,-12.184153,-2.077002
372750.0,1,1,-0.7230224,-0.0075281407,0.019260027,0.6905151,0.74814266,-12.184153,-2.077002
372751.0,1,1,-0.7230115,-0.006625368,0.019752905,0.6905218,0.74814266,-12.184153,-2.077002
372752.0,1,1,-0.72298384,-0.005727025,0.020164168,0.6905468,0.74814266,-12.184153,-2.077002
372753.0,1,1,-0.722932,-0.0048544537,0.020563016,0.6905962,0.74814266,-12.184153,-2.077002
372754.0,1,1,-0.7228678,-0.003893642,0.021021366,0.69065565,0.74814266,-12.184153,-2.077002
372755.0,1,1,-0.7227889,-0.002757137,0.021571558,0.6907267,0.74814266,-12.184153,-2.077002
372756.0,1,1,-0.72268575,-0.0014568595,0.022257723,0.6908168,0.74814266,-12.184153,-2.077002
372757.0,1,1,-0.72254014,-1.3482438e-05,0.02312945,0.69094205,0.74814266,-12.184153,-2.077002
372758.0,1,1,-0.72233456,0.0015056661,0.02415111,0.6911202,0.74814266,-12.184153,-2.077002
372759.0,1,1,-0.7220906,0.0031132314,0.025279706,0.6913295,0.74814266,-12.184153,-2.077002
372760.0,1,1,-0.72181964,0.0048984266,0.026564907,0.6915539,0.74814266,-12.184153,-2.077002
372761.0,1,1,-0.72152734,0.006938048,0.028017173,0.6917841,0.74814266,-12.184153,-2.077002
372762.0,1,1,-0.72123903,0.009044703,0.029583676,0.6919952,0.74814266,-12.184153,-2.077002
372763.0,1,1,-0.7209857,0.011261619,0.031316005,0.69215035,0.74814266,-12.184153,-2.077002
372764.0,1,1,-0.7207536,0.013608777,0.033206835,0.6922618,0.74814266,-12.184153,-2.077002
372765.0,1,1,-0.7205303,0.015785843,0.035009686,0.6923592,0.74814266,-12.184153,-2.077002
372766.0,1,1,-0.7203507,0.01779493,0.036644552,0.6924127,0.74814266,-12.184153,-2.077002
372767.0,1,1,-0.72021925,0.019869719,0.038270332,0.69240505,0.74814266,-12.184153,-2.077002
372768.0,1,1,-0.7201069,0.022095324,0.039977025,0.692358,0.74814266,-12.184153,-2.077002
372769.0,1,1,-0.7199923,0.024392905,0.041652963,0.6923013,0.74814266,-12.184153,-2.077002
372770.0,1,1,-0.7199076,0.026922418,0.04344705,0.6921854,0.74814266,-12.184153,-2.077002
372771.0,0,0,-0.7198235,0.029765176,0.045143068,0.6920479,0.7481532,-12.184152,-2.07698
372772.0,0,0,-0.71972847,0.03269446,0.046850927,0.6919011,0.74817216,-12.184138,-2.0769432
372773.0,0,0,-0.7196559,0.035740502,0.04866401,0.6917008,0.7481965,-12.184085,-2.0768988
372774.0,0,0,-0.71952885,0.038965598,0.05069256,0.69151294,0.7482261,-12.183956,-2.0768526
372775.0,0,0,-0.7192529,0.04270396,0.05316105,0.691394,0.7482669,-12.18371,-2.0768082
372776.0,0,0,-0.7188064,0.047309835,0.05633583,0.69130707,0.7483349,-12.183286,-2.0767717
372777.0,0,0,-0.71813065,0.053278584,0.06052921,0.6912207,0.7484547,-12.182592,-2.0767536
372778.0,0,0,-0.71729136,0.061589424,0.06644891,0.69085777,0.7486257,-12.181604,-2.076738
372779.0,0,0,-0.71632296,0.07161793,0.07374107,0.6901554,0.7488173,-12.180372,-2.0766869
372780.0,0,0,-0.71493477,0.08317836,0.08194924,0.68937224,0.74905294,-12.178741,-2.0765858
372781.0,0,0,-0.7132551,0.09881603,0.09244492,0.6877183,0.7493764,-12.1764965,-2.0764165
372782.0,0,0,-0.71201277,0.118513934,0.10695833,0.6837779,0.74983954,-12.173713,-2.0761297
372783.0,0,0,-0.7106015,0.13918294,0.12134584,0.6789321,0.7504898,-12.170636,-2.0756826
372784.0,0,0,-0.7071076,0.1617802,0.13338377,0.6753034,0.751318,-12.167099,-2.075074
372785.0,0,0,-0.7026322,0.18902142,0.1503761,0.6693026,0.75226986,-12.162814,-2.074386
372786.0,0,0,-0.6971757,0.21887183,0.16990247,0.6611915,0.75329113,-12.157804,-2.0737748
372787.0,0,0,-0.690143,0.25035033,0.18974653,0.6519383,0.75435996,-12.152181,-2.0734072
372788.0,0,0,-0.68090415,0.28389326,0.21094231,0.64130914,0.7554402,-12.146,-2.073433
372789.0,0,0,-0.66926914,0.31836176,0.2336823,0.62937844,0.75642,-12.13934,-2.0739725
372790.0,0,0,-0.65550756,0.35256755,0.2588729,0.6156223,0.7571329,-12.132328,-2.0751128
372791.0,0,0,-0.6399761,0.3861635,0.28687978,0.599173,0.75767946,-12.125081,-2.0767472
372792.0,0,0,-0.6247056,0.41712266,0.31222382,0.58160794,0.7584513,-12.117461,-2.0780458
372793.0,0,0,-0.6122193,0.43825364,0.32667843,0.5713164,0.75958395,-12.1090145,-2.0776498
372794.0,0,0,-0.6044952,0.44613713,0.3329495,0.56981736,0.7608803,-12.099022,-2.075132
372795.0,0,0,-0.60230035,0.44449487,0.33558145,0.5718774,0.76216114,-12.087222,-2.0713696
372796.0,0,0,-0.60172725,0.44002032,0.3345488,0.57652706,0.7633943,-12.073843,-2.0675259
372797.0,0,0,-0.60151464,0.43451694,0.3321934,0.58225656,0.7645927,-12.059252,-2.0641448
372798.0,0,0,-0.60244185,0.42706072,0.32964793,0.58823067,0.76576346,-12.043773,-2.0611835
372799.0,0,0,-0.60410625,0.41776562,0.32614538,0.59511065,0.76689965,-12.027679,-2.058508
372800.0,0,0,-0.60594636,0.40768337,0.32248166,0.60218674,0.7679957,-12.011134,-2.056137
372801.0,0,0,-0.60752326,0.39775744,0.31942636,0.6088278,0.7690592,-11.994235,-2.0541604
372802.0,0,0,-0.60863805,0.3881281,0.31683126,0.6152515,0.7700987,-11.977035,-2.052608
372803.0,0,0,-0.60944575,0.37856787,0.31457132,0.62153625,0.7711103,-11.959587,-2.0514467
372804.0,0,0,-0.6100645,0.36887512,0.31255412,0.6277439,0.77208436,-11.941928,-2.0506337
372805.0,0,0,-0.61048084,0.35905558,0.31066075,0.6339418,0.77301854,-11.924005,-2.0501447
372806.0,0,0,-0.61070544,0.3491848,0.3088634,0.64008766,0.7739133,-11.905795,-2.0499609
372807.0,0,0,-0.61078644,0.33924803,0.30699453,0.6462236,0.7747651,-11.887357,-2.0500453
372808.0,0,0,-0.6108075,0.32906583,0.30484414,0.6524568,0.77557147,-11.868615,-2.050352
372809.0,0,0,-0.6108158,0.31857857,0.3023327,0.65879196,0.776325,-11.849554,-2.0508444
372810.0,0,0,-0.61079663,0.30789736,0.29940143,0.6651959,0.7770183,-11.830233,-2.0514944
372811.0,0,0,-0.6107628,0.29707363,0.29598108,0.6716483,0.7776515,-11.810569,-2.0522802
372812.0,0,0,-0.61076623,0.2860959,0.29197645,0.67813236,0.77821904,-11.790576,-2.0531719
372813.0,0,0,-0.6108704,0.27489424,0.28723672,0.68466467,0.778709,-11.770324,-2.0541363
372814.0,0,0,-0.6111198,0.26338044,0.28172266,0.6912277,0.7791085,-11.749795,-2.0551562
372815.0,0,0,-0.6115341,0.2515998,0.2755338,0.6977139,0.7794059,-11.728993,-2.0562296
372816.0,0,0,-0.6121101,0.23968783,0.26876846,0.7040131,0.7795928,-11.707969,-2.057358
372817.0,0,0,-0.61285925,0.227717,0.26147693,0.71005523,0.77966386,-11.686731,-2.058543
372818.0,0,0,-0.6137791,0.21570192,0.25370628,0.7158079,0.77961564,-11.665255,-2.0597892
372819.0,0,0,-0.6148435,0.2037588,0.24553482,0.72122294,0.77945083,-11.643661,-2.0610962
372820.0,0,0,-0.61601454,0.19196297,0.2369799,0.7263035,0.77917737,-11.6218815,-2.062476
372821.0,0,0,-0.6172418,0.18048704,0.22810745,0.7310294,0.7788101,-11.599972,-2.0639265
372822.0,0,0,-0.6184889,0.16940983,0.21891285,0.7354243,0.77836466,-11.577908,-2.0654385
372823.0,0,0,-0.6197379,0.15877718,0.20937395,0.7395116,0.77785605,-11.555723,-2.0669866
372824.0,0,0,-0.6209868,0.14852746,0.1994429,0.74332875,0.77729416,-11.53343,-2.0685403
372825.0,0,0,-0.6222253,0.13857669,0.18910447,0.7469082,0.77668494,-11.511056,-2.0700693
372826.0,0,0,-0.62345034,0.12883763,0.1783462,0.75026864,0.77602834,-11.488528,-2.0715532
372827.0,0,0,-0.6246729,0.119291306,0.16726829,0.7533756,0.775327,-11.465961,-2.072963
372828.0,0,0,-0.6259208,0.10986294,0.15591858,0.7562028,0.77457905,-11.44335,-2.0742798
372829.0,0,0,-0.62721425,0.1004802,0.14432472,0.75873345,0.77378035,-11.420645,-2.0754879
372830.0,0,0,-0.628559,0.09111894,0.13258217,0.7609422,0.7729303,-11.397914,-2.0765667
372831.0,0,0,-0.6299655,0.08172616,0.120729625,0.76281625,0.7720244,-11.375128,-2.0775042
372832.0,0,0,-0.63145405,0.072277576,0.10882523,0.76432896,0.77106,-11.3523245,-2.0782886
372833.0,0,0,-0.6330325,0.06275725,0.09691022,0.7654671,0.77003485,-11.329521,-2.0789137
372834.0,0,0,-0.6347022,0.053187016,0.08502309,0.76622146,0.76894945,-11.30671,-2.079374
372835.0,0,0,-0.636461,0.043599334,0.0731864,0.76659,0.7678089,-11.283893,-2.0796592
372836.0,0,0,-0.6382966,0.033981174,0.061347604,0.76658934,0.7666218,-11.261106,-2.079753
372837.0,0,0,-0.64017725,0.024265861,0.049408425,0.76625264,0.7653936,-11.238314,-2.079636
372838.0,0,0,-0.64206314,0.014441106,0.037342235,0.7656055,0.7641346,-11.215552,-2.0792887
372839.0,0,0,-0.64391506,0.004470144,0.025101079,0.76467204,0.7628537,-11.192848,-2.078694
372840.0,0,0,-0.6456853,-0.0056865565,0.012662835,0.7634774,0.76156116,-11.170284,-2.0778446
372841.0,0,0,-0.64732814,-0.01611228,-4.734078e-05,0.76204115,0.7602557,-11.14776,-2.076733
372842.0,0,0,-0.6488025,-0.026710244,-0.012908918,0.7603783,0.75894934,-11.12539,-2.075372
372843.0,0,0,-0.6500823,-0.03743006,-0.02587647,0.7585001,0.75764555,-11.103141,-2.073771
372844.0,0,0,-0.65113306,-0.048198774,-0.038877532,0.7564332,0.75635165,-11.081077,-2.0719485
372845.0,0,0,-0.6519333,-0.058989115,-0.05188017,0.7541961,0.7550671,-11.059155,-2.0699139
372846.0,0,0,-0.6524664,-0.069728635,-0.06480016,0.75181544,0.7537957,-11.037439,-2.0676837
372847.0,0,0,-0.6527176,-0.08041621,-0.07763563,0.7493101,0.75253344,-11.015895,-2.065261
372848.0,0,0,-0.6526854,-0.09099999,-0.09034048,0.746699,0.7512799,-10.99457,-2.0626523
372849.0,0,0,-0.65236974,-0.10145081,-0.10291683,0.7439958,0.7500327,-10.973493,-2.05986
372850.0,0,0,-0.6517641,-0.11175718,-0.11536276,0.7412188,0.74879116,-10.952713,-2.0568883
372851.0,0,0,-0.6508534,-0.12191853,-0.12772065,0.7383856,0.74755186,-10.93222,-2.0537329
372852.0,0,0,-0.6496453,-0.13188048,-0.14003989,0.73549813,0.7463148,-10.912056,-2.050395
372853.0,0,0,-0.6481528,-0.141623,-0.15238184,0.73254395,0.7450777,-10.892246,-2.0468743
372854.0,0,0,-0.6464024,-0.15111676,-0.16474998,0.7295101,0.74383885,-10.872851,-2.043178
372855.0,0,0,-0.64442295,-0.16038275,-0.1772282,0.7263515,0.74259055,-10.85385,-2.0393033
372856.0,0,0,-0.64225376,-0.16940229,-0.18982637,0.7230346,0.74133253,-10.835335,-2.0352788
372857.0,0,0,-0.63994217,-0.1781856,-0.20251971,0.71952045,0.7400584,-10.817302,-2.0311248
372858.0,0,0,-0.63755673,-0.18669495,-0.21518637,0.71579415,0.7387668,-10.799802,-2.0268853
372859.0,0,0,-0.635172,-0.19490139,-0.22771944,0.7118383,0.7374532,-10.782826,-2.022602
372860.0,0,0,-0.6328597,-0.20275591,-0.23993927,0.7076778,0.73611456,-10.766408,-2.018335
372861.0,0,0,-0.6306662,-0.21025445,-0.25167271,0.7033591,0.7347405,-10.750557,-2.0141454
372862.0,0,0,-0.62864536,-0.21743096,-0.26272845,0.69892967,0.73331624,-10.735307,-2.0101056
372863.0,0,0,-0.62681836,-0.22434273,-0.27297938,0.69444317,0.73182213,-10.720675,-2.0062964
372864.0,0,0,-0.6252727,-0.23109774,-0.2820645,0.68997645,0.73024493,-10.7066345,-2.0028024
372865.0,0,0,-0.62377596,-0.23728578,-0.29093084,0.6855351,0.72860783,-10.693332,-1.9997407
372866.0,0,0,-0.62245846,-0.24310966,-0.29837692,0.68147963,0.7269119,-10.680593,-1.9971485
372867.0,0,0,-0.6212578,-0.2482874,-0.30467153,0.6779141,0.72521675,-10.6684675,-1.995129
372868.0,0,0,-0.62013686,-0.25226992,-0.31060046,0.6747722,0.7235825,-10.6569605,-1.99377
372869.0,0,0,-0.6190575,-0.25493824,-0.31612483,0.6721902,0.722042,-10.646066,-1.9931417
372870.0,0,0,-0.6180663,-0.2563192,-0.3211739,0.67018044,0.7206012,-10.635837,-1.9933027
372871.0,0,0,-0.61710775,-0.2566189,-0.32584167,0.6686942,0.7192305,-10.62629,-1.9942999
372872.0,0,0,-0.6162436,-0.2561514,-0.32977527,0.6677415,0.7178838,-10.617439,-1.9961649
372873.0,0,0,-0.61562294,-0.25509065,-0.3325595,0.667339,0.7165123,-10.609274,-1.9989126
372874.0,0,0,-0.6153887,-0.2535439,-0.33387867,0.6674858,0.7150717,-10.601769,-2.0025456
372875.0,0,0,-0.615623,-0.25168848,-0.33345896,0.6681814,0.71353763,-10.594944,-2.0070186
372876.0,0,0,-0.61637574,-0.24960056,-0.33113605,0.66942483,0.7118829,-10.588738,-2.0123227
372877.0,0,0,-0.61765915,-0.24715145,-0.32701713,0.6711729,0.71010053,-10.583164,-2.0183809
372878.0,0,0,-0.62019104,-0.24261048,-0.31986985,0.6739337,0.7082714,-10.57804,-2.0251422
372879.0,0,0,-0.6246,-0.23485373,-0.3101926,0.6771256,0.70659715,-10.572783,-2.0322967
372880.0,0,0,-0.62990093,-0.22262575,-0.30109563,0.68044394,0.70512927,-10.5671,-2.039276
372881.0,0,0,-0.6341433,-0.21191977,-0.2929532,0.6834697,0.7036496,-10.5613365,-2.0457845
372882.0,0,0,-0.6367954,-0.20525882,-0.28540674,0.68622404,0.7018617,-10.555709,-2.0518098
372883.0,0,0,-0.63943243,-0.19971125,-0.27513552,0.6895956,0.69947654,-10.55001,-2.0575433
372884.0,0,0,-0.6427562,-0.1945033,-0.2585356,0.6944007,0.6963741,-10.543853,-2.063519
372885.0,0,0,-0.6510273,-0.18074098,-0.23719425,0.69802225,0.6934707,-10.537157,-2.070317
372886.0,0,0,-0.6608464,-0.1608012,-0.22045025,0.69916135,0.6909023,-10.530563,-2.0775151
372887.0,0,0,-0.6701848,-0.14293566,-0.20578042,0.6986245,0.68844193,-10.524695,-2.0844505
372888.0,0,0,-0.67890394,-0.12923512,-0.1901634,0.6972988,0.6860736,-10.5197935,-2.0907257
372889.0,0,0,-0.68605393,-0.11746268,-0.17581025,0.6961488,0.68410414,-10.5157385,-2.096402
372890.0,0,0,-0.6913406,-0.1058743,-0.16382572,0.6957011,0.6828348,-10.512289,-2.101733
372891.0,0,0,-0.69524384,-0.09438489,-0.15307072,0.6959145,0.6823525,-10.509289,-2.106909
372892.0,0,0,-0.6977382,-0.083144724,-0.1438518,0.6968179,0.6825725,-10.506726,-2.1119494
372893.0,0,0,-0.6989262,-0.072468564,-0.13702503,0.6981938,0.68328327,-10.504624,-2.1167424
372894.0,0,0,-0.6993845,-0.062459946,-0.13173388,0.69971865,0.68421626,-10.502919,-2.1211963
372895.0,0,0,-0.69963944,-0.052875396,-0.12715624,0.70109934,0.68512195,-10.501533,-2.125282
372896.0,0,0,-0.6999594,-0.044252712,-0.12328243,0.7020683,0.6858227,-10.500426,-2.1290097
372897.0,0,0,-0.7005411,-0.03704679,-0.12017231,0.7024446,0.68619287,-10.499491,-2.1324043
372898.0,0,0,-0.7023168,-0.031366352,-0.11684829,0.70150816,0.68610495,-10.498629,-2.1353617
372899.0,0,0,-0.7051006,-0.026406726,-0.11006015,0.70001614,0.68552536,-10.497983,-2.137833
372900.0,0,0,-0.70734924,-0.025010725,-0.104455754,0.6986562,0.6845762,-10.4977255,-2.1399403
372901.0,0,0,-0.7091689,-0.025486141,-0.09945933,0.6975226,0.68348837,-10.497776,-2.1418235
372902.0,0,0,-0.71083176,-0.026029414,-0.09372755,0.69660306,0.6825263,-10.497978,-2.1435468
372903.0,0,0,-0.71207947,-0.026626391,-0.08872279,0.6959614,0.6818371,-10.498266,-2.1451437
372904.0,0,0,-0.7128133,-0.027194083,-0.08528086,0.6956184,0.6813965,-10.498639,-2.1466248
372905.0,0,0,-0.7133411,-0.027780961,-0.08244379,0.69539624,0.6810611,-10.499105,-2.1479938
372906.0,0,0,-0.713832,-0.02869532,-0.0795688,0.69519013,0.68068564,-10.49966,-2.1492612
372907.0,0,0,-0.7143184,-0.030060334,-0.07664842,0.6949609,0.6802046,-10.500288,-2.1504724
372908.0,0,0,-0.7148401,-0.031677023,-0.07358598,0.6946837,0.6796564,-10.500955,-2.1516511
372909.0,0,0,-0.7153405,-0.033239096,-0.07051511,0.69441396,0.67912865,-10.501635,-2.1528106
372910.0,0,0,-0.7157466,-0.034497265,-0.06774759,0.6942096,0.6786928,-10.502326,-2.153943
372911.0,0,0,-0.71606964,-0.035463374,-0.065414906,0.6940515,0.6783709,-10.503044,-2.1550298
372912.0,0,0,-0.7163353,-0.03624523,-0.06356561,0.6939088,0.6781483,-10.503802,-2.1560576
372913.0,0,0,-0.7165606,-0.036868796,-0.06212968,0.6937735,0.6780051,-10.504599,-2.1570282
372914.0,0,0,-0.7167696,-0.037277162,-0.06100727,0.6936353,0.67793226,-10.505417,-2.157956
372915.0,0,0,-0.71697783,-0.03738101,-0.06013033,0.6934909,0.6779264,-10.506238,-2.158859
372916.0,0,0,-0.7171738,-0.037198152,-0.059422474,0.69335914,0.6779758,-10.507048,-2.1597478
372917.0,0,0,-0.71736693,-0.036777407,-0.05875257,0.693239,0.6780571,-10.507852,-2.1606367
372918.0,0,1,-0.71756005,-0.036336057,-0.05798307,0.6931273,0.6781434,-10.508652,-2.1615236
372919.0,0,1,-0.7177217,-0.03548302,-0.057313323,0.6930598,0.67821574,-10.5094595,-2.1624086
372920.0,0,1,-0.71784455,-0.034528818,-0.056532025,0.69304484,0.67826784,-10.51028,-2.163287
372921.0,0,1,-0.7179189,-0.03366826,-0.05559973,0.69308555,0.67830294,-10.511112,-2.1641567
372922.0,0,1,-0.71793514,-0.032931544,-0.054607876,0.693183,0.6783241,-10.511953,-2.165019
372923.0,0,1,-0.7179111,-0.032209974,-0.05353037,0.6933258,0.67833,-10.512801,-2.1658766
372924.0,0,1,-0.7178583,-0.031476248,-0.05233265,0.6935057,0.6783173,-10.513658,-2.1667297
372925.0,0,1,-0.71779317,-0.030800482,-0.051069647,0.6936976,0.6782844,-10.514525,-2.1675854
372926.0,0,1,-0.7177264,-0.0303234,-0.04972233,0.6938855,0.6782367,-10.515395,-2.1684449
372927.0,0,1,-0.7176857,-0.030048568,-0.048094645,0.69405425,0.67818946,-10.516263,-2.169306
372928.0,0,1,-0.7176548,-0.029754188,-0.046176866,0.69422907,0.6781588,-10.517136,-2.1701574
372929.0,0,1,-0.717604,-0.02930695,-0.044177216,0.6944307,0.67814976,-10.518025,-2.1709907
372930.0,0,1,-0.71752405,-0.028737418,-0.042284206,0.694655,0.6781564,-10.518941,-2.1718059
372931.0,0,1,-0.71741,-0.028106444,-0.040608864,0.6948985,0.6781691,-10.519877,-2.1726043
372932.0,0,1,-0.71726465,-0.027509911,-0.03912125,0.6951577,0.6781816,-10.520833,-2.1733947
372933.0,0,1,-0.7171102,-0.026995134,-0.03770481,0.6954155,0.67819226,-10.521803,-2.174179
372934.0,0,1,-0.71694976,-0.026560022,-0.036284767,0.6956731,0.6782031,-10.522786,-2.1749578
372935.0,0,1,-0.7167874,-0.026200078,-0.03484392,0.6959276,0.6782175,-10.523782,-2.1757267
372936.0,0,1,-0.7166284,-0.025855256,-0.033390228,0.69617563,0.67823726,-10.524795,-2.176486
372937.0,1,1,-0.71645993,-0.025490593,-0.031993188,0.696428,0.6780571,-10.507852,-2.1606367
372938.0,1,1,-0.7162939,-0.025162436,-0.030630603,0.6966719,0.6780571,-10.507852,-2.1606367
372939.0,1,1,-0.7161377,-0.024945186,-0.02928807,0.69689804,0.6780571,-10.507852,-2.1606367
372940.0,1,1,-0.7159722,-0.02482112,-0.028143054,0.69711965,0.6780571,-10.507852,-2.1606367
372941.0,1,1,-0.7157996,-0.024779927,-0.027292557,0.69733196,0.6780571,-10.507852,-2.1606367
372942.0,1,1,-0.71563107,-0.024911076,-0.026564453,0.6975284,0.6780571,-10.507852,-2.1606367
372943.0,1,1,-0.7154692,-0.025151974,-0.025917888,0.69771016,0.6780571,-10.507852,-2.1606367
372944.0,1,1,-0.7152975,-0.025472486,-0.025339628,0.69789577,0.6780571,-10.507852,-2.1606367
372945.0,1,1,-0.7151307,-0.025749657,-0.024797138,0.6980762,0.6780571,-10.507852,-2.1606367
372946.0,1,1,-0.71494323,-0.026054814,-0.024389477,0.6982711,0.6780571,-10.507852,-2.1606367
372947.0,1,1,-0.71472144,-0.026539873,-0.024003118,0.69849324,0.6780571,-10.507852,-2.1606367
372948.0,1,1,-0.7144674,-0.02705671,-0.02347624,0.69875115,0.6780571,-10.507852,-2.1606367
372949.0,1,1,-0.71417683,-0.027508402,-0.022770673,0.69905376,0.6780571,-10.507852,-2.1606367
372950.0,1,1,-0.7138437,-0.02792144,-0.021856748,0.6994068,0.6780571,-10.507852,-2.1606367
372951.0,1,1,-0.71347415,-0.028275738,-0.020727227,0.6998039,0.6780571,-10.507852,-2.1606367
372952.0,1,1,-0.7130836,-0.028503902,-0.019446122,0.70022947,0.6780571,-10.507852,-2.1606367
372953.0,1,1,-0.7126966,-0.028592616,-0.01806114,0.7006568,0.6780571,-10.507852,-2.1606367
372954.0,1,1,-0.71232325,-0.028638104,-0.016617937,0.7010702,0.6780571,-10.507852,-2.1606367
372955.0,1,1,-0.71197134,-0.028659403,-0.015096758,0.701461,0.6780571,-10.507852,-2.1606367
372956.0,1,1,-0.7116249,-0.028608764,-0.013547165,0.7018462,0.6780571,-10.507852,-2.1606367
372957.0,1,1,-0.7112819,-0.028435612,-0.012073142,0.70222783,0.6780571,-10.507852,-2.1606367
372958.0,1,1,-0.71096843,-0.028206928,-0.010604126,0.70257795,0.6780571,-10.507852,-2.1606367
372959.0,1,1,-0.71070063,-0.02796135,-0.009043566,0.7028805,0.6780571,-10.507852,-2.1606367
372960.0,1,1,-0.71045715,-0.027654162,-0.007493835,0.7031571,0.6780571,-10.507852,-2.1606367
372961.0,1,1,-0.7102313,-0.027248304,-0.0060596773,0.70341486,0.6780571,-10.507852,-2.1606367
372962.0,1,1,-0.7100373,-0.026736872,-0.0047730557,0.7036401,0.6780571,-10.507852,-2.1606367
372963.0,1,1,-0.7098646,-0.026214255,-0.0036165882,0.70384085,0.6780571,-10.507852,-2.1606367
372964.0,1,1,-0.7097239,-0.025650509,-0.002550811,0.7040082,0.6780571,-10.507852,-2.1606367
372965.0,1,1,-0.70960844,-0.0250191,-0.0015601511,0.7041502,0.6780571,-10.507852,-2.1606367
372966.0,1,1,-0.7095183,-0.024399903,-0.00071289827,0.7042641,0.6780571,-10.507852,-2.1606367
372967.0,1,1,-0.70947134,-0.02378318,6.916183e-05,0.7043329,0.6780571,-10.507852,-2.1606367
372968.0,1,1,-0.70943594,-0.023058675,0.000810718,0.70439225,0.6780571,-10.507852,-2.1606367
372969.0,1,1,-0.70937645,-0.02223408,0.0015439149,0.7044774,0.6780571,-10.507852,-2.1606367
372970.0,1,1,-0.70929515,-0.021342767,0.002331628,0.70458466,0.6780571,-10.507852,-2.1606367
372971.0,1,1,-0.70917785,-0.02047023,0.0030831285,0.7047257,0.6780571,-10.507852,-2.1606367
372972.0,1,1,-0.7090322,-0.01960733,0.0038338215,0.70489305,0.6780571,-10.507852,-2.1606367
372973.0,1,1,-0.70888346,-0.018560505,0.0047034556,0.7050657,0.6780571,-10.507852,-2.1606367
372974.0,1,1,-0.7087215,-0.01732363,0.0056514377,0.7052529,0.6780571,-10.507852,-2.1606367
372975.0,1,1,-0.7085578,-0.015924701,0.0067329747,0.70544094,0.6780571,-10.507852,-2.1606367
372976.0,1,1,-0.7083863,-0.014369746,0.00786913,0.7056347,0.6780571,-10.507852,-2.1606367
372977.0,1,1,-0.7082113,-0.012721387,0.009074424,0.70582765,0.6780571,-10.507852,-2.1606367
372978.0,1,1,-0.7080347,-0.010959347,0.010316602,0.7060173,0.6780571,-10.507852,-2.1606367
372979.0,1,1,-0.70786375,-0.009020566,0.011591203,0.7061963,0.6780571,-10.507852,-2.1606367
372980.0,1,1,-0.7077002,-0.0069961636,0.0129295215,0.70636,0.6780571,-10.507852,-2.1606367
372981.0,1,1,-0.70755565,-0.004923723,0.014381324,0.7064942,0.6780571,-10.507852,-2.1606367
372982.0,1,1,-0.7074057,-0.002850414,0.015832366,0.70662475,0.6780571,-10.507852,-2.1606367
372983.0,1,1,-0.7072584,-0.0007235607,0.017304707,0.706743,0.6780571,-10.507852,-2.1606367
372984.0,1,1,-0.7071283,0.0015372947,0.018815167,0.7068333,0.6780571,-10.507852,-2.1606367
372985.0,1,1,-0.7069997,0.003872581,0.020381125,0.7069095,0.6780571,-10.507852,-2.1606367
372986.0,1,1,-0.7068709,0.0062891715,0.022025112,0.7069716,0.6780571,-10.507852,-2.1606367
372987.0,1,1,-0.70674855,0.008731527,0.023701204,0.7070138,0.6780571,-10.507852,-2.1606367
372988.0,1,1,-0.706628,0.011043734,0.025299547,0.70704657,0.6780571,-10.507852,-2.1606367
372989.0,1,1,-0.70650965,0.013441578,0.026948834,0.7070623,0.6780571,-10.507852,-2.1606367
372990.0,1,1,-0.7063594,0.015886923,0.028634999,0.7070955,0.6780571,-10.507852,-2.1606367
372991.0,1,1,-0.7061737,0.018372174,0.030311381,0.707151,0.6780571,-10.507852,-2.1606367
372992.0,0,0,-0.7059441,0.021747507,0.032263447,0.7071981,0.6780725,-10.507813,-2.1606207
372993.0,0,0,-0.7056697,0.025591237,0.03460766,0.70723236,0.6780983,-10.50772,-2.160596
372994.0,0,0,-0.7053384,0.029659392,0.03722763,0.707271,0.67813325,-10.507549,-2.1605723
372995.0,0,0,-0.70493054,0.034146037,0.040257722,0.70730925,0.67818457,-10.507249,-2.1605601
372996.0,0,0,-0.7043619,0.039550927,0.04406508,0.7073671,0.67826676,-10.506737,-2.1605682
372997.0,0,0,-0.70367354,0.046380408,0.049090512,0.7073066,0.67839986,-10.505901,-2.1606107
372998.0,0,0,-0.70290965,0.055341437,0.055792097,0.70692486,0.67861307,-10.504649,-2.160699
372999.0,0,0,-0.70215213,0.06755154,0.0646288,0.7058627,0.6788872,-10.503095,-2.1607592
373000.0,0,0,-0.70110255,0.08054564,0.07393934,0.70462805,0.67919713,-10.501313,-2.1607122
373001.0,0,0,-0.6994369,0.09548782,0.083891176,0.70330113,0.6795625,-10.499072,-2.1605356
373002.0,0,0,-0.6979721,0.11561665,0.098600686,0.6998184,0.68006915,-10.496377,-2.1601872
373003.0,0,0,-0.696142,0.13742656,0.11342597,0.69543856,0.68076634,-10.493399,-2.1596515
373004.0,0,0,-0.69219863,0.15987475,0.12481959,0.692619,0.6815777,-10.489959,-2.1589572
373005.0,0,0,-0.68774116,0.18560944,0.14160138,0.68739396,0.68244785,-10.485797,-2.1581862
373006.0,0,0,-0.6821928,0.21376288,0.1607594,0.680496,0.68335414,-10.481006,-2.157493
373007.0,0,0,-0.6749986,0.24316777,0.17963924,0.6730349,0.6842475,-10.475797,-2.1570027
373008.0,0,0,-0.6666548,0.27230003,0.20009772,0.66436803,0.68502194,-10.4703045,-2.1568022
373009.0,0,0,-0.6567594,0.30134308,0.22249946,0.65448713,0.68560076,-10.464515,-2.156973
373010.0,0,0,-0.64523154,0.33083174,0.24717154,0.642754,0.6860603,-10.458391,-2.1575403
373011.0,0,0,-0.6324594,0.36019796,0.27145335,0.6297346,0.6866069,-10.451983,-2.1583683
373012.0,0,0,-0.6204773,0.3858345,0.29048198,0.6178671,0.6872812,-10.445229,-2.158968
373013.0,0,0,-0.61035895,0.40407023,0.303773,0.6098451,0.6879479,-10.437751,-2.1585982
373014.0,0,0,-0.6037454,0.4140369,0.31276938,0.60517794,0.68853915,-10.429138,-2.156929
373015.0,0,0,-0.60035515,0.41703963,0.3161437,0.6047353,0.68907285,-10.41911,-2.1543462
373016.0,0,0,-0.59878665,0.41657847,0.31579953,0.6067847,0.68957496,-10.407702,-2.1515605
373017.0,0,0,-0.5983212,0.41477165,0.31428868,0.609261,0.6900672,-10.395093,-2.1489968
373018.0,0,0,-0.59881836,0.41122222,0.31142595,0.6126392,0.69055057,-10.381456,-2.1466901
373019.0,0,0,-0.60042524,0.40579718,0.30745122,0.6166781,0.69100237,-10.3669815,-2.1445823
373020.0,0,0,-0.6028247,0.39918533,0.30313,0.6207783,0.69140416,-10.351884,-2.1427
373021.0,0,0,-0.6054979,0.3920493,0.2988314,0.62479556,0.69175994,-10.3363085,-2.1411104
373022.0,0,0,-0.6082941,0.38462102,0.29475382,0.62862164,0.6920867,-10.32033,-2.1398416
373023.0,0,0,-0.61115605,0.37684897,0.2908743,0.63234913,0.6924054,-10.303915,-2.1388633
373024.0,0,0,-0.6139281,0.36883482,0.28713638,0.6360865,0.69272774,-10.287355,-2.138135
373025.0,0,0,-0.61661077,0.3604237,0.2834624,0.6399492,0.6930692,-10.270423,-2.1375957
373026.0,0,0,-0.6191521,0.35161874,0.27979106,0.6439967,0.6934323,-10.253211,-2.137211
373027.0,0,0,-0.621551,0.34240302,0.2760366,0.648258,0.6938131,-10.235738,-2.1369538
373028.0,0,0,-0.6238635,0.3327182,0.272115,0.6527223,0.6942014,-10.217987,-2.1368034
373029.0,0,0,-0.626098,0.3225447,0.2680079,0.6573722,0.69458157,-10.199996,-2.136748
373030.0,0,0,-0.6282643,0.31187555,0.2637547,0.66215634,0.69493866,-10.181743,-2.1367843
373031.0,0,0,-0.63035023,0.30084923,0.25943944,0.6669629,0.6952584,-10.163304,-2.1369088
373032.0,0,0,-0.6323491,0.2894807,0.25502786,0.671786,0.6955312,-10.144598,-2.1371145
373033.0,0,0,-0.6342427,0.27790472,0.2504703,0.6765869,0.69574505,-10.125705,-2.1373918
373034.0,0,0,-0.63601893,0.2662532,0.24571225,0.68133307,0.6958892,-10.10662,-2.1377332
373035.0,0,0,-0.63768375,0.2546198,0.24068426,0.6860025,0.6959529,-10.087331,-2.1381316
373036.0,0,0,-0.6392608,0.24299692,0.23526087,0.6906161,0.69592494,-10.06782,-2.1385808
373037.0,0,0,-0.64075005,0.23148979,0.22942725,0.6951366,0.69579476,-10.048173,-2.1390758
373038.0,0,0,-0.6421687,0.22011672,0.22318907,0.6995389,0.69555324,-10.028364,-2.1396158
373039.0,0,0,-0.6435277,0.20892127,0.2165391,0.7038003,0.6951954,-10.008411,-2.140198
373040.0,0,0,-0.64482623,0.19795772,0.20947771,0.70790607,0.69472027,-9.988314,-2.1408198
373041.0,0,0,-0.6460757,0.18727475,0.2020391,0.7118248,0.69413185,-9.968088,-2.1414762
373042.0,0,0,-0.6472775,0.17686047,0.19420916,0.7155662,0.693435,-9.947714,-2.1421604
373043.0,0,0,-0.648428,0.16671528,0.18600963,0.7191298,0.6926357,-9.927233,-2.142858
373044.0,0,0,-0.6495492,0.15678878,0.17746499,0.7225021,0.69173574,-9.906652,-2.143551
373045.0,0,0,-0.6506521,0.1470233,0.16858324,0.72568303,0.690733,-9.88594,-2.1442242
373046.0,0,0,-0.65175295,0.13740145,0.15940188,0.72864944,0.6896279,-9.8651,-2.1448624
373047.0,0,0,-0.6528697,0.12792677,0.14997226,0.73137146,0.6884271,-9.844193,-2.145449
373048.0,0,0,-0.6540133,0.11854348,0.14026071,0.7338536,0.68713385,-9.823192,-2.145967
373049.0,0,0,-0.65517926,0.109190926,0.1302605,0.73610437,0.6857521,-9.802072,-2.1464005
373050.0,0,0,-0.6563527,0.099899895,0.120040394,0.7381134,0.68429613,-9.780926,-2.1467335
373051.0,0,0,-0.6576192,0.09067307,0.109370805,0.7398335,0.6827823,-9.759695,-2.146942
373052.0,0,0,-0.6588323,0.081424184,0.09848895,0.74135685,0.68122447,-9.738445,-2.1470125
373053.0,0,0,-0.6599748,0.072137795,0.087400325,0.74269146,0.6796307,-9.717156,-2.146937
373054.0,0,0,-0.66101456,0.06285761,0.07618099,0.74384487,0.6780156,-9.695886,-2.14671
373055.0,0,0,-0.6619346,0.053514354,0.06478182,0.744837,0.6763793,-9.674528,-2.1463249
373056.0,0,0,-0.6627,0.044149853,0.053289596,0.7456808,0.6747442,-9.653312,-2.1457853
373057.0,0,0,-0.6633024,0.03470751,0.041648127,0.74638504,0.67310226,-9.632081,-2.14509
373058.0,0,0,-0.66372144,0.025295153,0.029953849,0.74695164,0.6714661,-9.610935,-2.1442475
373059.0,0,0,-0.6639559,0.015949002,0.018205263,0.74737996,0.66983676,-9.589828,-2.14326
373060.0,0,0,-0.66401035,0.0067052227,0.0064183073,0.7476657,0.6682161,-9.56876,-2.1421275
373061.0,0,0,-0.6638997,-0.0024236422,-0.005358305,0.7477985,0.6666067,-9.547797,-2.140851
373062.0,0,0,-0.6636473,-0.011446703,-0.017113324,0.7477624,0.6650049,-9.526956,-2.1394265
373063.0,0,0,-0.6632699,-0.02041624,-0.028880816,0.7475441,0.6634026,-9.506189,-2.137842
373064.0,0,0,-0.6627752,-0.02936925,-0.04066619,0.74713635,0.6617981,-9.485516,-2.1360872
373065.0,0,0,-0.6621621,-0.03830142,-0.0524329,0.74654216,0.660196,-9.464998,-2.134156
373066.0,0,0,-0.6614314,-0.047206264,-0.06418184,0.745762,0.6585975,-9.444622,-2.132035
373067.0,0,0,-0.6605771,-0.05610409,-0.07595951,0.74479556,0.65700626,-9.424379,-2.1297126
373068.0,0,0,-0.6595677,-0.065018065,-0.08779989,0.7436628,0.65542984,-9.404313,-2.1271863
373069.0,0,0,-0.65836596,-0.07397176,-0.09971175,0.74238807,0.65387535,-9.384462,-2.1244602
373070.0,0,0,-0.65694124,-0.08294558,-0.11169654,0.74099404,0.6523483,-9.364855,-2.1215441
373071.0,0,0,-0.6552709,-0.09190498,-0.12377499,0.7394953,0.65084875,-9.345461,-2.1184413
373072.0,0,0,-0.6533624,-0.10075552,-0.13590342,0.7378999,0.6493803,-9.326303,-2.1151626
373073.0,0,0,-0.6512319,-0.10941579,-0.14805415,0.73621005,0.6479455,-9.307429,-2.1117206
373074.0,0,0,-0.6488765,-0.117942646,-0.16026711,0.7344137,0.6465388,-9.288853,-2.1081195
373075.0,0,0,-0.6463079,-0.12635677,-0.17253846,0.7324962,0.64515525,-9.27063,-2.1043766
373076.0,0,0,-0.64356303,-0.13463417,-0.18484867,0.73043233,0.643784,-9.252721,-2.1004915
373077.0,0,0,-0.64072084,-0.14265123,-0.19710338,0.7282016,0.6424239,-9.235207,-2.0964906
373078.0,0,0,-0.637845,-0.1503963,-0.20928575,0.72576463,0.64106464,-9.218102,-2.0923867
373079.0,0,0,-0.63499,-0.15795939,-0.22135146,0.72307694,0.639689,-9.201435,-2.0881991
373080.0,0,0,-0.63221526,-0.16541936,-0.2332114,0.7201061,0.6382763,-9.185232,-2.0839574
373081.0,0,0,-0.629585,-0.17279564,-0.24477582,0.7168328,0.6368053,-9.169491,-2.0796945
373082.0,0,0,-0.6271933,-0.1800075,-0.25588748,0.71326536,0.6352669,-9.154268,-2.0754678
373083.0,0,0,-0.6251184,-0.1869686,-0.26644355,0.7094207,0.6336513,-9.139584,-2.0713322
373084.0,0,0,-0.6234293,-0.19372548,-0.27626625,0.70532495,0.6319442,-9.125416,-2.0673354
373085.0,0,0,-0.6219827,-0.20022166,-0.28582063,0.7009675,0.6301422,-9.111822,-2.0635474
373086.0,0,0,-0.6208326,-0.2065798,-0.29441696,0.6965704,0.62824035,-9.098773,-2.0600235
373087.0,0,0,-0.61995685,-0.21253873,-0.30208838,0.69225967,0.6262846,-9.086412,-2.0568795
373088.0,0,0,-0.61923677,-0.21781957,-0.30939183,0.68802416,0.62429047,-9.074584,-2.0541584
373089.0,0,0,-0.61861277,-0.222235,-0.31622142,0.684057,0.62230676,-9.063315,-2.0519457
373090.0,0,0,-0.6180252,-0.2255852,-0.32264856,0.6804808,0.6203818,-9.052659,-2.0503228
373091.0,0,0,-0.6173836,-0.22777563,-0.32883072,0.67736703,0.6185353,-9.042604,-2.0493524
373092.0,0,0,-0.61668044,-0.22887756,-0.33470348,0.67475474,0.6167688,-9.0331545,-2.0490916
373093.0,0,0,-0.61594707,-0.22905473,-0.3400833,0.6726712,0.61507004,-9.024337,-2.049582
373094.0,0,0,-0.6152718,-0.22844827,-0.34474134,0.6711225,0.61340505,-9.016134,-2.0508468
373095.0,0,0,-0.614807,-0.22721446,-0.34826636,0.6701467,0.6117324,-9.008533,-2.0528917
373096.0,0,0,-0.6146784,-0.22556888,-0.3502807,0.66977054,0.6100131,-9.00154,-2.055702
373097.0,0,0,-0.6149566,-0.22376776,-0.35057694,0.6699643,0.6082131,-8.995153,-2.0592623
373098.0,0,0,-0.6156741,-0.22195098,-0.34909007,0.67068577,0.606329,-8.989404,-2.0635307
373099.0,0,0,-0.6168068,-0.220134,-0.3459331,0.6718785,0.60435486,-8.984282,-2.0684826
373100.0,0,0,-0.6185234,-0.21746272,-0.3407162,0.6738332,0.60231006,-8.979687,-2.074118
373101.0,0,0,-0.62236893,-0.21214007,-0.3313979,0.6766306,0.60038054,-8.975162,-2.0802386
373102.0,0,0,-0.6267206,-0.20330034,-0.3223019,0.67971456,0.59875435,-8.970253,-2.0863843
373103.0,0,0,-0.6302667,-0.19372475,-0.3147436,0.68276715,0.5973706,-8.965127,-2.0921352
373104.0,0,0,-0.63266957,-0.18702051,-0.30776843,0.68558824,0.5959363,-8.960027,-2.0973852
373105.0,0,0,-0.634197,-0.18274245,-0.29904678,0.689181,0.5940734,-8.954849,-2.1022067
373106.0,0,0,-0.63642675,-0.17891528,-0.2837953,0.6945578,0.5915241,-8.949274,-2.1070116
373107.0,0,0,-0.6397717,-0.1757247,-0.26197785,0.7008428,0.58850694,-8.94309,-2.1123846
373108.0,0,0,-0.64516646,-0.16722223,-0.23921713,0.7060964,0.58558416,-8.936305,-2.1186502
373109.0,0,0,-0.6530386,-0.14971843,-0.22053547,0.7088646,0.5830184,-8.929293,-2.1255805
373110.0,0,0,-0.66169524,-0.13013509,-0.20532505,0.7092714,0.58056563,-8.922626,-2.1325235
373111.0,0,0,-0.670222,-0.11430733,-0.18909495,0.708505,0.5779965,-8.916694,-2.1389124
373112.0,0,0,-0.67790055,-0.10148952,-0.17264792,0.7073496,0.5754975,-8.91162,-2.1445963
373113.0,0,0,-0.6839878,-0.08971092,-0.15891139,0.7063001,0.5734434,-8.907286,-2.1497812
373114.0,0,0,-0.6885277,-0.07862375,-0.14711499,0.7057656,0.57207656,-8.903521,-2.1546843
373115.0,0,0,-0.69158787,-0.068333894,-0.13677908,0.70592374,0.5714261,-8.900233,-2.1593707
373116.0,0,0,-0.6933414,-0.058646917,-0.12850879,0.70662844,0.5713709,-8.897387,-2.163798
373117.0,0,0,-0.6941246,-0.049810667,-0.12202512,0.7076863,0.571696,-8.894957,-2.167883
373118.0,0,0,-0.694339,-0.041912932,-0.116656005,0.70889217,0.5721642,-8.892849,-2.171659
373119.0,0,0,-0.69441766,-0.034809858,-0.112136096,0.7099281,0.5725546,-8.89101,-2.175114
373120.0,0,0,-0.6946933,-0.028307112,-0.10795635,0.71059495,0.57272935,-8.889324,-2.1783864
373121.0,0,0,-0.6953132,-0.022450717,-0.103880376,0.7108054,0.5726284,-8.887741,-2.1815038
373122.0,0,0,-0.69628775,-0.017104812,-0.099654056,0.71060526,0.5722729,-8.886219,-2.1845033
373123.0,0,0,-0.69759357,-0.012403008,-0.09535484,0.71001184,0.57167643,-8.884688,-2.1874056
373124.0,0,0,-0.6996762,-0.0088618975,-0.09010919,0.7086995,0.57080394,-8.883105,-2.1901333
373125.0,0,0,-0.70215565,-0.0061402214,-0.081732474,0.7072904,0.56965756,-8.881601,-2.1925876
373126.0,0,0,-0.7042919,-0.005640651,-0.07391732,0.70602924,0.56831217,-8.880358,-2.1947472
373127.0,0,0,-0.7061455,-0.0066168457,-0.06723476,0.70483637,0.56687057,-8.879383,-2.196652
373128.0,0,0,-0.7079046,-0.008399694,-0.060481746,0.70366365,0.5654717,-8.878588,-2.1983528
373129.0,0,0,-0.7094443,-0.010520278,-0.05412308,0.7026015,0.5642199,-8.877881,-2.199927
373130.0,0,0,-0.7106165,-0.012444594,-0.04894933,0.7017645,0.5631506,-8.877213,-2.20141
373131.0,0,0,-0.7116119,-0.014093688,-0.044172365,0.70104104,0.56220305,-8.8765545,-2.2028184
373132.0,0,0,-0.7125285,-0.015630255,-0.039424855,0.70036036,0.56129885,-8.875914,-2.2041388
373133.0,0,0,-0.7133619,-0.017201448,-0.034852017,0.69971734,0.5604056,-8.875309,-2.2053468
373134.0,0,0,-0.7141185,-0.018759456,-0.03063771,0.6991025,0.559561,-8.874765,-2.2064183
373135.0,0,0,-0.71471757,-0.020247087,-0.027141126,0.698593,0.558842,-8.874293,-2.2073493
373136.0,0,0,-0.7149887,-0.021451302,-0.02461784,0.69837314,0.55832976,-8.873869,-2.2081428
373137.0,0,0,-0.71505445,-0.021737061,-0.022939276,0.6983542,0.55803436,-8.873477,-2.2088146
373138.0,0,0,-0.71505445,-0.021787466,-0.022179605,0.6983771,0.5578647,-8.873116,-2.2094066
373139.0,0,0,-0.71508074,-0.02176111,-0.021603862,0.69836915,0.5577089,-8.872764,-2.2099683
373140.0,0,0,-0.71516913,-0.021708883,-0.020818016,0.6983041,0.5575221,-8.872403,-2.2105248
373141.0,0,0,-0.7152524,-0.0215412,-0.01999606,0.698248,0.5573364,-8.872032,-2.2110722
373142.0,0,0,-0.7152988,-0.021110853,-0.019400029,0.6982304,0.55719084,-8.871653,-2.2116065
373143.0,0,0,-0.7153267,-0.020475235,-0.019048672,0.6982304,0.5570879,-8.871274,-2.2121198
373144.0,0,0,-0.71534985,-0.019799843,-0.018782083,0.69823337,0.55699825,-8.870898,-2.2126167
373145.0,0,0,-0.71537197,-0.019145278,-0.018415501,0.6982387,0.5568967,-8.870518,-2.213107
373146.0,0,0,-0.7153733,-0.01849024,-0.017942589,0.6982674,0.55677956,-8.87013,-2.2135942
373147.0,0,0,-0.7153429,-0.017813172,-0.01739956,0.6983299,0.5566502,-8.869732,-2.2140787
373148.0,0,0,-0.71530044,-0.017151432,-0.016788678,0.6984048,0.55650645,-8.86933,-2.2145562
373149.0,0,0,-0.71525687,-0.016583888,-0.016094705,0.6984796,0.55634284,-8.868927,-2.215029
373150.0,0,0,-0.7152055,-0.01609955,-0.015357835,0.69856,0.55616486,-8.868526,-2.2154927
373151.0,0,1,-0.7151397,-0.015563972,-0.01470179,0.6986537,0.55598015,-8.868122,-2.2159529
373152.0,0,1,-0.7150665,-0.015110091,-0.013929745,0.69875425,0.55579644,-8.867716,-2.216406
373153.0,0,1,-0.714984,-0.01464513,-0.013110627,0.6988646,0.555614,-8.867309,-2.2168508
373154.0,0,1,-0.7148855,-0.01416454,-0.0122864945,0.69899017,0.5554318,-8.866904,-2.2172847
373155.0,0,1,-0.71476823,-0.013692954,-0.011519784,0.6991324,0.5552472,-8.866503,-2.21771
373156.0,0,1,-0.71462816,-0.01326772,-0.010801608,0.6992954,0.555058,-8.8661,-2.2181275
373157.0,0,1,-0.71446764,-0.012875968,-0.010015138,0.69947827,0.5548669,-8.865701,-2.2185326
373158.0,0,1,-0.71429443,-0.012521518,-0.009182296,0.69967294,0.5546769,-8.865309,-2.2189236
373159.0,0,1,-0.71410495,-0.01221113,-0.00847638,0.69988084,0.5544865,-8.864927,-2.2193012
373160.0,0,1,-0.7139245,-0.011980367,-0.007878276,0.70007586,0.5542937,-8.864553,-2.2196672
373161.0,0,1,-0.7137632,-0.011859315,-0.0072945748,0.7002487,0.5541002,-8.864183,-2.220023
373162.0,0,1,-0.71361524,-0.011802665,-0.006795926,0.70040554,0.55390894,-8.863818,-2.2203665
373163.0,0,1,-0.7134803,-0.01182928,-0.0063852575,0.70054644,0.55371773,-8.863453,-2.2207034
373164.0,0,1,-0.7133575,-0.01187394,-0.0060192076,0.70067394,0.55352575,-8.863086,-2.2210352
373165.0,0,1,-0.7132476,-0.011907734,-0.005646485,0.7007884,0.5533318,-8.862719,-2.2213614
373166.0,0,1,-0.71315014,-0.011980787,-0.005292922,0.70088905,0.5531351,-8.862353,-2.2216816
373167.0,0,1,-0.713051,-0.012145841,-0.00504035,0.7009889,0.55293447,-8.861987,-2.221997
373168.0,0,1,-0.7129441,-0.012372379,-0.004850976,0.70109504,0.5527275,-8.861612,-2.222312
373169.0,0,1,-0.7128228,-0.012618544,-0.004633194,0.70121545,0.55251414,-8.861225,-2.2226286
373170.0,1,1,-0.7126809,-0.012854626,-0.0043119676,0.7013575,0.55616486,-8.868526,-2.2154927
373171.0,1,1,-0.7125224,-0.01305516,-0.0038831553,0.70151716,0.55616486,-8.868526,-2.2154927
373172.0,1,1,-0.7123414,-0.013255377,-0.0033986282,0.7016998,0.55616486,-8.868526,-2.2154927
373173.0,1,1,-0.71213895,-0.013488051,-0.0029029406,0.701903,0.55616486,-8.868526,-2.2154927
373174.0,1,1,-0.7119196,-0.0137360245,-0.0023648932,0.7021226,0.55616486,-8.868526,-2.2154927
373175.0,1,1,-0.7116805,-0.013981595,-0.001740686,0.70236206,0.55616486,-8.868526,-2.2154927
373176.0,1,1,-0.7114165,-0.014184193,-0.0009946768,0.7026269,0.55616486,-8.868526,-2.2154927
373177.0,1,1,-0.71111625,-0.0143400105,-0.00015295533,0.7029282,0.55616486,-8.868526,-2.2154927
373178.0,1,1,-0.71080035,-0.014452602,0.00075071474,0.7032449,0.55616486,-8.868526,-2.2154927
373179.0,1,1,-0.7105033,-0.014516445,0.0017084458,0.7035422,0.55616486,-8.868526,-2.2154927
373180.0,1,1,-0.7102391,-0.014533947,0.0027639435,0.703805,0.55616486,-8.868526,-2.2154927
373181.0,1,1,-0.7099736,-0.014503997,0.003963921,0.7040679,0.55616486,-8.868526,-2.2154927
373182.0,1,1,-0.70969576,-0.014451588,0.005222008,0.7043407,0.55616486,-8.868526,-2.2154927
373183.0,1,1,-0.70944154,-0.014269732,0.006546842,0.7045894,0.55616486,-8.868526,-2.2154927
373184.0,1,1,-0.70920694,-0.013956046,0.00789617,0.7048181,0.55616486,-8.868526,-2.2154927
373185.0,1,1,-0.7089986,-0.013480253,0.009261872,0.70502025,0.55616486,-8.868526,-2.2154927
373186.0,1,1,-0.7088323,-0.0128229335,0.010580035,0.70518106,0.55616486,-8.868526,-2.2154927
373187.0,1,1,-0.7087083,-0.012122527,0.0117631275,0.70529944,0.55616486,-8.868526,-2.2154927
373188.0,1,1,-0.7086365,-0.011419138,0.012808376,0.705365,0.55616486,-8.868526,-2.2154927
373189.0,1,1,-0.70860595,-0.010600089,0.013708118,0.70539165,0.55616486,-8.868526,-2.2154927
373190.0,1,1,-0.7086049,-0.009739458,0.014402105,0.70539135,0.55616486,-8.868526,-2.2154927
373191.0,1,1,-0.70863426,-0.008918322,0.01493179,0.70536166,0.55616486,-8.868526,-2.2154927
373192.0,1,1,-0.7086838,-0.008118095,0.015357653,0.7053125,0.55616486,-8.868526,-2.2154927
373193.0,1,1,-0.7087368,-0.0073527163,0.01570709,0.70526,0.55616486,-8.868526,-2.2154927
373194.0,1,1,-0.7087808,-0.0066605397,0.015988069,0.70521617,0.55616486,-8.868526,-2.2154927
373195.0,1,1,-0.7088014,-0.0060453448,0.016219601,0.7051957,0.55616486,-8.868526,-2.2154927
373196.0,1,1,-0.70879793,-0.0053987615,0.016503826,0.7051979,0.55616486,-8.868526,-2.2154927
373197.0,1,1,-0.70876044,-0.0046242313,0.016922278,0.705231,0.55616486,-8.868526,-2.2154927
373198.0,1,1,-0.7086849,-0.0037809492,0.017375717,0.70530105,0.55616486,-8.868526,-2.2154927
373199.0,1,1,-0.708587,-0.0029105786,0.017875364,0.705391,0.55616486,-8.868526,-2.2154927
373200.0,1,1,-0.7084788,-0.0019511983,0.018493038,0.70548713,0.55616486,-8.868526,-2.2154927
373201.0,1,1,-0.7083538,-0.0008538168,0.019237632,0.70559484,0.55616486,-8.868526,-2.2154927
373202.0,1,1,-0.7082147,0.0003759722,0.020063974,0.70571196,0.55616486,-8.868526,-2.2154927
373203.0,1,1,-0.7080791,0.0017220969,0.021007463,0.7058185,0.55616486,-8.868526,-2.2154927
373204.0,1,1,-0.70793426,0.0031780887,0.022067217,0.7059263,0.55616486,-8.868526,-2.2154927
373205.0,1,1,-0.7077768,0.004634386,0.023121262,0.7060425,0.55616486,-8.868526,-2.2154927
373206.0,1,1,-0.7076405,0.006019789,0.024127146,0.70613503,0.55616486,-8.868526,-2.2154927
373207.0,1,1,-0.70754546,0.007549816,0.025188409,0.7061785,0.55616486,-8.868526,-2.2154927
373208.0,1,1,-0.70749164,0.009452045,0.026423164,0.7061643,0.55616486,-8.868526,-2.2154927
373209.0,1,1,-0.7074593,0.011622738,0.027850633,0.70610946,0.55616486,-8.868526,-2.2154927
373210.0,1,1,-0.7074349,0.013930746,0.029419448,0.70602864,0.55616486,-8.868526,-2.2154927
373211.0,1,1,-0.7073843,0.016359525,0.031195736,0.705951,0.55616486,-8.868526,-2.2154927
373212.0,1,1,-0.7073107,0.018913094,0.033183742,0.7058703,0.55616486,-8.868526,-2.2154927
373213.0,0,0,-0.7072441,0.021750202,0.035224218,0.70575625,0.55617374,-8.868527,-2.2154698
373214.0,0,0,-0.70719415,0.024771279,0.037304807,0.7055999,0.5561967,-8.868534,-2.2154248
373215.0,0,0,-0.70710516,0.027984316,0.03938893,0.70545566,0.55623585,-8.868546,-2.2153578
373216.0,0,0,-0.7069471,0.03141656,0.04154798,0.70534575,0.5562881,-8.868541,-2.2152739
373217.0,0,0,-0.7067782,0.035141334,0.04394719,0.7051939,0.5563495,-8.868493,-2.2151802
373218.0,0,0,-0.70656466,0.039377425,0.046870336,0.7049957,0.5564286,-8.868322,-2.215093
373219.0,0,0,-0.70629597,0.0446127,0.05056586,0.7046976,0.5565355,-8.867956,-2.21502
373220.0,0,0,-0.70599085,0.05107274,0.05532916,0.70420676,0.5566873,-8.867328,-2.2149646
373221.0,0,0,-0.70567006,0.059303485,0.061247915,0.70339286,0.5569029,-8.866388,-2.2149165
373222.0,0,0,-0.7052772,0.06991819,0.068742394,0.70211816,0.55716187,-8.865199,-2.2148302
373223.0,0,0,-0.70452976,0.08177664,0.077534504,0.70067036,0.55746454,-8.863746,-2.2146728
373224.0,0,0,-0.7030866,0.09656411,0.08710117,0.69911224,0.5578456,-8.86175,-2.2144446
373225.0,0,0,-0.701777,0.11638738,0.10107103,0.6955197,0.5583776,-8.85914,-2.2140923
373226.0,0,0,-0.70022017,0.13833873,0.11649761,0.69063926,0.55914074,-8.856168,-2.2135625
373227.0,0,0,-0.6963314,0.16179278,0.12798886,0.68743336,0.5601212,-8.852707,-2.2128632
373228.0,0,0,-0.69137424,0.1900699,0.14448789,0.68190783,0.56124526,-8.848443,-2.2120774
373229.0,0,0,-0.6852891,0.22132772,0.16391143,0.6741854,0.56247085,-8.843355,-2.2113662
373230.0,0,0,-0.6770102,0.25480238,0.18368083,0.66557825,0.56376797,-8.837652,-2.2109036
373231.0,0,0,-0.6661001,0.2898277,0.20454489,0.6561036,0.5650709,-8.831479,-2.210816
373232.0,0,0,-0.65278935,0.32495403,0.22685331,0.6456072,0.5662147,-8.824963,-2.2112153
373233.0,0,0,-0.6373833,0.36004618,0.25236052,0.6327902,0.56710297,-8.818141,-2.2121449
373234.0,0,0,-0.62121797,0.39374626,0.2784377,0.6176768,0.5679615,-8.811119,-2.2132158
373235.0,0,0,-0.607709,0.42119834,0.296437,0.6044889,0.56904274,-8.803768,-2.2132568
373236.0,0,0,-0.59727603,0.43650222,0.30430132,0.6001066,0.57026553,-8.795414,-2.2112553
373237.0,0,0,-0.59239644,0.43940443,0.3086357,0.6006116,0.57142866,-8.7855215,-2.207571
373238.0,0,0,-0.59085256,0.43728086,0.31074646,0.60259044,0.5724901,-8.774012,-2.203427
373239.0,0,0,-0.58970743,0.4350661,0.31075656,0.6053041,0.5735058,-8.761187,-2.1997051
373240.0,0,0,-0.5895557,0.43165377,0.3100272,0.6082617,0.5745128,-8.747326,-2.1965132
373241.0,0,0,-0.590652,0.42607674,0.30855024,0.61187065,0.5755032,-8.732722,-2.1937137
373242.0,0,0,-0.59227484,0.4193617,0.3066239,0.61589617,0.5764718,-8.717561,-2.1913245
373243.0,0,0,-0.59367865,0.41310516,0.30525386,0.6194432,0.5774321,-8.702012,-2.1894984
373244.0,0,0,-0.5945182,0.4077451,0.30460495,0.62250143,0.57841396,-8.68609,-2.1882927
373245.0,0,0,-0.59497404,0.40277207,0.30424693,0.6254714,0.57943624,-8.669787,-2.1876314
373246.0,0,0,-0.5952993,0.39755726,0.30373126,0.62874025,0.58050793,-8.6530285,-2.1873944
373247.0,0,0,-0.59554565,0.39198318,0.30280617,0.63244224,0.5816142,-8.636022,-2.187492
373248.0,0,0,-0.59576565,0.38590997,0.30134532,0.6366536,0.5827708,-8.618506,-2.187874
373249.0,0,0,-0.59604424,0.37922224,0.29923353,0.64139,0.58397233,-8.600539,-2.1885002
373250.0,0,0,-0.5964754,0.3717563,0.29635152,0.6466762,0.58521587,-8.582089,-2.1893306
373251.0,0,0,-0.5971095,0.36348185,0.29274178,0.6524135,0.58649087,-8.563215,-2.1903245
373252.0,0,0,-0.59794545,0.35439157,0.28843927,0.6585368,0.5877919,-8.543896,-2.1914523
373253.0,0,0,-0.598982,0.34449887,0.28351563,0.66495126,0.5891069,-8.524182,-2.1926847
373254.0,0,0,-0.6002138,0.3338453,0.27804518,0.6715517,0.59042466,-8.504088,-2.1940012
373255.0,0,0,-0.6015891,0.32254902,0.27202258,0.67827463,0.5917329,-8.483659,-2.1953855
373256.0,0,0,-0.6030409,0.3107383,0.26541978,0.68508095,0.5930234,-8.462908,-2.196828
373257.0,0,0,-0.6045327,0.298566,0.25825414,0.69188386,0.59428775,-8.441866,-2.1983185
373258.0,0,0,-0.6060557,0.28613436,0.2505354,0.6986098,0.5955172,-8.420554,-2.1998446
373259.0,0,0,-0.6076248,0.2734974,0.24229354,0.7051845,0.5966987,-8.399026,-2.2013876
373260.0,0,0,-0.60926306,0.26066914,0.23355699,0.71154857,0.5978207,-8.377299,-2.2029328
373261.0,0,0,-0.61094964,0.24765857,0.22439305,0.71767235,0.5988779,-8.355342,-2.2044718
373262.0,0,0,-0.61265296,0.23459816,0.21489277,0.7234923,0.59986687,-8.333213,-2.205989
373263.0,0,0,-0.6143948,0.22155778,0.20509376,0.7289497,0.60078734,-8.310966,-2.2074602
373264.0,0,0,-0.6162215,0.2084193,0.19493338,0.7340528,0.6016394,-8.288548,-2.2088645
373265.0,0,0,-0.6181355,0.19513613,0.18444946,0.73878866,0.602416,-8.266048,-2.2101798
373266.0,0,0,-0.6201074,0.1816961,0.17366756,0.74316406,0.6031191,-8.243422,-2.2114046
373267.0,0,0,-0.6220822,0.16822177,0.16264431,0.74716926,0.60375357,-8.220735,-2.2125375
373268.0,0,0,-0.6240224,0.15475282,0.15142138,0.75081235,0.6043332,-8.19793,-2.2135825
373269.0,0,0,-0.625848,0.14155687,0.14017835,0.754073,0.6048657,-8.175332,-2.2145236
373270.0,0,0,-0.6275314,0.12847425,0.1287253,0.7570525,0.6053736,-8.152583,-2.21537
373271.0,0,0,-0.62902963,0.1156099,0.11712788,0.75976133,0.6058648,-8.129805,-2.2161088
373272.0,0,0,-0.6303155,0.10302297,0.10541118,0.7622186,0.6063447,-8.107054,-2.2167292
373273.0,0,0,-0.6313803,0.09072981,0.09353965,0.7644457,0.6068165,-8.084309,-2.2172182
373274.0,0,0,-0.6322532,0.07872591,0.08151108,0.76642936,0.6072776,-8.061605,-2.2175565
373275.0,0,0,-0.63298124,0.06691218,0.06930123,0.7681503,0.6077222,-8.038921,-2.2177222
373276.0,0,0,-0.63360703,0.055226576,0.056964602,0.76957595,0.60814095,-8.0163145,-2.2176907
373277.0,0,0,-0.63416994,0.043587852,0.044500355,0.7706804,0.60852647,-7.9937515,-2.217436
373278.0,0,0,-0.63469994,0.03190455,0.031898957,0.7714406,0.60887027,-7.9712396,-2.2169342
373279.0,0,0,-0.6352167,0.020072844,0.01917591,0.77183497,0.60916305,-7.9488273,-2.2161684
373280.0,0,0,-0.6357267,0.008064901,0.0063663847,0.7718458,0.6093971,-7.926539,-2.2151315
373281.0,0,0,-0.6362438,-0.004120578,-0.006525528,0.7714494,0.60956734,-7.9043555,-2.2138221
373282.0,0,0,-0.6367731,-0.016421257,-0.019446775,0.770631,0.60967016,-7.8823285,-2.2122483
373283.0,0,0,-0.6372913,-0.028825106,-0.032388296,0.7694024,0.60970485,-7.8604116,-2.2104115
373284.0,0,0,-0.63778055,-0.04124807,-0.045277648,0.76777893,0.60967356,-7.838651,-2.2083187
373285.0,0,0,-0.6382127,-0.053621244,-0.058115628,0.76578844,0.60957927,-7.817044,-2.205969
373286.0,0,0,-0.6385568,-0.0658973,-0.07087996,0.763465,0.60942227,-7.7956614,-2.2033691
373287.0,0,0,-0.6387956,-0.078105986,-0.083611876,0.76082116,0.6091992,-7.7744718,-2.2005122
373288.0,0,0,-0.6389045,-0.09022775,-0.09635312,0.7578761,0.60890764,-7.753525,-2.1974053
373289.0,0,0,-0.6388517,-0.10223878,-0.109159276,0.75465214,0.6085469,-7.7328696,-2.1940615
373290.0,0,0,-0.6385975,-0.11413365,-0.12210324,0.75117075,0.6081178,-7.7125163,-2.190494
373291.0,0,0,-0.63811755,-0.12582844,-0.13516077,0.74746555,0.6076253,-7.6925383,-2.1867344
373292.0,0,0,-0.6374021,-0.13724157,-0.1483282,0.7435605,0.6070751,-7.6729245,-2.1828043
373293.0,0,0,-0.6364544,-0.14828008,-0.16160631,0.7394743,0.60647464,-7.653682,-2.1787288
373294.0,0,0,-0.63527834,-0.15887043,-0.1749761,0.73523116,0.60583335,-7.6349044,-2.1745515
373295.0,0,0,-0.6338619,-0.1690686,-0.18846133,0.73083323,0.605155,-7.6165524,-2.1702855
373296.0,0,0,-0.63224006,-0.17882137,-0.20196086,0.7262969,0.60444564,-7.5986714,-2.1659646
373297.0,0,0,-0.6304766,-0.18804984,-0.21537438,0.7216304,0.6037105,-7.581311,-2.1616278
373298.0,0,0,-0.6286368,-0.19672902,-0.2285583,0.7168505,0.6029476,-7.56446,-2.1573012
373299.0,0,0,-0.62678534,-0.20491792,-0.24134958,0.71196854,0.6021466,-7.548092,-2.153009
373300.0,0,0,-0.62501293,-0.21260656,-0.25348443,0.70703816,0.6012971,-7.532303,-2.1488063
373301.0,0,0,-0.623381,-0.21990046,-0.26472622,0.7021111,0.60038203,-7.5170174,-2.1447167
373302.0,0,0,-0.6221501,-0.22657448,-0.2751734,0.6970458,0.59939617,-7.5023255,-2.1408076
373303.0,0,0,-0.62075394,-0.23303474,-0.28509346,0.6921569,0.59832865,-7.488242,-2.13712
373304.0,0,0,-0.6196332,-0.23932314,-0.29375213,0.6873782,0.597186,-7.4748015,-2.133721
373305.0,0,0,-0.61837363,-0.24535662,-0.30174667,0.6829079,0.5960104,-7.4620686,-2.1307065
373306.0,0,0,-0.61707604,-0.25066334,-0.30958387,0.6786332,0.5948544,-7.450043,-2.1281714
373307.0,0,0,-0.61548454,-0.25528023,-0.31711468,0.67486966,0.59375435,-7.4387226,-2.1262255
373308.0,0,0,-0.61360526,-0.25905782,-0.32439926,0.6716716,0.5927216,-7.428089,-2.1249883
373309.0,0,0,-0.6114181,-0.26188946,-0.33136117,0.6691649,0.5917503,-7.418138,-2.124574
373310.0,0,0,-0.6091919,-0.26359153,-0.3377106,0.66735023,0.5908117,-7.4087768,-2.1250668
373311.0,0,0,-0.6072236,-0.2640874,-0.3430348,0.6662317,0.58986276,-7.3999376,-2.1265159
373312.0,0,0,-0.60577536,-0.26347697,-0.3469475,0.66576546,0.5888433,-7.391559,-2.1289291
373313.0,0,0,-0.605104,-0.26199004,-0.34893358,0.6659247,0.58769417,-7.3836555,-2.1322548
373314.0,0,0,-0.60528165,-0.2600086,-0.34870413,0.6666597,0.58636093,-7.376235,-2.1364322
373315.0,0,0,-0.6062257,-0.25791553,-0.3464383,0.66779536,0.5848204,-7.3693643,-2.141379
373316.0,0,0,-0.6078096,-0.25592414,-0.3425857,0.6691079,0.58308196,-7.3631144,-2.1470046
373317.0,0,0,-0.60990316,-0.2540079,-0.33760878,0.6704615,0.58116716,-7.357549,-2.1531937
373318.0,0,0,-0.61273634,-0.2504577,-0.3298746,0.6730586,0.57927376,-7.3524113,-2.159912
373319.0,0,0,-0.6170443,-0.24275427,-0.32153165,0.67597634,0.57766265,-7.347129,-2.1667812
373320.0,0,0,-0.6228518,-0.23074791,-0.3140683,0.67836,0.5762582,-7.3414907,-2.1734228
373321.0,0,0,-0.6271223,-0.22151805,-0.30756843,0.68047714,0.574806,-7.3358984,-2.179753
373322.0,0,0,-0.6295161,-0.21609166,-0.3010009,0.6829439,0.5730068,-7.330391,-2.185887
373323.0,0,0,-0.6319309,-0.21096745,-0.2897556,0.6871665,0.57065105,-7.324577,-2.192019
373324.0,0,0,-0.6352038,-0.20513266,-0.27186963,0.69319814,0.56785005,-7.318023,-2.198507
373325.0,0,0,-0.641394,-0.19414406,-0.2496162,0.699009,0.565067,-7.310726,-2.2056222
373326.0,0,0,-0.65012705,-0.1757205,-0.23006138,0.7025162,0.5625912,-7.303337,-2.2132485
373327.0,0,0,-0.6586263,-0.15682754,-0.21603975,0.7035221,0.5602201,-7.296648,-2.220883
373328.0,0,0,-0.6662229,-0.14314443,-0.20256464,0.7032954,0.55774784,-7.2910647,-2.2279365
373329.0,0,0,-0.6729039,-0.13316755,-0.18851742,0.70280004,0.55535346,-7.286448,-2.2342546
373330.0,0,0,-0.67831,-0.12320848,-0.17671953,0.7024853,0.55338705,-7.282443,-2.2400346
373331.0,0,0,-0.68255216,-0.1128987,-0.16653149,0.7025979,0.5520585,-7.2788954,-2.2453785
373332.0,0,0,-0.6857608,-0.103238985,-0.15681863,0.703194,0.5513381,-7.275757,-2.2504218
373333.0,0,0,-0.6877168,-0.0944502,-0.14919764,0.70417666,0.5511058,-7.273113,-2.2551022
373334.0,0,0,-0.6886856,-0.086572215,-0.14367685,0.70538956,0.5511557,-7.27092,-2.2594135
373335.0,0,0,-0.68928605,-0.079547346,-0.13879192,0.7066073,0.5512603,-7.2690434,-2.2634118
373336.0,0,0,-0.68985516,-0.07299196,-0.13446878,0.7075947,0.551232,-7.267352,-2.267191
373337.0,0,0,-0.69070923,-0.06659725,-0.13046993,0.7081407,0.55095404,-7.2657394,-2.2708776
373338.0,0,0,-0.69200826,-0.060381178,-0.1263878,0.70817006,0.5504025,-7.2641516,-2.2745252
373339.0,0,0,-0.6937197,-0.054047838,-0.122018054,0.7077737,0.5496329,-7.2625556,-2.2781827
373340.0,0,0,-0.6956311,-0.047719114,-0.1173833,0.70713603,0.5487272,-7.260947,-2.2818525
373341.0,0,0,-0.69798,-0.04249058,-0.11284912,0.7058921,0.54768,-7.2592783,-2.2853944
373342.0,0,0,-0.7008923,-0.03748312,-0.104753435,0.7045366,0.54644656,-7.2576566,-2.2886267
373343.0,0,0,-0.7032702,-0.034979537,-0.09665894,0.70345193,0.54503214,-7.25635,-2.2914824
373344.0,0,0,-0.70518076,-0.034874495,-0.090286024,0.70239043,0.5434734,-7.2554173,-2.2940085
373345.0,0,0,-0.70695424,-0.03559893,-0.08408522,0.7013403,0.5418655,-7.2547145,-2.2963119
373346.0,0,0,-0.70863575,-0.036697984,-0.07763446,0.7003296,0.54033595,-7.254098,-2.2984965
373347.0,0,0,-0.7099761,-0.037825342,-0.07202051,0.69951147,0.5389483,-7.253496,-2.300638
373348.0,0,0,-0.71109474,-0.03874834,-0.0669759,0.6988256,0.53767073,-7.252894,-2.3027434
373349.0,0,0,-0.71216893,-0.039685074,-0.061838232,0.69815236,0.5364239,-7.25231,-2.3047855
373350.0,0,0,-0.71317345,-0.040790383,-0.056703098,0.69749886,0.5351646,-7.251775,-2.3067477
373351.0,0,0,-0.7140068,-0.042006265,-0.05210894,0.69693226,0.53396356,-7.2513185,-2.3085723
373352.0,0,0,-0.7146037,-0.04302987,-0.048209704,0.69653845,0.5329114,-7.2509236,-2.3102639
373353.0,0,0,-0.71488625,-0.043412033,-0.04532612,0.69641846,0.53208816,-7.250572,-2.3118253
373354.0,0,0,-0.71505654,-0.04309634,-0.043457538,0.6963824,0.53144866,-7.250248,-2.3132932
373355.0,0,0,-0.7152239,-0.04257382,-0.0419252,0.69633645,0.53085643,-7.249933,-2.3147204
373356.0,0,0,-0.71544546,-0.042080164,-0.04011262,0.6962457,0.53022254,-7.2496142,-2.3161325
373357.0,0,0,-0.7156356,-0.04155962,-0.038153164,0.6961917,0.529566,-7.249292,-2.3175218
373358.0,0,0,-0.7157745,-0.04078718,-0.036448013,0.696186,0.52894205,-7.2489758,-2.3188791
373359.0,0,0,-0.7158762,-0.0398179,-0.03509812,0.69620675,0.5283671,-7.248678,-2.320198
373360.0,0,1,-0.7159996,-0.038762722,-0.03328745,0.6962284,0.5278146,-7.2484083,-2.3214767
373361.0,0,1,-0.71608865,-0.03752874,-0.031888388,0.69627005,0.52725697,-7.248164,-2.3227258
373362.0,0,1,-0.7161307,-0.036425486,-0.030778691,0.69633526,0.5266888,-7.2479362,-2.3239555
373363.0,0,0,-0.7161511,-0.03565598,-0.029782208,0.6963973,0.52611375,-7.2477117,-2.3251758
373364.0,0,0,-0.71617216,-0.034846917,-0.028741578,0.6964604,0.5255365,-7.2474847,-2.3263855
373365.0,0,0,-0.7161923,-0.03402617,-0.027677327,0.69652337,0.5249571,-7.24726,-2.3275836
373366.0,0,0,-0.7162029,-0.033230945,-0.026682092,0.69658965,0.52437854,-7.247046,-2.328763
373367.0,0,1,-0.71620566,-0.032266736,-0.025581306,0.6966734,0.52379996,-7.2468457,-2.3299236
373368.0,0,1,-0.71618176,-0.031349182,-0.024603024,0.69677514,0.5232179,-7.2466555,-2.3310695
373369.0,0,1,-0.71613634,-0.030472007,-0.023707008,0.6968919,0.5226318,-7.2464705,-2.3322027
373370.0,0,1,-0.71605754,-0.029634347,-0.022905089,0.69703573,0.5220401,-7.2462873,-2.3333292
373371.0,0,1,-0.71595776,-0.028793577,-0.022139108,0.6971981,0.52144206,-7.2461047,-2.3344505
373372.0,0,1,-0.71584255,-0.027940473,-0.021358864,0.69737554,0.5208341,-7.2459216,-2.33557
373373.0,0,1,-0.7157119,-0.02709341,-0.020552352,0.6975673,0.5202162,-7.24574,-2.3366847
373374.0,0,1,-0.71556944,-0.026306797,-0.01971101,0.69776773,0.5195875,-7.2455583,-2.3377967
373375.0,0,1,-0.7154168,-0.0256018,-0.018796654,0.6979757,0.51895225,-7.245375,-2.3389034
373376.0,0,1,-0.715253,-0.02494783,-0.017802605,0.6981933,0.51831394,-7.2451906,-2.3400037
373377.0,0,1,-0.71507144,-0.024297236,-0.01674258,0.69842833,0.51767087,-7.2450047,-2.3411014
373378.0,0,1,-0.71487975,-0.02359959,-0.015644053,0.69867396,0.51702356,-7.2448206,-2.3421905
373379.0,0,1,-0.7146839,-0.022853341,-0.014534858,0.6989232,0.51636714,-7.2446423,-2.3432717
373380.0,0,1,-0.71447235,-0.022154411,-0.013396887,0.6991845,0.51570064,-7.244474,-2.344343
373381.0,0,1,-0.71423876,-0.021614809,-0.012192674,0.6994621,0.5150272,-7.2443194,-2.345403
373382.0,0,1,-0.71396875,-0.021278,-0.011019349,0.6997674,0.51435566,-7.2441807,-2.3464453
373383.0,0,1,-0.71365523,-0.021111479,-0.009978824,0.7001079,0.5136839,-7.244053,-2.3474784
373384.0,0,1,-0.71330494,-0.021058628,-0.00919231,0.70047706,0.5130077,-7.243928,-2.3485065
373385.0,0,1,-0.7129762,-0.021107348,-0.008743904,0.70081586,0.5123155,-7.2437906,-2.3495424
373386.0,1,1,-0.7127276,-0.021200078,-0.008351559,0.7010708,0.52437854,-7.247046,-2.328763
373387.0,1,1,-0.71252143,-0.02117959,-0.0076040877,0.7012894,0.52437854,-7.247046,-2.328763
373388.0,1,1,-0.7122747,-0.02109884,-0.006585448,0.70155275,0.52437854,-7.247046,-2.328763
373389.0,1,1,-0.71198416,-0.02105282,-0.005699759,0.7018567,0.52437854,-7.247046,-2.328763
373390.0,1,1,-0.71165735,-0.021116784,-0.0048119556,0.70219296,0.52437854,-7.247046,-2.328763
373391.0,1,1,-0.71131223,-0.020974057,-0.0030418711,0.7025566,0.52437854,-7.247046,-2.328763
373392.0,1,1,-0.7109439,-0.020736746,-0.0010217454,0.70294213,0.52437854,-7.247046,-2.328763
373393.0,1,1,-0.7105808,-0.020392826,0.0011328573,0.703319,0.52437854,-7.247046,-2.328763
373394.0,1,1,-0.71021223,-0.020054165,0.0032786087,0.70369446,0.52437854,-7.247046,-2.328763
373395.0,1,1,-0.70984703,-0.01971935,0.005325083,0.7040597,0.52437854,-7.247046,-2.328763
373396.0,1,1,-0.7094878,-0.019464115,0.0073879063,0.70441014,0.52437854,-7.247046,-2.328763
373397.0,1,1,-0.7091495,-0.01912228,0.009422494,0.70473576,0.52437854,-7.247046,-2.328763
373398.0,1,1,-0.7088182,-0.018657878,0.011245993,0.7050548,0.52437854,-7.247046,-2.328763
373399.0,1,1,-0.7085208,-0.018075677,0.012891682,0.70534056,0.52437854,-7.247046,-2.328763
373400.0,1,1,-0.7082562,-0.017431622,0.01440909,0.7055931,0.52437854,-7.247046,-2.328763
373401.0,1,1,-0.7080231,-0.016723344,0.015810683,0.7058143,0.52437854,-7.247046,-2.328763
373402.0,1,1,-0.7078275,-0.015961591,0.017117664,0.7059976,0.52437854,-7.247046,-2.328763
373403.0,1,1,-0.707654,-0.015203532,0.018291255,0.7061587,0.52437854,-7.247046,-2.328763
373404.0,1,1,-0.70752245,-0.014429275,0.019312983,0.7062795,0.52437854,-7.247046,-2.328763
373405.0,1,1,-0.7074309,-0.013681362,0.020244302,0.7063601,0.52437854,-7.247046,-2.328763
373406.0,1,1,-0.70737636,-0.0129345255,0.021067213,0.7064048,0.52437854,-7.247046,-2.328763
373407.0,1,1,-0.70735306,-0.012194648,0.021761132,0.7064202,0.52437854,-7.247046,-2.328763
373408.0,1,1,-0.7073612,-0.01145907,0.022382619,0.7064048,0.52437854,-7.247046,-2.328763
373409.0,1,1,-0.707395,-0.010677705,0.022913663,0.7063663,0.52437854,-7.247046,-2.328763
373410.0,1,1,-0.707443,-0.009923741,0.023324337,0.7063158,0.52437854,-7.247046,-2.328763
373411.0,1,1,-0.7074941,-0.009225788,0.023644904,0.7062634,0.52437854,-7.247046,-2.328763
373412.0,1,1,-0.7075379,-0.008493331,0.023942018,0.70621866,0.52437854,-7.247046,-2.328763
373413.0,1,1,-0.7075729,-0.0076354058,0.02427163,0.70618224,0.52437854,-7.247046,-2.328763
373414.0,1,1,-0.7075968,-0.006730225,0.02463208,0.70615494,0.52437854,-7.247046,-2.328763
373415.0,1,1,-0.7076139,-0.005801984,0.02503527,0.7061319,0.52437854,-7.247046,-2.328763
373416.0,1,1,-0.70761865,-0.0047447286,0.0254898,0.70611876,0.52437854,-7.247046,-2.328763
373417.0,1,1,-0.70760703,-0.0035463402,0.02605015,0.7061169,0.52437854,-7.247046,-2.328763
373418.0,1,1,-0.707565,-0.0022819946,0.026755651,0.70613784,0.52437854,-7.247046,-2.328763
373419.0,1,1,-0.7074913,-0.0009573023,0.027574493,0.7061833,0.52437854,-7.247046,-2.328763
373420.0,1,1,-0.7073816,0.00043500366,0.028470745,0.70625806,0.52437854,-7.247046,-2.328763
373421.0,1,1,-0.7072475,0.001977703,0.029481962,0.7063483,0.52437854,-7.247046,-2.328763
373422.0,1,1,-0.7070988,0.0037144031,0.030640917,0.706441,0.52437854,-7.247046,-2.328763
373423.0,1,1,-0.70693016,0.005495278,0.03192748,0.70654094,0.52437854,-7.247046,-2.328763
373424.0,1,1,-0.70675385,0.0072770054,0.033364896,0.7066349,0.52437854,-7.247046,-2.328763
373425.0,1,1,-0.7065959,0.00901212,0.034880545,0.7066997,0.52437854,-7.247046,-2.328763
373426.0,1,1,-0.7064538,0.010747135,0.03641587,0.70674,0.52437854,-7.247046,-2.328763
373427.0,1,1,-0.7063215,0.012635888,0.038067922,0.7067539,0.52437854,-7.247046,-2.328763
373428.0,1,1,-0.70617026,0.014584768,0.039714653,0.7067769,0.52437854,-7.247046,-2.328763
373429.0,1,1,-0.7059789,0.016455451,0.04123043,0.7068402,0.52437854,-7.247046,-2.328763
373430.0,1,1,-0.7057661,0.01844739,0.042738713,0.706914,0.52437854,-7.247046,-2.328763
373431.0,1,1,-0.705548,0.020649524,0.04426446,0.706977,0.52437854,-7.247046,-2.328763
373432.0,0,0,-0.70536256,0.023729384,0.04608567,0.706949,0.5243917,-7.2470126,-2.328742
373433.0,0,0,-0.7051979,0.02717261,0.04814561,0.70685184,0.52441555,-7.246942,-2.3287034
373434.0,0,0,-0.705009,0.030779878,0.050328158,0.7067405,0.5244523,-7.2468224,-2.328654
373435.0,0,0,-0.7046876,0.0346413,0.052672382,0.7067115,0.52450806,-7.2466154,-2.3286023
373436.0,0,0,-0.704182,0.039225653,0.055521276,0.70675766,0.5245916,-7.246255,-2.3285553
373437.0,0,0,-0.70353836,0.045102753,0.059432585,0.7067301,0.5247105,-7.24568,-2.3285234
373438.0,0,0,-0.7026753,0.052151393,0.06423375,0.7066836,0.5248817,-7.244806,-2.328511
373439.0,0,0,-0.70176685,0.062086307,0.070948504,0.7061408,0.52509695,-7.2436376,-2.3284793
373440.0,0,0,-0.7006086,0.07337005,0.079319276,0.7053177,0.5253439,-7.2422333,-2.3283863
373441.0,0,0,-0.69841903,0.08659466,0.087887935,0.70497364,0.52568394,-7.2403865,-2.3282413
373442.0,0,0,-0.6957242,0.10479459,0.0993666,0.70364213,0.5261647,-7.2378864,-2.3280194
373443.0,0,0,-0.69373316,0.12621,0.114582226,0.6997687,0.5268335,-7.234964,-2.327656
373444.0,0,0,-0.69051784,0.14807256,0.12650584,0.696603,0.52772284,-7.2317796,-2.3271222
373445.0,0,0,-0.68523633,0.17294468,0.13804586,0.69389105,0.52879554,-7.2280684,-2.3264608
373446.0,0,0,-0.67932457,0.20192312,0.15459938,0.6883634,0.530015,-7.223619,-2.3257875
373447.0,0,0,-0.672116,0.23306938,0.17220056,0.68138516,0.5313175,-7.2185106,-2.3252583
373448.0,0,0,-0.6633075,0.26549873,0.19080201,0.67314804,0.53262466,-7.2128778,-2.3250136
373449.0,0,0,-0.6525842,0.29875493,0.21133025,0.6634898,0.5338354,-7.2067966,-2.32517
373450.0,0,0,-0.6398906,0.3322365,0.2341829,0.6521636,0.534835,-7.2003026,-2.3258262
373451.0,0,0,-0.6256417,0.3655448,0.2600605,0.63821465,0.5356919,-7.19346,-2.3269744
373452.0,0,0,-0.6109223,0.39740396,0.28467426,0.62273973,0.53661996,-7.1863604,-2.3282285
373453.0,0,0,-0.59831953,0.42238542,0.30196452,0.61026376,0.5376752,-7.1788144,-2.3285906
373454.0,0,0,-0.5887604,0.43693897,0.31265783,0.6038961,0.5387935,-7.170219,-2.3272135
373455.0,0,0,-0.58415115,0.44111985,0.31816068,0.6024571,0.5399274,-7.160117,-2.3243093
373456.0,0,0,-0.5824002,0.4399795,0.31892878,0.6045763,0.541064,-7.1485023,-2.3208492
373457.0,0,0,-0.58159196,0.43731833,0.31806505,0.60773194,0.5422171,-7.13552,-2.3176
373458.0,0,0,-0.5815476,0.43352312,0.31661156,0.61124235,0.5433909,-7.1214747,-2.3147662
373459.0,0,0,-0.58236676,0.42798808,0.31392792,0.6157308,0.5445656,-7.106645,-2.3122447
373460.0,0,0,-0.58388823,0.42110267,0.31051618,0.6207469,0.54570746,-7.0912433,-2.3100026
373461.0,0,0,-0.585541,0.41393733,0.30711988,0.6256797,0.5468005,-7.0753827,-2.308133
373462.0,0,0,-0.5869304,0.40713266,0.30404308,0.63032806,0.54784757,-7.059139,-2.306721
373463.0,0,0,-0.5881121,0.40068015,0.3012786,0.6346739,0.5488557,-7.0426016,-2.305759
373464.0,0,0,-0.5892072,0.39421806,0.29856098,0.63897455,0.5498375,-7.025734,-2.3051715
373465.0,0,0,-0.5902972,0.38755554,0.2957404,0.6433409,0.5507964,-7.00856,-2.3048904
373466.0,0,0,-0.5914616,0.38058496,0.2928168,0.647755,0.5517368,-6.991018,-2.3048697
373467.0,0,0,-0.59273994,0.37320423,0.289702,0.65226585,0.55265844,-6.9731526,-2.3050742
373468.0,0,0,-0.5941828,0.3653073,0.28629804,0.6569102,0.55356735,-6.954915,-2.3054686
373469.0,0,0,-0.5958289,0.35680005,0.2825529,0.66169906,0.5544647,-6.9363413,-2.30601
373470.0,0,0,-0.59770775,0.34755093,0.27835914,0.6666859,0.5553539,-6.9173975,-2.3066583
373471.0,0,0,-0.59982455,0.33751413,0.2736924,0.67185354,0.55623585,-6.8981,-2.3073835
373472.0,0,0,-0.60211855,0.3267873,0.2686042,0.6771375,0.55711,-6.878532,-2.3081727
373473.0,0,0,-0.6044841,0.315497,0.26310208,0.6825232,0.557983,-6.858645,-2.309033
373474.0,0,0,-0.6068082,0.303856,0.25722197,0.6879624,0.5588583,-6.8384657,-2.309971
373475.0,0,0,-0.6090382,0.29200658,0.25098893,0.69340414,0.55973786,-6.8179965,-2.3109894
373476.0,0,0,-0.6111453,0.28005877,0.2444163,0.6988056,0.5606159,-6.7973375,-2.3120756
373477.0,0,0,-0.6131161,0.26801914,0.23749243,0.7041675,0.56148857,-6.776469,-2.3132212
373478.0,0,0,-0.61494553,0.2559125,0.2302657,0.70945656,0.56235075,-6.7553973,-2.314418
373479.0,0,0,-0.6166148,0.24381974,0.22278383,0.71463656,0.5631983,-6.734165,-2.3156574
373480.0,0,0,-0.6181119,0.23183587,0.2150521,0.71968216,0.56402737,-6.7128234,-2.31693
373481.0,0,0,-0.61947423,0.21993694,0.20706002,0.72457266,0.56483585,-6.691309,-2.3182335
373482.0,0,0,-0.620727,0.20815212,0.19884168,0.7292686,0.56561536,-6.6696754,-2.3195562
373483.0,0,0,-0.6218954,0.1964832,0.19041611,0.73374534,0.56635916,-6.647931,-2.3208883
373484.0,0,0,-0.62298864,0.18495744,0.18180501,0.7379856,0.56706107,-6.6261244,-2.3222153
373485.0,0,0,-0.62400943,0.17358394,0.17299488,0.7419931,0.56772065,-6.6042166,-2.3235261
373486.0,0,0,-0.624974,0.16236848,0.16394882,0.74576455,0.56833905,-6.5821724,-2.324805
373487.0,0,0,-0.6258907,0.15134989,0.15467805,0.7492856,0.5689134,-6.560112,-2.3260243
373488.0,0,0,-0.62676746,0.14042789,0.14510722,0.7525865,0.5694464,-6.5379143,-2.3271685
373489.0,0,0,-0.62760144,0.12964278,0.13526957,0.7556529,0.56993526,-6.5157104,-2.3282096
373490.0,0,0,-0.6283885,0.11893612,0.12512799,0.7585018,0.5703825,-6.4933915,-2.329131
373491.0,0,0,-0.629144,0.10831603,0.11470545,0.76110977,0.570784,-6.471044,-2.3299062
373492.0,0,0,-0.629896,0.09771738,0.10397678,0.7634601,0.5711342,-6.4486737,-2.330515
373493.0,0,0,-0.63066226,0.08705869,0.092927314,0.7655393,0.5714274,-6.426263,-2.3309395
373494.0,0,0,-0.6314441,0.0763217,0.081604555,0.7673292,0.5716592,-6.4038715,-2.3311667
373495.0,0,0,-0.63222563,0.06549168,0.07005672,0.7688261,0.57183003,-6.381505,-2.3311872
373496.0,0,0,-0.6329904,0.054581758,0.05830193,0.7700292,0.5719423,-6.3591638,-2.3309917
373497.0,0,0,-0.63372695,0.04354618,0.046350382,0.77093816,0.57199675,-6.3368516,-2.3305721
373498.0,0,0,-0.6344263,0.032405496,0.0342457,0.7715442,0.5719926,-6.3146553,-2.3299284
373499.0,0,0,-0.63506776,0.021187609,0.021978691,0.771853,0.5719309,-6.2925415,-2.3290644
373500.0,0,0,-0.63563216,0.009993987,0.009592064,0.77186775,0.57181615,-6.270544,-2.327987
373501.0,0,0,-0.636124,-0.0011121702,-0.002919298,0.7715806,0.5716536,-6.2486854,-2.3267007
373502.0,0,0,-0.6365319,-0.012170865,-0.015596934,0.7709966,0.57144594,-6.226925,-2.3252041
373503.0,0,0,-0.63684195,-0.023149941,-0.028369473,0.7701244,0.57119656,-6.205343,-2.323505
373504.0,0,0,-0.6370418,-0.03402499,-0.04119542,0.76897526,0.5709087,-6.183939,-2.3216066
373505.0,0,0,-0.63712114,-0.04477193,-0.054061018,0.7675608,0.57058597,-6.162702,-2.319511
373506.0,0,0,-0.6370703,-0.055358853,-0.06695788,0.7658939,0.57023036,-6.141656,-2.31722
373507.0,0,0,-0.63690096,-0.065779746,-0.079870515,0.76397055,0.56984043,-6.120837,-2.314737
373508.0,0,0,-0.63661593,-0.076089144,-0.09283559,0.76178217,0.5694114,-6.100229,-2.312058
373509.0,0,0,-0.63621664,-0.086285025,-0.10581432,0.7593331,0.5689424,-6.0799193,-2.3091912
373510.0,0,0,-0.63568807,-0.09639575,-0.11886029,0.7566246,0.56843585,-6.0598774,-2.3061278
373511.0,0,0,-0.63502926,-0.10635396,-0.1319396,0.75367004,0.56790316,-6.0401645,-2.3028717
373512.0,0,0,-0.6342299,-0.11612006,-0.14509831,0.7504766,0.56735617,-6.020781,-2.299419
373513.0,0,0,-0.63326955,-0.12572348,-0.1583534,0.74705255,0.5668058,-6.001802,-2.295782
373514.0,0,0,-0.6321247,-0.13522658,-0.17173016,0.7433982,0.5662576,-5.983235,-2.2919676
373515.0,0,0,-0.6308115,-0.14463453,-0.18518154,0.7395036,0.5657153,-5.965125,-2.2879968
373516.0,0,0,-0.62934136,-0.15399419,-0.19862482,0.7353662,0.5651774,-5.947542,-2.2839077
373517.0,0,0,-0.62772447,-0.16339703,-0.21192856,0.7309922,0.56463164,-5.9304466,-2.2797217
373518.0,0,0,-0.6260253,-0.17281885,-0.22479545,0.72642475,0.5640638,-5.9138646,-2.2754812
373519.0,0,0,-0.6243046,-0.1822166,-0.23699391,0.7217165,0.5634555,-5.897828,-2.271231
373520.0,0,0,-0.6225727,-0.19167754,-0.24828121,0.71695155,0.56279093,-5.88232,-2.2670212
373521.0,0,0,-0.6210916,-0.20097315,-0.258653,0.71200675,0.56205004,-5.86736,-2.2629154
373522.0,0,0,-0.61911255,-0.21043216,-0.26842058,0.70736724,0.5612112,-5.8529673,-2.2589724
373523.0,0,0,-0.61734724,-0.21966678,-0.2766797,0.7029062,0.56027836,-5.839174,-2.2552736
373524.0,0,0,-0.6153729,-0.22848463,-0.28418136,0.6988217,0.55927587,-5.8259544,-2.2518966
373525.0,0,0,-0.61338246,-0.23625934,-0.29162282,0.6949098,0.5582396,-5.813302,-2.2489293
373526.0,0,0,-0.61124986,-0.24284592,-0.29892808,0.69140536,0.5572052,-5.801245,-2.2464626
373527.0,0,0,-0.6091849,-0.24783862,-0.3063672,0.68819255,0.55619407,-5.7897086,-2.244562
373528.0,0,0,-0.60721606,-0.25103372,-0.31422034,0.68522716,0.55521834,-5.7787213,-2.2433012
373529.0,0,0,-0.60554856,-0.25251046,-0.32221413,0.6824423,0.55425286,-5.7682667,-2.2427256
373530.0,0,0,-0.60433114,-0.25261912,-0.32978415,0.6798602,0.55323815,-5.758333,-2.2428627
373531.0,0,0,-0.6036611,-0.25184056,-0.33647197,0.67746305,0.5520932,-5.748935,-2.2437267
373532.0,0,0,-0.60363245,-0.2507819,-0.3416713,0.67527556,0.55073756,-5.740103,-2.245323
373533.0,0,0,-0.60424644,-0.24993974,-0.34486628,0.6734119,0.54912037,-5.7318645,-2.2476504
373534.0,0,0,-0.6054928,-0.24944629,-0.34587955,0.6719543,0.5472317,-5.724204,-2.2507167
373535.0,0,0,-0.60733116,-0.24914144,-0.34486434,0.6709292,0.54510474,-5.71709,-2.2545304
373536.0,0,0,-0.6097385,-0.2486221,-0.34213597,0.67033494,0.5428044,-5.7105045,-2.2590773
373537.0,0,0,-0.612661,-0.24745232,-0.33813512,0.6701331,0.54039955,-5.704451,-2.2643123
373538.0,0,0,-0.61597633,-0.2454488,-0.33331454,0.6702459,0.53792715,-5.698942,-2.2701793
373539.0,0,0,-0.61946535,-0.2423326,-0.32786813,0.6708503,0.5354172,-5.6939197,-2.2766192
373540.0,0,0,-0.62354225,-0.23665988,-0.32069534,0.67256355,0.5330827,-5.688948,-2.2833335
373541.0,0,0,-0.6296713,-0.2256992,-0.3147685,0.6734202,0.5309861,-5.6835127,-2.2898135
373542.0,0,0,-0.6360182,-0.21388152,-0.30859783,0.67416835,0.52887183,-5.6777344,-2.2957451
373543.0,0,0,-0.64121646,-0.20583361,-0.301743,0.674852,0.52648425,-5.6719894,-2.3012447
373544.0,0,0,-0.64533657,-0.20043428,-0.2929027,0.6764428,0.5236178,-5.666306,-2.3066428
373545.0,0,0,-0.649231,-0.19599086,-0.27942914,0.67971027,0.52022237,-5.660462,-2.3122866
373546.0,0,0,-0.65371156,-0.19182537,-0.26046777,0.6841204,0.5165338,-5.654193,-2.3184798
373547.0,0,0,-0.6597757,-0.18330681,-0.23940052,0.68831825,0.5130169,-5.6474867,-2.3252447
373548.0,0,0,-0.66744184,-0.16843058,-0.2212325,0.6908029,0.5099285,-5.6407433,-2.332268
373549.0,0,0,-0.67546505,-0.15221405,-0.20715736,0.69113207,0.50709593,-5.6344647,-2.339114
373550.0,0,0,-0.6830441,-0.13898107,-0.19364306,0.6903893,0.5043293,-5.6290007,-2.3454108
373551.0,0,0,-0.68970233,-0.12871626,-0.18018924,0.6894017,0.5017237,-5.6243544,-2.3511548
373552.0,0,0,-0.6948675,-0.11946055,-0.16885807,0.6887491,0.49957788,-5.6203265,-2.3565145
373553.0,0,0,-0.69884545,-0.11002195,-0.1593045,0.6885727,0.49808353,-5.616664,-2.361649
373554.0,0,0,-0.7017767,-0.10066488,-0.1501719,0.6890752,0.49726337,-5.613288,-2.366565
373555.0,0,0,-0.7035059,-0.09174142,-0.14236237,0.6902146,0.4970021,-5.610235,-2.3712375
373556.0,0,0,-0.7041883,-0.08359019,-0.13647747,0.69174093,0.49709123,-5.607562,-2.3756013
373557.0,0,0,-0.70435715,-0.076217994,-0.13166621,0.6933512,0.49728546,-5.6052055,-2.3796878
373558.0,0,0,-0.7044842,-0.06927543,-0.12740201,0.6947457,0.4973749,-5.603063,-2.3835645
373559.0,0,0,-0.7049172,-0.06256046,-0.123446204,0.69565725,0.49722704,-5.601053,-2.3873029
373560.0,0,0,-0.7057295,-0.05618987,-0.11958701,0.6960514,0.49680144,-5.5991154,-2.3909671
373561.0,0,0,-0.70690894,-0.049997915,-0.1155706,0.69600534,0.4961448,-5.597216,-2.3945823
373562.0,0,0,-0.70829076,-0.04388665,-0.11122668,0.6957204,0.4953334,-5.595328,-2.3981903
373563.0,0,0,-0.7099019,-0.038703304,-0.106993504,0.69504946,0.49439126,-5.593431,-2.4016726
373564.0,0,0,-0.7119731,-0.034033734,-0.10038589,0.6941605,0.49329016,-5.5915647,-2.4049387
373565.0,0,0,-0.7138265,-0.030898944,-0.09349118,0.693366,0.49205142,-5.589914,-2.4079247
373566.0,0,0,-0.71544665,-0.029293297,-0.087953195,0.69249,0.49067932,-5.5885205,-2.4106534
373567.0,0,0,-0.717081,-0.028529644,-0.08219574,0.69153804,0.4892061,-5.587318,-2.4131377
373568.0,0,0,-0.71840984,-0.029206263,-0.07680053,0.6907502,0.48778045,-5.58624,-2.4154544
373569.0,0,0,-0.71948504,-0.03006907,-0.07219863,0.69009024,0.48644203,-5.585245,-2.4176466
373570.0,0,0,-0.7204511,-0.0308943,-0.06776001,0.68949574,0.4851962,-5.5843053,-2.4197335
373571.0,0,0,-0.72127455,-0.0316926,-0.0638226,0.6889742,0.4840296,-5.583416,-2.4217274
373572.0,0,0,-0.72198045,-0.032444183,-0.060419805,0.68850636,0.48292255,-5.5825787,-2.4236345
373573.0,0,0,-0.7226187,-0.033165198,-0.057265427,0.688072,0.48185745,-5.5817885,-2.425462
373574.0,0,0,-0.7232006,-0.03389765,-0.05439704,0.6876574,0.48083454,-5.581042,-2.4272099
373575.0,0,0,-0.72367555,-0.03458528,-0.05193412,0.68731385,0.47987798,-5.5803375,-2.428866
373576.0,0,0,-0.72405213,-0.035136018,-0.049851075,0.6870436,0.4789934,-5.5796556,-2.4304612
373577.0,0,0,-0.7243324,-0.035505578,-0.048134968,0.68685156,0.4781883,-5.5789857,-2.4320047
373578.0,0,0,-0.724562,-0.03561167,-0.046632092,0.68670756,0.47744158,-5.578312,-2.4335208
373579.0,0,0,-0.72477907,-0.035511076,-0.04520492,0.6865791,0.47672996,-5.577631,-2.4350188
373580.0,0,0,-0.72498524,-0.035278004,-0.04383269,0.68646234,0.47603667,-5.576943,-2.4365063
373581.0,0,0,-0.72517186,-0.034904823,-0.042501185,0.68636805,0.47536024,-5.5762506,-2.4379823
373582.0,0,1,-0.72533935,-0.034738075,-0.040935725,0.6862946,0.47470647,-5.5755544,-2.439445
373583.0,0,1,-0.7254672,-0.03435662,-0.039381213,0.6862697,0.4740774,-5.574858,-2.4408908
373584.0,0,1,-0.72556067,-0.03366314,-0.03797667,0.6862844,0.47346202,-5.5741687,-2.4423196
373585.0,0,1,-0.7256212,-0.032721378,-0.036814887,0.68632936,0.4728417,-5.5734863,-2.4437366
373586.0,0,1,-0.72565746,-0.031633314,-0.035869483,0.68639207,0.47220233,-5.5728097,-2.4451423
373587.0,0,1,-0.725688,-0.030501524,-0.03493537,0.68645924,0.47153574,-5.5721364,-2.4465415
373588.0,0,1,-0.7257114,-0.029452594,-0.033899404,0.686532,0.47084585,-5.57147,-2.4479327
373589.0,0,1,-0.72572756,-0.028545883,-0.032740217,0.6866096,0.47013867,-5.57081,-2.4493182
373590.0,0,1,-0.72572124,-0.027820617,-0.03149856,0.68670416,0.46942052,-5.5701528,-2.4506996
373591.0,0,1,-0.72569454,-0.027172618,-0.030170038,0.6868178,0.4686995,-5.5695004,-2.4520688
373592.0,0,1,-0.72565097,-0.026573105,-0.028796317,0.6869464,0.46797466,-5.5688524,-2.4534302
373593.0,0,1,-0.7255808,-0.026019068,-0.02739733,0.68709904,0.46724567,-5.5682077,-2.454786
373594.0,0,1,-0.7254793,-0.025518337,-0.025989616,0.6872796,0.4665149,-5.567567,-2.4561346
373595.0,0,1,-0.7253608,-0.02506243,-0.02455424,0.6874741,0.465786,-5.566931,-2.4574726
373596.0,0,1,-0.72522426,-0.024648424,-0.023129484,0.6876826,0.4650583,-5.566297,-2.458804
373597.0,0,1,-0.7250661,-0.024260994,-0.021750644,0.6879081,0.46433258,-5.5656667,-2.460126
373598.0,0,1,-0.7248986,-0.023871833,-0.020424519,0.68813884,0.46360543,-5.5650377,-2.4614425
373599.0,0,1,-0.7247194,-0.023480704,-0.019146457,0.6883777,0.46287253,-5.5644083,-2.462758
373600.0,0,1,-0.7245355,-0.02301979,-0.017902814,0.6886204,0.46213177,-5.563783,-2.464069
373601.0,1,1,-0.72435707,-0.022582365,-0.016643843,0.688854,0.47536024,-5.5762506,-2.4379823
373602.0,1,1,-0.7241731,-0.022296451,-0.015383305,0.689086,0.47536024,-5.5762506,-2.4379823
373603.0,1,1,-0.72397983,-0.022133987,-0.01399081,0.6893241,0.47536024,-5.5762506,-2.4379823
373604.0,1,1,-0.7238012,-0.021917066,-0.012436497,0.6895483,0.47536024,-5.5762506,-2.4379823
373605.0,1,1,-0.72360873,-0.021838438,-0.011179662,0.68977433,0.47536024,-5.5762506,-2.4379823
373606.0,1,1,-0.7233618,-0.022200912,-0.010410219,0.6900336,0.47536024,-5.5762506,-2.4379823
373607.0,1,1,-0.72309315,-0.022795051,-0.009691176,0.6903062,0.47536024,-5.5762506,-2.4379823
373608.0,1,1,-0.7228158,-0.023307651,-0.008476688,0.6905956,0.47536024,-5.5762506,-2.4379823
373609.0,1,1,-0.7225267,-0.023680747,-0.0068259006,0.6909036,0.47536024,-5.5762506,-2.4379823
373610.0,1,1,-0.72223586,-0.023946805,-0.0050080884,0.691214,0.47536024,-5.5762506,-2.4379823
373611.0,1,1,-0.72194093,-0.024183683,-0.003250522,0.6915243,0.47536024,-5.5762506,-2.4379823
373612.0,1,1,-0.72163874,-0.024490185,-0.0017030402,0.6918345,0.47536024,-5.5762506,-2.4379823
373613.0,1,1,-0.72134364,-0.024868678,-0.00039361627,0.6921306,0.47536024,-5.5762506,-2.4379823
373614.0,1,1,-0.72107375,-0.025260882,0.0007177216,0.69239724,0.47536024,-5.5762506,-2.4379823
373615.0,1,1,-0.72081614,-0.025596565,0.0016769051,0.69265157,0.47536024,-5.5762506,-2.4379823
373616.0,1,1,-0.72059596,-0.025841132,0.0025968507,0.6928687,0.47536024,-5.5762506,-2.4379823
373617.0,1,1,-0.72038937,-0.025956228,0.003623166,0.6930746,0.47536024,-5.5762506,-2.4379823
373618.0,1,1,-0.7201893,-0.025909279,0.0046975347,0.6932779,0.47536024,-5.5762506,-2.4379823
373619.0,1,1,-0.7200026,-0.025798982,0.0058991867,0.6934666,0.47536024,-5.5762506,-2.4379823
373620.0,1,1,-0.7198179,-0.025580902,0.0071485937,0.69365466,0.47536024,-5.5762506,-2.4379823
373621.0,1,1,-0.71961707,-0.025223363,0.008230386,0.69386405,0.47536024,-5.5762506,-2.4379823
373622.0,1,1,-0.71944153,-0.024750078,0.009224929,0.6940506,0.47536024,-5.5762506,-2.4379823
373623.0,1,1,-0.719275,-0.024252813,0.010220603,0.69422686,0.47536024,-5.5762506,-2.4379823
373624.0,1,1,-0.7191042,-0.023698991,0.011182255,0.694408,0.47536024,-5.5762506,-2.4379823
373625.0,1,1,-0.71894777,-0.023050798,0.0121249575,0.6945761,0.47536024,-5.5762506,-2.4379823
373626.0,1,1,-0.71881473,-0.022297617,0.013007833,0.6947223,0.47536024,-5.5762506,-2.4379823
373627.0,1,1,-0.7186854,-0.021495137,0.013836398,0.69486535,0.47536024,-5.5762506,-2.4379823
373628.0,1,1,-0.71856,-0.020760365,0.014549923,0.69500285,0.47536024,-5.5762506,-2.4379823
373629.0,1,1,-0.71846086,-0.020070333,0.015228124,0.69511104,0.47536024,-5.5762506,-2.4379823
373630.0,1,1,-0.7183688,-0.019291073,0.01588627,0.6952134,0.47536024,-5.5762506,-2.4379823
373631.0,1,1,-0.71828157,-0.018357327,0.016496548,0.69531465,0.47536024,-5.5762506,-2.4379823
373632.0,1,1,-0.7182035,-0.017352637,0.017100424,0.6954065,0.47536024,-5.5762506,-2.4379823
373633.0,1,1,-0.71813095,-0.016382683,0.017680781,0.6954905,0.47536024,-5.5762506,-2.4379823
373634.0,1,1,-0.7180578,-0.015491911,0.018164422,0.69557387,0.47536024,-5.5762506,-2.4379823
373635.0,1,1,-0.7179946,-0.014545163,0.01868685,0.69564575,0.47536024,-5.5762506,-2.4379823
373636.0,1,1,-0.71794224,-0.013334178,0.019359533,0.6957057,0.47536024,-5.5762506,-2.4379823
373637.0,1,1,-0.7178837,-0.011880756,0.02011974,0.6957709,0.47536024,-5.5762506,-2.4379823
373638.0,1,1,-0.71782863,-0.01028716,0.020938741,0.69582886,0.47536024,-5.5762506,-2.4379823
373639.0,1,1,-0.71776295,-0.008653615,0.021813087,0.69589204,0.47536024,-5.5762506,-2.4379823
373640.0,1,1,-0.7176777,-0.0069410414,0.022715596,0.69597024,0.47536024,-5.5762506,-2.4379823
373641.0,1,1,-0.7175902,-0.0050502545,0.023659375,0.69604534,0.47536024,-5.5762506,-2.4379823
373642.0,1,1,-0.7175169,-0.003050148,0.024655223,0.69609797,0.47536024,-5.5762506,-2.4379823
373643.0,1,1,-0.71746576,-0.0009927418,0.025738163,0.6961174,0.47536024,-5.5762506,-2.4379823
373644.0,1,1,-0.7174292,0.0009767954,0.026857067,0.6961127,0.47536024,-5.5762506,-2.4379823
373645.0,1,1,-0.71740687,0.0028404163,0.028020807,0.696085,0.47536024,-5.5762506,-2.4379823
373646.0,1,1,-0.7173943,0.0047653834,0.029255852,0.69603646,0.47536024,-5.5762506,-2.4379823
373647.0,1,1,-0.717383,0.006717664,0.030535009,0.69597703,0.47536024,-5.5762506,-2.4379823
373648.0,1,1,-0.71738726,0.008697583,0.031818163,0.6958933,0.47536024,-5.5762506,-2.4379823
373649.0,1,1,-0.71740264,0.010651844,0.033054948,0.6957926,0.47536024,-5.5762506,-2.4379823
373650.0,1,1,-0.71742696,0.012525903,0.034278393,0.69567716,0.47536024,-5.5762506,-2.4379823
373651.0,1,1,-0.7174425,0.014358322,0.035493422,0.6955647,0.47536024,-5.5762506,-2.4379823
373652.0,1,1,-0.7174495,0.016427837,0.036884625,0.69543934,0.47536024,-5.5762506,-2.4379823
373653.0,1,1,-0.71743757,0.018772418,0.03844195,0.695308,0.47536024,-5.5762506,-2.4379823
373654.0,0,0,-0.7173975,0.021636285,0.040259134,0.6951632,0.47536898,-5.5762286,-2.4379637
373655.0,0,0,-0.71726394,0.02478326,0.04220734,0.69508046,0.47538802,-5.576173,-2.4379308
373656.0,0,0,-0.7170396,0.028379057,0.044476856,0.6950329,0.47541466,-5.576078,-2.437885
373657.0,0,0,-0.7167429,0.032143485,0.04690511,0.6950155,0.47544667,-5.57594,-2.4378304
373658.0,0,0,-0.7163498,0.036117744,0.04951931,0.69504416,0.47548676,-5.5757256,-2.4377747
373659.0,0,0,-0.7158445,0.04074163,0.052642114,0.6950796,0.4755423,-5.575371,-2.4377253
373660.0,0,0,-0.7152169,0.04652892,0.05665831,0.6950466,0.47562778,-5.5747867,-2.4376957
373661.0,0,0,-0.71446824,0.05381885,0.06181414,0.69485086,0.47576928,-5.5738626,-2.4377081
373662.0,0,0,-0.7136513,0.06358274,0.06871809,0.69421667,0.47597495,-5.572554,-2.4377337
373663.0,0,0,-0.7126896,0.075868584,0.077743806,0.69301766,0.47622925,-5.5710335,-2.4376936
373664.0,0,0,-0.7111505,0.08807107,0.08606714,0.69217116,0.4765534,-5.5693455,-2.4375594
373665.0,0,0,-0.70896405,0.10347675,0.09513854,0.69109416,0.47698167,-5.5672045,-2.437344
373666.0,0,0,-0.7069544,0.12328944,0.108534366,0.6879211,0.47754365,-5.5645313,-2.4370043
373667.0,0,0,-0.70440376,0.14490159,0.12247948,0.6839719,0.4783067,-5.561526,-2.436505
373668.0,0,0,-0.699909,0.1680909,0.13281573,0.6813463,0.4792675,-5.5580907,-2.4358704
373669.0,0,0,-0.69439554,0.19472057,0.14722128,0.6769229,0.48034447,-5.5539484,-2.4351864
373670.0,0,0,-0.6875659,0.22474207,0.16514042,0.6704273,0.4814979,-5.54902,-2.4346123
373671.0,0,0,-0.6784881,0.2570742,0.18345292,0.6632583,0.48265752,-5.543486,-2.4343042
373672.0,0,0,-0.6675571,0.29000905,0.20360538,0.6548336,0.48371446,-5.5375185,-2.4343572
373673.0,0,0,-0.65463877,0.32299793,0.2260471,0.64499855,0.4845666,-5.5312,-2.434839
373674.0,0,0,-0.63983995,0.35619467,0.25106478,0.6330061,0.4853157,-5.5245647,-2.435767
373675.0,0,0,-0.6243607,0.3881008,0.27516,0.619547,0.48615983,-5.5177097,-2.4368515
373676.0,0,0,-0.6103976,0.41314083,0.29267827,0.60915434,0.48709708,-5.5105243,-2.4372065
373677.0,0,0,-0.59962434,0.42833066,0.30474907,0.6034165,0.4880521,-5.5024323,-2.435989
373678.0,0,0,-0.593462,0.43367162,0.31161848,0.6021842,0.4889943,-5.493017,-2.4332817
373679.0,0,0,-0.5899563,0.43337044,0.3132499,0.6049928,0.4899115,-5.4821615,-2.4299293
373680.0,0,0,-0.587773,0.43103704,0.3134281,0.6086811,0.49079657,-5.469996,-2.42674
373681.0,0,0,-0.5863957,0.42777884,0.3132891,0.61236864,0.4916693,-5.456753,-2.4239938
373682.0,0,0,-0.5858233,0.42309695,0.31191814,0.6168527,0.49253306,-5.4427247,-2.421632
373683.0,0,0,-0.5860516,0.4171261,0.30970007,0.62180007,0.49337432,-5.428041,-2.419595
373684.0,0,0,-0.58656347,0.41076228,0.30738643,0.6266827,0.4941798,-5.4128656,-2.4179547
373685.0,0,0,-0.5869827,0.40450117,0.30523393,0.6313971,0.49495706,-5.397226,-2.4167793
373686.0,0,0,-0.58739126,0.39831004,0.3032016,0.6359163,0.49570706,-5.381342,-2.4160662
373687.0,0,0,-0.5879058,0.39182773,0.30107573,0.6404617,0.49644336,-5.3650703,-2.415743
373688.0,0,0,-0.5885447,0.38498873,0.29881045,0.6450668,0.49716777,-5.348411,-2.4157498
373689.0,0,0,-0.589318,0.37778053,0.2963993,0.6497181,0.49788064,-5.33137,-2.4160416
373690.0,0,0,-0.59023273,0.37016952,0.2937173,0.6544693,0.4985819,-5.313956,-2.4165807
373691.0,0,0,-0.5913058,0.36209992,0.2906821,0.65935194,0.49927014,-5.296183,-2.4173274
373692.0,0,0,-0.59255147,0.3535116,0.28724265,0.66438246,0.4999461,-5.2780194,-2.4182458
373693.0,0,0,-0.59396195,0.34441748,0.28333005,0.66955954,0.5006095,-5.259485,-2.4192977
373694.0,0,0,-0.59555835,0.3347939,0.27888554,0.6748676,0.5012589,-5.240591,-2.420444
373695.0,0,0,-0.5973558,0.32456964,0.2738337,0.6803203,0.50188994,-5.2213264,-2.4216506
373696.0,0,0,-0.5993371,0.31371093,0.26813874,0.6859171,0.502495,-5.201715,-2.4228911
373697.0,0,0,-0.60147697,0.30221707,0.26179168,0.6916324,0.5030682,-5.181719,-2.424155
373698.0,0,0,-0.60371006,0.29034725,0.2549322,0.69731075,0.5035949,-5.161686,-2.4254158
373699.0,0,0,-0.60603136,0.27798024,0.24750338,0.70299006,0.5040788,-5.141268,-2.4266949
373700.0,0,0,-0.60839814,0.2653447,0.2396544,0.70852643,0.5045101,-5.1206546,-2.4279816
373701.0,0,0,-0.61079025,0.25251925,0.2314706,0.7138562,0.50488573,-5.09982,-2.4292798
373702.0,0,0,-0.6131698,0.23962075,0.22304471,0.7189268,0.5052052,-5.0787916,-2.4305894
373703.0,0,0,-0.6154829,0.22679356,0.21442784,0.7237169,0.50547254,-5.0576177,-2.431905
373704.0,0,0,-0.61770296,0.2140859,0.20559518,0.72824514,0.5056943,-5.0363097,-2.4332185
373705.0,0,0,-0.6198173,0.2014753,0.1964957,0.732546,0.5058762,-5.014846,-2.4345229
373706.0,0,0,-0.62178814,0.18902136,0.18715623,0.73662955,0.5060216,-4.993313,-2.4358075
373707.0,0,0,-0.62358755,0.17676759,0.17755021,0.7405186,0.50613505,-4.971701,-2.4370706
373708.0,0,0,-0.62520015,0.16479081,0.16771299,0.74420506,0.50621986,-4.9499917,-2.4383094
373709.0,0,0,-0.62662166,0.15317334,0.15773678,0.7476647,0.50627553,-4.9282584,-2.4395096
373710.0,0,0,-0.6278928,0.14187731,0.14761047,0.75088793,0.506298,-4.9064226,-2.440659
373711.0,0,0,-0.62906367,0.1309014,0.1373617,0.75384057,0.50628084,-4.88457,-2.4417315
373712.0,0,0,-0.6301727,0.12011962,0.12695734,0.7565287,0.5062166,-4.8626537,-2.442705
373713.0,0,0,-0.6312494,0.10945424,0.11640457,0.7589427,0.50609887,-4.8406963,-2.4435532
373714.0,0,0,-0.63231945,0.09883505,0.10568527,0.7610744,0.5059234,-4.818697,-2.444254
373715.0,0,0,-0.63339144,0.08826612,0.094807,0.7629128,0.50568914,-4.7966876,-2.4447885
373716.0,0,0,-0.63447374,0.07776471,0.08378405,0.764445,0.50539666,-4.774653,-2.4451423
373717.0,0,0,-0.6355872,0.06731072,0.07258239,0.76565653,0.5050464,-4.7525973,-2.4453018
373718.0,0,0,-0.63674414,0.056873787,0.061217222,0.76653427,0.5046391,-4.730617,-2.4452565
373719.0,0,0,-0.63794917,0.04637445,0.049655434,0.7670753,0.50417334,-4.70864,-2.4450014
373720.0,0,0,-0.6391851,0.035836976,0.037936516,0.7672803,0.50365174,-4.6866713,-2.4445357
373721.0,0,0,-0.640432,0.025319064,0.026149271,0.7671519,0.50308037,-4.6647973,-2.4438646
373722.0,0,0,-0.64166665,0.014798828,0.014297081,0.76670754,0.50246245,-4.64299,-2.4429898
373723.0,0,0,-0.6428676,0.0042564766,0.0023965097,0.76596177,0.50180316,-4.6212654,-2.4419155
373724.0,0,0,-0.6439982,-0.006273635,-0.009507544,0.76494217,0.5011107,-4.599646,-2.4406464
373725.0,0,0,-0.6450152,-0.016743306,-0.021398231,0.76368666,0.5003959,-4.578129,-2.4391842
373726.0,0,0,-0.64588803,-0.027064132,-0.033265892,0.76222676,0.49967077,-4.55673,-2.437525
373727.0,0,0,-0.6465788,-0.037244033,-0.045143083,0.7605991,0.49894375,-4.5354447,-2.435655
373728.0,0,0,-0.647052,-0.0473265,-0.057057764,0.7588336,0.49822196,-4.5143523,-2.4335651
373729.0,0,0,-0.64727634,-0.05736349,-0.069043465,0.7569516,0.49750867,-4.4934807,-2.4312437
373730.0,0,0,-0.64722353,-0.06743144,-0.08116418,0.7549617,0.49680287,-4.4727664,-2.428671
373731.0,0,0,-0.6468808,-0.07750606,-0.0933582,0.752876,0.49610764,-4.4523134,-2.4258523
373732.0,0,0,-0.6462404,-0.08760778,-0.10564836,0.7506908,0.495421,-4.432117,-2.422785
373733.0,0,0,-0.6452951,-0.09771299,-0.11801935,0.7484103,0.4947431,-4.4122386,-2.4194827
373734.0,0,0,-0.644035,-0.107796036,-0.13050403,0.7460346,0.4940722,-4.39265,-2.41595
373735.0,0,0,-0.64246386,-0.11776814,-0.14306724,0.7435742,0.49341092,-4.373444,-2.412218
373736.0,0,0,-0.64058125,-0.12759951,-0.15578015,0.74101716,0.49275666,-4.35459,-2.4082978
373737.0,0,0,-0.638433,-0.13718617,-0.16864297,0.73833793,0.4921088,-4.3361793,-2.4042284
373738.0,0,0,-0.63607174,-0.14648655,-0.18167236,0.7354927,0.49146026,-4.318216,-2.4000354
373739.0,0,0,-0.63354975,-0.15548559,-0.19486013,0.7324402,0.49080002,-4.300684,-2.3957403
373740.0,0,0,-0.63094527,-0.16414188,-0.20804717,0.7291652,0.49011979,-4.2836905,-2.391397
373741.0,0,0,-0.62831366,-0.17254275,-0.22116844,0.72562766,0.48940367,-4.267185,-2.3870223
373742.0,0,0,-0.62570614,-0.18073642,-0.23406033,0.72183233,0.48863897,-4.251224,-2.382675
373743.0,0,0,-0.6232429,-0.18882477,-0.24624853,0.7178267,0.48780587,-4.2358394,-2.3784173
373744.0,0,0,-0.6210196,-0.19648804,-0.257372,0.7137834,0.48687097,-4.2210507,-2.3743467
373745.0,0,0,-0.6190599,-0.20400988,-0.2671906,0.7097562,0.48583418,-4.2068233,-2.370534
373746.0,0,0,-0.61713904,-0.21120848,-0.2762937,0.7058274,0.48471636,-4.1931944,-2.3670802
373747.0,0,0,-0.6152464,-0.21778713,-0.28483087,0.7020769,0.4835518,-4.1801615,-2.3640738
373748.0,0,0,-0.61334574,-0.2234825,-0.29273975,0.6986887,0.48238713,-4.1677017,-2.3615913
373749.0,0,0,-0.6114452,-0.22788134,-0.30034298,0.69570035,0.48127007,-4.1558046,-2.359703
373750.0,0,0,-0.6095255,-0.23085499,-0.30771136,0.69317985,0.4802209,-4.1444483,-2.3584652
373751.0,0,0,-0.60764164,-0.23251666,-0.31463996,0.69116515,0.47922456,-4.13366,-2.3579283
373752.0,0,0,-0.6058387,-0.23312856,-0.32093558,0.6896455,0.4782318,-4.123432,-2.3581295
373753.0,0,0,-0.6042522,-0.23296249,-0.32624042,0.6886035,0.4771873,-4.1138015,-2.3590875
373754.0,0,0,-0.60301775,-0.23229791,-0.33024022,0.6880034,0.47603136,-4.104726,-2.3608105
373755.0,0,0,-0.60224396,-0.23138519,-0.33264053,0.6878325,0.4747232,-4.096221,-2.3632827
373756.0,0,0,-0.60201544,-0.23032606,-0.33327448,0.688081,0.47323668,-4.0882707,-2.3664815
373757.0,0,0,-0.6023762,-0.22910814,-0.33212483,0.6887275,0.47156605,-4.080854,-2.370383
373758.0,0,0,-0.6033177,-0.22761686,-0.32942435,0.6896941,0.4697312,-4.0739822,-2.3749452
373759.0,0,0,-0.60476255,-0.22569841,-0.3255506,0.69089746,0.46775818,-4.0676737,-2.380123
373760.0,0,0,-0.60660565,-0.22309835,-0.32084903,0.69232404,0.46566585,-4.061959,-2.3858535
373761.0,0,0,-0.6099877,-0.21770935,-0.3134075,0.69447345,0.4635412,-4.056581,-2.3921475
373762.0,0,0,-0.61448216,-0.20932437,-0.30540073,0.696653,0.4615375,-4.0509996,-2.3987358
373763.0,0,0,-0.61938524,-0.19787,-0.29868197,0.69856894,0.45964283,-4.0450788,-2.4050665
373764.0,0,0,-0.6238906,-0.18832873,-0.29274234,0.6997104,0.45761636,-4.0390716,-2.4109178
373765.0,0,0,-0.6273016,-0.18246569,-0.285676,0.7011335,0.45518395,-4.033092,-2.416286
373766.0,0,0,-0.63081527,-0.17765692,-0.27400118,0.7038705,0.4521121,-4.026919,-2.4214725
373767.0,0,0,-0.63468087,-0.17422175,-0.25535122,0.7082534,0.4484527,-4.0202675,-2.4270194
373768.0,0,0,-0.6398367,-0.16840826,-0.23241395,0.71290344,0.44475308,-4.0130816,-2.4332814
373769.0,0,0,-0.6470669,-0.15450104,-0.21154527,0.71601856,0.4414921,-4.005571,-2.440256
373770.0,0,0,-0.6554309,-0.13590384,-0.1961351,0.7165692,0.43862417,-3.9982631,-2.4474392
373771.0,0,0,-0.6635011,-0.12007279,-0.18102962,0.7159449,0.43584284,-3.991579,-2.454265
373772.0,0,0,-0.67070365,-0.10811206,-0.16422673,0.71519077,0.43319324,-3.9856803,-2.4604952
373773.0,0,0,-0.6762741,-0.09684421,-0.14985636,0.71471506,0.4310281,-3.980468,-2.4662182
373774.0,0,0,-0.68036515,-0.08485472,-0.13763744,0.71481377,0.429588,-3.9757655,-2.471585
373775.0,0,0,-0.68323565,-0.07341477,-0.12630291,0.7154348,0.42887288,-3.9715514,-2.4766045
373776.0,0,0,-0.6847314,-0.06299894,-0.11702043,0.71657544,0.4287219,-3.9678574,-2.4812453
373777.0,0,0,-0.685092,-0.053769622,-0.110245675,0.71805555,0.42888945,-3.9646602,-2.4854665
373778.0,0,0,-0.68501806,-0.045482118,-0.104717605,0.7195247,0.42909387,-3.9618328,-2.4892833
373779.0,0,0,-0.68499655,-0.038016133,-0.09969212,0.7206913,0.42910153,-3.959242,-2.4927647
373780.0,0,0,-0.6853523,-0.031400897,-0.09505902,0.7212975,0.4287886,-3.9567914,-2.496007
373781.0,0,0,-0.6862879,-0.025619447,-0.090942025,0.72116715,0.42810082,-3.9543529,-2.4990654
373782.0,0,0,-0.6884677,-0.02067095,-0.08607583,0.7198444,0.42699385,-3.951816,-2.5019066
373783.0,0,0,-0.69145066,-0.016124956,-0.077764064,0.718045,0.42549852,-3.9492989,-2.5044978
373784.0,0,0,-0.69405323,-0.014193517,-0.069938034,0.7163779,0.42374635,-3.946985,-2.5068636
373785.0,0,0,-0.6962072,-0.013725005,-0.0624121,0.71499085,0.4219093,-3.9448724,-2.5090244
373786.0,0,0,-0.69813216,-0.013651443,-0.054528624,0.7137589,0.4201613,-3.9429142,-2.5109653
373787.0,0,0,-0.69965667,-0.014180613,-0.047351453,0.71276736,0.41857412,-3.9410884,-2.5127053
373788.0,0,0,-0.7007556,-0.015168821,-0.04158772,0.7120266,0.41711554,-3.939378,-2.5142825
373789.0,0,0,-0.7017168,-0.016408954,-0.036198314,0.71134657,0.41569677,-3.93775,-2.5157285
373790.0,0,0,-0.7025821,-0.017916648,-0.030709788,0.710714,0.41425282,-3.9361775,-2.517076
373791.0,0,0,-0.70330065,-0.019720322,-0.025706977,0.7101539,0.41281024,-3.9346638,-2.5183399
373792.0,0,0,-0.7038874,-0.0215286,-0.021291122,0.70966595,0.4114355,-3.9331806,-2.519542
373793.0,0,0,-0.70430297,-0.02279133,-0.01730553,0.70932245,0.41021824,-3.9316792,-2.5206692
373794.0,0,0,-0.70449257,-0.022785466,-0.013707016,0.7092131,0.40920922,-3.9301593,-2.5216749
373795.0,0,0,-0.70458984,-0.022289218,-0.011275955,0.709175,0.40837336,-3.9287,-2.5225222
373796.0,0,0,-0.70460427,-0.022221798,-0.010056383,0.70918113,0.40760812,-3.9273415,-2.5232353
373797.0,0,0,-0.70461625,-0.022399863,-0.009081858,0.7091768,0.40682715,-3.9260287,-2.5238838
373798.0,0,0,-0.70463157,-0.022471746,-0.00789756,0.70917344,0.40603364,-3.9247034,-2.5245142
373799.0,0,0,-0.70463955,-0.022155475,-0.006758544,0.7091872,0.4052692,-3.9233437,-2.5251348
373800.0,0,0,-0.70465046,-0.021539189,-0.0059230234,0.7092029,0.40455064,-3.9219725,-2.5257277
373801.0,0,0,-0.7046747,-0.020882852,-0.0052498654,0.70920384,0.40385348,-3.920604,-2.5262847
373802.0,0,0,-0.7046864,-0.020310024,-0.004678988,0.70921266,0.40316835,-3.9192626,-2.526802
373803.0,0,0,-0.70465755,-0.019716311,-0.0041940645,0.7092612,0.40247843,-3.9179142,-2.5273015
373804.0,0,0,-0.704592,-0.019025514,-0.0036963217,0.709348,0.40178588,-3.9165568,-2.527791
373805.0,0,0,-0.7045123,-0.018297138,-0.003112832,0.70944905,0.40108138,-3.915186,-2.5282764
373806.0,0,0,-0.7044266,-0.017600767,-0.0024450922,0.7095543,0.40035698,-3.913803,-2.5287573
373807.0,0,0,-0.7043507,-0.016971234,-0.0017645882,0.7096471,0.3996182,-3.91242,-2.5292282
373808.0,0,0,-0.7042782,-0.016377682,-0.0011422152,0.7097344,0.39887202,-3.9110372,-2.5296876
373809.0,0,1,-0.7042097,-0.015746431,-0.0006331279,0.70981723,0.39812312,-3.9096544,-2.5301354
373810.0,0,1,-0.70414627,-0.015127467,-0.00020157864,0.7098938,0.39737025,-3.9082694,-2.5305724
373811.0,0,1,-0.70406103,-0.014502665,0.00011607105,0.70999146,0.39660951,-3.906881,-2.5310001
373812.0,0,1,-0.70394546,-0.013911985,0.00035187555,0.7101177,0.39583564,-3.9054842,-2.5314221
373813.0,0,1,-0.7038052,-0.01336639,0.00061165675,0.71026695,0.39504632,-3.9040768,-2.5318403
373814.0,0,1,-0.70364755,-0.01286681,0.0009858625,0.71043193,0.3942448,-3.9026642,-2.5322523
373815.0,0,1,-0.70347124,-0.012429475,0.0014830781,0.7106135,0.39343303,-3.901248,-2.5326564
373816.0,0,1,-0.7032743,-0.012093427,0.0020273847,0.7108128,0.3926156,-3.8998334,-2.533051
373817.0,0,1,-0.7030595,-0.011891444,0.0025481638,0.71102715,0.39179385,-3.8984175,-2.5334365
373818.0,0,1,-0.7028227,-0.011761285,0.0030570272,0.7112613,0.39096862,-3.8969972,-2.5338135
373819.0,0,1,-0.7025707,-0.0116550755,0.0035456442,0.7115098,0.39013955,-3.895573,-2.5341818
373820.0,0,1,-0.7023136,-0.0115767205,0.0039921133,0.71176237,0.38930884,-3.89415,-2.5345404
373821.0,0,1,-0.7020377,-0.011593163,0.0044140005,0.71203184,0.38847393,-3.892718,-2.5348923
373822.0,0,1,-0.70172083,-0.011680966,0.004798595,0.71234006,0.38764167,-3.8912795,-2.5352376
373823.0,0,1,-0.701385,-0.011725134,0.0051125926,0.7126679,0.38680634,-3.889823,-2.535581
373824.0,0,1,-0.70105493,-0.011702905,0.005474903,0.71299034,0.3859664,-3.8883467,-2.5359251
373825.0,0,1,-0.70075554,-0.011538271,0.005964385,0.71328324,0.38512334,-3.8868566,-2.5362675
373826.0,0,1,-0.7005032,-0.011249801,0.0064618667,0.7135313,0.38427567,-3.8853571,-2.5366077
373827.0,0,1,-0.700338,-0.010862993,0.006951858,0.713695,0.38341978,-3.8838456,-2.5369468
373828.0,1,1,-0.70021003,-0.010433229,0.0075655985,0.71382064,0.39887202,-3.9110372,-2.5296876
373829.0,1,1,-0.70007706,-0.009947265,0.008272393,0.7139502,0.39887202,-3.9110372,-2.5296876
373830.0,1,1,-0.6999563,-0.009386393,0.008859591,0.71406895,0.39887202,-3.9110372,-2.5296876
373831.0,1,1,-0.6998577,-0.008889081,0.009333677,0.7141661,0.39887202,-3.9110372,-2.5296876
373832.0,1,1,-0.6997623,-0.0085313395,0.009743195,0.7142583,0.39887202,-3.9110372,-2.5296876
373833.0,1,1,-0.6996516,-0.00826855,0.010083491,0.71436524,0.39887202,-3.9110372,-2.5296876
373834.0,1,1,-0.69952166,-0.007949684,0.010515025,0.71448976,0.39887202,-3.9110372,-2.5296876
373835.0,1,1,-0.6993686,-0.0075585875,0.011173509,0.7146339,0.39887202,-3.9110372,-2.5296876
373836.0,1,1,-0.69918287,-0.00718991,0.0120014995,0.7148061,0.39887202,-3.9110372,-2.5296876
373837.0,1,1,-0.69898844,-0.0068133534,0.012854088,0.71498495,0.39887202,-3.9110372,-2.5296876
373838.0,1,1,-0.6987891,-0.006467817,0.013693001,0.7151675,0.39887202,-3.9110372,-2.5296876
373839.0,1,1,-0.69858205,-0.0061254683,0.014547296,0.7153559,0.39887202,-3.9110372,-2.5296876
373840.0,1,1,-0.69837767,-0.0057554184,0.015460955,0.71553934,0.39887202,-3.9110372,-2.5296876
373841.0,1,1,-0.6981758,-0.005337503,0.016487004,0.7157166,0.39887202,-3.9110372,-2.5296876
373842.0,1,1,-0.69797695,-0.004875245,0.017595507,0.7158875,0.39887202,-3.9110372,-2.5296876
373843.0,1,1,-0.69778156,-0.0044649807,0.01876695,0.7160508,0.39887202,-3.9110372,-2.5296876
373844.0,1,1,-0.69759816,-0.0040548462,0.019993505,0.71619874,0.39887202,-3.9110372,-2.5296876
373845.0,1,1,-0.69742095,-0.0036085157,0.021131532,0.7163411,0.39887202,-3.9110372,-2.5296876
373846.0,1,1,-0.69726324,-0.0030910205,0.022207815,0.71646434,0.39887202,-3.9110372,-2.5296876
373847.0,1,1,-0.6971258,-0.002499697,0.023259863,0.71656704,0.39887202,-3.9110372,-2.5296876
373848.0,1,1,-0.6969802,-0.0019757508,0.024205523,0.716679,0.39887202,-3.9110372,-2.5296876
373849.0,1,1,-0.6968469,-0.0014805666,0.02503009,0.71678144,0.39887202,-3.9110372,-2.5296876
373850.0,1,1,-0.69673353,-0.0010447479,0.025750551,0.7168669,0.39887202,-3.9110372,-2.5296876
373851.0,1,1,-0.6966306,-0.00058173656,0.026380815,0.71694463,0.39887202,-3.9110372,-2.5296876
373852.0,1,1,-0.69653606,-3.24074e-05,0.026995145,0.7170139,0.39887202,-3.9110372,-2.5296876
373853.0,1,1,-0.69645363,0.00063597667,0.027651483,0.71706855,0.39887202,-3.9110372,-2.5296876
373854.0,1,1,-0.69637114,0.0013502643,0.02829382,0.71712255,0.39887202,-3.9110372,-2.5296876
373855.0,1,1,-0.69629425,0.0020598804,0.028938087,0.71717,0.39887202,-3.9110372,-2.5296876
373856.0,1,1,-0.69622064,0.0027842864,0.029551925,0.71721387,0.39887202,-3.9110372,-2.5296876
373857.0,1,1,-0.69613856,0.0035213367,0.030096117,0.7172678,0.39887202,-3.9110372,-2.5296876
373858.0,1,1,-0.6960467,0.004335156,0.030622927,0.71733004,0.39887202,-3.9110372,-2.5296876
373859.0,1,1,-0.6959424,0.00521273,0.031151984,0.7174027,0.39887202,-3.9110372,-2.5296876
373860.0,1,1,-0.6958239,0.006117844,0.031684782,0.7174871,0.39887202,-3.9110372,-2.5296876
373861.0,1,1,-0.6957001,0.007036175,0.032243308,0.7175738,0.39887202,-3.9110372,-2.5296876
373862.0,1,1,-0.69557595,0.008001253,0.032875903,0.7176555,0.39887202,-3.9110372,-2.5296876
373863.0,1,1,-0.69545746,0.009171681,0.033634644,0.717721,0.39887202,-3.9110372,-2.5296876
373864.0,1,1,-0.695341,0.01058388,0.034496255,0.7177736,0.39887202,-3.9110372,-2.5296876
373865.0,1,1,-0.6952212,0.012127105,0.035450343,0.7178188,0.39887202,-3.9110372,-2.5296876
373866.0,1,1,-0.69509774,0.013716551,0.036504667,0.71785676,0.39887202,-3.9110372,-2.5296876
373867.0,1,1,-0.69498515,0.0153641,0.037665356,0.71787244,0.39887202,-3.9110372,-2.5296876
373868.0,1,1,-0.69487655,0.017055796,0.03889288,0.717874,0.39887202,-3.9110372,-2.5296876
373869.0,1,1,-0.6947583,0.018844035,0.040226977,0.71787024,0.39887202,-3.9110372,-2.5296876
373870.0,1,1,-0.6946338,0.020785809,0.04170962,0.71785253,0.39887202,-3.9110372,-2.5296876
373871.0,1,1,-0.69448894,0.022748206,0.04325483,0.71784157,0.39887202,-3.9110372,-2.5296876
373872.0,1,1,-0.6943212,0.024886057,0.044915646,0.717831,0.39887202,-3.9110372,-2.5296876
373873.0,1,1,-0.69414,0.027225958,0.04666967,0.71780944,0.39887202,-3.9110372,-2.5296876
373874.0,1,1,-0.693931,0.029554825,0.048336215,0.7178091,0.39887202,-3.9110372,-2.5296876
373875.0,0,0,-0.6937159,0.032497246,0.05018748,0.71776277,0.39888427,-3.9110136,-2.5296745
373876.0,0,0,-0.693483,0.035664745,0.052152727,0.71769744,0.3989116,-3.9109592,-2.52965
373877.0,0,0,-0.6931528,0.03912628,0.054224133,0.7176825,0.3989589,-3.9108565,-2.5296178
373878.0,0,0,-0.6926864,0.043028038,0.05650274,0.7177338,0.39903155,-3.910661,-2.5295856
373879.0,0,0,-0.6920973,0.047779918,0.05932497,0.7177737,0.39913508,-3.9103115,-2.529565
373880.0,0,0,-0.6914035,0.05351,0.06291896,0.717732,0.39928475,-3.9097464,-2.5295696
373881.0,0,0,-0.69047505,0.060527712,0.06736332,0.7176648,0.3995151,-3.908885,-2.529616
373882.0,0,0,-0.6893,0.06976723,0.072901025,0.71741456,0.3998556,-3.907662,-2.5296953
373883.0,0,0,-0.6879487,0.08179409,0.079877414,0.716698,0.40030012,-3.9061532,-2.5297306
373884.0,0,0,-0.6863775,0.09512314,0.08767216,0.7156474,0.40082383,-3.904513,-2.5296671
373885.0,0,0,-0.68419874,0.10972399,0.09482007,0.714732,0.40149826,-3.9025712,-2.5295017
373886.0,0,0,-0.6815549,0.12880899,0.10394431,0.71280205,0.4024326,-3.9000719,-2.5292134
373887.0,0,0,-0.6781248,0.15236813,0.11527334,0.70967793,0.40368715,-3.8970902,-2.5287862
373888.0,0,0,-0.6730697,0.17726593,0.1242217,0.7071937,0.40521038,-3.893714,-2.5282493
373889.0,0,0,-0.66645265,0.20538014,0.13426395,0.70401216,0.40694797,-3.8896956,-2.5276725
373890.0,0,0,-0.6588943,0.2372867,0.14832978,0.6982489,0.4088878,-3.884933,-2.5271862
373891.0,0,0,-0.64901996,0.27213016,0.16288722,0.69151,0.4110037,-3.8795047,-2.526954
373892.0,0,0,-0.6370886,0.30834353,0.17871952,0.68344843,0.4131492,-3.8736675,-2.5271018
373893.0,0,0,-0.62302864,0.3450396,0.19647723,0.67392856,0.41519588,-3.8674557,-2.5277135
373894.0,0,0,-0.6070834,0.38207132,0.21694916,0.66212106,0.4171534,-3.860967,-2.5287898
373895.0,0,0,-0.5903916,0.41768005,0.23727125,0.64860123,0.4192445,-3.8543105,-2.5300581
373896.0,0,0,-0.57463163,0.44573712,0.25181946,0.63851684,0.42157757,-3.8474088,-2.5306492
373897.0,0,0,-0.5619644,0.4623916,0.261826,0.63390636,0.4241905,-3.839687,-2.5296364
373898.0,0,0,-0.55435663,0.46775505,0.26821515,0.63399893,0.4271208,-3.830655,-2.5269918
373899.0,0,0,-0.54926544,0.46648225,0.26991057,0.6386316,0.43033388,-3.8201919,-2.5235653
373900.0,0,0,-0.54566103,0.4628947,0.27072978,0.6439627,0.4337617,-3.8083959,-2.52023
373901.0,0,0,-0.5430003,0.45853245,0.27180642,0.6488606,0.43735036,-3.7955594,-2.5173297
373902.0,0,0,-0.54108894,0.45267776,0.27186316,0.6545197,0.44105908,-3.7819314,-2.5147893
373903.0,0,0,-0.5400569,0.44541848,0.27130708,0.6605555,0.44482422,-3.767729,-2.512535
373904.0,0,0,-0.5393604,0.43781862,0.27068883,0.6664329,0.44862545,-3.753011,-2.5106058
373905.0,0,0,-0.53864765,0.43055215,0.27013737,0.67194456,0.4524048,-3.738044,-2.5090854
373906.0,0,0,-0.53798,0.42341116,0.2695689,0.6772247,0.45620432,-3.7227027,-2.5079532
373907.0,0,0,-0.53745633,0.4160842,0.2688749,0.6824375,0.4600176,-3.7070208,-2.5071635
373908.0,0,0,-0.53713554,0.40851957,0.2680443,0.6875677,0.46382317,-3.6910768,-2.5066702
373909.0,0,0,-0.5370218,0.4006593,0.26704466,0.6926521,0.46763864,-3.6747925,-2.5064397
373910.0,0,0,-0.5371213,0.3924803,0.2657923,0.69772094,0.47145733,-3.658209,-2.506449
373911.0,0,0,-0.5374517,0.38390744,0.26423782,0.702808,0.47529045,-3.6412978,-2.5066729
373912.0,0,0,-0.53801996,0.37488678,0.26232386,0.7079411,0.47914532,-3.6240451,-2.5070817
373913.0,0,0,-0.5388134,0.36538965,0.2599846,0.71314687,0.4830129,-3.606503,-2.5076406
373914.0,0,0,-0.53983736,0.35535607,0.25719285,0.7184354,0.4868925,-3.588676,-2.5083203
373915.0,0,0,-0.5410787,0.3447465,0.25392005,0.7238152,0.49079326,-3.570511,-2.5091066
373916.0,0,0,-0.54270166,0.33334702,0.24976692,0.72936356,0.49468663,-3.5521195,-2.510006
373917.0,0,0,-0.54439384,0.3217098,0.24519265,0.73485965,0.49857554,-3.5334797,-2.511032
373918.0,0,0,-0.5460879,0.31002736,0.24026929,0.74023086,0.50244725,-3.5146577,-2.5121932
373919.0,0,0,-0.54772466,0.29844552,0.23502721,0.7454462,0.50631666,-3.4955986,-2.513496
373920.0,0,0,-0.5492943,0.2870916,0.22947444,0.7504638,0.5101805,-3.4763346,-2.5149274
373921.0,0,0,-0.5508266,0.27593824,0.22355437,0.75529563,0.5140371,-3.456872,-2.5164645
373922.0,0,0,-0.55235016,0.2648838,0.21721607,0.75997573,0.51787686,-3.4372456,-2.5180795
373923.0,0,0,-0.553867,0.25385806,0.21044989,0.7645248,0.52169734,-3.4174614,-2.5197532
373924.0,0,0,-0.55537105,0.24286735,0.2033032,0.7689254,0.5254997,-3.3975317,-2.5214713
373925.0,0,0,-0.5568541,0.23196109,0.19580822,0.7731537,0.5292908,-3.3774576,-2.5232186
373926.0,0,0,-0.5582979,0.2211237,0.1879298,0.77723247,0.5330812,-3.357217,-2.5249774
373927.0,0,0,-0.5597129,0.2103383,0.1797177,0.7811408,0.5368623,-3.3368723,-2.5267205
373928.0,0,0,-0.5611208,0.19953565,0.17114823,0.7848804,0.54064184,-3.3163817,-2.5284328
373929.0,0,0,-0.56252694,0.18871695,0.16227144,0.7884272,0.5444114,-3.2957847,-2.5300992
373930.0,0,0,-0.56393385,0.17790373,0.15315786,0.79175216,0.54816866,-3.2750983,-2.5317109
373931.0,0,0,-0.5653401,0.16713008,0.14385122,0.7948364,0.5519171,-3.254318,-2.533262
373932.0,0,0,-0.56674534,0.15643159,0.13439023,0.79766417,0.5556602,-3.2334442,-2.534743
373933.0,0,0,-0.5681671,0.1457837,0.12480605,0.8002229,0.5593979,-3.212492,-2.536142
373934.0,0,0,-0.56960034,0.13516939,0.115131155,0.8025145,0.56313103,-3.191469,-2.537449
373935.0,0,0,-0.57104045,0.12460408,0.10539471,0.8045362,0.5668588,-3.170394,-2.5386534
373936.0,0,0,-0.5724866,0.11413787,0.09562501,0.80628,0.5705772,-3.1493053,-2.5397413
373937.0,0,0,-0.5739513,0.103726655,0.08579462,0.8077499,0.5742928,-3.1281657,-2.5406954
373938.0,0,0,-0.57546306,0.093272865,0.075901836,0.8089385,0.577997,-3.1070075,-2.5414886
373939.0,0,0,-0.57703066,0.0826778,0.065938346,0.80984694,0.5816856,-3.0858371,-2.542095
373940.0,0,0,-0.57865256,0.0718783,0.055907074,0.8104746,0.5853599,-3.0646434,-2.5424945
373941.0,0,0,-0.5803079,0.06088151,0.04583284,0.810824,0.5890151,-3.043475,-2.5426738
373942.0,0,0,-0.5819639,0.049704053,0.035713192,0.8109082,0.59265816,-3.0223324,-2.542624
373943.0,0,0,-0.58359236,0.038372666,0.02555521,0.81073695,0.59629375,-3.0012238,-2.5423365
373944.0,0,0,-0.5851471,0.026886469,0.015371076,0.8103356,0.5999198,-2.9801776,-2.5418031
373945.0,0,0,-0.5865971,0.015137363,0.005095659,0.80972147,0.60355276,-2.9590979,-2.5410135
373946.0,0,0,-0.58788836,0.0033376627,-0.005085147,0.8089192,0.6071316,-2.9383345,-2.5399835
373947.0,0,0,-0.5890159,-0.008621689,-0.015324553,0.8079302,0.61071557,-2.9175465,-2.5386965
373948.0,0,0,-0.5899487,-0.020622458,-0.025545347,0.806773,0.6142759,-2.8969028,-2.537162
373949.0,0,0,-0.5906652,-0.03265319,-0.03575843,0.8054625,0.6178101,-2.8764095,-2.5353801
373950.0,0,0,-0.5911394,-0.04472974,-0.046001285,0.80401325,0.62131065,-2.8560941,-2.5333538
373951.0,0,0,-0.5913428,-0.056906816,-0.056339193,0.8024345,0.62478095,-2.8359194,-2.5310802
373952.0,0,0,-0.59124714,-0.06910204,-0.06672354,0.8007494,0.62819815,-2.8160057,-2.5285773
373953.0,0,0,-0.5908309,-0.0813114,-0.07718899,0.7989675,0.63156927,-2.7963026,-2.5258453
373954.0,0,0,-0.59008425,-0.09348915,-0.08774362,0.7970956,0.63488775,-2.7768319,-2.5228946
373955.0,0,0,-0.5889946,-0.10558928,-0.09838931,0.7951452,0.6381425,-2.757623,-2.51974
373956.0,0,0,-0.58758366,-0.11756802,-0.109118536,0.79310554,0.64132285,-2.7386832,-2.5163941
373957.0,0,0,-0.58588964,-0.12937388,-0.11994003,0.7909551,0.6444119,-2.7200558,-2.512878
373958.0,0,0,-0.5839576,-0.14094158,-0.13091901,0.78866297,0.6473974,-2.7017734,-2.5092144
373959.0,0,0,-0.5818366,-0.15221222,-0.14210989,0.7861949,0.65028304,-2.6837885,-2.505412
373960.0,0,0,-0.57959723,-0.16300602,-0.1534289,0.7835532,0.6530558,-2.6661785,-2.5015063
373961.0,0,0,-0.5772989,-0.1732858,-0.1649026,0.7807082,0.6557204,-2.648909,-2.4975085
373962.0,0,0,-0.5750023,-0.18304318,-0.1764788,0.77763915,0.6582641,-2.632036,-2.4934492
373963.0,0,0,-0.57277197,-0.1922909,-0.18804291,0.77433604,0.6606779,-2.6155612,-2.4893444
373964.0,0,0,-0.5706891,-0.2010108,-0.19942693,0.77080315,0.66294503,-2.5995123,-2.4852126
373965.0,0,0,-0.5688259,-0.20932022,-0.2104845,0.7670192,0.6650511,-2.583851,-2.4810557
373966.0,0,0,-0.5672317,-0.21730477,-0.2209207,0.7630341,0.666939,-2.5688307,-2.4769666
373967.0,0,0,-0.56585467,-0.22529757,-0.23078795,0.75880593,0.6686099,-2.5542421,-2.472929
373968.0,0,0,-0.56472355,-0.23328227,-0.23986952,0.75440663,0.670037,-2.5401733,-2.4690263
373969.0,0,0,-0.56382793,-0.2411828,-0.24810329,0.74991584,0.67121994,-2.5266337,-2.4653397
373970.0,0,0,-0.5631169,-0.24883029,-0.2555065,0.74545246,0.67218196,-2.5136135,-2.4619553
373971.0,0,0,-0.5625234,-0.2559396,-0.26222134,0.74114925,0.67296875,-2.5011091,-2.458963
373972.0,0,0,-0.5619639,-0.2621929,-0.26849833,0.7371296,0.67363703,-2.4891093,-2.4564447
373973.0,0,0,-0.5613713,-0.26733398,-0.27451462,0.7335097,0.6742335,-2.477621,-2.454477
373974.0,0,0,-0.5606948,-0.27124262,-0.28032538,0.730388,0.6747845,-2.4666367,-2.453123
373975.0,0,0,-0.5599388,-0.27393186,-0.2859055,0.7277967,0.6752886,-2.4561944,-2.4524393
373976.0,0,0,-0.559144,-0.27553418,-0.2911374,0.7257259,0.6757256,-2.446286,-2.4524639
373977.0,0,0,-0.5584344,-0.2761943,-0.2957885,0.72413874,0.67606235,-2.4368942,-2.4532223
373978.0,0,0,-0.5579491,-0.2760922,-0.29957253,0.7229954,0.6762565,-2.4280329,-2.4547203
373979.0,0,0,-0.5577815,-0.27546382,-0.30216742,0.7222841,0.6762637,-2.4196818,-2.456957
373980.0,0,0,-0.55801404,-0.27452686,-0.30328774,0.72199166,0.67605084,-2.411853,-2.4599135
373981.0,0,0,-0.5586835,-0.27333447,-0.30285195,0.7221092,0.67560405,-2.4045014,-2.463586
373982.0,0,0,-0.55980843,-0.27182972,-0.30094913,0.72260135,0.6749312,-2.3976457,-2.4679332
373983.0,0,0,-0.5613412,-0.2699781,-0.29779834,0.7234115,0.67404926,-2.3912954,-2.4729073
373984.0,0,0,-0.56322616,-0.26772878,-0.29362205,0.7244885,0.67296267,-2.3854716,-2.4784262
373985.0,0,0,-0.56536263,-0.26404095,-0.28798443,0.72643816,0.6718257,-2.3800325,-2.4844415
373986.0,0,0,-0.56855917,-0.25685155,-0.2813311,0.7291232,0.6709941,-2.3744283,-2.4906461
373987.0,0,0,-0.57390404,-0.24403296,-0.2765907,0.7311497,0.67049575,-2.3683276,-2.4965377
373988.0,0,0,-0.5786302,-0.23293209,-0.27022618,0.7334218,0.6699622,-2.3619802,-2.5020452
373989.0,0,0,-0.58182263,-0.22580236,-0.26283476,0.7358082,0.66909915,-2.3556094,-2.5073366
373990.0,0,0,-0.58434576,-0.21900037,-0.25319934,0.7392354,0.6677766,-2.348965,-2.5126994
373991.0,0,0,-0.58724415,-0.21184339,-0.23674312,0.74445903,0.6661131,-2.3417377,-2.5184722
373992.0,0,0,-0.5919514,-0.20152888,-0.21618785,0.7498282,0.66451454,-2.333917,-2.5248938
373993.0,0,0,-0.5989667,-0.18411858,-0.1984655,0.75362504,0.6632622,-2.3259857,-2.5318272
373994.0,0,0,-0.6065565,-0.16445783,-0.18540908,0.7554245,0.66217804,-2.318486,-2.5388641
373995.0,0,0,-0.6136952,-0.14784496,-0.17336076,0.75595385,0.66098803,-2.3118093,-2.5454333
373996.0,0,0,-0.6201793,-0.13435434,-0.160975,0.75591904,0.6597178,-2.3059828,-2.5513299
373997.0,0,0,-0.6253503,-0.12228965,-0.15019509,0.7559258,0.6586571,-2.3008828,-2.5566666
373998.0,0,0,-0.62925106,-0.1105474,-0.14115752,0.7562387,0.6580472,-2.2963154,-2.5616617
373999.0,0,0,-0.6320516,-0.098887555,-0.13258232,0.7570693,0.6579507,-2.2921817,-2.5664096
374000.0,0,0,-0.63373905,-0.0876726,-0.12508376,0.75831544,0.6582743,-2.2884831,-2.5708833
374001.0,0,0,-0.6344829,-0.07740524,-0.11905384,0.75978035,0.6588332,-2.2852104,-2.575029
374002.0,0,0,-0.63467884,-0.06834778,-0.11406346,0.7612496,0.6594162,-2.2823086,-2.578819
374003.0,0,0,-0.63473016,-0.060329307,-0.109764844,0.7625154,0.65985405,-2.2796643,-2.5823164
374004.0,0,0,-0.6349809,-0.053017147,-0.10604882,0.76337546,0.6600448,-2.2771685,-2.5855985
374005.0,0,0,-0.6356392,-0.046069745,-0.102559686,0.7637552,0.6599616,-2.2747204,-2.588751
374006.0,0,0,-0.6367345,-0.039390564,-0.09892938,0.7636953,0.659647,-2.2722836,-2.5918226
374007.0,0,0,-0.638034,-0.032999292,-0.09515737,0.7633929,0.659192,-2.2698548,-2.5948596
374008.0,0,0,-0.63931656,-0.026880052,-0.0914216,0.7630164,0.65867096,-2.2674248,-2.5978634
374009.0,0,0,-0.6409777,-0.021750074,-0.08753471,0.76224154,0.6580585,-2.2649117,-2.600728
374010.0,0,0,-0.6432018,-0.016766284,-0.08041058,0.7612781,0.65727514,-2.2624009,-2.6032934
374011.0,0,0,-0.6451773,-0.013803179,-0.073877424,0.7603276,0.6562546,-2.2601016,-2.6055305
374012.0,0,0,-0.64685786,-0.012750826,-0.06891059,0.75938386,0.65498984,-2.2580395,-2.607489
374013.0,0,0,-0.6486935,-0.012563443,-0.062890306,0.7583428,0.65357494,-2.2561123,-2.6092508
374014.0,0,0,-0.6504455,-0.012874701,-0.056496996,0.7573395,0.65216976,-2.254256,-2.6108987
374015.0,0,0,-0.6518016,-0.013326099,-0.051014695,0.75655454,0.65088624,-2.252433,-2.6124806
374016.0,0,0,-0.65294296,-0.013561831,-0.045826588,0.7558978,0.6497457,-2.2506447,-2.6139846
374017.0,0,0,-0.6539524,-0.013855301,-0.040922552,0.755301,0.6486856,-2.2489064,-2.615398
374018.0,0,0,-0.65483266,-0.014466714,-0.036485866,0.754754,0.6476313,-2.2472215,-2.616715
374019.0,0,0,-0.6556616,-0.015239552,-0.032057643,0.7542202,0.6465641,-2.2455795,-2.6179245
374020.0,0,0,-0.65639746,-0.015961584,-0.027637288,0.7537398,0.6455282,-2.2439854,-2.6190245
374021.0,0,0,-0.65691197,-0.016724657,-0.023986438,0.7534,0.6445893,-2.2424486,-2.6200237
374022.0,0,0,-0.65720564,-0.01719576,-0.021127213,0.75321895,0.6437904,-2.2409573,-2.6209247
374023.0,0,0,-0.65733904,-0.01709973,-0.01876886,0.7531671,0.64312667,-2.239489,-2.6217344
374024.0,0,0,-0.6574008,-0.016551724,-0.016900377,0.75316966,0.64255273,-2.2380407,-2.6224678
374025.0,0,0,-0.65743625,-0.015951237,-0.015457908,0.7531827,0.64200515,-2.2366111,-2.6231492
374026.0,0,0,-0.657489,-0.015415003,-0.014126723,0.7531739,0.64144707,-2.2351892,-2.623802
374027.0,0,1,-0.65752167,-0.014911483,-0.012921887,0.75317717,0.6408876,-2.2337615,-2.6244397
374028.0,0,1,-0.6575311,-0.014569136,-0.011714418,0.75319546,0.64034903,-2.2323248,-2.6250608
374029.0,0,1,-0.6575442,-0.013939714,-0.010578026,0.75321275,0.63982594,-2.2308784,-2.62566
374030.0,0,1,-0.6575664,-0.012993562,-0.009585448,0.75322354,0.63929933,-2.2294347,-2.626234
374031.0,0,1,-0.65756774,-0.0120299,-0.008735543,0.7532487,0.63875854,-2.227994,-2.6267877
374032.0,0,1,-0.65755993,-0.011175371,-0.00787963,0.75327814,0.638206,-2.2265494,-2.627326
374033.0,0,1,-0.65755177,-0.010419282,-0.0069854716,0.75330496,0.637647,-2.2251012,-2.6278503
374034.0,0,1,-0.6575282,-0.009721467,-0.0061001647,0.7533425,0.6370818,-2.2236505,-2.6283612
374035.0,0,1,-0.65748733,-0.009071745,-0.0052101268,0.753393,0.6365096,-2.2221966,-2.62886
374036.0,0,1,-0.65742767,-0.008504665,-0.0042838645,0.7534574,0.63593227,-2.2207377,-2.6293483
374037.0,0,1,-0.6573337,-0.008012126,-0.0033871217,0.75354946,0.6353551,-2.2192788,-2.629825
374038.0,0,1,-0.65720665,-0.0075622126,-0.0025707223,0.75366807,0.634777,-2.2178159,-2.630293
374039.0,0,1,-0.6570483,-0.007133908,-0.0018346437,0.75381243,0.6341952,-2.2163439,-2.630755
374040.0,0,1,-0.6568709,-0.006701647,-0.0011633408,0.7539725,0.6336079,-2.214861,-2.6312132
374041.0,0,1,-0.6566993,-0.0062784962,-0.000470898,0.7541263,0.633017,-2.2133715,-2.6316655
374042.0,0,1,-0.65652734,-0.0058403946,0.0003085161,0.75427955,0.6324217,-2.2118716,-2.6321096
374043.0,0,1,-0.6563666,-0.005338977,0.0011569278,0.7544224,0.63182616,-2.210378,-2.6325362
374044.0,0,1,-0.65621775,-0.0048689954,0.0019772167,0.7545534,0.6312264,-2.2088892,-2.6329432
374045.0,0,1,-0.6560768,-0.004546327,0.0026867676,0.7546757,0.63062626,-2.207409,-2.633331
374046.0,1,1,-0.65594316,-0.0043324884,0.0032509693,0.75479084,0.64144707,-2.2351892,-2.623802
374047.0,1,1,-0.6558156,-0.004158884,0.0036858579,0.75490063,0.64144707,-2.2351892,-2.623802
374048.0,1,1,-0.6556841,-0.0040706834,0.0040777796,0.7550133,0.64144707,-2.2351892,-2.623802
374049.0,1,1,-0.655545,-0.0039617545,0.004410873,0.75513285,0.64144707,-2.2351892,-2.623802
374050.0,1,1,-0.6553964,-0.0039468515,0.0046095643,0.75526077,0.64144707,-2.2351892,-2.623802
374051.0,1,1,-0.6552325,-0.004078041,0.0048159347,0.7554009,0.64144707,-2.2351892,-2.623802
374052.0,1,1,-0.65505844,-0.00422615,0.0050156866,0.7555498,0.64144707,-2.2351892,-2.623802
374053.0,1,1,-0.6548549,-0.0044774003,0.005220628,0.7557233,0.64144707,-2.2351892,-2.623802
374054.0,1,1,-0.6546346,-0.004781893,0.005439448,0.7559109,0.64144707,-2.2351892,-2.623802
374055.0,1,1,-0.65438914,-0.005178576,0.005527947,0.75611997,0.64144707,-2.2351892,-2.623802
374056.0,1,1,-0.654112,-0.005762819,0.005545341,0.7563554,0.64144707,-2.2351892,-2.623802
374057.0,1,1,-0.6538345,-0.0063213385,0.005668964,0.7565899,0.64144707,-2.2351892,-2.623802
374058.0,1,1,-0.6535498,-0.0067141997,0.0061911508,0.7568284,0.64144707,-2.2351892,-2.623802
374059.0,1,1,-0.653236,-0.006890475,0.0071987207,0.7570888,0.64144707,-2.2351892,-2.623802
374060.0,1,1,-0.6528998,-0.006829603,0.008471468,0.7573662,0.64144707,-2.2351892,-2.623802
374061.0,1,1,-0.6525677,-0.0066693895,0.009844097,0.75763714,0.64144707,-2.2351892,-2.623802
374062.0,1,1,-0.65223366,-0.006534609,0.011244904,0.7579064,0.64144707,-2.2351892,-2.623802
374063.0,1,1,-0.6518948,-0.0064276326,0.012663152,0.7581764,0.64144707,-2.2351892,-2.623802
374064.0,1,1,-0.6515643,-0.0063063386,0.0140999295,0.75843614,0.64144707,-2.2351892,-2.623802
374065.0,1,1,-0.6512465,-0.00616168,0.015515491,0.7586826,0.64144707,-2.2351892,-2.623802
374066.0,1,1,-0.6509508,-0.005983343,0.01691347,0.75890785,0.64144707,-2.2351892,-2.623802
374067.0,1,1,-0.6506821,-0.005807702,0.01832312,0.75910705,0.64144707,-2.2351892,-2.623802
374068.0,1,1,-0.650432,-0.005548163,0.019746551,0.7592875,0.64144707,-2.2351892,-2.623802
374069.0,1,1,-0.65019625,-0.0051984354,0.021050137,0.7594569,0.64144707,-2.2351892,-2.623802
374070.0,1,1,-0.64999056,-0.0047889845,0.02215628,0.7596042,0.64144707,-2.2351892,-2.623802
374071.0,1,1,-0.6498173,-0.0044095805,0.02307513,0.7597273,0.64144707,-2.2351892,-2.623802
374072.0,1,1,-0.6496664,-0.0040848684,0.02386844,0.75983363,0.64144707,-2.2351892,-2.623802
374073.0,1,1,-0.6495309,-0.003804239,0.0245406,0.75992954,0.64144707,-2.2351892,-2.623802
374074.0,1,1,-0.6494248,-0.0035450987,0.025098594,0.7600033,0.64144707,-2.2351892,-2.623802
374075.0,1,1,-0.6493328,-0.0033319967,0.025580263,0.7600668,0.64144707,-2.2351892,-2.623802
374076.0,1,1,-0.6492461,-0.0031155527,0.025991134,0.7601277,0.64144707,-2.2351892,-2.623802
374077.0,1,1,-0.64917463,-0.002854934,0.026334908,0.760178,0.64144707,-2.2351892,-2.623802
374078.0,1,1,-0.64910316,-0.0026295786,0.026625723,0.7602297,0.64144707,-2.2351892,-2.623802
374079.0,1,1,-0.6490316,-0.002415927,0.026863273,0.76028323,0.64144707,-2.2351892,-2.623802
374080.0,1,1,-0.6489643,-0.0021475274,0.027095977,0.7603333,0.64144707,-2.2351892,-2.623802
374081.0,1,1,-0.64889634,-0.0018306931,0.027326189,0.76038384,0.64144707,-2.2351892,-2.623802
374082.0,1,1,-0.6488309,-0.001468716,0.027548376,0.7604324,0.64144707,-2.2351892,-2.623802
374083.0,1,1,-0.64876705,-0.0010501231,0.027784923,0.7604789,0.64144707,-2.2351892,-2.623802
374084.0,1,1,-0.648704,-0.0005289678,0.028038245,0.760524,0.64144707,-2.2351892,-2.623802
374085.0,1,1,-0.64863515,8.903235e-05,0.028267272,0.76057434,0.64144707,-2.2351892,-2.623802
374086.0,1,1,-0.648573,0.00080260634,0.028510962,0.76061785,0.64144707,-2.2351892,-2.623802
374087.0,1,1,-0.6485123,0.0015850923,0.028751697,0.7606594,0.64144707,-2.2351892,-2.623802
374088.0,1,1,-0.6484455,0.0024044982,0.029000359,0.76070476,0.64144707,-2.2351892,-2.623802
374089.0,1,1,-0.6483651,0.0031877868,0.029264923,0.76076025,0.64144707,-2.2351892,-2.623802
374090.0,1,1,-0.648271,0.004015892,0.029562676,0.760825,0.64144707,-2.2351892,-2.623802
374091.0,1,1,-0.64816153,0.0049935672,0.029915826,0.76089877,0.64144707,-2.2351892,-2.623802
374092.0,1,1,-0.6480397,0.0061895913,0.03037801,0.7609753,0.64144707,-2.2351892,-2.623802
374093.0,1,1,-0.6478971,0.00742905,0.030874923,0.7610656,0.64144707,-2.2351892,-2.623802
374094.0,1,1,-0.6477472,0.008642202,0.031401783,0.7611589,0.64144707,-2.2351892,-2.623802
374095.0,1,1,-0.6475961,0.009884473,0.032016527,0.76124674,0.64144707,-2.2351892,-2.623802
374096.0,1,1,-0.6474404,0.011272944,0.03276586,0.761328,0.64144707,-2.2351892,-2.623802
374097.0,1,1,-0.6472876,0.012931209,0.033662118,0.7613924,0.64144707,-2.2351892,-2.623802
374098.0,1,1,-0.64710075,0.014674265,0.034684967,0.7614738,0.64144707,-2.2351892,-2.623802
374099.0,1,1,-0.64686424,0.016494961,0.035847105,0.7615836,0.64144707,-2.2351892,-2.623802
374100.0,1,1,-0.6465979,0.018369101,0.037137635,0.76170504,0.64144707,-2.2351892,-2.623802
374101.0,1,1,-0.6463098,0.020400658,0.038582493,0.761826,0.64144707,-2.2351892,-2.623802
374102.0,1,1,-0.64597595,0.022523072,0.040133752,0.7619693,0.64144707,-2.2351892,-2.623802
374103.0,1,1,-0.6456023,0.024611093,0.04168074,0.7621382,0.64144707,-2.2351892,-2.623802
374104.0,1,1,-0.6451832,0.02662462,0.043085866,0.7623472,0.64144707,-2.2351892,-2.623802
374105.0,1,1,-0.644778,0.028431352,0.044191163,0.7625616,0.64144707,-2.2351892,-2.623802
374106.0,1,1,-0.6444094,0.030070106,0.044965446,0.762765,0.64144707,-2.2351892,-2.623802
374107.0,1,1,-0.6441145,0.031834543,0.04568542,0.7628997,0.64144707,-2.2351892,-2.623802
374108.0,1,1,-0.6439263,0.033785895,0.046462767,0.76292765,0.64144707,-2.2351892,-2.623802
374109.0,0,0,-0.643793,0.03704407,0.048109215,0.7627869,0.64146245,-2.2351227,-2.623791
374110.0,0,0,-0.64371735,0.04077394,0.05016532,0.76252794,0.64149517,-2.2349744,-2.6237772
374111.0,0,0,-0.6435861,0.044904433,0.052532386,0.7622473,0.6415569,-2.2347102,-2.6237726
374112.0,0,0,-0.64341503,0.0499097,0.055482075,0.7618713,0.6416625,-2.2342722,-2.623788
374113.0,0,0,-0.6432143,0.0560255,0.059271283,0.7613301,0.6418358,-2.233595,-2.6238327
374114.0,0,0,-0.6429782,0.06392698,0.064259425,0.76050186,0.64211243,-2.2326434,-2.6239047
374115.0,0,0,-0.6426508,0.073845,0.07023587,0.75935096,0.64247084,-2.2314956,-2.623966
374116.0,0,0,-0.6420625,0.084516756,0.07661897,0.7581175,0.6428793,-2.230144,-2.623978
374117.0,0,0,-0.6410683,0.09685104,0.084238864,0.7566738,0.6433889,-2.2283645,-2.6239235
374118.0,0,0,-0.6397708,0.11402068,0.094654255,0.7541441,0.64405805,-2.2260528,-2.623771
374119.0,0,0,-0.63865453,0.13469939,0.10845656,0.749809,0.64487416,-2.2235026,-2.6234748
374120.0,0,0,-0.6365345,0.15425442,0.11868792,0.7462859,0.64583987,-2.2207725,-2.623011
374121.0,0,0,-0.63325614,0.17596117,0.12951104,0.74246293,0.6469868,-2.2174726,-2.6224144
374122.0,0,0,-0.6297574,0.20130421,0.14502735,0.7361042,0.6483022,-2.2134507,-2.621784
374123.0,0,0,-0.62535405,0.22833942,0.16115688,0.7285751,0.64975023,-2.208863,-2.6212459
374124.0,0,0,-0.61975044,0.25651428,0.17740974,0.7201635,0.65126526,-2.2038941,-2.6209035
374125.0,0,0,-0.6128042,0.28524578,0.19497426,0.7106975,0.6527634,-2.1985636,-2.6208456
374126.0,0,0,-0.6046547,0.31427652,0.21456246,0.69970423,0.65413845,-2.1928952,-2.621148
374127.0,0,0,-0.59535396,0.34383413,0.23656139,0.6865643,0.65540737,-2.186913,-2.6218114
374128.0,0,0,-0.58555937,0.3721975,0.2580635,0.672304,0.65671813,-2.1807582,-2.6226242
374129.0,0,0,-0.57731813,0.39431033,0.27476105,0.66009814,0.6581568,-2.174389,-2.6229458
374130.0,0,0,-0.5710262,0.40873656,0.2861243,0.6519174,0.65970004,-2.1674516,-2.62203
374131.0,0,0,-0.5678641,0.41469783,0.29317257,0.64777,0.6613345,-2.1595857,-2.6197867
374132.0,0,0,-0.56693447,0.41510725,0.2961943,0.646947,0.66307133,-2.1506371,-2.6168282
374133.0,0,0,-0.56691676,0.41321546,0.29741442,0.64761335,0.6649174,-2.1406527,-2.613857
374134.0,0,0,-0.56734186,0.41049737,0.29829532,0.6485638,0.6668701,-2.129828,-2.6112125
374135.0,0,0,-0.56816274,0.40675938,0.29856825,0.65007305,0.6689139,-2.1183257,-2.6088948
374136.0,0,0,-0.56936836,0.4019467,0.2984688,0.65205437,0.6709975,-2.1063757,-2.6068707
374137.0,0,0,-0.57068866,0.39667237,0.29853854,0.6540949,0.67310625,-2.0939884,-2.6051474
374138.0,0,0,-0.57187885,0.39135844,0.29891646,0.6560809,0.6752187,-2.0812693,-2.6037686
374139.0,0,0,-0.5729806,0.38591534,0.2994382,0.6581028,0.677339,-2.0681822,-2.6027226
374140.0,0,0,-0.5740774,0.38022688,0.29993585,0.6602282,0.6794478,-2.0548058,-2.6019723
374141.0,0,0,-0.57520485,0.37421298,0.30020508,0.66255635,0.6815441,-2.0410688,-2.6014667
374142.0,0,0,-0.57638544,0.36787483,0.30009982,0.6651225,0.6836046,-2.0270276,-2.6011705
374143.0,0,0,-0.57767904,0.36113352,0.29949248,0.6679625,0.68562245,-2.0126188,-2.6010582
374144.0,0,0,-0.57912135,0.3540057,0.29832488,0.67104447,0.6875726,-1.9979101,-2.6011143
374145.0,0,0,-0.5807644,0.34647527,0.29661497,0.6743049,0.68944854,-1.982836,-2.601328
374146.0,0,0,-0.5826186,0.33860525,0.2943915,0.67766935,0.6912293,-1.9674716,-2.6016874
374147.0,0,0,-0.58468914,0.33042783,0.29168293,0.6810853,0.6929111,-1.9517864,-2.6021821
374148.0,0,0,-0.5869751,0.32195044,0.28851128,0.6845214,0.6944882,-1.9357858,-2.602798
374149.0,0,0,-0.58948,0.31315136,0.28487906,0.68796337,0.6959543,-1.9194951,-2.6035223
374150.0,0,0,-0.59218854,0.30406377,0.28083616,0.6913675,0.6973026,-1.9029812,-2.6043472
374151.0,0,0,-0.59506446,0.29471594,0.27641937,0.69471806,0.6985382,-1.8862175,-2.605276
374152.0,0,0,-0.5980422,0.28517464,0.27168098,0.69800454,0.6996673,-1.8692129,-2.6063137
374153.0,0,0,-0.6010491,0.2755325,0.26667836,0.7012164,0.7006946,-1.8520269,-2.607459
374154.0,0,0,-0.6040198,0.26588473,0.2614859,0.704337,0.7016285,-1.8346617,-2.6087112
374155.0,0,0,-0.6069009,0.25632453,0.25613412,0.70736444,0.70247644,-1.817114,-2.6100633
374156.0,0,0,-0.6096717,0.24687058,0.25061455,0.7103153,0.70324415,-1.7993666,-2.6115015
374157.0,0,0,-0.61231714,0.2375378,0.24494758,0.71319294,0.7039322,-1.7814686,-2.6130004
374158.0,0,0,-0.61484927,0.22829752,0.23910505,0.71600944,0.704541,-1.7633952,-2.614535
374159.0,0,0,-0.6172924,0.21909072,0.23305601,0.71877277,0.7050661,-1.7451649,-2.6160724
374160.0,0,0,-0.61968344,0.20980458,0.22674236,0.7215001,0.7055012,-1.7267926,-2.6175792
374161.0,0,0,-0.6220587,0.2003601,0.22012867,0.7241839,0.70584023,-1.7082835,-2.6190295
374162.0,0,0,-0.6244298,0.19072011,0.21321043,0.72681123,0.70607895,-1.6896411,-2.6204069
374163.0,0,0,-0.62678874,0.18090548,0.20599622,0.7293659,0.70621675,-1.6708856,-2.6217012
374164.0,0,0,-0.62910354,0.17098206,0.19850022,0.73184115,0.7062574,-1.6520735,-2.6229053
374165.0,0,0,-0.6313572,0.16096671,0.19069256,0.73424387,0.70620686,-1.6331449,-2.624023
374166.0,0,0,-0.63350284,0.1509795,0.18264103,0.73656076,0.70607346,-1.614198,-2.6250505
374167.0,0,0,-0.63550526,0.14109573,0.1743626,0.73879814,0.7058659,-1.5952483,-2.6259897
374168.0,0,0,-0.6373479,0.13131872,0.16583161,0.74097437,0.7055908,-1.5762507,-2.6268427
374169.0,0,0,-0.63899827,0.121715344,0.15708736,0.743095,0.7052556,-1.557275,-2.6276057
374170.0,0,0,-0.64045095,0.11231731,0.14814492,0.7451581,0.70486385,-1.538305,-2.6282763
374171.0,0,0,-0.6417202,0.10315397,0.13907109,0.74713707,0.704414,-1.5194072,-2.6288464
374172.0,0,0,-0.6428626,0.09411696,0.12986746,0.7490021,0.70389235,-1.5005233,-2.629308
374173.0,0,0,-0.643941,0.08510056,0.12059041,0.7507036,0.7032813,-1.4817132,-2.629651
374174.0,0,0,-0.6450182,0.07603353,0.1113018,0.752185,0.70256215,-1.4629822,-2.629875
374175.0,0,0,-0.64612573,0.066962436,0.1021147,0.75339913,0.7017245,-1.4443699,-2.6299891
374176.0,0,0,-0.6472899,0.05795824,0.09308731,0.75431526,0.70076114,-1.4258426,-2.6300082
374177.0,0,0,-0.648522,0.049067594,0.08421206,0.75493044,0.69966745,-1.4073876,-2.6299455
374178.0,0,0,-0.6498267,0.040329024,0.07550378,0.755247,0.69844353,-1.3890408,-2.629811
374179.0,0,0,-0.65120727,0.03181889,0.06693816,0.75527203,0.6970896,-1.3708113,-2.6296124
374180.0,0,0,-0.65266263,0.02361996,0.058486845,0.75501853,0.6956068,-1.3527052,-2.6293554
374181.0,0,0,-0.6541846,0.015779475,0.050111547,0.7545081,0.69399655,-1.3347075,-2.6290417
374182.0,0,0,-0.65576786,0.008370162,0.041803524,0.75375783,0.6922635,-1.3168217,-2.6286657
374183.0,0,0,-0.6573949,0.001415762,0.03350928,0.7527995,0.6904086,-1.2990288,-2.6282115
374184.0,0,0,-0.65906507,-0.0050777155,0.025215844,0.75164604,0.6884392,-1.281403,-2.627657
374185.0,0,0,-0.66081464,-0.011221848,0.016845362,0.75027615,0.6863377,-1.2638495,-2.6269684
374186.0,0,0,-0.6626691,-0.017160483,0.008360407,0.748669,0.6841014,-1.2464542,-2.6261172
374187.0,0,0,-0.6646497,-0.023125358,-0.0003080711,0.7467971,0.6817183,-1.2292407,-2.625079
374188.0,0,0,-0.6667696,-0.029308408,-0.009211011,0.74463046,0.6791727,-1.2121909,-2.6238391
374189.0,0,0,-0.66900563,-0.03576672,-0.018305976,0.74217045,0.6764702,-1.195386,-2.6224098
374190.0,0,0,-0.67136556,-0.042497836,-0.027562281,0.73939335,0.673601,-1.1787618,-2.6208088
374191.0,0,0,-0.67384833,-0.04935206,-0.036872663,0.736297,0.6705822,-1.1623713,-2.619076
374192.0,0,0,-0.67644733,-0.05618777,-0.046178535,0.7328913,0.66742617,-1.1462176,-2.6172493
374193.0,0,0,-0.6791625,-0.06292458,-0.0554375,0.7291814,0.6641363,-1.1302639,-2.6153572
374194.0,0,0,-0.68197733,-0.069452494,-0.06459304,0.72519726,0.66072977,-1.1145405,-2.6134293
374195.0,0,0,-0.68489116,-0.075692505,-0.07362654,0.72095346,0.65721303,-1.099023,-2.6114798
374196.0,0,0,-0.6878977,-0.08161,-0.082530804,0.7164672,0.65359414,-1.0837,-2.6095145
374197.0,0,0,-0.6909742,-0.087205514,-0.09129923,0.7117685,0.64989066,-1.068603,-2.6075385
374198.0,0,0,-0.69409,-0.09253515,-0.09994766,0.7068852,0.64611363,-1.0537343,-2.60555
374199.0,0,0,-0.69721836,-0.09763254,-0.10849452,0.70184284,0.6422719,-1.0390795,-2.6035454
374200.0,0,0,-0.70033467,-0.102461055,-0.11691847,0.69668007,0.6383905,-1.0246793,-2.601529
374201.0,0,0,-0.7034474,-0.10700754,-0.12526707,0.6913893,0.6344631,-1.0104631,-2.5994852
374202.0,0,0,-0.70653784,-0.11125716,-0.1334841,0.6860089,0.63051975,-0.9965055,-2.5974135
374203.0,0,0,-0.709597,-0.1152729,-0.14159566,0.68054026,0.6265617,-0.9827971,-2.5952961
374204.0,0,0,-0.7126013,-0.11916976,-0.14963311,0.6749874,0.62259567,-0.96937054,-2.5931227
374205.0,0,0,-0.71554464,-0.12309769,-0.15760973,0.66932964,0.61860985,-0.9562046,-2.5908809
374206.0,0,0,-0.7184005,-0.12712052,-0.16546384,0.6635985,0.6146217,-0.9433633,-2.5885828
374207.0,0,0,-0.721163,-0.13125618,-0.17317316,0.6578046,0.61063623,-0.93085694,-2.58624
374208.0,0,0,-0.72384405,-0.13551326,-0.18072188,0.6519399,0.6066396,-0.91863275,-2.583857
374209.0,0,0,-0.7264215,-0.13984163,-0.18800919,0.6460718,0.60265833,-0.90675855,-2.5814643
374210.0,0,0,-0.72889537,-0.1442452,-0.19503942,0.64020675,0.59868664,-0.8952118,-2.5790763
374211.0,0,0,-0.7312562,-0.14878422,-0.20182598,0.6343453,0.5947116,-0.8839576,-2.5767055
374212.0,0,0,-0.7334784,-0.15335818,-0.20825858,0.628585,0.59078556,-0.87313104,-2.5744028
374213.0,0,0,-0.7356038,-0.15791471,-0.21440588,0.6228804,0.5868646,-0.862591,-2.5721626
374214.0,0,0,-0.7376532,-0.16232397,-0.22026403,0.61725384,0.5829716,-0.85238636,-2.5700185
374215.0,0,0,-0.7396537,-0.16655518,-0.22585009,0.61168903,0.57909924,-0.84250146,-2.5679877
374216.0,0,0,-0.74163264,-0.17060168,-0.23118569,0.6061596,0.57524115,-0.8329297,-2.5660877
374217.0,0,0,-0.74362737,-0.17439976,-0.23628347,0.6006441,0.5713921,-0.8236595,-2.564335
374218.0,0,0,-0.7456908,-0.17786476,-0.24116199,0.59510535,0.56755096,-0.81468475,-2.5627449
374219.0,0,0,-0.7478318,-0.18094626,-0.24580532,0.5895641,0.56374544,-0.8060678,-2.5613382
374220.0,0,0,-0.75009763,-0.1836609,-0.2502653,0.5839432,0.55994093,-0.7977345,-2.5601113
374221.0,0,0,-0.7525304,-0.18597896,-0.25454834,0.5781998,0.5561411,-0.7897043,-2.5590763
374222.0,0,0,-0.7551446,-0.18795012,-0.258603,0.572325,0.5523437,-0.7819843,-2.5582461
374223.0,0,0,-0.7579523,-0.1896172,-0.26236147,0.56632155,0.5485545,-0.77458894,-2.5576367
374224.0,0,0,-0.76095396,-0.19099662,-0.26578698,0.56020224,0.544773,-0.76751155,-2.557262
374225.0,0,0,-0.76416314,-0.19209965,-0.26881322,0.55397815,0.5409945,-0.7607319,-2.5571346
374226.0,0,0,-0.76757646,-0.19289729,-0.27137396,0.5476981,0.5372446,-0.7542799,-2.5572655
374227.0,0,0,-0.7711982,-0.19337556,-0.27348897,0.5413529,0.5335184,-0.74813074,-2.5576646
374228.0,0,0,-0.7749833,-0.19352725,-0.27516803,0.5350053,0.52984834,-0.7423185,-2.558336
374229.0,0,0,-0.7788965,-0.19337645,-0.27643478,0.5286867,0.52624625,-0.7368431,-2.5592854
374230.0,0,0,-0.78289765,-0.1929922,-0.27732226,0.52241516,0.52272195,-0.7317054,-2.5605202
374231.0,0,0,-0.78694165,-0.19244269,-0.27784556,0.5162273,0.51928747,-0.7269077,-2.5620482
374232.0,0,0,-0.7910137,-0.19174111,-0.27798548,0.51015365,0.5159456,-0.7224332,-2.5638802
374233.0,0,0,-0.79511786,-0.19086955,-0.27765,0.50424886,0.5127007,-0.71826124,-2.566023
374234.0,0,0,-0.7992502,-0.18976319,-0.2767832,0.49857828,0.5095669,-0.71438015,-2.5684733
374235.0,0,0,-0.80339473,-0.18839364,-0.27540073,0.49317265,0.50655913,-0.7107824,-2.5712245
374236.0,0,0,-0.8075174,-0.18678454,-0.27358037,0.48803785,0.5036883,-0.70746475,-2.5742736
374237.0,0,0,-0.811562,-0.18499634,-0.27136925,0.48322082,0.500968,-0.7044335,-2.5776086
374238.0,0,0,-0.815506,-0.18305372,-0.2687781,0.4787482,0.49840456,-0.70169246,-2.581214
374239.0,0,0,-0.81930256,-0.18106422,-0.26583794,0.47464654,0.49600977,-0.6992565,-2.5850496
374240.0,0,0,-0.8229099,-0.17918055,-0.26251793,0.47095436,0.49379435,-0.6971103,-2.5891013
374241.0,0,0,-0.825897,-0.176719,-0.25778297,0.46926808,0.49188802,-0.69496334,-2.593338
374242.0,0,0,-0.8291962,-0.16920432,-0.25444844,0.46803805,0.4902187,-0.692407,-2.5975988
374243.0,0,0,-0.83383465,-0.15821369,-0.25038117,0.46582994,0.48845938,-0.68950456,-2.6016636
374244.0,0,0,-0.8372171,-0.15219626,-0.24446486,0.46490952,0.48650762,-0.68658096,-2.6055222
374245.0,0,0,-0.83991194,-0.14738588,-0.23925546,0.46430835,0.48449472,-0.68380654,-2.6093094
374246.0,0,0,-0.8419936,-0.14261006,-0.23481901,0.46429452,0.48247987,-0.68112564,-2.6131794
374247.0,0,0,-0.84422404,-0.13855372,-0.2282801,0.46473324,0.48042724,-0.67842644,-2.6172383
374248.0,0,0,-0.84664845,-0.13417903,-0.2207793,0.46522984,0.47830942,-0.6756203,-2.621558
374249.0,0,0,-0.84936696,-0.12874599,-0.21270408,0.46557176,0.47614884,-0.67265636,-2.6260853
374250.0,0,0,-0.85248905,-0.12172041,-0.2036574,0.4658008,0.47399327,-0.6695421,-2.6307075
374251.0,0,0,-0.85571975,-0.1134605,-0.19455777,0.46585163,0.47190604,-0.6663852,-2.6353061
374252.0,0,0,-0.85893273,-0.104957104,-0.18567425,0.46555737,0.4699286,-0.66331625,-2.6398249
374253.0,0,0,-0.861866,-0.09705761,-0.17700456,0.46522716,0.46811306,-0.660426,-2.6442196
374254.0,0,0,-0.86446977,-0.08945638,-0.16848695,0.46508262,0.46647918,-0.6576483,-2.6485431
374255.0,0,0,-0.86680406,-0.081802964,-0.15995207,0.46516073,0.46507296,-0.6549323,-2.6527624
374256.0,0,0,-0.8688182,-0.07404974,-0.15178783,0.46543756,0.46392167,-0.6522564,-2.6568437
374257.0,0,0,-0.8704652,-0.066344105,-0.14430055,0.46590364,0.46302292,-0.649635,-2.6607435
374258.0,0,0,-0.8717679,-0.058788344,-0.13722953,0.46661842,0.46234855,-0.6470942,-2.6644418
374259.0,0,0,-0.8727578,-0.05143405,-0.1307295,0.46750218,0.4618521,-0.64465463,-2.6679502
374260.0,0,0,-0.8734984,-0.04438329,-0.124736816,0.46847782,0.4614828,-0.6423415,-2.6712685
374261.0,0,0,-0.8740364,-0.037740156,-0.11914932,0.46950987,0.4611964,-0.640165,-2.6743982
374262.0,0,0,-0.8744469,-0.031414136,-0.11392973,0.47050586,0.4609588,-0.63813114,-2.67734
374263.0,0,0,-0.8747462,-0.02563879,-0.10913033,0.47143635,0.4607457,-0.6362593,-2.6800885
374264.0,0,0,-0.874958,-0.020481417,-0.104674734,0.47230527,0.46053773,-0.6345523,-2.6826665
374265.0,0,0,-0.875101,-0.015833095,-0.10055678,0.4731132,0.46031487,-0.632998,-2.6851065
374266.0,0,0,-0.87522835,-0.011540335,-0.09664381,0.47381663,0.46004784,-0.631565,-2.6874547
374267.0,0,0,-0.8754557,-0.007778767,-0.09316669,0.4741696,0.45962158,-0.63020194,-2.6896815
374268.0,0,0,-0.8763208,-0.0046616923,-0.088434815,0.47351813,0.45891586,-0.6289181,-2.6916826
374269.0,0,0,-0.8776359,-0.002307361,-0.08176279,0.47229743,0.45798585,-0.62787735,-2.6934164
374270.0,0,0,-0.8785858,-0.0031854638,-0.077881336,0.47118074,0.45700145,-0.62710494,-2.695035
374271.0,0,0,-0.8796086,-0.0046096044,-0.07306777,0.4700306,0.45603776,-0.6264046,-2.6965625
374272.0,0,0,-0.8804792,-0.005711687,-0.06854865,0.4690681,0.45518523,-0.6256508,-2.6980114
374273.0,0,0,-0.88107467,-0.006513536,-0.06486167,0.46846348,0.4544924,-0.62482953,-2.6993625
374274.0,0,0,-0.8815694,-0.0071205,-0.061407,0.46798918,0.45392,-0.6239683,-2.7006273
374275.0,0,0,-0.88200617,-0.007593964,-0.058300994,0.467556,0.453411,-0.62314093,-2.7018008
374276.0,0,0,-0.8824091,-0.008327316,-0.0555551,0.46711713,0.45290267,-0.6223883,-2.7029097
374277.0,0,0,-0.88281107,-0.009411093,-0.052899454,0.46664503,0.45236757,-0.6217128,-2.7039728
374278.0,0,0,-0.8832035,-0.01068449,-0.050287735,0.46616372,0.45181787,-0.6210813,-2.705005
374279.0,0,0,-0.8835719,-0.011941389,-0.047819942,0.46569446,0.45129052,-0.6204564,-2.7060046
374280.0,0,0,-0.8838855,-0.013036403,-0.045600493,0.4652924,0.45081875,-0.6198171,-2.7069607
374281.0,0,0,-0.8841398,-0.013946777,-0.04369413,0.46496585,0.45041794,-0.61916536,-2.7078602
374282.0,0,0,-0.8843404,-0.014736011,-0.042159714,0.46470153,0.45008266,-0.61851305,-2.708699
374283.0,0,0,-0.88450235,-0.015420248,-0.040961828,0.46447828,0.44979602,-0.61786866,-2.7094836
374284.0,0,1,-0.88465893,-0.0162333,-0.039445225,0.46428353,0.4495414,-0.6172285,-2.7102256
374285.0,0,1,-0.88477856,-0.017033312,-0.03820952,0.4641303,0.44931075,-0.6165794,-2.7109387
374286.0,0,1,-0.88487977,-0.017730262,-0.037185032,0.46399435,0.4491015,-0.6159159,-2.7116325
374287.0,0,1,-0.8849692,-0.018165939,-0.03630159,0.46387702,0.44890735,-0.615244,-2.712312
374288.0,0,1,-0.88503397,-0.018264005,-0.03551977,0.46380997,0.44871673,-0.61457247,-2.7129807
374289.0,0,1,-0.8850936,-0.018112179,-0.034776695,0.46375838,0.4485227,-0.6139158,-2.7136326
374290.0,0,1,-0.88514274,-0.018014524,-0.034057926,0.46372166,0.44832522,-0.61327475,-2.7142675
374291.0,0,1,-0.8851807,-0.018091619,-0.03339092,0.46369493,0.44812927,-0.6126426,-2.7148867
374292.0,0,1,-0.88520724,-0.018251013,-0.032768447,0.46368238,0.44793496,-0.612007,-2.7154996
374293.0,0,1,-0.88522536,-0.018319182,-0.03219714,0.46368515,0.44774315,-0.6113824,-2.7160947
374294.0,0,1,-0.8852426,-0.0182933,-0.031648483,0.46369106,0.44754767,-0.6107618,-2.7166805
374295.0,0,1,-0.88525915,-0.018293789,-0.031079868,0.4636979,0.4473525,-0.61015016,-2.7172515
374296.0,0,1,-0.88526356,-0.018358067,-0.030534975,0.4637229,0.44716182,-0.60954607,-2.7178073
374297.0,0,1,-0.8852639,-0.018437495,-0.030070934,0.46374968,0.44697484,-0.60894656,-2.7183514
374298.0,0,1,-0.88526213,-0.018482212,-0.029710913,0.4637744,0.4467873,-0.6083516,-2.7188873
374299.0,0,1,-0.88526326,-0.018495794,-0.02941063,0.46379095,0.4465955,-0.60776013,-2.7194202
374300.0,0,1,-0.8852663,-0.018486522,-0.029122448,0.46380347,0.44639832,-0.6071732,-2.7199497
374301.0,0,1,-0.88527393,-0.018506972,-0.0288369,0.46380606,0.44619644,-0.6065906,-2.720474
374302.0,0,1,-0.88528246,-0.018608594,-0.028550338,0.46380332,0.44599196,-0.60600895,-2.7209933
374303.0,1,1,-0.8852923,-0.018711919,-0.028218979,0.46380076,0.44979602,-0.61786866,-2.7094836
374304.0,1,1,-0.8853071,-0.018760819,-0.027848626,0.46379286,0.44979602,-0.61786866,-2.7094836
374305.0,1,1,-0.88532794,-0.01877975,-0.027508656,0.46377265,0.44979602,-0.61786866,-2.7094836
374306.0,1,1,-0.8853516,-0.018798692,-0.027183015,0.46374604,0.44979602,-0.61786866,-2.7094836
374307.0,1,1,-0.8853646,-0.018805573,-0.026828485,0.46374142,0.44979602,-0.61786866,-2.7094836
374308.0,1,1,-0.8853752,-0.018718027,-0.026500052,0.4637437,0.44979602,-0.61786866,-2.7094836
374309.0,1,1,-0.88539064,-0.018584337,-0.026233364,0.46373487,0.44979602,-0.61786866,-2.7094836
374310.0,1,1,-0.88540274,-0.018432843,-0.026008822,0.46373025,0.44979602,-0.61786866,-2.7094836
374311.0,1,1,-0.8854131,-0.018226253,-0.025797814,0.46373042,0.44979602,-0.61786866,-2.7094836
374312.0,1,1,-0.88542694,-0.018017078,-0.025597954,0.4637234,0.44979602,-0.61786866,-2.7094836
374313.0,1,1,-0.88544136,-0.017870147,-0.02544873,0.4637095,0.44979602,-0.61786866,-2.7094836
374314.0,1,1,-0.8854523,-0.017786365,-0.025356477,0.46369702,0.44979602,-0.61786866,-2.7094836
374315.0,1,1,-0.8854628,-0.017714167,-0.025303014,0.4636826,0.44979602,-0.61786866,-2.7094836
374316.0,1,1,-0.8854711,-0.017594438,-0.025264222,0.4636734,0.44979602,-0.61786866,-2.7094836
374317.0,1,1,-0.8854765,-0.017429916,-0.02525839,0.4636696,0.44979602,-0.61786866,-2.7094836
374318.0,1,1,-0.8854837,-0.017267864,-0.025279304,0.46366102,0.44979602,-0.61786866,-2.7094836
374319.0,1,1,-0.8854862,-0.017156318,-0.025316307,0.46365833,0.44979602,-0.61786866,-2.7094836
374320.0,1,1,-0.8854837,-0.017024556,-0.025340706,0.46366665,0.44979602,-0.61786866,-2.7094836
374321.0,1,1,-0.8854793,-0.016851448,-0.025396913,0.46367833,0.44979602,-0.61786866,-2.7094836
374322.0,1,1,-0.8854759,-0.016620642,-0.025536936,0.46368527,0.44979602,-0.61786866,-2.7094836
374323.0,1,1,-0.8854849,-0.016388493,-0.02568729,0.46366808,0.44979602,-0.61786866,-2.7094836
374324.0,1,1,-0.88549083,-0.016280448,-0.025812982,0.46365353,0.44979602,-0.61786866,-2.7094836
374325.0,1,1,-0.8854953,-0.016214827,-0.025928253,0.46364087,0.44979602,-0.61786866,-2.7094836
374326.0,1,1,-0.8855046,-0.016089145,-0.026004614,0.46362323,0.44979602,-0.61786866,-2.7094836
374327.0,1,1,-0.88551646,-0.015904872,-0.026042754,0.4636048,0.44979602,-0.61786866,-2.7094836
374328.0,1,1,-0.88553137,-0.015731774,-0.02603615,0.46358266,0.44979602,-0.61786866,-2.7094836
374329.0,1,1,-0.88555,-0.015612667,-0.025976168,0.4635544,0.44979602,-0.61786866,-2.7094836
374330.0,1,1,-0.88556874,-0.015490564,-0.025878744,0.4635282,0.44979602,-0.61786866,-2.7094836
374331.0,1,1,-0.8855916,-0.015327785,-0.025743464,0.4634974,0.44979602,-0.61786866,-2.7094836
374332.0,1,1,-0.88561374,-0.0151409805,-0.025562475,0.46347138,0.44979602,-0.61786866,-2.7094836
374333.0,1,1,-0.8856312,-0.014969971,-0.025341978,0.46345547,0.44979602,-0.61786866,-2.7094836
374334.0,1,1,-0.88564664,-0.0148541285,-0.025089728,0.46344355,0.44979602,-0.61786866,-2.7094836
374335.0,1,1,-0.88566107,-0.014766982,-0.024819965,0.46343315,0.44979602,-0.61786866,-2.7094836
374336.0,1,1,-0.8856715,-0.014667286,-0.024566293,0.46343014,0.44979602,-0.61786866,-2.7094836
374337.0,1,1,-0.8856811,-0.014527667,-0.024366809,0.46342677,0.44979602,-0.61786866,-2.7094836
374338.0,1,1,-0.88569325,-0.014339862,-0.024163822,0.46341982,0.44979602,-0.61786866,-2.7094836
374339.0,1,1,-0.88570917,-0.01419936,-0.023857243,0.4634097,0.44979602,-0.61786866,-2.7094836
374340.0,1,1,-0.88572514,-0.014134059,-0.023442317,0.46340218,0.44979602,-0.61786866,-2.7094836
374341.0,1,1,-0.8857421,-0.014089999,-0.022957835,0.46339527,0.44979602,-0.61786866,-2.7094836
374342.0,1,1,-0.8857582,-0.014021227,-0.02245821,0.46339113,0.44979602,-0.61786866,-2.7094836
374343.0,1,1,-0.8857724,-0.013930746,-0.021968419,0.46339023,0.44979602,-0.61786866,-2.7094836
374344.0,1,1,-0.8857878,-0.013867075,-0.021470316,0.46338612,0.44979602,-0.61786866,-2.7094836
374345.0,1,1,-0.8858063,-0.013847954,-0.02096234,0.46337473,0.44979602,-0.61786866,-2.7094836
374346.0,1,1,-0.88581955,-0.013835522,-0.02049811,0.46337047,0.44979602,-0.61786866,-2.7094836
374347.0,1,1,-0.8858315,-0.013791486,-0.020117553,0.46336555,0.44979602,-0.61786866,-2.7094836
374348.0,1,1,-0.88584757,-0.013720717,-0.019781899,0.4633515,0.44979602,-0.61786866,-2.7094836
374349.0,1,1,-0.88585764,-0.013626668,-0.01944386,0.46334916,0.44979602,-0.61786866,-2.7094836
374350.0,1,1,-0.885862,-0.013461909,-0.019116208,0.46335948,0.44979602,-0.61786866,-2.7094836
374351.0,1,1,-0.88586533,-0.013254892,-0.018815106,0.46337128,0.44979602,-0.61786866,-2.7094836
374352.0,1,1,-0.88586783,-0.013064145,-0.018530807,0.46338347,0.44979602,-0.61786866,-2.7094836
374353.0,1,1,-0.88586605,-0.012926945,-0.018249305,0.4634017,0.44979602,-0.61786866,-2.7094836
374354.0,1,1,-0.88586766,-0.012839719,-0.017918652,0.46341407,0.44979602,-0.61786866,-2.7094836
374355.0,1,1,-0.8858632,-0.012766967,-0.017590875,0.463437,0.44979602,-0.61786866,-2.7094836
374356.0,1,1,-0.8858568,-0.012699118,-0.017299376,0.4634621,0.44979602,-0.61786866,-2.7094836
374357.0,1,1,-0.88585097,-0.0126498705,-0.017027281,0.46348482,0.44979602,-0.61786866,-2.7094836
374358.0,1,1,-0.88584334,-0.012618464,-0.016789239,0.46350905,0.44979602,-0.61786866,-2.7094836
374359.0,1,1,-0.88583803,-0.012603297,-0.016561508,0.4635276,0.44979602,-0.61786866,-2.7094836
374360.0,1,1,-0.88583124,-0.012589506,-0.016303087,0.46355018,0.44979602,-0.61786866,-2.7094836
374361.0,1,1,-0.8858199,-0.012540684,-0.016065786,0.46358144,0.44979602,-0.61786866,-2.7094836
374362.0,1,1,-0.8858103,-0.012483876,-0.015876744,0.46360782,0.44979602,-0.61786866,-2.7094836
374363.0,1,1,-0.88580275,-0.012432458,-0.015729072,0.46362874,0.44979602,-0.61786866,-2.7094836
374364.0,1,1,-0.8857913,-0.012380377,-0.015611511,0.46365598,0.44979602,-0.61786866,-2.7094836
374365.0,1,1,-0.8857793,-0.012325142,-0.0155376755,0.46368286,0.44979602,-0.61786866,-2.7094836
374366.0,1,1,-0.88576895,-0.012226016,-0.015453693,0.46370783,0.44979602,-0.61786866,-2.7094836
374367.0,1,1,-0.88575536,-0.012098462,-0.015359305,0.4637404,0.44979602,-0.61786866,-2.7094836
374368.0,1,1,-0.8857388,-0.011969454,-0.0152976345,0.46377748,0.44979602,-0.61786866,-2.7094836
374369.0,1,1,-0.88571876,-0.011880556,-0.015267327,0.463819,0.44979602,-0.61786866,-2.7094836
374370.0,1,1,-0.8856974,-0.0117913,-0.0152477175,0.4638627,0.44979602,-0.61786866,-2.7094836
374371.0,1,1,-0.885675,-0.011674482,-0.015225389,0.46390918,0.44979602,-0.61786866,-2.7094836
374372.0,1,1,-0.8856522,-0.011574788,-0.015203682,0.46395603,0.44979602,-0.61786866,-2.7094836
374373.0,1,1,-0.8856296,-0.011499,-0.015158345,0.4640025,0.44979602,-0.61786866,-2.7094836
374374.0,1,1,-0.88560545,-0.011388952,-0.015080331,0.46405384,0.44979602,-0.61786866,-2.7094836
374375.0,1,1,-0.8855743,-0.011250816,-0.01503566,0.46411794,0.44979602,-0.61786866,-2.7094836
374376.0,1,1,-0.8855459,-0.011166651,-0.015001403,0.46417537,0.44979602,-0.61786866,-2.7094836
374377.0,1,1,-0.8855187,-0.011165281,-0.01495643,0.46422872,0.44979602,-0.61786866,-2.7094836
374378.0,1,1,-0.88549143,-0.011174709,-0.0148915835,0.4642827,0.44979602,-0.61786866,-2.7094836
374379.0,1,1,-0.8854706,-0.011158681,-0.014828394,0.46432477,0.44979602,-0.61786866,-2.7094836
374380.0,1,1,-0.8854522,-0.011114439,-0.014779668,0.46436247,0.44979602,-0.61786866,-2.7094836
374381.0,1,1,-0.88543135,-0.011046358,-0.014755248,0.46440464,0.44979602,-0.61786866,-2.7094836
374382.0,1,1,-0.8854132,-0.01094118,-0.01473417,0.46444234,0.44979602,-0.61786866,-2.7094836
374383.0,1,1,-0.8854,-0.010840859,-0.014728299,0.46447015,0.44979602,-0.61786866,-2.7094836
374384.0,1,1,-0.88539284,-0.010770141,-0.014744619,0.46448496,0.44979602,-0.61786866,-2.7094836
374385.0,1,1,-0.8853863,-0.01067893,-0.014811449,0.46449718,0.44979602,-0.61786866,-2.7094836
374386.0,1,1,-0.8853777,-0.010547972,-0.014920484,0.46451303,0.44979602,-0.61786866,-2.7094836
374387.0,1,1,-0.8853712,-0.010420894,-0.015028423,0.46452495,0.44979602,-0.61786866,-2.7094836
374388.0,1,1,-0.8853616,-0.01031924,-0.015093675,0.46454337,0.44979602,-0.61786866,-2.7094836
374389.0,1,1,-0.8853452,-0.010221948,-0.015137582,0.46457535,0.44979602,-0.61786866,-2.7094836
374390.0,1,1,-0.8853287,-0.010102267,-0.015188242,0.46460778,0.44979602,-0.61786866,-2.7094836
374391.0,1,1,-0.8853114,-0.009983688,-0.015258058,0.46464097,0.44979602,-0.61786866,-2.7094836
374392.0,1,1,-0.885294,-0.009887162,-0.01531842,0.46467417,0.44979602,-0.61786866,-2.7094836
374393.0,1,1,-0.8852746,-0.009791537,-0.015359976,0.46471187,0.44979602,-0.61786866,-2.7094836
374394.0,1,1,-0.8852553,-0.009677628,-0.015394036,0.4647499,0.44979602,-0.61786866,-2.7094836
374395.0,1,1,-0.88523823,-0.009582493,-0.015415146,0.46478367,0.44979602,-0.61786866,-2.7094836
374396.0,1,1,-0.8852216,-0.009488568,-0.015409793,0.46481746,0.44979602,-0.61786866,-2.7094836
374397.0,1,1,-0.88520366,-0.009367452,-0.015407306,0.46485415,0.44979602,-0.61786866,-2.7094836
374398.0,1,1,-0.8851853,-0.009266588,-0.015412269,0.46489102,0.44979602,-0.61786866,-2.7094836
374399.0,1,1,-0.8851688,-0.009219886,-0.015385899,0.4649243,0.44979602,-0.61786866,-2.7094836
374400.0,1,1,-0.8851485,-0.009170753,-0.015373202,0.46496424,0.44979602,-0.61786866,-2.7094836
374401.0,1,1,-0.8851299,-0.009065947,-0.015396894,0.4650009,0.44979602,-0.61786866,-2.7094836
374402.0,1,1,-0.88511544,-0.00898597,-0.015434079,0.46502876,0.44979602,-0.61786866,-2.7094836
374403.0,1,1,-0.8850988,-0.008931644,-0.01544761,0.46506098,0.44979602,-0.61786866,-2.7094836
374404.0,1,1,-0.8850765,-0.008899945,-0.015432041,0.46510452,0.44979602,-0.61786866,-2.7094836
374405.0,1,1,-0.88505304,-0.008852305,-0.015410601,0.46515077,0.44979602,-0.61786866,-2.7094836
374406.0,1,1,-0.8850345,-0.008780259,-0.015378709,0.46518847,0.44979602,-0.61786866,-2.7094836
374407.0,1,1,-0.8850174,-0.008744418,-0.01531321,0.46522385,0.44979602,-0.61786866,-2.7094836
374408.0,1,1,-0.8849967,-0.008745749,-0.015254832,0.4652652,0.44979602,-0.61786866,-2.7094836
374409.0,1,1,-0.88497436,-0.0087612895,-0.015219297,0.46530858,0.44979602,-0.61786866,-2.7094836
374410.0,1,1,-0.88495463,-0.008726747,-0.015189108,0.46534774,0.44979602,-0.61786866,-2.7094836
374411.0,1,1,-0.88493824,-0.0086931,-0.0151728885,0.4653801,0.44979602,-0.61786866,-2.7094836
374412.0,1,1,-0.8849193,-0.0086963475,-0.015159933,0.46541655,0.44979602,-0.61786866,-2.7094836
374413.0,1,1,-0.8848977,-0.008718869,-0.015160687,0.4654571,0.44979602,-0.61786866,-2.7094836
374414.0,1,1,-0.88488394,-0.008674904,-0.015150512,0.46548438,0.44979602,-0.61786866,-2.7094836
374415.0,1,1,-0.8848711,-0.008631225,-0.01512861,0.4655103,0.44979602,-0.61786866,-2.7094836
374416.0,1,1,-0.8848587,-0.008631639,-0.01507488,0.46553555,0.44979602,-0.61786866,-2.7094836
374417.0,1,1,-0.88484806,-0.00864756,-0.015014735,0.46555752,0.44979602,-0.61786866,-2.7094836
374418.0,1,1,-0.8848347,-0.008651924,-0.014970105,0.46558428,0.44979602,-0.61786866,-2.7094836
374419.0,1,1,-0.88482094,-0.008652295,-0.0149423815,0.46561137,0.44979602,-0.61786866,-2.7094836
374420.0,1,1,-0.884809,-0.008620452,-0.014874748,0.46563655,0.44979602,-0.61786866,-2.7094836
374421.0,1,1,-0.88479745,-0.008577374,-0.014790507,0.4656621,0.44979602,-0.61786866,-2.7094836
374422.0,1,1,-0.88478595,-0.008568762,-0.014706208,0.46568683,0.44979602,-0.61786866,-2.7094836
374423.0,1,1,-0.8847746,-0.008586852,-0.014627224,0.46571052,0.44979602,-0.61786866,-2.7094836
374424.0,1,1,-0.88476294,-0.008595044,-0.014585266,0.46573386,0.44979602,-0.61786866,-2.7094836
374425.0,1,1,-0.8847521,-0.008576795,-0.014569333,0.4657553,0.44979602,-0.61786866,-2.7094836
374426.0,1,1,-0.88474226,-0.008562743,-0.014559958,0.4657745,0.44979602,-0.61786866,-2.7094836
374427.0,1,1,-0.8847302,-0.008533563,-0.014544107,0.46579844,0.44979602,-0.61786866,-2.7094836
374428.0,1,1,-0.88471955,-0.008469705,-0.014519786,0.4658204,0.44979602,-0.61786866,-2.7094836
374429.0,1,1,-0.88471127,-0.008416109,-0.014493727,0.4658381,0.44979602,-0.61786866,-2.7094836
374430.0,1,1,-0.88470024,-0.008389973,-0.014472103,0.46586013,0.44979602,-0.61786866,-2.7094836
374431.0,1,1,-0.884688,-0.008367108,-0.014453769,0.4658843,0.44979602,-0.61786866,-2.7094836
374432.0,1,1,-0.88467467,-0.008342882,-0.014419244,0.46591115,0.44979602,-0.61786866,-2.7094836
374433.0,1,1,-0.88466257,-0.008325892,-0.014375415,0.46593583,0.44979602,-0.61786866,-2.7094836
374434.0,1,1,-0.88465047,-0.00832652,-0.014329065,0.46596023,0.44979602,-0.61786866,-2.7094836
374435.0,1,1,-0.8846424,-0.008291856,-0.014262366,0.46597812,0.44979602,-0.61786866,-2.7094836
374436.0,1,1,-0.88462776,-0.008241891,-0.014209899,0.46600842,0.44979602,-0.61786866,-2.7094836
374437.0,1,1,-0.8846141,-0.008228202,-0.014161523,0.46603614,0.44979602,-0.61786866,-2.7094836
374438.0,1,1,-0.88460046,-0.008232803,-0.014113079,0.46606347,0.44979602,-0.61786866,-2.7094836
374439.0,1,1,-0.88458776,-0.008238325,-0.014076349,0.46608862,0.44979602,-0.61786866,-2.7094836
374440.0,1,1,-0.8845736,-0.008244169,-0.014036818,0.46611664,0.44979602,-0.61786866,-2.7094836
374441.0,1,1,-0.88455945,-0.008254204,-0.013982896,0.46614492,0.44979602,-0.61786866,-2.7094836
374442.0,1,1,-0.88454694,-0.008287108,-0.013888152,0.46617067,0.44979602,-0.61786866,-2.7094836
374443.0,1,1,-0.88453126,-0.008310808,-0.013762397,0.46620387,0.44979602,-0.61786866,-2.7094836
374444.0,1,1,-0.88451666,-0.008323821,-0.01364243,0.4662349,0.44979602,-0.61786866,-2.7094836
374445.0,1,1,-0.88450164,-0.008403165,-0.013528653,0.4662653,0.44979602,-0.61786866,-2.7094836
374446.0,1,1,-0.88448685,-0.008475153,-0.013410391,0.4662955,0.44979602,-0.61786866,-2.7094836
374447.0,1,1,-0.8844747,-0.008517174,-0.013271651,0.4663218,0.44979602,-0.61786866,-2.7094836
374448.0,1,1,-0.884461,-0.008553721,-0.013138029,0.46635067,0.44979602,-0.61786866,-2.7094836
374449.0,1,1,-0.88444597,-0.008627887,-0.012998047,0.46638173,0.44979602,-0.61786866,-2.7094836
374450.0,1,1,-0.8844328,-0.008693989,-0.012827129,0.46641028,0.44979602,-0.61786866,-2.7094836
374451.0,1,1,-0.88441885,-0.008728521,-0.012632554,0.46644145,0.44979602,-0.61786866,-2.7094836
374452.0,1,1,-0.8844019,-0.008774306,-0.012455536,0.46647725,0.44979602,-0.61786866,-2.7094836
374453.0,1,1,-0.88438785,-0.008822517,-0.012259385,0.46650842,0.44979602,-0.61786866,-2.7094836
374454.0,1,1,-0.88437295,-0.008850256,-0.012035305,0.46654198,0.44979602,-0.61786866,-2.7094836
374455.0,1,1,-0.88435787,-0.008881671,-0.011825755,0.4665754,0.44979602,-0.61786866,-2.7094836
374456.0,1,1,-0.8843335,-0.008935585,-0.01164047,0.46662503,0.44979602,-0.61786866,-2.7094836
374457.0,1,1,-0.88431084,-0.008935367,-0.011452277,0.4666727,0.44979602,-0.61786866,-2.7094836
374458.0,1,1,-0.88429385,-0.008941112,-0.011280983,0.46670893,0.44979602,-0.61786866,-2.7094836
374459.0,1,1,-0.88427526,-0.0089775575,-0.011122199,0.4667473,0.44979602,-0.61786866,-2.7094836
374460.0,1,1,-0.8842539,-0.009051374,-0.010965978,0.46678978,0.44979602,-0.61786866,-2.7094836
374461.0,1,1,-0.88423306,-0.009119156,-0.010793876,0.46683213,0.44979602,-0.61786866,-2.7094836
374462.0,1,1,-0.8842098,-0.009159343,-0.010625472,0.46687928,0.44979602,-0.61786866,-2.7094836
374463.0,1,1,-0.88418555,-0.009218563,-0.010427512,0.4669286,0.44979602,-0.61786866,-2.7094836
374464.0,1,1,-0.8841554,-0.009269302,-0.010234137,0.466989,0.44979602,-0.61786866,-2.7094836
374465.0,1,1,-0.8841312,-0.009275837,-0.010074641,0.46703792,0.44979602,-0.61786866,-2.7094836
374466.0,1,1,-0.8841039,-0.0093173,-0.0099468455,0.46709165,0.44979602,-0.61786866,-2.7094836
374467.0,1,1,-0.8840753,-0.009354541,-0.009831849,0.4671475,0.44979602,-0.61786866,-2.7094836
374468.0,1,1,-0.8840454,-0.009417009,-0.009715999,0.4672052,0.44979602,-0.61786866,-2.7094836
374469.0,1,1,-0.8840158,-0.009450933,-0.009604552,0.46726286,0.44979602,-0.61786866,-2.7094836
374470.0,1,1,-0.88398874,-0.009447998,-0.009506608,0.46731618,0.44979602,-0.61786866,-2.7094836
374471.0,1,1,-0.8839615,-0.009467015,-0.009391935,0.46736962,0.44979602,-0.61786866,-2.7094836
374472.0,1,1,-0.883931,-0.009497983,-0.009266674,0.4674292,0.44979602,-0.61786866,-2.7094836
374473.0,1,1,-0.88389933,-0.009493699,-0.009150345,0.46749148,0.44979602,-0.61786866,-2.7094836
374474.0,1,1,-0.88387126,-0.009449592,-0.009050798,0.46754736,0.44979602,-0.61786866,-2.7094836
374475.0,1,1,-0.8838456,-0.009431037,-0.008951485,0.46759814,0.44979602,-0.61786866,-2.7094836
374476.0,1,1,-0.8838226,-0.009430145,-0.008835774,0.46764356,0.44979602,-0.61786866,-2.7094836
374477.0,1,1,-0.88380235,-0.009433959,-0.0087449895,0.46768367,0.44979602,-0.61786866,-2.7094836
374478.0,1,1,-0.8837818,-0.009415417,-0.008674822,0.4677242,0.44979602,-0.61786866,-2.7094836
374479.0,1,1,-0.88376266,-0.009378616,-0.008622043,0.4677621,0.44979602,-0.61786866,-2.7094836
374480.0,1,1,-0.8837444,-0.009346663,-0.008590971,0.46779752,0.44979602,-0.61786866,-2.7094836
374481.0,1,1,-0.883729,-0.009310037,-0.008557134,0.46782818,0.44979602,-0.61786866,-2.7094836
374482.0,1,1,-0.88371354,-0.009265749,-0.008536557,0.46785864,0.44979602,-0.61786866,-2.7094836
374483.0,1,1,-0.88369906,-0.009223104,-0.008537936,0.4678868,0.44979602,-0.61786866,-2.7094836
374484.0,1,1,-0.8836843,-0.00918093,-0.008559495,0.4679152,0.44979602,-0.61786866,-2.7094836
374485.0,1,1,-0.88366944,-0.009148866,-0.008575505,0.46794352,0.44979602,-0.61786866,-2.7094836
374486.0,1,1,-0.8836547,-0.009106121,-0.008579676,0.46797213,0.44979602,-0.61786866,-2.7094836
374487.0,1,1,-0.8836387,-0.009054253,-0.008586403,0.46800324,0.44979602,-0.61786866,-2.7094836
374488.0,1,1,-0.88362265,-0.009018356,-0.008579204,0.4680343,0.44979602,-0.61786866,-2.7094836
374489.0,1,1,-0.88360673,-0.008984756,-0.008565244,0.4680653,0.44979602,-0.61786866,-2.7094836
374490.0,1,1,-0.8835908,-0.008955751,-0.0085440315,0.46809632,0.44979602,-0.61786866,-2.7094836
374491.0,1,1,-0.8835747,-0.008941039,-0.0085272705,0.46812725,0.44979602,-0.61786866,-2.7094836
374492.0,1,1,-0.8835574,-0.008929153,-0.008511113,0.4681605,0.44979602,-0.61786866,-2.7094836
374493.0,1,1,-0.8835388,-0.008923033,-0.008484048,0.46819618,0.44979602,-0.61786866,-2.7094836
374494.0,1,1,-0.8835203,-0.008916348,-0.008458446,0.46823162,0.44979602,-0.61786866,-2.7094836
374495.0,1,1,-0.8835007,-0.008929652,-0.008431466,0.4682689,0.44979602,-0.61786866,-2.7094836
374496.0,1,1,-0.8834815,-0.00889564,-0.008396686,0.46830636,0.44979602,-0.61786866,-2.7094836
374497.0,1,1,-0.8834607,-0.008867551,-0.00837765,0.46834648,0.44979602,-0.61786866,-2.7094836
374498.0,1,1,-0.8834447,-0.008838012,-0.008374017,0.46837726,0.44979602,-0.61786866,-2.7094836
374499.0,1,1,-0.88342494,-0.008804861,-0.0084086815,0.4684146,0.44979602,-0.61786866,-2.7094836
374500.0,1,1,-0.88341093,-0.0087901,-0.008447232,0.46844065,0.44979602,-0.61786866,-2.7094836
374501.0,1,1,-0.8833958,-0.008790493,-0.008474002,0.46846873,0.44979602,-0.61786866,-2.7094836
374502.0,1,1,-0.8833781,-0.008801473,-0.008501442,0.46850118,0.44979602,-0.61786866,-2.7094836
374503.0,1,1,-0.8833591,-0.008850615,-0.008527,0.46853575,0.44979602,-0.61786866,-2.7094836
374504.0,1,1,-0.88333565,-0.0088152625,-0.008550635,0.46858013,0.44979602,-0.61786866,-2.7094836
374505.0,1,1,-0.8833204,-0.008764184,-0.008605696,0.46860883,0.44979602,-0.61786866,-2.7094836
374506.0,1,1,-0.88330853,-0.008773786,-0.0086408015,0.4686303,0.44979602,-0.61786866,-2.7094836
374507.0,1,1,-0.8832949,-0.00878386,-0.008661115,0.4686556,0.44979602,-0.61786866,-2.7094836
374508.0,1,1,-0.8832798,-0.008818743,-0.008680004,0.46868303,0.44979602,-0.61786866,-2.7094836
374509.0,1,1,-0.8832673,-0.008831264,-0.00869827,0.468706,0.44979602,-0.61786866,-2.7094836
374510.0,1,1,-0.88325477,-0.008826832,-0.00873636,0.46872896,0.44979602,-0.61786866,-2.7094836
374511.0,1,1,-0.88323855,-0.008834113,-0.008754515,0.4687591,0.44979602,-0.61786866,-2.7094836
374512.0,1,1,-0.88322234,-0.008806786,-0.008804337,0.46878922,0.44979602,-0.61786866,-2.7094836
374513.0,1,1,-0.88321066,-0.008768336,-0.008889107,0.46881038,0.44979602,-0.61786866,-2.7094836
374514.0,1,1,-0.88320374,-0.008773086,-0.008958094,0.46882197,0.44979602,-0.61786866,-2.7094836
374515.0,1,1,-0.883192,-0.008792796,-0.009021292,0.46884248,0.44979602,-0.61786866,-2.7094836
374516.0,1,1,-0.883179,-0.008802601,-0.009086259,0.46886548,0.44979602,-0.61786866,-2.7094836
374517.0,1,1,-0.88316494,-0.008808703,-0.00913229,0.468891,0.44979602,-0.61786866,-2.7094836
374518.0,1,1,-0.8831486,-0.008798456,-0.00916377,0.46892133,0.44979602,-0.61786866,-2.7094836
374519.0,1,1,-0.88313746,-0.008771945,-0.009186666,0.46894237,0.44979602,-0.61786866,-2.7094836
374520.0,1,1,-0.88312435,-0.008820555,-0.009143184,0.46896702,0.44979602,-0.61786866,-2.7094836
374521.0,1,1,-0.88309795,-0.0087928455,-0.00912347,0.46901768,0.44979602,-0.61786866,-2.7094836
374522.0,1,1,-0.8830843,-0.008642528,-0.009234124,0.4690438,0.44979602,-0.61786866,-2.7094836
374523.0,1,1,-0.8830767,-0.008616215,-0.009343909,0.46905646,0.44979602,-0.61786866,-2.7094836
374524.0,1,1,-0.88306785,-0.008596499,-0.009396033,0.46907258,0.44979602,-0.61786866,-2.7094836
374525.0,1,1,-0.88305414,-0.008576157,-0.00944238,0.46909782,0.44979602,-0.61786866,-2.7094836
374526.0,1,1,-0.8830453,-0.008560726,-0.009470424,0.46911415,0.44979602,-0.61786866,-2.7094836
374527.0,1,1,-0.8830354,-0.008534706,-0.009497691,0.46913266,0.44979602,-0.61786866,-2.7094836
374528.0,1,1,-0.88302684,-0.008513504,-0.00951704,0.46914876,0.44979602,-0.61786866,-2.7094836
374529.0,1,1,-0.8830183,-0.008485973,-0.009528291,0.4691651,0.44979602,-0.61786866,-2.7094836
374530.0,1,1,-0.8830098,-0.008456677,-0.009546738,0.46918124,0.44979602,-0.61786866,-2.7094836
374531.0,1,1,-0.88299865,-0.008444472,-0.009570126,0.469202,0.44979602,-0.61786866,-2.7094836
374532.0,1,1,-0.88298863,-0.008443369,-0.009603689,0.46922028,0.44979602,-0.61786866,-2.7094836
374533.0,1,1,-0.88297987,-0.008435761,-0.009634569,0.46923628,0.44979602,-0.61786866,-2.7094836
374534.0,1,1,-0.8829726,-0.008414533,-0.009644151,0.46925017,0.44979602,-0.61786866,-2.7094836
374535.0,1,1,-0.8829628,-0.008388962,-0.009645202,0.4692687,0.44979602,-0.61786866,-2.7094836
374536.0,1,1,-0.8829518,-0.008372286,-0.009650572,0.46928975,0.44979602,-0.61786866,-2.7094836
374537.0,1,1,-0.8829433,-0.0083507765,-0.0096611595,0.46930608,0.44979602,-0.61786866,-2.7094836
374538.0,1,1,-0.8829347,-0.008328353,-0.009669095,0.46932247,0.44979602,-0.61786866,-2.7094836
374539.0,1,1,-0.88292605,-0.008311735,-0.009676609,0.46933883,0.44979602,-0.61786866,-2.7094836
374540.0,1,1,-0.8829186,-0.008304846,-0.009681718,0.4693528,0.44979602,-0.61786866,-2.7094836
374541.0,1,1,-0.88291246,-0.008305004,-0.009671214,0.4693646,0.44979602,-0.61786866,-2.7094836
374542.0,1,1,-0.8829051,-0.008300426,-0.009657658,0.4693788,0.44979602,-0.61786866,-2.7094836
374543.0,1,1,-0.88289523,-0.008304774,-0.009645232,0.4693976,0.44979602,-0.61786866,-2.7094836
374544.0,1,1,-0.8828854,-0.00830661,-0.009628349,0.4694164,0.44979602,-0.61786866,-2.7094836
374545.0,1,1,-0.8828756,-0.008305237,-0.009610867,0.46943521,0.44979602,-0.61786866,-2.7094836
374546.0,1,1,-0.8828671,-0.0083059585,-0.009592237,0.46945164,0.44979602,-0.61786866,-2.7094836
374547.0,1,1,-0.8828597,-0.008317261,-0.009573902,0.46946546,0.44979602,-0.61786866,-2.7094836
374548.0,1,1,-0.8828537,-0.008325389,-0.009566349,0.46947697,0.44979602,-0.61786866,-2.7094836
374549.0,1,1,-0.8828464,-0.008319099,-0.009557494,0.46949095,0.44979602,-0.61786866,-2.7094836
374550.0,1,1,-0.8828419,-0.008299901,-0.009530027,0.4695003,0.44979602,-0.61786866,-2.7094836
374551.0,1,1,-0.88283616,-0.008289279,-0.009504619,0.4695118,0.44979602,-0.61786866,-2.7094836
374552.0,1,1,-0.8828342,-0.008282264,-0.009475017,0.46951622,0.44979602,-0.61786866,-2.7094836
374553.0,1,1,-0.8828323,-0.008259783,-0.0094543975,0.4695206,0.44979602,-0.61786866,-2.7094836
374554.0,1,1,-0.8828277,-0.008234862,-0.009454796,0.46952963,0.44979602,-0.61786866,-2.7094836
374555.0,1,1,-0.88282543,-0.008210014,-0.009463565,0.46953416,0.44979602,-0.61786866,-2.7094836
374556.0,1,1,-0.88282186,-0.008188498,-0.009470551,0.46954116,0.44979602,-0.61786866,-2.7094836
374557.0,1,1,-0.8828183,-0.008168203,-0.009474104,0.46954814,0.44979602,-0.61786866,-2.7094836
374558.0,1,1,-0.88281584,-0.008161438,-0.009482335,0.46955264,0.44979602,-0.61786866,-2.7094836
374559.0,1,1,-0.88281345,-0.008167111,-0.009486924,0.46955705,0.44979602,-0.61786866,-2.7094836
374560.0,1,1,-0.88280857,-0.008170735,-0.009489495,0.46956608,0.44979602,-0.61786866,-2.7094836
374561.0,1,1,-0.8828062,-0.008176635,-0.0094905,0.46957046,0.44979602,-0.61786866,-2.7094836
374562.0,1,1,-0.88280123,-0.00818818,-0.009491372,0.4695795,0.44979602,-0.61786866,-2.7094836
374563.0,1,1,-0.88279766,-0.008194584,-0.009481027,0.4695863,0.44979602,-0.61786866,-2.7094836
374564.0,1,1,-0.8827942,-0.008192085,-0.009464852,0.46959317,0.44979602,-0.61786866,-2.7094836
374565.0,1,1,-0.88279057,-0.008192258,-0.00947011,0.4695999,0.44979602,-0.61786866,-2.7094836
374566.0,1,1,-0.88278437,-0.0081934715,-0.009477177,0.46961135,0.44979602,-0.61786866,-2.7094836
374567.0,1,1,-0.8827782,-0.008193434,-0.009481546,0.46962288,0.44979602,-0.61786866,-2.7094836
374568.0,1,1,-0.88277197,-0.008192306,-0.009488825,0.4696345,0.44979602,-0.61786866,-2.7094836
374569.0,1,1,-0.882767,-0.008186811,-0.009498533,0.46964374,0.44979602,-0.61786866,-2.7094836
374570.0,1,1,-0.8827621,-0.008187075,-0.009496845,0.469653,0.44979602,-0.61786866,-2.7094836
374571.0,1,1,-0.8827573,-0.008185231,-0.009491944,0.46966216,0.44979602,-0.61786866,-2.7094836
374572.0,1,1,-0.8827525,-0.008194749,-0.009495249,0.46967095,0.44979602,-0.61786866,-2.7094836
374573.0,1,1,-0.8827478,-0.008208207,-0.009492842,0.46967956,0.44979602,-0.61786866,-2.7094836
374574.0,1,1,-0.8827444,-0.008213371,-0.0095067285,0.4696857,0.44979602,-0.61786866,-2.7094836
374575.0,1,1,-0.8827421,-0.00820986,-0.009530879,0.4696895,0.44979602,-0.61786866,-2.7094836
374576.0,1,1,-0.88273865,-0.008191285,-0.0095627885,0.46969572,0.44979602,-0.61786866,-2.7094836
374577.0,1,1,-0.8827363,-0.00816529,-0.0095954705,0.46969965,0.44979602,-0.61786866,-2.7094836
374578.0,1,1,-0.8827342,-0.008134001,-0.009621853,0.4697038,0.44979602,-0.61786866,-2.7094836
374579.0,1,1,-0.8827294,-0.0081020575,-0.0096570505,0.4697126,0.44979602,-0.61786866,-2.7094836
374580.0,1,1,-0.88272834,-0.008076437,-0.009691231,0.46971443,0.44979602,-0.61786866,-2.7094836
374581.0,1,1,-0.8827261,-0.008050542,-0.00971345,0.46971866,0.44979602,-0.61786866,-2.7094836
374582.0,1,1,-0.88272387,-0.008034566,-0.009733562,0.46972263,0.44979602,-0.61786866,-2.7094836
374583.0,1,1,-0.8827243,-0.008023464,-0.009742617,0.4697218,0.44979602,-0.61786866,-2.7094836
374584.0,1,1,-0.8827248,-0.008002747,-0.0097488975,0.46972102,0.44979602,-0.61786866,-2.7094836
374585.0,1,1,-0.8827228,-0.007967207,-0.009763017,0.4697251,0.44979602,-0.61786866,-2.7094836
374586.0,1,1,-0.8827194,-0.007928506,-0.00978998,0.46973157,0.44979602,-0.61786866,-2.7094836
374587.0,1,1,-0.88271844,-0.00789903,-0.009817538,0.4697334,0.44979602,-0.61786866,-2.7094836
374588.0,1,1,-0.8827138,-0.007876141,-0.009835568,0.46974218,0.44979602,-0.61786866,-2.7094836
374589.0,1,1,-0.88271034,-0.007856115,-0.009852586,0.46974862,0.44979602,-0.61786866,-2.7094836
374590.0,1,1,-0.88270676,-0.007838966,-0.0098792035,0.46975502,0.44979602,-0.61786866,-2.7094836
374591.0,1,1,-0.88270193,-0.00782181,-0.009905363,0.46976382,0.44979602,-0.61786866,-2.7094836
374592.0,1,1,-0.88269705,-0.0078054927,-0.009937224,0.46977264,0.44979602,-0.61786866,-2.7094836
374593.0,1,1,-0.8826934,-0.007786902,-0.009967561,0.46977916,0.44979602,-0.61786866,-2.7094836
374594.0,1,1,-0.8826885,-0.007767353,-0.009995431,0.46978804,0.44979602,-0.61786866,-2.7094836
374595.0,1,1,-0.88268113,-0.0077565233,-0.010018521,0.46980166,0.44979602,-0.61786866,-2.7094836
374596.0,1,1,-0.8826762,-0.007757312,-0.010040974,0.46981052,0.44979602,-0.61786866,-2.7094836
374597.0,1,1,-0.88266987,-0.007761065,-0.010070177,0.46982145,0.44979602,-0.61786866,-2.7094836
374598.0,1,1,-0.88266367,-0.0077671823,-0.01010392,0.4698324,0.44979602,-0.61786866,-2.7094836
374599.0,1,1,-0.88265747,-0.0077756387,-0.010130276,0.46984336,0.44979602,-0.61786866,-2.7094836
374600.0,1,1,-0.88265127,-0.007782945,-0.010153848,0.46985438,0.44979602,-0.61786866,-2.7094836
374601.0,1,1,-0.88264376,-0.0077822795,-0.010189987,0.4698677,0.44979602,-0.61786866,-2.7094836
374602.0,1,1,-0.8826336,-0.0077841943,-0.01023581,0.46988568,0.44979602,-0.61786866,-2.7094836
374603.0,1,1,-0.88262343,-0.0077987905,-0.010277385,0.46990365,0.44979602,-0.61786866,-2.7094836
374604.0,1,1,-0.8826145,-0.007818261,-0.010319347,0.4699192,0.44979602,-0.61786866,-2.7094836
374605.0,1,1,-0.8826059,-0.007827636,-0.010348637,0.46993455,0.44979602,-0.61786866,-2.7094836
374606.0,1,1,-0.88259625,-0.007812825,-0.010375116,0.46995234,0.44979602,-0.61786866,-2.7094836
374607.0,1,1,-0.88258517,-0.007793301,-0.010410895,0.46997267,0.44979602,-0.61786866,-2.7094836
374608.0,1,1,-0.8825764,-0.007782203,-0.010461254,0.46998817,0.44979602,-0.61786866,-2.7094836
374609.0,1,1,-0.88257134,-0.007783226,-0.010519131,0.46999642,0.44979602,-0.61786866,-2.7094836
374610.0,1,1,-0.88256484,-0.007785557,-0.010595609,0.47000685,0.44979602,-0.61786866,-2.7094836
374611.0,1,1,-0.8825581,-0.007810963,-0.010681465,0.4700171,0.44979602,-0.61786866,-2.7094836
374612.0,1,1,-0.8825467,-0.007827045,-0.010746721,0.47003675,0.44979602,-0.61786866,-2.7094836
374613.0,1,1,-0.8825382,-0.0077999346,-0.010800287,0.47005194,0.44979602,-0.61786866,-2.7094836
374614.0,1,1,-0.8825266,-0.0077988957,-0.010880763,0.47007197,0.44979602,-0.61786866,-2.7094836
374615.0,1,1,-0.88252205,-0.0077893552,-0.010995624,0.47007796,0.44979602,-0.61786866,-2.7094836
374616.0,1,1,-0.88252187,-0.00778464,-0.011068649,0.47007674,0.44979602,-0.61786866,-2.7094836
374617.0,1,1,-0.8825178,-0.007767898,-0.011149632,0.4700825,0.44979602,-0.61786866,-2.7094836
374618.0,1,1,-0.8825174,-0.00776845,-0.011225949,0.47008163,0.44979602,-0.61786866,-2.7094836
374619.0,1,1,-0.88251454,-0.007769131,-0.011303515,0.47008517,0.44979602,-0.61786866,-2.7094836
374620.0,1,1,-0.88251173,-0.0077717933,-0.011367475,0.4700888,0.44979602,-0.61786866,-2.7094836
374621.0,1,1,-0.8825064,-0.007762751,-0.011434486,0.47009745,0.44979602,-0.61786866,-2.7094836
374622.0,1,1,-0.8825032,-0.007747362,-0.011517723,0.47010162,0.44979602,-0.61786866,-2.7094836
374623.0,1,1,-0.88249856,-0.007750808,-0.011601676,0.47010818,0.44979602,-0.61786866,-2.7094836
374624.0,1,1,-0.8824939,-0.007769562,-0.011675545,0.47011474,0.44979602,-0.61786866,-2.7094836
374625.0,1,1,-0.8824844,-0.00779594,-0.0117324535,0.47013074,0.44979602,-0.61786866,-2.7094836
374626.0,1,1,-0.8824788,-0.007821961,-0.011777251,0.47013983,0.44979602,-0.61786866,-2.7094836
374627.0,1,1,-0.88247347,-0.007845564,-0.011796643,0.4701489,0.44979602,-0.61786866,-2.7094836
374628.0,1,1,-0.88246715,-0.007878592,-0.011799135,0.47016016,0.44979602,-0.61786866,-2.7094836
374629.0,1,1,-0.882458,-0.007922217,-0.011816326,0.47017595,0.44979602,-0.61786866,-2.7094836
374630.0,1,1,-0.8824517,-0.007942234,-0.011827391,0.4701873,0.44979602,-0.61786866,-2.7094836
374631.0,1,1,-0.8824453,-0.007972667,-0.011836082,0.47019863,0.44979602,-0.61786866,-2.7094836
374632.0,1,1,-0.88243663,-0.007990314,-0.01183312,0.47021466,0.44979602,-0.61786866,-2.7094836
374633.0,1,1,-0.88243055,-0.008002511,-0.01182484,0.47022614,0.44979602,-0.61786866,-2.7094836
374634.0,1,1,-0.8824256,-0.008013738,-0.011818028,0.47023538,0.44979602,-0.61786866,-2.7094836
374635.0,1,1,-0.88242066,-0.008021248,-0.011815238,0.47024462,0.44979602,-0.61786866,-2.7094836
374636.0,1,1,-0.8824154,-0.008036936,-0.011816659,0.47025383,0.44979602,-0.61786866,-2.7094836
374637.0,1,1,-0.8824091,-0.008060103,-0.011816431,0.47026542,0.44979602,-0.61786866,-2.7094836
374638.0,1,1,-0.88240147,-0.008084946,-0.011820021,0.47027928,0.44979602,-0.61786866,-2.7094836
374639.0,1,1,-0.882395,-0.008107465,-0.011824619,0.4702908,0.44979602,-0.61786866,-2.7094836
374640.0,1,1,-0.8823899,-0.008132459,-0.01181702,0.47030017,0.44979602,-0.61786866,-2.7094836
374641.0,1,1,-0.8823825,-0.008153728,-0.011799955,0.47031412,0.44979602,-0.61786866,-2.7094836
374642.0,1,1,-0.8823727,-0.00816767,-0.011780968,0.47033277,0.44979602,-0.61786866,-2.7094836
374643.0,1,1,-0.8823627,-0.008184688,-0.011766147,0.47035155,0.44979602,-0.61786866,-2.7094836
374644.0,1,1,-0.8823552,-0.008207735,-0.011753505,0.47036552,0.44979602,-0.61786866,-2.7094836
374645.0,1,1,-0.88234663,-0.008221087,-0.011740176,0.47038186,0.44979602,-0.61786866,-2.7094836
374646.0,1,1,-0.88233685,-0.008225012,-0.011718542,0.47040066,0.44979602,-0.61786866,-2.7094836
374647.0,1,1,-0.8823284,-0.008229122,-0.011685925,0.4704173,0.44979602,-0.61786866,-2.7094836
374648.0,1,1,-0.8823186,-0.008242513,-0.011660704,0.47043607,0.44979602,-0.61786866,-2.7094836
374649.0,1,1,-0.88230884,-0.00826051,-0.011629676,0.47045484,0.44979602,-0.61786866,-2.7094836
374650.0,1,1,-0.8822978,-0.008283355,-0.011603644,0.47047582,0.44979602,-0.61786866,-2.7094836
374651.0,1,1,-0.88228667,-0.008302566,-0.011576585,0.4704968,0.44979602,-0.61786866,-2.7094836
374652.0,1,1,-0.8822771,-0.008313822,-0.011540392,0.47051564,0.44979602,-0.61786866,-2.7094836
374653.0,1,1,-0.88226604,-0.008335241,-0.011507919,0.4705367,0.44979602,-0.61786866,-2.7094836
374654.0,1,1,-0.8822576,-0.008351743,-0.011478103,0.470553,0.44979602,-0.61786866,-2.7094836
374655.0,1,1,-0.8822492,-0.00836911,-0.011445655,0.47056922,0.44979602,-0.61786866,-2.7094836
374656.0,1,1,-0.8822421,-0.008393289,-0.011406516,0.470583,0.44979602,-0.61786866,-2.7094836
374657.0,1,1,-0.8822361,-0.00841672,-0.01137692,0.47059444,0.44979602,-0.61786866,-2.7094836
374658.0,1,1,-0.8822302,-0.0084249,-0.01135564,0.47060597,0.44979602,-0.61786866,-2.7094836
374659.0,1,1,-0.8822243,-0.008428548,-0.011331301,0.47061756,0.44979602,-0.61786866,-2.7094836
374660.0,1,1,-0.88221705,-0.008449318,-0.01131296,0.47063127,0.44979602,-0.61786866,-2.7094836
374661.0,1,1,-0.882211,-0.008466377,-0.011299233,0.4706426,0.44979602,-0.61786866,-2.7094836
374662.0,1,1,-0.8822037,-0.008476654,-0.011277512,0.47065642,0.44979602,-0.61786866,-2.7094836
374663.0,1,1,-0.88219786,-0.008482241,-0.011252527,0.4706681,0.44979602,-0.61786866,-2.7094836
374664.0,1,1,-0.88219184,-0.008491106,-0.011234458,0.47067964,0.44979602,-0.61786866,-2.7094836
374665.0,1,1,-0.88218457,-0.008505462,-0.0112163,0.47069347,0.44979602,-0.61786866,-2.7094836
374666.0,1,1,-0.88217473,-0.008524237,-0.011195946,0.47071204,0.44979602,-0.61786866,-2.7094836
374667.0,1,1,-0.88216484,-0.008537393,-0.011180963,0.4707307,0.44979602,-0.61786866,-2.7094836
374668.0,1,1,-0.8821548,-0.008554389,-0.011172952,0.47074932,0.44979602,-0.61786866,-2.7094836
374669.0,1,1,-0.8821461,-0.008583461,-0.011155608,0.47076556,0.44979602,-0.61786866,-2.7094836
374670.0,1,1,-0.88213617,-0.008609622,-0.011139686,0.47078407,0.44979602,-0.61786866,-2.7094836
374671.0,1,1,-0.88212633,-0.008619726,-0.011120998,0.47080272,0.44979602,-0.61786866,-2.7094836
374672.0,1,1,-0.88211656,-0.008623238,-0.011100592,0.47082147,0.44979602,-0.61786866,-2.7094836
374673.0,1,1,-0.88211036,-0.008639943,-0.011082547,0.47083315,0.44979602,-0.61786866,-2.7094836
374674.0,1,1,-0.8821017,-0.0086500775,-0.011075732,0.47084934,0.44979602,-0.61786866,-2.7094836
374675.0,1,1,-0.882093,-0.008667994,-0.011073318,0.4708654,0.44979602,-0.61786866,-2.7094836
374676.0,1,1,-0.8820867,-0.008695027,-0.011071888,0.47087672,0.44979602,-0.61786866,-2.7094836
374677.0,1,1,-0.8820803,-0.008723552,-0.011072598,0.47088814,0.44979602,-0.61786866,-2.7094836
374678.0,1,1,-0.8820715,-0.008739639,-0.01107683,0.47090435,0.44979602,-0.61786866,-2.7094836
374679.0,1,1,-0.8820651,-0.008750546,-0.011071526,0.47091594,0.44979602,-0.61786866,-2.7094836
374680.0,1,1,-0.88205785,-0.008767267,-0.01105738,0.47092983,0.44979602,-0.61786866,-2.7094836
374681.0,1,1,-0.882052,-0.008780592,-0.011028612,0.47094125,0.44979602,-0.61786866,-2.7094836
374682.0,1,1,-0.88204736,-0.008801665,-0.010998932,0.47095022,0.44979602,-0.61786866,-2.7094836
374683.0,1,1,-0.88203895,-0.008830054,-0.01097413,0.47096598,0.44979602,-0.61786866,-2.7094836
374684.0,1,1,-0.882032,-0.008840023,-0.010947731,0.4709795,0.44979602,-0.61786866,-2.7094836
374685.0,1,1,-0.882025,-0.008834226,-0.010916191,0.47099337,0.44979602,-0.61786866,-2.7094836
374686.0,1,1,-0.88201654,-0.00883941,-0.010899637,0.47100946,0.44979602,-0.61786866,-2.7094836
374687.0,1,1,-0.88200927,-0.008844137,-0.010893446,0.4710231,0.44979602,-0.61786866,-2.7094836
374688.0,1,1,-0.88200176,-0.008859794,-0.0108958995,0.47103685,0.44979602,-0.61786866,-2.7094836
374689.0,1,1,-0.8819933,-0.008866509,-0.010876762,0.47105303,0.44979602,-0.61786866,-2.7094836
374690.0,1,1,-0.88198364,-0.008876025,-0.010860335,0.47107133,0.44979602,-0.61786866,-2.7094836
374691.0,1,1,-0.88197386,-0.008897827,-0.01084529,0.4710896,0.44979602,-0.61786866,-2.7094836
374692.0,1,1,-0.8819627,-0.008918268,-0.010838952,0.47111025,0.44979602,-0.61786866,-2.7094836
374693.0,1,1,-0.8819502,-0.008933345,-0.01083756,0.47113317,0.44979602,-0.61786866,-2.7094836
374694.0,1,1,-0.881938,-0.008936997,-0.010825344,0.47115642,0.44979602,-0.61786866,-2.7094836
374695.0,1,1,-0.88192725,-0.008931184,-0.010790144,0.47117746,0.44979602,-0.61786866,-2.7094836
374696.0,1,1,-0.88191664,-0.008918196,-0.01074783,0.4711985,0.44979602,-0.61786866,-2.7094836
374697.0,1,1,-0.8819072,-0.008909991,-0.010709353,0.47121713,0.44979602,-0.61786866,-2.7094836
374698.0,1,1,-0.8818977,-0.008914067,-0.01068475,0.47123554,0.44979602,-0.61786866,-2.7094836
374699.0,1,1,-0.88188934,-0.008909869,-0.010666499,0.47125164,0.44979602,-0.61786866,-2.7094836
374700.0,1,1,-0.88188225,-0.008905504,-0.010651543,0.47126535,0.44979602,-0.61786866,-2.7094836
374701.0,1,1,-0.8818741,-0.008907757,-0.010619255,0.47128132,0.44979602,-0.61786866,-2.7094836
374702.0,1,1,-0.8818713,-0.008888719,-0.010570786,0.4712878,0.44979602,-0.61786866,-2.7094836
374703.0,1,1,-0.881871,-0.008860944,-0.010542847,0.47128963,0.44979602,-0.61786866,-2.7094836
374704.0,1,1,-0.88187045,-0.008824446,-0.010538936,0.47129157,0.44979602,-0.61786866,-2.7094836
374705.0,1,1,-0.8818682,-0.0087908,-0.010558089,0.47129598,0.44979602,-0.61786866,-2.7094836
374706.0,1,1,-0.88186586,-0.008753087,-0.010572603,0.4713007,0.44979602,-0.61786866,-2.7094836
374707.0,1,1,-0.88186383,-0.008709527,-0.01055911,0.47130555,0.44979602,-0.61786866,-2.7094836
374708.0,1,1,-0.8818595,-0.008666588,-0.010524247,0.4713152,0.44979602,-0.61786866,-2.7094836
374709.0,1,1,-0.88185626,-0.008634918,-0.010487249,0.4713226,0.44979602,-0.61786866,-2.7094836
374710.0,1,1,-0.8818516,-0.008619889,-0.010453267,0.47133234,0.44979602,-0.61786866,-2.7094836
374711.0,1,1,-0.8818469,-0.008612638,-0.010417839,0.4713421,0.44979602,-0.61786866,-2.7094836
374712.0,1,1,-0.8818422,-0.008611026,-0.010376731,0.47135186,0.44979602,-0.61786866,-2.7094836
374713.0,1,1,-0.8818349,-0.008625673,-0.010324454,0.47136635,0.44979602,-0.61786866,-2.7094836
374714.0,1,1,-0.88182646,-0.008646579,-0.010263285,0.47138318,0.44979602,-0.61786866,-2.7094836
374715.0,1,1,-0.88182056,-0.008668211,-0.010199853,0.47139516,0.44979602,-0.61786866,-2.7094836
374716.0,1,1,-0.88181585,-0.008696321,-0.01013378,0.47140485,0.44979602,-0.61786866,-2.7094836
374717.0,1,1,-0.8818087,-0.008727064,-0.010069797,0.47141904,0.44979602,-0.61786866,-2.7094836
374718.0,1,1,-0.8817991,-0.00875498,-0.010007906,0.47143784,0.44979602,-0.61786866,-2.7094836
374719.0,1,1,-0.8817894,-0.008789381,-0.009948622,0.4714566,0.44979602,-0.61786866,-2.7094836
374720.0,1,1,-0.88178223,-0.008822111,-0.009899252,0.47147045,0.44979602,-0.61786866,-2.7094836
374721.0,1,1,-0.88177514,-0.008840589,-0.009851688,0.4714843,0.44979602,-0.61786866,-2.7094836
374722.0,1,1,-0.8817695,-0.008846703,-0.009803682,0.4714958,0.44979602,-0.61786866,-2.7094836
374723.0,1,1,-0.88176394,-0.008840527,-0.009754754,0.47150734,0.44979602,-0.61786866,-2.7094836
374724.0,1,1,-0.881757,-0.008836158,-0.009714594,0.47152117,0.44979602,-0.61786866,-2.7094836
374725.0,1,1,-0.8817488,-0.008841783,-0.009672077,0.4715373,0.44979602,-0.61786866,-2.7094836
374726.0,1,1,-0.8817418,-0.008848259,-0.009631973,0.47155103,0.44979602,-0.61786866,-2.7094836
374727.0,1,1,-0.88173354,-0.008850102,-0.009605508,0.47156706,0.44979602,-0.61786866,-2.7094836
374728.0,1,1,-0.8817253,-0.008840821,-0.009580186,0.4715831,0.44979602,-0.61786866,-2.7094836
374729.0,1,1,-0.8817183,-0.008833295,-0.00956306,0.47159678,0.44979602,-0.61786866,-2.7094836
374730.0,1,1,-0.8817111,-0.008832871,-0.009547551,0.4716105,0.44979602,-0.61786866,-2.7094836
374731.0,1,1,-0.88170266,-0.00883945,-0.009534684,0.47162643,0.44979602,-0.61786866,-2.7094836
374732.0,1,1,-0.88169277,-0.008851587,-0.00952742,0.4716446,0.44979602,-0.61786866,-2.7094836
374733.0,1,1,-0.8816817,-0.008873656,-0.009528056,0.47166517,0.44979602,-0.61786866,-2.7094836
374734.0,1,1,-0.88166815,-0.008880043,-0.009521997,0.47169048,0.44979602,-0.61786866,-2.7094836
374735.0,1,1,-0.8816534,-0.008873923,-0.009508936,0.47171813,0.44979602,-0.61786866,-2.7094836
374736.0,1,1,-0.88164264,-0.008865818,-0.009491774,0.47173885,0.44979602,-0.61786866,-2.7094836
374737.0,1,1,-0.8816294,-0.008849979,-0.009476324,0.47176415,0.44979602,-0.61786866,-2.7094836
374738.0,1,1,-0.8816161,-0.008835174,-0.009460564,0.4717896,0.44979602,-0.61786866,-2.7094836
374739.0,1,1,-0.88160414,-0.0088178115,-0.009439904,0.47181284,0.44979602,-0.61786866,-2.7094836
374740.0,1,1,-0.8815896,-0.008805458,-0.009419461,0.47184065,0.44979602,-0.61786866,-2.7094836
374741.0,1,1,-0.88157517,-0.0087906765,-0.009401148,0.47186828,0.44979602,-0.61786866,-2.7094836
374742.0,1,1,-0.8815608,-0.008772213,-0.009376216,0.4718959,0.44979602,-0.61786866,-2.7094836
374743.0,1,1,-0.88154656,-0.008751239,-0.009352956,0.4719234,0.44979602,-0.61786866,-2.7094836
374744.0,1,1,-0.8815324,-0.008719967,-0.009332407,0.4719509,0.44979602,-0.61786866,-2.7094836
374745.0,1,1,-0.8815154,-0.008687461,-0.009333512,0.47198313,0.44979602,-0.61786866,-2.7094836
374746.0,1,1,-0.8814971,-0.008652601,-0.009344681,0.47201777,0.44979602,-0.61786866,-2.7094836
374747.0,1,1,-0.8814813,-0.008622594,-0.009353216,0.4720477,0.44979602,-0.61786866,-2.7094836
374748.0,1,1,-0.8814643,-0.008590625,-0.009351776,0.47208002,0.44979602,-0.61786866,-2.7094836
374749.0,1,1,-0.8814473,-0.0085548945,-0.009352977,0.47211233,0.44979602,-0.61786866,-2.7094836
374750.0,1,1,-0.8814302,-0.008525429,-0.009359543,0.47214466,0.44979602,-0.61786866,-2.7094836
374751.0,1,1,-0.8814143,-0.008499613,-0.009372735,0.47217458,0.44979602,-0.61786866,-2.7094836
374752.0,1,1,-0.8813984,-0.00847634,-0.009389978,0.47220442,0.44979602,-0.61786866,-2.7094836
374753.0,1,1,-0.8813862,-0.008450992,-0.009402211,0.4722273,0.44979602,-0.61786866,-2.7094836
374754.0,1,1,-0.8813728,-0.008430753,-0.009412678,0.4722525,0.44979602,-0.61786866,-2.7094836
374755.0,1,1,-0.88136077,-0.008412255,-0.009416783,0.47227523,0.44979602,-0.61786866,-2.7094836
374756.0,1,1,-0.8813486,-0.008402041,-0.00943086,0.47229782,0.44979602,-0.61786866,-2.7094836
374757.0,1,1,-0.8813363,-0.008391995,-0.009449209,0.4723204,0.44979602,-0.61786866,-2.7094836
374758.0,1,1,-0.8813226,-0.008374226,-0.009477356,0.47234565,0.44979602,-0.61786866,-2.7094836
374759.0,1,1,-0.8813103,-0.008347149,-0.009501399,0.4723687,0.44979602,-0.61786866,-2.7094836
374760.0,1,1,-0.88129675,-0.008315689,-0.009521679,0.47239417,0.44979602,-0.61786866,-2.7094836
374761.0,1,1,-0.88128084,-0.008290474,-0.009527679,0.47242427,0.44979602,-0.61786866,-2.7094836
374762.0,1,1,-0.88126856,-0.008272215,-0.009524362,0.4724473,0.44979602,-0.61786866,-2.7094836
374763.0,1,1,-0.8812552,-0.008246351,-0.0095220115,0.47247288,0.44979602,-0.61786866,-2.7094836
374764.0,1,1,-0.881238,-0.008226898,-0.009507189,0.47250566,0.44979602,-0.61786866,-2.7094836
374765.0,1,1,-0.88122326,-0.008212723,-0.009487016,0.47253376,0.44979602,-0.61786866,-2.7094836
374766.0,1,1,-0.88120615,-0.008193695,-0.0094641745,0.47256643,0.44979602,-0.61786866,-2.7094836
374767.0,1,1,-0.88119036,-0.008176142,-0.009426843,0.47259694,0.44979602,-0.61786866,-2.7094836
374768.0,1,1,-0.88117456,-0.008157698,-0.009387635,0.47262746,0.44979602,-0.61786866,-2.7094836
374769.0,1,1,-0.88115996,-0.008146297,-0.00935022,0.4726557,0.44979602,-0.61786866,-2.7094836
374770.0,1,1,-0.88114655,-0.008133111,-0.009314824,0.47268158,0.44979602,-0.61786866,-2.7094836
374771.0,1,1,-0.8811319,-0.008121869,-0.009278,0.47270977,0.44979602,-0.61786866,-2.7094836
374772.0,1,1,-0.88111854,-0.008111985,-0.00923798,0.47273567,0.44979602,-0.61786866,-2.7094836
374773.0,1,1,-0.88110894,-0.008098557,-0.009201487,0.47275454,0.44979602,-0.61786866,-2.7094836
374774.0,1,1,-0.8810992,-0.00808757,-0.00916931,0.47277343,0.44979602,-0.61786866,-2.7094836
374775.0,1,1,-0.8810895,-0.008078906,-0.009141813,0.47279224,0.44979602,-0.61786866,-2.7094836
374776.0,1,1,-0.88107985,-0.008074568,-0.009100403,0.47281116,0.44979602,-0.61786866,-2.7094836
374777.0,1,1,-0.881074,-0.0080692945,-0.009052228,0.47282302,0.44979602,-0.61786866,-2.7094836
374778.0,1,1,-0.88106567,-0.00807693,-0.009003621,0.47283942,0.44979602,-0.61786866,-2.7094836
374779.0,1,1,-0.8810561,-0.008100682,-0.008957201,0.47285777,0.44979602,-0.61786866,-2.7094836
374780.0,1,1,-0.88104784,-0.008117853,-0.008911435,0.4728737,0.44979602,-0.61786866,-2.7094836
374781.0,1,1,-0.8810385,-0.008119942,-0.008858254,0.4728921,0.44979602,-0.61786866,-2.7094836
374782.0,1,1,-0.88102907,-0.008103799,-0.00881407,0.4729105,0.44979602,-0.61786866,-2.7094836
374783.0,1,1,-0.88101715,-0.008081336,-0.008782874,0.4729337,0.44979602,-0.61786866,-2.7094836
374784.0,1,1,-0.88100636,-0.00805145,-0.008757945,0.47295475,0.44979602,-0.61786866,-2.7094836
374785.0,1,1,-0.8809968,-0.008031418,-0.00873421,0.47297344,0.44979602,-0.61786866,-2.7094836
374786.0,1,1,-0.8809821,-0.008024808,-0.0087152375,0.47300127,0.44979602,-0.61786866,-2.7094836
374787.0,1,1,-0.88096607,-0.0080335485,-0.008699607,0.4730313,0.44979602,-0.61786866,-2.7094836
374788.0,1,1,-0.8809501,-0.008034015,-0.008691416,0.47306126,0.44979602,-0.61786866,-2.7094836
374789.0,1,1,-0.88093543,-0.008025874,-0.0086762775,0.473089,0.44979602,-0.61786866,-2.7094836
374790.0,1,1,-0.88092196,-0.008017215,-0.008670367,0.4731144,0.44979602,-0.61786866,-2.7094836
374791.0,1,1,-0.88090587,-0.0080164755,-0.008663126,0.47314447,0.44979602,-0.61786866,-2.7094836
374792.0,1,1,-0.8808899,-0.008009925,-0.008650715,0.4731745,0.44979602,-0.61786866,-2.7094836
374793.0,1,1,-0.88087636,-0.008002698,-0.008647236,0.47319984,0.44979602,-0.61786866,-2.7094836
374794.0,1,1,-0.8808641,-0.007998632,-0.008644798,0.47322282,0.44979602,-0.61786866,-2.7094836
374795.0,1,1,-0.88085055,-0.007994746,-0.00864244,0.47324806,0.44979602,-0.61786866,-2.7094836
374796.0,1,1,-0.8808396,-0.007996254,-0.008634797,0.47326863,0.44979602,-0.61786866,-2.7094836
374797.0,1,1,-0.88082874,-0.008002705,-0.00862229,0.47328892,0.44979602,-0.61786866,-2.7094836
374798.0,1,1,-0.8808154,-0.008001108,-0.008617311,0.47331384,0.44979602,-0.61786866,-2.7094836
374799.0,1,1,-0.88080454,-0.007989176,-0.008618653,0.4733342,0.44979602,-0.61786866,-2.7094836
374800.0,1,1,-0.8807937,-0.007972182,-0.008624998,0.47335455,0.44979602,-0.61786866,-2.7094836
374801.0,1,1,-0.8807827,-0.00795956,-0.008640673,0.47337493,0.44979602,-0.61786866,-2.7094836
374802.0,1,1,-0.88076943,-0.007951092,-0.008647907,0.4733997,0.44979602,-0.61786866,-2.7094836
374803.0,1,1,-0.88075364,-0.007936676,-0.00865038,0.47342926,0.44979602,-0.61786866,-2.7094836
374804.0,1,1,-0.88073903,-0.007914513,-0.008668254,0.47345647,0.44979602,-0.61786866,-2.7094836
374805.0,1,1,-0.88072294,-0.007888903,-0.00869884,0.47348624,0.44979602,-0.61786866,-2.7094836
374806.0,1,1,-0.88070804,-0.007867659,-0.008730054,0.4735137,0.44979602,-0.61786866,-2.7094836
374807.0,1,1,-0.88069063,-0.007845277,-0.008765037,0.4735458,0.44979602,-0.61786866,-2.7094836
374808.0,1,1,-0.88067204,-0.00783605,-0.008796909,0.47357994,0.44979602,-0.61786866,-2.7094836
374809.0,1,1,-0.8806535,-0.007787448,-0.008838278,0.47361454,0.44979602,-0.61786866,-2.7094836
374810.0,1,1,-0.88063717,-0.00774027,-0.0088865915,0.47364476,0.44979602,-0.61786866,-2.7094836
374811.0,1,1,-0.8806209,-0.007730948,-0.008910596,0.47367468,0.44979602,-0.61786866,-2.7094836
374812.0,1,1,-0.8806049,-0.0077356785,-0.008917899,0.4737042,0.44979602,-0.61786866,-2.7094836
374813.0,1,1,-0.8805863,-0.0077476883,-0.008928736,0.47373834,0.44979602,-0.61786866,-2.7094836
374814.0,1,1,-0.88057166,-0.0076993285,-0.008963657,0.47376567,0.44979602,-0.61786866,-2.7094836
374815.0,1,1,-0.8805578,-0.007679341,-0.009007252,0.47379103,0.44979602,-0.61786866,-2.7094836
374816.0,1,1,-0.8805454,-0.0076733963,-0.009038567,0.47381362,0.44979602,-0.61786866,-2.7094836
374817.0,1,1,-0.88053316,-0.007657256,-0.00907562,0.47383592,0.44979602,-0.61786866,-2.7094836
374818.0,1,1,-0.8805247,-0.0076459073,-0.009095487,0.47385147,0.44979602,-0.61786866,-2.7094836
374819.0,1,1,-0.88051265,-0.0076408186,-0.009103534,0.4738738,0.44979602,-0.61786866,-2.7094836
374820.0,1,1,-0.8804943,-0.0076495195,-0.00911485,0.47390732,0.44979602,-0.61786866,-2.7094836
374821.0,1,1,-0.8804775,-0.0075697484,-0.009159518,0.4739391,0.44979602,-0.61786866,-2.7094836
374822.0,1,1,-0.8804687,-0.0074906684,-0.009224594,0.47395533,0.44979602,-0.61786866,-2.7094836
374823.0,1,1,-0.88046145,-0.007462803,-0.009248462,0.47396883,0.44979602,-0.61786866,-2.7094836
374824.0,1,1,-0.88044447,-0.0074635474,-0.009254465,0.47400025,0.44979602,-0.61786866,-2.7094836
374825.0,1,1,-0.88043004,-0.007449401,-0.009256621,0.4740272,0.44979602,-0.61786866,-2.7094836
374826.0,1,1,-0.880413,-0.007417223,-0.00926427,0.47405922,0.44979602,-0.61786866,-2.7094836
374827.0,1,1,-0.8803947,-0.0073752794,-0.009279928,0.47409356,0.44979602,-0.61786866,-2.7094836
374828.0,1,1,-0.88037366,-0.0073480625,-0.009306557,0.47413248,0.44979602,-0.61786866,-2.7094836
374829.0,1,1,-0.88034993,-0.0072919247,-0.009360162,0.47417632,0.44979602,-0.61786866,-2.7094836
374830.0,1,1,-0.88033456,-0.0072273053,-0.009435956,0.4742044,0.44979602,-0.61786866,-2.7094836
374831.0,1,1,-0.8803192,-0.00719966,-0.009488499,0.47423238,0.44979602,-0.61786866,-2.7094836
374832.0,1,1,-0.8803042,-0.007172435,-0.0095201135,0.47425994,0.44979602,-0.61786866,-2.7094836
374833.0,1,1,-0.880288,-0.007154391,-0.00953538,0.47428998,0.44979602,-0.61786866,-2.7094836
374834.0,1,1,-0.88027173,-0.007140529,-0.009551275,0.47432008,0.44979602,-0.61786866,-2.7094836
374835.0,1,1,-0.88025665,-0.007134849,-0.009565444,0.47434783,0.44979602,-0.61786866,-2.7094836
374836.0,1,1,-0.8802404,-0.007151469,-0.009564163,0.4743778,0.44979602,-0.61786866,-2.7094836
374837.0,1,1,-0.8802219,-0.007177511,-0.009542474,0.47441214,0.44979602,-0.61786866,-2.7094836
374838.0,1,1,-0.8802036,-0.0071501867,-0.009531097,0.47444677,0.44979602,-0.61786866,-2.7094836
374839.0,1,1,-0.88019,-0.0071015153,-0.009529979,0.47447273,0.44979602,-0.61786866,-2.7094836
374840.0,1,1,-0.88017386,-0.0070966817,-0.00951726,0.47450304,0.44979602,-0.61786866,-2.7094836
374841.0,1,1,-0.8801591,-0.007100549,-0.009509583,0.47453052,0.44979602,-0.61786866,-2.7094836
374842.0,1,1,-0.88014805,-0.0070766034,-0.00951804,0.4745512,0.44979602,-0.61786866,-2.7094836
374843.0,1,1,-0.88013905,-0.0070588193,-0.009542288,0.47456744,0.44979602,-0.61786866,-2.7094836
374844.0,1,1,-0.88013047,-0.007048168,-0.009544117,0.47458372,0.44979602,-0.61786866,-2.7094836
374845.0,1,1,-0.8801207,-0.007070288,-0.009532765,0.4746017,0.44979602,-0.61786866,-2.7094836
374846.0,1,1,-0.8801109,-0.007106818,-0.009522425,0.47461948,0.44979602,-0.61786866,-2.7094836
374847.0,1,1,-0.8800985,-0.007158291,-0.009514431,0.47464183,0.44979602,-0.61786866,-2.7094836
374848.0,1,1,-0.88008106,-0.0071770665,-0.009513428,0.47467396,0.44979602,-0.61786866,-2.7094836
374849.0,1,1,-0.8800725,-0.0071265115,-0.009514248,0.47469062,0.44979602,-0.61786866,-2.7094836
374850.0,1,1,-0.8800585,-0.0070877555,-0.009521817,0.47471693,0.44979602,-0.61786866,-2.7094836
374851.0,1,1,-0.880046,-0.007061947,-0.0095190015,0.4747406,0.44979602,-0.61786866,-2.7094836
374852.0,1,1,-0.8800362,-0.0070656254,-0.009482967,0.47475925,0.44979602,-0.61786866,-2.7094836
374853.0,1,1,-0.8800239,-0.007086949,-0.009443975,0.4747826,0.44979602,-0.61786866,-2.7094836
374854.0,1,1,-0.880014,-0.0071083508,-0.009416295,0.47480115,0.44979602,-0.61786866,-2.7094836
374855.0,1,1,-0.88000405,-0.007130401,-0.009390021,0.47481978,0.44979602,-0.61786866,-2.7094836
374856.0,1,1,-0.8799917,-0.0071529513,-0.00935525,0.4748431,0.44979602,-0.61786866,-2.7094836
374857.0,1,1,-0.87998074,-0.007175197,-0.009306715,0.47486404,0.44979602,-0.61786866,-2.7094836
374858.0,1,1,-0.87996894,-0.0071901632,-0.009231751,0.4748872,0.44979602,-0.61786866,-2.7094836
374859.0,1,1,-0.8799572,-0.0072003175,-0.009155478,0.47491023,0.44979602,-0.61786866,-2.7094836
374860.0,1,1,-0.87994665,-0.00720796,-0.009104346,0.47493058,0.44979602,-0.61786866,-2.7094836
374861.0,1,1,-0.8799347,-0.007197171,-0.009076594,0.47495338,0.44979602,-0.61786866,-2.7094836
374862.0,1,1,-0.87992394,-0.0071673077,-0.009062285,0.47497413,0.44979602,-0.61786866,-2.7094836
374863.0,1,1,-0.87991315,-0.007141512,-0.009032187,0.4749951,0.44979602,-0.61786866,-2.7094836
374864.0,1,1,-0.8799004,-0.007114236,-0.008961668,0.4750205,0.44979602,-0.61786866,-2.7094836
374865.0,1,1,-0.8798747,-0.0071001383,-0.008911451,0.47506925,0.44979602,-0.61786866,-2.7094836
374866.0,1,1,-0.879855,-0.0070062783,-0.008922046,0.47510675,0.44979602,-0.61786866,-2.7094836
374867.0,1,1,-0.8798432,-0.0069349026,-0.008958665,0.47512913,0.44979602,-0.61786866,-2.7094836
374868.0,1,1,-0.87983155,-0.006928337,-0.008962048,0.47515067,0.44979602,-0.61786866,-2.7094836
374869.0,1,1,-0.8798155,-0.006947347,-0.008923593,0.47518077,0.44979602,-0.61786866,-2.7094836
374870.0,1,1,-0.8798009,-0.006966131,-0.008869572,0.47520852,0.44979602,-0.61786866,-2.7094836
374871.0,1,1,-0.8797889,-0.006974925,-0.00881321,0.47523174,0.44979602,-0.61786866,-2.7094836
374872.0,1,1,-0.8797769,-0.006990547,-0.008755143,0.47525477,0.44979602,-0.61786866,-2.7094836
374873.0,1,1,-0.87976503,-0.006991626,-0.008699488,0.47527772,0.44979602,-0.61786866,-2.7094836
374874.0,1,1,-0.8797506,-0.006977125,-0.008655702,0.4753055,0.44979602,-0.61786866,-2.7094836
374875.0,1,1,-0.8797385,-0.00695896,-0.008628763,0.4753287,0.44979602,-0.61786866,-2.7094836
374876.0,1,1,-0.87972236,-0.006948579,-0.008618031,0.47535872,0.44979602,-0.61786866,-2.7094836
374877.0,1,1,-0.87971145,-0.0069361674,-0.008608269,0.47537944,0.44979602,-0.61786866,-2.7094836
374878.0,1,1,-0.87970155,-0.006929403,-0.008601247,0.4753979,0.44979602,-0.61786866,-2.7094836
374879.0,1,1,-0.8796929,-0.0069295904,-0.008596265,0.47541398,0.44979602,-0.61786866,-2.7094836
374880.0,1,1,-0.8796844,-0.0069415956,-0.008584493,0.47542986,0.44979602,-0.61786866,-2.7094836
374881.0,1,1,-0.87967485,-0.0069631557,-0.008559184,0.47544765,0.44979602,-0.61786866,-2.7094836
374882.0,1,1,-0.8796616,-0.0069583524,-0.008538065,0.47547257,0.44979602,-0.61786866,-2.7094836
374883.0,1,1,-0.87965083,-0.0069093993,-0.008535527,0.47549325,0.44979602,-0.61786866,-2.7094836
374884.0,1,1,-0.87963843,-0.0068781865,-0.00855233,0.47551638,0.44979602,-0.61786866,-2.7094836
374885.0,1,1,-0.8796299,-0.006853599,-0.008561249,0.4755323,0.44979602,-0.61786866,-2.7094836
374886.0,1,1,-0.87962013,-0.006846723,-0.0085726585,0.47555035,0.44979602,-0.61786866,-2.7094836
374887.0,1,1,-0.8796105,-0.0068418677,-0.0085774325,0.47556823,0.44979602,-0.61786866,-2.7094836
374888.0,1,1,-0.87959826,-0.006832717,-0.008578772,0.47559097,0.44979602,-0.61786866,-2.7094836
374889.0,1,1,-0.8795848,-0.006792231,-0.008588395,0.4756163,0.44979602,-0.61786866,-2.7094836
374890.0,1,1,-0.87957484,-0.0067390217,-0.008610713,0.47563502,0.44979602,-0.61786866,-2.7094836
374891.0,1,1,-0.8795685,-0.0067050066,-0.008633253,0.4756468,0.44979602,-0.61786866,-2.7094836
374892.0,1,1,-0.8795597,-0.006695006,-0.008637527,0.47566313,0.44979602,-0.61786866,-2.7094836
374893.0,1,1,-0.87955093,-0.0067023374,-0.008627014,0.47567937,0.44979602,-0.61786866,-2.7094836
374894.0,1,1,-0.87954223,-0.0067081014,-0.008613829,0.47569564,0.44979602,-0.61786866,-2.7094836
374895.0,1,1,-0.87953365,-0.006711974,-0.008586725,0.475712,0.44979602,-0.61786866,-2.7094836
374896.0,1,1,-0.8795248,-0.006713381,-0.008564629,0.47572845,0.44979602,-0.61786866,-2.7094836
374897.0,1,1,-0.8795187,-0.0067096343,-0.008543349,0.47574028,0.44979602,-0.61786866,-2.7094836
374898.0,1,1,-0.87950736,-0.0067365705,-0.008520316,0.4757614,0.44979602,-0.61786866,-2.7094836
374899.0,1,1,-0.8794973,-0.006739331,-0.008512366,0.4757802,0.44979602,-0.61786866,-2.7094836
374900.0,1,1,-0.8794894,-0.006761474,-0.008500405,0.47579437,0.44979602,-0.61786866,-2.7094836
374901.0,1,1,-0.87947935,-0.0068177273,-0.008459129,0.47581303,0.44979602,-0.61786866,-2.7094836
374902.0,1,1,-0.8794681,-0.0068617337,-0.008426731,0.4758338,0.44979602,-0.61786866,-2.7094836
374903.0,1,1,-0.879459,-0.0068725026,-0.008433886,0.47585037,0.44979602,-0.61786866,-2.7094836
374904.0,1,1,-0.8794497,-0.006877415,-0.008441138,0.47586736,0.44979602,-0.61786866,-2.7094836
374905.0,1,1,-0.87944204,-0.006900788,-0.008407389,0.4758818,0.44979602,-0.61786866,-2.7094836
374906.0,1,1,-0.8794346,-0.0069461856,-0.008362725,0.4758957,0.44979602,-0.61786866,-2.7094836
374907.0,1,1,-0.8794246,-0.006996353,-0.008318097,0.47591424,0.44979602,-0.61786866,-2.7094836
374908.0,1,1,-0.8794144,-0.007049076,-0.008283956,0.47593284,0.44979602,-0.61786866,-2.7094836
374909.0,1,1,-0.8794082,-0.0070904265,-0.008253132,0.47594425,0.44979602,-0.61786866,-2.7094836
374910.0,1,1,-0.87940204,-0.0071218233,-0.008219477,0.47595572,0.44979602,-0.61786866,-2.7094836
374911.0,1,1,-0.8793933,-0.007151224,-0.008192872,0.47597194,0.44979602,-0.61786866,-2.7094836
374912.0,1,1,-0.87938714,-0.0071709515,-0.008159661,0.47598353,0.44979602,-0.61786866,-2.7094836
374913.0,1,1,-0.87937707,-0.0071906187,-0.008147951,0.4760021,0.44979602,-0.61786866,-2.7094836
374914.0,1,1,-0.8793682,-0.007204521,-0.008134664,0.47601846,0.44979602,-0.61786866,-2.7094836
374915.0,1,1,-0.87936056,-0.007232455,-0.008110523,0.47603256,0.44979602,-0.61786866,-2.7094836
374916.0,1,1,-0.8793529,-0.0072684027,-0.0080806315,0.47604662,0.44979602,-0.61786866,-2.7094836
374917.0,1,1,-0.87934405,-0.0072930753,-0.008057512,0.476063,0.44979602,-0.61786866,-2.7094836
374918.0,1,1,-0.8793338,-0.007323073,-0.008031297,0.47608197,0.44979602,-0.61786866,-2.7094836
374919.0,1,1,-0.87932485,-0.007358347,-0.00800191,0.47609845,0.44979602,-0.61786866,-2.7094836
374920.0,1,1,-0.8793134,-0.007395281,-0.007971873,0.47611955,0.44979602,-0.61786866,-2.7094836
374921.0,1,1,-0.87930065,-0.007433372,-0.007938342,0.47614312,0.44979602,-0.61786866,-2.7094836
374922.0,1,1,-0.87929153,-0.0074773724,-0.007910406,0.4761597,0.44979602,-0.61786866,-2.7094836
374923.0,1,1,-0.8792811,-0.007527273,-0.007879512,0.47617844,0.44979602,-0.61786866,-2.7094836
374924.0,1,1,-0.8792709,-0.0075782174,-0.007836444,0.47619718,0.44979602,-0.61786866,-2.7094836
374925.0,1,1,-0.8792594,-0.007631434,-0.007798199,0.47621834,0.44979602,-0.61786866,-2.7094836
374926.0,1,1,-0.8792491,-0.007674324,-0.0077626673,0.47623727,0.44979602,-0.61786866,-2.7094836
374927.0,1,1,-0.87923753,-0.0077147274,-0.0077228067,0.47625864,0.44979602,-0.61786866,-2.7094836
374928.0,1,1,-0.87922704,-0.0077666533,-0.0076885866,0.47627765,0.44979602,-0.61786866,-2.7094836
374929.0,1,1,-0.879214,-0.007822242,-0.0076572318,0.4763014,0.44979602,-0.61786866,-2.7094836
374930.0,1,1,-0.879201,-0.007885477,-0.007621281,0.47632492,0.44979602,-0.61786866,-2.7094836
374931.0,1,1,-0.8791879,-0.007950516,-0.0075840033,0.47634858,0.44979602,-0.61786866,-2.7094836
374932.0,1,1,-0.8791736,-0.008003279,-0.0075414293,0.47637472,0.44979602,-0.61786866,-2.7094836
374933.0,1,1,-0.8791594,-0.008052179,-0.0074874526,0.47640094,0.44979602,-0.61786866,-2.7094836
374934.0,1,1,-0.87914675,-0.008098072,-0.0074104015,0.47642472,0.44979602,-0.61786866,-2.7094836
374935.0,1,1,-0.8791331,-0.008143847,-0.0073231934,0.4764505,0.44979602,-0.61786866,-2.7094836
374936.0,1,1,-0.8791234,-0.0081843715,-0.007248088,0.47646886,0.44979602,-0.61786866,-2.7094836
374937.0,1,1,-0.87911123,-0.0082048625,-0.0071906913,0.47649193,0.44979602,-0.61786866,-2.7094836
374938.0,1,1,-0.87910014,-0.008218703,-0.0071516614,0.4765127,0.44979602,-0.61786866,-2.7094836
374939.0,1,1,-0.879089,-0.008226485,-0.007133836,0.47653338,0.44979602,-0.61786866,-2.7094836
374940.0,1,1,-0.87908036,-0.008227237,-0.007122324,0.4765495,0.44979602,-0.61786866,-2.7094836
374941.0,1,1,-0.8790718,-0.008218643,-0.0071099317,0.47656563,0.44979602,-0.61786866,-2.7094836
374942.0,1,1,-0.8790618,-0.008224644,-0.0070934654,0.47658408,0.44979602,-0.61786866,-2.7094836
374943.0,1,1,-0.879052,-0.008226418,-0.0070815827,0.47660238,0.44979602,-0.61786866,-2.7094836
374944.0,1,1,-0.87904465,-0.008228121,-0.0070751146,0.47661597,0.44979602,-0.61786866,-2.7094836
374945.0,1,1,-0.87903595,-0.008236739,-0.0070702573,0.47663197,0.44979602,-0.61786866,-2.7094836
374946.0,1,1,-0.8790261,-0.008233652,-0.007060355,0.47665033,0.44979602,-0.61786866,-2.7094836
374947.0,1,1,-0.8790164,-0.008218095,-0.0070473007,0.47666872,0.44979602,-0.61786866,-2.7094836
374948.0,1,1,-0.87900794,-0.008202771,-0.007028273,0.4766849,0.44979602,-0.61786866,-2.7094836
374949.0,1,1,-0.87899923,-0.008195395,-0.007012504,0.47670108,0.44979602,-0.61786866,-2.7094836
374950.0,1,1,-0.87898666,-0.008187078,-0.0070107775,0.47672448,0.44979602,-0.61786866,-2.7094836
374951.0,1,1,-0.8789729,-0.008179217,-0.0070084846,0.47675014,0.44979602,-0.61786866,-2.7094836
374952.0,1,1,-0.8789603,-0.008172204,-0.006990841,0.47677374,0.44979602,-0.61786866,-2.7094836
374953.0,1,1,-0.8789492,-0.008156654,-0.0069468636,0.47679505,0.44979602,-0.61786866,-2.7094836
374954.0,1,1,-0.8789384,-0.0081452755,-0.006875678,0.47681633,0.44979602,-0.61786866,-2.7094836
374955.0,1,1,-0.87892616,-0.008147535,-0.0067946576,0.47683975,0.44979602,-0.61786866,-2.7094836
374956.0,1,1,-0.8789142,-0.008143355,-0.006721139,0.4768631,0.44979602,-0.61786866,-2.7094836
374957.0,1,1,-0.8789034,-0.008132541,-0.0066608526,0.47688404,0.44979602,-0.61786866,-2.7094836
374958.0,1,1,-0.87889254,-0.0081178425,-0.006609233,0.47690502,0.44979602,-0.61786866,-2.7094836
374959.0,1,1,-0.8788843,-0.00809798,-0.0065432815,0.47692138,0.44979602,-0.61786866,-2.7094836
374960.0,1,1,-0.8788787,-0.008082407,-0.0064705443,0.47693294,0.44979602,-0.61786866,-2.7094836
374961.0,1,1,-0.8788731,-0.008067713,-0.006406722,0.47694442,0.44979602,-0.61786866,-2.7094836
374962.0,1,1,-0.87886614,-0.008048535,-0.006354651,0.47695825,0.44979602,-0.61786866,-2.7094836
374963.0,1,1,-0.8788603,-0.008022467,-0.0063145263,0.47696996,0.44979602,-0.61786866,-2.7094836
374964.0,1,1,-0.87885576,-0.007977752,-0.0062793954,0.47697955,0.44979602,-0.61786866,-2.7094836
374965.0,1,1,-0.87884986,-0.007936762,-0.0062317736,0.4769917,0.44979602,-0.61786866,-2.7094836
374966.0,1,1,-0.8788428,-0.007903042,-0.006177985,0.47700614,0.44979602,-0.61786866,-2.7094836
374967.0,1,1,-0.8788368,-0.00788013,-0.0061277584,0.47701815,0.44979602,-0.61786866,-2.7094836
374968.0,1,1,-0.8788308,-0.007859762,-0.0060817255,0.47703022,0.44979602,-0.61786866,-2.7094836
374969.0,1,1,-0.8788235,-0.007838102,-0.0060227113,0.4770447,0.44979602,-0.61786866,-2.7094836
374970.0,1,1,-0.87881744,-0.007826787,-0.005956444,0.47705668,0.44979602,-0.61786866,-2.7094836
374971.0,1,1,-0.8788101,-0.007828466,-0.0058873515,0.47707108,0.44979602,-0.61786866,-2.7094836
374972.0,1,1,-0.8788029,-0.007831787,-0.005824608,0.47708523,0.44979602,-0.61786866,-2.7094836
374973.0,1,1,-0.87879175,-0.007832493,-0.0057603125,0.4771066,0.44979602,-0.61786866,-2.7094836
374974.0,1,1,-0.8787817,-0.007827674,-0.0057112677,0.4771258,0.44979602,-0.61786866,-2.7094836
374975.0,1,1,-0.8787716,-0.007828743,-0.0056628473,0.4771449,0.44979602,-0.61786866,-2.7094836
374976.0,1,1,-0.8787629,-0.007833288,-0.0056015505,0.47716153,0.44979602,-0.61786866,-2.7094836
374977.0,1,1,-0.8787517,-0.007853822,-0.005529637,0.47718272,0.44979602,-0.61786866,-2.7094836
374978.0,1,1,-0.87874174,-0.007880618,-0.005460668,0.47720143,0.44979602,-0.61786866,-2.7094836
374979.0,1,1,-0.8787329,-0.007908918,-0.005405613,0.47721785,0.44979602,-0.61786866,-2.7094836
374980.0,1,1,-0.87872034,-0.007930544,-0.005357087,0.4772412,0.44979602,-0.61786866,-2.7094836
374981.0,1,1,-0.8787104,-0.007949622,-0.005301257,0.47725987,0.44979602,-0.61786866,-2.7094836
374982.0,1,1,-0.87870175,-0.007960026,-0.005237319,0.47727603,0.44979602,-0.61786866,-2.7094836
374983.0,1,1,-0.87869346,-0.007959567,-0.0051721805,0.47729206,0.44979602,-0.61786866,-2.7094836
374984.0,1,1,-0.8786864,-0.007949971,-0.0051279133,0.47730568,0.44979602,-0.61786866,-2.7094836
374985.0,1,1,-0.87867814,-0.007921,-0.0051042465,0.47732165,0.44979602,-0.61786866,-2.7094836
374986.0,1,1,-0.87867105,-0.007883935,-0.0050942064,0.47733545,0.44979602,-0.61786866,-2.7094836
374987.0,1,1,-0.87866384,-0.007850299,-0.0051000216,0.47734922,0.44979602,-0.61786866,-2.7094836
374988.0,1,1,-0.87865525,-0.007828158,-0.005111025,0.47736523,0.44979602,-0.61786866,-2.7094836
374989.0,1,1,-0.87864655,-0.00781439,-0.0051311953,0.47738126,0.44979602,-0.61786866,-2.7094836
374990.0,1,1,-0.87863654,-0.0077991,-0.005157541,0.47739968,0.44979602,-0.61786866,-2.7094836
374991.0,1,1,-0.87862647,-0.0077893836,-0.0051778853,0.4774181,0.44979602,-0.61786866,-2.7094836
374992.0,1,1,-0.8786191,-0.007780834,-0.0051792427,0.47743192,0.44979602,-0.61786866,-2.7094836
374993.0,1,1,-0.87861156,-0.0077846046,-0.005188446,0.47744554,0.44979602,-0.61786866,-2.7094836
374994.0,1,1,-0.8786015,-0.0077838995,-0.0052107233,0.47746387,0.44979602,-0.61786866,-2.7094836
374995.0,1,1,-0.87859404,-0.0077732196,-0.0052174795,0.47747773,0.44979602,-0.61786866,-2.7094836
374996.0,1,1,-0.8785867,-0.0077545717,-0.005209129,0.47749165,0.44979602,-0.61786866,-2.7094836
374997.0,1,1,-0.87857944,-0.007730254,-0.005190423,0.47750556,0.44979602,-0.61786866,-2.7094836
374998.0,1,1,-0.87857217,-0.0077076354,-0.005168562,0.4775195,0.44979602,-0.61786866,-2.7094836
374999.0,1,1,-0.87856615,-0.0076915263,-0.005142951,0.4775311,0.44979602,-0.61786866,-2.7094836
375000.0,1,1,-0.87856144,-0.0076790904,-0.0051149884,0.47754028,0.44979602,-0.61786866,-2.7094836
375001.0,1,1,-0.87855923,-0.0076646735,-0.0050884318,0.4775448,0.44979602,-0.61786866,-2.7094836
375002.0,1,1,-0.87855697,-0.0076552737,-0.005069216,0.47754934,0.44979602,-0.61786866,-2.7094836
375003.0,1,1,-0.8785534,-0.0076570255,-0.005050243,0.47755614,0.44979602,-0.61786866,-2.7094836
375004.0,1,1,-0.878551,-0.007664763,-0.0050326674,0.47756055,0.44979602,-0.61786866,-2.7094836
375005.0,1,1,-0.8785487,-0.007670291,-0.0050224154,0.47756493,0.44979602,-0.61786866,-2.7094836
375006.0,1,1,-0.87854385,-0.0076739904,-0.0050042695,0.477574,0.44979602,-0.61786866,-2.7094836
375007.0,1,1,-0.8785403,-0.0076745017,-0.004991017,0.4775807,0.44979602,-0.61786866,-2.7094836
375008.0,1,1,-0.87853664,-0.0076661566,-0.0049771974,0.47758737,0.44979602,-0.61786866,-2.7094836
375009.0,1,1,-0.87853193,-0.007655191,-0.0049691093,0.47759643,0.44979602,-0.61786866,-2.7094836
375010.0,1,1,-0.87852585,-0.0076465006,-0.0049682017,0.47760782,0.44979602,-0.61786866,-2.7094836
375011.0,1,1,-0.8785209,-0.007637531,-0.0049816063,0.47761694,0.44979602,-0.61786866,-2.7094836
375012.0,1,1,-0.8785185,-0.007628013,-0.0049885963,0.47762144,0.44979602,-0.61786866,-2.7094836
375013.0,1,1,-0.87851614,-0.007628925,-0.0049898694,0.47762582,0.44979602,-0.61786866,-2.7094836
375014.0,1,1,-0.87851256,-0.007626837,-0.004987253,0.4776324,0.44979602,-0.61786866,-2.7094836
375015.0,1,1,-0.8785079,-0.0076106293,-0.00498129,0.47764125,0.44979602,-0.61786866,-2.7094836
375016.0,1,1,-0.878502,-0.0075885234,-0.004985722,0.4776524,0.44979602,-0.61786866,-2.7094836
375017.0,1,1,-0.8784986,-0.0075612436,-0.005000812,0.4776589,0.44979602,-0.61786866,-2.7094836
375018.0,1,1,-0.87849635,-0.0075352895,-0.0050261514,0.47766316,0.44979602,-0.61786866,-2.7094836
375019.0,1,1,-0.8784916,-0.007507957,-0.0050581656,0.47767213,0.44979602,-0.61786866,-2.7094836
375020.0,1,1,-0.87848675,-0.0074810884,-0.0050901263,0.47768107,0.44979602,-0.61786866,-2.7094836
375021.0,1,1,-0.8784819,-0.0074570114,-0.0051206863,0.47768998,0.44979602,-0.61786866,-2.7094836
375022.0,1,1,-0.87847453,-0.0074303444,-0.0051553533,0.47770363,0.44979602,-0.61786866,-2.7094836
375023.0,1,1,-0.8784684,-0.007400898,-0.005182267,0.4777151,0.44979602,-0.61786866,-2.7094836
375024.0,1,1,-0.8784648,-0.007382191,-0.0051916945,0.47772187,0.44979602,-0.61786866,-2.7094836
375025.0,1,1,-0.8784576,-0.0073656915,-0.0051986333,0.47773534,0.44979602,-0.61786866,-2.7094836
375026.0,1,1,-0.87844795,-0.007338839,-0.0052025667,0.4777535,0.44979602,-0.61786866,-2.7094836
375027.0,1,1,-0.8784381,-0.007317463,-0.0052183443,0.47777173,0.44979602,-0.61786866,-2.7094836
375028.0,1,1,-0.8784307,-0.007298794,-0.00524313,0.47778532,0.44979602,-0.61786866,-2.7094836
375029.0,1,1,-0.878422,-0.0072888583,-0.005277841,0.47780114,0.44979602,-0.61786866,-2.7094836
375030.0,1,1,-0.8784132,-0.0072884485,-0.0053128945,0.477817,0.44979602,-0.61786866,-2.7094836
375031.0,1,1,-0.87840563,-0.007291091,-0.005330919,0.47783065,0.44979602,-0.61786866,-2.7094836
375032.0,1,1,-0.87839806,-0.0072876173,-0.005343304,0.47784424,0.44979602,-0.61786866,-2.7094836
375033.0,1,1,-0.8783908,-0.0072836285,-0.0053452873,0.47785783,0.44979602,-0.61786866,-2.7094836
375034.0,1,1,-0.8783807,-0.007285896,-0.0053531956,0.47787598,0.44979602,-0.61786866,-2.7094836
375035.0,1,1,-0.8783721,-0.007282598,-0.0053715105,0.4778919,0.44979602,-0.61786866,-2.7094836
375036.0,1,1,-0.8783644,-0.0072970293,-0.005400011,0.47790545,0.44979602,-0.61786866,-2.7094836
375037.0,1,1,-0.8783555,-0.0073171556,-0.0054245996,0.4779212,0.44979602,-0.61786866,-2.7094836
375038.0,1,1,-0.8783481,-0.0073300875,-0.005426886,0.47793466,0.44979602,-0.61786866,-2.7094836
375039.0,1,1,-0.8783407,-0.0073382766,-0.005437553,0.47794798,0.44979602,-0.61786866,-2.7094836
375040.0,1,1,-0.8783344,-0.0073354337,-0.005462272,0.4779591,0.44979602,-0.61786866,-2.7094836
375041.0,1,1,-0.8783244,-0.007327277,-0.005486381,0.47797748,0.44979602,-0.61786866,-2.7094836
375042.0,1,1,-0.8783144,-0.007324344,-0.005504319,0.47799575,0.44979602,-0.61786866,-2.7094836
375043.0,1,1,-0.87830436,-0.0073276823,-0.005519242,0.47801396,0.44979602,-0.61786866,-2.7094836
375044.0,1,1,-0.8782944,-0.0073359325,-0.0055169505,0.4780321,0.44979602,-0.61786866,-2.7094836
375045.0,1,1,-0.878287,-0.007346117,-0.005513547,0.47804555,0.44979602,-0.61786866,-2.7094836
375046.0,1,1,-0.87827855,-0.007342048,-0.0055120355,0.4780613,0.44979602,-0.61786866,-2.7094836
375047.0,1,1,-0.87827265,-0.007332221,-0.005505506,0.47807235,0.44979602,-0.61786866,-2.7094836
375048.0,1,1,-0.8782641,-0.007322248,-0.0055141565,0.47808802,0.44979602,-0.61786866,-2.7094836
375049.0,1,1,-0.8782582,-0.007289625,-0.00553103,0.47809923,0.44979602,-0.61786866,-2.7094836
375050.0,1,1,-0.8782509,-0.0072511663,-0.0055598128,0.47811297,0.44979602,-0.61786866,-2.7094836
375051.0,1,1,-0.8782435,-0.007217707,-0.0055854917,0.4781267,0.44979602,-0.61786866,-2.7094836
375052.0,1,1,-0.87824,-0.0071966196,-0.005592581,0.47813338,0.44979602,-0.61786866,-2.7094836
375053.0,1,1,-0.8782339,-0.0071789604,-0.005606421,0.47814462,0.44979602,-0.61786866,-2.7094836
375054.0,1,1,-0.8782265,-0.0071617705,-0.005619622,0.4781583,0.44979602,-0.61786866,-2.7094836
375055.0,1,1,-0.8782204,-0.0071450337,-0.005626515,0.47816977,0.44979602,-0.61786866,-2.7094836
375056.0,1,1,-0.8782155,-0.007134355,-0.0056274883,0.47817892,0.44979602,-0.61786866,-2.7094836
375057.0,1,1,-0.87820685,-0.007120221,-0.0056225173,0.47819504,0.44979602,-0.61786866,-2.7094836
375058.0,1,1,-0.87819695,-0.007099833,-0.0056159147,0.47821355,0.44979602,-0.61786866,-2.7094836
375059.0,1,1,-0.8781895,-0.007085571,-0.005611532,0.4782275,0.44979602,-0.61786866,-2.7094836
375060.0,1,1,-0.8781819,-0.0070900233,-0.0056081535,0.47824153,0.44979602,-0.61786866,-2.7094836
375061.0,1,1,-0.8781717,-0.007096989,-0.0056049153,0.47826025,0.44979602,-0.61786866,-2.7094836
375062.0,1,1,-0.8781589,-0.0071053687,-0.0056047584,0.47828352,0.44979602,-0.61786866,-2.7094836
375063.0,1,1,-0.87814486,-0.007115279,-0.005592386,0.47830933,0.44979602,-0.61786866,-2.7094836
375064.0,1,1,-0.8781297,-0.007122483,-0.005581622,0.47833717,0.44979602,-0.61786866,-2.7094836
375065.0,1,1,-0.87811434,-0.0071371184,-0.005578369,0.47836518,0.44979602,-0.61786866,-2.7094836
375066.0,1,1,-0.8780977,-0.007160402,-0.0055702673,0.47839546,0.44979602,-0.61786866,-2.7094836
375067.0,1,1,-0.8780825,-0.007184204,-0.0055446634,0.47842336,0.44979602,-0.61786866,-2.7094836
375068.0,1,1,-0.8780686,-0.0072068344,-0.0055179014,0.47844884,0.44979602,-0.61786866,-2.7094836
375069.0,1,1,-0.8780559,-0.007221184,-0.0055018114,0.47847196,0.44979602,-0.61786866,-2.7094836
375070.0,1,1,-0.87804073,-0.007230757,-0.0054874704,0.47849992,0.44979602,-0.61786866,-2.7094836
375071.0,1,1,-0.8780255,-0.007251512,-0.0054726475,0.4785278,0.44979602,-0.61786866,-2.7094836
375072.0,1,1,-0.8780102,-0.0072701345,-0.0054555484,0.47855568,0.44979602,-0.61786866,-2.7094836
375073.0,1,1,-0.877995,-0.007286189,-0.005439818,0.47858354,0.44979602,-0.61786866,-2.7094836
375074.0,1,1,-0.8779811,-0.0072976737,-0.00542687,0.478609,0.44979602,-0.61786866,-2.7094836
375075.0,1,1,-0.877966,-0.007303686,-0.0054261996,0.4786367,0.44979602,-0.61786866,-2.7094836
375076.0,1,1,-0.87795323,-0.007312272,-0.0054296833,0.4786597,0.44979602,-0.61786866,-2.7094836
375077.0,1,1,-0.8779419,-0.0073137423,-0.0054307035,0.47868052,0.44979602,-0.61786866,-2.7094836
375078.0,1,1,-0.8779268,-0.0073078275,-0.0054244837,0.4787083,0.44979602,-0.61786866,-2.7094836
375079.0,1,1,-0.87791437,-0.0073007504,-0.005410467,0.47873154,0.44979602,-0.61786866,-2.7094836
375080.0,1,1,-0.877902,-0.007295657,-0.0053894185,0.47875458,0.44979602,-0.61786866,-2.7094836
375081.0,1,1,-0.87789077,-0.0072907927,-0.0053799115,0.47877532,0.44979602,-0.61786866,-2.7094836
375082.0,1,1,-0.87788206,-0.007292047,-0.0053759683,0.47879136,0.44979602,-0.61786866,-2.7094836
375083.0,1,1,-0.87787205,-0.0072866143,-0.005369779,0.47880983,0.44979602,-0.61786866,-2.7094836
375084.0,1,1,-0.87785953,-0.007276793,-0.0053605717,0.478833,0.44979602,-0.61786866,-2.7094836
375085.0,1,1,-0.87784964,-0.007272044,-0.0053397417,0.47885147,0.44979602,-0.61786866,-2.7094836
375086.0,1,1,-0.87783855,-0.007259623,-0.0053233956,0.4788722,0.44979602,-0.61786866,-2.7094836
375087.0,1,1,-0.87782866,-0.0072505763,-0.005311524,0.47889057,0.44979602,-0.61786866,-2.7094836
375088.0,1,1,-0.87782,-0.007232821,-0.0053039934,0.47890672,0.44979602,-0.61786866,-2.7094836
375089.0,1,1,-0.8778113,-0.007211015,-0.005295799,0.47892308,0.44979602,-0.61786866,-2.7094836
375090.0,1,1,-0.8778039,-0.0071871877,-0.005277153,0.47893724,0.44979602,-0.61786866,-2.7094836
375091.0,1,1,-0.87779534,-0.0071681575,-0.0052484404,0.4789536,0.44979602,-0.61786866,-2.7094836
375092.0,1,1,-0.87778544,-0.007159559,-0.0052236984,0.47897214,0.44979602,-0.61786866,-2.7094836
375093.0,1,1,-0.8777754,-0.0071583907,-0.0052058455,0.47899076,0.44979602,-0.61786866,-2.7094836
375094.0,1,1,-0.87776643,-0.007164729,-0.005195109,0.47900715,0.44979602,-0.61786866,-2.7094836
375095.0,1,1,-0.8777575,-0.007175422,-0.0051817494,0.47902355,0.44979602,-0.61786866,-2.7094836
375096.0,1,1,-0.87774855,-0.0071888375,-0.005158305,0.47903994,0.44979602,-0.61786866,-2.7094836
375097.0,1,1,-0.8777385,-0.0072042667,-0.005119923,0.47905856,0.44979602,-0.61786866,-2.7094836
375098.0,1,1,-0.8777284,-0.0072262613,-0.005078363,0.4790772,0.44979602,-0.61786866,-2.7094836
375099.0,1,1,-0.87771577,-0.007233457,-0.005034179,0.47910064,0.44979602,-0.61786866,-2.7094836
375100.0,1,1,-0.8777057,-0.0072375815,-0.0049949717,0.4791195,0.44979602,-0.61786866,-2.7094836
375101.0,1,1,-0.8776943,-0.007254613,-0.004943499,0.4791406,0.44979602,-0.61786866,-2.7094836
375102.0,1,1,-0.8776842,-0.007278871,-0.004885671,0.47915936,0.44979602,-0.61786866,-2.7094836
375103.0,1,1,-0.87767404,-0.0072969184,-0.0048375353,0.4791781,0.44979602,-0.61786866,-2.7094836
375104.0,1,1,-0.87766516,-0.0073132673,-0.0047965324,0.47919458,0.44979602,-0.61786866,-2.7094836
375105.0,1,1,-0.8776562,-0.0073321317,-0.0047547407,0.4792111,0.44979602,-0.61786866,-2.7094836
375106.0,1,1,-0.87764347,-0.0073539866,-0.004714713,0.47923452,0.44979602,-0.61786866,-2.7094836
375107.0,1,1,-0.8776345,-0.0073826276,-0.0046739494,0.47925085,0.44979602,-0.61786866,-2.7094836
375108.0,1,1,-0.8776244,-0.007411269,-0.004624749,0.47926944,0.44979602,-0.61786866,-2.7094836
375109.0,1,1,-0.87761176,-0.007439342,-0.004582222,0.4792926,0.44979602,-0.61786866,-2.7094836
375110.0,1,1,-0.87759656,-0.007453051,-0.004556605,0.47932044,0.44979602,-0.61786866,-2.7094836
375111.0,1,1,-0.8775826,-0.0074624307,-0.00453648,0.47934604,0.44979602,-0.61786866,-2.7094836
375112.0,1,1,-0.87756854,-0.00747282,-0.004523811,0.4793717,0.44979602,-0.61786866,-2.7094836
375113.0,1,1,-0.8775533,-0.007489541,-0.004510266,0.4793995,0.44979602,-0.61786866,-2.7094836
375114.0,1,1,-0.8775368,-0.007509123,-0.004498205,0.47942954,0.44979602,-0.61786866,-2.7094836
375115.0,1,1,-0.87751895,-0.0075202286,-0.0044859587,0.47946206,0.44979602,-0.61786866,-2.7094836
375116.0,1,1,-0.8775012,-0.0075275223,-0.004470579,0.47949454,0.44979602,-0.61786866,-2.7094836
375117.0,1,1,-0.877486,-0.0075400053,-0.0044609257,0.47952232,0.44979602,-0.61786866,-2.7094836
375118.0,1,1,-0.87746936,-0.007554419,-0.0044604596,0.47955248,0.44979602,-0.61786866,-2.7094836
375119.0,1,1,-0.8774528,-0.007569668,-0.004456188,0.4795827,0.44979602,-0.61786866,-2.7094836
375120.0,1,1,-0.8774376,-0.0075771995,-0.004444758,0.47961047,0.44979602,-0.61786866,-2.7094836
375121.0,1,1,-0.8774212,-0.0075811846,-0.0044278693,0.4796405,0.44979602,-0.61786866,-2.7094836
375122.0,1,1,-0.87740874,-0.007581502,-0.0044104834,0.4796635,0.44979602,-0.61786866,-2.7094836
375123.0,1,1,-0.8773974,-0.0075870478,-0.0044018845,0.47968414,0.44979602,-0.61786866,-2.7094836
375124.0,1,1,-0.87738484,-0.0075785117,-0.0044029304,0.47970724,0.44979602,-0.61786866,-2.7094836
375125.0,1,1,-0.8773736,-0.0075719864,-0.00439663,0.4797281,0.44979602,-0.61786866,-2.7094836
375126.0,1,1,-0.87736094,-0.0075729718,-0.0043950537,0.4797512,0.44979602,-0.61786866,-2.7094836
375127.0,1,1,-0.87734973,-0.0075596217,-0.0043928083,0.47977194,0.44979602,-0.61786866,-2.7094836
375128.0,1,1,-0.87734103,-0.007538636,-0.004379748,0.47978824,0.44979602,-0.61786866,-2.7094836
375129.0,1,1,-0.8773309,-0.007530876,-0.004367867,0.47980702,0.44979602,-0.61786866,-2.7094836
375130.0,1,1,-0.8773207,-0.0075246515,-0.0043580616,0.47982582,0.44979602,-0.61786866,-2.7094836
375131.0,1,1,-0.8773105,-0.007512501,-0.0043423795,0.47984475,0.44979602,-0.61786866,-2.7094836
375132.0,1,1,-0.8773004,-0.0075090677,-0.004310708,0.47986364,0.44979602,-0.61786866,-2.7094836
375133.0,1,1,-0.877289,-0.0075090947,-0.0042700353,0.4798848,0.44979602,-0.61786866,-2.7094836
375134.0,1,1,-0.8772777,-0.007512232,-0.0042197714,0.47990593,0.44979602,-0.61786866,-2.7094836
375135.0,1,1,-0.87726766,-0.0075186216,-0.0041568014,0.47992465,0.44979602,-0.61786866,-2.7094836
375136.0,1,1,-0.87725633,-0.0075363372,-0.004105646,0.47994557,0.44979602,-0.61786866,-2.7094836
375137.0,1,1,-0.87724495,-0.007543619,-0.004056759,0.47996664,0.44979602,-0.61786866,-2.7094836
375138.0,1,1,-0.8772361,-0.007546898,-0.0040107844,0.4799831,0.44979602,-0.61786866,-2.7094836
375139.0,1,1,-0.8772273,-0.007556199,-0.0039712805,0.47999942,0.44979602,-0.61786866,-2.7094836
375140.0,1,1,-0.8772198,-0.0075568273,-0.003924935,0.48001358,0.44979602,-0.61786866,-2.7094836
375141.0,1,1,-0.8772122,-0.0075514987,-0.0038884573,0.48002774,0.44979602,-0.61786866,-2.7094836
375142.0,1,1,-0.8772019,-0.0075646224,-0.003864726,0.4800465,0.44979602,-0.61786866,-2.7094836
375143.0,1,1,-0.87719417,-0.00757524,-0.0038417843,0.48006073,0.44979602,-0.61786866,-2.7094836
375144.0,1,1,-0.87718636,-0.0075913686,-0.003818916,0.4800749,0.44979602,-0.61786866,-2.7094836
375145.0,1,1,-0.8771786,-0.007611823,-0.0037791494,0.4800891,0.44979602,-0.61786866,-2.7094836
375146.0,1,1,-0.8771698,-0.0076226383,-0.0037289378,0.4801055,0.44979602,-0.61786866,-2.7094836
375147.0,1,1,-0.8771596,-0.0076342123,-0.0036756021,0.4801243,0.44979602,-0.61786866,-2.7094836
375148.0,1,1,-0.8771507,-0.007649967,-0.0036260586,0.4801407,0.44979602,-0.61786866,-2.7094836
375149.0,1,1,-0.8771418,-0.00766992,-0.0035745203,0.48015708,0.44979602,-0.61786866,-2.7094836
375150.0,1,1,-0.87713414,-0.0076906057,-0.0035204117,0.48017105,0.44979602,-0.61786866,-2.7094836
375151.0,1,1,-0.8771266,-0.007699209,-0.0034768523,0.48018503,0.44979602,-0.61786866,-2.7094836
375152.0,1,1,-0.87711775,-0.0076975287,-0.0034390388,0.48020145,0.44979602,-0.61786866,-2.7094836
375153.0,1,1,-0.87710756,-0.0076928283,-0.0034114767,0.48022032,0.44979602,-0.61786866,-2.7094836
375154.0,1,1,-0.87709486,-0.007688186,-0.0033845762,0.48024377,0.44979602,-0.61786866,-2.7094836
375155.0,1,1,-0.877086,-0.007691135,-0.0033572474,0.4802601,0.44979602,-0.61786866,-2.7094836
375156.0,1,1,-0.87707704,-0.0076965457,-0.0033377812,0.48027647,0.44979602,-0.61786866,-2.7094836
375157.0,1,1,-0.8770681,-0.007692893,-0.0033222535,0.480293,0.44979602,-0.61786866,-2.7094836
375158.0,1,1,-0.8770591,-0.007690694,-0.0033086485,0.4803096,0.44979602,-0.61786866,-2.7094836
375159.0,1,1,-0.8770501,-0.0076853964,-0.003293861,0.48032624,0.44979602,-0.61786866,-2.7094836
375160.0,1,1,-0.8770411,-0.0076813935,-0.0032705895,0.48034286,0.44979602,-0.61786866,-2.7094836
375161.0,1,1,-0.8770308,-0.007688309,-0.003242111,0.48036176,0.44979602,-0.61786866,-2.7094836
375162.0,1,1,-0.8770193,-0.007695577,-0.0032049266,0.48038292,0.44979602,-0.61786866,-2.7094836
375163.0,1,1,-0.8770077,-0.007703962,-0.0031646027,0.48040414,0.44979602,-0.61786866,-2.7094836
375164.0,1,1,-0.8769962,-0.0077140904,-0.003117734,0.48042533,0.44979602,-0.61786866,-2.7094836
375165.0,1,1,-0.87698466,-0.0077344407,-0.0030656045,0.48044646,0.44979602,-0.61786866,-2.7094836
375166.0,1,1,-0.8769731,-0.007762426,-0.0030129375,0.4804675,0.44979602,-0.61786866,-2.7094836
375167.0,1,1,-0.8769639,-0.0077904514,-0.0029662156,0.48048383,0.44979602,-0.61786866,-2.7094836
375168.0,1,1,-0.87695223,-0.007823791,-0.0029340922,0.480505,0.44979602,-0.61786866,-2.7094836
375169.0,1,1,-0.8769391,-0.007849512,-0.0029020547,0.48052865,0.44979602,-0.61786866,-2.7094836
375170.0,1,1,-0.87692857,-0.0078762565,-0.0028609615,0.48054773,0.44979602,-0.61786866,-2.7094836
375171.0,1,1,-0.8769155,-0.007907348,-0.0027986146,0.4805714,0.44979602,-0.61786866,-2.7094836
375172.0,1,1,-0.8769012,-0.007940882,-0.0027215122,0.48059735,0.44979602,-0.61786866,-2.7094836
375173.0,1,1,-0.87688696,-0.007981714,-0.002644271,0.48062322,0.44979602,-0.61786866,-2.7094836
375174.0,1,1,-0.8768727,-0.008016151,-0.0025679993,0.48064905,0.44979602,-0.61786866,-2.7094836
375175.0,1,1,-0.8768597,-0.00804972,-0.0025014973,0.48067257,0.44979602,-0.61786866,-2.7094836
375176.0,1,1,-0.8768454,-0.008084929,-0.0024337184,0.48069844,0.44979602,-0.61786866,-2.7094836
375177.0,1,1,-0.87683237,-0.00812399,-0.0023592983,0.48072192,0.44979602,-0.61786866,-2.7094836
375178.0,1,1,-0.8768181,-0.008157297,-0.002298004,0.4807476,0.44979602,-0.61786866,-2.7094836
375179.0,1,1,-0.8768052,-0.008181169,-0.0022476097,0.480771,0.44979602,-0.61786866,-2.7094836
375180.0,1,1,-0.8767934,-0.008216675,-0.002213503,0.48079205,0.44979602,-0.61786866,-2.7094836
375181.0,1,1,-0.8767815,-0.008253949,-0.0021830914,0.48081318,0.44979602,-0.61786866,-2.7094836
375182.0,1,1,-0.876771,-0.008285084,-0.0021413912,0.4808321,0.44979602,-0.61786866,-2.7094836
375183.0,1,1,-0.8767604,-0.008313848,-0.0020844678,0.4808511,0.44979602,-0.61786866,-2.7094836
375184.0,1,1,-0.87675,-0.00833183,-0.0020254247,0.48087013,0.44979602,-0.61786866,-2.7094836
375185.0,1,1,-0.87674326,-0.008353535,-0.0019530919,0.48088205,0.44979602,-0.61786866,-2.7094836
375186.0,1,1,-0.876738,-0.00837134,-0.0018659787,0.4808918,0.44979602,-0.61786866,-2.7094836
375187.0,1,1,-0.8767301,-0.008391136,-0.0017837051,0.4809062,0.44979602,-0.61786866,-2.7094836
375188.0,1,1,-0.8767234,-0.008409176,-0.0017023743,0.4809184,0.44979602,-0.61786866,-2.7094836
375189.0,1,1,-0.8767167,-0.0084219705,-0.0016124271,0.48093075,0.44979602,-0.61786866,-2.7094836
375190.0,1,1,-0.87671006,-0.008430895,-0.0015120326,0.480943,0.44979602,-0.61786866,-2.7094836
375191.0,1,1,-0.8767049,-0.008432934,-0.0014086437,0.48095274,0.44979602,-0.61786866,-2.7094836
375192.0,1,1,-0.87669975,-0.008431576,-0.001306298,0.4809624,0.44979602,-0.61786866,-2.7094836
375193.0,1,1,-0.8766946,-0.008429134,-0.001211865,0.48097202,0.44979602,-0.61786866,-2.7094836
375194.0,1,1,-0.8766882,-0.008429903,-0.001128822,0.4809839,0.44979602,-0.61786866,-2.7094836
375195.0,1,1,-0.876683,-0.008434569,-0.0010495065,0.48099345,0.44979602,-0.61786866,-2.7094836
375196.0,1,1,-0.8766752,-0.008451595,-0.0009818706,0.48100764,0.44979602,-0.61786866,-2.7094836
375197.0,1,1,-0.87666345,-0.008469195,-0.00092603464,0.4810288,0.44979602,-0.61786866,-2.7094836
375198.0,1,1,-0.8766556,-0.008487784,-0.00087300123,0.48104295,0.44979602,-0.61786866,-2.7094836
375199.0,1,1,-0.8766425,-0.008501959,-0.00082019565,0.48106635,0.44979602,-0.61786866,-2.7094836
375200.0,1,1,-0.87663347,-0.008519655,-0.0007643825,0.48108265,0.44979602,-0.61786866,-2.7094836
375201.0,1,1,-0.8766244,-0.008542214,-0.0007126224,0.48109892,0.44979602,-0.61786866,-2.7094836
375202.0,1,1,-0.8766141,-0.008559127,-0.00067344075,0.48111746,0.44979602,-0.61786866,-2.7094836
375203.0,1,1,-0.87660384,-0.008576601,-0.00063171797,0.48113587,0.44979602,-0.61786866,-2.7094836
375204.0,1,1,-0.87659353,-0.008603292,-0.0005973176,0.4811542,0.44979602,-0.61786866,-2.7094836
375205.0,1,1,-0.8765833,-0.0086311335,-0.0005713376,0.48117247,0.44979602,-0.61786866,-2.7094836
375206.0,1,1,-0.876573,-0.00865454,-0.0005534796,0.4811908,0.44979602,-0.61786866,-2.7094836
375207.0,1,1,-0.87656265,-0.008685624,-0.0005484113,0.48120913,0.44979602,-0.61786866,-2.7094836
375208.0,1,1,-0.87655354,-0.008717365,-0.000548163,0.48122522,0.44979602,-0.61786866,-2.7094836
375209.0,1,1,-0.8765443,-0.008756213,-0.0005522143,0.48124132,0.44979602,-0.61786866,-2.7094836
375210.0,1,1,-0.876535,-0.008804997,-0.0005642298,0.4812574,0.44979602,-0.61786866,-2.7094836
375211.0,1,1,-0.8765206,-0.008843913,-0.00058424135,0.4812829,0.44979602,-0.61786866,-2.7094836
375212.0,1,1,-0.87650746,-0.008879557,-0.0005881313,0.48130608,0.44979602,-0.61786866,-2.7094836
375213.0,1,1,-0.8764957,-0.008918562,-0.0005850894,0.4813268,0.44979602,-0.61786866,-2.7094836
375214.0,1,1,-0.8764865,-0.008956888,-0.0005819279,0.48134285,0.44979602,-0.61786866,-2.7094836
375215.0,1,1,-0.8764772,-0.009002229,-0.00057091936,0.48135892,0.44979602,-0.61786866,-2.7094836
375216.0,1,1,-0.87646675,-0.0090381345,-0.0005599857,0.48137736,0.44979602,-0.61786866,-2.7094836
375217.0,1,1,-0.8764564,-0.009064489,-0.0005486106,0.48139575,0.44979602,-0.61786866,-2.7094836
375218.0,1,1,-0.87644464,-0.009087763,-0.0005327186,0.48141646,0.44979602,-0.61786866,-2.7094836
375219.0,1,1,-0.8764344,-0.009108253,-0.00050386175,0.4814349,0.44979602,-0.61786866,-2.7094836
375220.0,1,1,-0.8764254,-0.009128915,-0.00048115387,0.48145095,0.44979602,-0.61786866,-2.7094836
375221.0,1,1,-0.87641627,-0.009156034,-0.00046899187,0.481467,0.44979602,-0.61786866,-2.7094836
375222.0,1,1,-0.87640846,-0.009178513,-0.00047024703,0.4814808,0.44979602,-0.61786866,-2.7094836
375223.0,1,1,-0.87640196,-0.009198458,-0.00047243474,0.4814923,0.44979602,-0.61786866,-2.7094836
375224.0,1,1,-0.87639683,-0.009208045,-0.0004573267,0.4815015,0.44979602,-0.61786866,-2.7094836
375225.0,1,1,-0.8763918,-0.009208519,-0.00043333007,0.4815106,0.44979602,-0.61786866,-2.7094836
375226.0,1,1,-0.87638694,-0.009196337,-0.0004109953,0.48151976,0.44979602,-0.61786866,-2.7094836
375227.0,1,1,-0.8763808,-0.009181442,-0.00039351088,0.48153126,0.44979602,-0.61786866,-2.7094836
375228.0,1,1,-0.87637335,-0.009170464,-0.00038864106,0.48154506,0.44979602,-0.61786866,-2.7094836
375229.0,1,1,-0.8763633,-0.009157322,-0.00039040853,0.48156363,0.44979602,-0.61786866,-2.7094836
375230.0,1,1,-0.876357,-0.00915192,-0.0003848248,0.48157516,0.44979602,-0.61786866,-2.7094836
375231.0,1,1,-0.8763508,-0.009142328,-0.0003821187,0.48158666,0.44979602,-0.61786866,-2.7094836
375232.0,1,1,-0.8763445,-0.009126818,-0.00038867997,0.4815981,0.44979602,-0.61786866,-2.7094836
375233.0,1,1,-0.87633705,-0.0091138575,-0.0003993043,0.48161206,0.44979602,-0.61786866,-2.7094836
375234.0,1,1,-0.8763295,-0.009104848,-0.00040683502,0.48162597,0.44979602,-0.61786866,-2.7094836
375235.0,1,1,-0.87632066,-0.009098593,-0.00041412484,0.4816421,0.44979602,-0.61786866,-2.7094836
375236.0,1,1,-0.8763106,-0.009092409,-0.00041557237,0.48166054,0.44979602,-0.61786866,-2.7094836
375237.0,1,1,-0.8763018,-0.009086108,-0.00041706872,0.4816767,0.44979602,-0.61786866,-2.7094836
375238.0,1,1,-0.8762905,-0.009077402,-0.00041987497,0.48169747,0.44979602,-0.61786866,-2.7094836
375239.0,1,1,-0.87627923,-0.009066563,-0.0004182551,0.4817182,0.44979602,-0.61786866,-2.7094836
375240.0,1,1,-0.87626797,-0.00905277,-0.00041575395,0.48173898,0.44979602,-0.61786866,-2.7094836
375241.0,1,1,-0.87625676,-0.009034594,-0.0004215705,0.48175973,0.44979602,-0.61786866,-2.7094836
375242.0,1,1,-0.8762468,-0.009017035,-0.00043870704,0.48177814,0.44979602,-0.61786866,-2.7094836
375243.0,1,1,-0.87623554,-0.008999522,-0.00046416212,0.48179892,0.44979602,-0.61786866,-2.7094836
375244.0,1,1,-0.8762216,-0.008986917,-0.0004973562,0.48182452,0.44979602,-0.61786866,-2.7094836
375245.0,1,1,-0.8762049,-0.008981061,-0.00052050524,0.4818547,0.44979602,-0.61786866,-2.7094836
375246.0,1,1,-0.8761883,-0.008985821,-0.00053198996,0.4818849,0.44979602,-0.61786866,-2.7094836
375247.0,1,1,-0.87617165,-0.008995239,-0.000527001,0.48191497,0.44979602,-0.61786866,-2.7094836
375248.0,1,1,-0.876155,-0.009009703,-0.0005227517,0.48194492,0.44979602,-0.61786866,-2.7094836
375249.0,1,1,-0.876141,-0.009019434,-0.00052358507,0.4819703,0.44979602,-0.61786866,-2.7094836
375250.0,1,1,-0.87612563,-0.009021583,-0.0005251198,0.4819982,0.44979602,-0.61786866,-2.7094836
375251.0,1,1,-0.8761116,-0.00901495,-0.00051977264,0.4820238,0.44979602,-0.61786866,-2.7094836
375252.0,1,1,-0.8760964,-0.009006719,-0.00051326485,0.48205164,0.44979602,-0.61786866,-2.7094836
375253.0,1,1,-0.87608,-0.00898982,-0.00051203003,0.48208186,0.44979602,-0.61786866,-2.7094836
375254.0,1,1,-0.87606484,-0.008972291,-0.000507729,0.48210967,0.44979602,-0.61786866,-2.7094836
375255.0,1,1,-0.87605083,-0.008966453,-0.0005026529,0.48213524,0.44979602,-0.61786866,-2.7094836
375256.0,1,1,-0.87603676,-0.008962316,-0.0004901955,0.4821609,0.44979602,-0.61786866,-2.7094836
375257.0,1,1,-0.8760201,-0.008958124,-0.00047165813,0.4821913,0.44979602,-0.61786866,-2.7094836
375258.0,1,1,-0.8760033,-0.008958165,-0.00046284238,0.48222172,0.44979602,-0.61786866,-2.7094836
375259.0,1,1,-0.8759905,-0.008958276,-0.00044987997,0.48224503,0.44979602,-0.61786866,-2.7094836
375260.0,1,1,-0.8759764,-0.008950786,-0.00043319113,0.4822708,0.44979602,-0.61786866,-2.7094836
375261.0,1,1,-0.8759636,-0.00894268,-0.00041508226,0.4822941,0.44979602,-0.61786866,-2.7094836
375262.0,1,1,-0.87595356,-0.0089239,-0.00039442934,0.48231274,0.44979602,-0.61786866,-2.7094836
375263.0,1,1,-0.8759422,-0.008909998,-0.00037714923,0.48233372,0.44979602,-0.61786866,-2.7094836
375264.0,1,1,-0.8759296,-0.008890791,-0.0003721989,0.48235694,0.44979602,-0.61786866,-2.7094836
375265.0,1,1,-0.875917,-0.008869359,-0.00036259333,0.48238018,0.44979602,-0.61786866,-2.7094836
375266.0,1,1,-0.8759044,-0.008853012,-0.00035644794,0.4824034,0.44979602,-0.61786866,-2.7094836
375267.0,1,1,-0.87589437,-0.008838964,-0.0003609537,0.48242185,0.44979602,-0.61786866,-2.7094836
375268.0,1,1,-0.8758844,-0.008822359,-0.0003615474,0.48244017,0.44979602,-0.61786866,-2.7094836
375269.0,1,1,-0.8758745,-0.008798693,-0.00036942356,0.48245853,0.44979602,-0.61786866,-2.7094836
375270.0,1,1,-0.87586343,-0.008766449,-0.00039052704,0.48247933,0.44979602,-0.61786866,-2.7094836
375271.0,1,1,-0.8758522,-0.008738591,-0.00042342546,0.4825002,0.44979602,-0.61786866,-2.7094836
375272.0,1,1,-0.8758409,-0.0087206,-0.0004615894,0.48252103,0.44979602,-0.61786866,-2.7094836
375273.0,1,1,-0.8758282,-0.008709804,-0.00049564434,0.48254424,0.44979602,-0.61786866,-2.7094836
375274.0,1,1,-0.87581414,-0.008706947,-0.00052200345,0.4825698,0.44979602,-0.61786866,-2.7094836
375275.0,1,1,-0.87580013,-0.008703299,-0.0005365222,0.4825953,0.44979602,-0.61786866,-2.7094836
375276.0,1,1,-0.87578845,-0.008713912,-0.0005440863,0.48261607,0.44979602,-0.61786866,-2.7094836
375277.0,1,1,-0.8757782,-0.008725089,-0.0005420689,0.4826346,0.44979602,-0.61786866,-2.7094836
375278.0,1,1,-0.87576395,-0.008740821,-0.0005393454,0.48266017,0.44979602,-0.61786866,-2.7094836
375279.0,1,1,-0.875751,-0.008755049,-0.0005345798,0.48268336,0.44979602,-0.61786866,-2.7094836
375280.0,1,1,-0.8757355,-0.008767099,-0.0005261226,0.48271123,0.44979602,-0.61786866,-2.7094836
375281.0,1,1,-0.87571764,-0.008768383,-0.00052100886,0.48274365,0.44979602,-0.61786866,-2.7094836
375282.0,1,1,-0.87570107,-0.0087656835,-0.00050922035,0.48277378,0.44979602,-0.61786866,-2.7094836
375283.0,1,1,-0.8756871,-0.008757423,-0.0005124684,0.48279926,0.44979602,-0.61786866,-2.7094836
375284.0,1,1,-0.8756705,-0.008761438,-0.00051490875,0.4828294,0.44979602,-0.61786866,-2.7094836
375285.0,1,1,-0.87565124,-0.008765828,-0.0005197549,0.48286423,0.44979602,-0.61786866,-2.7094836
375286.0,1,1,-0.8756359,-0.00876825,-0.00051668513,0.482892,0.44979602,-0.61786866,-2.7094836
375287.0,1,1,-0.87561804,-0.008772366,-0.0005017082,0.48292434,0.44979602,-0.61786866,-2.7094836
375288.0,1,1,-0.8755989,-0.008779488,-0.0004922893,0.48295894,0.44979602,-0.61786866,-2.7094836
375289.0,1,1,-0.8755811,-0.00878343,-0.00048692228,0.48299125,0.44979602,-0.61786866,-2.7094836
375290.0,1,1,-0.87556446,-0.00878436,-0.00048630685,0.4830211,0.44979602,-0.61786866,-2.7094836
375291.0,1,1,-0.87554795,-0.008788711,-0.00048660804,0.48305112,0.44979602,-0.61786866,-2.7094836
375292.0,1,1,-0.87553006,-0.008800267,-0.0004854232,0.48308334,0.44979602,-0.61786866,-2.7094836
375293.0,1,1,-0.87551475,-0.008800998,-0.00047253384,0.48311087,0.44979602,-0.61786866,-2.7094836
375294.0,1,1,-0.87549984,-0.008781668,-0.00047540868,0.4831384,0.44979602,-0.61786866,-2.7094836
375295.0,1,1,-0.8754861,-0.008761926,-0.00048439737,0.48316368,0.44979602,-0.61786866,-2.7094836
375296.0,1,1,-0.8754723,-0.00874326,-0.0005004263,0.48318902,0.44979602,-0.61786866,-2.7094836
375297.0,1,1,-0.8754598,-0.008728743,-0.0005252238,0.48321196,0.44979602,-0.61786866,-2.7094836
375298.0,1,1,-0.87544847,-0.008722228,-0.00054258795,0.4832326,0.44979602,-0.61786866,-2.7094836
375299.0,1,1,-0.8754347,-0.0087079005,-0.0005615798,0.4832578,0.44979602,-0.61786866,-2.7094836
375300.0,1,1,-0.8754234,-0.008691167,-0.0005789292,0.48327836,0.44979602,-0.61786866,-2.7094836
375301.0,1,1,-0.8754122,-0.008670661,-0.00060409313,0.48329905,0.44979602,-0.61786866,-2.7094836
375302.0,1,1,-0.8753958,-0.0086553,-0.00063731824,0.48332912,0.44979602,-0.61786866,-2.7094836
375303.0,1,1,-0.87537926,-0.00863674,-0.0006627219,0.48335937,0.44979602,-0.61786866,-2.7094836
375304.0,1,1,-0.87536514,-0.008629071,-0.000681928,0.48338482,0.44979602,-0.61786866,-2.7094836
375305.0,1,1,-0.8753499,-0.008626719,-0.0006972315,0.4834126,0.44979602,-0.61786866,-2.7094836
375306.0,1,1,-0.87533325,-0.008619638,-0.0007129807,0.48344257,0.44979602,-0.61786866,-2.7094836
375307.0,1,1,-0.8753168,-0.008609253,-0.00073318876,0.48347273,0.44979602,-0.61786866,-2.7094836
375308.0,1,1,-0.8753028,-0.008600197,-0.00074938574,0.4834982,0.44979602,-0.61786866,-2.7094836
375309.0,1,1,-0.8752863,-0.008585292,-0.0007601698,0.48352835,0.44979602,-0.61786866,-2.7094836
375310.0,1,1,-0.8752698,-0.008575047,-0.00076884945,0.4835584,0.44979602,-0.61786866,-2.7094836
375311.0,1,1,-0.8752546,-0.00856683,-0.00078219705,0.48358604,0.44979602,-0.61786866,-2.7094836
375312.0,1,1,-0.8752394,-0.008553512,-0.0007952923,0.48361376,0.44979602,-0.61786866,-2.7094836
375313.0,1,1,-0.8752254,-0.008540257,-0.0008019544,0.4836392,0.44979602,-0.61786866,-2.7094836
375314.0,1,1,-0.8752115,-0.008528123,-0.0008104894,0.4836647,0.44979602,-0.61786866,-2.7094836
375315.0,1,1,-0.8751962,-0.008511509,-0.00081586774,0.48369256,0.44979602,-0.61786866,-2.7094836
375316.0,1,1,-0.875181,-0.008498952,-0.0008225887,0.48372027,0.44979602,-0.61786866,-2.7094836
375317.0,1,1,-0.8751671,-0.0084860185,-0.0008234596,0.4837457,0.44979602,-0.61786866,-2.7094836
375318.0,1,1,-0.8751518,-0.008478092,-0.0008128069,0.48377344,0.44979602,-0.61786866,-2.7094836
375319.0,1,1,-0.8751353,-0.008467125,-0.0008072447,0.4838035,0.44979602,-0.61786866,-2.7094836
375320.0,1,1,-0.8751174,-0.008469896,-0.00080605235,0.4838358,0.44979602,-0.61786866,-2.7094836
375321.0,1,1,-0.87509704,-0.008452195,-0.000812677,0.48387295,0.44979602,-0.61786866,-2.7094836
375322.0,1,1,-0.87507814,-0.0084090335,-0.00082778157,0.48390794,0.44979602,-0.61786866,-2.7094836
375323.0,1,1,-0.87506294,-0.008393227,-0.000820374,0.48393568,0.44979602,-0.61786866,-2.7094836
375324.0,1,1,-0.87504655,-0.008386713,-0.0008229887,0.4839655,0.44979602,-0.61786866,-2.7094836
375325.0,1,1,-0.87503517,-0.008376865,-0.00083734177,0.4839862,0.44979602,-0.61786866,-2.7094836
375326.0,1,1,-0.8750224,-0.008369712,-0.000860301,0.4840094,0.44979602,-0.61786866,-2.7094836
375327.0,1,1,-0.87500703,-0.008363066,-0.0008738992,0.48403725,0.44979602,-0.61786866,-2.7094836
375328.0,1,1,-0.8749943,-0.008355202,-0.0008745657,0.4840604,0.44979602,-0.61786866,-2.7094836
375329.0,1,1,-0.8749804,-0.008341502,-0.00087060744,0.48408574,0.44979602,-0.61786866,-2.7094836
375330.0,1,1,-0.8749677,-0.0083366,-0.0008618205,0.48410878,0.44979602,-0.61786866,-2.7094836
375331.0,1,1,-0.8749537,-0.008332413,-0.0008581345,0.48413417,0.44979602,-0.61786866,-2.7094836
375332.0,1,1,-0.87493837,-0.008323124,-0.00085997366,0.484162,0.44979602,-0.61786866,-2.7094836
375333.0,1,1,-0.87492174,-0.008310968,-0.0008660287,0.48419225,0.44979602,-0.61786866,-2.7094836
375334.0,1,1,-0.87490636,-0.008300276,-0.00086846075,0.4842202,0.44979602,-0.61786866,-2.7094836
375335.0,1,1,-0.8748897,-0.008299601,-0.0008626031,0.48425043,0.44979602,-0.61786866,-2.7094836
375336.0,1,1,-0.8748703,-0.008308825,-0.0008539454,0.48428527,0.44979602,-0.61786866,-2.7094836
375337.0,1,1,-0.87485343,-0.008317059,-0.0008532254,0.48431563,0.44979602,-0.61786866,-2.7094836
375338.0,1,1,-0.87483644,-0.008331624,-0.00084817456,0.48434606,0.44979602,-0.61786866,-2.7094836
375339.0,1,1,-0.87481827,-0.008338313,-0.00083018834,0.48437876,0.44979602,-0.61786866,-2.7094836
375340.0,1,1,-0.87480164,-0.0083177835,-0.00079966197,0.4844092,0.44979602,-0.61786866,-2.7094836
375341.0,1,1,-0.87478507,-0.008301631,-0.00075671164,0.48443952,0.44979602,-0.61786866,-2.7094836
375342.0,1,1,-0.87476975,-0.008295006,-0.0007180759,0.48446733,0.44979602,-0.61786866,-2.7094836
375343.0,1,1,-0.8747556,-0.008287862,-0.000681568,0.48449296,0.44979602,-0.61786866,-2.7094836
375344.0,1,1,-0.8747415,-0.008277335,-0.0006495534,0.48451874,0.44979602,-0.61786866,-2.7094836
375345.0,1,1,-0.87472737,-0.008274841,-0.0006166238,0.48454437,0.44979602,-0.61786866,-2.7094836
375346.0,1,1,-0.8747106,-0.008268972,-0.00058314216,0.4845747,0.44979602,-0.61786866,-2.7094836
375347.0,1,1,-0.8746926,-0.008263745,-0.00054690684,0.48460734,0.44979602,-0.61786866,-2.7094836
375348.0,1,1,-0.8746786,-0.00824115,-0.0005091587,0.4846331,0.44979602,-0.61786866,-2.7094836
375349.0,1,1,-0.8746658,-0.008223178,-0.0004669899,0.4846566,0.44979602,-0.61786866,-2.7094836
375350.0,1,1,-0.874653,-0.008212048,-0.00042378224,0.48467997,0.44979602,-0.61786866,-2.7094836
375351.0,1,1,-0.87463874,-0.0082164435,-0.00038365458,0.48470566,0.44979602,-0.61786866,-2.7094836
375352.0,1,1,-0.8746257,-0.008225352,-0.0003409515,0.48472905,0.44979602,-0.61786866,-2.7094836
375353.0,1,1,-0.8746114,-0.00822706,-0.00029653698,0.48475486,0.44979602,-0.61786866,-2.7094836
375354.0,1,1,-0.8745958,-0.008224143,-0.00024975534,0.48478296,0.44979602,-0.61786866,-2.7094836
375355.0,1,1,-0.87458295,-0.008218155,-0.00018888855,0.48480627,0.44979602,-0.61786866,-2.7094836
375356.0,1,1,-0.87457013,-0.008210826,-0.000121408535,0.48482952,0.44979602,-0.61786866,-2.7094836
375357.0,1,1,-0.8745562,-0.0081930775,-6.465899e-05,0.4848551,0.44979602,-0.61786866,-2.7094836
375358.0,1,1,-0.87454337,-0.0081845075,-2.3063923e-05,0.48487836,0.44979602,-0.61786866,-2.7094836
375359.0,1,1,-0.8745318,-0.008184426,1.1503441e-05,0.48489922,0.44979602,-0.61786866,-2.7094836
375360.0,1,1,-0.8745188,-0.008177864,3.7639667e-05,0.48492253,0.44979602,-0.61786866,-2.7094836
375361.0,1,1,-0.8745047,-0.008174397,5.931494e-05,0.48494828,0.44979602,-0.61786866,-2.7094836
375362.0,1,1,-0.87449175,-0.008167475,8.2028855e-05,0.48497176,0.44979602,-0.61786866,-2.7094836
375363.0,1,1,-0.8744801,-0.008163796,0.00010332722,0.48499274,0.44979602,-0.61786866,-2.7094836
375364.0,1,1,-0.87446976,-0.0081608305,0.00013333597,0.48501143,0.44979602,-0.61786866,-2.7094836
375365.0,1,1,-0.87445945,-0.008162636,0.00017040606,0.48503003,0.44979602,-0.61786866,-2.7094836
375366.0,1,1,-0.8744504,-0.008163299,0.0002093845,0.4850463,0.44979602,-0.61786866,-2.7094836
375367.0,1,1,-0.8744414,-0.00816224,0.00024416263,0.48506254,0.44979602,-0.61786866,-2.7094836
375368.0,1,1,-0.8744324,-0.008155986,0.00027298887,0.48507884,0.44979602,-0.61786866,-2.7094836
375369.0,1,1,-0.8744248,-0.008141732,0.0002904795,0.48509276,0.44979602,-0.61786866,-2.7094836
375370.0,1,1,-0.87441593,-0.00812215,0.0003077447,0.48510906,0.44979602,-0.61786866,-2.7094836
375371.0,1,1,-0.8744083,-0.008106011,0.00032394752,0.48512304,0.44979602,-0.61786866,-2.7094836
375372.0,1,1,-0.87439805,-0.008099341,0.00032816487,0.48514163,0.44979602,-0.61786866,-2.7094836
375373.0,1,1,-0.8743903,-0.008102054,0.00032584232,0.4851555,0.44979602,-0.61786866,-2.7094836
375374.0,1,1,-0.87437993,-0.008117122,0.00033338767,0.48517406,0.44979602,-0.61786866,-2.7094836
375375.0,1,1,-0.87436694,-0.00812692,0.0003443504,0.48519728,0.44979602,-0.61786866,-2.7094836
375376.0,1,1,-0.8743566,-0.008127769,0.00035547663,0.4852158,0.44979602,-0.61786866,-2.7094836
375377.0,1,1,-0.87434375,-0.008138537,0.00036433712,0.48523882,0.44979602,-0.61786866,-2.7094836
375378.0,1,1,-0.8743296,-0.008144737,0.00037927806,0.48526418,0.44979602,-0.61786866,-2.7094836
375379.0,1,1,-0.8743194,-0.008158108,0.0003859496,0.4852824,0.44979602,-0.61786866,-2.7094836
375380.0,1,1,-0.8743105,-0.008171012,0.00038327888,0.48529822,0.44979602,-0.61786866,-2.7094836
375381.0,1,1,-0.87429893,-0.00818958,0.0003812774,0.48531875,0.44979602,-0.61786866,-2.7094836
375382.0,1,1,-0.8742873,-0.008208504,0.0003781027,0.48533937,0.44979602,-0.61786866,-2.7094836
375383.0,1,1,-0.8742781,-0.008235313,0.00037138365,0.4853554,0.44979602,-0.61786866,-2.7094836
375384.0,1,1,-0.87426645,-0.00825466,0.00036380315,0.48537618,0.44979602,-0.61786866,-2.7094836
375385.0,1,1,-0.8742536,-0.00826463,0.0003623403,0.48539925,0.44979602,-0.61786866,-2.7094836
375386.0,1,1,-0.87424594,-0.008273777,0.00037067258,0.48541287,0.44979602,-0.61786866,-2.7094836
375387.0,1,1,-0.8742395,-0.008290508,0.00037992434,0.48542395,0.44979602,-0.61786866,-2.7094836
375388.0,1,1,-0.87423307,-0.008309244,0.00038522956,0.48543522,0.44979602,-0.61786866,-2.7094836
375389.0,1,1,-0.8742266,-0.008323654,0.0003864816,0.48544654,0.44979602,-0.61786866,-2.7094836
375390.0,1,1,-0.87422156,-0.008335636,0.00038070348,0.48545548,0.44979602,-0.61786866,-2.7094836
375391.0,1,1,-0.8742192,-0.008341187,0.0003765933,0.48545983,0.44979602,-0.61786866,-2.7094836
375392.0,1,1,-0.8742142,-0.008341051,0.0003691075,0.48546883,0.44979602,-0.61786866,-2.7094836
375393.0,1,1,-0.87421036,-0.008344895,0.0003504238,0.48547563,0.44979602,-0.61786866,-2.7094836
375394.0,1,1,-0.87420267,-0.008343391,0.0003209062,0.48548952,0.44979602,-0.61786866,-2.7094836
375395.0,1,1,-0.874195,-0.008338668,0.00029291786,0.48550346,0.44979602,-0.61786866,-2.7094836
375396.0,1,1,-0.87418985,-0.0083341235,0.00028573745,0.48551273,0.44979602,-0.61786866,-2.7094836
375397.0,1,1,-0.87418216,-0.00833736,0.0002851902,0.48552656,0.44979602,-0.61786866,-2.7094836
375398.0,1,1,-0.8741745,-0.008342558,0.00028574932,0.48554033,0.44979602,-0.61786866,-2.7094836
375399.0,1,1,-0.87416804,-0.008349185,0.00028432373,0.48555177,0.44979602,-0.61786866,-2.7094836
375400.0,1,1,-0.87415904,-0.008349195,0.00028507327,0.485568,0.44979602,-0.61786866,-2.7094836
375401.0,1,1,-0.8741488,-0.008348575,0.00028722995,0.48558643,0.44979602,-0.61786866,-2.7094836
375402.0,1,1,-0.8741398,-0.008357714,0.00029765608,0.48560247,0.44979602,-0.61786866,-2.7094836
375403.0,1,1,-0.8741307,-0.0083788615,0.00030583594,0.48561844,0.44979602,-0.61786866,-2.7094836
375404.0,1,1,-0.8741229,-0.008405415,0.00030900244,0.48563206,0.44979602,-0.61786866,-2.7094836
375405.0,1,1,-0.87411374,-0.0084363455,0.00030368444,0.4856481,0.44979602,-0.61786866,-2.7094836
375406.0,1,1,-0.8741031,-0.008470211,0.00029309464,0.4856666,0.44979602,-0.61786866,-2.7094836
375407.0,1,1,-0.87409246,-0.008503821,0.00028307884,0.4856852,0.44979602,-0.61786866,-2.7094836
375408.0,1,1,-0.87408316,-0.0085345935,0.0002880673,0.48570135,0.44979602,-0.61786866,-2.7094836
375409.0,1,1,-0.8740753,-0.0085560465,0.00031375894,0.48571515,0.44979602,-0.61786866,-2.7094836
375410.0,1,1,-0.8740674,-0.008572592,0.00034272173,0.48572904,0.44979602,-0.61786866,-2.7094836
375411.0,1,1,-0.8740583,-0.008582105,0.00036786293,0.48574522,0.44979602,-0.61786866,-2.7094836
375412.0,1,1,-0.8740492,-0.008593885,0.00038810205,0.48576143,0.44979602,-0.61786866,-2.7094836
375413.0,1,1,-0.8740373,-0.008613302,0.00040940728,0.48578215,0.44979602,-0.61786866,-2.7094836
375414.0,1,1,-0.8740257,-0.008621082,0.0004241871,0.48580304,0.44979602,-0.61786866,-2.7094836
375415.0,1,1,-0.874018,-0.008617287,0.00044411898,0.48581693,0.44979602,-0.61786866,-2.7094836
375416.0,1,1,-0.87400895,-0.008618386,0.00047161352,0.48583314,0.44979602,-0.61786866,-2.7094836
375417.0,1,1,-0.8739999,-0.00862108,0.00049086986,0.48584932,0.44979602,-0.61786866,-2.7094836
375418.0,1,1,-0.87398964,-0.008618622,0.0005047984,0.48586792,0.44979602,-0.61786866,-2.7094836
375419.0,1,1,-0.8739832,-0.008617378,0.0005165431,0.4858795,0.44979602,-0.61786866,-2.7094836
