seq,is_zvw,instant_quiet,qw,qx,qy,qz,pos_x,pos_y,pos_z
410078.0,0,0,1.0,0.0,0.0,0.0,0.0,0.0,0.0
410079.0,0,0,1.0,0.0,0.0,0.0,0.0,0.0,0.0
410080.0,0,0,1.0,0.0,0.0,0.0,0.0,0.0,0.0
410081.0,0,0,1.0,0.0,0.0,0.0,0.0,0.0,0.0
410082.0,0,0,1.0,0.0,0.0,0.0,0.0,0.0,0.0
410083.0,0,0,1.0,0.0,0.0,0.0,0.0,0.0,0.0
410084.0,0,0,1.0,0.0,0.0,0.0,0.0,0.0,0.0
410085.0,0,0,1.0,0.0,0.0,0.0,0.0,0.0,0.0
410086.0,0,0,1.0,0.0,0.0,0.0,0.0,0.0,0.0
410087.0,0,0,1.0,0.0,0.0,0.0,0.0,0.0,0.0
410088.0,0,0,1.0,0.0,0.0,0.0,0.0,0.0,0.0
410089.0,0,0,1.0,0.0,0.0,0.0,0.0,0.0,0.0
410090.0,0,0,1.0,0.0,0.0,0.0,0.0,0.0,0.0
410091.0,0,0,1.0,0.0,0.0,0.0,0.0,0.0,0.0
410092.0,0,1,1.0,0.0,0.0,0.0,0.0,0.0,0.0
410093.0,0,1,1.0,0.0,0.0,0.0,0.0,0.0,0.0
410094.0,0,1,1.0,0.0,0.0,0.0,0.0,0.0,0.0
410095.0,0,1,1.0,0.0,0.0,0.0,0.0,0.0,0.0
410096.0,0,1,1.0,0.0,0.0,0.0,0.0,0.0,0.0
410097.0,0,1,1.0,0.0,0.0,0.0,0.0,0.0,0.0
410098.0,0,1,1.0,0.0,0.0,0.0,0.0,0.0,0.0
410099.0,0,1,1.0,0.0,0.0,0.0,0.0,0.0,0.0
410100.0,0,1,1.0,0.0,0.0,0.0,0.0,0.0,0.0
410101.0,0,1,1.0,0.0,0.0,0.0,0.0,0.0,0.0
410102.0,0,1,1.0,0.0,0.0,0.0,0.0,0.0,0.0
410103.0,0,1,1.0,0.0,0.0,0.0,0.0,0.0,0.0
410104.0,0,1,1.0,0.0,0.0,0.0,0.0,0.0,0.0
410105.0,0,1,1.0,0.0,0.0,0.0,0.0,0.0,0.0
410106.0,0,1,1.0,0.0,0.0,0.0,0.0,0.0,0.0
410107.0,0,1,1.0,0.0,0.0,0.0,0.0,0.0,0.0
410108.0,0,1,1.0,0.0,0.0,0.0,0.0,0.0,0.0
410109.0,0,1,1.0,0.0,0.0,0.0,0.0,0.0,0.0
410110.0,0,1,1.0,0.0,0.0,0.0,0.0,0.0,0.0
410111.0,1,1,1.0,0.0,0.0,0.0,0.0,0.0,0.0
410112.0,1,1,1.0,0.0,0.0,0.0,0.0,0.0,0.0
410113.0,1,1,1.0,0.0,0.0,0.0,0.0,0.0,0.0
410114.0,1,1,1.0,0.0,0.0,0.0,0.0,0.0,0.0
410115.0,1,1,1.0,0.0,0.0,0.0,0.0,0.0,0.0
410116.0,1,1,1.0,0.0,0.0,0.0,0.0,0.0,0.0
410117.0,1,1,1.0,0.0,0.0,0.0,0.0,0.0,0.0
410118.0,1,1,1.0,0.0,0.0,0.0,0.0,0.0,0.0
410119.0,1,1,1.0,0.0,0.0,0.0,0.0,0.0,0.0
410120.0,1,1,1.0,0.0,0.0,0.0,0.0,0.0,0.0
410121.0,1,1,1.0,0.0,0.0,0.0,0.0,0.0,0.0
410122.0,1,1,1.0,0.0,0.0,0.0,0.0,0.0,0.0
410123.0,1,1,1.0,0.0,0.0,0.0,0.0,0.0,0.0
410124.0,1,1,1.0,0.0,0.0,0.0,0.0,0.0,0.0
410125.0,1,1,1.0,0.0,0.0,0.0,0.0,0.0,0.0
410126.0,1,1,1.0,0.0,0.0,0.0,0.0,0.0,0.0
410127.0,1,1,1.0,0.0,0.0,0.0,0.0,0.0,0.0
410128.0,1,1,1.0,0.0,0.0,0.0,0.0,0.0,0.0
410129.0,1,1,1.0,0.0,0.0,0.0,0.0,0.0,0.0
410130.0,1,1,1.0,0.0,0.0,0.0,0.0,0.0,0.0
410131.0,1,1,1.0,0.0,0.0,0.0,0.0,0.0,0.0
410132.0,1,1,1.0,0.0,0.0,0.0,0.0,0.0,0.0
410133.0,1,1,1.0,0.0,0.0,0.0,0.0,0.0,0.0
410134.0,1,1,1.0,0.0,0.0,0.0,0.0,0.0,0.0
410135.0,1,1,1.0,0.0,0.0,0.0,0.0,0.0,0.0
410136.0,1,1,1.0,0.0,0.0,0.0,0.0,0.0,0.0
410137.0,1,1,1.0,0.0,0.0,0.0,0.0,0.0,0.0
410138.0,1,1,1.0,0.0,0.0,0.0,0.0,0.0,0.0
410139.0,1,1,1.0,0.0,0.0,0.0,0.0,0.0,0.0
410140.0,1,1,1.0,0.0,0.0,0.0,0.0,0.0,0.0
410141.0,1,1,1.0,0.0,0.0,0.0,0.0,0.0,0.0
410142.0,1,1,1.0,0.0,0.0,0.0,0.0,0.0,0.0
410143.0,1,1,1.0,0.0,0.0,0.0,0.0,0.0,0.0
410144.0,1,1,1.0,0.0,0.0,0.0,0.0,0.0,0.0
410145.0,1,1,1.0,0.0,0.0,0.0,0.0,0.0,0.0
410146.0,1,1,1.0,0.0,0.0,0.0,0.0,0.0,0.0
410147.0,1,1,1.0,0.0,0.0,0.0,0.0,0.0,0.0
410148.0,1,1,1.0,0.0,0.0,0.0,0.0,0.0,0.0
410149.0,1,1,1.0,0.0,0.0,0.0,0.0,0.0,0.0
410150.0,1,1,1.0,0.0,0.0,0.0,0.0,0.0,0.0
410151.0,1,1,1.0,0.0,0.0,0.0,0.0,0.0,0.0
410152.0,1,1,1.0,0.0,0.0,0.0,0.0,0.0,0.0
410153.0,1,1,1.0,0.0,0.0,0.0,0.0,0.0,0.0
410154.0,1,1,1.0,0.0,0.0,0.0,0.0,0.0,0.0
410155.0,1,1,1.0,0.0,0.0,0.0,0.0,0.0,0.0
410156.0,1,1,1.0,0.0,0.0,0.0,0.0,0.0,0.0
410157.0,1,1,1.0,0.0,0.0,0.0,0.0,0.0,0.0
410158.0,1,1,1.0,0.0,0.0,0.0,0.0,0.0,0.0
410159.0,1,1,1.0,0.0,0.0,0.0,0.0,0.0,0.0
410160.0,1,1,1.0,0.0,0.0,0.0,0.0,0.0,0.0
410161.0,1,1,1.0,0.0,0.0,0.0,0.0,0.0,0.0
410162.0,1,1,1.0,0.0,0.0,0.0,0.0,0.0,0.0
410163.0,1,1,1.0,0.0,0.0,0.0,0.0,0.0,0.0
410164.0,1,1,1.0,0.0,0.0,0.0,0.0,0.0,0.0
410165.0,1,1,1.0,0.0,0.0,0.0,0.0,0.0,0.0
410166.0,1,1,1.0,0.0,0.0,0.0,0.0,0.0,0.0
410167.0,1,1,1.0,0.0,0.0,0.0,0.0,0.0,0.0
410168.0,1,1,1.0,0.0,0.0,0.0,0.0,0.0,0.0
410169.0,1,1,1.0,0.0,0.0,0.0,0.0,0.0,0.0
410170.0,1,1,1.0,0.0,0.0,0.0,0.0,0.0,0.0
410171.0,1,1,1.0,0.0,0.0,0.0,0.0,0.0,0.0
410172.0,1,1,1.0,0.0,0.0,0.0,0.0,0.0,0.0
410173.0,1,1,1.0,0.0,0.0,0.0,0.0,0.0,0.0
410174.0,1,1,1.0,0.0,0.0,0.0,0.0,0.0,0.0
410175.0,1,1,1.0,0.0,0.0,0.0,0.0,0.0,0.0
410176.0,1,1,1.0,0.0,0.0,0.0,0.0,0.0,0.0
410177.0,1,1,0.9999632,0.00019376115,0.008571978,-7.015579e-06,0.0,0.0,0.0
410178.0,1,1,0.99996334,0.00019419224,0.008559032,-1.5000267e-05,0.0,0.0,0.0
410179.0,1,1,0.99996346,0.000197464,0.008544105,-2.8380711e-05,0.0,0.0,0.0
410180.0,1,1,0.9999637,0.00024846176,0.008521445,-4.4810764e-05,0.0,0.0,0.0
410181.0,1,1,0.9999638,0.00027445768,0.008504033,-6.090982e-05,0.0,0.0,0.0
410182.0,1,1,0.99996394,0.00030031742,0.008486715,-6.904968e-05,0.0,0.0,0.0
410183.0,1,1,0.99996406,0.0003178093,0.00847127,-8.774942e-05,0.0,0.0,0.0
410184.0,1,1,0.9999641,0.0003062399,0.008465582,-0.00011162695,0.0,0.0,0.0
410185.0,1,1,0.9999642,0.00030082697,0.00845855,-0.00010368875,0.0,0.0,0.0
410186.0,1,1,0.9999643,0.00030914004,0.008445396,-7.989927e-05,0.0,0.0,0.0
410187.0,1,1,0.9999645,0.00033300542,0.00842356,-7.4856755e-05,0.0,0.0,0.0
410188.0,1,1,0.9999646,0.00032941665,0.00840912,-0.00010669517,0.0,0.0,0.0
410189.0,1,1,0.9999646,0.00032082616,0.008406664,-0.00015204295,0.0,0.0,0.0
410190.0,1,1,0.9999646,0.00032040745,0.008405839,-0.00018679629,0.0,0.0,0.0
410191.0,1,1,0.99996465,0.0003274199,0.0083992155,-0.00021087215,0.0,0.0,0.0
410192.0,1,1,0.9999648,0.00034901442,0.008387942,-0.00022421966,0.0,0.0,0.0
410193.0,1,1,0.999965,0.00037531697,0.0083600255,-0.00023753746,0.0,0.0,0.0
410194.0,1,1,0.99996525,0.0003892167,0.00832756,-0.00025086544,0.0,0.0,0.0
410195.0,1,1,0.9999654,0.00038229342,0.0083082225,-0.00026948404,0.0,0.0,0.0
410196.0,1,1,0.99996555,0.00037325616,0.008293707,-0.00028547551,0.0,0.0,0.0
410197.0,1,1,0.9999657,0.00036939266,0.008273919,-0.00030150538,0.0,0.0,0.0
410198.0,1,1,0.99996585,0.00036777175,0.008259457,-0.00032009667,0.0,0.0,0.0
410199.0,1,1,0.9999659,0.00036907464,0.0082499925,-0.0003361136,0.0,0.0,0.0
410200.0,1,1,0.999966,0.00036042582,0.008235308,-0.00034683078,0.0,0.0,0.0
410201.0,1,1,0.99996614,0.0003515996,0.008223592,-0.00036018805,0.0,0.0,0.0
410202.0,1,1,0.9999662,0.0003479698,0.008217512,-0.00037352144,0.0,0.0,0.0
410203.0,1,1,0.99996626,0.00034701003,0.008208599,-0.00038953908,0.0,0.0,0.0
410204.0,1,1,0.9999664,0.00034339278,0.008194731,-0.00040554456,0.0,0.0,0.0
410205.0,1,1,0.9999663,0.00033976426,0.008186276,-0.00042689237,0.0,0.0,0.0
410206.0,1,1,0.9999665,0.00035460785,0.008170093,-0.00044566888,0.0,0.0,0.0
410207.0,1,1,0.9999667,0.00038242858,0.0081470935,-0.0004618545,0.0,0.0,0.0
410208.0,1,1,0.9999668,0.000401616,0.008132389,-0.00048332123,0.0,0.0,0.0
410209.0,1,1,0.9999668,0.00040910437,0.0081275785,-0.00050710933,0.0,0.0,0.0
410210.0,1,1,0.9999668,0.00041728353,0.0081248665,-0.00052569504,0.0,0.0,0.0
410211.0,1,1,0.9999668,0.00041256705,0.008124805,-0.00053897116,0.0,0.0,0.0
410212.0,1,1,0.9999668,0.00041087816,0.008122103,-0.000541643,0.0,0.0,0.0
410213.0,1,1,0.9999669,0.0004116228,0.008109294,-0.00054695783,0.0,0.0,0.0
410214.0,1,1,0.999967,0.0004125602,0.00809996,-0.00055497757,0.0,0.0,0.0
410215.0,1,1,0.999967,0.0004107835,0.008096035,-0.0005683101,0.0,0.0,0.0
410216.0,1,1,0.999967,0.0004087705,0.008095051,-0.0005868844,0.0,0.0,0.0
410217.0,1,1,0.99996704,0.0004145654,0.008086058,-0.0006028592,0.0,0.0,0.0
410218.0,1,1,0.99996716,0.00042294792,0.008074887,-0.0006215123,0.0,0.0,0.0
410219.0,1,1,0.9999672,0.00042373603,0.008064196,-0.0006348463,0.0,0.0,0.0
410220.0,1,1,0.9999673,0.00042183272,0.008058628,-0.0006508261,0.0,0.0,0.0
410221.0,1,1,0.9999673,0.0004197703,0.008055527,-0.000661433,0.0,0.0,0.0
410222.0,1,1,0.9999673,0.00041769448,0.008057378,-0.0006773745,0.0,0.0,0.0
410223.0,1,1,0.9999672,0.00041585023,0.008063715,-0.0006959985,0.0,0.0,0.0
410224.0,1,1,0.9999671,0.0004060288,0.008080305,-0.0007146024,0.0,0.0,0.0
410225.0,1,1,0.99996686,0.00039413478,0.008096081,-0.00072791305,0.0,0.0,0.0
410226.0,1,1,0.9999668,0.00037496182,0.008109269,-0.00074660406,0.0,0.0,0.0
410227.0,1,1,0.99996674,0.0003660208,0.008115157,-0.0007572821,0.0,0.0,0.0
410228.0,1,1,0.9999667,0.00035961517,0.0081209345,-0.0007679355,0.0,0.0,0.0
410229.0,1,1,0.9999666,0.00034853545,0.008128683,-0.00078138144,0.0,0.0,0.0
410230.0,1,1,0.9999665,0.0003351719,0.008144029,-0.0008000332,0.0,0.0,0.0
410231.0,1,1,0.9999664,0.00033455365,0.008159029,-0.00081609807,0.0,0.0,0.0
410232.0,1,1,0.99996626,0.00033884833,0.008171,-0.00082946947,0.0,0.0,0.0
410233.0,1,1,0.9999662,0.00034820853,0.008177892,-0.00084285217,0.0,0.0,0.0
410234.0,1,1,0.99996614,0.00035722897,0.00818,-0.0008561557,0.0,0.0,0.0
410235.0,1,1,0.99996614,0.00036347925,0.0081776185,-0.00087211665,0.0,0.0,0.0
410236.0,1,1,0.9999662,0.00035948353,0.008170175,-0.00088542886,0.0,0.0,0.0
410237.0,1,1,0.9999662,0.00035820194,0.008168189,-0.0008987341,0.0,0.0,0.0
410238.0,1,1,0.9999662,0.0003618471,0.008168859,-0.0009093537,0.0,0.0,0.0
410239.0,1,1,0.9999662,0.00036545398,0.008169252,-0.00091996475,0.0,0.0,0.0
410240.0,1,1,0.9999661,0.00036149763,0.008181662,-0.0009305775,0.0,0.0,0.0
410241.0,1,1,0.99996597,0.00035223848,0.008194015,-0.000941174,0.0,0.0,0.0
410242.0,1,1,0.99996585,0.00034550624,0.008208965,-0.0009544042,0.0,0.0,0.0
410243.0,1,1,0.9999657,0.00033351663,0.008221134,-0.00096759095,0.0,0.0,0.0
410244.0,1,1,0.99996555,0.0003244986,0.008241196,-0.0009861611,0.0,0.0,0.0
410245.0,1,1,0.9999654,0.00031580342,0.008256051,-0.0010021144,0.0,0.0,0.0
410246.0,1,1,0.99996537,0.00030474353,0.008262789,-0.0010180773,0.0,0.0,0.0
410247.0,1,1,0.99996525,0.0002986983,0.0082744565,-0.0010313601,0.0,0.0,0.0
410248.0,1,1,0.99996513,0.0002925089,0.008290975,-0.0010445737,0.0,0.0,0.0
410249.0,1,1,0.99996495,0.00029144462,0.0082992725,-0.001060472,0.0,0.0,0.0
410250.0,1,1,0.9999649,0.0002975095,0.008310392,-0.0010710198,0.0,0.0,0.0
410251.0,1,1,0.9999648,0.00030089807,0.008321496,-0.0010788838,0.0,0.0,0.0
410252.0,1,1,0.99996465,0.0002969456,0.008332095,-0.0010920501,0.0,0.0,0.0
410253.0,1,1,0.99996454,0.00028550628,0.008350333,-0.001102574,0.0,0.0,0.0
410254.0,1,1,0.9999644,0.00027708907,0.00836079,-0.0011104917,0.0,0.0,0.0
410255.0,1,1,0.9999643,0.00026852963,0.0083738165,-0.0011210156,0.0,0.0,0.0
410256.0,1,1,0.99996424,0.00026022634,0.008378998,-0.0011342769,0.0,0.0,0.0
410257.0,1,1,0.9999642,0.00025201554,0.00838433,-0.0011475229,0.0,0.0,0.0
410258.0,1,1,0.9999641,0.00024145145,0.008387149,-0.0011607725,0.0,0.0,0.0
410259.0,1,1,0.99996406,0.0002312227,0.008395195,-0.0011714146,0.0,0.0,0.0
410260.0,1,1,0.999964,0.00021848523,0.008400404,-0.0011767041,0.0,0.0,0.0
410261.0,1,1,0.99996394,0.00021335948,0.008408027,-0.0011873136,0.0,0.0,0.0
410262.0,1,1,0.9999639,0.00021847543,0.008415279,-0.0012005727,0.0,0.0,0.0
410263.0,1,1,0.9999637,0.00022889895,0.008432599,-0.0012112082,0.0,0.0,0.0
410264.0,1,1,0.9999636,0.00022633039,0.0084476685,-0.0012245593,0.0,0.0,0.0
410265.0,1,1,0.99996346,0.00021871753,0.008460026,-0.0012377962,0.0,0.0,0.0
410266.0,1,1,0.9999633,0.00021383275,0.008482491,-0.0012510974,0.0,0.0,0.0
410267.0,1,1,0.99996305,0.00021149014,0.008507245,-0.0012590438,0.0,0.0,0.0
410268.0,1,1,0.99996287,0.00020917096,0.008529275,-0.0012670001,0.0,0.0,0.0
410269.0,1,1,0.99996257,0.00019931277,0.008561349,-0.0012749846,0.0,0.0,0.0
410270.0,1,1,0.99996233,0.00018688872,0.00858992,-0.0012855905,0.0,0.0,0.0
410271.0,1,1,0.9999621,0.00018212365,0.0086032245,-0.001293517,0.0,0.0,0.0
410272.0,1,1,0.99996203,0.00017495747,0.008614229,-0.0013014742,0.0,0.0,0.0
410273.0,1,1,0.9999619,0.000165195,0.008630007,-0.0013120575,0.0,0.0,0.0
410274.0,1,1,0.99996173,0.00016307778,0.008653374,-0.0013226249,0.0,0.0,0.0
410275.0,1,1,0.9999616,0.00015850233,0.008663641,-0.0013358895,0.0,0.0,0.0
410276.0,1,1,0.9999615,0.00014641683,0.0086721415,-0.0013491772,0.0,0.0,0.0
410277.0,1,1,0.9999614,0.00013962314,0.008687821,-0.0013571236,0.0,0.0,0.0
410278.0,1,1,0.99996114,0.00013020451,0.00871051,-0.0013703664,0.0,0.0,0.0
410279.0,1,1,0.9999609,0.000120871264,0.008737856,-0.0013836302,0.0,0.0,0.0
410280.0,1,1,0.9999606,0.00010170046,0.008772606,-0.0013942445,0.0,0.0,0.0
410281.0,1,1,0.99996036,8.027044e-05,0.008801999,-0.0013995711,0.0,0.0,0.0
410282.0,1,1,0.99996,5.6350436e-05,0.008831034,-0.0014075387,0.0,0.0,0.0
410283.0,1,1,0.99995977,3.5354096e-05,0.00885719,-0.0014181687,0.0,0.0,0.0
410284.0,1,1,0.9999596,1.9826359e-05,0.0088755125,-0.0014288746,0.0,0.0,0.0
410285.0,1,1,0.99995947,4.0139685e-06,0.008891468,-0.0014394724,0.0,0.0,0.0
410286.0,1,1,0.9999593,-1.4092765e-05,0.0089128725,-0.0014500954,0.0,0.0,0.0
410287.0,1,1,0.9999591,-3.4817298e-05,0.008929405,-0.0014526546,0.0,0.0,0.0
410288.0,1,1,0.999959,-4.7900245e-05,0.008942392,-0.001463191,0.0,0.0,0.0
410289.0,1,1,0.9999588,-5.571741e-05,0.008962969,-0.0014737161,0.0,0.0,0.0
410290.0,1,1,0.9999586,-6.6310524e-05,0.008988671,-0.0014815177,0.0,0.0,0.0
410291.0,1,1,0.99995834,-8.193613e-05,0.009013906,-0.0014919884,0.0,0.0,0.0
410292.0,1,1,0.99995804,-0.00010467997,0.009043893,-0.001502501,0.0,0.0,0.0
410293.0,1,1,0.9999576,-0.00012450741,0.009078662,-0.0015077245,0.0,0.0,0.0
410294.0,1,1,0.9999573,-0.00014169076,0.009115463,-0.0015129239,0.0,0.0,0.0
410295.0,1,1,0.9999569,-0.00016383712,0.009161281,-0.0015234371,0.0,0.0,0.0
410296.0,1,1,0.99995655,-0.00017307544,0.009201275,-0.0015286097,0.0,0.0,0.0
410297.0,1,1,0.9999563,-0.00018734798,0.009225952,-0.001533779,0.0,0.0,0.0
410298.0,1,1,0.99995613,-0.00020370889,0.0092456,-0.0015390198,0.0,0.0,0.0
410299.0,1,1,0.999956,-0.00021437582,0.009255004,-0.0015443583,0.0,0.0,0.0
410300.0,1,1,0.99995583,-0.00021782001,0.009272438,-0.001549578,0.0,0.0,0.0
410301.0,1,1,0.9999556,-0.00022457045,0.009297065,-0.0015573008,0.0,0.0,0.0
410302.0,1,1,0.9999553,-0.00023855522,0.009328711,-0.0015677364,0.0,0.0,0.0
410303.0,1,1,0.999955,-0.00024929002,0.009361692,-0.0015756387,0.0,0.0,0.0
410304.0,1,1,0.99995476,-0.00026233433,0.009383695,-0.0015808915,0.0,0.0,0.0
410305.0,1,1,0.9999545,-0.00027763945,0.0094063375,-0.0015808438,0.0,0.0,0.0
410306.0,1,1,0.99995434,-0.00029797395,0.009423844,-0.001586125,0.0,0.0,0.0
410307.0,1,1,0.99995416,-0.00032100675,0.009440875,-0.0015966396,0.0,0.0,0.0
410308.0,1,1,0.9999538,-0.00034356327,0.009467331,-0.0016018876,0.0,0.0,0.0
410309.0,1,1,0.9999536,-0.0003651998,0.009493597,-0.0016071772,0.0,0.0,0.0
410310.0,1,1,0.9999535,-0.0003813531,0.00950489,-0.0016125189,0.0,0.0,0.0
410311.0,1,1,0.9999534,-0.0003900863,0.009516326,-0.0016205458,0.0,0.0,0.0
410312.0,1,1,0.99995327,-0.0003887065,0.009527374,-0.0016258704,0.0,0.0,0.0
410313.0,1,1,0.99995315,-0.00039002887,0.0095356,-0.001633835,0.0,0.0,0.0
410314.0,1,1,0.9999531,-0.00039115114,0.009540852,-0.0016445019,0.0,0.0,0.0
410315.0,1,1,0.999953,-0.00039734066,0.009553912,-0.0016525063,0.0,0.0,0.0
410316.0,1,1,0.99995285,-0.00039859937,0.009564771,-0.0016631387,0.0,0.0,0.0
410317.0,1,1,0.99995273,-0.00039449774,0.009572915,-0.0016711451,0.0,0.0,0.0
410318.0,1,1,0.9999526,-0.00039267653,0.009580499,-0.0016819,0.0,0.0,0.0
410319.0,1,1,0.99995255,-0.0003935219,0.009587812,-0.001689949,0.0,0.0,0.0
410320.0,1,1,0.9999524,-0.0003916905,0.0096022105,-0.0016980356,0.0,0.0,0.0
410321.0,1,1,0.99995226,-0.00039433799,0.0096157985,-0.0017088118,0.0,0.0,0.0
410322.0,1,1,0.9999521,-0.00039433196,0.009629031,-0.001722264,0.0,0.0,0.0
410323.0,1,1,0.999952,-0.00039236608,0.009634603,-0.001735714,0.0,0.0,0.0
410324.0,1,1,0.9999521,-0.0003904032,0.009628215,-0.0017465013,0.0,0.0,0.0
410325.0,1,1,0.9999522,-0.00039136803,0.009614843,-0.001757217,0.0,0.0,0.0
410326.0,1,1,0.9999523,-0.00038703062,0.0095989555,-0.0017706717,0.0,0.0,0.0
410327.0,1,1,0.9999523,-0.00037493405,0.009595841,-0.0017814555,0.0,0.0,0.0
410328.0,1,1,0.9999523,-0.0003683245,0.009597743,-0.0018002134,0.0,0.0,0.0
410329.0,1,1,0.9999524,-0.0003595116,0.009589323,-0.0018108793,0.0,0.0,0.0
410330.0,1,1,0.99995244,-0.00035610207,0.009578666,-0.0018215169,0.0,0.0,0.0
410331.0,1,1,0.99995244,-0.00035278886,0.00957579,-0.0018401226,0.0,0.0,0.0
410332.0,1,1,0.99995244,-0.00034697412,0.009575127,-0.0018507417,0.0,0.0,0.0
410333.0,1,1,0.9999524,-0.00033634543,0.009577047,-0.0018612774,0.0,0.0,0.0
410334.0,1,1,0.99995226,-0.00033338892,0.009586669,-0.001879853,0.0,0.0,0.0
410335.0,1,1,0.9999521,-0.0003377531,0.0096003255,-0.0018958133,0.0,0.0,0.0
410336.0,1,1,0.99995196,-0.00033957863,0.0096133165,-0.001906422,0.0,0.0,0.0
410337.0,1,1,0.99995184,-0.00033850461,0.00962647,-0.001917124,0.0,0.0,0.0
410338.0,1,1,0.99995166,-0.00033990236,0.009632906,-0.0019278454,0.0,0.0,0.0
410339.0,1,1,0.9999517,-0.00034657223,0.009631478,-0.0019331888,0.0,0.0,0.0
410340.0,1,1,0.9999517,-0.00035564095,0.009630059,-0.0019412095,0.0,0.0,0.0
410341.0,1,1,0.99995166,-0.00036471788,0.009633077,-0.001957244,0.0,0.0,0.0
410342.0,1,1,0.99995166,-0.0003712382,0.009631437,-0.0019705733,0.0,0.0,0.0
410343.0,1,1,0.9999518,-0.00036748152,0.009619799,-0.001981234,0.0,0.0,0.0
410344.0,1,1,0.9999519,-0.00036906,0.009606028,-0.0019892016,0.0,0.0,0.0
410345.0,1,1,0.999952,-0.0003726557,0.009589695,-0.0019999412,0.0,0.0,0.0
410346.0,1,1,0.9999521,-0.00037817363,0.00957855,-0.002013348,0.0,0.0,0.0
410347.0,1,1,0.99995214,-0.000384544,0.009569844,-0.0020240133,0.0,0.0,0.0
410348.0,1,1,0.99995226,-0.00037287344,0.009558678,-0.0020347282,0.0,0.0,0.0
410349.0,1,1,0.99995226,-0.00036644604,0.009555294,-0.0020480866,0.0,0.0,0.0
410350.0,1,1,0.9999522,-0.00037296987,0.0095587,-0.002064072,0.0,0.0,0.0
410351.0,1,1,0.99995214,-0.00037675234,0.009562205,-0.002077411,0.0,0.0,0.0
410352.0,1,1,0.9999521,-0.00037803847,0.009563272,-0.0020880809,0.0,0.0,0.0
410353.0,1,1,0.9999521,-0.00037936794,0.009558693,-0.002104055,0.0,0.0,0.0
410354.0,1,1,0.9999521,-0.00037780308,0.009553925,-0.0021201298,0.0,0.0,0.0
410355.0,1,1,0.99995214,-0.00038329,0.009547046,-0.0021308854,0.0,0.0,0.0
410356.0,1,1,0.99995226,-0.00038166007,0.009533458,-0.0021416245,0.0,0.0,0.0
410357.0,1,1,0.99995244,-0.00037277528,0.0095099835,-0.002154943,0.0,0.0,0.0
410358.0,1,1,0.99995255,-0.00036657823,0.009494444,-0.0021656011,0.0,0.0,0.0
410359.0,1,1,0.9999526,-0.00037066836,0.009483963,-0.0021789088,0.0,0.0,0.0
410360.0,1,1,0.9999527,-0.00036941734,0.009473518,-0.0021949313,0.0,0.0,0.0
410361.0,1,1,0.9999527,-0.00037322988,0.009471085,-0.0022082792,0.0,0.0,0.0
410362.0,1,1,0.99995273,-0.00037608948,0.0094631035,-0.0022217364,0.0,0.0,0.0
410363.0,1,1,0.9999528,-0.00038497135,0.009455474,-0.0022350957,0.0,0.0,0.0
410364.0,1,1,0.99995273,-0.00038890782,0.009448383,-0.0022510556,0.0,0.0,0.0
410365.0,1,1,0.99995273,-0.00039037885,0.009446481,-0.0022696517,0.0,0.0,0.0
410366.0,1,1,0.9999527,-0.00038688406,0.009449458,-0.0022828914,0.0,0.0,0.0
410367.0,1,1,0.9999526,-0.00038098983,0.0094547905,-0.0022987782,0.0,0.0,0.0
410368.0,1,1,0.99995255,-0.00037981733,0.009457887,-0.0023147499,0.0,0.0,0.0
410369.0,1,1,0.9999525,-0.00038373354,0.009460954,-0.002328064,0.0,0.0,0.0
410370.0,1,1,0.9999524,-0.00039270907,0.009469055,-0.002341381,0.0,0.0,0.0
410371.0,1,1,0.99995226,-0.0004015783,0.009476969,-0.002354679,0.0,0.0,0.0
410372.0,1,1,0.9999522,-0.00040309184,0.0094774235,-0.0023705887,0.0,0.0,0.0
410373.0,1,1,0.99995214,-0.00040727176,0.0094783455,-0.0023891474,0.0,0.0,0.0
410374.0,1,1,0.9999521,-0.000415976,0.009484237,-0.002399788,0.0,0.0,0.0
410375.0,1,1,0.99995196,-0.0004262782,0.009492129,-0.0024051678,0.0,0.0,0.0
410376.0,1,1,0.9999519,-0.00044186533,0.009497253,-0.0024131702,0.0,0.0,0.0
410377.0,1,1,0.99995184,-0.00044739482,0.009502757,-0.002426542,0.0,0.0,0.0
410378.0,1,1,0.9999518,-0.00044756115,0.009508043,-0.002439973,0.0,0.0,0.0
410379.0,1,1,0.99995166,-0.00045323215,0.009519882,-0.0024506436,0.0,0.0,0.0
410380.0,1,1,0.9999514,-0.00046169927,0.009531555,-0.0024585705,0.0,0.0,0.0
410381.0,1,1,0.99995136,-0.00046991245,0.0095384335,-0.0024718565,0.0,0.0,0.0
410382.0,1,1,0.9999513,-0.00047717174,0.009537652,-0.0024879235,0.0,0.0,0.0
410383.0,1,1,0.99995124,-0.00048236153,0.009542406,-0.0025012912,0.0,0.0,0.0
410384.0,1,1,0.9999512,-0.00048525905,0.009547129,-0.0025119316,0.0,0.0,0.0
410385.0,1,1,0.99995106,-0.0004883662,0.009554201,-0.0025251876,0.0,0.0,0.0
410386.0,1,1,0.999951,-0.0004885793,0.0095583955,-0.0025411842,0.0,0.0,0.0
410387.0,1,1,0.999951,-0.00049650634,0.009557416,-0.0025518087,0.0,0.0,0.0
410388.0,1,1,0.999951,-0.000501969,0.009551312,-0.0025650992,0.0,0.0,0.0
410389.0,1,1,0.99995095,-0.0005049169,0.00955314,-0.0025783647,0.0,0.0,0.0
410390.0,1,1,0.9999508,-0.00051536935,0.009559957,-0.002591635,0.0,0.0,0.0
410391.0,1,1,0.99995065,-0.00052298146,0.00957642,-0.0025996042,0.0,0.0,0.0
410392.0,1,1,0.9999505,-0.0005306063,0.009585565,-0.002615558,0.0,0.0,0.0
410393.0,1,1,0.9999505,-0.0005379389,0.009584363,-0.0026289157,0.0,0.0,0.0
410394.0,1,1,0.99995047,-0.0005451861,0.009588303,-0.0026422597,0.0,0.0,0.0
410395.0,1,1,0.9999504,-0.00055699085,0.009589793,-0.0026555925,0.0,0.0,0.0
410396.0,1,1,0.99995047,-0.0005711873,0.009576146,-0.0026689698,0.0,0.0,0.0
410397.0,1,1,0.9999506,-0.0005825786,0.00956092,-0.002682357,0.0,0.0,0.0
410398.0,1,1,0.9999506,-0.0005965072,0.009555577,-0.002695716,0.0,0.0,0.0
410399.0,1,1,0.9999505,-0.00060055405,0.009557712,-0.0027090893,0.0,0.0,0.0
410400.0,1,1,0.99995047,-0.00060233666,0.009559547,-0.0027223977,0.0,0.0,0.0
410401.0,1,1,0.99995035,-0.00060625677,0.009568943,-0.0027304445,0.0,0.0,0.0
410402.0,1,1,0.9999502,-0.0006172256,0.0095831165,-0.0027438127,0.0,0.0,0.0
410403.0,1,1,0.99995,-0.0006183645,0.00959647,-0.0027545365,0.0,0.0,0.0
410404.0,1,1,0.9999499,-0.00062486634,0.009605312,-0.0027678993,0.0,0.0,0.0
410405.0,1,1,0.9999498,-0.00063131965,0.009604222,-0.0027812498,0.0,0.0,0.0
410406.0,1,1,0.99994975,-0.0006352285,0.009605714,-0.002791916,0.0,0.0,0.0
410407.0,1,1,0.99994963,-0.0006419087,0.009616836,-0.0027998153,0.0,0.0,0.0
410408.0,1,1,0.99994946,-0.0006481204,0.009629646,-0.0028105013,0.0,0.0,0.0
410409.0,1,1,0.9999494,-0.000653589,0.009635368,-0.0028212136,0.0,0.0,0.0
410410.0,1,1,0.9999493,-0.0006572949,0.009641456,-0.0028345294,0.0,0.0,0.0
410411.0,1,1,0.99994934,-0.0006534149,0.009637203,-0.0028451674,0.0,0.0,0.0
410412.0,1,1,0.99994934,-0.0006571522,0.009630326,-0.002858492,0.0,0.0,0.0
410413.0,1,1,0.9999493,-0.0006732803,0.00963368,-0.0028718456,0.0,0.0,0.0
410414.0,1,1,0.99994916,-0.00067846547,0.009639256,-0.0028851414,0.0,0.0,0.0
410415.0,1,1,0.99994916,-0.0006790425,0.00963721,-0.0028985313,0.0,0.0,0.0
410416.0,1,1,0.9999491,-0.00068250665,0.009637732,-0.0029118552,0.0,0.0,0.0
410417.0,1,1,0.99994904,-0.00069102814,0.0096381465,-0.0029224993,0.0,0.0,0.0
410418.0,1,1,0.99994904,-0.00069873437,0.00963898,-0.0029305383,0.0,0.0,0.0
410419.0,1,1,0.999949,-0.0007091032,0.009637313,-0.002946527,0.0,0.0,0.0
410420.0,1,1,0.999949,-0.00070942636,0.0096353125,-0.0029625855,0.0,0.0,0.0
410421.0,1,1,0.99994886,-0.00070504687,0.0096460385,-0.002978534,0.0,0.0,0.0
410422.0,1,1,0.9999486,-0.0007057775,0.009656724,-0.0029918465,0.0,0.0,0.0
410423.0,1,1,0.9999486,-0.0007140362,0.0096595725,-0.0030024885,0.0,0.0,0.0
410424.0,1,1,0.99994856,-0.00071955513,0.009663081,-0.003013171,0.0,0.0,0.0
410425.0,1,1,0.9999485,-0.00071989786,0.009666331,-0.0030211988,0.0,0.0,0.0
410426.0,1,1,0.9999483,-0.0007182604,0.009679483,-0.0030343975,0.0,0.0,0.0
410427.0,1,1,0.9999482,-0.0007170563,0.009687153,-0.0030448579,0.0,0.0,0.0
410428.0,1,1,0.9999481,-0.000717842,0.00969718,-0.0030554386,0.0,0.0,0.0
410429.0,1,1,0.9999479,-0.00072081195,0.00970941,-0.0030660885,0.0,0.0,0.0
410430.0,1,1,0.9999478,-0.0007188506,0.0097219255,-0.0030740201,0.0,0.0,0.0
410431.0,1,1,0.99994755,-0.00071673276,0.009742228,-0.003090024,0.0,0.0,0.0
410432.0,1,1,0.99994737,-0.000717083,0.00975442,-0.0031033494,0.0,0.0,0.0
410433.0,1,1,0.99994713,-0.0007198823,0.0097738225,-0.003116796,0.0,0.0,0.0
410434.0,1,1,0.9999469,-0.000729595,0.009797533,-0.0031248,0.0,0.0,0.0
410435.0,1,1,0.9999468,-0.00073641684,0.009808141,-0.0031329163,0.0,0.0,0.0
410436.0,1,1,0.9999467,-0.0007356821,0.009811647,-0.0031463546,0.0,0.0,0.0
410437.0,1,1,0.9999466,-0.0007305756,0.009810164,-0.0031597372,0.0,0.0,0.0
410438.0,1,1,0.9999466,-0.00073080836,0.0098113585,-0.003170417,0.0,0.0,0.0
410439.0,1,1,0.9999465,-0.00073373277,0.009819929,-0.0031863812,0.0,0.0,0.0
410440.0,1,1,0.9999464,-0.0007364009,0.009820784,-0.0031997475,0.0,0.0,0.0
410441.0,1,1,0.9999463,-0.00073900784,0.009829521,-0.0032131143,0.0,0.0,0.0
410442.0,1,1,0.9999461,-0.00073890423,0.009845688,-0.0032265026,0.0,0.0,0.0
410443.0,1,1,0.99994606,-0.0007365912,0.009851203,-0.0032371432,0.0,0.0,0.0
410444.0,1,1,0.99994594,-0.0007340597,0.009859554,-0.0032478615,0.0,0.0,0.0
410445.0,1,1,0.9999459,-0.00074105145,0.009862622,-0.0032559345,0.0,0.0,0.0
410446.0,1,1,0.9999458,-0.00074514106,0.009862974,-0.0032667625,0.0,0.0,0.0
410447.0,1,1,0.9999457,-0.0007518403,0.009868545,-0.003280194,0.0,0.0,0.0
410448.0,1,1,0.9999456,-0.00075867615,0.009878941,-0.0032909343,0.0,0.0,0.0
410449.0,1,1,0.99994534,-0.00076571427,0.009885625,-0.003304288,0.0,0.0,0.0
410450.0,1,1,0.9999453,-0.000768089,0.009893146,-0.0033203012,0.0,0.0,0.0
410451.0,1,1,0.99994516,-0.0007730529,0.009901313,-0.0033309788,0.0,0.0,0.0
410452.0,1,1,0.9999451,-0.00077573495,0.009906709,-0.0033389197,0.0,0.0,0.0
410453.0,1,1,0.999945,-0.00077846646,0.009911806,-0.003354853,0.0,0.0,0.0
410454.0,1,1,0.99994487,-0.000783359,0.009917171,-0.0033681754,0.0,0.0,0.0
410455.0,1,1,0.9999448,-0.00078439526,0.009920057,-0.0033790346,0.0,0.0,0.0
410456.0,1,1,0.99994475,-0.00078587973,0.0099200765,-0.003392445,0.0,0.0,0.0
410457.0,1,1,0.99994457,-0.0007909388,0.00993504,-0.0034110541,0.0,0.0,0.0
410458.0,1,1,0.9999443,-0.0007905751,0.009954233,-0.0034270664,0.0,0.0,0.0
410459.0,1,1,0.9999442,-0.00079038856,0.009965524,-0.0034350082,0.0,0.0,0.0
410460.0,1,1,0.99994403,-0.0007953682,0.009976825,-0.0034482987,0.0,0.0,0.0
410461.0,1,1,0.99994373,-0.0008020452,0.009990451,-0.0034643202,0.0,0.0,0.0
410462.0,1,1,0.9999437,-0.0008110427,0.009998737,-0.003475022,0.0,0.0,0.0
410463.0,1,1,0.9999435,-0.00082624925,0.01001238,-0.003488255,0.0,0.0,0.0
410464.0,1,1,0.99994326,-0.00083354744,0.010028584,-0.0035041682,0.0,0.0,0.0
410465.0,1,1,0.9999431,-0.0008354406,0.010039133,-0.0035174487,0.0,0.0,0.0
410466.0,1,1,0.9999429,-0.0008441201,0.010054905,-0.0035281633,0.0,0.0,0.0
410467.0,1,1,0.9999427,-0.0008500284,0.010067791,-0.0035362353,0.0,0.0,0.0
410468.0,1,1,0.9999426,-0.0008560616,0.010080711,-0.0035415913,0.0,0.0,0.0
410469.0,1,1,0.9999425,-0.00085257244,0.010090761,-0.00354957,0.0,0.0,0.0
410470.0,1,1,0.9999423,-0.00085452804,0.010103941,-0.003568139,0.0,0.0,0.0
410471.0,1,1,0.99994195,-0.0008612904,0.010124074,-0.0035841204,0.0,0.0,0.0
410472.0,1,1,0.99994177,-0.0008654663,0.010141342,-0.0035920606,0.0,0.0,0.0
410473.0,1,1,0.9999415,-0.0008722709,0.010161242,-0.0035999964,0.0,0.0,0.0
410474.0,1,1,0.9999414,-0.0008861222,0.010170401,-0.0036132506,0.0,0.0,0.0
410475.0,1,1,0.9999412,-0.0009047208,0.01018553,-0.0036265834,0.0,0.0,0.0
410476.0,1,1,0.999941,-0.0009180619,0.010197098,-0.0036372119,0.0,0.0,0.0
410477.0,1,1,0.9999408,-0.0009288231,0.010210909,-0.003647829,0.0,0.0,0.0
410478.0,1,1,0.9999407,-0.0009419335,0.010219491,-0.0036611287,0.0,0.0,0.0
410479.0,1,1,0.99994063,-0.0009498333,0.010218902,-0.003671797,0.0,0.0,0.0
410480.0,1,1,0.9999406,-0.0009706175,0.0102187125,-0.0036903978,0.0,0.0,0.0
410481.0,1,1,0.99994045,-0.0009780385,0.010225735,-0.0037011113,0.0,0.0,0.0
410482.0,1,1,0.9999404,-0.0009811624,0.010229286,-0.0037090422,0.0,0.0,0.0
410483.0,1,1,0.99994034,-0.000984519,0.01022837,-0.0037222581,0.0,0.0,0.0
410484.0,1,1,0.9999403,-0.0009956235,0.010227575,-0.0037381107,0.0,0.0,0.0
410485.0,1,1,0.9999402,-0.0010056959,0.010223877,-0.003754057,0.0,0.0,0.0
410486.0,1,1,0.9999402,-0.0010127922,0.010219778,-0.0037700746,0.0,0.0,0.0
410487.0,1,1,0.9999401,-0.001019773,0.010222997,-0.0037834463,0.0,0.0,0.0
410488.0,1,1,0.99994,-0.0010293369,0.010228449,-0.0037967581,0.0,0.0,0.0
410489.0,1,1,0.99993986,-0.0010337218,0.010233548,-0.0038127226,0.0,0.0,0.0
410490.0,1,1,0.99993974,-0.0010334121,0.010241037,-0.0038260613,0.0,0.0,0.0
410491.0,1,1,0.9999396,-0.0010411364,0.010243628,-0.0038419538,0.0,0.0,0.0
410492.0,1,1,0.9999397,-0.0010478938,0.010233234,-0.0038579423,0.0,0.0,0.0
410493.0,1,1,0.99993974,-0.0010518902,0.010222822,-0.0038713112,0.0,0.0,0.0
410494.0,1,1,0.99993974,-0.0010533975,0.01021494,-0.003884644,0.0,0.0,0.0
410495.0,1,1,0.99993974,-0.0010573051,0.01021281,-0.0038953628,0.0,0.0,0.0
410496.0,1,1,0.99993974,-0.0010638435,0.010208795,-0.0039060372,0.0,0.0,0.0
410497.0,1,1,0.9999397,-0.0010677137,0.010206741,-0.003922088,0.0,0.0,0.0
410498.0,1,1,0.9999396,-0.0010715332,0.010204439,-0.0039380975,0.0,0.0,0.0
410499.0,1,1,0.9999397,-0.0010830823,0.010194329,-0.003951432,0.0,0.0,0.0
410500.0,1,1,0.99993974,-0.0010889404,0.010182686,-0.003962228,0.0,0.0,0.0
410501.0,1,1,0.99993986,-0.0010925746,0.010163784,-0.00397561,0.0,0.0,0.0
410502.0,1,1,0.9999399,-0.0010920045,0.010152785,-0.003991562,0.0,0.0,0.0
410503.0,1,1,0.99994004,-0.0010938114,0.0101393,-0.0039995485,0.0,0.0,0.0
410504.0,1,1,0.99994004,-0.0010999946,0.01013353,-0.0040102364,0.0,0.0,0.0
410505.0,1,1,0.9999399,-0.0011062924,0.010139518,-0.004020854,0.0,0.0,0.0
410506.0,1,1,0.9999398,-0.0011152445,0.01014545,-0.004036776,0.0,0.0,0.0
410507.0,1,1,0.99993974,-0.0011187764,0.010144638,-0.0040501165,0.0,0.0,0.0
410508.0,1,1,0.99993974,-0.0011244664,0.010139137,-0.0040608533,0.0,0.0,0.0
410509.0,1,1,0.9999397,-0.001135218,0.0101383785,-0.0040716035,0.0,0.0,0.0
410510.0,1,1,0.99993956,-0.001145857,0.010141913,-0.0040823203,0.0,0.0,0.0
410511.0,1,1,0.9999394,-0.001161978,0.010153605,-0.004095615,0.0,0.0,0.0
410512.0,1,1,0.9999393,-0.0011701674,0.010158027,-0.004106278,0.0,0.0,0.0
410513.0,1,1,0.9999393,-0.0011754188,0.0101517355,-0.004119659,0.0,0.0,0.0
410514.0,1,1,0.99993926,-0.0011912135,0.010150952,-0.0041302973,0.0,0.0,0.0
410515.0,1,1,0.99993914,-0.0012016876,0.010157763,-0.004138257,0.0,0.0,0.0
410516.0,1,1,0.999939,-0.0012050486,0.010166299,-0.004148873,0.0,0.0,0.0
410517.0,1,1,0.99993885,-0.0012112594,0.010178335,-0.0041620783,0.0,0.0,0.0
410518.0,1,1,0.99993867,-0.001216417,0.010190198,-0.0041700564,0.0,0.0,0.0
410519.0,1,1,0.9999385,-0.0012262594,0.010198511,-0.0041861013,0.0,0.0,0.0
410520.0,1,1,0.99993837,-0.0012355341,0.010206787,-0.004196935,0.0,0.0,0.0
410521.0,1,1,0.9999382,-0.001244946,0.010219939,-0.00420771,0.0,0.0,0.0
410522.0,1,1,0.999938,-0.0012520874,0.0102332495,-0.004221077,0.0,0.0,0.0
410523.0,1,1,0.9999379,-0.0012565348,0.010241357,-0.004234487,0.0,0.0,0.0
410524.0,1,1,0.9999377,-0.0012634012,0.010249323,-0.004250567,0.0,0.0,0.0
410525.0,1,1,0.9999375,-0.0012650774,0.01025722,-0.0042639794,0.0,0.0,0.0
410526.0,1,1,0.99993736,-0.0012669684,0.010264906,-0.0042773387,0.0,0.0,0.0
410527.0,1,1,0.9999372,-0.0012663521,0.010280045,-0.0042906995,0.0,0.0,0.0
410528.0,1,1,0.99993706,-0.0012577564,0.01028709,-0.004301436,0.0,0.0,0.0
410529.0,1,1,0.999937,-0.0012517005,0.010292424,-0.0043148827,0.0,0.0,0.0
410530.0,1,1,0.9999369,-0.0012486023,0.0102976635,-0.004330941,0.0,0.0,0.0
410531.0,1,1,0.99993676,-0.001243562,0.01030194,-0.004344289,0.0,0.0,0.0
410532.0,1,1,0.9999366,-0.0012429106,0.010313983,-0.004355007,0.0,0.0,0.0
410533.0,1,1,0.99993646,-0.00124231,0.010320762,-0.004368404,0.0,0.0,0.0
410534.0,1,1,0.99993634,-0.0012372634,0.01033025,-0.004379108,0.0,0.0,0.0
410535.0,1,1,0.9999363,-0.0012395612,0.010332509,-0.004389761,0.0,0.0,0.0
410536.0,1,1,0.99993616,-0.0012440567,0.010337351,-0.0044031614,0.0,0.0,0.0
410537.0,1,1,0.99993604,-0.0012511527,0.010344634,-0.004413886,0.0,0.0,0.0
410538.0,1,1,0.9999358,-0.001258188,0.010351943,-0.004424584,0.0,0.0,0.0
410539.0,1,1,0.9999357,-0.0012702921,0.010361824,-0.0044379756,0.0,0.0,0.0
410540.0,1,1,0.99993557,-0.0012819835,0.010366618,-0.00444608,0.0,0.0,0.0
410541.0,1,1,0.9999356,-0.0012860489,0.010361291,-0.004451517,0.0,0.0,0.0
410542.0,1,1,0.9999355,-0.0012835151,0.010366409,-0.0044648014,0.0,0.0,0.0
410543.0,1,1,0.9999352,-0.0012835995,0.0103866365,-0.0044780704,0.0,0.0,0.0
410544.0,1,1,0.9999349,-0.0012853462,0.01041305,-0.0044887257,0.0,0.0,0.0
410545.0,1,1,0.9999346,-0.0012893259,0.0104339905,-0.004502118,0.0,0.0,0.0
410546.0,1,1,0.99993455,-0.0012935643,0.01043278,-0.00451283,0.0,0.0,0.0
410547.0,1,1,0.99993455,-0.0012833801,0.010429666,-0.004520785,0.0,0.0,0.0
410548.0,1,1,0.9999344,-0.0012888033,0.010441822,-0.004534038,0.0,0.0,0.0
410549.0,1,1,0.99993396,-0.0012979913,0.010475912,-0.004544714,0.0,0.0,0.0
410550.0,1,1,0.99993366,-0.0013044557,0.010501781,-0.0045527536,0.0,0.0,0.0
410551.0,1,1,0.99993336,-0.0013086583,0.010523423,-0.0045607565,0.0,0.0,0.0
410552.0,1,1,0.9999331,-0.0013134881,0.010545047,-0.004568701,0.0,0.0,0.0
410553.0,1,1,0.9999327,-0.0013184854,0.0105792405,-0.004581952,0.0,0.0,0.0
410554.0,1,1,0.9999322,-0.0013285051,0.010617259,-0.0045951684,0.0,0.0,0.0
410555.0,1,1,0.9999318,-0.0013403671,0.010649723,-0.004603083,0.0,0.0,0.0
410556.0,1,1,0.99993145,-0.0013425602,0.010681804,-0.00460827,0.0,0.0,0.0
410557.0,1,1,0.999931,-0.0013447086,0.010724153,-0.0046161297,0.0,0.0,0.0
410558.0,1,1,0.99993044,-0.0013543947,0.010771096,-0.004626666,0.0,0.0,0.0
410559.0,1,1,0.99992996,-0.0013659783,0.010809541,-0.004637227,0.0,0.0,0.0
410560.0,1,1,0.9999295,-0.0013774288,0.0108375,-0.0046477714,0.0,0.0,0.0
410561.0,1,1,0.9999292,-0.00139219,0.010861053,-0.0046582865,0.0,0.0,0.0
410562.0,1,1,0.9999289,-0.00140934,0.010891165,-0.0046607484,0.0,0.0,0.0
410563.0,1,1,0.9999285,-0.0014382133,0.010927393,-0.0046605873,0.0,0.0,0.0
410564.0,1,1,0.99992794,-0.0014561972,0.010963948,-0.0046605463,0.0,0.0,0.0
410565.0,1,1,0.9999277,-0.0014791401,0.010985009,-0.0046631778,0.0,0.0,0.0
410566.0,1,1,0.99992746,-0.0014994917,0.011003537,-0.0046711247,0.0,0.0,0.0
410567.0,1,1,0.9999271,-0.0015120639,0.011031522,-0.004681686,0.0,0.0,0.0
410568.0,1,1,0.99992675,-0.0015291352,0.011059023,-0.004689688,0.0,0.0,0.0
410569.0,1,1,0.99992645,-0.001546281,0.011083929,-0.0046949796,0.0,0.0,0.0
410570.0,1,1,0.999926,-0.0015584164,0.011117899,-0.004708184,0.0,0.0,0.0
410571.0,1,1,0.9999255,-0.0015799331,0.011153565,-0.00471886,0.0,0.0,0.0
410572.0,1,1,0.999925,-0.00160369,0.011181276,-0.004726913,0.0,0.0,0.0
410573.0,1,1,0.9999247,-0.0016301477,0.011201809,-0.004734899,0.0,0.0,0.0
410574.0,1,1,0.9999244,-0.0016511572,0.011222505,-0.004740224,0.0,0.0,0.0
410575.0,1,1,0.99992424,-0.0016620801,0.011237988,-0.004748164,0.0,0.0,0.0
410576.0,1,1,0.999924,-0.001680734,0.011253136,-0.004756067,0.0,0.0,0.0
410577.0,1,1,0.9999236,-0.0016961542,0.011285069,-0.0047613634,0.0,0.0,0.0
410578.0,1,1,0.99992317,-0.0017088265,0.0113163125,-0.0047693467,0.0,0.0,0.0
410579.0,1,1,0.9999228,-0.0017211993,0.011342563,-0.0047800457,0.0,0.0,0.0
410580.0,1,1,0.99992263,-0.0017335205,0.011351466,-0.004788114,0.0,0.0,0.0
410581.0,1,1,0.9999226,-0.0017457888,0.011352914,-0.004798857,0.0,0.0,0.0
410582.0,1,1,0.99992245,-0.0017630305,0.011356687,-0.0048069167,0.0,0.0,0.0
410583.0,1,1,0.9999222,-0.0017747695,0.011370473,-0.004817671,0.0,0.0,0.0
410584.0,1,1,0.999922,-0.0017812601,0.011386407,-0.004828444,0.0,0.0,0.0
410585.0,1,1,0.99992186,-0.0017801096,0.011393986,-0.0048365095,0.0,0.0,0.0
410586.0,1,1,0.99992174,-0.0017792204,0.011398987,-0.0048471894,0.0,0.0,0.0
410587.0,1,1,0.9999217,-0.001780599,0.011398664,-0.004857929,0.0,0.0,0.0
410588.0,1,1,0.9999216,-0.0017846212,0.011398678,-0.0048660017,0.0,0.0,0.0
410589.0,1,1,0.99992156,-0.0017859214,0.011403021,-0.0048714173,0.0,0.0,0.0
410590.0,1,1,0.9999214,-0.001784383,0.011416853,-0.0048822104,0.0,0.0,0.0
410591.0,1,1,0.9999212,-0.0017905002,0.011424857,-0.0048956806,0.0,0.0,0.0
410592.0,1,1,0.99992114,-0.0017992437,0.011423102,-0.0049091233,0.0,0.0,0.0
410593.0,1,1,0.9999214,-0.0017901211,0.011401541,-0.004917244,0.0,0.0,0.0
410594.0,1,1,0.99992174,-0.0017691666,0.011369592,-0.00492528,0.0,0.0,0.0
410595.0,1,1,0.999922,-0.00174861,0.011348159,-0.0049359207,0.0,0.0,0.0
410596.0,1,1,0.9999221,-0.0017306503,0.011334818,-0.0049492866,0.0,0.0,0.0
410597.0,1,1,0.9999221,-0.0017220775,0.01132178,-0.0049574305,0.0,0.0,0.0
410598.0,1,1,0.9999224,-0.0017132807,0.011293295,-0.0049709976,0.0,0.0,0.0
410599.0,1,1,0.99992275,-0.0017101631,0.011259827,-0.004987191,0.0,0.0,0.0
410600.0,1,1,0.99992305,-0.0016997796,0.011229631,-0.0050005163,0.0,0.0,0.0
410601.0,1,1,0.9999232,-0.0016865268,0.011209741,-0.0050112936,0.0,0.0,0.0
410602.0,1,1,0.9999235,-0.0016807362,0.011181879,-0.0050194915,0.0,0.0,0.0
410603.0,1,1,0.9999239,-0.0016699507,0.011146838,-0.0050303666,0.0,0.0,0.0
410604.0,1,1,0.9999242,-0.0016546044,0.0111151785,-0.0050411327,0.0,0.0,0.0
410605.0,1,1,0.99992454,-0.0016342562,0.011083608,-0.00504925,0.0,0.0,0.0
410606.0,1,1,0.9999249,-0.0016219374,0.011049774,-0.005059987,0.0,0.0,0.0
410607.0,1,1,0.99992526,-0.0016069033,0.011011341,-0.005073489,0.0,0.0,0.0
410608.0,1,1,0.9999256,-0.0015896227,0.010971322,-0.0050896206,0.0,0.0,0.0
410609.0,1,1,0.9999259,-0.0015744665,0.01094119,-0.0051058843,0.0,0.0,0.0
410610.0,1,1,0.99992603,-0.0015669969,0.010921074,-0.0051221675,0.0,0.0,0.0
410611.0,1,1,0.99992627,-0.0015545515,0.01089531,-0.0051357523,0.0,0.0,0.0
410612.0,1,1,0.9999266,-0.0015322077,0.010860186,-0.0051493268,0.0,0.0,0.0
410613.0,1,1,0.999927,-0.0015105427,0.010823182,-0.00516547,0.0,0.0,0.0
410614.0,1,1,0.99992734,-0.0014795625,0.010788908,-0.0051788916,0.0,0.0,0.0
410615.0,1,1,0.99992764,-0.0014444762,0.010756992,-0.0051947883,0.0,0.0,0.0
410616.0,1,1,0.999928,-0.0014169522,0.0107229445,-0.0052027893,0.0,0.0,0.0
410617.0,1,1,0.9999284,-0.0013963683,0.010680182,-0.005213601,0.0,0.0,0.0
410618.0,1,1,0.9999289,-0.0013862149,0.01063338,-0.005227128,0.0,0.0,0.0
410619.0,1,1,0.9999292,-0.0013812376,0.01059733,-0.005240644,0.0,0.0,0.0
410620.0,1,1,0.9999294,-0.0013687757,0.010570843,-0.005254058,0.0,0.0,0.0
410621.0,1,1,0.9999296,-0.0013538906,0.01054951,-0.005264834,0.0,0.0,0.0
410622.0,1,1,0.9999298,-0.0013416688,0.010528464,-0.0052782646,0.0,0.0,0.0
410623.0,1,1,0.9999299,-0.0013369506,0.010507506,-0.0052997977,0.0,0.0,0.0
410624.0,1,1,0.9999302,-0.0013244805,0.010476699,-0.005313368,0.0,0.0,0.0
410625.0,1,1,0.9999304,-0.0013055464,0.010444573,-0.005326803,0.0,0.0,0.0
410626.0,1,1,0.99993074,-0.0012847999,0.010410447,-0.005342811,0.0,0.0,0.0
410627.0,1,1,0.99993104,-0.001269346,0.0103762,-0.00535881,0.0,0.0,0.0
410628.0,1,1,0.99993116,-0.0012581076,0.010359834,-0.005372225,0.0,0.0,0.0
410629.0,1,1,0.9999312,-0.0012568773,0.010348672,-0.0053830314,0.0,0.0,0.0
410630.0,1,1,0.9999313,-0.0012635017,0.010333432,-0.0053991596,0.0,0.0,0.0
410631.0,1,1,0.9999314,-0.0012701176,0.010313671,-0.0054126284,0.0,0.0,0.0
410632.0,1,1,0.9999315,-0.0012684966,0.0102939755,-0.005426203,0.0,0.0,0.0
410633.0,1,1,0.99993163,-0.001262008,0.01027418,-0.0054397443,0.0,0.0,0.0
410634.0,1,1,0.99993175,-0.0012533298,0.010259842,-0.0054532127,0.0,0.0,0.0
410635.0,1,1,0.9999318,-0.0012420629,0.010248222,-0.0054666903,0.0,0.0,0.0
410636.0,1,1,0.9999318,-0.0012331124,0.010238366,-0.00548294,0.0,0.0,0.0
410637.0,1,1,0.9999318,-0.0012242596,0.010231164,-0.0054964833,0.0,0.0,0.0
410638.0,1,1,0.9999319,-0.0012185543,0.0102213845,-0.0055045797,0.0,0.0,0.0
410639.0,1,1,0.99993193,-0.0012059007,0.010211716,-0.0055206725,0.0,0.0,0.0
410640.0,1,1,0.999932,-0.0011858052,0.010196916,-0.0055367723,0.0,0.0,0.0
410641.0,1,1,0.9999321,-0.0011713655,0.010177827,-0.005552713,0.0,0.0,0.0
410642.0,1,1,0.9999322,-0.0011620257,0.010161483,-0.0055633974,0.0,0.0,0.0
410643.0,1,1,0.9999322,-0.0011605263,0.01015537,-0.005576717,0.0,0.0,0.0
410644.0,1,1,0.99993217,-0.0011684435,0.010146643,-0.0055981064,0.0,0.0,0.0
410645.0,1,1,0.99993217,-0.0011758157,0.01013761,-0.0056142695,0.0,0.0,0.0
410646.0,1,1,0.9999322,-0.0011677973,0.010126302,-0.005630448,0.0,0.0,0.0
410647.0,1,1,0.9999323,-0.0011603796,0.0101082865,-0.0056491573,0.0,0.0,0.0
410648.0,1,1,0.99993235,-0.0011503485,0.010094771,-0.0056706145,0.0,0.0,0.0
410649.0,1,1,0.9999324,-0.0011506333,0.010078369,-0.0056893486,0.0,0.0,0.0
410650.0,1,1,0.9999325,-0.0011404459,0.010059369,-0.0057028118,0.0,0.0,0.0
410651.0,1,1,0.99993265,-0.0011286389,0.010040704,-0.005718887,0.0,0.0,0.0
410652.0,1,1,0.9999327,-0.0011266769,0.010024901,-0.0057376036,0.0,0.0,0.0
410653.0,1,1,0.99993277,-0.0011374078,0.0100041665,-0.005756348,0.0,0.0,0.0
410654.0,1,1,0.99993294,-0.0011455466,0.009978943,-0.005767088,0.0,0.0,0.0
410655.0,1,1,0.9999331,-0.0011390592,0.009951539,-0.005780427,0.0,0.0,0.0
410656.0,1,1,0.9999333,-0.0011326622,0.009924719,-0.005796462,0.0,0.0,0.0
410657.0,1,1,0.9999335,-0.001130885,0.0099036675,-0.0058071534,0.0,0.0,0.0
410658.0,1,1,0.9999336,-0.0011342167,0.009887059,-0.005817839,0.0,0.0,0.0
410659.0,1,1,0.9999337,-0.001137492,0.009870208,-0.0058285203,0.0,0.0,0.0
410660.0,1,1,0.99993384,-0.0011382878,0.009849121,-0.005839184,0.0,0.0,0.0
410661.0,1,1,0.99993396,-0.0011344893,0.009828729,-0.005855248,0.0,0.0,0.0
410662.0,1,1,0.9999341,-0.0011255663,0.009811083,-0.0058632535,0.0,0.0,0.0
410663.0,1,1,0.9999341,-0.0011144294,0.009808926,-0.005873868,0.0,0.0,0.0
410664.0,1,1,0.9999341,-0.0011063778,0.009799217,-0.005889721,0.0,0.0,0.0
410665.0,1,1,0.99993414,-0.0010979294,0.009784608,-0.005903049,0.0,0.0,0.0
410666.0,1,1,0.99993414,-0.0010909686,0.009778148,-0.005911158,0.0,0.0,0.0
410667.0,1,1,0.9999341,-0.0010969569,0.009777243,-0.005921917,0.0,0.0,0.0
410668.0,1,1,0.99993396,-0.0011055723,0.0097791115,-0.0059352987,0.0,0.0,0.0
410669.0,1,1,0.9999339,-0.001108762,0.009780664,-0.005946076,0.0,0.0,0.0
410670.0,1,1,0.9999338,-0.001106577,0.009784109,-0.005956888,0.0,0.0,0.0
410671.0,1,1,0.99993366,-0.0011046941,0.009787557,-0.005973004,0.0,0.0,0.0
410672.0,1,1,0.9999336,-0.0011025474,0.00979121,-0.0059811464,0.0,0.0,0.0
410673.0,1,1,0.9999335,-0.0011027547,0.009792427,-0.005997395,0.0,0.0,0.0
410674.0,1,1,0.99993336,-0.0011009027,0.009798984,-0.006010858,0.0,0.0,0.0
410675.0,1,1,0.9999331,-0.0011016835,0.009812206,-0.006024246,0.0,0.0,0.0
410676.0,1,1,0.9999328,-0.0010998764,0.009827182,-0.0060482887,0.0,0.0,0.0
410677.0,1,1,0.9999326,-0.0010935995,0.0098419795,-0.006064348,0.0,0.0,0.0
410678.0,1,1,0.9999324,-0.0010849299,0.009852693,-0.0060750456,0.0,0.0,0.0
410679.0,1,1,0.9999323,-0.0010807521,0.009860967,-0.006085805,0.0,0.0,0.0
410680.0,1,1,0.99993205,-0.0010739672,0.009878217,-0.006101876,0.0,0.0,0.0
410681.0,1,1,0.99993175,-0.0010672918,0.009894606,-0.006123277,0.0,0.0,0.0
410682.0,1,1,0.9999316,-0.0010613682,0.009903437,-0.0061393245,0.0,0.0,0.0
410683.0,1,1,0.9999316,-0.0010501775,0.009900784,-0.0061501246,0.0,0.0,0.0
410684.0,1,1,0.9999315,-0.0010393291,0.009901438,-0.0061635524,0.0,0.0,0.0
410685.0,1,1,0.9999313,-0.0010316762,0.009906905,-0.0061768256,0.0,0.0,0.0
410686.0,1,1,0.9999311,-0.0010213618,0.009919386,-0.0061901445,0.0,0.0,0.0
410687.0,1,1,0.9999309,-0.0010212953,0.009936436,-0.006200777,0.0,0.0,0.0
410688.0,1,1,0.9999306,-0.001021099,0.009951882,-0.0062194583,0.0,0.0,0.0
410689.0,1,1,0.99993044,-0.0010212659,0.0099673895,-0.0062300586,0.0,0.0,0.0
410690.0,1,1,0.99993026,-0.0010063087,0.009982413,-0.00623795,0.0,0.0,0.0
410691.0,1,1,0.9999299,-0.0010040783,0.010009571,-0.006248531,0.0,0.0,0.0
410692.0,1,1,0.9999295,-0.0010135637,0.010041674,-0.0062592267,0.0,0.0,0.0
410693.0,1,1,0.9999292,-0.0010178772,0.010066266,-0.00626991,0.0,0.0,0.0
410694.0,1,1,0.99992883,-0.0010227909,0.010099095,-0.006277933,0.0,0.0,0.0
410695.0,1,1,0.99992836,-0.0010373133,0.010138121,-0.006288549,0.0,0.0,0.0
410696.0,1,1,0.9999279,-0.0010486321,0.010175945,-0.0062993,0.0,0.0,0.0
410697.0,1,1,0.9999274,-0.0010551994,0.01021392,-0.0063099777,0.0,0.0,0.0
410698.0,1,1,0.99992704,-0.0010573686,0.010239495,-0.006320593,0.0,0.0,0.0
410699.0,1,1,0.9999267,-0.0010566546,0.010265037,-0.0063339784,0.0,0.0,0.0
410700.0,1,1,0.9999263,-0.0010632131,0.010290259,-0.006347297,0.0,0.0,0.0
410701.0,1,1,0.999926,-0.0010732211,0.01032055,-0.0063551962,0.0,0.0,0.0
410702.0,1,1,0.99992555,-0.0010828695,0.010354754,-0.006365785,0.0,0.0,0.0
410703.0,1,1,0.9999251,-0.0010917163,0.010391178,-0.0063764327,0.0,0.0,0.0
410704.0,1,1,0.99992466,-0.0011029936,0.010424999,-0.0063897865,0.0,0.0,0.0
410705.0,1,1,0.9999243,-0.0011167945,0.01045119,-0.006397759,0.0,0.0,0.0
410706.0,1,1,0.99992394,-0.0011286788,0.010482298,-0.006405665,0.0,0.0,0.0
410707.0,1,1,0.9999236,-0.0011353948,0.0105078425,-0.006416247,0.0,0.0,0.0
410708.0,1,1,0.9999232,-0.0011390785,0.010535776,-0.00642158,0.0,0.0,0.0
410709.0,1,1,0.9999228,-0.001152448,0.01056795,-0.0064295577,0.0,0.0,0.0
410710.0,1,1,0.9999224,-0.0011627561,0.010602148,-0.0064349575,0.0,0.0,0.0
410711.0,1,1,0.99992204,-0.0011758241,0.010633323,-0.006440275,0.0,0.0,0.0
410712.0,1,1,0.99992174,-0.0011819274,0.010662139,-0.006442857,0.0,0.0,0.0
410713.0,1,1,0.99992126,-0.0011908335,0.010700564,-0.006448023,0.0,0.0,0.0
410714.0,1,1,0.9999206,-0.0012044489,0.010757995,-0.006455874,0.0,0.0,0.0
410715.0,1,1,0.9999199,-0.0012246468,0.0108139375,-0.006466478,0.0,0.0,0.0
410716.0,1,1,0.9999193,-0.0012471498,0.010859566,-0.0064797853,0.0,0.0,0.0
410717.0,1,1,0.9999189,-0.0012646124,0.010888248,-0.0064930823,0.0,0.0,0.0
410718.0,1,1,0.9999187,-0.001272366,0.010901887,-0.0064956825,0.0,0.0,0.0
410719.0,1,1,0.9999184,-0.001280267,0.010923098,-0.006500896,0.0,0.0,0.0
410720.0,1,1,0.999918,-0.0012957683,0.010958571,-0.006506049,0.0,0.0,0.0
410721.0,1,1,0.9999174,-0.0013204488,0.011002747,-0.0065166014,0.0,0.0,0.0
410722.0,1,1,0.99991685,-0.001339047,0.01104607,-0.0065219896,0.0,0.0,0.0
410723.0,1,1,0.9999165,-0.0013497601,0.011071682,-0.006530082,0.0,0.0,0.0
410724.0,1,1,0.9999164,-0.0013558188,0.0110778045,-0.006538095,0.0,0.0,0.0
410725.0,1,1,0.9999162,-0.0013673935,0.011086845,-0.0065486697,0.0,0.0,0.0
410726.0,1,1,0.99991584,-0.001381233,0.011110363,-0.0065592676,0.0,0.0,0.0
410727.0,1,1,0.9999155,-0.0013922015,0.011137913,-0.006567187,0.0,0.0,0.0
410728.0,1,1,0.9999151,-0.001405473,0.011162652,-0.0065724757,0.0,0.0,0.0
410729.0,1,1,0.99991477,-0.0014163518,0.011192552,-0.006577699,0.0,0.0,0.0
410730.0,1,1,0.9999144,-0.001420274,0.011222285,-0.006582847,0.0,0.0,0.0
410731.0,1,1,0.9999141,-0.001426615,0.011246916,-0.0065853624,0.0,0.0,0.0
410732.0,1,1,0.9999137,-0.0014353024,0.011281222,-0.006590553,0.0,0.0,0.0
410733.0,1,1,0.99991316,-0.0014441598,0.011318933,-0.006603622,0.0,0.0,0.0
410734.0,1,1,0.9999127,-0.0014626876,0.011351265,-0.0066140443,0.0,0.0,0.0
410735.0,1,1,0.99991244,-0.0014828192,0.01136885,-0.0066166823,0.0,0.0,0.0
410736.0,1,1,0.99991226,-0.0014999359,0.011380897,-0.006622061,0.0,0.0,0.0
410737.0,1,1,0.99991196,-0.0015119918,0.01139935,-0.006630042,0.0,0.0,0.0
410738.0,1,1,0.9999116,-0.0015162576,0.011420073,-0.006632657,0.0,0.0,0.0
410739.0,1,1,0.9999115,-0.0015259234,0.011431528,-0.006640567,0.0,0.0,0.0
410740.0,1,1,0.99991137,-0.0015331444,0.011432582,-0.006651119,0.0,0.0,0.0
410741.0,1,1,0.99991125,-0.0015402398,0.011438486,-0.0066616405,0.0,0.0,0.0
410742.0,1,1,0.99991107,-0.0015470423,0.011446639,-0.0066722156,0.0,0.0,0.0
410743.0,1,1,0.99991083,-0.0015559774,0.011457553,-0.0066828933,0.0,0.0,0.0
410744.0,1,1,0.99991065,-0.0015779976,0.011462785,-0.0066987844,0.0,0.0,0.0
410745.0,1,1,0.9999104,-0.001591975,0.011472577,-0.006712041,0.0,0.0,0.0
410746.0,1,1,0.9999102,-0.0016058491,0.011485112,-0.0067253266,0.0,0.0,0.0
410747.0,1,1,0.99991,-0.0016240989,0.01149231,-0.0067360722,0.0,0.0,0.0
410748.0,1,1,0.9999099,-0.0016422688,0.0114941355,-0.006746797,0.0,0.0,0.0
410749.0,1,1,0.9999098,-0.0016528898,0.011495638,-0.0067547867,0.0,0.0,0.0
410750.0,1,1,0.99990976,-0.0016558446,0.011491952,-0.006765394,0.0,0.0,0.0
410751.0,1,1,0.9999097,-0.0016562031,0.011485912,-0.006781397,0.0,0.0,0.0
410752.0,1,1,0.99990946,-0.0016588235,0.011496669,-0.006800076,0.0,0.0,0.0
410753.0,1,1,0.99990916,-0.0016688721,0.011508358,-0.0068187513,0.0,0.0,0.0
410754.0,1,1,0.99990916,-0.0016798114,0.011499532,-0.0068324325,0.0,0.0,0.0
410755.0,1,1,0.9999094,-0.0016828731,0.011468135,-0.006851517,0.0,0.0,0.0
410756.0,1,1,0.9999101,-0.0016669071,0.011402133,-0.006865078,0.0,0.0,0.0
410757.0,1,1,0.9999108,-0.001634098,0.011332994,-0.0068785944,0.0,0.0,0.0
410758.0,1,1,0.9999114,-0.001606148,0.01127394,-0.006892105,0.0,0.0,0.0
410759.0,1,1,0.99991196,-0.0015857504,0.011225411,-0.0069030044,0.0,0.0,0.0
410760.0,1,1,0.9999123,-0.0015677179,0.011186526,-0.0069166487,0.0,0.0,0.0
410761.0,1,1,0.9999127,-0.0015639914,0.011150737,-0.006927774,0.0,0.0,0.0
410762.0,1,1,0.9999133,-0.0015448806,0.011092724,-0.006941659,0.0,0.0,0.0
410763.0,1,1,0.999914,-0.001505597,0.011022797,-0.006955186,0.0,0.0,0.0
410764.0,1,1,0.9999145,-0.0014736045,0.010966036,-0.006974119,0.0,0.0,0.0
410765.0,1,1,0.99991494,-0.001448986,0.010914287,-0.0069877803,0.0,0.0,0.0
410766.0,1,1,0.99991566,-0.0014118637,0.010852823,-0.007001487,0.0,0.0,0.0
410767.0,1,1,0.9999165,-0.0013686377,0.010772668,-0.0070150807,0.0,0.0,0.0
410768.0,1,1,0.9999175,-0.0013259404,0.010675892,-0.0070313727,0.0,0.0,0.0
410769.0,1,1,0.99991816,-0.0012915425,0.010605984,-0.007047558,0.0,0.0,0.0
410770.0,1,1,0.9999187,-0.0012546915,0.010552278,-0.0070610656,0.0,0.0,0.0
410771.0,1,1,0.99991924,-0.001232726,0.010491128,-0.00707998,0.0,0.0,0.0
410772.0,1,1,0.9999198,-0.0012120048,0.010429266,-0.0070965094,0.0,0.0,0.0
410773.0,1,1,0.99992037,-0.0011818426,0.010359904,-0.007115715,0.0,0.0,0.0
410774.0,1,1,0.99992096,-0.0011471761,0.010291221,-0.0071348413,0.0,0.0,0.0
410775.0,1,1,0.99992156,-0.001102829,0.010223015,-0.0071539376,0.0,0.0,0.0
410776.0,1,1,0.9999223,-0.0010565055,0.010150194,-0.0071676634,0.0,0.0,0.0
410777.0,1,1,0.999923,-0.0010106323,0.010070398,-0.007184086,0.0,0.0,0.0
410778.0,1,1,0.9999238,-0.00096331956,0.009984686,-0.007197825,0.0,0.0,0.0
410779.0,1,1,0.9999246,-0.00092210324,0.009900152,-0.007214106,0.0,0.0,0.0
410780.0,1,1,0.99992526,-0.0008705336,0.009816437,-0.007230539,0.0,0.0,0.0
410781.0,1,1,0.999926,-0.00082725636,0.009738737,-0.0072496035,0.0,0.0,0.0
410782.0,1,1,0.9999265,-0.0007963479,0.0096670035,-0.007271397,0.0,0.0,0.0
410783.0,1,1,0.9999272,-0.000765546,0.009585931,-0.0072879135,0.0,0.0,0.0
410784.0,1,1,0.9999278,-0.00072513457,0.009511129,-0.0073070354,0.0,0.0,0.0
410785.0,1,1,0.9999282,-0.00067987567,0.009463384,-0.00732615,0.0,0.0,0.0
410786.0,1,1,0.9999284,-0.00064001,0.009424431,-0.0073479386,0.0,0.0,0.0
410787.0,1,1,0.99992883,-0.00058572495,0.00936305,-0.0073724533,0.0,0.0,0.0
410788.0,1,1,0.9999296,-0.0005278576,0.009266561,-0.007391483,0.0,0.0,0.0
410789.0,1,1,0.9999304,-0.00047557577,0.009165062,-0.0074159307,0.0,0.0,0.0
410790.0,1,1,0.99993116,-0.00042649172,0.009071963,-0.007434971,0.0,0.0,0.0
410791.0,1,1,0.99993175,-0.00037756222,0.008991277,-0.007456738,0.0,0.0,0.0
410792.0,1,1,0.9999323,-0.0003386602,0.008918414,-0.007478514,0.0,0.0,0.0
410793.0,1,1,0.9999329,-0.00029822424,0.008836529,-0.007500291,0.0,0.0,0.0
410794.0,1,1,0.9999335,-0.00024834037,0.008739318,-0.0075220275,0.0,0.0,0.0
410795.0,1,1,0.9999342,-0.0002018083,0.008638706,-0.007546409,0.0,0.0,0.0
410796.0,1,1,0.9999348,-0.00016057168,0.008551747,-0.007568136,0.0,0.0,0.0
410797.0,1,1,0.9999354,-0.00012220166,0.00846539,-0.0075925547,0.0,0.0,0.0
410798.0,1,1,0.99993587,-7.412037e-05,0.0083847,-0.0076196487,0.0,0.0,0.0
410799.0,1,1,0.9999363,-2.03677e-05,0.008313024,-0.007646452,0.0,0.0,0.0
410800.0,1,1,0.9999367,3.795206e-05,0.008239371,-0.007673344,0.0,0.0,0.0
410801.0,1,1,0.99993694,8.12028e-05,0.008174187,-0.007697598,0.0,0.0,0.0
410802.0,1,1,0.9999371,0.000107746346,0.008134369,-0.0077246684,0.0,0.0,0.0
410803.0,1,1,0.9999371,0.0001270656,0.008107161,-0.0077545256,0.0,0.0,0.0
410804.0,1,1,0.9999373,0.0001678464,0.00805658,-0.007786963,0.0,0.0,0.0
410805.0,1,1,0.99993765,0.00022408823,0.007986834,-0.0078111426,0.0,0.0,0.0
410806.0,1,1,0.99993813,0.00028683542,0.007903655,-0.007835239,0.0,0.0,0.0
410807.0,1,1,0.9999384,0.00033630055,0.007826108,-0.0078620445,0.0,0.0,0.0
410808.0,1,1,0.9999387,0.00038335402,0.0077636284,-0.007888895,0.0,0.0,0.0
410809.0,1,1,0.999939,0.0004154747,0.0077042705,-0.007910495,0.0,0.0,0.0
410810.0,1,1,0.99993944,0.00043936304,0.0076263356,-0.007929398,0.0,0.0,0.0
410811.0,1,1,0.9999399,0.00046530997,0.0075378804,-0.007950925,0.0,0.0,0.0
410812.0,1,1,0.9999404,0.0004987697,0.0074529015,-0.007969798,0.0,0.0,0.0
410813.0,1,1,0.9999408,0.000531803,0.0073780995,-0.007988665,0.0,0.0,0.0
410814.0,1,1,0.9999411,0.0005594502,0.0073120794,-0.008010187,0.0,0.0,0.0
410815.0,1,1,0.9999414,0.0005867586,0.007240007,-0.008034382,0.0,0.0,0.0
410816.0,1,1,0.99994165,0.00061626657,0.0071791564,-0.008055845,0.0,0.0,0.0
410817.0,1,1,0.9999418,0.00064038095,0.007133089,-0.008074654,0.0,0.0,0.0
410818.0,1,1,0.9999418,0.00065706315,0.007099475,-0.008090853,0.0,0.0,0.0
410819.0,1,1,0.9999419,0.0006636108,0.0070739165,-0.0081097465,0.0,0.0,0.0
410820.0,1,1,0.99994195,0.00067506696,0.0070366217,-0.008131282,0.0,0.0,0.0
410821.0,1,1,0.99994224,0.0007004143,0.0069758864,-0.008147396,0.0,0.0,0.0
410822.0,1,1,0.99994236,0.00072526775,0.0069379155,-0.008166116,0.0,0.0,0.0
410823.0,1,1,0.9999425,0.00074315513,0.0069098333,-0.008176883,0.0,0.0,0.0
410824.0,1,1,0.99994254,0.00074844924,0.00688491,-0.0081903795,0.0,0.0,0.0
410825.0,1,1,0.99994266,0.0007512429,0.0068580983,-0.008201209,0.0,0.0,0.0
410826.0,1,1,0.9999427,0.0007641324,0.0068244967,-0.008217408,0.0,0.0,0.0
410827.0,1,1,0.9999428,0.00077881926,0.006794086,-0.008233426,0.0,0.0,0.0
410828.0,1,1,0.99994284,0.00080300705,0.006769104,-0.0082441475,0.0,0.0,0.0
410829.0,1,1,0.99994284,0.00082163134,0.006749723,-0.008257485,0.0,0.0,0.0
410830.0,1,1,0.9999428,0.00083469425,0.006730502,-0.008276103,0.0,0.0,0.0
410831.0,1,1,0.9999428,0.0008526901,0.0067091193,-0.008292054,0.0,0.0,0.0
410832.0,1,1,0.9999428,0.0008626295,0.0066961623,-0.008305304,0.0,0.0,0.0
410833.0,1,1,0.99994266,0.000865078,0.0066965506,-0.008321218,0.0,0.0,0.0
410834.0,1,1,0.99994254,0.000860496,0.0066968948,-0.008337142,0.0,0.0,0.0
410835.0,1,1,0.99994224,0.0008616084,0.006706776,-0.008353118,0.0,0.0,0.0
410836.0,1,1,0.99994206,0.000857686,0.0067242235,-0.008366464,0.0,0.0,0.0
410837.0,1,1,0.9999419,0.0008666231,0.006735988,-0.008379796,0.0,0.0,0.0
410838.0,1,1,0.9999417,0.0008772252,0.0067453333,-0.008390445,0.0,0.0,0.0
410839.0,1,1,0.99994147,0.00087722513,0.0067567644,-0.008409044,0.0,0.0,0.0
410840.0,1,1,0.9999413,0.0008755365,0.006768034,-0.008422345,0.0,0.0,0.0
410841.0,1,1,0.9999412,0.00086852297,0.0067767804,-0.0084329685,0.0,0.0,0.0
410842.0,1,1,0.999941,0.0008640806,0.0067907297,-0.008440907,0.0,0.0,0.0
410843.0,1,1,0.9999408,0.00086435454,0.006809715,-0.00844617,0.0,0.0,0.0
410844.0,1,1,0.99994063,0.00085393473,0.0068286317,-0.008454043,0.0,0.0,0.0
410845.0,1,1,0.9999404,0.0008444172,0.006852328,-0.008461919,0.0,0.0,0.0
410846.0,1,1,0.99994016,0.0008323298,0.006878522,-0.008469792,0.0,0.0,0.0
410847.0,1,1,0.99994,0.0008170066,0.006899602,-0.008472278,0.0,0.0,0.0
410848.0,1,1,0.9999398,0.0007948265,0.0069141933,-0.00848016,0.0,0.0,0.0
410849.0,1,1,0.9999397,0.0007657507,0.0069266134,-0.008488022,0.0,0.0,0.0
410850.0,1,1,0.99993956,0.00073701685,0.0069516096,-0.008490583,0.0,0.0,0.0
410851.0,1,1,0.9999392,0.0007186355,0.006995579,-0.008495793,0.0,0.0,0.0
410852.0,1,1,0.99993885,0.0007027421,0.007046044,-0.008500947,0.0,0.0,0.0
410853.0,1,1,0.9999385,0.0006791929,0.0070943288,-0.0085060755,0.0,0.0,0.0
410854.0,1,1,0.9999382,0.00065587176,0.0071336646,-0.008508512,0.0,0.0,0.0
410855.0,1,1,0.9999379,0.0006368866,0.0071730656,-0.008510879,0.0,0.0,0.0
410856.0,1,1,0.9999375,0.0006156349,0.0072296644,-0.008513221,0.0,0.0,0.0
410857.0,1,1,0.999937,0.0005948937,0.0072950367,-0.008515606,0.0,0.0,0.0
410858.0,1,1,0.99993646,0.000571779,0.0073675895,-0.008517968,0.0,0.0,0.0
410859.0,1,1,0.9999359,0.00054701854,0.0074425065,-0.008517672,0.0,0.0,0.0
410860.0,1,1,0.99993515,0.0005179129,0.007549416,-0.008520073,0.0,0.0,0.0
410861.0,1,1,0.9999341,0.00048241593,0.007690964,-0.008522631,0.0,0.0,0.0
410862.0,1,1,0.999933,0.00044065074,0.00782903,-0.008525342,0.0,0.0,0.0
410863.0,1,1,0.9999321,0.0004146666,0.007935362,-0.008530755,0.0,0.0,0.0
410864.0,1,1,0.9999317,0.0003973736,0.007981374,-0.008536005,0.0,0.0,0.0
410865.0,1,1,0.9999314,0.0003898089,0.008003902,-0.00853849,0.0,0.0,0.0
410866.0,1,1,0.9999311,0.00038269916,0.008042917,-0.008543681,0.0,0.0,0.0
410867.0,1,1,0.9999306,0.00037051176,0.008100332,-0.00854885,0.0,0.0,0.0
410868.0,1,1,0.9999301,0.0003561085,0.008162272,-0.008551365,0.0,0.0,0.0
410869.0,1,1,0.99992967,0.00034481744,0.008209291,-0.00855398,0.0,0.0,0.0
410870.0,1,1,0.9999294,0.0003358428,0.008236684,-0.008559263,0.0,0.0,0.0
410871.0,1,1,0.99992913,0.00033435537,0.008268816,-0.008564428,0.0,0.0,0.0
410872.0,1,1,0.9999286,0.0003306549,0.008325664,-0.008569635,0.0,0.0,0.0
410873.0,1,1,0.99992794,0.00032731364,0.008393656,-0.008577544,0.0,0.0,0.0
410874.0,1,1,0.9999273,0.00032405916,0.008466213,-0.008585473,0.0,0.0,0.0
410875.0,1,1,0.9999266,0.00031822166,0.008539036,-0.008590695,0.0,0.0,0.0
410876.0,1,1,0.99992603,0.000315104,0.008606397,-0.008590614,0.0,0.0,0.0
410877.0,1,1,0.9999253,0.0003097111,0.008688641,-0.008590553,0.0,0.0,0.0
410878.0,1,1,0.9999243,0.00029723818,0.008799208,-0.008595879,0.0,0.0,0.0
410879.0,1,1,0.9999231,0.0002852526,0.0089329695,-0.0085986005,0.0,0.0,0.0
410880.0,1,1,0.9999219,0.00027833355,0.009066292,-0.008601284,0.0,0.0,0.0
410881.0,1,1,0.9999209,0.00027619026,0.009172501,-0.008606595,0.0,0.0,0.0
410882.0,1,1,0.99992,0.0002819303,0.009262841,-0.008611973,0.0,0.0,0.0
410883.0,1,1,0.99991924,0.0002926956,0.009340466,-0.008617383,0.0,0.0,0.0
410884.0,1,1,0.9999186,0.00029522055,0.009404948,-0.00862269,0.0,0.0,0.0
410885.0,1,1,0.99991804,0.00029509407,0.009453867,-0.008630694,0.0,0.0,0.0
410886.0,1,1,0.9999178,0.0002901284,0.009473009,-0.008638868,0.0,0.0,0.0
410887.0,1,1,0.9999177,0.00028614275,0.009473115,-0.008649824,0.0,0.0,0.0
410888.0,1,1,0.99991775,0.00028734928,0.00945773,-0.0086635165,0.0,0.0,0.0
410889.0,1,1,0.999918,0.00030037828,0.009419905,-0.008674488,0.0,0.0,0.0
410890.0,1,1,0.9999182,0.0003180072,0.009372215,-0.008696061,0.0,0.0,0.0
410891.0,1,1,0.99991864,0.0003406466,0.009308887,-0.008717692,0.0,0.0,0.0
410892.0,1,1,0.99991894,0.0003660131,0.009247937,-0.008744743,0.0,0.0,0.0
410893.0,1,1,0.99991924,0.000387359,0.009188605,-0.008772109,0.0,0.0,0.0
410894.0,1,1,0.9999196,0.00040196115,0.009120676,-0.008805022,0.0,0.0,0.0
410895.0,1,1,0.99992037,0.00041894903,0.00899794,-0.008840723,0.0,0.0,0.0
410896.0,1,1,0.9999216,0.0004628453,0.0088133495,-0.008881628,0.0,0.0,0.0
410897.0,1,1,0.9999234,0.0005276725,0.008571373,-0.008917098,0.0,0.0,0.0
410898.0,1,1,0.9999252,0.00059629756,0.008320923,-0.008952431,0.0,0.0,0.0
410899.0,1,1,0.99992657,0.0006602117,0.008108828,-0.008990647,0.0,0.0,0.0
410900.0,1,1,0.9999277,0.00070188387,0.007926748,-0.009026369,0.0,0.0,0.0
410901.0,1,1,0.99992895,0.0007518919,0.007708292,-0.009065012,0.0,0.0,0.0
410902.0,1,1,0.9999307,0.00083486154,0.0074269706,-0.009106094,0.0,0.0,0.0
410903.0,1,1,0.9999324,0.0009354521,0.007113307,-0.009146972,0.0,0.0,0.0
410904.0,1,1,0.99993414,0.0010401456,0.0068107964,-0.009185143,0.0,0.0,0.0
410905.0,1,1,0.99993557,0.0011338363,0.0065264734,-0.009218046,0.0,0.0,0.0
410906.0,1,1,0.9999372,0.001226469,0.0062183025,-0.009251007,0.0,0.0,0.0
410907.0,1,1,0.9999387,0.0013151912,0.0058825016,-0.0092865955,0.0,0.0,0.0
410908.0,1,1,0.9999404,0.0014074417,0.005522084,-0.0093194535,0.0,0.0,0.0
410909.0,1,1,0.99994177,0.0015071968,0.005183023,-0.009346781,0.0,0.0,0.0
410910.0,1,1,0.9999431,0.0015972756,0.004868527,-0.009363334,0.0,0.0,0.0
410911.0,1,1,0.9999444,0.0016541728,0.0045271907,-0.009377321,0.0,0.0,0.0
410912.0,1,1,0.9999457,0.0017022021,0.004183893,-0.009396672,0.0,0.0,0.0
410913.0,1,1,0.9999467,0.0017476033,0.0038504738,-0.009415997,0.0,0.0,0.0
410914.0,1,1,0.9999476,0.0017946338,0.0035416216,-0.009437888,0.0,0.0,0.0
410915.0,1,1,0.99994826,0.0018582926,0.0032686514,-0.009459737,0.0,0.0,0.0
410916.0,1,1,0.9999487,0.0019210397,0.0030129678,-0.009478887,0.0,0.0,0.0
410917.0,1,1,0.9999491,0.0019810216,0.0027690579,-0.009498019,0.0,0.0,0.0
410918.0,1,1,0.99994946,0.0020326467,0.0025315504,-0.009517088,0.0,0.0,0.0
410919.0,1,1,0.9999497,0.0020890518,0.0023175573,-0.009536118,0.0,0.0,0.0
410920.0,1,1,0.9999498,0.0021403495,0.0021284777,-0.009560504,0.0,0.0,0.0
410921.0,1,1,0.9999498,0.00218902,0.0019478549,-0.009587593,0.0,0.0,0.0
410922.0,1,1,0.99994975,0.002247234,0.0017767325,-0.009614655,0.0,0.0,0.0
410923.0,1,1,0.9999496,0.0023190612,0.0016036793,-0.009638961,0.0,0.0,0.0
410924.0,1,1,0.9999494,0.00239451,0.0014433485,-0.009668562,0.0,0.0,0.0
410925.0,1,1,0.99994916,0.0024685839,0.0012870705,-0.009695458,0.0,0.0,0.0
410926.0,1,1,0.999949,0.0025240718,0.0011332135,-0.009719688,0.0,0.0,0.0
410927.0,1,1,0.9999488,0.0025719781,0.0009855599,-0.009741162,0.0,0.0,0.0
410928.0,1,1,0.9999486,0.0026062755,0.0008447005,-0.009762635,0.0,0.0,0.0
410929.0,1,1,0.9999484,0.002642232,0.00073652284,-0.00978403,0.0,0.0,0.0
410930.0,1,1,0.99994814,0.002676659,0.00065459573,-0.009805386,0.0,0.0,0.0
410931.0,1,1,0.99994797,0.0026957726,0.0005740039,-0.009821404,0.0,0.0,0.0
410932.0,1,1,0.99994797,0.0027023142,0.0004934004,-0.009826713,0.0,0.0,0.0
410933.0,1,1,0.99994797,0.0027038243,0.00042730852,-0.0098319715,0.0,0.0,0.0
410934.0,1,1,0.9999479,0.0026901602,0.0003924964,-0.009842548,0.0,0.0,0.0
410935.0,1,1,0.99994785,0.0026756835,0.00039697075,-0.009850487,0.0,0.0,0.0
410936.0,1,1,0.99994785,0.0026567949,0.0004311423,-0.009855808,0.0,0.0,0.0
410937.0,1,1,0.9999477,0.0026379174,0.00046672494,-0.009869149,0.0,0.0,0.0
410938.0,1,1,0.9999476,0.002629258,0.0004896471,-0.009882451,0.0,0.0,0.0
410939.0,1,1,0.9999476,0.002620285,0.0005015908,-0.009887688,0.0,0.0,0.0
410940.0,1,1,0.99994755,0.0026060967,0.0005146381,-0.009895545,0.0,0.0,0.0
410941.0,1,1,0.99994755,0.0025898402,0.0005443127,-0.009895444,0.0,0.0,0.0
410942.0,1,1,0.99994755,0.0025765765,0.0005833342,-0.0098980265,0.0,0.0,0.0
410943.0,1,1,0.99994755,0.0025609785,0.00062450196,-0.009900621,0.0,0.0,0.0
410944.0,1,1,0.9999475,0.0025456562,0.0006557175,-0.009908504,0.0,0.0,0.0
410945.0,1,1,0.9999475,0.0025381392,0.0006804094,-0.009911005,0.0,0.0,0.0
410946.0,1,1,0.9999474,0.0025302311,0.00071023405,-0.009916159,0.0,0.0,0.0
410947.0,1,1,0.9999474,0.0025243063,0.0007551763,-0.009915958,0.0,0.0,0.0
410948.0,1,1,0.9999474,0.0025162222,0.0008065832,-0.009913105,0.0,0.0,0.0
410949.0,1,1,0.9999474,0.0024989569,0.000877687,-0.009910269,0.0,0.0,0.0
410950.0,1,1,0.9999474,0.0024794172,0.0009503772,-0.009907445,0.0,0.0,0.0
410951.0,1,1,0.9999474,0.0024623685,0.0010157122,-0.009904561,0.0,0.0,0.0
410952.0,1,1,0.9999474,0.0024453758,0.0010719058,-0.009901612,0.0,0.0,0.0
410953.0,1,1,0.9999474,0.002431271,0.0011478118,-0.009898658,0.0,0.0,0.0
410954.0,1,1,0.9999474,0.0024205998,0.0012655838,-0.009890476,0.0,0.0,0.0
410955.0,1,1,0.99994737,0.0024030434,0.0014073834,-0.009879783,0.0,0.0,0.0
410956.0,1,1,0.9999473,0.0023841297,0.0015339573,-0.009871843,0.0,0.0,0.0
410957.0,1,1,0.99994725,0.0023677282,0.0016317217,-0.009866554,0.0,0.0,0.0
410958.0,1,1,0.9999471,0.002348768,0.0017034387,-0.009866592,0.0,0.0,0.0
410959.0,1,1,0.9999471,0.002340267,0.0017590144,-0.009863979,0.0,0.0,0.0
410960.0,1,1,0.999947,0.0023389128,0.0018107686,-0.009864066,0.0,0.0,0.0
410961.0,1,1,0.99994695,0.0023454065,0.0018473587,-0.009858917,0.0,0.0,0.0
410962.0,1,1,0.9999469,0.0023592785,0.0018728431,-0.009859117,0.0,0.0,0.0
410963.0,1,1,0.9999468,0.0023728597,0.001887623,-0.0098646525,0.0,0.0,0.0
410964.0,1,1,0.9999466,0.0023866703,0.001894251,-0.009875577,0.0,0.0,0.0
410965.0,1,1,0.9999465,0.002400176,0.001879037,-0.009886617,0.0,0.0,0.0
410966.0,1,1,0.9999464,0.0024205795,0.0018435417,-0.009897568,0.0,0.0,0.0
410967.0,1,1,0.99994636,0.0024428072,0.0017858242,-0.009908538,0.0,0.0,0.0
410968.0,1,1,0.9999463,0.0024715636,0.0017024997,-0.00991954,0.0,0.0,0.0
410969.0,1,1,0.99994624,0.0024973073,0.0016149303,-0.00993321,0.0,0.0,0.0
410970.0,1,1,0.99994624,0.002513511,0.0015279029,-0.00994692,0.0,0.0,0.0
410971.0,1,1,0.99994624,0.0025195626,0.0014378235,-0.00996072,0.0,0.0,0.0
410972.0,1,1,0.9999462,0.0025265603,0.0013400533,-0.00997727,0.0,0.0,0.0
410973.0,1,1,0.9999462,0.002530806,0.0012217024,-0.009993947,0.0,0.0,0.0
410974.0,1,1,0.9999461,0.0025477132,0.0010807109,-0.010010447,0.0,0.0,0.0
410975.0,1,1,0.99994606,0.0025695197,0.00092673843,-0.010029757,0.0,0.0,0.0
410976.0,1,1,0.99994594,0.002596426,0.00075206615,-0.010041174,0.0,0.0,0.0
410977.0,1,1,0.9999459,0.0026292219,0.00053150766,-0.010055243,0.0,0.0,0.0
410978.0,1,1,0.99994576,0.0026674753,0.00028735606,-0.010069187,0.0,0.0,0.0
410979.0,1,1,0.9999456,0.0027123601,3.351527e-05,-0.010083121,0.0,0.0,0.0
410980.0,1,1,0.9999452,0.0027443299,-0.00021426265,-0.01009714,0.0,0.0,0.0
410981.0,1,1,0.999945,0.0027616913,-0.00046512258,-0.010108541,0.0,0.0,0.0
410982.0,1,1,0.9999446,0.0027913973,-0.00073204713,-0.010122522,0.0,0.0,0.0
410983.0,1,1,0.9999442,0.002821532,-0.0010115601,-0.010133736,0.0,0.0,0.0
410984.0,1,1,0.99994373,0.002845717,-0.0012874982,-0.010144843,0.0,0.0,0.0
410985.0,1,1,0.99994314,0.0028728766,-0.0015384866,-0.010161264,0.0,0.0,0.0
410986.0,1,1,0.9999425,0.0028949014,-0.0017634045,-0.010175111,0.0,0.0,0.0
410987.0,1,1,0.99994195,0.0029114434,-0.001977327,-0.010188905,0.0,0.0,0.0
410988.0,1,1,0.9999413,0.0029330358,-0.0021928088,-0.0102053005,0.0,0.0,0.0
410989.0,1,1,0.9999407,0.002954442,-0.0023973275,-0.010213641,0.0,0.0,0.0
410990.0,1,1,0.99994,0.0029679935,-0.002574447,-0.010227335,0.0,0.0,0.0
410991.0,1,1,0.99993944,0.0029680608,-0.0027317964,-0.010243719,0.0,0.0,0.0
410992.0,1,1,0.9999388,0.0029736345,-0.002889116,-0.0102627,0.0,0.0,0.0
410993.0,1,1,0.999938,0.0029865524,-0.0030569946,-0.010284318,0.0,0.0,0.0
410994.0,1,1,0.99993724,0.0030093642,-0.0032165297,-0.0103084985,0.0,0.0,0.0
410995.0,1,1,0.9999365,0.0030322683,-0.0033527638,-0.010327414,0.0,0.0,0.0
410996.0,1,1,0.9999358,0.003063237,-0.0034760244,-0.010346308,0.0,0.0,0.0
410997.0,1,1,0.99993503,0.0030911737,-0.0036024936,-0.010370555,0.0,0.0,0.0
410998.0,1,1,0.9999342,0.0031228333,-0.0037340205,-0.01039475,0.0,0.0,0.0
410999.0,1,1,0.9999333,0.0031614245,-0.0038749247,-0.010416172,0.0,0.0,0.0
411000.0,1,1,0.99993247,0.0031967082,-0.004003382,-0.010437649,0.0,0.0,0.0
411001.0,1,1,0.9999317,0.0032284127,-0.0041129747,-0.010451163,0.0,0.0,0.0
411002.0,1,1,0.99993104,0.0032572178,-0.0042186882,-0.010467351,0.0,0.0,0.0
411003.0,1,1,0.9999304,0.0032778366,-0.0043296493,-0.010480833,0.0,0.0,0.0
411004.0,1,1,0.9999297,0.003300803,-0.004428256,-0.010494254,0.0,0.0,0.0
411005.0,1,1,0.9999292,0.003321,-0.004515219,-0.010502314,0.0,0.0,0.0
411006.0,1,1,0.99992883,0.0033235091,-0.004585978,-0.010507711,0.0,0.0,0.0
411007.0,1,1,0.99992853,0.0033189296,-0.0046376754,-0.010513032,0.0,0.0,0.0
411008.0,1,1,0.9999283,0.0033117994,-0.004683606,-0.0105183525,0.0,0.0,0.0
411009.0,1,1,0.9999282,0.003302275,-0.0047090277,-0.010521004,0.0,0.0,0.0
411010.0,1,1,0.9999281,0.0032954717,-0.004716514,-0.010526345,0.0,0.0,0.0
411011.0,1,1,0.99992806,0.0032843393,-0.0047258586,-0.010528951,0.0,0.0,0.0
411012.0,1,1,0.99992806,0.00326821,-0.004731947,-0.010531521,0.0,0.0,0.0
411013.0,1,1,0.99992806,0.0032577086,-0.004727856,-0.010536725,0.0,0.0,0.0
411014.0,1,1,0.9999281,0.003251816,-0.004708778,-0.010539317,0.0,0.0,0.0
411015.0,1,1,0.99992824,0.003246907,-0.0046798084,-0.010541845,0.0,0.0,0.0
411016.0,1,1,0.9999284,0.003234788,-0.0046429466,-0.010544326,0.0,0.0,0.0
411017.0,1,1,0.9999286,0.003227947,-0.0046012066,-0.0105467895,0.0,0.0,0.0
411018.0,1,1,0.9999288,0.0032235014,-0.004555602,-0.010554627,0.0,0.0,0.0
411019.0,1,1,0.99992895,0.0032272793,-0.0044956757,-0.010565118,0.0,0.0,0.0
411020.0,1,1,0.9999292,0.0032330053,-0.004430088,-0.010570372,0.0,0.0,0.0
411021.0,1,1,0.99992925,0.0032357106,-0.0043673865,-0.010578283,0.0,0.0,0.0
411022.0,1,1,0.9999294,0.0032457106,-0.004318961,-0.010583468,0.0,0.0,0.0
411023.0,1,1,0.9999294,0.0032583098,-0.0042902613,-0.010588574,0.0,0.0,0.0
411024.0,1,1,0.9999296,0.003260307,-0.004264064,-0.010585686,0.0,0.0,0.0
411025.0,1,1,0.99992985,0.0032598465,-0.0042175394,-0.010580123,0.0,0.0,0.0
411026.0,1,1,0.99993014,0.003262199,-0.0041543264,-0.010577231,0.0,0.0,0.0
411027.0,1,1,0.99993044,0.0032594171,-0.0040918514,-0.010574345,0.0,0.0,0.0
411028.0,1,1,0.99993074,0.0032467314,-0.004033583,-0.0105740735,0.0,0.0,0.0
411029.0,1,1,0.99993104,0.0032439937,-0.0039682095,-0.010573788,0.0,0.0,0.0
411030.0,1,1,0.9999313,0.0032441872,-0.0038842666,-0.010573519,0.0,0.0,0.0
411031.0,1,1,0.9999317,0.0032377364,-0.003784435,-0.010573277,0.0,0.0,0.0
411032.0,1,1,0.9999321,0.0032266395,-0.0036886449,-0.010570376,0.0,0.0,0.0
411033.0,1,1,0.99993247,0.003228488,-0.0035993666,-0.010570143,0.0,0.0,0.0
411034.0,1,1,0.9999327,0.003237134,-0.0035181935,-0.010575241,0.0,0.0,0.0
411035.0,1,1,0.9999328,0.0032506573,-0.0034497147,-0.010580321,0.0,0.0,0.0
411036.0,1,1,0.99993294,0.0032713523,-0.0033873953,-0.010582719,0.0,0.0,0.0
411037.0,1,1,0.99993306,0.0032919052,-0.0033208777,-0.010585152,0.0,0.0,0.0
411038.0,1,1,0.9999332,0.0033021583,-0.003247902,-0.010592946,0.0,0.0,0.0
411039.0,1,1,0.99993336,0.0033098494,-0.003175719,-0.010598058,0.0,0.0,0.0
411040.0,1,1,0.9999335,0.0033129526,-0.0031014632,-0.010605797,0.0,0.0,0.0
411041.0,1,1,0.9999336,0.003316079,-0.0030310242,-0.0106162485,0.0,0.0,0.0
411042.0,1,1,0.9999338,0.0033191754,-0.0029590733,-0.010621399,0.0,0.0,0.0
411043.0,1,1,0.9999339,0.0033241815,-0.002885409,-0.010629217,0.0,0.0,0.0
411044.0,1,1,0.99993396,0.0033342896,-0.002807367,-0.010639696,0.0,0.0,0.0
411045.0,1,1,0.99993396,0.0033461973,-0.0027426805,-0.010652882,0.0,0.0,0.0
411046.0,1,1,0.99993396,0.003362741,-0.0026878435,-0.010663345,0.0,0.0,0.0
411047.0,1,1,0.9999339,0.003371261,-0.0026355695,-0.010668474,0.0,0.0,0.0
411048.0,1,1,0.999934,0.0033719868,-0.0025760643,-0.010678904,0.0,0.0,0.0
411049.0,1,1,0.9999341,0.0033701384,-0.0025091046,-0.010689318,0.0,0.0,0.0
411050.0,1,1,0.9999342,0.0033764772,-0.0024353506,-0.010694404,0.0,0.0,0.0
411051.0,1,1,0.9999344,0.003377741,-0.0023483154,-0.010696875,0.0,0.0,0.0
411052.0,1,1,0.99993455,0.0033770336,-0.002245703,-0.010704751,0.0,0.0,0.0
411053.0,1,1,0.9999347,0.0033739826,-0.002138098,-0.01071536,0.0,0.0,0.0
411054.0,1,1,0.9999348,0.0033690212,-0.0020448382,-0.010725993,0.0,0.0,0.0
411055.0,1,1,0.99993485,0.0033664745,-0.0019721598,-0.010736624,0.0,0.0,0.0
411056.0,1,1,0.99993485,0.0033663819,-0.001915234,-0.010744539,0.0,0.0,0.0
411057.0,1,1,0.9999349,0.003367904,-0.0018637953,-0.010749786,0.0,0.0,0.0
411058.0,1,1,0.99993485,0.003368955,-0.001829782,-0.010752361,0.0,0.0,0.0
411059.0,1,1,0.99993485,0.0033631478,-0.0017998365,-0.010762826,0.0,0.0,0.0
411060.0,1,1,0.99993485,0.0033547285,-0.0017701482,-0.010770651,0.0,0.0,0.0
411061.0,1,1,0.9999348,0.0033560928,-0.0017391167,-0.010778499,0.0,0.0,0.0
411062.0,1,1,0.99993473,0.0033628023,-0.0017055931,-0.010788964,0.0,0.0,0.0
411063.0,1,1,0.9999347,0.0033668885,-0.0016648248,-0.010802115,0.0,0.0,0.0
411064.0,1,1,0.99993455,0.0033682506,-0.0016246869,-0.010817934,0.0,0.0,0.0
411065.0,1,1,0.9999345,0.0033698748,-0.0015796174,-0.010828409,0.0,0.0,0.0
411066.0,1,1,0.9999344,0.0033721565,-0.0015374318,-0.010844193,0.0,0.0,0.0
411067.0,1,1,0.9999342,0.00337622,-0.0015046853,-0.010862588,0.0,0.0,0.0
411068.0,1,1,0.9999341,0.0033845466,-0.0014742403,-0.010875644,0.0,0.0,0.0
411069.0,1,1,0.99993396,0.003394689,-0.0014467788,-0.010886063,0.0,0.0,0.0
411070.0,1,1,0.99993384,0.0034072974,-0.0014117379,-0.010896445,0.0,0.0,0.0
411071.0,1,1,0.9999338,0.0034147277,-0.0013735871,-0.010904115,0.0,0.0,0.0
411072.0,1,1,0.99993384,0.0034167245,-0.0013268075,-0.01090639,0.0,0.0,0.0
411073.0,1,1,0.9999339,0.0034176582,-0.001261787,-0.010905958,0.0,0.0,0.0
411074.0,1,1,0.9999341,0.003413178,-0.0011813975,-0.01090548,0.0,0.0,0.0
411075.0,1,1,0.9999342,0.0034031062,-0.0010955901,-0.0109076,0.0,0.0,0.0
411076.0,1,1,0.9999344,0.003384627,-0.0010032713,-0.010904294,0.0,0.0,0.0
411077.0,1,1,0.9999347,0.003358164,-0.0008959243,-0.01089549,0.0,0.0,0.0
411078.0,1,1,0.9999351,0.0032940109,-0.00073517795,-0.010889312,0.0,0.0,0.0
411079.0,1,1,0.9999355,0.0032090743,-0.0004950565,-0.010883366,0.0,0.0,0.0
411080.0,1,1,0.9999359,0.003126022,-0.00022587272,-0.010880366,0.0,0.0,0.0
411081.0,1,1,0.9999362,0.0030419119,1.4837639e-05,-0.010882723,0.0,0.0,0.0
411082.0,1,1,0.9999362,0.0029789612,0.00021192993,-0.010890242,0.0,0.0,0.0
411083.0,1,1,0.9999363,0.0029387213,0.0003834877,-0.010892345,0.0,0.0,0.0
411084.0,1,1,0.9999362,0.0029112145,0.0005948174,-0.010897218,0.0,0.0,0.0
411085.0,1,1,0.99993616,0.0028789674,0.0008227466,-0.010899673,0.0,0.0,0.0
411086.0,1,1,0.999936,0.0028548436,0.0010212008,-0.010907546,0.0,0.0,0.0
411087.0,1,1,0.9999358,0.002840189,0.0011631177,-0.010915339,0.0,0.0,0.0
411088.0,1,1,0.99993557,0.0028266457,0.0012677892,-0.010920323,0.0,0.0,0.0
411089.0,1,1,0.9999355,0.0028099436,0.0013593901,-0.010922595,0.0,0.0,0.0
411090.0,1,1,0.99993545,0.0027909658,0.001462655,-0.010922202,0.0,0.0,0.0
411091.0,1,1,0.9999354,0.0027645158,0.0015694983,-0.010921842,0.0,0.0,0.0
411092.0,1,1,0.99993515,0.002733041,0.0016769827,-0.010926816,0.0,0.0,0.0
411093.0,1,1,0.99993503,0.0027043237,0.0017861961,-0.010926433,0.0,0.0,0.0
411094.0,1,1,0.999935,0.00267853,0.0018931066,-0.010923339,0.0,0.0,0.0
411095.0,1,1,0.99993485,0.0026476593,0.0019946313,-0.010922842,0.0,0.0,0.0
411096.0,1,1,0.9999348,0.002612262,0.0021013212,-0.010922325,0.0,0.0,0.0
411097.0,1,1,0.9999347,0.0025756748,0.0022160665,-0.010921844,0.0,0.0,0.0
411098.0,1,1,0.99993443,0.002529169,0.0023439957,-0.010926711,0.0,0.0,0.0
411099.0,1,1,0.99993414,0.0024830177,0.0024836347,-0.0109342225,0.0,0.0,0.0
411100.0,1,1,0.9999337,0.0024373895,0.0026273387,-0.010939037,0.0,0.0,0.0
411101.0,1,1,0.9999335,0.0023939603,0.0027676197,-0.010938484,0.0,0.0,0.0
411102.0,1,1,0.9999331,0.0023555374,0.0029192949,-0.010943192,0.0,0.0,0.0
411103.0,1,1,0.99993265,0.0023102094,0.0030986334,-0.010947935,0.0,0.0,0.0
411104.0,1,1,0.99993205,0.0022490893,0.0032898786,-0.010952813,0.0,0.0,0.0
411105.0,1,1,0.9999315,0.0021770794,0.0034751717,-0.010960436,0.0,0.0,0.0
411106.0,1,1,0.999931,0.0021059688,0.0036615725,-0.010968143,0.0,0.0,0.0
411107.0,1,1,0.99993026,0.0020385683,0.0038575497,-0.010978597,0.0,0.0,0.0
411108.0,1,1,0.9999294,0.001980336,0.0040387227,-0.010991874,0.0,0.0,0.0
411109.0,1,1,0.99992895,0.0019256754,0.004174295,-0.011002575,0.0,0.0,0.0
411110.0,1,1,0.9999285,0.0018857296,0.004261564,-0.01101852,0.0,0.0,0.0
411111.0,1,1,0.9999282,0.0018602213,0.00429415,-0.011036968,0.0,0.0,0.0
411112.0,1,1,0.999928,0.001838961,0.004313171,-0.011047345,0.0,0.0,0.0
411113.0,1,1,0.99992776,0.0018155109,0.0043548136,-0.011060386,0.0,0.0,0.0
411114.0,1,1,0.99992734,0.0017956669,0.004417438,-0.011076176,0.0,0.0,0.0
411115.0,1,1,0.9999269,0.0017732221,0.0044862335,-0.011089276,0.0,0.0,0.0
411116.0,1,1,0.99992657,0.0017479714,0.0045502875,-0.011099685,0.0,0.0,0.0
411117.0,1,1,0.99992615,0.0017254864,0.004614091,-0.011112679,0.0,0.0,0.0
411118.0,1,1,0.99992573,0.0017102885,0.0046779015,-0.011125601,0.0,0.0,0.0
411119.0,1,1,0.9999253,0.0016945663,0.004748876,-0.011138513,0.0,0.0,0.0
411120.0,1,1,0.99992484,0.001676457,0.004829769,-0.011148722,0.0,0.0,0.0
411121.0,1,1,0.9999243,0.001655799,0.0049186386,-0.011158843,0.0,0.0,0.0
411122.0,1,1,0.99992377,0.0016274714,0.0050152414,-0.011166242,0.0,0.0,0.0
411123.0,1,1,0.9999232,0.001590092,0.005118479,-0.011171,0.0,0.0,0.0
411124.0,1,1,0.9999227,0.0015383646,0.0052287164,-0.011175789,0.0,0.0,0.0
411125.0,1,1,0.9999221,0.0014804517,0.0053484915,-0.011183257,0.0,0.0,0.0
411126.0,1,1,0.9999214,0.0014250078,0.005484671,-0.011190676,0.0,0.0,0.0
411127.0,1,1,0.99992055,0.0013674272,0.005640599,-0.011198032,0.0,0.0,0.0
411128.0,1,1,0.9999195,0.0013079267,0.0058081876,-0.011205349,0.0,0.0,0.0
411129.0,1,1,0.9999186,0.0012539848,0.0059819752,-0.011207302,0.0,0.0,0.0
411130.0,1,1,0.99991745,0.0012082683,0.006169026,-0.011211898,0.0,0.0,0.0
411131.0,1,1,0.99991614,0.0011556685,0.0063689672,-0.011216507,0.0,0.0,0.0
411132.0,1,1,0.99991477,0.0010910868,0.00658258,-0.011223792,0.0,0.0,0.0
411133.0,1,1,0.9999132,0.0010309648,0.006816598,-0.01122844,0.0,0.0,0.0
411134.0,1,1,0.99991155,0.0009690918,0.00706544,-0.011230457,0.0,0.0,0.0
411135.0,1,1,0.99990976,0.0009085136,0.007320376,-0.01123521,0.0,0.0,0.0
411136.0,1,1,0.9999079,0.0008386087,0.0075601987,-0.011240034,0.0,0.0,0.0
411137.0,1,1,0.99990606,0.00076929666,0.007802676,-0.011244909,0.0,0.0,0.0
411138.0,1,1,0.999904,0.000714,0.008062686,-0.011252397,0.0,0.0,0.0
411139.0,1,1,0.99990165,0.00067162263,0.008338042,-0.0112545155,0.0,0.0,0.0
411140.0,1,1,0.9998998,0.00061155466,0.008566583,-0.011254036,0.0,0.0,0.0
411141.0,1,1,0.99989784,0.00056340516,0.008795155,-0.011259069,0.0,0.0,0.0
411142.0,1,1,0.9998957,0.00052649976,0.009019806,-0.011266502,0.0,0.0,0.0
411143.0,1,1,0.9998938,0.0004790043,0.009231314,-0.01127113,0.0,0.0,0.0
411144.0,1,1,0.9998921,0.0004254264,0.0094179725,-0.011270573,0.0,0.0,0.0
411145.0,1,1,0.9998903,0.00038299902,0.009603244,-0.011275431,0.0,0.0,0.0
411146.0,1,1,0.9998884,0.0003410498,0.009796037,-0.011280294,0.0,0.0,0.0
411147.0,1,1,0.99988645,0.00029725194,0.009989626,-0.011287894,0.0,0.0,0.0
411148.0,1,1,0.9998845,0.00025118422,0.010168359,-0.011292791,0.0,0.0,0.0
411149.0,1,1,0.99988264,0.00020788604,0.010339956,-0.011302986,0.0,0.0,0.0
411150.0,1,1,0.9998808,0.00017299624,0.010509469,-0.011313262,0.0,0.0,0.0
411151.0,1,1,0.999879,0.0001408523,0.010672314,-0.011320853,0.0,0.0,0.0
411152.0,1,1,0.9998771,0.00010405905,0.010840784,-0.011328425,0.0,0.0,0.0
411153.0,1,1,0.99987525,6.272598e-05,0.011006538,-0.01133339,0.0,0.0,0.0
411154.0,1,1,0.99987346,3.2262757e-05,0.0111608235,-0.011343798,0.0,0.0,0.0
411155.0,1,1,0.9998716,-4.540758e-07,0.011303816,-0.011356886,0.0,0.0,0.0
411156.0,1,1,0.99986994,-3.19192e-05,0.011445811,-0.011364771,0.0,0.0,0.0
411157.0,1,1,0.9998682,-5.350133e-05,0.011590758,-0.011372608,0.0,0.0,0.0
411158.0,1,1,0.9998663,-7.527811e-05,0.011738766,-0.0113882795,0.0,0.0,0.0
411159.0,1,1,0.9998643,-9.651934e-05,0.011897775,-0.011401387,0.0,0.0,0.0
411160.0,1,1,0.9998622,-0.00011870991,0.012063927,-0.011412004,0.0,0.0,0.0
411161.0,1,1,0.9998599,-0.00015997958,0.012225676,-0.011428169,0.0,0.0,0.0
411162.0,1,1,0.9998581,-0.00019013193,0.012365363,-0.011444618,0.0,0.0,0.0
411163.0,1,1,0.9998564,-0.00020315773,0.012485621,-0.011460909,0.0,0.0,0.0
411164.0,1,1,0.99985474,-0.00020687455,0.012607655,-0.01147437,0.0,0.0,0.0
411165.0,1,1,0.9998527,-0.00020048681,0.0127414875,-0.0114931185,0.0,0.0,0.0
411166.0,1,1,0.9998509,-0.0001840174,0.012867946,-0.011511854,0.0,0.0,0.0
411167.0,1,1,0.99984896,-0.00017339979,0.013005289,-0.011531003,0.0,0.0,0.0
411168.0,1,1,0.99984694,-0.00016301313,0.013138799,-0.011555495,0.0,0.0,0.0
411169.0,1,1,0.999845,-0.00015299488,0.013265378,-0.011577213,0.0,0.0,0.0
411170.0,1,1,0.9998435,-0.000120718345,0.0133657595,-0.011596385,0.0,0.0,0.0
411171.0,1,1,0.999842,-8.972396e-05,0.013463183,-0.011615185,0.0,0.0,0.0
411172.0,1,1,0.9998403,-7.163451e-05,0.013565835,-0.011631392,0.0,0.0,0.0
411173.0,1,1,0.99983877,-4.0641455e-05,0.013669623,-0.011647683,0.0,0.0,0.0
411174.0,1,1,0.9998369,-1.2589372e-05,0.013789889,-0.011663888,0.0,0.0,0.0
411175.0,1,1,0.9998349,3.657649e-07,0.0139190145,-0.011682859,0.0,0.0,0.0
411176.0,1,1,0.9998328,1.01780015e-05,0.014053834,-0.011699689,0.0,0.0,0.0
411177.0,1,1,0.99983054,2.1106303e-05,0.0142040355,-0.011714047,0.0,0.0,0.0
411178.0,1,1,0.99982846,6.597153e-05,0.01433882,-0.011728234,0.0,0.0,0.0
411179.0,1,1,0.99982667,0.000116732954,0.0144483745,-0.011744753,0.0,0.0,0.0
411180.0,1,1,0.9998249,0.0001379436,0.014556833,-0.011761611,0.0,0.0,0.0
411181.0,1,1,0.99982285,0.00016130377,0.01468387,-0.011776426,0.0,0.0,0.0
411182.0,1,1,0.9998209,0.00019986926,0.01480694,-0.01179134,0.0,0.0,0.0
411183.0,1,1,0.9998191,0.00024727112,0.014916613,-0.011803476,0.0,0.0,0.0
411184.0,1,1,0.9998173,0.0003209058,0.015026074,-0.0118072415,0.0,0.0,0.0
411185.0,1,1,0.99981517,0.0004189268,0.015163878,-0.01181023,0.0,0.0,0.0
411186.0,1,1,0.99981326,0.00048556685,0.015287352,-0.0118131265,0.0,0.0,0.0
411187.0,1,1,0.9998117,0.00050230825,0.01538801,-0.011811774,0.0,0.0,0.0
411188.0,1,1,0.9998099,0.00050925504,0.0155068515,-0.011808558,0.0,0.0,0.0
411189.0,1,1,0.9998079,0.00054815103,0.015646007,-0.011797119,0.0,0.0,0.0
411190.0,1,1,0.9998057,0.00061951095,0.01579241,-0.011785044,0.0,0.0,0.0
411191.0,1,1,0.9998035,0.0007045008,0.01593805,-0.011770081,0.0,0.0,0.0
411192.0,1,1,0.9998017,0.0007695313,0.016063089,-0.011750191,0.0,0.0,0.0
411193.0,1,1,0.99979967,0.00082805264,0.0161911,-0.011736128,0.0,0.0,0.0
411194.0,1,1,0.99979734,0.0009107167,0.016345346,-0.011719204,0.0,0.0,0.0
411195.0,1,1,0.99979466,0.0010266341,0.016511247,-0.01169897,0.0,0.0,0.0
411196.0,1,1,0.99979234,0.0011400033,0.016663637,-0.011673202,0.0,0.0,0.0
411197.0,1,1,0.9997897,0.0012509921,0.016830526,-0.01165286,0.0,0.0,0.0
411198.0,1,1,0.99978673,0.0013419274,0.017016176,-0.011622262,0.0,0.0,0.0
411199.0,1,1,0.9997835,0.0014224403,0.017227856,-0.011580927,0.0,0.0,0.0
411200.0,1,1,0.99978036,0.0015287567,0.017433887,-0.011536425,0.0,0.0,0.0
411201.0,1,1,0.9997777,0.0016284158,0.01760929,-0.011488859,0.0,0.0,0.0
411202.0,1,1,0.9997741,0.0017112624,0.017824749,-0.011449229,0.0,0.0,0.0
411203.0,1,1,0.9997699,0.0017756276,0.01807876,-0.011407687,0.0,0.0,0.0
411204.0,1,1,0.9997645,0.0018461151,0.018398771,-0.0113638155,0.0,0.0,0.0
411205.0,1,1,0.9997576,0.0019515371,0.01878162,-0.011325111,0.0,0.0,0.0
411206.0,1,1,0.99975014,0.002082533,0.019178031,-0.011291094,0.0,0.0,0.0
411207.0,1,1,0.99974257,0.0022287497,0.01957888,-0.011251386,0.0,0.0,0.0
411208.0,1,1,0.9997343,0.002363465,0.020003783,-0.011211509,0.0,0.0,0.0
411209.0,1,1,0.99972546,0.0024579945,0.02044907,-0.011172018,0.0,0.0,0.0
411210.0,1,1,0.9997156,0.0025174466,0.020938482,-0.011133609,0.0,0.0,0.0
411211.0,1,1,0.9997053,0.0025541156,0.021438241,-0.01109931,0.0,0.0,0.0
411212.0,1,1,0.99969465,0.002624995,0.021937683,-0.011068487,0.0,0.0,0.0
411213.0,1,1,0.9996835,0.0027492936,0.022439934,-0.011037342,0.0,0.0,0.0
411214.0,1,1,0.9996722,0.0029036961,0.022930883,-0.011016249,0.0,0.0,0.0
411215.0,1,1,0.99966055,0.0030784903,0.023416396,-0.011006053,0.0,0.0,0.0
411216.0,1,1,0.99964863,0.003257065,0.023892263,-0.01100678,0.0,0.0,0.0
411217.0,1,1,0.9996368,0.0034410781,0.024353802,-0.011010284,0.0,0.0,0.0
411218.0,1,1,0.99962485,0.003661572,0.0248102,-0.011010391,0.0,0.0,0.0
411219.0,1,1,0.9996131,0.0038994653,0.025241872,-0.011011744,0.0,0.0,0.0
411220.0,1,1,0.9996025,0.0041101933,0.025627198,-0.011017809,0.0,0.0,0.0
411221.0,1,1,0.9995931,0.00428571,0.025959404,-0.0110215405,0.0,0.0,0.0
411222.0,1,1,0.9995845,0.004433215,0.026259115,-0.011025175,0.0,0.0,0.0
411223.0,1,1,0.999576,0.0045518647,0.02656053,-0.01103149,0.0,0.0,0.0
411224.0,1,1,0.99956816,0.0046563917,0.026837049,-0.011032565,0.0,0.0,0.0
411225.0,1,1,0.9995626,0.004771627,0.027023667,-0.011029845,0.0,0.0,0.0
411226.0,1,1,0.99955904,0.004876524,0.027133718,-0.0110392505,0.0,0.0,0.0
411227.0,1,1,0.99955535,0.0049356665,0.027247638,-0.011056981,0.0,0.0,0.0
411228.0,1,1,0.99955106,0.004943486,0.02739513,-0.011081577,0.0,0.0,0.0
411229.0,1,1,0.9995478,0.0049337735,0.02750921,-0.011102012,0.0,0.0,0.0
411230.0,1,1,0.9995479,0.004932357,0.02749806,-0.011119365,0.0,0.0,0.0
411231.0,1,1,0.9995509,0.0049338364,0.027378581,-0.011144236,0.0,0.0,0.0
411232.0,1,1,0.99955523,0.0049129874,0.027210122,-0.011177876,0.0,0.0,0.0
411233.0,1,1,0.99955964,0.0048575834,0.027046518,-0.011205543,0.0,0.0,0.0
411234.0,1,1,0.9995637,0.004787584,0.026896423,-0.0112354485,0.0,0.0,0.0
411235.0,1,1,0.99956805,0.004759579,0.02671733,-0.011279558,0.0,0.0,0.0
411236.0,1,1,0.99957347,0.0047889506,0.026487058,-0.011334009,0.0,0.0,0.0
411237.0,1,1,0.9995796,0.004858121,0.026218697,-0.011388525,0.0,0.0,0.0
411238.0,1,1,0.9995867,0.0049444665,0.025901495,-0.011446363,0.0,0.0,0.0
411239.0,1,1,0.99959505,0.0050699436,0.025527023,-0.011509872,0.0,0.0,0.0
411240.0,1,1,0.9996043,0.0052199815,0.025100848,-0.011578162,0.0,0.0,0.0
411241.0,1,1,0.9996148,0.0053594452,0.024616517,-0.011648939,0.0,0.0,0.0
411242.0,1,1,0.99962664,0.005511797,0.024061417,-0.011714402,0.0,0.0,0.0
411243.0,1,1,0.99963856,0.0056755864,0.023488019,-0.011787216,0.0,0.0,0.0
411244.0,1,1,0.9996498,0.005839788,0.02292133,-0.011862501,0.0,0.0,0.0
411245.0,1,1,0.9996606,0.006011539,0.022363376,-0.0119349,0.0,0.0,0.0
411246.0,1,1,0.9996708,0.0061816024,0.021819476,-0.012007171,0.0,0.0,0.0
411247.0,1,1,0.99968034,0.0063377097,0.021287194,-0.012079279,0.0,0.0,0.0
411248.0,1,1,0.99968946,0.0064979577,0.020764632,-0.01215161,0.0,0.0,0.0
411249.0,1,1,0.9996979,0.0066716466,0.020256363,-0.012220458,0.0,0.0,0.0
411250.0,1,1,0.99970573,0.0068586986,0.019759532,-0.0122909825,0.0,0.0,0.0
411251.0,1,1,0.99971277,0.007041506,0.019287916,-0.012363904,0.0,0.0,0.0
411252.0,1,1,0.999719,0.0072158203,0.01884775,-0.012434111,0.0,0.0,0.0
411253.0,1,1,0.99972457,0.007373013,0.018435746,-0.012511904,0.0,0.0,0.0
411254.0,1,1,0.99972975,0.007505915,0.018041272,-0.012600428,0.0,0.0,0.0
411255.0,1,1,0.99973387,0.00763869,0.01767715,-0.012705592,0.0,0.0,0.0
411256.0,1,1,0.99973744,0.0077768657,0.01732491,-0.012823692,0.0,0.0,0.0
411257.0,1,1,0.99974066,0.007923961,0.016962793,-0.012970766,0.0,0.0,0.0
411258.0,1,1,0.99974257,0.008086041,0.016637143,-0.01314139,0.0,0.0,0.0
411259.0,1,1,0.9997436,0.008243853,0.016340304,-0.013333763,0.0,0.0,0.0
411260.0,1,1,0.9997449,0.008354148,0.016023932,-0.0135478685,0.0,0.0,0.0
411261.0,1,1,0.99974763,0.008412793,0.015642207,-0.013760428,0.0,0.0,0.0
411262.0,1,1,0.99975145,0.008434642,0.01520739,-0.013954514,0.0,0.0,0.0
411263.0,1,1,0.9997566,0.00842383,0.014703231,-0.014127036,0.0,0.0,0.0
411264.0,1,1,0.9997632,0.00840618,0.014102818,-0.01428626,0.0,0.0,0.0
411265.0,1,1,0.99977016,0.008375164,0.013433872,-0.014458582,0.0,0.0,0.0
411266.0,1,1,0.99977654,0.0083337445,0.0127685815,-0.014643944,0.0,0.0,0.0
411267.0,1,1,0.9997819,0.008301126,0.012133561,-0.014832379,0.0,0.0,0.0
411268.0,1,1,0.999787,0.008283498,0.011495692,-0.015007288,0.0,0.0,0.0
411269.0,1,1,0.99979144,0.008262572,0.010877801,-0.015187283,0.0,0.0,0.0
411270.0,1,1,0.9997949,0.008239067,0.010306171,-0.015364967,0.0,0.0,0.0
411271.0,1,1,0.99979764,0.008233609,0.009769404,-0.015540051,0.0,0.0,0.0
411272.0,1,1,0.9998002,0.008237978,0.009215669,-0.015712231,0.0,0.0,0.0
411273.0,1,1,0.9998026,0.008233549,0.0086397845,-0.01588732,0.0,0.0,0.0
411274.0,1,1,0.9998038,0.008261986,0.008119004,-0.016067524,0.0,0.0,0.0
411275.0,1,1,0.99980444,0.00830041,0.007637797,-0.016242921,0.0,0.0,0.0
411276.0,1,1,0.99980557,0.008322134,0.0070971665,-0.016407892,0.0,0.0,0.0
411277.0,1,1,0.9998061,0.008378963,0.006536678,-0.016580008,0.0,0.0,0.0
411278.0,1,1,0.9998059,0.00844859,0.0059898845,-0.01675789,0.0,0.0,0.0
411279.0,1,1,0.99980503,0.008507634,0.0055070184,-0.01694703,0.0,0.0,0.0
411280.0,1,1,0.99980336,0.008573724,0.005061007,-0.017150396,0.0,0.0,0.0
411281.0,1,1,0.9998013,0.008668701,0.0045764106,-0.017361969,0.0,0.0,0.0
411282.0,1,1,0.99979854,0.008798779,0.004025791,-0.017586797,0.0,0.0,0.0
411283.0,1,1,0.999795,0.008961061,0.0034465904,-0.017824883,0.0,0.0,0.0
411284.0,1,1,0.99979097,0.0091339955,0.0028380782,-0.018068423,0.0,0.0,0.0
411285.0,1,1,0.99978673,0.009284865,0.0022134485,-0.018312737,0.0,0.0,0.0
411286.0,1,1,0.99978215,0.009417566,0.0015749608,-0.0185602,0.0,0.0,0.0
411287.0,1,1,0.9997771,0.009552308,0.00091865874,-0.018808834,0.0,0.0,0.0
411288.0,1,1,0.9997716,0.009685549,0.00022919022,-0.019048523,0.0,0.0,0.0
411289.0,1,1,0.9997659,0.00981826,-0.00052801747,-0.01927816,0.0,0.0,0.0
411290.0,1,1,0.99975914,0.009968424,-0.001391443,-0.019503495,0.0,0.0,0.0
411291.0,1,1,0.9997515,0.010103198,-0.0023629188,-0.019732088,0.0,0.0,0.0
411292.0,1,1,0.9997425,0.010221712,-0.003410329,-0.019971984,0.0,0.0,0.0
411293.0,1,1,0.9997319,0.010379653,-0.0045325425,-0.020194348,0.0,0.0,0.0
411294.0,1,1,0.9997192,0.010576792,-0.0057536373,-0.020412479,0.0,0.0,0.0
411295.0,1,1,0.9997032,0.010826442,-0.0071148663,-0.020634819,0.0,0.0,0.0
411296.0,1,1,0.99968314,0.011123135,-0.008608142,-0.020874733,0.0,0.0,0.0
411297.0,1,1,0.99965924,0.011415946,-0.010240055,-0.021127868,0.0,0.0,0.0
411298.0,1,1,0.9996313,0.011654775,-0.012002025,-0.02138785,0.0,0.0,0.0
411299.0,1,1,0.9995991,0.011833848,-0.013899823,-0.021645179,0.0,0.0,0.0
411300.0,1,1,0.9995621,0.011982,-0.015908921,-0.02188492,0.0,0.0,0.0
411301.0,1,1,0.9995187,0.012101085,-0.018086439,-0.022109956,0.0,0.0,0.0
411302.0,1,1,0.99946666,0.012152799,-0.020496955,-0.022328148,0.0,0.0,0.0
411303.0,1,1,0.9994075,0.01216436,-0.02302276,-0.022508264,0.0,0.0,0.0
411304.0,1,1,0.9993404,0.012121349,-0.02568888,-0.022628468,0.0,0.0,0.0
411305.0,1,1,0.99926436,0.012009319,-0.028484678,-0.022694845,0.0,0.0,0.0
411306.0,1,1,0.9991796,0.01185458,-0.031365164,-0.022713643,0.0,0.0,0.0
411307.0,1,1,0.9990805,0.011601,-0.034474693,-0.022697862,0.0,0.0,0.0
411308.0,1,1,0.99897105,0.01124764,-0.037645787,-0.022652948,0.0,0.0,0.0
411309.0,0,0,0.9988519,0.010625881,-0.04090837,-0.022550957,-7.773772e-06,9.527212e-06,1.4792427e-05
411310.0,0,0,0.9987191,0.009948708,-0.044257417,-0.022416774,-3.2979595e-05,2.8335317e-05,4.3105345e-05
411311.0,0,0,0.9985633,0.009218014,-0.04785814,-0.022271235,-9.3458984e-05,5.9628896e-05,8.460126e-05
411312.0,0,0,0.9983712,0.008401058,-0.051912174,-0.02212486,-0.00021335864,0.000107083804,0.0001400115
411313.0,0,0,0.99812603,0.0074965223,-0.056611497,-0.021985069,-0.00041874012,0.00017371176,0.00020878173
411314.0,0,0,0.99780625,0.0064517744,-0.062158868,-0.021849638,-0.0007404429,0.00026773228,0.0002918791
411315.0,0,0,0.99736804,0.005162048,-0.06898311,-0.021721685,-0.0012083816,0.00040068247,0.0003905103
411316.0,0,0,0.9967766,0.0035273188,-0.0771814,-0.021613756,-0.0018512484,0.00058019167,0.00050476566
411317.0,0,0,0.995974,0.0015049524,-0.08701112,-0.021510012,-0.002704325,0.0008145553,0.00063843647
411318.0,0,0,0.9948828,-0.0010619112,-0.09874501,-0.021368077,-0.003795633,0.0011193608,0.0007985347
411319.0,0,0,0.9934012,-0.0044460143,-0.11265876,-0.02103071,-0.005155756,0.0015214494,0.0009997003
411320.0,0,0,0.9914219,-0.008792597,-0.12874398,-0.020743085,-0.0068236003,0.0020425972,0.0012612969
411321.0,0,0,0.98874116,-0.014008234,-0.1475586,-0.020522892,-0.008841251,0.0026860854,0.0016017677
411322.0,0,0,0.98525447,-0.019823626,-0.1687172,-0.020378625,-0.011175008,0.0034356643,0.002030213
411323.0,0,0,0.9810139,-0.026407262,-0.19101773,-0.020653319,-0.013807122,0.004300124,0.00255473
411324.0,0,0,0.97593576,-0.03391468,-0.21435043,-0.021288166,-0.016772332,0.0052958815,0.0031604352
411325.0,0,0,0.96965027,-0.04221487,-0.23981316,-0.022043128,-0.020147065,0.006435468,0.0038023742
411326.0,0,0,0.96198475,-0.05126891,-0.2672707,-0.022874482,-0.023964157,0.0077233533,0.004416513
411327.0,0,0,0.9529509,-0.061095875,-0.29593253,-0.023998117,-0.028188294,0.009142484,0.004928792
411328.0,0,0,0.94236666,-0.07140859,-0.32586294,-0.025674205,-0.032802984,0.010660099,0.0052725277
411329.0,0,0,0.9303209,-0.081396,-0.35651946,-0.027775472,-0.037697576,0.012181558,0.005390358
411330.0,0,0,0.91672003,-0.09022167,-0.3880678,-0.02979716,-0.042838667,0.013601777,0.005233391
411331.0,0,0,0.90156525,-0.097001575,-0.4204784,-0.031121435,-0.048127532,0.014806617,0.0047555864
411332.0,0,0,0.88561046,-0.10142425,-0.4521969,-0.030417813,-0.053458776,0.016185924,0.004425472
411333.0,0,0,0.8710467,-0.10722676,-0.47831273,-0.03157665,-0.058976803,0.017954249,0.0049944664
411334.0,0,0,0.86060584,-0.11122221,-0.49571228,-0.03544773,-0.06509304,0.020030936,0.0070154555
411335.0,0,0,0.8547543,-0.11056325,-0.50562394,-0.038927183,-0.072158985,0.022241984,0.010380223
411336.0,0,0,0.8527701,-0.10800057,-0.5091858,-0.042998713,-0.08031874,0.024534049,0.01453804
411337.0,0,0,0.8528934,-0.105252646,-0.50912523,-0.047814667,-0.08947165,0.026913779,0.018871346
411338.0,0,0,0.8536147,-0.102407135,-0.50807244,-0.052128833,-0.099495485,0.029398708,0.023044085
411339.0,0,0,0.8547653,-0.09953904,-0.50627816,-0.056130603,-0.11022119,0.03196303,0.026972234
411340.0,0,0,0.85646945,-0.09624142,-0.50360674,-0.05981623,-0.12153736,0.034572918,0.030676631
411341.0,0,0,0.85845923,-0.09249246,-0.5005103,-0.06310706,-0.13335417,0.03720897,0.034138676
411342.0,0,0,0.8604677,-0.08851655,-0.49736863,-0.06621633,-0.14558443,0.039873354,0.037297506
411343.0,0,0,0.86234325,-0.08453331,-0.494389,-0.06926664,-0.15822226,0.042594995,0.040123697
411344.0,0,0,0.86415863,-0.08063672,-0.4914132,-0.072391875,-0.17127672,0.045399647,0.04263161
411345.0,0,0,0.86610454,-0.07683189,-0.488082,-0.07573482,-0.18470237,0.048287146,0.044855237
411346.0,0,0,0.86829454,-0.07307283,-0.48418298,-0.07932074,-0.19849499,0.051253516,0.046835456
411347.0,0,0,0.87077504,-0.069329165,-0.47961372,-0.08315576,-0.2126896,0.054297946,0.048600495
411348.0,0,0,0.8735415,-0.06559811,-0.4743609,-0.0872009,-0.22727765,0.057410095,0.050159976
411349.0,0,0,0.87658125,-0.061865028,-0.46842474,-0.091412485,-0.24232051,0.06059443,0.051528618
411350.0,0,0,0.87984324,-0.05813163,-0.46189946,-0.09563225,-0.2576093,0.06379683,0.052705556
411351.0,0,0,0.8833646,-0.05428796,-0.45470738,-0.09980444,-0.27335882,0.0670499,0.05372567
411352.0,0,0,0.8871252,-0.05028531,-0.44687766,-0.103830695,-0.28952605,0.07033048,0.05460329
411353.0,0,0,0.8911064,-0.046058826,-0.43843272,-0.107631646,-0.30605903,0.073612966,0.05535264
411354.0,0,0,0.8952993,-0.04155363,-0.42937443,-0.111130655,-0.3229571,0.07688224,0.0559863
411355.0,0,0,0.89967877,-0.036745347,-0.4197229,-0.11428254,-0.3402338,0.080128565,0.05651079
411356.0,0,0,0.9041727,-0.03169637,-0.40958893,-0.117064446,-0.3578193,0.08333191,0.056926604
411357.0,0,0,0.90872365,-0.026491953,-0.39905557,-0.11947435,-0.37573418,0.08649311,0.05723843
411358.0,0,0,0.91331214,-0.02119197,-0.38812432,-0.12153773,-0.39399695,0.08961302,0.05745495
411359.0,0,0,0.9179047,-0.015899455,-0.37682945,-0.12327957,-0.41253376,0.092677385,0.057587665
411360.0,0,0,0.9224772,-0.010682018,-0.36518893,-0.12473534,-0.43132424,0.09568385,0.05765113
411361.0,0,0,0.9270246,-0.005621046,-0.35316023,-0.12598275,-0.4503965,0.09863917,0.057661917
411362.0,0,0,0.93154573,-0.00080370775,-0.34069672,-0.12707305,-0.46971852,0.101540394,0.05763626
411363.0,0,0,0.93603235,0.0037309958,-0.3277753,-0.12803526,-0.4892744,0.1043869,0.057585154
411364.0,0,0,0.9404434,0.00791971,-0.31446108,-0.1289095,-0.50898325,0.10717128,0.057511445
411365.0,0,0,0.94476426,0.011709211,-0.30074334,-0.12975666,-0.52888864,0.10990578,0.057409346
411366.0,0,0,0.9489444,0.015039235,-0.2867535,-0.13057883,-0.5489569,0.112591244,0.057269935
411367.0,0,0,0.9529286,0.0178609,-0.2726701,-0.13137384,-0.5691098,0.11522091,0.057088375
411368.0,0,0,0.9567226,0.020172242,-0.25849137,-0.13212574,-0.5894501,0.11780758,0.056865737
411369.0,0,0,0.96030354,0.02197851,-0.24432968,-0.13280432,-0.60985947,0.12033127,0.05661294
411370.0,0,0,0.9636884,0.023329072,-0.23016141,-0.13336472,-0.6304059,0.12279195,0.056344185
411371.0,0,0,0.9668787,0.024255913,-0.21602242,-0.13375947,-0.6510549,0.12517698,0.05608051
411372.0,0,0,0.9698862,0.024785345,-0.2019091,-0.13393739,-0.6718051,0.12747827,0.055849556
411373.0,0,0,0.972741,0.024965398,-0.18772224,-0.13383576,-0.6926728,0.12969021,0.05568485
411374.0,0,0,0.97546095,0.02486717,-0.17336872,-0.13341972,-0.713655,0.13180819,0.05562022
411375.0,0,0,0.9780403,0.024544463,-0.15884684,-0.13267419,-0.73469466,0.13382675,0.05568626
411376.0,0,0,0.9804848,0.024049874,-0.1440598,-0.13159788,-0.7558399,0.13575357,0.05590966
411377.0,0,0,0.9827742,0.023436954,-0.12903585,-0.1302134,-0.7769951,0.13758789,0.056308623
411378.0,0,0,0.9848979,0.02271584,-0.113736205,-0.12854697,-0.79821044,0.13934685,0.056897312
411379.0,0,0,0.9868332,0.021881076,-0.09818345,-0.12665498,-0.81943303,0.14104234,0.05768467
411380.0,0,0,0.98855764,0.020929089,-0.08241185,-0.12459631,-0.84061784,0.14268677,0.058677778
411381.0,0,0,0.9900556,0.019881554,-0.066408604,-0.122411296,-0.86177623,0.14429377,0.059884302
411382.0,0,0,0.9913083,0.018782986,-0.050238237,-0.1201306,-0.88288647,0.14587185,0.06130711
411383.0,0,0,0.99229896,0.0176402,-0.034034412,-0.117784366,-0.9039055,0.14742815,0.06294706
411384.0,0,0,0.9930248,0.016455498,-0.01782821,-0.11538216,-0.9248784,0.14897555,0.064815916
411385.0,0,0,0.9934799,0.015270046,-0.0016172788,-0.112968974,-0.9456974,0.1505127,0.0669122
411386.0,0,0,0.9936616,0.01410503,0.01464538,-0.110558696,-0.9663814,0.15204628,0.06924319
411387.0,0,0,0.99356925,0.012940155,0.030889736,-0.10815975,-0.9869244,0.15358055,0.07181273
411388.0,0,0,0.9932055,0.011768451,0.04705329,-0.105784446,-1.0073096,0.15511541,0.07462625
411389.0,0,0,0.9925757,0.010624493,0.063119456,-0.10342474,-1.0274917,0.15664314,0.077689484
411390.0,0,0,0.99168336,0.009552757,0.079126425,-0.10105365,-1.047458,0.1581538,0.08101652
411391.0,0,0,0.99053156,0.008598902,0.095075294,-0.09866152,-1.0671732,0.15963335,0.08461877
411392.0,0,0,0.98911905,0.007803182,0.111017756,-0.09621627,-1.0866337,0.1610696,0.0885119
411393.0,0,0,0.9874447,0.0071597607,0.12697527,-0.09369637,-1.1057533,0.16244403,0.09268996
411394.0,0,0,0.9854988,0.0066506094,0.14301862,-0.09106901,-1.1245697,0.16374893,0.09717108
411395.0,0,0,0.98329175,0.006216406,0.15905361,-0.088320784,-1.143014,0.16497311,0.10194817
411396.0,0,0,0.98082626,0.005786616,0.17506489,-0.08543301,-1.1610371,0.16610765,0.10701807
411397.0,0,0,0.9780814,0.005364354,0.19115704,-0.0823839,-1.1786008,0.16714114,0.11237828
411398.0,0,0,0.975026,0.005002113,0.20744605,-0.079154275,-1.1956815,0.16806108,0.118022166
411399.0,0,0,0.97165054,0.004715976,0.22390434,-0.0757614,-1.212172,0.16885474,0.123894885
411400.0,0,0,0.9679413,0.0044985083,0.24052876,-0.072216526,-1.2281064,0.1695224,0.129971
411401.0,0,0,0.9639369,0.004339401,0.2571156,-0.06854557,-1.2434031,0.17006338,0.13616319
411402.0,0,0,0.95967865,0.0042315517,0.2735021,-0.064773075,-1.2580707,0.17047955,0.14240387
411403.0,0,0,0.95521224,0.00420826,0.28955367,-0.06091573,-1.272142,0.17077033,0.14862747
411404.0,0,0,0.95063245,0.004293665,0.30500305,-0.057032473,-1.2855536,0.17093714,0.15471986
411405.0,0,0,0.94599336,0.004417847,0.31976777,-0.0531561,-1.2983798,0.17099234,0.16063009
411406.0,0,0,0.94138354,0.004448999,0.33367878,-0.049353838,-1.3105851,0.17095865,0.16626166
411407.0,0,0,0.9368527,0.004226913,0.34670228,-0.04568039,-1.3222034,0.1708691,0.17155638
411408.0,0,0,0.9324523,0.003527909,0.35880068,-0.042218953,-1.3331971,0.17076175,0.17642914
411409.0,0,0,0.92818475,0.0022254824,0.37005764,-0.03905853,-1.3436009,0.17067106,0.18082993
411410.0,0,0,0.9240993,0.0002937397,0.3804229,-0.036315575,-1.3533952,0.17062438,0.18468344
411411.0,0,0,0.9202285,-0.0022632095,0.38989013,-0.03406286,-1.3625915,0.17063963,0.18792121
411412.0,0,0,0.91660655,-0.005409922,0.3984445,-0.032329626,-1.3712546,0.17072862,0.19048469
411413.0,0,0,0.91335624,-0.009061221,0.40587103,-0.031098109,-1.3793565,0.17089526,0.19229439
411414.0,0,0,0.91056484,-0.013159218,0.4120462,-0.030274885,-1.3869852,0.17113456,0.19331113
411415.0,0,0,0.9083197,-0.017521054,0.4168498,-0.02974235,-1.3941747,0.17142299,0.19349702
411416.0,0,0,0.90669405,-0.021792257,0.42019856,-0.02939758,-1.4009234,0.17171527,0.19283605
411417.0,0,0,0.9057405,-0.025526932,0.4220572,-0.02915703,-1.4072412,0.17195556,0.1913327
411418.0,0,0,0.9054965,-0.028337907,0.4224148,-0.028964035,-1.4131434,0.1720912,0.18900393
411419.0,0,0,0.9059854,-0.029988175,0.42126456,-0.02876278,-1.4186348,0.17208436,0.18588597
411420.0,0,0,0.90718937,-0.030401397,0.4186526,-0.028516795,-1.4237002,0.17192227,0.18203981
411421.0,0,0,0.9090174,-0.029759355,0.41473672,-0.028202485,-1.4283342,0.17161343,0.17750934
411422.0,0,0,0.9113144,-0.028417338,0.40978423,-0.02784838,-1.4325035,0.1711769,0.17234744
411423.0,0,0,0.913941,-0.02675713,0.40402973,-0.027490541,-1.4361892,0.17062734,0.16660053
411424.0,0,0,0.9169736,-0.025248127,0.39721802,-0.027200917,-1.4394344,0.16999869,0.16031255
411425.0,0,0,0.92121243,-0.024389291,0.38730505,-0.027707482,-1.4425541,0.16954386,0.15364188
411426.0,0,0,0.9262396,-0.028869929,0.37482622,-0.027425766,-1.4459703,0.16942167,0.14691514
411427.0,0,0,0.9312228,-0.037126243,0.3616778,-0.025196532,-1.4496825,0.16932203,0.14051887
411428.0,0,0,0.93517447,-0.04209191,0.35087425,-0.023757327,-1.4534409,0.16888723,0.13461198
411429.0,0,0,0.93905646,-0.04440627,0.34012803,-0.022669142,-1.4571037,0.16798244,0.12912627
411430.0,0,0,0.9430164,-0.044665035,0.32895386,-0.022678934,-1.4607062,0.16656487,0.12378662
411431.0,0,0,0.94754714,-0.040882166,0.3161169,-0.023519497,-1.4643134,0.16470858,0.11828383
411432.0,0,0,0.9525535,-0.035556756,0.30130777,-0.024317754,-1.4679961,0.16265707,0.11238993
411433.0,0,0,0.9578511,-0.03224982,0.2844047,-0.024396297,-1.471755,0.16066946,0.10610757
411434.0,0,0,0.9632349,-0.031059505,0.26587716,-0.022874778,-1.4754674,0.15883021,0.099621795
411435.0,0,0,0.968155,-0.030960029,0.2476227,-0.020010151,-1.4788805,0.15710631,0.09326118
411436.0,0,0,0.9723684,-0.030916594,0.23077416,-0.01694417,-1.4817828,0.15547329,0.087274656
411437.0,0,0,0.97595066,-0.030390674,0.21537891,-0.014447317,-1.4840989,0.15398756,0.08174548
411438.0,0,0,0.97900695,-0.029624294,0.2012532,-0.01283817,-1.4858556,0.15277001,0.07666073
411439.0,0,0,0.98159903,-0.029129768,0.18833734,-0.011995478,-1.4871101,0.15191372,0.071951725
411440.0,0,0,0.9837098,-0.029192265,0.17697972,-0.011881374,-1.4879024,0.15142457,0.06756132
411441.0,0,0,0.98537123,-0.0300005,0.16730745,-0.012322162,-1.4882922,0.15120885,0.06344712
411442.0,0,0,0.986742,-0.031026483,0.15876126,-0.013129669,-1.4883759,0.15111487,0.05957193
411443.0,0,0,0.987935,-0.031929057,0.15089092,-0.014038651,-1.4882585,0.15099652,0.05589221
411444.0,0,0,0.98902106,-0.032829896,0.14332806,-0.014718,-1.4880073,0.15075165,0.05234813
411445.0,0,0,0.9900067,-0.033654023,0.13612173,-0.014999218,-1.4876459,0.1503386,0.048904035
411446.0,0,0,0.9908999,-0.03437047,0.12928015,-0.014929639,-1.4871833,0.14977185,0.045534875
411447.0,0,0,0.99169856,-0.03481444,0.12291161,-0.014652361,-1.4866744,0.14906457,0.04225948
411448.0,0,0,0.9924579,-0.034415085,0.11685928,-0.01366452,-1.4861647,0.14817357,0.039155193
411449.0,0,0,0.99340373,-0.0322499,0.10937216,-0.012117714,-1.4855494,0.1470748,0.03629029
411450.0,0,0,0.99406576,-0.029807726,0.10405468,-0.010837143,-1.4847091,0.1457666,0.033590466
411451.0,0,0,0.9945919,-0.026812246,0.099874206,-0.009657261,-1.4837023,0.14426005,0.031011967
411452.0,0,0,0.995207,-0.022517223,0.0948232,-0.008034183,-1.4825983,0.14260456,0.028565474
411453.0,0,0,0.99575466,-0.017725274,0.090089336,-0.006519341,-1.4813787,0.14088286,0.026252659
411454.0,0,0,0.9961396,-0.01283229,0.086669944,-0.0054494306,-1.4800287,0.13915683,0.024029452
411455.0,0,0,0.99647874,-0.007946196,0.08334939,-0.0044662408,-1.478604,0.13748573,0.02189217
411456.0,0,0,0.99678004,-0.0032553058,0.08004259,-0.003480989,-1.4771166,0.13585645,0.019806728
411457.0,0,0,0.9970217,0.0012753791,0.07706805,-0.0025772932,-1.4755673,0.13425735,0.017781407
411458.0,0,0,0.99720776,0.0058054975,0.07443079,-0.0017487447,-1.4739444,0.13268219,0.015827993
411459.0,0,0,0.99734384,0.010191324,0.072114326,-0.0010571701,-1.4722428,0.13115788,0.013957316
411460.0,0,0,0.9974405,0.013970677,0.0701206,-0.0006064632,-1.4704864,0.12975825,0.012206322
411461.0,0,0,0.99755377,0.016734619,0.06786908,-0.0005866369,-1.4686698,0.12856665,0.010615522
411462.0,0,0,0.9976492,0.018005993,0.06611765,-0.00058804225,-1.4667652,0.12757117,0.009170589
411463.0,0,0,0.99770546,0.01870331,0.06506538,-0.00070956827,-1.4647864,0.12664202,0.0078037977
411464.0,0,0,0.99777347,0.01960964,0.06374234,-0.0008044296,-1.4627813,0.12567656,0.0064620883
411465.0,0,0,0.9978457,0.020702353,0.062246628,-0.00086650625,-1.4607624,0.12466985,0.005122037
411466.0,0,0,0.9979191,0.02144484,0.06080024,-0.0009991943,-1.4587274,0.12367694,0.00380225
411467.0,0,0,0.9979913,0.021783413,0.05947733,-0.0010992421,-1.4566557,0.12271863,0.0025172415
411468.0,0,0,0.9980552,0.02202369,0.058303885,-0.0011901297,-1.4545386,0.1217791,0.0012714104
411469.0,0,0,0.9981136,0.022198243,0.057227045,-0.0012697716,-1.452367,0.12083925,6.421778e-05
411470.0,0,0,0.9981572,0.022284437,0.05642478,-0.0013542094,-1.4501418,0.119894624,-0.0011051341
411471.0,0,0,0.9981907,0.022301514,0.05582119,-0.0014357211,-1.4478707,0.11893894,-0.0022508015
411472.0,0,0,0.99822724,0.02231905,0.055154655,-0.0015078805,-1.4455787,0.1179704,-0.0033817661
411473.0,0,0,0.9982658,0.022370521,0.05442867,-0.001594022,-1.4432628,0.11698503,-0.004505832
411474.0,0,0,0.9983014,0.022420757,0.05374749,-0.0017002224,-1.4409289,0.11598951,-0.005616593
411475.0,0,0,0.9983345,0.022478271,0.05309971,-0.0018222696,-1.4385643,0.11498078,-0.006719088
411476.0,0,1,0.9983983,0.02232926,0.05194544,-0.0019535327,-1.436175,0.11396102,-0.007811946
411477.0,0,1,0.99846077,0.022144087,0.050807472,-0.0021134948,-1.4337621,0.11292834,-0.00889485
411478.0,0,1,0.9985195,0.021967705,0.049708985,-0.0023015745,-1.4313216,0.11187869,-0.009970371
411479.0,0,1,0.99857235,0.021839391,0.04868438,-0.002512356,-1.4288656,0.11081649,-0.01103595
411480.0,0,1,0.99861974,0.02175144,0.047727745,-0.0027490412,-1.426386,0.109737575,-0.01209806
411481.0,0,1,0.99866384,0.02170163,0.04680542,-0.0029981998,-1.4238895,0.1086442,-0.013156437
411482.0,0,1,0.9987068,0.021705205,0.045860596,-0.0032475365,-1.4213742,0.10753688,-0.01421157
411483.0,0,1,0.9987492,0.021746846,0.044890326,-0.003482334,-1.418843,0.10641978,-0.015259771
411484.0,0,1,0.9987889,0.021819578,0.043943223,-0.0037070143,-1.4162918,0.10529248,-0.016301967
411485.0,0,1,0.9988276,0.0218906,0.043000773,-0.0039059487,-1.4137242,0.10415573,-0.01733754
411486.0,0,1,0.9988662,0.021974707,0.04203416,-0.004078036,-1.4111342,0.10300742,-0.01836837
411487.0,0,1,0.9989026,0.022102194,0.041073896,-0.004250859,-1.408528,0.101853386,-0.019389946
411488.0,0,1,0.9989355,0.022234393,0.040171843,-0.004436689,-1.4059,0.10069234,-0.020404704
411489.0,0,1,0.9989626,0.022388352,0.03937984,-0.00466087,-1.4032594,0.0995271,-0.021414043
411490.0,0,1,0.99898833,0.022526853,0.038608365,-0.0049424903,-1.40061,0.09835676,-0.022422565
411491.0,0,1,0.9990167,0.022542456,0.03781602,-0.005250059,-1.3979554,0.09717763,-0.023432594
411492.0,0,1,0.99904954,0.022422059,0.036969878,-0.005520322,-1.3952956,0.09598381,-0.024445346
411493.0,0,1,0.99908674,0.022340236,0.03597049,-0.0057291794,-1.3926308,0.09477799,-0.025458248
411494.0,0,1,0.99912566,0.022369178,0.03481488,-0.00595954,-1.389956,0.09356723,-0.026467504
411495.0,1,1,0.9991667,0.022361334,0.03357194,-0.0062281927,-1.4385643,0.11498078,-0.006719088
411496.0,1,1,0.9992092,0.022285346,0.03228533,-0.0064851474,-1.4385643,0.11498078,-0.006719088
411497.0,1,1,0.9992507,0.022226242,0.030963592,-0.0067268186,-1.4385643,0.11498078,-0.006719088
411498.0,1,1,0.999291,0.022164194,0.029628633,-0.0069683036,-1.4385643,0.11498078,-0.006719088
411499.0,1,1,0.999329,0.022052815,0.028344793,-0.0072132004,-1.4385643,0.11498078,-0.006719088
411500.0,1,1,0.9993643,0.02191909,0.027112368,-0.00743952,-1.4385643,0.11498078,-0.006719088
411501.0,1,1,0.99939734,0.021786818,0.025918337,-0.007647892,-1.4385643,0.11498078,-0.006719088
411502.0,1,1,0.9994276,0.021645565,0.02478847,-0.007845315,-1.4385643,0.11498078,-0.006719088
411503.0,1,1,0.99945563,0.021478869,0.023725098,-0.008020512,-1.4385643,0.11498078,-0.006719088
411504.0,1,1,0.9994772,0.021312492,0.022911903,-0.008137069,-1.4385643,0.11498078,-0.006719088
411505.0,1,1,0.9994956,0.021178411,0.022185002,-0.008244802,-1.4385643,0.11498078,-0.006719088
411506.0,1,1,0.9995125,0.021059435,0.021485742,-0.00834583,-1.4385643,0.11498078,-0.006719088
411507.0,1,1,0.9995287,0.020975748,0.020769801,-0.008432454,-1.4385643,0.11498078,-0.006719088
411508.0,1,1,0.99954367,0.020957252,0.020026827,-0.008503762,-1.4385643,0.11498078,-0.006719088
411509.0,1,1,0.99955773,0.020956848,0.019282993,-0.008571746,-1.4385643,0.11498078,-0.006719088
411510.0,1,1,0.99957174,0.020918315,0.018553037,-0.008643727,-1.4385643,0.11498078,-0.006719088
411511.0,1,1,0.9995855,0.020857027,0.017826643,-0.00871473,-1.4385643,0.11498078,-0.006719088
411512.0,1,1,0.99959767,0.020793248,0.017173566,-0.008784084,-1.4385643,0.11498078,-0.006719088
411513.0,1,1,0.99960715,0.02072369,0.016659515,-0.008864782,-1.4385643,0.11498078,-0.006719088
411514.0,1,1,0.99961567,0.020641075,0.01619076,-0.008961947,-1.4385643,0.11498078,-0.006719088
411515.0,1,1,0.99962425,0.020563481,0.015697744,-0.0090717245,-1.4385643,0.11498078,-0.006719088
411516.0,1,1,0.9996321,0.020502096,0.015194489,-0.009199154,-1.4385643,0.11498078,-0.006719088
411517.0,1,1,0.99963963,0.020453814,0.014666443,-0.009338169,-1.4385643,0.11498078,-0.006719088
411518.0,1,1,0.99964625,0.020420229,0.014157268,-0.009492311,-1.4385643,0.11498078,-0.006719088
411519.0,1,1,0.9996522,0.020399522,0.013635256,-0.009665317,-1.4385643,0.11498078,-0.006719088
411520.0,1,1,0.99966,0.020360813,0.012992878,-0.009831642,-1.4385643,0.11498078,-0.006719088
411521.0,1,1,0.9996691,0.020300817,0.012234145,-0.010002509,-1.4385643,0.11498078,-0.006719088
411522.0,1,1,0.99967897,0.02021665,0.01139614,-0.010164693,-1.4385643,0.11498078,-0.006719088
411523.0,1,1,0.9996889,0.020141458,0.010486841,-0.010318239,-1.4385643,0.11498078,-0.006719088
411524.0,1,1,0.99969786,0.020085635,0.009547272,-0.010470818,-1.4385643,0.11498078,-0.006719088
411525.0,1,1,0.9997053,0.020046253,0.008649154,-0.010620333,-1.4385643,0.11498078,-0.006719088
411526.0,1,1,0.9997113,0.020027708,0.0078051053,-0.010747485,-1.4385643,0.11498078,-0.006719088
411527.0,1,1,0.9997168,0.01998915,0.006968175,-0.010866574,-1.4385643,0.11498078,-0.006719088
411528.0,1,1,0.99972284,0.019910501,0.0061066444,-0.010976828,-1.4385643,0.11498078,-0.006719088
411529.0,1,1,0.99972826,0.019831989,0.0052096574,-0.011094326,-1.4385643,0.11498078,-0.006719088
411530.0,1,1,0.99973273,0.019768918,0.0042528166,-0.011208532,-1.4385643,0.11498078,-0.006719088
411531.0,1,1,0.9997367,0.019698473,0.0032242313,-0.0113226315,-1.4385643,0.11498078,-0.006719088
411532.0,1,1,0.99974054,0.01959509,0.0020568501,-0.011436286,-1.4385643,0.11498078,-0.006719088
411533.0,1,1,0.99974304,0.019473512,0.00075837446,-0.011576285,-1.4385643,0.11498078,-0.006719088
411534.0,1,1,0.9997435,0.01935695,-0.000647962,-0.011742986,-1.4385643,0.11498078,-0.006719088
411535.0,1,1,0.99974144,0.019242046,-0.0021326058,-0.011927226,-1.4385643,0.11498078,-0.006719088
411536.0,1,1,0.9997373,0.019114409,-0.0036374107,-0.012117886,-1.4385643,0.11498078,-0.006719088
411537.0,1,1,0.99973166,0.018934298,-0.0051700366,-0.012308466,-1.4385643,0.11498078,-0.006719088
411538.0,1,1,0.9997235,0.018695151,-0.0068144295,-0.012532822,-1.4385643,0.11498078,-0.006719088
411539.0,1,1,0.99971205,0.018382031,-0.008566193,-0.012827494,-1.4385643,0.11498078,-0.006719088
411540.0,1,1,0.9996954,0.018028626,-0.010511381,-0.01317423,-1.4385643,0.11498078,-0.006719088
411541.0,1,1,0.99966943,0.017647421,-0.01283113,-0.013601366,-1.4385643,0.11498078,-0.006719088
411542.0,1,1,0.9996325,0.017133545,-0.015538744,-0.014138892,-1.4385643,0.11498078,-0.006719088
411543.0,0,0,0.9995814,0.016393,-0.018749125,-0.014721853,-1.438579,0.11498327,-0.0067098993
411544.0,0,0,0.99951446,0.015529938,-0.022281643,-0.015274654,-1.4386176,0.11498545,-0.00669484
411545.0,0,0,0.9994247,0.01460133,-0.026208693,-0.015818896,-1.4386915,0.114989825,-0.006678258
411546.0,0,0,0.99930733,0.013551442,-0.030522423,-0.016421666,-1.4388168,0.11500469,-0.006663206
411547.0,0,0,0.9991465,0.01232127,-0.035543207,-0.017060768,-1.4390047,0.11503632,-0.006649848
411548.0,0,0,0.99893165,0.010920509,-0.04120349,-0.017848376,-1.4392713,0.115090966,-0.006636522
411549.0,0,0,0.9986434,0.009232593,-0.04763488,-0.018900711,-1.4396806,0.1151826,-0.0066284467
411550.0,0,0,0.99822915,0.0072612152,-0.055554338,-0.019987114,-1.4403235,0.11533575,-0.006636962
411551.0,0,0,0.99763197,0.00475379,-0.065302186,-0.021059632,-1.4412857,0.11557451,-0.006663012
411552.0,0,0,0.99673784,0.0015932341,-0.07765949,-0.021909151,-1.4425195,0.11586318,-0.0066758585
411553.0,0,0,0.99551666,-0.0014235476,-0.09181261,-0.022693101,-1.4438639,0.11615422,-0.0066296505
411554.0,0,0,0.9941334,-0.004980452,-0.10536425,-0.02392297,-1.4453297,0.11646572,-0.0064952266
411555.0,0,0,0.9922065,-0.008962973,-0.121798106,-0.024719816,-1.4470781,0.116845086,-0.0062484276
411556.0,0,0,0.9895882,-0.013143854,-0.14107844,-0.025283912,-1.4490943,0.11733451,-0.0058597554
411557.0,0,0,0.98650414,-0.018868335,-0.16044448,-0.026665088,-1.4512041,0.11800195,-0.0053194803
411558.0,0,0,0.9830737,-0.027086472,-0.17882723,-0.02921064,-1.4534453,0.11887777,-0.0046480326
411559.0,0,0,0.9787554,-0.03651599,-0.19916138,-0.032235064,-1.4560981,0.11992121,-0.003874358
411560.0,0,0,0.972994,-0.045742538,-0.22356136,-0.03479436,-1.459306,0.121089965,-0.0030645141
411561.0,0,0,0.9658854,-0.05571919,-0.25006208,-0.03781277,-1.4629924,0.12233445,-0.0023188393
411562.0,0,0,0.9576139,-0.065515794,-0.2774197,-0.041492797,-1.4669751,0.12355971,-0.0017261511
411563.0,0,0,0.948019,-0.074172996,-0.3061424,-0.04511269,-1.4711648,0.12468666,-0.0013307553
411564.0,0,0,0.93714255,-0.08158849,-0.335819,-0.04829772,-1.4755214,0.12574184,-0.0011332212
411565.0,0,0,0.92580485,-0.0879983,-0.36411315,-0.050628938,-1.4799849,0.12680505,-0.0010474261
411566.0,0,0,0.9159982,-0.093304,-0.38656956,-0.052968357,-1.4845997,0.12786119,-0.00069501833
411567.0,0,0,0.90793884,-0.09630088,-0.40412953,-0.05524904,-1.4895773,0.12886246,0.0005845644
411568.0,0,0,0.90355647,-0.09613358,-0.41358393,-0.057379626,-1.4951177,0.12980412,0.003163476
411569.0,0,0,0.9027744,-0.09413265,-0.4154111,-0.059758667,-1.5014298,0.13071585,0.0067783254
411570.0,0,0,0.9038304,-0.090936266,-0.41354653,-0.06164896,-1.5085443,0.1316316,0.010775723
411571.0,0,0,0.90531904,-0.08749769,-0.410819,-0.06300388,-1.516407,0.13260953,0.01468532
411572.0,0,0,0.9070123,-0.08437484,-0.40752655,-0.064280316,-1.5248209,0.1336725,0.018333592
411573.0,0,0,0.9089965,-0.08123823,-0.40353385,-0.06546951,-1.5336295,0.13480367,0.021730145
411574.0,0,0,0.9111251,-0.07791968,-0.3991818,-0.06658483,-1.5426981,0.1359706,0.024863498
411575.0,0,0,0.9131684,-0.07448833,-0.39496297,-0.06767072,-1.5519707,0.13715996,0.027696732
411576.0,0,0,0.915046,-0.07101713,-0.39106068,-0.06869629,-1.5614212,0.13837133,0.030204957
411577.0,0,0,0.91683805,-0.06743453,-0.387306,-0.06967589,-1.571052,0.13960822,0.032402493
411578.0,0,0,0.91863376,-0.0637037,-0.38349205,-0.07062327,-1.5808814,0.14087366,0.03432669
411579.0,0,0,0.9204916,-0.059828393,-0.37946564,-0.07156623,-1.5908945,0.14216703,0.036011018
411580.0,0,0,0.92246,-0.05588419,-0.37507427,-0.07255158,-1.6011008,0.1434923,0.037487477
411581.0,0,0,0.9245791,-0.05192561,-0.3701851,-0.07362305,-1.6114943,0.14485046,0.03877718
411582.0,0,0,0.9268604,-0.047998127,-0.36473382,-0.074802235,-1.6220673,0.14624158,0.03988996
411583.0,0,0,0.92926955,-0.044181373,-0.35876226,-0.076129526,-1.6327775,0.14766109,0.04081938
411584.0,0,0,0.9317512,-0.04053293,-0.35238108,-0.07761831,-1.6436498,0.14911234,0.041556418
411585.0,0,0,0.93424284,-0.03710841,-0.34573844,-0.07923587,-1.6546621,0.1505883,0.042091623
411586.0,0,0,0.936721,-0.033925936,-0.33889833,-0.08093645,-1.6658483,0.15208279,0.042429782
411587.0,0,0,0.93918765,-0.030976422,-0.3318682,-0.082646675,-1.6771787,0.15357396,0.04258616
411588.0,0,0,0.94169366,-0.028195495,-0.3245295,-0.08425401,-1.6887239,0.1550483,0.042582735
411589.0,0,0,0.9442397,-0.025568176,-0.31689835,-0.08563443,-1.7003771,0.15646951,0.042442165
411590.0,0,0,0.9468474,-0.02306371,-0.3089214,-0.086694196,-1.7122661,0.1578326,0.042183977
411591.0,0,0,0.9495157,-0.020657446,-0.30061013,-0.08733194,-1.7243474,0.1591152,0.0418325
411592.0,0,0,0.9522619,-0.018330015,-0.2918965,-0.08750882,-1.7366399,0.16030502,0.04141267
411593.0,0,0,0.95507777,-0.01609136,-0.28278062,-0.08719264,-1.7491257,0.16138992,0.040950816
411594.0,0,0,0.9579728,-0.013974604,-0.27319458,-0.08635673,-1.7617958,0.16236247,0.040472995
411595.0,0,0,0.9609675,-0.011977437,-0.2630028,-0.08501591,-1.7746596,0.16321833,0.040001802
411596.0,0,0,0.9640433,-0.010072266,-0.2521895,-0.08318338,-1.7876809,0.16395354,0.03955272
411597.0,0,0,0.9671602,-0.008259457,-0.2408065,-0.080902115,-1.8008542,0.16457216,0.03912949
411598.0,0,0,0.97025895,-0.006551993,-0.228981,-0.07824568,-1.8141295,0.16508178,0.03872961
411599.0,0,0,0.9733029,-0.0049269255,-0.21677867,-0.07526093,-1.8275329,0.16549309,0.038344838
411600.0,0,0,0.97623855,-0.0033712378,-0.20435286,-0.07201959,-1.8409846,0.16581167,0.037967302
411601.0,0,0,0.9790331,-0.0019233655,-0.19179632,-0.06859123,-1.854489,0.16604346,0.037584584
411602.0,0,0,0.9816526,-0.0006400963,-0.1792511,-0.065014176,-1.8680344,0.16619101,0.037186466
411603.0,0,0,0.984075,0.0004278469,-0.16684303,-0.06131531,-1.8815988,0.16625361,0.036770876
411604.0,0,0,0.9862966,0.001223509,-0.1546291,-0.057509284,-1.8951427,0.16622743,0.03634592
411605.0,0,0,0.9883325,0.0017538508,-0.14257212,-0.053563315,-1.908692,0.16610299,0.035925437
411606.0,0,0,0.990193,0.0020795823,-0.13064596,-0.049446955,-1.9222084,0.16586466,0.035528034
411607.0,0,0,0.99188954,0.0022921264,-0.118810005,-0.045102414,-1.9356695,0.16549154,0.035170343
411608.0,0,0,0.99343187,0.002498942,-0.107013,-0.04043578,-1.9490861,0.16495945,0.03486553
411609.0,0,0,0.99481386,0.0027674257,-0.09531624,-0.035390355,-1.962439,0.1642476,0.034626234
411610.0,0,0,0.9960329,0.0030978268,-0.0837561,-0.029897485,-1.9757506,0.16333644,0.034468092
411611.0,0,0,0.9970879,0.003493404,-0.07233619,-0.023897564,-1.9890046,0.16221105,0.034414783
411612.0,0,0,0.9979804,0.003936486,-0.060965437,-0.017401366,-2.0021753,0.16086178,0.03449614
411613.0,0,0,0.99870455,0.0043776,-0.0496056,-0.010460932,-2.015237,0.15928704,0.034744747
411614.0,0,0,0.999254,0.00473726,-0.03820187,-0.0031132048,-2.028187,0.15748647,0.03519706
411615.0,0,0,0.9996239,0.0049847723,-0.026577171,0.004587688,-2.0409858,0.15546104,0.035889123
411616.0,0,0,0.9998016,0.0051760725,-0.01453711,0.012601998,-2.0535967,0.1532062,0.03684753
411617.0,0,0,0.9997657,0.0053825937,-0.0020145485,0.0208676,-2.065956,0.15072408,0.038075723
411618.0,0,0,0.9994916,0.0055785505,0.011053734,0.029384114,-2.078111,0.1479965,0.03956711
411619.0,0,0,0.99896467,0.005716261,0.024323002,0.03801646,-2.0898669,0.14506717,0.041263018
411620.0,0,0,0.99817,0.0057631987,0.037754375,0.04688312,-2.1013646,0.14189869,0.043144263
411621.0,0,0,0.9971096,0.005654436,0.051100623,0.055939198,-2.112538,0.13850695,0.045160994
411622.0,0,0,0.99579346,0.00531102,0.06418987,0.065167114,-2.1233726,0.13489914,0.047274604
411623.0,0,0,0.9942461,0.004657521,0.07681357,0.07451523,-2.1338167,0.13110204,0.04944616
411624.0,0,0,0.99248785,0.0036214914,0.088890105,0.08398413,-2.1438804,0.12712273,0.051658418
411625.0,0,0,0.9905363,0.002173893,0.1004037,0.09355317,-2.1535242,0.12298364,0.053888515
411626.0,0,0,0.98840624,0.00040741445,0.11133274,0.103237145,-2.1627226,0.11869902,0.05611444
411627.0,0,0,0.9861255,-0.0015717705,0.12159329,0.11300074,-2.171432,0.11429177,0.058303885
411628.0,0,0,0.98370385,-0.003647989,0.13119203,0.122890204,-2.1796844,0.10974394,0.06043948
411629.0,0,0,0.981165,-0.0057014017,0.14003983,0.13293535,-2.1874733,0.10505804,0.062494855
411630.0,0,0,0.97856045,-0.0076823835,0.14795597,0.14307229,-2.194729,0.10028908,0.064433716
411631.0,0,0,0.97587514,-0.009627114,0.15502988,0.15343,-2.2015305,0.09539465,0.0662721
411632.0,0,0,0.97312653,-0.011510529,0.16132064,0.16391474,-2.2078183,0.090426356,0.06799848
411633.0,0,0,0.97031677,-0.013339111,0.16696823,0.17443933,-2.2135782,0.08541583,0.06961388
411634.0,0,0,0.9674622,-0.0151654435,0.17204763,0.1848963,-2.2188118,0.08039734,0.07111905
411635.0,0,0,0.9646552,-0.016966337,0.17629912,0.19511837,-2.2235038,0.07543697,0.07247375
411636.0,0,0,0.96215457,-0.018297033,0.1787441,0.20487677,-2.2277124,0.070609264,0.07358545
411637.0,0,0,0.96002084,-0.020130858,0.17917451,0.21412921,-2.231492,0.06599196,0.074381195
411638.0,0,0,0.9581943,-0.022214107,0.17845233,0.22254184,-2.2348027,0.061631333,0.07485256
411639.0,0,0,0.95642376,-0.024821538,0.17808138,0.2300535,-2.237569,0.057587415,0.0750121
411640.0,0,0,0.9548288,-0.028110063,0.17726535,0.23683086,-2.2398067,0.053879343,0.07486518
411641.0,0,0,0.9535789,-0.031735938,0.17520146,0.24286787,-2.2415872,0.050490547,0.0744202
411642.0,0,0,0.9525603,-0.035366386,0.17201832,0.24857186,-2.2429538,0.04734091,0.07369692
411643.0,0,0,0.9516599,-0.038086522,0.1683686,0.25405678,-2.243868,0.044412013,0.07271213
411644.0,0,0,0.95084405,-0.03983126,0.16460359,0.25925794,-2.244316,0.041703794,0.07145937
411645.0,0,0,0.95018876,-0.040836614,0.16043548,0.26407242,-2.2443306,0.039251577,0.06993455
411646.0,0,0,0.94974387,-0.041183587,0.1555808,0.26848677,-2.2439725,0.03708794,0.06813111
411647.0,0,0,0.94949514,-0.041370533,0.15009138,0.2724336,-2.2433093,0.03523717,0.06606481
411648.0,0,0,0.94933134,-0.04202205,0.14468688,0.27580768,-2.2424307,0.033627164,0.06380498
411649.0,0,0,0.94906,-0.04301403,0.13947095,0.27925396,-2.2414472,0.032131746,0.06153526
411650.0,0,0,0.9487318,-0.043887183,0.13435034,0.28272244,-2.240419,0.03065,0.059435725
411651.0,0,0,0.9482687,-0.0451713,0.1300433,0.2860678,-2.2393615,0.02912333,0.057596378
411652.0,0,0,0.94769824,-0.0460708,0.12668106,0.2893052,-2.2383006,0.027531732,0.05598512
411653.0,0,0,0.9471938,-0.04598315,0.12380322,0.2922024,-2.2372992,0.025908304,0.05443407
411654.0,0,0,0.9469507,-0.04517319,0.12055263,0.2944674,-2.2364721,0.024337783,0.05273619
411655.0,0,0,0.94711125,-0.043885324,0.11609361,0.29593366,-2.2359445,0.022914292,0.0507569
411656.0,0,0,0.94765735,-0.04249255,0.11003075,0.29670388,-2.2357829,0.021710062,0.048460197
411657.0,0,0,0.9485077,-0.041477274,0.102660045,0.29677212,-2.2359679,0.02078227,0.04593008
411658.0,0,0,0.9495285,-0.0411043,0.09474301,0.2961923,-2.2364225,0.020063976,0.043346196
411659.0,0,0,0.9501103,-0.041174736,0.08778889,0.2964593,-2.23701,0.019261207,0.041077405
411660.0,0,0,0.95055676,-0.03786786,0.077313825,0.29837996,-2.2373424,0.018216643,0.039441917
411661.0,0,0,0.95059997,-0.03471512,0.06993235,0.3004398,-2.2369506,0.017049327,0.038338024
411662.0,0,0,0.9503195,-0.032894384,0.06873001,0.30180624,-2.235778,0.015849851,0.037525784
411663.0,0,0,0.9499771,-0.029029017,0.06941033,0.30312192,-2.2342315,0.0146078905,0.036802534
411664.0,0,0,0.94973296,-0.02466351,0.06864852,0.3044446,-2.2327871,0.013381145,0.036066703
411665.0,0,0,0.9496365,-0.021397924,0.06659969,0.3054458,-2.2316518,0.01227267,0.035311848
411666.0,0,0,0.9496401,-0.019039955,0.06397047,0.306152,-2.230758,0.011333953,0.034598205
411667.0,0,0,0.9496924,-0.01762834,0.061203685,0.3066391,-2.2299135,0.010552369,0.034003507
411668.0,0,0,0.94972837,-0.016671186,0.059333928,0.30694905,-2.228923,0.009857293,0.033558615
411669.0,0,0,0.9496862,-0.015600371,0.05883907,0.30723062,-2.2277117,0.009168747,0.03323082
411670.0,0,0,0.94958574,-0.014287344,0.059193883,0.3075368,-2.226352,0.00843278,0.032941837
411671.0,0,0,0.9494951,-0.012670906,0.059392538,0.30784932,-2.2249684,0.007633437,0.032627553
411672.0,0,0,0.9494363,-0.010894348,0.059097778,0.308155,-2.2236311,0.00679521,0.03228698
411673.0,0,0,0.9494197,-0.009156353,0.058564767,0.30836448,-2.2223237,0.0059647844,0.031967405
411674.0,0,0,0.94941324,-0.007684228,0.058306538,0.3084733,-2.220992,0.00517289,0.0317079
411675.0,0,0,0.94940436,-0.006422191,0.0583982,0.30851254,-2.2196174,0.0044165477,0.03151257
411676.0,0,0,0.94940925,-0.005256943,0.058528777,0.30849475,-2.2182176,0.0036758122,0.03136196
411677.0,0,0,0.94943506,-0.00419413,0.058388237,0.30845794,-2.2168183,0.002940271,0.031238776
411678.0,0,0,0.94947124,-0.0032678447,0.058151197,0.30840245,-2.215421,0.0022067039,0.03113692
411679.0,0,0,0.94951284,-0.0022877012,0.057940632,0.3083229,-2.213995,0.0014608309,0.03105574
411680.0,0,0,0.9495524,-0.0012472966,0.05772566,0.3082474,-2.2125397,0.00070286123,0.030993888
411681.0,0,0,0.9495968,-0.0002537544,0.057446882,0.30816525,-2.2110722,-5.4303153e-05,0.03095171
411682.0,0,0,0.9496463,0.000645794,0.057131328,0.30807075,-2.209589,-0.0008066528,0.030929439
411683.0,0,1,0.94971055,0.001518925,0.056541342,0.3079785,-2.208093,-0.0015507274,0.030925952
411684.0,0,1,0.9497743,0.0022553382,0.055996343,0.30787662,-2.2065833,-0.0022912966,0.030938476
411685.0,0,1,0.9498404,0.00287029,0.055466015,0.30776381,-2.2050617,-0.003033141,0.030964103
411686.0,0,1,0.94990623,0.0033998245,0.054886285,0.30765897,-2.2035315,-0.0037766725,0.031001134
411687.0,0,1,0.9499746,0.0038535101,0.054251052,0.30755538,-2.2019858,-0.0045249094,0.031048547
411688.0,0,1,0.9500415,0.0042822217,0.053593904,0.30745822,-2.2004263,-0.005276358,0.031105243
411689.0,0,1,0.95010424,0.00471125,0.052917685,0.30737534,-2.198849,-0.0060310573,0.031172162
411690.0,0,1,0.9501628,0.005160735,0.052238584,0.30730307,-2.1972594,-0.006783055,0.03125113
411691.0,0,1,0.9502169,0.005582198,0.051572062,0.307241,-2.1956544,-0.0075316457,0.03134253
411692.0,0,1,0.95026755,0.005873243,0.050973684,0.3071787,-2.1940324,-0.008281231,0.03144303
411693.0,0,1,0.9503181,0.0059910542,0.050437707,0.3071086,-2.1923983,-0.0090386,0.03154712
411694.0,0,1,0.95036703,0.0060385526,0.04988749,0.30704615,-2.1907496,-0.009809787,0.031652328
411695.0,0,1,0.95041496,0.0061503835,0.04929396,0.30699125,-2.1890824,-0.010592824,0.031761132
411696.0,0,1,0.9504616,0.0063355216,0.048714552,0.3069356,-2.1874008,-0.011380053,0.031876415
411697.0,0,1,0.95050937,0.006522641,0.048191633,0.3068665,-2.1857016,-0.0121725695,0.03199833
411698.0,0,1,0.95055485,0.006722079,0.04774597,0.30679098,-2.18399,-0.012970252,0.032125387
411699.0,0,1,0.9506056,0.006908862,0.047335,0.30669332,-2.1822662,-0.0137738995,0.032257494
411700.0,0,1,0.9506606,0.007058149,0.046912696,0.3065842,-2.1805294,-0.014583531,0.032395236
411701.0,0,1,0.95071906,0.007207475,0.046474297,0.30646622,-2.1787782,-0.015397969,0.032539327
411702.0,1,1,0.9507799,0.00730943,0.046049926,0.306339,-2.209589,-0.0008066528,0.030929439
411703.0,1,1,0.9508359,0.007383536,0.045673504,0.30622002,-2.209589,-0.0008066528,0.030929439
411704.0,1,1,0.95088553,0.007466143,0.04533063,0.30611458,-2.209589,-0.0008066528,0.030929439
411705.0,1,1,0.9509307,0.007552556,0.04498978,0.30602226,-2.209589,-0.0008066528,0.030929439
411706.0,1,1,0.95097506,0.0076281144,0.044639714,0.30593407,-2.209589,-0.0008066528,0.030929439
411707.0,1,1,0.95101774,0.007635697,0.044275735,0.305854,-2.209589,-0.0008066528,0.030929439
411708.0,1,1,0.95105714,0.007630418,0.043936845,0.30578026,-2.209589,-0.0008066528,0.030929439
411709.0,1,1,0.9510888,0.0076463274,0.043626055,0.30572605,-2.209589,-0.0008066528,0.030929439
411710.0,1,1,0.95111614,0.0076471334,0.043363433,0.30567846,-2.209589,-0.0008066528,0.030929439
411711.0,1,1,0.95114046,0.0076568215,0.043104835,0.30563885,-2.209589,-0.0008066528,0.030929439
411712.0,1,1,0.9511675,0.0076438854,0.042818993,0.3055953,-2.209589,-0.0008066528,0.030929439
411713.0,1,1,0.95119333,0.007617713,0.042533495,0.30555522,-2.209589,-0.0008066528,0.030929439
411714.0,1,1,0.95121586,0.00758958,0.042261533,0.30552372,-2.209589,-0.0008066528,0.030929439
411715.0,1,1,0.95123345,0.0075405356,0.04204185,0.3055005,-2.209589,-0.0008066528,0.030929439
411716.0,1,1,0.95125055,0.007490688,0.04186889,0.3054723,-2.209589,-0.0008066528,0.030929439
411717.0,1,1,0.9512693,0.0074362443,0.04167466,0.3054419,-2.209589,-0.0008066528,0.030929439
411718.0,1,1,0.9512865,0.0073747323,0.041437443,0.30542225,-2.209589,-0.0008066528,0.030929439
411719.0,1,1,0.9513021,0.0073117046,0.041203756,0.30540642,-2.209589,-0.0008066528,0.030929439
411720.0,1,1,0.9513167,0.007241387,0.04098976,0.3053914,-2.209589,-0.0008066528,0.030929439
411721.0,1,1,0.95133126,0.007130772,0.040765885,0.30537874,-2.209589,-0.0008066528,0.030929439
411722.0,1,1,0.95134664,0.0069851694,0.04051575,0.30536756,-2.209589,-0.0008066528,0.030929439
411723.0,1,1,0.95136434,0.0068337778,0.040243495,0.30535164,-2.209589,-0.0008066528,0.030929439
411724.0,1,1,0.95138115,0.0067019076,0.03995959,0.30533963,-2.209589,-0.0008066528,0.030929439
411725.0,1,1,0.95139587,0.006569755,0.03969375,0.30533138,-2.209589,-0.0008066528,0.030929439
411726.0,1,1,0.9514076,0.0064245476,0.03945938,0.3053283,-2.209589,-0.0008066528,0.030929439
411727.0,1,1,0.95142,0.0062702554,0.03925037,0.30531964,-2.209589,-0.0008066528,0.030929439
411728.0,1,1,0.9514367,0.006079095,0.03905557,0.30529657,-2.209589,-0.0008066528,0.030929439
411729.0,1,1,0.9514575,0.0058785765,0.038897168,0.30525565,-2.209589,-0.0008066528,0.030929439
411730.0,1,1,0.9514824,0.00570936,0.038810857,0.30519244,-2.209589,-0.0008066528,0.030929439
411731.0,1,1,0.9515085,0.0055392664,0.03874706,0.3051223,-2.209589,-0.0008066528,0.030929439
411732.0,1,1,0.9515371,0.00538031,0.038657732,0.3050474,-2.209589,-0.0008066528,0.030929439
411733.0,1,1,0.9515659,0.00526479,0.038544558,0.30497378,-2.209589,-0.0008066528,0.030929439
411734.0,1,1,0.9515929,0.0051649027,0.038438328,0.3049047,-2.209589,-0.0008066528,0.030929439
411735.0,1,1,0.9516148,0.0051014633,0.03836345,0.30484685,-2.209589,-0.0008066528,0.030929439
411736.0,1,1,0.95163655,0.0050972067,0.038283706,0.30478898,-2.209589,-0.0008066528,0.030929439
411737.0,1,1,0.9516615,0.005122206,0.03813979,0.30472872,-2.209589,-0.0008066528,0.030929439
411738.0,1,1,0.9516897,0.00516517,0.03794374,0.30466413,-2.209589,-0.0008066528,0.030929439
411739.0,1,1,0.9517188,0.0052236957,0.037738677,0.30459785,-2.209589,-0.0008066528,0.030929439
411740.0,1,1,0.9517487,0.0053065866,0.03753038,0.3045288,-2.209589,-0.0008066528,0.030929439
411741.0,1,1,0.9517797,0.005420054,0.037293065,0.3044589,-2.209589,-0.0008066528,0.030929439
411742.0,1,1,0.95181286,0.005569038,0.037004855,0.304388,-2.209589,-0.0008066528,0.030929439
411743.0,1,1,0.9518503,0.0057941726,0.036672883,0.3043067,-2.209589,-0.0008066528,0.030929439
411744.0,1,1,0.95189154,0.0061101275,0.03633564,0.30421194,-2.209589,-0.0008066528,0.030929439
411745.0,1,1,0.95193887,0.0065052286,0.035995483,0.30409622,-2.209589,-0.0008066528,0.030929439
411746.0,1,1,0.95198876,0.006979213,0.03562689,0.30397278,-2.209589,-0.0008066528,0.030929439
411747.0,1,1,0.9520403,0.0075987326,0.035202306,0.3038461,-2.209589,-0.0008066528,0.030929439
411748.0,1,1,0.95209444,0.008392852,0.034767378,0.30370545,-2.209589,-0.0008066528,0.030929439
411749.0,1,1,0.95214635,0.00923881,0.03435833,0.3035645,-2.209589,-0.0008066528,0.030929439
411750.0,1,1,0.952192,0.010084891,0.034068316,0.3034271,-2.209589,-0.0008066528,0.030929439
411751.0,1,1,0.9522304,0.010819952,0.03387608,0.30330297,-2.209589,-0.0008066528,0.030929439
411752.0,1,1,0.9522666,0.011373942,0.03369766,0.30318913,-2.209589,-0.0008066528,0.030929439
411753.0,1,1,0.9522965,0.011836389,0.03345682,0.30310407,-2.209589,-0.0008066528,0.030929439
411754.0,1,1,0.952323,0.012263582,0.033185784,0.30303317,-2.209589,-0.0008066528,0.030929439
411755.0,1,1,0.9523468,0.012643865,0.032910395,0.30297318,-2.209589,-0.0008066528,0.030929439
411756.0,1,1,0.9523627,0.012980074,0.032605045,0.30294183,-2.209589,-0.0008066528,0.030929439
411757.0,1,1,0.9523713,0.013306206,0.032230813,0.3029407,-2.209589,-0.0008066528,0.030929439
411758.0,1,1,0.9523799,0.01360317,0.031809468,0.30294517,-2.209589,-0.0008066528,0.030929439
411759.0,1,1,0.9523878,0.013860318,0.03133326,0.30295828,-2.209589,-0.0008066528,0.030929439
411760.0,1,1,0.95239586,0.014091044,0.030811222,0.30297565,-2.209589,-0.0008066528,0.030929439
411761.0,1,1,0.9524077,0.014310177,0.030288575,0.302981,-2.209589,-0.0008066528,0.030929439
411762.0,1,1,0.95241886,0.014552485,0.029711887,0.3029914,-2.209589,-0.0008066528,0.030929439
411763.0,1,1,0.95242983,0.014844725,0.029043809,0.30300766,-2.209589,-0.0008066528,0.030929439
411764.0,1,1,0.9524485,0.01519625,0.028283114,0.30300346,-2.209589,-0.0008066528,0.030929439
411765.0,1,1,0.95247877,0.015559794,0.027402356,0.30297053,-2.209589,-0.0008066528,0.030929439
411766.0,1,1,0.9525221,0.016061516,0.026398275,0.3028974,-2.209589,-0.0008066528,0.030929439
411767.0,1,1,0.9525809,0.016847102,0.025108008,0.30277961,-2.209589,-0.0008066528,0.030929439
411768.0,1,1,0.952667,0.01777999,0.023328707,0.30259737,-2.209589,-0.0008066528,0.030929439
411769.0,1,1,0.95277387,0.01853213,0.020766847,0.30240247,-2.209589,-0.0008066528,0.030929439
411770.0,1,1,0.95289,0.019167058,0.018238474,0.30216,-2.209589,-0.0008066528,0.030929439
411771.0,1,1,0.9530116,0.01975694,0.016040059,0.30186307,-2.209589,-0.0008066528,0.030929439
411772.0,1,1,0.9531268,0.020371705,0.013887096,0.3015653,-2.209589,-0.0008066528,0.030929439
411773.0,1,1,0.95323,0.021092752,0.011380063,0.30129436,-2.209589,-0.0008066528,0.030929439
411774.0,1,1,0.9533234,0.021867177,0.008365476,0.30104235,-2.209589,-0.0008066528,0.030929439
411775.0,1,1,0.9534045,0.022568168,0.005322436,0.3008027,-2.209589,-0.0008066528,0.030929439
411776.0,1,1,0.9534691,0.02315799,0.0023417624,0.30059105,-2.209589,-0.0008066528,0.030929439
411777.0,1,1,0.9535172,0.023712158,-0.0007268633,0.30040354,-2.209589,-0.0008066528,0.030929439
411778.0,1,1,0.95356095,0.024224365,-0.003981675,0.30019814,-2.209589,-0.0008066528,0.030929439
411779.0,1,1,0.9535998,0.024780784,-0.007328555,0.2999661,-2.209589,-0.0008066528,0.030929439
411780.0,1,1,0.9536357,0.02537537,-0.0105863605,0.29970497,-2.209589,-0.0008066528,0.030929439
411781.0,0,0,0.9536506,0.026129764,-0.013863931,0.29945877,-2.2095797,-0.0008103682,0.030942002
411782.0,0,1,0.9536373,0.026786247,-0.017461339,0.29925486,-2.2095456,-0.00081125426,0.030967876
411783.0,0,1,0.95360094,0.027423037,-0.020906644,0.29909238,-2.2094793,-0.0008059376,0.031007806
411784.0,0,1,0.95354944,0.02793112,-0.024020333,0.29897565,-2.2093883,-0.0008024465,0.031061139
411785.0,0,1,0.95348054,0.028324503,-0.02683421,0.29891896,-2.2092826,-0.00081409485,0.031126106
411786.0,0,1,0.95340854,0.028672155,-0.02936862,0.29887718,-2.2091725,-0.0008514705,0.031201314
411787.0,0,1,0.953335,0.02901948,-0.03174078,0.29883575,-2.2090712,-0.0009266221,0.031287823
411788.0,0,0,0.9531969,0.030258825,-0.03490896,0.2988002,-2.2090003,-0.0010525775,0.031385835
411789.0,0,0,0.9529864,0.031889997,-0.03896317,0.29880092,-2.2089772,-0.0012321641,0.03149212
411790.0,0,0,0.95275545,0.03377961,-0.043529764,0.29869905,-2.2090154,-0.0014767569,0.031606138
411791.0,0,0,0.95247257,0.036182266,-0.048942823,0.29848206,-2.2091365,-0.001812682,0.03173237
411792.0,0,0,0.95209295,0.039167378,-0.055430975,0.298182,-2.2093475,-0.0022647944,0.0318821
411793.0,0,0,0.9516793,0.042797968,-0.06272878,0.29755694,-2.2096589,-0.0028841023,0.032078903
411794.0,0,0,0.95112413,0.04773109,-0.07157202,0.29658413,-2.2100675,-0.0037049549,0.032349635
411795.0,0,0,0.95025843,0.053957477,-0.08148684,0.29573223,-2.2105117,-0.0047547636,0.032735262
411796.0,0,0,0.9492153,0.0618472,-0.091370665,0.2946467,-2.2110007,-0.0061669983,0.03329123
411797.0,0,0,0.9476693,0.07249424,-0.10310157,0.29332167,-2.2115855,-0.008037639,0.034040585
411798.0,0,0,0.94547033,0.08554289,-0.11635451,0.2919415,-2.2122462,-0.010410368,0.035003413
411799.0,0,0,0.9424851,0.10124648,-0.13001211,0.2908054,-2.2129624,-0.013294758,0.03618961
411800.0,0,0,0.93857616,0.11906978,-0.1443114,0.2899504,-2.2137952,-0.016729768,0.03755886
411801.0,0,0,0.93334496,0.13934211,-0.16063076,0.28922084,-2.2148454,-0.020773279,0.03900642
411802.0,0,0,0.9266966,0.16167237,-0.17900677,0.28818756,-2.2161782,-0.025412539,0.040402357
411803.0,0,0,0.9188451,0.18529528,-0.19856808,0.28628638,-2.2177796,-0.030537594,0.041621167
411804.0,0,0,0.9096033,0.21014832,-0.2197866,0.28311363,-2.2195845,-0.036048874,0.042554814
411805.0,0,0,0.8985608,0.23683307,-0.24204443,0.27912903,-2.221525,-0.0418369,0.043133847
411806.0,0,0,0.8858931,0.2636551,-0.2648555,0.2748288,-2.2236068,-0.047819532,0.04342826
411807.0,0,0,0.872313,0.28647605,-0.28930888,0.27074283,-2.2256963,-0.0540384,0.04387718
411808.0,0,0,0.86035615,0.30091104,-0.31193534,0.26820916,-2.2274323,-0.060886394,0.04536161
411809.0,0,0,0.8544795,0.30779722,-0.3214938,0.26789466,-2.2285438,-0.0687567,0.048335228
411810.0,0,0,0.8520021,0.31213957,-0.3212472,0.27103806,-2.229234,-0.077905476,0.052281465
411811.0,0,0,0.84982526,0.31524256,-0.319714,0.27604765,-2.229916,-0.08813935,0.05631574
411812.0,0,0,0.848208,0.3160757,-0.31914532,0.28068775,-2.230793,-0.09921626,0.05998325
411813.0,0,0,0.8472183,0.31546968,-0.3179507,0.2856705,-2.2317848,-0.11092087,0.06326787
411814.0,0,0,0.8464244,0.31451058,-0.31552872,0.29170263,-2.2327602,-0.123142086,0.06627602
411815.0,0,0,0.84593105,0.31289726,-0.31248397,0.29807675,-2.2336898,-0.13581343,0.069002494
411816.0,0,0,0.84521645,0.31122762,-0.30989426,0.30448663,-2.2346218,-0.14887968,0.071361594
411817.0,0,0,0.8441955,0.3096572,-0.30799875,0.3107784,-2.2356017,-0.16227093,0.07330399
411818.0,0,0,0.84314346,0.3078946,-0.3064203,0.31688577,-2.236654,-0.17598893,0.07485895
411819.0,0,0,0.8420946,0.30597228,-0.3049762,0.3228735,-2.237793,-0.19003056,0.076086394
411820.0,0,0,0.8412246,0.30372563,-0.30346218,0.32863778,-2.2390342,-0.2043815,0.077048294
411821.0,0,0,0.8406294,0.30105323,-0.30173668,0.33416206,-2.2403922,-0.2190445,0.07779919
411822.0,0,0,0.84034604,0.2979231,-0.29961956,0.33954167,-2.2418783,-0.23408,0.078383185
411823.0,0,0,0.8404393,0.29430443,-0.29692346,0.34479436,-2.2434845,-0.24944298,0.07882886
411824.0,0,0,0.8408851,0.290227,-0.29352483,0.3500339,-2.2452056,-0.26518002,0.07915901
411825.0,0,0,0.84163505,0.28574845,-0.2893729,0.355333,-2.247027,-0.28128725,0.07938647
411826.0,0,0,0.84259593,0.280968,-0.28449824,0.36076286,-2.2489245,-0.29772374,0.07951333
411827.0,0,0,0.84365284,0.2760096,-0.27893367,0.3664213,-2.2508802,-0.3145336,0.07953133
411828.0,0,0,0.8446892,0.2710237,-0.2727615,0.37235394,-2.2528696,-0.33170938,0.07942496
411829.0,0,0,0.84556663,0.26619163,-0.26616356,0.37857124,-2.2548578,-0.34913498,0.07918433
411830.0,0,0,0.846203,0.2615702,-0.25918406,0.38515595,-2.2568393,-0.36693117,0.0788065
411831.0,0,0,0.84658587,0.25717244,-0.25185272,0.3920777,-2.2587898,-0.3850109,0.07830052
411832.0,0,0,0.84672874,0.25293785,-0.24418645,0.3993068,-2.2607062,-0.40340498,0.077675655
411833.0,0,0,0.8466751,0.24877225,-0.23626819,0.4067322,-2.2625833,-0.4220482,0.07694563
411834.0,0,0,0.84649944,0.24452573,-0.22812606,0.4142516,-2.2644255,-0.44094634,0.076123536
411835.0,0,0,0.8462695,0.24004583,-0.21979588,0.42177683,-2.2662337,-0.46008703,0.07522514
411836.0,0,0,0.84603775,0.23524268,-0.2112832,0.42923233,-2.268,-0.47941402,0.074266754
411837.0,0,0,0.8458338,0.2300528,-0.20258962,0.4365757,-2.269719,-0.49892056,0.07325455
411838.0,0,0,0.8456573,0.22445562,-0.19377774,0.4437721,-2.2713878,-0.51863253,0.07218234
411839.0,0,0,0.8454777,0.2184607,-0.18496886,0.45080924,-2.2729976,-0.5385171,0.07104034
411840.0,0,0,0.8452643,0.21212372,-0.17631736,0.4576505,-2.2745357,-0.55847645,0.06982364
411841.0,0,0,0.8449749,0.20543702,-0.16788803,0.46435615,-2.2760062,-0.5786287,0.06852167
411842.0,0,0,0.844587,0.19843675,-0.15975305,0.47092944,-2.2773988,-0.59891,0.06714837
411843.0,0,0,0.8440876,0.19111384,-0.1518456,0.47742492,-2.2787106,-0.6193936,0.06572071
411844.0,0,0,0.8434791,0.18350655,-0.14415088,0.48382747,-2.2799282,-0.63999623,0.06427386
411845.0,0,0,0.84274024,0.17558308,-0.13659236,0.49020624,-2.2810483,-0.6608081,0.06283432
411846.0,0,0,0.8418599,0.16700725,-0.1291876,0.49668017,-2.2820606,-0.6817926,0.061474677
411847.0,0,0,0.84083724,0.15800948,-0.12172132,0.5031996,-2.2829616,-0.70295185,0.060234904
411848.0,0,0,0.8396654,0.14855123,-0.11409372,0.5097816,-2.2837462,-0.7242815,0.059151825
411849.0,0,0,0.8383344,0.13861382,-0.10621107,0.51643103,-2.2844086,-0.7457497,0.058252852
411850.0,0,0,0.83681685,0.12821387,-0.09802441,0.52315384,-2.284945,-0.76736,0.05754929
411851.0,0,0,0.8350909,0.11742504,-0.08957238,0.52991647,-2.2853558,-0.7890798,0.057039488
411852.0,0,0,0.83313304,0.10635729,-0.08096655,0.53667676,-2.2856455,-0.81084114,0.05671265
411853.0,0,0,0.83092916,0.095051624,-0.07228813,0.5434118,-2.2858226,-0.83268106,0.056553856
411854.0,0,0,0.82848406,0.08359216,-0.06366506,0.55006677,-2.2858965,-0.85452014,0.056549814
411855.0,0,0,0.8257976,0.07200217,-0.055154383,0.55662555,-2.285877,-0.87639076,0.056690577
411856.0,0,0,0.82287586,0.060329247,-0.046827976,0.5630657,-2.2857738,-0.89827013,0.056971602
411857.0,0,0,0.8197437,0.048641983,-0.03873399,0.5693451,-2.2855973,-0.9200926,0.057392992
411858.0,0,0,0.81641555,0.036906667,-0.030861953,0.5754572,-2.2853577,-0.941896,0.05796164
411859.0,0,0,0.81292075,0.025136702,-0.023197852,0.58136904,-2.2850647,-0.9636165,0.058682483
411860.0,0,0,0.80927324,0.013339595,-0.015689822,0.58707124,-2.284726,-0.98526144,0.05955819
411861.0,0,0,0.8054887,0.0015780361,-0.008353905,0.5925501,-2.284349,-1.0068178,0.060585417
411862.0,0,0,0.8015881,-0.010064913,-0.0012294909,0.5977907,-2.2839422,-1.0282558,0.061756905
411863.0,0,0,0.79758507,-0.021533217,0.0056707845,0.60279536,-2.2835147,-1.049573,0.0630683
411864.0,0,0,0.7935038,-0.03280464,0.012365039,0.6075546,-2.283074,-1.070777,0.06452027
411865.0,0,0,0.7893613,-0.043869894,0.018877618,0.6120685,-2.282627,-1.0918447,0.06611541
411866.0,0,0,0.78518575,-0.054738726,0.025224103,0.6163203,-2.2821834,-1.1127702,0.067864746
411867.0,0,0,0.7810366,-0.06536794,0.031280633,0.6202664,-2.281759,-1.133559,0.069799416
411868.0,0,0,0.7769385,-0.07581758,0.036922537,0.6239031,-2.2813718,-1.1542331,0.0719814
411869.0,0,0,0.7728913,-0.0863349,0.042321958,0.62721145,-2.281032,-1.1746815,0.07447715
411870.0,0,0,0.768855,-0.0972851,0.04794543,0.6301578,-2.2807329,-1.1948872,0.077359214
411871.0,0,0,0.76479876,-0.10881901,0.05412414,0.6327021,-2.2804582,-1.2148014,0.08066885
411872.0,0,0,0.76069045,-0.12087386,0.06098427,0.63483894,-2.280192,-1.2343698,0.08440697
411873.0,0,0,0.75649637,-0.13330966,0.06855014,0.6365868,-2.2799187,-1.2535753,0.08854711
411874.0,0,0,0.75218165,-0.14590813,0.07677921,0.63799566,-2.2796245,-1.2723845,0.093033135
411875.0,0,0,0.74772626,-0.15849745,0.08560059,0.6391061,-2.2792983,-1.2908508,0.09781398
411876.0,0,0,0.7431389,-0.17087087,0.094810694,0.63996774,-2.2789392,-1.3089609,0.10281431
411877.0,0,0,0.73846215,-0.18286614,0.104136065,0.6406164,-2.2785552,-1.3266824,0.10795465
411878.0,0,0,0.73372,-0.19446604,0.113399774,0.64107597,-2.2781546,-1.3440773,0.113195546
411879.0,0,0,0.72896796,-0.20564032,0.12240928,0.64135313,-2.2777486,-1.3610629,0.11846843
411880.0,0,0,0.72422993,-0.21642517,0.131097,0.64145523,-2.2773423,-1.377643,0.1237426
411881.0,0,0,0.719525,-0.22685987,0.13941176,0.6413912,-2.276937,-1.3938068,0.12899022
411882.0,0,0,0.7148782,-0.23693286,0.14731449,0.64117897,-2.276529,-1.4095061,0.13417366
411883.0,0,0,0.7103028,-0.24662472,0.1548102,0.6408432,-2.2761092,-1.4247426,0.13927028
411884.0,0,0,0.70581865,-0.25587624,0.16189747,0.64041907,-2.2756677,-1.4394971,0.14424512
411885.0,0,0,0.7014446,-0.26465693,0.1685502,0.63993984,-2.2751982,-1.4537512,0.14905743
411886.0,0,0,0.69719756,-0.27297148,0.17474158,0.6394276,-2.2746997,-1.4674903,0.15366189
411887.0,0,0,0.6931176,-0.28085995,0.18045436,0.63885975,-2.2741776,-1.4807458,0.15802446
411888.0,0,0,0.6892896,-0.28831655,0.18557574,0.6382123,-2.2736506,-1.4934598,0.1620812
411889.0,0,0,0.6857804,-0.29545107,0.18997297,0.63743573,-2.2731466,-1.5056251,0.16578679
411890.0,0,0,0.6825914,-0.30249876,0.19353855,0.6364796,-2.2727013,-1.5172601,0.16910133
411891.0,0,0,0.6796893,-0.30973715,0.19618043,0.6352942,-2.2723463,-1.5283244,0.17196327
411892.0,0,0,0.67707676,-0.31723195,0.19792864,0.6338417,-2.2720895,-1.5387512,0.17430408
411893.0,0,0,0.6747976,-0.32481888,0.19890147,0.6321228,-2.2719111,-1.548614,0.17608611
411894.0,0,0,0.6729413,-0.33207068,0.19916959,0.6302466,-2.2717788,-1.5578898,0.17725754
411895.0,0,0,0.67155814,-0.3386369,0.1988546,0.62832433,-2.2716532,-1.5666307,0.17778412
411896.0,0,0,0.6707029,-0.34413645,0.19809702,0.6264865,-2.271495,-1.574835,0.17763442
411897.0,0,0,0.6704435,-0.34825298,0.19708043,0.6248078,-2.2712708,-1.582513,0.17678873
411898.0,0,0,0.67085177,-0.35073966,0.19595176,0.62333184,-2.2709565,-1.5896833,0.17523596
411899.0,0,0,0.671968,-0.35146296,0.1947186,0.6221074,-2.270546,-1.5963396,0.17298155
411900.0,0,0,0.67376024,-0.3504977,0.19332656,0.6211468,-2.2700455,-1.6024756,0.17004028
411901.0,0,0,0.6761611,-0.34807065,0.19170126,0.62040603,-2.2694676,-1.6080679,0.16643706
411902.0,0,0,0.67905134,-0.34447426,0.18980807,0.6198384,-2.2688248,-1.6130551,0.16222516
411903.0,0,0,0.68232715,-0.34000385,0.18766676,0.61936116,-2.2680976,-1.61741,0.1574651
411904.0,0,0,0.68640983,-0.3336718,0.18400878,0.6193912,-2.267263,-1.6213585,0.15224063
411905.0,0,0,0.69076884,-0.32411587,0.17778867,0.6214326,-2.2664883,-1.6254663,0.14692605
411906.0,0,0,0.69449896,-0.31446376,0.16756375,0.62506485,-2.2659147,-1.6300064,0.1419958
411907.0,0,0,0.69718647,-0.30705312,0.15928069,0.62791646,-2.2654004,-1.6346409,0.13759008
411908.0,0,0,0.6996553,-0.30124855,0.15405746,0.62928385,-2.2646844,-1.639062,0.13357185
411909.0,0,0,0.70270395,-0.29459694,0.15084252,0.6298146,-2.263464,-1.6433574,0.1297211
411910.0,0,0,0.70692086,-0.28191474,0.14895517,0.6313471,-2.26156,-1.6477627,0.12576552
411911.0,0,0,0.71217036,-0.26455042,0.14770988,0.6332522,-2.2591872,-1.6525809,0.1213891
411912.0,0,0,0.71698433,-0.24558316,0.14226733,0.6366964,-2.2568488,-1.6579704,0.11647465
411913.0,0,0,0.72010374,-0.22794212,0.13073194,0.6421854,-2.2548146,-1.6636323,0.11121155
411914.0,0,0,0.72094625,-0.21383584,0.11731558,0.64865077,-2.252871,-1.6691296,0.10589649
411915.0,0,0,0.7204942,-0.20055252,0.10639095,0.6552464,-2.2507937,-1.6740369,0.10094388
411916.0,0,0,0.71979594,-0.18724182,0.09830578,0.66118854,-2.2486742,-1.6782235,0.09652105
411917.0,0,0,0.71919453,-0.17541343,0.0912066,0.66608614,-2.246827,-1.6817831,0.09254796
411918.0,0,0,0.71878874,-0.16512391,0.084322736,0.6700497,-2.2454998,-1.6848899,0.08885082
411919.0,0,0,0.71878135,-0.15591471,0.077391386,0.6730934,-2.2447846,-1.6876528,0.085323356
411920.0,0,0,0.7192079,-0.1480832,0.07036647,0.67517394,-2.2446494,-1.6900934,0.08196078
411921.0,0,0,0.71996474,-0.14187978,0.063325696,0.6763954,-2.2449946,-1.6922305,0.078782454
411922.0,0,0,0.72089005,-0.13722093,0.0563997,0.67698383,-2.2456734,-1.6940924,0.07583757
411923.0,0,0,0.7218756,-0.13349344,0.04963541,0.6772086,-2.2465255,-1.6957462,0.07310591
411924.0,0,0,0.7228217,-0.13030325,0.043153357,0.6772649,-2.2474072,-1.6972506,0.070531555
411925.0,0,0,0.72364604,-0.1274512,0.036901228,0.6772969,-2.248207,-1.6986622,0.06805161
411926.0,0,0,0.7242745,-0.124628216,0.030813958,0.6774546,-2.248852,-1.7000351,0.06562356
411927.0,0,0,0.7246482,-0.121448785,0.02479042,0.6778795,-2.2493105,-1.7014045,0.06322359
411928.0,0,0,0.7247245,-0.1180238,0.019023094,0.67858887,-2.2495475,-1.7027985,0.060876127
411929.0,0,0,0.7241716,-0.11427441,0.014255993,0.67993647,-2.2494822,-1.7042364,0.05871824
411930.0,0,0,0.72325337,-0.10778374,0.010214126,0.68204325,-2.249069,-1.7055993,0.056867227
411931.0,0,0,0.72232115,-0.10151054,0.008435902,0.68401515,-2.248364,-1.706723,0.055299245
411932.0,0,0,0.7214157,-0.09586166,0.008207514,0.6857861,-2.247475,-1.7076414,0.053913098
411933.0,0,0,0.7205644,-0.08928088,0.0083736945,0.68756515,-2.2465327,-1.7084854,0.052618977
411934.0,0,0,0.7197576,-0.08217901,0.008689729,0.68928957,-2.2456694,-1.7093084,0.051380012
411935.0,0,0,0.7190896,-0.07577804,0.009108897,0.6907133,-2.2449331,-1.7101085,0.050179627
411936.0,0,0,0.7185112,-0.0700228,0.009586106,0.6919152,-2.2443073,-1.7108537,0.049057797
411937.0,0,0,0.7179201,-0.064529754,0.010330865,0.69305116,-2.2437372,-1.7115202,0.048051782
411938.0,0,0,0.7173318,-0.0593391,0.0114271045,0.6941062,-2.2431884,-1.7120992,0.047171656
411939.0,0,0,0.716763,-0.05450767,0.01278135,0.69506574,-2.242669,-1.7125969,0.04640327
411940.0,0,0,0.71622473,-0.050088197,0.014238098,0.69592434,-2.2422187,-1.7130313,0.045724746
411941.0,0,0,0.7157383,-0.046225134,0.015571312,0.6966631,-2.241872,-1.7134235,0.04511786
411942.0,0,0,0.71530646,-0.042867053,0.016656635,0.6972959,-2.241638,-1.713791,0.044574372
411943.0,0,0,0.71492875,-0.0399094,0.017472014,0.69783866,-2.241506,-1.7141403,0.044095434
411944.0,0,0,0.71460414,-0.037367124,0.018062707,0.6982967,-2.2414565,-1.7144666,0.04367966
411945.0,0,0,0.71433336,-0.0352549,0.018554406,0.6986706,-2.2414665,-1.7147691,0.04331533
411946.0,0,1,0.7140822,-0.032707117,0.01932866,0.6990303,-2.2415192,-1.715063,0.0429862
411947.0,0,1,0.71384835,-0.030455865,0.019875234,0.6993554,-2.241606,-1.7153597,0.04268275
411948.0,0,1,0.71365166,-0.028404443,0.020143518,0.6996347,-2.241719,-1.715657,0.042406388
411949.0,0,1,0.7134949,-0.02644419,0.020175477,0.6998705,-2.241852,-1.7159477,0.04216422
411950.0,0,1,0.7133942,-0.024555547,0.020148857,0.7000427,-2.2420046,-1.716227,0.04196302
411951.0,0,1,0.71334696,-0.022778215,0.020042889,0.700154,-2.242177,-1.7164959,0.0418
411952.0,0,1,0.71332943,-0.021294074,0.019877633,0.7002233,-2.2423615,-1.716759,0.04166284
411953.0,0,1,0.7133201,-0.020049378,0.019618722,0.70027685,-2.2425492,-1.717025,0.041539304
411954.0,0,1,0.71331203,-0.018815218,0.019265195,0.7003291,-2.2427363,-1.7172956,0.04142714
411955.0,0,1,0.7133263,-0.017490007,0.018873904,0.70035964,-2.2429276,-1.7175668,0.041330148
411956.0,0,1,0.7133689,-0.016143374,0.018461948,0.7003594,-2.2431257,-1.7178338,0.04125097
411957.0,0,1,0.71343184,-0.014834329,0.01801942,0.7003358,-2.2433317,-1.7180964,0.04118973
411958.0,0,1,0.7135066,-0.013575814,0.01751119,0.7002981,-2.2435439,-1.7183521,0.04114799
411959.0,0,1,0.7136012,-0.012415475,0.016996488,0.700236,-2.2437599,-1.718598,0.041126058
411960.0,0,1,0.71370965,-0.011379137,0.016536152,0.700154,-2.2439792,-1.7188373,0.04112085
411961.0,0,1,0.713829,-0.010464224,0.01611997,0.7000564,-2.2442002,-1.7190745,0.04112798
411962.0,0,1,0.7139511,-0.009624117,0.01572156,0.69995284,-2.2444217,-1.7193135,0.04114433
411963.0,0,1,0.71407133,-0.008818941,0.015299674,0.69985026,-2.2446418,-1.7195544,0.041168198
411964.0,0,1,0.7141891,-0.008033992,0.014868308,0.6997487,-2.2448585,-1.7197965,0.041198663
411965.0,1,1,0.71430296,-0.007216281,0.014417784,0.69965076,-2.2414665,-1.7147691,0.04331533
411966.0,1,1,0.71440643,-0.006351481,0.013941408,0.6995634,-2.2414665,-1.7147691,0.04331533
411967.0,1,1,0.71451455,-0.005515672,0.013535485,0.6994679,-2.2414665,-1.7147691,0.04331533
411968.0,1,1,0.7146253,-0.0048075845,0.013243399,0.6993656,-2.2414665,-1.7147691,0.04331533
411969.0,1,1,0.71473765,-0.0042180866,0.013049325,0.6992582,-2.2414665,-1.7147691,0.04331533
411970.0,1,1,0.7148553,-0.0037218553,0.01294217,0.6991429,-2.2414665,-1.7147691,0.04331533
411971.0,1,1,0.7149817,-0.0033406098,0.012913267,0.6990159,-2.2414665,-1.7147691,0.04331533
411972.0,1,1,0.71512747,-0.00308959,0.012982448,0.6988667,-2.2414665,-1.7147691,0.04331533
411973.0,1,1,0.7152983,-0.002950583,0.013193341,0.6986885,-2.2414665,-1.7147691,0.04331533
411974.0,1,1,0.7154897,-0.0028179635,0.01352645,0.6984867,-2.2414665,-1.7147691,0.04331533
411975.0,1,1,0.71572345,-0.0026608927,0.013966435,0.69823897,-2.2414665,-1.7147691,0.04331533
411976.0,1,1,0.7160012,-0.0025118757,0.014475735,0.6979445,-2.2414665,-1.7147691,0.04331533
411977.0,1,1,0.7162816,-0.0023997442,0.014903452,0.69764805,-2.2414665,-1.7147691,0.04331533
411978.0,1,1,0.71653944,-0.002336896,0.015182012,0.6973775,-2.2414665,-1.7147691,0.04331533
411979.0,1,1,0.7167783,-0.0023869667,0.01537124,0.6971277,-2.2414665,-1.7147691,0.04331533
411980.0,1,1,0.7169804,-0.0025010495,0.015544048,0.69691557,-2.2414665,-1.7147691,0.04331533
411981.0,1,1,0.71717054,-0.0024565475,0.015711369,0.69671637,-2.2414665,-1.7147691,0.04331533
411982.0,1,1,0.7173983,-0.0022882666,0.01590955,0.69647795,-2.2414665,-1.7147691,0.04331533
411983.0,1,1,0.71764255,-0.0021317967,0.016119424,0.69622195,-2.2414665,-1.7147691,0.04331533
411984.0,1,1,0.71789086,-0.0019374726,0.01637275,0.6959606,-2.2414665,-1.7147691,0.04331533
411985.0,1,1,0.7181549,-0.0015381008,0.016724072,0.6956807,-2.2414665,-1.7147691,0.04331533
411986.0,1,1,0.7184503,-0.0008332206,0.017034926,0.69536906,-2.2414665,-1.7147691,0.04331533
411987.0,1,1,0.718764,0.00015964937,0.017184896,0.6950417,-2.2414665,-1.7147691,0.04331533
411988.0,1,1,0.71907914,0.0014002476,0.017209698,0.6947137,-2.2414665,-1.7147691,0.04331533
411989.0,1,1,0.7193962,0.0028688563,0.017181123,0.6943816,-2.2414665,-1.7147691,0.04331533
411990.0,1,1,0.7197174,0.0044928906,0.017150115,0.69404083,-2.2414665,-1.7147691,0.04331533
411991.0,1,1,0.72002715,0.00611942,0.017050697,0.6937095,-2.2414665,-1.7147691,0.04331533
411992.0,1,1,0.7203084,0.007763574,0.016980626,0.6934025,-2.2414665,-1.7147691,0.04331533
411993.0,1,1,0.7205668,0.009485132,0.01684839,0.693116,-2.2414665,-1.7147691,0.04331533
411994.0,1,1,0.72083217,0.011096753,0.016554628,0.6928232,-2.2414665,-1.7147691,0.04331533
411995.0,1,1,0.72109675,0.012596301,0.016108649,0.6925325,-2.2414665,-1.7147691,0.04331533
411996.0,1,1,0.721345,0.013965488,0.015621744,0.6922589,-2.2414665,-1.7147691,0.04331533
411997.0,1,1,0.72156125,0.015075199,0.01511865,0.6920213,-2.2414665,-1.7147691,0.04331533
411998.0,1,1,0.7217307,0.015969386,0.014645219,0.69183475,-2.2414665,-1.7147691,0.04331533
411999.0,1,1,0.7218676,0.016679863,0.014156132,0.6916854,-2.2414665,-1.7147691,0.04331533
412000.0,1,1,0.7219803,0.01724794,0.013639017,0.6915642,-2.2414665,-1.7147691,0.04331533
412001.0,1,1,0.72206867,0.017774684,0.013089453,0.69146913,-2.2414665,-1.7147691,0.04331533
412002.0,1,1,0.7221415,0.018314034,0.012521899,0.69138956,-2.2414665,-1.7147691,0.04331533
412003.0,1,1,0.7221991,0.018914556,0.011845016,0.69132525,-2.2414665,-1.7147691,0.04331533
412004.0,1,1,0.72224313,0.019609405,0.010967678,0.6912742,-2.2414665,-1.7147691,0.04331533
412005.0,1,1,0.7222847,0.02037582,0.00991291,0.69122463,-2.2414665,-1.7147691,0.04331533
412006.0,1,1,0.722337,0.02111098,0.008739032,0.69116366,-2.2414665,-1.7147691,0.04331533
412007.0,1,1,0.7223979,0.021812145,0.0074677235,0.6910931,-2.2414665,-1.7147691,0.04331533
412008.0,1,1,0.7224568,0.022580398,0.006061553,0.6910208,-2.2414665,-1.7147691,0.04331533
412009.0,1,1,0.722507,0.023605911,0.004433876,0.69094634,-2.2414665,-1.7147691,0.04331533
412010.0,1,1,0.72257364,0.02479089,0.0027094563,0.6908441,-2.2414665,-1.7147691,0.04331533
412011.0,1,1,0.7226472,0.025996596,0.00104932,0.6907273,-2.2414665,-1.7147691,0.04331533
412012.0,1,1,0.7227032,0.027221384,-0.0005959304,0.690622,-2.2414665,-1.7147691,0.04331533
412013.0,1,1,0.7227408,0.028511005,-0.0023698441,0.6905268,-2.2414665,-1.7147691,0.04331533
412014.0,1,1,0.7227582,0.029993737,-0.0043379543,0.6904363,-2.2414665,-1.7147691,0.04331533
412015.0,1,1,0.7227604,0.031599686,-0.0063737445,0.6903464,-2.2414665,-1.7147691,0.04331533
412016.0,1,1,0.72273463,0.033272855,-0.008458005,0.69027245,-2.2414665,-1.7147691,0.04331533
412017.0,1,1,0.72268474,0.03498943,-0.010550944,0.69021094,-2.2414665,-1.7147691,0.04331533
412018.0,1,1,0.72260976,0.03691642,-0.012897918,0.6901493,-2.2414665,-1.7147691,0.04331533
412019.0,0,0,0.7225259,0.03898477,-0.015689772,0.6900655,-2.2414744,-1.7147698,0.043336187
412020.0,0,0,0.7224397,0.04110916,-0.018675035,0.68995816,-2.2414944,-1.7147727,0.043376867
412021.0,0,0,0.72237885,0.04330979,-0.021958534,0.6897905,-2.2415314,-1.714802,0.043432426
412022.0,0,0,0.72230995,0.045782384,-0.025701256,0.6895737,-2.2415836,-1.7148911,0.04349422
412023.0,0,0,0.7222312,0.04857989,-0.029796286,0.6892999,-2.2416496,-1.7150725,0.04355412
412024.0,0,0,0.72218424,0.051779803,-0.034443606,0.68889946,-2.2417355,-1.7153895,0.04360552
412025.0,0,0,0.72211784,0.055728387,-0.040162656,0.68835104,-2.2418575,-1.7158961,0.04364282
412026.0,0,0,0.7219388,0.060651764,-0.04734702,0.6876657,-2.2420487,-1.7166746,0.043654036
412027.0,0,0,0.7214942,0.06686971,-0.05679817,0.6868395,-2.2423456,-1.717803,0.04364557
412028.0,0,0,0.72046864,0.07490302,-0.06909392,0.6859597,-2.2427313,-1.7191886,0.043669652
412029.0,0,0,0.7194313,0.083442174,-0.082028195,0.6846367,-2.2431986,-1.720768,0.043767415
412030.0,0,0,0.7185334,0.09213901,-0.097567186,0.68242276,-2.2438188,-1.7227372,0.04396345
412031.0,0,0,0.7159848,0.10381799,-0.11807369,0.680181,-2.2446535,-1.725216,0.044311974
412032.0,0,0,0.7117594,0.11725494,-0.14125372,0.6780099,-2.2456992,-1.7280644,0.044834573
412033.0,0,0,0.7083911,0.12797208,-0.16481826,0.6742703,-2.2469008,-1.731376,0.04551902
412034.0,0,0,0.7035298,0.14221652,-0.1917992,0.669353,-2.248215,-1.7354805,0.04629537
412035.0,0,0,0.6961518,0.16045181,-0.22236776,0.663461,-2.2496352,-1.7404218,0.0469954
412036.0,0,0,0.68750966,0.17940646,-0.25541437,0.6556732,-2.2511423,-1.746035,0.047444828
412037.0,0,0,0.6775067,0.19965471,-0.2898077,0.6458592,-2.2526598,-1.752154,0.0475132
412038.0,0,0,0.66611975,0.22170499,-0.32419544,0.6340573,-2.2540507,-1.7586521,0.047098927
412039.0,0,0,0.6526727,0.24639176,-0.35827503,0.62044215,-2.2551856,-1.7654358,0.04612487
412040.0,0,0,0.6365284,0.27346557,-0.3915272,0.60560274,-2.2561781,-1.772412,0.044665452
412041.0,0,0,0.6195111,0.29785314,-0.4214226,0.59151715,-2.2573357,-1.779545,0.043371692
412042.0,0,0,0.6075445,0.3146969,-0.44469073,0.57801867,-2.2588103,-1.7872292,0.043215122
412043.0,0,0,0.6010153,0.32655692,-0.45950863,0.5665624,-2.2605407,-1.7960856,0.044536043
412044.0,0,0,0.59841275,0.33458114,-0.46618566,0.559132,-2.2624178,-1.8064251,0.046903316
412045.0,0,0,0.6002221,0.3379889,-0.46753377,0.5539937,-2.2643895,-1.8182195,0.049677663
412046.0,0,0,0.6050724,0.3382482,-0.46550065,0.5502589,-2.266445,-1.8312705,0.052404467
412047.0,0,0,0.6110068,0.33707556,-0.4615473,0.5477453,-2.2685752,-1.8454263,0.05491335
412048.0,0,0,0.6178216,0.3346491,-0.4559326,0.5462894,-2.2707283,-1.8604816,0.057192534
412049.0,0,0,0.62511593,0.33134684,-0.44873342,0.54596496,-2.2728326,-1.8762245,0.059234437
412050.0,0,0,0.63228464,0.32780728,-0.44053695,0.5465214,-2.2748427,-1.8925271,0.060979784
412051.0,0,0,0.6391033,0.32426468,-0.43196958,0.54754144,-2.276741,-1.9092491,0.062350444
412052.0,0,0,0.645391,0.3208793,-0.4233931,0.54885817,-2.2785294,-1.9262812,0.06331496
412053.0,0,0,0.6512281,0.31759864,-0.41475177,0.5504672,-2.2802222,-1.9436312,0.0639011
412054.0,0,0,0.6567888,0.31428882,-0.40589613,0.5523581,-2.281823,-1.9612533,0.06415689
412055.0,0,0,0.66209614,0.3109502,-0.3967808,0.5545303,-2.2833347,-1.9791248,0.06412509
412056.0,0,0,0.66717875,0.3075447,-0.3874439,0.5569345,-2.284765,-1.9972602,0.06383509
412057.0,0,0,0.672094,0.3039827,-0.3779079,0.5595265,-2.28612,-2.0156753,0.06331029
412058.0,0,0,0.676847,0.30020297,-0.36821964,0.56229055,-2.2874,-2.034308,0.062578306
412059.0,0,0,0.6815141,0.29609898,-0.35833102,0.5652104,-2.2886145,-2.0532253,0.06166062
412060.0,0,0,0.68611103,0.29162487,-0.3482803,0.5682494,-2.2897727,-2.0724888,0.060577005
412061.0,0,0,0.6905804,0.28677604,-0.3382307,0.5713651,-2.2908635,-2.0918415,0.059376027
412062.0,0,0,0.6950574,0.28133816,-0.32791865,0.5746422,-2.2919004,-2.111553,0.05808062
412063.0,0,0,0.6995567,0.27526233,-0.31727177,0.5780914,-2.2928708,-2.131493,0.05673425
412064.0,0,0,0.7040779,0.26855814,-0.30619454,0.5817179,-2.2937713,-2.1516964,0.055353876
412065.0,0,0,0.70854336,0.2613448,-0.29478255,0.58546436,-2.294596,-2.172069,0.053950235
412066.0,0,0,0.71290153,0.25368735,-0.28314936,0.5892713,-2.2953491,-2.1926184,0.05252109
412067.0,0,0,0.7171108,0.24562587,-0.27141964,0.5930863,-2.2960348,-2.2133493,0.05106593
412068.0,0,0,0.7211322,0.2372318,-0.25967538,0.5968736,-2.2966552,-2.234245,0.04958861
412069.0,0,0,0.72496074,0.228539,-0.24795422,0.6006001,-2.297213,-2.2552893,0.048093103
412070.0,0,0,0.7286147,0.21954195,-0.23624913,0.6042419,-2.2977133,-2.276517,0.0465777
412071.0,0,0,0.73204815,0.21040295,-0.22474785,0.6077208,-2.2981558,-2.2976775,0.045060996
412072.0,0,0,0.7352977,0.20104328,-0.21338622,0.6110526,-2.2985516,-2.319023,0.04352911
412073.0,0,0,0.73834425,0.19153327,-0.20227498,0.6142049,-2.2989016,-2.3404326,0.042000066
412074.0,0,0,0.74119484,0.18186559,-0.19143118,0.61717856,-2.2992072,-2.3618932,0.040489707
412075.0,0,0,0.7438707,0.17202674,-0.18079989,0.6199795,-2.2994697,-2.3834553,0.039013255
412076.0,0,0,0.74635977,0.16207623,-0.17042428,0.6226025,-2.2996898,-2.405058,0.03759616
412077.0,0,0,0.7486528,0.15200499,-0.16033411,0.6250651,-2.2998676,-2.426715,0.036264777
412078.0,0,0,0.7507674,0.14170839,-0.15040551,0.62741154,-2.2999988,-2.4484243,0.035053484
412079.0,0,0,0.7527131,0.13109569,-0.14048395,0.62968343,-2.3000739,-2.4701676,0.03399656
412080.0,0,0,0.75446266,0.12017444,-0.13046691,0.6319198,-2.3000827,-2.4919288,0.03311698
412081.0,0,0,0.7559634,0.10892089,-0.120304115,0.63417876,-2.300016,-2.5138319,0.032421224
412082.0,0,0,0.75713974,0.09757892,-0.11019825,0.63645434,-2.2998707,-2.5355003,0.031919293
412083.0,0,0,0.75796676,0.0860129,-0.09999906,0.63881797,-2.2996423,-2.5572844,0.031600814
412084.0,0,0,0.7584004,0.074361935,-0.08981436,0.64127415,-2.2993321,-2.5790768,0.031466644
412085.0,0,0,0.75842386,0.062681556,-0.07968177,0.6438286,-2.2989426,-2.6008568,0.031517915
412086.0,0,0,0.75803113,0.050992582,-0.069546886,0.6464919,-2.2984757,-2.6225991,0.03175806
412087.0,0,0,0.75723976,0.03930695,-0.059365407,0.64924467,-2.2979383,-2.6442566,0.032190915
412088.0,0,0,0.7560717,0.027609324,-0.049128868,0.65205806,-2.297341,-2.665879,0.032824833
412089.0,0,0,0.75456846,0.01587869,-0.03886051,0.65487725,-2.2967005,-2.6874175,0.033668663
412090.0,0,0,0.7527741,0.0040371423,-0.028500155,0.65764934,-2.296031,-2.708872,0.034732677
412091.0,0,0,0.7507296,-0.007920144,-0.01803264,0.66031593,-2.2953467,-2.730201,0.036020055
412092.0,0,0,0.74847543,-0.019952172,-0.0075085703,0.66281986,-2.294661,-2.7513568,0.03752697
412093.0,0,0,0.7460371,-0.03201759,0.0029874323,0.6651275,-2.2939832,-2.7723734,0.039256167
412094.0,0,0,0.7434302,-0.04407273,0.013394369,0.66722536,-2.2933202,-2.793233,0.041213118
412095.0,0,0,0.7406712,-0.05613419,0.023803147,0.6690953,-2.292672,-2.8138988,0.043405656
412096.0,0,0,0.73777413,-0.068220936,0.034338012,0.6707132,-2.2920337,-2.8343525,0.04583976
412097.0,0,0,0.7347503,-0.08030089,0.04503216,0.6720609,-2.2914016,-2.8545923,0.048514973
412098.0,0,0,0.73162186,-0.09229414,0.055815227,0.6731239,-2.2907763,-2.8745825,0.05141834
412099.0,0,0,0.72842056,-0.10416253,0.06661082,0.6738819,-2.2901607,-2.89427,0.05452906
412100.0,0,0,0.72516006,-0.11594497,0.0774035,0.67432064,-2.289555,-2.913726,0.05784723
412101.0,0,0,0.7218889,-0.12755498,0.08805007,0.6744281,-2.2889647,-2.9328537,0.061348625
412102.0,0,0,0.7186303,-0.13902749,0.09846294,0.67420095,-2.28839,-2.9516726,0.06503582
412103.0,0,0,0.71537864,-0.15042345,0.10859386,0.6736568,-2.2878308,-2.9701605,0.06890966
412104.0,0,0,0.7121309,-0.16180216,0.11843791,0.6728016,-2.2872858,-2.9882581,0.07296435
412105.0,0,0,0.70887816,-0.17318249,0.12798491,0.6716543,-2.286752,-3.0058954,0.07718588
412106.0,0,0,0.7055771,-0.18462905,0.13727902,0.67024446,-2.2862217,-3.0230799,0.08156935
412107.0,0,0,0.7021997,-0.19614673,0.14633304,0.668602,-2.2856882,-3.039762,0.08608295
412108.0,0,0,0.6987232,-0.20767742,0.15514943,0.6667718,-2.2851434,-3.055867,0.09067214
412109.0,0,0,0.69510734,-0.21922486,0.16379428,0.664784,-2.2845745,-3.0714478,0.09530486
412110.0,0,0,0.6913788,-0.23062083,0.17220363,0.6626881,-2.2839766,-3.0863998,0.09988783
412111.0,0,0,0.6875285,-0.24178626,0.18033311,0.6605482,-2.28334,-3.1007874,0.104365684
412112.0,0,0,0.6836128,-0.2525975,0.18808962,0.6583998,-2.2826605,-3.1145995,0.10865104
412113.0,0,0,0.6796735,-0.2628055,0.19541529,0.656346,-2.2819412,-3.1278336,0.112655625
412114.0,0,0,0.67577326,-0.27248248,0.20215033,0.65438443,-2.2811956,-3.1404967,0.11629295
412115.0,0,0,0.6720083,-0.28165066,0.20812951,0.6525028,-2.2804453,-3.152626,0.119491175
412116.0,0,0,0.6685245,-0.29016647,0.21322232,0.65070325,-2.2797163,-3.1642206,0.122179285
412117.0,0,0,0.6654361,-0.29807675,0.21738677,0.6489129,-2.2790277,-3.1752741,0.12429326
412118.0,0,0,0.6628385,-0.3053774,0.22072716,0.64704657,-2.2783878,-3.185758,0.12576814
412119.0,0,0,0.660797,-0.31202838,0.22335322,0.6450574,-2.2777965,-3.195657,0.12654471
412120.0,0,0,0.6593226,-0.317983,0.22521976,0.6430059,-2.277251,-3.2049947,0.12657088
412121.0,0,0,0.6583623,-0.3231615,0.22623715,0.6410479,-2.2767434,-3.2137618,0.1258061
412122.0,0,0,0.65782315,-0.3274287,0.2264836,0.6393468,-2.2762432,-3.2219734,0.12422555
412123.0,0,0,0.6576921,-0.33048508,0.22620858,0.638005,-2.2756996,-3.2296395,0.12182084
412124.0,0,0,0.65802115,-0.33195993,0.22567299,0.6370891,-2.2750611,-3.2367659,0.11860445
412125.0,0,0,0.65887696,-0.33157718,0.22501157,0.63663775,-2.2742956,-3.243358,0.11460945
412126.0,0,0,0.6602792,-0.3293174,0.22420521,0.6366423,-2.2733998,-3.2494347,0.10986247
412127.0,0,0,0.6621462,-0.32549173,0.2231371,0.6370459,-2.2724001,-3.2549644,0.10442284
412128.0,0,0,0.6643861,-0.32050627,0.22172211,0.6377352,-2.2713187,-3.2599378,0.09831399
412129.0,0,0,0.667064,-0.31481412,0.21970397,0.63847315,-2.2701964,-3.264385,0.09167521
412130.0,0,0,0.67119354,-0.30746588,0.21531469,0.6392212,-2.2693267,-3.2688282,0.08478521
412131.0,0,0,0.6739415,-0.30222788,0.20445186,0.6423866,-2.2688522,-3.2737675,0.07819031
412132.0,0,0,0.6760238,-0.29788086,0.19282024,0.64581674,-2.2683861,-3.279146,0.07219703
412133.0,0,0,0.6786054,-0.29149947,0.18566932,0.64811254,-2.2675357,-3.284628,0.06677091
412134.0,0,0,0.68212384,-0.28233403,0.17909485,0.6503227,-2.2660542,-3.2901587,0.061510812
412135.0,0,0,0.6868478,-0.26925933,0.1743948,0.65217024,-2.263913,-3.295774,0.05603321
412136.0,0,0,0.6924259,-0.25069663,0.17015603,0.65478575,-2.2613893,-3.3017335,0.04994103
412137.0,0,0,0.69705045,-0.23168069,0.16112359,0.659154,-2.2589839,-3.3080723,0.043195065
412138.0,0,0,0.6993971,-0.21578327,0.14629479,0.66549164,-2.2568536,-3.3144886,0.036042117
412139.0,0,0,0.69992936,-0.20260584,0.13171138,0.6720876,-2.2547934,-3.3205013,0.028957509
412140.0,0,0,0.69962096,-0.18974008,0.12005211,0.6783191,-2.2526548,-3.325873,0.022271661
412141.0,0,0,0.69918853,-0.17718261,0.11031661,0.6837924,-2.2505918,-3.3306012,0.016058626
412142.0,0,0,0.6991615,-0.1656456,0.101050004,0.6881304,-2.2488792,-3.334835,0.010186109
412143.0,0,0,0.699484,-0.15504785,0.09148151,0.69160205,-2.2476897,-3.3387222,0.0045215446
412144.0,0,0,0.70021254,-0.1450539,0.08162114,0.69426197,-2.2470593,-3.3422968,-0.00095968624
412145.0,0,0,0.701313,-0.13638803,0.0719366,0.69597673,-2.2469194,-3.345517,-0.0062036025
412146.0,0,0,0.70267564,-0.12936485,0.06293974,0.69681436,-2.2471123,-3.3483262,-0.011071122
412147.0,0,0,0.7041296,-0.123340525,0.054705616,0.6971341,-2.247449,-3.350809,-0.015616225
412148.0,0,0,0.70541257,-0.11797497,0.047134347,0.6973188,-2.2477527,-3.3530204,-0.019855404
412149.0,0,0,0.7063195,-0.11324683,0.040011536,0.6976296,-2.2478943,-3.35502,-0.023848005
412150.0,0,0,0.70676714,-0.108908884,0.033421393,0.6982136,-2.2478054,-3.3568652,-0.027648455
412151.0,0,0,0.70678157,-0.10458019,0.027369598,0.6991235,-2.2474918,-3.3586006,-0.031283725
412152.0,0,0,0.70647854,-0.10016402,0.021788996,0.7002718,-2.2470055,-3.360265,-0.03477962
412153.0,0,0,0.70569974,-0.09599281,0.01735913,0.7017634,-2.246344,-3.3619246,-0.03806419
412154.0,0,0,0.70465,-0.08926042,0.013692643,0.7037851,-2.245493,-3.3635063,-0.041006014
412155.0,0,0,0.7037089,-0.08259553,0.011938812,0.7055702,-2.24449,-3.3648217,-0.043597117
412156.0,0,0,0.7028043,-0.07787553,0.011827824,0.7070089,-2.2433805,-3.365841,-0.045892876
412157.0,0,0,0.7019235,-0.0730309,0.01249656,0.7083882,-2.2422247,-3.36668,-0.047973946
412158.0,0,0,0.7010846,-0.06780553,0.013612951,0.70971656,-2.2411087,-3.3674407,-0.049927898
412159.0,0,0,0.70043516,-0.06330015,0.014774875,0.7107499,-2.240094,-3.3681736,-0.051822223
412160.0,0,0,0.69992566,-0.059335496,0.015776878,0.7115719,-2.2391877,-3.3688893,-0.05366348
412161.0,0,0,0.6994264,-0.05547853,0.016741026,0.71235144,-2.2383463,-3.3695743,-0.05543489
412162.0,0,0,0.69896483,-0.051925857,0.01789146,0.7130441,-2.237526,-3.370204,-0.0571186
412163.0,0,0,0.6985067,-0.04866026,0.019298458,0.71368635,-2.2367046,-3.370779,-0.058726702
412164.0,0,0,0.69803953,-0.045453005,0.020817822,0.71431184,-2.235889,-3.3713245,-0.060288146
412165.0,0,0,0.6976019,-0.042297874,0.022236427,0.71489024,-2.2350986,-3.3718665,-0.06182957
412166.0,0,0,0.6972076,-0.039259724,0.023466013,0.7154087,-2.2343585,-3.3724084,-0.063346826
412167.0,0,0,0.6968634,-0.03646131,0.024582313,0.7158546,-2.2336824,-3.3729415,-0.06482624
412168.0,0,0,0.69657505,-0.03400367,0.025569204,0.71622145,-2.2330756,-3.3734603,-0.066256486
412169.0,0,0,0.69634235,-0.031861067,0.026323533,0.7165188,-2.232541,-3.3739617,-0.06763049
412170.0,0,0,0.6961635,-0.030086186,0.02689782,0.7167482,-2.2320704,-3.3744483,-0.06895738
412171.0,0,1,0.696008,-0.027879024,0.027719663,0.716957,-2.2316449,-3.3749278,-0.070250094
412172.0,0,1,0.69589496,-0.026077157,0.028324336,0.7171109,-2.231253,-3.3754098,-0.07151162
412173.0,0,1,0.69584125,-0.024312627,0.028643759,0.7172123,-2.2308948,-3.375898,-0.07274429
412174.0,0,1,0.69583184,-0.02272398,0.028600933,0.71727514,-2.2305658,-3.3763812,-0.07394874
412175.0,0,1,0.69585794,-0.021449786,0.028264295,0.71730244,-2.2302477,-3.3768585,-0.07513317
412176.0,0,1,0.69590455,-0.020312956,0.02770084,0.7173123,-2.2299259,-3.3773289,-0.07629686
412177.0,0,1,0.69597775,-0.01922147,0.027078528,0.71729517,-2.2295954,-3.3777864,-0.0774362
412178.0,0,1,0.6960748,-0.01815197,0.026589414,0.7172472,-2.2292583,-3.3782299,-0.078551814
412179.0,0,1,0.69618607,-0.017063947,0.026243987,0.7171785,-2.2289186,-3.3786638,-0.07964679
412180.0,0,1,0.6963055,-0.015946496,0.025927715,0.7170998,-2.2285807,-3.379086,-0.0807167
412181.0,0,1,0.69644475,-0.014917478,0.025610114,0.7169981,-2.2282424,-3.379494,-0.08176469
412182.0,0,1,0.69662505,-0.01417154,0.025464008,0.7168433,-2.2278993,-3.3798962,-0.08280617
412183.0,0,1,0.6968201,-0.013479537,0.025430828,0.71666825,-2.2275546,-3.3802977,-0.08384564
412184.0,0,1,0.6970178,-0.012799345,0.025415853,0.71648896,-2.227211,-3.3806977,-0.08488002
412185.0,0,1,0.69720656,-0.012143456,0.025341628,0.7163193,-2.2268655,-3.3810942,-0.08590883
412186.0,0,1,0.6973815,-0.011542186,0.025253363,0.7161622,-2.2265165,-3.381483,-0.086924925
412187.0,0,1,0.6975307,-0.0109919505,0.025167761,0.71602845,-2.2261617,-3.3818645,-0.08793051
412188.0,0,1,0.6976591,-0.01064988,0.025004681,0.71591425,-2.2257931,-3.3822393,-0.08892673
412189.0,0,1,0.6977594,-0.010309061,0.024998099,0.7158217,-2.2254086,-3.3826125,-0.08991928
412190.0,1,1,0.6978398,-0.009817647,0.025169503,0.71574426,-2.2320704,-3.3744483,-0.06895738
412191.0,1,1,0.69790953,-0.009275826,0.025328524,0.71567774,-2.2320704,-3.3744483,-0.06895738
412192.0,1,1,0.69797516,-0.008722995,0.025524989,0.71561384,-2.2320704,-3.3744483,-0.06895738
412193.0,1,1,0.69803834,-0.008345703,0.025623055,0.71555316,-2.2320704,-3.3744483,-0.06895738
412194.0,1,1,0.69810724,-0.008085514,0.025716925,0.71548563,-2.2320704,-3.3744483,-0.06895738
412195.0,1,1,0.6981749,-0.0077724615,0.02583288,0.7154189,-2.2320704,-3.3744483,-0.06895738
412196.0,1,1,0.6982482,-0.007512831,0.025948854,0.71534586,-2.2320704,-3.3744483,-0.06895738
412197.0,1,1,0.6983336,-0.0074271103,0.02610189,0.7152578,-2.2320704,-3.3744483,-0.06895738
412198.0,1,1,0.698415,-0.0074918186,0.026316209,0.7151698,-2.2320704,-3.3744483,-0.06895738
412199.0,1,1,0.6984945,-0.0075871577,0.026640002,0.7150792,-2.2320704,-3.3744483,-0.06895738
412200.0,1,1,0.6985812,-0.007689172,0.02700563,0.7149797,-2.2320704,-3.3744483,-0.06895738
412201.0,1,1,0.69867617,-0.0076883934,0.027408443,0.7148716,-2.2320704,-3.3744483,-0.06895738
412202.0,1,1,0.6987705,-0.007550376,0.027787788,0.7147662,-2.2320704,-3.3744483,-0.06895738
412203.0,1,1,0.69886917,-0.0073371828,0.028144006,0.714658,-2.2320704,-3.3744483,-0.06895738
412204.0,1,1,0.6989746,-0.0070660613,0.028507316,0.7145432,-2.2320704,-3.3744483,-0.06895738
412205.0,1,1,0.6990799,-0.0067189317,0.028876007,0.71442884,-2.2320704,-3.3744483,-0.06895738
412206.0,1,1,0.69920146,-0.0063238107,0.029238239,0.7142986,-2.2320704,-3.3744483,-0.06895738
412207.0,1,1,0.6993361,-0.005848695,0.029538095,0.7141584,-2.2320704,-3.3744483,-0.06895738
412208.0,1,1,0.69948214,-0.005261875,0.029779933,0.7140099,-2.2320704,-3.3744483,-0.06895738
412209.0,1,1,0.69964325,-0.0045685484,0.030004513,0.7138474,-2.2320704,-3.3744483,-0.06895738
412210.0,1,1,0.6998235,-0.0038228324,0.030197619,0.71366704,-2.2320704,-3.3744483,-0.06895738
412211.0,1,1,0.700021,-0.0030583434,0.030365335,0.71346986,-2.2320704,-3.3744483,-0.06895738
412212.0,1,1,0.7002308,-0.0022641246,0.030521272,0.71326035,-2.2320704,-3.3744483,-0.06895738
412213.0,1,1,0.7004434,-0.001425239,0.030617416,0.7130495,-2.2320704,-3.3744483,-0.06895738
412214.0,1,1,0.70065063,-0.00057684665,0.030697882,0.71284366,-2.2320704,-3.3744483,-0.06895738
412215.0,1,1,0.700834,0.00030176906,0.030704195,0.7126634,-2.2320704,-3.3744483,-0.06895738
412216.0,1,1,0.7010198,0.0012703807,0.030598694,0.71248394,-2.2320704,-3.3744483,-0.06895738
412217.0,1,1,0.7012175,0.002366463,0.03035134,0.71229714,-2.2320704,-3.3744483,-0.06895738
412218.0,1,1,0.7014253,0.0034510891,0.029944705,0.7121054,-2.2320704,-3.3744483,-0.06895738
412219.0,1,1,0.70162815,0.0044703432,0.029439013,0.7119209,-2.2320704,-3.3744483,-0.06895738
412220.0,1,1,0.70180994,0.005513858,0.028755687,0.71176225,-2.2320704,-3.3744483,-0.06895738
412221.0,1,1,0.701964,0.0064609274,0.028080905,0.7116294,-2.2320704,-3.3744483,-0.06895738
412222.0,1,1,0.7020951,0.0073869186,0.02741604,0.7115169,-2.2320704,-3.3744483,-0.06895738
412223.0,1,1,0.70222247,0.008397449,0.026388679,0.7114188,-2.2320704,-3.3744483,-0.06895738
412224.0,1,1,0.70235807,0.009499935,0.0249646,0.7113226,-2.2320704,-3.3744483,-0.06895738
412225.0,1,1,0.70249414,0.010677665,0.023332432,0.7112268,-2.2320704,-3.3744483,-0.06895738
412226.0,1,1,0.702655,0.011832538,0.021670412,0.71110225,-2.2320704,-3.3744483,-0.06895738
412227.0,1,1,0.70284534,0.012982185,0.019933749,0.7109448,-2.2320704,-3.3744483,-0.06895738
412228.0,1,1,0.70304424,0.014141713,0.018134898,0.71077424,-2.2320704,-3.3744483,-0.06895738
412229.0,1,1,0.70323426,0.015395489,0.016138455,0.71060824,-2.2320704,-3.3744483,-0.06895738
412230.0,1,1,0.70340776,0.016822241,0.013820468,0.7104531,-2.2320704,-3.3744483,-0.06895738
412231.0,1,1,0.7035914,0.018227825,0.011437004,0.71027887,-2.2320704,-3.3744483,-0.06895738
412232.0,1,1,0.70374376,0.019615183,0.008871618,0.7101276,-2.2320704,-3.3744483,-0.06895738
412233.0,1,1,0.7038796,0.020946868,0.006400779,0.70998156,-2.2320704,-3.3744483,-0.06895738
412234.0,1,1,0.70400107,0.022249391,0.0040039215,0.709839,-2.2320704,-3.3744483,-0.06895738
412235.0,1,1,0.70411336,0.023374882,0.0017742998,0.7097005,-2.2320704,-3.3744483,-0.06895738
412236.0,1,1,0.7041874,0.02436938,-0.00027096577,0.70959586,-2.2320704,-3.3744483,-0.06895738
412237.0,1,1,0.7042053,0.025430907,-0.0023705603,0.70953697,-2.2320704,-3.3744483,-0.06895738
412238.0,1,1,0.70418876,0.026623067,-0.00457688,0.70949876,-2.2320704,-3.3744483,-0.06895738
412239.0,1,1,0.70414305,0.027958406,-0.00686552,0.7094744,-2.2320704,-3.3744483,-0.06895738
412240.0,1,1,0.7040869,0.029408073,-0.00913079,0.70944583,-2.2320704,-3.3744483,-0.06895738
412241.0,1,1,0.7040363,0.031054288,-0.011486036,0.7093918,-2.2320704,-3.3744483,-0.06895738
412242.0,0,0,0.70394725,0.033146694,-0.014493211,0.70933044,-2.232075,-3.3744693,-0.06893968
412243.0,0,0,0.7038453,0.035397515,-0.017690837,0.7092502,-2.2320833,-3.374502,-0.06890461
412244.0,0,0,0.7037756,0.037694838,-0.021019695,0.70911014,-2.2320979,-3.3745444,-0.06885356
412245.0,0,0,0.7037427,0.04011497,-0.024618676,0.7088942,-2.2321203,-3.3746197,-0.06879138
412246.0,0,0,0.7037119,0.04287974,-0.028635714,0.70861197,-2.2321484,-3.3747663,-0.06872637
412247.0,0,0,0.7036998,0.04603142,-0.033030313,0.708235,-2.2321823,-3.3750358,-0.06866693
412248.0,0,0,0.70368075,0.049944222,-0.038357813,0.7077201,-2.2322357,-3.3754885,-0.06861892
412249.0,0,0,0.7036149,0.054881148,-0.045036968,0.7070261,-2.2323349,-3.3761995,-0.06859678
412250.0,0,0,0.70350766,0.060827203,-0.053312134,0.70607,-2.2325137,-3.377281,-0.068626024
412251.0,0,0,0.7028968,0.068858415,-0.064739235,0.70498484,-2.2327733,-3.3787143,-0.06864373
412252.0,0,0,0.7016948,0.078715585,-0.07800026,0.70380694,-2.2330985,-3.380303,-0.0685571
412253.0,0,0,0.7010161,0.08690931,-0.0914871,0.7018926,-2.2335198,-3.3821607,-0.06836824
412254.0,0,0,0.6992474,0.09775796,-0.10994188,0.69957787,-2.2340755,-3.3846214,-0.068067506
412255.0,0,0,0.6949543,0.113308534,-0.13284929,0.697532,-2.2348795,-3.3875973,-0.06759361
412256.0,0,0,0.6914402,0.1255904,-0.15704693,0.69388306,-2.2359984,-3.3909397,-0.066948816
412257.0,0,0,0.68842906,0.136766,-0.1846185,0.6879509,-2.2373333,-3.394954,-0.06621192
412258.0,0,0,0.68234366,0.15411279,-0.21600367,0.6811746,-2.2387867,-3.3998647,-0.065527834
412259.0,0,0,0.6746521,0.17327361,-0.250635,0.6723116,-2.24031,-3.405524,-0.065093905
412260.0,0,0,0.6663112,0.19247879,-0.2869034,0.66080844,-2.2418172,-3.4116733,-0.06505454
412261.0,0,0,0.6561787,0.21414165,-0.32281303,0.6475836,-2.2431626,-3.4181697,-0.06550383
412262.0,0,0,0.6438108,0.2387486,-0.3584099,0.6324943,-2.2442536,-3.4249525,-0.06650717
412263.0,0,0,0.6288858,0.26526466,-0.39355353,0.6158351,-2.2452703,-3.431957,-0.06797436
412264.0,0,0,0.61386746,0.28831968,-0.42426986,0.6000279,-2.2464724,-3.439196,-0.06919483
412265.0,0,0,0.60446495,0.30388683,-0.44553474,0.5863221,-2.247886,-3.4471257,-0.069071054
412266.0,0,0,0.6002562,0.31449127,-0.45621082,0.5767663,-2.2494295,-3.4564211,-0.0672286
412267.0,0,0,0.60039157,0.3201924,-0.45862436,0.5715511,-2.2510269,-3.46739,-0.06428563
412268.0,0,0,0.60384613,0.321686,-0.45678592,0.56853735,-2.2526138,-3.4799445,-0.061166298
412269.0,0,0,0.60774475,0.32210082,-0.45317656,0.5670348,-2.2541687,-3.493853,-0.058417775
412270.0,0,0,0.6119136,0.32161328,-0.44817424,0.5668038,-2.255688,-3.508811,-0.056116965
412271.0,0,0,0.61673576,0.31991142,-0.44147924,0.5677938,-2.2571619,-3.5246336,-0.054168988
412272.0,0,0,0.6215669,0.31770757,-0.43371373,0.56974465,-2.258566,-3.5410802,-0.0525839
412273.0,0,0,0.6261188,0.3155256,-0.42569473,0.5720166,-2.2599032,-3.558043,-0.051444087
412274.0,0,0,0.6303262,0.31353006,-0.4178365,0.5742825,-2.261192,-3.5754118,-0.050800823
412275.0,0,0,0.6342708,0.3116766,-0.41003877,0.5765644,-2.262459,-3.5932016,-0.05062
412276.0,0,0,0.6382054,0.30973554,-0.4020759,0.57887197,-2.2637138,-3.6113327,-0.050819896
412277.0,0,0,0.64226365,0.30755776,-0.3937656,0.5812523,-2.2649682,-3.629887,-0.05131855
412278.0,0,0,0.6464995,0.30504158,-0.38498104,0.5837616,-2.2662237,-3.648863,-0.052047804
412279.0,0,0,0.6510189,0.30201036,-0.37561223,0.5864126,-2.2674809,-3.66824,-0.052951053
412280.0,0,0,0.6558655,0.2983876,-0.3655709,0.58920556,-2.2687435,-3.688049,-0.05398517
412281.0,0,0,0.6610626,0.29413518,-0.35483614,0.5920913,-2.270009,-3.7082305,-0.055112053
412282.0,0,0,0.66657925,0.2892417,-0.34342802,0.5950367,-2.2712774,-3.72879,-0.05630685
412283.0,0,0,0.6723149,0.28376713,-0.33144054,0.5980101,-2.2725468,-3.7497208,-0.057549603
412284.0,0,0,0.6781919,0.27776334,-0.31900454,0.60094875,-2.273809,-3.770934,-0.058813512
412285.0,0,0,0.6842171,0.27117142,-0.30605596,0.6038567,-2.275061,-3.792505,-0.06007962
412286.0,0,0,0.69030136,0.26405817,-0.29265967,0.6067188,-2.276282,-3.8142967,-0.061321344
412287.0,0,0,0.6963719,0.25647438,-0.27885148,0.60953176,-2.2774572,-3.836304,-0.06253149
412288.0,0,0,0.7023539,0.24848408,-0.2647152,0.61227494,-2.278572,-3.8584926,-0.06371399
412289.0,0,0,0.70819587,0.24015523,-0.2503595,0.6149018,-2.2796204,-3.8808768,-0.0648843
412290.0,0,0,0.71378344,0.23162271,-0.23604116,0.6173724,-2.280596,-3.9033742,-0.06605473
412291.0,0,0,0.7190964,0.22287895,-0.22184603,0.61968505,-2.281501,-3.926063,-0.067242086
412292.0,0,0,0.72407085,0.2140095,-0.20804825,0.62180156,-2.2823215,-3.9485927,-0.06843873
412293.0,0,0,0.7287714,0.20494322,-0.19451866,0.6237411,-2.2830682,-3.9712877,-0.06967456
412294.0,0,0,0.7331499,0.19580644,-0.18147409,0.6254745,-2.2837381,-3.9940026,-0.070951946
412295.0,0,0,0.7372172,0.18658905,-0.16900921,0.62700176,-2.2843354,-4.016789,-0.072274595
412296.0,0,0,0.7409648,0.17730245,-0.15723051,0.628342,-2.2848616,-4.0395837,-0.07362638
412297.0,0,0,0.7444093,0.16791698,-0.14616337,0.6295197,-2.2853198,-4.0624022,-0.074980594
412298.0,0,0,0.7475992,0.1582942,-0.13565058,0.6305849,-2.2857096,-4.085312,-0.07629988
412299.0,0,0,0.75052834,0.14838336,-0.12551942,0.63161266,-2.2860248,-4.108244,-0.077532604
412300.0,0,0,0.75320274,0.13808149,-0.115577556,0.6326618,-2.2862601,-4.1312523,-0.07863541
412301.0,0,0,0.7555931,0.1274051,-0.10573269,0.6337725,-2.2864108,-4.1542225,-0.07956537
412302.0,0,0,0.7576863,0.11630753,-0.0958178,0.63498276,-2.286476,-4.177275,-0.08029955
412303.0,0,0,0.7594558,0.104858756,-0.08580759,0.6362929,-2.2864554,-4.2003326,-0.08081954
412304.0,0,0,0.76088387,0.09309279,-0.07567317,0.63770133,-2.2863524,-4.2233977,-0.08112037
412305.0,0,0,0.7619557,0.081070326,-0.06542831,0.63919514,-2.286171,-4.2464733,-0.08120399
412306.0,0,0,0.7626424,0.068914436,-0.05512188,0.6407723,-2.285916,-4.269488,-0.08107667
412307.0,0,0,0.7629394,0.056668084,-0.044732917,0.6424261,-2.2855906,-4.2924895,-0.08074622
412308.0,0,0,0.7628423,0.044422086,-0.034300808,0.64414424,-2.2852,-4.315407,-0.08022435
412309.0,0,0,0.76236564,0.03221594,-0.023865724,0.64590335,-2.2847517,-4.3382487,-0.07952116
412310.0,0,0,0.76153404,0.020080825,-0.013467409,0.6476737,-2.2842555,-4.3610063,-0.07864297
412311.0,0,0,0.76037794,0.007997849,-0.003100846,0.64942425,-2.2837226,-4.3836966,-0.07759012
412312.0,0,0,0.75893396,-0.0039897156,0.0071954913,0.6511157,-2.2831678,-4.406196,-0.07636807
412313.0,0,0,0.7572333,-0.015962087,0.017479878,0.65271544,-2.2826016,-4.42858,-0.074971646
412314.0,0,0,0.7553208,-0.027943766,0.027764905,0.6541704,-2.282036,-4.4508595,-0.07339897
412315.0,0,0,0.7532524,-0.039879963,0.037961446,0.6554231,-2.2814856,-4.4729414,-0.0716563
412316.0,0,0,0.75107014,-0.051745083,0.048026524,0.65643704,-2.2809598,-4.494867,-0.069734596
412317.0,0,0,0.7487984,-0.06354911,0.057986163,0.65719116,-2.2804666,-4.516599,-0.06762522
412318.0,0,0,0.7464552,-0.07539298,0.0679681,0.65764797,-2.2800086,-4.53814,-0.065314434
412319.0,0,0,0.7440688,-0.087273024,0.07799835,0.65776986,-2.2795882,-4.559418,-0.06279897
412320.0,0,0,0.74164397,-0.09920478,0.08808763,0.65754324,-2.2792053,-4.58046,-0.060065947
412321.0,0,0,0.7391851,-0.111173086,0.098208375,0.65696347,-2.2788568,-4.601177,-0.05711889
412322.0,0,0,0.73665905,-0.12324367,0.108464524,0.6560335,-2.2785332,-4.621655,-0.05393897
412323.0,0,0,0.7340732,-0.13531281,0.11879036,0.654764,-2.2782292,-4.641741,-0.050552238
412324.0,0,0,0.7313956,-0.14746574,0.12920772,0.65316135,-2.27794,-4.661525,-0.046952177
412325.0,0,0,0.72862786,-0.1596543,0.13956887,0.65125453,-2.2776682,-4.6809015,-0.043172147
412326.0,0,0,0.7257622,-0.17187542,0.14972338,0.64908475,-2.277418,-4.6998453,-0.039232977
412327.0,0,0,0.72276306,-0.18419336,0.15960735,0.646693,-2.2771885,-4.7183876,-0.035141233
412328.0,0,0,0.71959925,-0.19657636,0.16921681,0.6441276,-2.2769735,-4.7364864,-0.030919986
412329.0,0,0,0.71625584,-0.20893642,0.17855512,0.6414368,-2.2767599,-4.754063,-0.026607353
412330.0,0,0,0.71271324,-0.22119722,0.1876959,0.63865626,-2.2765312,-4.771112,-0.022230376
412331.0,0,0,0.7089804,-0.23303397,0.19670413,0.6358847,-2.2762656,-4.7875686,-0.017852306
412332.0,0,0,0.7049477,-0.24480289,0.2054089,0.63318825,-2.2759387,-4.8035874,-0.013485665
412333.0,0,0,0.7009435,-0.25605792,0.21382913,0.63038856,-2.2755446,-4.8188405,-0.009270811
412334.0,0,0,0.6967761,-0.26628423,0.22201325,0.6279379,-2.2750642,-4.8336015,-0.0051919287
412335.0,0,0,0.692578,-0.27589613,0.22986823,0.6256019,-2.2744997,-4.847812,-0.001339593
412336.0,0,0,0.6882555,-0.28514102,0.23707555,0.62353367,-2.2738671,-4.8614297,0.0021924828
412337.0,0,0,0.68404436,-0.2938603,0.24366997,0.62157416,-2.2731895,-4.8744864,0.0053268275
412338.0,0,0,0.679989,-0.30217373,0.24935436,0.61978096,-2.2724957,-4.886993,0.00798042
412339.0,0,0,0.6762876,-0.31008258,0.2540118,0.61803067,-2.271812,-4.8989563,0.0100770015
412340.0,0,0,0.6730739,-0.31746852,0.25755528,0.61632025,-2.271154,-4.9104056,0.011553079
412341.0,0,0,0.67043936,-0.32429656,0.25995415,0.61462724,-2.27053,-4.921316,0.012347755
412342.0,0,0,0.66838306,-0.330558,0.26127297,0.61296976,-2.269934,-4.9316664,0.012411631
412343.0,0,0,0.6668564,-0.3361515,0.26171675,0.61139923,-2.2693381,-4.94145,0.011700653
412344.0,0,0,0.66582286,-0.3409121,0.2615452,0.6099615,-2.2686977,-4.950649,0.010179877
412345.0,0,0,0.6652823,-0.34454107,0.26095408,0.6087643,-2.267961,-4.9592814,0.007826873
412346.0,0,0,0.6652664,-0.3466613,0.26008427,0.6079497,-2.2670834,-4.9673634,0.004645292
412347.0,0,0,0.6657898,-0.34699437,0.25903434,0.6076348,-2.2660344,-4.9749312,0.00064933253
412348.0,0,0,0.6668879,-0.34542194,0.25778028,0.60785985,-2.264809,-4.9820075,-0.0041412706
412349.0,0,0,0.6684944,-0.34218028,0.2562011,0.6085959,-2.2634318,-4.9885597,-0.009671715
412350.0,0,0,0.6705143,-0.33768773,0.254181,0.6097293,-2.261927,-4.9945745,-0.015908057
412351.0,0,0,0.6728609,-0.3322812,0.25164372,0.6111652,-2.26031,-5.0000196,-0.022799553
412352.0,0,0,0.67558485,-0.32638153,0.24849741,0.6126249,-2.2585928,-5.0049305,-0.030191883
412353.0,0,0,0.6794441,-0.31932783,0.24355842,0.61405605,-2.2570546,-5.0098186,-0.037711386
412354.0,0,0,0.6820245,-0.31385833,0.23279475,0.61817664,-2.255848,-5.0152493,-0.04475082
412355.0,0,0,0.68512285,-0.30558303,0.22492774,0.62179834,-2.2541537,-5.0208964,-0.05127359
412356.0,0,0,0.68923414,-0.29394373,0.2186207,0.6251067,-2.2516541,-5.0267625,-0.057838675
412357.0,0,0,0.6949016,-0.27720192,0.21373115,0.6281639,-2.248351,-5.0331397,-0.06494981
412358.0,0,0,0.70140123,-0.2536077,0.20600635,0.6334672,-2.2447672,-5.0402293,-0.07285672
412359.0,0,0,0.70561635,-0.23016304,0.19008857,0.6426482,-2.2414412,-5.0476832,-0.08152169
412360.0,0,0,0.7065989,-0.21372622,0.17098434,0.6525363,-2.2383661,-5.0547543,-0.09050189
412361.0,0,0,0.7061499,-0.19895767,0.15490921,0.66164297,-2.2352614,-5.0610013,-0.09921182
412362.0,0,0,0.7052628,-0.18218496,0.14193797,0.6702735,-2.2321565,-5.066386,-0.107322976
412363.0,0,0,0.70469415,-0.16654979,0.12990864,0.67734116,-2.229448,-5.0709877,-0.1147871
412364.0,0,0,0.7046931,-0.153132,0.1180265,0.6826625,-2.2274194,-5.07498,-0.121861786
412365.0,0,0,0.70531625,-0.14097579,0.10663364,0.6865014,-2.2261677,-5.0783887,-0.12863854
412366.0,0,0,0.70655406,-0.13100441,0.09603247,0.68876475,-2.2256136,-5.081199,-0.13510588
412367.0,0,0,0.70819604,-0.12344829,0.08617649,0.68977714,-2.2255507,-5.083462,-0.14121984
412368.0,0,0,0.7099959,-0.11735206,0.07718927,0.69005525,-2.2257035,-5.085289,-0.14694206
412369.0,0,0,0.7116003,-0.11213195,0.06893521,0.6901446,-2.2258124,-5.0867944,-0.15229449
412370.0,0,0,0.71275014,-0.10754554,0.061322033,0.69040626,-2.2256913,-5.088057,-0.1573509
412371.0,0,0,0.7133458,-0.10335089,0.05455717,0.6909991,-2.2252614,-5.089134,-0.16217206
412372.0,0,0,0.7134467,-0.0991942,0.04842069,0.6919608,-2.2245576,-5.090089,-0.16683356
412373.0,0,0,0.7131743,-0.09502082,0.042735316,0.6932007,-2.223642,-5.0909996,-0.1713997
412374.0,0,0,0.7123052,-0.09060561,0.038307752,0.6949421,-2.2225306,-5.091924,-0.17576894
412375.0,0,0,0.71136653,-0.08311556,0.034496017,0.6970363,-2.2212145,-5.0927596,-0.17985603
412376.0,0,0,0.7106078,-0.07628125,0.032884173,0.6986675,-2.2197273,-5.093319,-0.18362898
412377.0,0,0,0.7098229,-0.070776366,0.032643277,0.7000547,-2.218112,-5.093587,-0.18712898
412378.0,0,0,0.70899737,-0.06518653,0.033210598,0.70140606,-2.2164364,-5.093664,-0.19043446
412379.0,0,0,0.70822144,-0.059406813,0.034303896,0.70264965,-2.2147918,-5.0936465,-0.19362243
412380.0,0,0,0.7075953,-0.054434776,0.035409864,0.7036278,-2.2132344,-5.093586,-0.19674693
412381.0,0,0,0.7070634,-0.049880482,0.0363342,0.70445246,-2.2117703,-5.0934925,-0.1997936
412382.0,0,0,0.70656705,-0.04553976,0.03730304,0.7051934,-2.210361,-5.0933404,-0.20275378
412383.0,0,0,0.70609784,-0.041727792,0.03850599,0.7058342,-2.208964,-5.093108,-0.20563658
412384.0,0,0,0.7056298,-0.03833619,0.039877225,0.7064182,-2.207592,-5.0928097,-0.20840813
412385.0,0,0,0.7051775,-0.035100654,0.041220218,0.70696086,-2.2062614,-5.092457,-0.2110968
412386.0,0,0,0.7048145,-0.0323753,0.042507317,0.7073766,-2.2050185,-5.092055,-0.2136911
412387.0,0,0,0.70454603,-0.030301897,0.043565147,0.70767134,-2.2038856,-5.09161,-0.21618375
412388.0,0,0,0.7043836,-0.028676184,0.04431225,0.7078545,-2.2028513,-5.091127,-0.2185892
412389.0,0,0,0.7043018,-0.02746325,0.044765156,0.7079554,-2.2018907,-5.0906157,-0.22092016
412390.0,0,0,0.7042506,-0.026556665,0.045061532,0.70802206,-2.2009583,-5.09009,-0.22321913
412391.0,0,0,0.70421785,-0.025587017,0.04516191,0.7080841,-2.2000237,-5.0895658,-0.22550797
412392.0,0,1,0.70421183,-0.024693336,0.045111816,0.7081249,-2.1990814,-5.089045,-0.22779383
412393.0,0,1,0.70422083,-0.023557102,0.04505443,0.7081584,-2.1981497,-5.0885224,-0.23006192
412394.0,0,1,0.7042308,-0.022323607,0.04490117,0.7081981,-2.197239,-5.0879893,-0.2323126
412395.0,0,1,0.70424145,-0.021232339,0.044519372,0.7082453,-2.19635,-5.0874453,-0.23453587
412396.0,0,1,0.70425475,-0.020369783,0.043885842,0.7082969,-2.1954691,-5.086888,-0.2367397
412397.0,0,1,0.7042768,-0.01965625,0.043106508,0.7083429,-2.19459,-5.086319,-0.23892029
412398.0,0,1,0.704317,-0.019082127,0.04221807,0.7083721,-2.193707,-5.085738,-0.24108265
412399.0,0,1,0.70437753,-0.018661216,0.04122621,0.7083816,-2.1928113,-5.0851464,-0.24323492
412400.0,0,1,0.70445704,-0.018301813,0.04018152,0.70837194,-2.1918998,-5.0845475,-0.24537167
412401.0,0,1,0.70454556,-0.017899135,0.039178673,0.70835036,-2.190967,-5.0839386,-0.24750562
412402.0,0,1,0.7046345,-0.01739548,0.038296938,0.7083226,-2.1900215,-5.083324,-0.24962963
412403.0,0,1,0.70472425,-0.01679994,0.037506595,0.7082899,-2.1890664,-5.082704,-0.25174844
412404.0,0,1,0.70482236,-0.0161252,0.036738385,0.70824826,-2.1881025,-5.0820785,-0.25386596
412405.0,0,1,0.70492685,-0.015370111,0.03595836,0.7082012,-2.1871328,-5.0814443,-0.25597686
412406.0,0,1,0.7050426,-0.01458144,0.03519814,0.7081409,-2.1861613,-5.080799,-0.25807503
412407.0,0,1,0.7051724,-0.013853834,0.034476146,0.7080617,-2.185189,-5.0801435,-0.26015985
412408.0,0,1,0.7053104,-0.013204795,0.03374621,0.7079718,-2.184213,-5.0794783,-0.26223633
412409.0,0,1,0.7054532,-0.0126128625,0.03296515,0.7078771,-2.18323,-5.0788035,-0.26430532
412410.0,0,1,0.7055928,-0.012086084,0.032158744,0.7077842,-2.1822386,-5.07812,-0.2663615
412411.0,1,1,0.7057138,-0.011583766,0.031356692,0.7077081,-2.2000237,-5.0895658,-0.22550797
412412.0,1,1,0.70580894,-0.01102377,0.03057748,0.70765615,-2.2000237,-5.0895658,-0.22550797
412413.0,1,1,0.70588285,-0.010448856,0.029874561,0.7076213,-2.2000237,-5.0895658,-0.22550797
412414.0,1,1,0.7059429,-0.009931195,0.02929061,0.7075932,-2.2000237,-5.0895658,-0.22550797
412415.0,1,1,0.7059883,-0.009470987,0.028827451,0.70757324,-2.2000237,-5.0895658,-0.22550797
412416.0,1,1,0.7060265,-0.009046366,0.028476913,0.70755494,-2.2000237,-5.0895658,-0.22550797
412417.0,1,1,0.7060769,-0.008664743,0.028205208,0.7075203,-2.2000237,-5.0895658,-0.22550797
412418.0,1,1,0.7061589,-0.008344541,0.027957767,0.7074522,-2.2000237,-5.0895658,-0.22550797
412419.0,1,1,0.7062728,-0.008114623,0.027748039,0.70734936,-2.2000237,-5.0895658,-0.22550797
412420.0,1,1,0.7064193,-0.007931191,0.027627263,0.7072098,-2.2000237,-5.0895658,-0.22550797
412421.0,1,1,0.7066033,-0.007702287,0.027610702,0.7070291,-2.2000237,-5.0895658,-0.22550797
412422.0,1,1,0.70683616,-0.0074169245,0.027584648,0.70680034,-2.2000237,-5.0895658,-0.22550797
412423.0,1,1,0.7070965,-0.0071146786,0.027458848,0.706548,-2.2000237,-5.0895658,-0.22550797
412424.0,1,1,0.707368,-0.0068352954,0.027309028,0.70628476,-2.2000237,-5.0895658,-0.22550797
412425.0,1,1,0.7076407,-0.006565407,0.027183896,0.70601875,-2.2000237,-5.0895658,-0.22550797
412426.0,1,1,0.70790386,-0.006296214,0.02706186,0.7057621,-2.2000237,-5.0895658,-0.22550797
412427.0,1,1,0.7081406,-0.006088531,0.026934505,0.70553136,-2.2000237,-5.0895658,-0.22550797
412428.0,1,1,0.708345,-0.005980572,0.026794674,0.7053324,-2.2000237,-5.0895658,-0.22550797
412429.0,1,1,0.70849836,-0.006031241,0.026732791,0.70518017,-2.2000237,-5.0895658,-0.22550797
412430.0,1,1,0.70860523,-0.006190923,0.026834866,0.7050676,-2.2000237,-5.0895658,-0.22550797
412431.0,1,1,0.7086865,-0.0063946503,0.027033323,0.70497656,-2.2000237,-5.0895658,-0.22550797
412432.0,1,1,0.70877594,-0.006646831,0.02728881,0.7048744,-2.2000237,-5.0895658,-0.22550797
412433.0,1,1,0.70888096,-0.0070219026,0.027639115,0.7047516,-2.2000237,-5.0895658,-0.22550797
412434.0,1,1,0.7089911,-0.0074378313,0.028098773,0.7046182,-2.2000237,-5.0895658,-0.22550797
412435.0,1,1,0.7091261,-0.0075945533,0.02853852,0.70446306,-2.2000237,-5.0895658,-0.22550797
412436.0,1,1,0.70929635,-0.0074089887,0.02877949,0.70428383,-2.2000237,-5.0895658,-0.22550797
412437.0,1,1,0.70948124,-0.0069921403,0.02885455,0.7040988,-2.2000237,-5.0895658,-0.22550797
412438.0,1,1,0.70966566,-0.0064614634,0.028916435,0.70391536,-2.2000237,-5.0895658,-0.22550797
412439.0,1,1,0.7098397,-0.005883341,0.029005349,0.7037412,-2.2000237,-5.0895658,-0.22550797
412440.0,1,1,0.710006,-0.005308776,0.02910978,0.7035736,-2.2000237,-5.0895658,-0.22550797
412441.0,1,1,0.71016586,-0.004751153,0.029209951,0.7034122,-2.2000237,-5.0895658,-0.22550797
412442.0,1,1,0.7103227,-0.0041261762,0.029256495,0.7032558,-2.2000237,-5.0895658,-0.22550797
412443.0,1,1,0.71048087,-0.003384875,0.029209653,0.7031019,-2.2000237,-5.0895658,-0.22550797
412444.0,1,1,0.71063155,-0.0025561375,0.02907558,0.7029587,-2.2000237,-5.0895658,-0.22550797
412445.0,1,1,0.71077186,-0.0017249703,0.028849559,0.7028285,-2.2000237,-5.0895658,-0.22550797
412446.0,1,1,0.7109101,-0.00096987275,0.028561922,0.70270205,-2.2000237,-5.0895658,-0.22550797
412447.0,1,1,0.71104395,-0.0002713358,0.028208924,0.70258147,-2.2000237,-5.0895658,-0.22550797
412448.0,1,1,0.711176,0.00044141777,0.027797833,0.70246416,-2.2000237,-5.0895658,-0.22550797
412449.0,1,1,0.71131325,0.001163091,0.02736341,0.70234144,-2.2000237,-5.0895658,-0.22550797
412450.0,1,1,0.7114738,0.0018627228,0.026895946,0.70219517,-2.2000237,-5.0895658,-0.22550797
412451.0,1,1,0.71166205,0.0028013694,0.026334478,0.7020226,-2.2000237,-5.0895658,-0.22550797
412452.0,1,1,0.71187854,0.0041858093,0.025424432,0.70182973,-2.2000237,-5.0895658,-0.22550797
412453.0,1,1,0.7121472,0.005966244,0.02409015,0.70159143,-2.2000237,-5.0895658,-0.22550797
412454.0,1,1,0.7124589,0.008101134,0.022251828,0.7013142,-2.2000237,-5.0895658,-0.22550797
412455.0,1,1,0.7128302,0.010067148,0.020334544,0.7009696,-2.2000237,-5.0895658,-0.22550797
412456.0,1,1,0.7132214,0.011802295,0.018522933,0.7005947,-2.2000237,-5.0895658,-0.22550797
412457.0,1,1,0.7135543,0.013647811,0.016384158,0.70027536,-2.2000237,-5.0895658,-0.22550797
412458.0,1,1,0.7138805,0.015465609,0.01412908,0.6999543,-2.2000237,-5.0895658,-0.22550797
412459.0,1,1,0.71420884,0.017163696,0.011966715,0.6996199,-2.2000237,-5.0895658,-0.22550797
412460.0,1,1,0.7145058,0.018927345,0.009771096,0.6993052,-2.2000237,-5.0895658,-0.22550797
412461.0,1,1,0.7148154,0.020802645,0.0074843327,0.69896376,-2.2000237,-5.0895658,-0.22550797
412462.0,1,1,0.7151496,0.022441305,0.0053277547,0.6985908,-2.2000237,-5.0895658,-0.22550797
412463.0,1,1,0.715422,0.023889141,0.003367754,0.698276,-2.2000237,-5.0895658,-0.22550797
412464.0,1,1,0.7155845,0.025440138,0.0013127674,0.6980615,-2.2000237,-5.0895658,-0.22550797
412465.0,1,1,0.7156726,0.02721476,-0.0010330525,0.69790465,-2.2000237,-5.0895658,-0.22550797
412466.0,1,1,0.715734,0.029157387,-0.003461766,0.6977555,-2.2000237,-5.0895658,-0.22550797
412467.0,0,0,0.715772,0.031143086,-0.0061519463,0.6976122,-2.2000322,-5.089574,-0.22549258
412468.0,0,0,0.7157664,0.03331669,-0.009177306,0.6974843,-2.20005,-5.0895996,-0.22546467
412469.0,0,0,0.7157459,0.035620615,-0.012413956,0.6973412,-2.200075,-5.08963,-0.22542134
412470.0,0,0,0.71580595,0.03786776,-0.015680764,0.6970955,-2.2001042,-5.0896473,-0.22536121
412471.0,0,0,0.7159458,0.040019684,-0.018950773,0.69675034,-2.200144,-5.089671,-0.22528726
412472.0,0,0,0.71604013,0.04233796,-0.02260358,0.6964074,-2.2002027,-5.089761,-0.2252064
412473.0,0,0,0.71602917,0.04518193,-0.02699585,0.6960834,-2.200286,-5.089974,-0.2251271
412474.0,0,0,0.7159901,0.04851745,-0.032161966,0.69567937,-2.2004046,-5.0903616,-0.2250589
412475.0,0,0,0.71594554,0.052566115,-0.038367167,0.69511646,-2.2005835,-5.0909686,-0.22500968
412476.0,0,0,0.71594864,0.057386514,-0.04605298,0.69426465,-2.200855,-5.091838,-0.22498417
412477.0,0,0,0.7158101,0.0630134,-0.055845626,0.69320023,-2.2012284,-5.092971,-0.22494075
412478.0,0,0,0.71523315,0.069649115,-0.06741547,0.6921313,-2.2016807,-5.0942554,-0.22481911
412479.0,0,0,0.7142367,0.07660226,-0.080516435,0.6910248,-2.202238,-5.0956926,-0.22460695
412480.0,0,0,0.71311754,0.08347999,-0.09586934,0.68942267,-2.2029805,-5.097536,-0.22430584
412481.0,0,0,0.71052545,0.093169,-0.11618663,0.68773097,-2.203974,-5.0999923,-0.22390781
412482.0,0,0,0.7070352,0.104388006,-0.13991877,0.68529356,-2.2052267,-5.102917,-0.2233816
412483.0,0,0,0.70381224,0.114621945,-0.16562855,0.6812322,-2.206719,-5.106213,-0.22271061
412484.0,0,0,0.69960105,0.12584876,-0.19415048,0.6760371,-2.2084424,-5.1100397,-0.2219482
412485.0,0,0,0.69339865,0.13935292,-0.22546916,0.6700319,-2.210375,-5.1144767,-0.22123079
412486.0,0,0,0.68621725,0.15335856,-0.25952083,0.6619939,-2.2124734,-5.1195054,-0.22072415
412487.0,0,0,0.6781201,0.1683893,-0.2951017,0.65170014,-2.214618,-5.124979,-0.22057335
412488.0,0,0,0.66850287,0.18521312,-0.33119294,0.6396179,-2.216675,-5.1308384,-0.2208848
412489.0,0,0,0.6570528,0.20456272,-0.36774954,0.6254565,-2.2185085,-5.137017,-0.22172429
412490.0,0,0,0.6431776,0.2261759,-0.4037629,0.6100348,-2.2202542,-5.1434073,-0.2229885
412491.0,0,0,0.628704,0.24513185,-0.43589315,0.59551555,-2.2221832,-5.1499104,-0.22400396
412492.0,0,0,0.6199972,0.257446,-0.45788372,0.58281,-2.2243648,-5.1568246,-0.2236851
412493.0,0,0,0.61644673,0.26636258,-0.46816406,0.57434046,-2.2267663,-5.164764,-0.221588
412494.0,0,0,0.616707,0.27202234,-0.46981284,0.5700458,-2.2293346,-5.1740623,-0.21831231
412495.0,0,0,0.61955816,0.27457026,-0.46767342,0.5674861,-2.2320037,-5.184696,-0.21484987
412496.0,0,0,0.62217,0.27674058,-0.4646478,0.5660579,-2.234753,-5.1964984,-0.21178162
412497.0,0,0,0.6249395,0.2784595,-0.46045324,0.5655915,-2.2375824,-5.2092175,-0.20915031
412498.0,0,0,0.62869084,0.27922815,-0.45440078,0.56595,-2.2404695,-5.2226143,-0.20683691
412499.0,0,0,0.6326944,0.27972013,-0.44727,0.56692505,-2.2433867,-5.236556,-0.20484535
412500.0,0,0,0.63649696,0.2804571,-0.44011718,0.5679017,-2.2463202,-5.250937,-0.20328492
412501.0,0,0,0.6400182,0.2815482,-0.43338817,0.5685791,-2.2492795,-5.2656994,-0.20221336
412502.0,0,0,0.6434179,0.28288227,-0.42675525,0.5690968,-2.2522879,-5.2808566,-0.20158419
412503.0,0,0,0.6470535,0.28409413,-0.41976258,0.5695716,-2.2553523,-5.2963934,-0.20130615
412504.0,0,0,0.65104043,0.2850174,-0.41218248,0.57010263,-2.258471,-5.3123126,-0.20130207
412505.0,0,0,0.6553891,0.28560096,-0.40395233,0.5707187,-2.2616475,-5.32866,-0.20152503
412506.0,0,0,0.6601511,0.28570652,-0.39503047,0.57142216,-2.2648783,-5.3454585,-0.20193972
412507.0,0,0,0.6653116,0.2852591,-0.38531628,0.57229286,-2.2681487,-5.3626966,-0.20250437
412508.0,0,0,0.6708409,0.28419912,-0.37471032,0.57340693,-2.2714398,-5.3803735,-0.2031727
412509.0,0,0,0.6766688,0.28252366,-0.36318204,0.574803,-2.2747223,-5.398453,-0.20390439
412510.0,0,0,0.68271494,0.28026435,-0.35074204,0.5764828,-2.2779713,-5.416939,-0.20467542
412511.0,0,0,0.6888923,0.2774202,-0.33752733,0.5783949,-2.2811475,-5.435759,-0.20547391
412512.0,0,0,0.69515145,0.27382317,-0.32373038,0.5805033,-2.2842271,-5.4549294,-0.20630573
412513.0,0,0,0.7013686,0.26940596,-0.3096433,0.58277243,-2.2871757,-5.474399,-0.2071807
412514.0,0,0,0.70743245,0.26415047,-0.29553142,0.58517104,-2.2899687,-5.4941764,-0.208106
412515.0,0,0,0.7132233,0.25805405,-0.28163928,0.5877073,-2.2925687,-5.514153,-0.20907433
412516.0,0,0,0.71869254,0.25109968,-0.26801422,0.5904223,-2.2949636,-5.5343843,-0.21008323
412517.0,0,0,0.7237191,0.24342063,-0.2548402,0.5933242,-2.297137,-5.554834,-0.21112116
412518.0,0,0,0.72824705,0.2350925,-0.24213432,0.5964551,-2.2990804,-5.575478,-0.21216612
412519.0,0,0,0.73227984,0.2261295,-0.22971523,0.5998856,-2.3007898,-5.596302,-0.2131928
412520.0,0,0,0.73581684,0.21661098,-0.21744554,0.60363126,-2.3022633,-5.617252,-0.21418497
412521.0,0,0,0.73885745,0.20669073,-0.20526096,0.6076484,-2.3035133,-5.638352,-0.21514541
412522.0,0,0,0.74138695,0.19657959,-0.1932584,0.61184394,-2.3045568,-5.659531,-0.21608064
412523.0,0,0,0.7434403,0.18640098,-0.18153365,0.61611426,-2.3054197,-5.6807604,-0.21699573
412524.0,0,0,0.7450672,0.17622943,-0.17013142,0.6203818,-2.3061287,-5.70204,-0.21788721
412525.0,0,0,0.74633384,0.16608872,-0.1590637,0.62457925,-2.306708,-5.7233424,-0.2187424
412526.0,0,0,0.7473116,0.15596178,-0.14828193,0.6286604,-2.3071814,-5.7446957,-0.2195471
412527.0,0,0,0.7480686,0.14584757,-0.13773537,0.6325748,-2.3075678,-5.7660894,-0.22028472
412528.0,0,0,0.74872607,0.13579912,-0.12759474,0.6361505,-2.307899,-5.787383,-0.220917
412529.0,0,0,0.74929243,0.12569903,-0.11756307,0.63948375,-2.3081872,-5.808708,-0.22142963
412530.0,0,0,0.7497707,0.11556497,-0.10761212,0.6425794,-2.3084352,-5.830037,-0.22180353
412531.0,0,0,0.7501302,0.10546786,-0.09771062,0.64547193,-2.308638,-5.851326,-0.22202232
412532.0,0,0,0.7503347,0.09541262,-0.087774985,0.6482206,-2.308787,-5.872602,-0.2220733
412533.0,0,0,0.7503501,0.08541896,-0.0777408,0.65087223,-2.3088708,-5.893859,-0.22194442
412534.0,0,0,0.7501509,0.07550131,-0.067557365,0.65345937,-2.3088794,-5.915092,-0.2216237
412535.0,0,0,0.74973226,0.065672114,-0.057228927,0.65598285,-2.308807,-5.936266,-0.22110094
412536.0,0,0,0.74910253,0.055861156,-0.046718184,0.65843934,-2.3086495,-5.95741,-0.22036836
412537.0,0,0,0.7482725,0.046058312,-0.036105275,0.6608051,-2.308404,-5.978441,-0.21942967
412538.0,0,0,0.74723315,0.036234472,-0.025462529,0.6630847,-2.3080664,-5.999394,-0.21828997
412539.0,0,0,0.74598086,0.026412163,-0.014917982,0.6652763,-2.3076334,-6.0202365,-0.21695893
412540.0,0,0,0.7445094,0.016572228,-0.004528618,0.6673909,-2.3070993,-6.04096,-0.21544206
412541.0,0,0,0.74280584,0.0066854833,0.005723112,0.669449,-2.3064544,-6.0615816,-0.21373835
412542.0,0,0,0.74086297,-0.0031881805,0.015803842,0.6714628,-2.3056936,-6.0820227,-0.2118539
412543.0,0,0,0.7386783,-0.01305148,0.025694937,0.6734418,-2.3048122,-6.1023088,-0.20978557
412544.0,0,0,0.73625714,-0.022922393,0.03539462,0.6753867,-2.3038092,-6.1224413,-0.20753253
412545.0,0,0,0.7336198,-0.032790262,0.044911116,0.67728114,-2.3026886,-6.14236,-0.20510219
412546.0,0,0,0.7307879,-0.04266115,0.054265007,0.67910564,-2.3014517,-6.1620693,-0.20249534
412547.0,0,0,0.7277854,-0.052532785,0.06345752,0.68083906,-2.3001041,-6.181484,-0.19972783
412548.0,0,0,0.72460234,-0.06250002,0.07257589,0.68247926,-2.2986376,-6.2007065,-0.19679363
412549.0,0,0,0.72129154,-0.07242305,0.081508785,0.68399554,-2.2970726,-6.219478,-0.19375068
412550.0,0,0,0.71783346,-0.082335636,0.09028123,0.6854089,-2.2953951,-6.2379766,-0.19059019
412551.0,0,0,0.71423525,-0.09218163,0.098811455,0.68673635,-2.2936103,-6.256171,-0.18733269
412552.0,0,0,0.7105105,-0.10196559,0.10706775,0.6879784,-2.2917285,-6.2740026,-0.18399908
412553.0,0,0,0.7066699,-0.11172571,0.1150794,0.68912387,-2.289753,-6.2914925,-0.18059108
412554.0,0,0,0.7027353,-0.12140116,0.12279587,0.6901783,-2.2876909,-6.308647,-0.17711072
412555.0,0,0,0.6987071,-0.13096942,0.13014051,0.6911722,-2.2855563,-6.3254313,-0.17356722
412556.0,0,0,0.69456154,-0.14049141,0.13716061,0.69212246,-2.283359,-6.341822,-0.1699682
412557.0,0,0,0.6902683,-0.15000306,0.14398462,0.6930348,-2.2810943,-6.357866,-0.16630925
412558.0,0,0,0.68582284,-0.15939777,0.15067495,0.69392836,-2.2787719,-6.373486,-0.16262047
412559.0,0,0,0.6812082,-0.16864935,0.1573212,0.6948113,-2.2763822,-6.3887453,-0.15890513
412560.0,0,0,0.67646044,-0.17763335,0.16388701,0.69569296,-2.2739377,-6.4035816,-0.15520015
412561.0,0,0,0.6715797,-0.18629612,0.17034745,0.69660336,-2.271435,-6.418045,-0.15151668
412562.0,0,0,0.66658324,-0.19460115,0.17662917,0.6975666,-2.2688816,-6.432133,-0.1478772
412563.0,0,0,0.66149074,-0.2025492,0.18266557,0.6985966,-2.2662828,-6.445851,-0.14429644
412564.0,0,0,0.65632904,-0.21013737,0.18846512,0.6996825,-2.263646,-6.4591813,-0.14079037
412565.0,0,0,0.6511254,-0.21742405,0.1940746,0.7007836,-2.2609797,-6.4721,-0.1373773
412566.0,0,0,0.64588284,-0.22445987,0.19954526,0.7018795,-2.258285,-6.484629,-0.13406748
412567.0,0,0,0.6406592,-0.23124473,0.20484044,0.70293814,-2.2555745,-6.496756,-0.13088623
412568.0,0,0,0.6354894,-0.2377695,0.20989102,0.7039635,-2.2528548,-6.5084977,-0.12785429
412569.0,0,0,0.63039017,-0.24402077,0.21462537,0.7049809,-2.2501392,-6.519837,-0.12500381
412570.0,0,0,0.62536365,-0.25002444,0.21903244,0.7059978,-2.247431,-6.5307903,-0.122359626
412571.0,0,0,0.6204328,-0.25575128,0.22302718,0.70704556,-2.2447405,-6.541345,-0.1199503
412572.0,0,0,0.6155901,-0.2611686,0.22653598,0.70818174,-2.2420645,-6.5515285,-0.117789984
412573.0,0,0,0.61082715,-0.26624614,0.22959669,0.7094284,-2.2394028,-6.561322,-0.11590268
412574.0,0,0,0.60612357,-0.27095568,0.23235314,0.71078074,-2.2367496,-6.570708,-0.114316635
412575.0,0,0,0.6014573,-0.27528843,0.23486587,0.7122523,-2.2341034,-6.5796695,-0.113062434
412576.0,0,0,0.5968159,-0.27922115,0.23712133,0.7138767,-2.231461,-6.5882244,-0.11216541
412577.0,0,0,0.5922313,-0.28267524,0.23910686,0.7156708,-2.2288265,-6.5963893,-0.11165096
412578.0,0,0,0.5877728,-0.28556123,0.24078852,0.71763414,-2.2262163,-6.6041555,-0.11154575
412579.0,0,0,0.583488,-0.28785035,0.24213842,0.719759,-2.2236357,-6.611544,-0.11187696
412580.0,0,0,0.5794311,-0.28952068,0.24314559,0.7220232,-2.2210996,-6.6185455,-0.11266793
412581.0,0,0,0.57562196,-0.2905747,0.24373382,0.72444427,-2.218616,-6.625172,-0.11393395
412582.0,0,0,0.572065,-0.2910234,0.24380384,0.7270535,-2.2161877,-6.6314397,-0.11568299
412583.0,0,0,0.5687829,-0.29089096,0.24341819,0.72980547,-2.2138317,-6.637305,-0.11789748
412584.0,0,0,0.56575346,-0.2902689,0.24274327,0.73262733,-2.211548,-6.642753,-0.120564334
412585.0,0,0,0.5629574,-0.28923222,0.24190293,0.73546356,-2.2093332,-6.6477795,-0.123670824
412586.0,0,0,0.5604032,-0.28772223,0.24093731,0.7383179,-2.207179,-6.6523976,-0.12720537
412587.0,0,0,0.5581318,-0.2856546,0.23981842,0.7412001,-2.2050881,-6.65661,-0.13113408
412588.0,0,0,0.5561596,-0.28298983,0.2385349,0.74411315,-2.2030523,-6.660445,-0.13544932
412589.0,0,0,0.5544946,-0.27977675,0.23708352,0.7470288,-2.2010777,-6.66391,-0.14012684
412590.0,0,0,0.5531624,-0.27611738,0.23539768,0.74990565,-2.1991582,-6.6670284,-0.14514914
412591.0,0,0,0.5529391,-0.27180287,0.23305921,0.752373,-2.1974306,-6.669978,-0.1503571
412592.0,0,0,0.5537703,-0.26810503,0.22780505,0.75469404,-2.19596,-6.673407,-0.15545985
412593.0,0,0,0.55276227,-0.26530725,0.21516839,0.76011086,-2.194516,-6.6775627,-0.16002846
412594.0,0,0,0.5528574,-0.26008186,0.20526502,0.76457345,-2.1928728,-6.68201,-0.16414872
412595.0,0,0,0.5531717,-0.25528517,0.19814572,0.76783395,-2.1910224,-6.6863,-0.1682438
412596.0,0,0,0.5541226,-0.2512259,0.19257538,0.7699015,-2.1888976,-6.6904197,-0.17270038
412597.0,0,0,0.556486,-0.24198599,0.18871991,0.7721081,-2.1865098,-6.6946316,-0.1776293
412598.0,0,0,0.55927014,-0.22978494,0.18227945,0.7753645,-2.1840558,-6.699217,-0.18301272
412599.0,0,0,0.5614926,-0.21766405,0.17144942,0.77971375,-2.1817787,-6.7041097,-0.18865746
412600.0,0,0,0.5628403,-0.20663984,0.15811874,0.78454393,-2.179731,-6.7090287,-0.19433455
412601.0,0,0,0.56369126,-0.19622041,0.1444682,0.7892266,-2.1778357,-6.7137227,-0.1998389
412602.0,0,0,0.5644875,-0.18525855,0.13188224,0.79349864,-2.1760724,-6.7180586,-0.205065
412603.0,0,0,0.56539804,-0.17509839,0.12051356,0.7969581,-2.1745515,-6.721959,-0.20992409
412604.0,0,0,0.5664089,-0.16605555,0.10925262,0.7997941,-2.1733236,-6.7256103,-0.21459591
412605.0,0,0,0.5675714,-0.157728,0.09800222,0.8021098,-2.1724246,-6.7290807,-0.21910149
412606.0,0,0,0.5689871,-0.14990108,0.08699445,0.80387527,-2.1718311,-6.7323904,-0.22344507
412607.0,0,0,0.57077277,-0.1427738,0.07665081,0.8049588,-2.1714897,-6.735513,-0.22760385
412608.0,0,0,0.5727532,-0.13648361,0.06697823,0.805506,-2.1713164,-6.7384205,-0.23153025
412609.0,0,0,0.57472575,-0.13066778,0.05789555,0.8057695,-2.1712093,-6.7411003,-0.23520581
412610.0,0,0,0.5765656,-0.12524399,0.04968741,0.80586433,-2.1710732,-6.7435427,-0.23865263
412611.0,0,0,0.57825553,-0.120068945,0.042396177,0.80585766,-2.1708329,-6.745762,-0.24192621
412612.0,0,0,0.57968915,-0.11501478,0.035659745,0.80589116,-2.170438,-6.7477903,-0.24507442
412613.0,0,0,0.58079123,-0.10995209,0.029247079,0.8060626,-2.1698568,-6.7496624,-0.24811538
412614.0,0,0,0.5815216,-0.10476633,0.023210583,0.80642295,-2.169082,-6.75139,-0.25103322
412615.0,0,0,0.58188194,-0.09946176,0.017751537,0.8069732,-2.1681418,-6.752956,-0.25380003
412616.0,0,0,0.581882,-0.094514705,0.013216961,0.80765444,-2.1670175,-6.754394,-0.25639358
412617.0,0,0,0.5810876,-0.0891082,0.009851249,0.8088881,-2.1656606,-6.7557435,-0.2587316
412618.0,0,0,0.5799292,-0.08172161,0.0072924853,0.8105248,-2.164095,-6.756934,-0.26078314
412619.0,0,0,0.5787715,-0.07540442,0.006438357,0.8119707,-2.1623948,-6.757872,-0.2626007
412620.0,0,0,0.577616,-0.06956836,0.0067583867,0.81331074,-2.1606185,-6.7586055,-0.26424974
412621.0,0,0,0.57640237,-0.06324695,0.0075557777,0.81467974,-2.158848,-6.7592406,-0.2657596
412622.0,0,0,0.5752864,-0.057270795,0.008481635,0.81590056,-2.157167,-6.7598443,-0.2671512
412623.0,0,0,0.5744192,-0.052016776,0.009372279,0.8168531,-2.1556156,-6.760439,-0.26842737
412624.0,0,0,0.5736927,-0.047058646,0.010217545,0.81765383,-2.154178,-6.7610106,-0.26957524
412625.0,0,0,0.5730359,-0.042619895,0.011170208,0.8183451,-2.152813,-6.7615232,-0.27059436
412626.0,0,0,0.5724157,-0.03877907,0.012371608,0.81895274,-2.151473,-6.761964,-0.27151486
412627.0,0,0,0.57179457,-0.035124175,0.013791278,0.81952864,-2.1501327,-6.7623553,-0.27237734
412628.0,0,0,0.57116646,-0.031503458,0.015242196,0.82008785,-2.1487937,-6.7627363,-0.27321312
412629.0,0,0,0.57056695,-0.027951531,0.01659142,0.8206076,-2.147477,-6.7631416,-0.27403173
412630.0,0,0,0.57006043,-0.024394467,0.017687876,0.82105005,-2.1462104,-6.7635846,-0.27482367
412631.0,0,0,0.5696444,-0.021066295,0.018496929,0.8214131,-2.1450105,-6.764054,-0.275574
412632.0,0,0,0.5693022,-0.018041342,0.01909777,0.8217085,-2.143872,-6.7645354,-0.27627218
412633.0,0,0,0.56907153,-0.015214571,0.019451723,0.8219172,-2.1427965,-6.765033,-0.2769065
412634.0,0,0,0.56893045,-0.0125586,0.019331908,0.82206255,-2.1417983,-6.7655473,-0.2774656
412635.0,0,0,0.56886065,-0.010456704,0.018961383,0.8221489,-2.1408677,-6.7660613,-0.27795225
412636.0,0,1,0.5688261,-0.008180677,0.018596957,0.82220685,-2.1399708,-6.766552,-0.27838176
412637.0,0,1,0.5687984,-0.0065939245,0.017959852,0.8222544,-2.1390646,-6.7670197,-0.27878115
412638.0,0,1,0.5687893,-0.00533631,0.017544258,0.82227886,-2.1381428,-6.7674804,-0.27916485
412639.0,0,1,0.568802,-0.0040243934,0.017412927,0.82228035,-2.1372187,-6.767949,-0.27953333
412640.0,0,1,0.5688434,-0.0026577658,0.017248685,0.82226074,-2.1363053,-6.7684197,-0.279877
412641.0,0,1,0.5689009,-0.0014087256,0.016896985,0.82223135,-2.1353977,-6.7688804,-0.2801915
412642.0,0,1,0.56896335,-0.00033232564,0.016521009,0.82219684,-2.134488,-6.769329,-0.28047982
412643.0,0,1,0.5690393,0.000590126,0.016256925,0.82214934,-2.1335826,-6.7697697,-0.28074455
412644.0,0,1,0.56912345,0.0014131898,0.016013378,0.82209504,-2.1326842,-6.7702065,-0.28098568
412645.0,0,1,0.569211,0.0020278455,0.015693584,0.8220392,-2.1317887,-6.7706375,-0.2812031
412646.0,0,1,0.5692814,0.0024043128,0.015359868,0.82199574,-2.13089,-6.7710648,-0.281402
412647.0,0,1,0.569344,0.0026547008,0.014984209,0.82195854,-2.1299841,-6.77149,-0.28158852
412648.0,0,1,0.5694127,0.0027981354,0.014583995,0.82191765,-2.1290672,-6.771913,-0.28176436
412649.0,0,1,0.5694672,0.0028852213,0.014273781,0.8218851,-2.12814,-6.7723355,-0.28193077
412650.0,0,1,0.5695035,0.0029726655,0.014049064,0.8218634,-2.127207,-6.7727613,-0.28209075
412651.0,0,1,0.56953275,0.003103887,0.0137790395,0.82184726,-2.1262696,-6.7731886,-0.28224346
412652.0,0,1,0.569572,0.0032006043,0.013449265,0.82182527,-2.1253242,-6.773613,-0.28238532
412653.0,0,1,0.56959987,0.0032037464,0.013168648,0.82181036,-2.1243703,-6.774034,-0.28251714
412654.0,0,1,0.56962836,0.0031394637,0.013006427,0.82179344,-2.123407,-6.77446,-0.28264385
412655.0,1,1,0.56966215,0.003062496,0.0128785195,0.82177234,-2.1408677,-6.7660613,-0.27795225
412656.0,1,1,0.5697013,0.0030264114,0.012671788,0.82174855,-2.1408677,-6.7660613,-0.27795225
412657.0,1,1,0.5697378,0.0030667847,0.012386097,0.8217274,-2.1408677,-6.7660613,-0.27795225
412658.0,1,1,0.5697726,0.0031928252,0.012126236,0.8217068,-2.1408677,-6.7660613,-0.27795225
412659.0,1,1,0.56980836,0.0032969343,0.011938655,0.8216842,-2.1408677,-6.7660613,-0.27795225
412660.0,1,1,0.56984204,0.0033585776,0.011803462,0.82166266,-2.1408677,-6.7660613,-0.27795225
412661.0,1,1,0.5698691,0.0034244999,0.011662648,0.8216456,-2.1408677,-6.7660613,-0.27795225
412662.0,1,1,0.5699042,0.0034754924,0.011510744,0.8216232,-2.1408677,-6.7660613,-0.27795225
412663.0,1,1,0.56993246,0.0035298376,0.011321399,0.82160604,-2.1408677,-6.7660613,-0.27795225
412664.0,1,1,0.5699535,0.0035849328,0.011118425,0.821594,-2.1408677,-6.7660613,-0.27795225
412665.0,1,1,0.5699735,0.0035573142,0.01092035,0.82158273,-2.1408677,-6.7660613,-0.27795225
412666.0,1,1,0.569983,0.0034398923,0.010755731,0.82157886,-2.1408677,-6.7660613,-0.27795225
412667.0,1,1,0.5699844,0.0032729562,0.0106212245,0.8215804,-2.1408677,-6.7660613,-0.27795225
412668.0,1,1,0.5699903,0.003087826,0.010476657,0.8215789,-2.1408677,-6.7660613,-0.27795225
412669.0,1,1,0.57000023,0.0029058396,0.010337013,0.82157445,-2.1408677,-6.7660613,-0.27795225
412670.0,1,1,0.57001215,0.00272735,0.01020581,0.8215683,-2.1408677,-6.7660613,-0.27795225
412671.0,1,1,0.5700262,0.0025574325,0.010060294,0.8215609,-2.1408677,-6.7660613,-0.27795225
412672.0,1,1,0.570042,0.0024031638,0.009902966,0.8215524,-2.1408677,-6.7660613,-0.27795225
412673.0,1,1,0.5700616,0.002244599,0.009740925,0.8215411,-2.1408677,-6.7660613,-0.27795225
412674.0,1,1,0.57007474,0.0020355238,0.009589513,0.82153434,-2.1408677,-6.7660613,-0.27795225
412675.0,1,1,0.57008797,0.0017636114,0.00949307,0.82152694,-2.1408677,-6.7660613,-0.27795225
412676.0,1,1,0.57010156,0.0014779532,0.009417207,0.821519,-2.1408677,-6.7660613,-0.27795225
412677.0,1,1,0.57011276,0.0012448791,0.009306701,0.82151276,-2.1408677,-6.7660613,-0.27795225
412678.0,1,1,0.570119,0.0010598926,0.009169534,0.82151026,-2.1408677,-6.7660613,-0.27795225
412679.0,1,1,0.5701272,0.00087493256,0.009031206,0.8215064,-2.1408677,-6.7660613,-0.27795225
412680.0,1,1,0.5701352,0.0006756259,0.008913951,0.8215022,-2.1408677,-6.7660613,-0.27795225
412681.0,1,1,0.5701453,0.00044953267,0.008833279,0.82149625,-2.1408677,-6.7660613,-0.27795225
412682.0,1,1,0.5701601,0.00019176787,0.008746933,0.82148707,-2.1408677,-6.7660613,-0.27795225
412683.0,1,1,0.5701685,-6.190942e-05,0.00867013,0.8214821,-2.1408677,-6.7660613,-0.27795225
412684.0,1,1,0.5701724,-0.0002655372,0.008553247,0.82148045,-2.1408677,-6.7660613,-0.27795225
412685.0,1,1,0.5701648,-0.00041348455,0.008419504,0.82148707,-2.1408677,-6.7660613,-0.27795225
412686.0,1,1,0.5701588,-0.0005509655,0.008314985,0.82149225,-2.1408677,-6.7660613,-0.27795225
412687.0,1,1,0.57014847,-0.0007382566,0.008159103,0.8215009,-2.1408677,-6.7660613,-0.27795225
412688.0,1,1,0.57013756,-0.0009836782,0.008061767,0.82150906,-2.1408677,-6.7660613,-0.27795225
412689.0,1,1,0.57010657,-0.0012585147,0.007960218,0.82153124,-2.1408677,-6.7660613,-0.27795225
412690.0,1,1,0.5700832,-0.00161118,0.007946726,0.82154703,-2.1408677,-6.7660613,-0.27795225
412691.0,1,1,0.5700577,-0.0020172927,0.007979353,0.8215635,-2.1408677,-6.7660613,-0.27795225
412692.0,1,1,0.57002974,-0.002616621,0.008087163,0.8215801,-2.1408677,-6.7660613,-0.27795225
412693.0,1,1,0.57000697,-0.0032982512,0.008229307,0.8215921,-2.1408677,-6.7660613,-0.27795225
412694.0,1,1,0.569981,-0.0040076403,0.008350983,0.8216058,-2.1408677,-6.7660613,-0.27795225
412695.0,1,1,0.5699648,-0.0046984493,0.008417096,0.82161254,-2.1408677,-6.7660613,-0.27795225
412696.0,1,1,0.5699359,-0.005302471,0.008468134,0.82162845,-2.1408677,-6.7660613,-0.27795225
412697.0,1,1,0.5699126,-0.0057669324,0.008612482,0.82163996,-2.1408677,-6.7660613,-0.27795225
412698.0,1,1,0.56989396,-0.0061813723,0.008708284,0.82164884,-2.1408677,-6.7660613,-0.27795225
412699.0,1,1,0.56987965,-0.0064648953,0.008660949,0.8216571,-2.1408677,-6.7660613,-0.27795225
412700.0,1,1,0.5698727,-0.006538165,0.0085317595,0.8216627,-2.1408677,-6.7660613,-0.27795225
412701.0,1,1,0.5699011,-0.0064504454,0.008419854,0.82164484,-2.1408677,-6.7660613,-0.27795225
412702.0,1,1,0.5699316,-0.006451582,0.008315635,0.8216247,-2.1408677,-6.7660613,-0.27795225
412703.0,1,1,0.5699709,-0.0065564113,0.008269878,0.8215971,-2.1408677,-6.7660613,-0.27795225
412704.0,1,1,0.5700234,-0.006668141,0.008251664,0.82155997,-2.1408677,-6.7660613,-0.27795225
412705.0,1,1,0.5700886,-0.0067857006,0.008238602,0.8215139,-2.1408677,-6.7660613,-0.27795225
412706.0,1,1,0.57015795,-0.0068609226,0.008254215,0.821465,-2.1408677,-6.7660613,-0.27795225
412707.0,1,1,0.5702249,-0.006892205,0.00825584,0.8214183,-2.1408677,-6.7660613,-0.27795225
412708.0,1,1,0.57029575,-0.0069734375,0.008291431,0.82136804,-2.1408677,-6.7660613,-0.27795225
412709.0,1,1,0.57036203,-0.007108818,0.0083316155,0.8213204,-2.1408677,-6.7660613,-0.27795225
412710.0,1,1,0.57042867,-0.0072699566,0.008350894,0.82127255,-2.1408677,-6.7660613,-0.27795225
412711.0,1,1,0.570491,-0.0074050725,0.008374334,0.8212278,-2.1408677,-6.7660613,-0.27795225
412712.0,1,1,0.5705532,-0.007531073,0.008401995,0.8211832,-2.1408677,-6.7660613,-0.27795225
412713.0,1,1,0.5706179,-0.007629325,0.008400931,0.82113737,-2.1408677,-6.7660613,-0.27795225
412714.0,1,1,0.57067895,-0.007693438,0.0082870005,0.82109535,-2.1408677,-6.7660613,-0.27795225
412715.0,1,1,0.57074344,-0.0076827332,0.0081287725,0.8210523,-2.1408677,-6.7660613,-0.27795225
412716.0,1,1,0.5707992,-0.007576401,0.007939298,0.8210163,-2.1408677,-6.7660613,-0.27795225
412717.0,1,1,0.57085466,-0.0074570393,0.0077496488,0.82098067,-2.1408677,-6.7660613,-0.27795225
412718.0,1,1,0.5709076,-0.0073462734,0.0075738225,0.8209465,-2.1408677,-6.7660613,-0.27795225
412719.0,1,1,0.5709558,-0.007282328,0.0074316068,0.82091486,-2.1408677,-6.7660613,-0.27795225
412720.0,1,1,0.5710066,-0.0072190096,0.007256207,0.82088166,-2.1408677,-6.7660613,-0.27795225
412721.0,1,1,0.57105535,-0.0071807387,0.007077463,0.82084966,-2.1408677,-6.7660613,-0.27795225
412722.0,1,1,0.5711084,-0.007139805,0.0069364794,0.8208143,-2.1408677,-6.7660613,-0.27795225
412723.0,1,1,0.5711638,-0.007089646,0.006789397,0.8207775,-2.1408677,-6.7660613,-0.27795225
412724.0,1,1,0.5712235,-0.007012515,0.0066584684,0.82073766,-2.1408677,-6.7660613,-0.27795225
412725.0,1,1,0.5712828,-0.0069035543,0.006561495,0.82069796,-2.1408677,-6.7660613,-0.27795225
412726.0,1,1,0.5713374,-0.0068232524,0.0064611947,0.82066154,-2.1408677,-6.7660613,-0.27795225
412727.0,1,1,0.5713878,-0.0067492565,0.006344664,0.820628,-2.1408677,-6.7660613,-0.27795225
412728.0,1,1,0.57142967,-0.006645809,0.0061972677,0.8206008,-2.1408677,-6.7660613,-0.27795225
412729.0,1,1,0.5714737,-0.006594157,0.0060572084,0.8205716,-2.1408677,-6.7660613,-0.27795225
412730.0,1,1,0.57151973,-0.0065629226,0.0059387623,0.82054055,-2.1408677,-6.7660613,-0.27795225
412731.0,1,1,0.57156396,-0.0065101334,0.0058135362,0.82051116,-2.1408677,-6.7660613,-0.27795225
412732.0,1,1,0.5716063,-0.0064191036,0.0056487503,0.82048357,-2.1408677,-6.7660613,-0.27795225
412733.0,1,1,0.57164645,-0.006272838,0.0054955212,0.82045776,-2.1408677,-6.7660613,-0.27795225
412734.0,1,1,0.5716841,-0.0061216787,0.0053533916,0.8204335,-2.1408677,-6.7660613,-0.27795225
412735.0,1,1,0.5717174,-0.006006595,0.0052189473,0.82041204,-2.1408677,-6.7660613,-0.27795225
412736.0,1,1,0.57175076,-0.005879842,0.0050935987,0.8203905,-2.1408677,-6.7660613,-0.27795225
412737.0,1,1,0.5717817,-0.0057785064,0.0049855835,0.8203704,-2.1408677,-6.7660613,-0.27795225
412738.0,1,1,0.5718104,-0.00565536,0.00487992,0.8203519,-2.1408677,-6.7660613,-0.27795225
412739.0,1,1,0.5718347,-0.0055271797,0.0047836257,0.8203363,-2.1408677,-6.7660613,-0.27795225
412740.0,1,1,0.5718612,-0.0054232315,0.0046800678,0.8203191,-2.1408677,-6.7660613,-0.27795225
412741.0,1,1,0.5718857,-0.005318012,0.0045842496,0.8203033,-2.1408677,-6.7660613,-0.27795225
412742.0,1,1,0.57191026,-0.00519708,0.004496862,0.82028747,-2.1408677,-6.7660613,-0.27795225
412743.0,1,1,0.57193905,-0.0050718943,0.004424528,0.8202686,-2.1408677,-6.7660613,-0.27795225
412744.0,1,1,0.57197434,-0.004967513,0.0043909536,0.8202448,-2.1408677,-6.7660613,-0.27795225
412745.0,1,1,0.5720185,-0.0048676203,0.004382504,0.8202146,-2.1408677,-6.7660613,-0.27795225
412746.0,1,1,0.572071,-0.0047723437,0.0043823486,0.82017857,-2.1408677,-6.7660613,-0.27795225
412747.0,1,1,0.57213086,-0.0046105227,0.004348992,0.8201379,-2.1408677,-6.7660613,-0.27795225
412748.0,1,1,0.5721952,-0.0043780706,0.004276059,0.8200946,-2.1408677,-6.7660613,-0.27795225
412749.0,1,1,0.57226604,-0.0041162,0.004208319,0.8200469,-2.1408677,-6.7660613,-0.27795225
412750.0,1,1,0.5723436,-0.0038569693,0.004132087,0.81999445,-2.1408677,-6.7660613,-0.27795225
412751.0,1,1,0.5724103,-0.0035660486,0.0040396205,0.81994957,-2.1408677,-6.7660613,-0.27795225
412752.0,1,1,0.57248133,-0.0032200303,0.0039313077,0.819902,-2.1408677,-6.7660613,-0.27795225
412753.0,1,1,0.57255465,-0.0028561999,0.003811478,0.8198528,-2.1408677,-6.7660613,-0.27795225
412754.0,1,1,0.572623,-0.0025145921,0.0036956477,0.8198067,-2.1408677,-6.7660613,-0.27795225
412755.0,1,1,0.57268727,-0.0021959592,0.003561988,0.81976324,-2.1408677,-6.7660613,-0.27795225
412756.0,1,1,0.5727491,-0.001896452,0.0034347924,0.8197213,-2.1408677,-6.7660613,-0.27795225
412757.0,1,1,0.5728044,-0.0016191133,0.003328731,0.81968373,-2.1408677,-6.7660613,-0.27795225
412758.0,1,1,0.57286406,-0.0013454603,0.0032214352,0.819643,-2.1408677,-6.7660613,-0.27795225
412759.0,1,1,0.5729346,-0.0010501042,0.0031187811,0.81959444,-2.1408677,-6.7660613,-0.27795225
412760.0,1,1,0.5730095,-0.0007458004,0.0030270473,0.8195428,-2.1408677,-6.7660613,-0.27795225
412761.0,1,1,0.573093,-0.0004300508,0.0029634675,0.81948495,-2.1408677,-6.7660613,-0.27795225
412762.0,1,1,0.5731829,-0.000100810976,0.0029129414,0.8194223,-2.1408677,-6.7660613,-0.27795225
412763.0,1,1,0.5732838,0.00023801213,0.0028756198,0.81935185,-2.1408677,-6.7660613,-0.27795225
412764.0,1,1,0.57339346,0.00061027904,0.00281516,0.8192751,-2.1408677,-6.7660613,-0.27795225
412765.0,1,1,0.57351017,0.0010159927,0.002733233,0.8191932,-2.1408677,-6.7660613,-0.27795225
412766.0,1,1,0.57362753,0.0014344769,0.0026401824,0.8191108,-2.1408677,-6.7660613,-0.27795225
412767.0,1,1,0.5737409,0.0018585577,0.002540227,0.8190308,-2.1408677,-6.7660613,-0.27795225
412768.0,1,1,0.57385206,0.0022547569,0.0024512166,0.8189522,-2.1408677,-6.7660613,-0.27795225
412769.0,1,1,0.5739503,0.0025943825,0.0023833457,0.81888264,-2.1408677,-6.7660613,-0.27795225
412770.0,1,1,0.574027,0.002924717,0.0023117932,0.81882787,-2.1408677,-6.7660613,-0.27795225
412771.0,1,1,0.5740884,0.0033025348,0.0021964784,0.81878376,-2.1408677,-6.7660613,-0.27795225
412772.0,1,1,0.5741427,0.0037271082,0.0020153674,0.8187443,-2.1408677,-6.7660613,-0.27795225
412773.0,1,1,0.57417256,0.0041606966,0.0018093806,0.8187218,-2.1408677,-6.7660613,-0.27795225
412774.0,1,1,0.57418275,0.004535099,0.0016622795,0.8187129,-2.1408677,-6.7660613,-0.27795225
412775.0,1,1,0.57418036,0.0048292256,0.0015292827,0.8187132,-2.1408677,-6.7660613,-0.27795225
412776.0,1,1,0.5741672,0.005038471,0.0013868157,0.8187215,-2.1408677,-6.7660613,-0.27795225
412777.0,1,1,0.57414305,0.0051718266,0.0012339544,0.8187377,-2.1408677,-6.7660613,-0.27795225
412778.0,1,1,0.57411915,0.0052584177,0.001095129,0.8187542,-2.1408677,-6.7660613,-0.27795225
412779.0,1,1,0.5740976,0.005318891,0.0009790966,0.8187691,-2.1408677,-6.7660613,-0.27795225
412780.0,1,1,0.57407606,0.005381422,0.00086037844,0.81878394,-2.1408677,-6.7660613,-0.27795225
412781.0,1,1,0.5740522,0.0054709697,0.0007474522,0.81880003,-2.1408677,-6.7660613,-0.27795225
412782.0,1,1,0.5740305,0.005613711,0.00064651424,0.8188144,-2.1408677,-6.7660613,-0.27795225
412783.0,1,1,0.574011,0.005761909,0.0005467926,0.81882715,-2.1408677,-6.7660613,-0.27795225
412784.0,1,1,0.5739938,0.005899481,0.00044394497,0.8188383,-2.1408677,-6.7660613,-0.27795225
412785.0,1,1,0.57398105,0.0060379594,0.0003221943,0.8188463,-2.1408677,-6.7660613,-0.27795225
412786.0,1,1,0.5739725,0.0062241815,0.00018343546,0.81885093,-2.1408677,-6.7660613,-0.27795225
412787.0,1,1,0.57396823,0.006474492,4.9950784e-05,0.8188519,-2.1408677,-6.7660613,-0.27795225
412788.0,1,1,0.57396847,0.006752061,-9.4868614e-05,0.81884956,-2.1408677,-6.7660613,-0.27795225
412789.0,1,1,0.5739666,0.007051108,-0.0002447088,0.81884825,-2.1408677,-6.7660613,-0.27795225
412790.0,1,1,0.57396495,0.007388416,-0.0004180197,0.81884646,-2.1408677,-6.7660613,-0.27795225
412791.0,1,1,0.57396275,0.007791618,-0.00067695166,0.8188441,-2.1408677,-6.7660613,-0.27795225
412792.0,1,1,0.573953,0.008278872,-0.0010135479,0.81884587,-2.1408677,-6.7660613,-0.27795225
412793.0,1,1,0.5739338,0.00880613,-0.0013142078,0.8188533,-2.1408677,-6.7660613,-0.27795225
412794.0,1,1,0.57391506,0.009346814,-0.0015618439,0.81886005,-2.1408677,-6.7660613,-0.27795225
412795.0,1,1,0.57390755,0.009906884,-0.0018084071,0.8188582,-2.1408677,-6.7660613,-0.27795225
412796.0,1,1,0.5739085,0.010501287,-0.0020937962,0.81884944,-2.1408677,-6.7660613,-0.27795225
412797.0,1,1,0.57391363,0.011120824,-0.0023803061,0.8188369,-2.1408677,-6.7660613,-0.27795225
412798.0,1,1,0.57391506,0.011709835,-0.002686018,0.8188268,-2.1408677,-6.7660613,-0.27795225
412799.0,1,1,0.57392573,0.012232437,-0.0030489664,0.81881034,-2.1408677,-6.7660613,-0.27795225
412800.0,1,1,0.5739384,0.012767337,-0.0034607777,0.8187916,-2.1408677,-6.7660613,-0.27795225
412801.0,1,1,0.5739641,0.013362396,-0.003895444,0.81876224,-2.1408677,-6.7660613,-0.27795225
412802.0,1,1,0.5740111,0.014014756,-0.0043853917,0.81871593,-2.1408677,-6.7660613,-0.27795225
412803.0,1,1,0.5740855,0.014730783,-0.004956017,0.8186478,-2.1408677,-6.7660613,-0.27795225
412804.0,1,1,0.5741658,0.015537269,-0.005583897,0.8185725,-2.1408677,-6.7660613,-0.27795225
412805.0,1,1,0.57424384,0.016431944,-0.006293061,0.8184952,-2.1408677,-6.7660613,-0.27795225
412806.0,1,1,0.5743486,0.017376754,-0.0070851804,0.8183957,-2.1408677,-6.7660613,-0.27795225
412807.0,1,1,0.5744915,0.018338423,-0.007945091,0.8182666,-2.1408677,-6.7660613,-0.27795225
412808.0,1,1,0.57465535,0.019372191,-0.008877375,0.81811816,-2.1408677,-6.7660613,-0.27795225
412809.0,1,1,0.57483834,0.020664236,-0.010021844,0.8179446,-2.1408677,-6.7660613,-0.27795225
412810.0,1,1,0.5750497,0.022232052,-0.01141984,0.8177367,-2.1408677,-6.7660613,-0.27795225
412811.0,1,1,0.5752862,0.02399703,-0.012978533,0.81749713,-2.1408677,-6.7660613,-0.27795225
412812.0,1,1,0.57555413,0.025878128,-0.01458709,0.817224,-2.1408677,-6.7660613,-0.27795225
412813.0,1,1,0.57585174,0.027796268,-0.016119804,0.8169224,-2.1408677,-6.7660613,-0.27795225
412814.0,1,1,0.576123,0.029935036,-0.017736647,0.816622,-2.1408677,-6.7660613,-0.27795225
412815.0,1,1,0.57636285,0.03239946,-0.019525811,0.8163179,-2.1408677,-6.7660613,-0.27795225
412816.0,1,1,0.5765974,0.035089426,-0.021399502,0.815994,-2.1408677,-6.7660613,-0.27795225
412817.0,1,1,0.57682633,0.037807215,-0.023216,0.8156611,-2.1408677,-6.7660613,-0.27795225
412818.0,1,1,0.5770918,0.040444624,-0.02495397,0.8152955,-2.1408677,-6.7660613,-0.27795225
412819.0,1,1,0.577384,0.042950395,-0.026657058,0.8149064,-2.1408677,-6.7660613,-0.27795225
412820.0,1,1,0.57768315,0.045113206,-0.028209217,0.8145251,-2.1408677,-6.7660613,-0.27795225
412821.0,1,1,0.5779601,0.046763755,-0.029323177,0.8141962,-2.1408677,-6.7660613,-0.27795225
412822.0,1,1,0.5781981,0.048539385,-0.030301172,0.8138875,-2.1408677,-6.7660613,-0.27795225
412823.0,0,0,0.57855606,0.05157571,-0.03184906,0.813387,-2.1408362,-6.766117,-0.27793616
412824.0,0,0,0.57900286,0.055359893,-0.033760037,0.812743,-2.1407533,-6.7662563,-0.27790022
412825.0,0,0,0.5793497,0.060285095,-0.036061145,0.81204635,-2.1405902,-6.766489,-0.2778332
412826.0,0,0,0.57978815,0.06611922,-0.03863144,0.81116074,-2.1403167,-6.7668285,-0.27772093
412827.0,0,0,0.5804157,0.07359996,-0.041685965,0.80991536,-2.1399026,-6.7672935,-0.27754068
412828.0,0,0,0.58092886,0.082724765,-0.0449189,0.80849284,-2.1392908,-6.7678447,-0.27724716
412829.0,0,0,0.5811457,0.09336501,-0.04696273,0.80706084,-2.138389,-6.768479,-0.2768055
412830.0,0,0,0.5812443,0.10604566,-0.04840196,0.8053363,-2.1370986,-6.7692966,-0.27618554
412831.0,0,0,0.5807059,0.12182542,-0.049812697,0.803404,-2.1353257,-6.770366,-0.2753386
412832.0,0,0,0.5789958,0.14071815,-0.04973998,0.8015536,-2.1329887,-6.7716513,-0.27421874
412833.0,0,0,0.5758853,0.16196546,-0.04768068,0.79990613,-2.1300344,-6.773134,-0.27283704
412834.0,0,0,0.5712437,0.18603453,-0.044313423,0.7981905,-2.1264713,-6.774856,-0.27130386
412835.0,0,0,0.5654256,0.21314381,-0.040568747,0.7957499,-2.1223521,-6.776805,-0.26975605
412836.0,0,0,0.5586635,0.24162506,-0.035255812,0.7926345,-2.1177187,-6.778938,-0.26831278
412837.0,0,0,0.5507398,0.2714795,-0.028978491,0.78876156,-2.1125882,-6.78126,-0.26712394
412838.0,0,0,0.54178345,0.30375028,-0.022259198,0.78339714,-2.1070883,-6.783784,-0.2663382
412839.0,0,0,0.53215516,0.33834577,-0.016541729,0.7759248,-2.101433,-6.786509,-0.26590207
412840.0,0,0,0.5217418,0.37166318,-0.0151023185,0.76773936,-2.095607,-6.789257,-0.26541936
412841.0,0,0,0.51176894,0.39699048,-0.017547144,0.76169765,-2.0892532,-6.791679,-0.26424184
412842.0,0,0,0.5040608,0.41147524,-0.018372275,0.7591268,-2.0819495,-6.7936153,-0.26200408
412843.0,0,0,0.4971107,0.41821072,-0.015256993,0.7600974,-2.0735216,-6.795268,-0.25899422
412844.0,0,0,0.49032173,0.42159837,-0.011911857,0.7626911,-2.0640755,-6.796975,-0.2557574
412845.0,0,0,0.48463964,0.42221588,-0.010503398,0.76599467,-2.0538542,-6.798872,-0.2526372
412846.0,0,0,0.4795433,0.4202977,-0.009497721,0.77025825,-2.0429952,-6.8008833,-0.24969772
412847.0,0,0,0.47442743,0.41671562,-0.007999848,0.77537274,-2.0316422,-6.802896,-0.24695256
412848.0,0,0,0.4694102,0.41219315,-0.0066827363,0.78083694,-2.0198035,-6.804899,-0.24443847
412849.0,0,0,0.46437162,0.40770158,-0.0058762515,0.7861958,-2.0075662,-6.806914,-0.24222994
412850.0,0,0,0.45915666,0.40355846,-0.0054432168,0.7913825,-1.9949403,-6.8089647,-0.24034412
412851.0,0,0,0.45382386,0.39956442,-0.005220953,0.79647034,-1.9819615,-6.811052,-0.2387507
412852.0,0,0,0.4483315,0.3955553,-0.0050031105,0.8015672,-1.9686111,-6.8131766,-0.23739049
412853.0,0,0,0.442761,0.39129132,-0.0046804873,0.8067416,-1.9548763,-6.8153453,-0.23621091
412854.0,0,0,0.4372494,0.386591,-0.004230292,0.81199914,-1.9408218,-6.8175597,-0.23517904
412855.0,0,0,0.4318437,0.38134226,-0.0036701483,0.81735903,-1.9264026,-6.819842,-0.23426673
412856.0,0,0,0.42664474,0.37551776,-0.0030651914,0.8227706,-1.9117254,-6.822184,-0.23346424
412857.0,0,0,0.42160514,0.3691007,-0.0024495425,0.82825583,-1.8967098,-6.824599,-0.23275894
412858.0,0,0,0.41669533,0.36215565,-0.0018165135,0.8337896,-1.8813938,-6.8270717,-0.23215255
412859.0,0,0,0.41187108,0.35477123,-0.0011531262,0.8393439,-1.8658067,-6.829587,-0.231652
412860.0,0,0,0.40704522,0.34706467,-0.00044106503,0.84490246,-1.8499358,-6.8321357,-0.2312651
412861.0,0,0,0.40217853,0.33914542,0.0003417661,0.8504309,-1.833815,-6.8347034,-0.23099889
412862.0,0,0,0.39723036,0.33108956,0.0012013302,0.85591257,-1.8174528,-6.837282,-0.23085353
412863.0,0,0,0.39216113,0.32288942,0.0021226557,0.8613638,-1.8008112,-6.8398705,-0.2308225
412864.0,0,0,0.38698405,0.31454045,0.0031257553,0.86677444,-1.7839687,-6.8424487,-0.23089701
412865.0,0,0,0.38168725,0.30604705,0.0042072507,0.87214243,-1.7668796,-6.8450203,-0.2310716
412866.0,0,0,0.37630582,0.29746595,0.0052659772,0.87742823,-1.7495582,-6.8475842,-0.23134129
412867.0,0,0,0.37088108,0.2888024,0.0062083052,0.8826108,-1.7320263,-6.850137,-0.23169567
412868.0,0,0,0.36541155,0.28003502,0.006980875,0.88769704,-1.7143062,-6.8526726,-0.232119
412869.0,0,0,0.35989586,0.27107733,0.007560413,0.8927121,-1.6963699,-6.855188,-0.23259434
412870.0,0,0,0.35436097,0.26189372,0.007942742,0.89765084,-1.6782601,-6.8576703,-0.23310369
412871.0,0,0,0.34879863,0.25245184,0.008153765,0.9025193,-1.6599573,-6.8601155,-0.23363447
412872.0,0,0,0.3431786,0.24278045,0.008214137,0.907314,-1.6414636,-6.8625183,-0.23417825
412873.0,0,0,0.33749902,0.23290305,0.008115515,0.9120223,-1.6227974,-6.8648744,-0.23472902
412874.0,0,0,0.33176938,0.22287078,0.007850801,0.91662204,-1.6039922,-6.8671775,-0.23527959
412875.0,0,0,0.32596183,0.21268138,0.0074306685,0.92111903,-1.5850037,-6.8694296,-0.23582236
412876.0,0,0,0.32007852,0.2023439,0.006899944,0.9255048,-1.565868,-6.871622,-0.23634537
412877.0,0,0,0.3141277,0.1917553,0.006188134,0.92979324,-1.5466193,-6.873751,-0.2368255
412878.0,0,0,0.30814427,0.18103458,0.0053638453,0.9339405,-1.5272396,-6.8758225,-0.23724577
412879.0,0,0,0.30212584,0.17009544,0.004404853,0.9379596,-1.5077136,-6.87784,-0.23758209
412880.0,0,0,0.29610774,0.15884611,0.0033449105,0.9418476,-1.488093,-6.879796,-0.23780856
412881.0,0,0,0.29008666,0.14727771,0.0022077675,0.94559723,-1.4684045,-6.8816867,-0.23790592
412882.0,0,0,0.2840414,0.13540336,0.0010007558,0.94920254,-1.4486381,-6.8835135,-0.23786262
412883.0,0,0,0.27796054,0.123249285,-0.0002852055,0.9526529,-1.4287837,-6.885278,-0.2376717
412884.0,0,0,0.27181762,0.110861205,-0.001653963,0.9559405,-1.408852,-6.8869796,-0.23732863
412885.0,0,0,0.26561671,0.098317,-0.003079974,0.9590475,-1.3888946,-6.8886137,-0.23683086
412886.0,0,0,0.25932905,0.08566488,-0.0045582918,0.96197146,-1.3688912,-6.8901825,-0.23617384
412887.0,0,0,0.25295174,0.0729278,-0.0060910066,0.96470714,-1.3488728,-6.891685,-0.23535419
412888.0,0,0,0.2464837,0.06005844,-0.0076781837,0.96725374,-1.3288219,-6.893123,-0.23436803
412889.0,0,0,0.2399627,0.04713188,-0.009308644,0.9695927,-1.3088299,-6.894495,-0.23322017
412890.0,0,0,0.23340021,0.034161154,-0.011036068,0.9717179,-1.2888416,-6.8958116,-0.23190618
412891.0,0,0,0.2268184,0.021201793,-0.012876761,0.97362113,-1.2689027,-6.8970757,-0.23042391
412892.0,0,0,0.22024496,0.008229109,-0.01480951,0.9752975,-1.2490454,-6.8982882,-0.22876905
412893.0,0,0,0.21368441,-0.0048286635,-0.016815381,0.9767461,-1.2292547,-6.899452,-0.22693504
412894.0,0,0,0.20716889,-0.017950995,-0.018857403,0.97795874,-1.2095951,-6.9005666,-0.22492765
412895.0,0,0,0.20070809,-0.031116264,-0.020923119,0.9789333,-1.1900518,-6.901639,-0.22274955
412896.0,0,0,0.19432656,-0.044280477,-0.023005724,0.9796669,-1.1706282,-6.9026785,-0.2204059
412897.0,0,0,0.18804964,-0.05739654,-0.025120694,0.9801591,-1.1513411,-6.903696,-0.21790102
412898.0,0,0,0.18194343,-0.07043573,-0.027291233,0.98040336,-1.1322482,-6.9047003,-0.21524057
412899.0,0,0,0.17603749,-0.08346114,-0.029528964,0.98039436,-1.1132904,-6.905705,-0.2124083
412900.0,0,0,0.17038932,-0.09641119,-0.031832594,0.98013216,-1.0945572,-6.906714,-0.20940563
412901.0,0,0,0.16501763,-0.10934932,-0.03421379,0.9796129,-1.0760478,-6.9077306,-0.20621651
412902.0,0,0,0.15990663,-0.12234396,-0.036630824,0.9788361,-1.057751,-6.9087534,-0.20281933
412903.0,0,0,0.15504378,-0.13546845,-0.039021026,0.97779715,-1.0397016,-6.909775,-0.19920331
412904.0,0,0,0.1504101,-0.14874552,-0.041336402,0.97649527,-1.0219344,-6.9107847,-0.19536644
412905.0,0,0,0.14598177,-0.16215663,-0.043519285,0.97493625,-1.0044773,-6.9117746,-0.19131586
412906.0,0,0,0.14173307,-0.1756705,-0.04555045,0.9731273,-0.9873479,-6.912738,-0.18706602
412907.0,0,0,0.13762505,-0.18923046,-0.047430992,0.9710827,-0.97051287,-6.913673,-0.18262365
412908.0,0,0,0.1336528,-0.20273687,-0.049180463,0.96882194,-0.9540213,-6.9145765,-0.17802055
412909.0,0,0,0.12981133,-0.21615455,-0.05082535,0.9663555,-0.9378929,-6.9154463,-0.17328463
412910.0,0,0,0.12609294,-0.22948939,-0.05239077,0.9636858,-0.92208767,-6.9162807,-0.16842777
412911.0,0,0,0.12252116,-0.24252927,-0.053847436,0.9608687,-0.90677786,-6.9170647,-0.16353166
412912.0,0,0,0.11906442,-0.25533256,-0.055189375,0.95790565,-0.89181024,-6.9177976,-0.15857475
412913.0,0,0,0.11573244,-0.267789,-0.05640339,0.95483696,-0.87722844,-6.9184704,-0.15359847
412914.0,0,0,0.11252786,-0.27982453,-0.05752342,0.95169675,-0.8630619,-6.919077,-0.14864318
412915.0,0,0,0.10944654,-0.29144263,-0.058589112,0.94849885,-0.8493132,-6.919613,-0.14374608
412916.0,0,0,0.10650118,-0.30263835,-0.059677187,0.9452546,-0.83600223,-6.920077,-0.1389572
412917.0,0,0,0.103678234,-0.31337154,-0.06087705,0.9419889,-0.8231058,-6.920472,-0.1343155
412918.0,0,0,0.100986145,-0.32354823,-0.06231005,0.9387416,-0.8106361,-6.9208055,-0.12987332
412919.0,0,0,0.09841926,-0.333132,-0.06406507,0.93553853,-0.7985721,-6.9210854,-0.12566726
412920.0,0,0,0.09598339,-0.34210083,-0.06622867,0.93239903,-0.7869169,-6.921319,-0.12173707
412921.0,0,0,0.09365561,-0.35046753,-0.06886025,0.92933273,-0.77568823,-6.9215083,-0.11812368
412922.0,0,0,0.0914522,-0.35822007,-0.07190747,0.9263607,-0.76489985,-6.921649,-0.114863284
412923.0,0,0,0.089370005,-0.3653138,-0.075271085,0.9235222,-0.75450975,-6.9217334,-0.11197294
412924.0,0,0,0.08739312,-0.3716393,-0.078819536,0.92088777,-0.74456877,-6.9217515,-0.10949065
412925.0,0,0,0.08550041,-0.37723106,-0.08241265,0.9184741,-0.73505616,-6.9216905,-0.10743197
412926.0,0,0,0.08368615,-0.3820828,-0.08586707,0.9163167,-0.72599113,-6.9215364,-0.105821796
412927.0,0,0,0.081914194,-0.38619623,-0.08904589,0.91444707,-0.71737,-6.9212756,-0.10468379
412928.0,0,0,0.08017005,-0.38958225,-0.09180143,0.9128915,-0.70920116,-6.920892,-0.10404484
412929.0,0,0,0.078476,-0.39220142,-0.0939745,0.9116954,-0.70150065,-6.9203725,-0.10392667
412930.0,0,0,0.076837204,-0.3939505,-0.09547109,0.910925,-0.6942287,-6.9197097,-0.1043466
412931.0,0,0,0.0752562,-0.3947348,-0.09632951,0.91062707,-0.687388,-6.9189086,-0.10531641
412932.0,0,0,0.07373467,-0.3945436,-0.096639626,0.9108015,-0.6809644,-6.917978,-0.106842585
412933.0,0,0,0.07229913,-0.39340356,-0.09652916,0.9114213,-0.6749619,-6.9169283,-0.10892008
412934.0,0,0,0.070925154,-0.39138445,-0.096165545,0.91243637,-0.6693872,-6.915767,-0.111535594
412935.0,0,0,0.06959738,-0.3886059,-0.09566376,0.9137779,-0.6642524,-6.914491,-0.114667945
412936.0,0,0,0.068305716,-0.38517183,-0.095037766,0.91539335,-0.6595885,-6.913093,-0.118271925
412937.0,0,0,0.06696307,-0.38075662,-0.09443743,0.91739964,-0.65537065,-6.911531,-0.12231987
412938.0,0,0,0.06416969,-0.3720369,-0.093590744,0.9212555,-0.65135807,-6.9097385,-0.12684163
412939.0,0,0,0.059707403,-0.35924214,-0.091544084,0.9268225,-0.6471989,-6.9077744,-0.13173129
412940.0,0,0,0.05547419,-0.3459986,-0.090504795,0.9322105,-0.64288247,-6.9057946,-0.13673463
412941.0,0,0,0.050562665,-0.33451757,-0.091041766,0.9366178,-0.6387296,-6.9038644,-0.14168192
412942.0,0,0,0.04626604,-0.32572892,-0.092420876,0.93979704,-0.6348567,-6.901898,-0.14642882
412943.0,0,0,0.042251475,-0.31732523,-0.09258096,0.9428405,-0.63105613,-6.8996873,-0.15084504
412944.0,0,0,0.038361166,-0.306189,-0.08823656,0.94709605,-0.6271388,-6.897109,-0.15503405
412945.0,0,0,0.034916535,-0.29367095,-0.08204067,0.9517392,-0.6230218,-6.894312,-0.15928571
412946.0,0,0,0.031290766,-0.27901524,-0.07678831,0.9567,-0.61869407,-6.891624,-0.16379079
412947.0,0,0,0.026846752,-0.2619111,-0.07323132,0.9619351,-0.61428505,-6.8892646,-0.16859119
412948.0,0,0,0.021829102,-0.24455492,-0.07134535,0.96676075,-0.6100818,-6.887273,-0.17355736
412949.0,0,0,0.016991718,-0.22829194,-0.069768965,0.97094095,-0.6062914,-6.885636,-0.17848502
412950.0,0,0,0.012801957,-0.21301104,-0.06821422,0.97458166,-0.60298085,-6.884416,-0.18316299
412951.0,0,0,0.009490569,-0.19841628,-0.06686546,0.97778827,-0.6001039,-6.883704,-0.18754141
412952.0,0,0,0.007318126,-0.18509705,-0.06589424,0.98048127,-0.59769976,-6.8835645,-0.19156665
412953.0,0,0,0.00642001,-0.17340873,-0.0654635,0.9826509,-0.59573776,-6.883981,-0.19534406
412954.0,0,0,0.006562317,-0.1631891,-0.06579222,0.9843768,-0.59416443,-6.884866,-0.19891438
412955.0,0,0,0.007276578,-0.15384215,-0.06683036,0.9858059,-0.592879,-6.8860593,-0.20229594
412956.0,0,0,0.0081821885,-0.14499784,-0.0683301,0.9870358,-0.5917765,-6.8873787,-0.20552787
412957.0,0,0,0.008940442,-0.1364729,-0.07009819,0.9881202,-0.59078693,-6.8886538,-0.20864728
412958.0,0,0,0.0092562465,-0.12807383,-0.07198906,0.9891052,-0.58986664,-6.8897667,-0.21170141
412959.0,0,0,0.008957789,-0.11960075,-0.073944695,0.9900241,-0.58898646,-6.8906627,-0.21473445
412960.0,0,0,0.007913457,-0.111427374,-0.07563608,0.99085844,-0.5880921,-6.8912807,-0.21768875
412961.0,0,0,0.0058274064,-0.10257737,-0.075450264,0.9918423,-0.5871545,-6.8915668,-0.22044742
412962.0,0,0,0.0033163882,-0.092715316,-0.072595194,0.9930373,-0.58631766,-6.8915424,-0.22289206
412963.0,0,0,0.0009906971,-0.08481077,-0.06871628,0.9940242,-0.58574307,-6.8912826,-0.22500189
412964.0,0,0,-0.0011121527,-0.07836611,-0.06390485,0.99487376,-0.5854685,-6.8908663,-0.22677232
412965.0,0,0,-0.0031184647,-0.072607204,-0.057901222,0.99567366,-0.5854627,-6.890393,-0.22823581
412966.0,0,0,-0.004904032,-0.068027146,-0.05160809,0.9963358,-0.585679,-6.8899755,-0.22944687
412967.0,0,0,-0.0062737814,-0.06472024,-0.045733284,0.99683523,-0.58604836,-6.8896904,-0.23048681
412968.0,0,0,-0.0073796925,-0.061876517,-0.040353514,0.9972405,-0.58649576,-6.889562,-0.23140968
412969.0,0,0,-0.008288434,-0.059187762,-0.035510015,0.9975807,-0.58698666,-6.8895745,-0.23224442
412970.0,0,0,-0.008959056,-0.056839015,-0.031233164,0.99785453,-0.58751607,-6.8896923,-0.23298772
412971.0,0,0,-0.0094735,-0.05467968,-0.027356278,0.9980842,-0.5880944,-6.8898916,-0.2336358
412972.0,0,0,-0.009860898,-0.05276233,-0.023924453,0.9982718,-0.58872604,-6.890167,-0.23418953
412973.0,0,0,-0.010133541,-0.051140275,-0.02097764,0.99841976,-0.5894045,-6.890521,-0.23466347
412974.0,0,0,-0.010315271,-0.049632765,-0.018440241,0.99854404,-0.59011316,-6.89095,-0.23507567
412975.0,0,0,-0.010437479,-0.048143893,-0.016281085,0.9986532,-0.59084,-6.8914447,-0.23543803
412976.0,0,0,-0.010532107,-0.04674764,-0.014466192,0.99874645,-0.5915884,-6.891994,-0.23575622
412977.0,0,0,-0.010608196,-0.045487072,-0.012923177,0.9988251,-0.5923636,-6.8925886,-0.23603089
412978.0,0,0,-0.010669147,-0.04436447,-0.011622568,0.9988908,-0.5931644,-6.893224,-0.23626357
412979.0,0,0,-0.010705025,-0.043386903,-0.0105768945,0.99894506,-0.5939891,-6.8939,-0.23646207
412980.0,0,0,-0.010714149,-0.042506684,-0.009737544,0.99899125,-0.59483016,-6.894614,-0.2366357
412981.0,0,1,-0.010718987,-0.04147739,-0.00851325,0.9990457,-0.59567916,-6.8953576,-0.23679079
412982.0,0,1,-0.010697961,-0.040479086,-0.007626102,0.999094,-0.5965366,-6.8961196,-0.23693056
412983.0,0,1,-0.01065446,-0.039490823,-0.0069337063,0.9991391,-0.5974045,-6.896892,-0.23705615
412984.0,0,1,-0.010591769,-0.038519315,-0.0063238298,0.99918175,-0.59827983,-6.8976703,-0.23716798
412985.0,0,1,-0.01052605,-0.037534166,-0.0057709464,0.99922323,-0.5991668,-6.898457,-0.23726682
412986.0,0,1,-0.01047046,-0.036563944,-0.005245822,0.9992627,-0.60006535,-6.899253,-0.23735128
412987.0,0,1,-0.010422687,-0.03561114,-0.004747034,0.9993002,-0.60097504,-6.9000587,-0.23742005
412988.0,0,1,-0.010366181,-0.03471857,-0.0043222164,0.9993341,-0.6018952,-6.900874,-0.23747404
412989.0,0,1,-0.010301473,-0.033890266,-0.003994671,0.9993645,-0.6028233,-6.901697,-0.23751579
412990.0,0,1,-0.010239462,-0.03309392,-0.003766402,0.9993927,-0.60375565,-6.9025245,-0.23754749
412991.0,0,1,-0.010164862,-0.03228429,-0.0036018281,0.9994205,-0.60469174,-6.9033546,-0.23756956
412992.0,0,1,-0.010091229,-0.03142111,-0.0035032106,0.99944913,-0.6056338,-6.904187,-0.23758158
412993.0,0,1,-0.010017794,-0.030541092,-0.00343815,0.9994774,-0.60658187,-6.90502,-0.23758389
412994.0,0,1,-0.0099546,-0.029680545,-0.0034130178,0.999504,-0.607538,-6.9058547,-0.23757781
412995.0,0,1,-0.009894143,-0.028848788,-0.0034158772,0.99952894,-0.60850096,-6.9066896,-0.23756403
412996.0,0,1,-0.009842428,-0.028032672,-0.0034126919,0.9995528,-0.60947037,-6.9075255,-0.23754215
412997.0,0,1,-0.009793737,-0.02724942,-0.0034307349,0.99957484,-0.6104451,-6.908362,-0.23751247
412998.0,0,1,-0.009747436,-0.026481766,-0.003453178,0.9995959,-0.61142504,-6.9091983,-0.23747507
412999.0,0,1,-0.009698308,-0.025699245,-0.0034521695,0.99961674,-0.61241156,-6.910036,-0.23742889
413000.0,1,1,-0.009646256,-0.02490083,-0.003428703,0.9996375,-0.59483016,-6.894614,-0.2366357
413001.0,1,1,-0.009580425,-0.02412077,-0.0034200223,0.99965733,-0.59483016,-6.894614,-0.2366357
413002.0,1,1,-0.009505883,-0.023393786,-0.003417836,0.99967533,-0.59483016,-6.894614,-0.2366357
413003.0,1,1,-0.009428061,-0.022718634,-0.0034227374,0.9996916,-0.59483016,-6.894614,-0.2366357
413004.0,1,1,-0.009346652,-0.022078471,-0.0034182845,0.9997068,-0.59483016,-6.894614,-0.2366357
413005.0,1,1,-0.009265521,-0.021448655,-0.0033637956,0.9997214,-0.59483016,-6.894614,-0.2366357
413006.0,1,1,-0.009174722,-0.02082885,-0.0032726836,0.9997356,-0.59483016,-6.894614,-0.2366357
413007.0,1,1,-0.0090842955,-0.020206913,-0.0031739506,0.9997495,-0.59483016,-6.894614,-0.2366357
413008.0,1,1,-0.008996376,-0.019597126,-0.0030540002,0.9997629,-0.59483016,-6.894614,-0.2366357
413009.0,1,1,-0.008897587,-0.019012043,-0.0029481982,0.99977535,-0.59483016,-6.894614,-0.2366357
413010.0,1,1,-0.008795529,-0.018450888,-0.0028792839,0.9997869,-0.59483016,-6.894614,-0.2366357
413011.0,1,1,-0.008682277,-0.0179129,-0.0028070197,0.99979794,-0.59483016,-6.894614,-0.2366357
413012.0,1,1,-0.008550086,-0.017426465,-0.0027368045,0.9998079,-0.59483016,-6.894614,-0.2366357
413013.0,1,1,-0.008408998,-0.016998572,-0.002659931,0.99981666,-0.59483016,-6.894614,-0.2366357
413014.0,1,1,-0.008261602,-0.016630676,-0.0025523745,0.99982435,-0.59483016,-6.894614,-0.2366357
413015.0,1,1,-0.0080972295,-0.016306425,-0.0024411767,0.99983126,-0.59483016,-6.894614,-0.2366357
413016.0,1,1,-0.0079137115,-0.01601889,-0.0023349822,0.9998377,-0.59483016,-6.894614,-0.2366357
413017.0,1,1,-0.0077083902,-0.015784254,-0.0022165328,0.99984324,-0.59483016,-6.894614,-0.2366357
413018.0,1,1,-0.0074869297,-0.015617468,-0.002089877,0.9998479,-0.59483016,-6.894614,-0.2366357
413019.0,1,1,-0.0072528417,-0.015480098,-0.0019303388,0.999852,-0.59483016,-6.894614,-0.2366357
413020.0,1,1,-0.0070076506,-0.015326501,-0.0017524778,0.9998565,-0.59483016,-6.894614,-0.2366357
413021.0,1,1,-0.0067482144,-0.0151500525,-0.0016044417,0.99986124,-0.59483016,-6.894614,-0.2366357
413022.0,1,1,-0.0064837867,-0.014971526,-0.0014795368,0.99986583,-0.59483016,-6.894614,-0.2366357
413023.0,1,1,-0.0062278467,-0.014824125,-0.0013560723,0.9998699,-0.59483016,-6.894614,-0.2366357
413024.0,1,1,-0.005968108,-0.014770702,-0.0012122382,0.9998724,-0.59483016,-6.894614,-0.2366357
413025.0,1,1,-0.0057100425,-0.014765658,-0.0009995319,0.99987423,-0.59483016,-6.894614,-0.2366357
413026.0,1,1,-0.0054524424,-0.014698134,-0.0007146655,0.99987686,-0.59483016,-6.894614,-0.2366357
413027.0,1,1,-0.005186426,-0.0144960405,-0.00036945444,0.9998814,-0.59483016,-6.894614,-0.2366357
413028.0,1,1,-0.0049145897,-0.014158725,4.071216e-05,0.9998877,-0.59483016,-6.894614,-0.2366357
413029.0,1,1,-0.0046455925,-0.013719441,0.0005150089,0.999895,-0.59483016,-6.894614,-0.2366357
413030.0,1,1,-0.004376752,-0.013194834,0.0010414781,0.9999029,-0.59483016,-6.894614,-0.2366357
413031.0,1,1,-0.004113056,-0.012578553,0.0015878667,0.99991125,-0.59483016,-6.894614,-0.2366357
413032.0,1,1,-0.003849667,-0.011898577,0.002130999,0.99991953,-0.59483016,-6.894614,-0.2366357
413033.0,1,1,-0.0035809255,-0.01118804,0.0027007603,0.99992734,-0.59483016,-6.894614,-0.2366357
413034.0,1,1,-0.0033224104,-0.010513724,0.003301007,0.99993384,-0.59483016,-6.894614,-0.2366357
413035.0,1,1,-0.0030669211,-0.009889389,0.003885661,0.99993885,-0.59483016,-6.894614,-0.2366357
413036.0,1,1,-0.0028028602,-0.009321059,0.0044411807,0.9999428,-0.59483016,-6.894614,-0.2366357
413037.0,1,1,-0.0025441663,-0.008781046,0.0049596787,0.999946,-0.59483016,-6.894614,-0.2366357
413038.0,1,1,-0.0022908612,-0.00822786,0.005415846,0.99994886,-0.59483016,-6.894614,-0.2366357
413039.0,1,1,-0.0020444365,-0.0076281447,0.0057998537,0.999952,-0.59483016,-6.894614,-0.2366357
413040.0,1,1,-0.001814336,-0.0069970433,0.0061207064,0.9999552,-0.59483016,-6.894614,-0.2366357
413041.0,1,1,-0.0016024176,-0.0063392087,0.006384606,0.9999582,-0.59483016,-6.894614,-0.2366357
413042.0,1,1,-0.001411204,-0.005659645,0.006625448,0.9999611,-0.59483016,-6.894614,-0.2366357
413043.0,1,1,-0.0012276139,-0.00495401,0.0068442724,0.99996364,-0.59483016,-6.894614,-0.2366357
413044.0,1,1,-0.0010459572,-0.004185091,0.0070181717,0.99996614,-0.59483016,-6.894614,-0.2366357
413045.0,1,1,-0.00087235274,-0.0033215228,0.00713833,0.99996865,-0.59483016,-6.894614,-0.2366357
413046.0,1,1,-0.00069297553,-0.0023551001,0.0072055524,0.99997103,-0.59483016,-6.894614,-0.2366357
413047.0,1,1,-0.0005054301,-0.0012908162,0.0072133453,0.999973,-0.59483016,-6.894614,-0.2366357
413048.0,1,1,-0.0002992439,-0.00017576914,0.0071715997,0.99997425,-0.59483016,-6.894614,-0.2366357
413049.0,1,1,-8.4203675e-05,0.0009672886,0.007085837,0.9999744,-0.59483016,-6.894614,-0.2366357
413050.0,1,1,0.0001471983,0.002140574,0.0069576283,0.99997354,-0.59483016,-6.894614,-0.2366357
413051.0,1,1,0.00039247665,0.003369688,0.006801364,0.9999711,-0.59483016,-6.894614,-0.2366357
413052.0,1,1,0.0006466372,0.0046647186,0.006620912,0.99996704,-0.59483016,-6.894614,-0.2366357
413053.0,1,1,0.000907248,0.0060555334,0.0063533126,0.9999611,-0.59483016,-6.894614,-0.2366357
413054.0,1,1,0.0011598701,0.007430089,0.006063529,0.9999534,-0.59483016,-6.894614,-0.2366357
413055.0,1,1,0.0014009876,0.008856225,0.005745454,0.9999434,-0.59483016,-6.894614,-0.2366357
413056.0,1,1,0.0016561057,0.010345389,0.005404195,0.9999305,-0.59483016,-6.894614,-0.2366357
413057.0,1,1,0.001946572,0.011940293,0.0050415136,0.99991417,-0.59483016,-6.894614,-0.2366357
413058.0,1,1,0.0022785936,0.013632521,0.004646217,0.99989367,-0.59483016,-6.894614,-0.2366357
413059.0,1,1,0.0026884573,0.015466987,0.0042109415,0.999868,-0.59483016,-6.894614,-0.2366357
413060.0,1,1,0.0031617684,0.017431583,0.0036870106,0.99983627,-0.59483016,-6.894614,-0.2366357
413061.0,1,1,0.0036604935,0.019569186,0.0030445356,0.99979717,-0.59483016,-6.894614,-0.2366357
413062.0,0,0,0.0041480083,0.022689639,0.0020858455,0.99973184,-0.5947895,-6.8946238,-0.23662503
413063.0,0,0,0.004601812,0.026304957,0.0009997603,0.9996429,-0.5946875,-6.8946433,-0.23661043
413064.0,0,0,0.004981889,0.030586965,-0.00018327929,0.99951965,-0.59449977,-6.8946743,-0.23659557
413065.0,0,0,0.005299197,0.03582248,-0.0015179932,0.99934304,-0.59420866,-6.894725,-0.23658028
413066.0,0,0,0.0056608706,0.04199066,-0.0030827078,0.9990972,-0.593791,-6.8948092,-0.23656636
413067.0,0,0,0.006200569,0.049150594,-0.0049910774,0.9987597,-0.59319615,-6.8949485,-0.23655657
413068.0,0,0,0.0069661196,0.058077227,-0.0073293806,0.99826086,-0.5923448,-6.8951674,-0.23654997
413069.0,0,0,0.008027217,0.06916216,-0.010252566,0.99752045,-0.5911853,-6.895481,-0.23653944
413070.0,0,0,0.00939593,0.08236338,-0.013805996,0.9964625,-0.5896985,-6.895902,-0.2365007
413071.0,0,0,0.0112034045,0.09784516,-0.018279867,0.9949707,-0.58788425,-6.8964467,-0.23639932
413072.0,0,0,0.013637559,0.11536648,-0.023850136,0.992943,-0.58573675,-6.897133,-0.23620035
413073.0,0,0,0.016833773,0.1350767,-0.03054121,0.9902212,-0.58324534,-6.8979774,-0.23587096
413074.0,0,0,0.020707563,0.15664274,-0.038532577,0.9866861,-0.5803955,-6.898983,-0.23539113
413075.0,0,0,0.025026947,0.17931364,-0.047489155,0.9823264,-0.57721746,-6.9000945,-0.23479044
413076.0,0,0,0.029412633,0.20416138,-0.0567161,0.9768503,-0.5736333,-6.901258,-0.23412143
413077.0,0,0,0.03404536,0.23085882,-0.06578476,0.9701637,-0.5696895,-6.902374,-0.23345767
413078.0,0,0,0.038868982,0.25882328,-0.07401934,0.96229976,-0.56545585,-6.903388,-0.2328405
413079.0,0,0,0.043281175,0.28730947,-0.08071064,0.95344937,-0.5610261,-6.9043107,-0.23228687
413080.0,0,0,0.047323607,0.31471303,-0.08602137,0.94409555,-0.556461,-6.905148,-0.23176163
413081.0,0,0,0.05117637,0.33959308,-0.08953173,0.934902,-0.55172426,-6.90588,-0.23108754
413082.0,0,0,0.054751225,0.35956624,-0.09058852,0.92709666,-0.5466307,-6.9065104,-0.22987528
413083.0,0,0,0.057698544,0.37184703,-0.08902416,0.9222122,-0.54102784,-6.907066,-0.22775646
413084.0,0,0,0.060383778,0.37629429,-0.08549025,0.92056936,-0.53472346,-6.907583,-0.22471327
413085.0,0,0,0.06325177,0.37530202,-0.08116876,0.92117274,-0.5276544,-6.9080763,-0.2212165
413086.0,0,0,0.06572515,0.3727224,-0.07639482,0.92245436,-0.5198586,-6.9085608,-0.2178484
413087.0,0,0,0.067648046,0.37052745,-0.071715906,0.9235746,-0.511469,-6.9090543,-0.2149346
413088.0,0,0,0.069492154,0.36822557,-0.06731687,0.92468876,-0.50264883,-6.9095488,-0.21253604
413089.0,0,0,0.07119064,0.36584428,-0.062895164,0.9258154,-0.49348125,-6.910024,-0.21060394
413090.0,0,0,0.0725884,0.36353892,-0.058353122,0.9269118,-0.48397827,-6.9104705,-0.20907947
413091.0,0,0,0.0737795,0.36092722,-0.05378725,0.92811376,-0.4740949,-6.910892,-0.20789957
413092.0,0,0,0.074742615,0.3577328,-0.04926963,0.92952317,-0.46386325,-6.911295,-0.20699781
413093.0,0,0,0.075523384,0.35362804,-0.044723503,0.93125904,-0.45324478,-6.9116874,-0.20630008
413094.0,0,0,0.07626874,0.34838128,-0.04019859,0.9333797,-0.44225815,-6.912074,-0.2057559
413095.0,0,0,0.076993555,0.34201095,-0.03571281,0.9358553,-0.43093985,-6.9124594,-0.20533825
413096.0,0,0,0.07773525,0.3345933,-0.031290714,0.9386297,-0.41932192,-6.9128494,-0.20503466
413097.0,0,0,0.07854759,0.32617757,-0.026998103,0.94165266,-0.40740326,-6.9132504,-0.20484024
413098.0,0,0,0.07943598,0.31689134,-0.022862403,0.944853,-0.39523357,-6.9136643,-0.20475544
413099.0,0,0,0.08041951,0.30686688,-0.0189113,0.9481603,-0.382814,-6.9140925,-0.20478077
413100.0,0,0,0.081522204,0.29623607,-0.0152002955,0.95150787,-0.37022027,-6.914533,-0.20491593
413101.0,0,0,0.08273302,0.28510454,-0.01174833,0.954847,-0.35748821,-6.9149837,-0.205163
413102.0,0,0,0.08404745,0.27365425,-0.008584415,0.9581105,-0.34463027,-6.9154415,-0.20552845
413103.0,0,0,0.0854408,0.26199916,-0.0057121315,0.9612616,-0.33165586,-6.915902,-0.20602289
413104.0,0,0,0.08690591,0.25031817,-0.0031946127,0.96425,-0.31865224,-6.916358,-0.20665468
413105.0,0,0,0.088443905,0.2387026,-0.0010811604,0.96705616,-0.30557084,-6.916807,-0.20743492
413106.0,0,0,0.08999158,0.22729632,0.0005831416,0.96965855,-0.29244664,-6.9172416,-0.2083586
413107.0,0,0,0.09147761,0.21616457,0.0017761025,0.97206044,-0.27930748,-6.917646,-0.20940451
413108.0,0,0,0.09281357,0.2052523,0.0025372352,0.97429496,-0.2661408,-6.917999,-0.2105433
413109.0,0,0,0.09387551,0.19445482,0.0029352184,0.97640467,-0.25290307,-6.918275,-0.21174571
413110.0,0,0,0.094533704,0.18377945,0.0030160279,0.9784066,-0.2396446,-6.918447,-0.21297568
413111.0,0,0,0.09464481,0.1731254,0.0028305664,0.9803377,-0.22633114,-6.918492,-0.21420968
413112.0,0,0,0.094097935,0.16244733,0.0024156338,0.98221725,-0.21295774,-6.918387,-0.21542779
413113.0,0,0,0.09279118,0.15179582,0.0018200441,0.98404497,-0.19955897,-6.9181128,-0.21661097
413114.0,0,0,0.090634964,0.1411922,0.0010666035,0.98582405,-0.18611534,-6.9176564,-0.21774457
413115.0,0,0,0.08762528,0.13064441,0.00014675054,0.9875494,-0.17262767,-6.9170146,-0.21880792
413116.0,0,0,0.08380148,0.12018555,-0.00096481276,0.9892077,-0.15913536,-6.916198,-0.2197702
413117.0,0,0,0.07923112,0.10971824,-0.002298456,0.9907972,-0.14563634,-6.9152203,-0.22059606
413118.0,0,0,0.074012496,0.099080674,-0.0038581314,0.9923156,-0.13215479,-6.9140964,-0.22124799
413119.0,0,0,0.06823226,0.08815169,-0.0055894507,0.9937517,-0.11875236,-6.912838,-0.2216996
413120.0,0,0,0.06193566,0.07689383,-0.0074127964,0.9950862,-0.1054333,-6.91145,-0.22194666
413121.0,0,0,0.055188756,0.06542614,-0.009240265,0.9962873,-0.09226189,-6.9099445,-0.22200248
413122.0,0,0,0.04803122,0.053810116,-0.011008773,0.9973346,-0.07923102,-6.908328,-0.22189406
413123.0,0,0,0.040520877,0.04222556,-0.012692523,0.99820536,-0.06636074,-6.906615,-0.22165443
413124.0,0,0,0.032709304,0.030877398,-0.014346913,0.99888486,-0.053661745,-6.904822,-0.2213126
413125.0,0,0,0.02468927,0.019890836,-0.01601235,0.999369,-0.041174695,-6.90297,-0.2208872
413126.0,0,0,0.016517852,0.009292989,-0.017684165,0.99966407,-0.028892303,-6.9010696,-0.2203844
413127.0,0,0,0.008302982,-0.0008581613,-0.01936111,0.9997777,-0.016860604,-6.8991346,-0.21980253
413128.0,0,0,7.6031516e-05,-0.0105451085,-0.021012379,0.99972355,-0.0050785854,-6.897165,-0.21912743
413129.0,0,0,-0.008129883,-0.019822335,-0.022598391,0.99951506,0.006424347,-6.895159,-0.21834128
413130.0,0,0,-0.0163162,-0.028832503,-0.024090068,0.9991607,0.017640484,-6.893108,-0.21742874
413131.0,0,0,-0.024476126,-0.03762898,-0.02543203,0.99866825,0.02853913,-6.8910046,-0.21638753
413132.0,0,0,-0.032615386,-0.04620753,-0.026560472,0.99804586,0.039096925,-6.888838,-0.21522771
413133.0,0,0,-0.040747967,-0.054447923,-0.02746075,0.9973069,0.049296632,-6.8866005,-0.21396776
413134.0,0,0,-0.048918724,-0.06222778,-0.02818354,0.996464,0.059146196,-6.8842835,-0.21262422
413135.0,0,0,-0.05710801,-0.069545664,-0.028768983,0.9955272,0.068600565,-6.8818955,-0.21122149
413136.0,0,0,-0.06536082,-0.07650186,-0.029296668,0.9944934,0.077716395,-6.879423,-0.20977098
413137.0,0,0,-0.07350453,-0.08293418,-0.029863022,0.9933918,0.08632974,-6.8769226,-0.20832036
413138.0,0,0,-0.08163999,-0.08892864,-0.030581947,0.99221545,0.09457432,-6.874369,-0.2068589
413139.0,0,0,-0.08971762,-0.09448343,-0.031531874,0.99097395,0.10238475,-6.871794,-0.20539929
413140.0,0,0,-0.09776633,-0.09977941,-0.032679334,0.98965544,0.109769106,-6.8691998,-0.20394288
413141.0,0,0,-0.10575173,-0.10493719,-0.033948995,0.98825717,0.11668436,-6.8666034,-0.20252216
413142.0,0,0,-0.113661505,-0.10988878,-0.035266,0.98679376,0.12315278,-6.8640056,-0.2011845
413143.0,0,0,-0.121451855,-0.11435041,-0.0365766,0.98530984,0.12919226,-6.861422,-0.1999907
413144.0,0,0,-0.1291075,-0.11803004,-0.037942603,0.9838498,0.13482249,-6.8588758,-0.1989875
413145.0,0,0,-0.13663314,-0.12085331,-0.039418455,0.9824317,0.1400675,-6.8563824,-0.19819881
413146.0,0,0,-0.14394403,-0.12292389,-0.041015297,0.9810645,0.14489672,-6.853976,-0.19764379
413147.0,0,0,-0.15100783,-0.124239296,-0.042748876,0.97976214,0.14931267,-6.8516693,-0.19733252
413148.0,0,0,-0.15782453,-0.124630764,-0.044516344,0.97855854,0.15332335,-6.849475,-0.19727558
413149.0,0,0,-0.16438928,-0.12393896,-0.04621193,0.9774865,0.15692626,-6.8474135,-0.19749056
413150.0,0,0,-0.1705567,-0.122070506,-0.047686383,0.9765938,0.16011049,-6.8455205,-0.19799675
413151.0,0,0,-0.1763125,-0.11924714,-0.049099028,0.97585005,0.1628829,-6.8438187,-0.19879697
413152.0,0,0,-0.18154627,-0.115720175,-0.05023882,0.97525686,0.16522206,-6.8423424,-0.19987765
413153.0,0,0,-0.18611087,-0.11184196,-0.051175565,0.9748001,0.16710797,-6.841136,-0.20123284
413154.0,0,0,-0.18994339,-0.10728683,-0.051957496,0.97453153,0.16857664,-6.8402233,-0.20288776
413155.0,0,0,-0.19297196,-0.10174063,-0.052550457,0.97449946,0.1696782,-6.839629,-0.2048659
413156.0,0,0,-0.19505788,-0.095205985,-0.05312388,0.9747134,0.17047077,-6.8393655,-0.2071842
413157.0,0,0,-0.1961521,-0.08835944,-0.05439786,0.97506815,0.17104886,-6.8393707,-0.20977888
413158.0,0,0,-0.19707137,-0.08144789,-0.05630539,0.97537625,0.17152701,-6.8394876,-0.21247594
413159.0,0,0,-0.19854635,-0.074920915,-0.057374842,0.975538,0.17198884,-6.839481,-0.21500912
413160.0,0,0,-0.20121807,-0.07045924,-0.055959567,0.9754052,0.17248158,-6.83911,-0.217006
413161.0,0,0,-0.20424952,-0.06454947,-0.049856156,0.97551525,0.1728806,-6.838455,-0.21826634
413162.0,0,0,-0.20611773,-0.06115959,-0.04479761,0.9755861,0.17295143,-6.837879,-0.21902207
413163.0,0,0,-0.20638718,-0.06271397,-0.042518184,0.9755324,0.17273095,-6.8375196,-0.21968591
413164.0,0,0,-0.20635504,-0.064174585,-0.03851606,0.9756105,0.17256911,-6.8372183,-0.22053954
413165.0,0,0,-0.20653042,-0.061740816,-0.034206055,0.97589105,0.1727485,-6.836805,-0.22158796
413166.0,0,0,-0.20726362,-0.05582539,-0.030071752,0.97622806,0.17317504,-6.8362565,-0.22266164
413167.0,0,0,-0.20830064,-0.049957823,-0.025795104,0.97644746,0.17349319,-6.8357096,-0.22355963
413168.0,0,0,-0.208767,-0.047541164,-0.022251755,0.9765557,0.17347233,-6.835341,-0.22416805
413169.0,0,0,-0.20868628,-0.047759037,-0.01966977,0.97661775,0.17316975,-6.835239,-0.22450015
413170.0,0,0,-0.20838901,-0.048677202,-0.0182681,0.9766632,0.17278744,-6.8353643,-0.22467476
413171.0,0,0,-0.20810668,-0.04913044,-0.017625032,0.97671247,0.17248406,-6.8356047,-0.224822
413172.0,0,0,-0.20789723,-0.048974946,-0.017249588,0.97677153,0.1722847,-6.835857,-0.22500537
413173.0,0,0,-0.20776708,-0.048570435,-0.016861087,0.97682625,0.17212522,-6.836077,-0.2252123
413174.0,0,0,-0.20769566,-0.048363253,-0.016450603,0.9768587,0.17193934,-6.8362923,-0.2253954
413175.0,0,0,-0.20763843,-0.04844602,-0.016417172,0.9768673,0.17170697,-6.836552,-0.2255117
413176.0,0,0,-0.2076201,-0.04870001,-0.016894478,0.97685045,0.17144226,-6.8368793,-0.22555052
413177.0,0,0,-0.20763457,-0.048985723,-0.017723134,0.97681844,0.1711648,-6.837253,-0.22553252
413178.0,0,0,-0.20766263,-0.049196124,-0.018639525,0.9767848,0.17088297,-6.8376346,-0.22548644
413179.0,0,0,-0.2076959,-0.04939242,-0.019491162,0.97675127,0.17059134,-6.837995,-0.2254282
413180.0,0,0,-0.2077303,-0.04966434,-0.020245204,0.9767148,0.17028035,-6.8383317,-0.22535759
413181.0,0,0,-0.20774794,-0.050005965,-0.020966223,0.9766784,0.16994816,-6.838656,-0.22526717
413182.0,0,0,-0.2077362,-0.05037767,-0.021694321,0.97664595,0.16959682,-6.8389735,-0.22515365
413183.0,0,0,-0.20769694,-0.05076539,-0.022349145,0.97661936,0.1692279,-6.839281,-0.22502126
413184.0,0,1,-0.20761384,-0.050938323,-0.02326395,0.9766067,0.16884524,-6.839573,-0.22487645
413185.0,0,1,-0.2075117,-0.051116955,-0.024099061,0.97659886,0.16844922,-6.83985,-0.22472104
413186.0,0,1,-0.20740329,-0.051308893,-0.02478341,0.9765947,0.1680429,-6.840115,-0.22455706
413187.0,0,1,-0.20728092,-0.051621348,-0.025408432,0.97658813,0.1676313,-6.8403683,-0.22438993
413188.0,0,1,-0.20714577,-0.05199153,-0.026051134,0.97658014,0.16722274,-6.840602,-0.22422704
413189.0,0,1,-0.20701484,-0.05225413,-0.026638059,0.97657806,0.16681579,-6.840813,-0.22406897
413190.0,0,1,-0.20690607,-0.052290235,-0.027001567,0.97658926,0.1664062,-6.8410068,-0.22391033
413191.0,0,1,-0.20681652,-0.05213502,-0.027123427,0.97661316,0.16598658,-6.8411937,-0.22374287
413192.0,0,1,-0.20674765,-0.051895533,-0.027078306,0.9766418,0.1655535,-6.841382,-0.22356193
413193.0,0,1,-0.20669448,-0.05166135,-0.026945446,0.97666913,0.16510934,-6.841574,-0.22336854
413194.0,0,1,-0.2066481,-0.05149013,-0.026807118,0.9766917,0.16465726,-6.841768,-0.22316632
413195.0,0,1,-0.20660289,-0.051312454,-0.026676996,0.97671425,0.16419837,-6.8419614,-0.22295722
413196.0,0,1,-0.2065654,-0.051079154,-0.026485005,0.9767396,0.16373146,-6.842156,-0.2227401
413197.0,0,1,-0.20652315,-0.050786745,-0.026230427,0.9767707,0.16325444,-6.8423553,-0.2225119
413198.0,0,1,-0.20647411,-0.050448842,-0.025942096,0.9768062,0.16276482,-6.842563,-0.22226971
413199.0,0,1,-0.20642106,-0.05012409,-0.0256699,0.97684133,0.16226183,-6.8427815,-0.22201316
413200.0,0,1,-0.20637393,-0.049875055,-0.025425993,0.9768705,0.1617464,-6.84301,-0.22174354
413201.0,0,1,-0.20632745,-0.04971022,-0.025214553,0.9768941,0.161224,-6.843248,-0.22146358
413202.0,0,1,-0.20628451,-0.04958216,-0.025038019,0.9769142,0.16069598,-6.843496,-0.2211735
413203.0,1,1,-0.20624594,-0.049449295,-0.024892721,0.9769328,0.1692279,-6.839281,-0.22502126
413204.0,1,1,-0.20620237,-0.049319714,-0.024805048,0.9769508,0.1692279,-6.839281,-0.22502126
413205.0,1,1,-0.20616114,-0.049209487,-0.02481837,0.9769648,0.1692279,-6.839281,-0.22502126
413206.0,1,1,-0.20613007,-0.049152553,-0.024932805,0.97697127,0.1692279,-6.839281,-0.22502126
413207.0,1,1,-0.2060985,-0.049194828,-0.025098857,0.97697157,0.1692279,-6.839281,-0.22502126
413208.0,1,1,-0.20607798,-0.049295377,-0.02524913,0.97696686,0.1692279,-6.839281,-0.22502126
413209.0,1,1,-0.20605597,-0.049406536,-0.025379082,0.97696257,0.1692279,-6.839281,-0.22502126
413210.0,1,1,-0.20602353,-0.04954129,-0.025518823,0.976959,0.1692279,-6.839281,-0.22502126
413211.0,1,1,-0.20599404,-0.049655754,-0.025682794,0.9769551,0.1692279,-6.839281,-0.22502126
413212.0,1,1,-0.20596775,-0.04969102,-0.02581629,0.97695524,0.1692279,-6.839281,-0.22502126
413213.0,1,1,-0.20594278,-0.04966486,-0.025859911,0.9769607,0.1692279,-6.839281,-0.22502126
413214.0,1,1,-0.20591882,-0.049604785,-0.025806058,0.97697026,0.1692279,-6.839281,-0.22502126
413215.0,1,1,-0.20589897,-0.04948571,-0.025675278,0.97698396,0.1692279,-6.839281,-0.22502126
413216.0,1,1,-0.20588645,-0.049288973,-0.025463257,0.97700214,0.1692279,-6.839281,-0.22502126
413217.0,1,1,-0.20587856,-0.049056564,-0.025206976,0.9770221,0.1692279,-6.839281,-0.22502126
413218.0,1,1,-0.20586775,-0.048829757,-0.024958858,0.9770421,0.1692279,-6.839281,-0.22502126
413219.0,1,1,-0.20585993,-0.04862465,-0.024744567,0.9770594,0.1692279,-6.839281,-0.22502126
413220.0,1,1,-0.20585401,-0.04846268,-0.024533253,0.9770741,0.1692279,-6.839281,-0.22502126
413221.0,1,1,-0.20585008,-0.048295543,-0.024264405,0.9770898,0.1692279,-6.839281,-0.22502126
413222.0,1,1,-0.2058521,-0.048080772,-0.023945097,0.97710794,0.1692279,-6.839281,-0.22502126
413223.0,1,1,-0.20584597,-0.047843173,-0.023665875,0.9771277,0.1692279,-6.839281,-0.22502126
413224.0,1,1,-0.20583095,-0.04758957,-0.02345921,0.97714823,0.1692279,-6.839281,-0.22502126
413225.0,1,1,-0.20581527,-0.04733527,-0.023282362,0.977168,0.1692279,-6.839281,-0.22502126
413226.0,1,1,-0.20579135,-0.04704058,-0.023105599,0.97719157,0.1692279,-6.839281,-0.22502126
413227.0,1,1,-0.2057645,-0.046761062,-0.022935936,0.9772146,0.1692279,-6.839281,-0.22502126
413228.0,1,1,-0.20573336,-0.046503738,-0.022779344,0.9772371,0.1692279,-6.839281,-0.22502126
413229.0,1,1,-0.20569849,-0.04627372,-0.022602981,0.9772594,0.1692279,-6.839281,-0.22502126
413230.0,1,1,-0.20565775,-0.04605053,-0.022460246,0.97728187,0.1692279,-6.839281,-0.22502126
413231.0,1,1,-0.20561294,-0.045777183,-0.022374973,0.9773061,0.1692279,-6.839281,-0.22502126
413232.0,1,1,-0.20557283,-0.04542332,-0.022257831,0.9773337,0.1692279,-6.839281,-0.22502126
413233.0,1,1,-0.20553322,-0.044989407,-0.022073304,0.9773663,0.1692279,-6.839281,-0.22502126
413234.0,1,1,-0.20548522,-0.044536777,-0.021835579,0.9774025,0.1692279,-6.839281,-0.22502126
413235.0,1,1,-0.20544103,-0.044066936,-0.021587951,0.9774385,0.1692279,-6.839281,-0.22502126
413236.0,1,1,-0.20539986,-0.043534826,-0.021298662,0.97747743,0.1692279,-6.839281,-0.22502126
413237.0,1,1,-0.20535451,-0.042926516,-0.020945234,0.9775215,0.1692279,-6.839281,-0.22502126
413238.0,1,1,-0.20531343,-0.04230199,-0.020524213,0.9775663,0.1692279,-6.839281,-0.22502126
413239.0,1,1,-0.20528187,-0.041728437,-0.02007125,0.9776069,0.1692279,-6.839281,-0.22502126
413240.0,1,1,-0.20526044,-0.041211363,-0.019578332,0.9776433,0.1692279,-6.839281,-0.22502126
413241.0,1,1,-0.20525508,-0.040671878,-0.01900489,0.9776784,0.1692279,-6.839281,-0.22502126
413242.0,1,1,-0.20526111,-0.0400583,-0.01835129,0.9777149,0.1692279,-6.839281,-0.22502126
413243.0,1,1,-0.20526145,-0.039468173,-0.017658459,0.9777516,0.1692279,-6.839281,-0.22502126
413244.0,1,1,-0.20525573,-0.038891394,-0.01698134,0.977788,0.1692279,-6.839281,-0.22502126
413245.0,1,1,-0.20525588,-0.038240757,-0.016308801,0.977825,0.1692279,-6.839281,-0.22502126
413246.0,1,1,-0.20525981,-0.03752356,-0.015610305,0.9778634,0.1692279,-6.839281,-0.22502126
413247.0,1,1,-0.20525023,-0.03681488,-0.0149156405,0.9779032,0.1692279,-6.839281,-0.22502126
413248.0,1,1,-0.20523351,-0.03613572,-0.014289005,0.97794133,0.1692279,-6.839281,-0.22502126
413249.0,1,1,-0.20521182,-0.035488643,-0.013727601,0.97797763,0.1692279,-6.839281,-0.22502126
413250.0,1,1,-0.2051772,-0.034835257,-0.013207773,0.97801554,0.1692279,-6.839281,-0.22502126
413251.0,1,1,-0.2051276,-0.03417317,-0.012702589,0.97805595,0.1692279,-6.839281,-0.22502126
413252.0,1,1,-0.20507218,-0.03353424,-0.012175077,0.9780965,0.1692279,-6.839281,-0.22502126
413253.0,1,1,-0.20500658,-0.032900125,-0.011622192,0.9781385,0.1692279,-6.839281,-0.22502126
413254.0,1,1,-0.20493281,-0.032251585,-0.011044685,0.97818226,0.1692279,-6.839281,-0.22502126
413255.0,1,1,-0.20485832,-0.031582687,-0.010434898,0.9782263,0.1692279,-6.839281,-0.22502126
413256.0,1,1,-0.20477603,-0.030900493,-0.009808968,0.97827184,0.1692279,-6.839281,-0.22502126
413257.0,1,1,-0.20468591,-0.030244047,-0.0091661755,0.9783174,0.1692279,-6.839281,-0.22502126
413258.0,1,1,-0.20458953,-0.02957807,-0.008545806,0.9783636,0.1692279,-6.839281,-0.22502126
413259.0,1,1,-0.20448296,-0.028875025,-0.007934208,0.978412,0.1692279,-6.839281,-0.22502126
413260.0,1,1,-0.20435917,-0.028135424,-0.0072917095,0.97846437,0.1692279,-6.839281,-0.22502126
413261.0,1,1,-0.2042249,-0.027344089,-0.0066144313,0.97851974,0.1692279,-6.839281,-0.22502126
413262.0,1,1,-0.204094,-0.026499825,-0.0058547966,0.97857505,0.1692279,-6.839281,-0.22502126
413263.0,1,1,-0.20396535,-0.025673827,-0.0050373944,0.9786285,0.1692279,-6.839281,-0.22502126
413264.0,1,1,-0.20383295,-0.02489224,-0.0042273435,0.97868013,0.1692279,-6.839281,-0.22502126
413265.0,1,1,-0.20369843,-0.024082616,-0.0034490246,0.97873133,0.1692279,-6.839281,-0.22502126
413266.0,1,1,-0.20356399,-0.023213152,-0.0027038362,0.9787827,0.1692279,-6.839281,-0.22502126
413267.0,1,1,-0.20344846,-0.02226793,-0.001978938,0.9788304,0.1692279,-6.839281,-0.22502126
413268.0,1,1,-0.20333667,-0.02128595,-0.0012932594,0.9788766,0.1692279,-6.839281,-0.22502126
413269.0,1,1,-0.20320866,-0.020273339,-0.00066432916,0.9789253,0.1692279,-6.839281,-0.22502126
413270.0,1,1,-0.20304811,-0.0192181,-5.9823466e-05,0.9789801,0.1692279,-6.839281,-0.22502126
413271.0,1,1,-0.20284046,-0.018036693,0.0005501191,0.97904557,0.1692279,-6.839281,-0.22502126
413272.0,1,1,-0.20256682,-0.016638007,0.0011700406,0.97912645,0.1692279,-6.839281,-0.22502126
413273.0,1,1,-0.20222092,-0.014970082,0.001750763,0.97922397,0.1692279,-6.839281,-0.22502126
413274.0,1,1,-0.20184755,-0.013041086,0.0022786858,0.97932756,0.1692279,-6.839281,-0.22502126
413275.0,1,1,-0.20143141,-0.010927121,0.0028334025,0.97943765,0.1692279,-6.839281,-0.22502126
413276.0,1,1,-0.20094751,-0.008685449,0.0034418672,0.9795575,0.1692279,-6.839281,-0.22502126
413277.0,1,1,-0.20041251,-0.006216594,0.0040646144,0.9796834,0.1692279,-6.839281,-0.22502126
413278.0,1,1,-0.19985172,-0.0036208762,0.0046948385,0.9798082,0.1692279,-6.839281,-0.22502126
413279.0,1,1,-0.19924872,-0.00094079983,0.0053410446,0.979934,0.1692279,-6.839281,-0.22502126
413280.0,0,0,-0.19861391,0.002378046,0.0060212323,0.98005646,0.16925368,-6.839276,-0.22501358
413281.0,0,0,-0.1979309,0.005976863,0.0067120683,0.9801747,0.1693082,-6.839264,-0.22499835
413282.0,0,0,-0.19721049,0.009911053,0.007410956,0.98028314,0.1693854,-6.839245,-0.22497024
413283.0,0,0,-0.19645505,0.01410261,0.008129151,0.9803777,0.16946948,-6.8392196,-0.22492245
413284.0,0,0,-0.19566852,0.018352132,0.008851502,0.98045844,0.16954352,-6.8391895,-0.22485192
413285.0,0,0,-0.19484928,0.022532443,0.009590183,0.9805274,0.16959937,-6.8391585,-0.22475782
413286.0,0,0,-0.19401947,0.026657218,0.010301725,0.98058134,0.16963613,-6.839131,-0.2246408
413287.0,0,0,-0.19320433,0.030704001,0.010983551,0.98061657,0.16964869,-6.83911,-0.22449985
413288.0,0,0,-0.19241719,0.034536343,0.011668107,0.9806359,0.16962616,-6.839096,-0.22433324
413289.0,0,0,-0.1916677,0.038071677,0.012369192,0.98064315,0.16956502,-6.839087,-0.22414277
413290.0,0,0,-0.19095181,0.04135019,0.013127322,0.9806403,0.16947173,-6.8390756,-0.2239296
413291.0,0,0,-0.1902735,0.044450134,0.013976299,0.98062474,0.16936457,-6.8390503,-0.22369757
413292.0,0,0,-0.18962657,0.04757673,0.014978568,0.98058856,0.16926557,-6.8389983,-0.22344738
413293.0,0,0,-0.18897009,0.05084025,0.016232464,0.9805316,0.16919936,-6.838908,-0.22317736
413294.0,0,0,-0.1881477,0.054780204,0.017779414,0.9804507,0.16919082,-6.8387694,-0.22288223
413295.0,0,0,-0.18704765,0.059629727,0.019682776,0.98034185,0.16925982,-6.8385644,-0.2225536
413296.0,0,0,-0.18557486,0.06557129,0.022115124,0.98019046,0.16942166,-6.838256,-0.22217551
413297.0,0,0,-0.18367645,0.07282565,0.025468089,0.9799545,0.16968553,-6.8377843,-0.22172341
413298.0,0,0,-0.18128455,0.08147136,0.030145755,0.9795864,0.17005074,-6.8370843,-0.2211678
413299.0,0,0,-0.1783713,0.09150811,0.036387853,0.9790229,0.17050608,-6.836093,-0.2204735
413300.0,0,0,-0.1750056,0.1026637,0.04449536,0.9781889,0.17103963,-6.834759,-0.21961015
413301.0,0,0,-0.17139745,0.114917554,0.054711442,0.97694606,0.17164914,-6.833031,-0.2185474
413302.0,0,0,-0.16791001,0.12780282,0.06708607,0.97517806,0.17233585,-6.8308806,-0.21727572
413303.0,0,0,-0.16472901,0.14109112,0.08164652,0.97277516,0.17313786,-6.8282843,-0.21580772
413304.0,0,0,-0.16178022,0.15500605,0.098040774,0.9696331,0.17411186,-6.8252397,-0.21420528
413305.0,0,0,-0.15905443,0.1696379,0.116385736,0.96559775,0.17528355,-6.82174,-0.21255569
413306.0,0,0,-0.15677914,0.18428211,0.13712148,0.9605509,0.17664097,-6.8177776,-0.2109372
413307.0,0,0,-0.15489198,0.19915746,0.16020985,0.9542943,0.17818096,-6.81333,-0.20941262
413308.0,0,0,-0.15305018,0.21492504,0.1852042,0.9466162,0.17990819,-6.8084097,-0.20807795
413309.0,0,0,-0.1507458,0.23252586,0.21165447,0.93723524,0.18181877,-6.8030934,-0.20703416
413310.0,0,0,-0.14792082,0.2525333,0.23835814,0.92603016,0.18390067,-6.797514,-0.2062289
413311.0,0,0,-0.14487293,0.27552748,0.2615628,0.91360897,0.18600911,-6.7916913,-0.20514879
413312.0,0,0,-0.14339685,0.29311284,0.27605468,0.90405524,0.18779384,-6.7852397,-0.20310672
413313.0,0,0,-0.14505257,0.29341578,0.28510424,0.9008788,0.18919341,-6.777738,-0.20003629
413314.0,0,0,-0.14802316,0.2902736,0.29218125,0.8991444,0.19062798,-6.7691116,-0.19639342
413315.0,0,0,-0.15056317,0.2881553,0.296164,0.89810026,0.19235379,-6.759569,-0.19259225
413316.0,0,0,-0.1533504,0.28335088,0.29716215,0.8988274,0.19431229,-6.7492595,-0.18879163
413317.0,0,0,-0.15712522,0.27635372,0.29686046,0.9004522,0.19634598,-6.738346,-0.18509991
413318.0,0,0,-0.16136822,0.26872164,0.29587093,0.90233546,0.19838515,-6.726897,-0.18162541
413319.0,0,0,-0.16572003,0.26161832,0.29428115,0.9041523,0.20042285,-6.715004,-0.17849977
413320.0,0,0,-0.17035733,0.25557768,0.29294103,0.9054524,0.20247233,-6.7027254,-0.17580819
413321.0,0,0,-0.17533574,0.25063556,0.2918855,0.906224,0.20454636,-6.690043,-0.17356277
413322.0,0,0,-0.18074335,0.24669898,0.29111412,0.90648997,0.20663336,-6.676988,-0.17173816
413323.0,0,0,-0.18670599,0.24358375,0.29064745,0.90627366,0.20872954,-6.6635084,-0.17027383
413324.0,0,0,-0.19310412,0.24086519,0.2901727,0.90581155,0.21082495,-6.6496553,-0.16911352
413325.0,0,0,-0.19985434,0.23822504,0.2894214,0.9052857,0.21293464,-6.635417,-0.16819753
413326.0,0,0,-0.20687903,0.23553066,0.28819624,0.90480345,0.21508221,-6.6207724,-0.16747375
413327.0,0,0,-0.214041,0.23273872,0.28625393,0.9044765,0.21727546,-6.605777,-0.1668975
413328.0,0,0,-0.22133854,0.22972919,0.28344575,0.904374,0.21952443,-6.59038,-0.16642605
413329.0,0,0,-0.22877593,0.22632147,0.27977258,0.9045261,0.22181499,-6.5746307,-0.16603586
413330.0,0,0,-0.23640715,0.2224456,0.27532104,0.90489113,0.22414519,-6.558479,-0.16572317
413331.0,0,0,-0.24423118,0.21821171,0.27027866,0.9053641,0.22649294,-6.5420194,-0.16550182
413332.0,0,0,-0.25232485,0.21369249,0.26480407,0.9058402,0.22886112,-6.5251713,-0.16538633
413333.0,0,0,-0.26065686,0.20896494,0.25908953,0.9062364,0.23123224,-6.508014,-0.165387
413334.0,0,0,-0.26920703,0.20413157,0.25325522,0.9064876,0.233606,-6.4905353,-0.16550347
413335.0,0,0,-0.27794304,0.19925155,0.24733743,0.90657085,0.23597778,-6.4727626,-0.16572382
413336.0,0,0,-0.28684574,0.19430237,0.24126315,0.9065088,0.23835243,-6.454656,-0.16602793
413337.0,0,0,-0.29584315,0.1892892,0.23499191,0.9063251,0.24071755,-6.4363065,-0.16638756
413338.0,0,0,-0.3049331,0.1841704,0.22846499,0.9060358,0.24307142,-6.417699,-0.16677296
413339.0,0,0,-0.31415325,0.17882991,0.22159567,0.9056616,0.24540883,-6.3987966,-0.16715649
413340.0,0,0,-0.32350093,0.17317146,0.21438621,0.9052057,0.24771157,-6.3796473,-0.16751587
413341.0,0,0,-0.33297527,0.16720149,0.20688885,0.9046371,0.24996497,-6.360299,-0.16783714
413342.0,0,0,-0.3426022,0.16092145,0.19911605,0.9039253,0.2521684,-6.340691,-0.1681118
413343.0,0,0,-0.35237107,0.15433563,0.19119076,0.903029,0.2543063,-6.3208885,-0.16832979
413344.0,0,0,-0.36229146,0.14739852,0.18318953,0.90192026,0.25637436,-6.3008876,-0.1684828
413345.0,0,0,-0.3723224,0.14010641,0.17513649,0.9005962,0.25837487,-6.2806897,-0.1685651
413346.0,0,0,-0.3823617,0.13252683,0.16705744,0.89907056,0.2603077,-6.260367,-0.16857418
413347.0,0,0,-0.39233744,0.124680415,0.15889682,0.8973727,0.26217762,-6.239944,-0.16851446
413348.0,0,0,-0.40212616,0.11660213,0.15059578,0.8955554,0.26399267,-6.219456,-0.16840182
413349.0,0,0,-0.41160253,0.1085323,0.14210257,0.89365035,0.26577047,-6.1989183,-0.16825923
413350.0,0,0,-0.42069712,0.100734904,0.13340083,0.89166737,0.2675281,-6.178336,-0.16810563
413351.0,0,0,-0.4293725,0.093311764,0.12450516,0.88962394,0.26926863,-6.1577473,-0.16794962
413352.0,0,0,-0.4376325,0.086248256,0.11546455,0.8875286,0.27098292,-6.137199,-0.16779077
413353.0,0,0,-0.44555196,0.07947998,0.10633267,0.8853585,0.27266863,-6.1165996,-0.16762148
413354.0,0,0,-0.45315912,0.07305605,0.09721736,0.88309604,0.27431175,-6.096006,-0.16742626
413355.0,0,0,-0.4605343,0.06694395,0.0880848,0.88072,0.27590746,-6.0753465,-0.16717212
413356.0,0,0,-0.46772286,0.06099898,0.07888572,0.87823206,0.27743402,-6.0546966,-0.16681299
413357.0,0,0,-0.47482285,0.054969996,0.06951702,0.8756078,0.2788772,-6.033987,-0.16629796
413358.0,0,0,-0.4818743,0.048714798,0.059962913,0.8728279,0.2802176,-6.013279,-0.16559008
413359.0,0,0,-0.4889119,0.04217116,0.05018523,0.86986685,0.2814472,-5.9925737,-0.16466638
413360.0,0,0,-0.49595985,0.03530228,0.040147386,0.86669827,0.2825642,-5.9718523,-0.16351455
413361.0,0,0,-0.5029946,0.028146926,0.02989077,0.86331385,0.28356653,-5.951182,-0.16213545
413362.0,0,0,-0.50999504,0.020742243,0.019424537,0.85970783,0.2844596,-5.9305487,-0.16053033
413363.0,0,0,-0.51693517,0.0131557975,0.008813248,0.85587806,0.28524742,-5.909991,-0.1587075
413364.0,0,0,-0.5238078,0.005441785,-0.0019243924,0.85181695,0.285937,-5.8894773,-0.15666978
413365.0,0,0,-0.53060544,-0.0024045901,-0.01278267,0.8475191,0.2865353,-5.8689895,-0.15441906
413366.0,0,0,-0.5371906,-0.010242862,-0.023568181,0.8430694,0.2870446,-5.8488383,-0.15199709
413367.0,0,0,-0.54365313,-0.018171307,-0.034462724,0.8384053,0.2874866,-5.8286715,-0.1493606
413368.0,0,0,-0.5499035,-0.026090238,-0.045388915,0.83358586,0.2878706,-5.808671,-0.14652663
413369.0,0,0,-0.5559067,-0.034060042,-0.056409612,0.8286287,0.2882079,-5.7888455,-0.14348786
413370.0,0,0,-0.56160897,-0.04213547,-0.06753408,0.82356495,0.2885068,-5.7692423,-0.14024599
413371.0,0,0,-0.56699145,-0.050340608,-0.078771815,0.8184018,0.28877467,-5.7498274,-0.13679437
413372.0,0,0,-0.57202214,-0.05864792,-0.09004725,0.81316835,0.28901666,-5.7306757,-0.13315184
413373.0,0,0,-0.5767089,-0.0670675,-0.10136534,0.8078576,0.28923973,-5.711708,-0.12931211
413374.0,0,0,-0.5810154,-0.075463526,-0.112565786,0.8025305,0.2894464,-5.6930985,-0.1253254
413375.0,0,0,-0.5849846,-0.08386315,-0.12367151,0.79716086,0.2896417,-5.6747184,-0.12117822
413376.0,0,0,-0.5886089,-0.09219903,-0.13461252,0.79178184,0.28982806,-5.656637,-0.11689855
413377.0,0,0,-0.5918895,-0.100442864,-0.1453568,0.7864156,0.29000685,-5.6388702,-0.112501025
413378.0,0,0,-0.59483427,-0.10862602,-0.15591638,0.78106505,0.29017684,-5.621403,-0.10799192
413379.0,0,0,-0.5974333,-0.11671657,-0.16622819,0.7757699,0.29033425,-5.60431,-0.103401765
413380.0,0,0,-0.5997078,-0.124710694,-0.1762735,0.7705359,0.29047677,-5.5875483,-0.098730706
413381.0,0,0,-0.6016629,-0.1325488,-0.18600343,0.7653988,0.29060173,-5.5711675,-0.094001494
413382.0,0,0,-0.603307,-0.1402322,-0.19543439,0.760369,0.2907053,-5.555144,-0.08921281
413383.0,0,0,-0.60464424,-0.14775151,-0.20453694,0.755473,0.29078177,-5.539523,-0.084384315
413384.0,0,0,-0.60565615,-0.15512869,-0.21335492,0.75073,0.29082552,-5.524308,-0.079526834
413385.0,0,0,-0.60633653,-0.16237658,-0.22191736,0.74615186,0.29083017,-5.50955,-0.07467482
413386.0,0,0,-0.60668904,-0.16955335,-0.23029222,0.74171805,0.29078746,-5.4952135,-0.06984471
413387.0,0,0,-0.6067029,-0.17665553,-0.2385119,0.73743916,0.29069147,-5.481308,-0.065079555
413388.0,0,0,-0.6064192,-0.18351431,-0.24656054,0.7333391,0.29054594,-5.4678655,-0.060438618
413389.0,0,0,-0.60593086,-0.18990155,-0.25451538,0.7293882,0.2903614,-5.454813,-0.055946805
413390.0,0,0,-0.6053266,-0.19562455,-0.26249784,0.7255382,0.29014894,-5.4421663,-0.05165679
413391.0,0,0,-0.60467553,-0.20061387,-0.27063316,0.72171974,0.28990972,-5.42993,-0.047612183
413392.0,0,0,-0.6040761,-0.20486705,-0.27889746,0.71787035,0.28963134,-5.4180813,-0.043842625
413393.0,0,0,-0.60364586,-0.20840988,-0.287088,0.713973,0.28929073,-5.406625,-0.040382814
413394.0,0,0,-0.603961,-0.2108488,-0.29439604,0.71000355,0.288825,-5.3955398,-0.03727595
413395.0,0,0,-0.60472816,-0.21292375,-0.3009233,0.70598334,0.28820845,-5.384789,-0.034541436
413396.0,0,0,-0.60594076,-0.21472523,-0.30643916,0.70201427,0.2874398,-5.374517,-0.03224215
413397.0,0,0,-0.6076014,-0.21634036,-0.31095582,0.6980859,0.28651112,-5.364612,-0.030386701
413398.0,0,0,-0.60966027,-0.21777324,-0.31447992,0.6942562,0.28543898,-5.355131,-0.029022865
413399.0,0,0,-0.61205405,-0.21897238,-0.31707284,0.69058365,0.28424594,-5.3460817,-0.028186731
413400.0,0,0,-0.61471367,-0.21984851,-0.31880987,0.6871347,0.28295776,-5.337474,-0.02790751
413401.0,0,0,-0.6175805,-0.22032635,-0.31971675,0.6839825,0.2815969,-5.329312,-0.028199352
413402.0,0,0,-0.6206631,-0.22034295,-0.31974983,0.6811654,0.2801689,-5.3215365,-0.029068012
413403.0,0,0,-0.62393713,-0.21985435,-0.31889528,0.67872846,0.2786871,-5.3141723,-0.030495899
413404.0,0,0,-0.62738484,-0.21887346,-0.31713593,0.6766887,0.27714723,-5.3071866,-0.03246193
413405.0,0,0,-0.6309819,-0.21742633,-0.31449923,0.6750392,0.2755529,-5.3005986,-0.034924045
413406.0,0,0,-0.6347177,-0.21554764,-0.31109008,0.6737177,0.2739013,-5.294416,-0.037843976
413407.0,0,0,-0.6385202,-0.21334605,-0.3070736,0.67266726,0.2721877,-5.2886715,-0.04117917
413408.0,0,0,-0.6429141,-0.20954701,-0.3011801,0.6723408,0.27042142,-5.2833085,-0.045026116
413409.0,0,0,-0.6496236,-0.20097347,-0.28990057,0.673466,0.2686907,-5.278054,-0.049585726
413410.0,0,0,-0.6568994,-0.18856682,-0.2784694,0.6748188,0.26700968,-5.272639,-0.05480563
413411.0,0,0,-0.66355246,-0.17643362,-0.26866344,0.67556584,0.26523453,-5.2672586,-0.060373545
413412.0,0,0,-0.66942173,-0.1672932,-0.25792283,0.67628646,0.26327777,-5.2623,-0.06604839
413413.0,0,0,-0.6736406,-0.16022067,-0.24929105,0.67704636,0.2611489,-5.2577467,-0.07157963
413414.0,0,0,-0.6781907,-0.15312538,-0.23900066,0.67785597,0.25880986,-5.2532716,-0.07675918
413415.0,0,0,-0.6832138,-0.14575554,-0.22533871,0.67911476,0.25625327,-5.248719,-0.08158105
413416.0,0,0,-0.6884837,-0.13774168,-0.21114433,0.68002605,0.25357193,-5.244136,-0.08622604
413417.0,0,0,-0.6943921,-0.12894014,-0.19671747,0.6800709,0.2509111,-5.239622,-0.09093811
413418.0,0,0,-0.7004654,-0.119373076,-0.18316999,0.67937255,0.248442,-5.2353573,-0.09578258
413419.0,0,0,-0.70651585,-0.10881788,-0.16996865,0.67831016,0.24621424,-5.2313714,-0.10076555
413420.0,0,0,-0.7123263,-0.09781792,-0.15697071,0.6770399,0.24430647,-5.2277594,-0.10561976
413421.0,0,0,-0.7175059,-0.08720846,-0.14451128,0.6757933,0.24277227,-5.224592,-0.11006662
413422.0,0,0,-0.72163224,-0.07822954,-0.13296358,0.6748687,0.24168287,-5.221971,-0.113901086
413423.0,0,0,-0.72441053,-0.071275696,-0.12318754,0.6745176,0.24109599,-5.2199364,-0.11711779
413424.0,0,0,-0.7258728,-0.065876424,-0.1155595,0.6748443,0.2410068,-5.2184205,-0.119846106
413425.0,0,0,-0.7265269,-0.061059427,-0.109473966,0.67560774,0.24132137,-5.217263,-0.1222602
413426.0,0,0,-0.72682345,-0.05618178,-0.104388684,0.6765163,0.24188143,-5.2163196,-0.12446713
413427.0,0,0,-0.7270007,-0.05127566,-0.10004296,0.6773716,0.24252512,-5.2155013,-0.12653029
413428.0,0,0,-0.7272393,-0.04645095,-0.0962392,0.6780143,0.24312845,-5.214771,-0.12848605
413429.0,0,0,-0.72767526,-0.041580595,-0.09278805,0.67834365,0.24363026,-5.2141023,-0.13039781
413430.0,0,0,-0.7283515,-0.036510956,-0.0895242,0.6783484,0.24400216,-5.213453,-0.13232899
413431.0,0,0,-0.7294191,-0.031514905,-0.08598584,0.6779093,0.24418229,-5.2127576,-0.13425824
413432.0,0,0,-0.73098636,-0.027127866,-0.08045195,0.67708975,0.24412197,-5.212051,-0.13603133
413433.0,0,0,-0.73259604,-0.024049593,-0.073941045,0.676208,0.24384956,-5.211456,-0.13756275
413434.0,0,0,-0.73403585,-0.022503646,-0.06813688,0.67530906,0.24342725,-5.2110825,-0.13878709
413435.0,0,0,-0.73535365,-0.022219798,-0.06246885,0.6744322,0.24291745,-5.2109494,-0.13971417
413436.0,0,0,-0.73650837,-0.023031358,-0.056979205,0.67363065,0.24239953,-5.2110157,-0.14038882
413437.0,0,0,-0.7374559,-0.024362326,-0.052132946,0.6729394,0.24196012,-5.2112145,-0.14087406
413438.0,0,0,-0.73816156,-0.025699884,-0.048189756,0.6724097,0.24165966,-5.211479,-0.14122424
413439.0,0,0,-0.73866653,-0.026700092,-0.04484554,0.67204744,0.24150737,-5.2117715,-0.1414645
413440.0,0,0,-0.73899615,-0.027427994,-0.04207327,0.67183495,0.24146958,-5.2120957,-0.14159472
413441.0,0,0,-0.7392158,-0.027999336,-0.03984943,0.67170537,0.24149244,-5.2124605,-0.14160818
413442.0,0,0,-0.73958427,-0.02857698,-0.03770246,0.6713994,0.24153517,-5.212874,-0.14152461
413443.0,0,0,-0.73957545,-0.029199535,-0.036361907,0.6714561,0.24159001,-5.2133327,-0.14138325
413444.0,0,0,-0.73969823,-0.02964008,-0.034873825,0.6713806,0.24166265,-5.213807,-0.14120145
413445.0,0,0,-0.73983365,-0.030065354,-0.033132676,0.67130053,0.24176472,-5.214284,-0.14098108
413446.0,0,0,-0.73994607,-0.0301144,-0.03188165,0.67123514,0.24190478,-5.2147665,-0.14072396
413447.0,0,0,-0.74001753,-0.030030487,-0.030885397,0.6712066,0.24207632,-5.215262,-0.1404328
413448.0,0,0,-0.7400753,-0.02991168,-0.03004426,0.67118645,0.24226923,-5.2157736,-0.14011405
413449.0,0,0,-0.74010885,-0.029709337,-0.0293873,0.6711875,0.24247637,-5.216296,-0.13977464
413450.0,0,0,-0.74011785,-0.02943979,-0.028817516,0.6712141,0.24269654,-5.216827,-0.13941495
413451.0,0,0,-0.74010146,-0.029126942,-0.028332844,0.6712666,0.24293016,-5.2173696,-0.13903332
413452.0,0,1,-0.7400671,-0.028755661,-0.027682174,0.67134756,0.24317378,-5.217926,-0.13863058
413453.0,0,1,-0.7400182,-0.028285421,-0.027174167,0.6714422,0.24341615,-5.218486,-0.13821699
413454.0,0,1,-0.7399554,-0.02777231,-0.026734503,0.6715504,0.2436554,-5.2190566,-0.13778983
413455.0,0,1,-0.73988,-0.027268412,-0.026332859,0.6716699,0.24388875,-5.2196336,-0.13735415
413456.0,0,1,-0.7398077,-0.026769709,-0.025898319,0.6717867,0.244118,-5.2202163,-0.1369096
413457.0,0,1,-0.7397383,-0.026234929,-0.025429526,0.6719021,0.24434562,-5.220808,-0.13645354
413458.0,0,1,-0.7396563,-0.025662944,-0.02496461,0.6720319,0.24457148,-5.22141,-0.1359856
413459.0,0,1,-0.7395594,-0.025103224,-0.024544464,0.67217505,0.24479464,-5.222024,-0.13550381
413460.0,0,1,-0.73945045,-0.02459256,-0.024162246,0.6723276,0.24501425,-5.222648,-0.13500912
413461.0,0,1,-0.7393268,-0.024119224,-0.023851292,0.67249197,0.24522899,-5.223278,-0.13450567
413462.0,0,1,-0.7391846,-0.023653334,-0.023589985,0.6726739,0.245437,-5.223911,-0.13399607
413463.0,0,1,-0.7390364,-0.023177095,-0.023308333,0.67286307,0.24563724,-5.2245455,-0.13348113
413464.0,0,1,-0.73888606,-0.022702334,-0.022948766,0.67305684,0.2458317,-5.225184,-0.1329593
413465.0,0,1,-0.73873657,-0.02224042,-0.022507684,0.67325115,0.2460243,-5.2258277,-0.1324292
413466.0,0,1,-0.7385892,-0.021773253,-0.022061927,0.6734428,0.24621734,-5.2264767,-0.13189135
413467.0,0,1,-0.7384547,-0.021313367,-0.021633836,0.67361885,0.24641171,-5.227129,-0.13134645
413468.0,0,1,-0.7383361,-0.020797286,-0.021226836,0.6737779,0.24660619,-5.227786,-0.13079266
413469.0,0,1,-0.7382341,-0.020172736,-0.02086124,0.67392004,0.246795,-5.2284493,-0.13023002
413470.0,0,1,-0.7381456,-0.019501312,-0.02052313,0.6740472,0.24697405,-5.2291236,-0.1296564
413471.0,1,1,-0.73807096,-0.018924031,-0.02015763,0.6741563,0.24293016,-5.2173696,-0.13903332
413472.0,1,1,-0.73799956,-0.018446015,-0.019807031,0.67425805,0.24293016,-5.2173696,-0.13903332
413473.0,1,1,-0.737923,-0.018001093,-0.019545386,0.6743617,0.24293016,-5.2173696,-0.13903332
413474.0,1,1,-0.7378483,-0.01757395,-0.019355893,0.67446005,0.24293016,-5.2173696,-0.13903332
413475.0,1,1,-0.737764,-0.017180352,-0.019248083,0.6745656,0.24293016,-5.2173696,-0.13903332
413476.0,1,1,-0.73766434,-0.016838633,-0.01923028,0.6746837,0.24293016,-5.2173696,-0.13903332
413477.0,1,1,-0.73755395,-0.0165133,-0.019316582,0.6748099,0.24293016,-5.2173696,-0.13903332
413478.0,1,1,-0.7374254,-0.016249891,-0.019463427,0.6749526,0.24293016,-5.2173696,-0.13903332
413479.0,1,1,-0.7372853,-0.016086996,-0.019565798,0.6751065,0.24293016,-5.2173696,-0.13903332
413480.0,1,1,-0.73712987,-0.016004985,-0.01959903,0.6752773,0.24293016,-5.2173696,-0.13903332
413481.0,1,1,-0.7369556,-0.015960889,-0.019580506,0.6754691,0.24293016,-5.2173696,-0.13903332
413482.0,1,1,-0.7367623,-0.01588287,-0.019478086,0.6756847,0.24293016,-5.2173696,-0.13903332
413483.0,1,1,-0.73655444,-0.015733737,-0.019291345,0.6759201,0.24293016,-5.2173696,-0.13903332
413484.0,1,1,-0.7363291,-0.015572632,-0.01905468,0.6761759,0.24293016,-5.2173696,-0.13903332
413485.0,1,1,-0.7360877,-0.01547252,-0.018798942,0.6764483,0.24293016,-5.2173696,-0.13903332
413486.0,1,1,-0.7358282,-0.015385899,-0.018525358,0.6767399,0.24293016,-5.2173696,-0.13903332
413487.0,1,1,-0.73555654,-0.015276176,-0.01825032,0.6770453,0.24293016,-5.2173696,-0.13903332
413488.0,1,1,-0.7352805,-0.0151081,-0.017973134,0.67735606,0.24293016,-5.2173696,-0.13903332
413489.0,1,1,-0.7350111,-0.014897181,-0.01767345,0.67766106,0.24293016,-5.2173696,-0.13903332
413490.0,1,1,-0.7347529,-0.014681401,-0.017408112,0.67795265,0.24293016,-5.2173696,-0.13903332
413491.0,1,1,-0.734511,-0.014439038,-0.01716567,0.6782259,0.24293016,-5.2173696,-0.13903332
413492.0,1,1,-0.73428255,-0.014189467,-0.01686093,0.6784863,0.24293016,-5.2173696,-0.13903332
413493.0,1,1,-0.73405564,-0.013979976,-0.016442377,0.6787463,0.24293016,-5.2173696,-0.13903332
413494.0,1,1,-0.7338152,-0.013807672,-0.015883625,0.679023,0.24293016,-5.2173696,-0.13903332
413495.0,1,1,-0.7335628,-0.013643217,-0.015206057,0.6793145,0.24293016,-5.2173696,-0.13903332
413496.0,1,1,-0.73329955,-0.013482306,-0.014426882,0.67961895,0.24293016,-5.2173696,-0.13903332
413497.0,1,1,-0.7330291,-0.013315313,-0.01351072,0.67993265,0.24293016,-5.2173696,-0.13903332
413498.0,1,1,-0.73275065,-0.013132867,-0.012467995,0.6802563,0.24293016,-5.2173696,-0.13903332
413499.0,1,1,-0.7324687,-0.012928861,-0.011316084,0.68058383,0.24293016,-5.2173696,-0.13903332
413500.0,1,1,-0.73218495,-0.012722036,-0.010066839,0.6809127,0.24293016,-5.2173696,-0.13903332
413501.0,1,1,-0.73189485,-0.012537915,-0.00869656,0.68124676,0.24293016,-5.2173696,-0.13903332
413502.0,1,1,-0.7315839,-0.012415506,-0.007266983,0.68159974,0.24293016,-5.2173696,-0.13903332
413503.0,1,1,-0.7312642,-0.012295373,-0.005892315,0.6819582,0.24293016,-5.2173696,-0.13903332
413504.0,1,1,-0.73094666,-0.012150839,-0.0046312436,0.6823107,0.24293016,-5.2173696,-0.13903332
413505.0,1,1,-0.7306432,-0.0119320555,-0.003420258,0.6826467,0.24293016,-5.2173696,-0.13903332
413506.0,1,1,-0.73033947,-0.011653132,-0.0022342713,0.6829814,0.24293016,-5.2173696,-0.13903332
413507.0,1,1,-0.73005605,-0.011330335,-0.0011269815,0.6832924,0.24293016,-5.2173696,-0.13903332
413508.0,1,1,-0.72979736,-0.011009546,-0.0001720574,0.68357486,0.24293016,-5.2173696,-0.13903332
413509.0,1,1,-0.7295717,-0.0107170595,0.0007143185,0.68382,0.24293016,-5.2173696,-0.13903332
413510.0,1,1,-0.72937924,-0.01041879,0.0015522016,0.6840286,0.24293016,-5.2173696,-0.13903332
413511.0,1,1,-0.72919315,-0.010062836,0.0023148474,0.6842301,0.24293016,-5.2173696,-0.13903332
413512.0,1,1,-0.7290148,-0.009668555,0.003020979,0.6844231,0.24293016,-5.2173696,-0.13903332
413513.0,1,1,-0.72885305,-0.009199135,0.003725118,0.6845982,0.24293016,-5.2173696,-0.13903332
413514.0,1,1,-0.7287031,-0.008607405,0.0044601373,0.6847611,0.24293016,-5.2173696,-0.13903332
413515.0,1,1,-0.72856104,-0.007906469,0.005258451,0.6849152,0.24293016,-5.2173696,-0.13903332
413516.0,1,1,-0.72842664,-0.0071305446,0.0061400007,0.6850593,0.24293016,-5.2173696,-0.13903332
413517.0,1,1,-0.7283007,-0.0062530097,0.007139603,0.685192,0.24293016,-5.2173696,-0.13903332
413518.0,1,1,-0.72818005,-0.005274874,0.008272649,0.6853158,0.24293016,-5.2173696,-0.13903332
413519.0,1,1,-0.72807103,-0.004137457,0.009551887,0.68542266,0.24293016,-5.2173696,-0.13903332
413520.0,1,1,-0.7279629,-0.0028502832,0.010952282,0.68552315,0.24293016,-5.2173696,-0.13903332
413521.0,1,1,-0.72783864,-0.0014699085,0.012449107,0.68563396,0.24293016,-5.2173696,-0.13903332
413522.0,1,1,-0.72768205,-1.9584078e-05,0.0140302945,0.6857711,0.24293016,-5.2173696,-0.13903332
413523.0,1,1,-0.72748244,0.0015181017,0.015718022,0.6859446,0.24293016,-5.2173696,-0.13903332
413524.0,1,1,-0.72723806,0.0031380577,0.017473705,0.6861558,0.24293016,-5.2173696,-0.13903332
413525.0,1,1,-0.7269731,0.0049398723,0.01932506,0.6863762,0.24293016,-5.2173696,-0.13903332
413526.0,1,1,-0.72670114,0.006939922,0.02124259,0.6865902,0.24293016,-5.2173696,-0.13903332
413527.0,1,1,-0.7264236,0.009016365,0.023139523,0.68679833,0.24293016,-5.2173696,-0.13903332
413528.0,1,1,-0.72616446,0.011177773,0.024950882,0.6869773,0.24293016,-5.2173696,-0.13903332
413529.0,0,0,-0.7259586,0.013869165,0.026895504,0.6870724,0.2429379,-5.217347,-0.13901992
413530.0,0,0,-0.7257733,0.016686182,0.028902825,0.687124,0.24295226,-5.217298,-0.13899647
413531.0,0,0,-0.72556394,0.019706514,0.031001007,0.6871736,0.2429749,-5.2172093,-0.13896398
413532.0,0,0,-0.72528696,0.023082748,0.03330828,0.687253,0.24300715,-5.2170553,-0.1389217
413533.0,0,0,-0.7249009,0.0270736,0.036079265,0.6873748,0.24305125,-5.2167907,-0.1388727
413534.0,0,0,-0.72436875,0.03199192,0.039599575,0.6875306,0.24311449,-5.216347,-0.13882199
413535.0,0,0,-0.7236295,0.03847957,0.04433286,0.6876877,0.24320807,-5.2156587,-0.13877106
413536.0,0,0,-0.7225898,0.046860885,0.050342456,0.68784714,0.2433516,-5.214654,-0.13871603
413537.0,0,0,-0.7211715,0.057916544,0.058009703,0.6878896,0.24357076,-5.2132645,-0.1386385
413538.0,0,0,-0.71932966,0.072094716,0.06774881,0.687588,0.24389781,-5.211462,-0.13850313
413539.0,0,0,-0.7168819,0.089246444,0.07880558,0.6869536,0.24437019,-5.20922,-0.13827014
413540.0,0,0,-0.7133115,0.109970964,0.0910759,0.68614733,0.24499671,-5.2064614,-0.1379002
413541.0,0,0,-0.7084529,0.13389593,0.105176665,0.68491185,0.24576047,-5.2031536,-0.13736862
413542.0,0,0,-0.7024059,0.16020048,0.12049778,0.6829655,0.24665894,-5.1992974,-0.1366914
413543.0,0,0,-0.6948405,0.18914318,0.13646391,0.6802934,0.24765788,-5.1948724,-0.13593894
413544.0,0,0,-0.68586516,0.22006848,0.15413824,0.6763136,0.24870008,-5.1898346,-0.13522847
413545.0,0,0,-0.6752883,0.25265303,0.17396374,0.6707375,0.24976233,-5.1841702,-0.13470472
413546.0,0,0,-0.6623457,0.28666884,0.19509104,0.66412234,0.25079057,-5.178001,-0.13450019
413547.0,0,0,-0.6472922,0.3205474,0.21778549,0.65637755,0.2516534,-5.1714616,-0.13471207
413548.0,0,0,-0.630615,0.3539545,0.24392839,0.6461733,0.25227097,-5.16465,-0.13537599
413549.0,0,0,-0.6129542,0.38645893,0.271592,0.63338345,0.25281864,-5.157698,-0.13627264
413550.0,0,0,-0.5965865,0.41412583,0.29528224,0.6208001,0.25352448,-5.150595,-0.13663378
413551.0,0,0,-0.5823551,0.43279925,0.31132904,0.6136951,0.25439075,-5.142912,-0.13552967
413552.0,0,0,-0.5716894,0.44231147,0.32182437,0.61152333,0.25529772,-5.1340327,-0.1327518
413553.0,0,0,-0.56510717,0.44430444,0.32795048,0.61294043,0.25613144,-5.1237235,-0.12893789
413554.0,0,0,-0.5606795,0.4424317,0.33027372,0.6170997,0.25683787,-5.112076,-0.12493996
413555.0,0,0,-0.55755985,0.4391755,0.3307382,0.6219842,0.25741002,-5.099323,-0.121277116
413556.0,0,0,-0.5557972,0.43498045,0.3303729,0.62668586,0.2578569,-5.085711,-0.11804509
413557.0,0,0,-0.55521584,0.42963764,0.32900026,0.6315898,0.25818425,-5.0713425,-0.11515561
413558.0,0,0,-0.5555186,0.42358407,0.3270407,0.63641185,0.2583906,-5.056555,-0.11263569
413559.0,0,0,-0.5562195,0.41753078,0.3249638,0.6408482,0.25849274,-5.041295,-0.110523626
413560.0,0,0,-0.5571881,0.41209227,0.32251596,0.6447517,0.25853723,-5.0256753,-0.108830765
413561.0,0,0,-0.5584021,0.4065058,0.3196244,0.6486758,0.25853986,-5.009724,-0.10749092
413562.0,0,0,-0.5598394,0.4006422,0.31617218,0.65276396,0.25851145,-4.993459,-0.1064526
413563.0,0,0,-0.5614685,0.3945494,0.31223607,0.65695715,0.2584625,-4.976887,-0.105688944
413564.0,0,0,-0.5632721,0.3882498,0.30779698,0.66124696,0.25840265,-4.959962,-0.105177484
413565.0,0,0,-0.56526566,0.38168842,0.30276874,0.6656724,0.25833732,-4.9427514,-0.104889326
413566.0,0,0,-0.56752867,0.37472102,0.2971326,0.67022955,0.25826538,-4.9251957,-0.104788795
413567.0,0,0,-0.5700962,0.36729884,0.29096848,0.6748477,0.25818336,-4.907335,-0.10484585
413568.0,0,0,-0.5729652,0.35940072,0.28432903,0.6794845,0.25808802,-4.8891673,-0.10503526
413569.0,0,0,-0.57616687,0.35096738,0.27722725,0.6841043,0.2579749,-4.8706794,-0.10533452
413570.0,0,0,-0.5796961,0.34195125,0.26972944,0.688671,0.25783852,-4.8519673,-0.105722286
413571.0,0,0,-0.5835616,0.33228055,0.2618735,0.69315785,0.2576726,-4.8329654,-0.10618903
413572.0,0,0,-0.58770335,0.3220551,0.25379848,0.6974753,0.25747523,-4.813781,-0.10673172
413573.0,0,0,-0.5920601,0.3113616,0.24556729,0.70158076,0.25724676,-4.7943583,-0.10735877
413574.0,0,0,-0.5965023,0.30041486,0.23727979,0.7054319,0.2569948,-4.7748113,-0.10807212
413575.0,0,0,-0.6009568,0.28928107,0.22890891,0.70906144,0.25672737,-4.7550607,-0.10887351
413576.0,0,0,-0.6053313,0.27805004,0.22049522,0.71249145,0.25645348,-4.7351665,-0.10975248
413577.0,0,0,-0.60954887,0.2668141,0.21206982,0.7157422,0.25618148,-4.715169,-0.11069416
413578.0,0,0,-0.6135609,0.25556403,0.20352617,0.71889305,0.2559184,-4.6949754,-0.11168519
413579.0,0,0,-0.61727345,0.24440701,0.19484791,0.7219923,0.25567308,-4.6748195,-0.11269415
413580.0,0,0,-0.6206829,0.23327363,0.18594585,0.7250933,0.25544605,-4.6545305,-0.11371359
413581.0,0,0,-0.6237593,0.22224852,0.17684229,0.72818726,0.25523806,-4.6341457,-0.11472848
413582.0,0,0,-0.6265058,0.21137422,0.16751498,0.7312662,0.25504622,-4.6136956,-0.11572304
413583.0,0,0,-0.6289398,0.20064588,0.15794657,0.73432213,0.25486377,-4.593219,-0.11668097
413584.0,0,0,-0.6311073,0.19005328,0.1481262,0.73732084,0.25468153,-4.572661,-0.117592506
413585.0,0,0,-0.6330344,0.17965192,0.13810425,0.7402161,0.254492,-4.552094,-0.11844207
413586.0,0,0,-0.6347722,0.16940251,0.1278426,0.7429828,0.25428614,-4.531442,-0.11921577
413587.0,0,0,-0.63636494,0.15933962,0.1173941,0.7455665,0.25405458,-4.5107913,-0.11988832
413588.0,0,0,-0.6379003,0.14941016,0.10677764,0.74790263,0.25378415,-4.490082,-0.12043435
413589.0,0,0,-0.6394548,0.13953362,0.09602599,0.7499381,0.2534608,-4.469315,-0.12082231
413590.0,0,0,-0.64110285,0.12960182,0.08514759,0.7516252,0.25307196,-4.4485493,-0.1210201
413591.0,0,0,-0.64290285,0.11944426,0.07409587,0.7529401,0.2526059,-4.427724,-0.12100237
413592.0,0,0,-0.64486325,0.10903704,0.0629483,0.7538567,0.25205982,-4.406946,-0.12075473
413593.0,0,0,-0.646982,0.09833149,0.051708885,0.7543682,0.2514327,-4.3861594,-0.120272346
413594.0,0,0,-0.6492241,0.087354176,0.04038189,0.7544843,0.25072974,-4.3653817,-0.11956046
413595.0,0,0,-0.6515318,0.0762052,0.029009175,0.7542265,0.24996199,-4.3446884,-0.11863442
413596.0,0,0,-0.6538393,0.06496313,0.017621662,0.7536335,0.24914093,-4.324072,-0.11750865
413597.0,0,0,-0.6560881,0.053726677,0.006209831,0.7527439,0.24827933,-4.303495,-0.11619116
413598.0,0,0,-0.65822566,0.04259026,-0.005210727,0.751597,0.2473934,-4.2830215,-0.11469009
413599.0,0,0,-0.6601872,0.031564765,-0.016649026,0.75025284,0.24649402,-4.262672,-0.113006756
413600.0,0,0,-0.6619392,0.020554956,-0.028172543,0.7487458,0.24558176,-4.242309,-0.111125916
413601.0,0,0,-0.66342217,0.009773565,-0.039549805,0.7471355,0.24467972,-4.222324,-0.109087214
413602.0,0,0,-0.664638,-0.00092973607,-0.050961208,0.74542505,0.24377711,-4.2023892,-0.10686039
413603.0,0,0,-0.665559,-0.0114793945,-0.062363204,0.7436467,0.2428785,-4.182581,-0.10445544
413604.0,0,0,-0.66618645,-0.02185164,-0.07370793,0.74181217,0.24198486,-4.162963,-0.10187971
413605.0,0,0,-0.6665186,-0.032054625,-0.08498894,0.739934,0.2410916,-4.1435175,-0.09912402
413606.0,0,0,-0.6665552,-0.042072233,-0.09621272,0.7380225,0.24019603,-4.1242723,-0.096179746
413607.0,0,0,-0.66631675,-0.051914643,-0.10743226,0.7360606,0.23929502,-4.1052446,-0.09303372
413608.0,0,0,-0.66580683,-0.06162328,-0.11870538,0.7340388,0.23838623,-4.086478,-0.08967741
413609.0,0,0,-0.6650273,-0.071255155,-0.13007322,0.73194426,0.23746622,-4.067977,-0.0860968
413610.0,0,0,-0.66398174,-0.0808023,-0.14155848,0.72976744,0.23653424,-4.0497656,-0.08228492
413611.0,0,0,-0.6626994,-0.09022611,-0.15315054,0.7274845,0.23559088,-4.031884,-0.07824369
413612.0,0,0,-0.6612079,-0.09950129,-0.16485354,0.7250702,0.23463243,-4.01433,-0.0739714
413613.0,0,0,-0.65954703,-0.10861065,-0.17662376,0.72249943,0.23365292,-3.9971454,-0.06948453
413614.0,0,0,-0.6577531,-0.11757994,-0.18840624,0.7197492,0.2326434,-3.9803772,-0.064810894
413615.0,0,0,-0.6558589,-0.12645465,-0.20018534,0.7167875,0.23159024,-3.9639974,-0.059966005
413616.0,0,0,-0.65391546,-0.13517933,-0.2118471,0.71361196,0.23048866,-3.9480672,-0.054999333
413617.0,0,0,-0.65197635,-0.1436747,-0.22327237,0.7102351,0.22933616,-3.9326122,-0.049956087
413618.0,0,0,-0.6500714,-0.15193373,-0.23445581,0.7066497,0.22812557,-3.917576,-0.044856567
413619.0,0,0,-0.6482258,-0.15991697,-0.245285,0.7028977,0.22686182,-3.9030442,-0.039774105
413620.0,0,0,-0.64643115,-0.16761445,-0.25569752,0.6990358,0.22554633,-3.889035,-0.034767758
413621.0,0,0,-0.6446711,-0.17501414,-0.26568374,0.6951125,0.22417791,-3.8754973,-0.029879216
413622.0,0,0,-0.64293,-0.18201245,-0.27520457,0.6912128,0.22277339,-3.862468,-0.025188152
413623.0,0,0,-0.64117295,-0.18847054,-0.28432,0.6874142,0.22135474,-3.8499303,-0.020757636
413624.0,0,0,-0.6393663,-0.194194,-0.29306328,0.6838226,0.21995138,-3.8379061,-0.01666138
413625.0,0,0,-0.6374571,-0.19908544,-0.301512,0.68051744,0.21857779,-3.8263457,-0.012944256
413626.0,0,0,-0.6354197,-0.20305635,-0.30963627,0.67759526,0.21725234,-3.8153107,-0.009683053
413627.0,0,0,-0.6332405,-0.20608263,-0.31751963,0.6750687,0.21597344,-3.8047585,-0.006921707
413628.0,0,0,-0.6309535,-0.20813559,-0.32515055,0.67294455,0.21473646,-3.7946842,-0.004714007
413629.0,0,0,-0.6286312,-0.20924205,-0.33240408,0.67122895,0.21353088,-3.78512,-0.003111553
413630.0,0,0,-0.626365,-0.20951617,-0.33912706,0.6698977,0.21232243,-3.7760167,-0.0021444992
413631.0,0,0,-0.62427586,-0.20914178,-0.34506947,0.6689293,0.21107846,-3.7674172,-0.0018417361
413632.0,0,0,-0.6224742,-0.20830914,-0.35000503,0.6683036,0.20975073,-3.7592766,-0.0022116823
413633.0,0,0,-0.6210796,-0.20720345,-0.3536305,0.6680361,0.20830216,-3.751601,-0.003246726
413634.0,0,0,-0.6201564,-0.20602663,-0.35571855,0.6681492,0.20670469,-3.7443907,-0.004924633
413635.0,0,0,-0.61972386,-0.20493758,-0.3561863,0.6686362,0.20494409,-3.737643,-0.0072201747
413636.0,0,0,-0.61973274,-0.20397714,-0.35515139,0.6694715,0.20302433,-3.7313569,-0.010109998
413637.0,0,0,-0.62013686,-0.20304662,-0.3528966,0.67057174,0.20097286,-3.7255526,-0.01355888
413638.0,0,0,-0.6208906,-0.2019562,-0.34974402,0.67185396,0.19881636,-3.7202303,-0.017538097
413639.0,0,0,-0.6219674,-0.2005695,-0.34593245,0.6732454,0.19657367,-3.715396,-0.022013016
413640.0,0,0,-0.6233278,-0.1988512,-0.341587,0.67471397,0.1942565,-3.711077,-0.026923753
413641.0,0,0,-0.6249433,-0.19685842,-0.3367059,0.67625576,0.19184145,-3.7072647,-0.032258786
413642.0,0,0,-0.6267753,-0.19460139,-0.3313762,0.6778442,0.18930474,-3.7039587,-0.0379515
413643.0,0,0,-0.6290296,-0.19142628,-0.32547528,0.67951727,0.18662426,-3.7009227,-0.043920696
413644.0,0,0,-0.6329639,-0.18719518,-0.31894445,0.680139,0.18395938,-3.6977031,-0.049679328
413645.0,0,0,-0.63879716,-0.17965892,-0.3111031,0.68034977,0.1813722,-3.6939442,-0.054813117
413646.0,0,0,-0.64429307,-0.1719429,-0.30422407,0.6802719,0.17880696,-3.689777,-0.059224725
413647.0,0,0,-0.64902216,-0.16600429,-0.29969746,0.67926013,0.17612502,-3.685458,-0.06317374
413648.0,0,0,-0.653833,-0.16052796,-0.29354724,0.6786481,0.17307888,-3.6810524,-0.067108676
413649.0,0,0,-0.6585118,-0.15673287,-0.28303522,0.6794763,0.16950276,-3.6764777,-0.07146728
413650.0,0,0,-0.6634863,-0.1537613,-0.26747322,0.6816168,0.16555715,-3.6715379,-0.076513045
413651.0,0,0,-0.6697974,-0.14691885,-0.24856623,0.68410605,0.16171797,-3.6662154,-0.0821796
413652.0,0,0,-0.67695916,-0.13513276,-0.23077232,0.68571836,0.15833041,-3.6608243,-0.088168494
413653.0,0,0,-0.6835708,-0.12299076,-0.21655819,0.6860808,0.1553819,-3.6557937,-0.09407083
413654.0,0,0,-0.68962747,-0.113084994,-0.20307371,0.6858475,0.15273497,-3.6513405,-0.0996142
413655.0,0,0,-0.69491225,-0.10468195,-0.18933348,0.68577796,0.15041623,-3.6473997,-0.10483682
413656.0,0,0,-0.699062,-0.09608266,-0.17644382,0.6862566,0.14860554,-3.6438267,-0.109873824
413657.0,0,0,-0.7021852,-0.08684425,-0.16453966,0.68725586,0.1474066,-3.6405356,-0.11479119
413658.0,0,0,-0.7044045,-0.07743712,-0.1536684,0.6886246,0.14678122,-3.6375432,-0.11953302
413659.0,0,0,-0.70581335,-0.06815442,-0.14432621,0.6901829,0.14659306,-3.6348977,-0.123997
413660.0,0,0,-0.7066641,-0.05918199,-0.13650319,0.69172996,0.14665012,-3.632608,-0.12812306
413661.0,0,0,-0.7072346,-0.05081576,-0.12971224,0.6931174,0.14675176,-3.6306293,-0.13192013
413662.0,0,0,-0.7078228,-0.04315409,-0.12359484,0.69415337,0.14672357,-3.6288788,-0.13542463
413663.0,0,0,-0.70889324,-0.03669047,-0.11791914,0.69442016,0.14639367,-3.62724,-0.13857925
413664.0,0,0,-0.710939,-0.031238077,-0.110280216,0.6938502,0.14565955,-3.6256979,-0.14129731
413665.0,0,0,-0.7133017,-0.027519463,-0.10198168,0.6928514,0.14457585,-3.6244261,-0.14356717
413666.0,0,0,-0.7154403,-0.026095824,-0.09538169,0.69164056,0.14326397,-3.6234987,-0.14550535
413667.0,0,0,-0.71734095,-0.0259427,-0.08905519,0.69052017,0.1418789,-3.6228106,-0.14722824
413668.0,0,0,-0.7190994,-0.02615671,-0.082246095,0.689527,0.14058137,-3.6222339,-0.14879514
413669.0,0,0,-0.7205365,-0.026371831,-0.0760843,0.68872565,0.1394552,-3.6217222,-0.15022656
413670.0,0,0,-0.7215638,-0.026672127,-0.07104924,0.68817604,0.13850492,-3.6212926,-0.15150286
413671.0,0,0,-0.722331,-0.027159108,-0.0666557,0.68779165,0.13766646,-3.6209612,-0.15261996
413672.0,0,0,-0.7229446,-0.027858466,-0.06272774,0.68748826,0.13686703,-3.620729,-0.15359218
413673.0,0,0,-0.7234406,-0.028819438,-0.059198625,0.68723994,0.13606468,-3.6205757,-0.15444848
413674.0,0,0,-0.72385246,-0.029899077,-0.055875577,0.68703836,0.13526356,-3.6204684,-0.15521953
413675.0,0,0,-0.72418463,-0.030846993,-0.052740417,0.6868941,0.13450296,-3.6203794,-0.15592769
413676.0,0,0,-0.7244235,-0.031530473,-0.049883764,0.6868247,0.1338231,-3.6202967,-0.1565857
413677.0,0,0,-0.72458035,-0.031887222,-0.047398888,0.6868187,0.13324292,-3.6202183,-0.15719625
413678.0,0,0,-0.72467965,-0.031865593,-0.04529871,0.68685657,0.13275425,-3.6201477,-0.15775926
413679.0,0,0,-0.72474104,-0.031588588,-0.043495335,0.6869213,0.13232718,-3.6200907,-0.15827963
413680.0,0,0,-0.72477496,-0.031228378,-0.04191148,0.68700045,0.1319273,-3.6200523,-0.15876426
413681.0,0,0,-0.72479415,-0.030880362,-0.040468626,0.68708235,0.13153481,-3.6200314,-0.15922002
413682.0,0,0,-0.7247978,-0.030536426,-0.03915328,0.68717,0.13115008,-3.6200194,-0.15965354
413683.0,0,0,-0.72480196,-0.030069368,-0.03792023,0.6872554,0.13077982,-3.620007,-0.16007283
413684.0,0,0,-0.7248203,-0.029460605,-0.036760096,0.6873255,0.13042928,-3.6199908,-0.16048123
413685.0,0,1,-0.7248658,-0.02902243,-0.035379857,0.6873686,0.13010007,-3.6199741,-0.16087566
413686.0,0,1,-0.72491515,-0.028394578,-0.034084212,0.68740827,0.12978688,-3.619962,-0.16125633
413687.0,0,1,-0.7249531,-0.027634498,-0.03297661,0.6874531,0.1294833,-3.6199548,-0.16162455
413688.0,0,1,-0.7249712,-0.026762245,-0.03206722,0.6875117,0.12917855,-3.6199493,-0.16198543
413689.0,0,1,-0.72496766,-0.025774615,-0.031281415,0.6875894,0.12886222,-3.619944,-0.16234152
413690.0,0,1,-0.7249385,-0.024716772,-0.030526314,0.68769276,0.12852702,-3.6199412,-0.16269161
413691.0,0,1,-0.7248869,-0.02368195,-0.029748447,0.6878178,0.12816747,-3.6199436,-0.16303584
413692.0,0,1,-0.7248222,-0.022795374,-0.028907621,0.6879517,0.12778668,-3.619951,-0.16337304
413693.0,0,1,-0.7247494,-0.02211913,-0.027954083,0.68808985,0.12739229,-3.6199608,-0.16370466
413694.0,0,1,-0.7246698,-0.021587513,-0.026878359,0.68823344,0.12699272,-3.6199727,-0.16403036
413695.0,0,1,-0.7245816,-0.021122701,-0.025716,0.68838507,0.12659787,-3.6199906,-0.16434346
413696.0,0,1,-0.72448146,-0.020695202,-0.024578052,0.68854505,0.12621093,-3.6200175,-0.16464123
413697.0,0,1,-0.72436184,-0.020301947,-0.023585977,0.6887173,0.12583125,-3.6200519,-0.16492562
413698.0,0,1,-0.72423255,-0.01990567,-0.022780655,0.6888918,0.1254558,-3.620088,-0.16520135
413699.0,0,1,-0.7241058,-0.019453986,-0.022085689,0.68906075,0.12507875,-3.6201236,-0.16547334
413700.0,0,1,-0.72398096,-0.018942239,-0.021442357,0.68922645,0.12469742,-3.62016,-0.16574053
413701.0,0,1,-0.72386086,-0.018445717,-0.020799506,0.6893858,0.12431173,-3.6201994,-0.16600107
413702.0,0,1,-0.72374547,-0.017974136,-0.020112852,0.68953955,0.12392459,-3.6202426,-0.16625313
413703.0,0,1,-0.72363347,-0.017491383,-0.019441767,0.6896889,0.123536244,-3.6202912,-0.16649559
413704.0,1,1,-0.7235203,-0.017047834,-0.018826455,0.6898358,0.13042928,-3.6199908,-0.16048123
413705.0,1,1,-0.7234054,-0.016657414,-0.018241944,0.68998146,0.13042928,-3.6199908,-0.16048123
413706.0,1,1,-0.72328925,-0.016305525,-0.017642207,0.69012725,0.13042928,-3.6199908,-0.16048123
413707.0,1,1,-0.7231725,-0.015968703,-0.017051274,0.69027233,0.13042928,-3.6199908,-0.16048123
413708.0,1,1,-0.7230501,-0.015648916,-0.016520206,0.6904207,0.13042928,-3.6199908,-0.16048123
413709.0,1,1,-0.7229204,-0.015356351,-0.01602659,0.6905748,0.13042928,-3.6199908,-0.16048123
413710.0,1,1,-0.72277546,-0.015112881,-0.0155669,0.6907423,0.13042928,-3.6199908,-0.16048123
413711.0,1,1,-0.72262096,-0.014941178,-0.015111047,0.69091785,0.13042928,-3.6199908,-0.16048123
413712.0,1,1,-0.72245514,-0.014870817,-0.0146743115,0.6911022,0.13042928,-3.6199908,-0.16048123
413713.0,1,1,-0.7222725,-0.014878284,-0.014274299,0.6913011,0.13042928,-3.6199908,-0.16048123
413714.0,1,1,-0.72207433,-0.014922978,-0.013886802,0.6915152,0.13042928,-3.6199908,-0.16048123
413715.0,1,1,-0.7218537,-0.015012079,-0.013457259,0.69175196,0.13042928,-3.6199908,-0.16048123
413716.0,1,1,-0.72161144,-0.015149009,-0.012946226,0.69201154,0.13042928,-3.6199908,-0.16048123
413717.0,1,1,-0.7213473,-0.01535583,-0.01237082,0.69229275,0.13042928,-3.6199908,-0.16048123
413718.0,1,1,-0.72105765,-0.015632657,-0.011687784,0.69260013,0.13042928,-3.6199908,-0.16048123
413719.0,1,1,-0.72074443,-0.015959362,-0.010869231,0.69293195,0.13042928,-3.6199908,-0.16048123
413720.0,1,1,-0.7204049,-0.016295897,-0.00986646,0.693292,0.13042928,-3.6199908,-0.16048123
413721.0,1,1,-0.72003406,-0.016573017,-0.008701203,0.69368625,0.13042928,-3.6199908,-0.16048123
413722.0,1,1,-0.71964025,-0.016759234,-0.0074911215,0.6941045,0.13042928,-3.6199908,-0.16048123
413723.0,1,1,-0.7192349,-0.01686754,-0.006288553,0.69453377,0.13042928,-3.6199908,-0.16048123
413724.0,1,1,-0.71884984,-0.01692071,-0.00515276,0.69494027,0.13042928,-3.6199908,-0.16048123
413725.0,1,1,-0.7184945,-0.016890105,-0.004019354,0.695316,0.13042928,-3.6199908,-0.16048123
413726.0,1,1,-0.71817,-0.01674616,-0.0028411404,0.6956604,0.13042928,-3.6199908,-0.16048123
413727.0,1,1,-0.7178628,-0.016547548,-0.0016434459,0.69598603,0.13042928,-3.6199908,-0.16048123
413728.0,1,1,-0.7175773,-0.01630609,-0.00048565352,0.69628775,0.13042928,-3.6199908,-0.16048123
413729.0,1,1,-0.7173257,-0.016034706,0.0005681578,0.6965533,0.13042928,-3.6199908,-0.16048123
413730.0,1,1,-0.7171086,-0.015738854,0.0015434748,0.69678205,0.13042928,-3.6199908,-0.16048123
413731.0,1,1,-0.7169132,-0.015408003,0.0024779553,0.6969878,0.13042928,-3.6199908,-0.16048123
413732.0,1,1,-0.71672934,-0.015067484,0.0034026615,0.69718045,0.13042928,-3.6199908,-0.16048123
413733.0,1,1,-0.7165701,-0.014645699,0.0042994167,0.69734806,0.13042928,-3.6199908,-0.16048123
413734.0,1,1,-0.7164352,-0.014146111,0.005127101,0.6974915,0.13042928,-3.6199908,-0.16048123
413735.0,1,1,-0.71632165,-0.013587405,0.0059075793,0.6976129,0.13042928,-3.6199908,-0.16048123
413736.0,1,1,-0.7162291,-0.012982796,0.0066385004,0.697713,0.13042928,-3.6199908,-0.16048123
413737.0,1,1,-0.71615064,-0.012349086,0.007321324,0.6977981,0.13042928,-3.6199908,-0.16048123
413738.0,1,1,-0.7160898,-0.011717189,0.007968666,0.6978645,0.13042928,-3.6199908,-0.16048123
413739.0,1,1,-0.7160461,-0.011079652,0.008590768,0.6979122,0.13042928,-3.6199908,-0.16048123
413740.0,1,1,-0.7160047,-0.010440001,0.009199638,0.6979568,0.13042928,-3.6199908,-0.16048123
413741.0,1,1,-0.7159521,-0.009782141,0.009826758,0.6980119,0.13042928,-3.6199908,-0.16048123
413742.0,1,1,-0.71588045,-0.009117323,0.010477574,0.6980848,0.13042928,-3.6199908,-0.16048123
413743.0,1,1,-0.7157932,-0.008410547,0.011183028,0.69817215,0.13042928,-3.6199908,-0.16048123
413744.0,1,1,-0.71568656,-0.007646142,0.011947076,0.6982776,0.13042928,-3.6199908,-0.16048123
413745.0,1,1,-0.71555495,-0.006790503,0.012792254,0.6984064,0.13042928,-3.6199908,-0.16048123
413746.0,1,1,-0.7154089,-0.0058259116,0.013773015,0.6985459,0.13042928,-3.6199908,-0.16048123
413747.0,1,1,-0.7152575,-0.0047513046,0.0148936035,0.6986861,0.13042928,-3.6199908,-0.16048123
413748.0,1,1,-0.71509856,-0.0035572012,0.016122468,0.69882876,0.13042928,-3.6199908,-0.16048123
413749.0,1,1,-0.7149393,-0.002239918,0.017447414,0.6989654,0.13042928,-3.6199908,-0.16048123
413750.0,1,1,-0.71478915,-0.0008040978,0.018850777,0.6990855,0.13042928,-3.6199908,-0.16048123
413751.0,1,1,-0.7146454,0.0007825175,0.020336166,0.6991908,0.13042928,-3.6199908,-0.16048123
413752.0,1,1,-0.71449286,0.0024687734,0.021853479,0.6992971,0.13042928,-3.6199908,-0.16048123
413753.0,1,1,-0.7143268,0.0041678627,0.023351088,0.6994102,0.13042928,-3.6199908,-0.16048123
413754.0,1,1,-0.7141578,0.0058424384,0.02479887,0.6995209,0.13042928,-3.6199908,-0.16048123
413755.0,1,1,-0.7139897,0.0076602744,0.026294507,0.6996204,0.13042928,-3.6199908,-0.16048123
413756.0,1,1,-0.7138008,0.009685697,0.027874906,0.6997269,0.13042928,-3.6199908,-0.16048123
413757.0,1,1,-0.7135966,0.01184241,0.02950818,0.699835,0.13042928,-3.6199908,-0.16048123
413758.0,1,1,-0.7133914,0.014205135,0.031146858,0.6999292,0.13042928,-3.6199908,-0.16048123
413759.0,0,0,-0.71319634,0.017088925,0.032813057,0.6999873,0.13043976,-3.6199777,-0.1604636
413760.0,0,0,-0.7130263,0.020162378,0.034566514,0.6999945,0.13045911,-3.619953,-0.16042885
413761.0,0,0,-0.7128643,0.023314202,0.036334008,0.699972,0.13048722,-3.6199117,-0.16037965
413762.0,0,0,-0.71266043,0.026596762,0.03816399,0.6999652,0.13052769,-3.6198347,-0.16031955
413763.0,0,0,-0.71235317,0.0302238,0.040180326,0.7000179,0.13058577,-3.619692,-0.16025041
413764.0,0,0,-0.7119158,0.03448921,0.042619683,0.70012146,0.13066813,-3.6194422,-0.16017139
413765.0,0,0,-0.7113044,0.03971803,0.045711562,0.7002708,0.13078617,-3.6190195,-0.16008456
413766.0,0,0,-0.71046495,0.04642682,0.049845476,0.700428,0.1309578,-3.6183465,-0.15999295
413767.0,0,0,-0.7093797,0.05526547,0.055388566,0.7004701,0.13120809,-3.6173646,-0.15989389
413768.0,0,0,-0.7078882,0.06658116,0.06221711,0.7004215,0.1315683,-3.6160233,-0.15977417
413769.0,0,0,-0.70594,0.08103132,0.07060977,0.70006925,0.13207617,-3.6142602,-0.15960908
413770.0,0,0,-0.7034377,0.098752484,0.08042824,0.699253,0.13277599,-3.6119773,-0.1593689
413771.0,0,0,-0.7000041,0.12001637,0.09157449,0.69800025,0.13369197,-3.6091301,-0.15901725
413772.0,0,0,-0.69520366,0.14494185,0.103903696,0.6963389,0.1348211,-3.6057413,-0.15851454
413773.0,0,0,-0.6888272,0.17284672,0.11734556,0.69416946,0.13613139,-3.6018093,-0.15787935
413774.0,0,0,-0.68084395,0.20377605,0.1323776,0.6909436,0.13757361,-3.597274,-0.15720369
413775.0,0,0,-0.6712273,0.2370868,0.14917296,0.686288,0.13909999,-3.5920885,-0.15662259
413776.0,0,0,-0.6597084,0.27213877,0.16765758,0.680159,0.14065903,-3.5862937,-0.15629412
413777.0,0,0,-0.6458642,0.30843568,0.18787871,0.6726279,0.1421554,-3.5800152,-0.15634635
413778.0,0,0,-0.6299172,0.34479252,0.21050337,0.663333,0.14349262,-3.5733833,-0.15682848
413779.0,0,0,-0.612238,0.38104555,0.23546986,0.6515541,0.14478801,-3.5664759,-0.15767357
413780.0,0,0,-0.59434503,0.41445974,0.25923923,0.6385704,0.14622462,-3.5594394,-0.15844685
413781.0,0,0,-0.5780053,0.4396649,0.27791768,0.6287816,0.1478462,-3.5521054,-0.15820324
413782.0,0,0,-0.5655021,0.453663,0.29053056,0.6244913,0.14966936,-3.5438583,-0.15620595
413783.0,0,0,-0.5572916,0.45834073,0.29801026,0.6249319,0.1516858,-3.5342205,-0.15268244
413784.0,0,0,-0.5514586,0.45762125,0.30130613,0.6290395,0.15383095,-3.5230675,-0.14854564
413785.0,0,0,-0.54703224,0.45501566,0.30339053,0.6337748,0.15602294,-3.5105624,-0.14459042
413786.0,0,0,-0.54404604,0.45133147,0.305274,0.6380609,0.15821724,-3.4969828,-0.14103787
413787.0,0,0,-0.54253274,0.44560695,0.30618322,0.6429188,0.16039254,-3.4825573,-0.13777517
413788.0,0,0,-0.54216504,0.43841833,0.3064484,0.64802456,0.16252208,-3.467516,-0.13476458
413789.0,0,0,-0.5423635,0.43092418,0.30680868,0.6526979,0.16459225,-3.452035,-0.13209657
413790.0,0,0,-0.54269356,0.42359957,0.30739883,0.656927,0.16661535,-3.4361417,-0.12984747
413791.0,0,0,-0.5431406,0.4164291,0.30816713,0.6607709,0.16859019,-3.4199374,-0.1280307
413792.0,0,0,-0.5437718,0.40924752,0.30895302,0.6643619,0.17051055,-3.4035053,-0.12659761
413793.0,0,0,-0.5445874,0.40189928,0.3095263,0.66790354,0.17238657,-3.386737,-0.12548304
413794.0,0,0,-0.54560214,0.39434168,0.3098081,0.6714402,0.1742112,-3.3696609,-0.12465651
413795.0,0,0,-0.54680216,0.38658866,0.30974284,0.6749934,0.17597963,-3.3523202,-0.12410149
413796.0,0,0,-0.54819375,0.378626,0.30922532,0.67860574,0.17770165,-3.3346312,-0.123793855
413797.0,0,0,-0.54983795,0.37038174,0.308111,0.6823219,0.17937,-3.3166482,-0.12369593
413798.0,0,0,-0.55182695,0.3616763,0.30622593,0.6862237,0.18098113,-3.298319,-0.12376238
413799.0,0,0,-0.55422896,0.35237998,0.30354354,0.69030434,0.18252245,-3.2796435,-0.123961724
413800.0,0,0,-0.5570496,0.34250772,0.30013663,0.69448,0.18397495,-3.2607079,-0.124283165
413801.0,0,0,-0.56025326,0.33209327,0.29607418,0.698692,0.1853324,-3.2414818,-0.12473642
413802.0,0,0,-0.5637933,0.32129437,0.2914612,0.702821,0.18658955,-3.2219858,-0.12533888
413803.0,0,0,-0.5676039,0.31030694,0.28640833,0.7067572,0.18774384,-3.202278,-0.1261013
413804.0,0,0,-0.57163453,0.29922682,0.2809329,0.71047443,0.18880028,-3.182313,-0.12702586
413805.0,0,0,-0.575825,0.2881068,0.27503133,0.71398723,0.18975778,-3.1621563,-0.12809917
413806.0,0,0,-0.58013815,0.27698463,0.26871356,0.7172951,0.19061998,-3.1418009,-0.1293087
413807.0,0,0,-0.5844958,0.26598752,0.26203507,0.7203839,0.19139057,-3.1213117,-0.13063583
413808.0,0,0,-0.5888544,0.25510266,0.2549032,0.723324,0.19208021,-3.1006176,-0.13206618
413809.0,0,0,-0.59318316,0.2443078,0.24721994,0.72617483,0.19269338,-3.0797756,-0.13357453
413810.0,0,0,-0.5974698,0.23355627,0.23894733,0.72896194,0.19323269,-3.0588276,-0.13514228
413811.0,0,0,-0.6016903,0.22288102,0.23011154,0.73167044,0.19370183,-3.037787,-0.13676381
413812.0,0,0,-0.60580593,0.21235718,0.22075085,0.7342838,0.19410583,-3.0166168,-0.13844262
413813.0,0,0,-0.60978913,0.20206098,0.21095745,0.73676693,0.1944457,-2.9953911,-0.14017062
413814.0,0,0,-0.6136593,0.19195744,0.20079845,0.73909044,0.19472216,-2.974077,-0.14194387
413815.0,0,0,-0.6174112,0.182096,0.19039884,0.74121034,0.19493465,-2.9527004,-0.1437488
413816.0,0,0,-0.62106174,0.17246692,0.17982757,0.74310124,0.19508308,-2.9312391,-0.1455697
413817.0,0,0,-0.62463504,0.16302313,0.16911198,0.74475217,0.19516736,-2.909693,-0.14738229
413818.0,0,0,-0.62814903,0.15369484,0.1582759,0.7461605,0.1951872,-2.888103,-0.14915392
413819.0,0,0,-0.6316192,0.14438157,0.14729057,0.7473398,0.19514176,-2.866436,-0.15085682
413820.0,0,0,-0.63507026,0.13499719,0.13613962,0.74828315,0.19502933,-2.8446913,-0.15246406
413821.0,0,0,-0.6385076,0.12551679,0.12483934,0.74897844,0.19484961,-2.8229218,-0.15395242
413822.0,0,0,-0.64193654,0.115942374,0.11335961,0.7494162,0.19460526,-2.8010752,-0.15531133
413823.0,0,0,-0.6453316,0.10634302,0.10171373,0.74959505,0.19430389,-2.7792182,-0.15652277
413824.0,0,0,-0.6486768,0.09670901,0.089895666,0.74952286,0.1939531,-2.7573533,-0.1575712
413825.0,0,0,-0.6519651,0.08700858,0.07787792,0.7492037,0.19356029,-2.7354348,-0.15844177
413826.0,0,0,-0.65515226,0.077306464,0.06570321,0.74865365,0.19313684,-2.7135336,-0.15911327
413827.0,0,0,-0.6582116,0.0676284,0.053377803,0.74788684,0.19269343,-2.6916764,-0.15956366
413828.0,0,0,-0.66115606,0.057882503,0.04082706,0.7468973,0.1922361,-2.6698327,-0.15977024
413829.0,0,0,-0.6639561,0.047942605,0.027997155,0.74570775,0.19176951,-2.6480486,-0.15971254
413830.0,0,0,-0.6665856,0.03771245,0.014863863,0.7443255,0.1912972,-2.626342,-0.1593774
413831.0,0,0,-0.66900694,0.027185246,0.001529609,0.74275726,0.19082433,-2.6047714,-0.15876174
413832.0,0,0,-0.6711897,0.016397983,-0.01192593,0.74100834,0.19035484,-2.5833075,-0.15786721
413833.0,0,0,-0.67312276,0.005347965,-0.025453735,0.7390732,0.18989071,-2.5618896,-0.1566944
413834.0,0,0,-0.6747665,-0.005794701,-0.038785186,0.73698866,0.18943943,-2.540853,-0.15527293
413835.0,0,0,-0.67612314,-0.01722869,-0.052084748,0.7347434,0.18899211,-2.519849,-0.15358523
413836.0,0,0,-0.67715675,-0.028823743,-0.06516585,0.73238057,0.18855266,-2.4990942,-0.15165289
413837.0,0,0,-0.67784566,-0.04062089,-0.07808124,0.72991675,0.18811953,-2.4785004,-0.14946783
413838.0,0,0,-0.6781517,-0.052571554,-0.09078806,0.72739536,0.18769449,-2.4581544,-0.14703584
413839.0,0,0,-0.67804736,-0.06465522,-0.10332229,0.7248421,0.18727587,-2.4380686,-0.14435384
413840.0,0,0,-0.67751104,-0.076837115,-0.11575133,0.7222717,0.1868603,-2.4182944,-0.1414259
413841.0,0,0,-0.6765358,-0.08908853,-0.12817867,0.71967554,0.18644108,-2.3988214,-0.1382514
413842.0,0,0,-0.6751252,-0.101334706,-0.14065309,0.71704525,0.18601142,-2.3796837,-0.13484372
413843.0,0,0,-0.6733044,-0.11346063,-0.15318896,0.7143675,0.18556389,-2.360914,-0.13122427
413844.0,0,0,-0.67112184,-0.1252904,-0.16575398,0.7116344,0.18509345,-2.3425481,-0.12742084
413845.0,0,0,-0.6686394,-0.13666466,-0.17837411,0.7088206,0.18459845,-2.3245668,-0.12344969
413846.0,0,0,-0.6659124,-0.14745188,-0.1910937,0.70590496,0.18408051,-2.3070154,-0.119337894
413847.0,0,0,-0.6629711,-0.15762348,-0.20395795,0.7028694,0.18353863,-2.2899356,-0.11510999
413848.0,0,0,-0.65987515,-0.16715004,-0.21698385,0.69967395,0.18296778,-2.2733746,-0.110793106
413849.0,0,0,-0.65670365,-0.17601722,-0.23016058,0.69626456,0.18235768,-2.2573452,-0.10640884
413850.0,0,0,-0.6535653,-0.1842216,-0.24338345,0.6925888,0.18169755,-2.2418885,-0.101993926
413851.0,0,0,-0.65054697,-0.19180414,-0.25655073,0.6886084,0.18097481,-2.2270336,-0.09759456
413852.0,0,0,-0.64770436,-0.19888398,-0.26958823,0.6842854,0.18017186,-2.2127767,-0.09326224
413853.0,0,0,-0.6450913,-0.20558688,-0.28229344,0.67963356,0.17927387,-2.1991937,-0.08908788
413854.0,0,0,-0.64273053,-0.21205959,-0.29450503,0.6746814,0.17826149,-2.1862037,-0.085128404
413855.0,0,0,-0.64063907,-0.21825583,-0.3059207,0.6695958,0.17714459,-2.1738544,-0.08149282
413856.0,0,0,-0.6387855,-0.22403654,-0.31643307,0.6645531,0.17595361,-2.1620927,-0.07826945
413857.0,0,0,-0.637099,-0.229165,-0.32605636,0.65975416,0.17473799,-2.1508682,-0.07555477
413858.0,0,0,-0.63547283,-0.23338412,-0.3347955,0.65545267,0.173551,-2.1401687,-0.07345314
413859.0,0,0,-0.6338378,-0.2364928,-0.3426476,0.6518538,0.17243125,-2.129956,-0.07205425
413860.0,0,0,-0.6321496,-0.23836926,-0.34971526,0.6490503,0.17140298,-2.120233,-0.07144017
413861.0,0,0,-0.63040704,-0.23905054,-0.35605967,0.6470421,0.17046775,-2.1110413,-0.07166952
413862.0,0,0,-0.628704,-0.23868895,-0.3615937,0.6457623,0.16959007,-2.1023426,-0.07278314
413863.0,0,0,-0.6272006,-0.23753433,-0.36604398,0.64514244,0.16871504,-2.094177,-0.074786745
413864.0,0,0,-0.6260518,-0.23596464,-0.36900675,0.6451464,0.16776736,-2.0865257,-0.07766144
413865.0,0,0,-0.6254259,-0.23430595,-0.36999622,0.64579093,0.16667956,-2.0793455,-0.0813712
413866.0,0,0,-0.62548107,-0.23266749,-0.36874306,0.6470455,0.16542636,-2.072643,-0.08583294
413867.0,0,0,-0.6262714,-0.23097052,-0.36535516,0.6488084,0.1640129,-2.0664017,-0.09098776
413868.0,0,0,-0.6276933,-0.22914274,-0.36030433,0.6509036,0.16247086,-2.0606647,-0.096764676
413869.0,0,0,-0.62954074,-0.22709002,-0.35426283,0.6531512,0.16082077,-2.0554838,-0.10308485
413870.0,0,0,-0.63185656,-0.22411168,-0.34732822,0.6556633,0.15910338,-2.0507526,-0.10989951
413871.0,0,0,-0.63507885,-0.21879958,-0.33871353,0.65884346,0.15753067,-2.046053,-0.116930194
413872.0,0,0,-0.63989985,-0.20820436,-0.33132693,0.66136336,0.15619615,-2.04098,-0.12372701
413873.0,0,0,-0.64493185,-0.19659469,-0.32578334,0.66278106,0.15492623,-2.035624,-0.13000314
413874.0,0,0,-0.6492958,-0.1877638,-0.3210341,0.6633979,0.15347391,-2.0302236,-0.13582066
413875.0,0,0,-0.6527036,-0.1806314,-0.31599152,0.66445446,0.15155986,-2.024739,-0.14145833
413876.0,0,0,-0.6566206,-0.17455228,-0.30551603,0.6671139,0.1490399,-2.018883,-0.14731199
413877.0,0,0,-0.6616684,-0.16753763,-0.2895509,0.67103386,0.14610305,-2.0123365,-0.15379032
413878.0,0,0,-0.66876656,-0.15435514,-0.27112105,0.67484754,0.14314863,-2.0051937,-0.16095838
413879.0,0,0,-0.67721605,-0.1359872,-0.25264046,0.6775389,0.14033736,-1.9979553,-0.16858374
413880.0,0,0,-0.6854266,-0.11812284,-0.23592822,0.67865694,0.1375856,-1.9912394,-0.17620109
413881.0,0,0,-0.69291127,-0.10353415,-0.22029375,0.6786939,0.13485737,-1.9853897,-0.18337922
413882.0,0,0,-0.6994318,-0.09141894,-0.20549099,0.67838866,0.13229625,-1.98034,-0.1900234
413883.0,0,0,-0.7047463,-0.0802866,-0.19167571,0.67834145,0.13014185,-1.9758818,-0.19622166
413884.0,0,0,-0.7088234,-0.06969006,-0.17849602,0.67886084,0.12854676,-1.9718553,-0.20208587
413885.0,0,0,-0.7116622,-0.05973724,-0.16607858,0.6799899,0.12753968,-1.9682232,-0.20765983
413886.0,0,0,-0.7133587,-0.050417908,-0.15522185,0.68153036,0.12705225,-1.9650208,-0.21292321
413887.0,0,0,-0.7141469,-0.04179819,-0.14648457,0.6832199,0.12691672,-1.9622637,-0.21783634
413888.0,0,0,-0.71448594,-0.034414843,-0.13946067,0.6847454,0.12685075,-1.9598539,-0.2223581
413889.0,0,0,-0.715314,-0.02888741,-0.1324212,0.6855334,0.12653019,-1.9576361,-0.22639748
413890.0,0,0,-0.7171424,-0.02443391,-0.123289436,0.6854994,0.12575324,-1.9556137,-0.22992654
413891.0,0,0,-0.7193483,-0.021777166,-0.11547244,0.68463856,0.12447688,-1.9539132,-0.23303764
413892.0,0,0,-0.7216971,-0.02127803,-0.10832222,0.6833498,0.12277853,-1.9525223,-0.23587488
413893.0,0,0,-0.7241712,-0.022225296,-0.09967916,0.6820162,0.12088488,-1.9513222,-0.23854606
413894.0,0,0,-0.726423,-0.023637798,-0.09070688,0.6808253,0.119074404,-1.9502093,-0.24111746
413895.0,0,0,-0.72817457,-0.024863826,-0.08301864,0.6798907,0.11755323,-1.9491482,-0.24356472
413896.0,0,0,-0.729501,-0.02573493,-0.07634499,0.67921823,0.11633081,-1.948126,-0.24588437
413897.0,0,0,-0.7302006,-0.026505582,-0.07121803,0.67899376,0.11519206,-1.9472208,-0.248031
413898.0,0,0,-0.7307637,-0.027563524,-0.06649628,0.6788248,0.1140451,-1.9464304,-0.25002813
413899.0,0,0,-0.73125696,-0.028852927,-0.06204308,0.67866147,0.11288907,-1.9457244,-0.25190493
413900.0,0,0,-0.73161185,-0.030151952,-0.057946466,0.67858464,0.11177635,-1.9450498,-0.2537034
413901.0,0,0,-0.7318403,-0.030961266,-0.054199908,0.6786116,0.11076738,-1.9443792,-0.25543255
413902.0,0,0,-0.73197573,-0.031391364,-0.05090524,0.67870075,0.10987539,-1.9437195,-0.25710216
413903.0,0,0,-0.73204696,-0.031675458,-0.04820669,0.6788078,0.10909022,-1.9430921,-0.25870717
413904.0,0,0,-0.73208296,-0.03180541,-0.045992058,0.67891645,0.10838208,-1.9424925,-0.26026675
413905.0,0,0,-0.7320973,-0.031720597,-0.044028617,0.6790353,0.10772533,-1.9419035,-0.26179656
413906.0,0,0,-0.7320976,-0.031414006,-0.042188697,0.67916596,0.10710211,-1.9413197,-0.26329708
413907.0,0,0,-0.73209697,-0.031013481,-0.040518515,0.67928684,0.10650024,-1.9407517,-0.26476732
413908.0,0,0,-0.73208076,-0.030685076,-0.039177787,0.67939776,0.10592177,-1.9402176,-0.26619393
413909.0,0,0,-0.7320498,-0.030436477,-0.038154174,0.67950064,0.10536854,-1.9397151,-0.2675814
413910.0,0,0,-0.73201907,-0.030111535,-0.037259895,0.67959785,0.1048397,-1.9392267,-0.2689424
413911.0,0,1,-0.73199046,-0.02985216,-0.036180153,0.67969847,0.104325734,-1.9387373,-0.27028975
413912.0,0,1,-0.73193306,-0.029325247,-0.035371605,0.6798256,0.10380923,-1.9382443,-0.27162784
413913.0,0,1,-0.7318666,-0.028690929,-0.03452307,0.6799678,0.103280425,-1.9377508,-0.27295965
413914.0,0,1,-0.73180634,-0.028002137,-0.033454813,0.6801149,0.10274082,-1.9372622,-0.274286
413915.0,0,1,-0.7317445,-0.027312187,-0.032380853,0.68026125,0.102197714,-1.9367878,-0.27558964
413916.0,0,1,-0.731673,-0.026753705,-0.031292133,0.6804114,0.10164519,-1.936318,-0.2768882
413917.0,0,1,-0.73159766,-0.02623073,-0.030185591,0.6805628,0.10108484,-1.9358504,-0.27818075
413918.0,0,1,-0.7315016,-0.025726205,-0.02902256,0.6807359,0.100517325,-1.9353849,-0.27946725
413919.0,0,1,-0.7313707,-0.025253879,-0.027784245,0.68094593,0.09994436,-1.9349227,-0.2807464
413920.0,0,1,-0.73119575,-0.0247868,-0.026550723,0.6812001,0.09936184,-1.9344614,-0.28202352
413921.0,0,1,-0.73097956,-0.024386447,-0.025311729,0.6814936,0.09877084,-1.9339998,-0.28329325
413922.0,0,1,-0.7307368,-0.02403284,-0.02391906,0.6818168,0.098170035,-1.9335344,-0.28456175
413923.0,0,1,-0.7304754,-0.023705123,-0.02237549,0.68216056,0.09756488,-1.9330698,-0.28582314
413924.0,0,1,-0.73019636,-0.023394803,-0.020696161,0.68252313,0.09695808,-1.9326103,-0.28707504
413925.0,0,1,-0.72990686,-0.023080083,-0.018971648,0.6828935,0.09635113,-1.9321594,-0.28831288
413926.0,0,1,-0.72960925,-0.02280273,-0.017265968,0.683266,0.09574086,-1.9317153,-0.28954223
413927.0,0,1,-0.7293062,-0.022569412,-0.015583477,0.6836375,0.095128365,-1.9312769,-0.29076168
413928.0,0,1,-0.72900945,-0.02240369,-0.013927945,0.68399525,0.09451494,-1.930843,-0.2919713
413929.0,0,1,-0.7287242,-0.022271164,-0.012279414,0.68433493,0.093902536,-1.9304124,-0.29317164
413930.0,1,1,-0.72845757,-0.022121895,-0.010659045,0.68465084,0.1048397,-1.9392267,-0.2689424
413931.0,1,1,-0.7282128,-0.021972515,-0.009056674,0.684939,0.1048397,-1.9392267,-0.2689424
413932.0,1,1,-0.7279943,-0.021799428,-0.0075188642,0.68519527,0.1048397,-1.9392267,-0.2689424
413933.0,1,1,-0.7277968,-0.021557223,-0.0060930997,0.68542695,0.1048397,-1.9392267,-0.2689424
413934.0,1,1,-0.72762686,-0.02125698,-0.0047865743,0.68562704,0.1048397,-1.9392267,-0.2689424
413935.0,1,1,-0.7274736,-0.020914476,-0.0036200392,0.6858072,0.1048397,-1.9392267,-0.2689424
413936.0,1,1,-0.72732544,-0.020564577,-0.002594259,0.68597966,0.1048397,-1.9392267,-0.2689424
413937.0,1,1,-0.72718334,-0.020220902,-0.0016798297,0.6861434,0.1048397,-1.9392267,-0.2689424
413938.0,1,1,-0.72704935,-0.019879404,-0.0008286961,0.6862969,0.1048397,-1.9392267,-0.2689424
413939.0,1,1,-0.7269172,-0.019533105,-1.002898e-05,0.6864474,0.1048397,-1.9392267,-0.2689424
413940.0,1,1,-0.72678745,-0.01914095,0.0007896449,0.68659526,0.1048397,-1.9392267,-0.2689424
413941.0,1,1,-0.72665346,-0.018730255,0.0015797657,0.68674713,0.1048397,-1.9392267,-0.2689424
413942.0,1,1,-0.7265183,-0.0183355,0.0023510514,0.68689847,0.1048397,-1.9392267,-0.2689424
413943.0,1,1,-0.7263734,-0.017927274,0.0031055547,0.6870595,0.1048397,-1.9392267,-0.2689424
413944.0,1,1,-0.72622293,-0.017490368,0.003860547,0.68722606,0.1048397,-1.9392267,-0.2689424
413945.0,1,1,-0.72606903,-0.017054917,0.0045915325,0.68739504,0.1048397,-1.9392267,-0.2689424
413946.0,1,1,-0.72590554,-0.016628554,0.0052910275,0.6875729,0.1048397,-1.9392267,-0.2689424
413947.0,1,1,-0.725734,-0.016221229,0.005947415,0.68775845,0.1048397,-1.9392267,-0.2689424
413948.0,1,1,-0.72555417,-0.015842011,0.0065593864,0.68795145,0.1048397,-1.9392267,-0.2689424
413949.0,1,1,-0.7253627,-0.015470583,0.0071424064,0.688156,0.1048397,-1.9392267,-0.2689424
413950.0,1,1,-0.7251722,-0.015092895,0.0077207102,0.68835884,0.1048397,-1.9392267,-0.2689424
413951.0,1,1,-0.72498566,-0.0146649,0.008310145,0.6885577,0.1048397,-1.9392267,-0.2689424
413952.0,1,1,-0.7248071,-0.014192775,0.008921655,0.68874794,0.1048397,-1.9392267,-0.2689424
413953.0,1,1,-0.72463983,-0.013688963,0.009533626,0.68892586,0.1048397,-1.9392267,-0.2689424
413954.0,1,1,-0.7244801,-0.013184043,0.0101133995,0.6890955,0.1048397,-1.9392267,-0.2689424
413955.0,1,1,-0.72433084,-0.012691155,0.010656804,0.6892534,0.1048397,-1.9392267,-0.2689424
413956.0,1,1,-0.7241876,-0.012184248,0.011165688,0.6894049,0.1048397,-1.9392267,-0.2689424
413957.0,1,1,-0.72404593,-0.011673392,0.011657656,0.6895544,0.1048397,-1.9392267,-0.2689424
413958.0,1,1,-0.72390795,-0.011166003,0.012133596,0.6896995,0.1048397,-1.9392267,-0.2689424
413959.0,1,1,-0.72377324,-0.010673483,0.012592953,0.6898404,0.1048397,-1.9392267,-0.2689424
413960.0,1,1,-0.7236456,-0.010187003,0.013031908,0.6899734,0.1048397,-1.9392267,-0.2689424
413961.0,1,1,-0.72352725,-0.009686571,0.01346216,0.6900967,0.1048397,-1.9392267,-0.2689424
413962.0,1,1,-0.7234201,-0.009195567,0.013858401,0.69020784,0.1048397,-1.9392267,-0.2689424
413963.0,1,1,-0.7233216,-0.008733125,0.014232179,0.69030935,0.1048397,-1.9392267,-0.2689424
413964.0,1,1,-0.72323126,-0.008307773,0.014574305,0.69040227,0.1048397,-1.9392267,-0.2689424
413965.0,1,1,-0.723146,-0.007870116,0.01488824,0.6904898,0.1048397,-1.9392267,-0.2689424
413966.0,1,1,-0.72306246,-0.0074376287,0.015194057,0.69057554,0.1048397,-1.9392267,-0.2689424
413967.0,1,1,-0.72297233,-0.0070149936,0.015502648,0.69066733,0.1048397,-1.9392267,-0.2689424
413968.0,1,1,-0.72287184,-0.0065940665,0.015808005,0.69076985,0.1048397,-1.9392267,-0.2689424
413969.0,1,1,-0.7227637,-0.006166465,0.01615717,0.69087875,0.1048397,-1.9392267,-0.2689424
413970.0,1,1,-0.7226489,-0.005696463,0.016546031,0.69099385,0.1048397,-1.9392267,-0.2689424
413971.0,1,1,-0.72252715,-0.0051948833,0.016977878,0.6911146,0.1048397,-1.9392267,-0.2689424
413972.0,1,1,-0.72241366,-0.004647164,0.017505819,0.6912239,0.1048397,-1.9392267,-0.2689424
413973.0,1,1,-0.7223125,-0.004060273,0.018113239,0.6913177,0.1048397,-1.9392267,-0.2689424
413974.0,1,1,-0.72222006,-0.0034003432,0.018780205,0.69139993,0.1048397,-1.9392267,-0.2689424
413975.0,1,1,-0.7221439,-0.0026481699,0.019507522,0.69146264,0.1048397,-1.9392267,-0.2689424
413976.0,1,1,-0.7220932,-0.0018187588,0.02029845,0.6914956,0.1048397,-1.9392267,-0.2689424
413977.0,1,1,-0.72206396,-0.0009557522,0.021151206,0.69150233,0.1048397,-1.9392267,-0.2689424
413978.0,1,1,-0.7220522,-1.8004965e-05,0.02210577,0.6914853,0.1048397,-1.9392267,-0.2689424
413979.0,1,1,-0.722055,0.0010137885,0.023119256,0.69144857,0.1048397,-1.9392267,-0.2689424
413980.0,1,1,-0.72205985,0.0021450697,0.024186352,0.69140446,0.1048397,-1.9392267,-0.2689424
413981.0,1,1,-0.7220643,0.0033223524,0.025308225,0.691355,0.1048397,-1.9392267,-0.2689424
413982.0,1,1,-0.72205615,0.004598,0.026450949,0.69131345,0.1048397,-1.9392267,-0.2689424
413983.0,1,1,-0.7220104,0.0060071615,0.027601425,0.69130546,0.1048397,-1.9392267,-0.2689424
413984.0,1,1,-0.7219208,0.0076276427,0.028833581,0.69133264,0.1048397,-1.9392267,-0.2689424
413985.0,1,1,-0.7217904,0.009476846,0.030159073,0.6913895,0.1048397,-1.9392267,-0.2689424
413986.0,1,1,-0.72161955,0.011588378,0.03163612,0.69146967,0.1048397,-1.9392267,-0.2689424
413987.0,1,1,-0.7213673,0.0139150135,0.033120435,0.6916203,0.1048397,-1.9392267,-0.2689424
413988.0,0,0,-0.721024,0.016987026,0.034762252,0.691829,0.104849786,-1.939204,-0.26892516
413989.0,0,0,-0.7205923,0.020288752,0.036559455,0.69209725,0.104866765,-1.9391509,-0.26889417
413990.0,0,0,-0.7200337,0.023815133,0.038488813,0.6924615,0.10489166,-1.9390454,-0.26885462
413991.0,0,0,-0.7193099,0.02778521,0.040672883,0.6929407,0.10492562,-1.9388392,-0.26881254
413992.0,0,0,-0.7184213,0.03264895,0.0435609,0.69347495,0.10497244,-1.9384608,-0.26877144
413993.0,0,0,-0.71732754,0.038838167,0.047425795,0.69403434,0.105043374,-1.9378257,-0.26873335
413994.0,0,0,-0.7160747,0.04697144,0.052805595,0.6944368,0.10515586,-1.9368678,-0.2686931
413995.0,0,0,-0.7146123,0.05726874,0.0597157,0.6946104,0.10533332,-1.9355601,-0.2686331
413996.0,0,0,-0.71270305,0.07018242,0.06806357,0.6946195,0.10561721,-1.933869,-0.26852244
413997.0,0,0,-0.71018803,0.08628298,0.077842526,0.6943549,0.10605928,-1.9317678,-0.26832289
413998.0,0,0,-0.70696014,0.10524657,0.08848616,0.6937584,0.10666443,-1.9292353,-0.26800057
413999.0,0,0,-0.7029047,0.12704754,0.10051945,0.6925891,0.10740095,-1.9261744,-0.26752943
414000.0,0,0,-0.6978861,0.1512236,0.1144771,0.6906385,0.108218275,-1.9225751,-0.2669263
414001.0,0,0,-0.6914798,0.17777617,0.12971409,0.6880594,0.10906956,-1.9184315,-0.2662434
414002.0,0,0,-0.6836817,0.20641854,0.14691992,0.68438673,0.109926544,-1.9137158,-0.26556242
414003.0,0,0,-0.67457175,0.23666297,0.16617541,0.6792123,0.1107919,-1.9084325,-0.26500347
414004.0,0,0,-0.66364694,0.2683012,0.18675527,0.672837,0.11163995,-1.9026682,-0.26470172
414005.0,0,0,-0.65078133,0.3001265,0.20870185,0.6654708,0.112390004,-1.8965471,-0.26475307
414006.0,0,0,-0.63607246,0.33234906,0.23315297,0.6561978,0.11308352,-1.8900971,-0.26516482
414007.0,0,0,-0.6199689,0.36419058,0.25808373,0.6452879,0.113891475,-1.8834193,-0.26583207
414008.0,0,0,-0.6038996,0.3921482,0.27990058,0.63496506,0.11487463,-1.876625,-0.2662555
414009.0,0,0,-0.58967286,0.4115997,0.2957606,0.62880623,0.11599082,-1.8694012,-0.26557454
414010.0,0,0,-0.5789206,0.42199555,0.3060311,0.6269893,0.11721454,-1.86113,-0.2633209
414011.0,0,0,-0.5717208,0.42450616,0.3109174,0.6294921,0.11850243,-1.8515216,-0.25989905
414012.0,0,0,-0.566621,0.42264527,0.3120982,0.6347491,0.11981083,-1.8405566,-0.25613976
414013.0,0,0,-0.5627738,0.41913617,0.31249157,0.64028084,0.12111639,-1.8284122,-0.25262746
414014.0,0,0,-0.5600739,0.41422218,0.3124632,0.64583594,0.12240865,-1.8153715,-0.2494919
414015.0,0,0,-0.5585257,0.40772134,0.31154415,0.65173054,0.12367204,-1.8016202,-0.24665108
414016.0,0,0,-0.5579052,0.40016124,0.31022647,0.6575503,0.12487645,-1.7873523,-0.24410097
414017.0,0,0,-0.557769,0.3922736,0.30901715,0.66296583,0.12600166,-1.7727247,-0.24192041
414018.0,0,0,-0.55789775,0.38439587,0.30807513,0.66789204,0.12704627,-1.7577904,-0.24016652
414019.0,0,0,-0.5583118,0.37654325,0.3074058,0.6723129,0.1280135,-1.7426158,-0.23884183
414020.0,0,0,-0.55896705,0.36868465,0.3067974,0.67638963,0.12891349,-1.7271752,-0.2379023
414021.0,0,0,-0.5598323,0.36079228,0.30609453,0.6802374,0.12975156,-1.7114916,-0.23729943
414022.0,0,0,-0.5609247,0.35277966,0.30519193,0.68393564,0.13053529,-1.6955433,-0.236989
414023.0,0,0,-0.5622193,0.34459093,0.30389193,0.6876164,0.13127424,-1.6792963,-0.23693515
414024.0,0,0,-0.56367195,0.3362418,0.30204716,0.69136304,0.1319737,-1.6628127,-0.23710522
414025.0,0,0,-0.56527585,0.32766953,0.2995379,0.6952504,0.1326427,-1.6460335,-0.23746836
414026.0,0,0,-0.5670253,0.31885523,0.29624152,0.6993245,0.13328545,-1.6289557,-0.2379915
414027.0,0,0,-0.56892914,0.309772,0.29204902,0.70361084,0.1338986,-1.6116339,-0.2386393
414028.0,0,0,-0.5710286,0.30031613,0.28691974,0.7081057,0.13447563,-1.594012,-0.23938844
414029.0,0,0,-0.57333213,0.2905225,0.2809638,0.7127035,0.1350029,-1.5761619,-0.24022193
414030.0,0,0,-0.5758433,0.28042278,0.27427164,0.7173163,0.13547038,-1.5580941,-0.24113443
414031.0,0,0,-0.57855576,0.2700328,0.26692533,0.72187704,0.13587105,-1.5398057,-0.24212748
414032.0,0,0,-0.5814402,0.25945702,0.2590212,0.7263039,0.13620038,-1.5213158,-0.2432053
414033.0,0,0,-0.58445215,0.24884772,0.25065154,0.7305233,0.13645789,-1.5026596,-0.24437179
414034.0,0,0,-0.5875494,0.23834306,0.241901,0.7344809,0.13664725,-1.4838705,-0.24562775
414035.0,0,0,-0.59070903,0.22800437,0.23280713,0.7381583,0.13677421,-1.4649192,-0.24697122
414036.0,0,0,-0.593907,0.21785392,0.22338337,0.7415619,0.13684323,-1.4458492,-0.24838775
414037.0,0,0,-0.5971285,0.2078827,0.2136243,0.744706,0.13686028,-1.4266868,-0.24986035
414038.0,0,0,-0.6003442,0.1981468,0.20355998,0.74758816,0.13683362,-1.407439,-0.25137186
414039.0,0,0,-0.60353386,0.18865348,0.19317451,0.7502268,0.13677078,-1.3880944,-0.2529045
414040.0,0,0,-0.60669386,0.17936975,0.18248299,0.75262815,0.1366754,-1.3686525,-0.25443718
414041.0,0,0,-0.6098472,0.17022176,0.17152272,0.7547788,0.13654797,-1.3491125,-0.25594798
414042.0,0,0,-0.6130008,0.16115549,0.1603372,0.7566709,0.13638937,-1.3295091,-0.25741404
414043.0,0,0,-0.61614454,0.15215045,0.14899233,0.7582992,0.13620226,-1.3098998,-0.2588137
414044.0,0,0,-0.61928254,0.14317703,0.13751793,0.7596567,0.13598877,-1.2902275,-0.2601334
414045.0,0,0,-0.62243396,0.13418423,0.1259229,0.76073253,0.13575117,-1.2704613,-0.26135463
414046.0,0,0,-0.62557596,0.12516552,0.11425437,0.7615342,0.1354921,-1.2506896,-0.26245052
414047.0,0,0,-0.6287062,0.11603638,0.10249492,0.7620755,0.13521163,-1.2308923,-0.26340207
414048.0,0,0,-0.6318062,0.10677764,0.09069137,0.7623611,0.13491282,-1.2111175,-0.26419157
414049.0,0,0,-0.6348747,0.09740577,0.07883955,0.76238483,0.13460031,-1.1913037,-0.26480982
414050.0,0,0,-0.63787884,0.08796989,0.06694103,0.7621619,0.13428196,-1.1715223,-0.2652449
414051.0,0,0,-0.6408086,0.078455284,0.054981045,0.76169956,0.13396432,-1.151789,-0.26548728
414052.0,0,0,-0.64363325,0.068839595,0.042945117,0.7610211,0.13365261,-1.1320846,-0.2655279
414053.0,0,0,-0.6463219,0.059176017,0.030879444,0.76013994,0.1333527,-1.1124587,-0.2653586
414054.0,0,0,-0.64887464,0.049491785,0.018781476,0.75905186,0.13306694,-1.0928954,-0.26497
414055.0,0,0,-0.65127903,0.0397458,0.006646788,0.7577676,0.13279478,-1.0734338,-0.26435208
414056.0,0,0,-0.6535282,0.029821103,-0.0055768006,0.75629383,0.13253354,-1.0540061,-0.26348883
414057.0,0,0,-0.6555748,0.019832516,-0.017693982,0.75466245,0.13228679,-1.0349152,-0.26238546
414058.0,0,0,-0.65743256,0.00962849,-0.029878512,0.7528591,0.13204971,-1.0158482,-0.26101068
414059.0,0,0,-0.65908027,-0.00072851777,-0.04198573,0.7508994,0.13181923,-0.9969773,-0.25936383
414060.0,0,0,-0.66050506,-0.011328509,-0.053976182,0.7487933,0.13158546,-0.9783007,-0.2574345
414061.0,0,0,-0.66169703,-0.02219555,-0.06580853,0.7465479,0.13133727,-0.95984536,-0.25521898
414062.0,0,0,-0.66264194,-0.0333486,-0.0774945,0.7441695,0.13106433,-0.94160473,-0.25271493
414063.0,0,0,-0.66332275,-0.044678856,-0.08897042,0.74168116,0.13076077,-0.9237044,-0.24994658
414064.0,0,0,-0.6637242,-0.05617798,-0.10030043,0.73909,0.1304204,-0.90610915,-0.24691974
414065.0,0,0,-0.6638269,-0.06777883,-0.11157201,0.7364045,0.13004106,-0.8888124,-0.24364667
414066.0,0,0,-0.6636217,-0.07935104,-0.122876346,0.7336287,0.12962441,-0.87186694,-0.24015397
414067.0,0,0,-0.6630927,-0.090784386,-0.13424683,0.73078316,0.1291731,-0.8553309,-0.23647356
414068.0,0,0,-0.6622517,-0.10199793,-0.14574856,0.7278574,0.12868737,-0.8391584,-0.23261535
414069.0,0,0,-0.66112614,-0.11281988,-0.15734632,0.7248628,0.12817048,-0.823458,-0.2286281
414070.0,0,0,-0.6597428,-0.123264804,-0.16910206,0.72176844,0.12761582,-0.80819213,-0.22452709
414071.0,0,0,-0.6581636,-0.1333382,-0.18095502,0.718538,0.12701248,-0.79337573,-0.220345
414072.0,0,0,-0.6564767,-0.14298862,-0.19273736,0.71515375,0.12634704,-0.7790441,-0.2161261
414073.0,0,0,-0.654775,-0.15217699,-0.20430477,0.71159786,0.12560427,-0.7652089,-0.21191251
414074.0,0,0,-0.6531427,-0.16091704,-0.21553686,0.7078518,0.124768764,-0.7518532,-0.2077408
414075.0,0,0,-0.65163505,-0.16922432,-0.22632392,0.7039264,0.123827785,-0.7389579,-0.20364974
414076.0,0,0,-0.6506743,-0.1765359,-0.23589857,0.6998643,0.12277803,-0.72657204,-0.19973709
414077.0,0,0,-0.6499545,-0.18327978,-0.24487531,0.69570386,0.1216245,-0.7146444,-0.19603398
414078.0,0,0,-0.6494577,-0.18939298,-0.25330165,0.6915008,0.12038908,-0.70321554,-0.19260365
414079.0,0,0,-0.6491248,-0.19481535,-0.2612928,0.68732095,0.11910081,-0.6922946,-0.18950453
414080.0,0,0,-0.6489151,-0.19941555,-0.26899058,0.6832179,0.11778883,-0.681865,-0.18679203
414081.0,0,0,-0.64878875,-0.20309855,-0.27647874,0.67925227,0.116478,-0.6719438,-0.18452704
414082.0,0,0,-0.648722,-0.20587759,-0.2836801,0.6754997,0.11518115,-0.66254914,-0.18276261
414083.0,0,0,-0.64872676,-0.2078028,-0.29051536,0.67199147,0.113901086,-0.6536817,-0.18154487
414084.0,0,0,-0.6488348,-0.20893086,-0.29688236,0.66874677,0.112635255,-0.645336,-0.1809175
414085.0,0,0,-0.64912343,-0.20936328,-0.3025538,0.66578305,0.111375235,-0.63751715,-0.18091905
414086.0,0,0,-0.6496932,-0.2092781,-0.30722615,0.663109,0.11009816,-0.6302119,-0.18158278
414087.0,0,0,-0.65062404,-0.20892702,-0.31063706,0.6607136,0.10877724,-0.62342757,-0.18292929
414088.0,0,0,-0.65200734,-0.20848678,-0.31253582,0.65859014,0.10738196,-0.6171284,-0.18496613
414089.0,0,0,-0.6539438,-0.20792754,-0.3126809,0.65677583,0.10589954,-0.6112744,-0.18767692
414090.0,0,0,-0.65648186,-0.20709316,-0.31105235,0.6552789,0.10434155,-0.60584235,-0.19101861
414091.0,0,0,-0.65957105,-0.20590852,-0.3079117,0.6540322,0.102730185,-0.6008254,-0.19494341
414092.0,0,0,-0.66305614,-0.20436096,-0.30364782,0.65298647,0.10110479,-0.59627044,-0.19938405
414093.0,0,0,-0.66692525,-0.20139647,-0.2971138,0.652973,0.0996159,-0.59207875,-0.20439236
414094.0,0,0,-0.6701758,-0.19518232,-0.28998417,0.65473473,0.09849983,-0.5879251,-0.20985417
414095.0,0,0,-0.67450815,-0.1833468,-0.28560865,0.6556299,0.097662665,-0.58353513,-0.21543097
414096.0,0,0,-0.678755,-0.1728101,-0.28069758,0.65622944,0.09684654,-0.5790796,-0.22077815
414097.0,0,0,-0.6817909,-0.1654353,-0.2763509,0.6568276,0.09594281,-0.5747151,-0.22584242
414098.0,0,0,-0.6835612,-0.15907235,-0.27359945,0.6577107,0.094901964,-0.5704194,-0.23056132
414099.0,0,0,-0.6855509,-0.15339893,-0.2665821,0.6598657,0.093630634,-0.5659044,-0.2351553
414100.0,0,0,-0.6875758,-0.14803697,-0.25629002,0.6630535,0.0921718,-0.5610622,-0.23988762
414101.0,0,0,-0.68987375,-0.14106795,-0.24419679,0.6667398,0.090683036,-0.55584526,-0.24499269
414102.0,0,0,-0.69284534,-0.13080126,-0.23058988,0.67058533,0.089314565,-0.55041146,-0.25044274
414103.0,0,0,-0.6961571,-0.11844096,-0.21692361,0.6740039,0.088083185,-0.5450485,-0.25603414
414104.0,0,0,-0.6994534,-0.106532425,-0.20421621,0.67654383,0.08693955,-0.54008716,-0.26143017
414105.0,0,0,-0.7026155,-0.09582079,-0.19279267,0.67821896,0.08583655,-0.53561395,-0.26647586
414106.0,0,0,-0.7054914,-0.08628997,-0.18227696,0.67941964,0.0847946,-0.53158987,-0.2711463
414107.0,0,0,-0.7079099,-0.07769442,-0.17246583,0.6805019,0.083879426,-0.5279276,-0.2755121
414108.0,0,0,-0.70985055,-0.06955737,-0.16333044,0.6816136,0.08313929,-0.5245227,-0.27969372
414109.0,0,0,-0.7114072,-0.061492063,-0.15485622,0.6827432,0.08258723,-0.52131283,-0.28375107
414110.0,0,0,-0.71272254,-0.053261533,-0.14705452,0.68378705,0.08220308,-0.51827294,-0.28768498
414111.0,0,0,-0.7138309,-0.045016516,-0.14004067,0.6846952,0.081942976,-0.5154165,-0.29145867
414112.0,0,0,-0.71471786,-0.03719192,-0.13389283,0.6854692,0.08174149,-0.5127561,-0.29502252
414113.0,0,0,-0.7156656,-0.030427225,-0.12855336,0.6858359,0.08146465,-0.5102024,-0.2982866
414114.0,0,0,-0.71736044,-0.024382608,-0.12145534,0.6856006,0.08098099,-0.5077342,-0.30113474
414115.0,0,0,-0.71936774,-0.019615605,-0.1138043,0.68496275,0.08024905,-0.5055102,-0.30356723
414116.0,0,0,-0.72116405,-0.01684541,-0.108354226,0.6840308,0.07926305,-0.5036184,-0.3056695
414117.0,0,0,-0.7230141,-0.015407209,-0.102905385,0.68295217,0.07806143,-0.501974,-0.30751947
414118.0,0,0,-0.72498,-0.014752835,-0.096680686,0.6817912,0.07677045,-0.50048923,-0.3091451
414119.0,0,0,-0.72670597,-0.014689202,-0.090871535,0.6807533,0.07553203,-0.49912483,-0.31057337
414120.0,0,0,-0.72802323,-0.015028044,-0.08602983,0.67996705,0.07445531,-0.49787045,-0.31182247
414121.0,0,0,-0.72903436,-0.015415811,-0.082057536,0.6793659,0.07357064,-0.49670994,-0.31291226
414122.0,0,0,-0.7297996,-0.015767856,-0.078958385,0.6789031,0.0728381,-0.49563336,-0.31385905
414123.0,0,0,-0.7303917,-0.01623821,-0.07643354,0.67854434,0.072181314,-0.49462503,-0.31468913
414124.0,0,0,-0.73088664,-0.01689116,-0.07418837,0.6782444,0.071543604,-0.49367306,-0.31542853
414125.0,0,0,-0.73132735,-0.017644387,-0.072128534,0.6779724,0.0709008,-0.49275613,-0.3161059
414126.0,0,0,-0.7317182,-0.018411854,-0.07014439,0.6777384,0.07026039,-0.49185744,-0.31673753
414127.0,0,0,-0.73206145,-0.019140283,-0.068211846,0.6775449,0.06963636,-0.49096543,-0.31733188
414128.0,0,0,-0.7323641,-0.019821102,-0.06643062,0.67737514,0.06903996,-0.49008384,-0.3178879
414129.0,0,0,-0.73263377,-0.02045864,-0.06480452,0.6772219,0.068469614,-0.48921448,-0.3184081
414130.0,0,0,-0.73288107,-0.021047864,-0.06329165,0.6770794,0.06791501,-0.4883497,-0.3189014
414131.0,0,0,-0.733121,-0.021551447,-0.06181815,0.67694,0.06737038,-0.4874824,-0.3193764
414132.0,0,0,-0.7333585,-0.02194158,-0.06032444,0.67680496,0.066834815,-0.48660254,-0.31984282
414133.0,0,0,-0.7335886,-0.022176487,-0.058791846,0.6766827,0.066309206,-0.48570007,-0.32030755
414134.0,0,0,-0.73381305,-0.022278255,-0.057264432,0.67656696,0.06580139,-0.48478547,-0.32076368
414135.0,0,0,-0.7340212,-0.022311676,-0.05581139,0.6764616,0.06531552,-0.4838706,-0.32120258
414136.0,0,1,-0.7342361,-0.0225213,-0.05404273,0.6763649,0.06485423,-0.4829624,-0.321619
414137.0,0,1,-0.7344303,-0.022694658,-0.052408796,0.6762769,0.06442068,-0.4820624,-0.32201153
414138.0,0,1,-0.73459834,-0.022859788,-0.050993204,0.67619705,0.0640146,-0.48116344,-0.32238248
414139.0,0,1,-0.73472583,-0.022994284,-0.049788073,0.67614377,0.06363518,-0.4802595,-0.3227328
414140.0,0,1,-0.73481816,-0.022983015,-0.04872707,0.67612106,0.063279144,-0.4793496,-0.32306322
414141.0,0,1,-0.73487616,-0.022718374,-0.04778195,0.67613447,0.06293826,-0.47843778,-0.32337472
414142.0,0,1,-0.73489326,-0.022211513,-0.04701336,0.67618656,0.062599644,-0.47753003,-0.32366952
414143.0,0,1,-0.73488355,-0.021565245,-0.046455447,0.6762567,0.06224862,-0.47662482,-0.3239534
414144.0,0,1,-0.7348711,-0.020933107,-0.046003498,0.67632097,0.061879005,-0.47571975,-0.32423136
414145.0,0,1,-0.7348602,-0.020424921,-0.045491204,0.676383,0.061493017,-0.47480792,-0.32450774
414146.0,0,1,-0.73485404,-0.020035706,-0.044836234,0.676445,0.06110027,-0.47389126,-0.32478127
414147.0,0,1,-0.7348472,-0.019661946,-0.04406974,0.6765138,0.060706574,-0.47297326,-0.32504907
414148.0,0,1,-0.7348301,-0.0192724,-0.043321308,0.67659193,0.060311288,-0.4720543,-0.32531065
414149.0,0,1,-0.7348087,-0.01890491,-0.04267607,0.67666656,0.05991311,-0.4711333,-0.3255683
414150.0,0,1,-0.73478705,-0.01854649,-0.042121198,0.6767347,0.05951024,-0.4702052,-0.32582426
414151.0,0,1,-0.7347756,-0.018141722,-0.04153224,0.6767945,0.059103135,-0.46926984,-0.32607722
414152.0,0,1,-0.73477703,-0.01768783,-0.040908042,0.67684305,0.05869349,-0.46833158,-0.32632485
414153.0,0,1,-0.7347776,-0.017204026,-0.04036561,0.67688733,0.058279995,-0.46739128,-0.3265674
414154.0,0,1,-0.73478985,-0.016675258,-0.039906435,0.6769145,0.057859305,-0.46644723,-0.32680616
414155.0,1,1,-0.7348133,-0.016116573,-0.039469946,0.6769282,0.06531552,-0.4838706,-0.32120258
414156.0,1,1,-0.7348397,-0.015566403,-0.039001893,0.67693955,0.06531552,-0.4838706,-0.32120258
414157.0,1,1,-0.7348695,-0.015028494,-0.038507573,0.67694765,0.06531552,-0.4838706,-0.32120258
414158.0,1,1,-0.73489916,-0.014475429,-0.038037837,0.67695403,0.06531552,-0.4838706,-0.32120258
414159.0,1,1,-0.734928,-0.013958429,-0.037681475,0.6769536,0.06531552,-0.4838706,-0.32120258
414160.0,1,1,-0.73495334,-0.013548522,-0.037465803,0.67694646,0.06531552,-0.4838706,-0.32120258
414161.0,1,1,-0.7349809,-0.013228336,-0.037289683,0.6769326,0.06531552,-0.4838706,-0.32120258
414162.0,1,1,-0.7350053,-0.0129082715,-0.037073586,0.6769241,0.06531552,-0.4838706,-0.32120258
414163.0,1,1,-0.7350285,-0.012532339,-0.036790516,0.6769215,0.06531552,-0.4838706,-0.32120258
414164.0,1,1,-0.7350479,-0.012140443,-0.036443003,0.6769262,0.06531552,-0.4838706,-0.32120258
414165.0,1,1,-0.7350588,-0.011788382,-0.036062025,0.67694116,0.06531552,-0.4838706,-0.32120258
414166.0,1,1,-0.735059,-0.011482978,-0.035682462,0.6769663,0.06531552,-0.4838706,-0.32120258
414167.0,1,1,-0.73505294,-0.011168723,-0.035263024,0.677,0.06531552,-0.4838706,-0.32120258
414168.0,1,1,-0.7350492,-0.010830536,-0.0347418,0.67703664,0.06531552,-0.4838706,-0.32120258
414169.0,1,1,-0.7350399,-0.010494255,-0.03408544,0.6770853,0.06531552,-0.4838706,-0.32120258
414170.0,1,1,-0.7350198,-0.0101567665,-0.03332493,0.67715013,0.06531552,-0.4838706,-0.32120258
414171.0,1,1,-0.7349902,-0.009809634,-0.03251292,0.6772268,0.06531552,-0.4838706,-0.32120258
414172.0,1,1,-0.73494756,-0.009449578,-0.031757753,0.677314,0.06531552,-0.4838706,-0.32120258
414173.0,1,1,-0.7348898,-0.009089769,-0.031127064,0.67741084,0.06531552,-0.4838706,-0.32120258
414174.0,1,1,-0.73482937,-0.008718309,-0.03062186,0.6775045,0.06531552,-0.4838706,-0.32120258
414175.0,1,1,-0.7347703,-0.008307987,-0.030200189,0.67759246,0.06531552,-0.4838706,-0.32120258
414176.0,1,1,-0.73471403,-0.007935821,-0.029812371,0.6776752,0.06531552,-0.4838706,-0.32120258
414177.0,1,1,-0.7346611,-0.007694533,-0.02943347,0.6777519,0.06531552,-0.4838706,-0.32120258
414178.0,1,1,-0.734611,-0.0075398176,-0.029056331,0.67782426,0.06531552,-0.4838706,-0.32120258
414179.0,1,1,-0.73456,-0.0074120145,-0.02873864,0.67789435,0.06531552,-0.4838706,-0.32120258
414180.0,1,1,-0.7345136,-0.0073034195,-0.028492272,0.6779563,0.06531552,-0.4838706,-0.32120258
414181.0,1,1,-0.7344647,-0.007214386,-0.028329244,0.6780171,0.06531552,-0.4838706,-0.32120258
414182.0,1,1,-0.7344158,-0.007144746,-0.028239477,0.6780745,0.06531552,-0.4838706,-0.32120258
414183.0,1,1,-0.73436755,-0.0071120663,-0.028190438,0.67812914,0.06531552,-0.4838706,-0.32120258
414184.0,1,1,-0.73431516,-0.007099771,-0.028141055,0.678188,0.06531552,-0.4838706,-0.32120258
414185.0,1,1,-0.7342604,-0.0070862793,-0.028087834,0.6782497,0.06531552,-0.4838706,-0.32120258
414186.0,1,1,-0.7341993,-0.007069947,-0.028020373,0.6783188,0.06531552,-0.4838706,-0.32120258
414187.0,1,1,-0.7341347,-0.007085079,-0.027934646,0.6783921,0.06531552,-0.4838706,-0.32120258
414188.0,1,1,-0.7340666,-0.007159325,-0.027777871,0.67847145,0.06531552,-0.4838706,-0.32120258
414189.0,1,1,-0.73399377,-0.0072453315,-0.027562039,0.67855805,0.06531552,-0.4838706,-0.32120258
414190.0,1,1,-0.73391265,-0.007285402,-0.027320296,0.6786552,0.06531552,-0.4838706,-0.32120258
414191.0,1,1,-0.7338305,-0.0072870725,-0.027016748,0.6787561,0.06531552,-0.4838706,-0.32120258
414192.0,1,1,-0.73374176,-0.0072673615,-0.026661959,0.67886627,0.06531552,-0.4838706,-0.32120258
414193.0,1,1,-0.733646,-0.0072356425,-0.026281938,0.67898494,0.06531552,-0.4838706,-0.32120258
414194.0,1,1,-0.7335571,-0.0071920967,-0.025893575,0.67909634,0.06531552,-0.4838706,-0.32120258
414195.0,1,1,-0.73346734,-0.0071285223,-0.025498006,0.679209,0.06531552,-0.4838706,-0.32120258
414196.0,1,1,-0.7333742,-0.0070850956,-0.02511189,0.6793244,0.06531552,-0.4838706,-0.32120258
414197.0,1,1,-0.7332779,-0.0070595993,-0.024738088,0.6794422,0.06531552,-0.4838706,-0.32120258
414198.0,1,1,-0.7331887,-0.0070761787,-0.02433289,0.679553,0.06531552,-0.4838706,-0.32120258
414199.0,1,1,-0.73310125,-0.007140659,-0.0238785,0.67966276,0.06531552,-0.4838706,-0.32120258
414200.0,1,1,-0.7330188,-0.0072467388,-0.023406615,0.679767,0.06531552,-0.4838706,-0.32120258
414201.0,1,1,-0.7329447,-0.0073692645,-0.022923188,0.67986184,0.06531552,-0.4838706,-0.32120258
414202.0,1,1,-0.7328824,-0.0075419736,-0.022447515,0.6799432,0.06531552,-0.4838706,-0.32120258
414203.0,1,1,-0.73283434,-0.0077999565,-0.021973347,0.6800074,0.06531552,-0.4838706,-0.32120258
414204.0,1,1,-0.7327931,-0.008125626,-0.021566836,0.6800611,0.06531552,-0.4838706,-0.32120258
414205.0,1,1,-0.73275137,-0.008458982,-0.021227572,0.6801127,0.06531552,-0.4838706,-0.32120258
414206.0,1,1,-0.73271775,-0.008745139,-0.020964779,0.68015355,0.06531552,-0.4838706,-0.32120258
414207.0,1,1,-0.73268014,-0.009004445,-0.020785844,0.6801961,0.06531552,-0.4838706,-0.32120258
414208.0,1,1,-0.7326399,-0.009254443,-0.020629715,0.68024087,0.06531552,-0.4838706,-0.32120258
414209.0,1,1,-0.7325989,-0.009523839,-0.020432204,0.68028724,0.06531552,-0.4838706,-0.32120258
414210.0,1,1,-0.7325535,-0.009800989,-0.02014581,0.68034077,0.06531552,-0.4838706,-0.32120258
414211.0,1,1,-0.73249143,-0.01004325,-0.019812834,0.68041384,0.06531552,-0.4838706,-0.32120258
414212.0,1,1,-0.7324135,-0.010239416,-0.019459577,0.68050504,0.06531552,-0.4838706,-0.32120258
414213.0,1,1,-0.7323278,-0.010387804,-0.019064866,0.6806061,0.06531552,-0.4838706,-0.32120258
414214.0,1,1,-0.73223245,-0.010508831,-0.018645799,0.68071854,0.06531552,-0.4838706,-0.32120258
414215.0,1,1,-0.73212844,-0.010614302,-0.018232027,0.68083996,0.06531552,-0.4838706,-0.32120258
414216.0,1,1,-0.7320188,-0.0106743835,-0.01785649,0.6809668,0.06531552,-0.4838706,-0.32120258
414217.0,1,1,-0.73189896,-0.010728022,-0.017546773,0.6811028,0.06531552,-0.4838706,-0.32120258
414218.0,1,1,-0.7317686,-0.010781398,-0.01725436,0.68124944,0.06531552,-0.4838706,-0.32120258
414219.0,1,1,-0.7316198,-0.010839462,-0.016948212,0.68141615,0.06531552,-0.4838706,-0.32120258
414220.0,1,1,-0.7314483,-0.010877127,-0.01660706,0.6816078,0.06531552,-0.4838706,-0.32120258
414221.0,1,1,-0.73125994,-0.010873292,-0.016265044,0.6818183,0.06531552,-0.4838706,-0.32120258
414222.0,1,1,-0.73106307,-0.0107791005,-0.015909985,0.6820393,0.06531552,-0.4838706,-0.32120258
414223.0,1,1,-0.7308632,-0.010546995,-0.015518139,0.682266,0.06531552,-0.4838706,-0.32120258
414224.0,1,1,-0.7306752,-0.010222032,-0.015129656,0.6824811,0.06531552,-0.4838706,-0.32120258
414225.0,1,1,-0.7305093,-0.009804446,-0.014747757,0.68267316,0.06531552,-0.4838706,-0.32120258
414226.0,1,1,-0.73036784,-0.009329977,-0.014301918,0.6828406,0.06531552,-0.4838706,-0.32120258
414227.0,1,1,-0.7302383,-0.008799983,-0.013738849,0.68299764,0.06531552,-0.4838706,-0.32120258
414228.0,1,1,-0.7301021,-0.008188586,-0.013110347,0.6831633,0.06531552,-0.4838706,-0.32120258
414229.0,1,1,-0.72995305,-0.007537981,-0.012477826,0.68334186,0.06531552,-0.4838706,-0.32120258
414230.0,1,1,-0.7297961,-0.006853601,-0.011840751,0.683528,0.06531552,-0.4838706,-0.32120258
414231.0,1,1,-0.7296338,-0.0061374777,-0.011165935,0.68371934,0.06531552,-0.4838706,-0.32120258
414232.0,1,1,-0.7294655,-0.005319871,-0.0103897285,0.68391794,0.06531552,-0.4838706,-0.32120258
414233.0,1,1,-0.72927755,-0.004359207,-0.009486597,0.68413836,0.06531552,-0.4838706,-0.32120258
414234.0,1,1,-0.7290679,-0.0033654037,-0.008500941,0.6843804,0.06531552,-0.4838706,-0.32120258
414235.0,1,1,-0.7288401,-0.002301217,-0.007396969,0.68464017,0.06531552,-0.4838706,-0.32120258
414236.0,1,1,-0.7285883,-0.001099097,-0.006200358,0.684923,0.06531552,-0.4838706,-0.32120258
414237.0,1,1,-0.7283083,0.00021948948,-0.0049432404,0.6852317,0.06531552,-0.4838706,-0.32120258
414238.0,1,1,-0.7280215,0.0017119372,-0.0035864431,0.6855429,0.06531552,-0.4838706,-0.32120258
414239.0,1,1,-0.7277403,0.0033931232,-0.002135125,0.6858412,0.06531552,-0.4838706,-0.32120258
414240.0,0,0,-0.7274713,0.0061868527,0.00025187002,0.68611014,0.06531759,-0.48381472,-0.3212055
414241.0,0,0,-0.7272095,0.009471249,0.0029599904,0.68634385,0.06532516,-0.483704,-0.321207
414242.0,0,0,-0.7269048,0.013207469,0.0059204297,0.68658566,0.06534275,-0.4835423,-0.3212033
414243.0,0,0,-0.7265461,0.017340513,0.0091146715,0.68683845,0.06537421,-0.4833189,-0.32119706
414244.0,0,0,-0.7261272,0.021919211,0.012576331,0.6870959,0.065424,-0.48300517,-0.32119724
414245.0,0,0,-0.72564673,0.027246002,0.01650261,0.68732977,0.06549604,-0.48257247,-0.3212091
414246.0,0,0,-0.72506464,0.03343812,0.020970706,0.6875489,0.06559474,-0.4820085,-0.32123038
414247.0,0,0,-0.7243242,0.040406533,0.025877668,0.6877879,0.06573006,-0.48131368,-0.32125378
414248.0,0,0,-0.72332823,0.048303887,0.031198349,0.6881059,0.06592051,-0.4804738,-0.32127228
414249.0,0,0,-0.72197974,0.057340465,0.03693722,0.68854415,0.0661846,-0.47944573,-0.32128525
414250.0,0,0,-0.719926,0.06923953,0.04404713,0.6891823,0.0665097,-0.47822016,-0.32124773
414251.0,0,0,-0.71733814,0.08215996,0.05146539,0.6899472,0.06686679,-0.47683114,-0.321124
414252.0,0,0,-0.7142661,0.09597496,0.05921299,0.69072914,0.06722544,-0.47529948,-0.32088733
414253.0,0,0,-0.7106927,0.11071675,0.06748281,0.6914505,0.06757748,-0.47360793,-0.32052258
414254.0,0,0,-0.70668834,0.12615435,0.076107934,0.6920147,0.06793163,-0.47174302,-0.32003233
414255.0,0,0,-0.7023404,0.14166866,0.08463055,0.692449,0.068300985,-0.4697075,-0.31943533
414256.0,0,0,-0.6976837,0.15697104,0.093055405,0.6927757,0.06866991,-0.46751046,-0.3187642
414257.0,0,0,-0.69280726,0.17196687,0.101697996,0.6928947,0.068995915,-0.46516523,-0.31805083
414258.0,0,0,-0.6878864,0.18620571,0.11079213,0.6927228,0.069249146,-0.4626748,-0.31731224
414259.0,0,0,-0.683053,0.1993732,0.120181434,0.69227546,0.069421425,-0.46001562,-0.31654257
414260.0,0,0,-0.6784788,0.21082503,0.12946634,0.6917064,0.06951431,-0.45716792,-0.31570914
414261.0,0,0,-0.6744471,0.21977684,0.13802473,0.691208,0.06953136,-0.45408198,-0.3146978
414262.0,0,0,-0.6712335,0.22564732,0.14550555,0.69091034,0.069479,-0.4507357,-0.3133142
414263.0,0,0,-0.66901714,0.22773986,0.15104216,0.6911852,0.06936918,-0.44712737,-0.31142202
414264.0,0,0,-0.6676349,0.22642837,0.15443355,0.6922024,0.06921769,-0.4432264,-0.30908707
414265.0,0,0,-0.66680586,0.22296235,0.15657772,0.6936435,0.06904903,-0.4389731,-0.30653304
414266.0,0,0,-0.66625154,0.21861184,0.1583106,0.69516593,0.06889222,-0.43434376,-0.30399284
414267.0,0,0,-0.66578776,0.21391195,0.15984865,0.69671863,0.06876452,-0.4293712,-0.30160296
414268.0,0,0,-0.6653732,0.20889856,0.16127822,0.69830465,0.068666734,-0.42411944,-0.29941225
414269.0,0,0,-0.664988,0.20372546,0.1627267,0.6998621,0.06859323,-0.41866836,-0.29743555
414270.0,0,0,-0.66458696,0.19843072,0.16417958,0.7014233,0.068537705,-0.4130181,-0.29565516
414271.0,0,0,-0.6641781,0.19303188,0.1655953,0.7029825,0.06849573,-0.40720394,-0.29406416
414272.0,0,0,-0.66377467,0.18744539,0.16689193,0.7045669,0.06846474,-0.40122512,-0.29264033
414273.0,0,0,-0.66338056,0.18163867,0.16795278,0.706205,0.06844489,-0.39511988,-0.2913682
414274.0,0,0,-0.6629653,0.17561013,0.16868693,0.7079427,0.06843712,-0.38887918,-0.29022446
414275.0,0,0,-0.6624972,0.16941755,0.16900297,0.70981205,0.06844083,-0.3825125,-0.28919533
414276.0,0,0,-0.6619658,0.16313082,0.1688427,0.71181583,0.068451814,-0.37602642,-0.28827024
414277.0,0,0,-0.66139334,0.15678717,0.16816737,0.7139302,0.06846139,-0.3694395,-0.28744105
414278.0,0,0,-0.660811,0.15034862,0.16696808,0.7161326,0.068456866,-0.36272985,-0.28669605
414279.0,0,0,-0.66024554,0.14383276,0.16526636,0.71838367,0.06842307,-0.3559078,-0.28603002
414280.0,0,0,-0.6597249,0.13725904,0.16311952,0.72063524,0.06834466,-0.34899595,-0.28544137
414281.0,0,0,-0.6592869,0.13062155,0.16059762,0.72283274,0.06820826,-0.3419907,-0.28492922
414282.0,0,0,-0.658946,0.123941384,0.15777637,0.72493815,0.06800389,-0.33488923,-0.28449437
414283.0,0,0,-0.65871954,0.117268555,0.15471354,0.7269116,0.067724936,-0.32770866,-0.2841374
414284.0,0,0,-0.6586161,0.11061063,0.15141073,0.728742,0.06736508,-0.32044914,-0.28385636
414285.0,0,0,-0.6586416,0.10399743,0.14788757,0.7304144,0.06692074,-0.3131263,-0.28364956
414286.0,0,0,-0.65878487,0.09750845,0.14416559,0.7319227,0.06639234,-0.30575618,-0.2835144
414287.0,0,0,-0.65904164,0.091198705,0.14020684,0.73327285,0.06578002,-0.29833698,-0.2834462
414288.0,0,0,-0.6594297,0.08507429,0.13597877,0.73445535,0.0650826,-0.29087773,-0.28344
414289.0,0,0,-0.65995145,0.07916712,0.13150111,0.73546195,0.064300716,-0.2834083,-0.283491
414290.0,0,0,-0.6606124,0.07348726,0.12676774,0.73628855,0.06343166,-0.27592614,-0.2835933
414291.0,0,0,-0.66143537,0.068032525,0.121773586,0.73691654,0.06247331,-0.26843995,-0.28373775
414292.0,0,0,-0.6624318,0.062783256,0.11654827,0.7373324,0.061425295,-0.2609743,-0.28391257
414293.0,0,0,-0.663627,0.057714257,0.11111591,0.7375104,0.06028255,-0.2535235,-0.284107
414294.0,0,0,-0.66503555,0.05281748,0.10551924,0.7374306,0.05904296,-0.24609973,-0.28431064
414295.0,0,0,-0.66667014,0.048062604,0.09978915,0.7370775,0.05770526,-0.23871225,-0.28451407
414296.0,0,0,-0.6685421,0.04344119,0.09394846,0.736436,0.056270976,-0.23137304,-0.28470963
414297.0,0,0,-0.6706532,0.038965274,0.088021636,0.7354985,0.054743603,-0.22408915,-0.28489122
414298.0,0,0,-0.6729896,0.034640793,0.082031086,0.73427236,0.053130087,-0.21687087,-0.28505233
414299.0,0,0,-0.6755257,0.030460063,0.075982325,0.73277825,0.05143747,-0.20972021,-0.28518504
414300.0,0,0,-0.6782264,0.026422497,0.06989283,0.7310444,0.049679156,-0.20265974,-0.2852792
414301.0,0,0,-0.68105716,0.022506258,0.06376453,0.7291013,0.047866616,-0.1957029,-0.28532287
414302.0,0,0,-0.6839885,0.01867674,0.057624917,0.7269735,0.046010576,-0.18886112,-0.28529993
414303.0,0,0,-0.6869968,0.014851032,0.051447995,0.7246847,0.044115145,-0.18212634,-0.28519037
414304.0,0,0,-0.6900186,0.010979594,0.045312405,0.7222884,0.04221246,-0.17558962,-0.2849791
414305.0,0,0,-0.6930644,0.0069284406,0.039165325,0.7197776,0.040284105,-0.16917059,-0.28465274
414306.0,0,0,-0.69608146,0.0026811392,0.03305725,0.7171964,0.038352262,-0.16292384,-0.28421497
414307.0,0,0,-0.69904846,-0.0017544235,0.027006956,0.714562,0.036421902,-0.15684201,-0.2836787
414308.0,0,0,-0.7019288,-0.006290742,0.021081828,0.7119073,0.034506556,-0.150943,-0.2830673
414309.0,0,0,-0.70470107,-0.010823582,0.015330662,0.7092561,0.03261897,-0.1452436,-0.2824083
414310.0,0,0,-0.7073452,-0.015286911,0.0097461995,0.70663583,0.03075925,-0.1397267,-0.281725
414311.0,0,0,-0.7098366,-0.019586723,0.0043711415,0.70408046,0.02893694,-0.1344054,-0.28104013
414312.0,0,0,-0.71215534,-0.023622002,-0.00075411936,0.70162404,0.027162459,-0.12929948,-0.28037125
414313.0,0,0,-0.7143011,-0.027379492,-0.005643582,0.69927996,0.02542883,-0.12439327,-0.27972457
414314.0,0,0,-0.7162771,-0.030867238,-0.010260407,0.69705737,0.02373678,-0.11970866,-0.27910593
414315.0,0,0,-0.71809626,-0.03412992,-0.014639585,0.6949523,0.022078738,-0.11524952,-0.27851766
414316.0,0,0,-0.7197685,-0.037190907,-0.018810276,0.692962,0.020452397,-0.11102847,-0.27796406
414317.0,0,0,-0.7213229,-0.040067498,-0.022790344,0.69106334,0.018844927,-0.10702448,-0.2774456
414318.0,0,0,-0.7227717,-0.04273778,-0.026546445,0.68925315,0.017260458,-0.103254825,-0.27696782
414319.0,0,0,-0.7241237,-0.045244727,-0.03011341,0.6875252,0.015692538,-0.0997078,-0.2765322
414320.0,0,0,-0.7253771,-0.04761086,-0.033528157,0.68588424,0.014136849,-0.09637518,-0.27613902
414321.0,0,0,-0.72652644,-0.049837213,-0.03680487,0.6843399,0.01259718,-0.09326273,-0.27578828
414322.0,0,0,-0.7275829,-0.051942207,-0.040073846,0.6828758,0.01106932,-0.09035685,-0.27547947
414323.0,0,0,-0.7285558,-0.05389113,-0.043446686,0.68147975,0.009548521,-0.08764078,-0.2752176
414324.0,0,0,-0.7294403,-0.05560639,-0.046874467,0.6801674,0.008052156,-0.08513148,-0.27501506
414325.0,0,0,-0.73027587,-0.057071336,-0.05035608,0.6788993,0.006558664,-0.08278809,-0.27488086
414326.0,0,0,-0.73109,-0.058353633,-0.053836737,0.67764574,0.0050636674,-0.08061306,-0.2748311
414327.0,0,0,-0.7319062,-0.05952483,-0.05724215,0.6763828,0.0035578804,-0.07860287,-0.27489263
414328.0,0,0,-0.73273444,-0.06055508,-0.060500767,0.6751097,0.0020438565,-0.07675584,-0.27510384
414329.0,0,0,-0.7335858,-0.061304267,-0.063528724,0.67383814,0.0005232536,-0.07505211,-0.27550521
414330.0,0,0,-0.7344558,-0.06158347,-0.0662555,0.6726013,-0.0009925105,-0.07347598,-0.2761185
414331.0,0,0,-0.7353328,-0.06130236,-0.06869399,0.671423,-0.0024948255,-0.0720224,-0.27693674
414332.0,0,0,-0.73619926,-0.060597967,-0.07092792,0.6703043,-0.003977011,-0.0707095,-0.27793363
414333.0,0,0,-0.737026,-0.0596696,-0.0730842,0.66924655,-0.005444763,-0.0695536,-0.27908963
414334.0,0,0,-0.73791146,-0.058691915,-0.074951954,0.66814977,-0.006963348,-0.06853673,-0.2803535
414335.0,0,0,-0.7397339,-0.058810335,-0.07077101,0.66657835,-0.008619346,-0.06764339,-0.28165916
414336.0,0,0,-0.7414066,-0.060284726,-0.055743013,0.6660141,-0.010161139,-0.06688877,-0.2830512
414337.0,0,0,-0.74210036,-0.058346294,-0.045016445,0.66622555,-0.011223001,-0.0661002,-0.28449184
414338.0,0,0,-0.74249434,-0.049753495,-0.038241867,0.6669066,-0.011775367,-0.065262415,-0.28563994
414339.0,0,0,-0.74290735,-0.04262016,-0.028457744,0.6674297,-0.011992406,-0.064851835,-0.28618413
414340.0,0,0,-0.7430991,-0.039652724,-0.025297513,0.6675264,-0.012092592,-0.06525715,-0.2861263
414341.0,0,0,-0.7426619,-0.040292643,-0.027344031,0.6678938,-0.012273461,-0.06629975,-0.28572184
414342.0,0,0,-0.7425567,-0.042341452,-0.028019395,0.66785616,-0.012608131,-0.06747195,-0.28530148
414343.0,0,0,-0.74246985,-0.042893436,-0.027791876,0.6679268,-0.013055079,-0.068416424,-0.28505176
414344.0,0,0,-0.74249256,-0.042326026,-0.026093522,0.66800636,-0.013513477,-0.06907885,-0.28495127
414345.0,0,0,-0.7425691,-0.041039515,-0.02389636,0.66808385,-0.013892869,-0.06961143,-0.2848865
414346.0,0,0,-0.74249595,-0.03966383,-0.022773335,0.6682873,-0.014190739,-0.07018542,-0.28476664
414347.0,0,0,-0.7424646,-0.03880884,-0.022079434,0.66839564,-0.0144744525,-0.07086902,-0.2845628
414348.0,0,0,-0.74243754,-0.038377848,-0.021587986,0.6684668,-0.014807122,-0.071646616,-0.28428912
414349.0,0,0,-0.7424115,-0.038336612,-0.021137692,0.6685123,-0.01519125,-0.07247406,-0.2839709
414350.0,0,0,-0.7423978,-0.038348652,-0.020722652,0.6685398,-0.015573691,-0.073301405,-0.28363445
414351.0,0,0,-0.74238175,-0.037958223,-0.020522173,0.66858613,-0.015921272,-0.07410908,-0.2832918
414352.0,0,0,-0.74240947,-0.037317596,-0.020282587,0.6685987,-0.016233226,-0.074899234,-0.28294465
414353.0,0,0,-0.7424549,-0.036612492,-0.020153541,0.66859114,-0.016526697,-0.07570021,-0.28258187
414354.0,0,0,-0.7424937,-0.035982568,-0.020243527,0.6685797,-0.01681921,-0.07652701,-0.28219637
414355.0,0,0,-0.7425492,-0.035460368,-0.020336103,0.668543,-0.017117966,-0.07737568,-0.28179187
414356.0,0,1,-0.7426157,-0.034679487,-0.020362783,0.6685093,-0.017420474,-0.07823418,-0.2813766
414357.0,0,1,-0.7426807,-0.033928398,-0.020430142,0.6684735,-0.01772675,-0.07910061,-0.28095242
414358.0,0,1,-0.7427434,-0.03315741,-0.02048059,0.6684411,-0.018039212,-0.07997546,-0.28051943
414359.0,0,1,-0.7427963,-0.03236305,-0.020543952,0.6684193,-0.018360676,-0.080859415,-0.2800775
414360.0,0,1,-0.74284154,-0.031576656,-0.020577654,0.6684056,-0.018693715,-0.081755765,-0.27962488
414361.0,0,1,-0.74287903,-0.030858526,-0.020571152,0.66839767,-0.019036736,-0.08266207,-0.2791634
414362.0,0,1,-0.7429025,-0.030217385,-0.020529125,0.6684021,-0.019387648,-0.08357709,-0.2786945
414363.0,0,1,-0.74291444,-0.029628033,-0.02043274,0.6684183,-0.019744717,-0.08449974,-0.2782191
414364.0,0,1,-0.74291813,-0.029077236,-0.02029086,0.66844255,-0.020108,-0.08543257,-0.27773625
414365.0,0,1,-0.7429195,-0.028555842,-0.020109193,0.66846913,-0.020477317,-0.08637735,-0.27724501
414366.0,0,1,-0.7429203,-0.028043067,-0.019884879,0.66849655,-0.02084751,-0.08732157,-0.27675137
414367.0,0,1,-0.7429136,-0.027524672,-0.01962202,0.6685334,-0.021225028,-0.08828297,-0.27624586
414368.0,0,1,-0.74290913,-0.027056294,-0.019325405,0.668566,-0.021606568,-0.0892564,-0.2757317
414369.0,0,1,-0.7428994,-0.026675,-0.019026715,0.66860074,-0.021991266,-0.09024258,-0.2752089
414370.0,0,1,-0.74288726,-0.026346883,-0.018733026,0.66863555,-0.022377344,-0.091239415,-0.27467835
414371.0,0,1,-0.7428806,-0.026049009,-0.01842879,0.66866314,-0.022763772,-0.092249,-0.27413878
414372.0,0,1,-0.7428697,-0.025793513,-0.018134708,0.6686932,-0.023149101,-0.093271196,-0.2735904
414373.0,0,1,-0.74285036,-0.025587844,-0.017881664,0.66872936,-0.023534013,-0.09430822,-0.27303204
414374.0,0,1,-0.7428329,-0.025445957,-0.017673803,0.66875964,-0.023916382,-0.09535309,-0.27246758
414375.0,1,1,-0.74281365,-0.025357382,-0.01751738,0.6687885,-0.017117966,-0.07737568,-0.28179187
414376.0,1,1,-0.74278975,-0.025297051,-0.017408298,0.6688202,-0.017117966,-0.07737568,-0.28179187
414377.0,1,1,-0.7427619,-0.02524338,-0.017314978,0.6688556,-0.017117966,-0.07737568,-0.28179187
414378.0,1,1,-0.74273586,-0.0251905,-0.01723827,0.6688885,-0.017117966,-0.07737568,-0.28179187
414379.0,1,1,-0.7427165,-0.025150508,-0.01719015,0.66891277,-0.017117966,-0.07737568,-0.28179187
414380.0,1,1,-0.7426966,-0.025125543,-0.01715858,0.66893667,-0.017117966,-0.07737568,-0.28179187
414381.0,1,1,-0.7426763,-0.025104774,-0.01714341,0.6689602,-0.017117966,-0.07737568,-0.28179187
414382.0,1,1,-0.742663,-0.025096169,-0.01713436,0.66897553,-0.017117966,-0.07737568,-0.28179187
414383.0,1,1,-0.7426479,-0.025096584,-0.017143933,0.6689921,-0.017117966,-0.07737568,-0.28179187
414384.0,1,1,-0.74263066,-0.025100458,-0.017169014,0.6690104,-0.017117966,-0.07737568,-0.28179187
414385.0,1,1,-0.74261373,-0.02507828,-0.017190792,0.6690295,-0.017117966,-0.07737568,-0.28179187
414386.0,1,1,-0.7425972,-0.025024872,-0.017202867,0.6690495,-0.017117966,-0.07737568,-0.28179187
414387.0,1,1,-0.7425834,-0.024947146,-0.017192721,0.669068,-0.017117966,-0.07737568,-0.28179187
414388.0,1,1,-0.7425702,-0.02486006,-0.017175535,0.6690863,-0.017117966,-0.07737568,-0.28179187
414389.0,1,1,-0.74255127,-0.024778934,-0.017172484,0.6691104,-0.017117966,-0.07737568,-0.28179187
414390.0,1,1,-0.74253374,-0.024699751,-0.017166026,0.669133,-0.017117966,-0.07737568,-0.28179187
414391.0,1,1,-0.7425165,-0.024605922,-0.017141338,0.6691562,-0.017117966,-0.07737568,-0.28179187
414392.0,1,1,-0.7424996,-0.024501128,-0.017099792,0.6691799,-0.017117966,-0.07737568,-0.28179187
414393.0,1,1,-0.7424834,-0.024378913,-0.017034639,0.669204,-0.017117966,-0.07737568,-0.28179187
414394.0,1,1,-0.74246955,-0.024242438,-0.016958034,0.66922617,-0.017117966,-0.07737568,-0.28179187
414395.0,1,1,-0.74245375,-0.024112502,-0.016887935,0.66925025,-0.017117966,-0.07737568,-0.28179187
414396.0,1,1,-0.7424375,-0.023999473,-0.016816631,0.6692741,-0.017117966,-0.07737568,-0.28179187
414397.0,1,1,-0.7424213,-0.023881769,-0.016747268,0.669298,-0.017117966,-0.07737568,-0.28179187
414398.0,1,1,-0.7424087,-0.023749946,-0.016682642,0.6693184,-0.017117966,-0.07737568,-0.28179187
414399.0,1,1,-0.74239415,-0.023618868,-0.01661375,0.6693408,-0.017117966,-0.07737568,-0.28179187
414400.0,1,1,-0.7423799,-0.023491653,-0.016538735,0.6693629,-0.017117966,-0.07737568,-0.28179187
414401.0,1,1,-0.7423672,-0.023372246,-0.016467843,0.6693829,-0.017117966,-0.07737568,-0.28179187
414402.0,1,1,-0.74235266,-0.02324407,-0.016397264,0.6694053,-0.017117966,-0.07737568,-0.28179187
414403.0,1,1,-0.7423383,-0.023106126,-0.016310722,0.6694281,-0.017117966,-0.07737568,-0.28179187
414404.0,1,1,-0.7423244,-0.022955298,-0.016205477,0.66945124,-0.017117966,-0.07737568,-0.28179187
414405.0,1,1,-0.7423104,-0.022804586,-0.016103175,0.6694744,-0.017117966,-0.07737568,-0.28179187
414406.0,1,1,-0.7422944,-0.02266383,-0.016011667,0.6694991,-0.017117966,-0.07737568,-0.28179187
414407.0,1,1,-0.7422765,-0.022535006,-0.015925825,0.6695253,-0.017117966,-0.07737568,-0.28179187
414408.0,1,1,-0.74226385,-0.022411328,-0.015848622,0.66954535,-0.017117966,-0.07737568,-0.28179187
414409.0,1,1,-0.74224746,-0.022299334,-0.015777228,0.66956896,-0.017117966,-0.07737568,-0.28179187
414410.0,1,1,-0.7422328,-0.022207243,-0.015713109,0.66958976,-0.017117966,-0.07737568,-0.28179187
414411.0,1,1,-0.7422219,-0.022126092,-0.015639624,0.66960627,-0.017117966,-0.07737568,-0.28179187
414412.0,1,1,-0.7422117,-0.022030864,-0.0155676855,0.66962236,-0.017117966,-0.07737568,-0.28179187
414413.0,1,1,-0.7421997,-0.021936778,-0.01551618,0.66963995,-0.017117966,-0.07737568,-0.28179187
414414.0,1,1,-0.74219275,-0.021844868,-0.01548129,0.6696515,-0.017117966,-0.07737568,-0.28179187
414415.0,1,1,-0.74218553,-0.021754848,-0.015469686,0.6696627,-0.017117966,-0.07737568,-0.28179187
414416.0,1,1,-0.7421778,-0.021675762,-0.015476214,0.66967374,-0.017117966,-0.07737568,-0.28179187
414417.0,1,1,-0.7421735,-0.021607945,-0.01548354,0.66968054,-0.017117966,-0.07737568,-0.28179187
414418.0,1,1,-0.7421693,-0.02153585,-0.015492425,0.6696873,-0.017117966,-0.07737568,-0.28179187
414419.0,1,1,-0.7421596,-0.021457925,-0.015504529,0.66970015,-0.017117966,-0.07737568,-0.28179187
414420.0,1,1,-0.74215406,-0.021417825,-0.015540519,0.66970676,-0.017117966,-0.07737568,-0.28179187
414421.0,1,1,-0.7421501,-0.021369174,-0.015572087,0.66971195,-0.017117966,-0.07737568,-0.28179187
414422.0,1,1,-0.7421476,-0.021323612,-0.0155971395,0.6697156,-0.017117966,-0.07737568,-0.28179187
414423.0,1,1,-0.7421472,-0.021269726,-0.015600703,0.6697177,-0.017117966,-0.07737568,-0.28179187
414424.0,1,1,-0.7421471,-0.021206459,-0.015581731,0.66972035,-0.017117966,-0.07737568,-0.28179187
414425.0,1,1,-0.74214315,-0.021151146,-0.015563378,0.6697268,-0.017117966,-0.07737568,-0.28179187
414426.0,1,1,-0.74214095,-0.021103343,-0.015545421,0.66973114,-0.017117966,-0.07737568,-0.28179187
414427.0,1,1,-0.7421387,-0.021052256,-0.015522943,0.6697358,-0.017117966,-0.07737568,-0.28179187
414428.0,1,1,-0.74213094,-0.02099853,-0.015492939,0.66974676,-0.017117966,-0.07737568,-0.28179187
414429.0,1,1,-0.742125,-0.020953149,-0.015444966,0.6697559,-0.017117966,-0.07737568,-0.28179187
414430.0,1,1,-0.7421191,-0.02091146,-0.01538683,0.66976506,-0.017117966,-0.07737568,-0.28179187
414431.0,1,1,-0.74211156,-0.02087726,-0.015318944,0.669776,-0.017117966,-0.07737568,-0.28179187
414432.0,1,1,-0.742099,-0.020837894,-0.01523932,0.669793,-0.017117966,-0.07737568,-0.28179187
414433.0,1,1,-0.74208623,-0.020794839,-0.0151697,0.66981006,-0.017117966,-0.07737568,-0.28179187
414434.0,1,1,-0.7420749,-0.020752441,-0.015103427,0.66982543,-0.017117966,-0.07737568,-0.28179187
414435.0,1,1,-0.7420618,-0.020714147,-0.015030623,0.6698428,-0.017117966,-0.07737568,-0.28179187
414436.0,1,1,-0.7420472,-0.02067964,-0.014948079,0.6698619,-0.017117966,-0.07737568,-0.28179187
414437.0,1,1,-0.74203074,-0.020643154,-0.014867817,0.669883,-0.017117966,-0.07737568,-0.28179187
414438.0,1,1,-0.7420143,-0.020591144,-0.014788896,0.6699046,-0.017117966,-0.07737568,-0.28179187
414439.0,1,1,-0.74199426,-0.020533493,-0.01471054,0.6699303,-0.017117966,-0.07737568,-0.28179187
414440.0,1,1,-0.7419727,-0.020469626,-0.014631075,0.6699579,-0.017117966,-0.07737568,-0.28179187
414441.0,1,1,-0.74194926,-0.020415135,-0.014543559,0.6699874,-0.017117966,-0.07737568,-0.28179187
414442.0,1,1,-0.74192405,-0.020367863,-0.014457331,0.6700186,-0.017117966,-0.07737568,-0.28179187
414443.0,1,1,-0.7418973,-0.020317797,-0.014365062,0.67005175,-0.017117966,-0.07737568,-0.28179187
414444.0,1,1,-0.7418725,-0.020268643,-0.01426748,0.6700828,-0.017117966,-0.07737568,-0.28179187
414445.0,1,1,-0.74184936,-0.020237954,-0.0141761545,0.6701111,-0.017117966,-0.07737568,-0.28179187
414446.0,1,1,-0.7418282,-0.020223903,-0.014090659,0.6701368,-0.017117966,-0.07737568,-0.28179187
414447.0,1,1,-0.7418057,-0.020201288,-0.014009986,0.67016417,-0.017117966,-0.07737568,-0.28179187
414448.0,1,1,-0.7417872,-0.020148627,-0.0139341075,0.67018783,-0.017117966,-0.07737568,-0.28179187
414449.0,1,1,-0.74177057,-0.020072307,-0.013864816,0.67021,-0.017117966,-0.07737568,-0.28179187
414450.0,1,1,-0.74175406,-0.020006524,-0.013809075,0.6702314,-0.017117966,-0.07737568,-0.28179187
414451.0,1,1,-0.7417396,-0.01995356,-0.01375891,0.67024994,-0.017117966,-0.07737568,-0.28179187
414452.0,1,1,-0.7417269,-0.01989194,-0.01373025,0.67026645,-0.017117966,-0.07737568,-0.28179187
414453.0,1,1,-0.7417193,-0.0198122,-0.013726396,0.6702773,-0.017117966,-0.07737568,-0.28179187
414454.0,1,1,-0.74170417,-0.019723779,-0.0137413945,0.67029625,-0.017117966,-0.07737568,-0.28179187
414455.0,1,1,-0.7416892,-0.019624658,-0.013770196,0.67031527,-0.017117966,-0.07737568,-0.28179187
414456.0,1,1,-0.7416743,-0.019524613,-0.013797251,0.670334,-0.017117966,-0.07737568,-0.28179187
414457.0,1,1,-0.74165773,-0.019429212,-0.013824488,0.67035455,-0.017117966,-0.07737568,-0.28179187
414458.0,1,1,-0.7416391,-0.019336281,-0.0138603,0.67037714,-0.017117966,-0.07737568,-0.28179187
414459.0,1,1,-0.741622,-0.019245971,-0.013900543,0.6703978,-0.017117966,-0.07737568,-0.28179187
414460.0,1,1,-0.7416012,-0.019152643,-0.013946399,0.6704225,-0.017117966,-0.07737568,-0.28179187
414461.0,1,1,-0.74157864,-0.0190528,-0.013991333,0.6704494,-0.017117966,-0.07737568,-0.28179187
414462.0,1,1,-0.7415578,-0.018951116,-0.014031381,0.6704746,-0.017117966,-0.07737568,-0.28179187
414463.0,1,1,-0.74153507,-0.018847892,-0.014056649,0.670502,-0.017117966,-0.07737568,-0.28179187
414464.0,1,1,-0.74151075,-0.018748537,-0.014065427,0.6705315,-0.017117966,-0.07737568,-0.28179187
414465.0,1,1,-0.7414901,-0.018651972,-0.014065102,0.670557,-0.017117966,-0.07737568,-0.28179187
414466.0,1,1,-0.74146944,-0.01855645,-0.014060859,0.67058265,-0.017117966,-0.07737568,-0.28179187
414467.0,1,1,-0.7414486,-0.018465955,-0.014052688,0.6706084,-0.017117966,-0.07737568,-0.28179187
414468.0,1,1,-0.74143153,-0.018374339,-0.014024649,0.67063034,-0.017117966,-0.07737568,-0.28179187
414469.0,1,1,-0.7414112,-0.018286051,-0.013977531,0.6706562,-0.017117966,-0.07737568,-0.28179187
414470.0,1,1,-0.7413908,-0.018201431,-0.013926162,0.6706821,-0.017117966,-0.07737568,-0.28179187
414471.0,1,1,-0.7413737,-0.01812062,-0.013897097,0.67070377,-0.017117966,-0.07737568,-0.28179187
414472.0,1,1,-0.7413563,-0.018043572,-0.013886208,0.6707254,-0.017117966,-0.07737568,-0.28179187
414473.0,1,1,-0.74133676,-0.017975023,-0.013878719,0.6707489,-0.017117966,-0.07737568,-0.28179187
414474.0,1,1,-0.741319,-0.017898329,-0.013860819,0.67077094,-0.017117966,-0.07737568,-0.28179187
414475.0,1,1,-0.74130124,-0.017818846,-0.013842446,0.6707931,-0.017117966,-0.07737568,-0.28179187
414476.0,1,1,-0.74128705,-0.017747408,-0.013817364,0.6708112,-0.017117966,-0.07737568,-0.28179187
414477.0,1,1,-0.7412714,-0.017683197,-0.013783158,0.6708309,-0.017117966,-0.07737568,-0.28179187
414478.0,1,1,-0.7412524,-0.017625567,-0.013738082,0.67085433,-0.017117966,-0.07737568,-0.28179187
414479.0,1,1,-0.74123687,-0.017562194,-0.013696434,0.670874,-0.017117966,-0.07737568,-0.28179187
414480.0,1,1,-0.74122286,-0.01749396,-0.013659125,0.67089206,-0.017117966,-0.07737568,-0.28179187
414481.0,1,1,-0.74120873,-0.01742086,-0.013626219,0.67091024,-0.017117966,-0.07737568,-0.28179187
414482.0,1,1,-0.7411946,-0.017350541,-0.013592268,0.67092836,-0.017117966,-0.07737568,-0.28179187
414483.0,1,1,-0.74118423,-0.017292675,-0.013546231,0.67094225,-0.017117966,-0.07737568,-0.28179187
414484.0,1,1,-0.7411756,-0.017234165,-0.013494839,0.67095435,-0.017117966,-0.07737568,-0.28179187
414485.0,1,1,-0.7411631,-0.017171383,-0.0134482,0.6709707,-0.017117966,-0.07737568,-0.28179187
414486.0,1,1,-0.74115044,-0.017115751,-0.01340224,0.67098695,-0.017117966,-0.07737568,-0.28179187
414487.0,1,1,-0.7411377,-0.017070025,-0.013347821,0.6710033,-0.017117966,-0.07737568,-0.28179187
414488.0,1,1,-0.7411249,-0.017032513,-0.013283237,0.6710196,-0.017117966,-0.07737568,-0.28179187
414489.0,1,1,-0.74111044,-0.016994996,-0.013219523,0.6710378,-0.017117966,-0.07737568,-0.28179187
414490.0,1,1,-0.74109745,-0.016955987,-0.013164612,0.67105424,-0.017117966,-0.07737568,-0.28179187
414491.0,1,1,-0.74108255,-0.01690151,-0.013110075,0.6710731,-0.017117966,-0.07737568,-0.28179187
414492.0,1,1,-0.74106586,-0.016850496,-0.013043601,0.6710941,-0.017117966,-0.07737568,-0.28179187
414493.0,1,1,-0.7410511,-0.016807636,-0.01296473,0.671113,-0.017117966,-0.07737568,-0.28179187
414494.0,1,1,-0.7410347,-0.01677523,-0.012879842,0.6711336,-0.017117966,-0.07737568,-0.28179187
414495.0,1,1,-0.74101853,-0.01674137,-0.012787655,0.67115414,-0.017117966,-0.07737568,-0.28179187
414496.0,1,1,-0.7410022,-0.016703026,-0.012701436,0.67117465,-0.017117966,-0.07737568,-0.28179187
414497.0,1,1,-0.74098575,-0.016659396,-0.012628268,0.67119527,-0.017117966,-0.07737568,-0.28179187
414498.0,1,1,-0.7409727,-0.01661613,-0.012558706,0.6712121,-0.017117966,-0.07737568,-0.28179187
414499.0,1,1,-0.7409596,-0.016584132,-0.012494608,0.6712285,-0.017117966,-0.07737568,-0.28179187
414500.0,1,1,-0.7409465,-0.01655218,-0.012430971,0.6712449,-0.017117966,-0.07737568,-0.28179187
414501.0,1,1,-0.7409334,-0.016520627,-0.012367907,0.67126137,-0.017117966,-0.07737568,-0.28179187
414502.0,1,1,-0.7409238,-0.016503792,-0.012306545,0.6712735,-0.017117966,-0.07737568,-0.28179187
414503.0,1,1,-0.7409162,-0.016495252,-0.012249197,0.67128325,-0.017117966,-0.07737568,-0.28179187
414504.0,1,1,-0.74091053,-0.01647576,-0.012191969,0.671291,-0.017117966,-0.07737568,-0.28179187
414505.0,1,1,-0.74090475,-0.016459746,-0.0121503845,0.6712985,-0.017117966,-0.07737568,-0.28179187
414506.0,1,1,-0.74089897,-0.01643827,-0.012118137,0.67130595,-0.017117966,-0.07737568,-0.28179187
414507.0,1,1,-0.7408931,-0.016417043,-0.01208978,0.6713134,-0.017117966,-0.07737568,-0.28179187
414508.0,1,1,-0.740889,-0.016394107,-0.012073827,0.67131877,-0.017117966,-0.07737568,-0.28179187
414509.0,1,1,-0.740883,-0.0163726,-0.012062891,0.67132616,-0.017117966,-0.07737568,-0.28179187
414510.0,1,1,-0.74088067,-0.016354322,-0.0120528005,0.6713294,-0.017117966,-0.07737568,-0.28179187
414511.0,1,1,-0.74087834,-0.016337352,-0.012048395,0.6713324,-0.017117966,-0.07737568,-0.28179187
414512.0,1,1,-0.740876,-0.016322378,-0.012042122,0.67133546,-0.017117966,-0.07737568,-0.28179187
414513.0,1,1,-0.7408685,-0.01630352,-0.012032219,0.6713444,-0.017117966,-0.07737568,-0.28179187
414514.0,1,1,-0.74086094,-0.01628984,-0.0120319985,0.6713531,-0.017117966,-0.07737568,-0.28179187
414515.0,1,1,-0.74085706,-0.016265746,-0.0120234545,0.6713581,-0.017117966,-0.07737568,-0.28179187
414516.0,1,1,-0.74085325,-0.016238227,-0.012011052,0.6713632,-0.017117966,-0.07737568,-0.28179187
414517.0,1,1,-0.74084985,-0.016195605,-0.011998137,0.6713682,-0.017117966,-0.07737568,-0.28179187
414518.0,1,1,-0.7408486,-0.016150964,-0.011968113,0.6713712,-0.017117966,-0.07737568,-0.28179187
414519.0,1,1,-0.7408476,-0.016104825,-0.01193015,0.67137414,-0.017117966,-0.07737568,-0.28179187
414520.0,1,1,-0.74084485,-0.016044028,-0.011905883,0.67137897,-0.017117966,-0.07737568,-0.28179187
414521.0,1,1,-0.7408418,-0.015987216,-0.0118959565,0.67138386,-0.017117966,-0.07737568,-0.28179187
414522.0,1,1,-0.7408368,-0.015930304,-0.011892548,0.6713908,-0.017117966,-0.07737568,-0.28179187
414523.0,1,1,-0.7408302,-0.015868196,-0.011886998,0.67139965,-0.017117966,-0.07737568,-0.28179187
414524.0,1,1,-0.74082905,-0.015798531,-0.011871531,0.671403,-0.017117966,-0.07737568,-0.28179187
414525.0,1,1,-0.74082977,-0.01571623,-0.011848137,0.67140454,-0.017117966,-0.07737568,-0.28179187
414526.0,1,1,-0.7408305,-0.015631419,-0.011828699,0.671406,-0.017117966,-0.07737568,-0.28179187
414527.0,1,1,-0.7408292,-0.015552394,-0.011818419,0.67140937,-0.017117966,-0.07737568,-0.28179187
414528.0,1,1,-0.74082786,-0.015487279,-0.011808583,0.6714126,-0.017117966,-0.07737568,-0.28179187
414529.0,1,1,-0.7408283,-0.015430348,-0.011792043,0.6714137,-0.017117966,-0.07737568,-0.28179187
414530.0,1,1,-0.740827,-0.01536743,-0.011768658,0.67141694,-0.017117966,-0.07737568,-0.28179187
414531.0,1,1,-0.74082583,-0.015289367,-0.011749478,0.6714204,-0.017117966,-0.07737568,-0.28179187
414532.0,1,1,-0.74082613,-0.015213707,-0.011738572,0.671422,-0.017117966,-0.07737568,-0.28179187
414533.0,1,1,-0.74082804,-0.015149472,-0.011728067,0.6714215,-0.017117966,-0.07737568,-0.28179187
414534.0,1,1,-0.74083185,-0.015091455,-0.011701702,0.6714191,-0.017117966,-0.07737568,-0.28179187
414535.0,1,1,-0.74083585,-0.01501641,-0.011658931,0.6714171,-0.017117966,-0.07737568,-0.28179187
414536.0,1,1,-0.74083626,-0.014933647,-0.011606891,0.6714193,-0.017117966,-0.07737568,-0.28179187
414537.0,1,1,-0.7408404,-0.014851615,-0.011547351,0.67141765,-0.017117966,-0.07737568,-0.28179187
414538.0,1,1,-0.7408446,-0.0147713395,-0.011483171,0.67141587,-0.017117966,-0.07737568,-0.28179187
414539.0,1,1,-0.7408452,-0.014688804,-0.011419075,0.6714181,-0.017117966,-0.07737568,-0.28179187
414540.0,1,1,-0.740844,-0.014600103,-0.011366659,0.67142224,-0.017117966,-0.07737568,-0.28179187
414541.0,1,1,-0.74084455,-0.014501682,-0.011321218,0.67142457,-0.017117966,-0.07737568,-0.28179187
414542.0,1,1,-0.74084854,-0.014393805,-0.011278151,0.67142326,-0.017117966,-0.07737568,-0.28179187
414543.0,1,1,-0.7408489,-0.014287117,-0.011231832,0.6714259,-0.017117966,-0.07737568,-0.28179187
414544.0,1,1,-0.7408475,-0.014193154,-0.011185566,0.6714302,-0.017117966,-0.07737568,-0.28179187
414545.0,1,1,-0.7408426,-0.014095781,-0.0111337975,0.6714386,-0.017117966,-0.07737568,-0.28179187
414546.0,1,1,-0.74083555,-0.014010787,-0.011090762,0.6714488,-0.017117966,-0.07737568,-0.28179187
414547.0,1,1,-0.74082667,-0.013934371,-0.011054337,0.6714607,-0.017117966,-0.07737568,-0.28179187
414548.0,1,1,-0.7408162,-0.013859843,-0.011016565,0.67147446,-0.017117966,-0.07737568,-0.28179187
414549.0,1,1,-0.7408038,-0.013794953,-0.0109853055,0.67149,-0.017117966,-0.07737568,-0.28179187
414550.0,1,1,-0.74079144,-0.013728331,-0.010963825,0.67150533,-0.017117966,-0.07737568,-0.28179187
414551.0,1,1,-0.740781,-0.01365213,-0.010938473,0.6715188,-0.017117966,-0.07737568,-0.28179187
414552.0,1,1,-0.7407707,-0.013560876,-0.010921567,0.67153233,-0.017117966,-0.07737568,-0.28179187
414553.0,1,1,-0.7407531,-0.013474726,-0.010914943,0.6715535,-0.017117966,-0.07737568,-0.28179187
414554.0,1,1,-0.74073565,-0.013388989,-0.010908593,0.6715746,-0.017117966,-0.07737568,-0.28179187
414555.0,1,1,-0.7407179,-0.013318803,-0.01090997,0.6715956,-0.017117966,-0.07737568,-0.28179187
414556.0,1,1,-0.7407017,-0.0132547105,-0.01092367,0.6716145,-0.017117966,-0.07737568,-0.28179187
414557.0,1,1,-0.7406838,-0.013176872,-0.010936652,0.67163557,-0.017117966,-0.07737568,-0.28179187
414558.0,1,1,-0.7406607,-0.013096602,-0.010942433,0.67166245,-0.017117966,-0.07737568,-0.28179187
414559.0,1,1,-0.74063927,-0.013021281,-0.010948313,0.6716875,-0.017117966,-0.07737568,-0.28179187
414560.0,1,1,-0.7406176,-0.0129465675,-0.010956561,0.67171276,-0.017117966,-0.07737568,-0.28179187
414561.0,1,1,-0.7405955,-0.012878304,-0.010969209,0.6717381,-0.017117966,-0.07737568,-0.28179187
414562.0,1,1,-0.74057347,-0.012809897,-0.010976004,0.6717637,-0.017117966,-0.07737568,-0.28179187
414563.0,1,1,-0.7405493,-0.012754072,-0.010964628,0.6717915,-0.017117966,-0.07737568,-0.28179187
414564.0,1,1,-0.74052733,-0.012697122,-0.010937413,0.67181724,-0.017117966,-0.07737568,-0.28179187
414565.0,1,1,-0.7405036,-0.012641783,-0.010888669,0.67184526,-0.017117966,-0.07737568,-0.28179187
414566.0,1,1,-0.74048156,-0.012586525,-0.01083126,0.67187154,-0.017117966,-0.07737568,-0.28179187
414567.0,1,1,-0.74045396,-0.012540662,-0.010772442,0.6719037,-0.017117966,-0.07737568,-0.28179187
414568.0,1,1,-0.7404281,-0.012515109,-0.010702011,0.6719338,-0.017117966,-0.07737568,-0.28179187
414569.0,1,1,-0.7404059,-0.012500198,-0.010614876,0.67195994,-0.017117966,-0.07737568,-0.28179187
414570.0,1,1,-0.7403838,-0.012478141,-0.010520429,0.6719862,-0.017117966,-0.07737568,-0.28179187
414571.0,1,1,-0.7403599,-0.012455228,-0.010421565,0.67201453,-0.017117966,-0.07737568,-0.28179187
414572.0,1,1,-0.7403396,-0.012430106,-0.010308757,0.67203915,-0.017117966,-0.07737568,-0.28179187
414573.0,1,1,-0.7403174,-0.012402271,-0.010185444,0.672066,-0.017117966,-0.07737568,-0.28179187
414574.0,1,1,-0.740297,-0.012377891,-0.01006333,0.6720907,-0.017117966,-0.07737568,-0.28179187
414575.0,1,1,-0.74027866,-0.012337009,-0.009935907,0.6721136,-0.017117966,-0.07737568,-0.28179187
414576.0,1,1,-0.74026036,-0.012288709,-0.009785635,0.6721367,-0.017117966,-0.07737568,-0.28179187
414577.0,1,1,-0.74024224,-0.012238192,-0.009622887,0.67215997,-0.017117966,-0.07737568,-0.28179187
414578.0,1,1,-0.7402245,-0.01216945,-0.009458351,0.67218316,-0.017117966,-0.07737568,-0.28179187
414579.0,1,1,-0.7402066,-0.01209749,-0.009293413,0.67220646,-0.017117966,-0.07737568,-0.28179187
414580.0,1,1,-0.7401904,-0.012028009,-0.0091354,0.67222774,-0.017117966,-0.07737568,-0.28179187
414581.0,1,1,-0.740176,-0.011966837,-0.00899606,0.6722465,-0.017117966,-0.07737568,-0.28179187
414582.0,1,1,-0.74016684,-0.011913411,-0.008865196,0.67225933,-0.017117966,-0.07737568,-0.28179187
414583.0,1,1,-0.74015915,-0.011866743,-0.008753118,0.67227006,-0.017117966,-0.07737568,-0.28179187
414584.0,1,1,-0.7401548,-0.011825891,-0.008647011,0.672277,-0.017117966,-0.07737568,-0.28179187
414585.0,1,1,-0.74015224,-0.011780362,-0.008539845,0.672282,-0.017117966,-0.07737568,-0.28179187
414586.0,1,1,-0.7401496,-0.01172808,-0.008428029,0.67228717,-0.017117966,-0.07737568,-0.28179187
414587.0,1,1,-0.74014866,-0.011687557,-0.008318306,0.6722902,-0.017117966,-0.07737568,-0.28179187
414588.0,1,1,-0.7401442,-0.011659167,-0.0082131745,0.67229694,-0.017117966,-0.07737568,-0.28179187
414589.0,1,1,-0.74013805,-0.011632152,-0.0081113465,0.6723054,-0.017117966,-0.07737568,-0.28179187
414590.0,1,1,-0.74013364,-0.011613614,-0.008017058,0.6723117,-0.017117966,-0.07737568,-0.28179187
414591.0,1,1,-0.74012923,-0.011598338,-0.007927886,0.67231786,-0.017117966,-0.07737568,-0.28179187
414592.0,1,1,-0.74012303,-0.011577283,-0.007855774,0.6723259,-0.017117966,-0.07737568,-0.28179187
414593.0,1,1,-0.7401114,-0.011554205,-0.0078006363,0.67233974,-0.017117966,-0.07737568,-0.28179187
414594.0,1,1,-0.7401015,-0.011539118,-0.007755492,0.6723514,-0.017117966,-0.07737568,-0.28179187
414595.0,1,1,-0.7400934,-0.011527567,-0.0077143074,0.67236114,-0.017117966,-0.07737568,-0.28179187
414596.0,1,1,-0.7400888,-0.0115059605,-0.0076764934,0.67236686,-0.017117966,-0.07737568,-0.28179187
414597.0,1,1,-0.7400844,-0.011475884,-0.0076409024,0.67237264,-0.017117966,-0.07737568,-0.28179187
414598.0,1,1,-0.7400799,-0.011459728,-0.007609264,0.67237836,-0.017117966,-0.07737568,-0.28179187
414599.0,1,1,-0.7400735,-0.01144821,-0.0075766533,0.67238593,-0.017117966,-0.07737568,-0.28179187
414600.0,1,1,-0.74006724,-0.011428331,-0.0075348155,0.6723936,-0.017117966,-0.07737568,-0.28179187
414601.0,1,1,-0.74006474,-0.011394632,-0.0074818167,0.6723975,-0.017117966,-0.07737568,-0.28179187
414602.0,1,1,-0.7400624,-0.011353637,-0.0074371938,0.67240125,-0.017117966,-0.07737568,-0.28179187
414603.0,1,1,-0.74006206,-0.011298356,-0.007400106,0.672403,-0.017117966,-0.07737568,-0.28179187
414604.0,1,1,-0.7400618,-0.011239652,-0.0073709707,0.6724046,-0.017117966,-0.07737568,-0.28179187
414605.0,1,1,-0.7400615,-0.011178642,-0.0073619303,0.672406,-0.017117966,-0.07737568,-0.28179187
414606.0,1,1,-0.74006104,-0.011121236,-0.0073586963,0.6724075,-0.017117966,-0.07737568,-0.28179187
414607.0,1,1,-0.7400588,-0.01106107,-0.0073515517,0.6724111,-0.017117966,-0.07737568,-0.28179187
414608.0,1,1,-0.74005294,-0.010996662,-0.007335094,0.6724187,-0.017117966,-0.07737568,-0.28179187
414609.0,1,1,-0.74004894,-0.010932514,-0.0073064663,0.6724245,-0.017117966,-0.07737568,-0.28179187
414610.0,1,1,-0.7400449,-0.010871108,-0.0072725075,0.67243034,-0.017117966,-0.07737568,-0.28179187
414611.0,1,1,-0.74004245,-0.01081739,-0.0072419713,0.6724342,-0.017117966,-0.07737568,-0.28179187
414612.0,1,1,-0.7400435,-0.010771981,-0.0072008315,0.6724342,-0.017117966,-0.07737568,-0.28179187
414613.0,1,1,-0.74004465,-0.010727577,-0.0071494197,0.6724342,-0.017117966,-0.07737568,-0.28179187
414614.0,1,1,-0.7400495,-0.010676048,-0.0070991004,0.6724302,-0.017117966,-0.07737568,-0.28179187
414615.0,1,1,-0.7400561,-0.010631871,-0.0070371996,0.6724244,-0.017117966,-0.07737568,-0.28179187
414616.0,1,1,-0.74006087,-0.010582022,-0.0069752736,0.67242056,-0.017117966,-0.07737568,-0.28179187
414617.0,1,1,-0.7400656,-0.010536881,-0.006914626,0.6724167,-0.017117966,-0.07737568,-0.28179187
414618.0,1,1,-0.7400721,-0.010499856,-0.006856639,0.6724107,-0.017117966,-0.07737568,-0.28179187
414619.0,1,1,-0.7400785,-0.010455864,-0.0068090837,0.6724048,-0.017117966,-0.07737568,-0.28179187
414620.0,1,1,-0.7400866,-0.010400501,-0.0067667356,0.6723971,-0.017117966,-0.07737568,-0.28179187
414621.0,1,1,-0.740093,-0.010351587,-0.0067277453,0.67239124,-0.017117966,-0.07737568,-0.28179187
414622.0,1,1,-0.740096,-0.010299325,-0.006678557,0.67238927,-0.017117966,-0.07737568,-0.28179187
414623.0,1,1,-0.7400954,-0.010257857,-0.006635159,0.672391,-0.017117966,-0.07737568,-0.28179187
414624.0,1,1,-0.7400929,-0.010224737,-0.0065929466,0.67239463,-0.017117966,-0.07737568,-0.28179187
414625.0,1,1,-0.74009013,-0.01020436,-0.006563466,0.6723982,-0.017117966,-0.07737568,-0.28179187
414626.0,1,1,-0.7400837,-0.010188494,-0.0065536383,0.6724057,-0.017117966,-0.07737568,-0.28179187
414627.0,1,1,-0.74007523,-0.010182157,-0.0065382896,0.67241526,-0.017117966,-0.07737568,-0.28179187
414628.0,1,1,-0.7400666,-0.010189028,-0.006525552,0.67242473,-0.017117966,-0.07737568,-0.28179187
414629.0,1,1,-0.7400582,-0.010187111,-0.006507482,0.6724343,-0.017117966,-0.07737568,-0.28179187
414630.0,1,1,-0.7400479,-0.010184122,-0.006487752,0.67244583,-0.017117966,-0.07737568,-0.28179187
414631.0,1,1,-0.7400339,-0.0101864645,-0.0064739306,0.6724613,-0.017117966,-0.07737568,-0.28179187
414632.0,1,1,-0.74001986,-0.010202027,-0.006471112,0.6724766,-0.017117966,-0.07737568,-0.28179187
414633.0,1,1,-0.7400056,-0.010221145,-0.0064640646,0.67249197,-0.017117966,-0.07737568,-0.28179187
414634.0,1,1,-0.7399933,-0.010235367,-0.006447934,0.6725055,-0.017117966,-0.07737568,-0.28179187
414635.0,1,1,-0.7399812,-0.010244991,-0.0064126924,0.672519,-0.017117966,-0.07737568,-0.28179187
414636.0,1,1,-0.73996365,-0.010256384,-0.0063759536,0.6725385,-0.017117966,-0.07737568,-0.28179187
414637.0,1,1,-0.73994076,-0.010264612,-0.006347916,0.67256385,-0.017117966,-0.07737568,-0.28179187
414638.0,1,1,-0.7399215,-0.010265576,-0.0063056927,0.67258537,-0.017117966,-0.07737568,-0.28179187
414639.0,1,1,-0.7398989,-0.010254162,-0.0062548867,0.6726109,-0.017117966,-0.07737568,-0.28179187
414640.0,1,1,-0.73987454,-0.010239123,-0.006208111,0.67263836,-0.017117966,-0.07737568,-0.28179187
414641.0,1,1,-0.73985547,-0.010231181,-0.0061654923,0.6726599,-0.017117966,-0.07737568,-0.28179187
414642.0,1,1,-0.7398293,-0.01022313,-0.0061198324,0.6726892,-0.017117966,-0.07737568,-0.28179187
414643.0,1,1,-0.7398033,-0.010217993,-0.006068496,0.67271835,-0.017117966,-0.07737568,-0.28179187
414644.0,1,1,-0.73977923,-0.010206112,-0.0060033435,0.67274547,-0.017117966,-0.07737568,-0.28179187
414645.0,1,1,-0.7397571,-0.010180555,-0.0059423083,0.6727708,-0.017117966,-0.07737568,-0.28179187
414646.0,1,1,-0.73973304,-0.010145963,-0.005893032,0.6727982,-0.017117966,-0.07737568,-0.28179187
414647.0,1,1,-0.7397143,-0.010115477,-0.005863942,0.6728195,-0.017117966,-0.07737568,-0.28179187
414648.0,1,1,-0.7396956,-0.010086659,-0.0058331494,0.6728408,-0.017117966,-0.07737568,-0.28179187
414649.0,1,1,-0.73967695,-0.010038809,-0.0057957717,0.6728623,-0.017117966,-0.07737568,-0.28179187
414650.0,1,1,-0.7396601,-0.009974379,-0.0057448745,0.6728822,-0.017117966,-0.07737568,-0.28179187
414651.0,1,1,-0.73964506,-0.009907505,-0.0056871483,0.6729002,-0.017117966,-0.07737568,-0.28179187
414652.0,1,1,-0.73963,-0.009850542,-0.0056213327,0.6729182,-0.017117966,-0.07737568,-0.28179187
414653.0,1,1,-0.73961484,-0.0097963875,-0.0055581527,0.67293614,-0.017117966,-0.07737568,-0.28179187
414654.0,1,1,-0.73959947,-0.0097519625,-0.005500841,0.67295414,-0.017117966,-0.07737568,-0.28179187
414655.0,1,1,-0.73958045,-0.009707797,-0.0054433825,0.67297614,-0.017117966,-0.07737568,-0.28179187
414656.0,1,1,-0.73956305,-0.009667285,-0.0053930636,0.6729963,-0.017117966,-0.07737568,-0.28179187
414657.0,1,1,-0.7395456,-0.009633088,-0.005334217,0.6730164,-0.017117966,-0.07737568,-0.28179187
414658.0,1,1,-0.73953015,-0.00959655,-0.005255223,0.67303455,-0.017117966,-0.07737568,-0.28179187
414659.0,1,1,-0.7395113,-0.0095569715,-0.005167395,0.6730565,-0.017117966,-0.07737568,-0.28179187
414660.0,1,1,-0.73949236,-0.009517634,-0.0050837067,0.6730785,-0.017117966,-0.07737568,-0.28179187
414661.0,1,1,-0.73947704,-0.009478931,-0.00499312,0.67309666,-0.017117966,-0.07737568,-0.28179187
414662.0,1,1,-0.7394635,-0.009437699,-0.0049006487,0.6731127,-0.017117966,-0.07737568,-0.28179187
414663.0,1,1,-0.73945,-0.009399127,-0.0048112352,0.6731288,-0.017117966,-0.07737568,-0.28179187
414664.0,1,1,-0.73943627,-0.009371959,-0.0047267643,0.6731448,-0.017117966,-0.07737568,-0.28179187
