t_us, seq, ax, ay, az, gx, gy, gz, valid, t_imu_us, t_serial_us, missed
226396306,34558,-0.0337,-0.0464,1.0215,0.3052,0.1221,-0.2441,1,479,822,235
226401308,34559,-0.0342,-0.0474,1.0205,0.2441,0.0610,-0.2441,1,497,823,235
226406307,34560,-0.0347,-0.0493,1.0195,0.4272,0.0000,-0.1221,1,509,829,235
226411306,34561,-0.0352,-0.0498,1.0200,0.4272,-0.0610,-0.1221,1,471,803,235
226416308,34562,-0.0352,-0.0488,1.0215,0.3662,-0.0610,-0.2441,1,492,845,235
226421301,34563,-0.0337,-0.0493,1.0225,0.3662,-0.0610,-0.2441,1,466,876,235
226426301,34564,-0.0337,-0.0503,1.0215,0.4272,0.0000,-0.3052,1,466,879,235
226431302,34565,-0.0347,-0.0513,1.0200,0.3662,0.0000,-0.2441,1,466,825,235
226436307,34566,-0.0361,-0.0522,1.0186,0.4883,-0.0610,-0.3052,1,466,832,235
226441305,34567,-0.0361,-0.0518,1.0186,0.6104,-0.1831,-0.3662,1,466,874,235
226446304,34568,-0.0342,-0.0503,1.0210,0.6104,-0.1831,-0.3052,1,466,878,235
226451304,34569,-0.0322,-0.0483,1.0229,0.6104,-0.2441,-0.3052,1,466,868,235
226456308,34570,-0.0312,-0.0469,1.0239,0.7324,-0.1221,-0.3052,1,466,879,235
226461302,34571,-0.0312,-0.0464,1.0234,0.6104,-0.1831,-0.3052,1,466,898,235
226466307,34572,-0.0312,-0.0469,1.0220,0.6104,-0.0610,-0.4272,1,466,899,235
226471304,34573,-0.0327,-0.0479,1.0210,0.6714,-0.1221,-0.3662,1,481,894,235
226476308,34574,-0.0337,-0.0479,1.0205,0.6104,-0.1831,-0.3052,1,510,863,235
226481302,34575,-0.0332,-0.0483,1.0205,0.5493,-0.0610,-0.3052,1,492,898,235
226486302,34576,-0.0337,-0.0508,1.0195,0.7324,-0.1831,-0.4272,1,494,865,235
226491302,34577,-0.0342,-0.0518,1.0200,0.7324,-0.0610,-0.3662,1,474,776,235
226496304,34578,-0.0332,-0.0503,1.0210,0.7324,-0.1221,-0.3662,1,477,828,235
226501304,34579,-0.0327,-0.0488,1.0220,0.7324,0.0610,-0.4272,1,500,828,235
226506303,34580,-0.0327,-0.0479,1.0220,0.7935,-0.0610,-0.3052,1,504,833,235
226511305,34581,-0.0317,-0.0498,1.0215,0.7935,-0.1221,-0.4883,1,507,851,235
226516304,34582,-0.0327,-0.0518,1.0210,0.8545,-0.2441,-0.3662,1,475,849,235
226521301,34583,-0.0332,-0.0518,1.0210,0.9766,-0.2441,-0.3052,1,478,849,235
226526306,34584,-0.0337,-0.0503,1.0210,0.8545,-0.2441,-0.3052,1,493,843,235
226531302,34585,-0.0347,-0.0493,1.0195,0.9155,-0.2441,-0.4883,1,466,870,235
226536308,34586,-0.0371,-0.0522,1.0151,0.9766,-0.2441,-0.4272,1,466,883,235
226541308,34587,-0.0361,-0.0488,1.0161,1.3428,-0.4883,-0.4272,1,466,884,235
226546308,34588,-0.0337,-0.0454,1.0215,0.9766,-0.2441,-0.6104,1,466,883,235
226551302,34589,-0.0337,-0.0474,1.0220,1.1597,-0.3052,-0.5493,1,466,875,235
226556308,34590,-0.0337,-0.0454,1.0210,1.2817,-0.6104,-0.4272,1,466,874,235
226561302,34591,-0.0327,-0.0435,1.0205,1.0986,-0.3052,-0.4883,1,465,878,235
226566303,34592,-0.0327,-0.0459,1.0200,0.9766,-0.3662,-0.5493,1,466,875,235
226571307,34593,-0.0337,-0.0483,1.0195,1.0376,-0.4272,-0.4883,1,483,878,235
226576304,34594,-0.0347,-0.0483,1.0195,1.1597,-0.3662,-0.4883,1,465,879,235
226581330,34595,-0.0342,-0.0488,1.0215,1.3428,-0.6104,-0.4272,1,485,869,235
226586301,34596,-0.0322,-0.0483,1.0229,1.2817,-0.4883,-0.4883,1,484,864,235
226591303,34597,-0.0312,-0.0454,1.0234,1.3428,-0.4272,-0.5493,1,479,922,235
226596308,34598,-0.0312,-0.0435,1.0234,1.2817,-0.5493,-0.5493,1,500,949,235
226601310,34599,-0.0312,-0.0435,1.0234,1.0376,-0.4883,-0.6104,1,476,788,235
226606304,34600,-0.0312,-0.0449,1.0234,0.9766,-0.4883,-0.6714,1,499,776,235
226611301,34601,-0.0312,-0.0449,1.0234,0.9155,-0.4883,-0.6104,1,489,855,235
226616308,34602,-0.0308,-0.0444,1.0234,0.8545,-0.3662,-0.5493,1,489,855,235
226621305,34603,-0.0308,-0.0449,1.0225,0.8545,-0.2441,-0.4883,1,494,833,235
226626306,34604,-0.0312,-0.0459,1.0225,0.7935,-0.4272,-0.4272,1,487,844,235
226631306,34605,-0.0317,-0.0464,1.0239,0.8545,-0.3662,-0.4272,1,486,874,235
226636302,34606,-0.0312,-0.0459,1.0249,0.7324,-0.3052,-0.5493,1,493,853,235
226641301,34607,-0.0312,-0.0444,1.0249,0.6104,-0.2441,-0.4883,1,466,902,235
226646303,34608,-0.0312,-0.0449,1.0249,0.4883,-0.0610,-0.4883,1,466,905,235
226651302,34609,-0.0317,-0.0459,1.0239,0.3052,-0.0610,-0.3662,1,466,901,235
226656302,34610,-0.0322,-0.0464,1.0234,0.4272,-0.0610,-0.3052,1,466,877,235
226661302,34611,-0.0322,-0.0464,1.0244,0.3052,-0.0610,-0.3662,1,465,877,235
226666302,34612,-0.0322,-0.0469,1.0259,0.3052,0.0000,-0.3662,1,466,877,235
226671310,34613,-0.0322,-0.0464,1.0254,0.3052,-0.0610,-0.3052,1,466,829,235
226676304,34614,-0.0322,-0.0459,1.0244,0.2441,-0.1221,-0.3052,1,466,869,235
226681302,34615,-0.0322,-0.0469,1.0229,0.2441,-0.0610,-0.3662,1,483,876,235
226686304,34616,-0.0322,-0.0474,1.0220,0.2441,0.0000,-0.4272,1,466,868,235
226691305,34617,-0.0317,-0.0469,1.0234,0.2441,-0.1221,-0.4272,1,484,833,235
226696304,34618,-0.0303,-0.0454,1.0254,0.1221,0.0610,-0.2441,1,491,828,235
226701302,34619,-0.0298,-0.0454,1.0244,0.1221,0.0610,-0.3662,1,467,805,235
226706301,34620,-0.0308,-0.0449,1.0225,0.1221,-0.0610,-0.3052,1,493,865,235
226711310,34621,-0.0308,-0.0444,1.0229,0.0610,0.0610,-0.3662,1,471,846,235
226716309,34622,-0.0303,-0.0449,1.0249,0.0610,0.1831,-0.3662,1,489,838,235
226721304,34623,-0.0298,-0.0449,1.0254,0.0000,0.3052,-0.2441,1,488,831,235
226726301,34624,-0.0303,-0.0444,1.0239,0.0000,0.3662,-0.2441,1,489,782,235
226731308,34625,-0.0303,-0.0459,1.0210,-0.1221,0.3052,-0.3662,1,509,788,235
226736306,34626,-0.0312,-0.0459,1.0205,0.1221,0.1221,-0.3052,1,492,837,235
226741308,34627,-0.0317,-0.0459,1.0225,0.0610,0.0000,-0.3052,1,493,862,235
226746304,34628,-0.0312,-0.0464,1.0239,0.0000,0.0610,-0.2441,1,493,797,235
226751309,34629,-0.0308,-0.0464,1.0239,0.0000,0.1221,-0.3052,1,466,856,235
226756303,34630,-0.0317,-0.0464,1.0225,-0.0610,0.0610,-0.3052,1,466,822,235
226761308,34631,-0.0322,-0.0469,1.0205,-0.1221,0.0610,-0.2441,1,466,870,235
226766306,34632,-0.0327,-0.0483,1.0200,0.0000,-0.0610,-0.3052,1,466,874,235
226771305,34633,-0.0327,-0.0479,1.0190,0.0610,-0.0610,-0.3662,1,466,829,235
226776306,34634,-0.0317,-0.0479,1.0190,-0.1221,0.0000,-0.4883,1,466,877,235
226781303,34635,-0.0308,-0.0483,1.0215,-0.0610,-0.0610,-0.2441,1,466,828,235
226786303,34636,-0.0298,-0.0474,1.0244,0.0000,0.0610,-0.1831,1,465,875,235
226791304,34637,-0.0293,-0.0459,1.0244,-0.0610,0.0610,-0.3052,1,483,831,235
226796306,34638,-0.0308,-0.0459,1.0234,-0.0610,0.1221,-0.2441,1,465,869,235
226801305,34639,-0.0317,-0.0469,1.0234,-0.1221,0.0000,-0.1831,1,482,862,235
226806304,34640,-0.0312,-0.0454,1.0239,-0.0610,0.0000,-0.2441,1,484,828,235
226811309,34641,-0.0308,-0.0435,1.0254,-0.1221,0.0000,-0.2441,1,492,901,235
226816308,34642,-0.0303,-0.0435,1.0249,-0.1221,0.1221,-0.3052,1,483,704,235
226821302,34643,-0.0308,-0.0444,1.0234,-0.1221,0.1221,-0.3052,1,505,739,235
226826306,34644,-0.0322,-0.0449,1.0220,-0.1831,0.1221,-0.1831,1,489,848,235
226831306,34645,-0.0327,-0.0449,1.0220,-0.1831,0.1221,-0.0610,1,486,833,235
226836302,34646,-0.0317,-0.0454,1.0234,-0.2441,0.0610,-0.1221,1,485,830,235
226841301,34647,-0.0308,-0.0454,1.0249,-0.3052,0.0000,-0.2441,1,504,832,235
226846310,34648,-0.0312,-0.0449,1.0244,-0.2441,0.1221,-0.2441,1,509,783,235
226851309,34649,-0.0317,-0.0474,1.0234,-0.3662,0.0610,-0.3052,1,490,877,235
226856303,34650,-0.0293,-0.0469,1.0244,-0.2441,0.1221,-0.1221,1,489,847,235
226861307,34651,-0.0278,-0.0430,1.0259,-0.4883,0.2441,-0.1221,1,466,870,235
226866308,34652,-0.0283,-0.0439,1.0264,-0.7935,0.3052,-0.1831,1,466,875,235
226871305,34653,-0.0288,-0.0454,1.0254,-0.7324,0.4883,-0.1221,1,466,877,235
226876308,34654,-0.0283,-0.0459,1.0244,-0.7935,0.3052,-0.0610,1,466,878,235
226881303,34655,-0.0273,-0.0469,1.0244,-0.7324,0.4272,-0.1831,1,466,875,235
226886304,34656,-0.0278,-0.0469,1.0239,-0.6714,0.5493,-0.0610,1,466,882,235
226891304,34657,-0.0298,-0.0454,1.0225,-0.7935,0.6104,-0.0610,1,466,877,235
226896322,34658,-0.0317,-0.0435,1.0225,-1.0376,0.5493,-0.1221,1,466,873,235
226901303,34659,-0.0317,-0.0439,1.0244,-1.0376,0.4272,-0.1831,1,466,874,235
226906302,34660,-0.0293,-0.0439,1.0254,-1.0376,0.6714,-0.1831,1,484,884,235
226911303,34661,-0.0288,-0.0435,1.0244,-1.2207,0.7935,-0.1221,1,477,865,235
226916302,34662,-0.0308,-0.0449,1.0229,-1.2817,0.7324,-0.1221,1,465,828,235
226921303,34663,-0.0332,-0.0483,1.0220,-1.3428,0.7935,0.0610,1,491,906,235
226926303,34664,-0.0337,-0.0508,1.0220,-1.3428,0.7324,-0.0610,1,485,865,235
226931303,34665,-0.0337,-0.0503,1.0225,-1.2817,0.8545,-0.1221,1,508,754,235
226936301,34666,-0.0337,-0.0488,1.0210,-1.2817,0.7935,0.0000,1,487,787,235
226941306,34667,-0.0337,-0.0483,1.0190,-1.2207,0.7324,-0.1221,1,493,785,235
226946305,34668,-0.0337,-0.0488,1.0176,-1.0986,0.6104,-0.3052,1,488,830,235
226951308,34669,-0.0337,-0.0498,1.0176,-1.0986,0.6104,-0.2441,1,506,824,235
226956306,34670,-0.0322,-0.0503,1.0190,-1.0376,0.3662,-0.1831,1,474,848,235
226961306,34671,-0.0308,-0.0493,1.0225,-1.0986,0.4272,-0.3052,1,483,848,235
226966305,34672,-0.0298,-0.0488,1.0244,-1.0376,0.3662,-0.1831,1,492,847,235
226971309,34673,-0.0303,-0.0488,1.0234,-0.9766,0.4883,-0.1221,1,466,881,235
226976309,34674,-0.0312,-0.0493,1.0210,-1.1597,0.4272,-0.1221,1,466,872,235
226981307,34675,-0.0322,-0.0508,1.0200,-1.0376,0.4272,-0.1221,1,466,901,235
226986304,34676,-0.0332,-0.0513,1.0200,-0.9766,0.4883,-0.1221,1,466,872,235
226991309,34677,-0.0332,-0.0513,1.0210,-0.8545,0.4883,-0.1221,1,466,871,235
226996309,34678,-0.0322,-0.0518,1.0215,-0.8545,0.4883,-0.2441,1,466,872,235
227001310,34679,-0.0322,-0.0518,1.0205,-0.9155,0.5493,-0.2441,1,466,878,235
227006303,34680,-0.0332,-0.0518,1.0186,-0.9155,0.3662,-0.0610,1,466,884,235
227011302,34681,-0.0352,-0.0513,1.0181,-0.9155,0.3662,-0.1831,1,483,878,235
227016302,34682,-0.0356,-0.0513,1.0190,-0.6714,0.2441,-0.1221,1,466,875,235
227021332,34683,-0.0352,-0.0508,1.0200,-0.5493,0.1831,-0.1221,1,484,865,235
227026308,34684,-0.0342,-0.0518,1.0205,-0.5493,0.2441,-0.1831,1,483,861,235
227031303,34685,-0.0332,-0.0522,1.0215,-0.3662,0.2441,-0.1831,1,497,909,235
227036303,34686,-0.0327,-0.0508,1.0210,-0.4272,0.1831,-0.1221,1,503,874,235
227041302,34687,-0.0332,-0.0498,1.0205,-0.2441,0.2441,-0.1831,1,482,751,235
227046302,34688,-0.0327,-0.0493,1.0210,-0.1831,0.1831,-0.2441,1,486,866,235
227051301,34689,-0.0322,-0.0498,1.0229,-0.1831,0.2441,-0.1831,1,490,837,235
227056301,34690,-0.0322,-0.0508,1.0234,-0.1831,0.2441,-0.3052,1,487,841,235
227061308,34691,-0.0322,-0.0503,1.0234,0.0000,0.2441,-0.1221,1,497,831,235
227066305,34692,-0.0312,-0.0483,1.0229,-0.0610,0.2441,0.0000,1,480,801,235
227071302,34693,-0.0317,-0.0474,1.0220,-0.2441,0.3052,-0.1831,1,486,831,235
227076310,34694,-0.0327,-0.0493,1.0195,-0.0610,0.1831,-0.0610,1,493,847,235
227081305,34695,-0.0312,-0.0503,1.0210,-0.1831,0.2441,-0.2441,1,466,878,235
227086305,34696,-0.0303,-0.0513,1.0220,-0.3052,0.3052,-0.0610,1,466,903,235
227091305,34697,-0.0312,-0.0518,1.0205,-0.1221,0.3662,-0.1831,1,466,865,235
227096304,34698,-0.0332,-0.0508,1.0186,-0.1221,0.3662,-0.1831,1,466,902,235
227101303,34699,-0.0352,-0.0518,1.0176,0.0000,0.2441,-0.1831,1,466,875,235
227106305,34700,-0.0352,-0.0527,1.0186,0.1831,0.2441,-0.2441,1,466,831,235
227111301,34701,-0.0332,-0.0518,1.0215,0.3052,0.0610,-0.0610,1,466,883,235
227116305,34702,-0.0317,-0.0498,1.0249,0.1831,0.1831,-0.1831,1,466,870,235
227121307,34703,-0.0312,-0.0488,1.0244,0.1831,0.1221,-0.3052,1,483,888,235
227126305,34704,-0.0317,-0.0498,1.0229,0.1221,0.1221,-0.2441,1,465,902,235
227131307,34705,-0.0317,-0.0508,1.0229,0.0610,0.1221,-0.1221,1,484,868,235
227136308,34706,-0.0312,-0.0503,1.0234,0.1831,0.1831,-0.1831,1,484,812,235
227141307,34707,-0.0317,-0.0488,1.0234,0.1221,0.2441,-0.2441,1,481,933,235
227146301,34708,-0.0322,-0.0483,1.0239,0.0000,0.1831,-0.1221,1,483,871,235
227151310,34709,-0.0327,-0.0508,1.0234,0.0610,0.0610,-0.1831,1,492,798,235
227156305,34710,-0.0322,-0.0532,1.0229,0.1831,0.1831,-0.1221,1,486,838,235
227161307,34711,-0.0312,-0.0527,1.0220,0.1221,0.1221,-0.1831,1,493,836,235
227166307,34712,-0.0317,-0.0518,1.0210,0.1221,0.1831,-0.0610,1,490,853,235
227171302,34713,-0.0327,-0.0513,1.0200,0.2441,0.2441,-0.0610,1,506,845,235
227176308,34714,-0.0327,-0.0513,1.0205,0.1831,0.1831,-0.3052,1,478,849,235
227181302,34715,-0.0312,-0.0513,1.0215,0.1831,0.1221,-0.1831,1,491,849,235
227186304,34716,-0.0312,-0.0503,1.0215,0.1831,0.1221,-0.1831,1,493,873,235
227191303,34717,-0.0332,-0.0493,1.0210,0.2441,0.1831,-0.0610,1,466,899,235
227196307,34718,-0.0342,-0.0488,1.0205,0.1221,0.3052,-0.1831,1,466,880,235
227201304,34719,-0.0327,-0.0493,1.0205,0.1831,0.1831,-0.1831,1,465,873,235
227206309,34720,-0.0312,-0.0493,1.0215,0.1221,0.1831,-0.1831,1,466,887,235
227211302,34721,-0.0308,-0.0483,1.0225,0.1831,0.1831,-0.1831,1,466,906,235
227216304,34722,-0.0303,-0.0474,1.0234,0.0610,0.1831,-0.0610,1,466,881,235
227221310,34723,-0.0303,-0.0479,1.0249,-0.1221,0.2441,-0.0610,1,466,873,235
227226308,34724,-0.0312,-0.0483,1.0259,0.0610,0.1831,-0.0610,1,466,873,235
227231305,34725,-0.0312,-0.0483,1.0249,0.0000,0.1831,-0.0610,1,483,902,235
227236316,34726,-0.0312,-0.0498,1.0220,-0.0610,0.1221,-0.0610,1,466,849,235
227241307,34727,-0.0317,-0.0503,1.0200,-0.0610,0.0610,-0.1221,1,484,886,235
227246305,34728,-0.0332,-0.0503,1.0190,0.0000,0.0610,-0.1831,1,492,894,235
227251301,34729,-0.0337,-0.0508,1.0181,0.1221,-0.0610,-0.1831,1,479,704,235
227256309,34730,-0.0327,-0.0508,1.0200,0.0000,-0.0610,-0.3052,1,509,802,235
227261303,34731,-0.0308,-0.0503,1.0234,0.0000,-0.1221,-0.1831,1,481,775,235
227266301,34732,-0.0303,-0.0493,1.0244,0.1221,-0.0610,-0.0610,1,491,779,235
227271301,34733,-0.0308,-0.0483,1.0229,-0.0610,0.0000,-0.1221,1,496,824,235
227276308,34734,-0.0327,-0.0488,1.0220,0.0610,0.1831,-0.1831,1,489,780,235
227281304,34735,-0.0342,-0.0493,1.0220,-0.0610,0.1831,-0.0610,1,485,832,235
227286306,34736,-0.0347,-0.0488,1.0220,-0.1221,-0.0610,-0.0610,1,476,847,235
227291301,34737,-0.0337,-0.0488,1.0220,-0.0610,-0.0610,-0.1831,1,492,843,235
227296301,34738,-0.0327,-0.0493,1.0225,-0.1221,0.0610,-0.1221,1,466,875,235
227301301,34739,-0.0317,-0.0508,1.0234,-0.1221,0.0610,-0.2441,1,465,872,235
227306302,34740,-0.0317,-0.0508,1.0239,-0.1221,0.0000,-0.1221,1,466,876,235
227311302,34741,-0.0312,-0.0493,1.0244,-0.1221,0.0610,-0.0610,1,466,826,235
227316301,34742,-0.0303,-0.0493,1.0244,-0.1221,0.1221,-0.1831,1,466,901,235
227321309,34743,-0.0298,-0.0488,1.0234,-0.0610,0.1221,-0.1221,1,466,875,235
227326304,34744,-0.0293,-0.0474,1.0244,-0.1221,0.0610,-0.1221,1,466,872,235
227331307,34745,-0.0283,-0.0488,1.0254,-0.2441,0.3052,-0.2441,1,466,869,235
227336304,34746,-0.0293,-0.0508,1.0249,-0.3052,0.4883,-0.1831,1,483,880,235
227341309,34747,-0.0298,-0.0513,1.0244,-0.1831,0.3662,0.0000,1,465,862,235
227346313,34748,-0.0298,-0.0498,1.0239,-0.2441,0.3052,-0.0610,1,485,777,235
227351303,34749,-0.0303,-0.0474,1.0225,-0.1831,0.6104,-0.1221,1,465,874,235
227356308,34750,-0.0327,-0.0483,1.0220,-0.2441,0.4883,-0.0610,1,506,895,235
227361301,34751,-0.0337,-0.0522,1.0210,-0.1831,0.2441,-0.0610,1,481,868,235
227366302,34752,-0.0327,-0.0513,1.0215,-0.0610,0.3052,-0.0610,1,469,856,235
227371302,34753,-0.0317,-0.0488,1.0229,-0.3052,0.3662,-0.0610,1,494,824,235
227376302,34754,-0.0303,-0.0488,1.0244,-0.2441,0.3662,0.0000,1,498,831,235
227381304,34755,-0.0293,-0.0498,1.0244,-0.3052,0.4272,-0.0610,1,498,815,235
227386309,34756,-0.0293,-0.0508,1.0244,-0.3662,0.4883,0.0000,1,507,855,235
227391308,34757,-0.0293,-0.0508,1.0244,-0.1831,0.6714,0.0000,1,474,801,235
227396302,34758,-0.0288,-0.0513,1.0239,-0.1831,0.5493,0.0000,1,478,800,235
227401310,34759,-0.0303,-0.0513,1.0229,-0.3052,0.6714,0.0610,1,493,808,235
227406302,34760,-0.0322,-0.0518,1.0210,-0.1831,0.6714,0.1221,1,466,869,235
227411308,34761,-0.0327,-0.0522,1.0205,0.0000,0.6104,0.0000,1,466,873,235
227416301,34762,-0.0322,-0.0542,1.0205,-0.0610,0.6104,-0.0610,1,466,786,235
227421309,34763,-0.0317,-0.0537,1.0200,0.0000,0.6104,-0.0610,1,466,872,235
227426301,34764,-0.0327,-0.0518,1.0205,0.0000,0.6104,0.0000,1,466,829,235
227431307,34765,-0.0332,-0.0508,1.0210,0.0610,0.6104,0.0000,1,466,782,235
227436327,34766,-0.0342,-0.0503,1.0205,0.0610,0.4272,-0.1221,1,466,822,235
227441307,34767,-0.0342,-0.0518,1.0195,-0.1221,0.4272,-0.2441,1,466,870,235
227446301,34768,-0.0327,-0.0527,1.0205,0.0000,0.3052,-0.1831,1,484,877,235
227451308,34769,-0.0322,-0.0508,1.0210,0.1221,0.1831,-0.1221,1,482,822,235
227456309,34770,-0.0332,-0.0508,1.0210,0.0610,0.1221,-0.1221,1,465,866,235
227461305,34771,-0.0322,-0.0518,1.0220,0.0610,0.2441,-0.0610,1,492,891,235
227466308,34772,-0.0312,-0.0513,1.0220,0.1831,0.4272,-0.0610,1,471,863,235
227471307,34773,-0.0317,-0.0508,1.0220,0.1221,0.3052,-0.0610,1,496,844,235
227476302,34774,-0.0317,-0.0522,1.0215,0.1831,0.3052,-0.1221,1,496,782,235
227481308,34775,-0.0322,-0.0513,1.0210,0.3052,0.3662,-0.0610,1,504,828,235
227486306,34776,-0.0332,-0.0483,1.0215,0.2441,0.3662,-0.0610,1,503,824,235
227491308,34777,-0.0327,-0.0479,1.0220,0.0610,0.4272,-0.1831,1,501,855,235
227496309,34778,-0.0317,-0.0488,1.0215,0.1221,0.5493,0.0000,1,490,848,235
227501308,34779,-0.0317,-0.0508,1.0225,0.1221,0.3662,-0.0610,1,471,803,235
227506303,34780,-0.0317,-0.0522,1.0244,0.1221,0.3052,-0.0610,1,493,842,235
227511303,34781,-0.0317,-0.0522,1.0244,0.1831,0.3662,-0.1221,1,466,845,235
227516308,34782,-0.0317,-0.0508,1.0229,0.1221,0.4272,-0.0610,1,466,882,235
227521305,34783,-0.0317,-0.0498,1.0239,0.1221,0.3662,0.0000,1,466,874,235
227526306,34784,-0.0312,-0.0498,1.0249,0.0000,0.4272,-0.0610,1,466,836,235
227531306,34785,-0.0308,-0.0513,1.0234,0.0000,0.3662,-0.1221,1,466,859,235
227536305,34786,-0.0308,-0.0508,1.0215,0.1831,0.3662,-0.0610,1,465,828,235
227541310,34787,-0.0322,-0.0493,1.0205,0.1831,0.3662,-0.1831,1,466,872,235
227546305,34788,-0.0342,-0.0498,1.0200,-0.1221,0.2441,-0.3052,1,466,886,235
227551302,34789,-0.0337,-0.0508,1.0210,0.0000,0.2441,-0.1831,1,483,871,235
227556301,34790,-0.0312,-0.0498,1.0234,0.1221,0.3052,0.0000,1,466,771,235
227561324,34791,-0.0298,-0.0483,1.0244,0.0000,0.3662,-0.0610,1,484,795,235
227566303,34792,-0.0298,-0.0483,1.0225,-0.0610,0.4883,-0.0610,1,465,873,235
227571307,34793,-0.0312,-0.0498,1.0215,-0.0610,0.4883,-0.0610,1,501,899,235
227576305,34794,-0.0322,-0.0508,1.0215,0.0000,0.6104,0.0610,1,499,953,235
227581301,34795,-0.0337,-0.0503,1.0205,0.0000,0.4272,0.0610,1,502,738,235
227586303,34796,-0.0347,-0.0493,1.0205,-0.0610,0.4272,0.0610,1,486,778,235
227591305,34797,-0.0327,-0.0493,1.0215,0.0000,0.4272,0.0000,1,486,827,235
227596305,34798,-0.0312,-0.0508,1.0215,0.0610,0.3662,0.0610,1,482,743,235
227601309,34799,-0.0317,-0.0508,1.0210,0.1221,0.3052,0.0000,1,508,847,235
227606307,34800,-0.0327,-0.0493,1.0215,0.0000,0.3662,0.0000,1,491,791,235
227611304,34801,-0.0327,-0.0483,1.0229,0.0000,0.1831,0.1221,1,475,760,235
227616308,34802,-0.0317,-0.0488,1.0234,0.0610,0.1831,-0.0610,1,493,805,235
227621303,34803,-0.0308,-0.0488,1.0234,0.0610,0.4272,-0.0610,1,466,851,235
227626305,34804,-0.0312,-0.0503,1.0234,0.0000,0.5493,0.0000,1,466,874,235
227631309,34805,-0.0327,-0.0518,1.0225,0.0610,0.6104,0.0000,1,466,811,235
227636301,34806,-0.0327,-0.0508,1.0229,0.0000,0.4272,0.0000,1,466,826,235
227641304,34807,-0.0322,-0.0508,1.0244,0.0000,0.6104,0.0000,1,466,786,235
227646303,34808,-0.0327,-0.0513,1.0239,0.0000,0.5493,0.0610,1,466,783,235
227651305,34809,-0.0322,-0.0508,1.0234,0.0000,0.3662,0.0610,1,466,832,235
227656307,34810,-0.0317,-0.0503,1.0234,0.0000,0.4883,0.0610,1,465,831,235
227661306,34811,-0.0332,-0.0503,1.0215,-0.1221,0.3662,0.0000,1,483,829,235
227666306,34812,-0.0337,-0.0508,1.0195,0.0000,0.3052,-0.1221,1,466,817,235
227671329,34813,-0.0332,-0.0503,1.0205,0.0610,0.3662,-0.1221,1,484,820,235
227676305,34814,-0.0317,-0.0498,1.0220,0.0610,0.4272,-0.0610,1,484,861,235
227681301,34815,-0.0312,-0.0498,1.0229,0.0610,0.2441,0.0610,1,498,904,235
227686305,34816,-0.0317,-0.0503,1.0229,0.1831,0.3052,0.0610,1,481,892,235
227691310,34817,-0.0327,-0.0503,1.0220,0.1831,0.3052,0.0610,1,502,751,235
227696301,34818,-0.0332,-0.0503,1.0210,0.1221,0.3052,0.0610,1,476,835,235
227701304,34819,-0.0327,-0.0498,1.0210,0.0610,0.3662,-0.0610,1,486,817,235
227706301,34820,-0.0322,-0.0488,1.0215,0.1221,0.3052,-0.0610,1,488,830,235
227711302,34821,-0.0322,-0.0483,1.0215,0.0610,0.3662,0.0610,1,490,845,235
227716310,34822,-0.0322,-0.0493,1.0215,0.0000,0.4272,0.0000,1,491,849,235
227721306,34823,-0.0317,-0.0503,1.0210,0.1221,0.4272,0.0000,1,492,760,235
227726303,34824,-0.0322,-0.0503,1.0215,0.0610,0.4272,0.0000,1,493,797,235
227731302,34825,-0.0327,-0.0498,1.0215,0.0610,0.3662,0.1221,1,466,799,235
227736310,34826,-0.0342,-0.0493,1.0205,0.0610,0.4883,0.0610,1,466,874,235
227741301,34827,-0.0347,-0.0493,1.0195,0.1221,0.4272,0.0000,1,466,873,235
227746301,34828,-0.0347,-0.0498,1.0190,0.1831,0.4272,0.0610,1,466,833,235
227751309,34829,-0.0356,-0.0508,1.0186,0.1831,0.4272,0.1221,1,466,879,235
227756307,34830,-0.0366,-0.0518,1.0186,0.2441,0.1831,0.0000,1,466,874,235
227761310,34831,-0.0352,-0.0522,1.0205,0.3052,0.1221,-0.1221,1,466,833,235
227766303,34832,-0.0322,-0.0513,1.0220,0.3662,0.1831,-0.1831,1,466,869,235
227771309,34833,-0.0308,-0.0493,1.0234,0.3052,0.0610,-0.0610,1,465,883,235
227776310,34834,-0.0322,-0.0493,1.0220,0.4272,0.0000,-0.1831,1,466,870,235
227781308,34835,-0.0337,-0.0503,1.0205,0.3662,0.1221,-0.0610,1,484,780,235
227786302,34836,-0.0332,-0.0503,1.0215,0.3662,0.0610,-0.0610,1,465,897,235
227791305,34837,-0.0322,-0.0508,1.0229,0.3662,0.1221,-0.1221,1,501,899,235
227796304,34838,-0.0327,-0.0503,1.0225,0.4883,0.1221,-0.0610,1,479,861,235
227801303,34839,-0.0332,-0.0493,1.0215,0.3052,0.0610,0.0610,1,503,747,235
227806304,34840,-0.0337,-0.0498,1.0210,0.3662,0.0610,0.0000,1,486,824,235
227811308,34841,-0.0337,-0.0513,1.0210,0.4272,0.0000,-0.0610,1,508,783,235
227816309,34842,-0.0337,-0.0518,1.0234,0.4272,0.1221,0.0000,1,484,799,235
227821306,34843,-0.0337,-0.0513,1.0249,0.3052,0.1221,0.0610,1,508,784,235
227826305,34844,-0.0337,-0.0498,1.0239,0.3052,0.0000,-0.0610,1,478,841,235
227831307,34845,-0.0327,-0.0493,1.0220,0.3052,0.0610,-0.1221,1,488,799,235
227836301,34846,-0.0327,-0.0498,1.0215,0.2441,0.1221,-0.0610,1,493,843,235
227841307,34847,-0.0322,-0.0503,1.0220,0.3052,0.0610,-0.1221,1,466,877,235
227846301,34848,-0.0312,-0.0503,1.0229,0.3662,0.0610,-0.1221,1,466,867,235
227851303,34849,-0.0308,-0.0503,1.0225,0.3662,0.0610,-0.0610,1,466,898,235
227856307,34850,-0.0312,-0.0508,1.0210,0.3052,0.0610,-0.1221,1,466,869,235
227861303,34851,-0.0322,-0.0503,1.0195,0.2441,0.0610,-0.1221,1,466,890,235
227866301,34852,-0.0337,-0.0498,1.0190,0.3662,0.1221,0.0000,1,466,876,235
227871310,34853,-0.0347,-0.0498,1.0205,0.3662,0.1221,-0.0610,1,466,832,235
227876301,34854,-0.0322,-0.0508,1.0234,0.4883,0.0610,0.0000,1,465,875,235
227881307,34855,-0.0322,-0.0508,1.0234,0.4272,0.0000,-0.1221,1,483,827,235
227886305,34856,-0.0332,-0.0498,1.0225,0.5493,0.0000,-0.1221,1,466,771,235
227891328,34857,-0.0342,-0.0493,1.0205,0.3662,0.1221,-0.1221,1,484,830,235
227896304,34858,-0.0342,-0.0493,1.0186,0.4272,-0.0610,-0.1221,1,465,871,235
227901304,34859,-0.0327,-0.0498,1.0181,0.5493,-0.1831,-0.2441,1,475,862,235
227906306,34860,-0.0317,-0.0493,1.0190,0.5493,-0.1831,-0.1831,1,500,871,235
227911308,34861,-0.0327,-0.0488,1.0200,0.6104,-0.1221,-0.1221,1,482,792,235
227916304,34862,-0.0332,-0.0483,1.0205,0.5493,-0.2441,0.0000,1,484,824,235
227921301,34863,-0.0327,-0.0479,1.0220,0.4272,-0.1831,0.0000,1,474,791,235
227926302,34864,-0.0317,-0.0479,1.0234,0.4272,-0.2441,-0.1221,1,504,787,235
227931304,34865,-0.0312,-0.0474,1.0239,0.3662,-0.0610,0.0000,1,492,849,235
227936303,34866,-0.0308,-0.0469,1.0225,0.3662,-0.0610,0.0000,1,476,829,235
227941307,34867,-0.0303,-0.0469,1.0220,0.3052,-0.0610,0.0000,1,492,795,235
227946308,34868,-0.0317,-0.0479,1.0229,0.3662,-0.1221,-0.0610,1,493,791,235
227951308,34869,-0.0327,-0.0493,1.0239,0.3052,-0.2441,-0.1221,1,466,877,235
227956309,34870,-0.0317,-0.0498,1.0244,0.2441,-0.2441,-0.0610,1,465,880,235
227961301,34871,-0.0312,-0.0498,1.0239,0.3052,0.0000,-0.0610,1,466,884,235
227966303,34872,-0.0327,-0.0493,1.0234,0.2441,-0.0610,-0.1831,1,466,856,235
227971305,34873,-0.0337,-0.0493,1.0234,0.2441,-0.1831,-0.1831,1,466,885,235
227976306,34874,-0.0337,-0.0488,1.0234,0.3052,-0.1221,0.0000,1,466,888,235
227981309,34875,-0.0332,-0.0483,1.0229,0.2441,-0.0610,-0.1221,1,466,829,235
227986301,34876,-0.0322,-0.0483,1.0225,0.1831,0.0610,-0.1221,1,483,880,235
227991308,34877,-0.0327,-0.0483,1.0215,0.1831,0.0000,-0.2441,1,466,865,235
227996328,34878,-0.0327,-0.0493,1.0210,0.0610,-0.2441,-0.2441,1,484,836,235
228001303,34879,-0.0322,-0.0513,1.0205,0.3052,-0.1831,-0.1831,1,465,878,235
228006302,34880,-0.0322,-0.0503,1.0205,0.3662,-0.0610,-0.1831,1,475,867,235
228011307,34881,-0.0322,-0.0474,1.0215,0.3052,-0.1831,-0.1831,1,500,866,235
228016305,34882,-0.0327,-0.0464,1.0229,0.3052,-0.3052,-0.1831,1,500,777,235
228021306,34883,-0.0327,-0.0469,1.0234,0.1831,-0.1221,-0.1831,1,482,838,235
228026307,34884,-0.0327,-0.0493,1.0234,0.1831,-0.2441,-0.1831,1,506,833,235
228031302,34885,-0.0327,-0.0508,1.0225,0.2441,-0.1831,-0.2441,1,492,841,235
228036303,34886,-0.0327,-0.0498,1.0229,0.3662,-0.2441,-0.1221,1,487,833,235
228041306,34887,-0.0327,-0.0483,1.0244,0.3052,-0.1831,-0.1221,1,471,854,235
228046304,34888,-0.0317,-0.0474,1.0249,0.2441,-0.1221,-0.1221,1,491,850,235
228051301,34889,-0.0312,-0.0469,1.0254,0.3052,0.0000,-0.2441,1,493,847,235
228056306,34890,-0.0317,-0.0474,1.0244,0.2441,0.1221,-0.3052,1,466,852,235
228061304,34891,-0.0322,-0.0488,1.0220,0.2441,0.1221,-0.1221,1,466,875,235
228066303,34892,-0.0317,-0.0488,1.0215,0.2441,0.0610,-0.1221,1,466,876,235
228071308,34893,-0.0312,-0.0479,1.0229,0.3052,0.0610,-0.1221,1,466,877,235
228076308,34894,-0.0312,-0.0483,1.0225,0.1831,0.1831,-0.1831,1,466,895,235
228081303,34895,-0.0327,-0.0488,1.0210,0.1221,0.1831,-0.1831,1,466,909,235
228086302,34896,-0.0327,-0.0483,1.0200,0.1831,0.1831,-0.0610,1,466,880,235
228091306,34897,-0.0332,-0.0469,1.0195,0.1831,-0.0610,-0.2441,1,484,881,235
228096307,34898,-0.0327,-0.0459,1.0215,0.2441,-0.0610,-0.1221,1,465,869,235
228101301,34899,-0.0312,-0.0469,1.0234,0.1221,0.0610,-0.1831,1,484,818,235
228106307,34900,-0.0303,-0.0483,1.0234,0.2441,0.0610,-0.1831,1,466,839,235
228111310,34901,-0.0308,-0.0488,1.0229,0.1831,0.1221,-0.1221,1,476,868,235
228116303,34902,-0.0322,-0.0479,1.0225,0.1221,0.0610,-0.1831,1,500,861,235
228121304,34903,-0.0327,-0.0464,1.0215,0.1831,0.0610,-0.0610,1,492,751,235
228126306,34904,-0.0317,-0.0454,1.0220,0.1221,0.0000,-0.1221,1,474,828,235
228131308,34905,-0.0312,-0.0469,1.0229,0.0000,0.0610,-0.1831,1,499,781,235
228136301,34906,-0.0312,-0.0488,1.0220,-0.1831,0.1221,-0.1221,1,509,829,235
228141309,34907,-0.0312,-0.0493,1.0215,-0.1831,0.1221,-0.1831,1,485,891,235
228146303,34908,-0.0312,-0.0483,1.0225,-0.1831,0.0610,-0.1831,1,485,875,235
228151303,34909,-0.0317,-0.0479,1.0225,-0.1221,0.1221,-0.1221,1,488,877,235
228156302,34910,-0.0322,-0.0474,1.0220,-0.2441,0.3052,-0.0610,1,493,840,235
228161304,34911,-0.0327,-0.0483,1.0215,-0.2441,0.3052,-0.0610,1,466,873,235
228166305,34912,-0.0317,-0.0483,1.0220,-0.2441,0.1221,-0.0610,1,466,878,235
228171307,34913,-0.0298,-0.0474,1.0229,-0.3052,0.1221,-0.1221,1,466,877,235
228176309,34914,-0.0303,-0.0479,1.0234,-0.2441,0.2441,-0.1221,1,466,868,235
228181303,34915,-0.0312,-0.0483,1.0234,-0.3052,0.2441,0.0000,1,466,876,235
228186314,34916,-0.0322,-0.0479,1.0234,-0.4272,0.1221,-0.0610,1,466,859,235
228191301,34917,-0.0322,-0.0479,1.0229,-0.3662,0.2441,-0.0610,1,465,878,235
228196304,34918,-0.0322,-0.0474,1.0225,-0.4272,0.3052,-0.0610,1,484,881,235
228201309,34919,-0.0322,-0.0479,1.0215,-0.3662,0.1831,-0.0610,1,465,862,235
228206302,34920,-0.0327,-0.0498,1.0200,-0.3052,0.3052,0.0000,1,484,868,235
228211307,34921,-0.0332,-0.0508,1.0186,-0.3662,0.3052,-0.0610,1,465,817,235
228216307,34922,-0.0322,-0.0508,1.0186,-0.3662,0.1831,0.0610,1,510,897,235
228221302,34923,-0.0317,-0.0508,1.0210,-0.3052,0.1831,-0.0610,1,466,872,235
228226308,34924,-0.0312,-0.0493,1.0234,-0.3052,0.1221,-0.0610,1,494,747,235
228231307,34925,-0.0312,-0.0503,1.0244,-0.3662,0.1221,-0.1221,1,486,776,235
228236305,34926,-0.0298,-0.0513,1.0239,-0.2441,0.1221,0.0000,1,491,850,235
228241308,34927,-0.0293,-0.0483,1.0239,-0.0610,0.4272,-0.0610,1,491,783,235
228246303,34928,-0.0312,-0.0488,1.0229,-0.3662,0.6104,-0.1221,1,508,830,235
228251303,34929,-0.0332,-0.0537,1.0200,-0.3052,0.3662,-0.0610,1,491,893,235
228256305,34930,-0.0327,-0.0537,1.0195,-0.0610,0.3662,0.0000,1,477,847,235
228261302,34931,-0.0312,-0.0508,1.0215,0.0610,0.4272,-0.1831,1,493,807,235
228266303,34932,-0.0312,-0.0503,1.0220,-0.1221,0.4883,-0.1831,1,466,898,235
228271305,34933,-0.0322,-0.0513,1.0215,0.0610,0.4883,-0.2441,1,466,896,235
228276305,34934,-0.0327,-0.0508,1.0210,0.1221,0.4883,-0.1831,1,466,877,235
228281303,34935,-0.0332,-0.0493,1.0205,-0.1221,0.4272,-0.1831,1,465,872,235
228286307,34936,-0.0342,-0.0498,1.0205,0.0000,0.3662,-0.1221,1,466,882,235
228291308,34937,-0.0337,-0.0513,1.0210,0.1221,0.3662,-0.1831,1,466,831,235
228296305,34938,-0.0317,-0.0508,1.0225,0.1831,0.4272,-0.1831,1,466,874,235
228301309,34939,-0.0303,-0.0479,1.0229,0.1221,0.2441,-0.1221,1,466,880,235
228306302,34940,-0.0312,-0.0469,1.0225,-0.0610,0.3052,-0.0610,1,483,870,235
228311309,34941,-0.0322,-0.0488,1.0215,0.0000,0.4883,0.0000,1,465,892,235
228316307,34942,-0.0322,-0.0493,1.0210,0.0000,0.3662,-0.0610,1,484,826,235
228321308,34943,-0.0327,-0.0483,1.0210,0.0000,0.4883,-0.1221,1,466,820,235
228326308,34944,-0.0332,-0.0498,1.0200,0.0610,0.4883,-0.1831,1,506,817,235
228331308,34945,-0.0327,-0.0508,1.0205,0.0610,0.3052,-0.1831,1,467,873,235
228336307,34946,-0.0322,-0.0493,1.0215,0.0000,0.3662,-0.1831,1,493,750,235
228341308,34947,-0.0327,-0.0474,1.0210,-0.0610,0.4883,-0.1831,1,494,790,235
228346304,34948,-0.0337,-0.0483,1.0200,0.0000,0.4272,-0.2441,1,498,826,235
228351309,34949,-0.0342,-0.0508,1.0195,0.0000,0.2441,-0.2441,1,501,786,235
228356306,34950,-0.0332,-0.0518,1.0200,0.0610,0.3052,-0.1831,1,476,784,235
228361303,34951,-0.0327,-0.0513,1.0210,0.1221,0.3052,-0.1831,1,490,843,235
228366302,34952,-0.0327,-0.0493,1.0220,0.1221,0.3662,-0.2441,1,478,843,235
228371308,34953,-0.0322,-0.0469,1.0229,0.0610,0.4883,-0.3052,1,493,853,235
228376308,34954,-0.0322,-0.0469,1.0234,0.0000,0.3662,-0.3052,1,465,872,235
228381301,34955,-0.0322,-0.0474,1.0229,0.0610,0.4272,-0.2441,1,466,831,235
228386304,34956,-0.0317,-0.0479,1.0229,0.0000,0.3052,-0.1831,1,466,882,235
228391307,34957,-0.0322,-0.0498,1.0225,0.1221,0.3052,-0.1831,1,466,833,235
228396301,34958,-0.0337,-0.0518,1.0190,0.0610,0.4272,-0.1831,1,466,876,235
228401304,34959,-0.0352,-0.0527,1.0186,0.0000,0.1831,-0.1221,1,466,875,235
228406308,34960,-0.0342,-0.0518,1.0200,0.1831,0.0610,-0.2441,1,466,830,235
228411309,34961,-0.0327,-0.0503,1.0220,0.0000,0.1831,-0.4272,1,483,875,235
228416301,34962,-0.0327,-0.0488,1.0234,0.1831,0.0610,-0.2441,1,466,775,235
228421316,34963,-0.0327,-0.0469,1.0234,0.1831,0.1831,-0.1221,1,484,873,235
228426309,34964,-0.0332,-0.0479,1.0225,-0.1221,0.1831,-0.2441,1,466,905,235
228431302,34965,-0.0322,-0.0513,1.0215,0.0610,0.1221,-0.3052,1,501,917,235
228436306,34966,-0.0308,-0.0518,1.0215,0.2441,0.1831,-0.3052,1,490,754,235
228441306,34967,-0.0308,-0.0493,1.0220,0.1831,0.3662,-0.2441,1,468,835,235
228446308,34968,-0.0322,-0.0479,1.0215,0.0610,0.4272,-0.1831,1,495,813,235
228451302,34969,-0.0322,-0.0488,1.0215,0.0000,0.3662,-0.3052,1,496,830,235
228456301,34970,-0.0322,-0.0493,1.0225,0.1221,0.3052,-0.2441,1,494,785,235
228461303,34971,-0.0322,-0.0474,1.0234,-0.0610,0.4272,-0.1831,1,487,847,235
228466303,34972,-0.0332,-0.0469,1.0215,-0.0610,0.4272,-0.1221,1,471,852,235
228471307,34973,-0.0352,-0.0488,1.0176,0.1831,0.3662,-0.1831,1,493,843,235
228476301,34974,-0.0356,-0.0508,1.0161,0.4272,0.1831,-0.2441,1,466,852,235
228481306,34975,-0.0347,-0.0513,1.0186,0.3662,0.0610,-0.2441,1,466,881,235
228486309,34976,-0.0317,-0.0503,1.0220,0.2441,-0.0610,-0.2441,1,466,877,235
228491306,34977,-0.0303,-0.0479,1.0234,0.3052,0.1221,-0.3052,1,466,878,235
228496308,34978,-0.0312,-0.0464,1.0225,0.1221,0.2441,-0.3052,1,466,865,235
228501305,34979,-0.0327,-0.0488,1.0205,0.1221,0.2441,-0.2441,1,465,897,235
228506302,34980,-0.0342,-0.0503,1.0190,0.3052,0.0000,-0.1831,1,466,882,235
228511303,34981,-0.0337,-0.0498,1.0200,0.3052,-0.1221,-0.3052,1,466,826,235
228516306,34982,-0.0308,-0.0479,1.0229,0.2441,0.1831,-0.3052,1,465,867,235
228521303,34983,-0.0298,-0.0474,1.0244,0.2441,0.2441,-0.2441,1,484,864,235
228526307,34984,-0.0312,-0.0479,1.0239,0.2441,0.1831,-0.3662,1,465,880,235
228531301,34985,-0.0317,-0.0469,1.0234,0.2441,0.2441,-0.3662,1,500,858,235
228536304,34986,-0.0303,-0.0464,1.0229,0.1221,0.2441,-0.3052,1,471,879,235
228541301,34987,-0.0303,-0.0469,1.0225,0.1221,0.3662,-0.3052,1,496,748,235
228546306,34988,-0.0322,-0.0474,1.0215,0.1221,0.3662,-0.3052,1,506,781,235
228551305,34989,-0.0332,-0.0493,1.0205,0.1831,0.2441,-0.2441,1,485,825,235
228556302,34990,-0.0327,-0.0498,1.0210,0.0610,0.3662,-0.2441,1,497,838,235
228561304,34991,-0.0317,-0.0479,1.0225,0.0610,0.3052,-0.3052,1,474,851,235
228566301,34992,-0.0322,-0.0464,1.0229,0.0000,0.2441,-0.2441,1,488,838,235
228571302,34993,-0.0322,-0.0464,1.0215,-0.0610,0.3052,-0.1221,1,493,808,235
228576301,34994,-0.0322,-0.0474,1.0195,0.0610,0.3052,-0.1831,1,466,868,235
228581303,34995,-0.0332,-0.0488,1.0190,0.1221,0.2441,-0.3662,1,466,875,235
228586308,34996,-0.0337,-0.0493,1.0210,0.1221,0.1831,-0.2441,1,466,881,235
228591302,34997,-0.0327,-0.0493,1.0215,0.1831,0.1831,-0.1221,1,466,876,235
228596301,34998,-0.0317,-0.0493,1.0205,0.1831,0.2441,-0.2441,1,466,881,235
228601310,34999,-0.0312,-0.0503,1.0195,0.0610,0.3662,-0.3662,1,466,887,235
228606327,35000,-0.0317,-0.0508,1.0200,0.1221,0.3052,-0.3052,1,466,904,235
228611306,35001,-0.0317,-0.0498,1.0220,0.2441,0.1221,-0.2441,1,466,864,235
228616306,35002,-0.0308,-0.0469,1.0229,0.3662,0.1221,-0.3662,1,466,881,235
228621308,35003,-0.0303,-0.0454,1.0229,0.1831,0.2441,-0.3052,1,484,862,235
228626304,35004,-0.0322,-0.0469,1.0220,0.1831,0.1831,-0.1221,1,466,876,235
228631301,35005,-0.0337,-0.0483,1.0210,0.1831,0.2441,-0.2441,1,474,902,235
228636304,35006,-0.0327,-0.0493,1.0215,0.1831,0.1221,-0.1831,1,467,878,235
228641305,35007,-0.0312,-0.0488,1.0220,0.1831,0.0610,-0.2441,1,493,765,235
228646307,35008,-0.0303,-0.0488,1.0229,0.1221,0.1221,-0.3052,1,498,813,235
228651302,35009,-0.0308,-0.0498,1.0239,0.1221,0.2441,-0.3662,1,503,821,235
228656301,35010,-0.0308,-0.0498,1.0229,0.0610,0.2441,-0.2441,1,493,831,235
228661306,35011,-0.0303,-0.0483,1.0225,0.0610,0.2441,-0.1831,1,483,871,235
228666308,35012,-0.0312,-0.0469,1.0229,0.0610,0.3662,-0.2441,1,490,847,235
228671305,35013,-0.0322,-0.0464,1.0220,0.0000,0.2441,-0.2441,1,470,874,235
228676301,35014,-0.0332,-0.0474,1.0195,0.0610,0.3662,-0.1221,1,493,806,235
228681301,35015,-0.0342,-0.0488,1.0190,0.1221,0.3052,-0.1831,1,466,875,235
228686306,35016,-0.0337,-0.0483,1.0195,0.0000,0.1831,-0.3052,1,466,872,235
228691303,35017,-0.0337,-0.0488,1.0200,0.1221,0.1221,-0.2441,1,466,834,235
228696304,35018,-0.0337,-0.0488,1.0190,0.1221,0.0610,-0.2441,1,466,874,235
228701302,35019,-0.0337,-0.0483,1.0186,0.2441,0.0610,-0.3052,1,466,875,235
228706309,35020,-0.0337,-0.0483,1.0195,0.1831,0.1221,-0.3662,1,466,875,235
228711309,35021,-0.0337,-0.0483,1.0186,0.1221,0.0610,-0.3052,1,466,881,235
228716309,35022,-0.0337,-0.0493,1.0186,0.1831,-0.0610,-0.3662,1,483,870,235
228721302,35023,-0.0332,-0.0493,1.0200,0.1831,-0.1831,-0.3662,1,465,878,235
228726309,35024,-0.0317,-0.0493,1.0205,0.1831,-0.1221,-0.3662,1,484,874,235
228731302,35025,-0.0308,-0.0483,1.0215,0.4883,-0.2441,-0.3052,1,465,879,235
228736304,35026,-0.0308,-0.0479,1.0220,0.5493,-0.2441,-0.3662,1,509,899,235
228741303,35027,-0.0303,-0.0479,1.0225,0.3662,-0.3052,-0.4272,1,469,874,235
228746304,35028,-0.0303,-0.0474,1.0229,0.3052,-0.1831,-0.4272,1,493,750,235
228751303,35029,-0.0317,-0.0474,1.0225,0.3052,-0.0610,-0.3052,1,496,780,235
228756306,35030,-0.0332,-0.0479,1.0205,0.3662,-0.1831,-0.4272,1,501,821,235
228761306,35031,-0.0356,-0.0493,1.0181,0.4272,-0.1221,-0.4883,1,497,836,235
228766309,35032,-0.0376,-0.0508,1.0171,0.3662,-0.4272,-0.3662,1,476,848,235
228771302,35033,-0.0347,-0.0518,1.0195,0.4272,-0.4883,-0.4272,1,479,846,235
228776304,35034,-0.0308,-0.0503,1.0220,0.5493,-0.4883,-0.4883,1,491,850,235
228781305,35035,-0.0293,-0.0474,1.0234,0.6104,-0.4272,-0.5493,1,492,842,235
228786305,35036,-0.0303,-0.0454,1.0239,0.5493,-0.3662,-0.3662,1,493,849,235
228791306,35037,-0.0317,-0.0469,1.0234,0.5493,-0.3052,-0.3662,1,466,882,235
228796307,35038,-0.0317,-0.0483,1.0220,0.5493,-0.4272,-0.4272,1,466,878,235
228801308,35039,-0.0298,-0.0503,1.0215,0.5493,-0.4272,-0.3662,1,466,886,235
228806309,35040,-0.0288,-0.0503,1.0210,0.4883,-0.3052,-0.3052,1,466,878,235
228811306,35041,-0.0288,-0.0488,1.0215,0.4272,-0.2441,-0.4272,1,466,868,235
228816301,35042,-0.0298,-0.0483,1.0225,0.4883,-0.1831,-0.3662,1,466,885,235
228821304,35043,-0.0312,-0.0483,1.0229,0.5493,-0.1221,-0.3052,1,466,880,235
228826307,35044,-0.0312,-0.0483,1.0239,0.4883,0.0000,-0.3052,1,465,903,235
228831308,35045,-0.0293,-0.0483,1.0249,0.4272,-0.1831,-0.3662,1,484,845,235
228836301,35046,-0.0288,-0.0488,1.0249,0.3662,-0.1221,-0.3052,1,465,836,235
228841308,35047,-0.0293,-0.0488,1.0234,0.3662,-0.1831,-0.3052,1,500,905,235
228846308,35048,-0.0298,-0.0479,1.0215,0.4272,0.0000,-0.3662,1,475,868,235
228851309,35049,-0.0312,-0.0479,1.0205,0.4883,0.0000,-0.3052,1,501,707,235
228856304,35050,-0.0327,-0.0479,1.0205,0.4272,0.0000,-0.3052,1,501,728,235
228861301,35051,-0.0317,-0.0459,1.0225,0.4883,-0.1221,-0.3662,1,493,782,235
228866307,35052,-0.0303,-0.0444,1.0244,0.3662,0.0610,-0.4272,1,489,827,235
228871309,35053,-0.0308,-0.0454,1.0244,0.3662,0.0000,-0.3052,1,501,830,235
228876309,35054,-0.0317,-0.0469,1.0239,0.4883,-0.1831,-0.3052,1,490,799,235
228881308,35055,-0.0308,-0.0474,1.0234,0.4272,-0.0610,-0.3052,1,475,847,235
228886302,35056,-0.0293,-0.0464,1.0239,0.3662,0.1221,-0.4272,1,492,842,235
228891309,35057,-0.0298,-0.0459,1.0249,0.2441,0.1831,-0.3662,1,493,849,235
228896308,35058,-0.0303,-0.0464,1.0249,0.2441,0.2441,-0.3662,1,466,882,235
228901308,35059,-0.0303,-0.0474,1.0244,0.1831,0.3052,-0.3052,1,466,881,235
228906305,35060,-0.0308,-0.0474,1.0234,0.2441,0.2441,-0.3052,1,466,870,235
228911302,35061,-0.0317,-0.0469,1.0229,0.1221,0.3662,-0.3052,1,466,875,235
228916301,35062,-0.0322,-0.0459,1.0229,0.1831,0.2441,-0.2441,1,465,875,235
228921309,35063,-0.0317,-0.0449,1.0229,0.2441,0.3052,-0.2441,1,466,886,235
228926304,35064,-0.0322,-0.0454,1.0220,0.3052,0.2441,-0.3052,1,466,883,235
228931306,35065,-0.0332,-0.0474,1.0205,0.1221,0.2441,-0.2441,1,483,876,235
228936309,35066,-0.0327,-0.0498,1.0205,0.1831,0.1831,-0.3052,1,466,879,235
228941302,35067,-0.0322,-0.0498,1.0215,0.2441,0.1831,-0.3052,1,484,869,235
228946303,35068,-0.0327,-0.0479,1.0220,0.0610,0.2441,-0.3052,1,465,878,235
228951305,35069,-0.0322,-0.0459,1.0225,0.0610,0.3052,-0.3052,1,500,899,235
228956304,35070,-0.0317,-0.0464,1.0225,0.1221,0.2441,-0.2441,1,501,858,235
228961303,35071,-0.0312,-0.0469,1.0220,0.0000,0.3662,-0.2441,1,480,866,235
228966303,35072,-0.0308,-0.0464,1.0220,0.0610,0.2441,-0.3052,1,478,819,235
228971307,35073,-0.0303,-0.0459,1.0220,0.0610,0.3052,-0.3052,1,482,823,235
228976305,35074,-0.0308,-0.0469,1.0220,0.0000,0.3662,-0.1831,1,477,817,235
228981302,35075,-0.0312,-0.0483,1.0220,0.0610,0.4272,-0.1831,1,503,801,235
228986302,35076,-0.0308,-0.0474,1.0220,0.0610,0.3662,-0.1831,1,473,875,235
228991307,35077,-0.0298,-0.0459,1.0220,0.1221,0.5493,-0.1831,1,492,844,235
228996303,35078,-0.0298,-0.0469,1.0225,0.1221,0.5493,-0.3052,1,492,847,235
229001308,35079,-0.0308,-0.0483,1.0225,0.1221,0.4272,-0.2441,1,493,840,235
229006302,35080,-0.0312,-0.0488,1.0210,0.0610,0.4272,-0.2441,1,466,875,235
229011305,35081,-0.0312,-0.0479,1.0200,0.0610,0.4883,-0.2441,1,466,902,235
229016306,35082,-0.0312,-0.0464,1.0205,0.0610,0.4272,-0.1221,1,466,898,235
229021308,35083,-0.0312,-0.0464,1.0210,0.0610,0.4883,-0.2441,1,466,897,235
229026303,35084,-0.0308,-0.0469,1.0234,-0.1221,0.3052,-0.1831,1,466,900,235
229031304,35085,-0.0312,-0.0469,1.0249,-0.1831,0.4272,-0.2441,1,466,869,235
229036307,35086,-0.0322,-0.0459,1.0234,-0.0610,0.4272,-0.1831,1,466,906,235
229041307,35087,-0.0322,-0.0454,1.0220,-0.1221,0.4272,-0.1831,1,483,881,235
229046302,35088,-0.0322,-0.0449,1.0215,-0.1221,0.5493,-0.1831,1,466,880,235
229051314,35089,-0.0312,-0.0459,1.0220,-0.1221,0.4883,-0.1831,1,484,870,235
229056334,35090,-0.0312,-0.0474,1.0220,-0.0610,0.3662,-0.1831,1,465,889,235
229061305,35091,-0.0312,-0.0488,1.0220,-0.1831,0.4883,-0.3052,1,480,901,235
229066301,35092,-0.0303,-0.0474,1.0229,-0.1221,0.6104,-0.2441,1,467,889,235
229071303,35093,-0.0303,-0.0454,1.0234,-0.1221,0.6104,-0.1221,1,497,771,235
229076306,35094,-0.0308,-0.0469,1.0229,-0.0610,0.5493,-0.0610,1,475,833,235
229081308,35095,-0.0322,-0.0488,1.0229,-0.1221,0.6714,-0.0610,1,479,824,235
229086301,35096,-0.0327,-0.0493,1.0225,-0.1221,0.6104,-0.0610,1,497,829,235
229091306,35097,-0.0322,-0.0469,1.0220,-0.0610,0.5493,-0.1221,1,471,870,235
229096306,35098,-0.0322,-0.0454,1.0220,-0.1221,0.5493,-0.1221,1,478,844,235
229101302,35099,-0.0332,-0.0464,1.0220,-0.0610,0.3662,-0.0610,1,490,848,235
229106303,35100,-0.0337,-0.0474,1.0220,-0.1221,0.4272,-0.0610,1,493,847,235
229111305,35101,-0.0322,-0.0469,1.0229,-0.1221,0.4883,-0.0610,1,465,873,235
229116308,35102,-0.0308,-0.0454,1.0249,-0.3052,0.4272,-0.1831,1,466,873,235
229121307,35103,-0.0308,-0.0454,1.0254,-0.3052,0.5493,-0.0610,1,466,879,235
229126302,35104,-0.0308,-0.0469,1.0239,-0.3052,0.6104,-0.1221,1,466,873,235
229131308,35105,-0.0312,-0.0474,1.0210,-0.3052,0.4883,0.0000,1,466,865,235
229136303,35106,-0.0327,-0.0469,1.0200,-0.2441,0.3662,-0.0610,1,466,850,235
229141301,35107,-0.0327,-0.0459,1.0205,-0.1831,0.3052,-0.1831,1,466,877,235
229146306,35108,-0.0322,-0.0474,1.0205,-0.1831,0.4883,-0.1831,1,483,878,235
229151304,35109,-0.0317,-0.0479,1.0210,-0.1221,0.3052,-0.1221,1,466,870,235
229156304,35110,-0.0317,-0.0469,1.0225,0.0000,0.3662,-0.0610,1,484,809,235
229161308,35111,-0.0327,-0.0474,1.0229,-0.1831,0.3052,-0.1221,1,467,818,235
229166309,35112,-0.0327,-0.0479,1.0229,-0.2441,0.4272,-0.1221,1,482,902,235
229171309,35113,-0.0322,-0.0483,1.0229,-0.1831,0.3662,0.0000,1,466,875,235
229176307,35114,-0.0317,-0.0488,1.0220,-0.2441,0.4272,-0.1221,1,493,747,235
229181309,35115,-0.0312,-0.0483,1.0190,-0.1831,0.4272,-0.1831,1,476,842,235
229186307,35116,-0.0332,-0.0483,1.0181,0.0000,0.3052,-0.1221,1,476,884,235
229191301,35117,-0.0337,-0.0479,1.0190,-0.0610,0.3662,-0.1831,1,493,778,235
229196309,35118,-0.0317,-0.0464,1.0215,-0.0610,0.3662,-0.1221,1,509,830,235
229201301,35119,-0.0308,-0.0464,1.0229,-0.0610,0.3662,-0.0610,1,492,846,235
229206301,35120,-0.0322,-0.0464,1.0220,-0.0610,0.4883,-0.1831,1,488,845,235
229211305,35121,-0.0332,-0.0469,1.0215,0.0000,0.4272,-0.1221,1,493,848,235
229216305,35122,-0.0337,-0.0474,1.0205,0.0000,0.4272,-0.1221,1,466,825,235
229221302,35123,-0.0332,-0.0474,1.0205,-0.0610,0.3662,-0.1831,1,466,827,235
229226306,35124,-0.0322,-0.0474,1.0220,0.0000,0.3662,-0.1831,1,466,880,235
229231309,35125,-0.0322,-0.0483,1.0234,0.0000,0.3662,-0.1831,1,466,834,235
229236301,35126,-0.0327,-0.0503,1.0229,-0.0610,0.3052,-0.1221,1,466,841,235
229241303,35127,-0.0327,-0.0493,1.0215,0.0000,0.3052,-0.1221,1,466,870,235
229246307,35128,-0.0332,-0.0474,1.0200,-0.0610,0.4272,-0.1221,1,465,828,235
229251302,35129,-0.0332,-0.0464,1.0195,0.0610,0.3052,-0.2441,1,483,872,235
229256309,35130,-0.0327,-0.0474,1.0190,0.0610,0.3052,-0.3052,1,466,864,235
229261303,35131,-0.0327,-0.0483,1.0190,0.2441,0.1831,-0.1221,1,484,858,235
229266305,35132,-0.0322,-0.0488,1.0205,0.1831,0.1221,-0.1831,1,465,909,235
229271305,35133,-0.0312,-0.0479,1.0205,0.0610,0.1831,-0.3052,1,482,907,235
229276304,35134,-0.0317,-0.0459,1.0215,0.1221,0.2441,-0.2441,1,471,885,235
229281306,35135,-0.0317,-0.0459,1.0220,0.0000,0.3052,-0.1831,1,496,783,235
229286308,35136,-0.0312,-0.0469,1.0220,0.0610,0.2441,-0.2441,1,475,783,235
229291310,35137,-0.0312,-0.0474,1.0220,0.0610,0.2441,-0.1831,1,498,816,235
229296305,35138,-0.0312,-0.0464,1.0234,0.0000,0.2441,-0.1831,1,491,856,235
229301303,35139,-0.0312,-0.0469,1.0249,0.0000,0.1831,-0.1831,1,504,834,235
229306303,35140,-0.0312,-0.0479,1.0254,-0.0610,0.3052,-0.1831,1,474,830,235
229311301,35141,-0.0312,-0.0479,1.0229,-0.1221,0.3662,-0.2441,1,480,868,235
229316308,35142,-0.0322,-0.0479,1.0210,-0.0610,0.3052,-0.2441,1,492,875,235
229321307,35143,-0.0327,-0.0479,1.0200,-0.1221,0.3052,-0.1221,1,466,872,235
229326305,35144,-0.0327,-0.0474,1.0200,0.0000,0.4272,-0.2441,1,466,866,235
229331306,35145,-0.0327,-0.0474,1.0205,-0.0610,0.1831,-0.1221,1,466,833,235
229336305,35146,-0.0327,-0.0483,1.0205,0.0000,0.3052,-0.2441,1,466,876,235
229341301,35147,-0.0317,-0.0483,1.0215,0.1221,0.3662,-0.2441,1,466,834,235
229346310,35148,-0.0317,-0.0479,1.0234,0.1221,0.3662,-0.2441,1,466,882,235
229351321,35149,-0.0322,-0.0474,1.0239,0.0610,0.4883,-0.3052,1,466,879,235
229356307,35150,-0.0317,-0.0464,1.0239,0.0000,0.4272,-0.2441,1,466,874,235
229361302,35151,-0.0308,-0.0464,1.0239,0.0000,0.4272,-0.1831,1,484,836,235
229366310,35152,-0.0312,-0.0464,1.0234,0.0000,0.3052,-0.3052,1,472,822,235
229371313,35153,-0.0327,-0.0464,1.0220,-0.0610,0.4883,-0.3662,1,484,801,235
229376306,35154,-0.0347,-0.0469,1.0200,-0.0610,0.4272,-0.3052,1,474,901,235
229381301,35155,-0.0347,-0.0469,1.0210,-0.0610,0.3662,-0.2441,1,509,858,235
229386303,35156,-0.0322,-0.0469,1.0215,-0.0610,0.2441,-0.2441,1,498,870,235
229391310,35157,-0.0308,-0.0469,1.0210,-0.1221,0.3052,-0.3052,1,477,784,235
229396305,35158,-0.0317,-0.0479,1.0205,-0.1831,0.3662,-0.4883,1,474,812,235
229401304,35159,-0.0337,-0.0483,1.0210,-0.1221,0.4272,-0.4272,1,482,833,235
229406310,35160,-0.0342,-0.0479,1.0215,0.0000,0.3052,-0.3052,1,509,829,235
229411306,35161,-0.0332,-0.0483,1.0220,0.1221,0.3052,-0.3662,1,474,793,235
229416309,35162,-0.0322,-0.0488,1.0220,0.1221,0.3662,-0.3052,1,488,846,235
229421307,35163,-0.0322,-0.0479,1.0225,0.1221,0.5493,-0.3662,1,488,846,235
229426307,35164,-0.0327,-0.0479,1.0234,0.1221,0.4272,-0.3662,1,493,848,235
229431303,35165,-0.0327,-0.0498,1.0225,0.0610,0.3662,-0.2441,1,466,878,235
229436309,35166,-0.0332,-0.0493,1.0210,0.1831,0.4272,-0.2441,1,466,882,235
229441305,35167,-0.0347,-0.0488,1.0190,0.0610,0.2441,-0.3662,1,466,884,235
229446301,35168,-0.0337,-0.0498,1.0190,0.1831,0.2441,-0.3052,1,466,880,235
229451306,35169,-0.0312,-0.0488,1.0220,0.2441,0.3052,-0.1831,1,466,880,235
229456316,35170,-0.0303,-0.0464,1.0229,0.1221,0.3052,-0.3052,1,466,904,235
229461303,35171,-0.0317,-0.0464,1.0220,0.1221,0.1831,-0.3662,1,466,865,235
229466303,35172,-0.0322,-0.0488,1.0205,0.1831,0.1221,-0.3052,1,484,877,235
229471308,35173,-0.0317,-0.0488,1.0220,0.2441,0.1221,-0.3052,1,478,865,235
229476328,35174,-0.0312,-0.0449,1.0249,0.2441,0.1831,-0.3052,1,465,873,235
229481307,35175,-0.0322,-0.0449,1.0249,0.0000,0.2441,-0.3662,1,466,903,235
229486307,35176,-0.0327,-0.0488,1.0225,0.0000,0.1221,-0.2441,1,495,828,235
229491307,35177,-0.0317,-0.0498,1.0210,0.1831,0.1831,-0.2441,1,498,737,235
229496306,35178,-0.0317,-0.0483,1.0205,0.0610,0.1831,-0.2441,1,505,795,235
229501309,35179,-0.0322,-0.0479,1.0205,0.0000,0.1831,-0.3662,1,491,846,235
229506304,35180,-0.0322,-0.0479,1.0205,0.1221,0.1831,-0.4272,1,491,787,235
229511303,35181,-0.0322,-0.0459,1.0210,0.1831,0.1831,-0.3052,1,501,830,235
229516308,35182,-0.0337,-0.0464,1.0210,0.0610,0.1221,-0.3662,1,492,867,235
229521308,35183,-0.0342,-0.0488,1.0215,0.0610,0.0610,-0.3052,1,473,841,235
229526302,35184,-0.0332,-0.0474,1.0220,0.1221,0.1831,-0.1831,1,469,841,235
229531301,35185,-0.0327,-0.0474,1.0229,0.0000,0.0610,-0.3052,1,493,849,235
229536308,35186,-0.0327,-0.0474,1.0234,0.0610,0.1831,-0.4272,1,465,830,235
229541303,35187,-0.0332,-0.0459,1.0229,0.0610,0.1831,-0.3052,1,465,882,235
229546302,35188,-0.0317,-0.0454,1.0215,0.0000,0.0610,-0.3052,1,466,877,235
229551305,35189,-0.0312,-0.0459,1.0220,0.0610,0.0610,-0.3052,1,466,829,235
229556303,35190,-0.0317,-0.0488,1.0225,-0.1221,0.1221,-0.2441,1,466,894,235
229561320,35191,-0.0322,-0.0459,1.0229,-0.0610,0.1221,-0.2441,1,466,877,235
229566303,35192,-0.0322,-0.0449,1.0234,-0.1831,0.1221,-0.3052,1,466,878,235
229571303,35193,-0.0327,-0.0474,1.0239,-0.1831,0.2441,-0.3052,1,484,878,235
229576304,35194,-0.0327,-0.0493,1.0229,-0.1221,0.1221,-0.3052,1,473,871,235
229581324,35195,-0.0322,-0.0498,1.0210,-0.1831,0.1831,-0.3052,1,466,872,235
229586305,35196,-0.0322,-0.0493,1.0210,-0.1831,0.1221,-0.2441,1,466,906,235
229591308,35197,-0.0317,-0.0483,1.0220,-0.1831,0.1221,-0.3052,1,508,918,235
229596308,35198,-0.0303,-0.0469,1.0220,-0.1831,0.1831,-0.3052,1,466,863,235
229601309,35199,-0.0293,-0.0479,1.0210,-0.1221,0.3052,-0.3052,1,511,859,235
229606304,35200,-0.0317,-0.0488,1.0195,-0.1221,0.2441,-0.4272,1,471,816,235
229611302,35201,-0.0337,-0.0488,1.0195,-0.1221,0.1221,-0.3662,1,501,835,235
229616302,35202,-0.0327,-0.0479,1.0205,-0.1221,0.0610,-0.2441,1,492,828,235
229621308,35203,-0.0308,-0.0469,1.0215,0.0610,0.1831,-0.3052,1,483,867,235
229626302,35204,-0.0303,-0.0464,1.0239,-0.1221,0.2441,-0.3662,1,478,838,235
229631307,35205,-0.0308,-0.0469,1.0249,-0.1831,0.1831,-0.4272,1,489,847,235
229636306,35206,-0.0308,-0.0464,1.0234,-0.1831,0.1831,-0.3052,1,492,849,235
229641307,35207,-0.0308,-0.0449,1.0225,-0.2441,0.1831,-0.0610,1,466,874,235
229646305,35208,-0.0312,-0.0454,1.0225,-0.3052,0.1831,-0.3052,1,465,877,235
229651308,35209,-0.0308,-0.0459,1.0229,-0.3052,0.3052,-0.2441,1,466,898,235
229656307,35210,-0.0303,-0.0464,1.0234,-0.2441,0.4272,-0.1831,1,466,871,235
229661310,35211,-0.0312,-0.0479,1.0234,-0.4272,0.4883,-0.2441,1,466,880,235
229666309,35212,-0.0317,-0.0493,1.0225,-0.3662,0.5493,-0.1831,1,466,906,235
229671301,35213,-0.0312,-0.0483,1.0215,-0.4272,0.4272,-0.3052,1,466,887,235
229676308,35214,-0.0312,-0.0479,1.0215,-0.3052,0.4883,-0.1831,1,483,904,235
229681309,35215,-0.0303,-0.0483,1.0225,-0.4272,0.5493,-0.2441,1,465,898,235
229686311,35216,-0.0312,-0.0488,1.0229,-0.3052,0.5493,-0.2441,1,484,868,235
229691329,35217,-0.0332,-0.0498,1.0215,-0.2441,0.5493,-0.1831,1,465,848,235
229696301,35218,-0.0352,-0.0498,1.0205,-0.2441,0.5493,-0.1831,1,467,925,235
229701309,35219,-0.0347,-0.0488,1.0205,-0.2441,0.4883,-0.1831,1,477,879,235
229706302,35220,-0.0327,-0.0479,1.0220,-0.2441,0.4883,-0.2441,1,497,868,235
229711306,35221,-0.0327,-0.0488,1.0229,-0.3052,0.5493,-0.1831,1,467,843,235
229716303,35222,-0.0327,-0.0493,1.0220,-0.1221,0.5493,-0.2441,1,491,835,235
229721302,35223,-0.0327,-0.0488,1.0215,-0.1221,0.4883,-0.2441,1,504,834,235
229726303,35224,-0.0332,-0.0479,1.0210,-0.0610,0.4883,-0.2441,1,489,848,235
229731305,35225,-0.0332,-0.0479,1.0205,-0.1221,0.3662,-0.1831,1,473,845,235
229736309,35226,-0.0332,-0.0483,1.0210,0.0000,0.4883,-0.3052,1,480,849,235
229741306,35227,-0.0337,-0.0488,1.0215,0.1831,0.4883,-0.1831,1,493,799,235
229746308,35228,-0.0337,-0.0498,1.0210,0.0000,0.4883,-0.2441,1,466,877,235
229751304,35229,-0.0332,-0.0493,1.0205,-0.0610,0.4883,-0.2441,1,466,831,235
229756308,35230,-0.0332,-0.0483,1.0215,-0.0610,0.4272,-0.1221,1,466,880,235
229761308,35231,-0.0347,-0.0488,1.0210,-0.1221,0.4272,-0.1831,1,466,878,235
229766304,35232,-0.0337,-0.0498,1.0205,0.0000,0.4272,-0.2441,1,466,876,235
229771310,35233,-0.0317,-0.0493,1.0215,0.0610,0.4883,-0.1831,1,465,836,235
229776302,35234,-0.0303,-0.0488,1.0225,0.0000,0.4883,-0.0610,1,466,879,235
229781306,35235,-0.0322,-0.0469,1.0220,0.0610,0.5493,-0.1831,1,483,826,235
229786305,35236,-0.0342,-0.0474,1.0215,-0.1221,0.5493,-0.3052,1,466,866,235
229791306,35237,-0.0342,-0.0493,1.0215,-0.0610,0.4883,-0.1831,1,484,814,235
229796325,35238,-0.0327,-0.0488,1.0229,0.0610,0.4883,-0.1831,1,465,904,235
229801302,35239,-0.0312,-0.0479,1.0234,-0.1831,0.4883,-0.3052,1,469,920,235
229806307,35240,-0.0312,-0.0488,1.0229,-0.1221,0.4272,-0.3052,1,474,889,235
229811301,35241,-0.0322,-0.0493,1.0220,-0.0610,0.4272,-0.3052,1,495,897,235
229816306,35242,-0.0327,-0.0498,1.0225,-0.2441,0.4883,-0.1831,1,482,852,235
229821305,35243,-0.0322,-0.0498,1.0239,-0.1221,0.4883,-0.1831,1,503,797,235
229826303,35244,-0.0322,-0.0488,1.0244,0.0000,0.5493,-0.1831,1,494,834,235
229831307,35245,-0.0317,-0.0488,1.0229,-0.0610,0.5493,-0.1221,1,480,810,235
229836304,35246,-0.0322,-0.0483,1.0215,0.0000,0.6714,-0.1831,1,484,850,235
229841307,35247,-0.0337,-0.0479,1.0210,-0.0610,0.6714,-0.2441,1,475,805,235
229846309,35248,-0.0347,-0.0479,1.0210,-0.0610,0.5493,-0.2441,1,492,845,235
229851307,35249,-0.0342,-0.0479,1.0210,0.1221,0.4883,-0.1831,1,466,846,235
229856309,35250,-0.0327,-0.0474,1.0215,0.0610,0.5493,-0.1831,1,466,869,235
229861302,35251,-0.0332,-0.0474,1.0225,0.0000,0.6104,-0.1831,1,465,881,235
229866302,35252,-0.0342,-0.0493,1.0220,-0.0610,0.4883,-0.1221,1,466,830,235
229871310,35253,-0.0332,-0.0493,1.0225,0.0000,0.6104,-0.1831,1,466,871,235
229876308,35254,-0.0327,-0.0479,1.0239,-0.0610,0.6104,-0.1831,1,466,833,235
229881303,35255,-0.0337,-0.0479,1.0229,-0.1831,0.5493,-0.2441,1,466,876,235
229886309,35256,-0.0342,-0.0493,1.0195,-0.1221,0.5493,-0.1831,1,466,884,235
229891310,35257,-0.0337,-0.0498,1.0195,-0.0610,0.4883,-0.1831,1,483,882,235
229896301,35258,-0.0332,-0.0479,1.0215,-0.1831,0.4883,-0.0610,1,476,869,235
229901310,35259,-0.0337,-0.0469,1.0220,-0.1831,0.5493,-0.1831,1,465,873,235
229906302,35260,-0.0342,-0.0483,1.0225,-0.1831,0.5493,-0.2441,1,482,907,235
229911301,35261,-0.0332,-0.0483,1.0239,-0.1221,0.6104,-0.1221,1,494,872,235
229916301,35262,-0.0327,-0.0469,1.0244,-0.2441,0.5493,-0.1831,1,474,863,235
229921307,35263,-0.0322,-0.0474,1.0234,-0.3052,0.6104,-0.1831,1,497,880,235
229926306,35264,-0.0317,-0.0483,1.0225,-0.2441,0.6104,-0.3052,1,494,752,235
229931307,35265,-0.0322,-0.0483,1.0215,-0.2441,0.6714,-0.2441,1,498,828,235
229936306,35266,-0.0337,-0.0498,1.0210,-0.4272,0.7324,-0.1831,1,505,836,235
229941302,35267,-0.0337,-0.0503,1.0220,-0.3052,0.6104,-0.1831,1,473,873,235
229946309,35268,-0.0327,-0.0498,1.0220,-0.1831,0.6714,-0.1831,1,488,839,235
229951308,35269,-0.0322,-0.0493,1.0220,-0.2441,0.7324,-0.1221,1,486,853,235
229956304,35270,-0.0332,-0.0483,1.0225,-0.2441,0.7935,-0.2441,1,492,853,235
229961307,35271,-0.0352,-0.0483,1.0210,-0.1831,0.6714,-0.3662,1,466,856,235
229966307,35272,-0.0352,-0.0498,1.0186,-0.1221,0.6104,-0.2441,1,466,878,235
229971307,35273,-0.0337,-0.0493,1.0176,-0.1221,0.5493,-0.3052,1,466,873,235
229976308,35274,-0.0337,-0.0493,1.0190,-0.0610,0.4883,-0.3052,1,466,873,235
229981307,35275,-0.0347,-0.0488,1.0210,-0.0610,0.6104,-0.1831,1,466,873,235
229986308,35276,-0.0347,-0.0483,1.0215,-0.1831,0.5493,-0.1831,1,466,872,235
229991309,35277,-0.0332,-0.0493,1.0210,-0.1831,0.4883,-0.1831,1,466,883,235
229996304,35278,-0.0327,-0.0498,1.0205,-0.1831,0.4883,-0.1831,1,484,881,235
230001302,35279,-0.0332,-0.0474,1.0205,-0.1221,0.4883,-0.1221,1,466,882,235
230006307,35280,-0.0337,-0.0459,1.0205,-0.1221,0.4883,-0.0610,1,485,860,235
230011334,35281,-0.0337,-0.0479,1.0205,-0.1831,0.4272,-0.1221,1,465,896,235
230016308,35282,-0.0347,-0.0503,1.0210,-0.1221,0.4272,-0.1221,1,483,902,235
230021310,35283,-0.0347,-0.0508,1.0215,-0.1831,0.3052,-0.1221,1,471,863,235
230026309,35284,-0.0327,-0.0513,1.0215,0.0000,0.3662,-0.1831,1,497,857,235
230031307,35285,-0.0327,-0.0513,1.0215,-0.0610,0.3662,-0.1831,1,501,769,235
230036309,35286,-0.0332,-0.0508,1.0215,-0.0610,0.3052,-0.1221,1,509,841,235
230041306,35287,-0.0342,-0.0508,1.0215,-0.0610,0.3662,-0.1221,1,494,820,235
230046304,35288,-0.0337,-0.0513,1.0215,0.0000,0.3052,-0.1831,1,488,822,235
230051307,35289,-0.0322,-0.0513,1.0215,0.0000,0.3052,-0.1831,1,475,798,235
230056303,35290,-0.0312,-0.0503,1.0215,0.0610,0.2441,-0.1831,1,478,801,235
230061308,35291,-0.0317,-0.0479,1.0215,0.0000,0.2441,-0.1221,1,478,872,235
230066307,35292,-0.0317,-0.0474,1.0225,-0.1831,0.3052,-0.3052,1,493,800,235
230071307,35293,-0.0312,-0.0488,1.0225,-0.0610,0.1831,-0.1221,1,466,872,235
230076307,35294,-0.0317,-0.0493,1.0225,0.0610,0.3662,-0.1221,1,466,900,235
230081307,35295,-0.0332,-0.0503,1.0225,0.0000,0.4272,-0.1831,1,466,877,235
230086309,35296,-0.0347,-0.0503,1.0205,-0.0610,0.3052,-0.1831,1,466,833,235
230091302,35297,-0.0356,-0.0503,1.0190,0.0000,0.2441,-0.1221,1,466,870,235
230096326,35298,-0.0352,-0.0508,1.0205,0.0000,0.3052,-0.1221,1,466,828,235
230101304,35299,-0.0347,-0.0498,1.0229,0.0610,0.2441,-0.1221,1,466,819,235
230106308,35300,-0.0342,-0.0479,1.0234,0.0000,0.1831,-0.1221,1,465,877,235
230111309,35301,-0.0342,-0.0483,1.0215,0.0000,0.3662,-0.1831,1,477,771,235
230116310,35302,-0.0342,-0.0493,1.0210,0.0000,0.3052,0.0000,1,466,873,235
230121303,35303,-0.0337,-0.0498,1.0195,0.0000,0.2441,-0.1831,1,482,777,235
230126304,35304,-0.0337,-0.0503,1.0186,0.0610,0.2441,-0.1831,1,494,834,235
230131305,35305,-0.0352,-0.0503,1.0181,0.0000,0.1831,-0.1831,1,475,863,235
230136307,35306,-0.0352,-0.0503,1.0195,0.1221,0.2441,-0.1221,1,501,742,235
230141305,35307,-0.0337,-0.0493,1.0215,0.1221,0.1831,-0.1221,1,481,833,235
230146306,35308,-0.0317,-0.0479,1.0229,0.1221,0.3662,-0.1221,1,480,826,235
230151305,35309,-0.0317,-0.0479,1.0220,0.0610,0.2441,-0.1221,1,502,828,235
230156302,35310,-0.0342,-0.0493,1.0210,0.0610,0.3052,-0.1221,1,473,866,235
230161307,35311,-0.0366,-0.0498,1.0215,0.0610,0.1221,-0.1831,1,478,839,235
230166305,35312,-0.0366,-0.0498,1.0225,0.0610,0.2441,-0.1221,1,481,848,235
230171305,35313,-0.0347,-0.0508,1.0225,0.0610,0.3052,-0.1221,1,492,848,235
230176308,35314,-0.0337,-0.0503,1.0215,0.1831,0.1831,-0.1831,1,466,862,235
230181308,35315,-0.0337,-0.0483,1.0200,0.1221,0.2441,-0.1221,1,465,879,235
230186302,35316,-0.0337,-0.0479,1.0190,0.1831,0.2441,-0.1831,1,466,873,235
230191302,35317,-0.0332,-0.0488,1.0210,0.1221,0.1221,-0.1831,1,466,882,235
230196309,35318,-0.0327,-0.0488,1.0225,0.2441,0.3052,-0.1831,1,466,875,235
230201312,35319,-0.0327,-0.0488,1.0210,0.3052,0.1221,-0.1831,1,466,881,235
230206309,35320,-0.0327,-0.0488,1.0210,0.1221,0.1831,-0.1221,1,466,874,235
230211301,35321,-0.0337,-0.0498,1.0225,0.1831,0.2441,-0.2441,1,483,875,235
230216309,35322,-0.0352,-0.0508,1.0220,0.0610,0.1831,-0.1221,1,466,873,235
230221304,35323,-0.0352,-0.0508,1.0225,0.1831,0.1221,-0.2441,1,484,803,235
230226322,35324,-0.0342,-0.0508,1.0239,0.2441,0.0610,-0.2441,1,474,900,235
230231306,35325,-0.0337,-0.0508,1.0234,0.2441,0.0610,-0.2441,1,480,931,235
230236305,35326,-0.0342,-0.0503,1.0220,0.0610,0.1221,-0.1831,1,498,866,235
230241305,35327,-0.0352,-0.0503,1.0215,0.1831,0.0610,-0.1221,1,483,783,235
230246305,35328,-0.0352,-0.0493,1.0215,0.1831,0.0610,-0.1221,1,482,802,235
230251307,35329,-0.0356,-0.0483,1.0215,0.2441,0.0000,-0.1221,1,486,827,235
230256301,35330,-0.0366,-0.0488,1.0205,0.1831,-0.0610,-0.2441,1,501,786,235
230261302,35331,-0.0352,-0.0498,1.0215,0.1831,-0.0610,-0.3662,1,478,853,235
230266305,35332,-0.0337,-0.0503,1.0225,0.3662,0.0000,-0.1831,1,475,849,235
230271302,35333,-0.0332,-0.0508,1.0229,0.3662,0.1221,-0.2441,1,482,801,235
230276306,35334,-0.0342,-0.0508,1.0225,0.3052,0.0610,-0.1831,1,488,850,235
230281305,35335,-0.0342,-0.0488,1.0215,0.4883,0.0610,-0.1831,1,493,840,235
230286301,35336,-0.0332,-0.0479,1.0215,0.3052,0.1221,-0.1831,1,466,875,235
230291306,35337,-0.0337,-0.0469,1.0220,0.3662,0.0610,-0.1831,1,466,873,235
230296303,35338,-0.0337,-0.0459,1.0229,0.3662,0.0000,-0.2441,1,466,875,235
230301301,35339,-0.0332,-0.0469,1.0239,0.3052,-0.1221,-0.1831,1,466,836,235
230306306,35340,-0.0332,-0.0488,1.0234,0.3662,0.0000,-0.1221,1,466,874,235
230311306,35341,-0.0342,-0.0498,1.0225,0.3662,0.2441,-0.1831,1,466,835,235
230316305,35342,-0.0342,-0.0483,1.0220,0.1831,0.1221,-0.3052,1,483,883,235
230321309,35343,-0.0327,-0.0469,1.0229,0.2441,0.0000,-0.2441,1,466,861,235
230326304,35344,-0.0317,-0.0474,1.0239,0.1831,0.1831,-0.1831,1,484,778,235
230331310,35345,-0.0332,-0.0483,1.0220,0.2441,0.3662,-0.2441,1,465,912,235
230336302,35346,-0.0342,-0.0479,1.0195,0.1221,0.2441,-0.3052,1,483,925,235
230341304,35347,-0.0337,-0.0479,1.0205,0.1221,0.1221,-0.1831,1,493,861,235
230346309,35348,-0.0322,-0.0498,1.0220,0.3052,0.2441,-0.2441,1,491,859,235
230351301,35349,-0.0332,-0.0503,1.0220,0.1831,0.1831,-0.1221,1,508,795,235
230356306,35350,-0.0352,-0.0493,1.0215,0.2441,0.2441,-0.1831,1,498,791,235
230361307,35351,-0.0347,-0.0483,1.0210,0.1831,0.3662,-0.1831,1,489,836,235
230366306,35352,-0.0337,-0.0483,1.0229,0.3052,0.3662,-0.2441,1,509,834,235
230371307,35353,-0.0327,-0.0479,1.0229,0.1831,0.2441,-0.2441,1,477,873,235
230376301,35354,-0.0327,-0.0483,1.0229,0.2441,0.3052,-0.2441,1,488,856,235
230381302,35355,-0.0332,-0.0479,1.0239,0.1831,0.2441,-0.2441,1,477,854,235
230386301,35356,-0.0332,-0.0483,1.0239,0.2441,0.2441,-0.1831,1,493,856,235
230391303,35357,-0.0332,-0.0483,1.0229,0.3052,0.1221,-0.1221,1,466,887,235
230396310,35358,-0.0337,-0.0479,1.0225,0.2441,0.1831,-0.1221,1,466,871,235
230401308,35359,-0.0337,-0.0479,1.0225,0.1221,0.3662,-0.2441,1,466,875,235
230406301,35360,-0.0337,-0.0479,1.0225,0.1831,0.4272,-0.2441,1,466,876,235
230411303,35361,-0.0327,-0.0474,1.0210,0.1831,0.3662,-0.1831,1,466,880,235
230416324,35362,-0.0317,-0.0474,1.0210,0.0610,0.3052,-0.1831,1,465,882,235
230421306,35363,-0.0322,-0.0479,1.0225,0.0610,0.4272,-0.2441,1,466,873,235
230426308,35364,-0.0337,-0.0483,1.0234,0.0610,0.4883,-0.1831,1,484,879,235
230431306,35365,-0.0356,-0.0493,1.0225,0.0000,0.3662,-0.1221,1,475,869,235
230436307,35366,-0.0361,-0.0498,1.0205,0.0000,0.3662,-0.1831,1,465,873,235
230441310,35367,-0.0356,-0.0493,1.0181,0.0000,0.3052,-0.1831,1,482,826,235
230446307,35368,-0.0352,-0.0488,1.0171,0.0610,0.1831,-0.1831,1,477,819,235
230451305,35369,-0.0352,-0.0488,1.0186,0.1221,0.1831,-0.1831,1,467,864,235
230456310,35370,-0.0347,-0.0498,1.0205,0.1221,0.1221,-0.2441,1,494,792,235
230461308,35371,-0.0337,-0.0493,1.0225,0.1221,0.1221,-0.1831,1,469,788,235
230466304,35372,-0.0342,-0.0483,1.0225,0.1221,0.2441,-0.1831,1,494,837,235
230471309,35373,-0.0352,-0.0483,1.0215,0.1221,0.1831,-0.1831,1,494,831,235
230476307,35374,-0.0356,-0.0479,1.0215,0.1221,0.0610,-0.1831,1,482,849,235
230481303,35375,-0.0347,-0.0479,1.0225,0.1831,0.0000,-0.2441,1,488,844,235
230486302,35376,-0.0337,-0.0483,1.0239,0.1221,0.0610,-0.2441,1,478,802,235
230491305,35377,-0.0332,-0.0488,1.0239,0.0610,0.1221,-0.2441,1,492,850,235
230496304,35378,-0.0332,-0.0488,1.0229,0.0000,0.0610,-0.1831,1,493,850,235
230501310,35379,-0.0327,-0.0493,1.0215,0.0610,0.1831,-0.1831,1,466,835,235
230506306,35380,-0.0327,-0.0493,1.0205,0.0610,0.1831,-0.1831,1,466,882,235
230511309,35381,-0.0327,-0.0483,1.0205,0.0610,0.1221,-0.3052,1,466,882,235
230516305,35382,-0.0327,-0.0474,1.0215,0.0610,0.1221,-0.0610,1,466,873,235
230521308,35383,-0.0322,-0.0479,1.0234,0.0610,0.1221,-0.2441,1,466,871,235
230526308,35384,-0.0337,-0.0493,1.0229,0.1221,0.0610,-0.3052,1,466,877,235
230531303,35385,-0.0342,-0.0498,1.0220,0.0000,0.1221,-0.2441,1,483,873,235
230536305,35386,-0.0347,-0.0498,1.0220,0.0610,0.1831,-0.1221,1,465,773,235
230541301,35387,-0.0347,-0.0493,1.0215,0.1221,0.1221,-0.1221,1,484,864,235
230546329,35388,-0.0342,-0.0488,1.0210,0.1221,0.1221,-0.1831,1,472,895,235
230551304,35389,-0.0342,-0.0493,1.0215,0.1221,0.1221,-0.1831,1,470,859,235
230556303,35390,-0.0337,-0.0488,1.0215,0.1221,0.0610,-0.1831,1,477,871,235
230561304,35391,-0.0332,-0.0493,1.0220,0.1831,0.1221,-0.1831,1,503,863,235
230566302,35392,-0.0327,-0.0508,1.0220,0.1221,0.0610,-0.1831,1,505,784,235
230571305,35393,-0.0327,-0.0513,1.0220,0.1221,0.0610,-0.3052,1,489,834,235
230576309,35394,-0.0337,-0.0498,1.0215,0.3052,0.0000,-0.2441,1,508,821,235
230581301,35395,-0.0337,-0.0488,1.0220,0.2441,0.0610,-0.2441,1,476,801,235
230586302,35396,-0.0347,-0.0493,1.0200,0.3052,0.0610,-0.2441,1,492,849,235
230591304,35397,-0.0366,-0.0498,1.0186,0.4272,-0.1221,-0.1831,1,479,844,235
230596304,35398,-0.0366,-0.0493,1.0190,0.4272,-0.1831,-0.2441,1,474,851,235
230601303,35399,-0.0337,-0.0488,1.0215,0.4272,-0.2441,-0.2441,1,493,857,235
230606304,35400,-0.0312,-0.0483,1.0234,0.4883,-0.1221,-0.2441,1,466,882,235
230611304,35401,-0.0312,-0.0474,1.0239,0.4272,-0.1221,-0.1831,1,466,905,235
230616304,35402,-0.0327,-0.0474,1.0239,0.3662,-0.1221,-0.1831,1,466,904,235
230621305,35403,-0.0327,-0.0479,1.0239,0.3662,-0.1221,-0.2441,1,466,880,235
230626309,35404,-0.0308,-0.0469,1.0254,0.4883,-0.1831,-0.3052,1,466,882,235
230631306,35405,-0.0303,-0.0469,1.0259,0.3662,-0.1831,-0.1831,1,466,870,235
230636308,35406,-0.0317,-0.0479,1.0254,0.3052,-0.0610,-0.3052,1,484,876,235
230641307,35407,-0.0327,-0.0474,1.0234,0.2441,-0.0610,-0.2441,1,466,857,235
230646306,35408,-0.0332,-0.0474,1.0220,0.2441,-0.0610,-0.2441,1,484,872,235
230651320,35409,-0.0332,-0.0474,1.0215,0.3662,-0.0610,-0.0610,1,465,907,235
230656306,35410,-0.0332,-0.0474,1.0225,0.1831,0.0000,-0.1831,1,470,931,235
230661308,35411,-0.0337,-0.0474,1.0225,0.2441,0.0000,-0.1831,1,508,831,235
230666309,35412,-0.0342,-0.0479,1.0229,0.3052,0.1221,-0.1831,1,465,739,235
230671302,35413,-0.0342,-0.0479,1.0239,0.1221,0.1221,-0.2441,1,510,868,235
230676303,35414,-0.0347,-0.0479,1.0244,0.1831,0.1221,-0.1221,1,476,836,235
230681302,35415,-0.0352,-0.0488,1.0220,0.1831,0.1221,-0.0610,1,494,825,235
230686301,35416,-0.0352,-0.0488,1.0190,0.1221,0.0610,-0.1831,1,507,827,235
230691302,35417,-0.0342,-0.0488,1.0186,0.2441,0.0610,-0.1831,1,478,865,235
230696308,35418,-0.0337,-0.0483,1.0195,0.2441,0.1831,-0.1221,1,488,850,235
230701308,35419,-0.0332,-0.0483,1.0210,0.1831,0.1221,-0.1831,1,481,852,235
230706306,35420,-0.0327,-0.0483,1.0215,0.3052,0.0610,-0.2441,1,492,851,235
230711303,35421,-0.0327,-0.0474,1.0215,0.1831,0.1221,-0.3052,1,466,876,235
230716309,35422,-0.0342,-0.0464,1.0215,0.1221,0.1831,-0.2441,1,466,874,235
230721302,35423,-0.0347,-0.0469,1.0229,0.1221,0.0610,-0.1831,1,465,876,235
230726308,35424,-0.0337,-0.0479,1.0234,0.1221,0.1831,-0.3052,1,466,873,235
230731305,35425,-0.0317,-0.0479,1.0239,0.0000,0.1221,-0.3052,1,466,872,235
230736302,35426,-0.0312,-0.0479,1.0234,0.0610,0.2441,-0.1831,1,466,827,235
230741301,35427,-0.0312,-0.0474,1.0220,0.0610,0.3052,-0.1831,1,483,905,235
230746303,35428,-0.0317,-0.0469,1.0220,0.0000,0.2441,-0.2441,1,466,897,235
230751306,35429,-0.0322,-0.0474,1.0225,0.0000,0.3052,-0.2441,1,484,783,235
230756316,35430,-0.0317,-0.0474,1.0229,0.0610,0.2441,-0.2441,1,465,818,235
230761308,35431,-0.0312,-0.0483,1.0225,-0.0610,0.3662,-0.3052,1,470,922,235
230766307,35432,-0.0322,-0.0493,1.0225,-0.1221,0.2441,-0.2441,1,506,941,235
230771303,35433,-0.0327,-0.0493,1.0220,0.0610,0.3052,-0.1831,1,467,878,235
230776307,35434,-0.0347,-0.0483,1.0220,0.0610,0.3052,-0.2441,1,498,788,235
230781306,35435,-0.0347,-0.0474,1.0215,-0.0610,0.3052,-0.1221,1,476,826,235
230786302,35436,-0.0337,-0.0474,1.0210,-0.0610,0.4272,-0.2441,1,498,819,235
230791310,35437,-0.0327,-0.0469,1.0215,0.0000,0.3662,-0.2441,1,476,845,235
230796305,35438,-0.0337,-0.0469,1.0220,-0.0610,0.3662,-0.1831,1,478,805,235
230801308,35439,-0.0337,-0.0488,1.0225,-0.0610,0.3662,-0.3662,1,483,846,235
230806301,35440,-0.0332,-0.0503,1.0225,-0.1221,0.3052,-0.1831,1,491,851,235
230811305,35441,-0.0332,-0.0488,1.0225,0.0610,0.3662,-0.1831,1,493,843,235
230816310,35442,-0.0332,-0.0464,1.0215,0.0000,0.6104,-0.2441,1,466,881,235
230821304,35443,-0.0337,-0.0483,1.0205,-0.1221,0.3052,-0.2441,1,466,830,235
230826304,35444,-0.0337,-0.0503,1.0195,0.0000,0.3662,-0.1831,1,465,877,235
230831306,35445,-0.0312,-0.0488,1.0210,-0.0610,0.3662,-0.1831,1,466,833,235
230836306,35446,-0.0308,-0.0459,1.0229,-0.0610,0.4272,-0.2441,1,466,904,235
230841307,35447,-0.0327,-0.0454,1.0225,-0.0610,0.4272,-0.3662,1,465,878,235
230846301,35448,-0.0342,-0.0469,1.0215,-0.1221,0.3052,-0.2441,1,484,881,235
230851308,35449,-0.0342,-0.0479,1.0215,-0.0610,0.3662,-0.2441,1,465,858,235
230856309,35450,-0.0342,-0.0483,1.0229,-0.0610,0.4272,-0.1831,1,484,866,235
230861333,35451,-0.0337,-0.0454,1.0239,-0.1831,0.4883,-0.1831,1,467,909,235
230866303,35452,-0.0337,-0.0449,1.0229,-0.1831,0.5493,-0.1831,1,467,923,235
230871304,35453,-0.0342,-0.0479,1.0225,-0.1221,0.3662,-0.2441,1,502,874,235
230876305,35454,-0.0337,-0.0493,1.0234,-0.1221,0.4883,-0.3052,1,485,872,235
230881305,35455,-0.0322,-0.0483,1.0234,-0.2441,0.5493,-0.1831,1,508,751,235
230886308,35456,-0.0322,-0.0479,1.0229,-0.3662,0.6714,-0.2441,1,490,851,235
230891308,35457,-0.0327,-0.0469,1.0225,-0.3662,0.6104,-0.1831,1,492,835,235
230896307,35458,-0.0337,-0.0464,1.0220,-0.3662,0.5493,-0.1221,1,483,828,235
230901309,35459,-0.0347,-0.0469,1.0215,-0.3052,0.5493,-0.2441,1,485,867,235
230906302,35460,-0.0337,-0.0488,1.0210,-0.2441,0.6714,-0.3052,1,491,845,235
230911305,35461,-0.0327,-0.0498,1.0215,-0.3662,0.5493,-0.1221,1,481,845,235
230916309,35462,-0.0332,-0.0488,1.0225,-0.4272,0.5493,-0.1831,1,493,853,235
230921306,35463,-0.0337,-0.0488,1.0234,-0.4883,0.5493,-0.1831,1,466,884,235
230926303,35464,-0.0332,-0.0503,1.0239,-0.4272,0.4883,-0.1831,1,466,883,235
230931306,35465,-0.0327,-0.0498,1.0234,-0.3662,0.4883,-0.1831,1,466,880,235
230936301,35466,-0.0332,-0.0488,1.0225,-0.3052,0.6714,-0.1221,1,466,887,235
230941314,35467,-0.0342,-0.0493,1.0215,-0.3662,0.6714,-0.2441,1,466,874,235
230946308,35468,-0.0332,-0.0488,1.0220,-0.2441,0.5493,-0.2441,1,466,880,235
230951302,35469,-0.0332,-0.0493,1.0234,-0.2441,0.6104,-0.1221,1,484,886,235
230956305,35470,-0.0327,-0.0498,1.0239,-0.3662,0.7324,-0.1221,1,477,868,235
230961305,35471,-0.0322,-0.0488,1.0244,-0.3662,0.7935,-0.0610,1,465,873,235
230966325,35472,-0.0327,-0.0479,1.0239,-0.4272,0.7324,-0.2441,1,482,909,235
230971302,35473,-0.0337,-0.0469,1.0225,-0.4272,0.6714,-0.2441,1,468,873,235
230976308,35474,-0.0332,-0.0474,1.0225,-0.4272,0.7324,-0.1831,1,496,873,235
230981301,35475,-0.0322,-0.0488,1.0234,-0.4272,0.7935,-0.0610,1,492,878,235
230986306,35476,-0.0317,-0.0488,1.0239,-0.4272,0.9155,-0.1221,1,466,843,235
230991307,35477,-0.0327,-0.0488,1.0229,-0.3052,1.0986,-0.1831,1,504,845,235
230996305,35478,-0.0347,-0.0483,1.0210,-0.3662,1.0376,-0.1221,1,492,835,235
231001306,35479,-0.0352,-0.0483,1.0205,-0.4883,0.9766,0.0000,1,478,847,235
231006304,35480,-0.0342,-0.0493,1.0220,-0.4272,1.0376,-0.0610,1,487,799,235
231011310,35481,-0.0347,-0.0493,1.0225,-0.4272,1.0376,-0.0610,1,476,847,235
231016302,35482,-0.0356,-0.0508,1.0215,-0.4272,1.2207,-0.1221,1,492,847,235
231021301,35483,-0.0347,-0.0522,1.0210,-0.2441,1.0986,-0.0610,1,466,874,235
231026305,35484,-0.0327,-0.0518,1.0215,-0.2441,1.1597,-0.2441,1,466,879,235
231031310,35485,-0.0322,-0.0498,1.0220,-0.2441,1.2207,-0.0610,1,466,882,235
231036305,35486,-0.0337,-0.0493,1.0225,-0.3052,1.0986,-0.1831,1,466,882,235
231041305,35487,-0.0356,-0.0508,1.0215,-0.2441,1.0376,-0.1831,1,466,878,235
231046306,35488,-0.0361,-0.0503,1.0205,-0.1221,1.2207,-0.1831,1,466,878,235
231051304,35489,-0.0347,-0.0488,1.0205,-0.2441,1.0986,-0.1831,1,483,877,235
231056305,35490,-0.0342,-0.0483,1.0220,-0.2441,1.0986,0.0000,1,465,882,235
231061308,35491,-0.0352,-0.0493,1.0229,-0.3052,1.0986,-0.1221,1,484,777,235
231066301,35492,-0.0361,-0.0503,1.0225,-0.3052,1.1597,-0.0610,1,466,901,235
231071305,35493,-0.0361,-0.0498,1.0220,-0.2441,1.0986,-0.0610,1,467,860,235
231076303,35494,-0.0356,-0.0483,1.0220,-0.3052,1.0376,-0.0610,1,483,870,235
231081308,35495,-0.0356,-0.0493,1.0215,-0.4272,0.9766,-0.0610,1,470,870,235
231086309,35496,-0.0352,-0.0508,1.0220,-0.3662,0.9155,0.0610,1,510,874,235
231091302,35497,-0.0347,-0.0498,1.0229,-0.1221,0.9766,0.0000,1,468,826,235
231096308,35498,-0.0352,-0.0493,1.0234,-0.2441,1.0986,0.0000,1,497,783,235
231101301,35499,-0.0352,-0.0498,1.0229,-0.3662,1.0986,-0.1831,1,493,789,235
231106309,35500,-0.0361,-0.0493,1.0225,-0.3052,1.1597,-0.1831,1,492,857,235
231111306,35501,-0.0366,-0.0488,1.0215,-0.3052,1.1597,-0.1221,1,491,851,235
231116307,35502,-0.0356,-0.0493,1.0215,-0.3662,1.1597,0.0610,1,481,845,235
231121303,35503,-0.0352,-0.0518,1.0215,-0.3052,1.0986,0.0000,1,493,850,235
231126303,35504,-0.0361,-0.0537,1.0205,-0.2441,1.0986,-0.0610,1,465,826,235
231131308,35505,-0.0366,-0.0527,1.0200,-0.1831,1.0376,-0.0610,1,466,881,235
231136303,35506,-0.0371,-0.0508,1.0195,-0.1221,0.9766,-0.1221,1,465,879,235
231141308,35507,-0.0391,-0.0488,1.0186,-0.1221,0.9766,-0.1221,1,466,870,235
231146304,35508,-0.0396,-0.0479,1.0171,-0.2441,0.9766,-0.1831,1,466,867,235
231151326,35509,-0.0386,-0.0498,1.0171,-0.0610,0.6714,-0.1831,1,466,873,235
231156309,35510,-0.0376,-0.0513,1.0176,0.0000,0.6714,-0.1831,1,466,873,235
231161301,35511,-0.0366,-0.0513,1.0195,0.0610,0.7324,-0.1221,1,465,819,235
231166303,35512,-0.0361,-0.0508,1.0225,0.0610,0.6714,-0.0610,1,484,866,235
231171301,35513,-0.0356,-0.0503,1.0229,-0.0610,0.5493,-0.2441,1,466,867,235
231176335,35514,-0.0356,-0.0493,1.0210,0.0610,0.5493,-0.2441,1,474,921,235
231181309,35515,-0.0352,-0.0488,1.0205,-0.0610,0.5493,-0.1831,1,467,870,235
231186308,35516,-0.0352,-0.0488,1.0220,0.0000,0.4272,-0.0610,1,475,867,235
231191307,35517,-0.0361,-0.0488,1.0229,0.0610,0.3052,-0.0610,1,498,707,235
231196302,35518,-0.0371,-0.0488,1.0229,0.1221,0.5493,-0.1831,1,483,781,235
231201303,35519,-0.0371,-0.0493,1.0220,-0.0610,0.6104,-0.1831,1,487,845,235
231206309,35520,-0.0366,-0.0498,1.0210,-0.1221,0.6104,-0.0610,1,492,831,235
231211304,35521,-0.0361,-0.0513,1.0225,-0.1221,0.4883,-0.1221,1,479,842,235
231216303,35522,-0.0356,-0.0508,1.0229,-0.1221,0.6104,-0.0610,1,473,842,235
231221309,35523,-0.0356,-0.0498,1.0229,-0.1221,0.6104,-0.1221,1,483,842,235
231226306,35524,-0.0366,-0.0518,1.0220,0.0000,0.4883,-0.1831,1,493,845,235
231231309,35525,-0.0371,-0.0518,1.0205,-0.0610,0.4883,-0.1221,1,466,830,235
231236307,35526,-0.0366,-0.0503,1.0195,0.0000,0.4883,-0.0610,1,466,872,235
231241301,35527,-0.0352,-0.0493,1.0200,-0.1221,0.5493,-0.1221,1,466,829,235
231246306,35528,-0.0347,-0.0493,1.0205,-0.0610,0.5493,-0.1221,1,466,873,235
231251303,35529,-0.0366,-0.0488,1.0190,-0.0610,0.6104,-0.0610,1,466,905,235
231256326,35530,-0.0376,-0.0488,1.0181,-0.1221,0.5493,-0.0610,1,465,875,235
231261303,35531,-0.0376,-0.0493,1.0190,-0.0610,0.4883,-0.0610,1,466,872,235
231266306,35532,-0.0366,-0.0503,1.0205,0.0000,0.4883,-0.0610,1,465,875,235
231271301,35533,-0.0361,-0.0527,1.0210,0.0000,0.4272,-0.1221,1,475,771,235
231276309,35534,-0.0352,-0.0532,1.0220,0.1221,0.4883,-0.1221,1,466,885,235
231281327,35535,-0.0347,-0.0518,1.0229,0.0610,0.3662,-0.0610,1,482,897,235
231286307,35536,-0.0352,-0.0493,1.0229,0.1221,0.4272,-0.1221,1,471,862,235
231291303,35537,-0.0361,-0.0488,1.0225,0.0000,0.5493,-0.1831,1,472,863,235
231296307,35538,-0.0371,-0.0493,1.0220,0.0000,0.4272,-0.1221,1,501,757,235
231301302,35539,-0.0371,-0.0498,1.0210,0.0000,0.3662,0.0000,1,479,795,235
231306304,35540,-0.0366,-0.0498,1.0200,0.1221,0.4272,0.0000,1,485,740,235
231311304,35541,-0.0356,-0.0488,1.0200,0.1221,0.4883,-0.1831,1,509,785,235
231316307,35542,-0.0352,-0.0493,1.0210,0.1221,0.5493,0.0000,1,478,849,235
231321305,35543,-0.0356,-0.0503,1.0215,0.1221,0.5493,0.0000,1,481,800,235
231326301,35544,-0.0366,-0.0518,1.0220,0.1831,0.4272,-0.0610,1,492,799,235
231331310,35545,-0.0366,-0.0527,1.0229,0.1221,0.5493,-0.0610,1,493,849,235
231336302,35546,-0.0371,-0.0522,1.0215,0.2441,0.7324,-0.1221,1,493,851,235
231341301,35547,-0.0371,-0.0527,1.0205,0.3052,0.4883,-0.1221,1,466,881,235
231346302,35548,-0.0371,-0.0527,1.0190,0.3052,0.6714,-0.0610,1,466,873,235
231351303,35549,-0.0371,-0.0508,1.0181,0.3052,0.6714,-0.1221,1,466,874,235
231356304,35550,-0.0391,-0.0493,1.0181,0.3052,0.4883,-0.0610,1,466,866,235
231361302,35551,-0.0400,-0.0493,1.0181,0.3052,0.4883,-0.1831,1,466,866,235
231366305,35552,-0.0396,-0.0498,1.0186,0.4883,0.4883,-0.3662,1,466,870,235
231371301,35553,-0.0376,-0.0503,1.0195,0.4883,0.4883,-0.2441,1,483,877,235
231376301,35554,-0.0371,-0.0518,1.0215,0.6104,0.4883,-0.1221,1,465,864,235
231381301,35555,-0.0376,-0.0513,1.0234,0.6714,0.4883,-0.2441,1,484,860,235
231386317,35556,-0.0376,-0.0508,1.0244,0.6714,0.4883,-0.1831,1,474,904,235
231391305,35557,-0.0371,-0.0513,1.0229,0.6104,0.3662,-0.1831,1,483,862,235
231396304,35558,-0.0366,-0.0518,1.0220,0.7324,0.3052,-0.2441,1,499,870,235
231401301,35559,-0.0361,-0.0518,1.0220,0.6714,0.4272,-0.1831,1,486,873,235
231406303,35560,-0.0361,-0.0508,1.0225,0.6714,0.4883,-0.2441,1,494,752,235
231411306,35561,-0.0361,-0.0498,1.0234,0.5493,0.4272,-0.2441,1,477,838,235
231416305,35562,-0.0361,-0.0488,1.0244,0.5493,0.4272,-0.3052,1,502,840,235
231421309,35563,-0.0366,-0.0498,1.0229,0.5493,0.6104,-0.2441,1,473,852,235
231426307,35564,-0.0376,-0.0513,1.0200,0.6104,0.5493,-0.3052,1,477,854,235
231431302,35565,-0.0371,-0.0513,1.0176,0.6104,0.4883,-0.1831,1,489,840,235
231436304,35566,-0.0371,-0.0479,1.0186,0.4883,0.3662,-0.1221,1,469,847,235
231441302,35567,-0.0376,-0.0459,1.0210,0.4272,0.4272,-0.1221,1,493,845,235
231446301,35568,-0.0386,-0.0479,1.0220,0.4272,0.4272,-0.2441,1,466,871,235
231451303,35569,-0.0386,-0.0493,1.0215,0.3662,0.4272,-0.1831,1,466,879,235
231456306,35570,-0.0376,-0.0488,1.0210,0.3052,0.5493,-0.1221,1,466,882,235
231461308,35571,-0.0361,-0.0488,1.0215,0.2441,0.5493,-0.1831,1,466,873,235
231466307,35572,-0.0356,-0.0498,1.0215,0.3662,0.4883,-0.1221,1,466,886,235
231471303,35573,-0.0356,-0.0493,1.0220,0.2441,0.5493,-0.0610,1,466,878,235
231476304,35574,-0.0366,-0.0469,1.0229,0.1221,0.4883,0.0000,1,483,883,235
231481306,35575,-0.0376,-0.0464,1.0229,0.1831,0.4883,-0.0610,1,468,770,235
231486305,35576,-0.0376,-0.0479,1.0234,0.1831,0.4883,-0.1221,1,483,810,235
231491326,35577,-0.0371,-0.0493,1.0225,0.2441,0.5493,-0.2441,1,477,901,235
231496308,35578,-0.0361,-0.0493,1.0215,0.3052,0.6714,-0.1221,1,482,926,235
231501304,35579,-0.0361,-0.0493,1.0205,0.4272,0.7935,-0.1221,1,505,861,235
231506305,35580,-0.0371,-0.0498,1.0190,0.2441,0.7324,-0.1221,1,472,874,235
231511310,35581,-0.0391,-0.0508,1.0161,0.3052,0.7935,-0.2441,1,497,792,235
231516304,35582,-0.0415,-0.0518,1.0137,0.4883,0.6104,-0.2441,1,494,831,235
231521310,35583,-0.0415,-0.0518,1.0156,0.4883,0.3662,-0.2441,1,509,827,235
231526303,35584,-0.0396,-0.0498,1.0181,0.5493,0.3052,-0.3052,1,473,851,235
231531301,35585,-0.0386,-0.0479,1.0210,0.6104,0.2441,-0.1831,1,486,862,235
231536301,35586,-0.0371,-0.0479,1.0229,0.4272,0.2441,-0.2441,1,475,844,235
231541308,35587,-0.0356,-0.0479,1.0225,0.3662,0.3662,-0.2441,1,471,855,235
231546301,35588,-0.0366,-0.0469,1.0220,0.0610,0.4272,-0.1831,1,494,853,235
231551308,35589,-0.0386,-0.0474,1.0220,0.1831,0.4272,0.0000,1,466,876,235
231556310,35590,-0.0405,-0.0493,1.0210,0.3052,0.3052,0.0000,1,466,831,235
231561302,35591,-0.0400,-0.0488,1.0205,0.4272,0.1831,0.0000,1,466,822,235
231566304,35592,-0.0371,-0.0474,1.0215,0.2441,0.4272,0.0000,1,466,833,235
231571305,35593,-0.0352,-0.0474,1.0220,0.2441,0.5493,-0.0610,1,466,833,235
231576304,35594,-0.0361,-0.0483,1.0225,0.1831,0.6104,0.0000,1,466,876,235
231581303,35595,-0.0381,-0.0498,1.0234,0.2441,0.4883,0.0000,1,483,833,235
231586301,35596,-0.0376,-0.0493,1.0239,0.4272,0.4883,-0.1221,1,469,822,235
231591302,35597,-0.0366,-0.0488,1.0229,0.3662,0.6714,0.0000,1,465,827,235
231596332,35598,-0.0361,-0.0479,1.0215,0.4272,0.5493,-0.0610,1,482,826,235
231601310,35599,-0.0371,-0.0488,1.0205,0.4883,0.6104,-0.1221,1,479,930,235
231606304,35600,-0.0381,-0.0518,1.0195,0.5493,0.7324,-0.0610,1,507,861,235
231611302,35601,-0.0386,-0.0518,1.0190,0.7324,0.6714,-0.1221,1,473,873,235
231616307,35602,-0.0381,-0.0493,1.0205,0.7935,0.7935,0.0000,1,503,751,235
231621301,35603,-0.0371,-0.0498,1.0215,0.8545,0.7324,-0.0610,1,504,781,235
231626301,35604,-0.0366,-0.0503,1.0215,0.9766,0.6714,-0.0610,1,500,832,235
231631306,35605,-0.0376,-0.0493,1.0205,0.7324,0.7324,0.0000,1,492,841,235
231636303,35606,-0.0391,-0.0493,1.0205,0.7324,0.6714,-0.1221,1,476,807,235
231641303,35607,-0.0386,-0.0503,1.0210,0.9155,0.6104,0.0000,1,479,843,235
231646304,35608,-0.0371,-0.0493,1.0210,0.8545,0.9155,0.0610,1,486,795,235
231651301,35609,-0.0371,-0.0479,1.0205,0.7324,0.8545,0.1221,1,493,847,235
231656302,35610,-0.0381,-0.0479,1.0205,0.8545,0.6714,0.0610,1,466,873,235
231661301,35611,-0.0386,-0.0479,1.0205,0.7935,0.6714,0.0000,1,466,868,235
231666309,35612,-0.0396,-0.0479,1.0195,0.8545,0.7935,0.0610,1,466,856,235
231671309,35613,-0.0425,-0.0479,1.0171,0.7324,0.6104,0.1831,1,466,874,235
231676321,35614,-0.0410,-0.0488,1.0166,0.7324,0.2441,0.1831,1,466,872,235
231681301,35615,-0.0352,-0.0488,1.0195,0.9766,0.4272,0.2441,1,466,884,235
231686302,35616,-0.0342,-0.0479,1.0229,0.7935,0.7935,0.1221,1,484,879,235
231691303,35617,-0.0352,-0.0508,1.0234,0.8545,0.9155,0.1831,1,473,861,235
231696305,35618,-0.0356,-0.0542,1.0234,1.0376,1.1597,0.3052,1,465,826,235
231701332,35619,-0.0371,-0.0522,1.0229,1.1597,1.1597,0.3662,1,481,901,235
231706305,35620,-0.0376,-0.0483,1.0234,1.1597,1.2207,0.3052,1,479,925,235
231711304,35621,-0.0366,-0.0498,1.0229,1.1597,1.4038,0.4272,1,509,865,235
231716308,35622,-0.0371,-0.0532,1.0186,1.3428,1.4648,0.5493,1,471,836,235
231721308,35623,-0.0400,-0.0503,1.0142,1.5259,1.3428,0.6714,1,510,880,235
231726303,35624,-0.0425,-0.0464,1.0161,1.4038,1.1597,0.6104,1,493,832,235
231731308,35625,-0.0396,-0.0498,1.0220,1.3428,1.2817,0.7324,1,507,837,235
231736302,35626,-0.0352,-0.0518,1.0249,1.7090,1.7090,0.7324,1,475,852,235
231741310,35627,-0.0356,-0.0459,1.0249,1.7700,1.7700,0.7324,1,483,867,235
231746309,35628,-0.0400,-0.0435,1.0225,1.5259,1.7700,0.7935,1,485,850,235
231751301,35629,-0.0435,-0.0464,1.0205,1.4038,1.6479,0.7935,1,471,843,235
231756306,35630,-0.0420,-0.0469,1.0220,1.5259,1.7090,0.7935,1,493,848,235
231761309,35631,-0.0386,-0.0459,1.0244,1.4648,1.8311,0.6714,1,466,870,235
231766308,35632,-0.0366,-0.0459,1.0264,1.5869,2.0752,0.7324,1,466,877,235
231771301,35633,-0.0381,-0.0459,1.0234,1.7090,2.0142,0.7935,1,466,880,235
231776307,35634,-0.0405,-0.0449,1.0200,1.7700,2.0142,0.7935,1,466,874,235
231781312,35635,-0.0391,-0.0459,1.0200,1.6479,2.0752,0.6714,1,466,873,235
231786309,35636,-0.0356,-0.0488,1.0215,1.9531,2.5024,0.7324,1,466,872,235
231791302,35637,-0.0366,-0.0479,1.0229,2.0142,2.7466,0.8545,1,484,885,235
231796301,35638,-0.0366,-0.0464,1.0239,1.9531,2.9297,0.9155,1,467,868,235
231801302,35639,-0.0361,-0.0459,1.0229,2.0142,3.1738,0.9155,1,484,874,235
231806306,35640,-0.0361,-0.0464,1.0210,1.9531,3.1738,1.0376,1,474,911,235
231811301,35641,-0.0352,-0.0464,1.0220,2.1362,3.6621,1.0986,1,472,869,235
231816302,35642,-0.0347,-0.0415,1.0234,2.3804,3.9673,1.2207,1,500,873,235
231821303,35643,-0.0366,-0.0356,1.0244,2.1362,4.3335,1.1597,1,480,879,235
231826305,35644,-0.0381,-0.0361,1.0229,1.9531,4.5166,1.2817,1,505,840,235
231831310,35645,-0.0405,-0.0386,1.0210,1.8921,4.6387,1.2817,1,485,813,235
231836304,35646,-0.0405,-0.0425,1.0234,1.7700,4.4556,1.3428,1,494,839,235
231841304,35647,-0.0361,-0.0474,1.0278,1.8311,4.6997,1.3428,1,481,849,235
231846302,35648,-0.0361,-0.0498,1.0273,2.0752,5.3101,1.2817,1,492,855,235
231851306,35649,-0.0439,-0.0464,1.0210,2.1973,5.2490,1.2207,1,481,853,235
231856309,35650,-0.0532,-0.0400,1.0137,2.3193,4.9438,1.0376,1,485,851,235
231861305,35651,-0.0532,-0.0381,1.0127,2.3804,4.3945,0.9766,1,492,854,235
231866310,35652,-0.0483,-0.0435,1.0166,2.3193,4.2114,0.7324,1,465,876,235
231871302,35653,-0.0449,-0.0449,1.0205,2.8687,4.3945,0.7324,1,466,888,235
231876309,35654,-0.0420,-0.0400,1.0244,2.8687,4.4556,0.4883,1,466,886,235
231881301,35655,-0.0415,-0.0371,1.0249,2.7466,4.8218,0.1221,1,466,879,235
231886301,35656,-0.0454,-0.0386,1.0205,2.8076,4.7607,0.1831,1,466,881,235
231891304,35657,-0.0503,-0.0405,1.0156,2.9907,4.6387,0.1831,1,466,883,235
231896305,35658,-0.0532,-0.0386,1.0151,2.9297,4.5776,0.3052,1,483,880,235
231901303,35659,-0.0532,-0.0342,1.0190,2.5635,4.2114,0.1831,1,466,880,235
231906304,35660,-0.0518,-0.0288,1.0239,2.3804,4.0894,0.1221,1,484,875,235
231911302,35661,-0.0503,-0.0273,1.0273,2.0752,3.7231,0.2441,1,466,903,235
231916331,35662,-0.0483,-0.0308,1.0283,1.5869,3.7842,0.1221,1,482,922,235
231921306,35663,-0.0449,-0.0332,1.0288,1.4648,3.9062,0.1221,1,478,867,235
231926302,35664,-0.0430,-0.0337,1.0298,1.2207,3.8452,0.2441,1,503,873,235
231931301,35665,-0.0449,-0.0342,1.0293,1.0376,4.2114,0.1831,1,506,879,235
231936302,35666,-0.0503,-0.0337,1.0269,0.9155,4.2114,0.1831,1,470,787,235
231941301,35667,-0.0552,-0.0361,1.0254,0.5493,3.7842,0.1831,1,488,842,235
231946303,35668,-0.0562,-0.0405,1.0239,0.7324,3.3569,0.3052,1,504,835,235
231951310,35669,-0.0562,-0.0396,1.0229,0.7324,3.1128,0.1831,1,491,850,235
231956306,35670,-0.0562,-0.0352,1.0220,0.4272,2.8687,0.1221,1,490,872,235
231961307,35671,-0.0552,-0.0332,1.0210,0.3662,2.6855,0.0000,1,479,845,235
231966302,35672,-0.0518,-0.0347,1.0220,0.2441,2.4414,-0.0610,1,480,807,235
231971301,35673,-0.0513,-0.0366,1.0195,0.1221,2.6855,-0.1831,1,493,849,235
231976310,35674,-0.0581,-0.0376,1.0142,0.1221,2.5635,-0.2441,1,466,881,235
231981309,35675,-0.0640,-0.0396,1.0103,0.0610,1.8311,-0.2441,1,466,877,235
231986304,35676,-0.0615,-0.0410,1.0122,0.4883,1.4648,-0.3052,1,466,872,235
231991304,35677,-0.0566,-0.0405,1.0171,0.5493,1.6479,-0.3662,1,466,879,235
231996308,35678,-0.0552,-0.0420,1.0166,0.6714,1.5869,-0.1831,1,466,882,235
232001301,35679,-0.0581,-0.0420,1.0117,0.7935,1.4038,-0.2441,1,466,881,235
232006306,35680,-0.0605,-0.0400,1.0073,0.8545,1.1597,-0.3662,1,483,882,235
232011302,35681,-0.0571,-0.0430,1.0068,1.0376,1.0376,-0.3662,1,465,865,235
232016309,35682,-0.0537,-0.0474,1.0112,1.4038,1.0986,-0.3662,1,484,866,235
232021304,35683,-0.0542,-0.0483,1.0151,1.7090,1.2817,-0.4272,1,466,910,235
232026309,35684,-0.0571,-0.0488,1.0166,2.1362,1.2207,-0.4272,1,467,871,235
232031303,35685,-0.0571,-0.0488,1.0171,2.4414,0.9155,-0.2441,1,479,876,235
232036306,35686,-0.0542,-0.0464,1.0156,2.9297,1.0376,-0.1831,1,467,882,235
232041309,35687,-0.0513,-0.0430,1.0151,3.1128,1.0986,-0.3662,1,510,875,235
232046305,35688,-0.0503,-0.0444,1.0156,3.2959,1.1597,-0.4883,1,508,807,235
232051304,35689,-0.0557,-0.0552,1.0059,4.5166,1.4038,-0.4272,1,488,841,235
232056302,35690,-0.0605,-0.0557,1.0000,5.2490,1.2817,-0.5493,1,471,832,235
232061301,35691,-0.0615,-0.0542,1.0000,5.8594,0.7324,-0.6714,1,481,849,235
232066309,35692,-0.0566,-0.0498,1.0068,6.4697,0.7935,-0.6714,1,487,865,235
232071309,35693,-0.0513,-0.0425,1.0137,6.8970,1.0376,-0.6714,1,484,854,235
232076301,35694,-0.0522,-0.0371,1.0132,7.1411,0.9766,-0.7324,1,485,846,235
232081309,35695,-0.0571,-0.0356,1.0078,7.2021,0.8545,-0.7935,1,493,854,235
232086303,35696,-0.0610,-0.0366,1.0054,7.3242,0.6714,-0.6104,1,466,881,235
232091303,35697,-0.0601,-0.0356,1.0078,7.5684,0.2441,-0.6104,1,466,878,235
232096309,35698,-0.0601,-0.0317,1.0093,7.8735,0.4883,-0.7935,1,465,876,235
232101305,35699,-0.0610,-0.0293,1.0063,7.8125,-0.0610,-0.8545,1,466,876,235
232106312,35700,-0.0571,-0.0303,1.0054,7.8125,-0.3662,-0.7935,1,466,876,235
232111305,35701,-0.0503,-0.0347,1.0112,8.0566,-0.3052,-0.8545,1,466,877,235
232116308,35702,-0.0454,-0.0371,1.0181,8.5449,0.2441,-0.8545,1,483,874,235
232121302,35703,-0.0469,-0.0312,1.0186,8.7280,0.6104,-0.9155,1,467,872,235
232126309,35704,-0.0522,-0.0278,1.0151,8.5449,0.6104,-0.8545,1,466,843,235
232131316,35705,-0.0576,-0.0278,1.0112,8.6670,0.4272,-0.8545,1,478,909,235
232136301,35706,-0.0601,-0.0225,1.0112,8.6060,0.3052,-1.0376,1,476,874,235
232141302,35707,-0.0581,-0.0142,1.0151,8.2397,0.1221,-1.0376,1,497,865,235
232146309,35708,-0.0547,-0.0088,1.0190,7.8125,0.3662,-0.9155,1,478,876,235
232151307,35709,-0.0562,-0.0073,1.0181,7.3853,0.4272,-1.0986,1,493,754,235
232156304,35710,-0.0625,-0.0112,1.0132,7.0801,0.0000,-1.2207,1,472,839,235
232161310,35711,-0.0688,-0.0156,1.0078,6.9580,-0.5493,-1.3428,1,501,779,235
232166308,35712,-0.0698,-0.0176,1.0073,6.8359,-1.3428,-1.4038,1,486,854,235
232171305,35713,-0.0649,-0.0190,1.0093,6.8359,-1.6479,-1.5259,1,474,855,235
232176303,35714,-0.0669,-0.0186,1.0059,7.0801,-2.0142,-1.7090,1,478,855,235
232181304,35715,-0.0718,-0.0166,0.9990,7.0190,-2.9907,-1.8921,1,488,837,235
232186301,35716,-0.0723,-0.0142,0.9980,6.8359,-3.8452,-2.0752,1,493,849,235
232191305,35717,-0.0698,-0.0112,1.0029,6.7749,-4.6997,-1.8921,1,466,883,235
232196305,35718,-0.0649,-0.0103,1.0078,6.4697,-5.4321,-2.0142,1,466,886,235
232201301,35719,-0.0615,-0.0156,1.0107,6.4697,-6.1035,-2.1973,1,466,883,235
232206305,35720,-0.0625,-0.0205,1.0132,6.8359,-6.9580,-2.3804,1,466,889,235
232211313,35721,-0.0645,-0.0142,1.0171,6.7139,-7.9346,-2.3804,1,466,881,235
232216302,35722,-0.0659,-0.0039,1.0195,6.2256,-9.0942,-2.5635,1,466,874,235
232221303,35723,-0.0649,-0.0029,1.0205,5.6152,-10.3149,-2.9297,1,484,884,235
232226301,35724,-0.0605,-0.0039,1.0220,5.3711,-11.4746,-3.2349,1,478,900,235
232231310,35725,-0.0596,-0.0010,1.0176,5.1880,-12.2070,-3.6621,1,465,839,235
232236331,35726,-0.0640,-0.0024,1.0083,4.8218,-12.9395,-4.2114,1,482,891,235
232241301,35727,-0.0718,-0.0044,1.0010,4.8828,-14.0381,-4.7607,1,470,943,235
232246305,35728,-0.0776,-0.0020,0.9990,4.8218,-15.5640,-5.2490,1,508,876,235
232251306,35729,-0.0732,0.0000,1.0020,4.6387,-16.7847,-5.7373,1,486,894,235
232256307,35730,-0.0605,-0.0044,1.0098,4.5776,-17.5781,-6.4697,1,510,726,235
232261305,35731,-0.0537,-0.0078,1.0117,4.8828,-17.3950,-7.2021,1,489,853,235
232266309,35732,-0.0649,-0.0029,1.0059,4.8828,-17.6392,-7.8125,1,494,850,235
232271301,35733,-0.0811,0.0000,1.0005,4.3945,-19.2261,-8.3008,1,485,861,235
232276307,35734,-0.0957,-0.0034,0.9966,4.2725,-20.7520,-8.9111,1,471,807,235
232281306,35735,-0.1157,-0.0059,0.9878,4.3335,-23.8037,-9.2773,1,476,868,235
232286307,35736,-0.1333,-0.0015,0.9795,3.7231,-27.6489,-9.3384,1,482,871,235
232291307,35737,-0.1299,0.0103,0.9829,2.4414,-32.1045,-8.7891,1,493,874,235
232296309,35738,-0.1064,0.0220,0.9937,1.4648,-35.2783,-8.7891,1,466,891,235
232301306,35739,-0.0757,0.0234,1.0078,-0.1221,-37.7197,-9.0942,1,466,895,235
232306309,35740,-0.0454,0.0161,1.0278,-1.4038,-39.6118,-8.9722,1,466,890,235
232311305,35741,-0.0200,0.0122,1.0449,-2.3193,-40.6494,-8.7891,1,466,902,235
232316325,35742,-0.0039,0.0137,1.0527,-3.6011,-40.8325,-8.7891,1,466,902,235
232321308,35743,0.0000,0.0132,1.0537,-4.5776,-41.5649,-8.6670,1,466,893,235
232326308,35744,-0.0107,0.0112,1.0435,-5.1270,-42.1143,-8.6060,1,465,860,235
232331304,35745,-0.0322,0.0078,1.0273,-5.6763,-43.2739,-8.5449,1,478,898,235
232336309,35746,-0.0444,0.0005,1.0210,-5.8594,-45.2270,-8.3618,1,466,849,235
232341308,35747,-0.0391,-0.0103,1.0293,-5.7373,-47.0581,-7.8735,1,482,892,235
232346309,35748,-0.0308,-0.0200,1.0386,-5.1880,-47.4243,-7.2632,1,465,889,235
232351305,35749,-0.0342,-0.0205,1.0430,-4.7607,-48.5229,-6.4087,1,481,886,235
232356306,35750,-0.0356,-0.0098,1.0493,-4.4556,-50.9644,-5.4321,1,471,896,235
232361306,35751,-0.0142,0.0039,1.0620,-4.7607,-53.1006,-4.8218,1,495,895,235
232366303,35752,0.0156,0.0073,1.0703,-5.4932,-54.2603,-4.4556,1,471,855,235
232371305,35753,0.0269,0.0049,1.0718,-5.7983,-54.3823,-4.5776,1,501,820,235
232376301,35754,0.0293,0.0063,1.0708,-6.7749,-56.8848,-3.9062,1,476,870,235
232381308,35755,0.0098,0.0103,1.0654,-7.3242,-56.0913,-3.4180,1,488,870,235
232386308,35756,-0.0356,0.0161,1.0669,-9.2773,-61.0962,-2.5024,1,490,889,235
232391301,35757,-0.0688,0.0137,1.0693,-11.5967,-70.2515,-1.7090,1,473,875,235
232396301,35758,-0.0845,0.0088,1.0674,-13.4888,-78.2471,-1.9531,1,493,880,235
232401309,35759,-0.0864,0.0063,1.0635,-15.9912,-87.6465,-1.9531,1,466,903,235
232406303,35760,-0.0942,0.0073,1.0649,-17.8833,-97.2900,-2.6855,1,466,918,235
232411309,35761,-0.1313,0.0107,1.0737,-20.0195,-109.9853,-4.5776,1,466,915,235
232416309,35762,-0.1997,0.0142,1.0825,-22.7051,-126.0376,-6.4697,1,466,923,235
232421309,35763,-0.2822,0.0249,1.0957,-25.9399,-145.4468,-8.6670,1,466,925,235
232426302,35764,-0.3540,0.0337,1.1162,-30.0903,-170.3491,-10.4370,1,466,926,235
232431301,35765,-0.4468,0.0503,1.1562,-34.6680,-196.0449,-13.0615,1,483,943,235
232436309,35766,-0.5308,0.0718,1.2129,-40.9546,-235.0464,-15.1978,1,466,965,235
232441301,35767,-0.6206,0.1016,1.2856,-49.4385,-274.1089,-18.5547,1,484,934,235
232446308,35768,-0.7568,0.1582,1.3916,-62.3169,-319.5801,-21.4233,1,465,869,235
232451308,35769,-0.8452,0.2119,1.5073,-75.8667,-369.9341,-22.5220,1,472,882,235
232456309,35770,-0.7930,0.2075,1.5874,-88.8672,-416.6870,-24.4751,1,473,966,235
232461306,35771,-0.6362,0.1313,1.6338,-102.5391,-456.5429,-26.7944,1,495,998,235
232466304,35772,-0.5317,0.0986,1.6929,-110.9009,-487.4878,-29.4800,1,478,944,235
232471301,35773,-0.6289,0.1523,1.7666,-120.9106,-511.9629,-32.3486,1,501,935,235
232476301,35774,-0.8296,0.1777,1.7676,-133.9111,-550.8423,-35.8887,1,504,902,235
232481302,35775,-0.8672,0.1113,1.6372,-140.2588,-592.2852,-38.3911,1,505,809,235
232486307,35776,-0.7515,-0.0562,1.4077,-141.9678,-609.6802,-46.5698,1,492,914,235
232491305,35777,-0.6333,-0.2158,1.1440,-140.1978,-627.3193,-63.5986,1,473,904,235
232496306,35778,-0.5620,-0.2920,0.9087,-134.9487,-653.0151,-74.9512,1,481,916,235
232501308,35779,-0.5464,-0.3774,0.6992,-119.8730,-679.6264,-82.5806,1,483,924,235
232506308,35780,-0.5352,-0.4717,0.4893,-95.3369,-710.7543,-88.9282,1,492,926,235
232511303,35781,-0.4609,-0.4810,0.3140,-73.4253,-742.8588,-95.4590,1,493,919,235
232516303,35782,-0.3174,-0.2920,0.2534,-66.4062,-778.9306,-103.1494,1,466,939,235
232521307,35783,0.1934,0.0854,0.5249,-79.7729,-820.2514,-100.8911,1,466,979,235
232526308,35784,1.7168,-0.0508,1.5132,-117.3706,-837.2192,-81.4209,1,466,946,235
232531304,35785,3.8384,-1.2363,3.0498,-123.1079,-695.3735,-76.2329,1,466,939,235
232536325,35786,4.1274,-2.0923,4.4951,-59.4482,-321.5332,-100.0976,1,466,955,235
232541303,35787,2.1069,-1.5576,5.2476,-35.5835,-138.4888,-94.7876,1,466,957,235
232546303,35788,0.1860,-0.6870,5.0996,-54.8096,-101.8677,-81.1157,1,484,938,235
232551302,35789,-0.5249,-0.4009,4.4482,-55.0537,-25.6958,-85.9375,1,475,945,235
232556305,35790,-0.4893,-0.5815,3.7017,-44.1894,53.0395,-82.7026,1,466,929,235
232561307,35791,-0.3613,-0.7959,2.9980,-29.1748,119.6289,-72.4487,1,479,932,235
232566303,35792,-0.4497,-0.8008,2.3247,-20.8740,168.2739,-62.8052,1,480,944,235
232571307,35793,-0.6694,-0.6353,1.6860,-11.1694,192.5049,-54.5654,1,507,971,235
232576308,35794,-0.8711,-0.4146,1.1240,-2.3193,201.9043,-50.2930,1,480,937,235
232581306,35795,-1.0112,-0.2368,0.7046,0.2441,199.4629,-49.1333,1,484,917,235
232586307,35796,-1.0693,-0.1387,0.4712,2.1973,184.3872,-48.5229,1,465,832,235
232591303,35797,-1.0142,-0.0986,0.4136,1.8921,165.5884,-48.2788,1,494,834,235
232596309,35798,-0.8560,-0.0864,0.4810,-0.7935,152.8931,-48.4619,1,486,874,235
232601307,35799,-0.6709,-0.0786,0.6118,-3.8452,150.5737,-48.2788,1,492,885,235
232606307,35800,-0.5347,-0.0664,0.7646,-8.1787,154.0527,-48.4619,1,478,916,235
232611306,35801,-0.4546,-0.0664,0.9219,-12.8174,159.7900,-48.5840,1,476,897,235
232616307,35802,-0.3965,-0.0923,1.0815,-16.1133,168.1518,-47.3633,1,482,907,235
232621302,35803,-0.3296,-0.1421,1.2417,-18.3716,179.6264,-45.2270,1,493,908,235
232626305,35804,-0.2480,-0.2056,1.3940,-18.2495,194.5801,-41.7480,1,466,936,235
232631306,35805,-0.1597,-0.2651,1.5205,-15.0757,212.6465,-37.2925,1,466,935,235
232636306,35806,-0.0796,-0.3066,1.6045,-9.7656,233.3984,-32.4707,1,465,940,235
232641302,35807,-0.0244,-0.3242,1.6353,-2.7466,254.6387,-27.1606,1,466,922,235
232646305,35808,0.0049,-0.3149,1.6084,4.5776,274.5361,-21.8506,1,466,929,235
232651304,35809,0.0190,-0.2856,1.5308,10.6201,291.8091,-16.7847,1,465,916,235
232656309,35810,0.0322,-0.2471,1.4243,15.3809,305.9692,-11.7187,1,465,922,235
232661304,35811,0.0532,-0.2026,1.3076,18.6157,316.4062,-7.0190,1,476,939,235
232666308,35812,0.0757,-0.1470,1.1885,20.3247,324.4629,-3.3569,1,466,937,235
232671314,35813,0.0913,-0.0786,1.0786,19.7144,328.9184,-0.9155,1,465,876,235
232676336,35814,0.1113,-0.0103,0.9888,16.6016,329.4067,0.7324,1,483,948,235
232681306,35815,0.1406,0.0435,0.9224,11.5356,327.7588,1.7090,1,482,899,235
232686303,35816,0.1704,0.0781,0.8789,5.2490,324.7070,2.0752,1,472,909,235
232691309,35817,0.1890,0.1001,0.8555,-1.9531,320.7397,2.1362,1,502,857,235
232696308,35818,0.1948,0.1094,0.8555,-10.0708,316.2231,2.4414,1,471,821,235
232701308,35819,0.1973,0.1035,0.8838,-17.7002,311.5845,3.4790,1,491,877,235
232706307,35820,0.1982,0.0815,0.9395,-24.2920,306.7627,4.9438,1,480,875,235
232711307,35821,0.2026,0.0493,1.0205,-29.0527,302.1240,7.2632,1,480,889,235
232716307,35822,0.2163,0.0146,1.1221,-31.7383,298.8892,10.4980,1,489,887,235
232721307,35823,0.2358,-0.0166,1.2339,-33.0811,297.4854,14.6484,1,474,906,235
232726304,35824,0.2524,-0.0439,1.3501,-33.4473,297.1802,19.4092,1,493,903,235
232731301,35825,0.2646,-0.0645,1.4678,-32.9590,298.0347,24.5361,1,466,913,235
232736306,35826,0.2866,-0.0742,1.5830,-32.1045,300.1709,29.8462,1,466,929,235
232741309,35827,0.3213,-0.0728,1.6899,-31.7383,304.3213,35.0952,1,466,923,235
232746308,35828,0.3560,-0.0630,1.7812,-31.6772,310.4248,40.1611,1,466,928,235
232751305,35829,0.3818,-0.0518,1.8530,-31.9824,317.3828,44.8608,1,466,967,235
232756306,35830,0.4014,-0.0386,1.9033,-32.2266,324.7680,49.2554,1,466,941,235
232761302,35831,0.4146,-0.0171,1.9326,-31.9214,332.3364,52.9175,1,483,933,235
232766307,35832,0.4268,0.0112,1.9468,-31.4941,338.8061,55.9692,1,465,939,235
232771303,35833,0.4468,0.0396,1.9531,-30.7007,344.4824,57.9834,1,485,947,235
232776302,35834,0.4668,0.0688,1.9526,-29.4800,350.0366,58.8379,1,465,924,235
232781303,35835,0.4800,0.1045,1.9453,-28.1372,354.3091,58.3496,1,479,931,235
232786303,35836,0.4941,0.1450,1.9399,-27.4658,356.9336,56.5796,1,479,970,235
232791301,35837,0.5195,0.1865,1.9434,-27.0996,358.5815,53.3447,1,505,990,235
232796301,35838,0.5542,0.2192,1.9546,-27.4658,359.4970,48.8281,1,488,939,235
232801305,35839,0.5894,0.2314,1.9668,-27.8320,359.8022,43.2129,1,493,945,235
232806302,35840,0.6221,0.2168,1.9780,-28.0762,358.9477,37.1704,1,487,925,235
232811302,35841,0.6606,0.1787,1.9937,-28.0762,357.2387,31.0669,1,502,811,235
232816310,35842,0.7134,0.1309,2.0166,-28.4424,354.9194,25.5127,1,492,922,235
232821309,35843,0.7759,0.0864,2.0464,-30.1514,352.4780,20.8130,1,492,914,235
232826307,35844,0.8438,0.0503,2.0830,-33.0200,349.6704,16.8457,1,478,908,235
232831304,35845,0.9165,0.0210,2.1279,-36.9873,347.0459,13.7329,1,484,923,235
232836307,35846,0.9941,-0.0039,2.1855,-42.1143,344.3603,11.2915,1,492,913,235
232841301,35847,1.0903,-0.0308,2.2554,-47.8516,341.2475,9.5825,1,466,945,235
232846301,35848,1.2173,-0.0688,2.3159,-52.9785,339.2944,9.0942,1,466,926,235
232851305,35849,1.3564,-0.1196,2.3340,-56.2744,339.5996,9.8267,1,466,936,235
232856306,35850,1.5649,-0.2324,2.1724,-54.8706,338.1958,13.7329,1,466,936,235
232861306,35851,1.6396,-0.2778,2.0039,-50.8423,332.7026,17.0288,1,466,954,235
232866304,35852,1.7129,-0.3081,1.8027,-45.1050,323.8525,20.9961,1,466,940,235
232871308,35853,1.7861,-0.3232,1.5894,-38.8184,311.7676,25.0244,1,483,941,235
232876309,35854,1.8667,-0.3223,1.3794,-33.1421,297.4243,29.0527,1,466,933,235
232881307,35855,1.9585,-0.3101,1.1782,-28.6865,282.2266,33.0811,1,484,931,235
232886301,35856,2.0479,-0.2837,0.9775,-24.6582,266.6016,36.4990,1,465,868,235
232891318,35857,2.1260,-0.2178,0.7676,-21.4844,249.0234,38.4521,1,467,957,235
232896310,35858,2.2051,-0.1089,0.5508,-21.6064,229.1260,38.5132,1,472,967,235
232901308,35859,2.2935,0.0117,0.3384,-24.7803,207.8857,36.0718,1,505,920,235
232906308,35860,2.3857,0.1152,0.1445,-29.6020,184.9975,31.6772,1,488,929,235
232911307,35861,2.4692,0.1914,-0.0269,-34.9121,160.7666,26.2451,1,492,943,235
232916301,35862,2.5308,0.2383,-0.1821,-39.1846,134.9487,20.0806,1,483,860,235
232921305,35863,2.5615,0.2490,-0.3184,-41.5649,106.9946,14.2822,1,478,861,235
232926307,35864,2.5605,0.2144,-0.4194,-41.3818,77.0874,10.0098,1,480,934,235
232931302,35865,2.5361,0.1372,-0.4678,-37.5977,44.9219,8.2397,1,488,896,235
232936302,35866,2.5010,0.0264,-0.4531,-29.6631,11.9629,9.3994,1,478,893,235
232941304,35867,2.4570,-0.1006,-0.3818,-17.2119,-20.2637,13.3057,1,483,890,235
232946305,35868,2.3931,-0.2061,-0.2725,-1.7700,-50.4761,19.1650,1,493,899,235
232951307,35869,2.3066,-0.2578,-0.1353,13.3057,-78.1250,25.8789,1,466,902,235
232956304,35870,2.2090,-0.2642,0.0283,24.6582,-103.0273,32.1655,1,466,934,235
232961301,35871,2.1113,-0.2583,0.2129,31.7993,-124.6338,37.4146,1,466,941,235
232966301,35872,2.0078,-0.2734,0.3984,35.1562,-142.3340,41.6260,1,466,946,235
232971322,35873,1.6147,-0.3940,0.4043,35.8276,-156.9824,42.8467,1,466,969,235
232976305,35874,0.1426,-0.0776,0.2139,45.4712,-209.8389,40.2222,1,466,935,235
232981309,35875,-1.5957,0.3584,0.6802,-10.0708,-317.2607,27.5269,1,466,936,235
232986305,35876,-2.1270,-0.1997,1.8711,-70.9839,-306.2134,27.6489,1,475,930,235
232991305,35877,-2.0000,-1.2754,2.5034,-49.7436,-205.0171,33.4473,1,465,922,235
232996303,35878,-1.6973,-2.0015,2.0503,-13.2446,-190.9180,41.6870,1,482,923,235
233001308,35879,-0.9775,-1.9370,0.9482,47.0581,-228.5156,58.1055,1,465,969,235
233006304,35880,-0.2036,-0.9624,-0.2046,87.5244,-250.9155,58.3496,1,506,977,235
233011303,35881,0.1538,0.3208,-1.0122,73.3643,-279.6631,55.6641,1,469,937,235
233016306,35882,0.1094,1.0649,-1.2310,36.2549,-311.5845,52.2461,1,494,927,235
233021305,35883,-0.0913,1.0029,-0.6260,-3.4180,-350.0976,45.7764,1,469,800,235
233026302,35884,-0.0342,0.5747,0.7090,-23.5596,-388.7329,48.4009,1,494,801,235
233031303,35885,0.4331,0.3599,2.1919,-29.6631,-383.4839,53.7109,1,485,916,235
233036303,35886,0.9771,0.5552,3.1411,-26.9775,-340.5151,49.9878,1,491,915,235
233041307,35887,1.2700,0.9414,3.2686,-17.7612,-289.8560,35.1562,1,476,915,235
233046306,35888,1.2007,1.2378,2.8037,-9.9487,-243.8965,13.5498,1,490,934,235
233051301,35889,0.8750,1.3223,2.2148,-9.7656,-215.2710,-6.6528,1,468,903,235
233056301,35890,0.5605,1.1685,1.8652,-16.7847,-201.9043,-22.8271,1,493,887,235
233061304,35891,0.4170,0.8047,1.8101,-27.7710,-189.0259,-34.7900,1,466,937,235
233066305,35892,0.3857,0.3311,1.8608,-38.0859,-173.7060,-40.1611,1,465,927,235
233071308,35893,0.2632,-0.3105,1.8940,-46.9971,-159.4849,-38.3301,1,466,935,235
233076307,35894,0.0923,-1.2280,2.2402,-31.7993,-145.6299,-22.0947,1,466,924,235
233081313,35895,0.3228,-1.8018,2.7993,29.7241,-145.4468,-2.3193,1,466,940,235
233086302,35896,0.8369,-1.6934,2.9897,46.7529,-108.2153,12.4512,1,466,927,235
233091301,35897,1.0557,-1.2632,2.6987,46.8140,-64.9414,23.8647,1,483,953,235
233096307,35898,0.8096,-0.6338,2.0967,72.5708,-33.5693,25.2686,1,466,940,235
233101303,35899,0.3354,-0.0073,1.5049,80.3833,-23.3154,21.6675,1,484,924,235
233106303,35900,-0.0269,0.3311,1.1938,70.4956,-18.8599,14.7095,1,466,923,235
233111309,35901,-0.1284,0.3135,1.1812,64.2090,-19.4092,10.4980,1,467,948,235
233116301,35902,-0.0156,0.0752,1.2998,60.2417,-17.0898,7.5073,1,480,974,235
233121303,35903,0.1411,-0.1836,1.3965,59.9976,-9.7046,6.2866,1,491,900,235
233126302,35904,0.1899,-0.3022,1.3960,63.2324,-1.7700,6.9580,1,467,858,235
233131308,35905,0.1138,-0.2295,1.3091,65.3687,2.3804,7.2021,1,511,859,235
233136305,35906,0.0088,-0.0483,1.2227,63.3545,2.5024,6.2256,1,480,824,235
233141304,35907,-0.0449,0.1055,1.2017,57.9224,1.5869,4.4556,1,494,830,235
233146306,35908,-0.0361,0.1597,1.2271,50.5371,1.7700,2.6855,1,474,870,235
233151307,35909,-0.0034,0.1221,1.2437,43.3350,2.3804,1.6479,1,481,874,235
233156301,35910,0.0112,0.0469,1.2153,37.7808,3.1128,1.2817,1,486,888,235
233161307,35911,-0.0132,-0.0010,1.1465,34.4238,3.6621,0.9766,1,476,864,235
233166309,35912,-0.0620,-0.0020,1.0679,31.6162,2.0142,0.6714,1,491,857,235
233171308,35913,-0.0933,0.0034,1.0010,28.9307,0.2441,-0.1831,1,466,862,235
233176308,35914,-0.1035,-0.0186,0.9604,28.3813,1.4038,-1.3428,1,466,887,235
233181305,35915,-0.1055,-0.0737,0.9478,28.7476,0.4883,-1.5259,1,466,903,235
233186303,35916,-0.1001,-0.1113,0.9507,30.2124,-1.6479,-0.5493,1,466,895,235
233191304,35917,-0.0854,-0.0796,0.9727,31.1890,-2.6245,0.0610,1,466,899,235
233196304,35918,-0.0625,-0.0186,1.0146,29.1138,-2.3804,0.0610,1,465,898,235
233201304,35919,-0.0454,0.0103,1.0508,25.8789,-1.4038,0.1221,1,483,893,235
233206303,35920,-0.0439,-0.0039,1.0571,23.7427,-0.9155,0.3052,1,466,892,235
233211304,35921,-0.0527,-0.0312,1.0410,22.2168,-0.9155,0.4883,1,484,884,235
233216310,35922,-0.0596,-0.0435,1.0293,21.5454,-1.2817,0.4883,1,465,912,235
233221308,35923,-0.0576,-0.0439,1.0264,20.9961,-1.3428,-0.0610,1,477,925,235
233226305,35924,-0.0552,-0.0542,1.0205,20.9351,-1.0376,-0.7324,1,482,884,235
233231309,35925,-0.0586,-0.0659,1.0151,21.3623,-0.9766,-0.9766,1,492,888,235
233236310,35926,-0.0640,-0.0542,1.0176,21.9727,-1.4648,-1.0376,1,467,895,235
233241301,35927,-0.0640,-0.0151,1.0278,21.4233,-1.8311,-1.1597,1,493,875,235
233246308,35928,-0.0591,0.0215,1.0405,19.6533,-1.9531,-1.4038,1,482,777,235
233251308,35929,-0.0552,0.0308,1.0464,17.4561,-2.0142,-1.4648,1,500,854,235
233256304,35930,-0.0552,0.0210,1.0425,15.9912,-2.5024,-1.2207,1,491,855,235
233261301,35931,-0.0566,0.0142,1.0342,14.7705,-3.1738,-0.9766,1,483,869,235
233266301,35932,-0.0591,0.0137,1.0269,13.3667,-3.5400,-0.8545,1,474,871,235
233271310,35933,-0.0635,0.0117,1.0215,12.1460,-4.2114,-0.7935,1,476,863,235
233276307,35934,-0.0645,0.0024,1.0166,11.3525,-5.2490,-0.6714,1,493,869,235
233281309,35935,-0.0625,-0.0107,1.0112,11.2305,-5.9204,-0.6714,1,466,870,235
233286307,35936,-0.0635,-0.0200,1.0068,11.4136,-6.7139,-0.5493,1,466,896,235
233291304,35937,-0.0679,-0.0229,1.0029,11.6577,-7.6294,-0.6714,1,465,899,235
233296308,35938,-0.0728,-0.0234,1.0024,12.0850,-8.4839,-0.9155,1,465,901,235
233301315,35939,-0.0674,-0.0249,1.0117,12.3901,-9.8267,-1.2817,1,466,897,235
233306304,35940,-0.0513,-0.0278,1.0264,12.8784,-10.2539,-1.4648,1,466,905,235
233311301,35941,-0.0381,-0.0298,1.0352,13.3667,-9.8877,-1.7090,1,484,923,235
233316306,35942,-0.0371,-0.0283,1.0361,13.7329,-9.7046,-1.8921,1,475,892,235
233321305,35943,-0.0425,-0.0205,1.0342,13.7939,-9.9487,-2.0752,1,484,891,235
233326307,35944,-0.0459,-0.0098,1.0332,13.6719,-10.2539,-2.1973,1,476,900,235
233331332,35945,-0.0464,-0.0020,1.0298,13.3667,-10.8032,-2.4414,1,476,941,235
233336302,35946,-0.0449,0.0015,1.0259,12.8784,-10.7422,-2.6245,1,474,901,235
233341304,35947,-0.0449,0.0068,1.0259,12.2070,-10.6201,-2.8687,1,480,911,235
233346307,35948,-0.0449,0.0186,1.0298,11.3525,-11.0474,-2.8076,1,503,903,235
233351304,35949,-0.0430,0.0249,1.0342,9.8877,-11.3525,-2.9297,1,502,915,235
233356309,35950,-0.0420,0.0229,1.0342,8.7891,-11.7187,-2.9297,1,492,808,235
233361306,35951,-0.0425,0.0190,1.0327,8.1177,-12.0239,-2.9907,1,478,851,235
233366304,35952,-0.0386,0.0142,1.0347,7.2632,-12.0850,-3.1738,1,486,873,235
233371307,35953,-0.0352,0.0127,1.0361,6.5918,-12.1460,-3.2349,1,474,870,235
233376306,35954,-0.0371,0.0151,1.0356,5.9814,-12.8784,-2.9907,1,481,870,235
233381302,35955,-0.0405,0.0166,1.0337,5.0659,-13.5498,-2.8687,1,477,882,235
233386302,35956,-0.0439,0.0146,1.0303,4.3335,-14.4653,-2.8687,1,493,874,235
233391301,35957,-0.0464,0.0127,1.0264,3.9062,-15.5640,-2.9297,1,466,902,235
233396306,35958,-0.0449,0.0107,1.0254,3.6011,-16.5405,-2.9297,1,465,899,235
233401305,35959,-0.0405,0.0073,1.0269,3.2349,-17.5171,-2.9907,1,466,888,235
233406306,35960,-0.0376,0.0054,1.0278,3.0518,-18.0664,-3.1128,1,466,889,235
233411323,35961,-0.0366,0.0078,1.0264,2.8076,-19.1040,-3.2349,1,466,887,235
233416308,35962,-0.0366,0.0117,1.0239,2.5635,-20.0195,-3.2959,1,465,891,235
233421308,35963,-0.0356,0.0137,1.0254,2.0142,-20.6299,-3.4790,1,484,892,235
233426301,35964,-0.0308,0.0142,1.0288,1.2207,-20.9351,-3.8452,1,475,894,235
233431301,35965,-0.0239,0.0127,1.0312,0.6104,-20.9351,-4.1504,1,465,838,235
233436303,35966,-0.0215,0.0151,1.0312,0.0000,-20.8130,-4.2114,1,472,915,235
233441303,35967,-0.0215,0.0176,1.0278,-1.0986,-20.7520,-4.5166,1,472,870,235
233446306,35968,-0.0200,0.0142,1.0259,-2.0752,-20.8130,-4.6997,1,499,889,235
233451308,35969,-0.0181,0.0098,1.0244,-2.8687,-20.3857,-4.9438,1,503,885,235
233456309,35970,-0.0190,0.0098,1.0220,-3.7231,-19.5312,-5.3101,1,502,893,235
233461301,35971,-0.0200,0.0093,1.0186,-4.5166,-18.8599,-5.6152,1,479,796,235
233466301,35972,-0.0166,0.0039,1.0186,-5.0049,-18.0054,-5.7983,1,508,852,235
233471301,35973,-0.0156,0.0000,1.0186,-5.2490,-17.0898,-6.0425,1,477,855,235
233476302,35974,-0.0244,0.0020,1.0146,-5.5542,-16.5405,-6.2866,1,485,840,235
233481304,35975,-0.0347,0.0024,1.0112,-5.8594,-17.3340,-6.4087,1,486,892,235
233486303,35976,-0.0415,0.0015,1.0083,-5.8594,-18.1274,-6.6528,1,473,861,235
233491310,35977,-0.0464,0.0005,1.0044,-6.1646,-19.0430,-7.0190,1,492,864,235
233496302,35978,-0.0439,-0.0049,1.0024,-6.0425,-20.4468,-7.2632,1,466,848,235
233501301,35979,-0.0415,-0.0063,1.0039,-5.7373,-21.3623,-7.5684,1,466,893,235
233506308,35980,-0.0464,0.0015,1.0059,-5.8594,-23.2544,-7.8735,1,466,904,235
233511308,35981,-0.0537,0.0083,1.0063,-6.4697,-25.6348,-8.1787,1,466,893,235
233516301,35982,-0.0542,0.0083,1.0093,-6.9580,-29.0527,-8.5449,1,465,905,235
233521301,35983,-0.0420,0.0010,1.0142,-7.2632,-31.4941,-9.0332,1,466,900,235
233526304,35984,-0.0220,-0.0073,1.0186,-7.2021,-33.3252,-9.5215,1,466,893,235
233531302,35985,-0.0059,-0.0132,1.0215,-6.8359,-34.1797,-9.8267,1,483,879,235
233536309,35986,0.0015,-0.0156,1.0273,-6.8359,-35.2783,-10.1929,1,465,838,235
233541307,35987,0.0073,-0.0142,1.0342,-6.5308,-37.1094,-10.3760,1,482,859,235
233546320,35988,0.0137,-0.0122,1.0381,-6.6528,-38.8794,-10.3149,1,467,889,235
233551302,35989,0.0210,-0.0161,1.0396,-6.8359,-40.7104,-10.6201,1,479,900,235
233556310,35990,0.0244,-0.0225,1.0396,-5.9814,-41.8091,-10.7422,1,498,913,235
233561303,35991,0.0254,-0.0264,1.0396,-4.8218,-42.7246,-10.4370,1,493,865,235
233566306,35992,0.0264,-0.0254,1.0396,-3.7842,-43.2129,-10.5591,1,475,822,235
233571309,35993,0.0269,-0.0225,1.0420,-2.8687,-43.8232,-10.6812,1,496,843,235
233576308,35994,0.0288,-0.0210,1.0449,-2.0752,-44.3726,-10.8032,1,483,893,235
233581307,35995,0.0264,-0.0210,1.0469,-1.3428,-45.3491,-10.4980,1,483,885,235
233586302,35996,0.0278,-0.0234,1.0498,-0.7935,-47.3022,-10.5591,1,490,886,235
233591304,35997,0.0366,-0.0210,1.0537,0.0000,-48.4009,-11.0474,1,481,887,235
233596305,35998,0.0498,-0.0132,1.0571,-0.0610,-49.8047,-11.4746,1,481,836,235
233601306,35999,0.0654,-0.0122,1.0591,-0.1221,-50.5981,-12.2070,1,493,888,235
233606310,36000,0.0752,-0.0083,1.0601,-0.2441,-51.2085,-12.8174,1,466,912,235
233611303,36001,0.0713,-0.0020,1.0615,-1.3428,-52.4902,-12.8174,1,466,908,235
233616308,36002,0.0513,-0.0005,1.0649,-2.9297,-54.4434,-12.5732,1,466,913,235
233621304,36003,0.0083,0.0039,1.0752,-4.9438,-59.6924,-12.8174,1,465,914,235
233626305,36004,-0.0620,0.0132,1.0918,-8.3008,-73.3032,-14.7095,1,465,915,235
233631307,36005,-0.1631,0.0210,1.0972,-12.9395,-92.1020,-18.4937,1,466,905,235
233636305,36006,-0.3115,0.0298,1.1040,-17.5781,-115.4175,-22.6440,1,466,922,235
233641308,36007,-0.4629,0.0381,1.1274,-23.0713,-146.6064,-26.1841,1,484,937,235
233646303,36008,-0.5747,0.0483,1.1753,-27.0996,-182.6172,-27.4048,1,465,919,235
233651305,36009,-0.6499,0.0679,1.2402,-32.9590,-226.7456,-27.4658,1,474,932,235
233656331,36010,-0.9229,0.1880,1.4111,-54.6875,-327.8198,-29.9072,1,472,967,235
233661304,36011,-1.1748,0.2368,1.5786,-65.1855,-379.7607,-30.7007,1,469,986,235
233666308,36012,-1.3726,0.2148,1.7583,-77.3315,-444.2138,-29.9683,1,475,938,235
233671302,36013,-1.0298,0.2178,1.8418,-86.3647,-507.1411,-25.4517,1,498,946,235
233676310,36014,-0.4531,0.2603,1.8447,-102.0508,-535.0952,-25.3906,1,478,921,235
233681301,36015,-0.5425,0.1895,1.9653,-126.7090,-542.7246,-32.9590,1,499,920,235
233686307,36016,-1.0806,0.0640,2.1143,-127.9907,-613.0371,-30.4565,1,486,871,235
233691307,36017,-1.3340,-0.0273,1.9980,-127.5024,-675.6591,-27.4658,1,490,912,235
233696307,36018,-1.1846,-0.1328,1.6157,-125.0610,-699.2797,-33.9966,1,475,929,235
233701303,36019,-0.9541,-0.2915,1.1631,-115.0513,-726.5014,-47.9126,1,480,944,235
233706310,36020,-0.8032,-0.5557,0.7241,-87.1582,-757.0190,-55.1147,1,487,949,235
233711302,36021,-0.6162,-0.8413,0.2861,-19.4702,-766.5405,-50.3540,1,493,917,235
233716306,36022,-0.3911,-0.9214,-0.0601,45.9595,-768.3105,-41.5649,1,465,939,235
233721302,36023,0.0806,-0.2690,0.0508,71.8994,-813.8427,-40.8936,1,466,939,235
233726302,36024,1.9829,0.5034,1.1021,31.2500,-888.2446,-30.8228,1,466,929,235
233731309,36025,4.7676,-0.1743,2.9731,-16.2354,-711.4257,-33.4473,1,466,942,235
233736301,36026,4.8652,-1.0747,4.6152,44.0063,-254.8828,-85.5713,1,466,941,235
233741301,36027,2.0376,-0.5620,5.0605,77.2705,-88.8672,-88.7451,1,483,953,235
233746307,36028,-0.3613,0.1851,4.3867,31.6162,-85.1440,-87.2803,1,466,935,235
233751304,36029,-1.1025,0.1738,3.3506,8.1177,-21.2402,-101.6235,1,484,943,235
233756306,36030,-0.9272,-0.2065,2.5771,-0.2441,42.4805,-96.4355,1,465,919,235
233761305,36031,-0.6626,-0.4561,2.0928,-4.3945,91.7969,-89.5996,1,472,878,235
233766302,36032,-0.6255,-0.4951,1.6904,-8.3618,129.3335,-85.9375,1,476,975,235
233771306,36033,-0.7393,-0.4609,1.2715,0.6714,151.1230,-81.1768,1,475,913,235
233776308,36034,-0.8652,-0.4453,0.8765,10.6201,164.9780,-77.0264,1,479,905,235
233781306,36035,-0.9482,-0.4800,0.5894,20.0806,169.0674,-71.5942,1,502,926,235
233786308,36036,-0.9570,-0.5342,0.4258,32.1655,162.8418,-63.7207,1,508,930,235
233791302,36037,-0.8950,-0.5688,0.3647,40.1001,156.1890,-55.4810,1,506,843,235
233796301,36038,-0.7900,-0.5630,0.3975,46.2646,150.7568,-46.7529,1,482,896,235
233801302,36039,-0.6523,-0.5220,0.5015,49.6826,149.1089,-37.2314,1,492,911,235
233806304,36040,-0.5146,-0.4712,0.6416,50.6592,155.6396,-29.6020,1,478,904,235
233811309,36041,-0.4141,-0.4297,0.7783,50.6592,165.8935,-23.3765,1,483,931,235
233816309,36042,-0.3413,-0.3979,0.8921,48.7671,177.0019,-18.0664,1,472,912,235
233821308,36043,-0.2632,-0.3760,0.9883,44.1894,189.8804,-13.2446,1,493,906,235
233826301,36044,-0.1694,-0.3647,1.0684,37.9028,205.5054,-8.3008,1,466,944,235
233831302,36045,-0.0791,-0.3613,1.1211,30.9448,223.6328,-3.4180,1,465,916,235
233836307,36046,-0.0156,-0.3604,1.1372,24.5361,241.2720,1.2817,1,466,927,235
233841308,36047,0.0244,-0.3584,1.1118,19.3481,256.7749,5.9814,1,466,929,235
233846305,36048,0.0527,-0.3564,1.0498,15.6250,270.8130,10.4370,1,466,920,235
233851303,36049,0.0742,-0.3496,0.9639,13.6719,282.5317,14.5264,1,483,938,235
233856304,36050,0.0962,-0.3330,0.8711,12.6343,290.8325,18.3716,1,469,940,235
233861304,36051,0.1289,-0.3047,0.7871,11.8408,296.1426,21.9116,1,484,911,235
233866305,36052,0.1689,-0.2607,0.7192,10.6812,299.0723,24.4751,1,475,883,235
233871328,36053,0.1992,-0.1992,0.6748,8.4839,299.4385,26.0010,1,479,930,235
233876305,36054,0.2261,-0.1279,0.6636,4.0283,296.0815,26.5503,1,479,906,235
233881308,36055,0.2729,-0.0654,0.6924,-2.7466,290.7715,26.4893,1,506,905,235
233886306,36056,0.3428,-0.0225,0.7554,-10.6201,287.4146,25.8789,1,482,915,235
233891301,36057,0.4141,0.0015,0.8394,-19.2261,285.9497,24.7803,1,510,885,235
233896307,36058,0.4731,0.0073,0.9302,-27.2827,285.2173,23.4375,1,498,791,235
233901308,36059,0.5249,-0.0093,1.0151,-33.5693,285.2173,22.0947,1,483,874,235
233906305,36060,0.5698,-0.0498,1.0874,-38.0249,286.3770,21.0571,1,487,899,235
233911307,36061,0.5967,-0.1069,1.1455,-40.5884,287.2314,20.8130,1,475,905,235
233916304,36062,0.6157,-0.1699,1.1992,-42.0532,286.4380,22.0337,1,473,909,235
233921306,36063,0.6416,-0.2329,1.2510,-43.1519,285.7056,25.2686,1,485,912,235
233926305,36064,0.6606,-0.2959,1.2983,-44.1284,285.7666,30.0293,1,493,907,235
233931303,36065,0.6641,-0.3589,1.3433,-44.9829,284.7900,36.8042,1,466,939,235
233936304,36066,0.6636,-0.4229,1.3867,-45.1050,283.6914,45.4712,1,466,926,235
233941307,36067,0.6685,-0.4722,1.4375,-44.7998,283.5693,55.5420,1,466,937,235
233946306,36068,0.6992,-0.4819,1.5034,-44.2505,283.2642,66.1011,1,466,943,235
233951307,36069,0.7769,-0.4561,1.5767,-43.9453,283.6914,75.7446,1,466,928,235
233956305,36070,0.8809,-0.4155,1.6313,-43.4570,286.4380,83.8013,1,483,934,235
233961309,36071,0.9756,-0.3765,1.6489,-43.0298,290.2222,90.5762,1,466,936,235
233966308,36072,1.0410,-0.3423,1.6328,-42.0532,293.0298,96.0083,1,484,930,235
233971301,36073,1.0830,-0.3037,1.5967,-40.3442,293.2129,99.9756,1,466,874,235
233976320,36074,1.1177,-0.2559,1.5522,-38.3301,291.5039,102.2949,1,475,934,235
233981310,36075,1.1523,-0.1987,1.5107,-36.4380,288.6963,102.8442,1,481,972,235
233986305,36076,1.1851,-0.1377,1.4790,-35.3394,284.8511,101.8677,1,471,931,235
233991305,36077,1.2236,-0.0742,1.4590,-34.7290,280.0903,99.2432,1,482,921,235
233996302,36078,1.2803,-0.0103,1.4482,-34.3628,274.5361,94.9707,1,509,883,235
234001302,36079,1.3477,0.0459,1.4404,-34.6069,268.9209,89.0503,1,492,806,235
234006304,36080,1.4092,0.0850,1.4346,-35.2783,263.3057,81.6650,1,483,898,235
234011304,36081,1.4619,0.1011,1.4307,-35.9497,257.3853,74.1577,1,490,907,235
234016301,36082,1.5146,0.0952,1.4102,-36.1938,250.6714,67.0776,1,490,897,235
234021303,36083,1.5669,0.0728,1.3535,-36.1938,243.5303,60.6079,1,478,903,235
234026303,36084,1.6035,0.0410,1.2612,-36.3159,235.8398,55.4810,1,483,909,235
234031302,36085,1.6138,0.0039,1.1514,-36.5601,226.1352,52.3071,1,492,913,235
234036306,36086,1.6011,-0.0396,1.0420,-36.6211,213.9282,50.7202,1,466,931,235
234041306,36087,1.5737,-0.0825,0.9458,-36.0718,199.7070,50.7202,1,466,929,235
234046307,36088,1.5439,-0.1182,0.8726,-34.9121,184.2041,51.9409,1,466,936,235
234051302,36089,1.5186,-0.1406,0.8247,-33.1421,168.6401,53.7720,1,466,936,235
234056308,36090,1.4912,-0.1514,0.7998,-31.4941,153.9917,55.7251,1,466,967,235
234061301,36091,1.4536,-0.1514,0.7964,-30.0903,139.4653,57.0679,1,466,941,235
234066307,36092,1.4170,-0.1396,0.8203,-29.6020,124.7559,57.8613,1,465,937,235
234071306,36093,1.4087,-0.1240,0.8696,-30.7007,111.8774,57.8003,1,484,947,235
234076306,36094,1.4336,-0.1172,0.9194,-32.5317,102.9663,56.7627,1,465,925,235
234081306,36095,1.4561,-0.1182,0.9351,-34.1187,97.2900,55.0537,1,469,931,235
234086321,36096,1.4458,-0.1152,0.9033,-35.5835,91.7969,53.0395,1,471,965,235
234091305,36097,1.4150,-0.1016,0.8354,-37.2925,84.7168,50.9644,1,480,925,235
234096305,36098,1.3848,-0.0806,0.7539,-39.1846,77.0264,49.0723,1,501,917,235
234101309,36099,1.3560,-0.0571,0.6685,-41.0156,69.2139,46.9971,1,484,914,235
234106308,36100,1.3228,-0.0322,0.5811,-42.1753,59.9365,45.0439,1,477,911,235
234111302,36101,1.2822,-0.0083,0.5010,-42.9687,48.9502,43.0298,1,492,919,235
234116303,36102,1.3022,-0.0742,0.3359,-42.6636,30.6396,41.1987,1,487,855,235
234121303,36103,1.2593,-0.1733,0.0010,-27.2217,-19.4092,46.3257,1,485,914,235
234126305,36104,1.2744,-0.1167,-0.1689,-8.4839,-75.7446,52.3071,1,471,892,235
234131305,36105,1.4580,0.0684,-0.0117,4.3945,-86.6699,47.2412,1,478,894,235
234136308,36106,1.5679,0.2300,0.1855,7.8125,-95.2148,42.5415,1,481,895,235
234141304,36107,1.5947,0.2876,0.2944,10.6201,-119.9951,39.8560,1,493,899,235
234146307,36108,1.5591,0.2871,0.3516,16.6626,-138.4888,32.5928,1,466,942,235
234151307,36109,1.4341,0.2632,0.4131,18.6768,-148.7427,24.9023,1,466,920,235
234156304,36110,1.0610,0.1860,0.5615,19.8364,-146.6064,18.7988,1,466,922,235
234161307,36111,0.4810,0.0400,0.9331,15.9912,-130.9204,18.7988,1,466,929,235
234166302,36112,-0.0396,-0.1147,1.4248,13.4888,-120.7886,22.1558,1,466,928,235
234171308,36113,-0.4448,-0.2769,1.7705,3.1128,-113.4033,23.4375,1,482,946,235
234176308,36114,-0.6660,-0.4546,1.8408,-1.5869,-113.5864,30.7007,1,465,929,235
234181310,36115,-0.5703,-0.4619,1.5981,11.0474,-116.7602,36.8042,1,484,926,235
234186307,36116,-0.2588,-0.1685,1.1572,20.9351,-119.4458,35.3394,1,465,927,235
234191303,36117,-0.0356,0.3438,0.7622,24.3530,-121.7651,28.3203,1,481,878,235
234196331,36118,0.0347,0.8491,0.6270,15.6250,-132.2632,18.5547,1,466,976,235
234201305,36119,0.1182,1.1021,0.8291,0.9155,-139.5264,7.4463,1,480,916,235
234206305,36120,0.2129,1.0200,1.2817,-12.3291,-135.4980,-4.6387,1,467,895,235
234211301,36121,-0.0186,0.2603,2.1211,-18.3105,-114.9292,-10.6201,1,493,921,235
234216309,36122,0.2236,-0.8311,3.0498,23.6816,-129.0894,5.6763,1,487,911,235
234221306,36123,1.0840,-1.2070,3.1860,57.9224,-77.5146,10.0098,1,499,799,235
234226306,36124,1.1250,-0.8779,2.4038,31.7993,5.1880,9.5215,1,490,902,235
234231301,36125,0.4238,-0.4209,1.2783,44.8608,2.3804,20.2026,1,479,880,235
234236301,36126,-0.2236,-0.1455,0.5137,58.1665,-2.7466,13.7329,1,491,889,235
234241308,36127,-0.5176,-0.0576,0.4507,59.2041,-19.7754,13.3667,1,477,901,235
234246305,36128,-0.3916,0.0396,0.8262,60.2417,-41.1987,18.1274,1,493,896,235
234251305,36129,-0.0630,0.1772,1.2417,51.8188,-37.4756,13.1836,1,493,902,235
234256304,36130,0.1772,0.2183,1.4590,45.4712,-27.2217,9.5215,1,466,933,235
234261305,36131,0.2344,0.1362,1.4375,39.4897,-17.0898,7.3853,1,466,921,235
234266306,36132,0.1597,0.0229,1.2896,36.3770,-10.0098,7.1411,1,466,914,235
234271311,36133,0.0596,-0.0503,1.1436,36.0107,-6.2866,7.4463,1,466,903,235
234276308,36134,-0.0068,-0.0835,1.0591,35.2173,-3.9062,6.7139,1,466,891,235
234281307,36135,-0.0391,-0.0928,1.0215,36.0107,-4.2725,6.7139,1,483,887,235
234286306,36136,-0.0479,-0.0664,1.0308,36.9873,-4.6387,6.9580,1,467,873,235
234291301,36137,-0.0225,0.0078,1.0972,36.2549,-4.8218,6.2866,1,484,882,235
234296309,36138,0.0210,0.0854,1.1743,32.1655,-2.2583,4.6997,1,483,888,235
234301317,36139,0.0195,0.1440,1.2061,26.5503,1.4038,2.5635,1,479,942,235
234306306,36140,-0.0054,0.1538,1.1719,19.0430,-0.4272,0.9766,1,475,885,235
234311308,36141,-0.0249,0.0811,1.0967,13.5498,0.6104,0.4883,1,493,875,235
234316303,36142,-0.0459,-0.0205,1.0410,11.6577,-0.9155,0.4272,1,494,891,235
234321302,36143,-0.0508,-0.0884,1.0220,11.8408,-2.7466,0.4272,1,505,880,235
234326303,36144,-0.0488,-0.0723,1.0273,13.1836,-3.7231,0.2441,1,495,809,235
234331303,36145,-0.0400,0.0005,1.0537,11.1694,-5.1270,-0.3052,1,488,885,235
234336308,36146,-0.0210,0.0293,1.0728,7.6294,-5.4321,-0.4272,1,476,861,235
234341306,36147,-0.0103,-0.0063,1.0654,6.4697,-4.1504,-0.4272,1,480,852,235
234346309,36148,-0.0181,-0.0469,1.0459,7.0801,-3.9062,-0.6104,1,491,851,235
234351306,36149,-0.0239,-0.0518,1.0342,7.3242,-4.5776,-0.3662,1,486,837,235
234356304,36150,-0.0264,-0.0312,1.0322,6.9580,-3.9062,-0.4272,1,493,858,235
234361307,36151,-0.0317,-0.0181,1.0332,6.0425,-3.9062,-0.3052,1,466,910,235
234366302,36152,-0.0347,-0.0254,1.0308,5.4932,-4.5166,-0.0610,1,466,879,235
234371301,36153,-0.0356,-0.0312,1.0303,5.4321,-4.9438,-0.2441,1,466,906,235
234376320,36154,-0.0356,-0.0229,1.0317,4.8828,-5.3101,-0.5493,1,466,912,235
234381310,36155,-0.0322,-0.0166,1.0337,3.9673,-5.6152,-0.6714,1,466,887,235
234386309,36156,-0.0210,-0.0205,1.0420,3.4790,-5.6763,-0.4883,1,484,886,235
234391309,36157,-0.0107,-0.0259,1.0518,2.9907,-4.7607,-0.5493,1,477,866,235
234396306,36158,-0.0166,-0.0278,1.0474,2.2583,-4.1504,-0.5493,1,465,879,235
234401301,36159,-0.0386,-0.0322,1.0244,1.7090,-4.5166,-0.4272,1,472,925,235
234406305,36160,-0.0542,-0.0391,1.0068,1.2207,-5.9814,-0.6104,1,482,874,235
234411307,36161,-0.0474,-0.0400,1.0112,0.9155,-7.1411,-0.6104,1,479,871,235
234416310,36162,-0.0308,-0.0347,1.0269,0.3052,-7.2021,-0.4883,1,465,860,235
234421307,36163,-0.0229,-0.0298,1.0352,-0.3052,-7.1411,-0.3052,1,469,774,235
234426303,36164,-0.0205,-0.0293,1.0361,-0.9155,-7.2021,-0.1831,1,495,781,235
234431304,36165,-0.0171,-0.0312,1.0396,-1.4038,-7.1411,0.0000,1,478,847,235
234436306,36166,-0.0142,-0.0288,1.0459,-1.7700,-7.2021,0.0000,1,484,831,235
234441307,36167,-0.0117,-0.0220,1.0483,-2.5635,-7.2021,0.1221,1,492,806,235
234446309,36168,-0.0137,-0.0234,1.0435,-3.3569,-7.0190,0.1831,1,482,877,235
234451304,36169,-0.0181,-0.0312,1.0361,-3.6621,-7.1411,0.3052,1,478,853,235
234456304,36170,-0.0181,-0.0347,1.0337,-3.7842,-7.2021,0.2441,1,488,879,235
234461302,36171,-0.0127,-0.0347,1.0361,-4.1504,-6.8970,0.2441,1,466,850,235
234466303,36172,-0.0068,-0.0371,1.0396,-4.0894,-6.6528,0.4272,1,466,880,235
234471301,36173,-0.0044,-0.0415,1.0361,-4.0283,-6.0425,0.4272,1,466,882,235
234476302,36174,-0.0098,-0.0439,1.0283,-3.7842,-5.6152,0.3662,1,465,880,235
234481309,36175,-0.0107,-0.0435,1.0264,-3.4790,-5.3711,0.1221,1,466,884,235
234486302,36176,-0.0078,-0.0435,1.0273,-3.1738,-4.7607,0.3052,1,484,874,235
234491301,36177,-0.0093,-0.0459,1.0269,-2.8687,-4.1504,0.2441,1,466,867,235
234496304,36178,-0.0103,-0.0488,1.0239,-2.5635,-3.9673,0.3052,1,484,863,235
234501302,36179,-0.0112,-0.0498,1.0181,-2.0142,-3.3569,0.1831,1,465,905,235
234506307,36180,-0.0151,-0.0508,1.0142,-1.6479,-3.1738,0.2441,1,474,872,235
234511306,36181,-0.0151,-0.0522,1.0156,-1.1597,-2.9907,0.3052,1,472,872,235
234516301,36182,-0.0107,-0.0547,1.0205,-0.4883,-2.6245,0.2441,1,501,879,235
234521302,36183,-0.0107,-0.0532,1.0205,0.1221,-2.0142,0.1831,1,467,861,235
234526301,36184,-0.0156,-0.0479,1.0181,0.5493,-1.8311,0.0610,1,493,786,235
234531304,36185,-0.0161,-0.0469,1.0190,0.7935,-2.0142,-0.1831,1,484,833,235
234536304,36186,-0.0132,-0.0503,1.0220,1.2207,-1.8921,-0.2441,1,491,829,235
234541302,36187,-0.0117,-0.0508,1.0229,1.7700,-1.7700,-0.3052,1,479,845,235
234546309,36188,-0.0137,-0.0498,1.0215,2.0752,-1.5869,-0.3662,1,490,842,235
234551308,36189,-0.0171,-0.0508,1.0200,2.3804,-1.7700,-0.4883,1,490,879,235
234556304,36190,-0.0186,-0.0508,1.0190,2.7466,-1.8311,-0.5493,1,490,841,235
234561308,36191,-0.0200,-0.0449,1.0195,2.9297,-1.8921,-0.6104,1,493,847,235
234566305,36192,-0.0166,-0.0386,1.0229,2.6855,-2.0142,-0.7935,1,466,848,235
234571309,36193,-0.0146,-0.0366,1.0264,2.5024,-1.8311,-0.7324,1,466,882,235
234576302,36194,-0.0181,-0.0371,1.0254,2.3804,-1.8921,-0.7324,1,465,884,235
234581307,36195,-0.0171,-0.0361,1.0254,2.0142,-2.3804,-0.6714,1,466,875,235
234586327,36196,-0.0098,-0.0347,1.0288,1.7700,-1.9531,-0.6104,1,465,876,235
234591304,36197,-0.0073,-0.0356,1.0298,1.5259,-1.5259,-0.6714,1,466,874,235
234596301,36198,-0.0142,-0.0386,1.0264,1.2817,-1.5259,-0.5493,1,465,875,235
234601304,36199,-0.0215,-0.0386,1.0229,0.9155,-1.7090,-0.6104,1,484,870,235
234606306,36200,-0.0229,-0.0371,1.0220,0.7324,-2.0142,-0.6714,1,465,873,235
234611307,36201,-0.0186,-0.0361,1.0234,0.3662,-2.0752,-0.8545,1,471,920,235
234616336,36202,-0.0151,-0.0366,1.0229,0.1221,-1.8311,-0.9155,1,473,869,235
234621306,36203,-0.0161,-0.0386,1.0205,0.0000,-1.7700,-0.9766,1,468,877,235
234626305,36204,-0.0161,-0.0386,1.0186,-0.2441,-1.8311,-1.0986,1,500,810,235
234631309,36205,-0.0146,-0.0376,1.0190,-0.3052,-1.3428,-1.2817,1,484,860,235
234636308,36206,-0.0146,-0.0396,1.0205,-0.4883,-1.1597,-1.2817,1,507,785,235
234641307,36207,-0.0166,-0.0410,1.0215,-0.4883,-1.1597,-1.2207,1,506,815,235
234646306,36208,-0.0161,-0.0410,1.0234,-0.4883,-1.2207,-1.4038,1,475,849,235
234651307,36209,-0.0093,-0.0410,1.0283,-0.4272,-0.8545,-1.5869,1,488,854,235
234656308,36210,-0.0024,-0.0410,1.0337,-0.4883,-0.6104,-1.5259,1,486,870,235
234661301,36211,-0.0020,-0.0396,1.0352,-0.4883,0.0000,-1.4038,1,476,842,235
234666301,36212,-0.0044,-0.0396,1.0322,-0.6104,0.0000,-1.4648,1,488,796,235
234671307,36213,-0.0024,-0.0430,1.0298,-0.5493,0.1221,-1.5869,1,493,798,235
234676303,36214,0.0000,-0.0449,1.0288,-0.2441,0.7324,-1.4038,1,466,875,235
234681302,36215,-0.0024,-0.0444,1.0264,-0.1221,1.4038,-1.4038,1,466,840,235
234686303,36216,-0.0063,-0.0454,1.0234,-0.0610,1.4648,-1.2207,1,466,875,235
234691323,36217,-0.0073,-0.0464,1.0225,0.1831,1.8311,-1.3428,1,466,882,235
234696307,36218,-0.0063,-0.0454,1.0234,0.6104,2.2583,-1.3428,1,466,874,235
234701303,36219,-0.0063,-0.0444,1.0234,0.6104,2.5635,-1.2817,1,483,879,235
234706304,36220,-0.0063,-0.0435,1.0244,0.8545,2.8687,-1.2207,1,479,868,235
234711301,36221,-0.0054,-0.0444,1.0225,1.0376,3.1738,-1.1597,1,465,829,235
234716305,36222,-0.0068,-0.0420,1.0239,1.4038,3.4180,-0.9766,1,466,929,235
234721302,36223,-0.0068,-0.0366,1.0283,1.1597,3.2349,-0.9766,1,466,866,235
234726301,36224,-0.0112,-0.0356,1.0283,1.2207,3.9062,-1.0376,1,474,867,235
234731304,36225,-0.0151,-0.0376,1.0283,1.0376,3.1128,-0.7324,1,502,872,235
234736302,36226,-0.0151,-0.0400,1.0273,1.4038,3.2959,-0.6714,1,480,862,235
234741303,36227,-0.0171,-0.0405,1.0259,1.1597,2.5024,-0.4883,1,509,785,235
234746302,36228,-0.0176,-0.0396,1.0244,1.4038,2.3804,-0.4883,1,504,836,235
234751301,36229,-0.0151,-0.0400,1.0249,1.3428,1.9531,-0.5493,1,472,849,235
234756302,36230,-0.0132,-0.0420,1.0264,1.5869,2.0752,-0.6714,1,474,856,235
234761301,36231,-0.0190,-0.0430,1.0229,1.8921,1.7700,-0.5493,1,478,869,235
234766304,36232,-0.0264,-0.0425,1.0181,1.8311,1.2817,-0.5493,1,488,849,235
234771302,36233,-0.0259,-0.0430,1.0181,2.1973,0.7935,-0.6714,1,491,846,235
234776308,36234,-0.0195,-0.0425,1.0229,2.4414,0.7324,-0.8545,1,493,843,235
234781303,36235,-0.0137,-0.0391,1.0264,2.5024,0.7935,-0.9766,1,466,882,235
234786308,36236,-0.0122,-0.0361,1.0269,2.4414,0.9155,-0.9155,1,466,870,235
234791306,36237,-0.0117,-0.0361,1.0269,2.5024,0.6714,-0.8545,1,466,888,235
234796303,36238,-0.0112,-0.0356,1.0288,2.3804,0.8545,-0.7935,1,466,878,235
234801305,36239,-0.0127,-0.0361,1.0288,1.9531,0.9155,-0.9155,1,466,880,235
234806309,36240,-0.0127,-0.0405,1.0273,1.8311,0.7324,-0.7935,1,483,886,235
234811301,36241,-0.0117,-0.0400,1.0264,2.0752,1.0376,-0.7324,1,466,865,235
234816303,36242,-0.0112,-0.0356,1.0269,1.7700,1.2207,-0.6104,1,484,863,235
234821304,36243,-0.0127,-0.0347,1.0273,1.5259,1.4038,-0.5493,1,474,904,235
234826306,36244,-0.0137,-0.0356,1.0293,1.2207,1.4038,-0.5493,1,478,869,235
234831301,36245,-0.0127,-0.0337,1.0308,1.0986,1.4648,-0.5493,1,477,871,235
234836301,36246,-0.0098,-0.0303,1.0327,0.6104,1.5869,-0.4883,1,479,869,235
234841303,36247,-0.0049,-0.0298,1.0356,0.0610,1.8311,-0.3052,1,465,850,235
234846302,36248,-0.0005,-0.0303,1.0376,-0.2441,2.3804,-0.1831,1,507,847,235
234851307,36249,0.0000,-0.0303,1.0376,-0.6714,2.9297,-0.0610,1,482,746,235
234856306,36250,-0.0029,-0.0317,1.0356,-0.9766,3.2959,0.0610,1,479,781,235
234861304,36251,-0.0044,-0.0342,1.0342,-1.0376,3.6621,0.2441,1,489,845,235
234866304,36252,-0.0073,-0.0347,1.0303,-1.1597,4.0283,0.1831,1,476,847,235
234871302,36253,-0.0156,-0.0361,1.0225,-1.2817,4.2725,0.2441,1,480,847,235
234876305,36254,-0.0269,-0.0405,1.0146,-1.2817,4.0283,0.2441,1,488,856,235
234881303,36255,-0.0327,-0.0430,1.0107,-0.8545,3.4180,0.3052,1,486,856,235
234886303,36256,-0.0327,-0.0381,1.0103,-0.7324,2.9907,0.1221,1,493,846,235
234891307,36257,-0.0308,-0.0337,1.0098,-0.8545,2.6855,-0.1221,1,466,873,235
234896307,36258,-0.0293,-0.0376,1.0093,-0.7935,2.3804,-0.1831,1,466,871,235
234901308,36259,-0.0293,-0.0435,1.0083,-0.4272,2.3193,-0.2441,1,466,875,235
234906321,36260,-0.0308,-0.0444,1.0063,-0.0610,2.0142,-0.4883,1,466,883,235
234911302,36261,-0.0312,-0.0430,1.0063,0.1221,1.4038,-0.5493,1,466,873,235
234916307,36262,-0.0278,-0.0410,1.0103,0.3662,1.1597,-0.6104,1,484,902,235
234921303,36263,-0.0239,-0.0386,1.0151,0.5493,1.2817,-0.5493,1,473,863,235
234926306,36264,-0.0225,-0.0386,1.0171,0.6714,1.2207,-0.6714,1,465,829,235
234931304,36265,-0.0244,-0.0410,1.0156,0.9155,1.0376,-0.7324,1,483,897,235
234936304,36266,-0.0259,-0.0415,1.0137,1.1597,0.8545,-0.6714,1,466,870,235
234941302,36267,-0.0273,-0.0396,1.0137,1.1597,0.6714,-0.9766,1,472,863,235
234946304,36268,-0.0269,-0.0415,1.0151,1.1597,0.3052,-0.8545,1,502,873,235
234951305,36269,-0.0234,-0.0454,1.0176,1.7090,0.1221,-0.6104,1,482,854,235
234956302,36270,-0.0225,-0.0415,1.0200,2.0752,0.1221,-0.7935,1,506,850,235
234961306,36271,-0.0210,-0.0352,1.0239,1.9531,-0.0610,-0.9155,1,467,833,235
234966306,36272,-0.0171,-0.0376,1.0288,2.0142,-0.0610,-0.8545,1,473,850,235
234971301,36273,-0.0122,-0.0449,1.0327,2.1362,0.1831,-0.6104,1,480,844,235
234976307,36274,-0.0078,-0.0371,1.0298,2.5635,0.4883,-0.5493,1,490,876,235
234981307,36275,-0.0083,-0.0352,1.0278,2.2583,0.6714,-0.7935,1,471,849,235
234986310,36276,-0.0107,-0.0454,1.0288,2.2583,0.6714,-0.4272,1,477,850,235
234991308,36277,-0.0142,-0.0410,1.0249,3.1128,1.0986,-0.3052,1,493,855,235
234996305,36278,-0.0171,-0.0332,1.0220,2.5024,0.8545,-0.5493,1,466,876,235
235001303,36279,-0.0156,-0.0352,1.0239,2.4414,0.9155,-0.3662,1,466,878,235
235006309,36280,-0.0142,-0.0366,1.0254,2.5635,1.2207,-0.1831,1,466,887,235
235011312,36281,-0.0137,-0.0332,1.0269,2.3804,1.4038,-0.2441,1,466,883,235
235016305,36282,-0.0161,-0.0234,1.0239,2.3193,1.5259,-0.3052,1,466,880,235
235021304,36283,-0.0156,-0.0254,1.0254,1.4648,1.4648,-0.3662,1,484,880,235
235026308,36284,-0.0137,-0.0347,1.0293,1.5259,1.7090,-0.1831,1,467,872,235
235031305,36285,-0.0156,-0.0293,1.0259,1.7090,2.0752,-0.1221,1,484,864,235
235036302,36286,-0.0181,-0.0229,1.0249,0.8545,2.1362,-0.4272,1,472,898,235
235041302,36287,-0.0166,-0.0342,1.0254,0.6104,2.5024,-0.3052,1,479,870,235
235046301,36288,-0.0229,-0.0415,1.0166,1.1597,2.9907,-0.0610,1,483,870,235
235051310,36289,-0.0381,-0.0308,1.0044,0.9766,2.3804,-0.3052,1,492,879,235
235056304,36290,-0.0425,-0.0298,1.0034,0.4272,1.2817,-0.5493,1,467,844,235
235061306,36291,-0.0352,-0.0400,1.0132,0.5493,1.0986,-0.4883,1,500,861,235
235066304,36292,-0.0264,-0.0391,1.0210,0.9155,1.3428,-0.4272,1,484,808,235
235071305,36293,-0.0195,-0.0312,1.0254,0.4272,1.0986,-0.4272,1,473,846,235
235076310,36294,-0.0171,-0.0278,1.0254,0.2441,1.3428,-0.5493,1,482,878,235
235081303,36295,-0.0210,-0.0273,1.0215,0.0000,1.2817,-0.7935,1,488,852,235
235086301,36296,-0.0225,-0.0322,1.0215,-0.1831,1.0376,-0.6104,1,485,802,235
235091309,36297,-0.0205,-0.0391,1.0244,0.0610,1.4038,-0.5493,1,488,846,235
235096302,36298,-0.0200,-0.0391,1.0249,0.0610,1.5869,-0.5493,1,492,847,235
235101305,36299,-0.0229,-0.0332,1.0215,0.2441,1.5869,-0.3662,1,466,876,235
235106301,36300,-0.0225,-0.0298,1.0190,-0.2441,1.3428,-0.3662,1,466,887,235
235111302,36301,-0.0215,-0.0298,1.0181,-0.1221,1.5259,-0.3662,1,466,880,235
235116325,36302,-0.0249,-0.0312,1.0176,-0.3052,1.1597,-0.4272,1,466,871,235
235121305,36303,-0.0283,-0.0317,1.0186,-0.4883,1.1597,-0.4272,1,466,901,235
235126307,36304,-0.0293,-0.0303,1.0195,-0.4272,0.7935,-0.4883,1,466,880,235
235131302,36305,-0.0264,-0.0308,1.0210,-0.5493,0.6714,-0.4272,1,484,864,235
235136301,36306,-0.0220,-0.0327,1.0234,-0.4883,0.6104,-0.4272,1,465,901,235
235141306,36307,-0.0200,-0.0337,1.0259,-0.4883,0.7324,-0.3662,1,482,918,235
235146335,36308,-0.0215,-0.0342,1.0254,-0.4272,0.6714,-0.3662,1,482,865,235
235151303,36309,-0.0229,-0.0342,1.0229,-0.2441,0.6714,-0.2441,1,481,873,235
235156309,36310,-0.0239,-0.0352,1.0210,-0.1221,0.6104,-0.4883,1,477,865,235
235161308,36311,-0.0244,-0.0356,1.0190,0.0000,0.5493,-0.4272,1,476,849,235
235166303,36312,-0.0254,-0.0337,1.0186,0.1221,0.3662,-0.4883,1,503,770,235
235171309,36313,-0.0264,-0.0327,1.0190,0.0610,0.0610,-0.6104,1,475,842,235
235176306,36314,-0.0273,-0.0342,1.0195,0.2441,-0.1831,-0.7324,1,478,842,235
235181303,36315,-0.0264,-0.0366,1.0215,0.1831,-0.3052,-0.6104,1,492,857,235
235186304,36316,-0.0229,-0.0381,1.0229,0.4272,-0.1831,-0.6104,1,481,844,235
235191302,36317,-0.0210,-0.0371,1.0229,0.4272,-0.2441,-0.4883,1,483,850,235
235196306,36318,-0.0200,-0.0347,1.0229,0.5493,-0.1831,-0.6104,1,488,852,235
235201308,36319,-0.0200,-0.0327,1.0239,0.6714,-0.1831,-0.4272,1,466,848,235
235206301,36320,-0.0205,-0.0317,1.0264,0.6104,-0.3052,-0.4272,1,466,881,235
235211307,36321,-0.0210,-0.0312,1.0264,0.4883,-0.3052,-0.3662,1,466,874,235
235216306,36322,-0.0200,-0.0308,1.0254,0.3662,-0.1221,-0.3662,1,466,898,235
235221305,36323,-0.0176,-0.0308,1.0249,0.3052,-0.0610,-0.4883,1,466,872,235
235226302,36324,-0.0176,-0.0327,1.0244,0.3052,0.0610,-0.4272,1,483,870,235
235231310,36325,-0.0190,-0.0347,1.0234,0.3052,0.1831,-0.3662,1,466,865,235
235236304,36326,-0.0220,-0.0352,1.0220,0.3662,0.2441,-0.3052,1,484,868,235
235241303,36327,-0.0249,-0.0356,1.0200,0.3052,0.1831,-0.2441,1,472,903,235
235246306,36328,-0.0264,-0.0361,1.0190,0.4272,0.1221,-0.3662,1,478,869,235
235251308,36329,-0.0249,-0.0352,1.0200,0.3662,0.1831,-0.2441,1,478,876,235
235256301,36330,-0.0220,-0.0322,1.0225,0.2441,0.2441,-0.3052,1,503,880,235
235261303,36331,-0.0181,-0.0317,1.0249,0.1221,0.4272,-0.2441,1,492,859,235
235266301,36332,-0.0176,-0.0327,1.0254,0.0000,0.6104,-0.2441,1,494,858,235
235271306,36333,-0.0205,-0.0317,1.0234,-0.0610,0.6714,-0.2441,1,482,783,235
235276302,36334,-0.0225,-0.0322,1.0220,-0.0610,0.7935,-0.1831,1,481,861,235
235281306,36335,-0.0225,-0.0332,1.0220,-0.0610,0.8545,-0.1831,1,491,848,235
235286304,36336,-0.0225,-0.0332,1.0225,-0.0610,0.7935,-0.2441,1,473,848,235
235291301,36337,-0.0220,-0.0347,1.0220,-0.1831,0.7324,-0.1831,1,475,848,235
235296305,36338,-0.0215,-0.0273,1.0181,0.1221,0.4883,-0.1831,1,486,852,235
235301306,36339,-0.0225,-0.0239,1.0215,-0.1831,0.1221,-0.6714,1,486,843,235
235306304,36340,-0.0176,-0.0454,1.0312,-1.1597,0.3052,-0.3662,1,493,845,235
235311309,36341,-0.0205,-0.0522,1.0254,0.7324,1.4038,0.0610,1,466,905,235
235316304,36342,-0.0234,-0.0317,1.0220,-0.2441,0.8545,-0.3052,1,466,878,235
235321304,36343,-0.0225,-0.0332,1.0244,0.1221,0.7324,-0.1221,1,466,875,235
235326301,36344,-0.0200,-0.0337,1.0249,-0.1831,0.6714,-0.1221,1,466,876,235
235331306,36345,-0.0195,-0.0337,1.0244,0.0000,0.9155,-0.0610,1,484,874,235
235336302,36346,-0.0220,-0.0337,1.0234,-0.1221,0.7324,0.0000,1,465,777,235
235341306,36347,-0.0239,-0.0347,1.0239,0.0000,0.7324,0.0000,1,484,781,235
235346301,36348,-0.0254,-0.0347,1.0225,0.0000,0.6714,0.0000,1,465,776,235
235351302,36349,-0.0239,-0.0342,1.0205,-0.0610,0.4883,0.0610,1,483,769,235
235356304,36350,-0.0220,-0.0337,1.0210,-0.0610,0.4883,0.0610,1,483,861,235
235361307,36351,-0.0215,-0.0332,1.0220,-0.1221,0.5493,0.1831,1,465,866,235
235366304,36352,-0.0234,-0.0342,1.0220,-0.1221,0.5493,0.1221,1,507,875,235
235371302,36353,-0.0259,-0.0356,1.0205,0.0610,0.6104,0.1221,1,469,852,235
235376305,36354,-0.0283,-0.0347,1.0186,0.3052,0.3662,0.0610,1,493,775,235
235381304,36355,-0.0288,-0.0342,1.0181,0.1221,0.0610,0.0000,1,496,835,235
235386310,36356,-0.0264,-0.0352,1.0200,0.3052,-0.1221,0.1221,1,486,796,235
235391307,36357,-0.0244,-0.0352,1.0215,0.3662,-0.1221,0.0610,1,476,834,235
235396307,36358,-0.0234,-0.0347,1.0205,0.3662,-0.1831,0.0610,1,488,844,235
235401306,36359,-0.0259,-0.0337,1.0181,0.4272,-0.4272,0.0000,1,492,848,235
235406306,36360,-0.0278,-0.0327,1.0176,0.5493,-0.6104,0.0610,1,478,801,235
235411306,36361,-0.0269,-0.0327,1.0200,0.5493,-0.7324,0.0000,1,493,848,235
235416303,36362,-0.0239,-0.0337,1.0225,0.4883,-0.9155,-0.0610,1,466,833,235
235421304,36363,-0.0200,-0.0332,1.0249,0.6104,-0.9155,-0.0610,1,466,875,235
235426306,36364,-0.0171,-0.0347,1.0259,0.5493,-0.7324,-0.0610,1,466,878,235
235431303,36365,-0.0181,-0.0356,1.0254,0.5493,-0.3662,-0.0610,1,466,876,235
235436309,36366,-0.0200,-0.0327,1.0244,0.4883,-0.4883,0.0000,1,466,877,235
235441306,36367,-0.0215,-0.0312,1.0220,0.3052,-0.3662,-0.0610,1,484,832,235
235446301,36368,-0.0229,-0.0327,1.0210,0.3052,-0.3662,-0.1221,1,465,898,235
235451307,36369,-0.0225,-0.0347,1.0215,0.4883,-0.3052,-0.1831,1,484,864,235
235456305,36370,-0.0220,-0.0352,1.0215,0.5493,-0.1221,-0.3052,1,465,899,235
235461308,36371,-0.0234,-0.0337,1.0190,0.3662,0.0610,-0.1831,1,469,860,235
235466316,36372,-0.0269,-0.0322,1.0176,0.1831,-0.2441,-0.1831,1,468,874,235
235471301,36373,-0.0273,-0.0332,1.0190,0.3052,-0.4883,-0.2441,1,465,880,235
235476302,36374,-0.0239,-0.0337,1.0220,0.3662,-0.3662,-0.2441,1,508,876,235
235481305,36375,-0.0205,-0.0327,1.0239,0.2441,-0.1221,-0.3662,1,490,863,235
235486305,36376,-0.0200,-0.0298,1.0249,0.1221,0.0610,-0.2441,1,482,759,235
235491302,36377,-0.0205,-0.0283,1.0244,-0.0610,0.1221,-0.2441,1,486,806,235
235496306,36378,-0.0195,-0.0303,1.0244,-0.2441,0.1221,-0.3052,1,490,848,235
235501303,36379,-0.0181,-0.0322,1.0259,-0.1831,0.3662,-0.3052,1,476,844,235
235506303,36380,-0.0176,-0.0342,1.0259,-0.1831,0.4272,-0.2441,1,487,848,235
235511302,36381,-0.0190,-0.0342,1.0239,-0.1831,0.6104,-0.2441,1,475,852,235
235516308,36382,-0.0225,-0.0332,1.0225,-0.2441,0.7324,-0.3052,1,492,851,235
235521305,36383,-0.0249,-0.0327,1.0205,-0.3052,0.6104,-0.3052,1,466,875,235
235526306,36384,-0.0254,-0.0327,1.0190,-0.1221,0.4272,-0.4272,1,466,871,235
235531306,36385,-0.0244,-0.0322,1.0200,-0.1831,0.4883,-0.4883,1,466,878,235
235536315,36386,-0.0225,-0.0322,1.0234,-0.1831,0.4272,-0.4883,1,465,879,235
235541303,36387,-0.0210,-0.0332,1.0249,-0.1831,0.4272,-0.4272,1,466,882,235
235546307,36388,-0.0200,-0.0342,1.0244,-0.3052,0.3662,-0.3662,1,483,883,235
235551303,36389,-0.0210,-0.0337,1.0244,-0.2441,0.4272,-0.3662,1,465,866,235
235556309,36390,-0.0229,-0.0327,1.0229,-0.2441,0.5493,-0.4883,1,484,815,235
235561301,36391,-0.0239,-0.0327,1.0210,-0.2441,0.4883,-0.5493,1,472,913,235
235566302,36392,-0.0249,-0.0317,1.0200,-0.2441,0.4883,-0.4272,1,466,870,235
235571336,36393,-0.0259,-0.0317,1.0205,-0.2441,0.2441,-0.4883,1,465,880,235
235576301,36394,-0.0244,-0.0332,1.0215,-0.2441,0.1221,-0.4883,1,479,880,235
235581304,36395,-0.0215,-0.0337,1.0225,-0.2441,0.0610,-0.4272,1,475,859,235
235586303,36396,-0.0210,-0.0347,1.0234,0.0000,0.1221,-0.4883,1,497,857,235
235591304,36397,-0.0220,-0.0356,1.0234,-0.1831,0.1221,-0.4883,1,487,779,235
235596309,36398,-0.0225,-0.0356,1.0239,-0.1831,0.1221,-0.4883,1,492,857,235
235601307,36399,-0.0200,-0.0342,1.0264,-0.1221,0.3052,-0.4272,1,476,850,235
235606306,36400,-0.0171,-0.0317,1.0288,-0.1221,0.3052,-0.3662,1,492,842,235
235611303,36401,-0.0161,-0.0308,1.0283,-0.1221,0.4272,-0.3052,1,481,845,235
235616305,36402,-0.0176,-0.0312,1.0259,-0.1221,0.6104,-0.2441,1,469,845,235
235621307,36403,-0.0205,-0.0332,1.0249,-0.1221,0.5493,-0.3052,1,493,869,235
235626309,36404,-0.0234,-0.0347,1.0239,0.0000,0.6714,-0.3052,1,466,848,235
235631309,36405,-0.0239,-0.0352,1.0229,-0.1221,0.6714,-0.3052,1,466,826,235
235636309,36406,-0.0229,-0.0352,1.0225,-0.0610,0.7935,-0.4272,1,465,874,235
235641319,36407,-0.0234,-0.0337,1.0220,0.1221,0.8545,-0.4272,1,466,875,235
235646302,36408,-0.0254,-0.0332,1.0215,0.0610,0.6104,-0.3052,1,466,873,235
235651308,36409,-0.0269,-0.0342,1.0210,0.0610,0.4883,-0.3662,1,466,867,235
235656307,36410,-0.0264,-0.0356,1.0210,0.1221,0.3662,-0.3662,1,472,861,235
235661301,36411,-0.0229,-0.0366,1.0225,0.1831,0.4272,-0.3662,1,466,873,235
235666307,36412,-0.0210,-0.0361,1.0225,0.2441,0.4883,-0.3662,1,467,924,235
235671305,36413,-0.0210,-0.0347,1.0200,0.2441,0.3662,-0.3662,1,465,868,235
235676302,36414,-0.0234,-0.0342,1.0186,0.2441,0.4272,-0.3662,1,470,867,235
235681305,36415,-0.0254,-0.0337,1.0181,0.2441,0.3662,-0.4272,1,498,877,235
235686303,36416,-0.0254,-0.0342,1.0200,0.0610,0.4272,-0.4883,1,481,858,235
235691304,36417,-0.0244,-0.0342,1.0215,0.0000,0.3662,-0.5493,1,508,852,235
235696303,36418,-0.0225,-0.0337,1.0220,0.0610,0.2441,-0.4883,1,465,787,235
235701308,36419,-0.0210,-0.0327,1.0234,0.0000,0.2441,-0.3052,1,483,846,235
235706308,36420,-0.0205,-0.0322,1.0234,-0.0610,0.4272,-0.3052,1,488,803,235
235711309,36421,-0.0205,-0.0327,1.0234,-0.1221,0.2441,-0.3052,1,478,869,235
235716309,36422,-0.0229,-0.0332,1.0234,-0.0610,0.3052,-0.2441,1,486,849,235
235721302,36423,-0.0239,-0.0337,1.0225,-0.2441,0.3052,-0.4272,1,469,850,235
235726301,36424,-0.0229,-0.0342,1.0215,-0.1831,0.3662,-0.3662,1,493,851,235
235731307,36425,-0.0220,-0.0342,1.0215,-0.1831,0.3052,-0.1831,1,466,880,235
235736308,36426,-0.0210,-0.0347,1.0229,-0.3662,0.3052,-0.3052,1,466,876,235
235741307,36427,-0.0215,-0.0347,1.0239,-0.2441,0.3662,-0.3662,1,466,872,235
235746322,36428,-0.0229,-0.0332,1.0229,-0.2441,0.3662,-0.2441,1,466,883,235
235751305,36429,-0.0234,-0.0327,1.0215,-0.2441,0.3662,-0.3052,1,466,888,235
235756305,36430,-0.0244,-0.0332,1.0205,-0.2441,0.3662,-0.2441,1,484,879,235
235761308,36431,-0.0254,-0.0337,1.0200,-0.1831,0.1831,-0.3052,1,479,874,235
235766302,36432,-0.0239,-0.0347,1.0215,-0.1831,0.0610,-0.3662,1,465,873,235
235771303,36433,-0.0225,-0.0352,1.0225,-0.1221,0.2441,-0.3662,1,469,918,235
235776302,36434,-0.0225,-0.0342,1.0210,-0.1831,0.1221,-0.3662,1,472,865,235
235781306,36435,-0.0239,-0.0337,1.0195,-0.0610,0.0000,-0.3662,1,479,862,235
235786308,36436,-0.0254,-0.0332,1.0195,-0.1221,-0.1221,-0.3052,1,501,814,235
235791301,36437,-0.0244,-0.0327,1.0205,-0.1831,-0.1831,-0.1221,1,482,850,235
235796303,36438,-0.0225,-0.0337,1.0229,-0.2441,-0.1831,-0.3662,1,491,861,235
235801304,36439,-0.0220,-0.0342,1.0249,-0.1831,-0.1221,-0.2441,1,464,798,235
235806305,36440,-0.0225,-0.0327,1.0249,-0.3052,-0.0610,-0.1221,1,486,860,235
235811304,36441,-0.0229,-0.0317,1.0234,-0.3052,-0.0610,-0.1221,1,473,844,235
235816301,36442,-0.0234,-0.0332,1.0229,-0.3052,-0.0610,-0.2441,1,485,867,235
235821308,36443,-0.0225,-0.0352,1.0234,-0.3052,-0.3052,-0.1831,1,473,850,235
235826305,36444,-0.0215,-0.0352,1.0239,-0.1221,-0.2441,-0.1221,1,469,844,235
235831309,36445,-0.0225,-0.0347,1.0229,-0.1831,-0.2441,-0.3052,1,493,846,235
235836307,36446,-0.0244,-0.0347,1.0220,-0.1221,-0.4883,-0.1221,1,466,849,235
235841306,36447,-0.0239,-0.0352,1.0205,-0.1221,-0.3662,-0.1221,1,465,869,235
235846302,36448,-0.0225,-0.0361,1.0200,0.0000,-0.3662,-0.3052,1,465,875,235
235851325,36449,-0.0220,-0.0366,1.0225,0.0610,-0.3052,-0.3662,1,466,828,235
235856302,36450,-0.0200,-0.0356,1.0249,0.1221,-0.1831,-0.3052,1,466,875,235
235861310,36451,-0.0190,-0.0342,1.0239,0.1831,-0.3052,-0.1221,1,465,874,235
235866305,36452,-0.0215,-0.0347,1.0225,0.0610,-0.2441,-0.2441,1,477,863,235
235871304,36453,-0.0254,-0.0356,1.0210,0.1831,-0.3052,-0.3052,1,465,875,235
235876302,36454,-0.0259,-0.0347,1.0190,0.1831,-0.4272,-0.3052,1,469,859,235
235881305,36455,-0.0249,-0.0332,1.0190,0.1831,-0.5493,-0.3662,1,474,864,235
235886302,36456,-0.0244,-0.0337,1.0220,0.1221,-0.6104,-0.3052,1,478,884,235
235891304,36457,-0.0234,-0.0356,1.0234,0.1831,-0.7324,-0.1831,1,507,820,235
235896309,36458,-0.0229,-0.0361,1.0234,0.1221,-0.7935,-0.3052,1,470,866,235
235901304,36459,-0.0229,-0.0337,1.0225,0.0610,-0.8545,-0.2441,1,490,856,235
235906307,36460,-0.0229,-0.0322,1.0225,0.0000,-0.8545,-0.3052,1,465,810,235
235911307,36461,-0.0215,-0.0322,1.0244,-0.1221,-0.7935,-0.2441,1,484,801,235
235916301,36462,-0.0195,-0.0332,1.0249,-0.1221,-0.7935,-0.2441,1,491,850,235
235921304,36463,-0.0181,-0.0342,1.0249,-0.2441,-0.5493,-0.2441,1,484,853,235
235926307,36464,-0.0186,-0.0342,1.0239,-0.1831,-0.1831,-0.2441,1,491,881,235
235931309,36465,-0.0205,-0.0327,1.0229,-0.3052,-0.3052,-0.1221,1,492,855,235
235936304,36466,-0.0220,-0.0308,1.0220,-0.3052,-0.3662,-0.1831,1,493,844,235
235941305,36467,-0.0220,-0.0303,1.0225,-0.3052,-0.1831,-0.1221,1,466,873,235
235946303,36468,-0.0200,-0.0332,1.0239,-0.4272,0.0000,-0.1831,1,466,868,235
235951302,36469,-0.0190,-0.0361,1.0244,-0.3662,0.0000,-0.1831,1,466,836,235
235956322,36470,-0.0210,-0.0361,1.0215,-0.3052,0.0000,-0.2441,1,466,839,235
235961304,36471,-0.0239,-0.0352,1.0200,-0.2441,0.0000,-0.3052,1,466,829,235
235966304,36472,-0.0244,-0.0352,1.0215,-0.4272,0.1221,-0.3052,1,484,817,235
235971303,36473,-0.0220,-0.0371,1.0225,-0.3052,0.0000,-0.2441,1,476,861,235
235976309,36474,-0.0200,-0.0381,1.0225,-0.1831,0.0610,-0.1831,1,465,871,235
235981301,36475,-0.0200,-0.0361,1.0234,-0.1831,0.2441,-0.3052,1,477,902,235
235986303,36476,-0.0200,-0.0342,1.0234,-0.2441,0.3052,-0.3052,1,467,869,235
235991306,36477,-0.0205,-0.0342,1.0234,-0.1221,0.3662,-0.3052,1,468,862,235
235996303,36478,-0.0205,-0.0342,1.0234,0.0610,0.3662,-0.3052,1,465,871,235
236001309,36479,-0.0205,-0.0342,1.0225,0.0610,0.4272,-0.3052,1,501,855,235
236006303,36480,-0.0215,-0.0342,1.0229,0.0000,0.3662,-0.3052,1,477,792,235
236011309,36481,-0.0215,-0.0337,1.0239,-0.0610,0.4272,-0.3052,1,484,781,235
236016302,36482,-0.0205,-0.0342,1.0244,0.0000,0.3662,-0.3052,1,476,844,235
236021305,36483,-0.0215,-0.0352,1.0244,0.0000,0.3662,-0.3052,1,490,800,235
236026304,36484,-0.0210,-0.0371,1.0239,0.0610,0.2441,-0.1831,1,472,799,235
236031305,36485,-0.0195,-0.0371,1.0234,0.1221,0.4272,-0.1831,1,475,852,235
236036302,36486,-0.0195,-0.0356,1.0229,0.0610,0.5493,-0.3052,1,485,853,235
236041304,36487,-0.0220,-0.0352,1.0225,0.1221,0.4272,-0.2441,1,489,849,235
236046307,36488,-0.0239,-0.0347,1.0220,0.1221,0.2441,-0.2441,1,466,846,235
236051301,36489,-0.0225,-0.0337,1.0220,0.1831,0.1831,-0.4272,1,466,877,235
236056305,36490,-0.0205,-0.0322,1.0225,0.1831,0.2441,-0.3052,1,466,881,235
236061308,36491,-0.0200,-0.0317,1.0229,-0.0610,0.1831,-0.3052,1,466,878,235
236066307,36492,-0.0210,-0.0317,1.0239,0.0000,0.0000,-0.2441,1,466,878,235
236071304,36493,-0.0215,-0.0322,1.0249,-0.0610,0.1831,-0.3052,1,483,777,235
236076306,36494,-0.0200,-0.0327,1.0249,-0.0610,0.3052,-0.4272,1,465,865,235
236081304,36495,-0.0186,-0.0332,1.0249,-0.1831,0.4883,-0.3662,1,484,865,235
236086303,36496,-0.0181,-0.0347,1.0254,-0.1221,0.4272,-0.1831,1,465,909,235
236091307,36497,-0.0195,-0.0356,1.0259,0.0000,0.3052,-0.3052,1,468,863,235
236096303,36498,-0.0215,-0.0366,1.0254,-0.1221,0.3052,-0.3052,1,469,824,235
236101303,36499,-0.0215,-0.0366,1.0239,0.0000,0.3052,-0.2441,1,476,820,235
236106309,36500,-0.0210,-0.0366,1.0229,-0.0610,0.4272,-0.2441,1,501,812,235
236111306,36501,-0.0220,-0.0361,1.0229,-0.0610,0.3662,-0.3052,1,477,861,235
236116308,36502,-0.0234,-0.0352,1.0234,0.0610,0.3662,-0.2441,1,501,785,235
236121308,36503,-0.0249,-0.0332,1.0229,-0.0610,0.4272,-0.3052,1,478,854,235
236126304,36504,-0.0254,-0.0327,1.0215,0.0000,0.3052,-0.4272,1,486,860,235
236131304,36505,-0.0229,-0.0347,1.0205,0.0000,0.3662,-0.3662,1,488,800,235
236136304,36506,-0.0205,-0.0361,1.0205,0.0000,0.3052,-0.3052,1,475,806,235
236141305,36507,-0.0190,-0.0352,1.0215,0.1221,0.4272,-0.2441,1,483,797,235
236146301,36508,-0.0190,-0.0327,1.0215,0.0000,0.3662,-0.3052,1,489,847,235
236151305,36509,-0.0229,-0.0332,1.0210,-0.1221,0.3662,-0.3052,1,493,802,235
236156306,36510,-0.0244,-0.0356,1.0210,-0.2441,0.3052,-0.3052,1,466,872,235
236161309,36511,-0.0249,-0.0366,1.0215,-0.2441,0.3052,-0.2441,1,466,873,235
236166303,36512,-0.0244,-0.0356,1.0210,-0.1831,0.3052,-0.1831,1,465,883,235
236171324,36513,-0.0234,-0.0342,1.0205,-0.1221,0.0610,-0.2441,1,466,879,235
236176305,36514,-0.0229,-0.0342,1.0210,-0.3662,0.0000,-0.2441,1,466,873,235
236181302,36515,-0.0225,-0.0347,1.0225,-0.3052,0.0000,-0.3662,1,484,822,235
236186309,36516,-0.0205,-0.0356,1.0234,-0.3662,0.0000,-0.3662,1,475,816,235
236191304,36517,-0.0181,-0.0361,1.0239,-0.2441,0.0610,-0.1831,1,484,837,235
236196306,36518,-0.0181,-0.0347,1.0234,-0.3052,0.1221,-0.3052,1,476,908,235
236201304,36519,-0.0210,-0.0337,1.0225,-0.4272,0.1221,-0.3662,1,475,857,235
236206312,36520,-0.0229,-0.0342,1.0220,-0.3662,0.3052,-0.3052,1,481,872,235
236211301,36521,-0.0229,-0.0337,1.0229,-0.2441,0.2441,-0.1831,1,472,869,235
236216310,36522,-0.0225,-0.0337,1.0239,-0.3052,0.1831,-0.0610,1,506,838,235
236221306,36523,-0.0215,-0.0352,1.0234,-0.3052,0.3052,-0.2441,1,477,853,235
236226303,36524,-0.0205,-0.0356,1.0234,-0.3052,0.1831,-0.1831,1,500,852,235
236231302,36525,-0.0195,-0.0356,1.0229,-0.3662,0.2441,-0.1831,1,464,813,235
236236306,36526,-0.0210,-0.0361,1.0220,-0.3662,0.1831,-0.1221,1,481,868,235
236241305,36527,-0.0225,-0.0356,1.0210,-0.3662,0.1831,-0.3052,1,480,848,235
236246307,36528,-0.0229,-0.0356,1.0220,-0.3052,0.0610,-0.1221,1,487,848,235
236251304,36529,-0.0225,-0.0366,1.0234,-0.1831,0.1221,-0.0610,1,489,843,235
236256303,36530,-0.0229,-0.0366,1.0229,-0.3052,0.0000,-0.2441,1,475,848,235
236261308,36531,-0.0234,-0.0352,1.0215,-0.3662,0.0610,-0.3052,1,493,806,235
236266305,36532,-0.0229,-0.0342,1.0205,-0.1221,0.0000,-0.2441,1,493,842,235
236271302,36533,-0.0225,-0.0352,1.0210,-0.0610,0.0000,-0.3052,1,466,829,235
236276310,36534,-0.0220,-0.0366,1.0229,-0.0610,-0.1831,-0.3662,1,466,821,235
236281307,36535,-0.0215,-0.0361,1.0234,-0.1221,-0.2441,-0.3052,1,466,883,235
236286309,36536,-0.0215,-0.0347,1.0220,0.0000,-0.3662,-0.2441,1,466,877,235
236291306,36537,-0.0220,-0.0347,1.0210,-0.0610,-0.3662,-0.1221,1,484,831,235
236296306,36538,-0.0225,-0.0356,1.0215,-0.1221,-0.1831,-0.2441,1,465,861,235
236301303,36539,-0.0215,-0.0366,1.0229,0.0000,-0.3052,-0.2441,1,484,867,235
236306301,36540,-0.0195,-0.0366,1.0249,0.0610,-0.3662,-0.2441,1,465,822,235
236311307,36541,-0.0195,-0.0356,1.0244,0.0000,-0.2441,-0.1221,1,478,923,235
236316302,36542,-0.0195,-0.0361,1.0229,0.0000,-0.1221,-0.3052,1,472,824,235
236321303,36543,-0.0190,-0.0366,1.0220,-0.1221,-0.1831,-0.2441,1,477,828,235
236326306,36544,-0.0195,-0.0361,1.0210,-0.0610,-0.2441,-0.1831,1,468,878,235
236331309,36545,-0.0200,-0.0352,1.0210,0.0610,-0.1831,-0.1831,1,472,862,235
236336301,36546,-0.0205,-0.0352,1.0229,0.0000,-0.2441,-0.1221,1,465,853,235
236341302,36547,-0.0205,-0.0361,1.0239,-0.0610,-0.3052,-0.1831,1,512,708,235
236346302,36548,-0.0210,-0.0376,1.0225,0.0610,-0.1831,-0.1221,1,474,858,235
236351301,36549,-0.0210,-0.0376,1.0210,0.0610,-0.2441,-0.1221,1,482,840,235
236356307,36550,-0.0200,-0.0361,1.0215,0.0000,-0.1831,-0.1221,1,488,841,235
236361308,36551,-0.0195,-0.0342,1.0225,0.0000,-0.1221,-0.1831,1,490,800,235
236366306,36552,-0.0190,-0.0337,1.0229,0.0000,-0.0610,-0.1221,1,484,801,235
236371308,36553,-0.0186,-0.0342,1.0229,0.0000,-0.0610,-0.1221,1,471,800,235
236376307,36554,-0.0176,-0.0352,1.0234,-0.0610,0.0610,-0.1221,1,491,798,235
236381308,36555,-0.0190,-0.0361,1.0229,-0.0610,0.1831,-0.2441,1,466,841,235
236386306,36556,-0.0229,-0.0366,1.0215,0.0000,0.1221,-0.1221,1,466,882,235
236391307,36557,-0.0249,-0.0371,1.0205,-0.0610,0.1221,-0.1221,1,466,828,235
236396314,36558,-0.0244,-0.0361,1.0195,0.0000,0.0610,-0.1831,1,466,873,235
236401303,36559,-0.0220,-0.0356,1.0215,0.0610,0.0000,-0.2441,1,466,836,235
236406304,36560,-0.0220,-0.0352,1.0225,0.0000,0.2441,-0.1831,1,484,820,235
236411303,36561,-0.0229,-0.0342,1.0225,0.0000,0.0610,-0.1221,1,469,821,235
236416303,36562,-0.0215,-0.0332,1.0225,-0.0610,-0.0610,-0.1831,1,483,854,235
236421306,36563,-0.0195,-0.0342,1.0234,-0.1221,0.0610,-0.1831,1,475,903,235
236426301,36564,-0.0190,-0.0352,1.0244,-0.1221,0.1831,-0.1831,1,474,866,235
236431303,36565,-0.0200,-0.0352,1.0234,-0.0610,0.1831,-0.1221,1,481,875,235
236436308,36566,-0.0210,-0.0361,1.0225,-0.0610,0.2441,-0.1831,1,481,871,235
236441304,36567,-0.0200,-0.0361,1.0229,-0.0610,0.3052,-0.1831,1,502,875,235
236446303,36568,-0.0176,-0.0347,1.0234,-0.1831,0.3662,-0.1831,1,465,857,235
236451310,36569,-0.0176,-0.0342,1.0244,-0.1221,0.3662,-0.1221,1,507,818,235
236456301,36570,-0.0190,-0.0342,1.0244,-0.1221,0.3052,-0.0610,1,471,852,235
236461304,36571,-0.0195,-0.0352,1.0244,-0.0610,0.4272,-0.1221,1,486,854,235
236466307,36572,-0.0200,-0.0371,1.0249,0.0000,0.4272,-0.2441,1,478,847,235
236471307,36573,-0.0195,-0.0376,1.0244,0.0000,0.4883,-0.1221,1,483,807,235
236476307,36574,-0.0205,-0.0376,1.0229,0.0610,0.4883,-0.2441,1,490,801,235
236481301,36575,-0.0215,-0.0371,1.0220,0.0610,0.4272,-0.2441,1,476,849,235
236486310,36576,-0.0215,-0.0371,1.0210,0.1831,0.3052,-0.2441,1,493,849,235
236491309,36577,-0.0225,-0.0371,1.0195,0.1831,0.1831,-0.2441,1,466,847,235
236496307,36578,-0.0220,-0.0361,1.0190,0.1221,0.1221,-0.2441,1,465,885,235
236501302,36579,-0.0205,-0.0371,1.0205,0.1831,0.1831,-0.3662,1,466,875,235
236506315,36580,-0.0210,-0.0376,1.0220,0.1831,0.0610,-0.2441,1,466,882,235
236511301,36581,-0.0225,-0.0371,1.0220,0.2441,0.0610,-0.3052,1,466,877,235
236516301,36582,-0.0215,-0.0352,1.0215,0.3662,0.0610,-0.2441,1,484,873,235
236521305,36583,-0.0195,-0.0337,1.0220,0.2441,0.0610,-0.1831,1,465,864,235
236526302,36584,-0.0186,-0.0347,1.0234,0.2441,0.1831,-0.3052,1,484,867,235
236531307,36585,-0.0190,-0.0356,1.0244,0.2441,0.1221,-0.3662,1,469,904,235
236536305,36586,-0.0200,-0.0352,1.0239,0.2441,0.0610,-0.1831,1,467,871,235
236541304,36587,-0.0200,-0.0347,1.0234,0.1831,0.1221,-0.3052,1,468,875,235
236546308,36588,-0.0200,-0.0347,1.0234,0.1221,-0.0610,-0.3052,1,469,869,235
236551305,36589,-0.0190,-0.0356,1.0234,0.1221,0.0610,-0.1831,1,466,866,235
236556301,36590,-0.0190,-0.0356,1.0229,0.1221,0.3052,-0.2441,1,472,858,235
236561309,36591,-0.0186,-0.0352,1.0234,0.0610,0.3662,-0.1221,1,497,856,235
236566304,36592,-0.0186,-0.0352,1.0239,0.0610,0.3662,-0.1221,1,511,782,235
236571308,36593,-0.0200,-0.0361,1.0244,0.0000,0.4272,-0.1221,1,490,854,235
236576305,36594,-0.0215,-0.0361,1.0239,0.0000,0.4272,-0.1221,1,472,803,235
236581303,36595,-0.0215,-0.0361,1.0229,0.0000,0.4883,-0.1831,1,483,803,235
236586303,36596,-0.0215,-0.0371,1.0225,0.1221,0.4272,-0.2441,1,491,806,235
236591306,36597,-0.0210,-0.0376,1.0225,0.1221,0.3052,-0.2441,1,477,849,235
236596307,36598,-0.0210,-0.0371,1.0229,0.1221,0.3662,-0.3052,1,469,840,235
236601307,36599,-0.0215,-0.0366,1.0234,0.0610,0.3052,-0.3052,1,493,845,235
236606308,36600,-0.0215,-0.0356,1.0229,0.1221,0.2441,-0.2441,1,466,871,235
236611301,36601,-0.0215,-0.0352,1.0225,0.1221,0.2441,-0.3052,1,466,882,235
236616318,36602,-0.0220,-0.0347,1.0234,0.0610,0.2441,-0.3052,1,466,869,235
236621307,36603,-0.0215,-0.0337,1.0234,0.0610,0.3052,-0.3052,1,466,876,235
236626306,36604,-0.0205,-0.0342,1.0220,-0.0610,0.3662,-0.3052,1,484,868,235
236631301,36605,-0.0195,-0.0361,1.0225,0.0000,0.3052,-0.3662,1,467,860,235
236636309,36606,-0.0190,-0.0361,1.0229,-0.0610,0.3662,-0.3052,1,484,859,235
236641307,36607,-0.0190,-0.0352,1.0234,-0.1221,0.3662,-0.3052,1,466,904,235
236646305,36608,-0.0200,-0.0347,1.0244,-0.1221,0.2441,-0.3052,1,470,864,235
236651309,36609,-0.0215,-0.0352,1.0234,0.0000,0.2441,-0.3052,1,474,870,235
236656309,36610,-0.0225,-0.0356,1.0229,-0.0610,0.3662,-0.2441,1,473,810,235
236661309,36611,-0.0210,-0.0347,1.0239,-0.1221,0.3052,-0.1831,1,497,879,235
236666309,36612,-0.0186,-0.0337,1.0234,-0.1831,0.3052,-0.3052,1,500,853,235
236671302,36613,-0.0176,-0.0342,1.0234,-0.1221,0.3662,-0.1831,1,497,852,235
236676307,36614,-0.0181,-0.0356,1.0229,-0.1221,0.4883,-0.1831,1,465,821,235
236681304,36615,-0.0190,-0.0366,1.0220,-0.1831,0.5493,-0.2441,1,486,847,235
236686301,36616,-0.0200,-0.0356,1.0225,-0.0610,0.6104,-0.2441,1,475,855,235
236691301,36617,-0.0205,-0.0337,1.0225,-0.1831,0.5493,-0.2441,1,486,846,235
236696309,36618,-0.0210,-0.0347,1.0215,-0.3052,0.6104,-0.1831,1,473,853,235
236701305,36619,-0.0225,-0.0376,1.0200,-0.1831,0.5493,-0.2441,1,483,840,235
236706310,36620,-0.0234,-0.0381,1.0190,-0.1831,0.4272,-0.2441,1,488,850,235
236711309,36621,-0.0210,-0.0356,1.0205,-0.1221,0.4272,-0.3052,1,493,851,235
236716304,36622,-0.0181,-0.0342,1.0220,-0.1221,0.3052,-0.3052,1,466,871,235
236721308,36623,-0.0176,-0.0352,1.0225,0.0000,0.3052,-0.1831,1,465,866,235
236726318,36624,-0.0190,-0.0371,1.0210,-0.0610,0.3662,-0.2441,1,466,827,235
236731304,36625,-0.0215,-0.0376,1.0210,-0.0610,0.3052,-0.2441,1,466,879,235
236736301,36626,-0.0225,-0.0366,1.0215,-0.0610,0.1831,-0.2441,1,483,870,235
236741303,36627,-0.0220,-0.0356,1.0220,-0.1221,0.1831,-0.2441,1,476,867,235
236746301,36628,-0.0215,-0.0361,1.0229,-0.0610,0.1831,-0.3662,1,466,821,235
236751308,36629,-0.0200,-0.0366,1.0239,-0.0610,0.3052,-0.3662,1,465,922,235
236756308,36630,-0.0195,-0.0366,1.0234,0.0000,0.3052,-0.2441,1,466,864,235
236761333,36631,-0.0200,-0.0366,1.0215,-0.0610,0.2441,-0.1831,1,467,832,235
236766307,36632,-0.0205,-0.0376,1.0210,-0.0610,0.1831,-0.2441,1,465,877,235
236771307,36633,-0.0205,-0.0371,1.0220,0.0610,0.3052,-0.1831,1,495,857,235
236776307,36634,-0.0220,-0.0361,1.0225,0.0610,0.4272,-0.1221,1,471,854,235
236781308,36635,-0.0225,-0.0361,1.0215,0.0610,0.4272,-0.2441,1,512,793,235
236786302,36636,-0.0215,-0.0371,1.0220,0.1221,0.4272,-0.1831,1,478,858,235
236791304,36637,-0.0210,-0.0371,1.0229,0.0610,0.4272,-0.1831,1,471,848,235
236796302,36638,-0.0220,-0.0366,1.0225,0.0610,0.4883,-0.2441,1,479,851,235
236801309,36639,-0.0229,-0.0366,1.0215,0.0610,0.3662,-0.1221,1,483,869,235
236806301,36640,-0.0239,-0.0376,1.0205,0.0610,0.1831,-0.1831,1,485,847,235
236811304,36641,-0.0239,-0.0376,1.0210,0.1221,0.1221,-0.2441,1,476,849,235
236816304,36642,-0.0229,-0.0366,1.0220,0.0000,0.1221,-0.2441,1,493,843,235
236821304,36643,-0.0225,-0.0352,1.0229,0.0610,0.1221,-0.2441,1,466,834,235
236826307,36644,-0.0220,-0.0347,1.0225,0.2441,0.1831,-0.1221,1,466,876,235
236831303,36645,-0.0215,-0.0352,1.0229,0.1831,0.1221,-0.2441,1,466,876,235
236836306,36646,-0.0205,-0.0347,1.0229,0.1221,0.1221,-0.1831,1,466,877,235
236841305,36647,-0.0205,-0.0352,1.0225,0.0000,0.2441,-0.2441,1,483,873,235
236846307,36648,-0.0205,-0.0366,1.0234,0.0000,0.3052,-0.1831,1,466,774,235
236851305,36649,-0.0195,-0.0361,1.0244,0.1831,0.2441,-0.2441,1,484,830,235
236856303,36650,-0.0200,-0.0356,1.0244,0.0610,0.2441,-0.2441,1,467,914,235
236861309,36651,-0.0215,-0.0356,1.0234,0.0610,0.3662,-0.3052,1,474,871,235
236866302,36652,-0.0220,-0.0356,1.0220,0.1221,0.2441,-0.1831,1,471,872,235
236871302,36653,-0.0210,-0.0366,1.0225,0.0610,0.2441,-0.1831,1,482,876,235
236876301,36654,-0.0181,-0.0376,1.0239,0.0610,0.4883,-0.1831,1,479,874,235
236881303,36655,-0.0176,-0.0366,1.0239,0.0000,0.4883,-0.1221,1,466,853,235
236886304,36656,-0.0200,-0.0356,1.0225,0.0610,0.3662,-0.2441,1,507,707,235
236891307,36657,-0.0220,-0.0347,1.0215,0.1831,0.4272,-0.2441,1,468,858,235
236896307,36658,-0.0210,-0.0342,1.0229,0.0610,0.3662,-0.1221,1,473,860,235
236901307,36659,-0.0205,-0.0347,1.0244,0.0000,0.4272,-0.3052,1,490,843,235
236906310,36660,-0.0205,-0.0361,1.0244,0.0610,0.4272,-0.1831,1,479,802,235
236911309,36661,-0.0190,-0.0366,1.0249,0.1221,0.4272,-0.1831,1,486,853,235
236916309,36662,-0.0195,-0.0366,1.0239,0.0000,0.4272,-0.1221,1,475,852,235
236921305,36663,-0.0220,-0.0366,1.0225,0.1221,0.4272,-0.0610,1,492,807,235
236926301,36664,-0.0229,-0.0371,1.0210,0.1831,0.6104,-0.1221,1,466,873,235
236931301,36665,-0.0239,-0.0366,1.0210,0.1221,0.4883,-0.2441,1,465,873,235
236936302,36666,-0.0225,-0.0371,1.0225,0.1221,0.3052,-0.1221,1,466,876,235
236941309,36667,-0.0205,-0.0366,1.0229,0.0610,0.3662,-0.1831,1,466,867,235
236946306,36668,-0.0215,-0.0347,1.0220,0.1221,0.3662,-0.1221,1,466,883,235
236951308,36669,-0.0220,-0.0342,1.0225,0.1831,0.4272,-0.1831,1,465,869,235
236956306,36670,-0.0225,-0.0352,1.0234,0.1221,0.3662,-0.2441,1,484,867,235
236961304,36671,-0.0215,-0.0356,1.0229,0.0000,0.4883,-0.3052,1,465,876,235
236966304,36672,-0.0195,-0.0352,1.0229,0.0610,0.4883,-0.1831,1,479,819,235
236971303,36673,-0.0195,-0.0347,1.0234,0.0000,0.4883,-0.3052,1,481,868,235
236976326,36674,-0.0205,-0.0342,1.0234,0.0000,0.4883,-0.1221,1,466,810,235
236981303,36675,-0.0220,-0.0342,1.0234,0.0610,0.4272,-0.1221,1,469,808,235
236986304,36676,-0.0220,-0.0342,1.0229,0.1221,0.4272,-0.1831,1,474,855,235
236991301,36677,-0.0220,-0.0352,1.0229,0.1221,0.6104,-0.2441,1,495,858,235
236996304,36678,-0.0215,-0.0361,1.0225,0.1221,0.6714,-0.2441,1,464,796,235
237001307,36679,-0.0205,-0.0366,1.0234,0.1831,0.6714,-0.1221,1,485,855,235
237006309,36680,-0.0195,-0.0371,1.0244,0.2441,0.6714,-0.1831,1,471,850,235
237011304,36681,-0.0190,-0.0381,1.0244,0.3662,0.6714,-0.1221,1,481,856,235
237016307,36682,-0.0195,-0.0386,1.0239,0.3662,0.7324,-0.1831,1,475,844,235
237021306,36683,-0.0215,-0.0381,1.0229,0.1831,0.9155,-0.2441,1,483,855,235
237026302,36684,-0.0225,-0.0376,1.0225,0.3662,0.8545,-0.0610,1,493,851,235
237031304,36685,-0.0234,-0.0371,1.0220,0.3662,0.7935,-0.0610,1,465,844,235
237036307,36686,-0.0244,-0.0361,1.0225,0.4883,0.8545,-0.1831,1,466,876,235
237041301,36687,-0.0244,-0.0356,1.0225,0.4272,0.8545,-0.1831,1,466,879,235
237046309,36688,-0.0239,-0.0352,1.0229,0.4272,0.7324,-0.1831,1,466,882,235
237051305,36689,-0.0234,-0.0337,1.0239,0.4272,0.7324,-0.1831,1,483,883,235
237056304,36690,-0.0225,-0.0337,1.0249,0.3662,0.7324,-0.1221,1,466,871,235
237061306,36691,-0.0205,-0.0352,1.0249,0.3662,0.7324,-0.0610,1,484,867,235
237066303,36692,-0.0190,-0.0356,1.0239,0.3662,0.7324,-0.1221,1,467,908,235
237071302,36693,-0.0200,-0.0347,1.0229,0.3662,0.6714,-0.1831,1,477,871,235
237076302,36694,-0.0225,-0.0332,1.0220,0.1831,0.6714,-0.1221,1,481,876,235
237081305,36695,-0.0239,-0.0332,1.0210,0.0610,0.6714,0.0610,1,466,872,235
237086301,36696,-0.0244,-0.0347,1.0215,0.2441,0.7935,-0.1221,1,507,870,235
237091308,36697,-0.0239,-0.0356,1.0225,0.0610,0.6714,-0.0610,1,468,854,235
237096310,36698,-0.0225,-0.0356,1.0225,0.0000,0.6104,-0.1831,1,506,856,235
237101301,36699,-0.0210,-0.0361,1.0225,0.0610,0.4883,-0.2441,1,510,804,235
237106302,36700,-0.0210,-0.0361,1.0225,0.1221,0.6714,-0.1831,1,483,846,235
237111306,36701,-0.0215,-0.0352,1.0215,0.0610,0.7324,-0.2441,1,492,845,235
237116303,36702,-0.0225,-0.0342,1.0215,0.1831,0.6714,-0.1831,1,475,867,235
237121302,36703,-0.0225,-0.0352,1.0229,0.1831,0.6104,-0.1831,1,488,847,235
237126309,36704,-0.0210,-0.0361,1.0234,0.1831,0.6714,-0.1221,1,473,849,235
237131302,36705,-0.0200,-0.0352,1.0225,0.1221,0.7935,-0.2441,1,492,847,235
237136306,36706,-0.0210,-0.0347,1.0215,0.1221,0.7935,-0.3662,1,466,870,235
237141310,36707,-0.0239,-0.0352,1.0215,0.1831,0.7935,-0.3052,1,466,871,235
237146309,36708,-0.0254,-0.0361,1.0210,0.1831,0.6104,-0.1221,1,466,874,235
237151306,36709,-0.0254,-0.0361,1.0195,0.1221,0.5493,-0.1221,1,466,871,235
237156301,36710,-0.0254,-0.0356,1.0200,0.1831,0.5493,-0.1831,1,484,875,235
237161302,36711,-0.0249,-0.0361,1.0220,0.0610,0.4883,-0.0610,1,477,869,235
237166302,36712,-0.0239,-0.0366,1.0229,0.1221,0.4272,-0.1221,1,465,875,235
237171301,36713,-0.0234,-0.0361,1.0225,0.1221,0.4883,-0.1831,1,469,931,235
237176307,36714,-0.0220,-0.0356,1.0215,0.0610,0.4272,-0.1831,1,475,866,235
237181323,36715,-0.0215,-0.0347,1.0210,0.1221,0.4272,-0.1221,1,477,868,235
237186309,36716,-0.0215,-0.0347,1.0215,0.0000,0.3662,-0.1221,1,465,865,235
237191305,36717,-0.0234,-0.0347,1.0220,-0.0610,0.4883,-0.1221,1,504,808,235
237196303,36718,-0.0239,-0.0342,1.0229,0.1221,0.3662,-0.0610,1,489,851,235
237201306,36719,-0.0220,-0.0352,1.0234,0.0000,0.4272,-0.0610,1,464,772,235
237206302,36720,-0.0205,-0.0352,1.0239,0.0000,0.3662,-0.2441,1,474,801,235
237211306,36721,-0.0215,-0.0347,1.0239,0.0610,0.4272,-0.3052,1,488,805,235
237216304,36722,-0.0225,-0.0347,1.0234,0.1221,0.4272,-0.2441,1,492,843,235
237221306,36723,-0.0229,-0.0347,1.0234,0.0610,0.3052,-0.3052,1,478,848,235
237226304,36724,-0.0225,-0.0347,1.0229,0.1221,0.5493,-0.2441,1,481,842,235
237231305,36725,-0.0220,-0.0352,1.0229,0.0610,0.6104,-0.1831,1,487,849,235
237236302,36726,-0.0215,-0.0361,1.0234,0.0610,0.4883,-0.1831,1,492,846,235
237241307,36727,-0.0215,-0.0352,1.0225,0.1221,0.6104,-0.2441,1,466,878,235
237246305,36728,-0.0220,-0.0342,1.0205,0.0000,0.5493,-0.1831,1,466,871,235
237251316,36729,-0.0229,-0.0347,1.0200,0.0610,0.6104,-0.1831,1,466,833,235
237256308,36730,-0.0234,-0.0356,1.0205,0.1221,0.6104,-0.1221,1,466,873,235
237261308,36731,-0.0239,-0.0356,1.0210,0.1831,0.6104,-0.2441,1,483,869,235
237266306,36732,-0.0254,-0.0352,1.0210,0.0610,0.6104,-0.3052,1,465,867,235
237271307,36733,-0.0254,-0.0356,1.0210,0.1221,0.6104,-0.1221,1,484,853,235
237276306,36734,-0.0239,-0.0356,1.0215,0.2441,0.4272,-0.1831,1,472,894,235
237281307,36735,-0.0234,-0.0352,1.0215,0.0610,0.3662,-0.3052,1,479,874,235
237286302,36736,-0.0244,-0.0342,1.0210,0.0610,0.4883,-0.3052,1,481,869,235
237291301,36737,-0.0244,-0.0342,1.0205,0.1831,0.3662,-0.2441,1,468,866,235
237296307,36738,-0.0239,-0.0337,1.0225,0.1221,0.2441,-0.1831,1,493,863,235
237301305,36739,-0.0239,-0.0337,1.0254,0.1221,0.3052,-0.2441,1,466,858,235
237306304,36740,-0.0239,-0.0332,1.0259,0.1831,0.3662,-0.2441,1,512,852,235
237311306,36741,-0.0249,-0.0327,1.0239,0.1221,0.1831,-0.1831,1,465,836,235
237316301,36742,-0.0254,-0.0327,1.0225,-0.0610,0.1221,-0.1221,1,473,855,235
237321308,36743,-0.0244,-0.0327,1.0225,-0.2441,0.1221,-0.2441,1,486,843,235
237326305,36744,-0.0229,-0.0337,1.0225,-0.0610,0.1831,-0.2441,1,486,853,235
237331304,36745,-0.0225,-0.0347,1.0234,0.0000,0.1221,-0.1831,1,480,851,235
237336302,36746,-0.0220,-0.0371,1.0234,-0.0610,-0.0610,-0.1221,1,477,802,235
237341308,36747,-0.0234,-0.0371,1.0229,0.0000,0.1831,-0.2441,1,492,846,235
237346307,36748,-0.0239,-0.0361,1.0215,0.0000,0.1221,-0.1831,1,465,837,235
237351301,36749,-0.0229,-0.0352,1.0215,-0.1221,0.0610,-0.2441,1,466,831,235
237356320,36750,-0.0220,-0.0337,1.0229,0.0000,0.1221,-0.3052,1,466,874,235
237361308,36751,-0.0215,-0.0342,1.0239,-0.0610,0.1221,-0.2441,1,466,826,235
237366307,36752,-0.0220,-0.0361,1.0229,0.0000,0.1831,-0.2441,1,484,875,235
237371304,36753,-0.0225,-0.0361,1.0215,0.0610,0.1221,-0.1831,1,473,781,235
237376306,36754,-0.0225,-0.0361,1.0210,0.0000,0.2441,-0.1831,1,465,872,235
237381301,36755,-0.0234,-0.0371,1.0205,0.0000,0.4272,-0.2441,1,483,822,235
237386307,36756,-0.0244,-0.0376,1.0210,0.0000,0.3052,-0.2441,1,469,825,235
237391318,36757,-0.0254,-0.0361,1.0220,0.0610,0.2441,-0.3052,1,468,825,235
237396310,36758,-0.0244,-0.0347,1.0229,0.0610,0.1221,-0.1221,1,480,872,235
237401309,36759,-0.0229,-0.0347,1.0234,0.0000,0.2441,-0.2441,1,495,852,235
237406303,36760,-0.0225,-0.0352,1.0234,0.0000,0.2441,-0.1831,1,473,745,235
237411303,36761,-0.0234,-0.0352,1.0225,0.0000,0.3052,-0.1831,1,512,712,235
237416302,36762,-0.0249,-0.0361,1.0215,-0.1221,0.3052,-0.2441,1,469,798,235
237421303,36763,-0.0239,-0.0361,1.0220,-0.0610,0.3052,-0.3052,1,478,847,235
237426302,36764,-0.0220,-0.0347,1.0229,-0.0610,0.2441,-0.2441,1,485,843,235
237431301,36765,-0.0229,-0.0342,1.0220,-0.1221,0.3052,-0.1831,1,489,852,235
237436301,36766,-0.0254,-0.0342,1.0210,-0.1221,0.3662,-0.1831,1,492,844,235
237441309,36767,-0.0264,-0.0342,1.0215,-0.1221,0.1831,-0.2441,1,477,845,235
237446308,36768,-0.0259,-0.0347,1.0220,-0.1221,0.0610,-0.2441,1,493,847,235
237451301,36769,-0.0249,-0.0342,1.0229,-0.1221,0.1831,-0.1831,1,466,871,235
237456302,36770,-0.0239,-0.0337,1.0239,-0.2441,0.0610,-0.1831,1,465,881,235
237461305,36771,-0.0229,-0.0337,1.0244,-0.2441,0.0610,-0.1831,1,466,883,235
237466309,36772,-0.0215,-0.0361,1.0239,-0.1831,0.1221,-0.1831,1,466,883,235
237471308,36773,-0.0210,-0.0371,1.0229,-0.1221,0.0610,-0.1831,1,483,882,235
237476303,36774,-0.0220,-0.0371,1.0215,-0.1831,0.1221,-0.1221,1,466,865,235
237481302,36775,-0.0239,-0.0366,1.0215,-0.1221,0.2441,-0.1831,1,484,862,235
237486302,36776,-0.0244,-0.0352,1.0229,-0.1831,0.1831,-0.1831,1,475,908,235
237491303,36777,-0.0239,-0.0352,1.0229,-0.0610,0.1831,-0.1831,1,480,874,235
237496303,36778,-0.0244,-0.0356,1.0220,-0.0610,0.1221,-0.1831,1,481,877,235
237501321,36779,-0.0244,-0.0361,1.0215,-0.0610,0.1831,-0.1831,1,465,875,235
237506308,36780,-0.0229,-0.0361,1.0215,0.0000,0.0000,-0.3052,1,469,862,235
237511301,36781,-0.0225,-0.0356,1.0210,-0.1221,0.0610,-0.2441,1,506,689,235
237516306,36782,-0.0234,-0.0352,1.0215,-0.0610,0.1221,-0.2441,1,507,852,235
237521305,36783,-0.0239,-0.0347,1.0220,-0.1221,0.1831,-0.1831,1,466,786,235
237526309,36784,-0.0229,-0.0352,1.0220,-0.1221,0.1221,-0.1831,1,480,848,235
237531306,36785,-0.0220,-0.0361,1.0210,-0.0610,0.1221,-0.3052,1,483,845,235
237536306,36786,-0.0215,-0.0361,1.0215,-0.1221,0.1831,-0.1221,1,487,840,235
237541309,36787,-0.0225,-0.0361,1.0229,-0.0610,0.1831,-0.1221,1,472,846,235
237546303,36788,-0.0229,-0.0361,1.0234,-0.0610,0.1221,-0.1221,1,480,848,235
237551301,36789,-0.0234,-0.0352,1.0225,-0.1831,0.1221,-0.1221,1,488,846,235
237556301,36790,-0.0239,-0.0347,1.0225,-0.1831,0.1831,-0.0610,1,466,842,235
237561303,36791,-0.0234,-0.0347,1.0229,-0.2441,0.2441,-0.1221,1,466,878,235
237566302,36792,-0.0220,-0.0361,1.0229,-0.1221,0.2441,-0.1831,1,466,880,235
237571305,36793,-0.0215,-0.0376,1.0234,-0.1831,0.1221,-0.1221,1,465,882,235
237576303,36794,-0.0215,-0.0371,1.0244,-0.1221,0.2441,-0.1221,1,483,874,235
237581310,36795,-0.0215,-0.0361,1.0234,-0.0610,0.3052,-0.1221,1,465,866,235
237586309,36796,-0.0215,-0.0352,1.0229,0.0000,0.3052,-0.1221,1,484,860,235
237591306,36797,-0.0229,-0.0356,1.0225,0.0000,0.3052,-0.1831,1,465,814,235
237596306,36798,-0.0234,-0.0356,1.0215,0.0000,0.4272,-0.1831,1,474,828,235
237601307,36799,-0.0225,-0.0352,1.0215,0.0610,0.4272,-0.1221,1,479,832,235
237606333,36800,-0.0215,-0.0352,1.0225,-0.1221,0.2441,-0.2441,1,466,868,235
237611303,36801,-0.0239,-0.0347,1.0220,-0.0610,0.4272,-0.1831,1,482,872,235
237616302,36802,-0.0254,-0.0342,1.0210,0.0000,0.4272,-0.1221,1,472,859,235
237621304,36803,-0.0244,-0.0347,1.0210,0.0610,0.2441,-0.2441,1,511,731,235
237626301,36804,-0.0234,-0.0347,1.0220,0.0610,0.3052,-0.2441,1,466,857,235
237631309,36805,-0.0229,-0.0352,1.0234,0.0000,0.3052,-0.2441,1,478,854,235
237636306,36806,-0.0225,-0.0361,1.0234,0.0000,0.2441,-0.3052,1,481,804,235
237641310,36807,-0.0220,-0.0376,1.0229,0.0000,0.4883,-0.1831,1,484,804,235
237646304,36808,-0.0225,-0.0381,1.0239,0.0610,0.4883,-0.1221,1,488,805,235
237651303,36809,-0.0225,-0.0376,1.0239,0.1221,0.2441,-0.1831,1,482,839,235
237656304,36810,-0.0220,-0.0366,1.0229,0.0610,0.4272,-0.1831,1,493,850,235
237661305,36811,-0.0220,-0.0356,1.0210,0.0610,0.4272,-0.1831,1,466,880,235
237666303,36812,-0.0229,-0.0356,1.0210,0.0000,0.4272,-0.1831,1,466,879,235
237671321,36813,-0.0234,-0.0361,1.0225,0.0000,0.4272,-0.1831,1,466,835,235
237676308,36814,-0.0234,-0.0361,1.0229,-0.0610,0.4883,-0.2441,1,466,834,235
237681307,36815,-0.0234,-0.0342,1.0225,0.0610,0.5493,-0.2441,1,484,879,235
237686305,36816,-0.0229,-0.0337,1.0205,0.1831,0.5493,-0.0610,1,477,866,235
237691305,36817,-0.0220,-0.0352,1.0190,0.1221,0.5493,-0.1221,1,466,879,235
237696305,36818,-0.0210,-0.0361,1.0205,0.1831,0.4883,-0.1221,1,473,861,235
237701302,36819,-0.0215,-0.0352,1.0229,0.1221,0.4883,-0.0610,1,479,863,235
237706310,36820,-0.0220,-0.0337,1.0244,0.0610,0.5493,-0.0610,1,466,868,235
237711308,36821,-0.0220,-0.0322,1.0239,-0.0610,0.5493,-0.1221,1,482,874,235
237716309,36822,-0.0215,-0.0322,1.0229,0.0610,0.6104,-0.2441,1,492,859,235
237721310,36823,-0.0210,-0.0342,1.0229,0.0000,0.7324,-0.1221,1,485,858,235
237726301,36824,-0.0210,-0.0361,1.0254,-0.0610,0.8545,-0.1221,1,511,753,235
237731306,36825,-0.0210,-0.0356,1.0259,0.0000,0.7935,-0.1831,1,473,863,235
237736307,36826,-0.0205,-0.0342,1.0239,0.0000,0.7324,-0.1221,1,477,803,235
237741302,36827,-0.0200,-0.0352,1.0215,0.0000,0.9766,-0.1221,1,478,822,235
237746307,36828,-0.0210,-0.0366,1.0210,0.0610,1.0376,-0.1221,1,490,794,235
237751310,36829,-0.0234,-0.0376,1.0220,0.0610,0.8545,-0.1221,1,476,839,235
237756302,36830,-0.0264,-0.0371,1.0225,0.0000,1.0376,-0.0610,1,479,840,235
237761305,36831,-0.0283,-0.0361,1.0195,0.0610,1.0376,-0.2441,1,466,799,235
237766305,36832,-0.0293,-0.0371,1.0156,0.0610,0.7935,-0.3052,1,466,880,235
237771303,36833,-0.0288,-0.0371,1.0156,0.1831,0.5493,-0.3052,1,466,874,235
237776301,36834,-0.0269,-0.0361,1.0186,0.3052,0.4883,-0.2441,1,466,882,235
237781304,36835,-0.0244,-0.0356,1.0210,0.1831,0.3662,-0.2441,1,484,875,235
237786302,36836,-0.0239,-0.0352,1.0215,0.2441,0.3662,-0.3052,1,465,883,235
237791302,36837,-0.0249,-0.0356,1.0210,0.3052,0.3052,-0.3662,1,484,865,235
237796302,36838,-0.0269,-0.0352,1.0215,0.3052,0.1831,-0.2441,1,466,901,235
237801301,36839,-0.0264,-0.0352,1.0210,0.1221,0.1831,-0.3662,1,470,863,235
237806309,36840,-0.0254,-0.0361,1.0200,0.2441,0.0000,-0.3052,1,477,871,235
237811324,36841,-0.0249,-0.0352,1.0190,0.2441,0.0610,-0.3052,1,477,810,235
237816306,36842,-0.0244,-0.0337,1.0200,0.2441,0.1221,-0.3052,1,466,854,235
237821301,36843,-0.0249,-0.0347,1.0215,0.1831,0.0000,-0.3052,1,510,853,235
237826308,36844,-0.0254,-0.0352,1.0229,0.2441,0.0000,-0.2441,1,512,735,235
237831301,36845,-0.0244,-0.0352,1.0239,0.2441,-0.1221,-0.3662,1,465,805,235
237836302,36846,-0.0244,-0.0337,1.0234,0.2441,0.0000,-0.3052,1,473,861,235
237841306,36847,-0.0239,-0.0327,1.0215,0.3052,0.0000,-0.1831,1,471,805,235
237846309,36848,-0.0234,-0.0337,1.0220,0.3052,-0.1221,-0.3052,1,479,804,235
237851303,36849,-0.0225,-0.0361,1.0229,0.1831,0.0610,-0.3662,1,486,839,235
237856307,36850,-0.0225,-0.0371,1.0225,0.2441,0.0610,-0.2441,1,481,852,235
237861304,36851,-0.0239,-0.0361,1.0215,0.3052,-0.0610,-0.3662,1,492,850,235
237866309,36852,-0.0244,-0.0356,1.0225,0.1221,0.0000,-0.3662,1,466,875,235
237871307,36853,-0.0239,-0.0352,1.0229,0.1831,-0.0610,-0.3662,1,465,832,235
237876318,36854,-0.0229,-0.0342,1.0220,0.3052,-0.1221,-0.2441,1,466,882,235
237881309,36855,-0.0225,-0.0332,1.0220,0.1831,-0.0610,-0.3662,1,466,873,235
237886308,36856,-0.0234,-0.0342,1.0225,0.3052,0.0000,-0.3052,1,484,878,235
237891301,36857,-0.0244,-0.0347,1.0225,0.2441,-0.1221,-0.2441,1,476,772,235
237896305,36858,-0.0239,-0.0352,1.0215,0.2441,-0.0610,-0.2441,1,465,877,235
237901308,36859,-0.0239,-0.0361,1.0215,0.1221,0.0000,-0.1831,1,472,920,235
237906303,36860,-0.0239,-0.0366,1.0220,0.0610,0.0610,-0.2441,1,473,823,235
237911305,36861,-0.0229,-0.0366,1.0220,0.0610,-0.0610,-0.3052,1,465,876,235
237916303,36862,-0.0215,-0.0352,1.0225,0.0610,0.0000,-0.3052,1,469,853,235
237921309,36863,-0.0229,-0.0332,1.0225,0.1831,-0.1221,-0.2441,1,500,803,235
237926301,36864,-0.0249,-0.0337,1.0215,0.1221,0.0000,-0.1831,1,491,861,235
237931308,36865,-0.0234,-0.0352,1.0220,0.0610,0.0610,-0.3052,1,464,802,235
237936301,36866,-0.0229,-0.0356,1.0229,0.0000,0.0610,-0.2441,1,481,847,235
237941301,36867,-0.0229,-0.0352,1.0239,0.0610,0.0610,-0.2441,1,490,806,235
237946305,36868,-0.0239,-0.0342,1.0234,0.0000,0.1221,-0.1831,1,479,849,235
237951307,36869,-0.0244,-0.0342,1.0220,-0.1831,0.2441,-0.3662,1,488,803,235
237956304,36870,-0.0239,-0.0342,1.0215,-0.1221,0.1831,-0.3052,1,476,854,235
237961308,36871,-0.0244,-0.0342,1.0215,-0.0610,0.0610,-0.2441,1,493,843,235
237966303,36872,-0.0254,-0.0342,1.0234,0.0610,0.1221,-0.1831,1,466,876,235
237971307,36873,-0.0254,-0.0352,1.0239,0.0000,0.1221,-0.1831,1,466,875,235
237976326,36874,-0.0244,-0.0356,1.0234,-0.0610,0.1221,-0.1831,1,466,830,235
237981307,36875,-0.0239,-0.0356,1.0220,0.0000,0.0000,-0.3052,1,466,879,235
237986303,36876,-0.0249,-0.0361,1.0210,0.0000,-0.0610,-0.3662,1,484,726,235
237991307,36877,-0.0254,-0.0356,1.0220,0.0000,-0.1221,-0.2441,1,484,774,235
237996309,36878,-0.0239,-0.0352,1.0220,0.0610,0.0000,-0.3052,1,465,819,235
238001305,36879,-0.0234,-0.0352,1.0215,0.0610,0.0000,-0.1831,1,470,815,235
238006302,36880,-0.0234,-0.0356,1.0215,0.1221,0.1221,-0.2441,1,481,819,235
238011307,36881,-0.0229,-0.0356,1.0220,0.0000,0.0000,-0.3662,1,466,872,235
238016302,36882,-0.0225,-0.0347,1.0225,-0.0610,0.0610,-0.2441,1,469,769,235
238021303,36883,-0.0225,-0.0337,1.0239,0.0610,0.1221,-0.2441,1,503,853,235
238026308,36884,-0.0220,-0.0347,1.0234,0.1221,0.1831,-0.2441,1,493,854,235
238031301,36885,-0.0215,-0.0347,1.0225,-0.0610,0.0610,-0.1831,1,511,786,235
238036308,36886,-0.0220,-0.0342,1.0220,0.0000,-0.0610,-0.2441,1,478,825,235
238041302,36887,-0.0229,-0.0347,1.0225,-0.0610,0.1221,-0.1831,1,474,800,235
238046309,36888,-0.0234,-0.0352,1.0234,-0.0610,0.0610,-0.1221,1,492,846,235
238051308,36889,-0.0225,-0.0361,1.0239,0.0000,0.0000,-0.2441,1,476,842,235
238056308,36890,-0.0225,-0.0361,1.0220,0.0000,0.0000,-0.2441,1,492,760,235
238061305,36891,-0.0225,-0.0356,1.0210,-0.0610,0.0610,-0.1831,1,493,758,235
238066308,36892,-0.0234,-0.0352,1.0225,0.0000,0.1831,-0.2441,1,466,873,235
238071307,36893,-0.0249,-0.0356,1.0225,0.0610,0.1221,-0.1831,1,466,832,235
238076321,36894,-0.0259,-0.0361,1.0220,0.0000,0.1221,-0.1831,1,466,877,235
238081307,36895,-0.0244,-0.0356,1.0225,0.0000,-0.0610,-0.1831,1,466,830,235
238086305,36896,-0.0215,-0.0366,1.0234,-0.0610,0.0000,-0.3052,1,465,823,235
238091303,36897,-0.0205,-0.0361,1.0239,0.0000,0.1221,-0.1831,1,482,770,235
238096306,36898,-0.0220,-0.0352,1.0229,0.0000,0.0610,-0.2441,1,465,823,235
238101304,36899,-0.0234,-0.0342,1.0225,0.0000,0.1221,-0.2441,1,471,821,235
238106309,36900,-0.0244,-0.0347,1.0229,0.0000,0.1221,-0.1831,1,476,818,235
238111309,36901,-0.0254,-0.0361,1.0229,0.0000,0.1221,-0.2441,1,478,830,235
238116307,36902,-0.0249,-0.0371,1.0225,-0.0610,0.1221,-0.1831,1,481,814,235
238121307,36903,-0.0249,-0.0366,1.0220,0.0610,0.0000,-0.1831,1,492,859,235
238126304,36904,-0.0239,-0.0356,1.0220,0.1221,0.0000,-0.1221,1,484,740,235
238131307,36905,-0.0234,-0.0356,1.0229,0.0610,0.0610,-0.1221,1,512,751,235
238136308,36906,-0.0234,-0.0356,1.0229,0.0610,0.0610,-0.2441,1,484,798,235
238141305,36907,-0.0225,-0.0352,1.0234,0.0610,0.0000,-0.1831,1,473,850,235
238146302,36908,-0.0220,-0.0352,1.0244,0.0000,0.0610,-0.2441,1,478,822,235
238151309,36909,-0.0229,-0.0347,1.0239,0.0610,0.1831,-0.3052,1,492,802,235
238156303,36910,-0.0225,-0.0347,1.0239,0.0610,0.1831,-0.2441,1,492,847,235
238161309,36911,-0.0215,-0.0352,1.0239,0.0000,0.0000,-0.1831,1,484,849,235
238166303,36912,-0.0229,-0.0352,1.0229,0.1221,0.0000,-0.1831,1,494,757,235
238171301,36913,-0.0249,-0.0356,1.0215,0.1831,0.1221,-0.2441,1,466,831,235
238176302,36914,-0.0249,-0.0361,1.0210,0.1831,0.1221,-0.3052,1,466,881,235
238181306,36915,-0.0244,-0.0356,1.0215,0.1221,0.0610,-0.2441,1,466,874,235
238186309,36916,-0.0244,-0.0352,1.0215,0.1831,0.0000,-0.2441,1,483,877,235
238191308,36917,-0.0244,-0.0342,1.0220,0.0610,-0.0610,-0.2441,1,465,824,235
238196309,36918,-0.0234,-0.0337,1.0225,0.0610,0.0610,-0.2441,1,485,863,235
238201304,36919,-0.0225,-0.0337,1.0225,0.1221,0.1831,-0.3052,1,465,901,235
238206304,36920,-0.0229,-0.0347,1.0220,0.0610,0.1831,-0.3662,1,477,859,235
238211305,36921,-0.0244,-0.0356,1.0220,0.1221,0.0610,-0.3052,1,483,876,235
238216328,36922,-0.0239,-0.0352,1.0220,0.1221,0.0000,-0.1831,1,466,869,235
238221309,36923,-0.0220,-0.0352,1.0229,0.0000,-0.0610,-0.2441,1,470,811,235
238226307,36924,-0.0210,-0.0352,1.0244,0.0610,-0.0610,-0.3052,1,492,812,235
238231303,36925,-0.0200,-0.0352,1.0254,0.0000,0.1221,-0.3052,1,507,849,235
238236303,36926,-0.0195,-0.0356,1.0244,0.1221,0.1831,-0.3052,1,466,792,235
238241309,36927,-0.0210,-0.0371,1.0220,0.1831,0.1831,-0.2441,1,474,858,235
238246307,36928,-0.0220,-0.0376,1.0205,0.0610,0.0610,-0.2441,1,492,852,235
238251307,36929,-0.0210,-0.0361,1.0220,0.1221,0.1221,-0.2441,1,483,845,235
238256302,36930,-0.0215,-0.0352,1.0229,0.2441,0.0610,-0.2441,1,491,843,235
238261305,36931,-0.0244,-0.0356,1.0215,0.0610,0.0610,-0.1831,1,484,851,235
238266307,36932,-0.0273,-0.0366,1.0205,0.1221,0.0000,-0.1831,1,493,848,235
238271305,36933,-0.0269,-0.0366,1.0200,0.1221,-0.0610,-0.1831,1,466,831,235
238276308,36934,-0.0249,-0.0347,1.0190,-0.0610,-0.1221,-0.1831,1,466,903,235
238281324,36935,-0.0234,-0.0337,1.0195,-0.0610,0.0000,-0.1831,1,466,876,235
238286305,36936,-0.0225,-0.0352,1.0210,0.1831,-0.0610,-0.1221,1,466,832,235
238291302,36937,-0.0229,-0.0361,1.0215,0.0000,-0.0610,-0.3052,1,465,868,235
238296301,36938,-0.0239,-0.0356,1.0225,0.0610,-0.1221,-0.3052,1,484,771,235
238301307,36939,-0.0234,-0.0347,1.0234,0.1221,-0.2441,-0.2441,1,466,870,235
238306304,36940,-0.0229,-0.0347,1.0244,0.1221,-0.1221,-0.1221,1,468,920,235
238311301,36941,-0.0215,-0.0356,1.0254,0.0610,-0.1221,-0.1831,1,479,861,235
238316306,36942,-0.0210,-0.0361,1.0244,0.0000,0.0000,-0.1831,1,467,872,235
238321306,36943,-0.0229,-0.0361,1.0234,-0.0610,0.0610,-0.1831,1,466,768,235
238326305,36944,-0.0229,-0.0361,1.0229,0.0000,0.0000,-0.3052,1,492,862,235
238331306,36945,-0.0234,-0.0356,1.0210,0.0610,0.0000,-0.3052,1,483,748,235
238336308,36946,-0.0234,-0.0356,1.0210,0.0000,0.0000,-0.3052,1,511,740,235
238341304,36947,-0.0229,-0.0356,1.0225,0.1221,0.0000,-0.1831,1,478,752,235
238346305,36948,-0.0229,-0.0356,1.0239,0.0000,-0.0610,-0.3052,1,482,804,235
238351308,36949,-0.0225,-0.0352,1.0229,0.0000,-0.0610,-0.2441,1,490,802,235
238356304,36950,-0.0220,-0.0352,1.0210,0.0610,-0.0610,-0.1221,1,477,802,235
238361304,36951,-0.0215,-0.0352,1.0210,0.0000,0.0000,-0.2441,1,488,839,235
238366304,36952,-0.0215,-0.0356,1.0225,0.0610,-0.1831,-0.1221,1,471,753,235
238371305,36953,-0.0215,-0.0356,1.0234,0.1221,-0.0610,-0.2441,1,493,846,235
238376306,36954,-0.0225,-0.0347,1.0229,0.0000,-0.1221,-0.1831,1,466,848,235
238381309,36955,-0.0234,-0.0347,1.0229,-0.0610,-0.0610,-0.1831,1,466,828,235
238386307,36956,-0.0249,-0.0347,1.0239,0.0000,0.0610,-0.2441,1,465,877,235
238391302,36957,-0.0249,-0.0347,1.0229,0.0610,0.0000,-0.3052,1,465,834,235
238396302,36958,-0.0239,-0.0347,1.0210,0.0000,-0.0610,-0.2441,1,465,817,235
238401305,36959,-0.0244,-0.0352,1.0215,-0.0610,-0.1831,-0.1831,1,484,821,235
238406306,36960,-0.0239,-0.0366,1.0239,0.0000,-0.1221,-0.1831,1,465,877,235
238411303,36961,-0.0215,-0.0361,1.0244,0.0610,-0.2441,-0.1831,1,469,825,235
238416306,36962,-0.0205,-0.0352,1.0229,0.0610,-0.2441,-0.1831,1,474,871,235
238421302,36963,-0.0215,-0.0337,1.0225,0.0000,0.0000,-0.2441,1,476,878,235
238426309,36964,-0.0215,-0.0327,1.0220,0.0000,-0.0610,-0.1831,1,482,764,235
238431309,36965,-0.0205,-0.0352,1.0220,0.0000,-0.1831,-0.1221,1,474,813,235
238436307,36966,-0.0205,-0.0371,1.0225,0.0000,-0.1221,-0.2441,1,479,706,235
238441301,36967,-0.0215,-0.0371,1.0229,0.0000,0.1221,-0.1831,1,512,735,235
238446303,36968,-0.0229,-0.0356,1.0220,0.1221,0.0610,-0.1831,1,466,802,235
238451302,36969,-0.0239,-0.0342,1.0195,0.1221,0.0000,-0.2441,1,473,848,235
238456308,36970,-0.0239,-0.0337,1.0190,0.0610,-0.1831,-0.0610,1,481,804,235
238461309,36971,-0.0225,-0.0347,1.0210,0.0000,-0.2441,-0.1831,1,486,848,235
238466309,36972,-0.0210,-0.0361,1.0229,-0.0610,-0.1221,-0.3662,1,473,802,235
238471309,36973,-0.0215,-0.0366,1.0229,-0.0610,-0.1221,-0.2441,1,480,848,235
238476305,36974,-0.0229,-0.0361,1.0225,-0.1221,-0.3052,-0.2441,1,493,849,235
238481306,36975,-0.0229,-0.0356,1.0220,-0.0610,-0.2441,-0.1831,1,493,848,235
238486307,36976,-0.0215,-0.0352,1.0225,-0.0610,-0.2441,-0.3052,1,466,883,235
238491317,36977,-0.0210,-0.0366,1.0239,-0.1831,-0.3052,-0.2441,1,466,872,235
238496302,36978,-0.0205,-0.0381,1.0244,-0.1221,-0.1831,-0.1831,1,466,880,235
238501304,36979,-0.0200,-0.0376,1.0234,-0.0610,0.0000,-0.3052,1,484,877,235
238506303,36980,-0.0205,-0.0361,1.0229,-0.1831,-0.0610,-0.3052,1,474,816,235
238511305,36981,-0.0215,-0.0347,1.0239,0.0610,0.0000,-0.0610,1,465,876,235
238516307,36982,-0.0220,-0.0337,1.0239,0.0000,0.0610,-0.0610,1,465,817,235
238521310,36983,-0.0225,-0.0337,1.0225,0.0000,0.1221,-0.2441,1,468,818,235
238526305,36984,-0.0225,-0.0352,1.0200,0.1221,-0.0610,-0.2441,1,472,826,235
238531301,36985,-0.0225,-0.0352,1.0200,0.0000,-0.0610,-0.1831,1,482,868,235
238536302,36986,-0.0220,-0.0347,1.0220,0.0000,-0.1221,-0.2441,1,492,807,235
238541305,36987,-0.0220,-0.0342,1.0225,0.0610,-0.0610,-0.3052,1,484,763,235
238546301,36988,-0.0220,-0.0352,1.0229,-0.0610,-0.1221,-0.2441,1,500,847,235
238551309,36989,-0.0220,-0.0352,1.0234,0.0000,-0.1831,-0.1831,1,464,826,235
238556307,36990,-0.0220,-0.0347,1.0229,0.1221,-0.0610,-0.2441,1,478,806,235
238561303,36991,-0.0220,-0.0356,1.0229,0.0000,-0.1221,-0.2441,1,488,847,235
238566308,36992,-0.0210,-0.0361,1.0234,-0.0610,-0.1831,-0.2441,1,480,804,235
238571305,36993,-0.0210,-0.0352,1.0229,0.0000,-0.1221,-0.2441,1,486,880,235
238576309,36994,-0.0225,-0.0361,1.0215,0.0610,-0.1831,-0.3052,1,474,801,235
238581306,36995,-0.0239,-0.0366,1.0200,0.1831,-0.1831,-0.3662,1,491,845,235
238586303,36996,-0.0229,-0.0366,1.0200,0.0610,-0.2441,-0.2441,1,466,882,235
238591307,36997,-0.0205,-0.0366,1.0220,0.1831,-0.4272,-0.3052,1,466,879,235
238596306,36998,-0.0210,-0.0361,1.0244,0.3052,-0.3052,-0.3052,1,466,878,235
238601308,36999,-0.0210,-0.0361,1.0254,0.3052,-0.3052,-0.3052,1,466,869,235
238606302,37000,-0.0200,-0.0347,1.0239,0.1221,-0.1221,-0.2441,1,466,865,235
238611309,37001,-0.0186,-0.0332,1.0239,0.0610,-0.0610,-0.2441,1,484,862,235
238616307,37002,-0.0186,-0.0332,1.0239,0.0610,0.1221,-0.3052,1,466,875,235
238621310,37003,-0.0210,-0.0347,1.0220,0.0610,0.0610,-0.3052,1,472,861,235
238626306,37004,-0.0229,-0.0347,1.0215,0.1831,-0.0610,-0.2441,1,472,855,235
238631301,37005,-0.0220,-0.0342,1.0234,0.1831,-0.0610,-0.1831,1,478,869,235
238636303,37006,-0.0200,-0.0342,1.0249,0.0610,0.0610,-0.1831,1,466,860,235
238641301,37007,-0.0210,-0.0356,1.0239,0.0610,0.1831,-0.2441,1,508,856,235
238646301,37008,-0.0229,-0.0376,1.0215,0.1221,0.0000,-0.2441,1,484,862,235
238651307,37009,-0.0229,-0.0371,1.0195,0.0610,-0.0610,-0.2441,1,500,736,235
238656309,37010,-0.0225,-0.0356,1.0205,0.2441,-0.0610,-0.2441,1,466,804,235
238661307,37011,-0.0210,-0.0347,1.0234,0.2441,-0.1221,-0.1831,1,492,859,235
238666302,37012,-0.0200,-0.0352,1.0225,0.0000,-0.0610,-0.3052,1,479,849,235
238671303,37013,-0.0195,-0.0347,1.0220,0.0610,0.0000,-0.3052,1,473,794,235
238676310,37014,-0.0186,-0.0347,1.0234,0.1221,0.0000,0.0000,1,477,796,235
238681309,37015,-0.0190,-0.0347,1.0244,0.1221,-0.0610,-0.1221,1,490,752,235
238686308,37016,-0.0205,-0.0356,1.0239,0.0610,0.0610,-0.2441,1,469,842,235
238691302,37017,-0.0210,-0.0352,1.0244,0.1221,0.1831,-0.1831,1,492,850,235
238696304,37018,-0.0205,-0.0352,1.0239,-0.0610,0.1221,-0.1831,1,466,876,235
238701308,37019,-0.0215,-0.0347,1.0229,0.0610,0.3052,-0.1221,1,466,875,235
238706308,37020,-0.0220,-0.0347,1.0225,0.1221,0.2441,-0.1831,1,466,869,235
238711303,37021,-0.0205,-0.0347,1.0229,0.0610,0.1831,-0.1831,1,465,876,235
238716302,37022,-0.0190,-0.0342,1.0249,0.1221,0.1831,-0.1221,1,465,880,235
238721309,37023,-0.0195,-0.0337,1.0244,0.0000,0.2441,-0.1831,1,482,864,235
238726309,37024,-0.0200,-0.0342,1.0229,0.0610,0.2441,-0.1221,1,484,864,235
238731308,37025,-0.0205,-0.0356,1.0220,0.0610,0.3052,-0.1831,1,480,902,235
238736302,37026,-0.0210,-0.0371,1.0215,0.0000,0.3662,-0.1831,1,483,863,235
238741301,37027,-0.0195,-0.0381,1.0215,0.0000,0.2441,-0.0610,1,469,831,235
238746306,37028,-0.0200,-0.0366,1.0215,0.0000,0.3052,-0.1221,1,471,809,235
238751303,37029,-0.0215,-0.0337,1.0210,0.0000,0.3052,-0.1221,1,469,805,235
238756304,37030,-0.0205,-0.0327,1.0215,0.0000,0.3662,-0.1831,1,495,801,235
238761309,37031,-0.0195,-0.0332,1.0220,0.1221,0.3662,-0.1831,1,491,742,235
238766307,37032,-0.0205,-0.0342,1.0220,0.0000,0.1831,0.0000,1,511,861,235
238771307,37033,-0.0225,-0.0347,1.0220,-0.1221,0.3662,-0.1221,1,484,756,235
238776307,37034,-0.0220,-0.0347,1.0225,-0.1221,0.2441,-0.0610,1,492,851,235
238781306,37035,-0.0205,-0.0356,1.0225,-0.0610,0.1221,-0.1221,1,490,843,235
238786307,37036,-0.0205,-0.0356,1.0225,-0.1221,0.1831,-0.1221,1,476,870,235
238791308,37037,-0.0200,-0.0356,1.0229,0.0000,0.3052,0.0000,1,485,845,235
238796309,37038,-0.0195,-0.0361,1.0239,-0.0610,0.3052,-0.0610,1,490,754,235
238801302,37039,-0.0205,-0.0356,1.0239,-0.1221,0.1831,-0.0610,1,493,846,235
238806304,37040,-0.0205,-0.0352,1.0239,-0.0610,0.1831,-0.0610,1,466,877,235
238811303,37041,-0.0210,-0.0352,1.0239,-0.0610,0.1831,-0.1221,1,466,875,235
238816308,37042,-0.0215,-0.0352,1.0225,-0.0610,0.3052,-0.1831,1,466,873,235
238821302,37043,-0.0220,-0.0352,1.0210,0.0000,0.1221,-0.1221,1,466,870,235
238826301,37044,-0.0225,-0.0366,1.0220,0.0610,0.0610,-0.1831,1,466,811,235
238831303,37045,-0.0215,-0.0356,1.0239,0.0610,0.0610,-0.1221,1,484,863,235
238836306,37046,-0.0210,-0.0342,1.0234,0.0610,0.0610,-0.1221,1,465,871,235
238841301,37047,-0.0220,-0.0337,1.0225,0.0610,0.0000,-0.3052,1,468,858,235
238846309,37048,-0.0220,-0.0337,1.0225,0.1221,0.0000,-0.1831,1,474,813,235
238851305,37049,-0.0215,-0.0342,1.0234,-0.0610,0.0000,-0.1221,1,469,825,235
238856318,37050,-0.0210,-0.0342,1.0234,0.0610,0.0610,-0.1831,1,474,807,235
238861305,37051,-0.0205,-0.0347,1.0220,0.0000,0.0610,-0.2441,1,465,854,235
238866307,37052,-0.0205,-0.0347,1.0225,0.0000,0.0610,-0.1831,1,501,810,235
238871308,37053,-0.0210,-0.0356,1.0239,0.0000,0.0610,-0.2441,1,501,735,235
238876304,37054,-0.0200,-0.0376,1.0249,0.0000,0.1221,-0.1831,1,466,784,235
238881306,37055,-0.0195,-0.0371,1.0259,-0.0610,0.2441,-0.0610,1,470,800,235
238886309,37056,-0.0195,-0.0356,1.0249,-0.1831,0.3662,-0.1831,1,476,852,235
238891302,37057,-0.0195,-0.0347,1.0234,0.0000,0.3662,-0.1831,1,478,858,235
238896309,37058,-0.0186,-0.0347,1.0229,0.0000,0.2441,-0.0610,1,490,809,235
238901309,37059,-0.0181,-0.0356,1.0220,-0.1221,0.3662,-0.0610,1,492,802,235
238906306,37060,-0.0186,-0.0361,1.0210,-0.0610,0.4883,-0.0610,1,474,845,235
238911301,37061,-0.0200,-0.0356,1.0215,-0.1221,0.4272,-0.1831,1,493,843,235
238916303,37062,-0.0210,-0.0356,1.0220,0.0000,0.4272,-0.1831,1,466,876,235
238921306,37063,-0.0200,-0.0352,1.0229,0.0000,0.3052,-0.2441,1,466,833,235
238926301,37064,-0.0195,-0.0347,1.0234,0.0610,0.3052,-0.1831,1,466,828,235
238931305,37065,-0.0205,-0.0342,1.0225,0.0610,0.3662,-0.2441,1,483,876,235
238936307,37066,-0.0215,-0.0337,1.0200,0.0610,0.4272,-0.0610,1,465,867,235
238941303,37067,-0.0225,-0.0337,1.0195,-0.0610,0.2441,-0.1221,1,484,860,235
238946307,37068,-0.0220,-0.0347,1.0210,0.0000,0.2441,-0.1221,1,466,902,235
238951306,37069,-0.0205,-0.0352,1.0234,0.0610,0.4272,-0.1221,1,466,824,235
238956301,37070,-0.0205,-0.0352,1.0244,0.0610,0.4272,0.0000,1,469,872,235
238961304,37071,-0.0205,-0.0352,1.0239,-0.0610,0.3662,-0.1221,1,477,812,235
238966309,37072,-0.0205,-0.0356,1.0225,-0.0610,0.4272,-0.1221,1,482,855,235
238971304,37073,-0.0190,-0.0361,1.0225,0.1221,0.3662,-0.1831,1,504,856,235
238976305,37074,-0.0176,-0.0352,1.0229,0.1221,0.4883,-0.1831,1,489,859,235
238981301,37075,-0.0181,-0.0342,1.0220,0.1221,0.7324,-0.1221,1,511,856,235
238986309,37076,-0.0186,-0.0347,1.0215,0.1221,0.9766,-0.1221,1,466,850,235
238991302,37077,-0.0186,-0.0361,1.0234,0.0610,0.9766,-0.1831,1,481,839,235
238996306,37078,-0.0200,-0.0371,1.0239,0.0610,1.0986,-0.1831,1,473,849,235
239001302,37079,-0.0225,-0.0366,1.0225,0.1831,1.0986,-0.1221,1,473,873,235
239006308,37080,-0.0234,-0.0347,1.0225,0.1831,0.9766,-0.1831,1,482,847,235
239011309,37081,-0.0220,-0.0342,1.0234,0.1221,0.9155,-0.1221,1,483,849,235
239016303,37082,-0.0215,-0.0347,1.0234,0.1221,1.0376,-0.2441,1,477,846,235
239021309,37083,-0.0229,-0.0342,1.0220,0.1221,0.8545,-0.3052,1,493,846,235
239026305,37084,-0.0234,-0.0342,1.0215,0.1221,0.7935,-0.3052,1,466,870,235
239031318,37085,-0.0225,-0.0342,1.0220,0.0610,0.7324,-0.3052,1,466,869,235
239036305,37086,-0.0225,-0.0352,1.0220,0.0000,0.7935,-0.3052,1,465,871,235
239041302,37087,-0.0225,-0.0342,1.0225,-0.0610,0.7935,-0.3052,1,484,812,235
239046305,37088,-0.0225,-0.0332,1.0229,-0.1831,0.6104,-0.3052,1,477,857,235
239051304,37089,-0.0210,-0.0327,1.0229,-0.1831,0.7324,-0.3052,1,465,827,235
239056303,37090,-0.0205,-0.0303,1.0229,-0.3052,0.8545,-0.4883,1,482,906,235
239061309,37091,-0.0215,-0.0293,1.0234,-0.4883,0.7935,-0.3052,1,465,862,235
239066303,37092,-0.0225,-0.0317,1.0229,-0.6104,0.7324,-0.4272,1,482,871,235
239071329,37093,-0.0215,-0.0303,1.0225,-0.6104,1.0376,-0.3052,1,470,877,235
239076302,37094,-0.0200,-0.0244,1.0225,-0.9766,1.2207,-0.3052,1,469,846,235
239081301,37095,-0.0181,-0.0244,1.0239,-1.4038,1.4038,-0.3052,1,496,854,235
239086308,37096,-0.0176,-0.0283,1.0234,-1.3428,1.5869,-0.3052,1,483,857,235
239091310,37097,-0.0195,-0.0288,1.0220,-1.5869,1.8311,-0.3662,1,494,860,235
239096306,37098,-0.0229,-0.0298,1.0205,-2.0142,1.9531,-0.3662,1,468,834,235
239101305,37099,-0.0254,-0.0347,1.0195,-2.0142,1.8921,-0.3052,1,480,853,235
239106304,37100,-0.0259,-0.0396,1.0195,-1.9531,1.7700,-0.4883,1,487,843,235
239111307,37101,-0.0259,-0.0420,1.0195,-1.8311,1.5869,-0.3662,1,473,850,235
239116307,37102,-0.0273,-0.0430,1.0181,-1.8311,1.5869,-0.1831,1,492,851,235
239121305,37103,-0.0278,-0.0410,1.0166,-1.7090,1.3428,-0.3662,1,478,849,235
239126308,37104,-0.0269,-0.0386,1.0166,-1.6479,1.4038,-0.1831,1,492,853,235
239131303,37105,-0.0254,-0.0361,1.0181,-1.5869,1.4648,0.0610,1,466,881,235
239136301,37106,-0.0239,-0.0361,1.0200,-1.7090,1.4038,0.0610,1,465,879,235
239141308,37107,-0.0259,-0.0356,1.0181,-1.7090,1.5869,0.1221,1,466,877,235
239146301,37108,-0.0259,-0.0352,1.0181,-1.7700,0.9766,0.3662,1,483,874,235
239151308,37109,-0.0269,-0.0366,1.0171,-2.0752,1.0986,0.4272,1,465,860,235
239156304,37110,-0.0288,-0.0366,1.0161,-2.0142,0.8545,0.3052,1,485,866,235
239161310,37111,-0.0229,-0.0415,1.0220,-2.3804,0.5493,0.3662,1,465,905,235
239166304,37112,-0.0229,-0.0459,1.0225,-1.7090,1.2207,0.3662,1,475,924,235
239171305,37113,-0.0264,-0.0449,1.0210,-1.7090,0.3052,0.5493,1,483,867,235
239176301,37114,-0.0264,-0.0435,1.0220,-1.4648,0.5493,0.3052,1,465,871,235
239181326,37115,-0.0264,-0.0425,1.0220,-1.3428,0.0610,0.3052,1,474,857,235
239186301,37116,-0.0244,-0.0420,1.0220,-1.2207,0.0610,0.2441,1,476,850,235
239191306,37117,-0.0225,-0.0415,1.0225,-1.0376,0.1221,0.2441,1,483,857,235
239196302,37118,-0.0225,-0.0415,1.0225,-0.9766,0.3662,0.1221,1,510,854,235
239201304,37119,-0.0239,-0.0400,1.0225,-0.8545,0.1831,0.1221,1,464,854,235
239206302,37120,-0.0239,-0.0386,1.0239,-0.7324,0.1221,0.1831,1,489,843,235
239211305,37121,-0.0234,-0.0400,1.0249,-0.7324,0.1221,0.0610,1,476,851,235
239216310,37122,-0.0239,-0.0400,1.0239,-0.6104,0.3052,0.2441,1,475,845,235
239221305,37123,-0.0254,-0.0391,1.0229,-0.6714,0.1831,0.1831,1,476,846,235
239226305,37124,-0.0244,-0.0396,1.0244,-0.8545,0.0610,0.3052,1,490,847,235
239231301,37125,-0.0215,-0.0400,1.0278,-0.6104,0.0000,0.3052,1,492,844,235
239236307,37126,-0.0205,-0.0391,1.0283,-0.8545,0.0610,0.3052,1,466,822,235
239241307,37127,-0.0220,-0.0391,1.0264,-0.8545,0.1221,0.3662,1,466,898,235
239246315,37128,-0.0234,-0.0405,1.0254,-0.9155,0.0610,0.4272,1,465,870,235
239251302,37129,-0.0244,-0.0415,1.0254,-0.9766,0.0000,0.3662,1,466,876,235
239256302,37130,-0.0259,-0.0430,1.0244,-0.8545,-0.1221,0.4883,1,484,822,235
239261306,37131,-0.0273,-0.0420,1.0234,-0.7324,-0.0610,0.4883,1,474,862,235
239266310,37132,-0.0269,-0.0415,1.0234,-0.8545,-0.3662,0.4883,1,484,812,235
239271307,37133,-0.0269,-0.0415,1.0220,-0.9155,-0.3052,0.5493,1,474,906,235
239276307,37134,-0.0273,-0.0405,1.0200,-0.7935,-0.6104,0.4883,1,479,866,235
239281307,37135,-0.0283,-0.0420,1.0190,-0.8545,-0.7324,0.4883,1,482,870,235
239286304,37136,-0.0283,-0.0449,1.0195,-0.6714,-0.9155,0.3662,1,480,877,235
239291305,37137,-0.0288,-0.0459,1.0195,-0.4272,-1.0986,0.3052,1,466,865,235
239296306,37138,-0.0283,-0.0459,1.0181,-0.2441,-1.4648,0.0610,1,508,859,235
239301306,37139,-0.0278,-0.0464,1.0171,0.0000,-1.5869,-0.0610,1,483,859,235
239306301,37140,-0.0278,-0.0474,1.0176,0.1831,-1.6479,-0.1221,1,511,708,235
239311308,37141,-0.0283,-0.0474,1.0166,0.4883,-1.9531,-0.3662,1,483,802,235
239316301,37142,-0.0298,-0.0464,1.0161,0.7935,-2.1362,-0.4272,1,477,865,235
239321308,37143,-0.0288,-0.0459,1.0176,1.1597,-2.2583,-0.6104,1,491,853,235
239326307,37144,-0.0249,-0.0454,1.0205,1.5259,-2.5024,-0.7324,1,472,871,235
239331302,37145,-0.0225,-0.0449,1.0225,1.7700,-2.5024,-0.8545,1,484,855,235
239336302,37146,-0.0205,-0.0435,1.0234,1.7700,-2.5635,-0.8545,1,473,848,235
239341308,37147,-0.0190,-0.0396,1.0244,1.8311,-2.5635,-0.7935,1,493,850,235
239346308,37148,-0.0190,-0.0352,1.0249,1.8921,-2.5024,-0.8545,1,466,878,235
239351310,37149,-0.0195,-0.0342,1.0244,1.8311,-2.3193,-0.7935,1,466,877,235
239356303,37150,-0.0200,-0.0376,1.0229,1.7090,-2.3193,-0.7324,1,466,882,235
239361309,37151,-0.0186,-0.0396,1.0215,1.7700,-2.3193,-0.6714,1,483,882,235
239366307,37152,-0.0156,-0.0376,1.0229,1.6479,-2.0752,-0.4272,1,465,867,235
239371305,37153,-0.0146,-0.0342,1.0259,1.4648,-1.8921,-0.1831,1,484,872,235
239376309,37154,-0.0151,-0.0347,1.0259,1.0986,-1.7090,-0.1221,1,477,910,235
239381302,37155,-0.0151,-0.0386,1.0234,1.0376,-1.5869,-0.0610,1,479,863,235
239386306,37156,-0.0146,-0.0405,1.0225,1.1597,-1.1597,0.0610,1,470,871,235
239391312,37157,-0.0161,-0.0400,1.0220,1.0376,-1.0376,0.2441,1,472,875,235
239396305,37158,-0.0195,-0.0386,1.0215,1.0376,-1.0376,0.2441,1,473,856,235
239401309,37159,-0.0195,-0.0376,1.0220,0.9155,-0.9766,0.3662,1,504,857,235
239406308,37160,-0.0166,-0.0386,1.0229,0.7935,-0.6104,0.6104,1,493,858,235
239411301,37161,-0.0137,-0.0396,1.0244,0.9766,-0.3662,0.7324,1,493,871,235
239416302,37162,-0.0137,-0.0415,1.0254,0.9766,-0.3662,0.6714,1,481,822,235
239421309,37163,-0.0161,-0.0425,1.0259,1.1597,-0.1831,0.7324,1,480,847,235
239426307,37164,-0.0195,-0.0420,1.0239,1.4038,-0.1831,0.6714,1,480,852,235
239431306,37165,-0.0220,-0.0420,1.0220,1.4648,-0.4272,0.3662,1,491,873,235
239436303,37166,-0.0215,-0.0425,1.0220,1.5869,-0.6104,0.3662,1,476,852,235
239441302,37167,-0.0200,-0.0425,1.0229,1.8311,-0.4883,0.1831,1,481,847,235
239446304,37168,-0.0205,-0.0420,1.0239,2.0142,-0.5493,0.2441,1,493,846,235
239451302,37169,-0.0229,-0.0405,1.0225,2.3193,-0.8545,0.1831,1,466,879,235
239456308,37170,-0.0273,-0.0386,1.0195,2.5024,-1.2207,-0.0610,1,466,882,235
239461307,37171,-0.0254,-0.0405,1.0205,2.4414,-1.7700,-0.1831,1,465,881,235
239466306,37172,-0.0181,-0.0435,1.0254,2.6855,-1.4038,-0.2441,1,483,881,235
239471303,37173,-0.0181,-0.0400,1.0254,2.9907,-1.0376,-0.4883,1,465,880,235
239476303,37174,-0.0210,-0.0376,1.0220,3.2349,-1.3428,-0.4272,1,484,861,235
239481307,37175,-0.0205,-0.0298,1.0269,2.9297,-1.7700,-0.4883,1,466,903,235
239486306,37176,-0.0190,-0.0298,1.0273,2.6855,-1.5259,-0.4883,1,474,918,235
239491302,37177,-0.0166,-0.0322,1.0293,2.5635,-1.8921,-0.4272,1,474,871,235
239496306,37178,-0.0161,-0.0298,1.0303,2.5635,-1.5869,-0.3052,1,480,881,235
239501320,37179,-0.0186,-0.0273,1.0273,2.0142,-1.7700,-0.2441,1,479,875,235
239506310,37180,-0.0195,-0.0283,1.0254,1.8921,-1.8311,-0.1831,1,465,861,235
239511309,37181,-0.0205,-0.0288,1.0244,1.5869,-2.1362,-0.1221,1,495,859,235
239516308,37182,-0.0195,-0.0293,1.0239,1.5259,-2.0142,-0.0610,1,491,867,235
239521301,37183,-0.0195,-0.0298,1.0229,1.3428,-2.4414,0.0000,1,494,858,235
239526301,37184,-0.0190,-0.0312,1.0220,1.1597,-2.5024,-0.0610,1,468,811,235
239531303,37185,-0.0161,-0.0332,1.0220,1.2817,-2.4414,-0.1221,1,477,884,235
239536305,37186,-0.0132,-0.0337,1.0249,1.2817,-2.3193,-0.1221,1,485,855,235
239541304,37187,-0.0112,-0.0303,1.0293,1.1597,-2.3193,-0.1831,1,490,853,235
239546309,37188,-0.0132,-0.0312,1.0283,1.2817,-2.1973,-0.1831,1,480,852,235
239551303,37189,-0.0166,-0.0327,1.0283,1.1597,-2.5635,-0.1221,1,473,881,235
239556303,37190,-0.0176,-0.0312,1.0283,1.0376,-2.6855,-0.1221,1,492,854,235
239561307,37191,-0.0176,-0.0303,1.0259,0.9155,-2.7466,-0.2441,1,466,903,235
239566308,37192,-0.0186,-0.0298,1.0249,0.8545,-2.8687,-0.2441,1,466,878,235
239571309,37193,-0.0190,-0.0293,1.0239,0.7324,-3.2349,-0.2441,1,466,881,235
239576303,37194,-0.0171,-0.0317,1.0239,0.7324,-3.5400,-0.2441,1,483,884,235
239581309,37195,-0.0171,-0.0347,1.0215,0.8545,-3.4790,-0.3662,1,466,872,235
239586301,37196,-0.0181,-0.0347,1.0186,0.9155,-3.6621,-0.4272,1,484,866,235
239591303,37197,-0.0166,-0.0337,1.0181,1.0376,-3.7231,-0.6714,1,478,907,235
239596310,37198,-0.0156,-0.0308,1.0171,1.0376,-3.7231,-0.6714,1,479,867,235
239601307,37199,-0.0171,-0.0303,1.0151,1.1597,-3.7842,-0.7324,1,476,872,235
239606311,37200,-0.0215,-0.0322,1.0132,1.1597,-3.9673,-0.9766,1,466,875,235
239611306,37201,-0.0239,-0.0327,1.0142,1.3428,-4.5166,-1.0376,1,483,858,235
239616301,37202,-0.0200,-0.0322,1.0186,1.3428,-5.0659,-1.2817,1,492,863,235
239621309,37203,-0.0151,-0.0312,1.0234,1.4038,-5.1880,-1.3428,1,483,862,235
239626306,37204,-0.0122,-0.0308,1.0273,1.2817,-5.5542,-1.4038,1,492,891,235
239631305,37205,-0.0107,-0.0322,1.0273,1.3428,-5.3711,-1.2817,1,464,835,235
239636305,37206,-0.0049,-0.0308,1.0293,1.4648,-5.9204,-1.2817,1,492,865,235
239641305,37207,-0.0029,-0.0312,1.0332,1.1597,-5.2490,-1.6479,1,480,848,235
239646309,37208,-0.0078,-0.0342,1.0327,1.4038,-5.7373,-1.3428,1,488,878,235
239651307,37209,-0.0049,-0.0317,1.0322,1.4038,-5.9814,-1.4038,1,485,853,235
239656303,37210,-0.0015,-0.0308,1.0347,0.9766,-5.2490,-1.5869,1,473,854,235
239661304,37211,-0.0005,-0.0312,1.0361,1.3428,-5.2490,-1.2207,1,492,843,235
239666304,37212,0.0015,-0.0244,1.0356,1.3428,-4.6387,-1.2207,1,466,900,235
239671309,37213,0.0020,-0.0210,1.0352,0.7935,-3.7231,-1.6479,1,466,877,235
239676304,37214,0.0005,-0.0259,1.0308,0.9155,-3.2349,-1.4648,1,466,876,235
239681308,37215,-0.0039,-0.0293,1.0254,1.0376,-2.2583,-1.7090,1,484,871,235
239686301,37216,-0.0122,-0.0283,1.0200,1.1597,-1.0376,-1.9531,1,465,864,235
239691305,37217,-0.0186,-0.0234,1.0137,1.2207,-0.9155,-2.1362,1,484,870,235
239696304,37218,-0.0303,-0.0244,1.0078,0.9155,0.6714,-2.6245,1,474,909,235
239701306,37219,-0.0537,-0.0312,0.9961,0.7324,1.1597,-2.1973,1,479,868,235
239706304,37220,-0.0654,-0.0303,0.9873,0.6714,0.5493,-1.4648,1,478,893,235
239711303,37221,-0.0518,-0.0405,0.9902,0.6714,0.7324,-1.4038,1,480,879,235
239716330,37222,-0.0620,-0.0366,0.9893,1.2817,3.4790,0.6104,1,466,858,235
239721304,37223,-0.0986,0.0112,0.9810,0.2441,-0.1831,1.3428,1,465,860,235
239726304,37224,-0.1060,0.0327,0.9790,-2.5635,-3.5400,0.5493,1,483,860,235
239731306,37225,-0.0737,-0.0073,0.9897,-3.9062,-6.4087,0.7324,1,509,863,235
239736304,37226,-0.0391,-0.0469,1.0024,-3.0518,-7.8125,1.0376,1,464,816,235
239741310,37227,-0.0449,-0.0444,1.0068,-3.6011,-9.1553,1.1597,1,490,841,235
239746304,37228,-0.0811,-0.0176,1.0039,-4.6387,-15.0146,0.4883,1,491,851,235
239751301,37229,-0.1270,-0.0054,0.9976,-5.7983,-23.0103,0.0000,1,477,865,235
239756307,37230,-0.1943,-0.0059,0.9736,-6.1646,-30.0293,0.7935,1,486,818,235
239761304,37231,-0.2744,-0.0010,0.9360,-6.8359,-42.6636,2.8687,1,490,863,235
239766303,37232,-0.3462,-0.0122,0.9009,-8.2397,-59.0210,5.4932,1,493,871,235
239771308,37233,-0.4155,-0.0293,0.8936,-9.3384,-77.8198,8.3618,1,466,895,235
239776307,37234,-0.4272,-0.0308,0.9165,-12.4512,-99.8535,11.5356,1,466,900,235
239781305,37235,-0.3853,-0.1079,0.9478,-14.9536,-113.0981,15.6250,1,466,943,235
239786301,37236,-0.3657,-0.2856,0.9595,-10.4370,-125.1831,23.6816,1,484,946,235
239791301,37237,-0.2876,-0.4629,0.9736,1.3428,-146.6675,35.8887,1,466,947,235
239796307,37238,-0.1367,-0.5762,1.0552,12.6343,-157.7148,51.2695,1,484,909,235
239801307,37239,-0.0483,-0.6333,1.1709,23.6206,-154.4800,67.3828,1,465,931,235
239806307,37240,-0.0454,-0.6646,1.2505,40.8936,-151.6724,83.6792,1,481,923,235
239811305,37241,-0.0464,-0.6875,1.2983,55.2368,-148.6206,99.6704,1,482,971,235
239816308,37242,-0.0269,-0.7153,1.3452,64.6973,-140.5029,116.3330,1,465,931,235
239821314,37243,0.0142,-0.7236,1.4111,70.6787,-131.0425,134.7656,1,465,927,235
239826302,37244,0.0698,-0.7129,1.4756,72.6929,-116.7602,152.9541,1,482,885,235
239831301,37245,0.0698,-0.6675,1.5249,72.8149,-97.1069,170.8374,1,492,919,235
239836303,37246,0.0308,-0.6118,1.5708,64.5752,-80.6274,189.1479,1,493,920,235
239841302,37247,0.0112,-0.5918,1.5903,58.1055,-61.5845,205.9326,1,494,935,235
239846305,37248,-0.0073,-0.5654,1.5547,54.9316,-42.8467,220.8252,1,490,940,235
239851303,37249,-0.0386,-0.5229,1.4609,51.1475,-27.0996,234.0088,1,490,866,235
239856303,37250,-0.0698,-0.4771,1.3301,48.7671,-15.5640,246.3379,1,489,922,235
239861303,37251,-0.0825,-0.4272,1.1860,47.6685,-7.2021,257.7515,1,475,906,235
239866307,37252,-0.0811,-0.3677,1.0444,46.7529,-0.6104,267.4561,1,483,915,235
239871310,37253,-0.0791,-0.2983,0.9170,45.3491,3.4180,275.8789,1,485,883,235
239876301,37254,-0.0762,-0.2231,0.8154,43.4570,5.3711,282.7759,1,492,896,235
239881305,37255,-0.0679,-0.1479,0.7441,40.5884,6.1035,287.9028,1,466,917,235
239886305,37256,-0.0586,-0.0825,0.7031,36.8652,6.2866,291.4429,1,466,919,235
239891310,37257,-0.0537,-0.0366,0.6885,32.6538,6.1646,293.8843,1,466,913,235
239896305,37258,-0.0488,-0.0068,0.6934,29.2969,6.0425,295.2881,1,483,914,235
239901305,37259,-0.0396,0.0107,0.7100,26.1841,6.2256,295.8984,1,466,908,235
239906307,37260,-0.0317,0.0171,0.7324,23.8647,7.2632,295.9595,1,484,910,235
239911305,37261,-0.0249,0.0098,0.7578,23.0713,8.3618,296.0205,1,465,860,235
239916305,37262,-0.0122,-0.0122,0.7842,23.2544,9.5215,296.1426,1,479,910,235
239921305,37263,-0.0010,-0.0376,0.8096,24.5361,11.3525,296.4478,1,481,905,235
239926307,37264,-0.0005,-0.0547,0.8384,25.5127,13.4888,297.2412,1,482,916,235
239931304,37265,0.0020,-0.0693,0.8794,25.6958,15.0757,298.1567,1,479,914,235
239936302,37266,0.0234,-0.0991,0.9282,26.0010,17.5781,299.4385,1,482,880,235
239941306,37267,0.0576,-0.1479,0.9678,27.2217,21.9116,301.0864,1,503,904,235
239946308,37268,0.0840,-0.2026,0.9854,28.5034,26.6113,303.2227,1,484,916,235
239951304,37269,0.0991,-0.2471,0.9844,28.9917,30.3955,306.0913,1,494,913,235
239956308,37270,0.1128,-0.2710,0.9780,28.5645,33.1421,309.0820,1,467,927,235
239961302,37271,0.1372,-0.2759,0.9751,27.4048,35.7666,311.7065,1,473,816,235
239966303,37272,0.1689,-0.2671,0.9756,25.8789,38.5742,313.9038,1,485,910,235
239971307,37273,0.1982,-0.2500,0.9746,24.1699,41.2598,315.0635,1,492,903,235
239976308,37274,0.2163,-0.2300,0.9707,22.5220,43.5181,314.8193,1,473,905,235
239981309,37275,0.2310,-0.2100,0.9702,21.2402,44.5557,313.5376,1,476,928,235
239986310,37276,0.2539,-0.1963,0.9751,20.3247,45.7153,311.0962,1,492,903,235
239991304,37277,0.2803,-0.1880,0.9800,20.5078,47.3022,307.6172,1,493,904,235
239996304,37278,0.3037,-0.1782,0.9746,21.3013,48.7061,303.1616,1,466,927,235
240001318,37279,0.3193,-0.1558,0.9512,22.5830,49.5605,297.1802,1,466,932,235
240006302,37280,0.3242,-0.1108,0.9170,23.1934,49.4995,289.5508,1,466,934,235
240011303,37281,0.3291,-0.0610,0.8916,21.3623,47.9736,280.2734,1,484,936,235
240016301,37282,0.3438,-0.0259,0.8892,18.7378,46.1426,269.5923,1,472,944,235
240021305,37283,0.3623,-0.0005,0.9087,15.6860,44.7388,258.0566,1,484,954,235
240026309,37284,0.3818,0.0229,0.9419,11.7187,43.7012,245.4223,1,476,867,235
240031301,37285,0.4004,0.0459,0.9824,7.3853,42.9687,231.8725,1,472,943,235
240036306,37286,0.4175,0.0679,1.0312,2.6245,42.1143,217.8345,1,477,911,235
240041305,37287,0.4443,0.0806,1.0898,-2.3804,41.7480,203.6743,1,474,940,235
240046332,37288,0.4795,0.0830,1.1436,-6.3477,43.0298,189.5141,1,475,920,235
240051309,37289,0.5049,0.0801,1.1689,-8.9722,45.4102,175.5371,1,471,920,235
240056305,37290,0.5151,0.0757,1.1597,-10.7422,47.3633,161.4990,1,492,894,235
240061303,37291,0.5190,0.0684,1.1289,-11.4746,48.9502,148.0103,1,465,922,235
240066308,37292,0.5244,0.0620,1.0825,-11.1694,49.8657,135.0708,1,493,933,235
240071309,37293,0.5269,0.0688,1.0244,-10.8643,49.8657,122.2534,1,471,941,235
240076301,37294,0.5239,0.0845,0.9663,-12.0850,48.4009,109.3140,1,475,873,235
240081303,37295,0.5200,0.0913,0.9321,-13.8550,46.0815,96.5576,1,485,929,235
240086303,37296,0.5166,0.0806,0.9312,-15.4419,42.7856,83.8013,1,480,911,235
240091308,37297,0.5229,0.0493,0.9536,-17.2729,39.2456,71.6553,1,482,905,235
240096306,37298,0.5503,-0.0029,0.9668,-18.1885,36.9873,60.7300,1,484,898,235
240101303,37299,0.5786,-0.0601,0.9360,-17.5781,36.4990,50.4150,1,488,886,235
240106304,37300,0.5791,-0.1104,0.8579,-16.9067,35.7056,40.8325,1,466,891,235
240111308,37301,0.5542,-0.1523,0.7490,-16.2964,32.7759,32.5317,1,466,923,235
240116304,37302,0.5151,-0.1851,0.6284,-16.7847,28.0762,25.1465,1,466,923,235
240121309,37303,0.4663,-0.2114,0.5220,-19.1650,21.2402,18.6768,1,484,928,235
240126304,37304,0.4180,-0.2388,0.4585,-23.6816,12.6343,13.2446,1,465,928,235
240131309,37305,0.3877,-0.2793,0.4609,-30.2124,3.9062,9.0942,1,484,940,235
240136302,37306,0.3813,-0.3418,0.5264,-37.2925,-3.4180,6.3477,1,465,845,235
240141301,37307,0.2773,-0.7842,0.8628,-43.2739,-6.8970,5.2490,1,482,925,235
240146302,37308,0.7324,-1.2998,1.6841,7.9346,-30.4565,8.7280,1,482,896,235
240151308,37309,1.4878,-1.1147,2.2871,105.4077,-6.8970,13.1836,1,465,906,235
240156303,37310,1.2827,-0.5503,2.0029,56.1523,73.7915,14.2822,1,479,931,235
240161310,37311,0.4546,-0.1313,1.2793,67.7490,74.7681,24.4141,1,466,938,235
240166303,37312,-0.0312,0.0703,0.9443,80.3223,62.6221,33.3862,1,505,906,235
240171308,37313,-0.0142,0.1909,1.1841,60.7300,75.4395,30.2734,1,466,934,235
240176310,37314,-0.0049,0.3594,1.3848,58.3496,83.1299,28.1372,1,494,924,235
240181304,37315,-0.2451,0.6069,1.2622,36.4990,84.0454,12.3291,1,473,934,235
240186309,37316,-0.4512,0.6655,0.9995,22.8271,59.7534,0.2441,1,476,866,235
240191304,37317,-0.4126,0.3154,0.8086,11.0474,45.3491,-7.0190,1,480,909,235
240196301,37318,-0.2485,-0.1299,0.8208,12.5122,35.2783,-6.2256,1,471,889,235
240201304,37319,-0.0884,-0.3105,0.9692,18.2495,28.5645,-0.3662,1,483,914,235
240206310,37320,-0.0747,-0.1523,1.0620,16.7236,25.4517,1.0376,1,487,886,235
240211304,37321,-0.2505,0.1753,0.9487,11.0474,17.1509,1.7700,1,492,886,235
240216309,37322,-0.3887,0.2935,0.8086,-5.3101,-1.6479,-0.3662,1,466,905,235
240221302,37323,-0.2837,0.1206,0.8262,-7.3242,-16.4185,-1.3428,1,466,878,235
240226306,37324,-0.0625,-0.0566,0.9312,-5.0659,-12.5122,1.2817,1,466,898,235
240231301,37325,0.0479,-0.1362,1.0176,-5.0049,-3.0518,-0.1221,1,483,905,235
240236303,37326,0.0254,-0.1226,1.0430,-1.3428,-1.2207,0.7935,1,465,864,235
240241307,37327,-0.0112,-0.0459,1.0547,-0.9766,-2.0752,1.0376,1,484,867,235
240246301,37328,0.0054,0.0015,1.0991,-3.2959,-0.6104,0.9155,1,465,899,235
240251302,37329,0.0283,-0.0112,1.1196,-3.7231,3.6621,1.6479,1,465,859,235
240256306,37330,-0.0117,-0.0405,1.0693,-3.4790,7.0190,1.2817,1,465,884,235
240261305,37331,-0.0806,-0.0513,1.0024,-3.0518,4.0894,1.2207,1,465,874,235
240266319,37332,-0.0688,-0.0684,0.9980,-1.9531,0.9155,0.7935,1,469,854,235
240271303,37333,-0.0376,-0.0615,1.0215,-0.4272,1.5259,0.7324,1,480,863,235
240276310,37334,-0.0283,-0.0386,1.0352,-0.4272,2.1973,0.4883,1,497,862,235
240281310,37335,-0.0366,-0.0337,1.0337,-0.9155,2.1362,0.4272,1,496,860,235
240286307,37336,-0.0488,-0.0439,1.0210,-0.4883,1.4648,0.4272,1,464,802,235
240291302,37337,-0.0508,-0.0454,1.0161,-0.1831,0.8545,0.3662,1,471,824,235
240296304,37338,-0.0415,-0.0400,1.0239,-0.1831,0.7935,0.3662,1,485,851,235
240301306,37339,-0.0342,-0.0356,1.0308,-0.1831,1.2207,0.4272,1,492,852,235
240306308,37340,-0.0366,-0.0386,1.0283,-0.3662,1.2817,0.3662,1,478,852,235
240311302,37341,-0.0449,-0.0439,1.0220,0.1221,0.9155,0.3052,1,487,857,235
240316308,37342,-0.0469,-0.0439,1.0210,0.3662,0.3052,0.3052,1,493,845,235
240321302,37343,-0.0444,-0.0400,1.0220,0.6104,0.1221,0.3052,1,493,838,235
240326303,37344,-0.0439,-0.0371,1.0215,0.6104,-0.1221,0.1221,1,466,865,235
240331304,37345,-0.0410,-0.0474,1.0181,0.7935,-0.5493,0.1221,1,466,871,235
240336309,37346,-0.0410,-0.0576,1.0107,1.8311,-0.4272,0.0000,1,484,870,235
240341307,37347,-0.0469,-0.0513,1.0078,2.3804,-0.9155,-0.1831,1,465,823,235
240346309,37348,-0.0503,-0.0415,1.0098,2.1973,-1.7090,-0.3052,1,484,864,235
240351306,37349,-0.0483,-0.0400,1.0146,2.3804,-2.1973,-0.4272,1,465,896,235
240356306,37350,-0.0420,-0.0464,1.0205,2.5635,-2.5024,-0.3662,1,474,922,235
240361305,37351,-0.0391,-0.0532,1.0210,2.8687,-2.6245,-0.2441,1,477,870,235
240366308,37352,-0.0391,-0.0474,1.0205,3.1738,-2.8687,0.0000,1,482,881,235
240371312,37353,-0.0327,-0.0347,1.0278,3.0518,-2.8687,0.2441,1,482,813,235
240376307,37354,-0.0283,-0.0283,1.0342,2.4414,-2.0142,0.3662,1,482,864,235
240381303,37355,-0.0356,-0.0293,1.0278,2.2583,-1.6479,0.3052,1,492,866,235
240386308,37356,-0.0454,-0.0342,1.0161,2.0752,-2.3193,0.3662,1,500,865,235
240391304,37357,-0.0454,-0.0415,1.0132,2.1362,-2.4414,0.3052,1,494,883,235
240396308,37358,-0.0376,-0.0449,1.0200,2.4414,-2.1362,0.3662,1,471,835,235
240401308,37359,-0.0322,-0.0439,1.0254,2.5635,-1.7700,0.3052,1,478,857,235
240406306,37360,-0.0342,-0.0430,1.0234,2.6245,-1.5259,0.3662,1,487,849,235
240411306,37361,-0.0396,-0.0400,1.0181,2.7466,-1.4038,0.3052,1,476,855,235
240416302,37362,-0.0415,-0.0327,1.0195,2.5635,-1.5259,0.3052,1,483,841,235
240421305,37363,-0.0381,-0.0273,1.0283,2.3193,-1.5869,0.2441,1,486,852,235
240426303,37364,-0.0303,-0.0283,1.0381,1.8311,-1.4648,0.2441,1,493,857,235
240431308,37365,-0.0259,-0.0303,1.0405,1.5869,-0.9155,0.2441,1,465,877,235
240436324,37366,-0.0273,-0.0273,1.0376,1.3428,-0.5493,0.4272,1,466,879,235
240441305,37367,-0.0293,-0.0254,1.0352,0.7324,-0.3052,0.5493,1,466,883,235
240446307,37368,-0.0317,-0.0303,1.0303,0.5493,0.0610,0.5493,1,466,873,235
240451305,37369,-0.0366,-0.0386,1.0215,0.5493,0.2441,0.4272,1,481,863,235
240456305,37370,-0.0400,-0.0405,1.0171,0.7935,-0.0610,0.4883,1,465,834,235
240461304,37371,-0.0371,-0.0322,1.0225,0.7935,-0.1221,0.4883,1,467,857,235
240466305,37372,-0.0327,-0.0244,1.0322,0.4272,0.1831,0.6104,1,469,865,235
240471302,37373,-0.0312,-0.0254,1.0366,0.1221,0.3052,0.6714,1,470,880,235
240476302,37374,-0.0327,-0.0283,1.0342,-0.0610,0.3052,0.7324,1,474,893,235
240481303,37375,-0.0347,-0.0288,1.0303,-0.3662,0.2441,0.7324,1,478,858,235
240486304,37376,-0.0376,-0.0249,1.0278,-0.6104,0.1221,0.7324,1,503,862,235
240491301,37377,-0.0400,-0.0225,1.0269,-1.0376,-0.0610,0.7324,1,511,857,235
240496309,37378,-0.0381,-0.0278,1.0269,-1.2817,-0.3662,0.7935,1,494,869,235
240501305,37379,-0.0356,-0.0337,1.0264,-1.1597,-0.3052,0.9155,1,464,813,235
240506301,37380,-0.0361,-0.0366,1.0234,-1.2207,-0.2441,0.9766,1,487,848,235
240511303,37381,-0.0366,-0.0371,1.0200,-1.1597,-0.5493,0.9155,1,477,855,235
240516307,37382,-0.0361,-0.0352,1.0176,-1.0376,-0.4272,0.9155,1,483,854,235
240521302,37383,-0.0371,-0.0327,1.0176,-1.0376,-0.3052,0.7935,1,476,850,235
240526303,37384,-0.0381,-0.0327,1.0210,-1.0376,-0.4272,0.8545,1,486,846,235
240531307,37385,-0.0396,-0.0342,1.0215,-0.9155,-0.3662,0.8545,1,488,844,235
240536302,37386,-0.0400,-0.0371,1.0190,-0.8545,-0.7324,0.7935,1,493,849,235
240541305,37387,-0.0396,-0.0396,1.0181,-0.6714,-0.8545,0.8545,1,466,876,235
240546304,37388,-0.0396,-0.0376,1.0195,-0.3662,-1.0376,0.7324,1,465,871,235
240551301,37389,-0.0386,-0.0356,1.0190,-0.3662,-1.2817,0.5493,1,483,879,235
240556301,37390,-0.0371,-0.0371,1.0171,-0.1221,-1.2817,0.4883,1,466,884,235
240561302,37391,-0.0356,-0.0386,1.0190,0.0000,-1.1597,0.4883,1,485,866,235
240566307,37392,-0.0352,-0.0366,1.0229,-0.1221,-1.2817,0.6104,1,465,821,235
240571301,37393,-0.0356,-0.0332,1.0234,-0.1221,-1.1597,0.4883,1,474,932,235
240576303,37394,-0.0352,-0.0322,1.0239,-0.3052,-1.2817,0.4883,1,482,869,235
240581303,37395,-0.0337,-0.0342,1.0269,-0.3662,-0.9766,0.4883,1,465,877,235
240586302,37396,-0.0317,-0.0366,1.0283,-0.4272,-0.7324,0.3662,1,465,856,235
240591307,37397,-0.0322,-0.0366,1.0264,-0.4883,-0.7935,0.4883,1,468,870,235
240596309,37398,-0.0361,-0.0376,1.0210,-0.6104,-0.7935,0.3662,1,482,859,235
240601303,37399,-0.0396,-0.0435,1.0166,-0.3052,-0.8545,0.4272,1,483,854,235
240606305,37400,-0.0405,-0.0420,1.0156,0.0610,-1.0376,0.4272,1,494,870,235
240611307,37401,-0.0386,-0.0376,1.0186,-0.1831,-1.2817,0.0610,1,464,855,235
240616302,37402,-0.0327,-0.0415,1.0225,-0.1221,-1.1597,-0.0610,1,490,820,235
240621304,37403,-0.0283,-0.0420,1.0259,0.1831,-0.9155,-0.0610,1,478,847,235
240626306,37404,-0.0283,-0.0386,1.0273,0.0610,-0.5493,-0.0610,1,473,850,235
240631306,37405,-0.0288,-0.0371,1.0283,-0.0610,-0.3662,-0.0610,1,478,850,235
240636305,37406,-0.0288,-0.0386,1.0278,-0.0610,0.0610,-0.1831,1,486,853,235
240641301,37407,-0.0293,-0.0410,1.0254,0.0000,0.4272,-0.3052,1,488,849,235
240646307,37408,-0.0293,-0.0415,1.0239,0.0000,0.6714,-0.2441,1,466,798,235
240651302,37409,-0.0303,-0.0400,1.0225,0.1221,1.0986,-0.3052,1,466,834,235
240656303,37410,-0.0337,-0.0400,1.0205,0.2441,1.1597,-0.3662,1,466,867,235
240661307,37411,-0.0361,-0.0400,1.0200,0.4272,1.1597,-0.4272,1,466,878,235
240666309,37412,-0.0347,-0.0405,1.0200,0.4272,1.1597,-0.5493,1,465,878,235
240671303,37413,-0.0361,-0.0396,1.0229,0.6104,1.1597,-0.6104,1,477,866,235
240676303,37414,-0.0356,-0.0371,1.0259,0.4883,0.7935,-0.7324,1,465,872,235
240681305,37415,-0.0366,-0.0366,1.0249,0.7324,1.2817,-0.8545,1,466,920,235
240686309,37416,-0.0376,-0.0391,1.0278,0.3052,0.5493,-0.7935,1,466,876,235
240691304,37417,-0.0337,-0.0435,1.0278,0.6104,0.6714,-0.6714,1,480,870,235
240696301,37418,-0.0347,-0.0405,1.0259,0.8545,0.4272,-0.6714,1,465,872,235
240701316,37419,-0.0361,-0.0371,1.0239,0.9766,0.1221,-0.7935,1,465,856,235
240706301,37420,-0.0376,-0.0405,1.0225,1.0376,0.0610,-0.7935,1,470,858,235
240711308,37421,-0.0400,-0.0396,1.0249,1.1597,-0.4272,-0.7935,1,506,853,235
240716301,37422,-0.0415,-0.0386,1.0249,1.0986,-0.8545,-0.9155,1,473,858,235
240721307,37423,-0.0410,-0.0439,1.0234,1.2817,-1.1597,-1.0376,1,465,806,235
240726307,37424,-0.0396,-0.0459,1.0215,1.7700,-1.5869,-1.0986,1,466,816,235
240731303,37425,-0.0356,-0.0459,1.0210,1.8921,-1.9531,-1.1597,1,487,859,235
240736306,37426,-0.0317,-0.0420,1.0249,2.3804,-1.9531,-1.0376,1,475,848,235
240741306,37427,-0.0322,-0.0386,1.0249,2.5024,-2.0142,-1.0376,1,478,873,235
240746305,37428,-0.0347,-0.0430,1.0225,2.7466,-2.3193,-1.1597,1,486,852,235
240751308,37429,-0.0356,-0.0400,1.0239,3.1128,-2.0752,-1.0986,1,491,852,235
240756303,37430,-0.0376,-0.0303,1.0244,3.3569,-2.2583,-1.3428,1,484,853,235
240761301,37431,-0.0366,-0.0308,1.0220,3.2349,-2.5024,-1.5259,1,493,857,235
240766305,37432,-0.0332,-0.0337,1.0205,3.6011,-2.3804,-1.4648,1,465,879,235
240771302,37433,-0.0283,-0.0347,1.0205,3.4180,-2.4414,-1.3428,1,466,881,235
240776308,37434,-0.0259,-0.0405,1.0234,3.5400,-2.3804,-1.2817,1,483,886,235
240781310,37435,-0.0225,-0.0342,1.0322,3.7842,-1.9531,-0.9766,1,466,880,235
240786303,37436,-0.0220,-0.0146,1.0337,3.4180,-1.1597,-1.2207,1,484,869,235
240791302,37437,-0.0239,-0.0127,1.0269,2.4414,-1.0376,-1.2207,1,466,907,235
240796301,37438,-0.0215,-0.0278,1.0244,2.4414,-0.8545,-1.0376,1,469,870,235
240801301,37439,-0.0220,-0.0371,1.0259,2.8076,-0.1221,-0.7324,1,472,870,235
240806309,37440,-0.0288,-0.0273,1.0278,2.6855,0.1221,-0.9155,1,473,878,235
240811321,37441,-0.0308,-0.0171,1.0283,1.7700,-0.0610,-1.0986,1,468,884,235
240816310,37442,-0.0298,-0.0215,1.0259,1.8311,0.7935,-1.0986,1,481,854,235
240821303,37443,-0.0293,-0.0317,1.0186,1.5259,0.3662,-1.0986,1,492,853,235
240826308,37444,-0.0190,-0.0415,1.0269,1.2207,0.2441,-0.4272,1,466,877,235
240831308,37445,-0.0190,-0.0298,1.0386,2.1362,1.1597,-0.3052,1,493,881,235
240836303,37446,-0.0288,-0.0068,1.0337,0.7324,1.6479,-0.7324,1,464,829,235
240841302,37447,-0.0303,-0.0239,1.0210,-0.3052,1.3428,-0.7935,1,492,865,235
240846305,37448,-0.0273,-0.0610,1.0142,0.0610,1.0376,0.3052,1,478,842,235
240851301,37449,-0.0234,-0.0386,1.0283,1.3428,1.7090,0.3662,1,485,841,235
240856303,37450,-0.0229,-0.0117,1.0298,-0.2441,2.1973,-0.3662,1,485,849,235
240861305,37451,-0.0317,-0.0366,1.0195,-1.2817,1.6479,0.5493,1,489,855,235
240866302,37452,-0.0308,-0.0527,1.0273,0.3662,1.2817,1.0376,1,487,861,235
240871302,37453,-0.0293,-0.0396,1.0278,0.1221,2.5024,0.7935,1,466,852,235
240876304,37454,-0.0376,-0.0137,1.0210,-0.6104,2.2583,0.8545,1,466,875,235
240881304,37455,-0.0371,-0.0132,1.0171,-0.7324,1.5869,0.9766,1,466,874,235
240886305,37456,-0.0327,-0.0352,1.0142,-0.8545,2.0142,1.0986,1,484,877,235
240891308,37457,-0.0308,-0.0381,1.0161,-0.3052,1.7090,1.0986,1,465,866,235
240896301,37458,-0.0337,-0.0288,1.0171,-0.8545,1.7700,1.0986,1,483,859,235
240901305,37459,-0.0386,-0.0264,1.0142,-1.1597,1.8921,0.9155,1,465,902,235
240906307,37460,-0.0376,-0.0293,1.0132,-0.7935,1.7090,0.9155,1,482,931,235
240911303,37461,-0.0352,-0.0273,1.0142,-0.6714,1.9531,0.7324,1,482,864,235
240916304,37462,-0.0396,-0.0288,1.0156,-0.5493,1.7700,0.6714,1,467,878,235
240921303,37463,-0.0400,-0.0264,1.0132,-0.3662,1.7700,0.4883,1,467,862,235
240926303,37464,-0.0405,-0.0215,1.0142,-0.7935,1.5869,0.2441,1,469,854,235
240931307,37465,-0.0391,-0.0264,1.0244,-0.9766,1.1597,0.1221,1,466,858,235
240936304,37466,-0.0293,-0.0298,1.0220,-0.3662,1.7700,0.1831,1,466,850,235
240941309,37467,-0.0312,-0.0420,1.0146,-1.0986,1.4648,0.0610,1,494,876,235
240946307,37468,-0.0332,-0.0503,1.0264,-0.9155,0.5493,0.7324,1,465,831,235
240951303,37469,-0.0332,-0.0288,1.0352,0.4272,1.8921,0.3052,1,476,861,235
240956303,37470,-0.0396,-0.0112,1.0195,-0.7324,2.0752,-0.1221,1,479,847,235
240961306,37471,-0.0420,-0.0254,1.0078,-1.2817,0.9766,-0.0610,1,490,849,235
240966308,37472,-0.0298,-0.0381,1.0229,-0.8545,0.7324,0.3052,1,475,844,235
240971301,37473,-0.0195,-0.0376,1.0249,0.0000,1.8921,0.2441,1,480,845,235
240976302,37474,-0.0308,-0.0376,1.0156,-1.0986,1.5869,0.6104,1,492,805,235
240981306,37475,-0.0396,-0.0220,1.0269,-0.4272,0.9155,0.7324,1,466,904,235
240986322,37476,-0.0405,-0.0078,1.0288,-0.4272,1.7700,0.0610,1,465,879,235
240991308,37477,-0.0435,-0.0176,1.0190,-1.7090,1.6479,-0.0610,1,466,876,235
240996307,37478,-0.0381,-0.0396,1.0186,-0.9766,0.9766,0.2441,1,484,875,235
241001306,37479,-0.0254,-0.0562,1.0132,-0.3662,1.7090,0.1221,1,470,860,235
241006304,37480,-0.0312,-0.0737,1.0073,-0.7935,0.9155,1.0376,1,484,861,235
241011306,37481,-0.0386,-0.0435,1.0322,0.6714,0.9155,1.5869,1,477,901,235
241016307,37482,-0.0425,0.0073,1.0347,0.9155,2.3804,0.0610,1,481,870,235
241021303,37483,-0.0562,-0.0049,1.0034,-1.4038,1.8921,-0.3662,1,483,870,235
241026309,37484,-0.0479,-0.0469,1.0049,-0.3052,-0.0610,0.1221,1,467,871,235
241031318,37485,-0.0278,-0.0645,1.0234,1.1597,1.2817,0.1221,1,465,845,235
241036305,37486,-0.0278,-0.0396,1.0205,1.4038,1.9531,-0.0610,1,482,861,235
241041307,37487,-0.0356,-0.0176,1.0142,0.6104,1.0376,-0.1831,1,510,862,235
241046309,37488,-0.0361,-0.0303,1.0200,0.4272,1.3428,-0.2441,1,483,872,235
241051306,37489,-0.0366,-0.0454,1.0210,1.4648,2.0752,0.1221,1,464,803,235
241056305,37490,-0.0386,-0.0405,1.0181,1.6479,1.8311,0.0610,1,481,821,235
241061307,37491,-0.0371,-0.0312,1.0205,1.4038,1.6479,-0.1221,1,482,843,235
241066303,37492,-0.0342,-0.0303,1.0234,1.4648,2.0752,0.0610,1,487,876,235
241071308,37493,-0.0352,-0.0317,1.0234,1.4648,2.2583,-0.1221,1,477,847,235
241076304,37494,-0.0347,-0.0283,1.0205,1.5259,2.3193,-0.2441,1,482,855,235
241081309,37495,-0.0376,-0.0322,1.0156,1.4038,2.3193,-0.4883,1,488,855,235
241086307,37496,-0.0366,-0.0449,1.0205,1.2817,1.9531,-0.3662,1,493,855,235
241091309,37497,-0.0317,-0.0469,1.0298,2.1362,2.5635,-0.2441,1,466,885,235
241096304,37498,-0.0366,-0.0366,1.0244,1.8921,3.1738,-0.1831,1,466,883,235
241101305,37499,-0.0410,-0.0210,1.0190,1.5869,2.3804,0.0000,1,483,887,235
241106308,37500,-0.0356,-0.0151,1.0244,1.0986,2.8076,-0.2441,1,466,765,235
241111303,37501,-0.0322,-0.0259,1.0249,0.8545,3.4790,-0.1221,1,484,877,235
241116309,37502,-0.0303,-0.0503,1.0151,1.0376,3.2959,0.3052,1,465,877,235
241121303,37503,-0.0288,-0.0562,1.0142,1.5259,3.4790,0.9766,1,476,858,235
241126307,37504,-0.0259,-0.0269,1.0327,1.5259,3.6011,0.8545,1,482,867,235
241131301,37505,-0.0278,-0.0034,1.0376,0.7935,5.2490,0.4272,1,482,864,235
241136301,37506,-0.0352,-0.0181,1.0186,-0.2441,5.3711,0.3052,1,469,860,235
241141301,37507,-0.0356,-0.0483,1.0054,0.1221,5.0049,1.0986,1,470,852,235
241146304,37508,-0.0396,-0.0522,1.0093,1.6479,5.5542,1.5869,1,491,855,235
241151303,37509,-0.0400,-0.0220,1.0269,0.8545,5.5542,1.3428,1,466,863,235
241156303,37510,-0.0337,0.0010,1.0352,0.1221,6.5308,0.7935,1,494,871,235
241161303,37511,-0.0317,-0.0239,1.0190,-0.6714,6.9580,1.2207,1,467,807,235
241166305,37512,-0.0396,-0.0571,1.0015,0.6104,6.6528,2.0142,1,476,864,235
241171301,37513,-0.0503,-0.0347,1.0039,1.4038,6.7139,1.6479,1,483,847,235
241176306,37514,-0.0615,0.0054,1.0024,0.6714,6.7749,0.4883,1,473,870,235
241181301,37515,-0.0674,-0.0049,0.9888,-0.6714,5.7373,0.3052,1,478,845,235
241186303,37516,-0.0581,-0.0361,0.9927,0.1831,4.8218,0.5493,1,491,842,235
241191306,37517,-0.0420,-0.0508,1.0024,0.9766,5.1270,0.6714,1,486,855,235
241196301,37518,-0.0405,-0.0347,1.0112,0.8545,5.3711,1.0986,1,493,843,235
241201319,37519,-0.0488,-0.0010,1.0205,0.6714,4.6387,0.5493,1,466,876,235
241206302,37520,-0.0557,0.0029,1.0137,-1.1597,4.4556,-0.1221,1,465,873,235
241211307,37521,-0.0640,-0.0176,1.0029,-1.4648,3.6011,0.1831,1,484,871,235
241216303,37522,-0.0615,-0.0269,1.0088,-1.4038,2.1973,0.4272,1,469,868,235
241221302,37523,-0.0522,-0.0220,1.0249,-2.0142,1.9531,0.3662,1,465,830,235
241226302,37524,-0.0493,-0.0171,1.0303,-2.2583,1.7700,0.3662,1,483,910,235
241231306,37525,-0.0532,-0.0298,1.0171,-2.7466,1.0986,0.3052,1,466,869,235
241236305,37526,-0.0640,-0.0381,1.0024,-2.4414,0.1831,0.8545,1,482,873,235
241241303,37527,-0.0752,-0.0239,0.9995,-2.3193,-0.9155,0.5493,1,465,877,235
241246326,37528,-0.0757,-0.0186,1.0044,-3.4790,-2.4414,0.2441,1,472,868,235
241251308,37529,-0.0645,-0.0273,1.0117,-3.2349,-3.2959,0.3052,1,472,862,235
241256302,37530,-0.0571,-0.0303,1.0166,-2.9907,-3.7842,0.1831,1,507,860,235
241261307,37531,-0.0620,-0.0259,1.0142,-3.4180,-4.2725,0.0610,1,466,882,235
241266307,37532,-0.0649,-0.0234,1.0142,-3.8452,-5.5542,0.0610,1,494,875,235
241271301,37533,-0.0562,-0.0259,1.0239,-3.9673,-5.9204,-0.1221,1,470,833,235
241276307,37534,-0.0469,-0.0288,1.0317,-4.0283,-5.7983,-0.3052,1,485,850,235
241281309,37535,-0.0449,-0.0283,1.0332,-4.2725,-6.0425,-0.4272,1,485,852,235
241286307,37536,-0.0435,-0.0298,1.0347,-4.7607,-6.5308,-0.3052,1,490,856,235
241291303,37537,-0.0410,-0.0361,1.0366,-4.6997,-6.5918,-0.3662,1,492,845,235
241296310,37538,-0.0405,-0.0410,1.0366,-4.4556,-6.3477,-0.6714,1,479,859,235
241301304,37539,-0.0425,-0.0444,1.0332,-4.2725,-6.3477,-0.8545,1,493,852,235
241306303,37540,-0.0444,-0.0444,1.0278,-3.9673,-6.4087,-0.7935,1,466,881,235
241311302,37541,-0.0439,-0.0439,1.0244,-3.6621,-6.4087,-0.9155,1,466,883,235
241316301,37542,-0.0410,-0.0449,1.0254,-3.2959,-6.5918,-0.9766,1,466,890,235
241321302,37543,-0.0347,-0.0449,1.0303,-3.0518,-6.2866,-1.0376,1,466,878,235
241326306,37544,-0.0317,-0.0464,1.0312,-2.8076,-5.5542,-1.1597,1,484,867,235
241331309,37545,-0.0347,-0.0493,1.0259,-2.2583,-5.2490,-1.1597,1,465,900,235
241336307,37546,-0.0376,-0.0503,1.0215,-1.8921,-5.0659,-1.2207,1,482,912,235
241341304,37547,-0.0366,-0.0488,1.0215,-1.5869,-4.9438,-1.4038,1,467,863,235
241346301,37548,-0.0337,-0.0479,1.0239,-1.0986,-4.5776,-1.5869,1,475,886,235
241351309,37549,-0.0298,-0.0464,1.0264,-0.6104,-4.2114,-1.4648,1,479,839,235
241356312,37550,-0.0264,-0.0464,1.0283,-0.2441,-3.4180,-1.5259,1,476,860,235
241361302,37551,-0.0254,-0.0454,1.0288,0.2441,-2.8687,-1.4648,1,470,862,235
241366308,37552,-0.0254,-0.0430,1.0288,0.4883,-2.4414,-1.4648,1,511,867,235
241371302,37553,-0.0229,-0.0435,1.0308,0.6714,-1.7090,-1.4648,1,471,881,235
241376308,37554,-0.0200,-0.0449,1.0337,1.0986,-0.9766,-1.3428,1,493,772,235
241381307,37555,-0.0205,-0.0420,1.0322,1.4648,-0.1221,-1.2817,1,488,855,235
241386305,37556,-0.0234,-0.0356,1.0308,1.4648,0.3662,-1.2207,1,474,853,235
241391306,37557,-0.0264,-0.0347,1.0298,1.5259,0.7935,-1.1597,1,477,852,235
241396307,37558,-0.0278,-0.0371,1.0264,1.6479,1.5259,-1.0986,1,484,871,235
241401302,37559,-0.0293,-0.0386,1.0239,1.7090,1.8921,-1.1597,1,492,855,235
241406307,37560,-0.0322,-0.0386,1.0220,1.9531,2.3193,-1.0376,1,479,845,235
241411302,37561,-0.0347,-0.0371,1.0205,2.1362,2.5024,-1.0986,1,493,854,235
241416306,37562,-0.0322,-0.0356,1.0205,2.2583,2.5024,-1.0986,1,466,886,235
241421302,37563,-0.0293,-0.0337,1.0215,2.3193,3.1128,-1.0376,1,466,889,235
241426303,37564,-0.0312,-0.0327,1.0225,2.1973,3.3569,-0.9766,1,483,880,235
241431301,37565,-0.0356,-0.0347,1.0239,2.2583,2.9907,-0.9155,1,465,907,235
241436302,37566,-0.0361,-0.0356,1.0249,2.4414,2.8687,-0.9155,1,484,876,235
241441307,37567,-0.0342,-0.0327,1.0249,2.3193,3.1738,-0.7935,1,465,889,235
241446301,37568,-0.0342,-0.0312,1.0234,2.2583,3.4180,-0.6714,1,473,914,235
241451304,37569,-0.0356,-0.0332,1.0225,2.0142,3.4180,-0.8545,1,479,898,235
241456304,37570,-0.0352,-0.0337,1.0229,2.1362,3.4790,-0.6714,1,477,870,235
241461308,37571,-0.0371,-0.0317,1.0215,2.1362,3.9673,-0.5493,1,477,837,235
241466316,37572,-0.0425,-0.0303,1.0176,1.9531,3.9062,-0.4883,1,473,869,235
241471304,37573,-0.0464,-0.0327,1.0156,1.7700,3.6011,-0.4272,1,465,857,235
241476309,37574,-0.0449,-0.0356,1.0176,2.0752,3.3569,-0.4883,1,511,859,235
241481306,37575,-0.0405,-0.0366,1.0205,2.0142,3.4180,-0.4883,1,474,880,235
241486304,37576,-0.0386,-0.0342,1.0200,2.0142,3.4790,-0.4883,1,493,877,235
241491303,37577,-0.0396,-0.0322,1.0190,2.1973,3.4790,-0.5493,1,491,799,235
241496303,37578,-0.0405,-0.0352,1.0190,2.3193,3.2959,-0.5493,1,492,866,235
241501302,37579,-0.0420,-0.0376,1.0186,2.4414,3.3569,-0.6104,1,479,854,235
241506307,37580,-0.0444,-0.0371,1.0181,2.6245,3.1128,-0.7935,1,490,872,235
241511302,37581,-0.0459,-0.0356,1.0181,2.7466,2.9907,-0.7935,1,471,854,235
241516306,37582,-0.0459,-0.0342,1.0186,2.9297,2.8687,-0.7935,1,480,849,235
241521306,37583,-0.0459,-0.0327,1.0181,3.0518,2.6855,-0.7935,1,493,848,235
241526309,37584,-0.0464,-0.0337,1.0156,3.2349,2.6245,-1.0376,1,466,876,235
241531309,37585,-0.0474,-0.0371,1.0122,3.4790,2.6245,-1.0986,1,466,879,235
241536306,37586,-0.0503,-0.0415,1.0083,4.0894,2.5635,-1.2817,1,483,888,235
241541303,37587,-0.0557,-0.0444,1.0039,4.6997,2.0752,-1.6479,1,465,869,235
241546309,37588,-0.0620,-0.0464,0.9980,5.6152,1.2817,-1.9531,1,484,873,235
241551303,37589,-0.0669,-0.0513,0.9932,6.7139,0.1221,-2.2583,1,466,912,235
241556310,37590,-0.0654,-0.0542,0.9917,7.9346,-1.0376,-2.6855,1,477,866,235
241561303,37591,-0.0576,-0.0527,0.9980,9.2773,-1.9531,-3.1738,1,472,877,235
241566303,37592,-0.0493,-0.0444,1.0088,10.2539,-2.3804,-3.6011,1,481,882,235
241571312,37593,-0.0469,-0.0332,1.0186,10.3760,-2.8076,-3.8452,1,467,876,235
241576301,37594,-0.0488,-0.0161,1.0249,9.9487,-3.9673,-3.9673,1,482,881,235
241581302,37595,-0.0469,0.0034,1.0293,9.0332,-4.6387,-4.0283,1,511,871,235
241586305,37596,-0.0479,0.0049,1.0264,7.6294,-5.0659,-4.2114,1,477,876,235
241591302,37597,-0.0566,-0.0034,1.0137,7.2632,-6.1646,-4.2725,1,493,876,235
241596304,37598,-0.0649,-0.0117,1.0000,6.8359,-7.5073,-4.3945,1,465,825,235
241601303,37599,-0.0679,-0.0190,0.9941,6.7749,-8.4839,-4.3945,1,491,865,235
241606307,37600,-0.0693,-0.0171,0.9951,6.7139,-9.6436,-4.4556,1,478,859,235
241611301,37601,-0.0728,-0.0112,0.9956,6.3477,-10.7422,-4.8828,1,483,874,235
241616310,37602,-0.0903,-0.0151,0.9888,6.1646,-11.9629,-5.3711,1,473,873,235
241621305,37603,-0.1323,-0.0269,0.9697,6.2256,-14.7705,-5.3101,1,471,868,235
241626301,37604,-0.1597,-0.0288,0.9541,6.2256,-21.1182,-4.3945,1,492,874,235
241631306,37605,-0.1509,-0.0254,0.9482,6.4697,-25.2075,-4.2725,1,466,906,235
241636307,37606,-0.1465,-0.0249,0.9404,6.7749,-28.3813,-4.0894,1,466,901,235
241641309,37607,-0.1636,0.0083,0.9453,7.0801,-33.6914,-3.9062,1,483,907,235
241646302,37608,-0.1631,0.0474,0.9619,4.8218,-40.0391,-5.1270,1,465,893,235
241651304,37609,-0.1440,0.0518,0.9814,2.3193,-43.9453,-6.1035,1,484,874,235
241656305,37610,-0.1147,0.0591,1.0142,0.1831,-49.5605,-6.1035,1,465,849,235
241661307,37611,-0.0439,0.0562,1.0605,-3.9673,-52.7344,-6.8359,1,481,928,235
241666305,37612,0.0376,0.0171,1.0947,-6.5918,-50.2930,-7.4463,1,480,893,235
241671309,37613,0.0562,-0.0166,1.0923,-6.1646,-46.4478,-7.5684,1,467,886,235
241676304,37614,0.0249,-0.0337,1.0732,-7.0801,-46.2036,-7.3853,1,465,898,235
241681310,37615,-0.0044,-0.0327,1.0659,-5.7983,-45.7153,-7.5684,1,472,880,235
241686305,37616,0.0151,-0.0298,1.0742,-6.6528,-46.1426,-7.2632,1,466,887,235
241691303,37617,0.0508,-0.0449,1.0771,-5.6763,-42.1143,-7.1411,1,466,887,235
241696306,37618,0.0391,-0.0498,1.0615,-4.6997,-42.1143,-7.3242,1,472,900,235
241701303,37619,0.0078,-0.0342,1.0420,-3.7842,-43.4570,-7.3242,1,494,903,235
241706308,37620,0.0039,-0.0215,1.0366,-3.2349,-45.5933,-7.2021,1,490,796,235
241711310,37621,0.0093,-0.0269,1.0361,-2.2583,-44.3726,-8.3008,1,490,871,235
241716308,37622,-0.0244,-0.0352,1.0356,-1.3428,-44.1894,-8.6060,1,476,866,235
241721306,37623,-0.0415,-0.0464,1.0371,-0.1221,-49.2554,-7.5073,1,483,874,235
241726303,37624,-0.0205,-0.0518,1.0366,1.5869,-50.2319,-7.0801,1,484,870,235
241731308,37625,0.0010,-0.0405,1.0361,2.2583,-51.6968,-6.7139,1,471,868,235
241736308,37626,0.0244,-0.0225,1.0347,2.8687,-54.5654,-5.6763,1,494,867,235
241741307,37627,0.0625,-0.0122,1.0317,3.2959,-56.8237,-5.1880,1,466,900,235
241746303,37628,0.0664,-0.0083,1.0283,3.6621,-55.9692,-6.5308,1,466,904,235
241751302,37629,-0.0063,-0.0044,1.0229,2.3804,-58.5937,-7.9346,1,484,903,235
241756309,37630,-0.0977,-0.0176,1.0234,0.9155,-66.5894,-9.0942,1,467,895,235
241761301,37631,-0.1768,-0.0249,1.0288,-0.0610,-76.6602,-9.8267,1,484,882,235
241766302,37632,-0.2554,0.0044,1.0420,-2.4414,-91.8579,-12.4512,1,475,892,235
241771310,37633,-0.3267,0.0361,1.0645,-7.2632,-111.8774,-14.4043,1,478,944,235
241776304,37634,-0.2915,0.0586,1.0913,-12.0850,-132.8125,-13.8550,1,474,915,235
241781305,37635,0.0073,0.0386,1.0991,-15.3198,-153.8086,-11.7798,1,481,927,235
241786318,37636,0.2017,0.0156,1.0830,-15.0146,-150.8179,-13.7939,1,465,885,235
241791332,37637,-0.2104,0.0352,1.1138,-21.5454,-160.0952,-22.6440,1,475,932,235
241796302,37638,-0.9619,-0.0361,1.2891,-28.3203,-205.6274,-26.6113,1,478,919,235
241801302,37639,-1.2070,-0.0967,1.4580,-21.3623,-282.7759,-19.9585,1,466,946,235
241806304,37640,-1.2134,-0.0498,1.5630,-26.1230,-324.6460,-15.9912,1,494,930,235
241811309,37641,-0.9507,0.1377,1.5762,-35.2783,-396.1792,-17.0898,1,466,948,235
241816308,37642,0.0542,0.1343,1.3555,-57.5561,-480.5298,-14.4043,1,490,826,235
241821305,37643,0.3140,-0.2305,1.4497,-59.6924,-427.9785,-29.1748,1,478,892,235
241826308,37644,-0.6631,-0.4932,2.0210,-39.0015,-452.4536,-39.0625,1,481,919,235
241831302,37645,-1.4941,-0.4219,2.3462,-15.8691,-538.1470,-36.5601,1,486,891,235
241836305,37646,-1.5337,-0.3433,2.2227,-19.2871,-581.2988,-37.0483,1,478,907,235
241841305,37647,-1.1528,-0.3511,1.8594,7.4463,-618.3472,-31.9214,1,492,902,235
241846309,37648,-0.8804,-0.3364,1.4194,34.4238,-641.8457,-30.1514,1,466,918,235
241851308,37649,-0.8481,-0.4917,1.0859,48.2788,-667.2363,-38.3301,1,466,934,235
241856305,37650,-0.8428,-0.6763,0.8076,93.5059,-700.5004,-37.7197,1,465,938,235
241861302,37651,-0.6865,-0.7397,0.5059,137.5122,-730.0414,-30.1514,1,465,931,235
241866304,37652,-0.5015,-0.6621,0.2554,159.7290,-747.5585,-32.4097,1,484,943,235
241871307,37653,-0.2104,-0.2891,0.2588,160.5225,-802.7343,-32.9590,1,465,925,235
241876306,37654,4.0000,-0.5293,2.7612,48.7061,-758.9721,-7.1411,1,470,880,235
241881308,37655,4.3638,-1.4873,4.5420,65.3687,-313.5376,-54.1382,1,472,967,235
241886310,37656,2.0869,-1.2485,5.6851,70.7397,-156.6772,-39.4287,1,477,927,235
241891305,37657,0.1855,-0.5962,5.5405,31.2500,-104.4311,-22.9492,1,479,932,235
241896307,37658,-0.5249,-0.4414,4.5874,-1.4038,2.3804,-36.8652,1,465,903,235
241901301,37659,-0.6611,-0.7393,3.5098,-1.6479,79.2847,-34.1797,1,478,888,235
241906304,37660,-0.7266,-1.0034,2.5786,18.4326,125.2441,-25.9399,1,510,891,235
241911306,37661,-0.8979,-1.0181,1.8037,23.9868,157.0435,-19.2261,1,471,948,235
241916303,37662,-1.1406,-0.8638,1.1729,36.2549,164.0014,-13.0005,1,493,925,235
241921309,37663,-1.3281,-0.6523,0.7104,45.0439,151.3672,-9.3994,1,490,929,235
241926305,37664,-1.3784,-0.4756,0.4814,45.1660,131.8359,-9.2163,1,489,852,235
241931305,37665,-1.2690,-0.3711,0.4761,44.5557,111.2060,-8.9722,1,473,900,235
241936310,37666,-1.0581,-0.3257,0.5884,40.8936,104.3091,-9.8267,1,479,892,235
241941307,37667,-0.8862,-0.3081,0.7163,34.5459,109.9243,-12.2070,1,485,911,235
241946304,37668,-0.8110,-0.2988,0.8174,27.3437,116.4551,-13.9160,1,471,912,235
241951310,37669,-0.7808,-0.3022,0.8979,18.9209,123.7793,-15.4419,1,493,916,235
241956314,37670,-0.7476,-0.3311,0.9771,9.2773,133.5449,-16.3574,1,466,933,235
241961303,37671,-0.7114,-0.3813,1.0591,1.0376,145.0195,-15.9912,1,466,912,235
241966301,37672,-0.6787,-0.4390,1.1426,-5.9814,156.4331,-14.0991,1,483,921,235
241971308,37673,-0.6309,-0.5059,1.2310,-11.7187,168.1518,-10.8032,1,471,928,235
241976301,37674,-0.5552,-0.5801,1.3232,-15.3198,182.3120,-5.6152,1,484,941,235
241981305,37675,-0.4697,-0.6519,1.3999,-16.4795,199.2187,1.2207,1,482,870,235
241986302,37676,-0.4043,-0.7056,1.4380,-15.5640,217.2851,9.2773,1,465,965,235
241991302,37677,-0.3677,-0.7280,1.4268,-13.1226,233.5815,18.1885,1,470,916,235
241996303,37678,-0.3457,-0.7129,1.3760,-10.3149,247.8638,27.3437,1,477,936,235
242001311,37679,-0.3145,-0.6646,1.3101,-9.4604,259.0942,36.8042,1,481,948,235
242006307,37680,-0.2681,-0.5908,1.2490,-10.5591,269.5923,45.4712,1,473,889,235
242011306,37681,-0.2207,-0.4976,1.1948,-13.7939,278.2593,52.9785,1,510,914,235
242016310,37682,-0.1802,-0.3931,1.1470,-18.7988,284.6680,59.0820,1,473,946,235
242021301,37683,-0.1431,-0.2871,1.1133,-25.5127,288.9404,63.4766,1,493,926,235
242026303,37684,-0.0952,-0.1895,1.1035,-33.9355,291.8701,66.4673,1,476,891,235
242031301,37685,-0.0430,-0.1113,1.1162,-43.2739,295.0439,68.4814,1,475,878,235
242036306,37686,0.0005,-0.0557,1.1440,-52.0630,297.9126,69.8853,1,483,909,235
242041307,37687,0.0347,-0.0210,1.1841,-59.3872,299.9878,70.6787,1,484,890,235
242046308,37688,0.0669,-0.0044,1.2393,-64.8804,301.5747,71.2891,1,491,918,235
242051303,37689,0.1016,0.0005,1.3066,-68.1152,302.8564,72.0825,1,474,881,235
242056301,37690,0.1377,0.0010,1.3833,-69.2139,304.2603,72.7539,1,493,885,235
242061310,37691,0.1758,0.0049,1.4678,-69.3970,305.8472,73.6084,1,465,913,235
242066309,37692,0.2207,0.0117,1.5605,-68.8477,307.6782,74.6460,1,466,912,235
242071307,37693,0.2700,0.0225,1.6567,-67.6270,311.1572,75.6836,1,483,923,235
242076302,37694,0.3140,0.0376,1.7476,-65.5518,315.1245,76.5381,1,465,923,235
242081306,37695,0.3535,0.0591,1.8276,-62.6221,318.9087,77.2095,1,484,919,235
242086309,37696,0.3931,0.0869,1.8892,-59.4482,323.9135,77.2705,1,465,866,235
242091305,37697,0.4243,0.1201,1.9248,-56.7017,329.8340,76.4160,1,466,935,235
242096309,37698,0.4360,0.1602,1.9341,-54.5654,335.0219,75.2563,1,470,928,235
242101306,37699,0.4316,0.2085,1.9287,-53.9551,338.6841,73.4863,1,469,925,235
242106307,37700,0.4253,0.2559,1.9297,-54.9316,340.6372,71.1060,1,476,925,235
242111305,37701,0.4302,0.2861,1.9468,-56.4575,341.6748,68.3594,1,477,930,235
242116308,37702,0.4458,0.2930,1.9766,-57.4341,342.7734,65.3076,1,476,917,235
242121308,37703,0.4565,0.2798,2.0107,-57.1289,343.8110,62.1338,1,466,938,235
242126308,37704,0.4546,0.2568,2.0479,-55.8472,344.1772,59.0820,1,493,947,235
242131303,37705,0.4536,0.2329,2.0977,-53.8330,343.4448,55.9692,1,493,945,235
242136307,37706,0.4707,0.2100,2.1709,-51.5747,342.5293,52.8564,1,492,949,235
242141301,37707,0.5054,0.1855,2.2627,-49.8047,342.7734,49.5605,1,473,939,235
242146307,37708,0.5586,0.1562,2.3623,-48.5229,343.6889,46.1426,1,489,917,235
242151303,37709,0.6343,0.1187,2.4536,-47.6685,346.0083,42.5415,1,492,952,235
242156307,37710,0.7314,0.0723,2.5151,-47.2412,350.3418,39.5508,1,479,936,235
242161310,37711,0.8330,0.0239,2.5278,-46.7529,357.1777,36.9873,1,471,907,235
242166307,37712,0.9136,-0.0117,2.4839,-46.2646,363.2202,34.9121,1,493,917,235
242171302,37713,0.9751,-0.0317,2.3979,-47.1802,366.7602,33.1421,1,466,939,235
242176301,37714,1.0391,-0.0415,2.2974,-49.3164,367.3706,32.1045,1,466,934,235
242181310,37715,1.1216,-0.0459,2.1982,-51.9409,365.6616,31.5552,1,465,932,235
242186304,37716,1.2168,-0.0488,2.0986,-54.9316,362.4267,31.0059,1,480,945,235
242191310,37717,1.3091,-0.0576,1.9912,-57.5561,356.7505,30.6396,1,465,935,235
242196308,37718,1.3955,-0.0757,1.8730,-60.0586,348.4497,31.1279,1,470,888,235
242201305,37719,1.4814,-0.1021,1.7476,-62.0117,338.4399,31.9824,1,475,970,235
242206307,37720,1.5728,-0.1318,1.6138,-62.8052,326.3549,33.5693,1,482,936,235
242211301,37721,1.6675,-0.1689,1.4678,-63.3545,312.8662,35.7056,1,481,938,235
242216325,37722,1.7524,-0.2192,1.3120,-62.6221,298.5229,38.3911,1,467,931,235
242221307,37723,1.8218,-0.2671,1.1611,-60.6079,282.4097,41.9311,1,465,920,235
242226308,37724,1.8911,-0.2915,1.0269,-57.7393,264.4653,45.7764,1,511,918,235
242231307,37725,1.9766,-0.2754,0.9067,-54.8706,245.7275,49.0112,1,466,942,235
242236306,37726,2.0781,-0.2109,0.7944,-52.4902,227.1118,51.0254,1,494,946,235
242241304,37727,2.1895,-0.1089,0.6841,-51.0254,208.0688,51.0864,1,474,946,235
242246303,37728,2.3105,0.0093,0.5684,-50.1709,187.8662,48.8892,1,487,869,235
242251308,37729,2.4380,0.1235,0.4443,-48.9502,168.2129,43.9453,1,474,904,235
242256303,37730,2.5552,0.2188,0.3101,-47.6685,148.9258,36.7432,1,478,919,235
242261305,37731,2.6465,0.2817,0.1616,-44.7388,128.0518,28.4424,1,490,927,235
242266302,37732,2.7065,0.2979,0.0044,-39.7949,104.7363,19.4702,1,488,910,235
242271308,37733,2.7349,0.2617,-0.1484,-31.7383,78.7354,11.2305,1,493,898,235
242276315,37734,2.7271,0.1904,-0.2783,-20.3857,50.3540,4.3335,1,466,934,235
242281304,37735,2.6851,0.1069,-0.3657,-6.5918,19.4092,-0.7935,1,466,921,235
242286305,37736,2.6157,0.0244,-0.3970,7.9346,-13.0615,-4.5776,1,483,892,235
242291308,37737,2.5293,-0.0498,-0.3643,21.9727,-45.6543,-6.8359,1,468,910,235
242296304,37738,2.4390,-0.1147,-0.2627,32.4707,-76.4771,-7.6904,1,484,924,235
242301308,37739,2.4131,-0.2065,-0.1714,38.5742,-106.9336,-8.4229,1,474,902,235
242306301,37740,2.4321,-0.1694,-1.0298,59.6924,-232.4829,-9.6436,1,471,947,235
242311305,37741,1.5386,-0.1504,-2.0435,67.5049,-403.8086,-8.5449,1,479,922,235
242316309,37742,0.1045,-0.6006,-1.2876,24.3530,-411.2549,-20.6909,1,474,912,235
242321305,37743,-0.4033,-0.9683,0.4927,60.5469,-317.1997,-6.3477,1,475,927,235
242326322,37744,-0.4731,-1.0542,1.7271,57.9224,-344.4214,3.1128,1,482,898,235
242331307,37745,-0.7939,-1.6528,2.2148,38.2080,-356.0180,3.1128,1,482,906,235
242336307,37746,-0.7739,-2.1880,2.1211,103.4546,-377.7466,32.5928,1,510,907,235
242341304,37747,-0.1753,-1.6152,1.4072,132.3853,-387.7563,54.8096,1,479,943,235
242346302,37748,0.5103,-0.3970,0.4922,93.6890,-375.7934,81.0547,1,464,944,235
242351303,37749,0.8433,0.5166,-0.1299,41.9311,-360.2905,94.3603,1,483,835,235
242356307,37750,0.6904,0.7397,-0.0571,-2.6855,-362.3047,92.8345,1,489,838,235
242361308,37751,0.5234,0.6919,0.7573,1.0986,-380.6152,93.0176,1,475,899,235
242366301,37752,0.6738,0.9507,1.8770,17.1509,-377.3193,81.1157,1,475,896,235
242371301,37753,1.0312,1.4663,2.7627,28.2593,-351.5625,59.0820,1,492,935,235
242376306,37754,1.3496,1.8823,3.1045,41.8701,-313.1714,29.5410,1,493,946,235
242381309,37755,1.4180,1.9458,2.9067,44.4946,-268.6768,-0.1831,1,466,913,235
242386304,37756,1.1787,1.6323,2.4194,36.4380,-235.1074,-22.7051,1,466,926,235
242391307,37757,0.8643,1.0117,1.9771,20.8130,-221.1914,-36.0718,1,483,945,235
242396309,37758,0.6626,0.2500,1.7539,6.0425,-210.6323,-37.9028,1,465,930,235
242401307,37759,0.1025,-1.3042,2.1455,-7.6294,-187.8662,-28.3813,1,484,916,235
242406301,37760,0.1475,-3.3794,3.6245,39.7339,-198.0591,25.5737,1,465,921,235
242411301,37761,1.6060,-3.5273,4.7539,177.7344,-195.9839,63.4155,1,471,938,235
242416301,37762,2.5225,-1.2705,4.1992,202.1484,-51.0254,49.3164,1,477,985,235
242421301,37763,1.7534,1.1831,2.8706,159.7900,27.2827,24.5361,1,480,940,235
242426305,37764,0.3394,2.3955,1.8818,116.1499,42.6025,16.1743,1,465,944,235
242431320,37765,-0.4253,2.3447,1.5776,43.1519,28.8086,2.9907,1,466,926,235
242436306,37766,-0.2871,1.1548,1.5464,-18.1274,21.1182,-7.5073,1,483,905,235
242441303,37767,0.0483,-0.3823,1.3242,-12.7563,27.1606,-2.4414,1,511,899,235
242446308,37768,0.0620,-1.0420,0.9941,20.8130,19.9585,3.1128,1,490,931,235
242451301,37769,-0.0835,-0.6221,0.8828,38.2690,7.0801,2.5635,1,465,806,235
242456303,37770,-0.1274,0.1201,1.0376,29.9683,-0.1221,-0.3662,1,492,784,235
242461305,37771,-0.0513,0.4170,1.1958,11.9019,-1.7090,-2.5635,1,474,872,235
242466309,37772,0.0308,0.1870,1.1880,5.1270,-0.7935,-2.8687,1,475,869,235
242471305,37773,0.0449,-0.1094,1.0874,10.8643,0.7935,-2.0752,1,476,850,235
242476304,37774,0.0112,-0.1318,1.0259,14.8926,1.4038,-1.8921,1,490,865,235
242481310,37775,-0.0142,0.0176,1.0332,10.4370,2.3804,-2.5635,1,492,871,235
242486306,37776,-0.0107,0.1055,1.0615,3.6011,2.0142,-2.1973,1,466,868,235
242491301,37777,-0.0015,0.0649,1.0635,0.4883,2.8076,-1.7090,1,466,873,235
242496308,37778,-0.0220,-0.0269,1.0254,0.1221,3.1128,-0.9766,1,483,871,235
242501304,37779,-0.0576,-0.0776,0.9839,0.7324,1.4648,-0.7935,1,465,860,235
242506302,37780,-0.0615,-0.0806,0.9819,1.2207,-1.4648,-1.0986,1,484,873,235
242511303,37781,-0.0396,-0.0737,1.0015,2.3804,-1.5869,-1.5869,1,465,912,235
242516308,37782,-0.0283,-0.0728,1.0132,3.9673,-1.0986,-1.9531,1,467,869,235
242521304,37783,-0.0288,-0.0708,1.0132,5.1270,-2.1362,-2.0752,1,465,872,235
242526309,37784,-0.0283,-0.0649,1.0122,5.9204,-1.9531,-2.3193,1,471,881,235
242531310,37785,-0.0264,-0.0625,1.0151,6.5308,-1.7090,-2.5635,1,471,889,235
242536318,37786,-0.0273,-0.0645,1.0190,7.0190,-1.5259,-3.1128,1,470,858,235
242541307,37787,-0.0298,-0.0688,1.0215,7.3242,-2.2583,-3.9673,1,482,860,235
242546302,37788,-0.0269,-0.0752,1.0200,8.3008,-2.5024,-4.5776,1,510,869,235
242551305,37789,-0.0166,-0.0742,1.0215,9.8267,-2.2583,-5.0049,1,483,877,235
242556301,37790,-0.0063,-0.0620,1.0278,10.6201,-1.7090,-5.0049,1,466,779,235
242561309,37791,-0.0063,-0.0439,1.0298,10.9863,-0.9155,-4.8218,1,482,816,235
242566305,37792,-0.0161,-0.0254,1.0249,10.6201,-0.6104,-4.3945,1,471,870,235
242571301,37793,-0.0234,-0.0181,1.0205,9.4604,-0.6104,-3.9062,1,487,871,235
242576306,37794,-0.0210,-0.0249,1.0186,8.5449,-0.3662,-3.4180,1,478,846,235
242581306,37795,-0.0190,-0.0312,1.0171,8.4839,0.1831,-3.0518,1,483,855,235
242586306,37796,-0.0244,-0.0288,1.0142,7.9346,0.6714,-2.8687,1,487,874,235
242591310,37797,-0.0298,-0.0249,1.0117,7.0801,0.2441,-2.7466,1,466,852,235
242596306,37798,-0.0288,-0.0288,1.0127,6.9580,-0.1221,-2.5024,1,466,877,235
242601304,37799,-0.0249,-0.0386,1.0127,7.4463,-0.4272,-2.6245,1,484,880,235
242606309,37800,-0.0239,-0.0498,1.0093,8.1787,-0.6104,-2.9297,1,466,884,235
242611301,37801,-0.0234,-0.0571,1.0078,9.1553,-1.2817,-3.1128,1,484,870,235
242616307,37802,-0.0220,-0.0562,1.0098,10.2539,-1.7700,-3.2349,1,465,913,235
242621308,37803,-0.0269,-0.0483,1.0098,11.2305,-2.3193,-3.4180,1,482,922,235
242626302,37804,-0.0352,-0.0430,1.0059,11.9019,-3.6011,-3.6621,1,465,889,235
242631304,37805,-0.0386,-0.0449,1.0015,12.9395,-5.2490,-3.6621,1,472,882,235
242636309,37806,-0.0332,-0.0430,1.0034,13.8550,-5.9204,-3.7842,1,474,900,235
242641318,37807,-0.0200,-0.0322,1.0171,14.0381,-6.2866,-4.0894,1,473,883,235
242646302,37808,-0.0078,-0.0186,1.0327,13.7939,-6.0425,-3.9673,1,484,875,235
242651308,37809,-0.0039,-0.0083,1.0386,13.3057,-5.9204,-4.0283,1,510,880,235
242656309,37810,-0.0088,-0.0083,1.0332,12.9395,-6.0425,-4.2114,1,481,893,235
242661306,37811,-0.0190,-0.0146,1.0210,12.8784,-6.4087,-4.3945,1,464,848,235
242666306,37812,-0.0308,-0.0098,1.0107,12.8174,-7.0801,-4.4556,1,471,799,235
242671306,37813,-0.0317,0.0054,1.0122,11.8408,-7.9346,-4.5166,1,481,858,235
242676304,37814,-0.0161,0.0078,1.0244,10.5591,-8.0566,-4.4556,1,490,872,235
242681310,37815,-0.0059,0.0146,1.0376,9.7656,-7.4463,-4.3335,1,478,889,235
242686304,37816,-0.0127,0.0303,1.0391,7.8125,-7.9346,-4.2725,1,481,852,235
242691308,37817,-0.0239,0.0259,1.0293,5.6763,-8.8501,-4.3945,1,487,846,235
242696304,37818,-0.0352,0.0103,1.0190,4.8828,-9.5825,-4.4556,1,494,851,235
242701302,37819,-0.0332,0.0005,1.0200,3.1128,-11.9629,-4.3945,1,465,882,235
242706309,37820,-0.0254,-0.0068,1.0249,2.9297,-12.3291,-4.3945,1,483,893,235
242711307,37821,-0.0303,-0.0020,1.0225,2.6245,-13.6719,-4.3945,1,465,903,235
242716303,37822,-0.0361,0.0068,1.0171,1.7700,-15.4419,-4.7607,1,484,896,235
242721308,37823,-0.0312,0.0088,1.0166,1.3428,-16.7847,-5.0049,1,465,845,235
242726301,37824,-0.0181,0.0063,1.0229,0.9155,-17.7002,-4.9438,1,472,908,235
242731305,37825,0.0020,0.0000,1.0298,0.6714,-17.9443,-4.8828,1,483,876,235
242736304,37826,0.0112,-0.0029,1.0293,0.6714,-16.3574,-4.9438,1,466,843,235
242741309,37827,0.0029,0.0000,1.0254,0.2441,-16.2964,-4.0894,1,469,890,235
242746318,37828,-0.0137,0.0029,1.0195,-0.3662,-16.7847,-2.8687,1,467,822,235
242751306,37829,-0.0493,0.0249,1.0088,-1.0986,-18.4937,-2.0142,1,481,870,235
242756307,37830,-0.0557,0.0386,1.0073,-3.1128,-23.3765,-2.2583,1,510,871,235
242761302,37831,-0.0117,0.0117,1.0244,-4.4556,-22.8271,-2.3804,1,483,900,235
242766310,37832,0.0132,-0.0103,1.0381,-4.0283,-21.9727,-2.6855,1,464,822,235
242771306,37833,-0.0049,-0.0015,1.0322,-4.8218,-24.4751,-3.2959,1,474,821,235
242776309,37834,-0.0142,-0.0054,1.0312,-5.7983,-27.7710,-4.3335,1,491,861,235
242781308,37835,-0.0103,-0.0225,1.0342,-4.6387,-28.1982,-4.9438,1,477,896,235
242786302,37836,-0.0327,-0.0190,1.0259,-3.8452,-29.9072,-5.3101,1,488,892,235
242791304,37837,-0.0591,-0.0059,1.0161,-4.8828,-35.0952,-5.5542,1,482,872,235
242796301,37838,-0.0537,-0.0020,1.0137,-5.5542,-39.3677,-5.3711,1,493,861,235
242801302,37839,-0.0171,-0.0142,1.0220,-5.3101,-40.8325,-5.0049,1,493,860,235
242806309,37840,0.0356,-0.0298,1.0347,-4.2114,-40.7715,-4.8828,1,466,888,235
242811304,37841,0.0596,-0.0410,1.0366,-2.6245,-38.0249,-5.6763,1,483,904,235
242816302,37842,0.0371,-0.0444,1.0278,-1.5259,-37.4146,-5.6763,1,465,898,235
242821303,37843,-0.0078,-0.0293,1.0166,-0.2441,-38.6963,-5.3711,1,484,886,235
242826308,37844,-0.0371,-0.0098,1.0122,-0.4883,-41.5039,-5.1880,1,469,889,235
242831304,37845,-0.0293,-0.0059,1.0190,-1.0986,-43.4570,-5.1880,1,470,954,235
242836307,37846,-0.0010,-0.0093,1.0322,-1.5259,-46.0205,-4.9438,1,479,883,235
242841308,37847,0.0151,-0.0098,1.0376,-1.9531,-47.3022,-5.1270,1,481,880,235
242846306,37848,0.0107,0.0015,1.0425,-2.6855,-49.6826,-4.9438,1,469,879,235
242851303,37849,0.0400,0.0137,1.0547,-4.5166,-55.0537,-3.3569,1,471,881,235
242856304,37850,0.0840,0.0146,1.0669,-5.7983,-55.3589,-3.4180,1,509,883,235
242861301,37851,0.0796,0.0337,1.0815,-8.5449,-61.3403,-5.6152,1,466,903,235
242866305,37852,0.0649,0.0439,1.0845,-12.8174,-71.7773,-7.5684,1,493,905,235
242871309,37853,-0.0210,0.0239,1.0728,-16.4185,-76.2329,-10.5591,1,464,811,235
242876307,37854,-0.1816,0.0093,1.0674,-19.4702,-91.0644,-12.5732,1,481,815,235
242881305,37855,-0.2397,-0.0039,1.0605,-21.7285,-113.7695,-11.5967,1,492,911,235
242886305,37856,-0.3091,0.0093,1.0596,-23.3765,-124.2065,-12.0239,1,483,919,235
242891309,37857,-0.5225,0.0801,1.1035,-28.1372,-148.3765,-10.6812,1,473,905,235
242896305,37858,-0.4956,0.0933,1.1929,-32.6538,-199.8291,-4.9438,1,472,903,235
242901301,37859,-0.4395,0.0854,1.2534,-34.7290,-230.4077,-8.4839,1,493,893,235
242906327,37860,-1.0815,0.1621,1.3599,-50.5981,-262.7563,-21.1182,1,466,918,235
242911302,37861,-1.8789,0.2979,1.5967,-67.7490,-367.3095,-12.9395,1,466,943,235
242916307,37862,-1.9551,0.2759,1.8384,-78.6743,-468.5058,6.2866,1,466,942,235
242921306,37863,-0.8740,0.2622,1.8071,-74.6460,-555.6030,36.0718,1,480,925,235
242926301,37864,0.0625,0.3418,1.7295,-93.5669,-571.1060,42.1753,1,465,914,235
242931303,37865,-0.8662,0.2979,2.1558,-140.1978,-551.6357,3.7231,1,477,881,235
242936307,37866,-2.1362,0.2236,2.6357,-136.4746,-685.6689,-1.1597,1,481,966,235
242941304,37867,-2.2251,0.0918,2.4106,-132.2632,-780.2734,5.7983,1,482,927,235
242946308,37868,-1.7744,-0.0405,1.6968,-149.6582,-818.0541,-4.2725,1,471,921,235
242951323,37869,-1.5361,-0.1733,1.1030,-150.6348,-849.1210,-19.8975,1,472,927,235
242956309,37870,-1.6318,-0.3428,0.7314,-138.3057,-893.0663,-38.2690,1,479,919,235
242961301,37871,-1.7656,-0.5610,0.3950,-107.0557,-942.2607,-46.8140,1,511,921,235
242966302,37872,-1.6924,-0.7749,-0.0020,-50.1709,-986.0839,-49.8657,1,492,947,235
242971301,37873,-1.4546,-0.6206,-0.2397,-8.1177,-1023.3154,-54.2603,1,493,940,235
242976308,37874,-0.2109,0.3579,0.4883,-27.8931,-1137.8784,-59.2041,1,482,824,235
242981306,37875,3.9199,0.1602,2.4399,-124.4507,-1214.7217,-27.8931,1,484,874,235
242986309,37876,7.3364,-1.9253,5.2080,-116.8823,-686.8896,-74.8901,1,476,920,235
242991307,37877,5.3013,-2.4111,7.5420,-7.5073,-96.6797,-135.3149,1,483,924,235
242996304,37878,1.1294,-1.0562,7.9878,-29.9683,-80.2612,-92.2241,1,472,928,235
243001306,37879,-1.0010,-0.3062,6.8628,-68.4814,-11.1694,-102.9663,1,473,908,235
243006302,37880,-1.1670,-0.5557,5.3682,-68.0542,117.5537,-108.6426,1,493,910,235
243011305,37881,-0.7705,-1.0186,4.1279,-40.5884,208.1909,-94.1772,1,466,943,235
243016308,37882,-0.6782,-1.1494,3.0991,-28.1372,276.7334,-83.5571,1,483,946,235
243021309,37883,-0.9321,-0.9863,2.1738,-16.9678,312.9883,-73.1812,1,465,950,235
243026301,37884,-1.2915,-0.7080,1.3223,0.5493,323.1201,-66.2231,1,484,930,235
243031302,37885,-1.6230,-0.4878,0.6289,3.7842,307.4341,-61.7065,1,476,909,235
243036304,37886,-1.7671,-0.4243,0.2769,5.2490,268.6157,-57.0068,1,480,946,235
243041307,37887,-1.6001,-0.4243,0.3027,9.3994,231.0181,-50.7812,1,481,910,235
243046308,37888,-1.2217,-0.3848,0.5269,8.0566,215.5151,-45.2881,1,480,918,235
243051305,37889,-0.8638,-0.3101,0.7725,6.0425,219.2383,-42.4194,1,482,924,235
243056303,37890,-0.6650,-0.2314,0.9683,4.1504,227.2949,-41.5649,1,465,900,235
243061303,37891,-0.5752,-0.1875,1.1265,-1.7090,236.0229,-40.7715,1,484,911,235
243066304,37892,-0.4985,-0.1924,1.2744,-9.5215,248.7182,-38.8184,1,466,920,235
243071308,37893,-0.3921,-0.2231,1.4258,-19.2871,265.3809,-34.7900,1,475,926,235
243076307,37894,-0.2568,-0.2632,1.5776,-29.9072,285.1562,-29.3579,1,494,922,235
243081302,37895,-0.1025,-0.3071,1.7090,-39.0625,307.6782,-22.5220,1,492,981,235
243086307,37896,0.0459,-0.3550,1.7852,-45.0439,333.3740,-14.4043,1,481,909,235
243091303,37897,0.1475,-0.4043,1.7778,-46.3867,359.8022,-5.4932,1,487,910,235
243096304,37898,0.1919,-0.4448,1.6851,-43.2129,381.8359,4.1504,1,478,900,235
243101301,37899,0.2065,-0.4727,1.5298,-36.4380,398.9258,14.4653,1,480,895,235
243106304,37900,0.2090,-0.4775,1.3428,-27.0386,411.4380,24.6582,1,488,911,235
243111310,37901,0.2031,-0.4419,1.1650,-16.7847,416.1987,34.3018,1,493,915,235
243116304,37902,0.2153,-0.3760,1.0356,-8.7280,413.2690,43.2129,1,465,924,235
243121304,37903,0.2642,-0.2930,0.9624,-2.6855,408.5083,50.9033,1,483,930,235
243126305,37904,0.3276,-0.1846,0.9277,0.6714,403.3203,56.8848,1,466,923,235
243131308,37905,0.3809,-0.0503,0.9180,-0.2441,397.8882,60.5469,1,484,910,235
243136308,37906,0.4238,0.0874,0.9307,-5.1880,391.4184,61.4014,1,474,857,235
243141303,37907,0.4604,0.2026,0.9795,-13.4277,384.7656,59.9976,1,479,950,235
243146306,37908,0.4893,0.2827,1.0850,-23.9868,377.2583,56.9458,1,467,933,235
243151301,37909,0.5405,0.3149,1.2529,-35.8887,369.5678,53.5278,1,469,942,235
243156305,37910,0.6309,0.2886,1.4517,-46.5088,366.6992,50.6592,1,479,944,235
243161306,37911,0.7075,0.2158,1.6338,-53.2837,369.3847,48.2788,1,474,916,235
243166310,37912,0.7310,0.1299,1.7729,-56.0303,372.9858,47.4243,1,510,931,235
243171305,37913,0.7212,0.0483,1.8784,-56.0303,376.5869,48.5229,1,493,944,235
243176306,37914,0.7090,-0.0283,1.9692,-54.0161,380.7373,51.6357,1,486,943,235
243181301,37915,0.7114,-0.0898,2.0557,-49.9268,384.5825,56.6406,1,466,943,235
243186310,37916,0.7324,-0.1294,2.1362,-45.4102,389.0381,62.8662,1,492,840,235
243191309,37917,0.7583,-0.1431,2.2061,-40.2832,394.2871,69.3359,1,473,928,235
243196302,37918,0.7817,-0.1274,2.2642,-35.0952,399.2920,75.7446,1,486,904,235
243201304,37919,0.8027,-0.0908,2.3096,-30.9448,404.5410,81.0547,1,482,933,235
243206303,37920,0.8193,-0.0464,2.3486,-27.4658,408.9966,85.0220,1,487,905,235
243211309,37921,0.8408,-0.0083,2.3867,-25.0244,411.5600,87.8906,1,493,915,235
243216301,37922,0.8779,0.0098,2.4248,-22.8882,414.0014,89.4775,1,466,942,235
243221303,37923,0.9185,0.0034,2.4575,-20.2026,416.3208,90.0268,1,483,942,235
243226307,37924,0.9512,-0.0215,2.4922,-17.0288,416.4428,89.7827,1,465,935,235
243231308,37925,0.9995,-0.0605,2.5425,-13.7329,414.6728,89.1724,1,484,939,235
243236305,37926,1.0903,-0.1113,2.5991,-10.1929,414.1845,88.4399,1,466,936,235
243241307,37927,1.2100,-0.1606,2.6353,-6.2866,416.1987,87.0361,1,483,941,235
243246303,37928,1.3350,-0.1899,2.6235,-1.9531,418.2739,84.8999,1,465,919,235
243251301,37929,1.4609,-0.1870,2.5547,1.5869,419.2505,81.4209,1,470,922,235
243256302,37930,1.5815,-0.1465,2.4351,3.1738,418.3960,76.0498,1,477,921,235
243261321,37931,1.6919,-0.0728,2.2852,1.2817,414.1235,68.1763,1,479,904,235
243266301,37932,1.8062,0.0127,2.1260,-4.6387,406.1279,57.9834,1,479,901,235
243271304,37933,1.9263,0.0830,1.9653,-14.1602,396.1181,46.5088,1,511,901,235
243276303,37934,2.0396,0.1191,1.8057,-26.0620,384.6435,34.2407,1,466,940,235
243281304,37935,2.1421,0.1128,1.6426,-39.0625,371.3989,22.7051,1,494,939,235
243286306,37936,2.2427,0.0605,1.4717,-50.9033,357.2998,13.1836,1,467,860,235
243291304,37937,2.3413,-0.0361,1.2886,-58.9600,341.8579,6.9580,1,476,837,235
243296306,37938,2.4321,-0.1450,1.0791,-61.7065,323.6084,4.0894,1,486,913,235
243301303,37939,2.5088,-0.2080,0.8262,-60.0586,302.1851,4.0894,1,489,900,235
243306307,37940,2.5830,-0.1938,0.5444,-58.0444,276.9775,6.2256,1,474,877,235
243311308,37941,2.6782,-0.1279,0.2764,-56.8237,248.4131,8.8501,1,480,900,235
243316302,37942,2.8013,-0.0322,0.0527,-53.6499,216.9800,10.3149,1,492,901,235
243321305,37943,2.9482,0.0854,-0.1157,-49.0723,183.6548,8.7891,1,466,944,235
243326301,37944,3.1187,0.1943,-0.2197,-44.1284,149.4751,3.2959,1,466,925,235
243331306,37945,3.3057,0.2466,-0.2642,-38.3301,116.4551,-4.2725,1,465,925,235
243336304,37946,3.4653,0.2173,-0.2832,-30.3345,87.1582,-12.0239,1,484,911,235
243341301,37947,3.5356,0.1191,-0.3130,-19.2261,59.8755,-18.7378,1,465,930,235
243346306,37948,3.4912,-0.0269,-0.3560,-4.2725,31.4941,-22.8271,1,482,879,235
243351306,37949,3.3481,-0.1934,-0.3887,13.0615,1.5869,-23.2544,1,480,966,235
243356309,37950,3.1445,-0.3481,-0.3726,31.2500,-30.2124,-20.2026,1,465,922,235
243361305,37951,3.0791,-0.4058,-0.4976,49.3774,-74.6460,-16.6626,1,469,933,235
243366325,37952,2.8975,0.0845,-1.8369,88.8061,-273.6206,-19.5923,1,475,909,235
243371304,37953,1.5127,0.4097,-3.0547,47.9126,-451.4770,-39.0625,1,478,914,235
243376309,37954,0.1372,-0.4175,-1.6533,-22.3999,-419.9829,-48.1567,1,484,913,235
243381303,37955,0.0762,-1.2183,0.7349,56.9458,-370.8496,-30.0293,1,466,951,235
243386302,37956,-0.4102,-1.6235,1.9961,75.5615,-359.1308,-42.7856,1,494,934,235
243391310,37957,-1.3926,-2.1597,2.0483,92.8345,-380.7373,-26.7334,1,483,872,235
243396306,37958,-1.3594,-2.0776,1.1357,153.0762,-438.5376,1.8311,1,488,842,235
243401305,37959,-0.0767,-1.2925,-0.0186,107.4829,-465.6372,41.8091,1,480,896,235
243406310,37960,1.2949,-0.5679,-0.5254,41.6260,-438.4765,76.4771,1,480,911,235
243411303,37961,1.5996,-0.2207,0.0454,-10.8032,-427.6733,96.9238,1,485,910,235
243416305,37962,1.2803,0.0645,1.5630,-15.1367,-442.6269,107.7881,1,476,920,235
243421301,37963,1.2012,0.6929,3.2944,-10.7422,-430.5420,105.1636,1,493,917,235
243426302,37964,1.5063,1.5005,4.4756,-8.1177,-389.0991,85.8765,1,466,942,235
243431302,37965,1.8838,2.0908,4.8052,7.5684,-330.9936,48.8892,1,483,919,235
243436305,37966,2.0010,2.2485,4.4277,15.6250,-265.2588,11.9019,1,465,926,235
243441303,37967,1.7437,1.9951,3.6816,11.6577,-209.2285,-17.4561,1,484,939,235
243446304,37968,1.2012,1.3799,2.9014,-0.6714,-167.0532,-40.9546,1,465,933,235
243451304,37969,0.6489,0.4751,2.2915,-10.4980,-144.2871,-52.1240,1,471,947,235
243456309,37970,0.3003,-0.4907,1.8560,-12.6953,-132.6904,-48.5840,1,474,999,235
243461309,37971,0.0010,-1.6108,1.7783,-13.7939,-118.1641,-29.0527,1,477,926,235
243466301,37972,0.0596,-2.5063,2.0659,17.9443,-123.5962,12.4512,1,479,928,235
243471306,37973,0.5381,-2.4106,2.1304,62.9272,-112.3047,39.5508,1,466,921,235
243476303,37974,0.7266,-1.4790,1.7954,88.8672,-83.6792,49.3774,1,483,917,235
243481306,37975,0.4834,-0.2661,1.5005,114.9292,-69.0918,45.5322,1,510,924,235
243486302,37976,0.2007,0.6919,1.5283,123.2300,-68.4204,36.7432,1,466,934,235
243491308,37977,0.1875,1.0435,1.7896,101.8677,-56.2744,25.3296,1,493,928,235
243496310,37978,0.3486,0.7886,1.9995,82.7637,-30.3345,14.2822,1,487,860,235
243501309,37979,0.4194,0.1968,1.8936,73.9746,-8.7891,10.6201,1,473,866,235
243506305,37980,0.2671,-0.2964,1.4873,73.9136,3.2959,11.6577,1,474,885,235
243511310,37981,-0.0112,-0.3999,1.0684,79.7729,1.4648,13.4888,1,488,888,235
243516307,37982,-0.2148,-0.1841,0.8804,83.8013,-7.5684,12.3291,1,491,912,235
243521310,37983,-0.2510,0.1807,1.0454,80.3833,-16.8457,9.1553,1,480,891,235
243526307,37984,-0.0317,0.5190,1.4272,65.1855,-24.1089,4.6387,1,493,882,235
243531301,37985,0.2568,0.5713,1.6348,39.9170,-6.4087,-0.0610,1,465,916,235
243536309,37986,0.2554,0.3467,1.4902,23.1934,11.5356,-1.3428,1,483,890,235
243541301,37987,0.0186,0.1069,1.1904,17.5171,7.0190,-0.6714,1,465,921,235
243546309,37988,-0.1377,-0.0166,1.0195,14.1602,-5.3101,-0.4883,1,484,875,235
243551308,37989,-0.0923,-0.0366,1.0479,12.5122,-9.5825,-1.0986,1,465,846,235
243556304,37990,0.0210,-0.0063,1.1440,11.7798,-6.8970,-1.4648,1,479,933,235
243561306,37991,0.0752,0.0337,1.1880,9.3994,-3.0518,-1.8311,1,465,888,235
243566306,37992,-0.0068,0.0195,1.1035,4.0894,-2.3193,-2.5024,1,465,876,235
243571305,37993,-0.0303,-0.0283,1.0620,3.9062,-3.6621,-2.8076,1,466,864,235
243576308,37994,-0.0278,-0.0601,1.0449,4.7607,-4.0894,-3.3569,1,470,869,235
243581303,37995,-0.0229,-0.0684,1.0366,4.9438,-4.5776,-4.0283,1,484,864,235
243586309,37996,-0.0254,-0.0581,1.0317,5.2490,-5.1880,-4.5776,1,483,871,235
243591307,37997,-0.0303,-0.0435,1.0308,4.8828,-6.0425,-4.6387,1,466,886,235
243596303,37998,-0.0259,-0.0381,1.0342,4.2114,-6.5308,-4.6387,1,494,875,235
243601302,37999,-0.0161,-0.0391,1.0386,3.9062,-6.0425,-4.5166,1,477,803,235
243606309,38000,-0.0088,-0.0430,1.0391,3.4790,-5.6152,-4.3945,1,478,861,235
243611304,38001,-0.0093,-0.0518,1.0352,3.4790,-4.9438,-4.2114,1,480,852,235
243616309,38002,-0.0137,-0.0620,1.0283,4.0894,-4.6387,-3.9062,1,471,874,235
243621306,38003,-0.0200,-0.0664,1.0195,4.7607,-4.3335,-3.6011,1,477,853,235
243626302,38004,-0.0244,-0.0649,1.0122,5.0049,-3.5400,-3.3569,1,490,851,235
243631308,38005,-0.0225,-0.0562,1.0103,5.2490,-2.7466,-3.1128,1,493,856,235
243636301,38006,-0.0146,-0.0430,1.0171,4.9438,-1.7700,-2.8687,1,466,878,235
243641307,38007,-0.0039,-0.0322,1.0298,4.5776,-0.6714,-2.6245,1,484,879,235
243646309,38008,0.0068,-0.0269,1.0381,4.2725,0.6104,-2.5024,1,466,883,235
243651306,38009,0.0039,-0.0269,1.0352,4.1504,2.0142,-2.6855,1,484,860,235
243656304,38010,-0.0117,-0.0298,1.0254,4.2114,2.6245,-2.7466,1,465,902,235
243661305,38011,-0.0210,-0.0327,1.0166,4.4556,2.1973,-2.6855,1,469,873,235
243666309,38012,-0.0210,-0.0332,1.0132,4.8828,2.7466,-3.0518,1,474,875,235
243671303,38013,-0.0210,-0.0322,1.0122,5.4932,2.7466,-3.5400,1,477,878,235
243676306,38014,-0.0205,-0.0332,1.0137,5.7373,2.3193,-3.9673,1,467,866,235
243681313,38015,-0.0186,-0.0312,1.0176,6.0425,1.7090,-4.2725,1,465,869,235
243686306,38016,-0.0142,-0.0249,1.0225,6.1035,1.2817,-4.3335,1,483,882,235
243691309,38017,-0.0166,-0.0225,1.0205,5.9204,1.6479,-4.5776,1,493,865,235
243696302,38018,-0.0283,-0.0210,1.0137,6.1646,1.2817,-4.6387,1,477,885,235
243701309,38019,-0.0435,-0.0161,1.0093,6.3477,-0.6714,-5.3101,1,466,806,235
243706305,38020,-0.0547,-0.0249,1.0034,6.0425,-2.8076,-5.8594,1,478,826,235
243711302,38021,-0.0654,-0.0410,0.9946,6.2866,-4.4556,-5.0659,1,485,852,235
243716306,38022,-0.0684,-0.0342,0.9922,6.3477,-7.6294,-3.9062,1,476,859,235
243721308,38023,-0.0615,-0.0137,0.9941,5.9814,-9.5825,-4.0283,1,483,852,235
243726305,38024,-0.0532,-0.0117,0.9922,5.4932,-11.2915,-4.5776,1,492,861,235
243731304,38025,-0.0439,-0.0366,0.9854,5.7983,-12.3291,-4.6997,1,493,876,235
243736320,38026,-0.0459,-0.0557,0.9771,7.5073,-12.8784,-4.6387,1,466,908,235
243741305,38027,-0.0552,-0.0449,0.9751,8.6670,-15.1367,-4.6997,1,465,898,235
243746304,38028,-0.0557,-0.0293,0.9780,8.9722,-17.0898,-5.1270,1,466,903,235
243751309,38029,-0.0532,-0.0298,0.9790,9.6436,-18.7378,-5.3101,1,484,881,235
243756304,38030,-0.0610,-0.0259,0.9834,10.5591,-21.0571,-5.3711,1,465,840,235
243761302,38031,-0.0679,-0.0034,0.9966,10.7422,-24.4751,-5.4321,1,482,938,235
243766306,38032,-0.0615,0.0112,1.0083,9.3384,-27.5879,-5.7983,1,469,901,235
243771304,38033,-0.0459,0.0073,1.0171,8.8501,-30.0293,-6.0425,1,474,902,235
243776302,38034,-0.0205,0.0181,1.0430,8.4229,-32.2266,-5.9814,1,482,866,235
243781306,38035,0.0205,0.0259,1.0737,6.0425,-32.9590,-6.4087,1,465,872,235
243786307,38036,0.0635,0.0024,1.0874,4.4556,-31.2500,-7.0190,1,484,870,235
243791304,38037,0.0791,-0.0142,1.0811,5.0659,-29.4800,-7.2632,1,493,878,235
243796302,38038,0.0625,-0.0068,1.0610,4.4556,-27.7100,-7.5073,1,477,896,235
243801305,38039,0.0415,0.0073,1.0542,3.1738,-27.9541,-7.2021,1,464,824,235
243806309,38040,0.0415,0.0107,1.0586,1.5259,-27.8931,-6.2256,1,480,823,235
243811309,38041,0.0474,-0.0010,1.0542,0.7935,-26.0010,-5.0049,1,478,865,235
243816304,38042,0.0366,-0.0098,1.0420,0.3662,-25.6348,-3.9673,1,488,847,235
243821304,38043,0.0137,-0.0098,1.0298,0.4883,-25.8179,-3.2349,1,480,888,235
243826307,38044,-0.0044,-0.0049,1.0229,0.3052,-27.0386,-2.8076,1,491,860,235
243831307,38045,-0.0029,-0.0073,1.0229,0.2441,-28.3813,-2.4414,1,491,857,235
243836324,38046,0.0010,-0.0156,1.0254,1.0376,-28.5645,-2.6245,1,466,900,235
243841301,38047,-0.0137,-0.0146,1.0220,1.4648,-29.7241,-2.8076,1,465,890,235
243846304,38048,-0.0254,-0.0117,1.0166,1.3428,-32.3486,-2.9297,1,465,904,235
243851306,38049,-0.0103,-0.0161,1.0176,1.4648,-34.0576,-3.4180,1,479,893,235
243856307,38050,0.0107,-0.0186,1.0239,1.9531,-34.1797,-4.2114,1,466,883,235
243861309,38051,0.0142,-0.0190,1.0293,1.9531,-35.0952,-4.7607,1,469,923,235
243866303,38052,0.0054,-0.0229,1.0288,2.1973,-36.5601,-5.0049,1,472,884,235
243871306,38053,-0.0107,-0.0186,1.0239,1.8311,-38.5132,-5.2490,1,466,881,235
243876303,38054,-0.0210,-0.0068,1.0229,0.9766,-41.1987,-5.2490,1,471,890,235
243881308,38055,-0.0107,0.0000,1.0288,-0.1221,-43.3960,-5.0659,1,479,878,235
243886309,38056,0.0190,0.0049,1.0410,-1.2207,-45.2270,-5.0659,1,484,833,235
243891302,38057,0.0620,0.0146,1.0513,-2.6245,-46.0205,-5.0049,1,509,877,235
243896302,38058,0.0767,0.0215,1.0508,-4.5166,-44.2505,-4.8828,1,470,897,235
243901308,38059,0.0898,0.0146,1.0474,-5.7983,-46.8140,-4.6997,1,493,896,235
243906305,38060,0.1333,0.0010,1.0513,-6.2866,-47.4243,-5.3711,1,488,829,235
243911305,38061,0.1001,0.0156,1.0615,-7.3242,-46.0205,-7.8125,1,477,870,235
243916308,38062,-0.0127,0.0391,1.0757,-11.0474,-59.0210,-9.9487,1,486,870,235
243921302,38063,-0.0903,0.0283,1.0771,-15.2588,-74.4019,-12.3291,1,473,902,235
243926310,38064,-0.1738,0.0103,1.0625,-17.3950,-83.6792,-16.4795,1,489,903,235
243931309,38065,-0.2837,0.0073,1.0557,-19.9585,-101.9897,-20.0806,1,491,894,235
243936301,38066,-0.3721,0.0220,1.0586,-21.9727,-122.0093,-23.4375,1,466,924,235
243941304,38067,-0.4873,0.0562,1.0889,-26.6113,-143.5547,-26.3672,1,466,932,235
243946302,38068,-0.5112,0.0527,1.1709,-31.0059,-186.1572,-24.4751,1,465,938,235
243951303,38069,-0.5112,0.0122,1.2612,-33.5083,-227.7832,-27.1606,1,484,940,235
243956302,38070,-1.1895,0.0874,1.4062,-43.2739,-265.6860,-42.1143,1,465,932,235
243961310,38071,-2.2524,0.2896,1.7139,-67.8711,-380.5542,-42.4805,1,466,911,235
243966304,38072,-2.4126,0.3735,1.9780,-81.2988,-514.5874,-24.3530,1,465,924,235
243971303,38073,-1.0850,0.2661,1.8970,-80.7495,-630.7983,10.3149,1,475,938,235
243976308,38074,-0.4419,0.2031,2.0889,-106.0791,-617.8589,2.5635,1,483,931,235
243981306,38075,-1.6660,0.1968,2.6606,-139.5874,-663.2690,-37.4756,1,465,897,235
243986310,38076,-2.5986,0.1694,2.7964,-129.5166,-811.6454,-27.5269,1,484,923,235
243991305,38077,-2.3491,0.2412,2.1748,-125.0610,-887.8784,-23.3765,1,493,935,235
243996304,38078,-1.8115,0.2109,1.2871,-156.6162,-914.6728,-35.7666,1,482,959,235
244001301,38079,-1.7510,-0.0557,0.7427,-158.6914,-954.5898,-56.0303,1,466,945,235
244006310,38080,-1.9702,-0.3555,0.3867,-126.8921,-1014.7094,-66.8335,1,492,890,235
244011309,38081,-1.9814,-0.6191,-0.0171,-78.2471,-1069.6411,-70.9839,1,484,844,235
244016301,38082,-1.6895,-0.5264,-0.3359,-28.3203,-1106.6895,-78.5522,1,476,899,235
244021301,38083,-0.1416,0.5303,0.4570,-39.3066,-1213.0737,-79.7729,1,476,933,235
244026308,38084,5.0347,0.1040,2.8003,-163.1470,-1318.6644,-34.3018,1,488,905,235
244031301,38085,8.7251,-2.3955,5.7617,-150.8179,-643.4326,-101.5625,1,493,915,235
244036307,38086,5.6611,-2.7974,7.7373,-7.4463,-48.1567,-164.7949,1,466,953,235
244041306,38087,0.9233,-1.3804,7.7163,-53.9551,-88.3179,-107.8491,1,483,942,235
244046306,38088,-1.1743,-0.9165,6.5273,-95.3369,-5.7983,-110.1684,1,466,947,235
244051310,38089,-1.1270,-1.3721,5.3154,-89.3555,124.5727,-97.9004,1,484,942,235
244056308,38090,-0.6021,-1.7690,4.2134,-47.6685,218.8721,-69.0308,1,470,935,235
244061301,38091,-0.5649,-1.6982,2.9785,-17.9443,287.4756,-52.4292,1,479,958,235
244066306,38092,-0.9771,-1.3979,1.7720,8.3008,314.2090,-39.7949,1,472,929,235
244071308,38093,-1.4102,-1.0767,0.8545,41.1987,307.1289,-29.0527,1,474,900,235
244076308,38094,-1.5688,-0.8174,0.3472,56.2134,283.1421,-19.0430,1,480,935,235
244081325,38095,-1.4307,-0.6504,0.1997,66.6504,257.3853,-11.2915,1,480,908,235
244086301,38096,-1.1450,-0.5264,0.2520,75.0732,235.2905,-5.3101,1,483,911,235
244091305,38097,-0.8735,-0.4097,0.3750,74.6460,224.6094,-4.6387,1,466,917,235
244096304,38098,-0.6924,-0.3135,0.5044,69.6411,220.4590,-4.8828,1,494,914,235
244101306,38099,-0.5903,-0.2456,0.6162,61.5845,222.4121,-5.8594,1,464,844,235
244106303,38100,-0.5308,-0.1982,0.7178,48.1567,229.3091,-6.8970,1,491,853,235
244111305,38101,-0.4731,-0.1729,0.8184,33.0200,238.1592,-7.0190,1,474,905,235
244116308,38102,-0.3984,-0.1738,0.9160,17.8833,249.4507,-6.2866,1,484,887,235
244121301,38103,-0.3105,-0.1987,1.0005,3.6621,262.5732,-4.8828,1,490,896,235
244126307,38104,-0.2251,-0.2480,1.0581,-8.2397,276.7334,-2.5024,1,486,878,235
244131303,38105,-0.1641,-0.3110,1.0850,-16.6016,291.2598,1.4038,1,492,878,235
244136305,38106,-0.1309,-0.3716,1.0913,-21.6064,303.0396,6.8359,1,465,903,235
244141301,38107,-0.0967,-0.4248,1.0898,-24.6582,312.5610,14.0991,1,484,915,235
244146309,38108,-0.0405,-0.4756,1.0835,-26.0620,322.5097,22.9492,1,466,939,235
244151308,38109,0.0146,-0.5151,1.0659,-24.7192,332.7026,33.0811,1,484,940,235
244156306,38110,0.0454,-0.5283,1.0381,-21.1792,340.2710,43.8843,1,465,927,235
244161302,38111,0.0659,-0.5098,1.0054,-16.5405,344.1162,54.4434,1,474,934,235
244166307,38112,0.0962,-0.4575,0.9775,-11.6577,346.6797,65.0635,1,465,918,235
244171304,38113,0.1396,-0.3726,0.9692,-9.4604,347.6562,74.4629,1,466,934,235
244176302,38114,0.1919,-0.2666,0.9902,-9.3994,347.9004,82.3364,1,474,921,235
244181311,38115,0.2485,-0.1528,1.0474,-11.1084,347.3510,88.1348,1,478,908,235
244186305,38116,0.3140,-0.0464,1.1392,-15.1978,347.0459,91.9189,1,483,926,235
244191304,38117,0.3857,0.0391,1.2563,-19.5923,348.5717,94.1162,1,493,938,235
244196307,38118,0.4438,0.1055,1.3862,-23.8037,351.9287,94.4214,1,487,939,235
244201307,38119,0.4878,0.1611,1.5244,-27.6489,355.5298,93.0786,1,466,942,235
244206301,38120,0.5444,0.2085,1.6724,-30.7007,360.1074,90.7593,1,487,947,235
244211309,38121,0.6255,0.2427,1.8262,-32.8369,366.9433,87.4634,1,481,911,235
244216306,38122,0.7202,0.2612,1.9697,-33.3862,376.0376,83.2519,1,474,910,235
244221302,38123,0.8081,0.2695,2.0825,-31.8603,387.2680,78.3081,1,486,915,235
244226301,38124,0.8716,0.2759,2.1479,-28.5034,398.9868,72.6929,1,481,913,235
244231305,38125,0.9067,0.2773,2.1655,-24.1699,409.1186,66.5894,1,493,910,235
244236308,38126,0.9209,0.2695,2.1509,-19.3481,416.4428,60.2417,1,465,972,235
244241301,38127,0.9302,0.2578,2.1235,-14.7705,421.7529,54.1992,1,484,935,235
244246308,38128,0.9385,0.2441,2.0996,-11.2915,426.0254,48.2788,1,466,948,235
244251307,38129,0.9365,0.2319,2.0854,-8.4229,428.8940,42.6636,1,485,949,235
244256302,38130,0.9326,0.2241,2.0845,-7.0190,429.5654,37.1704,1,466,874,235
244261302,38131,0.9424,0.2139,2.0981,-7.4463,429.8095,31.9214,1,478,948,235
244266303,38132,0.9590,0.1958,2.1211,-9.2773,429.9926,27.0386,1,483,915,235
244271309,38133,0.9692,0.1670,2.1519,-12.6343,429.1382,22.3389,1,467,927,235
244276308,38134,0.9780,0.1226,2.1929,-16.5405,427.0019,18.3716,1,467,941,235
244281307,38135,0.9976,0.0581,2.2529,-20.6299,424.1333,15.3198,1,468,908,235
244286304,38136,1.0347,-0.0273,2.3311,-24.2310,421.7529,13.6719,1,484,926,235
244291308,38137,1.0869,-0.1274,2.4155,-26.6724,419.7387,13.4888,1,493,937,235
244296303,38138,1.1494,-0.2290,2.4907,-27.8320,418.4570,14.7705,1,466,952,235
244301308,38139,1.2178,-0.3110,2.5474,-27.9541,417.1142,17.2119,1,493,951,235
244306305,38140,1.3032,-0.3550,2.5801,-28.2593,415.1611,19.7754,1,488,939,235
244311309,38141,1.4131,-0.3574,2.5850,-29.2358,413.2690,22.0947,1,480,831,235
244316307,38142,1.5376,-0.3237,2.5576,-31.6772,409.3628,23.3154,1,480,930,235
244321309,38143,1.6831,-0.2666,2.5005,-36.3770,402.2827,23.1323,1,472,923,235
244326308,38144,1.8672,-0.2119,2.4126,-43.6401,393.9819,21.7895,1,485,936,235
244331302,38145,2.0737,-0.1865,2.2769,-51.8188,386.4135,19.7754,1,489,922,235
244336302,38146,2.2607,-0.1997,2.0830,-58.7769,377.3193,17.3950,1,466,943,235
244341306,38147,2.4224,-0.2510,1.8418,-63.1103,365.1123,16.1133,1,483,943,235
244346301,38148,2.5752,-0.3286,1.5581,-63.5376,351.0742,16.6016,1,466,936,235
244351306,38149,2.7051,-0.3862,1.2183,-59.4482,334.2895,18.6157,1,484,936,235
244356301,38150,2.7861,-0.3721,0.8223,-53.7109,312.6831,20.8740,1,467,932,235
244361303,38151,2.8354,-0.2476,0.4067,-50.5981,284.5459,21.6064,1,481,937,235
244366309,38152,2.9082,-0.0356,0.0278,-54.6875,251.1597,20.8130,1,465,930,235
244371310,38153,3.0352,0.1797,-0.2656,-65.1245,215.6982,17.4561,1,467,940,235
244376308,38154,3.2144,0.3350,-0.4526,-76.5381,178.3447,10.6812,1,477,885,235
244381314,38155,3.4370,0.3892,-0.5454,-84.7778,140.3198,2.2583,1,478,920,235
244386308,38156,3.6655,0.3296,-0.5762,-85.9375,104.5532,-5.5542,1,483,910,235
244391304,38157,3.8267,0.1836,-0.5845,-78.7964,71.4722,-11.4136,1,493,928,235
244396307,38158,3.8477,-0.0088,-0.6030,-62.5000,37.2925,-14.0381,1,487,926,235
244401306,38159,3.7070,-0.1973,-0.6362,-37.0483,-0.1831,-12.6953,1,464,849,235
244406309,38160,3.4521,-0.3296,-0.6387,-6.8359,-41.3208,-8.1177,1,488,817,235
244411305,38161,3.1997,-0.4395,-0.6978,21.5454,-90.8813,-3.4790,1,475,880,235
244416304,38162,2.8467,-0.3286,-1.6875,63.4766,-257.8125,7.8125,1,483,899,235
244421309,38163,1.5903,0.0444,-2.5508,76.2939,-439.6362,11.6577,1,476,917,235
244426308,38164,-0.0356,0.0054,-1.2397,15.5640,-426.8799,-14.9536,1,481,913,235
244431308,38165,-0.5371,-0.5532,1.1011,24.7803,-358.8867,-4.4556,1,492,915,235
244436310,38166,-0.6724,-1.4014,2.4766,27.8931,-363.9526,2.9297,1,466,924,235
244441304,38167,-1.0625,-2.4004,2.5327,55.7251,-361.4502,14.4043,1,483,924,235
244446307,38168,-0.9194,-2.4800,1.6089,149.2310,-390.6860,45.0439,1,467,938,235
244451306,38169,-0.2031,-1.2480,0.2944,164.7949,-414.3676,58.7769,1,484,942,235
244456303,38170,0.6396,0.1240,-0.5352,106.4453,-424.7436,76.1719,1,479,944,235
244461306,38171,1.0762,0.7451,-0.3789,30.7617,-414.2456,89.6606,1,465,973,235
244466304,38172,1.0142,0.7212,0.7383,-23.9868,-419.2505,103.6987,1,467,934,235
244471301,38173,0.9639,0.7529,2.2393,-26.7334,-417.8466,105.7129,1,472,941,235
244476302,38174,1.1953,1.2451,3.4170,-20.0806,-392.0898,90.0879,1,481,949,235
244481305,38175,1.7310,2.3794,3.8140,2.6245,-288.6963,19.5312,1,478,923,235
244486307,38176,1.5625,2.3838,3.3237,-0.6104,-240.9057,-17.3340,1,483,932,235
244491303,38177,1.2373,1.8623,2.7778,-11.4136,-206.3598,-45.4712,1,492,920,235
244496306,38178,0.8872,1.0024,2.3428,-21.8506,-179.6264,-63.2324,1,473,955,235
244501306,38179,0.5327,0.0024,2.0059,-28.5645,-159.6680,-69.0918,1,493,950,235
244506302,38180,0.0381,-1.4805,2.0420,-30.0903,-138.7939,-54.6265,1,491,820,235
244511301,38181,0.0337,-3.0200,2.4873,12.4512,-147.2168,-5.4321,1,483,865,235
244516307,38182,0.7095,-3.4497,2.6655,71.4722,-134.4604,31.4331,1,488,894,235
244521306,38183,1.1172,-2.5688,2.3218,109.1309,-96.4966,50.0488,1,489,912,235
244526306,38184,0.8672,-0.8394,1.8633,152.5879,-69.0918,48.0957,1,480,935,235
244531308,38185,0.3428,0.8506,1.6406,157.1045,-65.9790,38.3301,1,484,894,235
244536321,38186,0.0791,1.6108,1.6934,119.0796,-53.5889,20.5688,1,493,885,235
244541305,38187,0.1499,1.2686,1.8325,85.9375,-36.6821,8.6060,1,466,941,235
244546303,38188,0.3320,0.3477,1.8081,70.7397,-20.2026,5.0659,1,465,922,235
244551308,38189,0.3604,-0.4492,1.5298,73.4253,-4.5776,5.5542,1,480,913,235
244556306,38190,0.1538,-0.7246,1.1240,86.6089,0.1831,9.2163,1,465,841,235
244561304,38191,-0.1079,-0.4946,0.8569,98.0225,-8.9722,12.3901,1,470,935,235
244566301,38192,-0.1611,-0.0117,0.9229,99.6704,-18.9209,12.0850,1,476,964,235
244571301,38193,-0.0283,0.4233,1.2231,89.4775,-15.7471,9.7046,1,482,916,235
244576304,38194,0.0977,0.7129,1.5244,68.9087,-9.2773,5.3101,1,469,922,235
244581308,38195,0.1719,0.6987,1.5830,40.5273,-4.5166,1.8311,1,468,874,235
244586317,38196,0.1211,0.3115,1.3286,24.8413,8.1787,0.1831,1,484,884,235
244591301,38197,-0.0366,-0.0791,1.0498,25.8789,4.3945,0.9155,1,483,891,235
244596307,38198,-0.0688,-0.1729,1.0166,30.3345,-4.9438,2.0142,1,493,908,235
244601303,38199,0.0181,-0.0200,1.1509,27.9541,-0.9766,0.8545,1,483,900,235
244606301,38200,0.0449,0.1411,1.2305,20.0806,1.9531,-0.6714,1,464,818,235
244611308,38201,-0.0083,0.1187,1.1694,12.8784,-1.3428,-1.8311,1,489,820,235
244616307,38202,-0.0601,-0.0376,1.0513,12.8784,-6.2866,-3.0518,1,485,882,235
244621308,38203,-0.0527,-0.1260,1.0059,18.3716,-8.3008,-4.1504,1,473,868,235
244626308,38204,-0.0107,-0.0757,1.0430,19.9585,-6.5918,-5.5542,1,481,858,235
244631302,38205,0.0039,-0.0015,1.0708,16.6626,-5.1880,-6.2866,1,492,861,235
244636308,38206,-0.0083,0.0039,1.0620,14.2212,-6.8970,-6.0425,1,492,858,235
244641307,38207,-0.0068,-0.0269,1.0469,13.4277,-8.3008,-5.5542,1,465,865,235
244646308,38208,-0.0010,-0.0430,1.0376,12.6953,-6.5918,-5.6763,1,483,893,235
244651305,38209,-0.0117,-0.0361,1.0317,11.3525,-6.2256,-5.7983,1,465,893,235
244656301,38210,-0.0229,-0.0239,1.0293,9.8877,-7.3242,-5.5542,1,484,897,235
244661304,38211,-0.0269,-0.0225,1.0259,8.9111,-7.8125,-5.3711,1,469,914,235
244666302,38212,-0.0239,-0.0312,1.0215,8.6060,-8.2397,-4.8828,1,474,869,235
244671304,38213,-0.0190,-0.0361,1.0200,8.8501,-8.2397,-4.2114,1,480,902,235
244676305,38214,-0.0132,-0.0322,1.0239,8.4839,-8.1787,-3.7842,1,480,883,235
244681302,38215,-0.0068,-0.0293,1.0244,7.9956,-8.2397,-3.2959,1,467,870,235
244686305,38216,-0.0117,-0.0298,1.0161,7.6904,-7.5073,-3.2959,1,470,869,235
244691306,38217,-0.0273,-0.0312,1.0098,7.5684,-7.6294,-3.3569,1,483,866,235
244696303,38218,-0.0327,-0.0269,1.0117,7.8125,-9.0942,-3.3569,1,492,909,235
244701308,38219,-0.0151,-0.0215,1.0200,7.6904,-9.7656,-3.6621,1,466,887,235
244706304,38220,0.0020,-0.0210,1.0254,7.8735,-8.7280,-4.1504,1,494,885,235
244711308,38221,0.0059,-0.0200,1.0239,8.1177,-8.0566,-4.4556,1,488,800,235
244716307,38222,0.0000,-0.0186,1.0195,8.2397,-7.8125,-4.8828,1,473,848,235
244721303,38223,-0.0161,-0.0210,1.0142,9.0332,-8.3008,-5.4321,1,475,815,235
244726302,38224,-0.0444,-0.0381,0.9995,9.7046,-9.5215,-5.8594,1,490,872,235
244731302,38225,-0.0723,-0.0439,0.9883,10.4980,-13.3667,-5.0659,1,481,852,235
244736307,38226,-0.0698,-0.0244,0.9971,11.1694,-18.4326,-4.7607,1,488,888,235
244741305,38227,-0.0439,0.0039,1.0171,10.8643,-21.3623,-5.3101,1,466,886,235
244746303,38228,-0.0039,0.0303,1.0420,9.5825,-23.4375,-5.8594,1,466,909,235
244751303,38229,0.0254,0.0278,1.0547,7.3242,-22.6440,-5.7373,1,466,894,235
244756302,38230,0.0142,0.0122,1.0435,6.7749,-22.6440,-5.0659,1,484,903,235
244761308,38231,-0.0142,0.0103,1.0220,5.6763,-24.9023,-4.3945,1,465,845,235
244766302,38232,-0.0283,0.0171,1.0083,4.2114,-26.7944,-4.2725,1,481,926,235
244771309,38233,-0.0210,0.0249,1.0137,2.3193,-28.1982,-4.2114,1,472,892,235
244776303,38234,0.0054,0.0288,1.0327,0.4272,-29.2358,-3.7231,1,470,903,235
244781304,38235,0.0430,0.0186,1.0532,-1.7090,-28.3203,-3.2349,1,482,901,235
244786305,38236,0.0723,-0.0039,1.0649,-2.4414,-25.6348,-2.6855,1,466,877,235
244791332,38237,0.0732,-0.0156,1.0566,-2.1362,-22.8882,-2.1362,1,483,884,235
244796304,38238,0.0518,-0.0127,1.0381,-2.5024,-21.1792,-1.8921,1,483,890,235
244801303,38239,0.0347,-0.0103,1.0288,-2.9907,-20.5688,-1.7090,1,465,891,235
244806310,38240,0.0400,-0.0127,1.0356,-2.8687,-20.1416,-1.6479,1,494,896,235
244811301,38241,0.0601,-0.0146,1.0464,-2.6855,-18.6768,-1.7700,1,464,821,235
244816308,38242,0.0654,-0.0122,1.0454,-2.5024,-16.6626,-1.8311,1,486,870,235
244821308,38243,0.0454,-0.0112,1.0342,-2.3193,-15.9912,-1.6479,1,482,865,235
244826306,38244,0.0278,-0.0142,1.0269,-2.2583,-16.8457,-1.5259,1,472,880,235
244831309,38245,0.0273,-0.0200,1.0269,-1.8311,-17.0898,-1.4648,1,484,868,235
244836306,38246,0.0298,-0.0229,1.0264,-1.0986,-17.2119,-1.2207,1,492,861,235
244841321,38247,0.0312,-0.0229,1.0264,-0.6104,-17.8223,-0.8545,1,493,865,235
244846301,38248,0.0312,-0.0220,1.0269,-0.3052,-18.3716,-0.5493,1,466,910,235
244851307,38249,0.0288,-0.0200,1.0269,0.0000,-19.3481,-0.4272,1,465,912,235
244856304,38250,0.0327,-0.0200,1.0278,0.3662,-20.8130,-0.0610,1,478,789,235
244861307,38251,0.0405,-0.0225,1.0278,1.0986,-20.8130,-0.1831,1,466,838,235
244866305,38252,0.0391,-0.0239,1.0239,1.9531,-20.9351,-0.4883,1,472,925,235
244871305,38253,0.0273,-0.0220,1.0186,2.6855,-22.0947,-0.9766,1,482,882,235
244876303,38254,0.0146,-0.0200,1.0146,3.2959,-23.6816,-1.5869,1,468,889,235
244881301,38255,0.0088,-0.0176,1.0122,3.9673,-25.2686,-2.5024,1,474,857,235
244886301,38256,0.0049,-0.0171,1.0098,4.5166,-26.7944,-3.6011,1,481,877,235
244891324,38257,-0.0083,-0.0186,1.0063,5.1880,-28.8696,-4.5776,1,484,870,235
244896301,38258,-0.0225,-0.0181,1.0024,5.8594,-31.6772,-5.4321,1,466,884,235
244901308,38259,-0.0215,-0.0171,1.0000,6.1646,-34.6680,-6.4087,1,466,899,235
244906309,38260,-0.0166,-0.0161,0.9980,6.2256,-36.1938,-7.3242,1,494,881,235
244911309,38261,-0.0171,-0.0103,1.0010,6.0425,-38.6963,-7.6294,1,464,799,235
244916309,38262,0.0024,0.0005,1.0103,4.8828,-42.2363,-7.2021,1,478,863,235
244921308,38263,0.0562,0.0190,1.0269,3.2349,-42.6636,-6.7139,1,479,863,235
244926309,38264,0.0967,0.0342,1.0425,0.5493,-40.2832,-6.2256,1,492,869,235
244931308,38265,0.1084,0.0303,1.0454,-1.8311,-39.8560,-5.4932,1,478,864,235
244936305,38266,0.1172,0.0249,1.0449,-3.1128,-39.6118,-4.6387,1,489,859,235
244941320,38267,0.1318,0.0264,1.0552,-5.3101,-38.3301,-3.9673,1,493,872,235
244946301,38268,0.1592,0.0332,1.0679,-7.5073,-38.8794,-3.1738,1,466,885,235
244951310,38269,0.1562,0.0327,1.0767,-10.3760,-38.7573,-3.9062,1,466,897,235
244956302,38270,0.0850,0.0312,1.0732,-12.6953,-43.9453,-4.7607,1,478,946,235
244961305,38271,-0.0024,0.0269,1.0674,-15.8081,-51.3306,-5.9204,1,466,937,235
244966305,38272,-0.0684,0.0200,1.0688,-18.4937,-60.8520,-6.6528,1,483,911,235
244971304,38273,-0.1226,0.0176,1.0693,-20.9961,-73.6084,-8.6670,1,467,900,235
244976310,38274,-0.1533,0.0034,1.0767,-24.2310,-89.1113,-10.9863,1,472,906,235
244981303,38275,-0.2393,0.0112,1.0859,-24.5361,-102.1118,-13.9160,1,472,927,235
244986303,38276,-0.4165,0.0610,1.1240,-30.2734,-126.8310,-18.1885,1,482,947,235
244991330,38277,-0.5459,0.1089,1.1753,-35.5225,-173.2178,-18.5547,1,483,921,235
244996308,38278,-0.7344,0.1519,1.2397,-44.3115,-217.5903,-26.3672,1,466,908,235
245001307,38279,-1.2256,0.1997,1.3501,-60.5469,-277.6489,-38.7573,1,494,946,235
245006306,38280,-1.9482,0.3423,1.5669,-80.6274,-363.3423,-41.3208,1,494,934,235
245011304,38281,-2.2827,0.3896,1.8384,-96.8018,-475.4028,-26.3672,1,466,943,235
245016309,38282,-1.3335,0.3979,1.9141,-96.8628,-578.3691,10.2539,1,475,836,235
245021304,38283,-0.2607,0.4868,1.9224,-120.9106,-604.6753,14.2822,1,489,874,235
245026309,38284,-0.8921,0.4863,2.2603,-178.5278,-604.5532,-19.7754,1,485,917,235
245031309,38285,-2.0884,0.4341,2.6382,-183.7768,-740.6005,-20.0806,1,489,910,235
245036308,38286,-2.3389,0.2808,2.3779,-190.7348,-834.4726,-17.4561,1,473,912,235
245041307,38287,-1.9663,0.1211,1.6123,-209.5337,-876.5869,-28.1372,1,492,915,235
245046307,38288,-1.6548,0.0000,0.9546,-216.3086,-914.5507,-46.9971,1,466,951,235
245051309,38289,-1.6191,-0.1636,0.5229,-212.0972,-957.7636,-66.7114,1,484,897,235
245056302,38290,-1.7490,-0.3994,0.1143,-179.3213,-1007.6293,-77.6978,1,465,951,235
245061309,38291,-1.7803,-0.6465,-0.3462,-127.5024,-1052.0630,-85.0830,1,484,948,235
245066306,38292,-1.5371,-0.3574,-0.3789,-80.8716,-1091.9800,-88.3179,1,471,885,235
245071304,38293,0.9414,0.4268,1.1572,-112.3047,-1237.5488,-70.1904,1,481,945,235
245076306,38294,6.6885,-1.0503,3.9248,-206.4819,-1163.8794,-27.2217,1,467,933,235
245081303,38295,8.2168,-3.0303,6.6055,-83.4351,-258.2397,-148.6206,1,471,939,235
245086304,38296,3.5811,-2.2158,7.9365,-8.6670,-16.4185,-150.1465,1,481,905,235
245091307,38297,-0.2275,-0.9932,7.3818,-66.4673,-50.9033,-104.1870,1,478,900,235
245096305,38298,-1.2480,-0.9194,6.0200,-62.8052,76.4160,-109.1309,1,483,922,235
245101310,38299,-0.8501,-1.3433,4.7246,-51.2085,197.0215,-84.5947,1,492,933,235
245106304,38300,-0.4810,-1.5010,3.5820,-17.7002,275.8789,-62.8052,1,465,943,235
245111308,38301,-0.5811,-1.3047,2.4868,-0.9766,328.3081,-48.5840,1,493,921,235
245116309,38302,-0.9189,-1.0020,1.5215,23.9258,350.2197,-38.2690,1,487,872,235
245121309,38303,-1.2163,-0.7305,0.7837,47.3022,347.4121,-30.8838,1,486,830,235
245126309,38304,-1.3423,-0.5439,0.3340,56.3354,329.5288,-25.6958,1,491,919,235
245131304,38305,-1.2925,-0.4272,0.1392,65.7349,301.9409,-20.0806,1,481,921,235
245136303,38306,-1.1284,-0.3311,0.1182,70.4346,275.6348,-17.1509,1,474,895,235
245141309,38307,-0.9272,-0.2432,0.2148,69.6411,254.6387,-17.8223,1,481,890,235
245146327,38308,-0.7173,-0.1802,0.3799,66.8335,240.1733,-18.1885,1,493,909,235
245151304,38309,-0.5322,-0.1479,0.5635,60.3638,237.2436,-20.0806,1,466,924,235
245156303,38310,-0.4106,-0.1362,0.7407,51.1475,241.3940,-21.6675,1,465,942,235
245161301,38311,-0.3389,-0.1338,0.9004,41.0767,247.9248,-22.2778,1,484,947,235
245166309,38312,-0.2656,-0.1440,1.0420,29.9072,257.3242,-21.8506,1,465,928,235
245171306,38313,-0.1606,-0.1772,1.1626,19.4092,270.5688,-20.6909,1,474,880,235
245176303,38314,-0.0479,-0.2300,1.2495,11.0474,287.4146,-19.1650,1,481,968,235
245181309,38315,0.0386,-0.2915,1.2979,5.3711,304.2603,-16.1743,1,467,919,235
245186304,38316,0.0952,-0.3555,1.3091,2.9297,319.8853,-12.1460,1,467,861,235
245191303,38317,0.1235,-0.4082,1.2881,3.1738,333.8012,-7.0190,1,477,896,235
245196322,38318,0.1338,-0.4380,1.2510,4.8828,344.0551,-1.0986,1,484,890,235
245201310,38319,0.1533,-0.4448,1.2192,6.1646,351.5014,5.4321,1,466,890,235
245206308,38320,0.1982,-0.4365,1.2036,7.3242,357.9712,12.3291,1,493,916,235
245211308,38321,0.2603,-0.4189,1.1973,7.9956,364.0747,19.4092,1,485,935,235
245216303,38322,0.3188,-0.3921,1.1855,8.4839,370.3613,26.0010,1,466,913,235
245221307,38323,0.3564,-0.3496,1.1597,8.9111,375.0610,31.6772,1,491,842,235
245226307,38324,0.3667,-0.2866,1.1294,8.3008,377.0752,36.3159,1,489,866,235
245231307,38325,0.3633,-0.2075,1.1245,5.1880,375.0000,39.6118,1,478,888,235
245236304,38326,0.3848,-0.1284,1.1714,-0.7935,370.4834,42.4194,1,488,897,235
245241309,38327,0.4526,-0.0649,1.2715,-8.3618,367.5537,44.3115,1,480,896,235
245246309,38328,0.5459,-0.0181,1.4009,-15.6250,367.4926,45.0439,1,492,904,235
245251308,38329,0.6299,0.0156,1.5278,-21.6064,369.2016,44.5557,1,466,937,235
245256304,38330,0.6924,0.0352,1.6328,-25.6348,371.7651,42.7246,1,483,942,235
245261303,38331,0.7432,0.0361,1.7085,-28.1372,375.1831,40.3442,1,466,946,235
245266309,38332,0.7827,0.0132,1.7544,-29.3579,379.5166,38.1470,1,484,939,235
245271303,38333,0.7920,-0.0254,1.7754,-29.2969,383.3008,36.6821,1,470,927,235
245276310,38334,0.7832,-0.0654,1.7915,-29.0527,384.3383,36.5601,1,482,959,235
245281304,38335,0.7896,-0.0996,1.8223,-29.4189,384.6435,37.6587,1,482,929,235
245286303,38336,0.8145,-0.1270,1.8701,-29.1748,385.9863,39.5508,1,474,938,235
245291309,38337,0.8467,-0.1499,1.9219,-28.9307,387.4511,42.1143,1,480,935,235
245296303,38338,0.8789,-0.1743,1.9639,-28.1372,389.2212,45.2270,1,473,926,235
245301308,38339,0.8999,-0.2026,1.9961,-26.7944,391.1133,48.8892,1,484,931,235
245306306,38340,0.9111,-0.2310,2.0293,-25.3906,391.3574,52.8564,1,466,944,235
245311307,38341,0.9277,-0.2588,2.0708,-24.2920,390.8081,57.1899,1,466,945,235
245316301,38342,0.9521,-0.2842,2.1182,-23.2544,391.3574,61.6455,1,494,941,235
245321301,38343,0.9751,-0.3008,2.1616,-22.1558,392.3340,66.0400,1,483,946,235
245326304,38344,0.9990,-0.3105,2.1973,-21.4233,393.2495,69.7632,1,485,825,235
245331308,38345,1.0391,-0.3208,2.2271,-21.3623,393.3105,72.6929,1,491,920,235
245336305,38346,1.1079,-0.3345,2.2471,-21.3623,393.6767,75.3174,1,472,907,235
245341302,38347,1.1899,-0.3394,2.2461,-22.0337,394.5312,76.9653,1,486,912,235
245346301,38348,1.2603,-0.3184,2.2183,-23.8647,393.9819,77.2095,1,471,912,235
245351317,38349,1.3198,-0.2705,2.1724,-28.1372,390.9912,76.3550,1,493,909,235
245356306,38350,1.3857,-0.2144,2.1226,-34.7900,386.2915,74.1577,1,493,913,235
245361305,38351,1.4658,-0.1699,2.0747,-42.7856,380.1880,70.7397,1,484,935,235
245366301,38352,1.6372,-0.1299,1.9736,-57.1899,362.7319,62.8052,1,473,945,235
245371308,38353,1.7402,-0.1279,1.9160,-63.5986,351.5625,58.4717,1,465,940,235
245376304,38354,1.8618,-0.1450,1.8447,-68.3594,339.6606,54.7485,1,480,938,235
245381304,38355,1.9902,-0.1792,1.7407,-70.9229,327.9419,51.8799,1,468,973,235
245386303,38356,2.1099,-0.2197,1.5918,-70.9229,315.4297,50.1709,1,474,923,235
245391308,38357,2.2222,-0.2598,1.4028,-69.0918,300.4150,49.7436,1,479,923,235
245396302,38358,2.3369,-0.2900,1.1807,-65.9180,283.9966,50.7812,1,479,881,235
245401306,38359,2.4443,-0.2856,0.9185,-61.5234,266.4185,53.0395,1,481,912,235
245406301,38360,2.5332,-0.2119,0.6235,-57.9224,246.2768,54.8096,1,483,925,235
245411305,38361,2.6191,-0.0874,0.3320,-57.9224,222.3511,55.2978,1,492,951,235
245416307,38362,2.7217,0.0332,0.0840,-59.9365,195.3125,53.8330,1,466,945,235
245421306,38363,2.8428,0.1279,-0.1084,-59.5703,165.1001,49.6826,1,494,944,235
245426309,38364,2.9634,0.2026,-0.2432,-56.5796,134.2163,42.9077,1,466,942,235
245431304,38365,3.0669,0.2617,-0.3188,-50.9033,102.7222,33.9966,1,491,871,235
245436308,38366,3.1499,0.2891,-0.3447,-42.5415,71.7773,24.2920,1,483,917,235
245441302,38367,3.1909,0.2695,-0.3408,-31.6772,42.4805,15.8691,1,488,909,235
245446309,38368,3.1880,0.1655,-0.4272,-18.2495,9.3994,9.5215,1,479,916,235
245451304,38369,3.0547,0.0386,-1.1079,5.2490,-85.5102,8.4839,1,479,878,235
245456309,38370,2.9126,0.1196,-2.1250,27.0996,-253.7842,22.1558,1,480,875,235
245461306,38371,2.9980,0.3477,-2.6001,27.5879,-392.2119,16.4795,1,493,918,235
245466303,38372,2.8174,0.3774,-2.0854,25.5127,-404.9072,-11.9019,1,484,930,235
245471309,38373,2.0728,0.0400,-0.5356,24.8413,-367.9809,-21.8506,1,466,941,235
245476309,38374,0.5742,-0.2588,1.2476,55.0537,-333.8012,-26.8555,1,484,941,235
245481301,38375,-1.3594,-0.6055,2.4160,36.0107,-334.5947,-29.4800,1,467,935,235
245486302,38376,-2.3472,-1.1719,2.4902,32.3486,-370.8496,-11.0474,1,480,934,235
245491302,38377,-1.6963,-1.2964,1.3877,49.9878,-418.6401,15.4419,1,481,930,235
245496302,38378,0.0073,-0.8384,-0.1313,26.3672,-434.7534,41.4429,1,465,943,235
245501308,38379,1.3496,-0.3066,-0.9077,-13.2446,-419.4336,51.0864,1,469,938,235
245506308,38380,1.5112,-0.0029,-0.2393,-44.1284,-419.0063,56.2744,1,466,931,235
245511304,38381,1.1367,0.2056,1.5371,-52.0019,-430.8471,62.7441,1,483,927,235
245516301,38382,1.1313,0.5376,3.3608,-54.9316,-411.9262,62.8662,1,466,929,235
245521302,38383,1.5059,0.9893,4.3188,-38.8184,-361.3281,45.1050,1,466,955,235
245526301,38384,1.7817,1.3169,4.1870,-15.2588,-298.6450,12.8784,1,481,932,235
245531304,38385,1.6367,1.3613,3.3994,-2.4414,-248.4741,-15.8691,1,464,944,235
245536309,38386,1.2173,1.0879,2.6006,-4.7607,-221.0693,-36.0107,1,480,841,235
245541305,38387,0.8379,0.4990,2.1543,-13.5498,-200.9277,-48.7671,1,485,887,235
245546304,38388,0.3354,-0.7798,2.2007,-19.8364,-177.3681,-46.3867,1,476,916,235
245551305,38389,0.2114,-2.4526,2.8286,15.6250,-166.0156,-9.3994,1,490,914,235
245556302,38390,0.8994,-3.1685,3.2324,90.8813,-158.2642,29.2358,1,490,932,235
245561314,38391,1.4531,-2.4385,2.8115,117.8589,-100.2197,48.4619,1,493,918,235
245566301,38392,1.1890,-0.7827,2.1772,150.3296,-60.4858,46.6309,1,493,929,235
245571304,38393,0.5513,0.8916,1.8252,154.9072,-54.5654,38.0859,1,484,939,235
245576302,38394,0.1772,1.6655,1.7759,115.8447,-38.8794,20.9961,1,477,935,235
245581308,38395,0.1411,1.3149,1.8159,81.6650,-19.8975,7.8125,1,465,930,235
245586308,38396,0.2705,0.3643,1.7373,66.1011,-6.9580,5.3711,1,483,865,235
245591302,38397,0.3311,-0.4668,1.4829,67.9321,5.9204,6.4087,1,465,882,235
245596302,38398,0.1816,-0.7261,1.1382,80.9936,10.7422,10.4980,1,475,895,235
245601309,38399,-0.0601,-0.4038,0.9111,92.0410,2.9907,13.7939,1,479,932,235
245606302,38400,-0.1743,0.1094,0.9712,89.0503,-4.6997,10.9253,1,476,915,235
245611302,38401,-0.1089,0.4014,1.2080,75.0122,-7.4463,6.7749,1,478,897,235
245616305,38402,0.0049,0.4126,1.3672,61.8286,-5.9814,4.6997,1,484,874,235
245621303,38403,0.0708,0.3438,1.3848,50.2319,-4.6997,2.5024,1,492,901,235
245626301,38404,0.0903,0.2534,1.2974,34.9731,-2.6245,1.4648,1,494,933,235
245631304,38405,0.0444,0.1069,1.1558,26.4282,2.6855,1.0376,1,488,902,235
245636306,38406,-0.0054,-0.0029,1.0913,24.5972,-0.6104,1.8311,1,465,800,235
245641309,38407,0.0103,0.0034,1.1367,22.7661,-0.7935,1.2207,1,480,865,235
245646304,38408,0.0269,0.0493,1.1758,17.9443,1.8921,-0.3662,1,483,868,235
245651303,38409,-0.0005,0.0562,1.1372,13.7329,0.0610,-0.4272,1,473,863,235
245656307,38410,-0.0254,0.0366,1.0762,11.3525,-4.0894,0.2441,1,483,884,235
245661307,38411,-0.0205,0.0171,1.0532,8.9722,-5.0659,0.3662,1,478,871,235
245666307,38412,-0.0107,0.0073,1.0605,6.8970,-5.1270,-0.1221,1,480,852,235
245671306,38413,-0.0098,0.0015,1.0688,5.4932,-6.2256,-0.3052,1,493,847,235
245676306,38414,-0.0117,-0.0103,1.0645,3.8452,-6.8359,-0.9766,1,483,866,235
245681304,38415,-0.0132,-0.0361,1.0513,3.1128,-7.0801,-1.6479,1,465,880,235
245686306,38416,-0.0127,-0.0684,1.0391,3.3569,-7.3242,-2.3804,1,484,866,235
245691308,38417,-0.0083,-0.0903,1.0312,4.4556,-7.1411,-3.1738,1,465,879,235
245696306,38418,0.0005,-0.0859,1.0303,5.9204,-6.6528,-3.5400,1,481,911,235
245701303,38419,0.0103,-0.0664,1.0366,6.4697,-5.1880,-3.6621,1,482,863,235
245706308,38420,0.0142,-0.0537,1.0410,6.7139,-3.9673,-3.4180,1,469,878,235
245711305,38421,0.0117,-0.0508,1.0356,7.2021,-2.8076,-3.1128,1,466,864,235
245716307,38422,0.0049,-0.0513,1.0259,7.2632,-1.9531,-2.9297,1,470,862,235
245721311,38423,-0.0044,-0.0483,1.0161,7.2021,-1.2817,-2.7466,1,484,858,235
245726302,38424,-0.0181,-0.0396,1.0088,6.6528,-1.0986,-2.5635,1,483,865,235
245731308,38425,-0.0298,-0.0352,1.0049,5.8594,-1.9531,-2.0142,1,466,877,235
245736309,38426,-0.0264,-0.0425,1.0063,5.6152,-2.8076,-1.7090,1,466,875,235
245741306,38427,-0.0137,-0.0430,1.0142,5.7373,-2.6245,-1.5259,1,492,879,235
245746301,38428,-0.0049,-0.0317,1.0225,5.4932,-2.1362,-1.4038,1,464,834,235
245751308,38429,0.0039,-0.0234,1.0293,4.8218,-1.7090,-1.0376,1,474,862,235
245756306,38430,0.0137,-0.0186,1.0356,4.3945,-0.9155,-0.7935,1,473,844,235
245761301,38431,0.0166,-0.0171,1.0386,3.7231,0.0000,-0.6714,1,475,853,235
245766303,38432,0.0122,-0.0195,1.0342,3.1738,0.4272,-0.3052,1,484,804,235
245771308,38433,-0.0010,-0.0205,1.0225,3.1738,0.7324,-0.1831,1,489,853,235
245776312,38434,-0.0117,-0.0264,1.0093,3.1128,0.6714,-0.3052,1,487,847,235
245781310,38435,-0.0078,-0.0415,1.0044,3.7231,0.6104,-0.2441,1,493,841,235
245786302,38436,0.0005,-0.0518,1.0063,5.1270,1.5259,-0.2441,1,483,875,235
245791304,38437,-0.0005,-0.0552,1.0063,6.1035,2.1973,-0.2441,1,465,860,235
245796304,38438,-0.0073,-0.0547,1.0039,7.5073,2.2583,-0.2441,1,484,808,235
245801301,38439,-0.0122,-0.0498,1.0039,8.9111,2.1973,-0.3662,1,472,910,235
245806306,38440,-0.0146,-0.0474,1.0112,9.8267,2.0752,-0.5493,1,480,876,235
245811305,38441,-0.0132,-0.0361,1.0210,10.5591,1.5869,-0.6714,1,479,872,235
245816308,38442,-0.0054,-0.0205,1.0283,10.8032,1.0376,-0.9766,1,480,883,235
245821310,38443,0.0000,-0.0225,1.0298,10.4980,1.4038,-1.3428,1,480,887,235
245826305,38444,-0.0039,-0.0366,1.0215,11.4136,1.6479,-1.5259,1,482,831,235
245831312,38445,-0.0107,-0.0449,1.0122,12.6343,1.4648,-1.7700,1,484,879,235
245836306,38446,-0.0166,-0.0400,1.0103,13.4277,1.2207,-2.0142,1,466,900,235
245841303,38447,-0.0195,-0.0312,1.0132,14.0381,0.5493,-2.2583,1,493,896,235
245846303,38448,-0.0195,-0.0278,1.0146,14.3433,-0.0610,-2.1973,1,480,924,235
245851306,38449,-0.0210,-0.0220,1.0142,14.5874,-1.3428,-2.1362,1,464,798,235
245856305,38450,-0.0176,-0.0044,1.0244,14.5264,-2.9297,-1.8311,1,475,824,235
245861309,38451,-0.0024,0.0176,1.0479,13.5498,-3.2959,-1.7700,1,474,864,235
245866303,38452,0.0078,0.0220,1.0571,11.7798,-2.7466,-1.7700,1,481,869,235
245871309,38453,0.0005,0.0107,1.0444,11.2915,-3.0518,-1.5259,1,477,893,235
245876307,38454,-0.0142,0.0063,1.0303,10.8643,-4.2725,-1.2207,1,485,862,235
245881305,38455,-0.0239,0.0073,1.0269,9.9487,-5.4321,-1.1597,1,490,861,235
245886303,38456,-0.0190,0.0093,1.0322,9.0332,-6.7139,-0.8545,1,466,856,235
245891310,38457,-0.0059,0.0093,1.0381,7.9956,-7.2021,-0.5493,1,483,876,235
245896306,38458,-0.0024,0.0083,1.0356,7.2021,-7.5073,-0.6104,1,465,860,235
245901308,38459,-0.0083,0.0068,1.0293,6.7749,-7.9346,-0.6104,1,484,866,235
245906306,38460,-0.0166,0.0049,1.0229,6.4087,-8.2397,-0.9155,1,472,902,235
245911307,38461,-0.0190,0.0015,1.0186,6.0425,-9.2773,-1.2207,1,479,871,235
245916310,38462,-0.0186,-0.0010,1.0151,5.9814,-9.6436,-1.4648,1,482,871,235
245921301,38463,-0.0239,0.0020,1.0137,5.7983,-10.1929,-2.0752,1,465,878,235
245926306,38464,-0.0283,0.0059,1.0151,5.3711,-11.4746,-2.6855,1,479,876,235
245931308,38465,-0.0249,0.0000,1.0190,4.8828,-12.2070,-3.2959,1,474,881,235
245936332,38466,-0.0166,-0.0049,1.0249,5.0659,-12.2681,-3.8452,1,484,840,235
245941302,38467,-0.0132,-0.0024,1.0283,4.5776,-12.2070,-4.5776,1,466,899,235
245946307,38468,-0.0229,0.0000,1.0259,3.8452,-12.4512,-4.8218,1,466,903,235
245951303,38469,-0.0439,0.0068,1.0161,3.1738,-13.7939,-5.0659,1,494,857,235
245956305,38470,-0.0464,0.0137,1.0112,1.3428,-16.1133,-5.3101,1,466,830,235
245961302,38471,-0.0239,0.0107,1.0137,0.0610,-15.3809,-5.8594,1,488,830,235
245966301,38472,-0.0044,0.0034,1.0171,-1.1597,-14.0991,-6.1646,1,481,865,235
245971305,38473,-0.0151,0.0054,1.0127,-1.9531,-13.1836,-6.1646,1,492,860,235
245976308,38474,-0.0459,0.0176,1.0020,-3.6011,-15.0146,-6.1035,1,475,868,235
245981306,38475,-0.0552,0.0303,1.0044,-5.3101,-17.5171,-6.4697,1,478,863,235
245986320,38476,-0.0400,0.0244,1.0156,-6.5308,-19.5312,-7.6294,1,492,853,235
245991307,38477,-0.0146,0.0063,1.0244,-7.2632,-20.3857,-7.8125,1,493,897,235
245996306,38478,0.0044,-0.0005,1.0312,-8.1177,-20.8740,-7.2632,1,484,900,235
246001309,38479,0.0137,-0.0005,1.0322,-8.7280,-21.7285,-7.2021,1,477,914,235
246006308,38480,0.0259,-0.0063,1.0337,-8.5449,-23.1323,-6.9580,1,465,838,235
246011305,38481,0.0254,-0.0171,1.0337,-7.8735,-23.4985,-7.0190,1,465,931,235
246016302,38482,-0.0063,-0.0195,1.0249,-7.4463,-24.6582,-7.0190,1,471,888,235
246021301,38483,-0.0332,-0.0156,1.0151,-6.6528,-28.0151,-6.4087,1,479,899,235
246026305,38484,-0.0308,-0.0146,1.0107,-5.6763,-29.3579,-6.1646,1,483,903,235
246031306,38485,-0.0200,-0.0146,1.0083,-4.7607,-30.5786,-6.3477,1,465,883,235
246036308,38486,-0.0083,-0.0098,1.0117,-3.8452,-32.2266,-6.6528,1,481,883,235
246041305,38487,0.0186,-0.0103,1.0225,-2.9907,-34.1187,-6.8359,1,484,875,235
246046307,38488,0.0371,-0.0146,1.0332,-1.8921,-34.0576,-7.2632,1,466,891,235
246051304,38489,0.0146,-0.0107,1.0376,-1.2817,-34.7900,-7.2021,1,466,896,235
246056306,38490,-0.0059,0.0000,1.0415,-1.2817,-39.3066,-6.3477,1,494,895,235
246061306,38491,0.0098,0.0044,1.0459,-1.5259,-41.6260,-5.9204,1,493,779,235
246066305,38492,0.0269,0.0039,1.0483,-2.0142,-42.5415,-6.1646,1,477,870,235
246071303,38493,0.0498,0.0000,1.0459,-2.0752,-46.1426,-5.6152,1,486,868,235
246076302,38494,0.0781,-0.0034,1.0483,-2.0142,-45.2881,-5.1270,1,476,828,235
246081308,38495,0.1099,-0.0049,1.0542,-2.2583,-46.4478,-3.6621,1,485,867,235
246086303,38496,0.1616,-0.0005,1.0620,-1.8921,-45.4102,-2.8076,1,488,870,235
246091326,38497,0.1538,0.0117,1.0664,-3.1128,-41.9311,-2.9297,1,493,861,235
246096307,38498,0.0347,0.0347,1.0645,-5.8594,-45.8984,-3.9062,1,493,878,235
246101303,38499,-0.0723,0.0425,1.0625,-10.0708,-60.4248,-5.4321,1,465,900,235
246106305,38500,-0.0981,0.0283,1.0571,-12.3901,-72.8149,-7.0801,1,484,913,235
246111307,38501,-0.1387,0.0229,1.0566,-15.1978,-83.6792,-9.5825,1,466,903,235
246116302,38502,-0.2588,0.0278,1.0645,-19.2871,-101.8677,-11.4746,1,469,923,235
246121309,38503,-0.3735,0.0420,1.0723,-22.5220,-128.9673,-8.9722,1,477,968,235
246126308,38504,-0.3511,0.0527,1.0776,-24.1089,-157.5928,-5.1880,1,478,907,235
246131306,38505,-0.3320,0.0337,1.1147,-27.2217,-181.2134,-6.5918,1,482,906,235
246136304,38506,-0.5786,0.0518,1.1865,-29.2358,-207.4585,-12.1460,1,469,908,235
246141301,38507,-1.0620,0.0981,1.2837,-38.9404,-258.4839,-16.7847,1,484,928,235
246146307,38508,-1.4131,0.1567,1.4380,-49.0723,-326.8432,-13.7939,1,466,922,235
246151306,38509,-1.3774,0.0488,1.5859,-55.6030,-400.7568,-7.2021,1,492,950,235
246156308,38510,-0.7939,-0.0449,1.6245,-54.5654,-462.0971,-1.0986,1,466,929,235
246161302,38511,0.1689,0.1816,1.4731,-49.0112,-524.0479,9.4604,1,494,934,235
246166306,38512,0.0894,0.3477,1.6050,-102.7832,-474.2431,-15.8081,1,464,818,235
246171310,38513,-0.9971,0.3149,2.0654,-122.1313,-506.6528,-27.7100,1,488,841,235
246176303,38514,-1.4600,0.2690,2.2007,-116.8823,-606.5674,-17.3950,1,473,933,235
246181301,38515,-1.1909,0.1948,1.8784,-139.7095,-630.5542,-21.9727,1,492,909,235
246186305,38516,-0.8159,0.0552,1.3481,-134.3384,-652.5878,-22.2778,1,481,908,235
246191301,38517,-0.6450,-0.1025,0.9321,-136.5356,-673.4008,-31.7383,1,483,948,235
246196310,38518,-0.6401,-0.3281,0.6499,-130.7373,-693.8476,-43.3350,1,493,918,235
246201306,38519,-0.5210,-0.6079,0.3096,-91.9189,-714.7827,-46.7529,1,510,918,235
246206305,38520,-0.2324,-0.8320,-0.0435,-41.0767,-701.5991,-52.0019,1,466,944,235
246211307,38521,0.1772,-0.5278,0.0181,3.2349,-720.6420,-67.3218,1,484,937,235
246216308,38522,0.8940,-0.1328,1.1743,-30.7007,-719.6655,-61.8286,1,465,908,235
246221306,38523,2.5205,-0.8442,2.9951,-84.5947,-611.6333,-47.8516,1,472,945,235
246226302,38524,3.3306,-1.9390,4.4502,-37.2314,-307.3730,-56.5796,1,478,992,235
246231308,38525,1.9360,-1.8403,4.9165,8.9111,-76.8433,-55.8472,1,467,930,235
246236308,38526,0.0186,-1.0967,4.4077,-10.0708,-20.9351,-35.7056,1,467,922,235
246241301,38527,-0.9077,-0.7280,3.4604,-11.7187,24.7192,-28.8696,1,470,901,235
246246327,38528,-0.9873,-0.7314,2.5820,-1.4038,84.5337,-21.8506,1,484,929,235
246251307,38529,-0.8438,-0.7598,1.9414,8.4839,128.9062,-12.5122,1,466,921,235
246256305,38530,-0.8169,-0.6411,1.4502,16.0522,159.6069,-7.2632,1,466,990,235
246261306,38531,-0.9277,-0.4277,1.0332,21.1182,172.1191,-4.8218,1,494,912,235
246266309,38532,-1.0249,-0.2388,0.7163,21.3013,171.0205,-4.7607,1,494,930,235
246271306,38533,-1.0024,-0.1348,0.5645,16.7847,164.9780,-6.0425,1,483,847,235
246276303,38534,-0.8462,-0.0942,0.5771,11.6577,159.5459,-7.6904,1,473,887,235
246281301,38535,-0.6211,-0.0713,0.6792,5.9204,162.7807,-10.3149,1,487,894,235
246286309,38536,-0.4346,-0.0420,0.7998,0.3052,173.0957,-13.9770,1,476,893,235
246291304,38537,-0.3306,-0.0083,0.9121,-5.0049,183.5937,-17.8223,1,478,889,235
246296319,38538,-0.2559,0.0107,1.0283,-10.2539,193.3594,-21.5454,1,481,883,235
246301301,38539,-0.1558,0.0054,1.1572,-14.2822,205.8716,-24.5972,1,493,915,235
246306306,38540,-0.0308,-0.0078,1.2852,-15.9302,221.9848,-27.2217,1,465,939,235
246311307,38541,0.1079,-0.0078,1.3901,-16.8457,241.0278,-29.0527,1,480,935,235
246316308,38542,0.2510,0.0005,1.4521,-16.7236,264.0381,-30.9448,1,466,926,235
246321304,38543,0.3604,0.0190,1.4424,-14.0381,289.4287,-33.5083,1,472,916,235
246326307,38544,0.4072,0.0615,1.3447,-10.3149,312.0728,-36.2549,1,482,966,235
246331302,38545,0.4121,0.1221,1.1929,-7.2021,328.6133,-39.6729,1,465,919,235
246336302,38546,0.4146,0.1719,1.0332,-4.5166,339.5385,-43.4570,1,476,916,235
246341302,38547,0.4331,0.2021,0.8857,-1.0986,345.1538,-46.8140,1,482,928,235
246346308,38548,0.4683,0.2231,0.7573,1.3428,346.0693,-49.9268,1,484,909,235
246351305,38549,0.4995,0.2427,0.6567,3.1128,343.5058,-53.4058,1,466,926,235
246356303,38550,0.5176,0.2656,0.6025,4.6387,336.3647,-57.1899,1,493,926,235
246361303,38551,0.5464,0.2852,0.6074,4.7607,326.4770,-60.4248,1,484,929,235
246366307,38552,0.5986,0.2910,0.6602,3.9062,318.1152,-63.1103,1,494,925,235
246371309,38553,0.6519,0.2847,0.7319,2.4414,311.8286,-65.5518,1,475,815,235
246376304,38554,0.6870,0.2729,0.8091,0.4272,305.7861,-67.1997,1,483,897,235
246381306,38555,0.7144,0.2539,0.8989,-2.5635,299.1333,-67.8711,1,480,882,235
246386305,38556,1.6035,0.1924,1.4438,-8.4229,290.5884,-61.8896,1,488,887,235
246391310,38557,2.1411,-0.1030,1.9609,-12.5122,385.4980,-57.8613,1,480,893,235
246396321,38558,0.4019,0.0098,1.3066,14.8926,427.5512,-80.3223,1,472,926,235
246401305,38559,-0.8242,0.4424,0.4668,-10.9863,240.7226,-55.6030,1,493,905,235
246406304,38560,0.2407,0.1987,0.6040,-30.5786,207.2143,-44.5557,1,484,944,235
246411309,38561,1.4473,-0.2749,1.1758,-8.0566,267.7612,-42.9077,1,479,944,235
246416302,38562,1.5615,-0.3774,1.4653,3.1738,286.5601,-27.8320,1,466,915,235
246421307,38563,1.1040,-0.2476,1.3916,5.3711,278.3813,-23.1934,1,472,924,235
246426303,38564,0.7920,-0.1895,1.2617,2.1973,265.7471,-14.4043,1,471,976,235
246431309,38565,0.7866,-0.2622,1.2437,3.5400,261.1084,-2.6245,1,481,905,235
246436305,38566,0.8730,-0.3447,1.2925,-1.8311,262.5122,9.2773,1,479,905,235
246441303,38567,0.9229,-0.3545,1.3223,-3.4790,259.9487,21.7285,1,467,887,235
246446305,38568,0.9473,-0.3071,1.2964,-8.9722,257.6904,31.3721,1,484,906,235
246451307,38569,0.9600,-0.2656,1.2368,-14.6484,254.6387,39.5508,1,465,898,235
246456310,38570,0.9688,-0.2505,1.1680,-19.0430,249.5117,47.6685,1,466,943,235
246461305,38571,0.9746,-0.2520,1.1069,-22.7051,242.3096,54.6265,1,466,963,235
246466308,38572,0.9780,-0.2490,1.0669,-24.5972,232.6660,60.7910,1,475,939,235
246471310,38573,0.9868,-0.2310,1.0630,-26.3062,221.5576,66.1621,1,494,941,235
246476304,38574,1.0186,-0.2007,1.1006,-29.0527,210.7544,71.7163,1,492,880,235
246481305,38575,1.0815,-0.1724,1.1616,-32.5928,202.0264,76.8433,1,486,909,235
246486303,38576,1.1543,-0.1567,1.2153,-35.7056,195.3735,81.0547,1,473,901,235
246491304,38577,1.2134,-0.1470,1.2446,-37.7197,189.1479,85.2661,1,485,911,235
246496303,38578,1.2642,-0.1382,1.2515,-39.3677,182.6172,89.0503,1,485,940,235
246501305,38579,1.3149,-0.1299,1.2402,-40.7104,176.1474,92.4683,1,487,904,235
246506308,38580,1.3516,-0.1172,1.2114,-41.1377,169.0674,95.3369,1,493,919,235
246511310,38581,1.3672,-0.0957,1.1714,-41.3208,160.0952,97.7783,1,465,945,235
246516306,38582,1.3813,-0.0757,1.1318,-42.1143,149.7803,100.0366,1,484,935,235
246521305,38583,1.4014,-0.0693,1.0952,-42.6636,140.8691,102.1728,1,465,929,235
246526308,38584,1.4082,-0.0679,1.0513,-41.5649,133.1787,103.8208,1,482,932,235
246531309,38585,1.3931,-0.0513,0.9927,-39.5508,124.6338,104.9194,1,482,967,235
246536303,38586,1.3662,-0.0127,0.9243,-37.4146,114.9292,104.3701,1,466,923,235
246541304,38587,1.3433,0.0391,0.8560,-35.6445,104.0649,102.4170,1,478,932,235
246546302,38588,1.3252,0.0933,0.7910,-35.0342,93.0176,99.0601,1,482,933,235
246551306,38589,1.3018,0.1382,0.7329,-35.5835,82.2754,94.3603,1,483,898,235
246556308,38590,1.2681,0.1641,0.6895,-36.8042,71.9604,89.4165,1,466,931,235
246561309,38591,1.2246,0.1689,0.6636,-37.1704,61.8286,84.5947,1,493,916,235
246566303,38592,1.1680,0.1558,0.6509,-36.4380,51.6357,80.3833,1,466,939,235
246571305,38593,1.1011,0.1289,0.6499,-34.2407,41.1377,76.8433,1,494,929,235
246576306,38594,1.0439,0.1021,0.6626,-30.3345,30.9448,74.2798,1,471,851,235
246581310,38595,1.0259,0.0850,0.6753,-26.0620,21.5454,72.2656,1,483,877,235
246586304,38596,1.0264,0.0728,0.6167,-20.3247,6.3477,71.6553,1,489,901,235
246591309,38597,1.0098,0.0894,0.5488,-11.7187,-10.8643,71.8384,1,485,880,235
246596308,38598,1.0049,0.1406,0.5771,-6.3477,-19.4702,69.6411,1,471,926,235
246601323,38599,1.0083,0.1841,0.6406,-3.7231,-22.8271,67.0776,1,471,879,235
246606302,38600,0.9839,0.1982,0.6875,-1.9531,-31.4941,64.8193,1,493,888,235
246611301,38601,0.9639,0.1919,0.7222,1.0376,-41.7480,61.7065,1,465,919,235
246616303,38602,0.9756,0.1812,0.7642,3.7842,-50.7202,57.1899,1,482,915,235
246621304,38603,1.0171,0.1758,0.8203,5.7373,-59.5093,52.6123,1,465,907,235
246626305,38604,1.0781,0.1733,0.8770,6.6528,-66.2231,48.5840,1,476,917,235
246631302,38605,1.1318,0.1748,0.9019,7.6294,-69.3970,43.8232,1,482,976,235
246636306,38606,1.1504,0.1973,0.8760,8.6060,-72.5098,37.7808,1,474,916,235
246641309,38607,1.1338,0.2500,0.8154,7.8735,-78.4302,30.1514,1,476,897,235
246646310,38608,1.0952,0.3076,0.7520,5.0049,-85.9985,20.6909,1,477,892,235
246651307,38609,0.8687,0.2583,0.7607,-1.0986,-87.3413,9.3384,1,483,898,235
246656308,38610,0.3960,0.0063,0.9668,-10.0708,-76.4771,6.7139,1,465,906,235
246661302,38611,0.0381,-0.2822,1.2861,-6.7749,-69.7632,15.9912,1,493,900,235
246666304,38612,-0.0747,-0.4497,1.4956,-5.6763,-62.3169,17.9443,1,484,920,235
246671307,38613,-0.1523,-0.5615,1.5293,-5.9204,-57.1899,20.1416,1,494,921,235
246676303,38614,-0.2900,-0.7007,1.4277,5.5542,-52.0630,26.3672,1,473,822,235
246681301,38615,-0.4595,-0.6533,1.4238,37.7197,-49.1333,36.4380,1,490,896,235
246686307,38616,-0.2725,-0.1064,1.3931,99.3042,-77.5757,26.9775,1,480,904,235
246691306,38617,0.1108,0.4883,1.1904,85.1440,-47.5464,7.5684,1,483,902,235
246696306,38618,0.1519,0.5835,1.0830,58.8989,-32.7148,8.9722,1,489,914,235
246701320,38619,0.0923,0.3091,1.1567,47.8516,-44.1284,18.3105,1,469,888,235
246706306,38620,0.1494,-0.0464,1.3555,44.9829,-32.8369,13.6108,1,493,899,235
246711303,38621,0.2188,-0.2646,1.5156,51.8188,-19.8975,12.5122,1,484,936,235
246716304,38622,0.1890,-0.2363,1.4756,53.3447,-9.8267,12.3901,1,484,968,235
246721303,38623,0.0229,-0.0269,1.2642,52.0019,-6.7749,12.3291,1,465,917,235
246726302,38624,-0.1431,0.1699,1.0576,46.9971,-13.1836,10.1929,1,479,921,235
246731309,38625,-0.1890,0.2603,0.9868,40.9546,-18.2495,7.9956,1,465,924,235
246736306,38626,-0.1558,0.3281,1.0859,33.3862,-20.3247,5.6152,1,466,911,235
246741309,38627,-0.0649,0.4102,1.2778,18.9819,-23.3765,0.7935,1,474,921,235
246746306,38628,0.0742,0.3408,1.3750,2.3804,-22.3389,-1.1597,1,477,893,235
246751303,38629,0.1396,0.0801,1.2822,-4.5776,-12.3901,-0.2441,1,483,878,235
246756306,38630,0.0713,-0.1348,1.1152,-0.3662,-7.4463,0.5493,1,466,905,235
246761301,38631,-0.0308,-0.1553,1.0210,1.8921,-8.8501,0.9766,1,492,888,235
246766306,38632,-0.0649,-0.0596,1.0234,0.6714,-10.6812,0.9766,1,477,868,235
246771309,38633,-0.0410,0.0195,1.0576,-1.5259,-9.9487,0.7935,1,494,893,235
246776307,38634,-0.0137,0.0186,1.0723,-3.8452,-8.4229,0.6714,1,465,827,235
246781307,38635,-0.0063,-0.0273,1.0625,-3.8452,-7.7515,0.9155,1,478,851,235
246786304,38636,-0.0117,-0.0664,1.0459,-3.4180,-7.0801,0.6104,1,490,855,235
246791305,38637,-0.0234,-0.0918,1.0312,-2.4414,-6.6528,0.5493,1,483,864,235
246796303,38638,-0.0332,-0.0933,1.0176,-0.4272,-7.0190,0.4272,1,471,885,235
246801318,38639,-0.0347,-0.0791,1.0146,0.7935,-7.1411,-0.2441,1,471,850,235
246806301,38640,-0.0244,-0.0605,1.0278,1.7090,-6.9580,-0.4883,1,492,857,235
246811306,38641,-0.0044,-0.0366,1.0479,1.9531,-6.0425,-0.6714,1,465,880,235
246816305,38642,0.0029,-0.0376,1.0542,1.3428,-4.1504,-1.0376,1,476,865,235
246821309,38643,-0.0122,-0.0591,1.0391,2.0752,-3.4790,-0.9766,1,466,868,235
246826306,38644,-0.0273,-0.0581,1.0249,3.1738,-4.0283,-1.0376,1,465,931,235
246831305,38645,-0.0249,-0.0410,1.0308,2.7466,-3.9673,-1.2207,1,472,876,235
246836310,38646,-0.0112,-0.0298,1.0435,2.4414,-3.4790,-0.9766,1,479,870,235
246841307,38647,-0.0034,-0.0317,1.0464,2.1362,-2.3804,-0.7935,1,477,881,235
246846307,38648,-0.0078,-0.0356,1.0400,1.8921,-1.7700,-0.6714,1,465,861,235
246851301,38649,-0.0161,-0.0312,1.0337,1.7090,-1.7090,-0.6104,1,480,853,235
246856332,38650,-0.0225,-0.0283,1.0298,0.7935,-1.3428,-0.4883,1,466,880,235
246861306,38651,-0.0225,-0.0303,1.0303,0.4272,-1.2207,-0.1221,1,466,875,235
246866304,38652,-0.0151,-0.0303,1.0361,0.0610,-0.9766,0.0000,1,466,869,235
246871308,38653,-0.0093,-0.0264,1.0410,-0.3662,-0.1831,0.2441,1,474,753,235
246876308,38654,-0.0117,-0.0220,1.0396,-1.0376,0.4272,0.3052,1,493,804,235
246881304,38655,-0.0176,-0.0273,1.0347,-1.8921,0.7935,0.3662,1,491,853,235
246886301,38656,-0.0205,-0.0396,1.0312,-2.0142,0.9766,0.4883,1,481,847,235
246891305,38657,-0.0215,-0.0439,1.0288,-1.8921,1.2817,0.4883,1,492,872,235
246896305,38658,-0.0249,-0.0430,1.0264,-2.0752,1.4038,0.3662,1,478,877,235
246901302,38659,-0.0303,-0.0449,1.0190,-2.0142,1.4648,0.3052,1,477,850,235
246906306,38660,-0.0376,-0.0503,1.0083,-1.7090,1.2207,0.2441,1,488,846,235
246911304,38661,-0.0420,-0.0537,1.0024,-1.2817,0.6104,0.1221,1,493,846,235
246916304,38662,-0.0405,-0.0537,1.0044,-0.9766,-0.1831,0.0610,1,466,862,235
246921304,38663,-0.0347,-0.0532,1.0117,-0.6714,-0.6104,0.0610,1,484,863,235
246926310,38664,-0.0288,-0.0532,1.0171,-0.3052,-0.7324,-0.0610,1,467,902,235
246931302,38665,-0.0264,-0.0522,1.0176,0.1221,-0.4883,-0.1221,1,471,864,235
246936304,38666,-0.0293,-0.0522,1.0137,0.4272,-0.5493,-0.1831,1,465,860,235
246941308,38667,-0.0347,-0.0542,1.0107,0.8545,-0.9766,-0.2441,1,469,880,235
246946309,38668,-0.0347,-0.0537,1.0132,1.3428,-1.5259,-0.2441,1,472,855,235
246951308,38669,-0.0269,-0.0454,1.0244,1.6479,-1.5869,-0.1831,1,473,863,235
246956323,38670,-0.0176,-0.0347,1.0361,1.4648,-1.3428,-0.1221,1,484,868,235
246961305,38671,-0.0127,-0.0322,1.0400,1.1597,-1.0376,-0.1831,1,466,878,235
246966310,38672,-0.0127,-0.0371,1.0381,0.9155,-0.9155,-0.1831,1,493,875,235
246971308,38673,-0.0166,-0.0405,1.0361,1.0376,-0.5493,-0.0610,1,466,878,235
246976302,38674,-0.0205,-0.0376,1.0352,0.9766,-0.2441,-0.0610,1,494,877,235
246981302,38675,-0.0205,-0.0352,1.0327,0.6714,-0.1831,0.0000,1,486,855,235
246986305,38676,-0.0200,-0.0356,1.0298,0.4883,0.1221,0.1221,1,476,804,235
246991303,38677,-0.0229,-0.0381,1.0249,0.3052,0.3662,0.1221,1,484,840,235
246996301,38678,-0.0273,-0.0425,1.0176,0.3662,0.3662,0.2441,1,477,844,235
247001301,38679,-0.0308,-0.0469,1.0137,0.3662,0.0000,0.1221,1,480,852,235
247006308,38680,-0.0293,-0.0464,1.0166,0.4272,-0.2441,0.1831,1,488,793,235
247011303,38681,-0.0254,-0.0420,1.0215,0.4272,-0.1831,0.1831,1,493,852,235
247016305,38682,-0.0239,-0.0400,1.0229,0.3052,0.0000,0.1221,1,466,875,235
247021304,38683,-0.0269,-0.0420,1.0205,0.2441,0.0610,0.1831,1,484,824,235
247026302,38684,-0.0278,-0.0420,1.0186,0.2441,-0.1831,0.1221,1,465,904,235
247031302,38685,-0.0249,-0.0410,1.0195,0.1221,-0.2441,0.0610,1,472,866,235
247036302,38686,-0.0234,-0.0410,1.0215,0.1831,-0.1221,0.0000,1,478,874,235
247041302,38687,-0.0254,-0.0425,1.0215,0.2441,0.0000,0.0000,1,465,811,235
247046302,38688,-0.0283,-0.0425,1.0195,0.3662,-0.1831,-0.1221,1,471,763,235
247051308,38689,-0.0293,-0.0425,1.0181,0.4883,-0.3662,0.0000,1,475,862,235
247056315,38690,-0.0283,-0.0430,1.0195,0.4883,-0.4272,-0.1831,1,483,809,235
247061308,38691,-0.0244,-0.0449,1.0229,0.6104,-0.4272,-0.1221,1,466,882,235
247066306,38692,-0.0215,-0.0469,1.0244,0.9155,-0.1221,-0.1221,1,493,876,235
247071308,38693,-0.0229,-0.0430,1.0254,1.0986,0.0000,-0.0610,1,466,870,235
247076306,38694,-0.0254,-0.0371,1.0264,0.6714,-0.0610,-0.1831,1,494,726,235
247081308,38695,-0.0259,-0.0371,1.0249,0.6104,-0.0610,-0.2441,1,483,857,235
247086307,38696,-0.0244,-0.0410,1.0234,0.7324,-0.1221,-0.1831,1,473,849,235
247091309,38697,-0.0239,-0.0430,1.0225,0.7324,-0.1221,-0.1221,1,489,852,235
247096310,38698,-0.0249,-0.0405,1.0225,0.9155,-0.2441,-0.2441,1,478,845,235
247101302,38699,-0.0244,-0.0381,1.0229,0.9766,-0.3662,-0.2441,1,488,855,235
247106304,38700,-0.0229,-0.0386,1.0254,0.8545,-0.2441,-0.2441,1,493,851,235
247111304,38701,-0.0239,-0.0391,1.0249,0.8545,-0.3052,-0.3052,1,511,851,235
247116303,38702,-0.0259,-0.0410,1.0244,0.9766,-0.3052,-0.3052,1,466,857,235
247121307,38703,-0.0264,-0.0430,1.0225,0.8545,-0.5493,-0.3662,1,484,812,235
247126301,38704,-0.0239,-0.0430,1.0210,0.9766,-0.5493,-0.4272,1,467,904,235
247131303,38705,-0.0225,-0.0405,1.0195,1.1597,-0.2441,-0.4883,1,479,865,235
247136310,38706,-0.0244,-0.0396,1.0186,1.2207,-0.4272,-0.6104,1,482,876,235
247141301,38707,-0.0269,-0.0405,1.0195,1.1597,-0.6104,-0.5493,1,480,875,235
247146307,38708,-0.0259,-0.0400,1.0215,1.1597,-0.4883,-0.5493,1,474,858,235
247151307,38709,-0.0229,-0.0391,1.0239,1.1597,-0.3052,-0.5493,1,469,858,235
247156316,38710,-0.0210,-0.0386,1.0244,1.0376,-0.2441,-0.4883,1,483,857,235
247161305,38711,-0.0215,-0.0386,1.0229,0.9766,-0.1221,-0.5493,1,466,875,235
247166306,38712,-0.0220,-0.0396,1.0215,1.0376,-0.1831,-0.4883,1,493,873,235
247171306,38713,-0.0229,-0.0391,1.0205,1.1597,-0.1221,-0.6104,1,487,873,235
247176309,38714,-0.0234,-0.0376,1.0200,1.0376,0.0610,-0.6714,1,494,800,235
247181302,38715,-0.0239,-0.0391,1.0195,0.9766,0.1831,-0.6714,1,476,851,235
247186302,38716,-0.0239,-0.0410,1.0195,1.1597,0.1221,-0.5493,1,473,847,235
247191308,38717,-0.0244,-0.0391,1.0210,1.1597,0.2441,-0.4272,1,485,850,235
247196304,38718,-0.0239,-0.0371,1.0225,1.0986,0.3052,-0.5493,1,490,867,235
247201305,38719,-0.0239,-0.0376,1.0225,1.0376,0.2441,-0.5493,1,482,851,235
247206302,38720,-0.0229,-0.0376,1.0229,0.9155,0.1831,-0.5493,1,481,850,235
247211301,38721,-0.0210,-0.0366,1.0249,0.7324,0.2441,-0.6714,1,510,855,235
247216301,38722,-0.0215,-0.0356,1.0269,0.7324,0.4272,-0.5493,1,465,869,235
247221303,38723,-0.0234,-0.0361,1.0259,0.5493,0.2441,-0.5493,1,484,870,235
247226309,38724,-0.0259,-0.0366,1.0220,0.3662,0.0610,-0.5493,1,465,911,235
247231309,38725,-0.0283,-0.0371,1.0176,0.4883,0.0000,-0.6104,1,465,868,235
247236310,38726,-0.0283,-0.0381,1.0181,0.4272,-0.1221,-0.6104,1,470,828,235
247241304,38727,-0.0249,-0.0381,1.0229,0.5493,-0.0610,-0.4883,1,475,822,235
247246302,38728,-0.0210,-0.0356,1.0288,0.3052,0.0000,-0.4883,1,467,859,235
247251306,38729,-0.0195,-0.0337,1.0308,0.0610,0.1221,-0.5493,1,470,809,235
247256305,38730,-0.0215,-0.0352,1.0278,-0.0610,0.1831,-0.5493,1,483,853,235
247261303,38731,-0.0229,-0.0391,1.0244,0.0000,0.0610,-0.5493,1,466,878,235
247266308,38732,-0.0229,-0.0410,1.0239,0.0000,-0.0610,-0.5493,1,493,830,235
247271308,38733,-0.0215,-0.0405,1.0249,0.0000,0.2441,-0.4883,1,469,835,235
247276308,38734,-0.0205,-0.0396,1.0249,0.1221,0.4272,-0.4272,1,494,728,235
247281302,38735,-0.0205,-0.0376,1.0234,0.1831,0.2441,-0.3662,1,464,830,235
247286302,38736,-0.0210,-0.0371,1.0215,0.0000,0.1221,-0.4883,1,478,854,235
247291308,38737,-0.0220,-0.0381,1.0190,0.0000,0.3662,-0.5493,1,488,824,235
247296302,38738,-0.0249,-0.0386,1.0171,0.1831,0.4883,-0.4272,1,490,802,235
247301301,38739,-0.0283,-0.0405,1.0171,0.1221,0.1831,-0.3662,1,484,849,235
247306318,38740,-0.0293,-0.0410,1.0190,0.1831,0.1831,-0.3662,1,486,847,235
247311306,38741,-0.0283,-0.0381,1.0215,0.3052,0.0000,-0.3662,1,492,853,235
247316308,38742,-0.0234,-0.0361,1.0239,0.3052,-0.1221,-0.4272,1,484,814,235
247321306,38743,-0.0195,-0.0386,1.0249,0.1221,0.1831,-0.4883,1,476,865,235
247326307,38744,-0.0200,-0.0410,1.0254,0.1221,0.1831,-0.4272,1,465,875,235
247331303,38745,-0.0220,-0.0400,1.0259,0.1221,0.1221,-0.3662,1,472,863,235
247336304,38746,-0.0220,-0.0376,1.0259,0.1221,0.3052,-0.3662,1,482,858,235
247341308,38747,-0.0220,-0.0361,1.0264,0.1221,0.3052,-0.3052,1,465,869,235
247346308,38748,-0.0220,-0.0366,1.0259,0.0610,0.3052,-0.1831,1,469,850,235
247351306,38749,-0.0234,-0.0352,1.0244,-0.0610,0.4883,-0.2441,1,473,856,235
247356306,38750,-0.0259,-0.0342,1.0244,-0.2441,0.5493,-0.2441,1,484,858,235
247361303,38751,-0.0264,-0.0366,1.0229,-0.1831,0.4272,-0.2441,1,466,883,235
247366309,38752,-0.0244,-0.0386,1.0229,-0.1831,0.3052,-0.3052,1,466,884,235
247371303,38753,-0.0220,-0.0376,1.0249,-0.1831,0.4272,-0.3662,1,465,874,235
247376306,38754,-0.0220,-0.0361,1.0254,-0.3052,0.3662,-0.2441,1,483,882,235
247381305,38755,-0.0239,-0.0371,1.0234,-0.2441,0.3662,-0.1831,1,466,803,235
247386304,38756,-0.0259,-0.0391,1.0215,-0.1831,0.4272,-0.2441,1,481,869,235
247391306,38757,-0.0264,-0.0400,1.0205,-0.1831,0.1831,-0.2441,1,491,849,235
247396305,38758,-0.0264,-0.0396,1.0210,-0.1831,0.1221,-0.1831,1,480,871,235
247401308,38759,-0.0264,-0.0391,1.0210,-0.1221,0.0610,-0.2441,1,491,846,235
247406312,38760,-0.0273,-0.0391,1.0195,-0.1221,0.0000,-0.3052,1,490,839,235
247411307,38761,-0.0278,-0.0405,1.0176,-0.1831,-0.1831,-0.1831,1,493,795,235
247416308,38762,-0.0278,-0.0415,1.0176,-0.1221,-0.1831,-0.2441,1,511,854,235
247421302,38763,-0.0259,-0.0396,1.0205,0.0610,-0.1831,-0.2441,1,469,868,235
247426308,38764,-0.0239,-0.0386,1.0229,0.0000,-0.0610,-0.4272,1,466,876,235
247431304,38765,-0.0244,-0.0391,1.0234,-0.0610,-0.1221,-0.2441,1,465,823,235
247436301,38766,-0.0259,-0.0396,1.0225,0.0000,-0.2441,-0.1221,1,476,863,235
247441308,38767,-0.0254,-0.0386,1.0215,0.0610,-0.1831,-0.3052,1,467,810,235
247446308,38768,-0.0234,-0.0381,1.0215,0.0610,-0.1831,-0.2441,1,469,853,235
247451308,38769,-0.0225,-0.0381,1.0220,0.0610,-0.1831,-0.1221,1,477,856,235
247456304,38770,-0.0229,-0.0386,1.0210,0.0000,-0.2441,-0.1221,1,483,851,235
247461309,38771,-0.0239,-0.0391,1.0186,0.0000,-0.2441,-0.2441,1,466,828,235
247466305,38772,-0.0249,-0.0400,1.0166,0.1831,-0.1831,-0.2441,1,466,831,235
247471307,38773,-0.0259,-0.0410,1.0161,0.1831,-0.3662,-0.3052,1,466,884,235
247476302,38774,-0.0249,-0.0415,1.0171,0.2441,-0.5493,-0.3052,1,488,876,235
247481305,38775,-0.0244,-0.0405,1.0195,0.4883,-0.5493,-0.3052,1,465,858,235
247486308,38776,-0.0239,-0.0396,1.0225,0.5493,-0.6104,-0.3052,1,475,848,235
247491304,38777,-0.0229,-0.0391,1.0234,0.6104,-0.6104,-0.3662,1,482,844,235
247496302,38778,-0.0220,-0.0386,1.0244,0.6714,-0.6104,-0.4272,1,472,844,235
247501310,38779,-0.0220,-0.0381,1.0244,0.5493,-0.5493,-0.3662,1,487,847,235
247506326,38780,-0.0210,-0.0381,1.0234,0.5493,-0.6104,-0.4272,1,479,853,235
247511302,38781,-0.0210,-0.0386,1.0220,0.4883,-0.6714,-0.3662,1,489,846,235
247516307,38782,-0.0239,-0.0381,1.0215,0.5493,-0.5493,-0.3052,1,465,872,235
247521308,38783,-0.0269,-0.0376,1.0210,0.6104,-0.5493,-0.3662,1,484,863,235
247526309,38784,-0.0259,-0.0381,1.0205,0.6714,-0.7935,-0.3662,1,466,872,235
247531304,38785,-0.0229,-0.0386,1.0200,0.6104,-0.9155,-0.2441,1,476,862,235
247536304,38786,-0.0215,-0.0376,1.0205,0.7324,-0.8545,-0.3052,1,465,874,235
247541304,38787,-0.0225,-0.0371,1.0210,0.4272,-0.7324,-0.3052,1,472,870,235
247546309,38788,-0.0220,-0.0371,1.0234,0.4272,-0.8545,-0.3662,1,476,857,235
247551307,38789,-0.0200,-0.0366,1.0264,0.4272,-0.8545,-0.3662,1,477,863,235
247556306,38790,-0.0195,-0.0366,1.0264,0.4272,-0.7324,-0.3052,1,483,860,235
247561308,38791,-0.0195,-0.0366,1.0249,0.3662,-0.6104,-0.3662,1,465,879,235
247566308,38792,-0.0205,-0.0381,1.0239,0.3662,-0.5493,-0.3052,1,466,884,235
247571304,38793,-0.0225,-0.0386,1.0225,0.3052,-0.4883,-0.3052,1,466,876,235
247576306,38794,-0.0234,-0.0391,1.0205,0.2441,-0.4272,-0.4272,1,484,867,235
247581308,38795,-0.0239,-0.0396,1.0190,0.5493,-0.3662,-0.3052,1,464,811,235
247586307,38796,-0.0254,-0.0396,1.0195,0.6714,-0.5493,-0.2441,1,483,849,235
247591302,38797,-0.0254,-0.0396,1.0220,0.6714,-0.6104,-0.3662,1,492,852,235
247596304,38798,-0.0244,-0.0396,1.0234,0.7935,-0.5493,-0.4883,1,486,870,235
247601307,38799,-0.0254,-0.0396,1.0220,0.7324,-0.6104,-0.4272,1,474,851,235
247606318,38800,-0.0259,-0.0391,1.0186,0.8545,-0.7935,-0.4883,1,478,846,235
247611306,38801,-0.0244,-0.0381,1.0176,0.9155,-0.8545,-0.6104,1,488,839,235
247616304,38802,-0.0225,-0.0371,1.0200,0.9766,-0.7935,-0.4883,1,511,843,235
247621302,38803,-0.0200,-0.0366,1.0225,0.9155,-0.7935,-0.6714,1,480,860,235
247626304,38804,-0.0200,-0.0366,1.0234,0.9766,-0.7324,-0.5493,1,465,874,235
247631301,38805,-0.0210,-0.0376,1.0234,0.9766,-0.7324,-0.4272,1,472,922,235
247636309,38806,-0.0205,-0.0376,1.0234,0.7935,-0.7324,-0.5493,1,481,867,235
247641309,38807,-0.0195,-0.0371,1.0234,0.7324,-0.9155,-0.7324,1,481,880,235
247646307,38808,-0.0195,-0.0366,1.0234,0.7324,-0.7935,-0.5493,1,465,886,235
247651303,38809,-0.0195,-0.0361,1.0229,0.7324,-0.6714,-0.4883,1,470,866,235
247656310,38810,-0.0205,-0.0352,1.0215,0.6714,-0.7324,-0.4883,1,483,865,235
247661321,38811,-0.0181,-0.0347,1.0239,0.6104,-0.8545,-0.4883,1,466,857,235
247666303,38812,-0.0151,-0.0361,1.0264,0.6104,-0.3662,-0.4272,1,466,871,235
247671301,38813,-0.0186,-0.0376,1.0249,0.7324,-0.3662,-0.4272,1,493,879,235
247676308,38814,-0.0210,-0.0386,1.0225,0.7935,-0.4272,-0.3052,1,494,882,235
247681303,38815,-0.0215,-0.0381,1.0215,0.7935,-0.3662,-0.4883,1,494,807,235
247686301,38816,-0.0210,-0.0371,1.0225,0.7324,-0.4883,-0.3662,1,483,853,235
247691306,38817,-0.0200,-0.0361,1.0229,0.5493,-0.4883,-0.4883,1,471,850,235
247696301,38818,-0.0205,-0.0361,1.0220,0.6104,-0.6104,-0.4272,1,477,850,235
247701307,38819,-0.0225,-0.0366,1.0210,0.6714,-0.7935,-0.3662,1,488,866,235
247706304,38820,-0.0215,-0.0366,1.0225,0.7935,-0.9766,-0.5493,1,490,846,235
247711309,38821,-0.0200,-0.0361,1.0249,0.7935,-0.9155,-0.6104,1,469,847,235
247716305,38822,-0.0186,-0.0352,1.0249,0.7935,-0.9766,-0.4883,1,493,848,235
247721304,38823,-0.0171,-0.0342,1.0244,0.7324,-0.8545,-0.5493,1,466,872,235
247726306,38824,-0.0166,-0.0342,1.0239,0.6714,-0.8545,-0.4272,1,484,867,235
247731306,38825,-0.0171,-0.0361,1.0249,0.5493,-0.9766,-0.4272,1,465,878,235
247736309,38826,-0.0176,-0.0371,1.0254,0.6104,-0.7935,-0.5493,1,479,921,235
247741302,38827,-0.0161,-0.0366,1.0259,0.5493,-0.6104,-0.6104,1,477,866,235
247746306,38828,-0.0137,-0.0352,1.0249,0.6104,-0.4883,-0.3052,1,466,874,235
247751304,38829,-0.0132,-0.0327,1.0234,0.4883,-0.3662,-0.3052,1,466,851,235
247756308,38830,-0.0156,-0.0322,1.0229,0.3662,-0.2441,-0.2441,1,471,858,235
247761308,38831,-0.0176,-0.0337,1.0229,0.4272,-0.1831,-0.2441,1,483,869,235
247766327,38832,-0.0190,-0.0337,1.0234,0.3662,-0.1831,-0.2441,1,466,864,235
247771305,38833,-0.0210,-0.0337,1.0225,0.2441,-0.0610,-0.2441,1,466,884,235
247776309,38834,-0.0195,-0.0352,1.0229,0.0610,-0.1831,-0.1831,1,493,875,235
247781304,38835,-0.0171,-0.0361,1.0239,0.1831,0.1221,-0.1221,1,466,880,235
247786306,38836,-0.0186,-0.0356,1.0225,0.1831,0.1221,-0.1831,1,493,874,235
247791309,38837,-0.0190,-0.0347,1.0220,0.1221,0.0000,-0.3052,1,476,858,235
247796304,38838,-0.0186,-0.0347,1.0225,0.1221,0.0610,-0.1831,1,486,795,235
247801306,38839,-0.0181,-0.0366,1.0234,0.0610,0.0610,-0.2441,1,479,842,235
247806305,38840,-0.0181,-0.0376,1.0234,0.0610,0.0610,-0.2441,1,490,868,235
247811309,38841,-0.0195,-0.0376,1.0210,0.0610,0.1831,-0.3052,1,492,846,235
247816308,38842,-0.0210,-0.0361,1.0200,0.2441,0.0000,-0.3662,1,472,843,235
247821307,38843,-0.0210,-0.0352,1.0215,0.1221,-0.0610,-0.3662,1,510,804,235
247826306,38844,-0.0181,-0.0361,1.0249,0.1221,-0.1221,-0.5493,1,465,858,235
247831305,38845,-0.0161,-0.0366,1.0269,0.1831,-0.0610,-0.3052,1,485,863,235
247836308,38846,-0.0156,-0.0352,1.0259,0.1221,0.0000,-0.3662,1,469,904,235
247841302,38847,-0.0156,-0.0332,1.0254,0.0610,0.1831,-0.3662,1,472,827,235
247846302,38848,-0.0176,-0.0327,1.0249,0.0000,0.2441,-0.3052,1,466,879,235
247851302,38849,-0.0195,-0.0347,1.0239,-0.0610,0.1831,-0.3052,1,469,813,235
247856305,38850,-0.0200,-0.0347,1.0220,-0.1831,0.3052,-0.3052,1,477,858,235
247861307,38851,-0.0181,-0.0337,1.0220,-0.1831,0.2441,-0.2441,1,476,851,235
247866306,38852,-0.0166,-0.0332,1.0239,-0.1831,0.2441,-0.2441,1,483,861,235
247871308,38853,-0.0166,-0.0337,1.0249,-0.3662,0.4883,-0.1831,1,466,888,235
247876305,38854,-0.0171,-0.0356,1.0244,-0.3052,0.5493,-0.1831,1,493,881,235
247881302,38855,-0.0181,-0.0371,1.0220,-0.3052,0.6714,-0.2441,1,466,878,235
247886310,38856,-0.0186,-0.0371,1.0195,-0.2441,0.6714,-0.3662,1,494,873,235
247891306,38857,-0.0181,-0.0361,1.0200,-0.1831,0.6104,-0.2441,1,473,834,235
247896309,38858,-0.0181,-0.0371,1.0210,-0.3052,0.6104,-0.2441,1,490,846,235
247901305,38859,-0.0190,-0.0391,1.0225,-0.2441,0.8545,-0.3052,1,476,843,235
247906306,38860,-0.0195,-0.0381,1.0229,-0.0610,0.7935,-0.3662,1,490,863,235
247911304,38861,-0.0190,-0.0366,1.0225,-0.0610,0.7324,-0.3662,1,491,848,235
247916303,38862,-0.0195,-0.0361,1.0215,-0.2441,0.6104,-0.3052,1,479,851,235
247921310,38863,-0.0200,-0.0356,1.0210,-0.1831,0.6104,-0.2441,1,510,846,235
247926309,38864,-0.0190,-0.0347,1.0215,-0.1221,0.6104,-0.3052,1,465,864,235
247931307,38865,-0.0181,-0.0342,1.0229,-0.1221,0.6104,-0.4883,1,484,801,235
247936303,38866,-0.0181,-0.0342,1.0234,-0.1221,0.4272,-0.3052,1,469,897,235
247941302,38867,-0.0186,-0.0352,1.0229,-0.3052,0.5493,-0.2441,1,479,860,235
247946306,38868,-0.0186,-0.0356,1.0225,-0.1831,0.5493,-0.1831,1,482,875,235
247951301,38869,-0.0190,-0.0356,1.0225,-0.1831,0.5493,-0.2441,1,465,836,235
247956307,38870,-0.0210,-0.0366,1.0210,-0.2441,0.6104,-0.1831,1,477,866,235
247961302,38871,-0.0234,-0.0371,1.0205,-0.1831,0.4883,-0.2441,1,473,857,235
247966305,38872,-0.0225,-0.0371,1.0210,-0.2441,0.4272,-0.3052,1,484,862,235
247971309,38873,-0.0195,-0.0371,1.0234,-0.1831,0.3662,-0.2441,1,466,876,235
247976304,38874,-0.0166,-0.0371,1.0259,-0.1221,0.4883,-0.1831,1,492,887,235
247981308,38875,-0.0161,-0.0386,1.0249,-0.2441,0.6104,-0.3052,1,493,878,235
247986309,38876,-0.0166,-0.0381,1.0229,-0.3052,0.4883,-0.3052,1,492,875,235
247991303,38877,-0.0181,-0.0366,1.0220,-0.1221,0.4883,-0.3052,1,465,851,235
247996304,38878,-0.0190,-0.0347,1.0229,-0.1831,0.5493,-0.1831,1,481,840,235
248001301,38879,-0.0200,-0.0342,1.0234,-0.3052,0.6104,-0.1221,1,490,855,235
248006309,38880,-0.0215,-0.0342,1.0229,-0.3662,0.6104,-0.2441,1,481,861,235
248011308,38881,-0.0190,-0.0352,1.0234,-0.2441,0.5493,-0.1831,1,476,849,235
248016301,38882,-0.0186,-0.0371,1.0225,-0.2441,0.4883,-0.1831,1,488,854,235
248021303,38883,-0.0190,-0.0386,1.0220,-0.3052,0.4883,-0.1831,1,510,851,235
248026306,38884,-0.0210,-0.0381,1.0215,-0.1831,0.6714,-0.1831,1,465,863,235
248031304,38885,-0.0225,-0.0366,1.0205,-0.1831,0.5493,-0.1831,1,484,863,235
248036305,38886,-0.0220,-0.0361,1.0205,-0.1831,0.4272,-0.1221,1,465,911,235
248041308,38887,-0.0210,-0.0371,1.0215,-0.2441,0.6714,-0.2441,1,468,868,235
248046307,38888,-0.0195,-0.0371,1.0225,-0.1221,0.6714,-0.3052,1,472,876,235
248051307,38889,-0.0181,-0.0356,1.0234,-0.0610,0.6104,-0.2441,1,479,870,235
248056304,38890,-0.0171,-0.0356,1.0244,-0.1221,0.6714,-0.2441,1,466,857,235
248061305,38891,-0.0176,-0.0356,1.0244,-0.1831,0.7935,-0.3052,1,472,858,235
248066301,38892,-0.0200,-0.0356,1.0229,-0.1831,0.7935,-0.3052,1,483,859,235
248071303,38893,-0.0225,-0.0361,1.0205,-0.0610,0.8545,-0.2441,1,466,877,235
248076307,38894,-0.0225,-0.0361,1.0186,-0.1221,0.6714,-0.1831,1,492,876,235
248081307,38895,-0.0210,-0.0352,1.0181,-0.1221,0.6714,-0.1831,1,493,875,235
248086304,38896,-0.0200,-0.0342,1.0205,-0.1831,0.5493,-0.1831,1,480,868,235
248091309,38897,-0.0181,-0.0332,1.0234,-0.1221,0.5493,-0.1221,1,465,813,235
248096304,38898,-0.0171,-0.0337,1.0249,-0.3662,0.6104,-0.2441,1,478,846,235
248101305,38899,-0.0181,-0.0366,1.0249,-0.3052,0.8545,-0.2441,1,492,849,235
248106310,38900,-0.0195,-0.0376,1.0249,-0.3052,0.8545,-0.3052,1,478,847,235
248111308,38901,-0.0190,-0.0366,1.0249,-0.3052,0.8545,-0.2441,1,486,843,235
248116321,38902,-0.0195,-0.0366,1.0239,-0.2441,0.8545,-0.1221,1,492,849,235
248121307,38903,-0.0225,-0.0366,1.0225,-0.3052,0.9766,-0.2441,1,484,851,235
248126304,38904,-0.0229,-0.0371,1.0215,-0.3662,0.6714,-0.3052,1,511,844,235
248131307,38905,-0.0200,-0.0371,1.0220,-0.3052,0.6104,-0.3052,1,479,864,235
248136303,38906,-0.0176,-0.0352,1.0229,-0.3052,0.9155,-0.1221,1,466,865,235
248141302,38907,-0.0181,-0.0361,1.0229,-0.6104,0.7935,-0.1831,1,470,863,235
248146301,38908,-0.0205,-0.0381,1.0220,-0.3052,0.6714,-0.0610,1,476,866,235
248151310,38909,-0.0225,-0.0381,1.0215,-0.3052,0.5493,-0.3052,1,482,858,235
248156308,38910,-0.0225,-0.0376,1.0225,-0.3052,0.5493,-0.3052,1,482,865,235
248161305,38911,-0.0210,-0.0376,1.0244,-0.3052,0.6714,-0.2441,1,465,851,235
248166304,38912,-0.0205,-0.0376,1.0254,-0.1221,0.7324,-0.2441,1,483,857,235
248171320,38913,-0.0205,-0.0371,1.0244,-0.2441,0.6714,-0.3052,1,466,875,235
248176308,38914,-0.0220,-0.0366,1.0225,-0.2441,0.6714,-0.1831,1,465,878,235
248181307,38915,-0.0225,-0.0366,1.0210,-0.2441,0.7324,-0.1831,1,492,881,235
248186306,38916,-0.0229,-0.0371,1.0205,-0.1221,0.6104,-0.1831,1,466,880,235
248191301,38917,-0.0239,-0.0381,1.0200,-0.3052,0.6104,-0.2441,1,494,830,235
248196302,38918,-0.0239,-0.0391,1.0195,-0.1831,0.6104,-0.1831,1,477,851,235
248201307,38919,-0.0229,-0.0386,1.0200,-0.0610,0.3662,-0.0610,1,487,848,235
248206306,38920,-0.0225,-0.0371,1.0210,-0.1831,0.3052,-0.1221,1,491,846,235
248211308,38921,-0.0215,-0.0366,1.0225,-0.2441,0.6104,-0.1831,1,482,863,235
248216304,38922,-0.0200,-0.0366,1.0234,-0.2441,0.4272,-0.1221,1,483,848,235
248221305,38923,-0.0200,-0.0376,1.0239,-0.3052,0.5493,-0.1831,1,472,850,235
248226310,38924,-0.0210,-0.0391,1.0249,-0.3662,0.5493,-0.3662,1,510,847,235
248231308,38925,-0.0210,-0.0391,1.0254,-0.3052,0.6104,-0.3052,1,465,877,235
248236305,38926,-0.0190,-0.0376,1.0249,-0.3662,0.6104,-0.1831,1,484,803,235
248241310,38927,-0.0186,-0.0366,1.0249,-0.2441,0.6714,-0.0610,1,467,908,235
248246305,38928,-0.0205,-0.0366,1.0239,-0.3052,0.7324,-0.1831,1,470,869,235
248251304,38929,-0.0220,-0.0376,1.0220,-0.3052,0.7324,-0.2441,1,480,878,235
248256305,38930,-0.0220,-0.0376,1.0220,-0.2441,0.7324,-0.1221,1,467,874,235
248261306,38931,-0.0215,-0.0371,1.0229,-0.1221,0.6714,-0.1221,1,472,858,235
248266309,38932,-0.0200,-0.0371,1.0234,-0.1831,0.7324,-0.2441,1,470,855,235
248271304,38933,-0.0195,-0.0376,1.0239,-0.3052,0.7935,-0.0610,1,484,866,235
248276303,38934,-0.0205,-0.0376,1.0239,-0.2441,0.9155,-0.0610,1,466,875,235
248281303,38935,-0.0205,-0.0376,1.0234,-0.1831,0.9155,-0.0610,1,492,879,235
248286301,38936,-0.0195,-0.0371,1.0229,-0.2441,0.8545,0.0610,1,493,880,235
248291310,38937,-0.0200,-0.0366,1.0229,-0.2441,0.7935,0.0610,1,493,881,235
248296306,38938,-0.0220,-0.0376,1.0220,-0.3662,1.0376,0.0610,1,466,821,235
248301306,38939,-0.0234,-0.0391,1.0215,-0.3052,0.8545,0.0000,1,491,844,235
248306307,38940,-0.0225,-0.0386,1.0215,-0.2441,0.7324,0.0000,1,485,794,235
248311308,38941,-0.0215,-0.0376,1.0210,-0.3052,0.9155,-0.0610,1,471,803,235
248316301,38942,-0.0229,-0.0381,1.0195,-0.3052,0.8545,-0.1831,1,475,840,235
248321310,38943,-0.0239,-0.0391,1.0200,-0.2441,0.7935,-0.2441,1,469,845,235
248326305,38944,-0.0234,-0.0391,1.0220,-0.1831,0.7324,-0.1831,1,510,847,235
248331304,38945,-0.0229,-0.0381,1.0225,-0.1831,0.6714,-0.0610,1,465,867,235
248336301,38946,-0.0215,-0.0381,1.0229,-0.1221,0.4883,-0.0610,1,484,863,235
248341310,38947,-0.0195,-0.0396,1.0244,-0.3052,0.4883,-0.1831,1,471,896,235
248346303,38948,-0.0181,-0.0396,1.0249,-0.4272,0.5493,-0.3662,1,470,867,235
248351301,38949,-0.0195,-0.0391,1.0234,-0.3662,0.5493,-0.1221,1,483,877,235
248356304,38950,-0.0210,-0.0381,1.0229,-0.3052,0.6104,-0.1221,1,469,875,235
248361307,38951,-0.0215,-0.0366,1.0234,-0.4272,0.6714,-0.1831,1,475,848,235
248366303,38952,-0.0215,-0.0381,1.0244,-0.4272,0.6714,-0.0610,1,473,864,235
248371304,38953,-0.0229,-0.0400,1.0239,-0.3662,0.7324,-0.1831,1,483,855,235
248376307,38954,-0.0254,-0.0400,1.0229,-0.3052,0.7324,-0.1831,1,466,885,235
248381309,38955,-0.0259,-0.0400,1.0229,-0.3662,0.6104,-0.4272,1,492,876,235
248386302,38956,-0.0244,-0.0396,1.0229,-0.2441,0.7324,-0.1221,1,493,878,235
248391307,38957,-0.0234,-0.0391,1.0225,-0.2441,0.6104,-0.0610,1,494,879,235
248396307,38958,-0.0229,-0.0391,1.0225,-0.1221,0.6104,-0.1221,1,470,850,235
248401301,38959,-0.0229,-0.0376,1.0229,-0.1831,0.6104,-0.1831,1,482,836,235
248406303,38960,-0.0244,-0.0366,1.0220,-0.1221,0.6104,-0.0610,1,477,851,235
248411302,38961,-0.0239,-0.0376,1.0210,-0.1221,0.5493,-0.1221,1,487,864,235
248416309,38962,-0.0229,-0.0381,1.0205,-0.1831,0.5493,-0.1221,1,490,842,235
248421306,38963,-0.0234,-0.0391,1.0200,-0.1831,0.4883,-0.1831,1,492,848,235
248426302,38964,-0.0229,-0.0405,1.0205,-0.1221,0.3662,-0.1831,1,510,844,235
248431304,38965,-0.0215,-0.0405,1.0205,-0.0610,0.3662,-0.0610,1,465,867,235
248436301,38966,-0.0225,-0.0396,1.0210,-0.0610,0.4272,-0.1831,1,484,815,235
248441307,38967,-0.0239,-0.0396,1.0210,-0.0610,0.4272,-0.3052,1,465,930,235
248446308,38968,-0.0244,-0.0396,1.0195,0.0610,0.3052,-0.1831,1,465,861,235
248451302,38969,-0.0254,-0.0396,1.0186,0.1221,0.1831,-0.1221,1,470,865,235
248456303,38970,-0.0259,-0.0405,1.0200,0.1831,0.0610,-0.1221,1,483,868,235
248461302,38971,-0.0244,-0.0410,1.0225,0.0000,0.1831,-0.1221,1,465,852,235
248466304,38972,-0.0225,-0.0400,1.0239,0.1221,0.0610,-0.2441,1,484,812,235
248471310,38973,-0.0225,-0.0396,1.0234,0.0000,0.1831,-0.3052,1,466,854,235
248476307,38974,-0.0225,-0.0400,1.0234,0.0000,0.1831,-0.1831,1,466,828,235
248481305,38975,-0.0229,-0.0400,1.0234,0.2441,0.1221,-0.1221,1,493,833,235
248486305,38976,-0.0239,-0.0386,1.0225,0.2441,0.1831,-0.0610,1,466,872,235
248491310,38977,-0.0244,-0.0381,1.0225,0.0610,0.0610,-0.2441,1,494,877,235
248496301,38978,-0.0244,-0.0391,1.0215,0.1221,0.1221,-0.2441,1,468,853,235
248501302,38979,-0.0249,-0.0391,1.0200,0.1221,0.1221,-0.3052,1,490,841,235
248506308,38980,-0.0239,-0.0386,1.0205,0.3662,0.0610,-0.2441,1,480,857,235
248511302,38981,-0.0234,-0.0391,1.0215,0.3662,0.1221,-0.2441,1,483,851,235
248516305,38982,-0.0234,-0.0400,1.0200,0.2441,0.0610,-0.2441,1,491,844,235
248521305,38983,-0.0244,-0.0400,1.0200,0.3662,-0.0610,-0.1831,1,472,846,235
248526301,38984,-0.0254,-0.0396,1.0220,0.1831,-0.0610,-0.3662,1,510,847,235
248531309,38985,-0.0229,-0.0381,1.0239,0.2441,-0.0610,-0.3052,1,466,864,235
248536303,38986,-0.0215,-0.0366,1.0244,0.1831,-0.0610,-0.2441,1,484,817,235
248541302,38987,-0.0215,-0.0366,1.0239,0.1221,-0.0610,-0.1831,1,472,909,235
248546305,38988,-0.0220,-0.0381,1.0225,0.2441,0.0000,-0.1221,1,479,866,235
248551303,38989,-0.0215,-0.0386,1.0220,0.2441,-0.0610,-0.1221,1,481,823,235
248556308,38990,-0.0210,-0.0376,1.0220,0.1831,-0.0610,-0.1831,1,466,869,235
248561308,38991,-0.0210,-0.0381,1.0225,0.3052,-0.1221,-0.3662,1,466,857,235
248566303,38992,-0.0220,-0.0391,1.0225,0.3662,-0.0610,-0.3662,1,466,848,235
248571310,38993,-0.0225,-0.0391,1.0220,0.4272,0.0000,-0.2441,1,484,854,235
248576336,38994,-0.0220,-0.0376,1.0234,0.2441,0.0000,-0.3052,1,466,827,235
248581302,38995,-0.0215,-0.0376,1.0249,0.1831,0.1221,-0.3662,1,465,828,235
248586306,38996,-0.0205,-0.0391,1.0239,0.2441,0.1221,-0.3052,1,492,876,235
248591303,38997,-0.0210,-0.0405,1.0220,0.2441,0.1221,-0.3052,1,466,869,235
248596305,38998,-0.0244,-0.0381,1.0200,0.3052,0.0610,-0.3052,1,493,794,235
248601305,38999,-0.0249,-0.0371,1.0195,0.2441,0.0000,-0.3052,1,486,846,235
248606301,39000,-0.0239,-0.0386,1.0200,0.3052,0.1831,-0.2441,1,473,806,235
248611307,39001,-0.0244,-0.0391,1.0205,0.4272,0.0000,-0.2441,1,487,847,235
248616301,39002,-0.0244,-0.0391,1.0220,0.3052,-0.0610,-0.2441,1,489,802,235
248621308,39003,-0.0225,-0.0381,1.0225,0.4272,-0.0610,-0.3052,1,474,842,235
248626307,39004,-0.0220,-0.0376,1.0220,0.4272,-0.1831,-0.2441,1,470,840,235
248631309,39005,-0.0229,-0.0376,1.0210,0.6104,-0.1221,-0.3052,1,510,851,235
248636305,39006,-0.0239,-0.0371,1.0205,0.4883,-0.1831,-0.3662,1,466,855,235
248641302,39007,-0.0234,-0.0376,1.0215,0.2441,-0.1221,-0.3662,1,484,871,235
248646301,39008,-0.0229,-0.0381,1.0220,0.3662,-0.1831,-0.3052,1,472,904,235
248651305,39009,-0.0225,-0.0371,1.0225,0.4883,-0.2441,-0.3052,1,479,865,235
248656307,39010,-0.0220,-0.0352,1.0225,0.4883,-0.3052,-0.1831,1,479,872,235
248661308,39011,-0.0215,-0.0352,1.0225,0.3662,-0.1831,-0.3662,1,480,825,235
248666305,39012,-0.0229,-0.0376,1.0234,0.3052,-0.1831,-0.3662,1,468,861,235
248671304,39013,-0.0234,-0.0386,1.0234,0.3662,-0.1831,-0.3662,1,471,863,235
248676302,39014,-0.0225,-0.0386,1.0225,0.4883,-0.1221,-0.3052,1,484,864,235
248681336,39015,-0.0210,-0.0371,1.0225,0.4272,-0.1221,-0.3052,1,466,866,235
248686303,39016,-0.0186,-0.0361,1.0239,0.2441,-0.0610,-0.2441,1,466,870,235
248691306,39017,-0.0200,-0.0371,1.0239,0.1831,-0.0610,-0.3052,1,493,882,235
248696306,39018,-0.0225,-0.0371,1.0229,0.3052,0.0000,-0.3662,1,477,875,235
248701301,39019,-0.0229,-0.0371,1.0225,0.2441,0.0610,-0.3052,1,466,802,235
248706301,39020,-0.0215,-0.0381,1.0225,0.3052,0.0000,-0.2441,1,483,847,235
248711306,39021,-0.0190,-0.0386,1.0225,0.2441,0.0610,-0.3052,1,492,796,235
248716307,39022,-0.0200,-0.0396,1.0200,0.1831,0.0610,-0.3052,1,478,844,235
248721306,39023,-0.0229,-0.0405,1.0181,0.3052,-0.1221,-0.3052,1,480,842,235
248726308,39024,-0.0239,-0.0400,1.0176,0.3052,-0.0610,-0.3052,1,490,837,235
248731306,39025,-0.0220,-0.0381,1.0186,0.4272,-0.1221,-0.2441,1,483,838,235
248736301,39026,-0.0210,-0.0376,1.0200,0.2441,-0.1221,-0.3052,1,465,871,235
248741308,39027,-0.0225,-0.0386,1.0215,0.4272,-0.0610,-0.3052,1,484,810,235
248746310,39028,-0.0229,-0.0381,1.0215,0.3662,-0.2441,-0.2441,1,465,898,235
248751301,39029,-0.0220,-0.0376,1.0210,0.3052,-0.3052,-0.3052,1,482,921,235
248756307,39030,-0.0215,-0.0376,1.0220,0.4272,-0.3052,-0.3052,1,478,862,235
248761305,39031,-0.0210,-0.0371,1.0225,0.4272,-0.3052,-0.3052,1,481,868,235
248766304,39032,-0.0200,-0.0361,1.0229,0.4272,-0.4272,-0.3052,1,469,853,235
248771307,39033,-0.0190,-0.0366,1.0234,0.4272,-0.2441,-0.3052,1,472,861,235
248776304,39034,-0.0186,-0.0366,1.0229,0.4883,-0.0610,-0.3662,1,484,863,235
248781307,39035,-0.0195,-0.0352,1.0229,0.2441,-0.1221,-0.3052,1,466,879,235
248786302,39036,-0.0220,-0.0352,1.0229,0.2441,-0.1221,-0.4272,1,466,875,235
248791308,39037,-0.0234,-0.0361,1.0225,0.2441,-0.1221,-0.4272,1,493,877,235
248796308,39038,-0.0220,-0.0371,1.0225,0.2441,-0.1221,-0.3662,1,488,878,235
248801301,39039,-0.0195,-0.0366,1.0225,0.3052,-0.2441,-0.3662,1,466,823,235
248806302,39040,-0.0195,-0.0356,1.0229,0.2441,-0.1831,-0.2441,1,479,852,235
248811310,39041,-0.0215,-0.0347,1.0234,0.3662,-0.1221,-0.2441,1,492,859,235
248816310,39042,-0.0220,-0.0352,1.0225,0.2441,-0.1831,-0.3662,1,473,870,235
248821305,39043,-0.0225,-0.0366,1.0210,0.1831,-0.2441,-0.3052,1,478,851,235
248826308,39044,-0.0215,-0.0381,1.0210,0.2441,-0.3662,-0.3662,1,469,846,235
248831306,39045,-0.0195,-0.0381,1.0220,0.3052,-0.3052,-0.3662,1,510,848,235
248836305,39046,-0.0186,-0.0361,1.0220,0.3052,-0.2441,-0.3052,1,469,859,235
248841308,39047,-0.0210,-0.0342,1.0210,0.1221,-0.1831,-0.3662,1,465,872,235
248846304,39048,-0.0234,-0.0352,1.0215,0.1221,-0.3052,-0.3662,1,467,862,235
248851303,39049,-0.0225,-0.0376,1.0225,0.2441,-0.3052,-0.4272,1,478,860,235
248856303,39050,-0.0215,-0.0386,1.0239,0.2441,-0.3052,-0.4883,1,466,873,235
248861302,39051,-0.0205,-0.0371,1.0229,0.3662,-0.3052,-0.3662,1,475,856,235
248866306,39052,-0.0205,-0.0352,1.0200,0.3662,-0.1831,-0.3662,1,482,863,235
248871302,39053,-0.0220,-0.0342,1.0186,0.4272,-0.2441,-0.3662,1,484,861,235
248876318,39054,-0.0220,-0.0347,1.0205,0.3662,-0.3052,-0.3662,1,466,879,235
248881303,39055,-0.0205,-0.0361,1.0220,0.3662,-0.1831,-0.3662,1,466,875,235
248886305,39056,-0.0200,-0.0361,1.0225,0.4883,-0.1831,-0.3052,1,493,884,235
248891303,39057,-0.0200,-0.0356,1.0234,0.3052,-0.3662,-0.3662,1,466,874,235
248896309,39058,-0.0195,-0.0356,1.0234,0.2441,-0.4272,-0.3662,1,494,878,235
248901301,39059,-0.0186,-0.0366,1.0225,0.1831,-0.2441,-0.3052,1,475,838,235
248906302,39060,-0.0190,-0.0381,1.0220,0.3052,-0.3052,-0.3662,1,473,849,235
248911307,39061,-0.0195,-0.0371,1.0225,0.2441,-0.4883,-0.3052,1,483,840,235
248916303,39062,-0.0181,-0.0347,1.0249,0.1831,-0.3052,-0.1221,1,488,869,235
248921319,39063,-0.0181,-0.0361,1.0239,0.3052,-0.3662,-0.3052,1,475,842,235
248926306,39064,-0.0190,-0.0376,1.0225,0.2441,-0.4272,-0.3052,1,492,845,235
248931304,39065,-0.0200,-0.0371,1.0215,0.1831,-0.4272,-0.3662,1,492,847,235
248936305,39066,-0.0200,-0.0356,1.0215,0.1831,-0.3052,-0.4272,1,484,869,235
248941305,39067,-0.0200,-0.0352,1.0225,0.1831,-0.2441,-0.3662,1,466,874,235
248946301,39068,-0.0205,-0.0356,1.0234,0.2441,-0.3662,-0.3662,1,479,932,235
248951304,39069,-0.0200,-0.0366,1.0244,0.1831,-0.2441,-0.3662,1,471,875,235
248956304,39070,-0.0200,-0.0361,1.0249,0.1221,-0.2441,-0.4272,1,477,884,235
248961301,39071,-0.0200,-0.0356,1.0239,0.2441,-0.3662,-0.3662,1,467,862,235
248966304,39072,-0.0186,-0.0366,1.0234,0.1221,-0.4272,-0.3052,1,475,866,235
248971309,39073,-0.0181,-0.0356,1.0239,0.1831,-0.3662,-0.3662,1,484,857,235
248976334,39074,-0.0171,-0.0356,1.0249,0.0000,-0.3662,-0.4272,1,466,883,235
248981307,39075,-0.0151,-0.0371,1.0249,0.1831,-0.3052,-0.3052,1,466,835,235
248986306,39076,-0.0161,-0.0371,1.0244,0.1831,-0.1831,-0.3052,1,466,877,235
248991309,39077,-0.0171,-0.0361,1.0244,0.0610,0.0610,-0.3052,1,477,883,235
248996302,39078,-0.0176,-0.0356,1.0249,0.1831,0.0610,-0.3052,1,464,814,235
249001307,39079,-0.0181,-0.0366,1.0249,0.1831,0.0000,-0.3052,1,488,847,235
249006308,39080,-0.0186,-0.0371,1.0249,0.1221,0.0610,-0.1831,1,475,822,235
249011308,39081,-0.0186,-0.0366,1.0259,0.1221,0.2441,-0.2441,1,483,869,235
249016309,39082,-0.0181,-0.0356,1.0264,0.1221,0.2441,-0.2441,1,478,850,235
249021303,39083,-0.0190,-0.0342,1.0254,0.1831,0.3662,-0.2441,1,480,847,235
249026302,39084,-0.0200,-0.0327,1.0234,0.0610,0.3052,-0.2441,1,510,853,235
249031308,39085,-0.0195,-0.0332,1.0225,0.0000,0.3662,-0.1221,1,474,864,235
249036304,39086,-0.0181,-0.0356,1.0215,-0.1221,0.4272,-0.1221,1,465,873,235
249041302,39087,-0.0176,-0.0371,1.0210,-0.0610,0.4883,-0.2441,1,469,861,235
249046306,39088,-0.0171,-0.0366,1.0215,0.1221,0.4883,-0.2441,1,478,865,235
249051307,39089,-0.0166,-0.0366,1.0220,0.0610,0.3662,-0.1831,1,482,865,235
249056306,39090,-0.0176,-0.0361,1.0225,0.0000,0.4883,-0.3052,1,469,864,235
249061305,39091,-0.0200,-0.0366,1.0220,0.0000,0.5493,-0.3052,1,475,809,235
249066308,39092,-0.0225,-0.0376,1.0210,0.0000,0.4272,-0.1831,1,483,812,235
249071307,39093,-0.0215,-0.0376,1.0215,0.0610,0.3052,-0.0610,1,466,829,235
249076302,39094,-0.0190,-0.0386,1.0225,0.0000,0.2441,-0.1831,1,466,866,235
249081301,39095,-0.0181,-0.0386,1.0225,0.1221,0.4272,-0.1831,1,493,832,235
249086304,39096,-0.0181,-0.0371,1.0225,-0.0610,0.4272,-0.2441,1,492,872,235
249091308,39097,-0.0186,-0.0366,1.0229,0.0610,0.3662,-0.2441,1,494,876,235
249096301,39098,-0.0186,-0.0361,1.0249,0.0000,0.4883,-0.2441,1,478,826,235
249101303,39099,-0.0181,-0.0356,1.0254,0.0000,0.5493,-0.0610,1,477,806,235
249106303,39100,-0.0186,-0.0347,1.0239,0.0610,0.4272,-0.1221,1,488,801,235
249111309,39101,-0.0186,-0.0356,1.0234,-0.0610,0.5493,-0.2441,1,477,845,235
249116302,39102,-0.0171,-0.0366,1.0244,-0.1221,0.5493,-0.3662,1,482,854,235
249121309,39103,-0.0171,-0.0356,1.0244,-0.0610,0.7324,-0.1221,1,510,850,235
249126305,39104,-0.0186,-0.0356,1.0229,-0.1831,0.7935,-0.0610,1,466,836,235
249131308,39105,-0.0205,-0.0361,1.0215,-0.1831,0.6714,-0.0610,1,484,868,235
249136307,39106,-0.0205,-0.0371,1.0210,-0.1831,0.6714,-0.1221,1,471,906,235
249141302,39107,-0.0186,-0.0376,1.0210,-0.1831,0.6104,-0.1831,1,481,864,235
249146308,39108,-0.0186,-0.0376,1.0210,-0.2441,0.6714,-0.1831,1,470,864,235
249151303,39109,-0.0210,-0.0376,1.0210,-0.1831,0.6714,-0.1221,1,471,874,235
249156301,39110,-0.0220,-0.0371,1.0225,-0.0610,0.6714,-0.1221,1,480,852,235
249161302,39111,-0.0220,-0.0371,1.0239,-0.1221,0.6104,-0.3052,1,484,853,235
249166307,39112,-0.0215,-0.0381,1.0239,-0.1221,0.6104,-0.1221,1,466,853,235
249171301,39113,-0.0200,-0.0386,1.0229,-0.0610,0.6104,-0.1221,1,466,866,235
249176303,39114,-0.0190,-0.0381,1.0225,0.0000,0.7324,-0.1831,1,466,868,235
249181301,39115,-0.0200,-0.0371,1.0220,-0.0610,0.6104,-0.1221,1,466,727,235
249186303,39116,-0.0205,-0.0356,1.0210,-0.0610,0.5493,-0.0610,1,494,868,235
249191305,39117,-0.0200,-0.0352,1.0210,0.0000,0.4883,-0.2441,1,485,800,235
249196304,39118,-0.0186,-0.0356,1.0220,-0.1221,0.4272,-0.2441,1,486,800,235
249201301,39119,-0.0186,-0.0356,1.0239,-0.0610,0.4883,-0.1831,1,478,849,235
249206309,39120,-0.0195,-0.0356,1.0239,-0.1221,0.5493,-0.1221,1,490,871,235
249211312,39121,-0.0210,-0.0371,1.0225,-0.0610,0.4883,-0.1831,1,474,850,235
249216305,39122,-0.0205,-0.0376,1.0210,-0.0610,0.5493,-0.1831,1,481,846,235
249221304,39123,-0.0195,-0.0376,1.0205,-0.1221,0.4883,-0.1831,1,511,847,235
249226307,39124,-0.0195,-0.0381,1.0205,-0.1831,0.6104,-0.1831,1,479,862,235
249231306,39125,-0.0200,-0.0386,1.0210,-0.1221,0.5493,-0.3052,1,466,875,235
249236308,39126,-0.0205,-0.0376,1.0215,-0.1221,0.5493,-0.2441,1,470,857,235
249241307,39127,-0.0215,-0.0366,1.0215,0.0000,0.5493,-0.1221,1,473,866,235
249246306,39128,-0.0220,-0.0366,1.0215,0.1221,0.4272,-0.1831,1,482,829,235
249251301,39129,-0.0215,-0.0376,1.0220,0.1831,0.3052,-0.2441,1,469,860,235
249256305,39130,-0.0215,-0.0381,1.0215,0.0610,0.3662,-0.2441,1,479,857,235
249261303,39131,-0.0220,-0.0371,1.0205,0.0610,0.3662,-0.3052,1,484,856,235
249266305,39132,-0.0220,-0.0366,1.0205,0.0610,0.3052,-0.1221,1,465,875,235
249271306,39133,-0.0205,-0.0366,1.0215,0.0000,0.3662,-0.1221,1,466,870,235
249276310,39134,-0.0200,-0.0361,1.0229,-0.0610,0.3052,-0.2441,1,492,831,235
249281302,39135,-0.0210,-0.0356,1.0225,-0.0610,0.3662,-0.2441,1,466,876,235
249286302,39136,-0.0220,-0.0366,1.0215,0.0000,0.3662,-0.1831,1,493,878,235
249291306,39137,-0.0220,-0.0376,1.0215,0.0610,0.1221,-0.2441,1,473,807,235
249296306,39138,-0.0215,-0.0376,1.0215,0.0000,0.1221,-0.1831,1,476,844,235
249301306,39139,-0.0200,-0.0376,1.0225,0.0000,0.1221,-0.1831,1,490,825,235
249306305,39140,-0.0190,-0.0376,1.0239,0.0610,0.1221,-0.2441,1,481,798,235
249311309,39141,-0.0186,-0.0366,1.0244,0.0610,0.1831,-0.1831,1,473,847,235
249316307,39142,-0.0181,-0.0366,1.0234,0.1221,0.2441,-0.1221,1,483,852,235
249321305,39143,-0.0195,-0.0366,1.0234,0.0610,0.2441,-0.1221,1,465,871,235
249326307,39144,-0.0210,-0.0366,1.0229,0.0610,0.2441,-0.1221,1,484,867,235
249331309,39145,-0.0210,-0.0366,1.0220,0.1221,0.1831,-0.1831,1,465,903,235
249336307,39146,-0.0200,-0.0356,1.0215,0.1221,0.3662,-0.2441,1,469,866,235
249341303,39147,-0.0200,-0.0366,1.0220,-0.0610,0.3662,-0.3052,1,480,875,235
249346305,39148,-0.0200,-0.0381,1.0220,0.0000,0.1221,-0.3052,1,471,872,235
249351308,39149,-0.0190,-0.0386,1.0225,0.1221,0.1221,-0.1831,1,476,801,235
249356303,39150,-0.0190,-0.0376,1.0220,0.1831,0.3662,-0.1831,1,473,854,235
249361306,39151,-0.0205,-0.0376,1.0210,0.1221,0.1221,-0.1831,1,483,862,235
249366309,39152,-0.0215,-0.0376,1.0220,0.0610,0.1221,-0.1831,1,465,869,235
249371306,39153,-0.0205,-0.0371,1.0234,0.0610,0.1221,-0.2441,1,465,871,235
249376306,39154,-0.0205,-0.0356,1.0239,0.1221,0.1831,-0.1831,1,493,878,235
249381304,39155,-0.0200,-0.0347,1.0229,-0.0610,0.3662,-0.0610,1,479,880,235
249386303,39156,-0.0205,-0.0352,1.0220,0.0610,0.2441,-0.2441,1,464,808,235
249391305,39157,-0.0220,-0.0366,1.0215,0.0000,0.1831,-0.2441,1,480,820,235
249396301,39158,-0.0229,-0.0376,1.0215,0.0000,0.1831,-0.1831,1,476,806,235
249401307,39159,-0.0225,-0.0381,1.0220,0.0610,0.0610,-0.1831,1,489,827,235
249406303,39160,-0.0220,-0.0366,1.0225,0.0000,0.1831,-0.2441,1,490,869,235
249411318,39161,-0.0195,-0.0352,1.0234,0.0000,0.0000,-0.1831,1,481,806,235
249416306,39162,-0.0190,-0.0361,1.0229,0.0610,0.1831,-0.2441,1,472,749,235
249421306,39163,-0.0200,-0.0371,1.0225,0.0000,0.2441,-0.1221,1,511,853,235
249426301,39164,-0.0195,-0.0371,1.0220,0.0610,0.0000,-0.1221,1,475,816,235
249431309,39165,-0.0190,-0.0366,1.0220,0.0000,0.1221,-0.1221,1,465,818,235
249436306,39166,-0.0200,-0.0356,1.0229,0.1221,0.0610,-0.1831,1,466,815,235
249441304,39167,-0.0210,-0.0356,1.0229,0.1221,0.1221,-0.2441,1,470,866,235
249446302,39168,-0.0215,-0.0361,1.0225,0.2441,0.0610,-0.1831,1,479,865,235
249451308,39169,-0.0210,-0.0371,1.0220,0.0610,0.0000,-0.2441,1,482,877,235
249456301,39170,-0.0205,-0.0366,1.0215,0.0610,0.1221,-0.1221,1,482,813,235
249461308,39171,-0.0210,-0.0366,1.0225,0.0610,0.0000,-0.0610,1,483,852,235
249466304,39172,-0.0225,-0.0376,1.0229,0.0610,0.0610,-0.1831,1,483,808,235
249471318,39173,-0.0229,-0.0371,1.0234,0.0000,0.0000,-0.1831,1,465,877,235
249476310,39174,-0.0225,-0.0366,1.0229,0.0000,-0.0610,-0.1221,1,466,791,235
249481305,39175,-0.0210,-0.0366,1.0229,0.1221,0.0000,-0.1831,1,493,828,235
249486306,39176,-0.0190,-0.0366,1.0234,0.1221,-0.0610,-0.1831,1,491,728,235
249491304,39177,-0.0186,-0.0366,1.0234,0.0610,0.0610,-0.1831,1,465,804,235
249496304,39178,-0.0195,-0.0356,1.0225,-0.0610,0.1221,-0.3052,1,484,858,235
249501307,39179,-0.0205,-0.0347,1.0229,0.0610,0.1221,-0.2441,1,472,842,235
249506310,39180,-0.0195,-0.0347,1.0244,0.0000,0.0610,-0.1221,1,478,846,235
249511302,39181,-0.0176,-0.0356,1.0244,-0.1221,0.2441,-0.1831,1,483,799,235
249516308,39182,-0.0161,-0.0371,1.0254,-0.1831,0.3052,-0.2441,1,480,853,235
249521304,39183,-0.0166,-0.0381,1.0254,-0.0610,0.2441,-0.3052,1,486,851,235
249526307,39184,-0.0181,-0.0371,1.0239,-0.0610,0.2441,-0.1221,1,492,832,235
249531302,39185,-0.0190,-0.0366,1.0234,-0.0610,0.3662,-0.1831,1,484,863,235
249536302,39186,-0.0200,-0.0371,1.0239,0.0000,0.1831,-0.1831,1,471,910,235
249541306,39187,-0.0210,-0.0381,1.0239,-0.0610,0.4272,-0.1831,1,479,833,235
249546307,39188,-0.0220,-0.0366,1.0234,-0.0610,0.4272,-0.0610,1,483,872,235
249551307,39189,-0.0225,-0.0342,1.0220,-0.0610,0.3662,-0.0610,1,466,876,235
249556303,39190,-0.0225,-0.0352,1.0220,-0.0610,0.3052,-0.1221,1,474,855,235
249561308,39191,-0.0215,-0.0366,1.0220,0.0610,0.2441,-0.2441,1,478,848,235
249566304,39192,-0.0215,-0.0361,1.0215,0.0610,0.2441,-0.2441,1,483,861,235
249571317,39193,-0.0220,-0.0356,1.0200,0.0610,0.1831,-0.2441,1,466,880,235
249576308,39194,-0.0220,-0.0361,1.0195,0.0610,0.0610,-0.2441,1,466,879,235
249581303,39195,-0.0205,-0.0366,1.0210,0.0000,0.0610,-0.2441,1,493,878,235
249586308,39196,-0.0195,-0.0361,1.0239,0.0000,-0.0610,-0.1831,1,490,756,235
249591308,39197,-0.0200,-0.0361,1.0254,0.0000,0.0000,-0.2441,1,466,816,235
249596308,39198,-0.0200,-0.0371,1.0239,-0.0610,-0.0610,-0.3052,1,482,757,235
249601302,39199,-0.0205,-0.0371,1.0220,0.0000,-0.1831,-0.3052,1,490,844,235
249606309,39200,-0.0205,-0.0361,1.0205,-0.0610,-0.3662,-0.0610,1,489,802,235
249611301,39201,-0.0205,-0.0352,1.0229,-0.2441,-0.3662,-0.1831,1,492,848,235
249616309,39202,-0.0146,-0.0371,1.0269,-0.2441,-0.3052,-0.1831,1,487,855,235
249621309,39203,-0.0117,-0.0391,1.0278,-0.1221,0.2441,-0.1221,1,505,852,235
249626309,39204,-0.0171,-0.0386,1.0254,0.1221,0.3052,-0.1831,1,465,859,235
249631305,39205,-0.0195,-0.0371,1.0229,-0.1221,0.1831,-0.1831,1,484,802,235
249636309,39206,-0.0200,-0.0361,1.0229,0.0000,0.4272,-0.2441,1,471,911,235
249641305,39207,-0.0210,-0.0361,1.0249,0.0000,0.3662,-0.2441,1,477,826,235
249646309,39208,-0.0200,-0.0366,1.0254,0.1221,0.3662,-0.2441,1,467,834,235
249651304,39209,-0.0190,-0.0371,1.0229,0.1221,0.4272,-0.3052,1,468,876,235
249656306,39210,-0.0190,-0.0371,1.0229,0.1221,0.4272,-0.3052,1,481,857,235
249661308,39211,-0.0205,-0.0352,1.0239,-0.0610,0.4272,-0.3052,1,479,857,235
249666309,39212,-0.0215,-0.0361,1.0234,0.0000,0.3052,-0.3052,1,483,856,235
249671315,39213,-0.0215,-0.0386,1.0225,0.0000,0.4272,-0.2441,1,466,826,235
249676301,39214,-0.0220,-0.0391,1.0215,0.0610,0.2441,-0.1831,1,466,832,235
249681301,39215,-0.0229,-0.0381,1.0220,0.0610,0.1221,-0.1831,1,493,874,235
249686310,39216,-0.0215,-0.0376,1.0220,0.0610,0.3662,-0.3052,1,488,900,235
249691301,39217,-0.0190,-0.0376,1.0229,0.0000,0.2441,-0.2441,1,466,767,235
249696304,39218,-0.0186,-0.0371,1.0234,0.0610,0.1831,-0.1831,1,492,808,235
249701304,39219,-0.0200,-0.0361,1.0229,0.0000,0.3052,-0.2441,1,473,853,235
249706308,39220,-0.0210,-0.0366,1.0220,0.1221,0.1221,-0.1831,1,489,804,235
249711304,39221,-0.0205,-0.0371,1.0220,0.1831,0.1221,-0.2441,1,476,843,235
249716308,39222,-0.0210,-0.0371,1.0229,0.0610,0.1831,-0.3662,1,492,850,235
249721307,39223,-0.0205,-0.0366,1.0229,-0.0610,0.0610,-0.2441,1,510,851,235
249726309,39224,-0.0195,-0.0366,1.0229,0.0610,0.2441,-0.2441,1,467,869,235
249731306,39225,-0.0190,-0.0371,1.0234,0.1221,0.3052,-0.2441,1,484,872,235
249736308,39226,-0.0190,-0.0376,1.0234,0.1221,0.2441,-0.1221,1,482,904,235
249741304,39227,-0.0186,-0.0386,1.0229,0.0610,0.3052,-0.1831,1,465,865,235
249746302,39228,-0.0186,-0.0386,1.0215,0.1221,0.2441,-0.1831,1,477,863,235
249751301,39229,-0.0205,-0.0376,1.0215,0.2441,0.3052,-0.2441,1,465,856,235
249756308,39230,-0.0215,-0.0371,1.0225,0.0610,0.2441,-0.1831,1,470,858,235
249761303,39231,-0.0215,-0.0371,1.0225,0.1221,0.1831,-0.2441,1,483,861,235
249766305,39232,-0.0200,-0.0376,1.0220,0.0610,0.2441,-0.2441,1,466,877,235
249771326,39233,-0.0186,-0.0381,1.0225,0.0610,0.1831,-0.1831,1,466,875,235
249776308,39234,-0.0186,-0.0381,1.0229,0.0610,0.2441,-0.1221,1,466,873,235
249781302,39235,-0.0200,-0.0376,1.0229,0.0000,0.2441,-0.1831,1,466,872,235
249786309,39236,-0.0210,-0.0381,1.0239,0.1221,0.3052,-0.2441,1,494,759,235
249791301,39237,-0.0215,-0.0371,1.0229,0.0610,0.4272,-0.3052,1,469,766,235
249796303,39238,-0.0229,-0.0356,1.0205,0.0000,0.2441,-0.3662,1,491,856,235
249801306,39239,-0.0229,-0.0366,1.0205,0.1221,0.0000,-0.1831,1,490,809,235
249806302,39240,-0.0225,-0.0381,1.0220,0.1221,-0.0610,-0.1831,1,475,804,235
249811315,39241,-0.0205,-0.0376,1.0225,0.1831,0.1221,-0.1831,1,488,841,235
249816307,39242,-0.0181,-0.0371,1.0229,0.0610,0.1831,-0.1831,1,486,847,235
249821308,39243,-0.0176,-0.0376,1.0234,0.0000,0.1221,-0.2441,1,511,850,235
249826302,39244,-0.0195,-0.0381,1.0225,0.0000,0.1221,-0.1221,1,473,772,235
249831303,39245,-0.0210,-0.0376,1.0220,0.0610,0.1831,-0.1831,1,466,811,235
249836307,39246,-0.0200,-0.0376,1.0229,0.0610,0.1831,-0.3052,1,474,931,235
249841304,39247,-0.0190,-0.0376,1.0229,0.0000,0.1831,-0.1831,1,473,864,235
249846304,39248,-0.0190,-0.0376,1.0225,0.0610,0.1831,-0.2441,1,465,818,235
249851308,39249,-0.0190,-0.0371,1.0229,0.0610,0.1831,-0.1831,1,472,859,235
249856308,39250,-0.0195,-0.0376,1.0225,0.0610,0.3052,-0.2441,1,476,863,235
249861307,39251,-0.0200,-0.0366,1.0215,0.0610,0.2441,-0.1221,1,484,854,235
249866307,39252,-0.0195,-0.0371,1.0220,0.1221,0.0000,-0.1831,1,466,873,235
249871336,39253,-0.0200,-0.0381,1.0225,-0.0610,0.1831,-0.1221,1,466,831,235
249876301,39254,-0.0205,-0.0376,1.0229,-0.0610,0.3662,-0.1831,1,466,869,235
249881307,39255,-0.0215,-0.0361,1.0220,-0.0610,0.3052,-0.2441,1,466,878,235
249886308,39256,-0.0220,-0.0366,1.0205,-0.0610,0.1221,-0.0610,1,494,874,235
249891304,39257,-0.0215,-0.0371,1.0205,-0.1831,0.1221,-0.1221,1,476,853,235
249896309,39258,-0.0200,-0.0371,1.0215,-0.1221,0.1221,-0.1221,1,471,846,235
249901309,39259,-0.0181,-0.0356,1.0220,-0.0610,0.0610,-0.1221,1,491,839,235
249906303,39260,-0.0186,-0.0356,1.0225,-0.2441,0.1831,-0.1831,1,483,867,235
249911301,39261,-0.0210,-0.0376,1.0229,-0.2441,0.1831,-0.3662,1,484,855,235
249916303,39262,-0.0210,-0.0391,1.0229,-0.0610,0.1831,-0.3052,1,495,852,235
249921310,39263,-0.0186,-0.0376,1.0225,-0.0610,0.0610,-0.1831,1,466,830,235
249926302,39264,-0.0181,-0.0366,1.0229,-0.1221,0.1831,-0.2441,1,484,862,235
249931301,39265,-0.0195,-0.0366,1.0239,-0.2441,0.2441,-0.1831,1,465,907,235
249936302,39266,-0.0200,-0.0376,1.0229,-0.1221,0.2441,-0.2441,1,477,878,235
249941304,39267,-0.0205,-0.0386,1.0225,0.0000,0.3662,-0.1831,1,465,867,235
249946304,39268,-0.0210,-0.0376,1.0229,0.0000,0.2441,-0.1831,1,469,814,235
249951304,39269,-0.0210,-0.0366,1.0229,-0.0610,0.2441,-0.2441,1,478,815,235
249956306,39270,-0.0215,-0.0366,1.0225,-0.1221,0.1831,-0.1831,1,478,862,235
249961302,39271,-0.0205,-0.0381,1.0225,0.0000,0.1221,-0.0610,1,483,861,235
249966302,39272,-0.0190,-0.0386,1.0225,-0.1831,0.1221,-0.1831,1,466,821,235
249971303,39273,-0.0186,-0.0366,1.0229,-0.1831,0.3052,-0.2441,1,466,876,235
249976301,39274,-0.0200,-0.0371,1.0229,-0.1831,0.2441,-0.2441,1,493,880,235
249981310,39275,-0.0210,-0.0391,1.0225,-0.0610,0.1221,-0.1221,1,484,885,235
249986307,39276,-0.0210,-0.0391,1.0215,-0.0610,0.2441,-0.1831,1,466,814,235
249991301,39277,-0.0200,-0.0376,1.0215,-0.1221,0.1831,-0.1831,1,485,843,235
249996308,39278,-0.0200,-0.0371,1.0210,-0.1221,0.1221,-0.1221,1,480,846,235
250001308,39279,-0.0210,-0.0371,1.0210,-0.0610,0.1221,-0.1221,1,478,838,235
250006307,39280,-0.0210,-0.0371,1.0215,-0.2441,0.1221,-0.1221,1,488,838,235
250011307,39281,-0.0195,-0.0371,1.0229,-0.0610,0.2441,-0.1221,1,478,844,235
250016307,39282,-0.0190,-0.0371,1.0234,-0.0610,0.2441,-0.1831,1,507,850,235
250021302,39283,-0.0205,-0.0366,1.0225,-0.0610,0.3052,-0.1831,1,470,870,235
250026306,39284,-0.0229,-0.0356,1.0220,-0.1221,0.2441,-0.1831,1,466,874,235
250031304,39285,-0.0225,-0.0371,1.0225,-0.0610,0.1221,-0.2441,1,466,921,235
250036305,39286,-0.0205,-0.0391,1.0234,0.0000,0.1831,-0.1831,1,471,865,235
250041309,39287,-0.0195,-0.0400,1.0234,-0.0610,0.2441,-0.1831,1,481,831,235
250046306,39288,-0.0190,-0.0396,1.0225,0.0610,0.3052,-0.1831,1,466,861,235
250051302,39289,-0.0190,-0.0381,1.0220,0.1221,0.4272,-0.2441,1,474,854,235
250056303,39290,-0.0195,-0.0391,1.0215,0.0000,0.4883,-0.1221,1,483,857,235
250061302,39291,-0.0200,-0.0400,1.0220,-0.0610,0.4272,-0.1221,1,466,823,235
250066318,39292,-0.0200,-0.0386,1.0220,0.0610,0.4883,-0.1831,1,466,870,235
250071305,39293,-0.0200,-0.0371,1.0215,0.1221,0.3052,-0.1831,1,466,872,235
250076309,39294,-0.0205,-0.0366,1.0215,0.0610,0.3052,-0.1221,1,493,872,235
250081306,39295,-0.0190,-0.0371,1.0229,0.0000,0.3662,-0.1831,1,484,870,235
250086304,39296,-0.0176,-0.0376,1.0244,-0.1221,0.4883,-0.0610,1,464,810,235
250091309,39297,-0.0186,-0.0371,1.0239,0.0000,0.4883,-0.1221,1,489,843,235
250096308,39298,-0.0205,-0.0366,1.0234,-0.0610,0.4883,-0.1831,1,473,802,235
250101309,39299,-0.0215,-0.0376,1.0225,-0.1831,0.4272,-0.2441,1,478,851,235
250106311,39300,-0.0205,-0.0386,1.0210,-0.0610,0.3662,-0.3052,1,486,850,235
250111304,39301,-0.0205,-0.0396,1.0210,-0.1831,0.3662,-0.3052,1,473,842,235
250116303,39302,-0.0210,-0.0405,1.0210,-0.0610,0.3052,-0.1221,1,507,845,235
250121302,39303,-0.0205,-0.0400,1.0220,0.0610,0.3662,-0.0610,1,475,850,235
250126303,39304,-0.0195,-0.0371,1.0229,0.0610,0.4272,-0.1221,1,465,870,235
250131305,39305,-0.0195,-0.0361,1.0229,-0.0610,0.4883,-0.1831,1,470,919,235
250136305,39306,-0.0195,-0.0361,1.0225,0.0000,0.4272,-0.1831,1,477,871,235
250141307,39307,-0.0190,-0.0361,1.0229,0.0610,0.4883,-0.1831,1,465,818,235
250146306,39308,-0.0195,-0.0376,1.0234,-0.0610,0.4272,-0.2441,1,470,862,235
250151307,39309,-0.0190,-0.0386,1.0234,0.0000,0.4883,-0.2441,1,478,864,235
250156309,39310,-0.0190,-0.0386,1.0234,0.0610,0.5493,-0.1831,1,483,815,235
250161306,39311,-0.0190,-0.0386,1.0239,0.0000,0.6104,-0.0610,1,466,879,235
250166324,39312,-0.0186,-0.0376,1.0234,0.0610,0.4883,-0.1831,1,466,826,235
250171309,39313,-0.0190,-0.0371,1.0234,-0.0610,0.6104,-0.1831,1,466,876,235
250176305,39314,-0.0200,-0.0371,1.0234,-0.0610,0.5493,-0.0610,1,493,879,235
250181306,39315,-0.0200,-0.0366,1.0234,-0.1221,0.4883,-0.1831,1,494,877,235
250186302,39316,-0.0195,-0.0366,1.0239,-0.0610,0.4883,-0.1221,1,464,870,235
250191309,39317,-0.0190,-0.0371,1.0249,0.0000,0.4883,-0.1221,1,480,848,235
250196306,39318,-0.0195,-0.0386,1.0249,-0.1221,0.6104,-0.2441,1,483,803,235
250201304,39319,-0.0200,-0.0386,1.0239,-0.0610,0.6714,-0.1831,1,473,868,235
250206322,39320,-0.0215,-0.0381,1.0225,-0.1221,0.5493,-0.1831,1,480,847,235
250211306,39321,-0.0225,-0.0376,1.0205,-0.0610,0.6104,-0.2441,1,489,844,235
250216301,39322,-0.0220,-0.0381,1.0200,-0.1831,0.5493,-0.1831,1,493,843,235
250221306,39323,-0.0205,-0.0386,1.0205,0.0000,0.4883,-0.1831,1,484,865,235
250226309,39324,-0.0205,-0.0376,1.0215,0.0000,0.3662,-0.1221,1,465,820,235
250231303,39325,-0.0210,-0.0371,1.0210,-0.1221,0.3052,-0.1221,1,474,817,235
250236301,39326,-0.0215,-0.0381,1.0205,-0.0610,0.4883,-0.1221,1,466,864,235
250241308,39327,-0.0215,-0.0386,1.0215,0.0000,0.4883,-0.1221,1,472,821,235
250246305,39328,-0.0220,-0.0381,1.0215,0.0000,0.4883,-0.1221,1,473,805,235
250251302,39329,-0.0220,-0.0386,1.0210,-0.1221,0.3052,-0.0610,1,482,805,235
250256309,39330,-0.0220,-0.0391,1.0215,-0.0610,0.2441,-0.0610,1,483,848,235
250261306,39331,-0.0220,-0.0376,1.0225,0.0610,0.3052,-0.1831,1,466,870,235
250266304,39332,-0.0210,-0.0366,1.0239,0.0000,0.3052,-0.1221,1,466,870,235
250271309,39333,-0.0195,-0.0366,1.0254,-0.0610,0.4272,-0.1221,1,466,827,235
250276306,39334,-0.0205,-0.0361,1.0254,-0.0610,0.3052,-0.1221,1,493,875,235
250281309,39335,-0.0205,-0.0371,1.0239,-0.1221,0.3052,-0.0610,1,474,868,235
250286302,39336,-0.0200,-0.0386,1.0220,-0.1831,0.2441,-0.1221,1,493,802,235
250291302,39337,-0.0205,-0.0391,1.0215,-0.1831,0.4272,-0.3052,1,475,846,235
250296305,39338,-0.0210,-0.0386,1.0225,-0.1221,0.2441,-0.2441,1,483,844,235
250301306,39339,-0.0205,-0.0381,1.0239,-0.0610,0.3662,-0.1831,1,490,846,235
250306308,39340,-0.0205,-0.0381,1.0234,-0.1221,0.4883,-0.1831,1,488,871,235
250311306,39341,-0.0215,-0.0381,1.0225,-0.1221,0.4272,-0.1831,1,475,845,235
250316304,39342,-0.0210,-0.0386,1.0220,-0.1221,0.4883,-0.1831,1,507,844,235
250321307,39343,-0.0205,-0.0381,1.0210,-0.1221,0.5493,-0.1831,1,493,832,235
250326307,39344,-0.0205,-0.0356,1.0205,-0.0610,0.6104,-0.1831,1,484,861,235
250331308,39345,-0.0205,-0.0381,1.0210,-0.1831,0.6104,-0.1831,1,466,903,235
250336305,39346,-0.0205,-0.0410,1.0210,0.0610,0.6104,-0.3052,1,467,862,235
250341305,39347,-0.0215,-0.0376,1.0215,-0.1221,0.4883,-0.1831,1,473,864,235
250346306,39348,-0.0210,-0.0356,1.0234,-0.1221,0.5493,-0.1221,1,480,871,235
250351308,39349,-0.0225,-0.0376,1.0225,0.0000,0.5493,-0.1831,1,467,856,235
250356305,39350,-0.0244,-0.0396,1.0190,-0.0610,0.5493,-0.1831,1,465,814,235
250361309,39351,-0.0249,-0.0396,1.0171,0.0610,0.3052,-0.1831,1,484,861,235
250366304,39352,-0.0239,-0.0371,1.0190,0.0610,0.2441,-0.2441,1,466,872,235
250371331,39353,-0.0220,-0.0352,1.0225,0.1221,0.1221,-0.2441,1,466,882,235
250376307,39354,-0.0210,-0.0361,1.0239,0.1221,0.1831,-0.1831,1,466,870,235
250381303,39355,-0.0215,-0.0381,1.0220,0.0610,0.1831,-0.2441,1,466,878,235
250386304,39356,-0.0215,-0.0381,1.0205,-0.0610,0.1221,-0.2441,1,494,873,235
250391307,39357,-0.0220,-0.0381,1.0220,0.0000,0.1221,-0.2441,1,464,851,235
250396304,39358,-0.0220,-0.0376,1.0234,0.0000,0.1831,-0.1221,1,492,798,235
250401306,39359,-0.0210,-0.0376,1.0225,0.0000,0.1221,-0.1831,1,478,803,235
250406303,39360,-0.0210,-0.0391,1.0215,0.0000,0.3052,-0.3052,1,476,797,235
250411304,39361,-0.0215,-0.0400,1.0225,0.0610,0.2441,-0.3052,1,486,789,235
250416306,39362,-0.0225,-0.0396,1.0229,0.0610,0.1831,-0.1831,1,472,840,235
250421303,39363,-0.0229,-0.0386,1.0229,0.0610,0.1831,-0.2441,1,499,849,235
250426309,39364,-0.0220,-0.0376,1.0220,0.1221,0.1221,-0.3052,1,469,869,235
250431307,39365,-0.0220,-0.0371,1.0205,0.2441,0.1831,-0.3052,1,484,807,235
250436309,39366,-0.0234,-0.0371,1.0200,0.0610,0.3052,-0.2441,1,477,906,235
250441301,39367,-0.0234,-0.0376,1.0210,-0.0610,0.2441,-0.1831,1,479,862,235
250446304,39368,-0.0220,-0.0376,1.0210,0.1831,0.1221,-0.2441,1,471,865,235
250451303,39369,-0.0210,-0.0381,1.0215,0.1221,0.2441,-0.2441,1,471,873,235
250456309,39370,-0.0210,-0.0386,1.0220,0.0610,0.1221,-0.1831,1,473,855,235
250461305,39371,-0.0210,-0.0376,1.0220,0.1221,0.1221,-0.1221,1,468,853,235
250466303,39372,-0.0210,-0.0366,1.0220,0.0610,0.1221,-0.0610,1,484,847,235
250471309,39373,-0.0215,-0.0371,1.0229,0.0000,0.0000,-0.1221,1,466,868,235
250476331,39374,-0.0215,-0.0381,1.0234,0.1221,0.0610,-0.1221,1,466,784,235
250481308,39375,-0.0205,-0.0386,1.0239,0.1221,0.0000,-0.0610,1,466,866,235
250486308,39376,-0.0190,-0.0381,1.0239,0.0610,0.0610,-0.0610,1,465,758,235
250491308,39377,-0.0190,-0.0376,1.0244,0.1831,0.1831,-0.1221,1,494,868,235
250496309,39378,-0.0200,-0.0371,1.0244,0.0610,0.1831,-0.1221,1,466,830,235
250501306,39379,-0.0210,-0.0371,1.0244,0.0000,0.1831,-0.1221,1,491,828,235
250506306,39380,-0.0220,-0.0366,1.0239,0.0610,0.1831,-0.1221,1,473,802,235
250511307,39381,-0.0220,-0.0376,1.0234,0.1221,0.1831,-0.2441,1,484,849,235
250516313,39382,-0.0205,-0.0386,1.0225,0.0000,0.1831,-0.1831,1,492,849,235
250521303,39383,-0.0195,-0.0391,1.0220,0.1221,0.1221,-0.3052,1,471,804,235
250526306,39384,-0.0205,-0.0391,1.0225,0.1831,0.1221,-0.3662,1,505,835,235
250531309,39385,-0.0225,-0.0386,1.0220,0.1831,0.1831,-0.3662,1,465,860,235
250536306,39386,-0.0234,-0.0376,1.0225,0.1221,0.1831,-0.2441,1,484,822,235
250541301,39387,-0.0234,-0.0371,1.0234,0.0610,0.3662,-0.2441,1,473,903,235
250546309,39388,-0.0220,-0.0376,1.0229,0.1831,0.2441,-0.1831,1,466,871,235
250551305,39389,-0.0205,-0.0386,1.0220,0.0610,0.1221,-0.1831,1,483,873,235
250556302,39390,-0.0200,-0.0386,1.0220,-0.0610,0.2441,-0.1831,1,469,872,235
250561309,39391,-0.0205,-0.0381,1.0220,0.1221,0.0000,-0.2441,1,475,858,235
250566304,39392,-0.0215,-0.0376,1.0225,0.0000,-0.1221,-0.1221,1,470,808,235
250571308,39393,-0.0215,-0.0371,1.0229,0.0000,0.0000,-0.1831,1,483,805,235
250576303,39394,-0.0205,-0.0371,1.0234,0.0000,0.0610,-0.2441,1,465,788,235
250581335,39395,-0.0200,-0.0371,1.0225,-0.0610,0.1831,-0.1831,1,466,833,235
250586301,39396,-0.0200,-0.0371,1.0225,0.0610,0.0610,-0.1221,1,466,878,235
250591301,39397,-0.0195,-0.0381,1.0234,0.1221,0.1221,-0.1831,1,466,868,235
250596305,39398,-0.0195,-0.0386,1.0234,0.0000,0.1221,-0.1831,1,494,871,235
250601303,39399,-0.0200,-0.0376,1.0229,-0.0610,0.2441,-0.1221,1,468,814,235
250606310,39400,-0.0210,-0.0386,1.0225,-0.0610,0.2441,-0.1831,1,473,846,235
250611310,39401,-0.0229,-0.0386,1.0220,0.1221,0.1831,-0.2441,1,474,847,235
250616305,39402,-0.0234,-0.0391,1.0229,0.0000,0.2441,-0.2441,1,486,850,235
250621322,39403,-0.0225,-0.0405,1.0225,0.0610,0.1221,-0.1221,1,478,804,235
250626307,39404,-0.0225,-0.0400,1.0210,0.0000,0.0000,-0.1831,1,473,837,235
250631302,39405,-0.0225,-0.0391,1.0200,-0.0610,-0.0610,-0.3052,1,510,741,235
250636302,39406,-0.0215,-0.0396,1.0200,0.1221,-0.0610,-0.2441,1,485,850,235
250641301,39407,-0.0220,-0.0391,1.0200,0.2441,-0.0610,-0.2441,1,466,896,235
250646304,39408,-0.0229,-0.0376,1.0205,0.1221,-0.0610,-0.3052,1,477,863,235
250651303,39409,-0.0220,-0.0381,1.0215,0.1831,-0.0610,-0.2441,1,482,860,235
250656301,39410,-0.0210,-0.0381,1.0229,0.1221,-0.1221,-0.3052,1,469,874,235
250661308,39411,-0.0200,-0.0371,1.0239,0.0610,-0.0610,-0.2441,1,481,847,235
250666304,39412,-0.0200,-0.0366,1.0234,0.0610,0.0000,-0.3052,1,479,859,235
250671305,39413,-0.0195,-0.0366,1.0229,0.0610,-0.0610,-0.3052,1,483,809,235
250676307,39414,-0.0195,-0.0381,1.0239,0.1221,0.0000,-0.1831,1,466,875,235
250681319,39415,-0.0205,-0.0391,1.0244,0.1221,0.1221,-0.2441,1,466,829,235
250686302,39416,-0.0210,-0.0396,1.0239,0.2441,0.0610,-0.2441,1,466,870,235
250691305,39417,-0.0195,-0.0396,1.0244,-0.0610,0.0610,-0.3052,1,494,879,235
250696303,39418,-0.0186,-0.0391,1.0244,-0.0610,0.1831,-0.2441,1,487,870,235
250701306,39419,-0.0195,-0.0381,1.0234,0.0610,0.2441,-0.1831,1,464,773,235
250706310,39420,-0.0200,-0.0381,1.0229,0.0000,0.1831,-0.2441,1,487,822,235
250711301,39421,-0.0200,-0.0376,1.0234,0.0000,0.0610,-0.1831,1,481,804,235
250716303,39422,-0.0200,-0.0376,1.0244,-0.0610,0.2441,-0.1831,1,481,802,235
250721310,39423,-0.0190,-0.0376,1.0244,0.0000,0.2441,-0.1221,1,488,850,235
250726303,39424,-0.0190,-0.0371,1.0234,-0.0610,0.2441,-0.1831,1,471,802,235
250731302,39425,-0.0195,-0.0381,1.0225,-0.0610,0.2441,-0.3662,1,506,853,235
250736301,39426,-0.0205,-0.0381,1.0220,0.0000,0.2441,-0.3052,1,474,865,235
250741302,39427,-0.0220,-0.0381,1.0215,0.0000,0.3052,-0.1831,1,465,815,235
250746310,39428,-0.0225,-0.0386,1.0215,0.0610,0.1831,-0.3052,1,466,815,235
250751301,39429,-0.0225,-0.0376,1.0225,0.0610,0.1221,-0.3052,1,465,861,235
250756306,39430,-0.0210,-0.0400,1.0244,0.0610,0.0610,-0.1221,1,479,855,235
250761308,39431,-0.0200,-0.0400,1.0249,0.1221,0.1831,-0.1831,1,477,867,235
250766301,39432,-0.0190,-0.0391,1.0249,0.0610,0.2441,-0.1221,1,482,857,235
250771310,39433,-0.0186,-0.0381,1.0249,0.1221,0.1221,-0.2441,1,484,855,235
250776310,39434,-0.0186,-0.0386,1.0254,0.1221,0.1831,-0.1831,1,483,854,235
250781301,39435,-0.0200,-0.0400,1.0249,0.0000,0.1831,-0.2441,1,466,874,235
250786306,39436,-0.0200,-0.0391,1.0229,0.0610,0.1221,-0.3052,1,466,833,235
250791307,39437,-0.0210,-0.0376,1.0210,0.0000,0.1221,-0.2441,1,492,866,235
250796306,39438,-0.0220,-0.0376,1.0200,-0.0610,0.1831,-0.2441,1,466,751,235
250801302,39439,-0.0215,-0.0386,1.0215,0.1221,0.1831,-0.3052,1,493,876,235
250806301,39440,-0.0195,-0.0386,1.0234,0.1221,0.0000,-0.1831,1,487,793,235
250811303,39441,-0.0190,-0.0381,1.0244,0.0610,0.0610,-0.1831,1,492,804,235
250816308,39442,-0.0186,-0.0376,1.0229,0.1831,0.1831,-0.2441,1,479,846,235
250821309,39443,-0.0186,-0.0381,1.0215,0.0610,0.2441,-0.2441,1,485,875,235
250826306,39444,-0.0200,-0.0381,1.0210,0.0610,0.1221,-0.1221,1,474,846,235
250831303,39445,-0.0210,-0.0376,1.0210,0.0610,0.0000,-0.1221,1,507,834,235
250836301,39446,-0.0200,-0.0371,1.0220,0.0000,0.0610,-0.1831,1,492,781,235
250841302,39447,-0.0195,-0.0371,1.0229,0.1221,0.1831,-0.2441,1,484,800,235
250846303,39448,-0.0200,-0.0371,1.0225,0.1831,0.1221,-0.2441,1,465,909,235
250851303,39449,-0.0205,-0.0371,1.0215,0.1221,0.1221,-0.2441,1,467,866,235
250856307,39450,-0.0215,-0.0376,1.0220,0.0000,0.1831,-0.2441,1,472,873,235
250861302,39451,-0.0205,-0.0381,1.0244,0.0000,0.0610,-0.2441,1,474,813,235
250866307,39452,-0.0190,-0.0371,1.0259,0.0000,0.1221,-0.1831,1,482,812,235
250871306,39453,-0.0190,-0.0366,1.0239,0.0610,0.3052,-0.3052,1,482,812,235
250876305,39454,-0.0215,-0.0371,1.0220,-0.0610,0.2441,-0.3662,1,484,854,235
250881301,39455,-0.0225,-0.0381,1.0220,0.0610,0.1831,-0.2441,1,466,879,235
250886320,39456,-0.0220,-0.0400,1.0215,0.0610,0.1831,-0.2441,1,466,874,235
250891310,39457,-0.0215,-0.0400,1.0215,0.3052,0.0610,-0.2441,1,466,875,235
250896308,39458,-0.0229,-0.0391,1.0225,0.2441,0.2441,-0.2441,1,493,869,235
250901306,39459,-0.0225,-0.0386,1.0229,0.1831,0.1221,-0.1831,1,485,878,235
250906308,39460,-0.0205,-0.0386,1.0225,0.1831,0.0610,-0.1831,1,465,802,235
250911302,39461,-0.0195,-0.0386,1.0220,0.3052,0.0000,-0.1831,1,478,857,235
250916310,39462,-0.0205,-0.0381,1.0220,0.2441,0.0610,-0.2441,1,473,800,235
250921310,39463,-0.0210,-0.0376,1.0225,0.3052,0.0610,-0.2441,1,475,847,235
250926316,39464,-0.0215,-0.0371,1.0225,0.3052,-0.1221,-0.2441,1,483,842,235
250931307,39465,-0.0215,-0.0371,1.0229,0.1831,-0.1221,-0.3052,1,488,844,235
250936306,39466,-0.0215,-0.0376,1.0234,0.2441,-0.1831,-0.2441,1,503,846,235
250941305,39467,-0.0220,-0.0386,1.0244,0.1831,-0.1831,-0.2441,1,497,843,235
250946304,39468,-0.0229,-0.0376,1.0239,0.0610,-0.1831,-0.3662,1,465,873,235
250951308,39469,-0.0225,-0.0371,1.0225,0.0610,-0.1831,-0.2441,1,482,908,235
250956306,39470,-0.0220,-0.0376,1.0225,0.1831,-0.2441,-0.1831,1,465,869,235
250961304,39471,-0.0200,-0.0381,1.0254,0.2441,-0.2441,-0.2441,1,470,879,235
250966304,39472,-0.0186,-0.0381,1.0259,0.1831,-0.1831,-0.3052,1,477,877,235
250971306,39473,-0.0195,-0.0391,1.0229,0.1221,-0.1221,-0.2441,1,482,855,235
250976306,39474,-0.0205,-0.0396,1.0210,0.1831,-0.1221,-0.2441,1,478,855,235
250981307,39475,-0.0205,-0.0386,1.0215,0.1831,-0.0610,-0.3052,1,483,856,235
250986301,39476,-0.0195,-0.0371,1.0239,0.1831,-0.1221,-0.1831,1,466,873,235
250991302,39477,-0.0190,-0.0376,1.0239,0.1831,0.0000,-0.1221,1,466,883,235
250996306,39478,-0.0195,-0.0381,1.0234,0.1221,0.2441,-0.2441,1,466,831,235
251001307,39479,-0.0210,-0.0381,1.0225,0.1831,0.1221,-0.1831,1,466,877,235
251006309,39480,-0.0210,-0.0386,1.0220,0.1221,0.0610,-0.1831,1,494,870,235
251011306,39481,-0.0210,-0.0391,1.0215,0.0610,0.1221,-0.2441,1,494,765,235
251016302,39482,-0.0215,-0.0376,1.0210,0.0610,0.0610,-0.3662,1,492,849,235
251021305,39483,-0.0225,-0.0356,1.0200,0.1221,-0.0610,-0.2441,1,483,842,235
251026308,39484,-0.0215,-0.0352,1.0205,0.0610,-0.3662,-0.1831,1,492,845,235
251031326,39485,-0.0190,-0.0376,1.0220,0.0610,-0.4272,-0.2441,1,478,847,235
251036305,39486,-0.0195,-0.0386,1.0244,0.1831,-0.1221,-0.4272,1,490,849,235
251041301,39487,-0.0215,-0.0376,1.0244,0.1221,-0.2441,-0.3052,1,487,850,235
251046306,39488,-0.0195,-0.0381,1.0249,0.1221,-0.1831,-0.2441,1,511,833,235
251051306,39489,-0.0176,-0.0396,1.0264,0.1831,0.1221,-0.2441,1,465,875,235
251056301,39490,-0.0186,-0.0391,1.0249,0.2441,0.0000,-0.1831,1,472,932,235
251061310,39491,-0.0190,-0.0376,1.0229,0.2441,-0.1221,-0.3052,1,482,823,235
251066306,39492,-0.0190,-0.0366,1.0220,0.2441,0.0000,-0.2441,1,479,863,235
251071306,39493,-0.0195,-0.0361,1.0229,0.1831,-0.1831,-0.1221,1,465,819,235
251076302,39494,-0.0190,-0.0371,1.0239,0.1831,0.0610,-0.3052,1,472,864,235
251081305,39495,-0.0190,-0.0376,1.0234,0.2441,0.1221,-0.2441,1,484,859,235
251086308,39496,-0.0186,-0.0381,1.0234,0.0610,0.1221,-0.3052,1,466,878,235
251091307,39497,-0.0181,-0.0386,1.0244,0.1221,0.1221,-0.2441,1,466,866,235
251096302,39498,-0.0190,-0.0391,1.0239,0.1831,0.0610,-0.1221,1,465,871,235
251101310,39499,-0.0200,-0.0381,1.0225,0.1221,0.0610,-0.1831,1,493,873,235
251106309,39500,-0.0205,-0.0361,1.0215,0.1221,0.2441,-0.1831,1,471,867,235
251111305,39501,-0.0215,-0.0352,1.0210,0.0000,0.1831,-0.1831,1,494,879,235
251116301,39502,-0.0220,-0.0371,1.0220,0.0610,0.0610,-0.3052,1,466,801,235
251121310,39503,-0.0205,-0.0386,1.0229,0.0610,0.0000,-0.2441,1,481,842,235
251126307,39504,-0.0195,-0.0386,1.0220,0.0000,0.1221,-0.2441,1,483,824,235
251131301,39505,-0.0186,-0.0386,1.0205,0.1221,-0.0610,-0.2441,1,472,801,235
251136304,39506,-0.0190,-0.0381,1.0205,0.0610,0.0000,-0.3052,1,492,843,235
251141310,39507,-0.0210,-0.0381,1.0215,0.0000,-0.0610,-0.3662,1,493,783,235
251146304,39508,-0.0220,-0.0376,1.0215,0.1221,-0.0610,-0.3052,1,492,730,235
251151302,39509,-0.0215,-0.0376,1.0225,0.1831,0.0000,-0.3052,1,484,808,235
251156301,39510,-0.0200,-0.0376,1.0239,0.1221,-0.1221,-0.2441,1,477,817,235
251161307,39511,-0.0195,-0.0371,1.0249,0.1221,0.0000,-0.3052,1,466,862,235
251166304,39512,-0.0195,-0.0371,1.0254,0.1221,0.0610,-0.3052,1,465,829,235
251171307,39513,-0.0190,-0.0371,1.0244,0.1831,0.1221,-0.3052,1,476,870,235
251176306,39514,-0.0186,-0.0371,1.0229,0.1221,0.1831,-0.1831,1,480,858,235
251181308,39515,-0.0190,-0.0381,1.0225,0.0610,0.3052,-0.3052,1,482,863,235
251186308,39516,-0.0190,-0.0376,1.0220,0.0610,0.2441,-0.1831,1,466,846,235
251191309,39517,-0.0190,-0.0371,1.0225,0.0610,0.3052,-0.2441,1,466,877,235
251196302,39518,-0.0190,-0.0366,1.0239,0.1221,0.3052,-0.1831,1,466,875,235
251201302,39519,-0.0190,-0.0361,1.0249,-0.0610,0.2441,-0.1831,1,493,876,235
251206308,39520,-0.0195,-0.0366,1.0249,-0.1831,0.4272,-0.1831,1,473,883,235
251211308,39521,-0.0200,-0.0371,1.0239,-0.0610,0.4272,-0.1221,1,493,886,235
251216307,39522,-0.0200,-0.0371,1.0220,0.0610,0.4883,-0.1221,1,465,830,235
251221310,39523,-0.0200,-0.0371,1.0210,-0.1221,0.3662,-0.2441,1,492,841,235
251226303,39524,-0.0210,-0.0381,1.0220,-0.0610,0.2441,-0.2441,1,480,848,235
251231305,39525,-0.0220,-0.0391,1.0229,0.0000,0.1221,-0.1831,1,475,845,235
251236304,39526,-0.0220,-0.0396,1.0239,-0.1831,0.2441,-0.1831,1,485,799,235
251241308,39527,-0.0210,-0.0386,1.0239,-0.1221,0.0610,-0.1831,1,493,853,235
251246302,39528,-0.0200,-0.0371,1.0225,0.0000,0.1831,-0.1831,1,492,834,235
251251307,39529,-0.0195,-0.0376,1.0220,-0.0610,0.2441,-0.2441,1,484,859,235
251256307,39530,-0.0195,-0.0381,1.0225,0.0000,0.1831,-0.2441,1,474,907,235
251261306,39531,-0.0195,-0.0376,1.0225,-0.0610,0.1221,-0.1831,1,482,830,235
251266307,39532,-0.0195,-0.0371,1.0229,-0.1831,0.3052,-0.1831,1,467,864,235
251271309,39533,-0.0181,-0.0381,1.0229,0.0000,0.1831,-0.2441,1,472,880,235
251276305,39534,-0.0176,-0.0371,1.0229,-0.0610,0.3052,-0.1831,1,477,813,235
251281309,39535,-0.0186,-0.0361,1.0229,-0.0610,0.1831,-0.1831,1,480,859,235
251286305,39536,-0.0195,-0.0356,1.0234,-0.0610,0.1831,-0.2441,1,466,863,235
251291301,39537,-0.0195,-0.0366,1.0244,-0.0610,0.3662,-0.2441,1,466,883,235
251296301,39538,-0.0195,-0.0366,1.0239,-0.0610,0.4272,-0.1221,1,466,883,235
251301302,39539,-0.0195,-0.0356,1.0229,-0.1221,0.3662,-0.2441,1,492,878,235
251306309,39540,-0.0195,-0.0366,1.0225,-0.0610,0.4272,-0.1831,1,466,883,235
251311302,39541,-0.0200,-0.0376,1.0234,-0.1221,0.4272,-0.1221,1,494,880,235
251316307,39542,-0.0190,-0.0376,1.0234,-0.0610,0.4272,-0.3052,1,466,824,235
251321304,39543,-0.0176,-0.0376,1.0220,-0.0610,0.3052,-0.3052,1,482,846,235
251326302,39544,-0.0176,-0.0376,1.0215,-0.2441,0.4272,-0.3052,1,492,837,235
251331304,39545,-0.0186,-0.0376,1.0220,-0.1221,0.4272,-0.1831,1,480,867,235
251336303,39546,-0.0195,-0.0391,1.0239,-0.0610,0.4272,-0.1831,1,488,847,235
251341304,39547,-0.0200,-0.0396,1.0254,-0.1221,0.3052,-0.3052,1,480,848,235
251346308,39548,-0.0195,-0.0381,1.0249,-0.1221,0.3662,-0.1221,1,489,824,235
251351302,39549,-0.0186,-0.0366,1.0239,-0.2441,0.4272,-0.1831,1,511,832,235
251356308,39550,-0.0186,-0.0371,1.0229,-0.2441,0.3662,-0.1831,1,465,882,235
251361302,39551,-0.0195,-0.0386,1.0220,-0.1221,0.3662,-0.1221,1,474,927,235
251366304,39552,-0.0200,-0.0381,1.0220,-0.1221,0.4883,-0.1221,1,483,862,235
251371301,39553,-0.0200,-0.0381,1.0229,-0.1221,0.4272,-0.1221,1,467,819,235
251376302,39554,-0.0200,-0.0381,1.0234,-0.0610,0.4272,-0.1831,1,474,852,235
251381309,39555,-0.0186,-0.0381,1.0229,-0.1221,0.4272,-0.1221,1,475,857,235
251386302,39556,-0.0195,-0.0381,1.0229,-0.1831,0.4883,-0.1831,1,484,853,235
251391309,39557,-0.0220,-0.0381,1.0225,-0.0610,0.3052,-0.1831,1,466,880,235
251396304,39558,-0.0225,-0.0371,1.0220,-0.1831,0.3052,-0.1221,1,466,869,235
251401307,39559,-0.0205,-0.0366,1.0225,-0.1221,0.3052,-0.1831,1,466,873,235
251406301,39560,-0.0186,-0.0371,1.0225,-0.1831,0.3662,-0.0610,1,492,873,235
251411309,39561,-0.0190,-0.0376,1.0215,0.0000,0.3052,-0.1221,1,470,878,235
251416304,39562,-0.0210,-0.0386,1.0215,-0.0610,0.3662,-0.1831,1,484,748,235
251421302,39563,-0.0210,-0.0391,1.0234,-0.1221,0.2441,-0.1831,1,465,828,235
251426308,39564,-0.0186,-0.0376,1.0239,-0.0610,0.3662,-0.0610,1,491,845,235
251431305,39565,-0.0176,-0.0366,1.0239,-0.1221,0.5493,-0.1221,1,474,848,235
251436307,39566,-0.0186,-0.0381,1.0239,-0.0610,0.5493,-0.0610,1,490,868,235
251441302,39567,-0.0186,-0.0410,1.0239,-0.1221,0.4272,-0.1221,1,476,844,235
251446301,39568,-0.0176,-0.0405,1.0234,-0.1221,0.7935,-0.1221,1,507,845,235
251451301,39569,-0.0190,-0.0381,1.0215,-0.1221,0.7935,-0.1221,1,492,832,235
251456304,39570,-0.0205,-0.0381,1.0200,-0.1831,0.7324,-0.1221,1,484,808,235
251461303,39571,-0.0215,-0.0391,1.0200,-0.1221,0.6104,-0.1221,1,473,899,235
251466301,39572,-0.0220,-0.0396,1.0205,-0.1221,0.4272,-0.0610,1,482,852,235
251471309,39573,-0.0220,-0.0391,1.0215,-0.1221,0.3662,-0.0610,1,469,863,235
251476309,39574,-0.0210,-0.0386,1.0220,-0.0610,0.4883,-0.0610,1,465,869,235
251481308,39575,-0.0195,-0.0386,1.0225,0.0000,0.4883,-0.1831,1,472,850,235
251486301,39576,-0.0190,-0.0391,1.0225,0.0000,0.4883,-0.1831,1,474,812,235
251491301,39577,-0.0200,-0.0391,1.0229,-0.0610,0.5493,-0.2441,1,484,809,235
251496303,39578,-0.0210,-0.0386,1.0234,0.0000,0.4272,-0.0610,1,466,879,235
251501331,39579,-0.0200,-0.0386,1.0234,0.0000,0.4272,-0.1831,1,466,828,235
251506301,39580,-0.0186,-0.0386,1.0229,-0.0610,0.5493,-0.1221,1,466,833,235
251511310,39581,-0.0186,-0.0396,1.0234,-0.0610,0.4883,0.0000,1,466,877,235
251516303,39582,-0.0190,-0.0396,1.0234,-0.1221,0.5493,-0.1831,1,467,754,235
251521307,39583,-0.0200,-0.0381,1.0225,-0.1831,0.6104,-0.2441,1,493,772,235
251526308,39584,-0.0205,-0.0376,1.0220,-0.1221,0.4883,-0.0610,1,473,844,235
251531307,39585,-0.0195,-0.0381,1.0225,-0.0610,0.5493,0.0000,1,483,842,235
251536307,39586,-0.0190,-0.0396,1.0215,-0.1221,0.6104,-0.0610,1,477,800,235
251541309,39587,-0.0205,-0.0405,1.0205,-0.2441,0.6104,-0.1221,1,488,839,235
251546303,39588,-0.0210,-0.0410,1.0215,-0.1221,0.5493,-0.1221,1,492,842,235
251551302,39589,-0.0215,-0.0396,1.0229,-0.0610,0.4883,-0.1831,1,492,830,235
251556308,39590,-0.0205,-0.0386,1.0239,-0.0610,0.4883,-0.1221,1,484,781,235
251561306,39591,-0.0190,-0.0371,1.0239,-0.0610,0.4883,-0.1221,1,469,899,235
251566307,39592,-0.0200,-0.0361,1.0225,-0.1221,0.5493,-0.1221,1,477,865,235
251571301,39593,-0.0215,-0.0376,1.0215,-0.2441,0.3662,-0.1221,1,482,871,235
251576304,39594,-0.0215,-0.0381,1.0220,-0.1831,0.4272,-0.1831,1,473,874,235
251581305,39595,-0.0195,-0.0381,1.0225,-0.0610,0.4272,-0.1221,1,479,859,235
251586307,39596,-0.0186,-0.0396,1.0220,-0.0610,0.3662,-0.0610,1,478,854,235
251591303,39597,-0.0186,-0.0396,1.0220,-0.0610,0.4883,-0.1831,1,466,855,235
251596307,39598,-0.0195,-0.0391,1.0220,-0.0610,0.3662,-0.2441,1,466,873,235
251601308,39599,-0.0205,-0.0381,1.0225,0.0000,0.4272,-0.0610,1,466,875,235
251606307,39600,-0.0210,-0.0381,1.0234,0.0000,0.5493,-0.0610,1,465,827,235
251611302,39601,-0.0205,-0.0381,1.0244,-0.0610,0.6104,-0.1221,1,466,826,235
251616304,39602,-0.0200,-0.0386,1.0244,0.0000,0.5493,-0.0610,1,486,868,235
251621304,39603,-0.0205,-0.0396,1.0239,0.0000,0.5493,-0.0610,1,465,803,235
251626310,39604,-0.0215,-0.0396,1.0229,-0.1221,0.5493,-0.0610,1,488,804,235
251631301,39605,-0.0229,-0.0400,1.0234,-0.2441,0.6104,-0.2441,1,474,846,235
251636312,39606,-0.0225,-0.0396,1.0234,-0.0610,0.4883,-0.0610,1,474,851,235
251641308,39607,-0.0210,-0.0381,1.0220,-0.0610,0.4883,-0.1831,1,476,844,235
251646305,39608,-0.0190,-0.0381,1.0229,-0.1221,0.4272,-0.1221,1,491,842,235
251651305,39609,-0.0186,-0.0386,1.0234,-0.0610,0.5493,-0.0610,1,500,832,235
251656308,39610,-0.0205,-0.0386,1.0225,-0.1221,0.4883,-0.0610,1,465,874,235
251661308,39611,-0.0220,-0.0386,1.0225,-0.1831,0.5493,-0.1831,1,466,859,235
251666309,39612,-0.0225,-0.0391,1.0225,-0.1221,0.4883,-0.1831,1,472,870,235
251671301,39613,-0.0225,-0.0405,1.0225,-0.1221,0.4883,-0.1831,1,479,860,235
251676302,39614,-0.0229,-0.0415,1.0229,-0.1221,0.4272,-0.1221,1,472,854,235
251681303,39615,-0.0225,-0.0415,1.0234,-0.0610,0.3662,-0.1221,1,477,859,235
251686305,39616,-0.0205,-0.0400,1.0234,-0.1221,0.3662,-0.1831,1,484,858,235
251691309,39617,-0.0195,-0.0391,1.0229,-0.1221,0.1831,-0.1831,1,466,878,235
251696302,39618,-0.0210,-0.0391,1.0220,-0.0610,0.3052,-0.1221,1,466,877,235
251701310,39619,-0.0215,-0.0400,1.0215,-0.0610,0.3052,-0.1831,1,466,862,235
251706308,39620,-0.0210,-0.0405,1.0220,-0.1831,0.1831,-0.1831,1,492,870,235
251711302,39621,-0.0205,-0.0405,1.0225,-0.0610,0.3052,-0.2441,1,467,879,235
251716310,39622,-0.0200,-0.0391,1.0225,-0.0610,0.1831,-0.2441,1,465,798,235
251721310,39623,-0.0190,-0.0381,1.0225,-0.1221,0.1831,-0.2441,1,464,854,235
251726302,39624,-0.0190,-0.0391,1.0229,-0.1831,0.3662,-0.1831,1,478,846,235
251731308,39625,-0.0195,-0.0396,1.0239,-0.0610,0.3052,-0.1221,1,476,852,235
251736323,39626,-0.0215,-0.0396,1.0244,0.0610,0.3662,-0.2441,1,480,842,235
251741304,39627,-0.0225,-0.0396,1.0229,0.0610,0.4272,-0.2441,1,478,849,235
251746304,39628,-0.0229,-0.0386,1.0220,0.0000,0.3662,-0.1831,1,491,849,235
251751309,39629,-0.0225,-0.0376,1.0220,0.0000,0.1831,-0.1831,1,511,739,235
251756305,39630,-0.0215,-0.0386,1.0215,0.0610,0.3052,-0.0610,1,465,820,235
251761305,39631,-0.0205,-0.0400,1.0215,-0.0610,0.4272,-0.2441,1,479,857,235
251766302,39632,-0.0205,-0.0410,1.0215,-0.1221,0.3662,-0.1831,1,466,872,235
251771303,39633,-0.0210,-0.0405,1.0220,-0.0610,0.2441,-0.1221,1,474,874,235
251776305,39634,-0.0210,-0.0396,1.0220,-0.0610,0.3662,-0.0610,1,482,853,235
251781301,39635,-0.0210,-0.0386,1.0225,-0.1221,0.4272,-0.2441,1,465,854,235
251786306,39636,-0.0220,-0.0386,1.0229,-0.1221,0.4272,-0.2441,1,484,856,235
251791306,39637,-0.0225,-0.0391,1.0239,-0.1221,0.3052,-0.1831,1,466,878,235
251796314,39638,-0.0215,-0.0391,1.0239,-0.0610,0.4883,-0.1221,1,466,870,235
251801305,39639,-0.0205,-0.0376,1.0244,-0.1831,0.4883,-0.1831,1,466,868,235
251806303,39640,-0.0195,-0.0381,1.0234,-0.2441,0.5493,-0.2441,1,493,882,235
251811305,39641,-0.0205,-0.0391,1.0205,-0.1831,0.6104,-0.1831,1,490,884,235
251816304,39642,-0.0215,-0.0391,1.0200,-0.1221,0.4883,-0.1831,1,466,798,235
251821303,39643,-0.0215,-0.0391,1.0220,-0.1221,0.4272,-0.1831,1,485,850,235
251826305,39644,-0.0215,-0.0396,1.0234,-0.1221,0.4883,-0.2441,1,473,844,235
251831301,39645,-0.0215,-0.0391,1.0234,-0.1221,0.6104,-0.1831,1,483,847,235
251836306,39646,-0.0215,-0.0400,1.0229,-0.1831,0.6714,-0.1221,1,478,841,235
251841309,39647,-0.0220,-0.0405,1.0215,-0.0610,0.4883,-0.1221,1,508,845,235
251846305,39648,-0.0220,-0.0405,1.0210,0.0000,0.4272,-0.2441,1,493,830,235
251851309,39649,-0.0220,-0.0405,1.0220,-0.0610,0.4272,-0.1221,1,511,800,235
251856303,39650,-0.0215,-0.0400,1.0239,-0.1221,0.4883,-0.0610,1,466,897,235
251861309,39651,-0.0225,-0.0391,1.0239,-0.1221,0.4272,-0.1221,1,479,859,235
251866309,39652,-0.0229,-0.0386,1.0229,-0.0610,0.4883,-0.1831,1,477,868,235
251871306,39653,-0.0215,-0.0391,1.0220,-0.0610,0.4883,-0.1831,1,465,877,235
251876304,39654,-0.0215,-0.0391,1.0215,-0.0610,0.4272,-0.1831,1,472,853,235
251881304,39655,-0.0234,-0.0386,1.0215,-0.1221,0.3662,-0.1221,1,475,854,235
251886301,39656,-0.0239,-0.0381,1.0229,-0.1221,0.3662,-0.2441,1,483,854,235
251891306,39657,-0.0244,-0.0386,1.0234,-0.2441,0.3662,-0.2441,1,466,879,235
251896325,39658,-0.0239,-0.0410,1.0225,-0.0610,0.3662,-0.3052,1,466,885,235
251901306,39659,-0.0229,-0.0435,1.0229,-0.0610,0.1831,-0.2441,1,466,873,235
251906303,39660,-0.0225,-0.0425,1.0239,0.0000,0.2441,-0.1831,1,466,879,235
251911303,39661,-0.0210,-0.0396,1.0239,0.0000,0.2441,-0.1221,1,494,731,235
251916306,39662,-0.0205,-0.0376,1.0229,0.0000,0.1221,-0.2441,1,476,811,235
251921309,39663,-0.0210,-0.0381,1.0215,0.1221,0.0610,-0.1221,1,478,804,235
251926309,39664,-0.0225,-0.0396,1.0220,0.0610,0.1221,-0.1221,1,487,835,235
251931313,39665,-0.0220,-0.0391,1.0239,0.1221,0.3662,-0.2441,1,480,864,235
251936303,39666,-0.0200,-0.0386,1.0244,0.1221,0.2441,-0.2441,1,487,847,235
251941310,39667,-0.0195,-0.0391,1.0225,0.0000,0.3052,-0.3052,1,509,848,235
251946301,39668,-0.0215,-0.0391,1.0205,-0.0610,0.3052,-0.2441,1,494,744,235
251951308,39669,-0.0229,-0.0386,1.0210,0.0000,0.1831,-0.1221,1,465,865,235
251956308,39670,-0.0225,-0.0381,1.0225,0.1221,0.1221,-0.2441,1,482,816,235
251961308,39671,-0.0210,-0.0381,1.0229,0.1831,0.1221,-0.2441,1,467,858,235
251966303,39672,-0.0195,-0.0391,1.0229,0.1831,0.3052,-0.2441,1,472,865,235
251971301,39673,-0.0200,-0.0396,1.0220,0.1221,0.3052,-0.1221,1,482,875,235
251976309,39674,-0.0225,-0.0400,1.0205,0.1831,0.3052,-0.2441,1,467,846,235
251981305,39675,-0.0239,-0.0405,1.0210,0.1831,0.1221,-0.1221,1,483,855,235
251986309,39676,-0.0234,-0.0386,1.0220,0.1831,0.1221,-0.3052,1,466,871,235
251991306,39677,-0.0229,-0.0381,1.0210,0.0610,0.3052,-0.2441,1,466,871,235
251996329,39678,-0.0225,-0.0381,1.0210,0.1221,0.0610,-0.3662,1,466,869,235
252001302,39679,-0.0225,-0.0386,1.0225,0.1221,0.0610,-0.1831,1,466,866,235
252006306,39680,-0.0220,-0.0396,1.0229,0.1221,0.0610,-0.1221,1,466,871,235
252011301,39681,-0.0220,-0.0405,1.0220,0.2441,0.1221,-0.1831,1,494,868,235
252016308,39682,-0.0229,-0.0400,1.0220,0.1221,0.1221,-0.1221,1,476,801,235
252021305,39683,-0.0244,-0.0400,1.0215,0.0610,0.2441,-0.2441,1,492,848,235
252026305,39684,-0.0259,-0.0405,1.0195,0.1831,0.0610,-0.3052,1,483,849,235
252031305,39685,-0.0249,-0.0410,1.0195,0.1831,-0.1221,-0.1831,1,473,872,235
252036302,39686,-0.0225,-0.0415,1.0210,0.1831,-0.1831,-0.1831,1,488,852,235
252041306,39687,-0.0215,-0.0405,1.0225,0.1831,-0.0610,-0.3052,1,506,851,235
252046305,39688,-0.0229,-0.0391,1.0225,0.1831,-0.1831,-0.3052,1,500,831,235
252051306,39689,-0.0239,-0.0391,1.0215,0.1831,-0.3052,-0.2441,1,465,871,235
252056309,39690,-0.0229,-0.0396,1.0220,0.3052,-0.1831,-0.4272,1,469,931,235
252061306,39691,-0.0205,-0.0391,1.0244,0.2441,-0.1831,-0.3662,1,472,866,235
252066303,39692,-0.0190,-0.0381,1.0259,0.3662,-0.1831,-0.3052,1,465,880,235
252071305,39693,-0.0190,-0.0381,1.0244,0.3052,0.0000,-0.3052,1,475,857,235
252076308,39694,-0.0205,-0.0381,1.0229,0.3052,-0.1221,-0.3052,1,482,805,235
252081308,39695,-0.0220,-0.0381,1.0225,0.2441,-0.1221,-0.3052,1,483,848,235
252086309,39696,-0.0225,-0.0376,1.0229,0.2441,-0.2441,-0.2441,1,466,869,235
252091306,39697,-0.0225,-0.0366,1.0225,0.1831,-0.2441,-0.2441,1,465,884,235
252096308,39698,-0.0200,-0.0371,1.0225,0.1831,-0.1831,-0.2441,1,466,885,235
252101302,39699,-0.0190,-0.0391,1.0225,0.0610,-0.1221,-0.2441,1,466,882,235
252106305,39700,-0.0210,-0.0400,1.0220,0.0610,-0.1221,-0.3662,1,466,870,235
252111305,39701,-0.0234,-0.0400,1.0215,0.1831,-0.2441,-0.3662,1,494,793,235
252116302,39702,-0.0239,-0.0400,1.0229,0.1831,-0.1831,-0.2441,1,483,776,235
252121306,39703,-0.0220,-0.0396,1.0244,0.2441,-0.1221,-0.3052,1,488,866,235
252126308,39704,-0.0190,-0.0386,1.0244,0.3052,-0.1831,-0.3052,1,492,845,235
252131323,39705,-0.0171,-0.0371,1.0249,0.1831,-0.1221,-0.2441,1,481,872,235
252136305,39706,-0.0186,-0.0371,1.0234,0.2441,0.1221,-0.3052,1,478,850,235
252141304,39707,-0.0210,-0.0391,1.0215,0.1831,0.0000,-0.2441,1,506,846,235
252146303,39708,-0.0215,-0.0405,1.0220,0.1221,0.0000,-0.2441,1,504,741,235
252151308,39709,-0.0200,-0.0400,1.0234,0.1831,-0.0610,-0.1831,1,465,816,235
252156303,39710,-0.0186,-0.0391,1.0229,0.0610,0.0000,-0.2441,1,467,918,235
252161305,39711,-0.0186,-0.0376,1.0229,0.1221,-0.0610,-0.2441,1,475,819,235
252166306,39712,-0.0195,-0.0361,1.0229,0.1221,0.0610,-0.2441,1,479,865,235
252171304,39713,-0.0200,-0.0361,1.0225,0.1831,0.1831,-0.2441,1,481,877,235
252176303,39714,-0.0195,-0.0381,1.0234,0.0610,0.1831,-0.3052,1,467,864,235
252181303,39715,-0.0186,-0.0391,1.0239,0.1221,0.1831,-0.2441,1,483,856,235
252186303,39716,-0.0181,-0.0386,1.0239,0.1831,0.2441,-0.1831,1,466,857,235
252191308,39717,-0.0200,-0.0386,1.0220,0.0610,0.2441,-0.1221,1,466,880,235
252196319,39718,-0.0225,-0.0381,1.0200,0.0000,0.3052,-0.2441,1,466,871,235
252201307,39719,-0.0239,-0.0386,1.0190,0.0610,0.1831,-0.2441,1,466,824,235
252206306,39720,-0.0239,-0.0400,1.0190,0.1831,0.0000,-0.2441,1,493,880,235
252211305,39721,-0.0220,-0.0400,1.0200,0.2441,0.0610,-0.2441,1,487,758,235
252216301,39722,-0.0215,-0.0386,1.0215,0.1221,0.0610,-0.2441,1,466,800,235
252221309,39723,-0.0225,-0.0376,1.0210,0.1831,0.1221,-0.2441,1,491,816,235
252226307,39724,-0.0239,-0.0376,1.0195,0.1831,-0.1221,-0.2441,1,485,845,235
252231309,39725,-0.0229,-0.0386,1.0200,0.1831,-0.2441,-0.3052,1,474,852,235
252236308,39726,-0.0205,-0.0386,1.0234,0.1831,-0.4272,-0.3662,1,483,848,235
252241302,39727,-0.0176,-0.0391,1.0259,0.1221,-0.1831,-0.2441,1,496,854,235
252246305,39728,-0.0181,-0.0391,1.0249,0.1831,0.0610,-0.2441,1,492,834,235
252251306,39729,-0.0205,-0.0386,1.0234,0.1221,-0.0610,-0.2441,1,484,834,235
252256301,39730,-0.0229,-0.0386,1.0220,0.0610,-0.1221,-0.2441,1,465,903,235
252261304,39731,-0.0229,-0.0400,1.0220,0.1831,0.0000,-0.2441,1,470,864,235
252266302,39732,-0.0210,-0.0400,1.0220,0.1221,-0.0610,-0.2441,1,474,832,235
252271303,39733,-0.0190,-0.0391,1.0225,0.1221,0.0000,-0.2441,1,481,823,235
252276303,39734,-0.0186,-0.0381,1.0234,0.2441,0.0000,-0.3662,1,467,808,235
252281302,39735,-0.0190,-0.0376,1.0239,0.2441,0.0610,-0.2441,1,471,815,235
252286302,39736,-0.0200,-0.0376,1.0229,0.2441,0.1221,-0.2441,1,484,863,235
252291307,39737,-0.0200,-0.0381,1.0225,0.1221,0.0000,-0.2441,1,466,878,235
252296305,39738,-0.0195,-0.0381,1.0215,0.1221,0.0000,-0.2441,1,466,825,235
252301310,39739,-0.0205,-0.0381,1.0210,0.1221,0.1221,-0.3052,1,466,827,235
252306301,39740,-0.0215,-0.0376,1.0205,0.1831,0.0610,-0.2441,1,492,863,235
252311305,39741,-0.0210,-0.0376,1.0220,0.1221,0.0000,-0.1831,1,475,875,235
252316303,39742,-0.0200,-0.0376,1.0229,0.1221,0.1221,-0.1831,1,493,722,235
252321306,39743,-0.0205,-0.0376,1.0234,0.0000,0.2441,-0.2441,1,475,824,235
252326303,39744,-0.0210,-0.0386,1.0225,-0.0610,0.0610,-0.2441,1,476,807,235
252331302,39745,-0.0205,-0.0396,1.0210,0.0000,0.0000,-0.2441,1,490,843,235
252336304,39746,-0.0195,-0.0400,1.0215,0.0000,0.0610,-0.2441,1,479,743,235
252341307,39747,-0.0190,-0.0386,1.0229,0.0610,0.0610,-0.2441,1,492,800,235
252346302,39748,-0.0200,-0.0376,1.0239,0.1221,0.1221,-0.1221,1,489,847,235
252351308,39749,-0.0205,-0.0381,1.0225,0.1221,0.0000,-0.1831,1,511,827,235
252356309,39750,-0.0205,-0.0381,1.0215,0.0610,0.0000,-0.2441,1,465,815,235
252361305,39751,-0.0200,-0.0376,1.0215,0.1221,0.0610,-0.2441,1,474,816,235
252366301,39752,-0.0200,-0.0381,1.0220,0.1221,0.1221,-0.3052,1,482,860,235
252371301,39753,-0.0205,-0.0396,1.0220,0.1831,0.0610,-0.2441,1,472,815,235
252376304,39754,-0.0215,-0.0405,1.0210,0.0610,0.0610,-0.2441,1,479,858,235
252381303,39755,-0.0220,-0.0396,1.0210,0.1221,0.0000,-0.2441,1,477,853,235
252386307,39756,-0.0195,-0.0391,1.0225,0.1831,0.0610,-0.2441,1,484,808,235
252391306,39757,-0.0166,-0.0391,1.0234,0.1221,0.1831,-0.3662,1,466,875,235
252396301,39758,-0.0171,-0.0386,1.0229,0.0610,0.1831,-0.1831,1,466,879,235
252401330,39759,-0.0190,-0.0386,1.0225,0.1221,0.1831,-0.1831,1,466,877,235
252406304,39760,-0.0200,-0.0386,1.0225,0.2441,0.1221,-0.2441,1,466,876,235
252411303,39761,-0.0200,-0.0381,1.0234,0.2441,0.1221,-0.1831,1,466,873,235
252416303,39762,-0.0195,-0.0371,1.0244,0.1221,0.2441,-0.3052,1,494,874,235
252421301,39763,-0.0195,-0.0371,1.0239,0.1221,0.3662,-0.1831,1,470,773,235
252426306,39764,-0.0200,-0.0381,1.0225,0.0610,0.2441,-0.1831,1,473,863,235
252431304,39765,-0.0200,-0.0391,1.0225,0.0610,0.3662,-0.2441,1,478,845,235
252436302,39766,-0.0195,-0.0386,1.0225,0.1831,0.3052,-0.1831,1,489,843,235
252441309,39767,-0.0190,-0.0376,1.0220,0.1831,0.3052,-0.2441,1,478,847,235
252446304,39768,-0.0200,-0.0376,1.0220,0.1221,0.1831,-0.2441,1,504,846,235
252451303,39769,-0.0215,-0.0386,1.0225,0.1221,0.1221,-0.0610,1,492,834,235
252456305,39770,-0.0220,-0.0381,1.0225,0.0610,0.1831,-0.1221,1,511,780,235
252461304,39771,-0.0205,-0.0376,1.0225,0.0000,0.1221,-0.2441,1,472,897,235
252466302,39772,-0.0186,-0.0386,1.0234,0.0000,0.0610,-0.2441,1,481,826,235
252471309,39773,-0.0190,-0.0386,1.0254,0.1221,0.1221,-0.3052,1,466,829,235
252476309,39774,-0.0200,-0.0376,1.0244,0.0610,0.1831,-0.1831,1,481,819,235
252481308,39775,-0.0205,-0.0371,1.0220,0.0000,0.1221,-0.1221,1,466,859,235
252486310,39776,-0.0200,-0.0386,1.0220,0.1221,0.1221,-0.2441,1,465,807,235
252491305,39777,-0.0190,-0.0386,1.0229,0.1221,0.0000,-0.2441,1,483,852,235
252496307,39778,-0.0190,-0.0381,1.0225,0.0000,-0.0610,-0.1831,1,466,831,235
252501301,39779,-0.0190,-0.0391,1.0220,0.0610,0.0000,-0.1831,1,466,827,235
252506308,39780,-0.0190,-0.0391,1.0220,0.0610,0.0610,-0.2441,1,466,827,235
252511309,39781,-0.0200,-0.0381,1.0229,0.0000,0.1221,-0.1831,1,466,870,235
252516305,39782,-0.0210,-0.0386,1.0239,0.0000,-0.0610,-0.1221,1,466,752,235
252521301,39783,-0.0215,-0.0396,1.0244,0.0000,-0.0610,-0.1831,1,494,721,235
252526307,39784,-0.0210,-0.0386,1.0239,0.0610,0.0000,-0.2441,1,464,802,235
252531304,39785,-0.0205,-0.0371,1.0220,0.0610,0.1221,-0.3052,1,481,802,235
252536309,39786,-0.0210,-0.0376,1.0205,0.0610,-0.2441,-0.2441,1,490,842,235
252541312,39787,-0.0210,-0.0381,1.0205,0.1221,-0.0610,-0.1221,1,473,868,235
252546307,39788,-0.0205,-0.0376,1.0215,0.0610,0.0000,-0.2441,1,481,836,235
252551306,39789,-0.0205,-0.0381,1.0220,0.0610,-0.1221,-0.2441,1,497,789,235
252556302,39790,-0.0210,-0.0381,1.0225,0.0000,-0.0610,-0.3052,1,495,830,235
252561308,39791,-0.0200,-0.0386,1.0239,0.0000,0.0000,-0.3052,1,465,808,235
252566301,39792,-0.0190,-0.0386,1.0244,0.0610,0.0000,-0.2441,1,482,778,235
252571306,39793,-0.0190,-0.0371,1.0229,-0.0610,0.0610,-0.2441,1,474,822,235
252576304,39794,-0.0186,-0.0366,1.0229,0.0000,0.1221,-0.2441,1,476,869,235
252581305,39795,-0.0171,-0.0371,1.0234,0.0610,0.0000,-0.1831,1,481,814,235
252586306,39796,-0.0171,-0.0381,1.0234,0.0000,0.0000,-0.2441,1,465,813,235
252591303,39797,-0.0176,-0.0376,1.0229,-0.0610,0.1221,-0.2441,1,484,764,235
252596305,39798,-0.0190,-0.0371,1.0225,-0.1831,0.2441,-0.2441,1,466,874,235
252601306,39799,-0.0210,-0.0381,1.0210,-0.1831,0.1221,-0.1831,1,466,884,235
252606320,39800,-0.0220,-0.0386,1.0215,-0.0610,0.0610,-0.2441,1,466,870,235
252611301,39801,-0.0210,-0.0376,1.0225,0.0000,0.0000,-0.1221,1,465,873,235
252616301,39802,-0.0190,-0.0381,1.0225,-0.0610,0.0000,-0.1831,1,465,721,235
252621308,39803,-0.0176,-0.0381,1.0220,0.0000,0.1831,-0.2441,1,493,765,235
252626304,39804,-0.0181,-0.0376,1.0220,-0.1221,0.1831,-0.1831,1,494,726,235
252631310,39805,-0.0195,-0.0376,1.0229,0.0000,0.1221,-0.1831,1,483,854,235
252636309,39806,-0.0195,-0.0396,1.0234,-0.0610,0.1221,-0.2441,1,486,803,235
252641306,39807,-0.0186,-0.0396,1.0239,-0.1221,0.2441,-0.2441,1,475,847,235
252646307,39808,-0.0186,-0.0376,1.0244,-0.0610,0.1221,-0.1831,1,486,850,235
252651310,39809,-0.0190,-0.0376,1.0239,-0.1221,0.2441,-0.1221,1,499,845,235
252656302,39810,-0.0176,-0.0386,1.0239,-0.1221,0.3052,-0.0610,1,492,834,235
252661309,39811,-0.0166,-0.0391,1.0234,-0.0610,0.3052,-0.0610,1,511,784,235
252666306,39812,-0.0181,-0.0391,1.0220,-0.2441,0.3052,-0.1221,1,466,896,235
252671309,39813,-0.0200,-0.0391,1.0225,-0.1831,0.2441,-0.3052,1,473,855,235
252676307,39814,-0.0190,-0.0396,1.0229,-0.0610,0.2441,-0.2441,1,474,869,235
252681303,39815,-0.0181,-0.0391,1.0239,-0.1831,0.3662,-0.1221,1,481,879,235
252686305,39816,-0.0176,-0.0396,1.0239,-0.1221,0.3052,-0.1221,1,470,854,235
252691301,39817,-0.0176,-0.0400,1.0239,-0.1221,0.1831,-0.1221,1,468,849,235
252696306,39818,-0.0176,-0.0386,1.0244,-0.1221,0.3052,-0.1831,1,484,855,235
252701308,39819,-0.0190,-0.0366,1.0244,-0.1221,0.5493,-0.1831,1,466,874,235
252706307,39820,-0.0210,-0.0371,1.0234,-0.3052,0.4883,-0.1831,1,466,882,235
252711305,39821,-0.0205,-0.0391,1.0229,-0.3052,0.6104,-0.1831,1,466,876,235
252716310,39822,-0.0195,-0.0410,1.0225,0.0000,0.5493,-0.1221,1,492,871,235
252721301,39823,-0.0205,-0.0420,1.0220,-0.0610,0.5493,-0.2441,1,466,828,235
252726302,39824,-0.0215,-0.0415,1.0220,-0.0610,0.4272,-0.1831,1,494,877,235
252731309,39825,-0.0210,-0.0386,1.0215,0.0000,0.3052,-0.1221,1,465,820,235
252736301,39826,-0.0195,-0.0366,1.0215,-0.0610,0.3662,-0.1221,1,478,792,235
252741305,39827,-0.0181,-0.0366,1.0234,-0.0610,0.4272,-0.1221,1,492,848,235
252746312,39828,-0.0181,-0.0386,1.0249,-0.1221,0.4883,-0.1831,1,476,867,235
252751309,39829,-0.0200,-0.0400,1.0244,-0.1221,0.4272,-0.3052,1,479,844,235
252756304,39830,-0.0200,-0.0400,1.0225,-0.0610,0.5493,-0.1831,1,490,842,235
252761306,39831,-0.0200,-0.0391,1.0229,-0.2441,0.5493,-0.1221,1,491,834,235
252766304,39832,-0.0205,-0.0391,1.0239,-0.3052,0.6104,-0.0610,1,511,788,235
252771307,39833,-0.0205,-0.0391,1.0249,-0.2441,0.4272,-0.1831,1,483,906,235
252776306,39834,-0.0200,-0.0396,1.0249,-0.1221,0.4272,-0.1831,1,466,870,235
252781304,39835,-0.0195,-0.0391,1.0229,-0.1831,0.5493,-0.0610,1,469,867,235
252786301,39836,-0.0190,-0.0391,1.0220,-0.1221,0.5493,-0.0610,1,474,876,235
252791302,39837,-0.0181,-0.0400,1.0215,0.0000,0.5493,-0.1221,1,481,851,235
252796309,39838,-0.0181,-0.0400,1.0215,0.0000,0.5493,-0.0610,1,479,806,235
252801304,39839,-0.0186,-0.0396,1.0239,-0.1221,0.6104,-0.0610,1,483,809,235
252806306,39840,-0.0190,-0.0396,1.0259,-0.1221,0.5493,-0.1221,1,466,869,235
252811301,39841,-0.0186,-0.0405,1.0269,-0.1831,0.7324,-0.1831,1,466,872,235
252816308,39842,-0.0195,-0.0396,1.0259,-0.1221,0.6714,-0.2441,1,466,880,235
252821306,39843,-0.0205,-0.0386,1.0244,-0.1221,0.6104,-0.1221,1,492,875,235
252826304,39844,-0.0220,-0.0381,1.0244,-0.1221,0.7324,-0.1221,1,470,868,235
252831308,39845,-0.0210,-0.0386,1.0234,-0.1221,0.5493,-0.1831,1,494,870,235
252836304,39846,-0.0200,-0.0396,1.0225,-0.1831,0.6714,-0.1221,1,464,821,235
252841303,39847,-0.0200,-0.0400,1.0220,-0.1221,0.6104,-0.1221,1,488,843,235
252846307,39848,-0.0200,-0.0386,1.0215,-0.3052,0.7324,-0.1831,1,475,836,235
252851309,39849,-0.0200,-0.0381,1.0210,-0.2441,0.7324,-0.0610,1,480,845,235
252856306,39850,-0.0200,-0.0386,1.0215,-0.1831,0.7935,-0.1221,1,486,843,235
252861304,39851,-0.0205,-0.0391,1.0220,-0.2441,0.7935,-0.0610,1,490,843,235
252866308,39852,-0.0215,-0.0400,1.0225,-0.2441,0.6714,-0.1221,1,492,832,235
252871303,39853,-0.0225,-0.0400,1.0225,-0.1831,0.7324,-0.1831,1,511,784,235
252876301,39854,-0.0229,-0.0396,1.0210,-0.3052,0.6104,-0.1831,1,482,904,235
252881303,39855,-0.0220,-0.0391,1.0200,-0.1831,0.4883,-0.0610,1,465,860,235
252886306,39856,-0.0200,-0.0400,1.0200,-0.1221,0.6714,-0.0610,1,467,861,235
252891305,39857,-0.0200,-0.0410,1.0195,-0.1831,0.4883,-0.1831,1,469,864,235
252896309,39858,-0.0225,-0.0420,1.0200,-0.2441,0.4883,-0.1831,1,477,861,235
252901307,39859,-0.0229,-0.0420,1.0210,-0.0610,0.4272,-0.1831,1,473,857,235
252906309,39860,-0.0210,-0.0405,1.0225,-0.0610,0.3052,-0.2441,1,483,859,235
252911310,39861,-0.0190,-0.0391,1.0229,0.0000,0.3052,-0.2441,1,466,870,235
252916303,39862,-0.0186,-0.0386,1.0225,-0.1831,0.3662,-0.2441,1,466,828,235
252921305,39863,-0.0190,-0.0381,1.0229,-0.1221,0.3662,-0.1831,1,466,880,235
252926303,39864,-0.0190,-0.0371,1.0249,-0.1831,0.4272,-0.1221,1,493,877,235
252931306,39865,-0.0195,-0.0361,1.0264,-0.1221,0.4272,-0.1221,1,493,883,235
252936305,39866,-0.0195,-0.0371,1.0259,-0.1221,0.4272,-0.1221,1,487,873,235
252941303,39867,-0.0190,-0.0391,1.0249,-0.2441,0.4272,-0.0610,1,466,827,235
252946306,39868,-0.0205,-0.0396,1.0239,-0.2441,0.4883,-0.0610,1,489,850,235
252951305,39869,-0.0215,-0.0396,1.0229,-0.1221,0.4883,-0.0610,1,475,848,235
252956317,39870,-0.0205,-0.0396,1.0225,-0.1831,0.6104,-0.1221,1,483,842,235
252961307,39871,-0.0205,-0.0386,1.0225,-0.1221,0.4883,-0.1221,1,472,841,235
252966301,39872,-0.0215,-0.0386,1.0215,-0.1221,0.5493,-0.0610,1,490,840,235
252971310,39873,-0.0229,-0.0396,1.0205,-0.1221,0.4883,-0.1221,1,494,831,235
252976301,39874,-0.0249,-0.0400,1.0205,-0.1831,0.4272,-0.1221,1,511,784,235
252981309,39875,-0.0244,-0.0396,1.0200,-0.1221,0.3662,-0.0610,1,477,903,235
252986308,39876,-0.0229,-0.0391,1.0195,-0.2441,0.3662,-0.1831,1,471,863,235
252991309,39877,-0.0210,-0.0386,1.0210,-0.3052,0.4272,-0.0610,1,473,879,235
252996307,39878,-0.0200,-0.0391,1.0215,-0.3052,0.3662,-0.2441,1,477,866,235
253001308,39879,-0.0220,-0.0396,1.0220,-0.3052,0.3052,-0.3052,1,480,853,235
253006309,39880,-0.0229,-0.0396,1.0234,-0.2441,0.2441,-0.2441,1,479,846,235
253011310,39881,-0.0229,-0.0396,1.0239,-0.2441,0.0610,-0.1831,1,484,867,235
253016306,39882,-0.0234,-0.0386,1.0229,-0.3052,0.1221,-0.2441,1,466,880,235
253021301,39883,-0.0225,-0.0386,1.0210,-0.2441,0.0000,-0.1831,1,465,874,235
253026309,39884,-0.0200,-0.0391,1.0220,-0.2441,0.0610,-0.3052,1,466,830,235
253031304,39885,-0.0186,-0.0381,1.0244,-0.3052,0.1221,-0.3662,1,466,868,235
253036304,39886,-0.0186,-0.0376,1.0244,-0.3052,0.3052,-0.3052,1,492,870,235
253041303,39887,-0.0190,-0.0381,1.0234,-0.3052,0.4272,-0.3052,1,466,866,235
253046309,39888,-0.0190,-0.0386,1.0234,-0.4272,0.3052,-0.3662,1,494,796,235
253051303,39889,-0.0200,-0.0391,1.0234,-0.3662,0.4272,-0.2441,1,476,859,235
253056302,39890,-0.0215,-0.0381,1.0229,-0.3052,0.3662,-0.2441,1,490,860,235
253061309,39891,-0.0215,-0.0391,1.0234,-0.4272,0.2441,-0.2441,1,491,847,235
253066309,39892,-0.0220,-0.0405,1.0229,-0.4883,0.4883,-0.3662,1,475,871,235
253071302,39893,-0.0220,-0.0400,1.0200,-0.3662,0.4883,-0.3662,1,487,848,235
253076302,39894,-0.0234,-0.0405,1.0166,-0.4272,0.3052,-0.5493,1,472,835,235
253081304,39895,-0.0249,-0.0425,1.0156,-0.2441,0.0610,-0.3052,1,511,837,235
253086301,39896,-0.0229,-0.0430,1.0176,-0.0610,0.0610,-0.3662,1,465,873,235
253091305,39897,-0.0176,-0.0400,1.0215,-0.1221,0.1831,-0.3662,1,480,864,235
253096305,39898,-0.0171,-0.0356,1.0239,-0.2441,0.3052,-0.5493,1,482,865,235
253101306,39899,-0.0210,-0.0371,1.0229,-0.4883,0.3052,-0.4883,1,465,878,235
253106302,39900,-0.0244,-0.0410,1.0210,-0.2441,0.2441,-0.4272,1,472,855,235
253111308,39901,-0.0239,-0.0415,1.0220,-0.2441,0.1221,-0.3662,1,481,862,235
253116303,39902,-0.0210,-0.0396,1.0254,-0.3052,0.3052,-0.4883,1,483,862,235
253121301,39903,-0.0205,-0.0371,1.0264,-0.3662,0.2441,-0.3662,1,466,866,235
253126301,39904,-0.0210,-0.0356,1.0264,-0.6714,0.4272,-0.4272,1,466,884,235
253131313,39905,-0.0205,-0.0381,1.0259,-0.7935,0.6104,-0.3662,1,466,878,235
253136305,39906,-0.0195,-0.0435,1.0234,-0.7935,0.6104,-0.3662,1,465,872,235
253141307,39907,-0.0220,-0.0439,1.0200,-0.6104,0.4883,-0.3662,1,493,878,235
253146302,39908,-0.0239,-0.0415,1.0190,-0.6714,0.3662,-0.4272,1,483,874,235
253151308,39909,-0.0249,-0.0371,1.0190,-0.7324,0.4272,-0.3662,1,467,816,235
253156304,39910,-0.0244,-0.0342,1.0190,-0.6714,0.4272,-0.6104,1,481,818,235
253161305,39911,-0.0215,-0.0376,1.0200,-1.0986,0.2441,-0.5493,1,473,846,235
253166305,39912,-0.0210,-0.0425,1.0210,-0.7935,0.3662,-0.4883,1,492,850,235
253171303,39913,-0.0244,-0.0474,1.0171,-0.6104,0.0610,-0.6104,1,478,843,235
253176305,39914,-0.0229,-0.0415,1.0195,-0.4272,0.0610,-0.5493,1,491,837,235
253181310,39915,-0.0195,-0.0322,1.0254,-0.8545,0.4883,-0.4883,1,491,843,235
253186306,39916,-0.0210,-0.0391,1.0239,-1.0986,0.5493,-0.6104,1,511,837,235
253191302,39917,-0.0225,-0.0469,1.0210,-0.6714,0.4883,-0.4272,1,467,898,235
253196301,39918,-0.0229,-0.0444,1.0215,-0.7324,0.4883,-0.4272,1,475,860,235
253201305,39919,-0.0225,-0.0410,1.0205,-0.9155,0.4272,-0.6104,1,481,879,235
253206302,39920,-0.0200,-0.0410,1.0200,-0.7935,0.3052,-0.3052,1,481,874,235
253211307,39921,-0.0195,-0.0376,1.0210,-0.9155,0.5493,-0.4272,1,468,849,235
253216304,39922,-0.0215,-0.0322,1.0200,-1.2207,0.7324,-0.3662,1,465,861,235
253221309,39923,-0.0220,-0.0337,1.0186,-1.5259,0.5493,-0.2441,1,483,862,235
253226302,39924,-0.0190,-0.0420,1.0210,-1.4648,0.7935,-0.1831,1,466,879,235
253231303,39925,-0.0190,-0.0469,1.0234,-1.3428,1.0986,-0.1831,1,466,880,235
253236327,39926,-0.0205,-0.0508,1.0215,-1.4038,1.0376,-0.1221,1,466,880,235
253241304,39927,-0.0210,-0.0513,1.0200,-0.9766,1.0376,-0.0610,1,466,869,235
253246307,39928,-0.0220,-0.0483,1.0220,-0.7324,1.0986,-0.1221,1,494,867,235
253251304,39929,-0.0244,-0.0474,1.0186,-0.6104,1.0986,-0.1831,1,488,878,235
253256309,39930,-0.0254,-0.0474,1.0161,-0.4883,0.6714,-0.1221,1,466,773,235
253261302,39931,-0.0176,-0.0459,1.0229,-0.4883,0.6104,-0.1221,1,485,823,235
253266301,39932,-0.0156,-0.0439,1.0269,-0.2441,1.4038,-0.2441,1,489,842,235
253271309,39933,-0.0205,-0.0439,1.0220,-0.3662,0.9155,-0.1831,1,480,855,235
253276309,39934,-0.0220,-0.0464,1.0186,0.0000,1.0986,-0.1221,1,481,854,235
253281309,39935,-0.0259,-0.0479,1.0161,0.1221,1.3428,-0.1831,1,492,787,235
253286304,39936,-0.0259,-0.0518,1.0156,0.3052,0.6104,-0.1831,1,492,836,235
253291308,39937,-0.0239,-0.0537,1.0166,0.8545,0.6714,-0.3662,1,512,786,235
253296302,39938,-0.0234,-0.0488,1.0190,1.1597,0.5493,-0.3662,1,477,907,235
253301305,39939,-0.0234,-0.0439,1.0205,1.0986,0.6104,-0.3662,1,467,871,235
253306304,39940,-0.0249,-0.0430,1.0205,1.0986,0.7324,-0.3662,1,472,868,235
253311301,39941,-0.0244,-0.0479,1.0215,1.2817,0.7324,-0.1831,1,478,880,235
253316308,39942,-0.0220,-0.0532,1.0215,1.4648,0.8545,-0.2441,1,466,863,235
253321301,39943,-0.0205,-0.0522,1.0210,1.8311,0.7935,-0.3052,1,478,863,235
253326303,39944,-0.0225,-0.0488,1.0200,2.0142,0.7324,-0.3052,1,466,852,235
253331307,39945,-0.0239,-0.0454,1.0190,2.1973,0.4883,-0.1831,1,466,872,235
253336301,39946,-0.0220,-0.0430,1.0210,2.2583,0.6714,-0.0610,1,466,883,235
253341302,39947,-0.0195,-0.0425,1.0229,2.1973,0.6714,0.0610,1,465,875,235
253346301,39948,-0.0200,-0.0415,1.0239,2.1973,0.7935,0.0610,1,493,876,235
253351303,39949,-0.0220,-0.0391,1.0239,2.1362,0.7935,0.1221,1,468,875,235
253356302,39950,-0.0215,-0.0376,1.0254,2.0752,0.8545,0.1831,1,493,791,235
253361304,39951,-0.0190,-0.0366,1.0278,1.9531,0.9766,0.3052,1,490,798,235
253366301,39952,-0.0200,-0.0361,1.0283,1.7700,1.0986,0.4272,1,492,849,235
253371303,39953,-0.0225,-0.0371,1.0269,1.5259,1.0986,0.5493,1,483,852,235
253376308,39954,-0.0234,-0.0381,1.0269,1.5259,0.9155,0.5493,1,490,871,235
253381309,39955,-0.0244,-0.0391,1.0278,1.4038,0.8545,0.4883,1,497,846,235
253386308,39956,-0.0273,-0.0415,1.0264,1.0986,0.7324,0.3662,1,479,834,235
253391301,39957,-0.0308,-0.0435,1.0229,1.5259,0.1221,0.1831,1,511,842,235
253396307,39958,-0.0293,-0.0444,1.0220,1.7090,-0.3052,0.0610,1,469,898,235
253401303,39959,-0.0259,-0.0449,1.0220,1.8921,-0.4272,0.0000,1,469,860,235
253406303,39960,-0.0225,-0.0435,1.0225,2.0142,-0.4272,-0.2441,1,475,830,235
253411304,39961,-0.0210,-0.0435,1.0229,2.1362,-0.3052,-0.2441,1,481,874,235
253416303,39962,-0.0249,-0.0454,1.0215,2.6855,-0.4883,-0.4272,1,465,861,235
253421305,39963,-0.0269,-0.0439,1.0210,2.9907,-0.5493,-0.4883,1,466,867,235
253426309,39964,-0.0293,-0.0420,1.0200,3.1738,-0.6104,-0.6104,1,484,861,235
253431303,39965,-0.0288,-0.0400,1.0195,3.1738,-1.0376,-0.6104,1,466,871,235
253436306,39966,-0.0249,-0.0361,1.0225,3.1738,-1.2817,-0.5493,1,466,880,235
253441322,39967,-0.0225,-0.0352,1.0249,3.0518,-0.9766,-0.6104,1,466,888,235
253446303,39968,-0.0229,-0.0381,1.0249,2.9907,-1.0376,-0.6104,1,466,871,235
253451307,39969,-0.0239,-0.0386,1.0215,3.1128,-1.4038,-0.6104,1,494,876,235
253456301,39970,-0.0259,-0.0386,1.0195,3.1738,-1.4648,-0.6714,1,494,876,235
253461306,39971,-0.0259,-0.0391,1.0200,3.2349,-1.5869,-0.7324,1,467,809,235
253466303,39972,-0.0239,-0.0376,1.0215,3.2959,-1.5869,-0.7324,1,483,858,235
253471301,39973,-0.0220,-0.0366,1.0225,3.3569,-1.7090,-0.7324,1,475,854,235
253476319,39974,-0.0205,-0.0352,1.0234,3.2349,-1.7090,-0.6714,1,488,854,235
253481301,39975,-0.0200,-0.0337,1.0239,3.0518,-1.8311,-0.7324,1,480,848,235
253486301,39976,-0.0195,-0.0322,1.0249,2.9297,-1.9531,-0.6714,1,486,847,235
253491307,39977,-0.0181,-0.0303,1.0249,3.1128,-1.8311,-0.6104,1,509,846,235
253496306,39978,-0.0181,-0.0317,1.0229,2.8076,-1.5259,-0.6714,1,466,867,235
253501306,39979,-0.0186,-0.0342,1.0210,2.7466,-1.4648,-0.6714,1,471,918,235
253506305,39980,-0.0171,-0.0317,1.0225,2.6855,-1.4038,-0.4883,1,474,867,235
253511302,39981,-0.0146,-0.0288,1.0264,2.3193,-1.2207,-0.2441,1,481,879,235
253516307,39982,-0.0132,-0.0283,1.0308,2.0142,-0.9155,-0.1221,1,467,886,235
253521306,39983,-0.0137,-0.0303,1.0317,1.7090,-0.6104,0.0610,1,467,855,235
253526309,39984,-0.0161,-0.0347,1.0273,1.5869,-0.5493,0.0610,1,484,850,235
253531308,39985,-0.0161,-0.0366,1.0244,1.7700,-0.4272,0.1831,1,466,883,235
253536302,39986,-0.0142,-0.0356,1.0264,1.7700,0.0610,0.4272,1,466,885,235
253541309,39987,-0.0171,-0.0322,1.0269,1.7700,0.3052,0.3662,1,466,877,235
253546306,39988,-0.0190,-0.0308,1.0264,1.5869,0.1221,0.5493,1,466,873,235
253551304,39989,-0.0151,-0.0332,1.0283,1.5869,0.1221,0.5493,1,492,874,235
253556307,39990,-0.0142,-0.0356,1.0283,1.7700,0.6714,0.6104,1,470,883,235
253561301,39991,-0.0181,-0.0356,1.0244,1.8311,0.7324,0.5493,1,494,873,235
253566308,39992,-0.0220,-0.0352,1.0215,1.7700,0.6714,0.4272,1,465,822,235
253571310,39993,-0.0239,-0.0347,1.0210,1.8921,0.4883,0.4272,1,488,846,235
253576305,39994,-0.0234,-0.0352,1.0229,2.0752,0.1831,0.3052,1,473,845,235
253581305,39995,-0.0220,-0.0361,1.0239,2.1362,0.1221,0.2441,1,488,866,235
253586305,39996,-0.0225,-0.0366,1.0215,2.3804,0.1221,0.0000,1,497,854,235
253591309,39997,-0.0239,-0.0342,1.0186,2.5635,-0.2441,-0.1221,1,484,740,235
253596306,39998,-0.0269,-0.0322,1.0171,2.7466,-0.4883,-0.1221,1,511,838,235
253601306,39999,-0.0269,-0.0308,1.0186,2.6245,-0.9766,-0.2441,1,468,898,235
253606304,40000,-0.0225,-0.0288,1.0215,2.6245,-1.0376,-0.4272,1,477,866,235
253611303,40001,-0.0200,-0.0273,1.0249,2.5635,-1.2817,-0.3052,1,482,880,235
253616308,40002,-0.0200,-0.0249,1.0264,2.4414,-1.4648,-0.3052,1,469,878,235
253621301,40003,-0.0210,-0.0229,1.0269,2.1973,-1.5869,-0.2441,1,471,862,235
253626308,40004,-0.0190,-0.0239,1.0278,2.0142,-1.6479,-0.3052,1,477,864,235
253631302,40005,-0.0186,-0.0239,1.0278,1.7700,-1.7090,-0.4272,1,484,861,235
253636304,40006,-0.0186,-0.0244,1.0283,1.5259,-1.7090,-0.3052,1,465,880,235
253641307,40007,-0.0186,-0.0259,1.0283,1.4038,-1.6479,-0.1831,1,466,875,235
253646332,40008,-0.0190,-0.0249,1.0259,1.2207,-1.7090,-0.0610,1,466,884,235
253651306,40009,-0.0176,-0.0210,1.0264,0.9766,-1.8311,-0.0610,1,466,876,235
253656305,40010,-0.0146,-0.0215,1.0303,0.4883,-1.6479,-0.1221,1,466,868,235
253661303,40011,-0.0151,-0.0249,1.0308,0.3662,-1.6479,0.0000,1,494,873,235
253666305,40012,-0.0161,-0.0249,1.0288,0.1221,-1.7090,0.1221,1,478,818,235
253671304,40013,-0.0161,-0.0273,1.0273,-0.0610,-1.5259,-0.0610,1,480,846,235
253676305,40014,-0.0176,-0.0298,1.0254,0.1221,-1.6479,0.0000,1,492,850,235
253681304,40015,-0.0200,-0.0298,1.0249,0.1831,-1.5869,0.0000,1,481,800,235
253686308,40016,-0.0195,-0.0269,1.0254,0.2441,-1.7700,0.1221,1,494,806,235
253691309,40017,-0.0132,-0.0234,1.0273,0.1831,-1.8311,0.0000,1,476,834,235
253696307,40018,-0.0112,-0.0249,1.0303,-0.1221,-1.3428,-0.1831,1,511,801,235
253701305,40019,-0.0156,-0.0273,1.0293,0.1831,-1.6479,-0.1221,1,465,903,235
253706303,40020,-0.0171,-0.0273,1.0288,-0.0610,-1.6479,-0.1221,1,472,868,235
253711301,40021,-0.0171,-0.0264,1.0293,-0.1221,-1.4648,-0.1221,1,478,875,235
253716306,40022,-0.0146,-0.0239,1.0293,-0.0610,-1.7090,0.1221,1,465,870,235
253721308,40023,-0.0107,-0.0220,1.0317,-0.4272,-1.2817,-0.0610,1,469,855,235
253726308,40024,-0.0122,-0.0249,1.0327,-0.4883,-1.0376,-0.1831,1,467,862,235
253731302,40025,-0.0176,-0.0308,1.0278,-0.5493,-1.2207,-0.2441,1,483,864,235
253736309,40026,-0.0200,-0.0332,1.0264,-0.7935,-1.3428,-0.1831,1,466,882,235
253741304,40027,-0.0161,-0.0254,1.0298,-0.6714,-1.2817,0.0610,1,466,880,235
253746331,40028,-0.0127,-0.0205,1.0293,-1.2207,-1.1597,-0.1831,1,465,878,235
253751301,40029,-0.0176,-0.0288,1.0283,-1.4648,-1.3428,-0.2441,1,466,879,235
253756308,40030,-0.0210,-0.0303,1.0283,-0.9155,-1.7700,-0.1221,1,466,885,235
253761309,40031,-0.0215,-0.0298,1.0254,-1.4648,-1.6479,-0.1221,1,494,871,235
253766309,40032,-0.0220,-0.0312,1.0205,-1.1597,-2.5024,0.0610,1,464,803,235
253771307,40033,-0.0195,-0.0259,1.0229,-1.4648,-2.7466,0.0000,1,485,799,235
253776305,40034,-0.0210,-0.0264,1.0264,-1.6479,-2.7466,-0.1831,1,474,809,235
253781322,40035,-0.0210,-0.0220,1.0215,-1.7090,-3.1128,0.1831,1,485,850,235
253786308,40036,-0.0146,-0.0205,1.0234,-2.0752,-3.7842,-0.1221,1,476,847,235
253791308,40037,-0.0117,-0.0303,1.0283,-2.1973,-3.4180,-0.1831,1,501,851,235
253796302,40038,-0.0151,-0.0391,1.0249,-1.8311,-3.2959,0.0000,1,502,842,235
253801302,40039,-0.0176,-0.0396,1.0200,-1.7700,-4.2114,0.1221,1,493,858,235
253806305,40040,-0.0239,-0.0293,1.0171,-1.5259,-4.1504,-0.4883,1,467,932,235
253811303,40041,-0.0264,-0.0342,1.0156,-2.1362,-4.3335,-0.6104,1,467,863,235
253816307,40042,-0.0098,-0.0415,1.0122,-1.0376,-4.2114,0.0610,1,476,879,235
253821306,40043,0.0059,-0.0400,1.0034,-0.3662,-1.7700,-0.9766,1,477,876,235
253826308,40044,-0.0029,-0.0386,0.9932,0.8545,2.0142,-2.2583,1,465,849,235
253831306,40045,-0.0410,-0.0474,0.9756,2.6245,4.2725,-3.1738,1,484,855,235
253836307,40046,-0.0967,-0.0767,0.9512,2.6855,2.6855,-2.1973,1,466,884,235
253841304,40047,-0.1460,-0.0815,0.9370,2.0142,-1.3428,1.8311,1,466,883,235
253846308,40048,-0.1567,-0.0381,0.9434,1.2207,-8.1787,5.3101,1,466,879,235
253851306,40049,-0.1274,0.0347,0.9722,0.1221,-13.8550,4.5776,1,466,881,235
253856306,40050,-0.0967,0.0776,0.9878,-1.0376,-18.6768,0.6714,1,492,900,235
253861304,40051,-0.0918,0.0342,0.9785,-4.0283,-21.5454,-0.6104,1,468,885,235
253866304,40052,-0.0923,-0.0562,0.9668,-4.4556,-26.5503,1.4648,1,493,895,235
253871302,40053,-0.0742,-0.1167,0.9727,-3.3569,-31.6772,6.1035,1,464,828,235
253876307,40054,-0.0942,-0.1567,1.0005,-3.4790,-33.5083,10.8643,1,478,888,235
253881310,40055,-0.1792,-0.2129,1.0254,-1.8921,-39.9780,17.4561,1,487,881,235
253886306,40056,-0.2793,-0.2769,1.0767,3.7231,-51.5747,24.9023,1,473,893,235
253891301,40057,-0.3008,-0.3726,1.1587,14.4653,-64.8193,33.6914,1,509,915,235
253896301,40058,-0.2349,-0.4897,1.2017,27.1606,-73.5474,46.8140,1,498,899,235
253901304,40059,-0.1499,-0.5532,1.1895,35.5225,-75.6836,60.3638,1,492,891,235
253906302,40060,-0.0649,-0.5659,1.1753,43.3960,-78.3081,74.5239,1,467,926,235
253911306,40061,0.0117,-0.5581,1.1938,51.9409,-76.7822,88.1958,1,477,972,235
253916304,40062,0.0405,-0.5430,1.2207,57.7393,-71.2280,101.6235,1,482,926,235
253921310,40063,0.0239,-0.5332,1.2456,59.5093,-67.9321,116.6992,1,469,927,235
253926303,40064,0.0190,-0.5405,1.2798,57.6172,-65.0024,132.4463,1,468,945,235
253931306,40065,0.0352,-0.5547,1.3140,55.7251,-57.9834,148.1934,1,483,910,235
253936304,40066,0.0503,-0.5610,1.3413,51.0864,-49.9878,163.9404,1,466,931,235
253941304,40067,0.0532,-0.5610,1.3481,46.5088,-40.8325,178.9551,1,466,942,235
253946306,40068,0.0376,-0.5537,1.3188,43.5791,-32.2876,193.2373,1,466,943,235
253951301,40069,0.0142,-0.5430,1.2524,41.3818,-25.3296,206.8481,1,465,937,235
253956306,40070,-0.0073,-0.5244,1.1577,39.5508,-19.7144,220.0928,1,493,945,235
253961301,40071,-0.0273,-0.4897,1.0513,37.6587,-15.8691,232.9101,1,470,923,235
253966306,40072,-0.0449,-0.4478,0.9531,34.9731,-13.6719,244.9341,1,466,940,235
253971309,40073,-0.0552,-0.4082,0.8770,32.5317,-13.2446,256.4087,1,466,880,235
253976309,40074,-0.0557,-0.3701,0.8286,30.3345,-13.5498,267.0288,1,478,883,235
253981325,40075,-0.0474,-0.3311,0.8062,28.1372,-14.2822,276.5503,1,492,908,235
253986303,40076,-0.0342,-0.2944,0.8022,25.8789,-14.9536,284.8511,1,489,903,235
253991305,40077,-0.0156,-0.2646,0.8115,23.8037,-15.0757,292.0532,1,481,910,235
253996303,40078,0.0054,-0.2358,0.8330,22.1558,-14.6484,298.2788,1,505,910,235
254001304,40079,0.0269,-0.2046,0.8618,20.5078,-13.5498,303.5889,1,466,924,235
254006309,40080,0.0522,-0.1758,0.8892,18.4937,-11.5967,308.0444,1,479,880,235
254011306,40081,0.0757,-0.1543,0.9019,16.3574,-8.3618,311.8286,1,481,966,235
254016305,40082,0.0894,-0.1401,0.8965,14.5874,-5.4932,315.2466,1,470,911,235
254021306,40083,0.0967,-0.1328,0.8794,13.4888,-3.1738,318.2983,1,477,916,235
254026302,40084,0.1074,-0.1279,0.8594,13.3667,-1.7090,320.9229,1,482,904,235
254031303,40085,0.1260,-0.1191,0.8423,13.9160,-0.5493,322.8759,1,484,896,235
254036308,40086,0.1475,-0.1055,0.8267,15.3198,0.2441,324.3408,1,466,931,235
254041308,40087,0.1655,-0.0840,0.8125,17.5171,0.6714,324.9511,1,466,921,235
254046318,40088,0.1807,-0.0542,0.8081,19.3481,0.1831,324.4018,1,466,913,235
254051309,40089,0.1953,-0.0244,0.8267,20.5688,-0.2441,322.7539,1,465,914,235
254056303,40090,0.2104,0.0015,0.8721,20.2637,-0.5493,320.3735,1,493,925,235
254061302,40091,0.2305,0.0176,0.9380,18.4937,-0.1221,317.4438,1,494,904,235
254066301,40092,0.2593,0.0186,1.0083,15.9912,2.0752,313.9648,1,465,821,235
254071306,40093,0.2871,0.0083,1.0630,13.6108,6.2256,309.9976,1,491,841,235
254076305,40094,0.3037,-0.0083,1.0864,11.2915,10.8643,305.8472,1,476,887,235
254081301,40095,0.3081,-0.0288,1.0732,9.4604,15.0146,301.9409,1,490,903,235
254086306,40096,0.3071,-0.0479,1.0322,8.6670,18.0664,298.0957,1,503,891,235
254091303,40097,0.3057,-0.0566,0.9800,8.4839,20.0195,294.1284,1,489,882,235
254096308,40098,0.3027,-0.0532,0.9312,8.6060,20.3247,289.7949,1,510,868,235
254101303,40099,0.3047,-0.0376,0.8970,8.8501,18.9819,284.6069,1,465,860,235
254106308,40100,0.3203,-0.0142,0.8799,8.6060,17.2119,278.5645,1,479,943,235
254111302,40101,0.3433,0.0044,0.8779,7.5684,15.9302,271.6675,1,482,898,235
254116303,40102,0.3633,0.0107,0.8882,6.5918,14.9536,264.0381,1,474,900,235
254121308,40103,0.3779,0.0103,0.9009,5.7373,14.0991,255.9814,1,482,912,235
254126301,40104,0.3877,0.0083,0.9067,4.2725,13.3667,247.5586,1,479,904,235
254131306,40105,0.3911,0.0039,0.9072,2.1973,12.3291,239.1357,1,466,902,235
254136308,40106,0.3965,-0.0078,0.9150,-0.3052,10.9863,230.4077,1,466,926,235
254141307,40107,0.4087,-0.0298,0.9287,-2.2583,10.0708,221.8017,1,466,913,235
254146305,40108,0.4180,-0.0552,0.9385,-3.7231,9.6436,213.2568,1,466,918,235
254151306,40109,0.4131,-0.0684,0.9414,-5.6763,9.1553,204.4067,1,466,910,235
254156306,40110,0.3979,-0.0659,0.9463,-8.7891,8.3008,195.5566,1,466,902,235
254161307,40111,0.3779,-0.0522,0.9609,-13.2446,7.3853,186.3403,1,494,904,235
254166302,40112,0.3584,-0.0293,0.9932,-18.6768,6.4087,176.5137,1,485,931,235
254171307,40113,0.3472,-0.0015,1.0386,-25.2075,6.0425,166.3818,1,481,891,235
254176312,40114,0.3457,0.0190,1.0830,-31.7993,7.2632,155.9448,1,478,886,235
254181309,40115,0.3472,0.0312,1.1074,-37.4756,9.5825,145.3857,1,485,892,235
254186304,40116,0.3447,0.0459,1.1011,-42.2363,11.9019,134.2773,1,498,912,235
254191301,40117,0.3296,0.0674,1.0903,-46.2646,13.5498,123.0469,1,490,906,235
254196305,40118,0.5127,0.0654,1.4590,-46.8140,14.2822,110.7178,1,465,930,235
254201310,40119,0.8740,0.2280,1.9219,-11.0474,33.5693,91.7969,1,471,931,235
254206310,40120,0.7773,0.5591,1.6968,7.8735,78.0640,69.8853,1,472,972,235
254211308,40121,0.2837,0.6934,1.0806,-16.3574,71.3501,57.9224,1,480,898,235
254216309,40122,0.1348,0.6553,0.7041,-13.2446,43.5181,47.9126,1,466,916,235
254221308,40123,0.3755,0.6362,0.6924,-6.7749,39.1235,27.7710,1,472,936,235
254226301,40124,0.5815,0.5498,0.8789,-3.2349,44.1894,6.5308,1,484,898,235
254231304,40125,0.6675,0.3857,1.0430,8.4229,38.2690,-6.0425,1,466,907,235
254236308,40126,0.7080,0.2109,1.0806,11.9629,40.4053,-15.6250,1,466,895,235
254241302,40127,0.7041,-0.0166,1.0420,6.8970,44.0063,-20.3247,1,466,930,235
254246308,40128,0.6670,-0.3286,1.0083,9.0942,46.3867,-20.6909,1,466,917,235
254251309,40129,0.5205,-0.6362,1.0430,14.6484,53.3447,-14.7705,1,492,924,235
254256308,40130,0.2451,-0.6782,1.0405,34.4238,60.6689,-4.5776,1,467,946,235
254261306,40131,0.0103,-0.4453,0.9570,44.8608,55.1758,6.2256,1,493,923,235
254266307,40132,-0.0835,-0.0703,0.9795,45.7153,52.3071,12.0239,1,473,842,235
254271302,40133,-0.1177,0.4165,1.1489,39.3066,55.6030,10.0098,1,483,831,235
254276301,40134,-0.1147,0.6265,1.1914,15.7471,54.5654,0.6104,1,490,892,235
254281302,40135,-0.1450,0.3306,1.0127,4.0894,52.6123,-4.8218,1,488,892,235
254286307,40136,-0.1831,-0.0825,0.8750,7.8125,39.6729,-2.1362,1,471,870,235
254291308,40137,-0.0830,-0.2729,0.9258,10.1929,32.5317,2.5024,1,494,858,235
254296304,40138,0.0557,-0.2002,1.0513,13.4888,37.5977,4.2725,1,465,828,235
254301308,40139,0.0771,-0.0200,1.0938,13.3057,43.3960,2.4414,1,479,930,235
254306310,40140,-0.0127,0.0781,1.0493,9.5215,42.9687,0.1221,1,480,976,235
254311308,40141,-0.0942,0.0547,0.9995,7.3242,36.9263,0.0610,1,465,887,235
254316306,40142,-0.1064,-0.0127,0.9883,6.1646,32.6538,0.6104,1,470,890,235
254321304,40143,-0.1069,-0.0356,1.0078,6.1035,30.0293,0.7935,1,477,872,235
254326303,40144,-0.1553,0.0005,0.9995,3.7231,22.5220,0.2441,1,484,877,235
254331302,40145,-0.2275,0.0376,0.9048,-4.3335,1.8311,1.2817,1,466,895,235
254336303,40146,-0.1201,-0.0093,0.9517,-4.6997,-2.5024,0.3052,1,466,881,235
254341305,40147,-0.0117,-0.0474,1.0190,-4.7607,0.1831,0.7935,1,465,878,235
254346306,40148,0.0103,-0.0605,1.0420,-4.2114,2.5635,0.5493,1,466,878,235
254351309,40149,-0.0210,-0.0483,1.0352,-4.2725,1.8311,0.4883,1,466,879,235
254356307,40150,-0.0332,-0.0239,1.0342,-4.3945,0.3052,0.6104,1,466,874,235
254361305,40151,-0.0220,-0.0146,1.0366,-5.4321,1.7700,0.6714,1,494,830,235
254366309,40152,-0.0210,-0.0244,1.0327,-5.9204,2.7466,0.7324,1,484,836,235
254371303,40153,-0.0347,-0.0391,1.0215,-5.9204,2.3804,1.0376,1,492,863,235
254376310,40154,-0.0488,-0.0444,1.0122,-5.7983,1.3428,1.0376,1,474,844,235
254381301,40155,-0.0454,-0.0405,1.0161,-5.6763,0.5493,0.9155,1,474,876,235
254386304,40156,-0.0269,-0.0459,1.0283,-5.8594,0.9766,0.8545,1,494,855,235
254391303,40157,-0.0161,-0.0552,1.0347,-5.1880,2.1973,0.8545,1,473,836,235
254396307,40158,-0.0249,-0.0557,1.0298,-4.7607,2.5635,0.8545,1,510,793,235
254401302,40159,-0.0386,-0.0527,1.0225,-4.2725,2.0752,0.6714,1,474,907,235
254406305,40160,-0.0430,-0.0566,1.0205,-3.7231,1.4648,0.6104,1,465,866,235
254411303,40161,-0.0327,-0.0640,1.0273,-2.7466,1.4648,0.4883,1,466,881,235
254416307,40162,-0.0161,-0.0649,1.0381,-1.8921,1.8311,0.4883,1,472,838,235
254421301,40163,-0.0063,-0.0586,1.0449,-1.2817,2.8076,0.3662,1,474,855,235
254426304,40164,-0.0088,-0.0547,1.0400,-1.1597,3.7231,0.3052,1,480,864,235
254431304,40165,-0.0210,-0.0532,1.0303,-0.6104,3.8452,0.3662,1,466,853,235
254436307,40166,-0.0288,-0.0508,1.0249,-0.1831,3.2959,0.5493,1,466,879,235
254441305,40167,-0.0322,-0.0542,1.0171,0.1221,3.9062,0.4883,1,466,883,235
254446321,40168,-0.0381,-0.0557,1.0151,0.2441,3.6621,0.4883,1,466,873,235
254451304,40169,-0.0381,-0.0547,1.0190,0.6714,3.2959,0.6104,1,466,881,235
254456309,40170,-0.0371,-0.0498,1.0137,0.8545,3.6011,0.7935,1,493,870,235
254461308,40171,-0.0444,-0.0459,1.0142,0.7324,2.6245,0.8545,1,488,876,235
254466309,40172,-0.0435,-0.0439,1.0215,0.8545,1.7700,0.9155,1,466,824,235
254471306,40173,-0.0337,-0.0391,1.0259,0.3052,2.1362,1.1597,1,492,819,235
254476301,40174,-0.0308,-0.0405,1.0264,0.0610,1.8311,1.5259,1,474,844,235
254481306,40175,-0.0288,-0.0430,1.0312,-0.2441,1.6479,1.8921,1,492,841,235
254486301,40176,-0.0259,-0.0405,1.0391,-0.4883,1.7090,2.1973,1,499,882,235
254491305,40177,-0.0264,-0.0342,1.0400,-0.9155,2.0142,2.3804,1,491,831,235
254496309,40178,-0.0273,-0.0322,1.0415,-1.6479,2.3804,2.3193,1,510,779,235
254501306,40179,-0.0278,-0.0391,1.0356,-1.8921,2.6855,2.5635,1,470,914,235
254506307,40180,-0.0356,-0.0464,1.0283,-2.1362,2.5024,2.6245,1,481,871,235
254511308,40181,-0.0381,-0.0503,1.0288,-2.3193,2.2583,2.6855,1,465,888,235
254516302,40182,-0.0342,-0.0513,1.0278,-2.1362,2.5635,2.6855,1,471,839,235
254521307,40183,-0.0327,-0.0518,1.0220,-2.1973,2.5635,2.5024,1,482,869,235
254526303,40184,-0.0347,-0.0537,1.0181,-1.7700,2.6855,2.6855,1,478,864,235
254531306,40185,-0.0400,-0.0552,1.0171,-1.5869,2.8076,2.6855,1,466,866,235
254536307,40186,-0.0435,-0.0518,1.0161,-1.4648,2.7466,2.5024,1,466,880,235
254541306,40187,-0.0425,-0.0503,1.0171,-1.4038,2.7466,2.3193,1,466,884,235
254546326,40188,-0.0366,-0.0513,1.0215,-1.1597,2.8687,2.2583,1,466,877,235
254551304,40189,-0.0312,-0.0537,1.0249,-0.9155,3.0518,2.2583,1,466,883,235
254556310,40190,-0.0288,-0.0571,1.0259,-0.7324,3.2959,2.3804,1,466,911,235
254561309,40191,-0.0293,-0.0552,1.0259,-0.3662,3.6011,2.3193,1,494,884,235
254566306,40192,-0.0322,-0.0508,1.0244,-0.3662,3.9062,2.2583,1,467,858,235
254571307,40193,-0.0366,-0.0532,1.0200,-0.1831,3.9673,2.1973,1,486,867,235
254576316,40194,-0.0405,-0.0610,1.0146,0.3052,4.0283,2.1362,1,488,855,235
254581305,40195,-0.0435,-0.0620,1.0093,0.8545,4.1504,2.1973,1,492,852,235
254586307,40196,-0.0488,-0.0493,1.0083,1.2817,4.0283,2.0142,1,496,843,235
254591305,40197,-0.0488,-0.0347,1.0117,0.8545,3.9673,1.8311,1,506,844,235
254596302,40198,-0.0474,-0.0312,1.0190,0.7935,3.9062,1.9531,1,466,846,235
254601307,40199,-0.0444,-0.0337,1.0244,0.4883,3.6621,1.7700,1,481,931,235
254606303,40200,-0.0420,-0.0430,1.0205,0.3662,3.9062,1.7090,1,482,872,235
254611305,40201,-0.0435,-0.0537,1.0161,0.4883,3.7231,1.6479,1,475,875,235
254616301,40202,-0.0435,-0.0576,1.0166,0.9155,3.7842,1.6479,1,481,866,235
254621309,40203,-0.0435,-0.0513,1.0151,1.5259,3.7231,1.8311,1,466,867,235
254626302,40204,-0.0439,-0.0435,1.0151,0.8545,3.9673,1.6479,1,483,861,235
254631309,40205,-0.0449,-0.0435,1.0161,0.9155,3.6621,1.8311,1,466,882,235
254636301,40206,-0.0454,-0.0425,1.0166,1.1597,3.6621,1.9531,1,466,882,235
254641302,40207,-0.0439,-0.0366,1.0176,1.3428,3.2959,1.7700,1,466,886,235
254646304,40208,-0.0435,-0.0366,1.0200,0.6714,3.2349,1.7090,1,466,881,235
254651306,40209,-0.0430,-0.0439,1.0220,0.6714,3.2959,1.7090,1,492,874,235
254656307,40210,-0.0464,-0.0503,1.0190,0.8545,3.1128,1.7090,1,468,874,235
254661305,40211,-0.0483,-0.0508,1.0171,0.9766,2.8076,1.7090,1,493,796,235
254666308,40212,-0.0435,-0.0483,1.0171,1.2817,2.6245,1.8311,1,474,843,235
254671309,40213,-0.0420,-0.0435,1.0215,1.0376,2.5024,1.9531,1,483,850,235
254676309,40214,-0.0430,-0.0454,1.0239,1.1597,2.1973,1.9531,1,473,849,235
254681309,40215,-0.0439,-0.0522,1.0249,0.7324,2.1973,2.0752,1,476,875,235
254686302,40216,-0.0435,-0.0557,1.0229,1.3428,2.0142,2.0142,1,484,854,235
254691304,40217,-0.0449,-0.0547,1.0166,1.2207,2.0752,2.1973,1,499,789,235
254696304,40218,-0.0449,-0.0493,1.0161,1.5259,1.7090,2.1362,1,465,904,235
254701305,40219,-0.0439,-0.0474,1.0195,1.7090,1.5259,2.1973,1,465,872,235
254706309,40220,-0.0405,-0.0518,1.0225,1.5259,1.7700,2.0752,1,470,877,235
254711310,40221,-0.0396,-0.0581,1.0215,1.9531,1.9531,2.3804,1,472,872,235
254716301,40222,-0.0430,-0.0493,1.0181,2.1362,2.0142,2.5024,1,479,864,235
254721309,40223,-0.0479,-0.0361,1.0195,1.8921,1.8921,2.2583,1,466,862,235
254726303,40224,-0.0459,-0.0312,1.0215,1.5869,1.7700,2.1362,1,484,861,235
254731308,40225,-0.0415,-0.0386,1.0210,1.0986,2.2583,2.1973,1,465,908,235
254736301,40226,-0.0405,-0.0493,1.0190,1.6479,2.1362,2.4414,1,466,882,235
254741323,40227,-0.0376,-0.0459,1.0205,1.1597,2.7466,2.5024,1,466,888,235
254746309,40228,-0.0396,-0.0386,1.0190,1.5259,3.2349,2.4414,1,466,879,235
254751309,40229,-0.0488,-0.0332,1.0137,1.0986,3.4180,2.3804,1,466,880,235
254756302,40230,-0.0518,-0.0337,1.0127,1.4648,3.0518,2.0142,1,466,880,235
254761305,40231,-0.0479,-0.0415,1.0171,0.8545,3.1738,1.9531,1,494,799,235
254766302,40232,-0.0449,-0.0415,1.0186,1.5869,3.5400,1.8921,1,484,872,235
254771303,40233,-0.0508,-0.0405,1.0103,1.2207,3.8452,1.7700,1,478,851,235
254776303,40234,-0.0591,-0.0410,1.0073,1.5869,3.7231,1.5259,1,490,846,235
254781302,40235,-0.0610,-0.0342,1.0054,2.5024,3.3569,1.5259,1,476,872,235
254786309,40236,-0.0664,-0.0322,1.0005,1.5259,3.0518,1.0986,1,482,840,235
254791301,40237,-0.0669,-0.0303,1.0054,1.8921,2.0752,0.9766,1,507,835,235
254796301,40238,-0.0576,-0.0288,1.0122,2.2583,2.0142,0.4272,1,465,864,235
254801309,40239,-0.0532,-0.0366,1.0112,1.6479,2.4414,0.1831,1,467,875,235
254806304,40240,-0.0518,-0.0454,1.0107,2.1973,1.7090,0.3052,1,467,880,235
254811303,40241,-0.0532,-0.0425,1.0083,2.4414,1.6479,0.2441,1,479,873,235
254816306,40242,-0.0645,-0.0312,1.0000,1.9531,1.2207,0.1221,1,467,868,235
254821302,40243,-0.0723,-0.0225,0.9937,1.6479,-0.1831,-0.1831,1,468,878,235
254826304,40244,-0.0674,-0.0205,0.9976,1.2207,-0.9766,-0.1221,1,483,862,235
254831308,40245,-0.0576,-0.0254,1.0098,0.7324,-1.8311,-0.1221,1,466,871,235
254836306,40246,-0.0464,-0.0327,1.0220,0.4272,-2.1973,-0.1831,1,466,874,235
254841331,40247,-0.0430,-0.0356,1.0254,0.3662,-1.8311,-0.1221,1,466,882,235
254846309,40248,-0.0493,-0.0337,1.0215,0.1831,-2.0142,-0.1831,1,466,875,235
254851303,40249,-0.0518,-0.0332,1.0210,-0.0610,-2.5024,-0.3052,1,492,880,235
254856307,40250,-0.0483,-0.0371,1.0229,-0.3052,-2.5024,-0.3052,1,475,872,235
254861308,40251,-0.0513,-0.0400,1.0171,-0.2441,-2.4414,-0.2441,1,492,771,235
254866304,40252,-0.0586,-0.0366,1.0098,-0.3052,-3.4790,-0.3052,1,476,862,235
254871306,40253,-0.0547,-0.0342,1.0181,-0.4883,-4.3335,-0.6714,1,492,845,235
254876307,40254,-0.0405,-0.0381,1.0342,-0.3662,-3.7842,-0.6104,1,483,843,235
254881309,40255,-0.0352,-0.0405,1.0391,0.0000,-2.8687,-0.6104,1,507,871,235
254886304,40256,-0.0400,-0.0400,1.0317,0.0000,-2.9907,-0.8545,1,476,794,235
254891306,40257,-0.0444,-0.0400,1.0234,0.0000,-3.0518,-0.8545,1,509,828,235
254896302,40258,-0.0459,-0.0396,1.0200,0.2441,-2.8076,-0.9766,1,465,820,235
254901306,40259,-0.0454,-0.0405,1.0234,0.1831,-2.8076,-1.0376,1,472,865,235
254906307,40260,-0.0376,-0.0474,1.0322,0.2441,-2.7466,-0.9766,1,477,882,235
254911309,40261,-0.0288,-0.0518,1.0381,0.6714,-2.0142,-0.9766,1,482,879,235
254916302,40262,-0.0283,-0.0435,1.0381,0.9766,-1.1597,-0.7935,1,470,854,235
254921301,40263,-0.0347,-0.0332,1.0332,0.6104,-0.5493,-0.6714,1,483,855,235
254926304,40264,-0.0435,-0.0352,1.0239,0.4883,-0.2441,-0.6714,1,466,879,235
254931303,40265,-0.0488,-0.0439,1.0156,0.7324,-0.6104,-0.7324,1,466,877,235
254936314,40266,-0.0483,-0.0454,1.0151,1.1597,-0.6104,-0.7935,1,466,882,235
254941309,40267,-0.0459,-0.0391,1.0156,1.1597,-0.6104,-0.7324,1,466,879,235
254946310,40268,-0.0464,-0.0347,1.0132,0.8545,-0.7935,-0.8545,1,493,872,235
254951307,40269,-0.0498,-0.0347,1.0122,0.7324,-1.2817,-0.7935,1,466,871,235
254956301,40270,-0.0508,-0.0366,1.0146,0.7935,-1.5259,-0.9766,1,494,883,235
254961302,40271,-0.0459,-0.0391,1.0225,0.7324,-2.0142,-0.9155,1,473,847,235
254966304,40272,-0.0371,-0.0405,1.0312,0.6714,-1.5869,-0.9155,1,489,846,235
254971305,40273,-0.0337,-0.0410,1.0332,0.7324,-0.6104,-0.9155,1,483,883,235
254976304,40274,-0.0381,-0.0400,1.0288,0.9155,-0.3052,-0.9155,1,500,850,235
254981302,40275,-0.0420,-0.0376,1.0254,0.9766,-0.3662,-1.0376,1,488,835,235
254986302,40276,-0.0405,-0.0376,1.0283,0.8545,-0.4883,-1.1597,1,493,871,235
254991308,40277,-0.0352,-0.0400,1.0352,0.8545,0.2441,-1.2207,1,465,865,235
254996302,40278,-0.0337,-0.0420,1.0366,0.7935,0.8545,-1.1597,1,469,872,235
255001303,40279,-0.0366,-0.0405,1.0293,0.8545,1.1597,-1.0986,1,481,874,235
255006302,40280,-0.0410,-0.0391,1.0195,0.7935,1.3428,-1.0986,1,467,859,235
255011306,40281,-0.0430,-0.0396,1.0161,0.8545,1.4038,-1.0986,1,474,857,235
255016306,40282,-0.0396,-0.0415,1.0186,0.9155,1.5869,-1.1597,1,484,859,235
255021302,40283,-0.0356,-0.0425,1.0210,1.0376,2.1973,-1.2207,1,466,883,235
255026304,40284,-0.0361,-0.0410,1.0210,1.2817,2.6855,-0.9766,1,466,879,235
255031322,40285,-0.0396,-0.0400,1.0205,1.3428,2.8687,-0.9766,1,466,882,235
255036310,40286,-0.0425,-0.0391,1.0215,1.5259,2.9907,-0.9155,1,466,874,235
255041305,40287,-0.0400,-0.0381,1.0254,1.5259,3.2349,-0.8545,1,493,876,235
255046309,40288,-0.0356,-0.0391,1.0283,1.3428,3.8452,-0.7935,1,494,871,235
255051304,40289,-0.0376,-0.0400,1.0249,1.4038,4.4556,-0.7935,1,493,811,235
255056304,40290,-0.0439,-0.0400,1.0171,1.5259,4.3945,-0.7324,1,473,850,235
255061313,40291,-0.0483,-0.0415,1.0112,1.5869,4.3335,-0.7935,1,486,852,235
255066306,40292,-0.0488,-0.0425,1.0103,1.8921,4.3945,-0.8545,1,491,857,235
255071306,40293,-0.0488,-0.0381,1.0122,2.1362,4.2725,-0.8545,1,509,848,235
255076306,40294,-0.0483,-0.0342,1.0151,2.0142,4.0894,-0.7935,1,474,843,235
255081303,40295,-0.0469,-0.0366,1.0142,2.0142,4.0894,-0.7935,1,492,848,235
255086302,40296,-0.0493,-0.0396,1.0103,2.3193,4.2725,-0.6714,1,472,860,235
255091301,40297,-0.0542,-0.0366,1.0098,2.4414,4.0283,-0.7935,1,479,867,235
255096306,40298,-0.0522,-0.0337,1.0146,2.3804,3.5400,-0.7935,1,465,879,235
255101301,40299,-0.0449,-0.0352,1.0200,2.5024,3.4180,-0.9155,1,468,862,235
255106305,40300,-0.0439,-0.0356,1.0186,2.8076,3.9062,-0.7324,1,479,862,235
255111303,40301,-0.0518,-0.0352,1.0117,2.8076,3.7231,-0.8545,1,483,866,235
255116306,40302,-0.0620,-0.0381,1.0059,2.8687,3.0518,-0.9766,1,466,881,235
255121306,40303,-0.0679,-0.0376,1.0039,3.2349,1.8921,-0.9766,1,466,871,235
255126303,40304,-0.0640,-0.0327,1.0088,3.2349,0.8545,-1.0376,1,466,873,235
255131304,40305,-0.0552,-0.0342,1.0142,3.2349,0.7935,-1.2207,1,465,876,235
255136308,40306,-0.0508,-0.0386,1.0161,3.7231,0.7935,-1.2207,1,466,876,235
255141307,40307,-0.0518,-0.0376,1.0142,3.9673,0.6104,-1.2817,1,465,879,235
255146301,40308,-0.0542,-0.0361,1.0112,4.0283,0.6714,-1.2207,1,494,875,235
255151303,40309,-0.0542,-0.0366,1.0117,4.1504,0.4272,-1.2817,1,465,825,235
255156307,40310,-0.0537,-0.0317,1.0146,4.0283,0.4272,-1.2817,1,473,855,235
255161307,40311,-0.0562,-0.0264,1.0142,3.7842,0.2441,-1.3428,1,481,859,235
255166308,40312,-0.0640,-0.0269,1.0063,3.7231,-0.3662,-1.4038,1,480,870,235
255171307,40313,-0.0747,-0.0293,0.9971,3.9062,-1.1597,-1.3428,1,487,855,235
255176307,40314,-0.0786,-0.0303,0.9966,3.7842,-2.4414,-1.5869,1,494,783,235
255181308,40315,-0.0679,-0.0298,1.0073,3.8452,-3.6621,-1.7090,1,465,852,235
255186302,40316,-0.0537,-0.0293,1.0176,3.9062,-3.8452,-1.6479,1,465,872,235
255191304,40317,-0.0513,-0.0327,1.0171,4.0894,-3.7842,-1.7700,1,477,876,235
255196309,40318,-0.0557,-0.0376,1.0112,4.4556,-4.3945,-1.8311,1,481,875,235
255201305,40319,-0.0591,-0.0405,1.0063,4.7607,-5.0049,-2.0142,1,466,864,235
255206301,40320,-0.0591,-0.0396,1.0073,5.3101,-5.6763,-2.0752,1,471,855,235
255211307,40321,-0.0542,-0.0371,1.0112,5.7373,-6.5308,-2.3193,1,483,855,235
255216305,40322,-0.0513,-0.0400,1.0117,6.2256,-6.8970,-2.6855,1,466,888,235
255221303,40323,-0.0566,-0.0425,1.0073,6.8970,-7.8735,-2.8076,1,466,884,235
255226314,40324,-0.0601,-0.0352,1.0054,7.3853,-9.0332,-2.9297,1,466,887,235
255231309,40325,-0.0586,-0.0254,1.0068,7.2632,-10.0098,-3.2349,1,466,875,235
255236302,40326,-0.0566,-0.0215,1.0103,7.2021,-11.0474,-3.5400,1,493,884,235
255241305,40327,-0.0557,-0.0234,1.0093,7.1411,-12.2681,-3.6011,1,488,894,235
255246302,40328,-0.0605,-0.0298,0.9990,7.4463,-12.9395,-3.7231,1,464,828,235
255251308,40329,-0.0679,-0.0356,0.9873,7.9346,-14.4043,-3.6011,1,492,799,235
255256309,40330,-0.0815,-0.0347,0.9751,8.5449,-15.3198,-3.6621,1,490,868,235
255261301,40331,-0.1074,-0.0293,0.9604,8.8501,-17.8833,-4.0283,1,480,876,235
255266301,40332,-0.1196,-0.0283,0.9585,9.2163,-21.6064,-4.1504,1,500,892,235
255271304,40333,-0.1221,-0.0278,0.9678,9.7046,-24.0478,-4.2114,1,490,864,235
255276303,40334,-0.1646,-0.0195,0.9600,9.7046,-27.4048,-4.2725,1,492,861,235
255281310,40335,-0.2012,-0.0059,0.9438,8.6060,-36.9873,-3.5400,1,467,925,235
255286306,40336,-0.1743,0.0181,0.9580,8.4229,-43.3960,-3.2959,1,469,876,235
255291307,40337,-0.0986,0.0752,1.0190,3.3569,-49.6826,-6.7139,1,482,899,235
255296303,40338,-0.0942,0.0698,1.0244,0.5493,-53.1616,-7.3242,1,468,902,235
255301308,40339,-0.0659,0.0630,1.0449,-3.1738,-56.2744,-6.7139,1,480,890,235
255306305,40340,0.0259,0.0132,1.0898,-6.8970,-55.7251,-7.2632,1,484,889,235
255311307,40341,0.0947,-0.0522,1.1201,-5.0049,-49.0112,-7.6904,1,466,898,235
255316309,40342,0.0469,-0.0488,1.0942,-3.6621,-46.4478,-8.1177,1,466,901,235
255321304,40343,-0.0068,-0.0083,1.0728,-6.2866,-50.4761,-8.3008,1,465,904,235
255326310,40344,0.0000,-0.0005,1.0723,-7.3242,-49.8657,-8.0566,1,466,892,235
255331305,40345,0.0200,-0.0254,1.0674,-6.9580,-47.2412,-8.4839,1,466,853,235
255336309,40346,0.0239,-0.0435,1.0640,-5.9814,-48.6450,-7.9956,1,465,898,235
255341302,40347,0.0220,-0.0352,1.0552,-5.0659,-50.9033,-7.6294,1,494,906,235
255346304,40348,0.0391,-0.0288,1.0518,-4.9438,-51.8188,-7.5684,1,491,793,235
255351308,40349,0.0288,-0.0371,1.0479,-2.9297,-49.3774,-8.0566,1,482,883,235
255356301,40350,-0.0083,-0.0469,1.0420,-1.7090,-50.4761,-7.3242,1,484,878,235
255361302,40351,-0.0127,-0.0508,1.0405,0.5493,-53.0395,-6.4087,1,504,861,235
255366305,40352,0.0146,-0.0425,1.0371,1.8921,-53.7109,-5.9204,1,473,855,235
255371302,40353,0.0430,-0.0225,1.0371,2.8687,-54.3213,-4.8218,1,499,860,235
255376301,40354,0.0713,-0.0103,1.0415,2.9907,-56.5796,-3.1738,1,479,867,235
255381308,40355,0.0703,-0.0142,1.0425,3.0518,-56.2744,-3.4790,1,465,890,235
255386309,40356,0.0137,-0.0186,1.0386,2.7466,-58.0444,-3.7231,1,469,895,235
255391309,40357,-0.0503,-0.0239,1.0293,1.7700,-64.1479,-3.5400,1,474,898,235
255396304,40358,-0.1328,-0.0098,1.0337,0.7935,-69.4580,-4.2114,1,482,874,235
255401301,40359,-0.2529,0.0166,1.0488,-2.6245,-83.7402,-4.7607,1,484,875,235
255406303,40360,-0.3960,0.0322,1.0630,-6.4697,-102.2949,-7.0190,1,466,911,235
255411309,40361,-0.3857,0.0229,1.0879,-11.0474,-129.7607,-6.7139,1,466,909,235
255416305,40362,-0.1055,0.0088,1.1108,-11.4136,-146.2402,-4.3945,1,466,919,235
255421318,40363,0.2119,0.0088,1.1055,-11.4746,-156.1279,-3.9062,1,465,917,235
255426307,40364,0.0488,0.0273,1.1050,-13.7939,-151.9165,-10.2539,1,465,920,235
255431307,40365,-0.6265,-0.0269,1.2129,-20.4468,-185.3638,-18.4937,1,493,942,235
255436305,40366,-1.0640,-0.0601,1.3643,-18.1274,-249.9389,-18.3105,1,487,931,235
255441306,40367,-1.1572,-0.0723,1.4937,-20.1416,-307.2510,-15.5029,1,464,828,235
255446307,40368,-1.1152,0.0317,1.5947,-28.2593,-352.7221,-19.2871,1,473,876,235
255451324,40369,-0.3638,0.1240,1.4648,-40.8325,-462.9516,-15.8691,1,485,889,235
255456304,40370,0.3828,-0.1650,1.3770,-56.0913,-460.8154,-26.8555,1,474,924,235
255461307,40371,-0.3398,-0.4917,1.8389,-39.3066,-429.0161,-46.5698,1,486,938,235
255466305,40372,-1.5063,-0.4395,2.3457,-16.6626,-528.3203,-44.5557,1,497,909,235
255471303,40373,-1.7144,-0.2739,2.3247,-13.0005,-591.3086,-39.5508,1,493,849,235
255476302,40374,-1.3232,-0.2549,1.9771,-7.2021,-626.2207,-37.7197,1,469,954,235
255481308,40375,-1.0215,-0.2363,1.5605,20.6299,-661.0107,-32.1655,1,481,907,235
255486306,40376,-0.9380,-0.2861,1.2183,32.5928,-689.0869,-36.5601,1,481,925,235
255491303,40377,-0.9746,-0.4072,0.9263,53.9551,-722.4120,-41.1377,1,474,881,235
255496307,40378,-0.8765,-0.5088,0.6006,94.4214,-760.7421,-35.5225,1,478,924,235
255501303,40379,-0.6597,-0.5405,0.2949,121.9482,-777.2216,-34.7290,1,483,910,235
255506309,40380,-0.5283,-0.3047,0.1533,136.4746,-811.7675,-37.1094,1,466,950,235
255511307,40381,0.5205,0.3398,0.8252,113.8916,-891.0522,-33.9355,1,466,938,235
255516325,40382,3.7056,0.0234,2.4404,37.2314,-904.7851,-16.4185,1,466,943,235
255521303,40383,5.5703,-1.2534,4.3706,42.1143,-432.6782,-64.6973,1,466,927,235
255526308,40384,3.4619,-1.3071,5.7715,83.0078,-124.4507,-88.3179,1,492,945,235
255531304,40385,0.7471,-0.4141,5.8975,32.9590,-105.1025,-64.6973,1,471,948,235
255536306,40386,-0.3486,-0.0439,5.0005,-13.0615,-2.3804,-81.3599,1,464,864,235
255541306,40387,-0.4976,-0.3354,3.7642,-20.0806,98.2056,-93.2007,1,481,851,235
255546321,40388,-0.5498,-0.7388,2.5869,7.3242,139.5264,-92.0410,1,476,901,235
255551308,40389,-0.7529,-0.8989,1.5996,19.2871,162.9028,-91.5527,1,478,899,235
255556305,40390,-1.0405,-0.8730,0.8911,30.3345,161.6821,-87.0972,1,476,918,235
255561307,40391,-1.2358,-0.7788,0.4810,46.2646,138.4888,-81.9702,1,492,913,235
255566308,40392,-1.2363,-0.7002,0.3599,51.3916,111.9385,-77.4536,1,492,904,235
255571307,40393,-1.0723,-0.6655,0.4517,56.6406,92.3462,-71.7773,1,465,934,235
255576307,40394,-0.8633,-0.6479,0.6226,58.1665,85.9985,-65.3076,1,476,923,235
255581308,40395,-0.7280,-0.6304,0.7764,53.1006,91.4917,-60.1807,1,465,936,235
255586309,40396,-0.6826,-0.6094,0.8809,46.3257,99.8535,-53.7720,1,474,881,235
255591305,40397,-0.6729,-0.5786,0.9351,37.2925,111.2671,-47.6685,1,479,919,235
255596305,40398,-0.6685,-0.5439,0.9541,24.3530,125.4272,-42.1143,1,466,934,235
255601305,40399,-0.6616,-0.5259,0.9614,9.8877,137.9395,-35.4614,1,466,951,235
255606309,40400,-0.6343,-0.5425,0.9722,-4.7607,149.2310,-27.7100,1,466,919,235
255611309,40401,-0.5903,-0.5889,0.9878,-17.2729,160.8887,-18.7988,1,466,914,235
255616302,40402,-0.5527,-0.6426,1.0020,-26.7944,172.3633,-8.6670,1,466,930,235
255621305,40403,-0.5234,-0.6880,1.0200,-33.5083,181.9458,2.3804,1,465,927,235
255626305,40404,-0.4834,-0.7168,1.0508,-37.2925,190.1855,14.8926,1,491,917,235
255631305,40405,-0.4248,-0.7256,1.0938,-39.7339,199.4629,28.3203,1,465,863,235
255636305,40406,-0.3564,-0.7114,1.1406,-41.1987,209.2895,41.8701,1,483,865,235
255641303,40407,-0.2847,-0.6699,1.1802,-41.5649,219.5434,55.1147,1,478,922,235
255646307,40408,-0.2104,-0.6050,1.2061,-41.6260,229.9194,67.5049,1,497,921,235
255651302,40409,-0.1382,-0.5244,1.2231,-41.2598,239.6240,78.0640,1,486,924,235
255656304,40410,-0.0674,-0.4341,1.2422,-40.5884,247.4365,86.9141,1,492,902,235
255661309,40411,0.0107,-0.3374,1.2666,-40.0391,255.0049,93.7500,1,479,829,235
255666302,40412,0.0947,-0.2363,1.2939,-39.9170,263.1836,98.3887,1,466,917,235
255671304,40413,0.1753,-0.1328,1.3169,-39.7949,271.4233,100.8301,1,466,930,235
255676309,40414,0.2432,-0.0332,1.3281,-39.2456,278.9917,100.8911,1,472,888,235
255681306,40415,0.2959,0.0557,1.3296,-38.5132,285.5835,98.9380,1,475,921,235
255686302,40416,0.3345,0.1328,1.3301,-37.9639,290.8325,95.2759,1,466,908,235
255691302,40417,0.3682,0.1992,1.3335,-38.0249,294.9829,90.1489,1,466,928,235
255696303,40418,0.4028,0.2480,1.3408,-38.5132,298.5229,84.0454,1,465,935,235
255701323,40419,0.4370,0.2778,1.3501,-39.0015,301.4526,77.3926,1,466,934,235
255706309,40420,0.4683,0.2876,1.3579,-39.8560,303.5278,70.6177,1,466,916,235
255711301,40421,0.4941,0.2769,1.3677,-40.7104,305.5420,63.8428,1,466,924,235
255716307,40422,0.5137,0.2510,1.3823,-41.1377,307.2510,57.8003,1,494,935,235
255721301,40423,0.5278,0.2192,1.4019,-41.2598,308.7158,52.6123,1,477,927,235
255726308,40424,0.5400,0.1934,1.4263,-41.2598,309.6924,48.0957,1,490,837,235
255731306,40425,0.5557,0.1689,1.4585,-41.6260,309.6924,44.1894,1,475,902,235
255736305,40426,0.5781,0.1343,1.4990,-41.9922,309.3262,41.1987,1,492,909,235
255741304,40427,0.5991,0.0898,1.5391,-42.0532,309.6924,39.1846,1,486,935,235
255746307,40428,0.6040,0.0498,1.5723,-42.6636,310.9131,38.3301,1,499,884,235
255751302,40429,0.6006,0.0249,1.6040,-43.9453,311.0962,38.6353,1,479,831,235
255756303,40430,0.6118,0.0107,1.6416,-45.8984,310.7910,39.2456,1,474,978,235
255761301,40431,0.6392,-0.0029,1.6841,-47.4853,311.7676,40.0391,1,465,924,235
255766305,40432,0.6670,-0.0190,1.7183,-48.0957,313.4766,40.8936,1,479,914,235
255771304,40433,0.6860,-0.0317,1.7349,-48.0957,315.3076,41.5039,1,465,912,235
255776305,40434,0.6943,-0.0396,1.7334,-47.9736,316.4062,41.6870,1,483,917,235
255781310,40435,0.6943,-0.0425,1.7222,-48.1567,316.3452,41.8091,1,465,974,235
255786302,40436,0.6924,-0.0381,1.7158,-49.0723,315.3687,41.5039,1,466,934,235
255791307,40437,0.6953,-0.0293,1.7271,-50.9644,313.5376,40.7104,1,465,933,235
255796307,40438,0.7070,-0.0176,1.7573,-53.4058,311.8896,39.5508,1,466,930,235
255801308,40439,0.7246,-0.0083,1.7949,-56.1523,311.5234,37.9639,1,492,926,235
255806308,40440,0.7407,-0.0088,1.8281,-59.3872,311.5234,36.0107,1,477,935,235
255811303,40441,0.7583,-0.0200,1.8579,-62.0728,311.4014,34.4238,1,466,866,235
255816306,40442,0.7798,-0.0396,1.8901,-64.5142,310.9131,33.2031,1,473,882,235
255821309,40443,0.8149,-0.0630,1.9287,-67.1387,309.6924,32.5928,1,485,897,235
255826301,40444,0.8677,-0.0879,1.9673,-69.7021,308.8989,32.9590,1,479,894,235
255831301,40445,0.9292,-0.1099,1.9932,-71.7163,309.3872,33.9966,1,491,913,235
255836307,40446,0.9907,-0.1211,1.9961,-73.2422,309.6924,35.8887,1,510,884,235
255841305,40447,1.0547,-0.1201,1.9736,-74.7681,308.8379,38.6353,1,501,835,235
255846303,40448,1.1270,-0.1147,1.9312,-76.4771,306.5186,42.2974,1,466,978,235
255851305,40449,1.2065,-0.1162,1.8721,-76.9653,302.8564,46.4478,1,481,918,235
255856309,40450,1.2876,-0.1270,1.7949,-76.1108,297.4854,51.3306,1,469,925,235
255861304,40451,1.3672,-0.1445,1.7046,-74.1577,290.4053,56.7017,1,477,931,235
255866306,40452,1.4429,-0.1641,1.6094,-70.4346,281.1890,62.8052,1,484,909,235
255871305,40453,1.5171,-0.1782,1.5161,-65.1245,270.0806,69.2139,1,466,923,235
255876305,40454,1.5957,-0.1772,1.4214,-58.6548,257.6904,75.6226,1,466,923,235
255881311,40455,1.6802,-0.1587,1.3174,-51.5747,245.3613,80.9936,1,465,937,235
255886307,40456,1.7646,-0.1206,1.2012,-44.0674,233.2764,84.7168,1,466,945,235
255891307,40457,1.8442,-0.0518,1.0669,-36.7432,220.7031,86.0596,1,493,942,235
255896301,40458,1.9194,0.0664,0.9111,-31.7383,206.6040,84.2895,1,484,930,235
255901305,40459,2.0044,0.2290,0.7412,-31.2500,191.0400,78.9795,1,494,945,235
255906308,40460,2.1011,0.3994,0.5669,-34.6680,174.5605,69.4580,1,488,862,235
255911327,40461,2.1963,0.5420,0.3984,-40.2222,156.6772,56.0913,1,478,911,235
255916305,40462,2.2793,0.6401,0.2485,-46.1426,136.7798,40.2222,1,476,911,235
255921301,40463,2.3516,0.6865,0.1318,-52.1851,114.9292,23.3154,1,490,908,235
255926305,40464,2.4209,0.6665,0.0571,-56.6406,92.0410,7.2021,1,507,919,235
255931309,40465,2.4829,0.5815,0.0181,-57.3120,69.5801,-6.5308,1,492,883,235
255936306,40466,2.5156,0.4546,-0.0098,-52.8564,47.4243,-16.9067,1,483,908,235
255941305,40467,2.5034,0.3105,-0.0400,-43.9453,24.5361,-23.9868,1,474,923,235
255946302,40468,2.4497,0.1685,-0.0630,-30.6396,0.0610,-28.0151,1,465,941,235
255951304,40469,2.3760,0.0483,-0.0615,-14.2822,-25.3906,-29.6020,1,474,917,235
255956306,40470,2.2964,-0.0503,-0.0303,3.1128,-50.9644,-29.6020,1,477,925,235
255961302,40471,2.2246,-0.2710,-0.2329,20.0806,-89.4775,-29.0527,1,484,892,235
255966306,40472,1.9717,-0.6001,-1.0342,51.7578,-211.6699,-5.4932,1,466,941,235
255971302,40473,1.3169,-0.5098,-1.4092,85.9375,-335.6933,15.6250,1,466,921,235
255976312,40474,0.6060,-0.1631,-0.3926,66.8335,-323.1201,-5.7373,1,466,943,235
255981307,40475,-0.0117,-0.1709,1.1655,48.8892,-240.3564,-14.1602,1,466,914,235
255986309,40476,-0.7554,-0.6113,2.2310,30.8838,-239.4409,-0.1221,1,493,941,235
255991304,40477,-1.4170,-1.3618,2.5767,24.6582,-242.3706,13.1836,1,481,921,235
255996307,40478,-1.4434,-1.8760,2.3149,53.6499,-240.7226,37.2925,1,465,948,235
256001303,40479,-0.8154,-1.5938,1.5288,80.6274,-241.4551,55.6641,1,479,944,235
256006321,40480,-0.2090,-0.6714,0.4912,76.1108,-244.9341,64.8193,1,474,873,235
256011304,40481,0.0151,0.2090,-0.3687,51.6968,-260.1318,68.5425,1,492,903,235
256016309,40482,0.0420,0.5972,-0.5879,21.3623,-289.7339,67.3828,1,479,919,235
256021306,40483,0.1484,0.6528,0.0273,0.3662,-317.9321,67.7490,1,487,900,235
256026307,40484,0.3682,0.7417,1.2100,-16.7236,-323.8525,66.9556,1,492,832,235
256031306,40485,0.6631,0.9746,2.3926,-26.5503,-307.8003,62.0728,1,510,853,235
256036308,40486,0.9775,1.2812,3.0464,-21.7895,-271.9727,47.7905,1,470,914,235
256041301,40487,1.1299,1.5483,2.9990,-12.2681,-226.2573,22.5220,1,478,960,235
256046302,40488,0.9985,1.6284,2.5088,-8.7280,-190.3076,-5.5542,1,476,948,235
256051303,40489,0.7207,1.4194,1.9922,-14.3433,-170.1050,-27.8931,1,478,893,235
256056308,40490,0.4751,0.9570,1.6738,-24.9023,-155.3345,-42.0532,1,466,921,235
256061303,40491,0.2773,0.3545,1.5303,-36.9873,-145.3857,-47.7905,1,465,938,235
256066307,40492,-0.0010,-0.5708,1.6294,-45.5322,-139.3433,-44.4336,1,466,936,235
256071306,40493,-0.0376,-1.7192,2.1831,-19.1650,-141.3574,-20.9351,1,466,933,235
256076307,40494,0.4512,-2.2739,2.7705,40.7715,-130.5542,4.1504,1,466,934,235
256081302,40495,0.9556,-2.0303,2.7832,54.4434,-87.8296,22.9492,1,492,919,235
256086304,40496,0.9648,-1.3638,2.2891,68.6035,-48.0957,32.5317,1,477,943,235
256091302,40497,0.5503,-0.4688,1.6421,101.3794,-34.1187,32.5928,1,466,927,235
256096306,40498,0.1157,0.3130,1.2192,101.0742,-29.2358,24.7803,1,481,954,235
256101317,40499,-0.0806,0.6523,1.1787,88.6230,-25.6348,16.0522,1,483,871,235
256106307,40500,-0.0190,0.5312,1.3408,76.5991,-20.8740,10.7422,1,485,903,235
256111302,40501,0.1172,0.1519,1.4502,67.0166,-10.3149,6.5308,1,508,931,235
256116306,40502,0.1523,-0.1812,1.4043,67.0166,-4.3335,6.3477,1,506,880,235
256121304,40503,0.0801,-0.2358,1.2837,69.1528,-4.7607,7.7515,1,493,812,235
256126304,40504,-0.0112,-0.0605,1.2012,66.2842,-5.4932,5.9204,1,481,920,235
256131308,40505,-0.0601,0.1338,1.1816,59.8144,-7.9956,4.0283,1,471,881,235
256136304,40506,-0.0522,0.2197,1.2031,50.5371,-10.9863,2.6245,1,473,905,235
256141309,40507,-0.0229,0.1924,1.2285,41.5649,-11.4746,1.1597,1,467,882,235
256146303,40508,-0.0078,0.1270,1.2222,34.4849,-12.3901,0.8545,1,467,908,235
256151308,40509,-0.0137,0.0918,1.1792,28.6865,-13.1226,0.7324,1,484,891,235
256156301,40510,-0.0259,0.0752,1.1265,23.0103,-13.3057,0.2441,1,466,917,235
256161303,40511,-0.0229,0.0264,1.0928,18.3105,-12.8784,-0.1221,1,465,911,235
256166306,40512,-0.0215,-0.0483,1.0645,16.9067,-12.1460,0.3052,1,466,909,235
256171306,40513,-0.0337,-0.0620,1.0386,17.2119,-11.5967,1.0376,1,466,905,235
256176308,40514,-0.0479,0.0034,1.0415,14.4043,-12.0239,1.3428,1,493,908,235
256181306,40515,-0.0435,0.0586,1.0649,8.9111,-12.3901,1.0376,1,466,914,235
256186303,40516,-0.0278,0.0532,1.0776,4.5166,-11.5356,0.7935,1,493,898,235
256191307,40517,-0.0273,0.0059,1.0640,1.4648,-10.6201,0.1831,1,478,859,235
256196317,40518,-0.0410,-0.0386,1.0415,0.1221,-11.2915,-0.3662,1,486,877,235
256201301,40519,-0.0459,-0.0566,1.0337,-0.8545,-12.5732,-0.9766,1,483,871,235
256206303,40520,-0.0342,-0.0610,1.0415,-1.5259,-13.0005,-1.2817,1,491,895,235
256211302,40521,-0.0244,-0.0664,1.0464,-1.5259,-12.8174,-1.4038,1,504,856,235
256216301,40522,-0.0254,-0.0718,1.0410,-1.2207,-13.2446,-1.3428,1,493,822,235
256221307,40523,-0.0293,-0.0625,1.0342,-0.8545,-13.5498,-1.4648,1,469,955,235
256226308,40524,-0.0293,-0.0459,1.0342,-1.4038,-13.6719,-1.7700,1,474,888,235
256231309,40525,-0.0225,-0.0435,1.0420,-2.0142,-14.1602,-2.0752,1,480,886,235
256236308,40526,-0.0166,-0.0557,1.0449,-1.7090,-14.0381,-2.1362,1,471,873,235
256241303,40527,-0.0176,-0.0723,1.0396,-1.0986,-13.8550,-2.3193,1,477,881,235
256246304,40528,-0.0156,-0.0859,1.0366,0.0000,-13.7939,-2.2583,1,465,881,235
256251306,40529,-0.0049,-0.0884,1.0391,1.3428,-12.9395,-2.3193,1,466,861,235
256256302,40530,0.0054,-0.0801,1.0444,2.3193,-11.7798,-2.3193,1,466,893,235
256261323,40531,0.0107,-0.0693,1.0488,2.9907,-10.6812,-2.3804,1,466,895,235
256266302,40532,0.0132,-0.0610,1.0508,3.5400,-9.5825,-2.3804,1,465,898,235
256271302,40533,0.0137,-0.0552,1.0498,4.0894,-8.2397,-2.5024,1,493,878,235
256276305,40534,0.0073,-0.0474,1.0454,4.3945,-7.2632,-2.5635,1,473,882,235
256281308,40535,-0.0068,-0.0396,1.0371,4.0894,-7.3242,-2.7466,1,492,774,235
256286304,40536,-0.0181,-0.0371,1.0308,3.6011,-7.9346,-2.8076,1,477,862,235
256291308,40537,-0.0161,-0.0425,1.0317,3.4180,-8.3618,-2.8076,1,473,847,235
256296301,40538,-0.0044,-0.0493,1.0356,3.4180,-7.9346,-2.7466,1,488,859,235
256301308,40539,0.0054,-0.0518,1.0376,3.4180,-7.2021,-2.6855,1,474,840,235
256306305,40540,0.0068,-0.0513,1.0342,3.5400,-6.2866,-2.6245,1,501,838,235
256311309,40541,0.0024,-0.0518,1.0278,3.6011,-5.5542,-2.6245,1,494,881,235
256316306,40542,0.0005,-0.0562,1.0254,3.7842,-5.1270,-2.5635,1,474,867,235
256321303,40543,0.0034,-0.0674,1.0249,4.3335,-4.2725,-2.3804,1,465,863,235
256326306,40544,0.0049,-0.0776,1.0229,5.2490,-3.1738,-2.3193,1,474,877,235
256331308,40545,0.0015,-0.0771,1.0205,6.4087,-2.0752,-2.5024,1,479,868,235
256336309,40546,-0.0068,-0.0591,1.0190,7.7515,-1.0376,-2.5635,1,478,855,235
256341303,40547,-0.0059,-0.0552,1.0215,8.0566,-0.9155,-2.7466,1,466,855,235
256346305,40548,-0.0049,-0.0557,1.0254,8.4839,-0.8545,-2.7466,1,466,874,235
256351307,40549,-0.0073,-0.0503,1.0273,8.8501,-0.9155,-2.6245,1,465,874,235
256356314,40550,-0.0127,-0.0405,1.0273,8.6060,-1.2207,-2.5635,1,466,879,235
256361308,40551,-0.0142,-0.0386,1.0273,8.4229,-2.1362,-2.7466,1,465,881,235
256366308,40552,-0.0098,-0.0415,1.0288,8.6060,-2.8687,-2.9297,1,492,886,235
256371301,40553,-0.0015,-0.0420,1.0332,8.5449,-2.7466,-3.1738,1,466,878,235
256376305,40554,0.0073,-0.0400,1.0376,8.3008,-2.2583,-3.1128,1,494,881,235
256381308,40555,0.0103,-0.0361,1.0391,7.9956,-2.0142,-3.2959,1,479,856,235
256386321,40556,0.0068,-0.0347,1.0361,7.3853,-1.9531,-3.1738,1,491,851,235
256391303,40557,0.0020,-0.0391,1.0312,7.0801,-2.0142,-2.8687,1,491,856,235
256396306,40558,-0.0029,-0.0430,1.0264,6.8970,-1.7700,-2.9297,1,498,866,235
256401304,40559,-0.0044,-0.0420,1.0234,6.5308,-1.6479,-3.0518,1,485,789,235
256406307,40560,-0.0029,-0.0415,1.0215,6.0425,-1.5869,-3.2349,1,487,873,235
256411301,40561,-0.0034,-0.0454,1.0161,5.7983,-0.9766,-3.3569,1,499,903,235
256416302,40562,-0.0103,-0.0479,1.0093,5.9204,-0.4883,-3.6011,1,482,875,235
256421302,40563,-0.0195,-0.0435,1.0049,5.6152,-0.1831,-4.0283,1,467,823,235
256426307,40564,-0.0244,-0.0356,1.0068,5.0049,-0.1831,-4.5166,1,479,865,235
256431309,40565,-0.0229,-0.0303,1.0103,4.5166,-0.3662,-4.7607,1,480,864,235
256436307,40566,-0.0205,-0.0317,1.0117,4.0283,-0.1831,-5.1880,1,483,863,235
256441301,40567,-0.0190,-0.0356,1.0137,3.9062,-0.1831,-5.2490,1,466,885,235
256446301,40568,-0.0220,-0.0337,1.0161,3.7231,-0.6104,-5.3101,1,466,886,235
256451310,40569,-0.0278,-0.0293,1.0151,3.3569,-1.3428,-5.0659,1,466,878,235
256456303,40570,-0.0298,-0.0298,1.0137,2.8076,-2.3804,-4.7607,1,466,887,235
256461301,40571,-0.0278,-0.0298,1.0142,2.5635,-3.3569,-4.3945,1,466,879,235
256466307,40572,-0.0308,-0.0254,1.0122,2.3804,-4.2114,-4.1504,1,466,888,235
256471307,40573,-0.0356,-0.0200,1.0103,2.0142,-5.7983,-3.8452,1,484,877,235
256476310,40574,-0.0337,-0.0181,1.0132,1.4038,-7.4463,-3.6011,1,464,816,235
256481305,40575,-0.0303,-0.0171,1.0186,0.9766,-8.6060,-3.4180,1,488,845,235
256486307,40576,-0.0273,-0.0176,1.0225,0.4883,-10.0708,-3.2959,1,485,843,235
256491307,40577,-0.0264,-0.0220,1.0215,0.3052,-11.4136,-3.1738,1,494,862,235
256496310,40578,-0.0293,-0.0259,1.0156,0.4883,-12.7563,-3.2349,1,488,855,235
256501308,40579,-0.0386,-0.0278,1.0078,0.6714,-14.3433,-3.3569,1,495,860,235
256506306,40580,-0.0493,-0.0312,1.0029,0.7935,-16.7236,-3.6621,1,509,870,235
256511307,40581,-0.0557,-0.0332,1.0020,1.2817,-19.4702,-4.0894,1,471,965,235
256516309,40582,-0.0557,-0.0327,1.0034,1.7090,-22.3999,-4.5776,1,475,888,235
256521303,40583,-0.0498,-0.0298,1.0112,1.8921,-25.3296,-5.0659,1,479,901,235
256526308,40584,-0.0356,-0.0269,1.0234,2.1362,-28.3203,-5.4321,1,471,882,235
256531305,40585,-0.0176,-0.0264,1.0322,2.3193,-30.6396,-5.9814,1,484,890,235
256536305,40586,-0.0078,-0.0278,1.0356,2.5635,-32.7148,-6.4087,1,466,904,235
256541306,40587,-0.0059,-0.0283,1.0361,2.5635,-34.8511,-6.7749,1,466,896,235
256546306,40588,-0.0063,-0.0293,1.0366,2.8076,-37.1704,-7.2632,1,466,892,235
256551311,40589,-0.0088,-0.0259,1.0386,2.7466,-39.0015,-7.4463,1,466,893,235
256556309,40590,-0.0117,-0.0239,1.0405,2.1973,-41.6260,-7.2021,1,465,884,235
256561304,40591,-0.0132,-0.0293,1.0405,2.1973,-44.1894,-7.3242,1,493,900,235
256566301,40592,-0.0142,-0.0317,1.0400,2.4414,-46.5088,-7.8735,1,482,903,235
256571303,40593,-0.0200,-0.0278,1.0396,2.3193,-48.7671,-8.4229,1,465,842,235
256576301,40594,-0.0220,-0.0273,1.0381,1.8311,-52.3682,-8.7891,1,483,796,235
256581306,40595,-0.0088,-0.0298,1.0386,1.8311,-55.1758,-9.0332,1,476,863,235
256586308,40596,0.0000,-0.0229,1.0410,1.7700,-56.7627,-9.5215,1,491,863,235
256591304,40597,-0.0132,-0.0117,1.0449,0.8545,-60.4248,-10.4370,1,478,814,235
256596304,40598,-0.0488,-0.0068,1.0508,-0.9766,-66.8335,-11.7187,1,496,875,235
256601305,40599,-0.0874,0.0000,1.0537,-3.1128,-75.8057,-13.1836,1,492,877,235
256606309,40600,-0.1245,0.0122,1.0566,-6.2866,-86.9141,-14.5874,1,473,829,235
256611307,40601,-0.1597,0.0215,1.0620,-10.2539,-100.7080,-16.2964,1,477,916,235
256616308,40602,-0.1831,0.0273,1.0659,-14.2212,-115.6006,-18.3716,1,465,928,235
256621305,40603,-0.2383,0.0371,1.0771,-19.3481,-132.2632,-22.2778,1,472,906,235
256626303,40604,-0.3569,0.0518,1.1089,-25.4517,-155.7007,-26.3062,1,478,918,235
256631306,40605,-0.4946,0.0513,1.1572,-32.3486,-187.1948,-29.2358,1,466,909,235
256636309,40606,-0.5796,0.0508,1.2207,-39.0625,-224.3652,-30.4565,1,466,946,235
256641308,40607,-0.6353,0.0820,1.2900,-48.5229,-264.7095,-33.2031,1,466,933,235
256646303,40608,-0.7197,0.1333,1.3818,-57.7393,-304.1382,-36.3159,1,465,928,235
256651310,40609,-0.8423,0.1870,1.5112,-69.5801,-352.2339,-39.5508,1,465,938,235
256656310,40610,-0.9370,0.1909,1.6445,-86.4868,-404.7241,-45.5322,1,466,925,235
256661306,40611,-0.9380,0.1299,1.7563,-99.4873,-451.9653,-52.7344,1,466,947,235
256666308,40612,-0.8276,0.1021,1.8213,-107.7881,-495.9716,-59.9365,1,494,949,235
256671301,40613,-0.7686,0.1040,1.8638,-123.4741,-529.2358,-66.7725,1,488,948,235
256676308,40614,-0.8604,0.0850,1.8555,-135.1929,-573.4863,-71.4111,1,476,874,235
256681301,40615,-0.8999,0.0244,1.7300,-137.5122,-617.7979,-73.6084,1,480,901,235
256686305,40616,-0.8511,-0.0825,1.4951,-138.9771,-645.4467,-86.5478,1,497,904,235
256691303,40617,-0.7788,-0.1753,1.1938,-134.2773,-678.2226,-100.0366,1,481,938,235
256696305,40618,-0.6670,-0.2979,0.8579,-118.5913,-716.5527,-105.2246,1,489,912,235
256701307,40619,-0.4624,-0.5107,0.5132,-85.0220,-737.1826,-107.8491,1,465,872,235
256706306,40620,-0.2168,-0.7183,0.2432,-39.3677,-740.6616,-108.7036,1,468,976,235
256711307,40621,0.0420,-0.5620,0.2104,1.4648,-754.6386,-105.2856,1,477,928,235
256716307,40622,0.7886,0.1118,0.9048,-0.4883,-788.6352,-93.4448,1,482,932,235
256721304,40623,3.2324,-0.0049,2.5791,-66.0400,-806.8847,-77.0874,1,468,906,235
256726304,40624,5.2471,-1.2861,4.4565,-62.5000,-438.7817,-99.9145,1,484,914,235
256731304,40625,3.7300,-1.5786,5.4326,29.6631,-70.6177,-126.0986,1,466,956,235
256736301,40626,0.8521,-0.7378,5.1299,26.1230,-50.4761,-106.1401,1,466,945,235
256741304,40627,-0.6064,-0.3052,4.0439,7.9346,-4.6387,-107.1777,1,466,937,235
256746304,40628,-0.7563,-0.4243,2.9219,12.5732,71.6553,-102.3559,1,466,910,235
256751308,40629,-0.5630,-0.6318,2.0557,22.3389,118.4082,-85.8154,1,466,946,235
256756310,40630,-0.5767,-0.6592,1.3574,31.4941,148.4985,-77.5757,1,492,945,235
256761307,40631,-0.7974,-0.5635,0.7690,44.9829,152.7100,-68.9697,1,477,938,235
256766307,40632,-1.0024,-0.4546,0.3291,64.2090,140.8081,-63.0493,1,466,932,235
256771308,40633,-1.0767,-0.3794,0.1157,74.9512,121.4600,-58.4106,1,486,862,235
256776303,40634,-0.9824,-0.3301,0.1260,83.8013,98.9990,-52.2461,1,488,872,235
256781309,40635,-0.7812,-0.2729,0.2617,87.0972,90.6982,-46.6309,1,507,903,235
256786304,40636,-0.6274,-0.2031,0.4287,84.9609,96.9849,-44.0674,1,491,939,235
256791301,40637,-0.5771,-0.1357,0.5757,80.5054,104.7974,-42.1143,1,508,936,235
256796307,40638,-0.5640,-0.0952,0.6978,71.9604,113.9526,-40.8936,1,497,902,235
256801301,40639,-0.5254,-0.0903,0.8047,60.2417,126.5869,-39.9170,1,474,934,235
256806308,40640,-0.4551,-0.1030,0.8931,47.4243,142.0898,-37.9639,1,467,920,235
256811308,40641,-0.3828,-0.1187,0.9487,34.1187,159.3628,-35.9497,1,467,925,235
256816303,40642,-0.3320,-0.1333,0.9624,22.4609,176.5747,-33.8745,1,475,882,235
256821305,40643,-0.3022,-0.1548,0.9385,13.3667,192.1997,-31.8603,1,480,926,235
256826303,40644,-0.2759,-0.1963,0.8931,7.1411,205.8105,-28.9917,1,466,923,235
256831301,40645,-0.2451,-0.2422,0.8394,4.5776,217.2241,-25.2686,1,466,923,235
256836308,40646,-0.2124,-0.2690,0.7920,3.3569,226.0132,-20.4468,1,466,931,235
256841305,40647,-0.1689,-0.2729,0.7676,2.3193,232.2998,-14.8315,1,466,926,235
256846321,40648,-0.1045,-0.2573,0.7666,0.9155,237.4267,-9.0942,1,466,935,235
256851303,40649,-0.0283,-0.2285,0.7773,-1.4038,242.7978,-3.2959,1,465,914,235
256856303,40650,0.0415,-0.1938,0.7886,-4.5166,248.5962,2.1973,1,494,915,235
256861301,40651,0.1006,-0.1606,0.8003,-8.6670,253.7231,7.3242,1,492,910,235
256866305,40652,0.1577,-0.1348,0.8159,-13.1226,257.8125,12.5122,1,466,829,235
256871306,40653,0.2100,-0.1230,0.8394,-16.9678,261.8408,17.5171,1,486,942,235
256876303,40654,0.2441,-0.1221,0.8765,-18.9209,264.5874,22.6440,1,487,898,235
256881305,40655,0.2749,-0.1221,0.9321,-19.4092,264.8315,27.6489,1,480,900,235
256886307,40656,0.3320,-0.1216,1.0063,-19.2871,265.3809,32.7148,1,483,903,235
256891304,40657,0.4038,-0.1206,1.0884,-18.5547,269.1040,37.9639,1,493,893,235
256896303,40658,0.4521,-0.1118,1.1562,-17.0898,274.1089,42.6636,1,492,831,235
256901305,40659,0.4741,-0.0850,1.2041,-15.6860,277.7710,46.9971,1,482,923,235
256906303,40660,0.5073,-0.0312,1.2412,-15.4419,280.9448,50.5371,1,465,923,235
256911307,40661,0.5742,0.0376,1.2778,-16.3574,284.7290,52.3071,1,472,954,235
256916303,40662,0.6621,0.0903,1.3071,-17.2729,289.1846,52.5513,1,474,924,235
256921310,40663,0.7461,0.1084,1.3154,-17.3950,292.8467,51.5137,1,482,930,235
256926308,40664,0.8066,0.0894,1.2998,-16.6016,295.0439,50.4150,1,483,909,235
256931301,40665,0.8403,0.0444,1.2666,-14.7705,295.3491,49.9878,1,466,922,235
256936302,40666,0.8550,-0.0127,1.2354,-12.2070,293.3960,50.5981,1,465,943,235
256941301,40667,0.8667,-0.0791,1.2271,-9.4604,289.6118,51.9409,1,466,934,235
256946305,40668,0.8955,-0.1528,1.2510,-6.4697,285.4614,54.3213,1,466,920,235
256951308,40669,0.9370,-0.2363,1.2964,-3.5400,282.3486,58.0444,1,466,927,235
256956305,40670,0.9722,-0.3257,1.3447,-0.7935,280.2124,62.9883,1,466,925,235
256961304,40671,0.9941,-0.4131,1.3877,1.2817,278.1372,69.3970,1,466,917,235
256966304,40672,1.0083,-0.4922,1.4238,2.9297,276.3062,76.7212,1,494,914,235
256971305,40673,1.0190,-0.5537,1.4526,4.1504,274.5361,84.5947,1,485,840,235
256976315,40674,1.0298,-0.5938,1.4673,4.0894,273.1934,92.9565,1,490,822,235
256981309,40675,1.0366,-0.6030,1.4590,2.9297,272.6440,101.5625,1,492,900,235
256986309,40676,1.0244,-0.5669,1.4238,-0.1831,271.9116,109.4360,1,489,893,235
256991309,40677,0.9907,-0.4912,1.3784,-5.8594,268.8599,115.4175,1,502,921,235
256996307,40678,0.9585,-0.3994,1.3589,-13.1836,262.2681,119.5679,1,487,887,235
257001307,40679,0.9619,-0.3071,1.3926,-21.3623,254.2724,121.7041,1,501,853,235
257006310,40680,1.0186,-0.2280,1.4756,-29.3579,247.0093,122.0093,1,481,977,235
257011305,40681,1.1152,-0.1704,1.5708,-35.5835,242.3706,120.6665,1,482,931,235
257016308,40682,1.2100,-0.1270,1.6309,-39.1235,241.1499,117.9199,1,470,932,235
257021308,40683,1.2783,-0.0840,1.6357,-41.4429,241.3940,114.1357,1,474,943,235
257026302,40684,1.3247,-0.0415,1.5908,-43.0908,240.6616,109.9243,1,483,937,235
257031301,40685,1.3564,-0.0127,1.5103,-43.7622,237.7319,105.5908,1,466,951,235
257036305,40686,1.3809,0.0005,1.4097,-42.4194,232.4829,101.5625,1,466,951,235
257041307,40687,1.4038,0.0093,1.3003,-39.7339,225.1587,98.2056,1,466,934,235
257046310,40688,1.4209,0.0186,1.1875,-36.4990,216.2475,95.2148,1,466,926,235
257051310,40689,1.4175,0.0298,1.0811,-32.7759,205.6885,92.2851,1,466,938,235
257056306,40690,1.3989,0.0449,1.0020,-29.6631,192.2607,89.3555,1,492,931,235
257061303,40691,1.3921,0.0586,0.9673,-27.7710,178.2226,86.4258,1,475,940,235
257066309,40692,1.3989,0.0605,0.9702,-26.7334,166.5039,83.6792,1,466,935,235
257071308,40693,1.3940,0.0435,0.9805,-25.5127,156.7993,80.8105,1,483,938,235
257076307,40694,1.3677,0.0117,0.9727,-23.1323,147.2168,77.6367,1,476,912,235
257081308,40695,1.3398,-0.0229,0.9414,-20.3247,137.5122,74.2188,1,502,901,235
257086308,40696,1.3145,-0.0449,0.8872,-17.2119,128.5400,70.3125,1,491,944,235
257091302,40697,1.2827,-0.0430,0.8198,-15.4419,118.9575,65.4907,1,505,892,235
257096305,40698,1.2603,-0.0195,0.7583,-15.9912,108.0322,60.1196,1,502,902,235
257101306,40699,1.2578,0.0063,0.7124,-18.5547,97.4731,54.2603,1,482,942,235
257106303,40700,1.2632,0.0195,0.6758,-22.5220,87.5244,47.6685,1,470,920,235
257111303,40701,1.2598,0.0186,0.6392,-26.9165,77.1484,41.3818,1,483,937,235
257116306,40702,1.2461,0.0098,0.5967,-31.3110,66.8335,35.8276,1,471,932,235
257121306,40703,1.2197,0.0024,0.5493,-35.0342,56.5796,30.7617,1,483,902,235
257126303,40704,1.1797,0.0010,0.5059,-38.0859,45.2270,26.4282,1,466,930,235
257131307,40705,1.1382,0.0005,0.4775,-40.6494,33.4473,23.0103,1,466,922,235
257136301,40706,1.1104,-0.0107,0.4639,-42.2363,22.0337,20.8130,1,465,919,235
257141314,40707,1.1353,-0.0806,0.3579,-41.6260,5.9204,19.8364,1,466,932,235
257146304,40708,1.1777,-0.1992,0.0171,-33.5083,-34.7290,24.4141,1,466,913,235
257151305,40709,1.1714,-0.1987,-0.3242,-19.7754,-94.9097,33.0811,1,466,925,235
257156304,40710,1.2300,-0.0171,-0.3076,-11.9629,-132.2021,33.7524,1,466,923,235
257161306,40711,1.3857,0.1826,-0.0469,-10.9863,-142.3950,27.8931,1,494,933,235
257166305,40712,1.3623,0.2388,0.1973,-14.7095,-152.5269,21.6064,1,480,861,235
257171301,40713,0.9409,0.1416,0.5098,-18.6157,-156.6162,18.3716,1,472,833,235
257176304,40714,0.4507,0.0088,1.0186,-17.8833,-149.7192,21.8506,1,473,897,235
257181301,40715,0.1528,-0.0146,1.5308,-17.5781,-133.7891,25.4517,1,489,892,235
257186306,40716,-0.1812,0.0479,1.8374,-29.7852,-115.6616,24.2920,1,504,921,235
257191308,40717,-0.5591,0.0464,1.8989,-40.9546,-104.7974,24.1699,1,487,905,235
257196308,40718,-0.7041,-0.0137,1.7178,-39.3677,-101.0742,23.3765,1,508,853,235
257201303,40719,-0.5327,-0.0269,1.3413,-29.3579,-102.5391,19.2871,1,467,920,235
257206309,40720,-0.2915,0.0933,0.9087,-17.1509,-106.3843,12.9395,1,477,930,235
257211307,40721,-0.1641,0.3354,0.5908,-10.9253,-113.7085,4.4556,1,483,926,235
257216301,40722,-0.1084,0.5601,0.4995,-13.2446,-125.4883,-5.7373,1,467,903,235
257221309,40723,-0.0479,0.6313,0.6738,-21.3623,-136.7188,-14.5874,1,483,910,235
257226303,40724,0.0557,0.5425,1.0439,-28.5645,-139.5874,-20.5078,1,466,982,235
257231308,40725,0.1655,0.3853,1.4336,-34.6069,-131.5918,-25.0244,1,466,939,235
257236308,40726,0.2227,0.2178,1.6729,-39.4287,-119.4458,-28.9917,1,466,933,235
257241331,40727,0.2227,0.0527,1.6934,-40.7104,-106.5674,-31.9214,1,466,939,235
257246302,40728,0.1729,-0.1274,1.5469,-40.0391,-94.8486,-33.5693,1,466,940,235
257251302,40729,0.0381,-0.4707,1.4639,-35.6445,-85.5713,-30.8838,1,493,925,235
257256303,40730,0.0054,-0.9272,1.6631,-5.9814,-83.5571,-20.5688,1,481,928,235
257261308,40731,0.2476,-1.1841,1.9580,27.2217,-69.5190,-10.8643,1,466,844,235
257266302,40732,0.4907,-1.2100,2.0098,28.5034,-40.4663,-0.3662,1,478,826,235
257271307,40733,0.4648,-1.1104,1.7310,34.1187,-21.3623,11.8408,1,474,892,235
257276309,40734,0.2305,-0.8354,1.2725,55.1758,-14.2212,17.0898,1,506,905,235
257281304,40735,-0.0229,-0.4351,0.9058,68.1763,-14.0381,16.1133,1,486,903,235
257286307,40736,-0.1738,-0.0928,0.8188,72.2046,-19.5312,14.5874,1,506,874,235
257291305,40737,-0.1738,0.0972,0.9790,71.1670,-25.8179,12.7563,1,506,921,235
257296305,40738,0.0908,0.1953,1.3740,62.2559,-21.0571,7.2021,1,468,971,235
257301307,40739,0.1582,0.1821,1.3975,54.7485,-12.7563,4.5776,1,477,910,235
257306305,40740,0.1235,0.1416,1.3135,47.6074,-6.4087,3.2349,1,480,931,235
257311308,40741,0.0220,0.0942,1.1821,41.8091,-4.2725,2.5024,1,469,888,235
257316306,40742,-0.0669,0.0591,1.0728,36.8652,-7.0190,1.8921,1,483,879,235
257321307,40743,-0.0894,0.0293,1.0381,33.4473,-10.3760,1.2817,1,466,885,235
257326310,40744,-0.0640,-0.0063,1.0669,30.5176,-11.7187,0.7324,1,466,905,235
257331304,40745,-0.0386,-0.0259,1.0957,28.6255,-13.1226,0.9155,1,466,913,235
257336311,40746,-0.0337,0.0068,1.1011,26.7334,-14.7705,0.7324,1,466,918,235
257341306,40747,-0.0366,0.0425,1.0962,22.7661,-16.4795,-0.0610,1,466,913,235
257346310,40748,-0.0322,0.0259,1.0815,19.9585,-17.7002,-0.4883,1,493,909,235
257351307,40749,-0.0146,-0.0273,1.0718,19.0430,-17.2119,-0.7324,1,466,898,235
257356308,40750,0.0103,-0.0723,1.0806,19.4092,-15.1367,-1.0376,1,494,905,235
257361305,40751,0.0249,-0.0757,1.0942,20.2026,-12.2681,-1.0986,1,483,797,235
257366307,40752,0.0269,-0.0420,1.1025,19.5312,-10.1318,-1.2207,1,477,887,235
257371306,40753,0.0249,-0.0044,1.1060,17.8223,-8.1177,-1.4648,1,490,916,235
257376301,40754,0.0205,0.0103,1.1035,15.6860,-6.3477,-1.4648,1,484,850,235
257381301,40755,0.0103,0.0029,1.0889,13.9160,-5.4321,-1.2817,1,490,861,235
257386305,40756,-0.0039,-0.0098,1.0703,12.6343,-4.8828,-1.2207,1,500,866,235
257391308,40757,-0.0142,-0.0186,1.0562,11.4136,-4.8218,-1.0986,1,510,855,235
257396303,40758,-0.0200,-0.0225,1.0474,10.6201,-4.8218,-0.6104,1,467,894,235
257401303,40759,-0.0210,-0.0186,1.0430,9.5215,-5.0659,-0.1831,1,482,843,235
257406308,40760,-0.0220,-0.0107,1.0386,8.3008,-5.0049,0.1221,1,469,862,235
257411307,40761,-0.0288,-0.0059,1.0332,6.8970,-5.3711,0.3662,1,484,849,235
257416308,40762,-0.0352,-0.0024,1.0259,5.3711,-6.2256,0.3662,1,466,877,235
257421306,40763,-0.0430,0.0024,1.0127,3.9062,-6.8359,0.4883,1,466,876,235
257426301,40764,-0.0576,0.0005,0.9985,1.9531,-8.3618,0.3052,1,466,878,235
257431308,40765,-0.0654,-0.0107,0.9917,0.7935,-11.1084,0.3662,1,466,875,235
257436302,40766,-0.0576,-0.0229,0.9956,0.1221,-12.8784,0.3662,1,465,895,235
257441301,40767,-0.0425,-0.0386,1.0039,-0.3052,-13.7939,0.1221,1,492,902,235
257446305,40768,-0.0352,-0.0571,1.0083,0.3662,-14.1602,-0.1221,1,470,891,235
257451307,40769,-0.0312,-0.0688,1.0117,1.4038,-14.8926,-0.3662,1,490,893,235
257456309,40770,-0.0234,-0.0674,1.0166,2.8076,-15.2588,-0.7324,1,466,870,235
257461322,40771,-0.0244,-0.0518,1.0186,3.6011,-15.3809,-1.3428,1,490,894,235
257466308,40772,-0.0288,-0.0327,1.0225,3.3569,-16.7847,-1.5259,1,488,863,235
257471301,40773,-0.0161,-0.0259,1.0337,2.9297,-17.8833,-1.6479,1,492,868,235
257476304,40774,-0.0010,-0.0278,1.0449,2.9297,-17.0898,-2.0142,1,510,884,235
257481309,40775,0.0010,-0.0264,1.0513,2.6855,-17.0898,-1.9531,1,489,854,235
257486305,40776,0.0054,-0.0210,1.0562,2.0142,-17.2729,-1.8311,1,498,898,235
257491310,40777,0.0176,-0.0229,1.0586,1.1597,-16.4795,-1.7700,1,482,868,235
257496309,40778,0.0269,-0.0308,1.0576,0.8545,-15.1978,-1.4038,1,465,878,235
257501303,40779,0.0269,-0.0288,1.0542,0.8545,-14.0381,-1.0986,1,472,891,235
257506307,40780,0.0249,-0.0254,1.0527,0.3052,-12.9395,-0.9766,1,482,874,235
257511304,40781,0.0200,-0.0303,1.0483,0.3662,-11.7187,-0.9155,1,483,876,235
257516305,40782,0.0103,-0.0376,1.0425,0.8545,-11.1084,-0.8545,1,466,899,235
257521309,40783,0.0049,-0.0405,1.0396,1.1597,-11.0474,-0.8545,1,466,889,235
257526304,40784,0.0068,-0.0435,1.0386,1.7700,-11.1694,-1.0986,1,466,888,235
257531304,40785,0.0112,-0.0439,1.0376,2.4414,-10.8032,-1.1597,1,466,895,235
257536310,40786,0.0083,-0.0410,1.0332,2.9297,-10.6812,-1.2817,1,466,902,235
257541301,40787,0.0015,-0.0386,1.0278,3.3569,-11.2305,-1.2817,1,492,899,235
257546302,40788,0.0005,-0.0356,1.0264,3.6621,-11.7187,-1.2817,1,479,898,235
257551303,40789,0.0098,-0.0337,1.0303,3.7231,-11.8408,-1.3428,1,494,897,235
257556310,40790,0.0195,-0.0327,1.0356,4.2114,-11.2915,-1.3428,1,473,827,235
257561302,40791,0.0229,-0.0312,1.0386,4.2725,-10.9863,-1.4038,1,480,890,235
257566309,40792,0.0215,-0.0278,1.0371,4.0283,-10.3760,-1.2817,1,499,897,235
257571302,40793,0.0176,-0.0244,1.0322,3.7842,-10.1929,-0.9766,1,482,894,235
257576306,40794,0.0176,-0.0239,1.0288,3.1738,-10.1929,-0.9155,1,501,856,235
257581306,40795,0.0215,-0.0264,1.0298,2.9907,-9.8267,-0.8545,1,492,871,235
257586305,40796,0.0229,-0.0278,1.0322,2.6245,-9.2773,-0.7935,1,496,837,235
257591309,40797,0.0225,-0.0225,1.0337,2.2583,-8.6670,-0.5493,1,476,879,235
257596304,40798,0.0244,-0.0190,1.0347,1.4648,-8.3618,-0.4883,1,478,881,235
257601303,40799,0.0317,-0.0234,1.0376,1.0376,-7.6294,-0.4883,1,469,866,235
257606304,40800,0.0396,-0.0283,1.0400,0.6714,-6.4087,-0.4272,1,472,858,235
257611307,40801,0.0396,-0.0293,1.0366,0.3052,-4.9438,-0.5493,1,483,859,235
257616301,40802,0.0337,-0.0312,1.0317,0.0000,-3.9062,-0.4883,1,466,880,235
257621302,40803,0.0303,-0.0337,1.0293,-0.1221,-2.8076,-0.4883,1,466,859,235
257626308,40804,0.0293,-0.0356,1.0298,-0.3662,-1.8311,-0.6714,1,466,873,235
257631317,40805,0.0288,-0.0347,1.0303,-0.6104,-0.9155,-0.7935,1,466,877,235
257636304,40806,0.0283,-0.0308,1.0293,-0.7935,-0.1221,-0.9155,1,465,874,235
257641305,40807,0.0278,-0.0293,1.0283,-1.0376,0.7935,-1.0986,1,493,874,235
257646305,40808,0.0244,-0.0283,1.0264,-1.1597,1.5259,-1.2207,1,482,879,235
257651301,40809,0.0186,-0.0269,1.0244,-1.3428,1.8311,-1.2207,1,464,778,235
257656304,40810,0.0146,-0.0269,1.0239,-1.5259,1.8311,-1.3428,1,481,858,235
257661309,40811,0.0146,-0.0273,1.0249,-1.5259,1.7700,-1.4038,1,492,851,235
257666309,40812,0.0190,-0.0303,1.0249,-1.4648,2.2583,-1.4038,1,499,854,235
257671303,40813,0.0215,-0.0352,1.0225,-1.2817,2.7466,-1.4648,1,486,854,235
257676302,40814,0.0186,-0.0386,1.0200,-1.0376,2.9907,-1.4038,1,502,842,235
257681308,40815,0.0142,-0.0400,1.0166,-0.6714,3.2349,-1.5259,1,497,873,235
257686307,40816,0.0112,-0.0410,1.0146,0.0000,3.1738,-1.5259,1,501,837,235
257691304,40817,0.0103,-0.0410,1.0151,0.4883,3.2959,-1.7090,1,482,836,235
257696303,40818,0.0103,-0.0400,1.0181,0.8545,3.3569,-1.7090,1,470,873,235
257701301,40819,0.0098,-0.0371,1.0210,1.2817,3.3569,-1.5869,1,479,853,235
257706305,40820,0.0088,-0.0327,1.0234,1.4648,2.9907,-1.7090,1,480,863,235
257711301,40821,0.0122,-0.0298,1.0264,1.5869,2.6855,-1.6479,1,484,862,235
257716305,40822,0.0161,-0.0264,1.0283,1.5259,2.7466,-1.5869,1,466,887,235
257721306,40823,0.0166,-0.0254,1.0303,1.4038,2.7466,-1.6479,1,466,885,235
257726304,40824,0.0142,-0.0264,1.0308,1.2817,2.5635,-1.6479,1,466,880,235
257731307,40825,0.0112,-0.0273,1.0288,1.2207,2.3804,-1.5869,1,466,880,235
257736306,40826,0.0088,-0.0278,1.0259,1.1597,1.7700,-1.6479,1,466,884,235
257741308,40827,0.0039,-0.0273,1.0234,1.1597,1.4038,-1.7090,1,492,876,235
257746310,40828,0.0005,-0.0288,1.0229,1.1597,0.5493,-1.7700,1,468,876,235
257751305,40829,0.0044,-0.0298,1.0249,1.0986,-0.1221,-1.8311,1,494,873,235
257756309,40830,0.0103,-0.0293,1.0278,1.1597,-0.5493,-1.8921,1,464,822,235
257761317,40831,0.0122,-0.0269,1.0293,1.0986,-0.7935,-1.8921,1,482,848,235
257766305,40832,0.0142,-0.0244,1.0293,1.0376,-1.2817,-1.7700,1,485,847,235
257771303,40833,0.0181,-0.0259,1.0293,0.8545,-1.4648,-1.6479,1,508,848,235
257776304,40834,0.0215,-0.0273,1.0288,0.8545,-1.5259,-1.5259,1,497,838,235
257781306,40835,0.0205,-0.0264,1.0283,0.9766,-1.1597,-1.5259,1,480,875,235
257786304,40836,0.0200,-0.0239,1.0288,0.7935,-1.1597,-1.2817,1,494,903,235
257791301,40837,0.0225,-0.0225,1.0293,0.6714,-0.8545,-1.0986,1,472,868,235
257796309,40838,0.0249,-0.0225,1.0303,0.5493,-0.2441,-0.9155,1,482,861,235
257801308,40839,0.0244,-0.0234,1.0308,0.5493,0.0000,-0.6104,1,481,878,235
257806309,40840,0.0225,-0.0254,1.0298,0.4272,0.4883,-0.3662,1,466,809,235
257811309,40841,0.0200,-0.0278,1.0269,0.1221,0.9155,-0.3052,1,484,857,235
257816303,40842,0.0161,-0.0308,1.0225,0.0610,1.0376,-0.1831,1,465,871,235
257821309,40843,0.0117,-0.0303,1.0200,0.0610,1.0376,0.0000,1,466,874,235
257826310,40844,0.0093,-0.0273,1.0210,0.0000,1.0986,0.0000,1,465,823,235
257831307,40845,0.0068,-0.0264,1.0220,-0.1221,1.1597,0.0000,1,466,779,235
257836323,40846,0.0044,-0.0278,1.0210,-0.4883,0.6714,0.0610,1,466,822,235
257841306,40847,0.0044,-0.0298,1.0200,-0.7935,0.3052,0.2441,1,466,866,235
257846301,40848,0.0063,-0.0317,1.0200,-0.9766,0.2441,0.0610,1,494,867,235
257851308,40849,0.0088,-0.0298,1.0195,-0.9155,0.1221,-0.0610,1,494,870,235
257856302,40850,0.0112,-0.0283,1.0190,-1.0376,0.0610,-0.1831,1,493,793,235
257861308,40851,0.0156,-0.0288,1.0210,-1.1597,0.1221,-0.3052,1,488,872,235
257866307,40852,0.0190,-0.0278,1.0234,-1.2817,0.3052,-0.2441,1,471,843,235
257871307,40853,0.0205,-0.0293,1.0259,-1.6479,0.4883,0.0000,1,504,853,235
257876306,40854,0.0200,-0.0322,1.0278,-1.8311,0.7324,0.2441,1,491,745,235
257881304,40855,0.0166,-0.0337,1.0278,-1.7700,0.9155,0.1221,1,506,840,235
257886307,40856,0.0142,-0.0337,1.0259,-1.7090,0.7935,0.0610,1,486,889,235
257891306,40857,0.0132,-0.0327,1.0229,-1.3428,0.7935,0.1831,1,506,831,235
257896306,40858,0.0132,-0.0317,1.0229,-1.4648,0.8545,0.1831,1,466,878,235
257901308,40859,0.0127,-0.0327,1.0249,-1.5869,0.7935,0.3052,1,469,837,235
257906308,40860,0.0127,-0.0337,1.0254,-1.5869,0.7324,0.3662,1,474,859,235
257911303,40861,0.0112,-0.0347,1.0225,-1.4648,0.7935,0.2441,1,476,862,235
257916305,40862,0.0078,-0.0342,1.0195,-1.2817,0.5493,0.1831,1,466,863,235
257921303,40863,0.0054,-0.0327,1.0176,-1.2207,0.0610,0.1221,1,466,881,235
257926308,40864,0.0049,-0.0322,1.0186,-0.9155,-0.1831,0.1221,1,466,870,235
257931310,40865,0.0068,-0.0322,1.0210,-0.7935,-0.4883,0.0610,1,466,874,235
257936307,40866,0.0098,-0.0342,1.0229,-0.6714,-0.7324,-0.0610,1,466,869,235
257941301,40867,0.0127,-0.0347,1.0229,-0.6104,-0.7935,-0.0610,1,466,872,235
257946303,40868,0.0142,-0.0342,1.0225,-0.4883,-0.7935,-0.1221,1,493,872,235
257951306,40869,0.0132,-0.0332,1.0225,-0.2441,-0.9155,-0.1221,1,477,868,235
257956301,40870,0.0107,-0.0312,1.0225,-0.0610,-1.1597,-0.1831,1,494,877,235
257961301,40871,0.0088,-0.0298,1.0225,0.0000,-1.2817,-0.1221,1,476,798,235
257966309,40872,0.0117,-0.0298,1.0239,-0.0610,-1.6479,-0.1221,1,488,797,235
257971301,40873,0.0176,-0.0298,1.0269,-0.0610,-1.7090,0.0000,1,492,848,235
257976309,40874,0.0210,-0.0288,1.0293,-0.1221,-1.5259,0.1831,1,491,738,235
257981308,40875,0.0215,-0.0273,1.0293,-0.1831,-1.2817,0.2441,1,496,834,235
257986303,40876,0.0205,-0.0264,1.0278,-0.3662,-1.1597,0.3052,1,473,894,235
257991302,40877,0.0205,-0.0264,1.0278,-0.3662,-0.9766,0.3662,1,505,837,235
257996304,40878,0.0220,-0.0264,1.0283,-0.4883,-0.7935,0.4883,1,466,867,235
258001308,40879,0.0229,-0.0254,1.0288,-0.5493,-0.4883,0.7324,1,469,874,235
258006310,40880,0.0239,-0.0249,1.0303,-0.8545,-0.1831,0.7935,1,474,863,235
258011305,40881,0.0239,-0.0269,1.0312,-0.9155,0.0000,0.8545,1,476,858,235
258016309,40882,0.0234,-0.0298,1.0298,-1.0986,0.3662,0.9155,1,465,842,235
258021307,40883,0.0229,-0.0312,1.0278,-1.1597,0.7935,0.9155,1,466,879,235
258026308,40884,0.0225,-0.0317,1.0264,-1.2817,1.2817,0.9766,1,465,907,235
258031301,40885,0.0190,-0.0327,1.0239,-1.2207,1.4648,0.9155,1,466,881,235
258036333,40886,0.0132,-0.0342,1.0205,-1.2207,1.5869,0.7935,1,466,886,235
258041307,40887,0.0098,-0.0332,1.0200,-1.0986,1.5259,0.7935,1,466,878,235
258046302,40888,0.0122,-0.0312,1.0229,-1.1597,1.4648,0.7324,1,466,872,235
258051308,40889,0.0171,-0.0322,1.0264,-1.2207,1.7090,0.4883,1,494,911,235
258056301,40890,0.0186,-0.0347,1.0259,-1.2817,2.0752,0.4883,1,493,798,235
258061323,40891,0.0161,-0.0361,1.0229,-1.2207,2.3193,0.5493,1,483,847,235
258066305,40892,0.0146,-0.0356,1.0215,-1.0986,2.5635,0.4883,1,475,859,235
258071306,40893,0.0161,-0.0337,1.0239,-1.2207,2.9297,0.4272,1,484,872,235
258076302,40894,0.0190,-0.0317,1.0273,-1.4038,3.2349,0.3662,1,496,844,235
258081304,40895,0.0205,-0.0293,1.0298,-1.5259,3.7231,0.2441,1,487,883,235
258086305,40896,0.0210,-0.0259,1.0317,-1.7700,4.2114,0.3052,1,466,841,235
258091309,40897,0.0210,-0.0249,1.0327,-2.1973,4.6387,0.3662,1,472,872,235
258096302,40898,0.0210,-0.0278,1.0337,-2.5024,5.0659,0.3662,1,478,873,235
258101308,40899,0.0190,-0.0308,1.0322,-2.8076,5.6763,0.4883,1,473,862,235
258106301,40900,0.0146,-0.0303,1.0293,-3.1738,5.8594,0.6104,1,466,861,235
258111301,40901,0.0098,-0.0273,1.0264,-3.4790,5.6763,0.6104,1,483,859,235
258116303,40902,0.0063,-0.0269,1.0234,-3.7231,5.5542,0.7324,1,466,875,235
258121304,40903,0.0073,-0.0298,1.0229,-4.0283,5.3711,0.7935,1,466,884,235
258126305,40904,0.0107,-0.0347,1.0244,-3.9673,5.3101,0.6104,1,466,877,235
258131306,40905,0.0122,-0.0391,1.0244,-3.9062,5.6152,0.5493,1,466,876,235
258136310,40906,0.0098,-0.0420,1.0225,-3.7842,5.4321,0.5493,1,466,885,235
258141309,40907,0.0063,-0.0425,1.0195,-3.6621,5.3101,0.4272,1,492,878,235
258146307,40908,0.0034,-0.0425,1.0166,-3.3569,5.4932,0.3052,1,469,877,235
258151305,40909,0.0005,-0.0425,1.0146,-2.9907,5.1270,-0.0610,1,493,876,235
258156308,40910,-0.0020,-0.0405,1.0142,-2.8076,4.7607,-0.1221,1,481,866,235
258161305,40911,0.0015,-0.0396,1.0181,-2.6245,4.5166,-0.1221,1,488,844,235
258166303,40912,0.0059,-0.0405,1.0210,-2.4414,4.5776,-0.2441,1,506,843,235
258171309,40913,0.0054,-0.0420,1.0176,-2.2583,4.5776,-0.3662,1,499,838,235
258176302,40914,-0.0005,-0.0459,1.0127,-1.8921,4.3335,-0.4272,1,506,793,235
258181302,40915,-0.0044,-0.0493,1.0112,-1.4038,3.9673,-0.4272,1,497,829,235
258186305,40916,-0.0015,-0.0469,1.0161,-1.0376,3.6621,-0.5493,1,478,869,235
258191301,40917,0.0049,-0.0410,1.0234,-1.0376,3.4790,-0.4883,1,483,864,235
258196309,40918,0.0078,-0.0376,1.0283,-1.0986,3.4790,-0.4883,1,472,856,235
258201307,40919,0.0083,-0.0376,1.0288,-1.1597,3.4790,-0.5493,1,471,861,235
258206303,40920,0.0073,-0.0391,1.0273,-1.0986,3.6011,-0.3052,1,484,862,235
258211306,40921,0.0068,-0.0415,1.0254,-1.0986,3.6011,-0.3052,1,466,870,235
258216304,40922,0.0063,-0.0435,1.0239,-0.8545,3.7231,-0.3662,1,466,871,235
258221306,40923,0.0063,-0.0435,1.0244,-0.6714,4.0283,-0.3052,1,466,882,235
258226308,40924,0.0078,-0.0425,1.0254,-0.6104,4.2725,-0.3052,1,466,875,235
258231327,40925,0.0044,-0.0415,1.0205,-0.3052,4.7607,-0.1831,1,466,869,235
258236307,40926,-0.0020,-0.0430,1.0166,-0.2441,4.9438,-0.1831,1,465,875,235
258241304,40927,-0.0039,-0.0439,1.0161,0.0000,4.6387,-0.1221,1,493,881,235
258246303,40928,-0.0010,-0.0439,1.0190,0.0610,4.6387,-0.3052,1,494,755,235
258251308,40929,-0.0005,-0.0425,1.0210,0.1831,4.6387,-0.1831,1,464,792,235
258256316,40930,-0.0034,-0.0410,1.0195,0.3052,4.4556,-0.2441,1,492,850,235
258261303,40931,-0.0039,-0.0410,1.0195,0.2441,3.9673,-0.3662,1,488,847,235
258266304,40932,-0.0005,-0.0415,1.0220,0.2441,3.8452,-0.4272,1,510,852,235
258271305,40933,0.0015,-0.0415,1.0234,0.3052,4.1504,-0.4272,1,499,836,235
258276305,40934,0.0005,-0.0405,1.0244,0.3052,4.2725,-0.4272,1,489,868,235
258281305,40935,-0.0029,-0.0400,1.0220,0.3662,4.3335,-0.4883,1,499,830,235
258286303,40936,-0.0083,-0.0400,1.0171,0.2441,4.0894,-0.4272,1,477,860,235
258291303,40937,-0.0112,-0.0391,1.0156,0.1831,3.9062,-0.3052,1,465,870,235
258296304,40938,-0.0107,-0.0366,1.0176,0.1221,3.6011,-0.3052,1,473,858,235
258301304,40939,-0.0112,-0.0366,1.0171,-0.2441,3.1738,-0.2441,1,479,850,235
258306301,40940,-0.0127,-0.0391,1.0151,-0.3662,2.8076,-0.2441,1,483,867,235
258311304,40941,-0.0127,-0.0400,1.0156,-0.4883,2.5024,-0.1831,1,465,880,235
258316306,40942,-0.0083,-0.0391,1.0205,-0.5493,2.3804,-0.2441,1,466,879,235
258321305,40943,-0.0034,-0.0376,1.0254,-0.6714,2.4414,-0.0610,1,465,877,235
258326305,40944,-0.0034,-0.0376,1.0259,-0.7324,2.3804,0.0000,1,465,877,235
258331321,40945,-0.0054,-0.0391,1.0234,-0.6714,2.4414,-0.1831,1,466,828,235
258336308,40946,-0.0054,-0.0400,1.0225,-0.7935,2.5635,-0.1221,1,466,874,235
258341309,40947,-0.0044,-0.0410,1.0229,-0.7324,2.6855,-0.0610,1,494,868,235
258346304,40948,-0.0034,-0.0425,1.0249,-0.6104,2.5024,0.1221,1,490,877,235
258351309,40949,-0.0029,-0.0420,1.0254,-0.6104,2.6855,-0.0610,1,464,853,235
258356325,40950,-0.0044,-0.0415,1.0259,-0.6714,2.8687,-0.0610,1,491,865,235
258361305,40951,-0.0049,-0.0430,1.0269,-0.6714,2.9297,0.0000,1,480,843,235
258366310,40952,-0.0059,-0.0435,1.0259,-0.6104,2.8687,-0.0610,1,490,785,235
258371303,40953,-0.0073,-0.0430,1.0229,-0.5493,2.7466,-0.0610,1,496,824,235
258376307,40954,-0.0088,-0.0435,1.0225,-0.4883,2.6245,-0.0610,1,469,888,235
258381303,40955,-0.0093,-0.0425,1.0234,-0.4272,2.4414,-0.1831,1,504,833,235
258386305,40956,-0.0088,-0.0405,1.0234,-0.3052,2.4414,-0.3052,1,468,878,235
258391305,40957,-0.0073,-0.0400,1.0249,-0.3662,2.2583,-0.1831,1,475,869,235
258396303,40958,-0.0044,-0.0386,1.0273,-0.4272,2.0752,-0.1221,1,483,865,235
258401307,40959,-0.0010,-0.0361,1.0298,-0.6104,2.0142,-0.0610,1,466,854,235
258406304,40960,0.0000,-0.0352,1.0312,-0.7935,2.1973,-0.1221,1,483,847,235
258411308,40961,-0.0015,-0.0366,1.0298,-0.9766,2.3804,-0.1221,1,465,858,235
258416303,40962,-0.0015,-0.0386,1.0288,-1.2207,2.5635,0.0000,1,466,868,235
258421301,40963,-0.0024,-0.0396,1.0278,-1.2817,2.8076,0.0610,1,466,830,235
258426307,40964,-0.0054,-0.0386,1.0269,-1.4038,2.8076,0.1221,1,466,880,235
258431302,40965,-0.0078,-0.0376,1.0254,-1.3428,2.8076,0.0610,1,466,871,235
258436307,40966,-0.0083,-0.0381,1.0244,-1.6479,2.6855,0.0610,1,466,873,235
258441307,40967,-0.0063,-0.0386,1.0249,-1.7090,2.7466,0.1221,1,466,878,235
258446306,40968,-0.0059,-0.0381,1.0244,-1.8311,2.8687,0.2441,1,494,811,235
258451308,40969,-0.0078,-0.0371,1.0234,-1.9531,2.9297,0.3052,1,486,852,235
258456309,40970,-0.0088,-0.0371,1.0249,-2.1973,2.8687,0.3052,1,474,851,235
258461303,40971,-0.0078,-0.0391,1.0269,-2.4414,2.9907,0.3052,1,499,847,235
258466304,40972,-0.0078,-0.0425,1.0259,-2.3193,3.3569,0.3052,1,474,832,235
258471308,40973,-0.0107,-0.0469,1.0205,-2.3193,3.2959,0.2441,1,510,838,235
258476306,40974,-0.0200,-0.0503,1.0098,-1.9531,3.1128,0.2441,1,490,880,235
258481306,40975,-0.0317,-0.0537,0.9995,-1.5869,2.5024,0.1831,1,510,836,235
258486304,40976,-0.0337,-0.0537,0.9985,-1.0986,1.5869,0.1221,1,467,886,235
258491308,40977,-0.0229,-0.0479,1.0088,-1.0376,1.2207,0.0000,1,475,879,235
258496309,40978,-0.0117,-0.0420,1.0200,-0.9766,1.2817,0.0000,1,479,810,235
258501309,40979,-0.0103,-0.0410,1.0225,-1.0376,1.1597,0.0610,1,480,810,235
258506301,40980,-0.0151,-0.0439,1.0181,-1.0376,0.9766,0.0610,1,466,852,235
258511303,40981,-0.0171,-0.0449,1.0166,-0.8545,0.6714,0.0000,1,466,871,235
258516302,40982,-0.0122,-0.0425,1.0225,-1.0376,0.4883,-0.0610,1,466,830,235
258521307,40983,-0.0073,-0.0415,1.0278,-1.2207,0.8545,-0.1831,1,466,872,235
258526308,40984,-0.0063,-0.0439,1.0278,-1.2817,1.2207,-0.1221,1,466,881,235
258531309,40985,-0.0078,-0.0469,1.0259,-1.0986,1.1597,-0.0610,1,465,880,235
258536301,40986,-0.0093,-0.0483,1.0244,-1.1597,1.1597,-0.0610,1,493,872,235
258541303,40987,-0.0103,-0.0488,1.0244,-1.0986,1.5259,-0.1221,1,491,873,235
258546308,40988,-0.0078,-0.0464,1.0249,-0.9766,1.5869,-0.1221,1,466,829,235
258551303,40989,-0.0049,-0.0439,1.0264,-1.1597,1.8311,-0.1221,1,490,845,235
258556305,40990,-0.0044,-0.0435,1.0273,-1.2817,2.2583,-0.1221,1,492,840,235
258561301,40991,-0.0059,-0.0435,1.0273,-1.4038,2.4414,0.0000,1,491,847,235
258566302,40992,-0.0088,-0.0444,1.0249,-1.2207,2.8687,0.0000,1,508,800,235
258571303,40993,-0.0122,-0.0454,1.0210,-1.0986,2.9297,-0.0610,1,472,793,235
258576306,40994,-0.0142,-0.0469,1.0190,-0.9766,2.9907,-0.1221,1,502,839,235
258581309,40995,-0.0142,-0.0474,1.0190,-0.9766,2.9297,-0.0610,1,479,868,235
258586310,40996,-0.0151,-0.0474,1.0181,-0.7935,2.8687,-0.1831,1,465,873,235
258591307,40997,-0.0186,-0.0479,1.0151,-0.5493,2.8687,-0.3052,1,472,859,235
258596309,40998,-0.0239,-0.0493,1.0107,-0.4272,2.6855,-0.3052,1,478,859,235
258601307,40999,-0.0264,-0.0513,1.0098,-0.0610,2.1362,-0.2441,1,466,864,235
258606309,41000,-0.0225,-0.0527,1.0122,0.1221,1.5869,-0.3052,1,466,877,235
258611308,41001,-0.0176,-0.0518,1.0161,0.1831,1.4648,-0.3052,1,465,877,235
258616309,41002,-0.0151,-0.0488,1.0176,0.3052,1.3428,-0.3052,1,466,878,235
258621332,41003,-0.0166,-0.0459,1.0166,0.3662,1.3428,-0.4883,1,466,873,235
258626307,41004,-0.0190,-0.0454,1.0161,0.3662,1.3428,-0.4883,1,466,881,235
258631303,41005,-0.0190,-0.0459,1.0166,0.4883,0.7935,-0.4272,1,493,880,235
258636301,41006,-0.0171,-0.0459,1.0195,0.4272,0.7324,-0.4883,1,475,876,235
258641309,41007,-0.0142,-0.0464,1.0239,0.5493,0.6714,-0.6104,1,465,811,235
258646325,41008,-0.0127,-0.0469,1.0244,0.5493,0.6714,-0.5493,1,478,846,235
258651306,41009,-0.0146,-0.0454,1.0220,0.6104,0.6104,-0.4883,1,473,849,235
258656308,41010,-0.0166,-0.0435,1.0215,0.6104,0.5493,-0.5493,1,482,834,235
258661305,41011,-0.0161,-0.0439,1.0220,0.6714,0.6714,-0.6104,1,496,838,235
258666307,41012,-0.0151,-0.0449,1.0229,0.6104,0.4272,-0.4883,1,479,873,235
258671306,41013,-0.0146,-0.0444,1.0244,0.6104,0.3662,-0.3662,1,506,838,235
258676303,41014,-0.0146,-0.0449,1.0254,0.6104,0.3662,-0.4883,1,472,879,235
258681310,41015,-0.0142,-0.0459,1.0244,0.4883,0.4883,-0.5493,1,465,875,235
258686305,41016,-0.0161,-0.0444,1.0225,0.4883,0.3052,-0.4883,1,467,858,235
258691305,41017,-0.0176,-0.0425,1.0215,0.4883,0.1221,-0.3662,1,477,855,235
258696307,41018,-0.0176,-0.0430,1.0210,0.3052,0.1831,-0.4883,1,484,854,235
258701301,41019,-0.0181,-0.0449,1.0195,0.3662,0.2441,-0.4883,1,466,871,235
258706304,41020,-0.0176,-0.0464,1.0181,0.4883,0.0000,-0.4272,1,466,880,235
258711309,41021,-0.0161,-0.0459,1.0200,0.4272,-0.0610,-0.3662,1,466,827,235
258716320,41022,-0.0146,-0.0435,1.0244,0.3662,-0.1221,-0.2441,1,466,877,235
258721304,41023,-0.0132,-0.0420,1.0283,0.3662,0.0610,-0.2441,1,466,881,235
258726305,41024,-0.0117,-0.0420,1.0288,0.2441,0.0610,-0.3662,1,493,878,235
258731309,41025,-0.0122,-0.0435,1.0264,0.1831,0.2441,-0.4272,1,494,878,235
258736307,41026,-0.0122,-0.0449,1.0234,0.1831,0.2441,-0.3052,1,494,880,235
258741324,41027,-0.0127,-0.0459,1.0225,0.2441,0.3662,-0.3662,1,488,827,235
258746303,41028,-0.0146,-0.0474,1.0215,0.1831,0.3052,-0.4883,1,485,849,235
258751306,41029,-0.0171,-0.0483,1.0200,0.2441,0.1831,-0.3662,1,476,834,235
258756307,41030,-0.0186,-0.0474,1.0190,0.2441,0.1831,-0.3052,1,508,861,235
258761305,41031,-0.0171,-0.0454,1.0190,0.2441,0.1221,-0.3662,1,474,873,235
258766307,41032,-0.0161,-0.0435,1.0190,0.3052,0.1221,-0.4272,1,501,837,235
258771306,41033,-0.0176,-0.0420,1.0186,0.3052,-0.0610,-0.3662,1,466,868,235
258776307,41034,-0.0186,-0.0420,1.0205,0.3662,-0.1221,-0.3052,1,479,868,235
258781304,41035,-0.0166,-0.0425,1.0234,0.1831,-0.1831,-0.4272,1,465,852,235
258786307,41036,-0.0146,-0.0439,1.0259,0.1221,-0.1831,-0.3662,1,472,865,235
258791305,41037,-0.0151,-0.0449,1.0269,0.2441,-0.3662,-0.2441,1,483,863,235
258796303,41038,-0.0161,-0.0439,1.0259,0.0610,-0.2441,-0.1831,1,466,886,235
258801306,41039,-0.0166,-0.0444,1.0229,0.0610,-0.1831,-0.1831,1,466,882,235
258806302,41040,-0.0146,-0.0464,1.0200,0.0610,-0.0610,-0.2441,1,466,884,235
258811309,41041,-0.0137,-0.0469,1.0205,0.1221,-0.2441,-0.1831,1,466,875,235
258816304,41042,-0.0146,-0.0464,1.0200,0.1831,-0.1831,-0.2441,1,466,873,235
258821301,41043,-0.0156,-0.0479,1.0186,0.3662,-0.3052,-0.3662,1,492,881,235
258826305,41044,-0.0161,-0.0483,1.0190,0.5493,-0.3052,-0.1831,1,478,875,235
258831306,41045,-0.0146,-0.0464,1.0220,0.4883,-0.3052,-0.1831,1,493,880,235
258836307,41046,-0.0122,-0.0444,1.0249,0.4272,-0.4272,-0.3052,1,466,855,235
258841304,41047,-0.0107,-0.0449,1.0259,0.6104,-0.3662,-0.1831,1,478,852,235
258846303,41048,-0.0107,-0.0454,1.0249,0.6104,-0.2441,-0.1831,1,497,849,235
258851301,41049,-0.0117,-0.0444,1.0244,0.4883,-0.1831,-0.2441,1,488,842,235
258856304,41050,-0.0117,-0.0439,1.0244,0.6714,0.1221,-0.1831,1,481,852,235
258861304,41051,-0.0112,-0.0444,1.0244,0.6104,0.1831,-0.2441,1,494,906,235
258866306,41052,-0.0122,-0.0444,1.0249,0.6104,0.0610,-0.3052,1,503,843,235
258871305,41053,-0.0132,-0.0444,1.0254,0.6104,0.0610,-0.1831,1,482,863,235
258876303,41054,-0.0127,-0.0449,1.0254,0.6714,0.0610,-0.1221,1,474,856,235
258881307,41055,-0.0142,-0.0444,1.0234,0.6714,0.0610,-0.2441,1,482,852,235
258886307,41056,-0.0171,-0.0430,1.0210,0.6714,0.1221,-0.3052,1,483,860,235
258891301,41057,-0.0181,-0.0430,1.0195,0.6104,0.0000,-0.1221,1,466,864,235
258896302,41058,-0.0171,-0.0459,1.0190,0.6714,-0.3052,-0.2441,1,466,823,235
258901309,41059,-0.0161,-0.0469,1.0200,0.9155,-0.1831,-0.1831,1,466,871,235
258906303,41060,-0.0156,-0.0449,1.0200,0.8545,-0.2441,-0.1831,1,466,881,235
258911331,41061,-0.0161,-0.0439,1.0181,0.8545,-0.3052,-0.3052,1,466,880,235
258916305,41062,-0.0166,-0.0430,1.0161,0.8545,-0.3662,-0.1831,1,466,869,235
258921308,41063,-0.0171,-0.0420,1.0166,0.7935,-0.4883,-0.1221,1,466,880,235
258926309,41064,-0.0166,-0.0430,1.0181,0.7324,-0.6104,-0.2441,1,494,869,235
258931304,41065,-0.0151,-0.0430,1.0205,0.8545,-0.6714,-0.3052,1,471,800,235
258936306,41066,-0.0122,-0.0400,1.0229,0.6714,-0.7935,-0.3052,1,483,844,235
258941302,41067,-0.0103,-0.0396,1.0249,0.3052,-0.7324,-0.4272,1,493,845,235
258946301,41068,-0.0098,-0.0410,1.0249,0.3662,-0.6104,-0.3052,1,489,835,235
258951307,41069,-0.0107,-0.0430,1.0239,0.3662,-0.5493,-0.2441,1,508,782,235
258956301,41070,-0.0112,-0.0444,1.0234,0.3662,-0.4272,-0.1831,1,488,894,235
258961301,41071,-0.0122,-0.0449,1.0225,0.4272,-0.4883,-0.2441,1,469,846,235
258966303,41072,-0.0127,-0.0449,1.0225,0.4272,-0.3662,-0.2441,1,479,869,235
258971304,41073,-0.0132,-0.0439,1.0229,0.5493,-0.3052,-0.2441,1,465,863,235
258976303,41074,-0.0142,-0.0430,1.0215,0.4883,-0.2441,-0.3052,1,469,862,235
258981305,41075,-0.0151,-0.0425,1.0195,0.4883,-0.2441,-0.3662,1,483,854,235
258986308,41076,-0.0171,-0.0420,1.0186,0.5493,-0.3662,-0.3662,1,465,882,235
258991308,41077,-0.0176,-0.0420,1.0190,0.4883,-0.4883,-0.3052,1,465,878,235
258996308,41078,-0.0161,-0.0415,1.0215,0.5493,-0.5493,-0.3052,1,466,871,235
259001304,41079,-0.0142,-0.0415,1.0249,0.4883,-0.6104,-0.4272,1,466,882,235
259006311,41080,-0.0127,-0.0420,1.0273,0.3662,-0.7324,-0.3662,1,466,877,235
259011307,41081,-0.0117,-0.0415,1.0273,0.2441,-0.6714,-0.3052,1,466,882,235
259016303,41082,-0.0107,-0.0400,1.0264,0.3052,-0.4883,-0.4272,1,493,878,235
259021305,41083,-0.0093,-0.0410,1.0249,0.2441,-0.5493,-0.3662,1,492,869,235
259026304,41084,-0.0088,-0.0430,1.0239,0.2441,-0.5493,-0.4272,1,464,832,235
259031301,41085,-0.0098,-0.0435,1.0229,0.3052,-0.4272,-0.3662,1,479,861,235
259036305,41086,-0.0093,-0.0430,1.0234,0.3662,-0.3662,-0.3662,1,507,844,235
259041307,41087,-0.0098,-0.0430,1.0239,0.4272,-0.2441,-0.3662,1,481,866,235
259046307,41088,-0.0117,-0.0444,1.0225,0.4883,-0.1831,-0.5493,1,493,791,235
259051301,41089,-0.0132,-0.0435,1.0220,0.5493,-0.3052,-0.3662,1,482,908,235
259056304,41090,-0.0132,-0.0415,1.0225,0.6104,-0.3052,-0.4272,1,472,835,235
259061309,41091,-0.0132,-0.0391,1.0220,0.4883,-0.3662,-0.4272,1,481,861,235
259066301,41092,-0.0142,-0.0381,1.0215,0.1831,-0.5493,-0.4272,1,466,855,235
259071305,41093,-0.0127,-0.0396,1.0234,0.1221,-0.4883,-0.4272,1,482,859,235
259076306,41094,-0.0088,-0.0415,1.0273,0.1831,-0.4272,-0.3662,1,484,857,235
259081308,41095,-0.0073,-0.0430,1.0278,0.0610,-0.1831,-0.4272,1,466,881,235
259086308,41096,-0.0078,-0.0420,1.0259,0.0000,-0.2441,-0.3662,1,465,879,235
259091303,41097,-0.0098,-0.0405,1.0239,-0.0610,-0.1221,-0.4883,1,466,832,235
259096304,41098,-0.0122,-0.0405,1.0234,-0.2441,-0.3662,-0.3662,1,466,869,235
259101329,41099,-0.0107,-0.0410,1.0249,-0.2441,-0.5493,-0.3662,1,466,885,235
259106301,41100,-0.0088,-0.0410,1.0264,-0.3052,-0.2441,-0.3052,1,466,884,235
259111307,41101,-0.0063,-0.0430,1.0254,-0.4883,-0.0610,-0.3662,1,466,866,235
259116301,41102,-0.0049,-0.0469,1.0239,-0.4272,0.0610,-0.4272,1,494,870,235
259121310,41103,-0.0049,-0.0479,1.0225,-0.1831,0.2441,-0.3052,1,483,853,235
259126306,41104,-0.0068,-0.0449,1.0210,-0.1221,0.4883,-0.3662,1,488,842,235
259131304,41105,-0.0122,-0.0425,1.0181,-0.2441,0.6714,-0.3662,1,505,843,235
259136305,41106,-0.0166,-0.0430,1.0166,-0.1831,0.4272,-0.2441,1,494,864,235
259141306,41107,-0.0171,-0.0439,1.0171,-0.1831,0.4272,-0.2441,1,483,854,235
259146307,41108,-0.0156,-0.0449,1.0186,-0.0610,0.2441,-0.3052,1,489,839,235
259151307,41109,-0.0137,-0.0449,1.0200,0.0000,0.1831,-0.4272,1,506,834,235
259156306,41110,-0.0122,-0.0444,1.0220,0.1221,0.2441,-0.3052,1,466,812,235
259161309,41111,-0.0112,-0.0439,1.0225,0.0610,0.3662,-0.2441,1,472,857,235
259166307,41112,-0.0107,-0.0444,1.0215,0.1221,0.3662,-0.3052,1,479,862,235
259171306,41113,-0.0117,-0.0439,1.0210,0.1221,0.4272,-0.3662,1,483,855,235
259176308,41114,-0.0127,-0.0435,1.0210,0.1221,0.4272,-0.2441,1,466,876,235
259181302,41115,-0.0132,-0.0435,1.0215,0.1831,0.4272,-0.3662,1,466,873,235
259186307,41116,-0.0107,-0.0439,1.0229,0.1831,0.5493,-0.3052,1,466,879,235
259191307,41117,-0.0098,-0.0444,1.0234,0.1831,0.6714,-0.4272,1,466,881,235
259196302,41118,-0.0117,-0.0435,1.0215,0.3052,0.5493,-0.3662,1,466,878,235
259201308,41119,-0.0127,-0.0425,1.0205,0.3052,0.3662,-0.3662,1,466,874,235
259206309,41120,-0.0112,-0.0425,1.0215,0.2441,0.4272,-0.2441,1,492,875,235
259211309,41121,-0.0103,-0.0430,1.0234,0.3052,0.6104,-0.3662,1,480,882,235
259216303,41122,-0.0112,-0.0425,1.0225,0.4272,0.5493,-0.3052,1,466,822,235
259221302,41123,-0.0146,-0.0420,1.0210,0.1221,0.3662,-0.3052,1,492,847,235
259226308,41124,-0.0137,-0.0435,1.0220,0.1831,0.3662,-0.2441,1,508,842,235
259231307,41125,-0.0107,-0.0430,1.0220,0.1831,0.1831,-0.3052,1,474,860,235
259236308,41126,-0.0083,-0.0400,1.0225,0.1831,0.1221,-0.2441,1,509,836,235
259241303,41127,-0.0083,-0.0400,1.0249,0.1831,0.2441,-0.2441,1,493,884,235
259246307,41128,-0.0112,-0.0410,1.0244,0.1831,0.3662,-0.3662,1,498,841,235
259251302,41129,-0.0146,-0.0420,1.0225,0.1831,0.3662,-0.3052,1,476,883,235
259256305,41130,-0.0112,-0.0420,1.0234,0.0610,0.1831,-0.1221,1,469,859,235
259261305,41131,-0.0073,-0.0425,1.0244,0.1221,0.3662,-0.1831,1,476,858,235
259266301,41132,-0.0068,-0.0435,1.0244,0.0610,0.3662,-0.2441,1,483,858,235
259271302,41133,-0.0093,-0.0430,1.0239,0.1831,0.7324,-0.2441,1,466,880,235
259276302,41134,-0.0122,-0.0415,1.0225,0.0000,0.5493,-0.1221,1,466,878,235
259281301,41135,-0.0122,-0.0415,1.0220,0.0000,0.4883,-0.2441,1,465,832,235
259286307,41136,-0.0112,-0.0415,1.0229,0.0610,0.6714,-0.2441,1,466,833,235
259291336,41137,-0.0107,-0.0405,1.0239,-0.0610,0.6104,-0.1831,1,466,881,235
259296301,41138,-0.0112,-0.0405,1.0249,-0.1221,0.7935,-0.3052,1,465,875,235
259301307,41139,-0.0103,-0.0420,1.0249,-0.1831,0.5493,-0.1221,1,466,874,235
259306305,41140,-0.0107,-0.0415,1.0244,-0.1831,0.6104,-0.1221,1,493,875,235
259311301,41141,-0.0146,-0.0400,1.0229,-0.2441,0.8545,-0.1221,1,464,820,235
259316309,41142,-0.0171,-0.0405,1.0215,-0.3052,0.5493,-0.1221,1,471,848,235
259321304,41143,-0.0161,-0.0410,1.0210,-0.1221,0.4883,-0.1831,1,503,840,235
259326302,41144,-0.0142,-0.0435,1.0205,-0.1831,0.3662,-0.1221,1,482,834,235
259331302,41145,-0.0127,-0.0439,1.0210,-0.2441,0.4272,-0.1221,1,479,875,235
259336309,41146,-0.0117,-0.0425,1.0229,-0.1221,0.3052,0.0000,1,507,836,235
259341309,41147,-0.0107,-0.0425,1.0254,-0.1221,0.4272,0.1221,1,509,787,235
259346301,41148,-0.0103,-0.0430,1.0249,-0.2441,0.4883,0.0000,1,469,822,235
259351306,41149,-0.0112,-0.0435,1.0234,-0.3052,0.6714,-0.1831,1,467,813,235
259356301,41150,-0.0117,-0.0444,1.0220,-0.2441,0.6714,-0.1831,1,468,859,235
259361302,41151,-0.0127,-0.0439,1.0200,-0.3052,0.6714,-0.1221,1,484,862,235
259366303,41152,-0.0146,-0.0430,1.0200,-0.1831,0.5493,-0.1831,1,466,868,235
259371306,41153,-0.0146,-0.0430,1.0210,-0.1221,0.3662,-0.1221,1,466,882,235
259376310,41154,-0.0132,-0.0430,1.0229,-0.1221,0.4272,-0.1831,1,466,872,235
259381307,41155,-0.0122,-0.0420,1.0264,-0.1221,0.5493,-0.1831,1,466,877,235
259386307,41156,-0.0107,-0.0415,1.0273,-0.4272,0.6104,-0.1221,1,466,878,235
259391302,41157,-0.0098,-0.0430,1.0264,-0.4272,0.7935,-0.0610,1,492,874,235
259396307,41158,-0.0103,-0.0435,1.0249,-0.3662,0.7324,0.0000,1,471,868,235
259401306,41159,-0.0112,-0.0435,1.0244,-0.4272,0.6104,0.0000,1,493,729,235
259406324,41160,-0.0122,-0.0430,1.0244,-0.4883,0.7324,-0.1221,1,476,803,235
259411306,41161,-0.0127,-0.0415,1.0239,-0.4272,0.8545,-0.1221,1,486,847,235
259416303,41162,-0.0127,-0.0410,1.0229,-0.4883,0.8545,-0.1221,1,476,836,235
259421302,41163,-0.0137,-0.0430,1.0225,-0.4883,0.7935,-0.1221,1,492,832,235
259426303,41164,-0.0142,-0.0439,1.0234,-0.3662,0.7935,-0.0610,1,484,880,235
259431301,41165,-0.0137,-0.0430,1.0234,-0.2441,0.7935,-0.0610,1,494,839,235
259436307,41166,-0.0142,-0.0425,1.0225,-0.3662,0.8545,-0.1831,1,477,873,235
259441307,41167,-0.0142,-0.0435,1.0225,-0.2441,0.8545,-0.1831,1,479,875,235
259446308,41168,-0.0127,-0.0435,1.0229,-0.1221,0.9155,-0.1221,1,467,859,235
259451303,41169,-0.0103,-0.0430,1.0229,-0.1831,0.7935,-0.1221,1,466,854,235
259456308,41170,-0.0093,-0.0430,1.0225,-0.1831,0.6714,-0.1221,1,483,855,235
259461308,41171,-0.0107,-0.0439,1.0220,-0.1831,0.7324,-0.1221,1,466,870,235
259466304,41172,-0.0127,-0.0435,1.0220,-0.2441,0.7324,-0.0610,1,466,879,235
259471305,41173,-0.0127,-0.0430,1.0234,-0.2441,0.7324,-0.1831,1,466,877,235
259476309,41174,-0.0122,-0.0439,1.0239,-0.0610,0.7324,-0.1221,1,465,883,235
259481320,41175,-0.0107,-0.0444,1.0229,-0.0610,0.7324,-0.1831,1,466,880,235
259486306,41176,-0.0107,-0.0435,1.0220,0.0000,0.7935,-0.2441,1,466,881,235
259491303,41177,-0.0112,-0.0430,1.0229,-0.0610,0.7324,-0.1221,1,493,828,235
259496306,41178,-0.0122,-0.0439,1.0244,0.0000,0.7935,-0.1831,1,490,875,235
259501308,41179,-0.0122,-0.0444,1.0239,-0.0610,0.8545,-0.1221,1,464,818,235
259506303,41180,-0.0122,-0.0444,1.0234,0.0000,1.0376,-0.1221,1,492,829,235
259511301,41181,-0.0127,-0.0430,1.0225,0.0610,0.8545,-0.1221,1,502,802,235
259516309,41182,-0.0137,-0.0420,1.0215,-0.1221,0.6104,-0.1831,1,472,828,235
259521304,41183,-0.0142,-0.0415,1.0220,-0.0610,0.6714,-0.2441,1,500,784,235
259526303,41184,-0.0156,-0.0425,1.0229,0.0610,0.7324,-0.1221,1,496,875,235
259531305,41185,-0.0156,-0.0439,1.0220,-0.0610,0.7935,-0.2441,1,493,835,235
259536306,41186,-0.0137,-0.0435,1.0215,-0.1221,0.6714,-0.2441,1,468,869,235
259541306,41187,-0.0132,-0.0425,1.0215,-0.1831,0.6104,-0.1831,1,474,870,235
259546305,41188,-0.0142,-0.0435,1.0205,-0.1221,0.6714,-0.1221,1,482,857,235
259551308,41189,-0.0151,-0.0454,1.0200,-0.1221,0.6104,-0.1831,1,484,850,235
259556304,41190,-0.0161,-0.0454,1.0195,-0.0610,0.5493,-0.1831,1,466,857,235
259561308,41191,-0.0151,-0.0449,1.0205,0.0610,0.6104,-0.2441,1,466,884,235
259566303,41192,-0.0151,-0.0435,1.0215,0.0610,0.6714,-0.2441,1,465,878,235
259571310,41193,-0.0156,-0.0415,1.0205,-0.1831,0.4883,-0.3052,1,466,875,235
259576305,41194,-0.0151,-0.0420,1.0205,-0.1831,0.3662,-0.2441,1,466,879,235
259581324,41195,-0.0151,-0.0435,1.0210,-0.1831,0.3052,-0.3052,1,466,883,235
259586307,41196,-0.0137,-0.0435,1.0215,-0.2441,0.2441,-0.2441,1,466,870,235
259591308,41197,-0.0127,-0.0430,1.0225,-0.3052,0.2441,-0.1831,1,466,878,235
259596303,41198,-0.0142,-0.0425,1.0225,-0.3052,0.3052,-0.3052,1,494,873,235
259601304,41199,-0.0156,-0.0425,1.0234,-0.4272,0.3662,-0.3662,1,473,846,235
259606306,41200,-0.0132,-0.0420,1.0249,-0.5493,0.2441,-0.3052,1,487,864,235
259611301,41201,-0.0098,-0.0410,1.0269,-0.6104,0.4272,-0.2441,1,490,849,235
259616309,41202,-0.0088,-0.0410,1.0278,-0.6104,0.5493,-0.1831,1,487,832,235
259621309,41203,-0.0117,-0.0425,1.0264,-0.6104,0.7324,-0.1221,1,472,873,235
259626302,41204,-0.0151,-0.0444,1.0234,-0.6104,0.6714,-0.1831,1,481,831,235
259631303,41205,-0.0156,-0.0454,1.0210,-0.6714,0.7324,-0.3052,1,509,841,235
259636306,41206,-0.0151,-0.0444,1.0215,-0.6104,0.7324,-0.1831,1,467,872,235
259641303,41207,-0.0151,-0.0449,1.0234,-0.6104,0.7935,-0.1221,1,472,862,235
259646307,41208,-0.0156,-0.0444,1.0234,-0.5493,0.7935,-0.2441,1,482,857,235
259651304,41209,-0.0166,-0.0435,1.0220,-0.5493,0.6714,-0.2441,1,484,866,235
259656305,41210,-0.0176,-0.0435,1.0210,-0.5493,0.6714,-0.1831,1,466,880,235
259661302,41211,-0.0171,-0.0449,1.0195,-0.6714,0.6104,-0.1831,1,466,875,235
259666309,41212,-0.0171,-0.0464,1.0181,-0.5493,0.5493,-0.2441,1,465,876,235
259671308,41213,-0.0176,-0.0474,1.0181,-0.3052,0.5493,-0.1831,1,466,878,235
259676303,41214,-0.0176,-0.0474,1.0186,-0.3662,0.4883,-0.2441,1,466,873,235
259681301,41215,-0.0166,-0.0469,1.0200,-0.4883,0.3052,-0.1831,1,466,877,235
259686301,41216,-0.0146,-0.0474,1.0215,-0.3052,0.4883,-0.1831,1,492,871,235
259691308,41217,-0.0146,-0.0464,1.0210,-0.3052,0.4272,-0.1831,1,469,874,235
259696305,41218,-0.0171,-0.0449,1.0205,-0.3052,0.4272,-0.2441,1,494,799,235
259701310,41219,-0.0176,-0.0449,1.0220,-0.2441,0.3662,-0.1831,1,473,847,235
259706310,41220,-0.0151,-0.0459,1.0234,-0.1221,0.3662,-0.1831,1,487,863,235
259711304,41221,-0.0137,-0.0454,1.0239,-0.0610,0.3662,-0.1831,1,487,850,235
259716304,41222,-0.0132,-0.0454,1.0234,-0.1221,0.4272,-0.1831,1,508,868,235
259721306,41223,-0.0132,-0.0449,1.0215,-0.0610,0.5493,-0.1831,1,479,891,235
259726302,41224,-0.0146,-0.0439,1.0200,0.0000,0.4272,-0.1831,1,504,838,235
259731305,41225,-0.0166,-0.0435,1.0210,0.0610,0.3052,-0.1831,1,468,833,235
259736301,41226,-0.0186,-0.0439,1.0225,0.0610,0.4272,-0.1831,1,471,870,235
259741304,41227,-0.0181,-0.0449,1.0234,0.1221,0.4272,-0.3052,1,483,860,235
259746308,41228,-0.0151,-0.0454,1.0234,0.1831,0.3052,-0.2441,1,480,854,235
259751309,41229,-0.0137,-0.0459,1.0234,0.1221,0.2441,-0.1221,1,466,864,235
259756302,41230,-0.0156,-0.0459,1.0220,0.2441,0.3052,-0.2441,1,466,872,235
259761301,41231,-0.0181,-0.0464,1.0205,0.3052,0.2441,-0.1831,1,466,877,235
259766304,41232,-0.0171,-0.0469,1.0210,0.3662,0.1831,-0.1831,1,466,874,235
259771309,41233,-0.0156,-0.0459,1.0225,0.3052,0.0610,-0.1831,1,466,875,235
259776324,41234,-0.0156,-0.0454,1.0229,0.1831,0.0610,0.0000,1,466,872,235
259781309,41235,-0.0171,-0.0444,1.0225,0.3052,0.1831,-0.1221,1,466,834,235
259786305,41236,-0.0166,-0.0435,1.0225,0.3662,0.1221,-0.2441,1,493,870,235
259791307,41237,-0.0151,-0.0444,1.0229,0.3662,0.2441,-0.1831,1,494,876,235
259796315,41238,-0.0137,-0.0454,1.0229,0.3662,0.1221,-0.2441,1,467,840,235
259801306,41239,-0.0122,-0.0454,1.0225,0.3662,0.1221,-0.2441,1,492,861,235
259806308,41240,-0.0122,-0.0449,1.0215,0.4883,0.3052,-0.2441,1,490,851,235
259811303,41241,-0.0137,-0.0444,1.0210,0.3662,0.3052,-0.3052,1,480,863,235
259816308,41242,-0.0142,-0.0439,1.0220,0.3662,0.1831,-0.2441,1,491,840,235
259821310,41243,-0.0142,-0.0444,1.0234,0.4272,0.3052,-0.2441,1,472,843,235
259826308,41244,-0.0151,-0.0454,1.0249,0.3662,0.3662,-0.3052,1,503,839,235
259831306,41245,-0.0161,-0.0459,1.0264,0.3662,0.3052,-0.3052,1,466,879,235
259836307,41246,-0.0161,-0.0454,1.0259,0.3052,0.3052,-0.3052,1,475,855,235
259841306,41247,-0.0151,-0.0449,1.0239,0.3052,0.3052,-0.3052,1,482,852,235
259846306,41248,-0.0142,-0.0449,1.0239,0.3052,0.4883,-0.3052,1,484,853,235
259851301,41249,-0.0137,-0.0444,1.0249,0.3052,0.4883,-0.2441,1,466,873,235
259856309,41250,-0.0151,-0.0435,1.0229,0.3052,0.3662,-0.3052,1,466,877,235
259861304,41251,-0.0161,-0.0439,1.0205,0.3662,0.3052,-0.1221,1,466,875,235
259866307,41252,-0.0156,-0.0449,1.0205,0.3052,0.4272,-0.1831,1,466,878,235
259871306,41253,-0.0146,-0.0449,1.0210,0.1831,0.4272,-0.2441,1,466,878,235
259876309,41254,-0.0137,-0.0449,1.0215,0.3662,0.3662,-0.3052,1,466,883,235
259881301,41255,-0.0137,-0.0444,1.0225,0.2441,0.3662,-0.1831,1,493,876,235
259886306,41256,-0.0137,-0.0439,1.0234,0.2441,0.4883,-0.1221,1,487,880,235
259891311,41257,-0.0132,-0.0449,1.0234,0.3052,0.5493,-0.3052,1,464,821,235
259896301,41258,-0.0093,-0.0459,1.0244,0.3662,0.7935,-0.2441,1,490,845,235
259901305,41259,-0.0093,-0.0454,1.0239,0.3662,1.2207,-0.1831,1,491,847,235
259906307,41260,-0.0186,-0.0425,1.0190,0.3662,1.0986,-0.3052,1,504,841,235
259911305,41261,-0.0195,-0.0415,1.0186,0.0000,0.0610,-0.2441,1,474,872,235
259916303,41262,-0.0146,-0.0435,1.0220,0.1831,0.7324,-0.4883,1,504,792,235
259921304,41263,-0.0156,-0.0444,1.0220,0.1831,0.4272,-0.2441,1,498,847,235
259926309,41264,-0.0166,-0.0439,1.0225,0.3052,0.4272,-0.1831,1,479,882,235
259931301,41265,-0.0176,-0.0430,1.0220,0.1831,0.3662,-0.3052,1,466,860,235
259936309,41266,-0.0171,-0.0435,1.0225,0.1221,0.3052,-0.3052,1,477,856,235
259941309,41267,-0.0161,-0.0444,1.0229,0.1221,0.2441,-0.2441,1,483,845,235
259946304,41268,-0.0161,-0.0444,1.0229,0.1831,0.1831,-0.3052,1,465,884,235
259951308,41269,-0.0151,-0.0439,1.0229,0.1221,0.2441,-0.1831,1,466,882,235
259956302,41270,-0.0132,-0.0439,1.0229,0.1831,0.3662,-0.1221,1,466,884,235
259961303,41271,-0.0132,-0.0435,1.0225,0.1831,0.3052,-0.1221,1,465,881,235
259966305,41272,-0.0156,-0.0435,1.0215,0.2441,0.3662,-0.2441,1,466,870,235
259971306,41273,-0.0176,-0.0444,1.0215,0.2441,0.2441,-0.1831,1,466,881,235
259976302,41274,-0.0181,-0.0444,1.0220,0.3662,0.0610,-0.1831,1,466,883,235
259981303,41275,-0.0166,-0.0435,1.0229,0.2441,0.1221,-0.2441,1,493,876,235
259986322,41276,-0.0146,-0.0425,1.0234,0.1831,0.0610,-0.1831,1,464,825,235
259991302,41277,-0.0146,-0.0430,1.0239,0.3052,0.1221,-0.2441,1,481,862,235
259996301,41278,-0.0156,-0.0435,1.0244,0.3052,0.1221,-0.3052,1,472,856,235
260001305,41279,-0.0166,-0.0444,1.0229,0.3662,0.2441,-0.1831,1,508,783,235
260006309,41280,-0.0166,-0.0444,1.0215,0.3052,0.1831,-0.1831,1,478,886,235
260011305,41281,-0.0166,-0.0444,1.0225,0.3052,0.2441,-0.1831,1,492,840,235
260016306,41282,-0.0156,-0.0449,1.0234,0.1831,0.1221,-0.1221,1,506,848,235
260021305,41283,-0.0161,-0.0454,1.0234,0.3052,0.0610,-0.1221,1,467,873,235
260026304,41284,-0.0156,-0.0449,1.0234,0.3052,0.1221,-0.1831,1,479,857,235
260031306,41285,-0.0142,-0.0430,1.0239,0.3662,0.1221,-0.1221,1,481,858,235
260036308,41286,-0.0146,-0.0420,1.0229,0.3052,0.2441,-0.1221,1,466,854,235
260041308,41287,-0.0171,-0.0420,1.0215,0.1831,0.1831,-0.1831,1,466,875,235
260046307,41288,-0.0181,-0.0430,1.0215,0.1831,0.0000,-0.1831,1,466,878,235
260051303,41289,-0.0166,-0.0439,1.0220,0.3662,0.0000,-0.0610,1,466,831,235
260056305,41290,-0.0146,-0.0444,1.0225,0.3052,0.0610,-0.1221,1,465,835,235
260061307,41291,-0.0137,-0.0425,1.0229,0.2441,0.0000,-0.2441,1,466,871,235
260066307,41292,-0.0142,-0.0400,1.0234,0.1831,0.0000,-0.3052,1,466,834,235
260071306,41293,-0.0137,-0.0425,1.0239,-0.1221,0.0000,-0.2441,1,466,725,235
260076303,41294,-0.0132,-0.0439,1.0239,0.1831,0.1831,-0.1831,1,493,726,235
260081301,41295,-0.0146,-0.0415,1.0239,0.0000,0.1831,-0.2441,1,473,818,235
260086302,41296,-0.0156,-0.0430,1.0234,-0.1221,0.1831,-0.1831,1,483,811,235
260091308,41297,-0.0151,-0.0439,1.0239,0.0610,-0.0610,-0.0610,1,491,849,235
260096306,41298,-0.0151,-0.0425,1.0239,0.0000,0.1831,0.0000,1,501,864,235
260101302,41299,-0.0161,-0.0430,1.0234,-0.1831,0.3052,-0.1831,1,472,750,235
260106307,41300,-0.0166,-0.0439,1.0229,0.0000,0.1221,-0.1831,1,501,839,235
260111307,41301,-0.0171,-0.0439,1.0229,0.0000,0.0000,-0.1221,1,477,804,235
260116304,41302,-0.0181,-0.0439,1.0229,0.0610,0.0610,-0.1831,1,465,763,235
260121301,41303,-0.0176,-0.0444,1.0234,0.0610,0.1221,-0.0610,1,476,858,235
260126310,41304,-0.0166,-0.0435,1.0234,-0.0610,0.1221,-0.1831,1,481,855,235
260131307,41305,-0.0151,-0.0425,1.0234,0.0610,0.3052,-0.1831,1,483,859,235
260136305,41306,-0.0137,-0.0439,1.0234,0.0610,0.3052,-0.1221,1,466,875,235
260141306,41307,-0.0132,-0.0439,1.0234,0.0610,0.0610,-0.1221,1,466,871,235
260146302,41308,-0.0122,-0.0435,1.0234,-0.0610,0.2441,-0.1831,1,465,874,235
260151307,41309,-0.0117,-0.0439,1.0239,-0.0610,0.4272,0.0000,1,466,883,235
260156334,41310,-0.0127,-0.0435,1.0239,0.0000,0.4883,-0.1221,1,466,833,235
260161310,41311,-0.0142,-0.0430,1.0234,0.0000,0.4883,-0.2441,1,466,825,235
260166309,41312,-0.0142,-0.0439,1.0225,0.0610,0.4272,-0.1831,1,466,724,235
260171307,41313,-0.0151,-0.0444,1.0210,0.0610,0.4883,-0.0610,1,494,878,235
260176305,41314,-0.0161,-0.0449,1.0205,0.0000,0.5493,-0.1221,1,487,854,235
260181308,41315,-0.0166,-0.0444,1.0215,0.1221,0.4272,-0.1221,1,488,804,235
260186308,41316,-0.0161,-0.0420,1.0234,0.0610,0.4272,-0.1831,1,485,835,235
260191308,41317,-0.0161,-0.0420,1.0239,0.0610,0.4883,-0.1831,1,498,795,235
260196307,41318,-0.0156,-0.0430,1.0229,0.0610,0.4883,-0.1221,1,487,877,235
260201304,41319,-0.0146,-0.0425,1.0220,-0.0610,0.4883,-0.1221,1,491,833,235
260206307,41320,-0.0146,-0.0435,1.0220,0.0000,0.3662,-0.1831,1,479,841,235
260211306,41321,-0.0146,-0.0439,1.0229,0.1221,0.3052,-0.1831,1,465,816,235
260216305,41322,-0.0156,-0.0425,1.0239,0.0000,0.3662,-0.1221,1,474,859,235
260221303,41323,-0.0181,-0.0415,1.0229,0.0000,0.3662,-0.1221,1,477,813,235
260226309,41324,-0.0181,-0.0454,1.0215,-0.0610,0.0000,-0.1831,1,484,813,235
260231304,41325,-0.0146,-0.0444,1.0239,0.0610,0.0610,-0.1831,1,466,829,235
260236306,41326,-0.0142,-0.0430,1.0249,0.0610,0.0000,-0.1831,1,466,881,235
260241301,41327,-0.0151,-0.0435,1.0249,-0.0610,0.0000,-0.1831,1,466,832,235
260246303,41328,-0.0151,-0.0444,1.0239,-0.0610,0.0610,-0.1221,1,466,833,235
260251303,41329,-0.0151,-0.0439,1.0239,-0.1831,0.1221,-0.1831,1,466,876,235
260256303,41330,-0.0156,-0.0444,1.0229,-0.1221,0.0610,-0.1831,1,466,883,235
260261302,41331,-0.0146,-0.0439,1.0225,0.0610,0.1221,-0.1221,1,493,877,235
260266308,41332,-0.0151,-0.0425,1.0239,-0.0610,0.1831,-0.1831,1,470,871,235
260271301,41333,-0.0156,-0.0425,1.0229,0.1221,0.1831,-0.1221,1,494,881,235
260276305,41334,-0.0156,-0.0444,1.0200,0.1221,0.1831,-0.1831,1,491,847,235
260281302,41335,-0.0161,-0.0449,1.0186,0.1221,0.1831,-0.1831,1,484,859,235
260286308,41336,-0.0176,-0.0439,1.0190,0.1221,0.3052,-0.3052,1,480,840,235
260291304,41337,-0.0181,-0.0435,1.0190,0.1831,0.2441,-0.1831,1,510,848,235
260296309,41338,-0.0166,-0.0439,1.0195,0.1831,0.3052,-0.2441,1,484,876,235
260301301,41339,-0.0151,-0.0439,1.0210,0.1831,0.1221,-0.1831,1,485,843,235
260306308,41340,-0.0146,-0.0430,1.0220,0.1831,0.0610,-0.3052,1,504,846,235
260311309,41341,-0.0151,-0.0425,1.0234,0.0610,0.1831,-0.3052,1,475,871,235
260316307,41342,-0.0146,-0.0430,1.0239,0.1831,0.3052,-0.1221,1,480,858,235
260321304,41343,-0.0146,-0.0425,1.0229,0.1831,0.3052,-0.1221,1,465,857,235
260326302,41344,-0.0151,-0.0415,1.0229,0.0610,0.2441,-0.1831,1,484,857,235
260331309,41345,-0.0142,-0.0420,1.0234,-0.0610,0.2441,-0.2441,1,466,883,235
260336301,41346,-0.0122,-0.0435,1.0239,-0.0610,0.3052,-0.1221,1,466,879,235
260341302,41347,-0.0107,-0.0425,1.0244,-0.1831,0.4883,-0.2441,1,466,872,235
260346305,41348,-0.0117,-0.0415,1.0244,-0.1831,0.3662,-0.2441,1,466,880,235
260351308,41349,-0.0132,-0.0430,1.0239,-0.0610,0.4272,-0.1831,1,466,886,235
260356303,41350,-0.0142,-0.0439,1.0234,-0.0610,0.6104,-0.2441,1,466,878,235
260361308,41351,-0.0161,-0.0439,1.0220,-0.1221,0.6104,-0.3662,1,492,876,235
260366305,41352,-0.0176,-0.0444,1.0210,-0.1221,0.4272,-0.2441,1,466,875,235
260371303,41353,-0.0171,-0.0444,1.0215,-0.1221,0.3662,-0.1221,1,494,807,235
260376302,41354,-0.0166,-0.0430,1.0215,-0.1221,0.3662,-0.2441,1,490,852,235
260381301,41355,-0.0151,-0.0415,1.0225,-0.1831,0.3662,-0.2441,1,503,859,235
260386306,41356,-0.0146,-0.0420,1.0229,-0.2441,0.4883,-0.2441,1,486,844,235
260391307,41357,-0.0171,-0.0430,1.0229,-0.1831,0.4272,-0.3052,1,492,797,235
260396307,41358,-0.0186,-0.0439,1.0225,-0.0610,0.2441,-0.1831,1,484,885,235
260401302,41359,-0.0176,-0.0439,1.0220,-0.2441,0.1831,-0.1831,1,490,839,235
260406301,41360,-0.0151,-0.0435,1.0220,-0.1831,0.3662,-0.2441,1,466,879,235
260411309,41361,-0.0132,-0.0430,1.0229,-0.3052,0.4883,-0.2441,1,474,880,235
260416306,41362,-0.0127,-0.0435,1.0239,-0.3662,0.3662,-0.1831,1,475,856,235
260421304,41363,-0.0132,-0.0439,1.0244,-0.3052,0.2441,-0.1221,1,480,863,235
260426308,41364,-0.0137,-0.0425,1.0244,-0.2441,0.4272,-0.2441,1,466,874,235
260431307,41365,-0.0146,-0.0435,1.0239,-0.3662,0.4272,-0.1831,1,466,883,235
260436306,41366,-0.0151,-0.0459,1.0225,-0.5493,0.4272,-0.1221,1,466,885,235
260441306,41367,-0.0171,-0.0459,1.0225,-0.3052,0.4883,-0.1221,1,465,879,235
260446303,41368,-0.0176,-0.0459,1.0225,-0.4883,0.4883,-0.1221,1,466,866,235
260451321,41369,-0.0156,-0.0464,1.0229,-0.3662,0.4883,-0.2441,1,466,870,235
260456307,41370,-0.0142,-0.0454,1.0225,-0.2441,0.4883,-0.1831,1,466,882,235
260461310,41371,-0.0146,-0.0435,1.0225,-0.3052,0.4883,-0.0610,1,493,881,235
260466309,41372,-0.0146,-0.0420,1.0229,-0.4272,0.4883,-0.1221,1,492,870,235
260471324,41373,-0.0142,-0.0425,1.0234,-0.4883,0.6104,-0.1221,1,464,858,235
260476302,41374,-0.0137,-0.0435,1.0239,-0.4272,0.6714,-0.0610,1,485,842,235
260481302,41375,-0.0146,-0.0444,1.0244,-0.3662,0.7324,0.0000,1,476,836,235
260486305,41376,-0.0166,-0.0449,1.0225,-0.5493,0.8545,-0.1221,1,508,801,235
260491306,41377,-0.0181,-0.0454,1.0200,-0.4883,0.7324,-0.1221,1,489,875,235
260496303,41378,-0.0181,-0.0459,1.0195,-0.3052,0.6714,0.0000,1,477,832,235
260501302,41379,-0.0166,-0.0454,1.0205,-0.1831,0.5493,0.0610,1,503,749,235
260506307,41380,-0.0151,-0.0464,1.0215,-0.1221,0.4883,0.0610,1,481,879,235
260511308,41381,-0.0156,-0.0469,1.0215,0.0000,0.4883,-0.0610,1,482,853,235
260516307,41382,-0.0171,-0.0459,1.0210,0.0610,0.3662,-0.0610,1,465,806,235
260521307,41383,-0.0176,-0.0454,1.0220,0.0000,0.3662,-0.0610,1,484,851,235
260526306,41384,-0.0166,-0.0439,1.0234,0.1221,0.3052,-0.0610,1,466,831,235
260531309,41385,-0.0161,-0.0420,1.0239,0.1221,0.1831,0.0000,1,466,874,235
260536302,41386,-0.0161,-0.0405,1.0225,0.0000,0.1831,-0.0610,1,466,836,235
260541302,41387,-0.0181,-0.0410,1.0205,-0.0610,0.1831,-0.1221,1,466,832,235
260546304,41388,-0.0190,-0.0430,1.0215,-0.1221,0.0610,-0.0610,1,466,871,235
260551303,41389,-0.0181,-0.0459,1.0225,-0.2441,0.1221,-0.1221,1,466,869,235
260556302,41390,-0.0161,-0.0459,1.0225,-0.1221,0.1221,-0.1221,1,492,868,235
260561305,41391,-0.0156,-0.0439,1.0229,-0.1221,-0.0610,-0.1221,1,466,868,235
260566310,41392,-0.0156,-0.0439,1.0239,-0.2441,-0.0610,-0.1831,1,493,874,235
260571303,41393,-0.0156,-0.0449,1.0239,-0.1221,-0.0610,-0.0610,1,464,836,235
260576303,41394,-0.0156,-0.0439,1.0239,-0.1831,0.0000,0.1221,1,490,845,235
260581302,41395,-0.0151,-0.0435,1.0239,-0.1831,0.1221,0.0000,1,475,748,235
260586304,41396,-0.0156,-0.0444,1.0229,-0.1221,0.2441,0.0610,1,509,802,235
260591307,41397,-0.0156,-0.0449,1.0225,-0.1221,0.0610,0.0610,1,491,876,235
260596306,41398,-0.0161,-0.0454,1.0234,0.0000,0.1221,0.0610,1,472,831,235
260601307,41399,-0.0161,-0.0454,1.0244,-0.0610,0.0610,0.1221,1,498,801,235
260606307,41400,-0.0146,-0.0444,1.0244,-0.0610,0.1831,0.0000,1,477,873,235
260611305,41401,-0.0142,-0.0439,1.0234,-0.1831,0.1221,0.0610,1,482,819,235
260616303,41402,-0.0142,-0.0449,1.0234,-0.0610,0.2441,0.1221,1,465,859,235
260621305,41403,-0.0146,-0.0454,1.0244,-0.1221,0.4883,-0.0610,1,484,858,235
260626304,41404,-0.0156,-0.0449,1.0239,0.0610,0.4272,-0.0610,1,466,877,235
260631304,41405,-0.0161,-0.0439,1.0225,0.0610,0.4272,0.0000,1,466,879,235
260636306,41406,-0.0176,-0.0435,1.0225,0.1221,0.4883,0.0000,1,466,835,235
260641308,41407,-0.0181,-0.0444,1.0229,0.1831,0.4883,0.0000,1,466,824,235
260646317,41408,-0.0176,-0.0459,1.0225,0.1221,0.4272,0.0000,1,465,831,235
260651301,41409,-0.0176,-0.0459,1.0205,0.0610,0.3662,-0.0610,1,466,825,235
260656302,41410,-0.0176,-0.0444,1.0195,0.1831,0.3662,-0.0610,1,493,871,235
260661304,41411,-0.0166,-0.0439,1.0210,0.1221,0.2441,0.0000,1,466,880,235
260666310,41412,-0.0151,-0.0444,1.0220,0.1831,0.3662,-0.1221,1,494,764,235
260671309,41413,-0.0151,-0.0454,1.0215,0.1221,0.4883,-0.1221,1,485,859,235
260676303,41414,-0.0156,-0.0449,1.0205,0.1831,0.5493,-0.0610,1,500,844,235
260681306,41415,-0.0171,-0.0439,1.0205,0.2441,0.4272,0.0000,1,478,840,235
260686302,41416,-0.0181,-0.0425,1.0229,0.1831,0.5493,-0.1221,1,489,844,235
260691302,41417,-0.0171,-0.0425,1.0249,0.3052,0.5493,-0.1221,1,496,835,235
260696303,41418,-0.0156,-0.0439,1.0264,0.1221,0.5493,-0.1831,1,506,831,235
260701306,41419,-0.0146,-0.0444,1.0264,0.1221,0.4883,-0.1221,1,466,876,235
260706306,41420,-0.0161,-0.0435,1.0254,0.1831,0.4272,-0.2441,1,472,855,235
260711305,41421,-0.0171,-0.0435,1.0239,-0.0610,0.4883,-0.3052,1,480,864,235
260716306,41422,-0.0176,-0.0444,1.0234,0.0000,0.4272,-0.2441,1,483,852,235
260721309,41423,-0.0176,-0.0449,1.0244,0.0000,0.4883,-0.3052,1,466,836,235
260726306,41424,-0.0161,-0.0444,1.0244,0.0000,0.4883,-0.2441,1,466,829,235
260731305,41425,-0.0156,-0.0439,1.0239,-0.0610,0.5493,-0.3052,1,466,840,235
260736304,41426,-0.0161,-0.0430,1.0220,-0.0610,0.4883,-0.3052,1,466,878,235
260741305,41427,-0.0171,-0.0425,1.0215,0.0000,0.4883,-0.3662,1,466,871,235
260746310,41428,-0.0171,-0.0439,1.0239,-0.0610,0.4883,-0.3052,1,466,828,235
260751302,41429,-0.0161,-0.0444,1.0249,-0.0610,0.5493,-0.2441,1,466,871,235
260756304,41430,-0.0156,-0.0444,1.0239,-0.0610,0.5493,-0.2441,1,465,886,235
260761302,41431,-0.0156,-0.0454,1.0220,-0.0610,0.5493,-0.3052,1,487,883,235
260766327,41432,-0.0161,-0.0464,1.0215,-0.0610,0.5493,-0.3052,1,466,828,235
260771309,41433,-0.0161,-0.0469,1.0225,0.0000,0.4272,-0.3662,1,489,855,235
260776304,41434,-0.0156,-0.0459,1.0244,0.0610,0.3662,-0.3052,1,474,745,235
260781307,41435,-0.0161,-0.0449,1.0249,0.0000,0.3662,-0.3052,1,490,779,235
260786301,41436,-0.0166,-0.0439,1.0254,-0.2441,0.3052,-0.3662,1,480,795,235
260791307,41437,-0.0156,-0.0449,1.0259,-0.2441,0.4272,-0.3052,1,488,840,235
260796309,41438,-0.0151,-0.0449,1.0244,-0.1221,0.4883,-0.3052,1,493,846,235
260801303,41439,-0.0161,-0.0444,1.0225,-0.1831,0.4883,-0.4272,1,470,871,235
260806302,41440,-0.0176,-0.0449,1.0215,-0.1831,0.4272,-0.3662,1,480,864,235
260811304,41441,-0.0176,-0.0449,1.0215,-0.1831,0.4883,-0.1831,1,465,863,235
260816303,41442,-0.0176,-0.0430,1.0225,-0.1221,0.6714,-0.2441,1,483,862,235
260821306,41443,-0.0190,-0.0430,1.0225,-0.3662,0.4883,-0.2441,1,466,872,235
260826301,41444,-0.0195,-0.0444,1.0205,-0.4272,0.3662,-0.3052,1,466,879,235
260831302,41445,-0.0181,-0.0449,1.0200,-0.3662,0.3052,-0.2441,1,465,880,235
260836305,41446,-0.0161,-0.0449,1.0220,-0.4272,0.3052,-0.1831,1,466,874,235
260841306,41447,-0.0161,-0.0439,1.0244,-0.4272,0.4272,-0.1831,1,466,879,235
260846306,41448,-0.0161,-0.0439,1.0254,-0.4883,0.3662,-0.1221,1,466,888,235
260851304,41449,-0.0156,-0.0449,1.0254,-0.4883,0.3662,-0.1221,1,466,878,235
260856305,41450,-0.0161,-0.0454,1.0229,-0.6714,0.4272,-0.1831,1,466,876,235
260861301,41451,-0.0171,-0.0449,1.0215,-0.6104,0.6104,-0.0610,1,482,885,235
260866326,41452,-0.0166,-0.0439,1.0229,-0.6104,0.5493,0.0000,1,466,848,235
260871310,41453,-0.0146,-0.0439,1.0244,-0.6714,0.5493,-0.0610,1,488,807,235
260876307,41454,-0.0142,-0.0449,1.0239,-0.6714,0.5493,-0.1221,1,472,842,235
260881301,41455,-0.0151,-0.0464,1.0220,-0.7324,0.7935,0.0000,1,510,837,235
260886309,41456,-0.0166,-0.0479,1.0200,-0.5493,0.8545,0.1221,1,483,793,235
260891310,41457,-0.0176,-0.0483,1.0200,-0.4883,0.8545,-0.0610,1,499,833,235
260896306,41458,-0.0171,-0.0479,1.0210,-0.3662,0.8545,0.0000,1,492,841,235
260901308,41459,-0.0171,-0.0469,1.0229,-0.4272,0.7935,0.0000,1,472,805,235
260906301,41460,-0.0171,-0.0459,1.0239,-0.4883,0.7324,0.0610,1,479,808,235
260911309,41461,-0.0161,-0.0449,1.0239,-0.4272,0.6714,0.0000,1,465,855,235
260916302,41462,-0.0161,-0.0449,1.0234,-0.1831,0.6104,0.2441,1,484,818,235
260921307,41463,-0.0181,-0.0464,1.0220,-0.2441,0.7324,0.1831,1,466,882,235
260926305,41464,-0.0205,-0.0469,1.0190,-0.1221,0.4272,0.0610,1,466,877,235
260931304,41465,-0.0220,-0.0469,1.0176,-0.1221,0.1831,0.1221,1,466,871,235
260936304,41466,-0.0205,-0.0474,1.0190,-0.0610,0.2441,0.0610,1,465,872,235
260941308,41467,-0.0176,-0.0469,1.0205,-0.0610,0.3052,0.0610,1,466,875,235
260946303,41468,-0.0166,-0.0464,1.0215,-0.0610,0.2441,0.0610,1,466,866,235
260951308,41469,-0.0181,-0.0469,1.0220,0.0000,0.3052,0.0610,1,493,875,235
260956303,41470,-0.0190,-0.0479,1.0215,0.0000,0.3052,0.0000,1,470,752,235
260961307,41471,-0.0181,-0.0469,1.0225,0.1221,0.3052,-0.0610,1,494,762,235
260966304,41472,-0.0166,-0.0449,1.0234,0.1221,0.2441,0.0000,1,472,842,235
260971303,41473,-0.0161,-0.0439,1.0239,0.0610,0.2441,-0.0610,1,510,805,235
260976308,41474,-0.0166,-0.0449,1.0234,-0.0610,0.5493,0.0000,1,481,840,235
260981303,41475,-0.0186,-0.0454,1.0215,0.1221,0.4883,0.0610,1,491,834,235
260986306,41476,-0.0205,-0.0449,1.0210,0.0610,0.3052,0.0610,1,489,830,235
260991306,41477,-0.0195,-0.0449,1.0220,-0.0610,0.3662,0.0000,1,499,828,235
260996305,41478,-0.0176,-0.0449,1.0234,-0.0610,0.3662,-0.0610,1,509,803,235
261001307,41479,-0.0171,-0.0454,1.0229,-0.0610,0.4883,0.0000,1,471,857,235
261006306,41480,-0.0186,-0.0469,1.0205,-0.0610,0.4272,0.0000,1,476,812,235
261011302,41481,-0.0181,-0.0483,1.0200,0.0000,0.3052,0.0610,1,483,809,235
261016303,41482,-0.0181,-0.0483,1.0215,0.1221,0.3662,0.0610,1,466,820,235
261021309,41483,-0.0186,-0.0483,1.0225,0.1831,0.2441,0.0000,1,466,873,235
261026303,41484,-0.0186,-0.0474,1.0220,0.0610,0.3662,0.0000,1,466,836,235
261031307,41485,-0.0176,-0.0454,1.0225,0.1831,0.3052,-0.1221,1,466,828,235
261036303,41486,-0.0171,-0.0449,1.0229,0.0000,0.3662,-0.1221,1,466,874,235
261041327,41487,-0.0171,-0.0449,1.0225,0.0610,0.5493,-0.0610,1,466,829,235
261046302,41488,-0.0176,-0.0449,1.0229,0.0610,0.5493,-0.0610,1,466,872,235
261051304,41489,-0.0181,-0.0459,1.0229,0.0610,0.5493,-0.1221,1,466,876,235
261056307,41490,-0.0186,-0.0459,1.0220,-0.0610,0.4883,-0.0610,1,494,872,235
261061301,41491,-0.0176,-0.0454,1.0229,0.0000,0.5493,-0.1221,1,469,795,235
261066307,41492,-0.0166,-0.0444,1.0234,0.0000,0.6714,-0.1221,1,482,803,235
261071304,41493,-0.0176,-0.0454,1.0225,0.0610,0.6714,-0.0610,1,503,792,235
261076307,41494,-0.0195,-0.0464,1.0210,0.0610,0.4883,-0.0610,1,495,853,235
261081301,41495,-0.0200,-0.0474,1.0210,0.0610,0.4883,-0.0610,1,481,867,235
261086309,41496,-0.0195,-0.0469,1.0210,0.1221,0.6104,-0.0610,1,500,827,235
261091308,41497,-0.0186,-0.0459,1.0210,0.0000,0.5493,-0.1221,1,506,825,235
261096307,41498,-0.0181,-0.0454,1.0220,0.0610,0.4883,-0.1221,1,467,778,235
261101304,41499,-0.0171,-0.0459,1.0225,0.0610,0.4883,-0.0610,1,472,849,235
261106303,41500,-0.0181,-0.0469,1.0215,0.0610,0.6104,-0.1221,1,479,849,235
261111304,41501,-0.0190,-0.0483,1.0205,0.0610,0.4883,-0.1831,1,484,844,235
261116309,41502,-0.0171,-0.0474,1.0220,0.1221,0.3662,-0.1831,1,466,876,235
261121302,41503,-0.0166,-0.0444,1.0244,0.0610,0.5493,-0.2441,1,465,873,235
261126308,41504,-0.0181,-0.0439,1.0234,0.0000,0.4883,-0.2441,1,466,884,235
261131304,41505,-0.0195,-0.0454,1.0215,0.0610,0.4883,-0.1221,1,466,833,235
261136309,41506,-0.0200,-0.0459,1.0205,0.1221,0.5493,-0.1221,1,466,875,235
261141319,41507,-0.0195,-0.0454,1.0215,0.0000,0.3662,-0.1831,1,466,870,235
261146307,41508,-0.0190,-0.0464,1.0234,0.0610,0.3662,-0.1831,1,466,838,235
261151308,41509,-0.0190,-0.0464,1.0234,0.1831,0.4272,-0.1221,1,493,880,235
261156307,41510,-0.0190,-0.0454,1.0220,0.1221,0.6714,-0.2441,1,485,878,235
261161306,41511,-0.0176,-0.0464,1.0215,0.0610,0.6104,-0.3662,1,464,801,235
261166303,41512,-0.0186,-0.0464,1.0264,0.0610,0.6714,-0.1831,1,476,851,235
261171305,41513,-0.0190,-0.0444,1.0264,-0.0610,0.7324,-0.2441,1,489,843,235
261176309,41514,-0.0190,-0.0449,1.0249,-0.1221,0.6104,-0.3052,1,480,839,235
261181304,41515,-0.0190,-0.0459,1.0234,-0.1831,0.7324,-0.2441,1,510,831,235
261186308,41516,-0.0190,-0.0464,1.0225,-0.0610,0.7935,-0.2441,1,483,844,235
261191309,41517,-0.0190,-0.0474,1.0225,0.0000,0.7935,-0.1221,1,495,835,235
261196302,41518,-0.0186,-0.0464,1.0239,-0.1221,0.7935,-0.1221,1,504,795,235
261201305,41519,-0.0181,-0.0449,1.0239,-0.0610,0.7935,-0.2441,1,470,851,235
261206302,41520,-0.0190,-0.0459,1.0229,-0.0610,0.8545,-0.2441,1,476,859,235
261211302,41521,-0.0205,-0.0474,1.0225,-0.1221,0.8545,-0.3052,1,484,860,235
261216309,41522,-0.0220,-0.0483,1.0210,0.0000,0.8545,-0.2441,1,466,867,235
261221302,41523,-0.0215,-0.0479,1.0195,0.1221,0.6104,-0.1831,1,466,831,235
261226303,41524,-0.0195,-0.0469,1.0195,0.1831,0.4883,-0.1221,1,466,872,235
261231301,41525,-0.0186,-0.0464,1.0205,0.1221,0.4272,-0.1831,1,466,875,235
261236308,41526,-0.0190,-0.0464,1.0220,0.0610,0.3662,-0.3052,1,465,877,235
261241329,41527,-0.0195,-0.0449,1.0229,-0.0610,0.4272,-0.3662,1,466,872,235
261246305,41528,-0.0200,-0.0435,1.0244,-0.0610,0.3662,-0.3052,1,466,883,235
261251303,41529,-0.0190,-0.0444,1.0239,-0.0610,0.3662,-0.2441,1,493,873,235
261256301,41530,-0.0161,-0.0464,1.0234,0.0000,0.4883,-0.3052,1,494,882,235
261261322,41531,-0.0156,-0.0464,1.0234,0.1221,0.4883,-0.1831,1,466,810,235
261266304,41532,-0.0181,-0.0454,1.0225,0.1221,0.3662,-0.1831,1,469,857,235
261271305,41533,-0.0200,-0.0449,1.0220,-0.0610,0.4272,-0.2441,1,497,847,235
261276308,41534,-0.0205,-0.0449,1.0229,-0.1221,0.3662,-0.3052,1,508,838,235
261281307,41535,-0.0200,-0.0449,1.0234,-0.1221,0.3662,-0.2441,1,476,873,235
261286308,41536,-0.0181,-0.0454,1.0234,-0.0610,0.3662,-0.3052,1,488,839,235
261291308,41537,-0.0176,-0.0474,1.0229,0.0000,0.4883,-0.2441,1,507,834,235
261296305,41538,-0.0200,-0.0479,1.0220,0.0610,0.4272,-0.1831,1,465,784,235
261301305,41539,-0.0215,-0.0479,1.0215,0.0000,0.4272,-0.2441,1,479,855,235
261306306,41540,-0.0205,-0.0483,1.0225,0.0610,0.4272,-0.1831,1,465,813,235
261311307,41541,-0.0195,-0.0474,1.0225,0.1831,0.4883,-0.3052,1,483,862,235
261316306,41542,-0.0195,-0.0469,1.0220,0.2441,0.4883,-0.2441,1,466,876,235
261321303,41543,-0.0195,-0.0483,1.0210,0.1831,0.6104,-0.1221,1,466,877,235
261326307,41544,-0.0205,-0.0498,1.0186,0.1221,0.6714,-0.3052,1,466,874,235
261331301,41545,-0.0229,-0.0483,1.0171,0.3052,0.3662,-0.3662,1,466,870,235
261336304,41546,-0.0234,-0.0474,1.0181,0.3052,0.3662,-0.3052,1,466,878,235
261341306,41547,-0.0210,-0.0479,1.0205,0.4272,0.2441,-0.3052,1,466,867,235
261346309,41548,-0.0176,-0.0469,1.0225,0.3052,0.1831,-0.3662,1,466,873,235
261351305,41549,-0.0166,-0.0449,1.0229,0.1831,0.3052,-0.1831,1,466,873,235
261356305,41550,-0.0176,-0.0444,1.0234,0.1221,0.2441,-0.1831,1,493,884,235
261361307,41551,-0.0186,-0.0449,1.0244,0.0610,0.2441,-0.3052,1,492,805,235
261366308,41552,-0.0195,-0.0454,1.0244,0.1831,0.3662,-0.3052,1,498,847,235
261371309,41553,-0.0200,-0.0454,1.0229,0.3052,0.4883,-0.3052,1,493,842,235
261376309,41554,-0.0210,-0.0459,1.0210,0.1831,0.3662,-0.3052,1,484,890,235
261381301,41555,-0.0215,-0.0464,1.0215,0.0610,0.3052,-0.3052,1,496,831,235
261386301,41556,-0.0210,-0.0464,1.0234,0.0610,0.2441,-0.3052,1,492,835,235
261391306,41557,-0.0205,-0.0464,1.0244,0.1831,0.2441,-0.2441,1,475,824,235
261396307,41558,-0.0190,-0.0464,1.0244,0.2441,0.2441,-0.3662,1,482,865,235
261401307,41559,-0.0190,-0.0459,1.0234,0.1221,0.3052,-0.3052,1,467,865,235
261406303,41560,-0.0205,-0.0449,1.0220,0.1221,0.3662,-0.2441,1,483,849,235
261411310,41561,-0.0210,-0.0444,1.0220,0.1221,0.3052,-0.3052,1,466,878,235
261416307,41562,-0.0186,-0.0459,1.0220,0.1831,0.3052,-0.3662,1,466,867,235
261421306,41563,-0.0166,-0.0474,1.0225,0.1831,0.3662,-0.4272,1,465,876,235
261426307,41564,-0.0176,-0.0479,1.0229,0.2441,0.3662,-0.2441,1,466,881,235
261431301,41565,-0.0190,-0.0479,1.0225,0.2441,0.4272,-0.3662,1,466,883,235
261436304,41566,-0.0210,-0.0454,1.0215,0.2441,0.5493,-0.3052,1,466,881,235
261441309,41567,-0.0229,-0.0444,1.0195,0.1831,0.4272,-0.3052,1,492,876,235
261446301,41568,-0.0220,-0.0454,1.0186,0.2441,0.3052,-0.2441,1,466,880,235
261451309,41569,-0.0190,-0.0459,1.0200,0.2441,0.3662,-0.3052,1,493,818,235
261456308,41570,-0.0186,-0.0459,1.0220,0.1221,0.3052,-0.3662,1,480,854,235
261461308,41571,-0.0195,-0.0449,1.0229,0.2441,0.1221,-0.3052,1,494,841,235
261466303,41572,-0.0200,-0.0449,1.0229,0.2441,0.3662,-0.3052,1,476,836,235
261471307,41573,-0.0205,-0.0449,1.0229,0.1221,0.2441,-0.3052,1,492,799,235
261476303,41574,-0.0200,-0.0444,1.0229,0.0610,0.3662,-0.3052,1,504,874,235
261481307,41575,-0.0195,-0.0439,1.0225,0.1221,0.2441,-0.2441,1,495,835,235
261486301,41576,-0.0215,-0.0444,1.0205,0.1221,0.1831,-0.2441,1,508,841,235
261491305,41577,-0.0234,-0.0459,1.0190,0.0610,0.1221,-0.2441,1,474,858,235
261496308,41578,-0.0225,-0.0464,1.0195,0.1831,0.0610,-0.1831,1,477,854,235
261501305,41579,-0.0205,-0.0459,1.0210,0.0610,-0.0610,-0.1221,1,484,859,235
261506305,41580,-0.0200,-0.0454,1.0234,0.1221,0.0000,-0.2441,1,466,867,235
261511303,41581,-0.0195,-0.0444,1.0244,0.1221,-0.0610,-0.1831,1,466,832,235
261516307,41582,-0.0190,-0.0454,1.0239,0.0610,0.0000,-0.3052,1,466,880,235
261521305,41583,-0.0195,-0.0464,1.0244,0.1221,0.0000,-0.3662,1,465,830,235
261526304,41584,-0.0190,-0.0459,1.0254,0.1221,0.0610,-0.3052,1,466,832,235
261531325,41585,-0.0181,-0.0454,1.0254,0.0000,0.1831,-0.1831,1,466,868,235
261536306,41586,-0.0181,-0.0454,1.0249,0.0610,0.1831,-0.3052,1,466,832,235
261541301,41587,-0.0190,-0.0464,1.0234,0.1831,0.1831,-0.3662,1,494,873,235
261546303,41588,-0.0195,-0.0464,1.0225,0.1221,0.1831,-0.2441,1,494,882,235
261551308,41589,-0.0210,-0.0454,1.0215,0.0610,0.2441,-0.2441,1,470,856,235
261556305,41590,-0.0225,-0.0459,1.0220,0.1831,0.1831,-0.3052,1,501,849,235
261561306,41591,-0.0225,-0.0459,1.0229,0.1221,0.0610,-0.3052,1,474,834,235
261566303,41592,-0.0200,-0.0464,1.0220,0.0610,0.1831,-0.3662,1,504,783,235
261571306,41593,-0.0190,-0.0474,1.0215,0.1221,0.1221,-0.3662,1,488,911,235
261576306,41594,-0.0186,-0.0474,1.0220,0.1221,0.1221,-0.2441,1,494,831,235
261581302,41595,-0.0181,-0.0464,1.0229,0.0610,0.1831,-0.2441,1,492,831,235
261586308,41596,-0.0176,-0.0454,1.0239,0.1831,0.0000,-0.3052,1,475,876,235
261591305,41597,-0.0171,-0.0439,1.0249,0.1221,0.0610,-0.3052,1,479,814,235
261596310,41598,-0.0171,-0.0439,1.0244,0.1221,0.1221,-0.1221,1,482,851,235
261601303,41599,-0.0186,-0.0444,1.0239,0.0610,0.0610,-0.1221,1,466,851,235
261606307,41600,-0.0210,-0.0435,1.0239,0.0610,0.1221,-0.1831,1,466,872,235
261611301,41601,-0.0210,-0.0439,1.0239,0.1221,0.2441,-0.3052,1,466,873,235
261616310,41602,-0.0190,-0.0459,1.0234,0.0000,0.1831,-0.3662,1,466,875,235
261621301,41603,-0.0176,-0.0464,1.0229,-0.1221,0.1831,-0.3052,1,466,835,235
261626313,41604,-0.0181,-0.0459,1.0220,-0.1831,0.2441,-0.3052,1,466,873,235
261631309,41605,-0.0181,-0.0459,1.0215,0.0000,0.3052,-0.2441,1,466,874,235
261636304,41606,-0.0181,-0.0469,1.0215,-0.0610,0.4272,-0.1831,1,493,825,235
261641301,41607,-0.0176,-0.0474,1.0210,0.0610,0.4272,-0.1221,1,466,872,235
261646306,41608,-0.0181,-0.0479,1.0205,0.0000,0.4883,-0.1831,1,494,806,235
261651305,41609,-0.0200,-0.0479,1.0195,0.0610,0.6714,-0.3052,1,470,798,235
261656305,41610,-0.0215,-0.0474,1.0181,0.1831,0.3662,-0.2441,1,504,841,235
261661304,41611,-0.0215,-0.0479,1.0186,0.3052,0.2441,-0.2441,1,474,837,235
261666304,41612,-0.0210,-0.0479,1.0205,0.3662,0.4272,-0.3052,1,508,789,235
261671303,41613,-0.0220,-0.0474,1.0205,0.4272,0.3052,-0.3052,1,494,921,235
261676305,41614,-0.0215,-0.0464,1.0200,0.5493,0.1831,-0.2441,1,481,838,235
261681302,41615,-0.0190,-0.0464,1.0220,0.5493,0.0610,-0.4272,1,504,839,235
261686307,41616,-0.0171,-0.0483,1.0244,0.5493,0.1831,-0.3052,1,467,856,235
261691302,41617,-0.0176,-0.0474,1.0244,0.7324,0.1831,-0.3052,1,469,860,235
261696309,41618,-0.0200,-0.0449,1.0239,0.6104,0.1831,-0.3662,1,483,859,235
261701307,41619,-0.0220,-0.0435,1.0215,0.6104,0.1221,-0.3662,1,466,878,235
261706303,41620,-0.0220,-0.0444,1.0200,0.6714,-0.0610,-0.3052,1,465,871,235
261711301,41621,-0.0195,-0.0454,1.0215,0.6104,0.0000,-0.3052,1,466,871,235
261716305,41622,-0.0161,-0.0439,1.0249,0.5493,0.0610,-0.3662,1,465,828,235
261721302,41623,-0.0146,-0.0410,1.0273,0.3662,0.1831,-0.4272,1,466,885,235
261726336,41624,-0.0161,-0.0425,1.0278,0.1831,0.1221,-0.3662,1,466,885,235
261731305,41625,-0.0181,-0.0454,1.0259,0.1831,0.1831,-0.3052,1,466,880,235
261736304,41626,-0.0181,-0.0454,1.0244,0.2441,0.2441,-0.4272,1,466,876,235
261741304,41627,-0.0181,-0.0435,1.0244,0.1221,0.4272,-0.3052,1,487,882,235
261746309,41628,-0.0186,-0.0425,1.0239,0.0610,0.4883,-0.3052,1,464,841,235
261751310,41629,-0.0205,-0.0439,1.0229,0.1831,0.3662,-0.3052,1,494,841,235
261756307,41630,-0.0225,-0.0454,1.0220,0.1831,0.3662,-0.1831,1,486,841,235
261761309,41631,-0.0225,-0.0454,1.0229,0.0610,0.3052,-0.2441,1,501,795,235
261766301,41632,-0.0210,-0.0454,1.0239,0.1221,0.2441,-0.3052,1,493,908,235
261771307,41633,-0.0195,-0.0444,1.0234,0.1221,0.3052,-0.2441,1,479,844,235
261776303,41634,-0.0195,-0.0435,1.0234,0.0610,0.3052,-0.2441,1,505,839,235
261781303,41635,-0.0205,-0.0444,1.0234,0.0610,0.4272,-0.1831,1,471,856,235
261786307,41636,-0.0210,-0.0459,1.0220,0.0610,0.4272,-0.2441,1,479,864,235
261791301,41637,-0.0200,-0.0464,1.0220,0.0610,0.3052,-0.2441,1,484,856,235
261796309,41638,-0.0181,-0.0454,1.0229,0.1831,0.4272,-0.2441,1,466,870,235
261801302,41639,-0.0166,-0.0444,1.0239,0.1831,0.3662,-0.2441,1,466,883,235
261806301,41640,-0.0171,-0.0444,1.0229,0.0610,0.3052,-0.2441,1,466,887,235
261811307,41641,-0.0200,-0.0454,1.0220,0.0610,0.3662,-0.3662,1,466,876,235
261816305,41642,-0.0215,-0.0454,1.0225,0.0610,0.3662,-0.3052,1,466,879,235
261821326,41643,-0.0200,-0.0444,1.0229,0.0610,0.4272,-0.1831,1,465,873,235
261826309,41644,-0.0176,-0.0435,1.0234,-0.0610,0.3662,-0.1831,1,466,880,235
261831308,41645,-0.0166,-0.0449,1.0234,-0.0610,0.4883,-0.3052,1,493,880,235
261836304,41646,-0.0166,-0.0464,1.0239,-0.1221,0.5493,-0.3052,1,490,876,235
261841325,41647,-0.0176,-0.0464,1.0239,-0.0610,0.4883,-0.2441,1,494,816,235
261846303,41648,-0.0190,-0.0469,1.0225,-0.1221,0.4883,-0.2441,1,467,856,235
261851308,41649,-0.0210,-0.0464,1.0200,-0.1831,0.4272,-0.2441,1,480,831,235
261856310,41650,-0.0229,-0.0459,1.0171,0.0000,0.4272,-0.2441,1,510,838,235
261861308,41651,-0.0234,-0.0464,1.0166,0.0610,0.3052,-0.1831,1,477,792,235
261866305,41652,-0.0215,-0.0449,1.0195,0.0000,0.1831,-0.1221,1,491,833,235
261871310,41653,-0.0195,-0.0435,1.0229,-0.0610,0.1831,-0.0610,1,494,755,235
261876302,41654,-0.0190,-0.0435,1.0234,-0.1221,0.3052,-0.1831,1,501,845,235
261881301,41655,-0.0215,-0.0439,1.0215,0.0000,0.1831,-0.3052,1,470,855,235
261886307,41656,-0.0225,-0.0444,1.0195,0.0610,0.1221,-0.1831,1,475,811,235
261891303,41657,-0.0210,-0.0449,1.0200,0.1221,0.1831,-0.1221,1,484,857,235
261896302,41658,-0.0195,-0.0454,1.0215,0.0000,0.1221,-0.1831,1,466,870,235
261901303,41659,-0.0205,-0.0454,1.0210,0.0000,0.0000,-0.2441,1,465,834,235
261906306,41660,-0.0215,-0.0449,1.0200,0.0610,0.1221,-0.1831,1,466,787,235
261911302,41661,-0.0200,-0.0454,1.0210,0.0000,0.0000,-0.1221,1,466,872,235
261916302,41662,-0.0190,-0.0464,1.0229,0.0610,0.1221,-0.0610,1,466,780,235
261921332,41663,-0.0190,-0.0464,1.0234,0.1221,0.1831,-0.0610,1,466,872,235
261926309,41664,-0.0186,-0.0449,1.0234,0.0610,0.1221,-0.2441,1,466,875,235
261931305,41665,-0.0186,-0.0439,1.0239,0.0000,0.1831,-0.2441,1,466,875,235
261936307,41666,-0.0190,-0.0439,1.0244,-0.1221,0.2441,-0.1831,1,494,836,235
261941303,41667,-0.0176,-0.0449,1.0244,-0.1221,0.3662,-0.1221,1,493,805,235
261946304,41668,-0.0181,-0.0454,1.0234,-0.0610,0.3052,-0.1831,1,499,855,235
261951308,41669,-0.0215,-0.0464,1.0210,0.0610,0.2441,-0.1831,1,486,835,235
261956307,41670,-0.0234,-0.0464,1.0205,0.0000,0.2441,-0.1831,1,493,855,235
261961303,41671,-0.0225,-0.0459,1.0220,0.0000,0.2441,-0.2441,1,484,793,235
261966303,41672,-0.0200,-0.0464,1.0229,0.0610,0.1221,-0.1221,1,497,800,235
261971301,41673,-0.0186,-0.0479,1.0234,0.0000,0.1831,-0.1831,1,497,829,235
261976301,41674,-0.0190,-0.0469,1.0234,0.0610,0.2441,-0.3662,1,466,813,235
261981302,41675,-0.0195,-0.0449,1.0225,0.1221,0.1831,-0.1831,1,473,859,235
261986303,41676,-0.0195,-0.0454,1.0215,0.0610,0.2441,-0.1831,1,476,861,235
261991305,41677,-0.0200,-0.0464,1.0210,0.1221,0.1221,-0.1831,1,484,863,235
261996306,41678,-0.0195,-0.0459,1.0215,0.0610,0.2441,-0.2441,1,466,870,235
262001310,41679,-0.0186,-0.0459,1.0225,0.0610,0.2441,-0.1221,1,466,879,235
262006301,41680,-0.0190,-0.0469,1.0239,0.0610,0.3052,-0.1831,1,466,870,235
262011307,41681,-0.0200,-0.0469,1.0229,0.2441,0.3662,-0.1221,1,466,873,235
262016305,41682,-0.0205,-0.0449,1.0210,0.1831,0.3662,0.0000,1,466,877,235
262021323,41683,-0.0210,-0.0430,1.0195,0.0610,0.0610,-0.1221,1,466,832,235
262026303,41684,-0.0205,-0.0439,1.0200,0.1221,0.1221,-0.1221,1,466,868,235
262031310,41685,-0.0200,-0.0449,1.0215,0.1221,0.1831,-0.0610,1,466,867,235
262036308,41686,-0.0200,-0.0454,1.0215,-0.0610,0.1831,-0.0610,1,492,871,235
262041304,41687,-0.0210,-0.0449,1.0220,0.0000,0.0610,-0.1221,1,494,795,235
262046307,41688,-0.0205,-0.0454,1.0225,-0.0610,0.0000,-0.1221,1,470,785,235
262051305,41689,-0.0190,-0.0464,1.0225,-0.0610,0.0000,-0.0610,1,473,740,235
262056302,41690,-0.0195,-0.0469,1.0225,-0.1221,0.0610,-0.1831,1,506,822,235
262061303,41691,-0.0205,-0.0459,1.0220,-0.1221,0.1221,-0.1831,1,478,910,235
262066306,41692,-0.0195,-0.0449,1.0225,0.0000,0.0610,-0.0610,1,508,831,235
262071303,41693,-0.0195,-0.0454,1.0225,0.0000,0.0000,-0.1831,1,505,790,235
262076309,41694,-0.0205,-0.0454,1.0215,0.0000,-0.1221,-0.1221,1,499,740,235
262081305,41695,-0.0200,-0.0444,1.0210,0.0000,0.0000,-0.0610,1,469,808,235
262086302,41696,-0.0190,-0.0439,1.0225,0.0000,0.0000,-0.1221,1,477,762,235
262091307,41697,-0.0181,-0.0459,1.0239,0.0000,-0.1831,-0.1221,1,484,764,235
262096303,41698,-0.0171,-0.0464,1.0234,0.0000,-0.0610,-0.0610,1,466,827,235
262101309,41699,-0.0186,-0.0439,1.0234,0.0000,0.1221,-0.1831,1,466,826,235
262106308,41700,-0.0205,-0.0444,1.0229,-0.0610,0.0000,-0.0610,1,466,832,235
262111307,41701,-0.0205,-0.0454,1.0215,0.1831,-0.1221,-0.1221,1,466,831,235
262116306,41702,-0.0210,-0.0454,1.0200,0.2441,-0.0610,-0.1221,1,466,874,235
262121303,41703,-0.0225,-0.0464,1.0205,0.1221,-0.1831,-0.1831,1,466,873,235
262126310,41704,-0.0205,-0.0449,1.0259,0.1221,-0.1831,-0.1221,1,466,875,235
262131303,41705,-0.0200,-0.0449,1.0254,0.0000,-0.0610,-0.1221,1,466,873,235
262136304,41706,-0.0205,-0.0430,1.0244,0.0610,-0.2441,-0.1831,1,465,824,235
262141310,41707,-0.0205,-0.0425,1.0234,0.0000,-0.2441,-0.1831,1,494,879,235
262146309,41708,-0.0195,-0.0435,1.0239,-0.1221,-0.2441,-0.1831,1,493,786,235
262151302,41709,-0.0176,-0.0439,1.0259,0.0000,-0.1831,-0.1221,1,497,874,235
262156309,41710,-0.0176,-0.0444,1.0259,-0.1221,-0.1221,-0.1831,1,491,811,235
262161302,41711,-0.0195,-0.0459,1.0234,-0.1221,0.0000,-0.1831,1,496,855,235
262166307,41712,-0.0210,-0.0454,1.0205,-0.3052,0.0000,-0.1831,1,492,792,235
262171308,41713,-0.0215,-0.0449,1.0210,-0.1831,-0.1221,-0.1831,1,498,797,235
262176301,41714,-0.0200,-0.0449,1.0239,-0.1831,-0.1221,-0.1831,1,493,846,235
262181308,41715,-0.0186,-0.0454,1.0269,-0.3052,0.0000,-0.2441,1,467,876,235
262186303,41716,-0.0176,-0.0454,1.0264,-0.2441,0.1221,0.0000,1,467,810,235
262191307,41717,-0.0176,-0.0449,1.0225,-0.3662,0.1221,0.0000,1,472,813,235
262196302,41718,-0.0190,-0.0454,1.0200,-0.3052,0.0000,-0.0610,1,483,811,235
262201306,41719,-0.0186,-0.0454,1.0210,-0.1831,0.0000,-0.1221,1,465,826,235
262206307,41720,-0.0171,-0.0459,1.0229,-0.1221,0.0610,-0.2441,1,466,830,235
262211304,41721,-0.0166,-0.0464,1.0239,-0.1831,0.1221,-0.1221,1,466,873,235
262216301,41722,-0.0181,-0.0454,1.0229,-0.1831,0.2441,-0.2441,1,466,877,235
262221305,41723,-0.0210,-0.0439,1.0205,0.0000,0.1221,-0.2441,1,466,884,235
262226320,41724,-0.0220,-0.0439,1.0195,-0.1831,0.0000,-0.1221,1,465,830,235
262231306,41725,-0.0186,-0.0454,1.0205,-0.1221,-0.1221,-0.1221,1,466,833,235
262236304,41726,-0.0146,-0.0464,1.0229,0.0000,0.0000,-0.2441,1,493,869,235
262241301,41727,-0.0142,-0.0439,1.0239,0.0000,0.0000,-0.1831,1,486,713,235
262246322,41728,-0.0166,-0.0435,1.0229,-0.1221,0.0610,-0.2441,1,494,760,235
262251307,41729,-0.0190,-0.0439,1.0225,-0.1221,-0.0610,-0.3052,1,464,871,235
262256302,41730,-0.0190,-0.0454,1.0229,-0.3052,-0.0610,-0.2441,1,490,840,235
262261307,41731,-0.0176,-0.0459,1.0239,-0.3052,-0.1221,-0.2441,1,508,839,235
262266309,41732,-0.0171,-0.0444,1.0249,-0.2441,-0.0610,-0.3662,1,474,905,235
262271304,41733,-0.0171,-0.0439,1.0254,-0.2441,0.0000,-0.3052,1,506,907,235
262276306,41734,-0.0166,-0.0459,1.0249,-0.3052,0.1221,-0.1831,1,485,798,235
262281308,41735,-0.0161,-0.0483,1.0234,-0.3052,0.1221,-0.1831,1,500,844,235
262286309,41736,-0.0171,-0.0479,1.0215,-0.2441,0.0610,-0.3052,1,477,860,235
262291307,41737,-0.0181,-0.0464,1.0210,-0.3052,0.2441,-0.3052,1,482,851,235
262296308,41738,-0.0181,-0.0454,1.0215,-0.4272,0.2441,-0.1221,1,483,849,235
262301306,41739,-0.0186,-0.0449,1.0220,-0.1221,0.3052,-0.1831,1,466,878,235
262306308,41740,-0.0195,-0.0464,1.0210,-0.2441,0.4272,-0.3052,1,466,872,235
262311307,41741,-0.0205,-0.0474,1.0210,-0.1221,0.3052,-0.1221,1,465,875,235
262316301,41742,-0.0200,-0.0469,1.0210,-0.1221,0.2441,-0.2441,1,465,865,235
262321301,41743,-0.0200,-0.0469,1.0210,0.0000,0.1831,-0.2441,1,466,872,235
262326323,41744,-0.0190,-0.0469,1.0210,0.0000,0.2441,-0.2441,1,466,827,235
262331310,41745,-0.0176,-0.0474,1.0225,0.0610,0.2441,-0.3052,1,466,829,235
262336304,41746,-0.0166,-0.0464,1.0249,0.1221,0.1831,-0.2441,1,493,871,235
262341308,41747,-0.0166,-0.0459,1.0254,0.0610,0.3052,-0.1831,1,493,880,235
262346302,41748,-0.0176,-0.0454,1.0244,0.0610,0.3052,-0.1221,1,494,797,235
262351301,41749,-0.0181,-0.0444,1.0244,0.0000,0.3052,-0.1221,1,496,853,235
262356302,41750,-0.0171,-0.0444,1.0259,-0.1831,0.3052,-0.1221,1,486,738,235
262361302,41751,-0.0156,-0.0454,1.0269,-0.1831,0.4272,-0.1831,1,498,852,235
262366302,41752,-0.0156,-0.0459,1.0259,-0.2441,0.3662,-0.1221,1,487,881,235
262371307,41753,-0.0171,-0.0464,1.0239,-0.2441,0.3662,-0.1831,1,501,836,235
262376309,41754,-0.0176,-0.0469,1.0225,-0.2441,0.5493,-0.0610,1,493,841,235
262381303,41755,-0.0171,-0.0469,1.0234,-0.3052,0.6104,-0.0610,1,469,870,235
262386305,41756,-0.0166,-0.0469,1.0239,-0.2441,0.7935,-0.1831,1,483,847,235
262391305,41757,-0.0171,-0.0459,1.0244,-0.3052,0.8545,-0.0610,1,482,862,235
262396303,41758,-0.0181,-0.0449,1.0244,-0.3662,0.7324,-0.1221,1,466,851,235
262401308,41759,-0.0195,-0.0444,1.0239,-0.3052,0.7324,-0.1221,1,466,877,235
262406305,41760,-0.0200,-0.0454,1.0239,-0.3662,0.7324,-0.2441,1,466,878,235
262411301,41761,-0.0190,-0.0474,1.0229,-0.3052,0.6714,-0.1221,1,466,885,235
262416301,41762,-0.0176,-0.0488,1.0220,-0.3052,0.6714,-0.1831,1,466,871,235
262421305,41763,-0.0171,-0.0493,1.0210,-0.2441,0.7935,-0.1831,1,466,875,235
262426304,41764,-0.0186,-0.0479,1.0205,-0.2441,0.7935,-0.1221,1,466,878,235
262431310,41765,-0.0200,-0.0469,1.0210,-0.2441,0.7935,-0.1221,1,492,873,235
262436307,41766,-0.0215,-0.0469,1.0225,-0.2441,0.7935,-0.2441,1,466,867,235
262441319,41767,-0.0215,-0.0459,1.0234,-0.1221,0.6714,-0.1221,1,494,874,235
262446302,41768,-0.0186,-0.0449,1.0254,-0.2441,0.6714,-0.0610,1,464,812,235
262451306,41769,-0.0156,-0.0454,1.0264,-0.3662,0.8545,-0.0610,1,475,836,235
262456302,41770,-0.0166,-0.0454,1.0239,-0.2441,0.9155,-0.0610,1,503,837,235
262461308,41771,-0.0220,-0.0464,1.0205,-0.2441,0.8545,-0.0610,1,477,882,235
262466305,41772,-0.0244,-0.0469,1.0181,-0.2441,0.7324,-0.2441,1,484,834,235
262471307,41773,-0.0225,-0.0449,1.0195,-0.1831,0.7324,-0.0610,1,492,846,235
262476307,41774,-0.0190,-0.0435,1.0234,-0.1831,0.7935,0.0610,1,498,849,235
262481304,41775,-0.0161,-0.0449,1.0264,-0.3052,0.9155,-0.0610,1,480,858,235
262486310,41776,-0.0161,-0.0459,1.0264,-0.4272,0.9155,-0.0610,1,467,857,235
262491305,41777,-0.0166,-0.0454,1.0254,-0.4272,0.9155,-0.1221,1,483,859,235
262496306,41778,-0.0166,-0.0444,1.0254,-0.4883,0.9766,-0.1221,1,466,880,235
262501303,41779,-0.0166,-0.0439,1.0259,-0.4883,1.1597,0.0000,1,466,874,235
262506305,41780,-0.0176,-0.0449,1.0264,-0.5493,1.1597,0.0000,1,466,834,235
262511304,41781,-0.0186,-0.0459,1.0259,-0.5493,1.2817,0.1221,1,466,832,235
262516301,41782,-0.0195,-0.0464,1.0234,-0.6104,1.3428,0.0000,1,466,877,235
262521326,41783,-0.0210,-0.0464,1.0195,-0.4272,1.4648,0.0000,1,466,830,235
262526303,41784,-0.0244,-0.0474,1.0161,-0.4272,1.2817,-0.0610,1,466,833,235
262531306,41785,-0.0264,-0.0488,1.0156,-0.4272,1.0986,0.0000,1,466,878,235
262536312,41786,-0.0244,-0.0488,1.0186,-0.3662,0.9155,-0.0610,1,494,732,235
262541304,41787,-0.0205,-0.0483,1.0215,-0.3662,0.9155,-0.0610,1,467,803,235
262546305,41788,-0.0195,-0.0479,1.0215,-0.3052,0.9766,-0.0610,1,504,859,235
262551306,41789,-0.0225,-0.0474,1.0205,-0.2441,0.9155,0.0000,1,497,830,235
262556309,41790,-0.0239,-0.0479,1.0195,-0.2441,0.6714,-0.0610,1,491,793,235
262561305,41791,-0.0225,-0.0479,1.0205,-0.2441,0.6714,-0.1831,1,503,838,235
262566305,41792,-0.0205,-0.0469,1.0229,-0.1831,0.6104,-0.0610,1,495,847,235
262571305,41793,-0.0200,-0.0459,1.0234,-0.3052,0.6714,-0.0610,1,481,798,235
262576303,41794,-0.0215,-0.0479,1.0229,-0.2441,0.6104,0.0000,1,473,851,235
262581303,41795,-0.0234,-0.0503,1.0225,-0.1221,0.5493,-0.0610,1,478,812,235
262586302,41796,-0.0234,-0.0503,1.0215,-0.1221,0.5493,-0.1221,1,466,853,235
262591308,41797,-0.0229,-0.0493,1.0210,-0.1221,0.4272,-0.0610,1,466,869,235
262596302,41798,-0.0220,-0.0488,1.0220,-0.0610,0.4272,-0.1221,1,466,874,235
262601307,41799,-0.0205,-0.0479,1.0229,-0.0610,0.4272,-0.0610,1,466,876,235
262606307,41800,-0.0205,-0.0474,1.0220,-0.0610,0.4883,-0.1221,1,466,876,235
262611308,41801,-0.0215,-0.0479,1.0215,0.0000,0.4883,-0.1221,1,466,872,235
262616308,41802,-0.0210,-0.0474,1.0215,0.0610,0.3052,-0.1831,1,465,824,235
262621304,41803,-0.0205,-0.0469,1.0225,0.0610,0.2441,-0.1831,1,466,869,235
262626301,41804,-0.0210,-0.0479,1.0225,0.0610,0.2441,0.0000,1,466,874,235
262631302,41805,-0.0215,-0.0498,1.0220,0.0000,0.3662,-0.0610,1,493,806,235
262636302,41806,-0.0215,-0.0493,1.0215,0.0610,0.3052,-0.1831,1,499,800,235
262641310,41807,-0.0234,-0.0479,1.0190,-0.0610,0.4272,-0.1831,1,491,833,235
262646305,41808,-0.0254,-0.0483,1.0166,0.0000,0.2441,-0.2441,1,499,818,235
262651309,41809,-0.0239,-0.0498,1.0176,0.1831,0.1221,-0.1831,1,489,797,235
262656310,41810,-0.0205,-0.0493,1.0215,0.1831,0.1831,-0.1221,1,501,840,235
262661305,41811,-0.0186,-0.0479,1.0234,0.3052,0.0610,-0.0610,1,494,839,235
262666306,41812,-0.0195,-0.0464,1.0229,0.3052,0.1831,-0.1221,1,482,866,235
262671307,41813,-0.0205,-0.0459,1.0234,0.1831,0.1831,-0.1831,1,468,856,235
262676310,41814,-0.0200,-0.0464,1.0249,0.0610,0.1831,-0.2441,1,483,865,235
262681308,41815,-0.0210,-0.0474,1.0259,0.1831,0.1831,-0.1831,1,466,876,235
262686302,41816,-0.0215,-0.0483,1.0249,0.1221,0.3662,-0.1831,1,466,879,235
262691306,41817,-0.0215,-0.0474,1.0254,0.0610,0.2441,-0.1831,1,466,880,235
262696305,41818,-0.0190,-0.0459,1.0269,0.0000,0.1831,-0.2441,1,466,876,235
262701308,41819,-0.0176,-0.0469,1.0249,-0.0610,0.3662,-0.1831,1,466,834,235
262706322,41820,-0.0205,-0.0479,1.0210,0.0000,0.3662,-0.1221,1,466,876,235
262711305,41821,-0.0229,-0.0479,1.0190,0.0000,0.3052,-0.1831,1,466,826,235
262716309,41822,-0.0225,-0.0483,1.0210,0.0000,0.2441,-0.1831,1,466,829,235
262721309,41823,-0.0195,-0.0488,1.0234,-0.0610,0.1831,-0.1221,1,466,757,235
262726303,41824,-0.0186,-0.0488,1.0239,-0.0610,0.3052,-0.3052,1,493,807,235
262731304,41825,-0.0195,-0.0479,1.0229,0.0000,0.3662,-0.3052,1,504,853,235
262736308,41826,-0.0210,-0.0479,1.0220,0.0000,0.3052,-0.1221,1,472,827,235
262741305,41827,-0.0225,-0.0493,1.0210,0.0000,0.3052,-0.1221,1,505,818,235
262746301,41828,-0.0220,-0.0488,1.0220,0.1831,0.2441,-0.2441,1,499,783,235
262751302,41829,-0.0205,-0.0469,1.0234,0.0610,0.3662,-0.2441,1,486,842,235
262756309,41830,-0.0200,-0.0464,1.0234,-0.0610,0.4272,-0.2441,1,492,847,235
262761303,41831,-0.0205,-0.0459,1.0229,0.0610,0.3052,-0.2441,1,469,859,235
262766304,41832,-0.0200,-0.0469,1.0225,0.0000,0.2441,-0.2441,1,482,855,235
262771309,41833,-0.0200,-0.0469,1.0225,-0.0610,0.3662,-0.1831,1,484,811,235
262776303,41834,-0.0215,-0.0459,1.0234,0.0000,0.5493,-0.1831,1,466,874,235
262781303,41835,-0.0215,-0.0469,1.0244,-0.1221,0.4883,-0.2441,1,466,834,235
262786304,41836,-0.0205,-0.0479,1.0249,-0.1221,0.4883,-0.1831,1,466,873,235
262791304,41837,-0.0200,-0.0479,1.0244,-0.0610,0.5493,-0.0610,1,465,877,235
262796309,41838,-0.0195,-0.0469,1.0234,-0.0610,0.5493,-0.1221,1,466,876,235
262801320,41839,-0.0210,-0.0474,1.0220,-0.1221,0.6714,-0.1831,1,466,874,235
262806302,41840,-0.0244,-0.0479,1.0205,-0.1831,0.5493,-0.1831,1,466,871,235
262811307,41841,-0.0259,-0.0483,1.0200,-0.2441,0.3052,-0.1221,1,466,883,235
262816307,41842,-0.0244,-0.0479,1.0210,-0.1221,0.3052,-0.3052,1,494,870,235
262821307,41843,-0.0210,-0.0469,1.0229,-0.0610,0.3662,-0.1831,1,493,763,235
262826305,41844,-0.0195,-0.0469,1.0244,-0.2441,0.3052,-0.0610,1,490,857,235
262831303,41845,-0.0200,-0.0464,1.0239,-0.1221,0.4883,-0.1221,1,480,835,235
262836309,41846,-0.0205,-0.0469,1.0234,-0.2441,0.4883,-0.3052,1,498,790,235
262841308,41847,-0.0210,-0.0488,1.0210,-0.1831,0.4272,-0.3052,1,483,834,235
262846301,41848,-0.0215,-0.0493,1.0195,-0.1831,0.3662,-0.2441,1,472,843,235
262851302,41849,-0.0220,-0.0483,1.0200,-0.0610,0.4272,-0.2441,1,504,845,235
262856308,41850,-0.0215,-0.0479,1.0225,0.0000,0.5493,-0.2441,1,468,858,235
262861305,41851,-0.0220,-0.0479,1.0229,-0.0610,0.3662,-0.1831,1,469,813,235
262866304,41852,-0.0234,-0.0479,1.0205,-0.1221,0.3052,-0.1221,1,484,861,235
262871309,41853,-0.0249,-0.0488,1.0190,0.0000,0.2441,-0.1831,1,466,866,235
262876303,41854,-0.0244,-0.0498,1.0205,0.0000,0.1831,-0.3052,1,466,838,235
262881307,41855,-0.0225,-0.0503,1.0220,-0.0610,0.0610,-0.1221,1,466,833,235
262886302,41856,-0.0210,-0.0498,1.0220,0.0000,0.1831,-0.1831,1,466,867,235
262891306,41857,-0.0229,-0.0488,1.0205,-0.0610,0.1831,-0.1831,1,465,834,235
262896308,41858,-0.0239,-0.0483,1.0205,0.1221,0.0000,-0.1831,1,466,882,235
262901302,41859,-0.0229,-0.0483,1.0215,0.1221,0.0610,-0.2441,1,465,833,235
262906306,41860,-0.0210,-0.0474,1.0229,0.1831,0.1831,-0.3052,1,492,875,235
262911302,41861,-0.0210,-0.0474,1.0234,0.0610,0.1831,-0.3052,1,468,875,235
262916309,41862,-0.0215,-0.0479,1.0229,0.0610,0.1831,-0.1221,1,464,796,235
262921306,41863,-0.0215,-0.0479,1.0220,0.1221,0.0610,-0.2441,1,466,778,235
262926302,41864,-0.0225,-0.0479,1.0215,0.1221,0.0610,-0.1831,1,480,831,235
262931308,41865,-0.0220,-0.0474,1.0229,-0.0610,-0.0610,-0.1831,1,500,811,235
262936309,41866,-0.0210,-0.0479,1.0244,0.1221,0.1831,-0.2441,1,483,894,235
262941303,41867,-0.0210,-0.0483,1.0254,0.0000,0.1831,-0.1831,1,495,837,235
262946309,41868,-0.0210,-0.0474,1.0249,-0.0610,0.0610,-0.2441,1,493,802,235
262951301,41869,-0.0210,-0.0464,1.0244,0.0000,0.0000,-0.3052,1,495,843,235
262956305,41870,-0.0205,-0.0469,1.0234,-0.0610,0.1831,-0.3052,1,465,760,235
262961306,41871,-0.0205,-0.0474,1.0234,0.0000,0.2441,-0.2441,1,480,856,235
262966307,41872,-0.0215,-0.0469,1.0239,0.1221,0.2441,-0.2441,1,466,817,235
262971305,41873,-0.0225,-0.0474,1.0234,0.0000,0.1831,-0.2441,1,466,875,235
262976308,41874,-0.0229,-0.0479,1.0215,0.0000,0.3052,-0.2441,1,466,837,235
262981310,41875,-0.0225,-0.0474,1.0210,-0.1221,0.2441,-0.1831,1,466,829,235
262986307,41876,-0.0220,-0.0479,1.0205,-0.1221,0.3662,-0.2441,1,466,873,235
262991304,41877,-0.0220,-0.0493,1.0205,-0.1221,0.3662,-0.2441,1,466,876,235
262996302,41878,-0.0215,-0.0493,1.0200,0.0000,0.1831,-0.1831,1,466,880,235
263001302,41879,-0.0225,-0.0483,1.0205,-0.1221,0.1831,-0.3052,1,492,834,235
263006304,41880,-0.0229,-0.0479,1.0205,0.0000,0.1221,-0.2441,1,466,871,235
263011327,41881,-0.0229,-0.0479,1.0215,0.1221,0.1221,-0.2441,1,493,763,235
263016309,41882,-0.0234,-0.0488,1.0215,0.0000,0.1831,-0.2441,1,466,797,235
263021305,41883,-0.0239,-0.0488,1.0210,0.1221,0.1221,-0.2441,1,488,794,235
263026309,41884,-0.0244,-0.0483,1.0210,0.0610,0.2441,-0.1831,1,506,832,235
263031309,41885,-0.0244,-0.0483,1.0225,0.0610,0.3052,-0.1831,1,472,890,235
263036301,41886,-0.0229,-0.0488,1.0234,0.0610,0.0610,-0.1831,1,484,835,235
263041304,41887,-0.0205,-0.0483,1.0244,0.1221,0.0000,-0.1831,1,501,848,235
263046303,41888,-0.0190,-0.0474,1.0239,0.0610,0.1221,-0.2441,1,466,813,235
263051308,41889,-0.0215,-0.0479,1.0229,0.0610,0.1831,-0.1831,1,472,857,235
263056306,41890,-0.0244,-0.0493,1.0220,0.2441,0.0610,-0.1831,1,468,859,235
263061307,41891,-0.0249,-0.0503,1.0215,0.1221,0.0000,-0.1831,1,484,863,235
263066304,41892,-0.0239,-0.0503,1.0205,0.0610,0.0610,-0.2441,1,466,828,235
263071307,41893,-0.0234,-0.0488,1.0190,0.2441,-0.0610,-0.2441,1,466,874,235
263076308,41894,-0.0229,-0.0469,1.0200,0.2441,-0.0610,-0.2441,1,466,880,235
263081301,41895,-0.0220,-0.0469,1.0215,0.1831,-0.1221,-0.2441,1,466,876,235
263086306,41896,-0.0215,-0.0483,1.0220,0.1831,0.0000,-0.3052,1,465,875,235
263091301,41897,-0.0215,-0.0488,1.0215,0.3052,-0.1831,-0.3052,1,466,829,235
263096309,41898,-0.0234,-0.0488,1.0205,0.2441,-0.2441,-0.1831,1,466,871,235
263101305,41899,-0.0244,-0.0498,1.0200,0.2441,-0.2441,-0.3052,1,492,882,235
263106302,41900,-0.0200,-0.0479,1.0234,0.3662,-0.2441,-0.3052,1,475,878,235
263111307,41901,-0.0215,-0.0479,1.0220,0.3052,-0.1831,-0.1831,1,466,772,235
263116306,41902,-0.0234,-0.0493,1.0205,0.3052,-0.4272,-0.2441,1,494,798,235
263121306,41903,-0.0234,-0.0493,1.0210,0.3052,-0.4272,-0.1831,1,476,839,235
263126306,41904,-0.0225,-0.0488,1.0225,0.4272,-0.4272,-0.3052,1,508,835,235
263131307,41905,-0.0215,-0.0483,1.0225,0.4883,-0.5493,-0.3052,1,478,887,235
263136304,41906,-0.0220,-0.0474,1.0220,0.3662,-0.4272,-0.1831,1,489,835,235
263141304,41907,-0.0234,-0.0483,1.0220,0.4883,-0.5493,-0.2441,1,497,849,235
263146309,41908,-0.0234,-0.0488,1.0215,0.4883,-0.7324,-0.3052,1,465,877,235
263151302,41909,-0.0215,-0.0474,1.0215,0.5493,-0.7324,-0.3052,1,468,854,235
263156308,41910,-0.0186,-0.0459,1.0234,0.4883,-0.7324,-0.3662,1,478,856,235
263161305,41911,-0.0181,-0.0435,1.0259,0.4883,-0.7935,-0.3052,1,483,862,235
263166305,41912,-0.0190,-0.0439,1.0254,0.2441,-0.6714,-0.2441,1,465,869,235
263171309,41913,-0.0195,-0.0454,1.0244,0.2441,-0.6104,-0.3662,1,465,883,235
263176302,41914,-0.0195,-0.0459,1.0259,0.3052,-0.4883,-0.3052,1,466,882,235
263181301,41915,-0.0176,-0.0459,1.0278,0.3662,-0.4272,-0.3662,1,466,869,235
263186306,41916,-0.0171,-0.0459,1.0269,0.1221,-0.3052,-0.3052,1,466,882,235
263191318,41917,-0.0181,-0.0454,1.0244,0.2441,-0.2441,-0.3662,1,466,864,235
263196305,41918,-0.0190,-0.0449,1.0215,0.2441,-0.3052,-0.3662,1,466,885,235
263201301,41919,-0.0205,-0.0454,1.0205,0.2441,-0.1221,-0.3662,1,493,879,235
263206307,41920,-0.0234,-0.0449,1.0200,0.3662,-0.2441,-0.3662,1,490,879,235
263211308,41921,-0.0244,-0.0449,1.0200,0.2441,-0.3052,-0.4272,1,466,814,235
263216301,41922,-0.0234,-0.0464,1.0195,0.1831,-0.3662,-0.3662,1,507,802,235
263221301,41923,-0.0220,-0.0488,1.0186,0.2441,-0.3662,-0.3052,1,482,842,235
263226305,41924,-0.0200,-0.0479,1.0195,0.3662,-0.3052,-0.3662,1,484,846,235
263231306,41925,-0.0181,-0.0449,1.0210,0.2441,-0.4272,-0.3662,1,491,901,235
263236304,41926,-0.0186,-0.0439,1.0229,0.1221,-0.4272,-0.3052,1,479,838,235
263241303,41927,-0.0181,-0.0449,1.0244,0.1831,-0.4272,-0.3052,1,501,835,235
263246302,41928,-0.0161,-0.0464,1.0249,0.1831,-0.1221,-0.2441,1,479,873,235
263251301,41929,-0.0166,-0.0474,1.0239,0.1831,-0.1221,-0.3662,1,465,862,235
263256303,41930,-0.0176,-0.0474,1.0220,0.1831,-0.1221,-0.3662,1,484,861,235
263261307,41931,-0.0181,-0.0459,1.0210,0.1221,-0.0610,-0.3662,1,466,856,235
263266306,41932,-0.0200,-0.0464,1.0215,0.0610,0.0610,-0.4272,1,466,867,235
263271306,41933,-0.0215,-0.0474,1.0225,0.1831,0.0610,-0.4272,1,466,872,235
263276304,41934,-0.0210,-0.0454,1.0244,0.3052,0.0610,-0.4883,1,466,875,235
263281307,41935,-0.0186,-0.0454,1.0273,0.0610,0.0000,-0.3662,1,466,872,235
263286307,41936,-0.0176,-0.0454,1.0288,0.0610,0.3052,-0.3052,1,466,835,235
263291303,41937,-0.0166,-0.0449,1.0273,0.0000,0.4272,-0.3662,1,466,871,235
263296301,41938,-0.0166,-0.0469,1.0249,-0.1221,0.3662,-0.3662,1,466,839,235
263301308,41939,-0.0186,-0.0464,1.0234,0.0610,0.5493,-0.3662,1,492,879,235
263306306,41940,-0.0200,-0.0439,1.0234,-0.1831,0.4272,-0.3662,1,471,877,235
263311310,41941,-0.0200,-0.0439,1.0239,-0.4272,0.4272,-0.3052,1,466,807,235
263316305,41942,-0.0195,-0.0464,1.0229,-0.2441,0.3662,-0.3052,1,495,803,235
263321304,41943,-0.0200,-0.0479,1.0205,-0.3052,0.4883,-0.3662,1,486,839,235
263326302,41944,-0.0215,-0.0454,1.0190,-0.3662,0.5493,-0.2441,1,491,820,235
263331304,41945,-0.0229,-0.0400,1.0171,-0.3662,0.6714,-0.1831,1,503,882,235
263336307,41946,-0.0229,-0.0381,1.0166,-0.6714,0.6104,-0.3662,1,494,836,235
263341306,41947,-0.0210,-0.0410,1.0195,-0.7324,0.5493,-0.4272,1,492,836,235
263346309,41948,-0.0186,-0.0449,1.0229,-0.6104,0.4883,-0.3662,1,470,850,235
263351304,41949,-0.0181,-0.0474,1.0249,-0.7324,0.7935,-0.4883,1,475,857,235
263356303,41950,-0.0171,-0.0498,1.0249,-0.6714,0.7324,-0.4883,1,480,856,235
263361309,41951,-0.0171,-0.0503,1.0229,-0.7324,0.9766,-0.4883,1,466,859,235
263366305,41952,-0.0186,-0.0503,1.0200,-0.7324,0.9766,-0.4883,1,466,872,235
263371302,41953,-0.0205,-0.0508,1.0181,-0.4272,0.8545,-0.5493,1,466,871,235
263376309,41954,-0.0234,-0.0483,1.0181,-0.3052,0.7324,-0.6714,1,466,873,235
263381308,41955,-0.0244,-0.0459,1.0205,-0.2441,0.4883,-0.7324,1,466,873,235
263386308,41956,-0.0210,-0.0449,1.0220,-0.1831,0.4883,-0.7935,1,466,880,235
263391303,41957,-0.0210,-0.0439,1.0205,-0.3662,0.6714,-0.7935,1,466,875,235
263396309,41958,-0.0249,-0.0449,1.0176,-0.4272,0.6104,-0.7935,1,466,876,235
263401304,41959,-0.0215,-0.0459,1.0210,-0.4272,0.2441,-0.6714,1,466,875,235
263406308,41960,-0.0161,-0.0493,1.0259,-0.4883,0.6104,-0.7324,1,466,874,235
263411301,41961,-0.0176,-0.0518,1.0244,-0.3662,0.7324,-0.7324,1,494,830,235
263416302,41962,-0.0210,-0.0483,1.0205,-0.3052,0.7935,-0.6104,1,485,806,235
263421309,41963,-0.0239,-0.0469,1.0186,-0.4883,0.9155,-0.6104,1,472,829,235
263426308,41964,-0.0225,-0.0483,1.0205,-0.4883,0.4883,-0.4272,1,491,833,235
263431304,41965,-0.0186,-0.0469,1.0244,-0.4272,0.6714,-0.3052,1,480,874,235
263436302,41966,-0.0171,-0.0430,1.0249,-0.6714,0.8545,-0.3052,1,476,832,235
263441307,41967,-0.0190,-0.0386,1.0215,-0.9766,1.0376,-0.2441,1,483,830,235
263446302,41968,-0.0210,-0.0376,1.0195,-1.4648,1.2207,-0.2441,1,505,844,235
263451306,41969,-0.0205,-0.0444,1.0205,-1.7090,1.1597,-0.3052,1,467,863,235
263456308,41970,-0.0200,-0.0522,1.0190,-1.5259,1.0376,-0.1831,1,465,856,235
263461304,41971,-0.0220,-0.0542,1.0186,-1.3428,1.1597,-0.1221,1,483,860,235
263466307,41972,-0.0215,-0.0508,1.0215,-1.4648,0.9155,0.0000,1,466,873,235
263471308,41973,-0.0181,-0.0503,1.0244,-1.5869,0.8545,0.0000,1,466,830,235
263476308,41974,-0.0176,-0.0537,1.0239,-1.4038,0.9155,0.1831,1,466,828,235
263481301,41975,-0.0195,-0.0571,1.0225,-1.2207,0.7935,0.3052,1,466,884,235
263486301,41976,-0.0200,-0.0586,1.0220,-1.0986,0.8545,0.3662,1,466,876,235
263491306,41977,-0.0186,-0.0562,1.0225,-0.9155,0.9155,0.6104,1,466,876,235
263496305,41978,-0.0171,-0.0503,1.0229,-0.9766,1.4038,0.5493,1,466,874,235
263501304,41979,-0.0210,-0.0479,1.0210,-1.0986,1.6479,0.4272,1,466,873,235
263506303,41980,-0.0264,-0.0503,1.0176,-0.7935,1.2207,0.6714,1,466,875,235
263511301,41981,-0.0269,-0.0542,1.0181,-0.7324,1.0376,0.4272,1,494,792,235
263516305,41982,-0.0234,-0.0542,1.0195,-0.5493,1.0376,0.4272,1,495,854,235
263521302,41983,-0.0215,-0.0527,1.0195,-0.3662,1.0986,0.4272,1,481,838,235
263526305,41984,-0.0225,-0.0532,1.0195,-0.5493,0.8545,0.3662,1,508,817,235
263531302,41985,-0.0220,-0.0562,1.0210,-0.3662,0.7324,0.3662,1,499,880,235
263536307,41986,-0.0225,-0.0566,1.0210,-0.3052,0.9155,0.3662,1,496,838,235
263541307,41987,-0.0254,-0.0557,1.0200,-0.1221,0.5493,0.2441,1,496,835,235
263546309,41988,-0.0259,-0.0518,1.0210,-0.0610,0.3052,0.3662,1,479,844,235
263551306,41989,-0.0220,-0.0469,1.0244,-0.1831,0.1221,0.4883,1,465,851,235
263556308,41990,-0.0195,-0.0459,1.0273,-0.6104,0.3052,0.4883,1,484,854,235
263561307,41991,-0.0210,-0.0493,1.0278,-0.5493,0.4883,0.4883,1,466,853,235
263566305,41992,-0.0234,-0.0513,1.0269,-0.4272,0.1831,0.6714,1,466,878,235
263571304,41993,-0.0239,-0.0508,1.0259,-0.6714,0.1221,0.5493,1,465,878,235
263576309,41994,-0.0220,-0.0493,1.0254,-0.7935,0.1221,0.4883,1,466,873,235
263581309,41995,-0.0220,-0.0503,1.0229,-0.8545,0.1221,0.5493,1,466,873,235
263586306,41996,-0.0254,-0.0513,1.0195,-0.8545,0.1221,0.5493,1,466,875,235
263591301,41997,-0.0283,-0.0527,1.0186,-0.9155,-0.2441,0.4883,1,466,875,235
263596306,41998,-0.0273,-0.0547,1.0186,-0.9155,-0.3052,0.4272,1,465,883,235
263601309,41999,-0.0254,-0.0547,1.0200,-0.6714,-0.5493,0.4272,1,492,875,235
263606301,42000,-0.0239,-0.0527,1.0215,-0.6714,-0.8545,0.4272,1,466,875,235
263611301,42001,-0.0239,-0.0513,1.0220,-0.4883,-0.7324,0.5493,1,493,807,235
263616307,42002,-0.0269,-0.0552,1.0190,-0.3662,-0.9155,0.3662,1,493,861,235
263621309,42003,-0.0303,-0.0610,1.0146,-0.0610,-1.2207,0.1221,1,479,840,235
263626305,42004,-0.0308,-0.0605,1.0137,0.2441,-1.7090,0.2441,1,502,815,235
263631305,42005,-0.0273,-0.0542,1.0176,0.4272,-1.8311,0.3052,1,498,874,235
263636306,42006,-0.0249,-0.0498,1.0200,0.4272,-2.0752,0.1221,1,506,832,235
263641305,42007,-0.0254,-0.0518,1.0186,0.5493,-2.3193,0.1831,1,489,837,235
263646303,42008,-0.0273,-0.0552,1.0156,0.6714,-2.5024,0.1221,1,505,849,235
263651306,42009,-0.0283,-0.0552,1.0146,0.7324,-2.6245,-0.0610,1,465,858,235
263656304,42010,-0.0283,-0.0527,1.0156,0.7935,-2.8687,-0.0610,1,483,867,235
263661308,42011,-0.0264,-0.0498,1.0176,0.9766,-3.2349,-0.0610,1,466,881,235
263666304,42012,-0.0249,-0.0469,1.0195,0.7935,-3.6011,-0.2441,1,466,875,235
263671302,42013,-0.0210,-0.0488,1.0225,0.6714,-3.7842,-0.2441,1,466,878,235
263676301,42014,-0.0161,-0.0522,1.0264,0.9155,-3.7842,-0.1831,1,466,879,235
263681305,42015,-0.0127,-0.0503,1.0283,0.8545,-3.6621,-0.1221,1,466,885,235
263686303,42016,-0.0107,-0.0483,1.0288,0.6714,-3.2959,0.0000,1,465,877,235
263691324,42017,-0.0088,-0.0493,1.0298,0.6714,-2.9297,0.0610,1,466,836,235
263696301,42018,-0.0088,-0.0527,1.0303,0.6104,-2.6245,0.0610,1,466,871,235
263701305,42019,-0.0112,-0.0532,1.0298,0.6714,-2.4414,0.1831,1,493,871,235
263706322,42020,-0.0137,-0.0498,1.0283,0.7935,-2.0142,0.3052,1,488,884,235
263711303,42021,-0.0137,-0.0479,1.0269,0.6104,-1.8311,0.3052,1,493,798,235
263716303,42022,-0.0127,-0.0493,1.0244,0.6714,-1.4648,0.4883,1,491,824,235
263721306,42023,-0.0151,-0.0518,1.0205,0.7324,-1.1597,0.3662,1,503,840,235
263726303,42024,-0.0181,-0.0527,1.0166,0.7935,-1.4038,0.2441,1,491,851,235
263731305,42025,-0.0176,-0.0532,1.0166,0.9766,-1.2817,0.3662,1,500,840,235
263736309,42026,-0.0132,-0.0522,1.0215,1.2207,-0.9766,0.4272,1,490,852,235
263741306,42027,-0.0098,-0.0498,1.0259,1.2207,-0.8545,0.5493,1,499,847,235
263746307,42028,-0.0098,-0.0488,1.0259,1.2207,-0.7324,0.3662,1,483,855,235
263751303,42029,-0.0117,-0.0508,1.0244,1.3428,-0.3662,0.3052,1,465,859,235
263756305,42030,-0.0127,-0.0542,1.0239,1.5259,-0.2441,0.3052,1,484,855,235
263761301,42031,-0.0122,-0.0557,1.0254,1.7090,-0.1221,0.3662,1,466,876,235
263766305,42032,-0.0117,-0.0537,1.0269,1.8311,0.1831,0.4883,1,466,875,235
263771308,42033,-0.0117,-0.0513,1.0269,1.8921,0.3662,0.5493,1,466,875,235
263776304,42034,-0.0112,-0.0518,1.0259,2.0752,0.7324,0.4883,1,466,877,235
263781310,42035,-0.0103,-0.0522,1.0264,2.0752,0.8545,0.4883,1,466,877,235
263786312,42036,-0.0103,-0.0513,1.0283,2.1362,1.0376,0.4883,1,466,873,235
263791331,42037,-0.0107,-0.0479,1.0293,2.0142,1.2207,0.6104,1,466,877,235
263796308,42038,-0.0103,-0.0459,1.0298,1.9531,1.3428,0.6714,1,466,871,235
263801305,42039,-0.0103,-0.0449,1.0308,1.8311,1.4648,0.7935,1,466,873,235
263806305,42040,-0.0117,-0.0444,1.0303,1.5869,1.7700,0.9155,1,494,872,235
263811309,42041,-0.0146,-0.0459,1.0273,1.4648,1.8921,0.9766,1,482,830,235
263816308,42042,-0.0186,-0.0493,1.0225,1.4038,1.9531,1.0376,1,486,839,235
263821305,42043,-0.0220,-0.0503,1.0186,1.4648,1.7700,1.0376,1,501,840,235
263826308,42044,-0.0229,-0.0488,1.0166,1.4038,1.4038,0.8545,1,496,885,235
263831308,42045,-0.0234,-0.0474,1.0156,1.6479,1.3428,0.7935,1,476,842,235
263836305,42046,-0.0264,-0.0449,1.0137,1.8311,1.2207,0.8545,1,485,839,235
263841309,42047,-0.0259,-0.0435,1.0146,1.6479,0.5493,0.7935,1,510,843,235
263846302,42048,-0.0210,-0.0435,1.0200,1.5869,0.5493,0.6714,1,469,860,235
263851306,42049,-0.0171,-0.0430,1.0254,1.6479,0.5493,0.7324,1,484,856,235
263856304,42050,-0.0132,-0.0435,1.0283,1.4038,0.6104,0.7324,1,466,878,235
263861303,42051,-0.0122,-0.0439,1.0278,1.4038,0.6104,0.5493,1,465,877,235
263866304,42052,-0.0146,-0.0430,1.0269,1.3428,0.7935,0.5493,1,466,882,235
263871303,42053,-0.0176,-0.0425,1.0259,1.2817,0.8545,0.5493,1,466,879,235
263876309,42054,-0.0186,-0.0430,1.0249,1.2817,0.6104,0.4883,1,466,878,235
263881307,42055,-0.0176,-0.0430,1.0244,1.2207,0.6104,0.3662,1,466,877,235
263886305,42056,-0.0171,-0.0439,1.0244,1.1597,0.7324,0.3662,1,466,876,235
263891304,42057,-0.0186,-0.0449,1.0239,1.2207,0.7935,0.3052,1,466,880,235
263896303,42058,-0.0215,-0.0430,1.0220,1.3428,0.6714,0.1831,1,466,875,235
263901309,42059,-0.0239,-0.0420,1.0195,1.2817,0.4883,0.0610,1,487,873,235
263906304,42060,-0.0239,-0.0420,1.0210,1.2817,0.3052,0.1221,1,493,810,235
263911309,42061,-0.0210,-0.0410,1.0244,1.2817,0.2441,-0.1221,1,491,832,235
263916303,42062,-0.0181,-0.0400,1.0269,1.0376,0.0610,-0.1221,1,502,838,235
263921304,42063,-0.0186,-0.0420,1.0269,0.9766,0.1221,-0.1831,1,479,826,235
263926310,42064,-0.0225,-0.0449,1.0239,1.0986,-0.0610,-0.2441,1,495,831,235
263931309,42065,-0.0229,-0.0454,1.0234,1.1597,-0.3662,-0.5493,1,469,849,235
263936302,42066,-0.0215,-0.0435,1.0264,1.1597,-0.4272,-0.6104,1,501,811,235
263941305,42067,-0.0215,-0.0410,1.0278,1.0986,-0.5493,-0.6714,1,468,853,235
263946305,42068,-0.0220,-0.0405,1.0283,0.9766,-0.6714,-0.7324,1,483,862,235
263951304,42069,-0.0210,-0.0415,1.0288,0.8545,-0.8545,-0.7935,1,465,877,235
263956309,42070,-0.0210,-0.0425,1.0288,0.8545,-0.9766,-0.7324,1,465,875,235
263961305,42071,-0.0210,-0.0425,1.0298,0.7324,-1.0376,-0.7324,1,466,874,235
263966309,42072,-0.0195,-0.0420,1.0298,0.7324,-1.0376,-0.7324,1,465,876,235
263971303,42073,-0.0181,-0.0415,1.0293,0.7324,-1.0986,-0.7935,1,466,879,235
263976309,42074,-0.0186,-0.0415,1.0273,0.6714,-1.2207,-0.7935,1,466,877,235
263981330,42075,-0.0205,-0.0425,1.0244,0.5493,-1.4038,-0.8545,1,466,879,235
263986303,42076,-0.0205,-0.0435,1.0229,0.4272,-1.3428,-0.9155,1,466,880,235
263991304,42077,-0.0156,-0.0425,1.0254,0.4272,-1.1597,-0.8545,1,466,881,235
263996302,42078,-0.0132,-0.0420,1.0278,0.4883,-0.9155,-0.9766,1,494,876,235
264001310,42079,-0.0171,-0.0425,1.0244,0.5493,-0.7935,-0.9155,1,494,805,235
264006309,42080,-0.0215,-0.0435,1.0186,0.3662,-0.9766,-0.9766,1,474,838,235
264011304,42081,-0.0259,-0.0444,1.0137,0.4883,-1.0376,-1.0376,1,508,832,235
264016304,42082,-0.0288,-0.0449,1.0122,0.5493,-1.4648,-1.0376,1,479,885,235
264021304,42083,-0.0259,-0.0444,1.0171,0.7935,-1.7700,-1.2207,1,493,845,235
264026305,42084,-0.0210,-0.0435,1.0254,0.9766,-1.6479,-1.2207,1,477,836,235
264031307,42085,-0.0181,-0.0415,1.0308,0.9766,-1.8921,-1.3428,1,500,799,235
264036308,42086,-0.0166,-0.0400,1.0303,0.9155,-2.1362,-1.2207,1,465,850,235
264041301,42087,-0.0161,-0.0396,1.0283,0.6104,-2.1362,-1.1597,1,467,864,235
264046302,42088,-0.0156,-0.0386,1.0283,0.3662,-2.1973,-1.4038,1,484,863,235
264051308,42089,-0.0151,-0.0410,1.0278,0.3662,-1.8921,-1.4038,1,466,886,235
264056308,42090,-0.0200,-0.0469,1.0220,0.3052,-1.4648,-1.4648,1,466,882,235
264061307,42091,-0.0205,-0.0508,1.0166,0.7324,-0.4272,-1.7700,1,466,875,235
264066309,42092,-0.0215,-0.0557,1.0122,1.4648,0.6104,-1.7090,1,466,879,235
264071304,42093,-0.0225,-0.0601,1.0107,2.2583,1.5869,-1.8311,1,466,876,235
264076310,42094,-0.0244,-0.0640,1.0117,2.9907,2.4414,-1.8921,1,466,876,235
264081306,42095,-0.0303,-0.0601,1.0112,3.7231,2.8687,-1.8921,1,466,885,235
264086303,42096,-0.0361,-0.0527,1.0049,4.1504,2.8687,-1.9531,1,492,875,235
264091301,42097,-0.0410,-0.0474,1.0029,4.8218,3.0518,-1.7090,1,470,880,235
264096303,42098,-0.0444,-0.0459,1.0044,4.7607,2.3804,-1.3428,1,493,872,235
264101308,42099,-0.0537,-0.0493,0.9980,4.5776,1.9531,-0.9155,1,484,809,235
264106301,42100,-0.0830,-0.0508,0.9858,4.6997,0.3662,-0.3052,1,472,849,235
264111303,42101,-0.1328,-0.0386,0.9697,4.2114,-3.6621,0.5493,1,491,825,235
264116309,42102,-0.1895,-0.0068,0.9541,3.1128,-10.4980,1.2207,1,499,890,235
264121307,42103,-0.2129,0.0117,0.9502,1.0376,-20.6909,0.9155,1,504,859,235
264126301,42104,-0.1831,-0.0083,0.9648,-0.5493,-29.9072,0.9766,1,488,863,235
264131301,42105,-0.1436,-0.0400,0.9824,-0.7935,-36.4380,2.0142,1,505,871,235
264136302,42106,-0.1436,-0.0586,0.9849,-1.3428,-42.9687,3.5400,1,465,873,235
264141302,42107,-0.1729,-0.0576,0.9810,-1.8311,-52.7344,5.5542,1,483,882,235
264146308,42108,-0.1885,-0.0513,0.9844,-2.6855,-63.5376,8.1787,1,466,895,235
264151307,42109,-0.1738,-0.0625,1.0020,-3.3569,-72.7539,11.8408,1,466,903,235
264156305,42110,-0.1411,-0.1021,1.0308,-3.6011,-80.3223,17.3950,1,466,917,235
264161304,42111,-0.1172,-0.1738,1.0483,-2.2583,-86.6089,25.3296,1,465,905,235
264166310,42112,-0.1157,-0.2646,1.0542,1.0376,-92.9565,35.6445,1,466,924,235
264171302,42113,-0.1035,-0.3564,1.0747,6.5308,-99.6094,47.8516,1,466,919,235
264176310,42114,-0.0601,-0.4385,1.1147,14.9536,-103.6987,60.9131,1,466,921,235
264181306,42115,-0.0181,-0.4995,1.1582,24.7803,-103.7598,74.2188,1,466,940,235
264186304,42116,-0.0034,-0.5327,1.1992,33.6304,-101.5625,88.3179,1,493,968,235
264191322,42117,-0.0107,-0.5566,1.2388,40.7715,-97.5952,103.0273,1,488,933,235
264196308,42118,-0.0151,-0.5854,1.2856,46.6919,-92.6514,118.5913,1,492,944,235
264201306,42119,0.0088,-0.6001,1.3521,51.8188,-85.6934,134.3384,1,481,949,235
264206301,42120,0.0400,-0.5972,1.4189,55.6030,-73.9746,149.1089,1,495,916,235
264211302,42121,0.0454,-0.5835,1.4360,59.5703,-60.4248,163.0859,1,491,860,235
264216301,42122,0.0190,-0.5698,1.3765,61.4624,-49.3774,177.0630,1,501,895,235
264221307,42123,-0.0210,-0.5493,1.2798,59.8755,-40.7104,190.4297,1,492,905,235
264226305,42124,-0.0537,-0.5098,1.2021,56.9458,-33.6304,203.0639,1,500,898,235
264231305,42125,-0.0674,-0.4629,1.1519,54.0161,-26.9775,214.1723,1,482,920,235
264236302,42126,-0.0708,-0.4224,1.1064,51.8188,-20.4468,223.7549,1,465,926,235
264241305,42127,-0.0771,-0.3887,1.0518,49.3774,-14.9536,232.4219,1,484,923,235
264246308,42128,-0.0884,-0.3604,0.9912,46.6919,-10.6201,240.6006,1,466,947,235
264251307,42129,-0.0977,-0.3325,0.9360,44.3726,-7.2021,248.2300,1,466,932,235
264256305,42130,-0.0957,-0.3032,0.8940,42.2363,-4.2725,254.8218,1,466,926,235
264261305,42131,-0.0879,-0.2739,0.8608,40.4053,-1.3428,260.7422,1,466,927,235
264266305,42132,-0.0830,-0.2476,0.8340,38.6353,0.9155,265.9912,1,466,911,235
264271301,42133,-0.0796,-0.2222,0.8223,36.3770,2.4414,270.5688,1,466,912,235
264276335,42134,-0.0688,-0.1929,0.8286,34.0576,4.0283,274.4751,1,466,911,235
264281302,42135,-0.0547,-0.1602,0.8452,31.1279,6.4087,277.5269,1,466,912,235
264286304,42136,-0.0435,-0.1401,0.8677,27.6489,9.2163,280.0903,1,466,914,235
264291303,42137,-0.0352,-0.1382,0.8926,25.0244,11.8408,282.4097,1,494,915,235
264296308,42138,-0.0259,-0.1460,0.9160,22.8882,14.7095,284.6680,1,486,930,235
264301306,42139,-0.0127,-0.1621,0.9409,21.4844,17.5781,286.9263,1,483,827,235
264306304,42140,0.0073,-0.1816,0.9697,21.3623,20.7520,289.4897,1,496,889,235
264311305,42141,0.0278,-0.1938,0.9937,22.2168,24.5972,291.9922,1,491,897,235
264316305,42142,0.0439,-0.1885,1.0059,23.1323,28.2593,293.8232,1,481,961,235
264321309,42143,0.0576,-0.1689,1.0078,23.5596,31.5552,294.8608,1,492,895,235
264326303,42144,0.0723,-0.1436,1.0068,23.2544,34.6680,294.9219,1,510,905,235
264331310,42145,0.0938,-0.1221,1.0083,22.6440,37.2314,294.1284,1,477,904,235
264336307,42146,0.1250,-0.1162,1.0098,21.7285,40.0391,292.9077,1,483,935,235
264341301,42147,0.1558,-0.1294,1.0029,21.2402,42.7246,291.5649,1,465,921,235
264346304,42148,0.1763,-0.1538,0.9824,21.3623,44.9829,290.1001,1,466,940,235
264351308,42149,0.1899,-0.1763,0.9487,21.9116,45.8374,288.8184,1,466,935,235
264356301,42150,0.2031,-0.1865,0.9141,22.3999,45.4102,287.6587,1,466,940,235
264361309,42151,0.2192,-0.1831,0.8896,22.2168,44.0674,286.0107,1,466,932,235
264366306,42152,0.2451,-0.1743,0.8804,20.6909,41.9311,284.0576,1,466,937,235
264371327,42153,0.2783,-0.1680,0.8813,18.3105,39.9170,281.7993,1,466,938,235
264376309,42154,0.3091,-0.1675,0.8823,15.1367,38.3301,279.1748,1,466,927,235
264381308,42155,0.3359,-0.1807,0.8813,11.7187,36.4380,276.1841,1,493,926,235
264386303,42156,0.3564,-0.2065,0.8818,9.1553,34.1797,273.4375,1,494,931,235
264391301,42157,0.3701,-0.2241,0.8916,6.8970,31.3110,270.6909,1,481,810,235
264396310,42158,0.3877,-0.2241,0.9165,3.8452,28.1372,267.9443,1,492,818,235
264401308,42159,0.4111,-0.2090,0.9517,0.8545,26.1230,264.5264,1,498,898,235
264406309,42160,0.4297,-0.1831,0.9897,-2.0752,24.9023,259.9487,1,506,864,235
264411309,42161,0.4424,-0.1465,1.0283,-5.3101,23.6206,254.4556,1,496,881,235
264416304,42162,0.4575,-0.1025,1.0625,-8.8501,23.1934,247.6806,1,486,889,235
264421304,42163,0.4727,-0.0552,1.0776,-12.7563,24.4141,239.5630,1,472,891,235
264426305,42164,0.4717,-0.0088,1.0654,-16.4795,25.6958,230.0415,1,482,939,235
264431304,42165,0.4531,0.0288,1.0396,-20.0195,25.6348,219.6045,1,484,908,235
264436306,42166,0.4390,0.0508,1.0210,-23.3154,24.4751,208.7402,1,466,930,235
264441304,42167,0.4414,0.0630,1.0166,-25.6958,23.4985,197.5708,1,466,932,235
264446310,42168,0.4502,0.0791,1.0151,-27.3437,23.0103,185.9131,1,466,943,235
264451309,42169,0.4531,0.1089,1.0068,-28.6865,22.7051,174.0112,1,466,936,235
264456303,42170,0.4468,0.1514,0.9932,-30.5176,22.0337,161.6211,1,466,939,235
264461308,42171,0.4380,0.1982,0.9819,-32.7148,21.2402,148.4985,1,466,932,235
264466301,42172,0.4351,0.2441,0.9692,-34.7290,20.8740,134.7656,1,466,937,235
264471306,42173,0.4355,0.2861,0.9346,-36.9263,20.5688,120.9106,1,492,931,235
264476309,42174,0.4229,0.3193,0.8687,-39.4897,19.8364,106.5674,1,493,939,235
264481308,42175,0.3931,0.3418,0.7915,-42.2974,16.6016,92.1631,1,480,933,235
264486302,42176,0.3667,0.3462,0.7314,-44.6777,11.6577,77.9419,1,493,921,235
264491303,42177,0.3555,0.3257,0.6997,-46.2036,6.4087,64.2090,1,491,831,235
264496309,42178,0.3535,0.2788,0.6982,-46.6309,1.4038,51.4526,1,500,881,235
264501305,42179,0.3535,0.2119,0.7168,-46.0815,-3.4180,40.1611,1,483,886,235
264506305,42180,0.3511,0.1362,0.7432,-44.6167,-7.9346,30.6396,1,490,921,235
264511303,42181,0.3433,0.0654,0.7681,-42.6025,-11.7798,22.5830,1,501,880,235
264516308,42182,0.3242,-0.0342,0.8120,-41.2598,-15.8081,16.2964,1,493,904,235
264521308,42183,0.3667,-0.3853,1.2026,-31.3110,-19.2871,12.8174,1,469,883,235
264526301,42184,0.8032,-0.4800,1.8252,46.7529,-36.8042,12.4512,1,472,915,235
264531301,42185,1.2432,-0.1118,1.9810,78.1860,4.5776,3.5400,1,483,914,235
264536309,42186,1.0566,0.0190,1.6411,29.3579,45.1660,3.3569,1,466,901,235
264541301,42187,0.6152,-0.0400,1.2622,33.3252,45.7764,9.0332,1,466,928,235
264546304,42188,0.3120,-0.1055,1.0972,38.6353,57.7393,6.0425,1,466,914,235
264551304,42189,0.1143,-0.2490,1.0879,37.5366,71.0449,6.5918,1,466,908,235
264556307,42190,-0.0435,-0.3110,1.0713,45.2881,65.6128,17.0898,1,466,909,235
264561305,42191,-0.1719,-0.1094,1.0498,43.2129,62.3169,17.9443,1,466,920,235
264566302,42192,-0.2148,0.2485,1.0806,35.8276,54.6875,14.5874,1,466,928,235
264571304,42193,-0.1470,0.4790,1.1099,23.9868,53.2227,6.3477,1,493,938,235
264576301,42194,-0.1055,0.4067,1.0728,12.6953,55.3589,-1.8921,1,466,921,235
264581304,42195,-0.1582,0.1211,0.9692,6.9580,45.4102,-1.6479,1,494,915,235
264586310,42196,-0.2344,-0.1138,0.8784,4.9438,30.1514,1.2817,1,481,799,235
264591302,42197,-0.2397,-0.1436,0.8711,5.9814,18.1274,2.1973,1,472,865,235
264596304,42198,-0.1533,-0.0674,0.9272,4.0283,12.8174,1.7090,1,491,842,235
264601306,42199,-0.0654,-0.0107,0.9873,3.1738,13.9770,0.7935,1,504,871,235
264606306,42200,-0.0308,0.0234,1.0225,2.9907,14.0991,0.0610,1,483,863,235
264611301,42201,-0.0122,0.0156,1.0488,0.2441,14.2212,-0.5493,1,493,862,235
264616303,42202,0.0142,-0.0454,1.0771,-0.4272,16.2964,-0.5493,1,509,873,235
264621307,42203,0.0269,-0.0967,1.0918,0.8545,18.8599,0.3052,1,466,876,235
264626307,42204,0.0054,-0.0928,1.0796,1.7090,19.8975,0.8545,1,484,862,235
264631301,42205,-0.0278,-0.0513,1.0552,1.4038,18.8599,1.2207,1,466,860,235
264636302,42206,-0.0542,-0.0142,1.0312,0.5493,18.8599,1.0376,1,466,891,235
264641308,42207,-0.0825,-0.0156,1.0049,-0.4272,18.3105,0.3662,1,466,916,235
264646301,42208,-0.1084,-0.0488,0.9854,-0.0610,15.9302,0.1221,1,466,892,235
264651301,42209,-0.1128,-0.0830,0.9849,1.2207,12.8784,0.1831,1,466,889,235
264656306,42210,-0.0928,-0.0938,1.0029,2.6245,10.9253,0.1831,1,466,902,235
264661309,42211,-0.0688,-0.0757,1.0264,3.3569,9.5825,0.4272,1,466,923,235
264666307,42212,-0.0601,-0.0493,1.0386,2.9907,8.6060,0.4272,1,466,886,235
264671303,42213,-0.0605,-0.0317,1.0400,1.9531,7.2632,0.7324,1,493,876,235
264676322,42214,-0.0542,-0.0132,1.0410,0.9766,6.0425,1.0986,1,466,881,235
264681302,42215,-0.0479,0.0010,1.0420,-0.7324,6.1035,1.0376,1,493,871,235
264686307,42216,-0.0498,-0.0098,1.0366,-2.3193,5.8594,0.9155,1,487,840,235
264691302,42217,-0.0493,-0.0298,1.0317,-2.9297,5.0049,1.0986,1,498,843,235
264696301,42218,-0.0391,-0.0303,1.0366,-3.3569,5.0659,1.4038,1,492,879,235
264701301,42219,-0.0312,-0.0186,1.0439,-4.6387,5.5542,1.4038,1,488,840,235
264706305,42220,-0.0298,-0.0200,1.0459,-5.8594,5.4932,1.5869,1,493,867,235
264711304,42221,-0.0337,-0.0347,1.0415,-6.2256,5.7373,1.7700,1,496,803,235
264716302,42222,-0.0381,-0.0498,1.0366,-6.2256,5.6152,1.8311,1,469,863,235
264721309,42223,-0.0356,-0.0581,1.0381,-6.1646,5.4932,1.7090,1,474,862,235
264726305,42224,-0.0283,-0.0625,1.0449,-5.9204,6.1035,1.8311,1,483,861,235
264731304,42225,-0.0249,-0.0640,1.0479,-5.6763,6.8359,1.8921,1,466,882,235
264736305,42226,-0.0283,-0.0640,1.0400,-5.4321,7.3853,2.0752,1,466,882,235
264741306,42227,-0.0376,-0.0649,1.0244,-5.0049,7.3853,2.0752,1,466,883,235
264746306,42228,-0.0518,-0.0684,1.0034,-4.2114,7.2021,2.0142,1,466,880,235
264751309,42229,-0.0688,-0.0776,0.9824,-3.2959,6.4087,1.8311,1,466,880,235
264756301,42230,-0.0806,-0.0894,0.9717,-1.9531,5.2490,1.8311,1,466,882,235
264761304,42231,-0.0791,-0.0913,0.9766,-0.4272,3.9673,1.8921,1,466,873,235
264766308,42232,-0.0684,-0.0811,0.9912,0.6104,3.4180,1.7090,1,466,878,235
264771307,42233,-0.0596,-0.0679,1.0049,1.4038,3.1738,1.7090,1,466,870,235
264776301,42234,-0.0557,-0.0596,1.0137,1.7700,2.8687,1.7090,1,483,874,235
264781306,42235,-0.0527,-0.0566,1.0200,2.0142,2.3804,1.8921,1,510,799,235
264786306,42236,-0.0483,-0.0566,1.0244,1.9531,2.5635,1.9531,1,491,836,235
264791307,42237,-0.0464,-0.0566,1.0239,1.9531,2.9297,2.0752,1,486,830,235
264796310,42238,-0.0498,-0.0552,1.0205,2.0752,2.9297,2.2583,1,478,843,235
264801306,42239,-0.0503,-0.0493,1.0200,1.9531,2.5024,2.4414,1,491,842,235
264806301,42240,-0.0459,-0.0376,1.0249,1.4648,2.8687,2.5635,1,472,851,235
264811306,42241,-0.0420,-0.0298,1.0303,0.7935,3.4180,2.5024,1,505,835,235
264816303,42242,-0.0415,-0.0356,1.0327,-0.1831,4.0283,2.5635,1,480,857,235
264821308,42243,-0.0415,-0.0483,1.0308,-0.4883,4.4556,2.8076,1,483,869,235
264826306,42244,-0.0415,-0.0498,1.0264,-0.7324,4.9438,3.1738,1,466,878,235
264831308,42245,-0.0415,-0.0410,1.0244,-1.4038,5.6763,3.2959,1,466,890,235
264836304,42246,-0.0430,-0.0381,1.0244,-2.0142,6.0425,3.3569,1,465,886,235
264841302,42247,-0.0449,-0.0454,1.0239,-2.2583,6.4697,3.4790,1,466,879,235
264846304,42248,-0.0479,-0.0542,1.0200,-2.0752,6.8359,3.6621,1,466,892,235
264851304,42249,-0.0518,-0.0596,1.0142,-2.0142,7.0190,3.7231,1,466,880,235
264856322,42250,-0.0552,-0.0571,1.0137,-1.8921,7.0801,3.7231,1,466,878,235
264861309,42251,-0.0557,-0.0479,1.0181,-1.5869,7.2021,3.6621,1,466,875,235
264866302,42252,-0.0532,-0.0439,1.0234,-1.7090,7.4463,3.4180,1,493,883,235
264871307,42253,-0.0488,-0.0483,1.0312,-1.7700,7.5684,3.2959,1,494,883,235
264876303,42254,-0.0435,-0.0522,1.0386,-1.7700,7.9346,3.2959,1,511,911,235
264881303,42255,-0.0420,-0.0552,1.0376,-1.8921,8.7280,3.3569,1,477,840,235
264886306,42256,-0.0454,-0.0635,1.0288,-1.8311,8.9722,3.2959,1,492,822,235
264891303,42257,-0.0488,-0.0737,1.0220,-1.4038,9.0332,3.5400,1,501,879,235
264896302,42258,-0.0508,-0.0708,1.0200,-0.6714,8.9722,3.7231,1,475,843,235
264901301,42259,-0.0522,-0.0532,1.0220,-0.5493,9.2163,3.9062,1,482,845,235
264906308,42260,-0.0566,-0.0381,1.0205,-1.0376,9.3994,4.0894,1,509,812,235
264911303,42261,-0.0684,-0.0366,1.0103,-1.1597,9.2773,3.9062,1,466,858,235
264916305,42262,-0.0820,-0.0430,0.9980,-1.2207,8.6670,3.7231,1,483,863,235
264921306,42263,-0.0850,-0.0464,0.9951,-0.8545,7.8125,3.5400,1,466,882,235
264926303,42264,-0.0771,-0.0415,1.0005,-0.8545,7.3853,3.3569,1,466,878,235
264931305,42265,-0.0732,-0.0337,1.0054,-1.0376,7.5073,3.1128,1,466,882,235
264936303,42266,-0.0771,-0.0308,1.0083,-1.2207,7.0801,2.7466,1,466,879,235
264941304,42267,-0.0757,-0.0396,1.0146,-1.5259,6.2256,2.5024,1,466,874,235
264946303,42268,-0.0674,-0.0542,1.0264,-1.5869,5.9204,2.5024,1,466,881,235
264951312,42269,-0.0586,-0.0625,1.0356,-1.2817,5.7983,2.5635,1,466,881,235
264956306,42270,-0.0571,-0.0620,1.0356,-1.0986,5.9814,2.7466,1,466,886,235
264961306,42271,-0.0669,-0.0557,1.0254,-1.0376,6.0425,2.7466,1,492,888,235
264966303,42272,-0.0801,-0.0527,1.0122,-1.0376,5.4932,2.3804,1,480,874,235
264971304,42273,-0.0874,-0.0571,1.0039,-0.7935,4.6997,2.1973,1,493,873,235
264976308,42274,-0.0874,-0.0601,0.9995,-0.1831,3.7842,2.1362,1,486,816,235
264981302,42275,-0.0884,-0.0562,0.9956,0.3662,3.2349,1.8921,1,507,843,235
264986308,42276,-0.0952,-0.0474,0.9937,0.6104,2.3804,1.3428,1,482,875,235
264991302,42277,-0.0938,-0.0430,0.9995,0.6714,1.2207,0.8545,1,486,832,235
264996304,42278,-0.0811,-0.0459,1.0122,0.8545,0.8545,0.6104,1,501,860,235
265001301,42279,-0.0698,-0.0459,1.0210,0.8545,0.9155,0.6104,1,505,792,235
265006301,42280,-0.0708,-0.0420,1.0166,0.4272,0.8545,0.4883,1,469,852,235
265011304,42281,-0.0806,-0.0420,1.0068,0.0610,0.3052,0.2441,1,470,855,235
265016302,42282,-0.0835,-0.0454,1.0054,0.0610,-0.4272,0.0610,1,484,851,235
265021306,42283,-0.0757,-0.0444,1.0127,0.0000,-0.6104,-0.0610,1,466,872,235
265026305,42284,-0.0688,-0.0425,1.0205,-0.5493,-0.3662,-0.1221,1,466,827,235
265031303,42285,-0.0645,-0.0693,1.0244,-0.6714,-0.0610,0.0610,1,466,880,235
265036308,42286,-0.0654,-0.0752,1.0181,0.0000,0.3662,0.1221,1,465,877,235
265041301,42287,-0.0679,-0.0664,1.0117,0.1831,0.6104,0.1831,1,466,827,235
265046309,42288,-0.0737,-0.0547,1.0039,0.2441,0.7324,0.0610,1,465,880,235
265051325,42289,-0.0811,-0.0532,0.9946,0.6104,0.3662,-0.1221,1,466,877,235
265056308,42290,-0.0825,-0.0605,0.9951,0.7935,-0.1831,-0.3052,1,466,872,235
265061302,42291,-0.0728,-0.0635,1.0073,1.4648,-0.2441,-0.4272,1,493,879,235
265066304,42292,-0.0630,-0.0571,1.0151,1.8921,0.2441,-0.6714,1,494,881,235
265071308,42293,-0.0645,-0.0493,1.0098,1.9531,0.6714,-0.8545,1,483,803,235
265076301,42294,-0.0742,-0.0488,0.9956,2.3804,0.6714,-1.1597,1,476,835,235
265081308,42295,-0.0854,-0.0527,0.9790,2.5635,0.2441,-1.4038,1,508,812,235
265086306,42296,-0.0928,-0.0513,0.9717,2.9907,-0.8545,-1.5869,1,496,881,235
265091307,42297,-0.0874,-0.0459,0.9824,3.0518,-1.8921,-1.7700,1,489,837,235
265096304,42298,-0.0708,-0.0400,1.0063,2.9297,-2.0142,-1.8311,1,504,836,235
265101301,42299,-0.0552,-0.0381,1.0283,2.6245,-1.5869,-1.9531,1,498,827,235
265106308,42300,-0.0513,-0.0386,1.0312,2.3193,-0.7324,-1.9531,1,482,866,235
265111301,42301,-0.0625,-0.0376,1.0063,2.0752,-0.3052,-2.1362,1,484,893,235
265116310,42302,-0.0859,-0.0308,0.9697,1.7700,-0.8545,-2.3193,1,466,878,235
265121308,42303,-0.1123,-0.0234,0.9385,1.2817,-2.8076,-2.6245,1,466,879,235
265126308,42304,-0.1304,-0.0225,0.9277,0.6104,-5.4321,-2.8076,1,466,890,235
265131301,42305,-0.1226,-0.0278,0.9517,0.0000,-8.2397,-2.9907,1,466,883,235
265136310,42306,-0.0933,-0.0376,0.9907,-0.3662,-9.4604,-3.2349,1,466,841,235
265141301,42307,-0.0708,-0.0430,1.0156,-0.3662,-9.7046,-3.2959,1,466,880,235
265146307,42308,-0.0684,-0.0391,1.0176,-0.5493,-10.2539,-3.4790,1,466,881,235
265151301,42309,-0.0786,-0.0337,1.0112,-1.1597,-11.1694,-3.9062,1,466,898,235
265156305,42310,-0.0791,-0.0371,1.0137,-1.7700,-12.5122,-4.0894,1,493,904,235
265161309,42311,-0.0674,-0.0439,1.0190,-1.9531,-12.9395,-4.1504,1,477,900,235
265166310,42312,-0.0654,-0.0435,1.0146,-2.0752,-13.0615,-4.1504,1,511,899,235
265171304,42313,-0.0645,-0.0483,1.0117,-2.5635,-14.0991,-4.2725,1,479,879,235
265176301,42314,-0.0581,-0.0674,1.0132,-2.0142,-13.8550,-4.3945,1,499,864,235
265181306,42315,-0.0649,-0.0762,1.0093,-0.7935,-13.4277,-4.3335,1,484,899,235
265186305,42316,-0.0747,-0.0645,1.0103,-0.6104,-14.2822,-4.3945,1,493,859,235
265191307,42317,-0.0674,-0.0557,1.0195,-0.7324,-14.8315,-4.4556,1,486,868,235
265196309,42318,-0.0586,-0.0552,1.0220,-0.3052,-14.3433,-4.4556,1,504,872,235
265201302,42319,-0.0620,-0.0576,1.0156,-0.2441,-14.3433,-4.3945,1,465,875,235
265206305,42320,-0.0620,-0.0625,1.0156,-0.1221,-14.8926,-4.2725,1,483,888,235
265211305,42321,-0.0508,-0.0640,1.0254,0.5493,-14.3433,-4.0283,1,466,896,235
265216303,42322,-0.0410,-0.0601,1.0347,0.7324,-13.0615,-3.9062,1,465,898,235
265221302,42323,-0.0415,-0.0562,1.0337,0.7324,-12.1460,-3.6011,1,466,895,235
265226306,42324,-0.0518,-0.0591,1.0215,1.0986,-12.0850,-3.3569,1,466,895,235
265231303,42325,-0.0659,-0.0645,1.0088,1.4038,-12.7563,-3.4180,1,466,896,235
265236309,42326,-0.0698,-0.0640,1.0083,1.7090,-14.2212,-3.2959,1,466,901,235
265241326,42327,-0.0562,-0.0649,1.0220,1.7700,-14.8926,-3.1128,1,465,898,235
265246307,42328,-0.0396,-0.0679,1.0332,2.2583,-14.5874,-2.9907,1,466,898,235
265251303,42329,-0.0396,-0.0659,1.0303,2.7466,-14.1602,-2.7466,1,492,907,235
265256307,42330,-0.0479,-0.0645,1.0225,2.8687,-14.4653,-2.5635,1,473,894,235
265261307,42331,-0.0469,-0.0688,1.0234,3.2959,-14.7705,-2.5635,1,511,900,235
265266305,42332,-0.0381,-0.0713,1.0317,3.9673,-14.2212,-2.5635,1,478,880,235
265271305,42333,-0.0317,-0.0679,1.0400,4.3945,-13.8550,-2.6855,1,494,858,235
265276303,42334,-0.0293,-0.0615,1.0425,4.8218,-13.4888,-2.7466,1,486,904,235
265281304,42335,-0.0298,-0.0522,1.0405,5.0659,-12.5732,-2.5635,1,495,860,235
265286303,42336,-0.0293,-0.0498,1.0400,4.6997,-11.9629,-2.8076,1,485,875,235
265291302,42337,-0.0308,-0.0518,1.0366,5.0659,-11.2915,-2.9907,1,492,871,235
265296304,42338,-0.0381,-0.0488,1.0298,5.0049,-12.0239,-3.4180,1,476,882,235
265301308,42339,-0.0527,-0.0425,1.0195,4.8218,-12.5122,-3.7842,1,483,876,235
265306302,42340,-0.0605,-0.0337,1.0127,4.6387,-14.2822,-4.0894,1,466,903,235
265311305,42341,-0.0552,-0.0254,1.0137,4.1504,-15.1367,-4.3335,1,466,900,235
265316303,42342,-0.0571,-0.0249,1.0156,3.4180,-15.8691,-4.8828,1,465,898,235
265321304,42343,-0.0625,-0.0317,1.0166,3.0518,-17.9443,-5.1880,1,466,910,235
265326309,42344,-0.0703,-0.0425,1.0127,2.8687,-19.4092,-5.1880,1,466,896,235
265331305,42345,-0.0752,-0.0508,1.0112,2.6245,-21.8506,-4.5776,1,466,887,235
265336316,42346,-0.0649,-0.0479,1.0171,2.5024,-24.3530,-3.9673,1,465,900,235
265341307,42347,-0.0464,-0.0435,1.0229,2.0752,-26.1230,-3.9062,1,466,899,235
265346308,42348,-0.0317,-0.0479,1.0234,1.9531,-27.3437,-3.8452,1,492,899,235
265351309,42349,-0.0283,-0.0508,1.0215,2.0752,-28.5034,-3.4180,1,466,909,235
265356309,42350,-0.0259,-0.0435,1.0220,2.0142,-30.0903,-2.8076,1,494,895,235
265361307,42351,-0.0186,-0.0366,1.0220,1.9531,-31.2500,-2.5635,1,485,834,235
265366310,42352,-0.0195,-0.0400,1.0176,1.8921,-31.9214,-2.7466,1,505,861,235
265371301,42353,-0.0317,-0.0469,1.0122,2.4414,-33.5083,-3.1128,1,494,892,235
265376301,42354,-0.0420,-0.0508,1.0078,2.9907,-35.5225,-3.5400,1,493,884,235
265381309,42355,-0.0371,-0.0513,1.0103,3.3569,-37.4756,-4.2114,1,498,857,235
265386304,42356,-0.0229,-0.0542,1.0156,4.0894,-38.5742,-4.5776,1,493,820,235
265391309,42357,-0.0122,-0.0615,1.0156,4.8828,-39.4897,-4.9438,1,466,877,235
265396302,42358,-0.0073,-0.0649,1.0146,6.1646,-40.3442,-5.4932,1,484,885,235
265401303,42359,-0.0127,-0.0601,1.0137,7.1411,-41.6260,-5.9814,1,466,901,235
265406308,42360,-0.0215,-0.0459,1.0156,7.8125,-43.2129,-6.2256,1,466,899,235
265411306,42361,-0.0156,-0.0376,1.0254,7.8125,-45.7764,-5.9814,1,466,898,235
265416308,42362,0.0063,-0.0415,1.0376,8.2397,-46.8140,-5.6763,1,465,903,235
265421301,42363,0.0254,-0.0396,1.0444,8.8501,-47.5464,-5.4321,1,465,902,235
265426308,42364,0.0322,-0.0327,1.0449,8.7891,-48.3398,-5.1270,1,466,898,235
265431309,42365,0.0356,-0.0288,1.0444,8.3618,-48.6450,-4.7607,1,466,907,235
265436309,42366,0.0391,-0.0312,1.0459,8.2397,-48.7671,-4.1504,1,466,909,235
265441309,42367,0.0356,-0.0317,1.0464,8.1787,-49.4385,-3.6621,1,492,919,235
265446305,42368,0.0317,-0.0269,1.0454,7.6904,-50.1709,-3.1128,1,467,908,235
265451301,42369,0.0371,-0.0259,1.0454,7.3853,-51.0864,-1.9531,1,482,897,235
265456310,42370,0.0483,-0.0254,1.0483,6.8970,-51.2695,-0.8545,1,476,828,235
265461303,42371,0.0586,-0.0181,1.0566,5.9814,-51.9409,0.2441,1,505,871,235
265466303,42372,0.0737,-0.0107,1.0620,4.4556,-54.0161,1.0376,1,480,899,235
265471302,42373,0.0815,-0.0073,1.0654,2.8687,-54.7485,0.7935,1,497,857,235
265476307,42374,0.0894,-0.0044,1.0674,1.0376,-58.1665,1.2817,1,493,868,235
265481306,42375,0.0879,-0.0015,1.0640,-0.6104,-57.6172,0.9766,1,500,817,235
265486309,42376,0.0410,0.0078,1.0688,-2.4414,-60.7910,0.2441,1,465,864,235
265491303,42377,-0.0034,0.0190,1.0762,-4.4556,-70.6177,0.2441,1,483,881,235
265496306,42378,-0.0205,0.0205,1.0737,-6.2256,-78.3691,0.3662,1,466,888,235
265501302,42379,-0.0635,0.0132,1.0757,-7.9956,-85.6323,-0.2441,1,466,897,235
265506308,42380,-0.1211,-0.0010,1.0830,-9.4604,-98.6328,0.1831,1,466,905,235
265511303,42381,-0.1753,-0.0117,1.0972,-9.0942,-114.2578,1.9531,1,466,895,235
265516304,42382,-0.2373,-0.0063,1.1245,-10.1318,-133.5449,2.1973,1,466,910,235
265521301,42383,-0.3286,0.0107,1.1558,-12.6953,-157.2876,2.0752,1,465,925,235
265526307,42384,-0.4521,0.0410,1.2075,-15.8081,-188.8428,1.2207,1,466,921,235
265531307,42385,-0.5757,0.0596,1.2622,-22.2168,-231.1401,0.1221,1,466,926,235
265536304,42386,-0.6621,0.0508,1.3159,-31.0059,-274.5972,-1.9531,1,466,921,235
265541316,42387,-0.7773,0.0645,1.4092,-41.3818,-317.8101,-6.7749,1,466,916,235
265546303,42388,-0.9009,0.0762,1.5161,-55.8472,-371.2768,-13.3667,1,494,917,235
265551309,42389,-0.8687,0.0044,1.5869,-67.5659,-421.7529,-24.7803,1,486,939,235
265556304,42390,-0.6309,-0.0728,1.5938,-65.4907,-471.9848,-33.2642,1,502,824,235
265561306,42391,-0.4551,-0.0688,1.6265,-65.9180,-498.1079,-37.4756,1,474,931,235
265566306,42392,-0.6201,-0.0093,1.7759,-74.8291,-523.5596,-41.6870,1,486,924,235
265571307,42393,-0.8955,0.0425,1.8760,-78.5522,-569.7021,-40.6494,1,498,910,235
265576302,42394,-0.9385,-0.0366,1.7627,-76.0498,-605.0415,-34.6680,1,486,903,235
265581305,42395,-0.7773,-0.2358,1.5205,-65.6128,-620.7275,-39.1235,1,508,894,235
265586306,42396,-0.6582,-0.4053,1.2954,-52.6733,-637.5122,-50.5371,1,482,931,235
265591303,42397,-0.6528,-0.5063,1.1147,-30.0293,-662.4145,-54.8706,1,484,926,235
265596305,42398,-0.6270,-0.6094,0.8872,2.5024,-699.5239,-56.7017,1,466,946,235
265601301,42399,-0.4746,-0.7295,0.5713,40.3442,-727.4780,-60.1807,1,466,926,235
265606306,42400,-0.2598,-0.7959,0.2715,74.8901,-740.6005,-64.3921,1,465,942,235
265611310,42401,-0.0444,-0.5625,0.2139,97.4121,-774.6581,-70.9229,1,466,925,235
265616306,42402,0.7622,0.1289,0.7993,82.2754,-836.0595,-68.9087,1,466,940,235
265621301,42403,3.3779,0.0610,2.0996,18.2495,-858.7036,-47.2412,1,466,941,235
265626309,42404,5.7188,-1.2568,3.7734,7.5684,-513.4277,-74.4019,1,466,945,235
265631310,42405,4.4834,-1.7939,5.0503,63.1103,-120.0561,-112.7930,1,466,955,235
265636306,42406,1.3950,-1.0591,5.1348,53.6499,-74.2798,-89.9658,1,492,953,235
265641303,42407,-0.4590,-0.4907,4.2827,22.0947,-48.4009,-91.6748,1,470,935,235
265646305,42408,-0.7446,-0.5713,3.3320,12.3291,16.7236,-99.4873,1,511,939,235
265651306,42409,-0.4438,-0.8677,2.6636,24.9023,64.3311,-91.2476,1,472,938,235
265656303,42410,-0.3281,-0.9702,2.1577,30.3345,102.6611,-85.2051,1,499,857,235
265661301,42411,-0.5366,-0.8730,1.6841,31.9214,119.8730,-79.4678,1,493,903,235
265666303,42412,-0.8242,-0.7173,1.2549,42.0532,118.8965,-75.3174,1,488,937,235
265671301,42413,-0.9956,-0.6021,0.9668,46.6919,110.2905,-73.1812,1,479,899,235
265676301,42414,-0.9980,-0.5537,0.8716,50.0488,99.4263,-70.8008,1,507,899,235
265681303,42415,-0.8721,-0.5249,0.9106,53.1616,93.2617,-66.8945,1,466,906,235
265686306,42416,-0.7153,-0.4805,0.9912,51.3306,98.0835,-64.8193,1,483,919,235
265691308,42417,-0.6221,-0.4336,1.0610,47.3633,107.4219,-63.4766,1,466,929,235
265696308,42418,-0.5947,-0.4082,1.1089,42.9077,116.8213,-62.0117,1,466,939,235
265701301,42419,-0.5884,-0.4189,1.1519,36.3159,127.8076,-59.9976,1,466,946,235
265706305,42420,-0.5684,-0.4629,1.2041,29.4800,139.7095,-56.3965,1,466,941,235
265711301,42421,-0.5288,-0.5205,1.2651,23.4375,153.3813,-50.9033,1,466,936,235
265716302,42422,-0.4834,-0.5801,1.3242,17.6392,167.8467,-44.2505,1,466,944,235
265721303,42423,-0.4395,-0.6372,1.3667,13.7939,183.1055,-36.0718,1,466,932,235
265726332,42424,-0.3945,-0.6855,1.3823,12.3291,199.2187,-26.6724,1,466,938,235
265731303,42425,-0.3506,-0.7158,1.3643,12.6343,215.8813,-16.4185,1,466,954,235
265736319,42426,-0.3218,-0.7163,1.3086,14.8315,231.5674,-6.0425,1,466,938,235
265741307,42427,-0.3110,-0.6797,1.2266,17.3340,244.7510,4.2114,1,492,926,235
265746302,42428,-0.3032,-0.6152,1.1338,18.5547,254.0893,13.4277,1,474,845,235
265751301,42429,-0.2891,-0.5322,1.0435,17.8833,260.8032,21.6064,1,494,865,235
265756303,42430,-0.2681,-0.4375,0.9658,14.5264,264.6484,28.5034,1,479,860,235
265761309,42431,-0.2368,-0.3394,0.9038,8.7280,266.4185,33.6914,1,489,936,235
265766307,42432,-0.1992,-0.2456,0.8618,0.6714,267.2729,37.1094,1,478,877,235
265771308,42433,-0.1592,-0.1646,0.8398,-9.3994,267.3340,39.1846,1,489,874,235
265776309,42434,-0.1191,-0.1030,0.8374,-19.9585,266.4795,40.6494,1,468,885,235
265781307,42435,-0.0874,-0.0596,0.8579,-30.5176,265.0757,41.5649,1,472,911,235
265786302,42436,-0.0630,-0.0376,0.9048,-40.5884,262.8784,42.0532,1,484,914,235
265791304,42437,-0.0361,-0.0430,0.9829,-49.0723,260.3760,43.0298,1,465,930,235
265796304,42438,0.0083,-0.0732,1.0884,-54.9316,259.2773,44.8608,1,466,929,235
265801304,42439,0.0654,-0.1138,1.2075,-58.0444,260.8032,47.6685,1,466,936,235
265806307,42440,0.1177,-0.1460,1.3228,-58.5327,264.7705,51.1475,1,466,937,235
265811309,42441,0.1582,-0.1538,1.4263,-57.3120,269.6533,55.0537,1,466,940,235
265816307,42442,0.1968,-0.1328,1.5161,-55.7861,275.4517,58.8379,1,465,945,235
265821332,42443,0.2412,-0.0898,1.5957,-55.0537,282.7148,62.0728,1,466,944,235
265826308,42444,0.2900,-0.0356,1.6655,-54.8706,290.4663,64.5142,1,466,941,235
265831306,42445,0.3389,0.0190,1.7227,-54.9316,298.0347,66.1011,1,466,932,235
265836307,42446,0.3877,0.0640,1.7661,-55.2978,305.2979,66.7114,1,490,923,235
265841301,42447,0.4336,0.0923,1.7959,-55.2368,313.0493,66.7725,1,478,862,235
265846306,42448,0.4658,0.1060,1.8125,-54.0771,320.2515,66.4062,1,500,879,235
265851309,42449,0.4873,0.1113,1.8140,-52.6123,326.4160,65.7959,1,486,930,235
265856310,42450,0.5054,0.1133,1.8027,-50.5371,331.7260,65.0635,1,486,942,235
265861309,42451,0.5166,0.1177,1.7808,-48.2178,336.0595,64.2090,1,501,914,235
265866303,42452,0.5200,0.1255,1.7539,-46.1426,338.8672,63.1714,1,491,903,235
265871303,42453,0.5244,0.1328,1.7324,-44.6167,339.5996,61.8286,1,510,911,235
265876310,42454,0.5391,0.1372,1.7246,-43.9453,339.8437,60.2417,1,484,932,235
265881304,42455,0.5591,0.1382,1.7246,-43.5791,340.0268,58.2275,1,466,930,235
265886301,42456,0.5728,0.1367,1.7261,-43.9453,339.7827,55.8472,1,466,942,235
265891303,42457,0.5811,0.1318,1.7285,-44.8608,338.9892,52.9785,1,466,945,235
265896310,42458,0.5859,0.1235,1.7290,-46.1426,338.1347,49.6216,1,466,951,235
265901305,42459,0.5796,0.1152,1.7305,-48.1567,336.9751,45.7764,1,466,948,235
265906303,42460,0.5664,0.1084,1.7480,-51.1475,334.2285,41.8091,1,466,941,235
265911304,42461,0.5674,0.0928,1.7954,-55.2978,331.1767,37.9639,1,466,938,235
265916301,42462,0.5928,0.0596,1.8672,-59.8144,329.4067,34.3628,1,466,939,235
265921301,42463,0.6372,0.0049,1.9473,-64.3921,329.1015,31.8603,1,492,936,235
265926304,42464,0.6875,-0.0679,2.0239,-68.9087,330.2612,31.0059,1,466,929,235
265931308,42465,0.7378,-0.1455,2.0928,-72.8760,331.1767,32.2266,1,479,927,235
265936307,42466,0.8003,-0.2212,2.1514,-76.4771,332.0312,35.2783,1,466,824,235
265941305,42467,0.8799,-0.2866,2.1895,-78.5522,333.9843,40.1611,1,501,851,235
265946303,42468,0.9565,-0.3257,2.1992,-79.3457,336.8530,46.3867,1,476,905,235
265951304,42469,1.0225,-0.3301,2.1875,-79.9561,337.9516,53.1616,1,491,917,235
265956309,42470,1.1025,-0.3081,2.1611,-80.3833,336.2426,60.4248,1,496,916,235
265961304,42471,1.2095,-0.2749,2.1196,-80.2002,334.4116,67.3218,1,478,918,235
265966310,42472,1.3193,-0.2349,2.0532,-78.9185,332.1533,73.5474,1,508,852,235
265971304,42473,1.4175,-0.1860,1.9526,-76.9043,327.1484,79.0405,1,478,916,235
265976309,42474,1.5098,-0.1401,1.8193,-74.5850,319.8242,83.6182,1,466,915,235
265981307,42475,1.5972,-0.1055,1.6670,-72.0825,311.0352,87.4023,1,466,932,235
265986308,42476,1.6782,-0.0806,1.5107,-68.9087,299.3774,90.2710,1,466,926,235
265991304,42477,1.7617,-0.0659,1.3623,-66.1011,285.2783,92.4072,1,466,926,235
265996302,42478,1.8535,-0.0571,1.2275,-63.3545,270.6299,93.8110,1,466,935,235
266001310,42479,1.9531,-0.0479,1.0977,-60.9741,255.7373,94.1772,1,466,941,235
266006309,42480,2.0503,-0.0205,0.9570,-58.4717,241.2109,93.6279,1,466,945,235
266011306,42481,2.1260,0.0439,0.8032,-57.4341,225.8301,90.5151,1,466,942,235
266016307,42482,2.1904,0.1411,0.6514,-60.3027,207.2143,85.1440,1,466,938,235
266021302,42483,2.2769,0.2510,0.5171,-66.9556,186.8286,77.9419,1,466,946,235
266026303,42484,2.3887,0.3506,0.4082,-76.7212,167.6025,68.7866,1,477,926,235
266031302,42485,2.6084,0.3882,0.2241,-93.5059,128.9673,49.3164,1,466,823,235
266036305,42486,2.6763,0.3091,0.1221,-92.5903,108.2764,41.4429,1,501,834,235
266041308,42487,2.7173,0.2095,0.0220,-85.6934,85.0830,35.9497,1,489,868,235
266046306,42488,2.7515,0.1060,-0.0557,-73.6084,59.8755,33.0811,1,478,940,235
266051305,42489,2.7739,0.0083,-0.1050,-55.2978,33.5083,32.5317,1,494,903,235
266056305,42490,2.7935,-0.0688,-0.1470,-32.2876,4.9438,32.9590,1,494,899,235
266061305,42491,3.0015,-0.0405,-0.5532,-3.7842,-53.9551,33.3862,1,506,882,235
266066304,42492,3.2593,0.3428,-1.6846,32.5317,-203.6133,34.2407,1,480,895,235
266071307,42493,3.1719,0.8657,-2.6963,20.9351,-361.9384,15.9912,1,466,915,235
266076307,42494,2.3853,0.7842,-2.3032,-24.9023,-384.7046,-20.4468,1,466,947,235
266081303,42495,1.6396,-0.1143,-0.4688,-36.0718,-345.3369,-23.4375,1,466,944,235
266086306,42496,1.0010,-0.8770,1.5542,15.2588,-321.9604,-12.2070,1,466,968,235
266091307,42497,-0.4912,-1.1235,2.9502,22.2778,-296.7529,-23.7427,1,466,938,235
266096307,42498,-1.8647,-1.4185,3.4951,26.0620,-300.2930,-13.9160,1,466,947,235
266101308,42499,-1.9502,-1.6572,2.8540,62.4390,-307.5562,0.4272,1,465,941,235
266106326,42500,-1.0566,-1.3457,1.3130,76.2939,-321.1060,18.1885,1,466,921,235
266111310,42501,0.0210,-0.4995,-0.2290,65.8569,-345.3979,35.0952,1,466,929,235
266116314,42502,0.7949,0.2427,-0.7417,27.8320,-367.0654,42.1753,1,493,936,235
266121309,42503,1.1250,0.5288,0.2593,-1.8311,-380.1269,46.5088,1,485,940,235
266126308,42504,1.2012,0.5864,2.2617,-21.1792,-373.1689,50.4761,1,510,922,235
266131308,42505,1.3154,0.7485,4.0869,-26.7944,-332.0923,49.7436,1,486,944,235
266136304,42506,1.5063,1.1118,4.7295,-10.3760,-261.7798,34.3018,1,476,922,235
266141305,42507,1.4775,1.4702,4.0840,5.0659,-192.8711,3.2959,1,494,902,235
266146302,42508,1.1050,1.5186,2.8701,7.2632,-151.0010,-26.9165,1,502,892,235
266151303,42509,0.6387,1.1372,1.9077,-1.3428,-134.7046,-44.9829,1,474,877,235
266156302,42510,0.2637,0.3540,1.5229,-12.0239,-125.5493,-52.6123,1,501,892,235
266161301,42511,0.0073,-0.7822,1.7095,-9.1553,-115.3564,-45.2881,1,508,876,235
266166304,42512,0.0752,-1.7490,2.0947,24.4751,-112.1826,-21.4844,1,484,904,235
266171301,42513,0.3604,-2.0840,2.1177,43.7622,-93.9941,3.7842,1,465,944,235
266176309,42514,0.4648,-1.8901,1.7578,51.5747,-74.2188,25.7568,1,466,926,235
266181305,42515,0.3257,-1.2393,1.3657,81.6650,-67.0776,36.4380,1,466,978,235
266186307,42516,0.1274,-0.3335,1.1992,102.8442,-68.5425,36.6211,1,466,931,235
266191307,42517,0.0493,0.3901,1.3101,101.7456,-64.4531,28.0151,1,466,934,235
266196301,42518,0.1162,0.6279,1.5630,94.1772,-54.2603,18.3105,1,466,932,235
266201308,42519,0.2456,0.4165,1.7441,85.0830,-39.7339,12.0239,1,466,936,235
266206309,42520,0.3164,0.0200,1.7246,78.2471,-22.9492,8.8501,1,466,937,235
266211304,42521,0.2461,-0.2739,1.5176,78.3691,-10.9253,9.0332,1,466,911,235
266216306,42522,0.0688,-0.3311,1.2437,81.0547,-7.6294,9.3994,1,466,916,235
266221302,42523,-0.0864,-0.1943,1.0732,81.7261,-12.0850,8.7280,1,511,902,235
266226309,42524,-0.1094,0.0566,1.1035,79.4067,-18.2495,7.5684,1,490,919,235
266231308,42525,-0.0146,0.3125,1.2793,69.5801,-17.5781,4.7607,1,509,794,235
266236304,42526,0.0742,0.4062,1.4111,52.7954,-9.9487,0.6714,1,475,875,235
266241307,42527,0.0713,0.3120,1.3740,39.0015,-5.3711,-0.6104,1,489,934,235
266246307,42528,0.0098,0.1514,1.2339,30.7007,-6.7139,-0.9155,1,499,845,235
266251302,42529,-0.0371,-0.0103,1.1191,26.1230,-7.3242,-2.0142,1,482,815,235
266256308,42530,-0.0400,-0.1177,1.0806,25.3296,-9.3384,-1.5259,1,498,856,235
266261309,42531,-0.0181,-0.1016,1.0928,26.9165,-9.0332,-0.7935,1,465,874,235
266266305,42532,-0.0146,-0.0020,1.1089,24.2310,-7.4463,-1.4648,1,484,875,235
266271308,42533,-0.0322,0.0693,1.1050,19.2871,-7.4463,-2.0142,1,466,897,235
266276304,42534,-0.0400,0.0649,1.0933,14.8926,-8.5449,-1.9531,1,465,896,235
266281309,42535,-0.0366,0.0195,1.0776,12.0850,-8.6670,-1.8311,1,466,902,235
266286301,42536,-0.0405,-0.0107,1.0562,10.1929,-8.7891,-1.7700,1,466,901,235
266291303,42537,-0.0513,-0.0181,1.0361,7.5684,-10.2539,-1.9531,1,466,891,235
266296307,42538,-0.0542,-0.0312,1.0278,5.3711,-11.5967,-2.1973,1,466,901,235
266301306,42539,-0.0488,-0.0571,1.0273,4.5776,-12.2070,-2.2583,1,466,924,235
266306334,42540,-0.0415,-0.0762,1.0303,4.3945,-12.3901,-2.1973,1,466,910,235
266311304,42541,-0.0347,-0.0752,1.0361,4.3945,-12.8174,-1.8311,1,466,901,235
266316306,42542,-0.0317,-0.0601,1.0386,4.0894,-12.9395,-1.5869,1,466,898,235
266321306,42543,-0.0298,-0.0479,1.0386,3.4790,-13.0005,-1.3428,1,488,895,235
266326307,42544,-0.0259,-0.0469,1.0410,2.9297,-12.8174,-1.0986,1,477,815,235
266331301,42545,-0.0210,-0.0557,1.0449,3.1738,-12.5732,-1.2207,1,499,836,235
266336309,42546,-0.0176,-0.0664,1.0435,3.7842,-12.2681,-1.6479,1,474,901,235
266341307,42547,-0.0186,-0.0718,1.0381,4.3335,-11.7798,-2.0142,1,499,910,235
266346302,42548,-0.0225,-0.0635,1.0376,5.0659,-11.4136,-2.3193,1,493,852,235
266351309,42549,-0.0200,-0.0469,1.0425,4.9438,-11.4136,-2.6855,1,485,869,235
266356306,42550,-0.0117,-0.0347,1.0474,4.4556,-10.8032,-2.9907,1,493,852,235
266361306,42551,-0.0059,-0.0312,1.0503,4.0283,-10.1318,-2.9907,1,470,877,235
266366306,42552,-0.0049,-0.0361,1.0474,3.4790,-9.7046,-2.8687,1,483,898,235
266371302,42553,-0.0112,-0.0439,1.0386,3.2349,-9.3994,-2.6855,1,466,878,235
266376303,42554,-0.0166,-0.0503,1.0312,3.2349,-9.6436,-2.7466,1,466,891,235
266381304,42555,-0.0156,-0.0537,1.0278,3.7231,-9.3384,-2.7466,1,466,910,235
266386309,42556,-0.0127,-0.0552,1.0278,4.0894,-8.6060,-2.8687,1,466,890,235
266391306,42557,-0.0093,-0.0522,1.0312,4.4556,-8.4229,-2.9297,1,466,879,235
266396308,42558,-0.0073,-0.0459,1.0332,4.5166,-7.5684,-2.7466,1,466,909,235
266401301,42559,-0.0098,-0.0415,1.0298,4.1504,-6.7749,-2.6855,1,465,884,235
266406301,42560,-0.0127,-0.0400,1.0264,3.9673,-6.8359,-2.6855,1,466,880,235
266411301,42561,-0.0103,-0.0415,1.0269,4.0894,-6.6528,-2.8076,1,493,882,235
266416301,42562,-0.0044,-0.0430,1.0288,4.0283,-6.4087,-2.9907,1,471,880,235
266421304,42563,0.0005,-0.0425,1.0312,3.9673,-5.7373,-2.9907,1,511,875,235
266426306,42564,-0.0015,-0.0430,1.0312,3.8452,-5.3101,-3.0518,1,491,828,235
266431302,42565,-0.0107,-0.0420,1.0254,3.7842,-5.4321,-3.2959,1,491,870,235
266436302,42566,-0.0166,-0.0430,1.0186,3.9673,-5.9204,-3.3569,1,484,894,235
266441306,42567,-0.0127,-0.0488,1.0166,4.3335,-5.9204,-3.9062,1,496,866,235
266446301,42568,-0.0049,-0.0508,1.0200,4.7607,-5.0659,-4.2725,1,501,853,235
266451301,42569,-0.0015,-0.0454,1.0254,4.9438,-4.5776,-4.4556,1,492,842,235
266456304,42570,-0.0029,-0.0400,1.0288,4.8828,-4.8828,-4.8218,1,508,833,235
266461307,42571,-0.0078,-0.0366,1.0283,5.0049,-5.1880,-4.9438,1,478,863,235
266466310,42572,-0.0127,-0.0371,1.0259,5.0659,-5.6763,-4.9438,1,466,863,235
266471306,42573,-0.0146,-0.0396,1.0249,5.2490,-6.1646,-4.9438,1,466,885,235
266476308,42574,-0.0176,-0.0400,1.0254,5.4932,-6.8970,-4.6387,1,466,889,235
266481304,42575,-0.0195,-0.0400,1.0244,5.3101,-7.9346,-4.0894,1,466,878,235
266486305,42576,-0.0200,-0.0410,1.0215,5.1270,-8.4229,-3.5400,1,466,876,235
266491303,42577,-0.0195,-0.0410,1.0190,5.1880,-9.6436,-2.9297,1,466,880,235
266496305,42578,-0.0234,-0.0381,1.0156,5.1880,-10.8643,-2.7466,1,466,884,235
266501309,42579,-0.0303,-0.0376,1.0098,5.1270,-12.5122,-2.5024,1,466,895,235
266506301,42580,-0.0308,-0.0391,1.0063,5.1270,-14.1602,-2.3804,1,466,898,235
266511311,42581,-0.0234,-0.0391,1.0068,5.3101,-15.1978,-2.3193,1,493,889,235
266516310,42582,-0.0176,-0.0444,1.0073,5.4932,-15.8691,-2.3193,1,467,893,235
266521307,42583,-0.0190,-0.0503,1.0068,6.1646,-16.5405,-2.5024,1,511,904,235
266526302,42584,-0.0205,-0.0542,1.0063,6.8970,-17.5781,-2.6245,1,478,821,235
266531304,42585,-0.0137,-0.0547,1.0103,7.3242,-18.3105,-2.9907,1,484,845,235
266536309,42586,-0.0034,-0.0444,1.0166,7.6904,-18.4937,-3.4790,1,473,851,235
266541304,42587,0.0029,-0.0283,1.0195,7.2632,-18.5547,-3.9673,1,477,855,235
266546307,42588,0.0005,-0.0234,1.0161,6.7139,-18.5547,-4.3945,1,499,851,235
266551302,42589,-0.0103,-0.0288,1.0078,6.6528,-18.6157,-5.1270,1,492,838,235
266556306,42590,-0.0215,-0.0352,0.9995,6.4697,-19.4092,-6.0425,1,477,876,235
266561301,42591,-0.0288,-0.0352,0.9951,6.5308,-20.1416,-6.7749,1,484,868,235
266566303,42592,-0.0312,-0.0312,0.9976,6.1035,-21.2402,-7.5684,1,466,899,235
266571304,42593,-0.0298,-0.0308,1.0024,5.7983,-22.3389,-8.4229,1,466,950,235
266576303,42594,-0.0254,-0.0312,1.0059,5.7373,-23.3765,-9.2163,1,466,899,235
266581310,42595,-0.0195,-0.0337,1.0098,5.5542,-24.5972,-9.8877,1,465,926,235
266586306,42596,-0.0176,-0.0356,1.0117,5.8594,-25.6348,-10.3760,1,466,896,235
266591306,42597,-0.0244,-0.0332,1.0127,6.2866,-27.4658,-10.8643,1,466,919,235
266596304,42598,-0.0332,-0.0215,1.0166,5.9814,-30.2734,-10.9863,1,466,923,235
266601308,42599,-0.0347,0.0015,1.0229,4.9438,-33.7524,-10.7422,1,466,923,235
266606309,42600,-0.0215,0.0156,1.0327,3.3569,-37.2314,-10.1318,1,465,909,235
266611309,42601,0.0029,0.0112,1.0435,2.0142,-39.3677,-9.3384,1,492,917,235
266616309,42602,0.0308,0.0034,1.0557,1.0376,-40.8325,-8.6060,1,465,886,235
266621307,42603,0.0591,-0.0029,1.0654,0.1221,-41.6870,-7.6294,1,511,889,235
266626308,42604,0.0732,-0.0068,1.0679,-0.6714,-40.7715,-6.9580,1,486,805,235
266631308,42605,0.0703,-0.0034,1.0674,-1.4648,-40.5273,-6.0425,1,499,828,235
266636302,42606,0.0747,-0.0039,1.0669,-2.3804,-41.0156,-4.9438,1,499,864,235
266641306,42607,0.0713,-0.0083,1.0664,-3.0518,-40.0391,-3.9673,1,472,858,235
266646305,42608,0.0293,0.0029,1.0708,-4.3335,-41.4429,-3.1738,1,481,843,235
266651309,42609,-0.0249,0.0127,1.0767,-6.7139,-50.2930,-2.6855,1,487,821,235
266656305,42610,-0.0518,0.0127,1.0737,-8.7891,-59.3262,-3.5400,1,501,853,235
266661305,42611,-0.0439,0.0078,1.0620,-11.5356,-68.4204,-4.5166,1,479,877,235
266666306,42612,-0.0283,0.0020,1.0566,-13.6108,-74.5239,-5.9814,1,466,896,235
266671301,42613,-0.0459,0.0039,1.0615,-15.8081,-82.3364,-8.1177,1,466,916,235
266676309,42614,-0.0962,0.0132,1.0742,-18.1885,-93.3227,-10.9253,1,466,918,235
266681302,42615,-0.2007,0.0435,1.0962,-21.9727,-108.5205,-15.0757,1,466,928,235
266686305,42616,-0.4253,0.1045,1.1353,-29.9072,-134.2163,-19.8975,1,466,931,235
266691305,42617,-0.7153,0.1758,1.1948,-41.1377,-180.4809,-24.3530,1,466,931,235
266696308,42618,-0.9614,0.2183,1.2632,-53.8330,-237.9150,-28.5034,1,466,947,235
266701302,42619,-1.1255,0.2529,1.3613,-68.7866,-299.1943,-30.4565,1,466,948,235
266706303,42620,-1.2397,0.3569,1.5073,-86.0596,-366.8213,-27.8931,1,466,944,235
266711301,42621,-1.3457,0.4966,1.6943,-107.1167,-435.5468,-21.0571,1,466,946,235
266716301,42622,-1.3447,0.4956,1.8398,-131.7139,-513.6719,-13.7939,1,465,955,235
266721302,42623,-1.2100,0.2881,1.9233,-147.5220,-576.7822,-13.1226,1,512,947,235
266726304,42624,-1.1260,0.0850,2.0298,-153.1982,-622.9858,-14.5264,1,491,938,235
266731301,42625,-1.2837,0.0063,2.1011,-160.8887,-676.6357,-16.2354,1,504,823,235
266736309,42626,-1.5186,-0.0288,2.0117,-167.2973,-747.1313,-16.2354,1,493,904,235
266741304,42627,-1.5596,-0.0645,1.7144,-163.9404,-799.1332,-13.9160,1,495,945,235
266746307,42628,-1.4209,-0.1133,1.3086,-167.8467,-831.5429,-28.8086,1,491,938,235
266751303,42629,-1.2563,-0.1880,0.9233,-173.0347,-865.3564,-49.0723,1,493,906,235
266756302,42630,-1.1533,-0.3496,0.5503,-155.0293,-902.8320,-59.3872,1,479,874,235
266761305,42631,-1.0542,-0.6123,0.1436,-115.4785,-936.6454,-66.6504,1,484,923,235
266766304,42632,-0.9185,-0.8018,-0.2002,-64.8804,-957.3974,-72.2046,1,466,946,235
266771304,42633,-0.7231,-0.4004,-0.0791,-33.8135,-998.3520,-75.9888,1,466,920,235
266776306,42634,0.8013,0.4697,1.0938,-70.6787,-1105.7129,-62.3779,1,466,929,235
266781308,42635,4.7959,-0.4019,3.1279,-143.4937,-1062.2559,-31.7993,1,466,968,235
266786305,42636,6.7280,-2.2651,5.4341,-69.9463,-457.8247,-98.5107,1,466,944,235
266791307,42637,3.8320,-2.0913,7.0405,3.0518,-100.7690,-120.7275,1,466,945,235
266796307,42638,0.3735,-0.8931,7.0898,-38.9404,-103.0273,-81.6040,1,466,934,235
266801314,42639,-0.9814,-0.4219,6.0918,-45.2881,-12.0239,-86.8530,1,466,936,235
266806306,42640,-0.8628,-0.5986,4.9004,-37.5977,102.9053,-84.8999,1,466,938,235
266811305,42641,-0.5059,-0.8818,3.8643,-15.6250,187.8662,-74.7070,1,493,931,235
266816307,42642,-0.5117,-0.9380,2.9375,-0.3662,250.7934,-66.3452,1,472,937,235
266821302,42643,-0.7939,-0.7925,2.0840,14.7095,282.5928,-57.0068,1,466,861,235
266826308,42644,-1.1172,-0.5786,1.3496,33.8135,289.5508,-51.9409,1,498,935,235
266831309,42645,-1.3560,-0.4004,0.8457,44.9219,274.7803,-49.9268,1,484,865,235
266836302,42646,-1.4014,-0.3086,0.6411,54.0771,243.9575,-48.7671,1,485,929,235
266841303,42647,-1.1802,-0.2832,0.6816,60.3638,216.9189,-46.0815,1,499,903,235
266846301,42648,-0.8369,-0.2690,0.8521,61.6455,213.3789,-45.6543,1,486,913,235
266851305,42649,-0.5957,-0.2261,1.0562,60.4858,219.9707,-46.6309,1,493,914,235
266856304,42650,-0.4658,-0.1699,1.2495,56.0303,226.3794,-47.9126,1,465,919,235
266861303,42651,-0.3398,-0.1465,1.4263,47.4853,239.2578,-49.3774,1,484,928,235
266866308,42652,-0.1826,-0.1685,1.5771,39.2456,259.8877,-50.2930,1,466,951,235
266871309,42653,-0.0229,-0.2075,1.6738,32.3486,284.7900,-50.5371,1,466,935,235
266876305,42654,0.1084,-0.2354,1.6963,25.9399,311.7676,-50.9033,1,466,935,235
266881302,42655,0.1992,-0.2568,1.6436,20.5078,338.3789,-50.9033,1,465,934,235
266886308,42656,0.2451,-0.2881,1.5215,17.7002,362.4267,-50.0488,1,466,944,235
266891302,42657,0.2505,-0.3320,1.3477,16.8457,380.9204,-48.0957,1,465,932,235
266896305,42658,0.2388,-0.3823,1.1475,17.4561,393.1884,-44.6777,1,466,931,235
266901319,42659,0.2227,-0.4287,0.9517,19.7754,399.6582,-39.9170,1,466,940,235
266906304,42660,0.2012,-0.4644,0.7925,22.5830,399.3530,-33.9966,1,466,929,235
266911303,42661,0.1885,-0.4888,0.6934,25.7568,392.7002,-27.0996,1,493,933,235
266916302,42662,0.1982,-0.4990,0.6562,29.1138,383.8501,-19.6533,1,490,938,235
266921302,42663,0.2275,-0.4883,0.6729,31.5552,374.6948,-11.9629,1,465,965,235
266926301,42664,0.2705,-0.4512,0.7212,32.1655,367.3706,-4.6997,1,491,839,235
266931308,42665,0.3154,-0.3936,0.7817,30.1514,362.7319,1.9531,1,479,860,235
266936303,42666,0.3550,-0.3281,0.8511,24.7803,359.3139,7.6904,1,496,898,235
266941304,42667,0.3867,-0.2651,0.9316,17.1509,356.5063,12.3291,1,491,884,235
266946305,42668,0.4087,-0.2158,1.0308,6.9580,353.8208,16.0522,1,502,902,235
266951306,42669,0.4355,-0.1865,1.1533,-4.1504,350.2807,19.2261,1,492,882,235
266956306,42670,0.4902,-0.1797,1.2881,-15.1978,348.1445,22.1558,1,465,898,235
266961306,42671,0.5615,-0.1948,1.4136,-25.2075,349.9756,25.2075,1,484,922,235
266966307,42672,0.6162,-0.2222,1.5088,-33.2642,354.3701,28.3203,1,466,947,235
266971301,42673,0.6489,-0.2886,1.6157,-43.8232,362.1826,37.5366,1,466,932,235
266976308,42674,0.6528,-0.3301,1.6479,-46.3257,364.8071,44.1284,1,466,945,235
266981303,42675,0.6553,-0.3662,1.6733,-47.1802,367.0044,51.9409,1,466,942,235
266986303,42676,0.6489,-0.3843,1.7021,-46.8750,367.7978,60.7300,1,466,941,235
266991303,42677,0.6440,-0.3818,1.7500,-46.1426,367.1875,69.8853,1,466,948,235
266996301,42678,0.6606,-0.3623,1.8228,-45.2881,366.6992,79.0405,1,466,935,235
267001308,42679,0.6895,-0.3276,1.9131,-44.1284,368.2861,87.5854,1,466,936,235
267006303,42680,0.7192,-0.2739,2.0103,-42.6025,370.0561,95.0928,1,465,950,235
267011317,42681,0.7642,-0.2114,2.1011,-40.9546,372.6196,100.8301,1,492,941,235
267016305,42682,0.8154,-0.1558,2.1675,-38.2690,377.6245,104.4922,1,466,936,235
267021305,42683,0.8457,-0.1040,2.1987,-34.8511,382.7514,106.1401,1,511,944,235
267026306,42684,0.8491,-0.0513,2.1982,-31.1890,385.6201,106.0181,1,487,945,235
267031306,42685,0.8423,-0.0078,2.1880,-28.0762,386.3525,103.6377,1,475,863,235
267036309,42686,0.8374,0.0176,2.1997,-25.6348,385.0097,99.7314,1,479,912,235
267041310,42687,0.8535,0.0264,2.2520,-23.9868,381.4087,94.8486,1,486,944,235
267046305,42688,0.9131,0.0186,2.3389,-23.7427,378.9673,88.9282,1,499,906,235
267051306,42689,1.0078,-0.0044,2.4365,-24.4141,379.5166,82.4585,1,487,901,235
267056305,42690,1.1152,-0.0366,2.5190,-25.6348,382.0190,75.5005,1,499,906,235
267061304,42691,1.2275,-0.0747,2.5698,-27.9541,385.0708,68.6035,1,483,917,235
267066302,42692,1.3486,-0.1143,2.5801,-31.2500,387.5732,62.3169,1,466,938,235
267071310,42693,1.4834,-0.1489,2.5381,-35.4004,389.9536,56.5796,1,466,945,235
267076309,42694,1.6196,-0.1704,2.4316,-39.8560,391.2964,51.5747,1,466,934,235
267081308,42695,1.7397,-0.1758,2.2622,-44.8608,389.4653,47.2412,1,466,946,235
267086306,42696,1.8496,-0.1738,2.0444,-50.1099,382.5073,43.8843,1,465,955,235
267091305,42697,1.9546,-0.1748,1.7944,-55.0537,371.9482,41.7480,1,466,944,235
267096309,42698,2.0410,-0.1782,1.5288,-58.8989,357.1777,40.5273,1,466,951,235
267101306,42699,2.1147,-0.1816,1.2734,-62.1948,337.0971,40.7104,1,466,954,235
267106304,42700,2.1982,-0.1890,1.0527,-64.6362,313.2935,42.4194,1,466,953,235
267111310,42701,2.2969,-0.1890,0.8662,-65.3076,288.4521,44.8608,1,466,941,235
267116309,42702,2.4009,-0.1519,0.7041,-65.0635,263.1226,47.1802,1,466,937,235
267121309,42703,2.5205,-0.0635,0.5664,-65.7959,236.5723,47.9126,1,508,922,235
267126306,42704,2.6768,0.0469,0.4473,-66.7114,210.9985,45.9595,1,478,831,235
267131309,42705,2.8560,0.1606,0.3208,-66.1011,187.5000,39.8560,1,491,849,235
267136307,42706,3.0269,0.2817,0.1606,-65.2466,164.7949,29.4189,1,500,900,235
267141302,42707,3.1675,0.3857,-0.0322,-65.6738,142.2729,15.9302,1,483,954,235
267146309,42708,3.2559,0.4336,-0.2344,-65.7959,118.4082,1.0376,1,498,917,235
267151302,42709,3.2905,0.3950,-0.4136,-63.9038,90.2100,-12.2070,1,501,875,235
267156301,42710,3.2803,0.2534,-0.5298,-57.3730,59.4482,-21.7895,1,496,906,235
267161308,42711,3.2109,0.0425,-0.5571,-42.4805,24.9023,-26.6724,1,483,928,235
267166307,42712,3.0977,-0.1743,-0.4956,-20.5688,-13.6108,-25.6958,1,466,937,235
267171303,42713,2.9834,-0.3506,-0.3511,3.8452,-50.9644,-20.2026,1,466,944,235
267176305,42714,2.8657,-0.5015,-0.1572,27.7100,-83.6792,-11.7798,1,466,918,235
267181309,42715,2.6274,-0.5859,-0.4702,50.9033,-142.6392,-4.0894,1,466,942,235
267186303,42716,1.6411,-0.1509,-1.4600,82.8857,-330.0781,14.8926,1,466,924,235
267191307,42717,0.2832,0.2461,-1.4570,22.8882,-441.8335,8.1787,1,466,942,235
267196308,42718,-0.4375,-0.0659,0.2412,-23.9258,-339.4775,-6.7749,1,466,927,235
267201301,42719,-0.8438,-0.6621,1.8926,-23.7427,-303.0396,3.6621,1,466,934,235
267206308,42720,-1.4209,-1.4873,2.4155,-33.9966,-320.3125,8.9111,1,466,950,235
267211317,42721,-1.6162,-2.0005,1.8999,13.7939,-339.7827,29.2358,1,492,919,235
267216302,42722,-1.0166,-1.4180,0.5854,56.8848,-365.7837,47.0581,1,465,949,235
267221302,42723,-0.2119,-0.2793,-0.7822,27.8320,-379.3335,54.4434,1,493,947,235
267226306,42724,0.3325,0.3901,-1.2651,-11.5967,-414.3066,51.4526,1,498,946,235
267231305,42725,0.7666,0.4136,-0.3325,-45.6543,-460.2050,55.6030,1,483,836,235
267236307,42726,1.2827,0.3423,1.7671,-64.5752,-460.0830,68.8477,1,499,891,235
267241301,42727,1.7222,0.5986,3.9424,-76.9653,-407.7758,69.3359,1,478,887,235
267246304,42728,1.9683,1.0259,5.0850,-77.0874,-336.3037,54.9316,1,496,899,235
267251308,42729,1.9341,1.4233,4.8638,-51.0254,-259.3994,25.8789,1,501,905,235
267256310,42730,1.5522,1.7104,3.7607,-32.1655,-199.2798,-9.9487,1,465,922,235
267261301,42731,1.0171,1.6587,2.6162,-35.5835,-168.9453,-40.7715,1,483,913,235
267266308,42732,0.5947,1.1133,1.9702,-45.9595,-153.8696,-60.9131,1,465,936,235
267271304,42733,0.3516,0.2183,1.7744,-51.5137,-141.0522,-68.6646,1,466,940,235
267276308,42734,0.1875,-0.7812,1.7075,-49.4995,-130.7983,-64.2700,1,466,932,235
267281304,42735,0.0283,-1.8174,1.7642,-39.0015,-122.8638,-44.9219,1,466,962,235
267286308,42736,0.1050,-2.4609,1.9551,-0.7324,-122.8027,-10.8643,1,466,935,235
267291307,42737,0.3887,-2.3384,1.9102,29.2358,-106.9336,16.4795,1,466,924,235
267296309,42738,0.4648,-1.7471,1.5825,43.7012,-84.7778,31.3721,1,466,937,235
267301332,42739,0.2837,-0.9375,1.3271,78.4302,-77.8198,34.6680,1,466,939,235
267306308,42740,0.1343,-0.1201,1.3569,101.3794,-78.9795,31.2500,1,466,922,235
267311303,42741,0.1758,0.3848,1.5830,99.3652,-68.1763,21.4233,1,492,939,235
267316301,42742,0.2627,0.4209,1.7280,92.7124,-50.2319,12.0850,1,466,935,235
267321304,42743,0.2490,0.1211,1.6362,87.7685,-36.9873,8.7280,1,493,932,235
267326304,42744,0.1484,-0.2290,1.4038,87.1582,-31.2500,8.9111,1,493,844,235
267331305,42745,0.0664,-0.3994,1.2300,91.2476,-31.8603,10.8643,1,483,867,235
267336309,42746,0.0659,-0.3188,1.2241,96.9849,-31.3110,11.9019,1,493,918,235
267341307,42747,0.1094,-0.0737,1.3394,96.3135,-26.4893,10.6812,1,489,967,235
267346302,42748,0.1465,0.1904,1.4580,87.3413,-20.7520,8.6670,1,479,901,235
267351302,42749,0.1543,0.3784,1.5029,73.4253,-14.0381,6.7749,1,493,847,235
267356302,42750,0.1279,0.4355,1.4731,56.5796,-7.5684,4.5166,1,509,867,235
267361306,42751,0.0850,0.3442,1.3979,41.0767,-2.3804,2.1362,1,484,893,235
267366306,42752,0.0483,0.1538,1.3008,31.2500,-0.1221,0.8545,1,466,904,235
267371301,42753,0.0200,-0.0210,1.2065,26.7944,0.8545,0.6714,1,466,924,235
267376302,42754,-0.0103,-0.0757,1.1382,25.1465,0.3052,0.5493,1,466,893,235
267381305,42755,-0.0327,-0.0181,1.1050,22.3389,-0.4272,0.0610,1,466,892,235
267386307,42756,-0.0425,0.0571,1.1006,17.5171,-0.1221,-1.0376,1,466,893,235
267391305,42757,-0.0439,0.0713,1.0967,12.4512,-0.2441,-2.0752,1,466,880,235
267396305,42758,-0.0488,0.0103,1.0679,9.7656,-0.1221,-2.9907,1,466,898,235
267401320,42759,-0.0630,-0.0688,1.0259,9.2773,-1.7700,-3.1738,1,465,878,235
267406303,42760,-0.0762,-0.0962,0.9956,9.7046,-4.3335,-3.5400,1,466,886,235
267411316,42761,-0.0801,-0.0806,0.9863,8.9111,-6.4697,-3.9673,1,466,877,235
267416304,42762,-0.0679,-0.0776,0.9980,7.8735,-8.7891,-4.0894,1,465,877,235
267421308,42763,-0.0459,-0.0991,1.0142,8.4839,-8.9722,-4.2725,1,508,880,235
267426304,42764,-0.0332,-0.1235,1.0190,9.5825,-8.7891,-4.3335,1,473,850,235
267431303,42765,-0.0332,-0.1304,1.0176,10.9253,-8.9111,-4.1504,1,489,829,235
267436304,42766,-0.0347,-0.1187,1.0220,11.7187,-9.3994,-3.9673,1,479,910,235
267441302,42767,-0.0293,-0.1133,1.0283,11.7798,-9.2773,-3.7231,1,479,864,235
267446305,42768,-0.0269,-0.1089,1.0273,12.3291,-8.7280,-3.3569,1,492,877,235
267451305,42769,-0.0308,-0.0962,1.0225,12.3291,-8.6670,-3.0518,1,500,876,235
267456306,42770,-0.0317,-0.0850,1.0205,11.9629,-8.3618,-2.6245,1,497,849,235
267461309,42771,-0.0298,-0.0806,1.0220,11.7798,-7.5073,-2.3193,1,483,887,235
267466306,42772,-0.0278,-0.0757,1.0293,11.6577,-7.1411,-2.3804,1,466,898,235
267471309,42773,-0.0186,-0.0728,1.0396,11.6577,-7.1411,-2.2583,1,466,903,235
267476304,42774,-0.0068,-0.0684,1.0464,11.8408,-6.0425,-2.1973,1,466,905,235
267481301,42775,0.0044,-0.0483,1.0557,11.3525,-5.0049,-2.1362,1,466,895,235
267486309,42776,0.0156,-0.0352,1.0630,9.8267,-2.9297,-2.0752,1,466,897,235
267491307,42777,0.0132,-0.0435,1.0596,8.9722,-0.5493,-1.8311,1,466,880,235
267496301,42778,-0.0020,-0.0518,1.0483,8.8501,0.3052,-1.4648,1,466,876,235
267501317,42779,-0.0054,-0.0483,1.0415,8.4839,0.7324,-1.3428,1,466,871,235
267506306,42780,0.0049,-0.0420,1.0420,7.5073,2.8076,-1.3428,1,466,879,235
267511326,42781,0.0034,-0.0479,1.0376,6.9580,4.7607,-1.1597,1,466,874,235
267516303,42782,-0.0117,-0.0669,1.0249,6.8970,5.0659,-1.0376,1,493,877,235
267521304,42783,-0.0278,-0.0801,1.0117,7.3853,5.3711,-0.9155,1,493,817,235
267526306,42784,-0.0396,-0.0796,1.0029,7.9956,5.0659,-1.0986,1,486,848,235
267531303,42785,-0.0488,-0.0771,0.9912,8.7891,5.0659,-1.4648,1,472,880,235
267536305,42786,-0.0640,-0.0752,0.9771,9.7046,4.5776,-1.8311,1,488,846,235
267541305,42787,-0.0723,-0.0747,0.9727,10.3149,2.7466,-1.9531,1,489,869,235
267546309,42788,-0.0591,-0.0732,0.9873,11.1694,1.5259,-2.2583,1,481,870,235
267551309,42789,-0.0400,-0.0688,1.0044,11.9019,0.9766,-2.8076,1,483,856,235
267556303,42790,-0.0327,-0.0698,1.0054,12.5122,1.2817,-3.1738,1,507,845,235
267561308,42791,-0.0410,-0.0762,0.9946,13.4277,1.5869,-3.5400,1,484,888,235
267566304,42792,-0.0522,-0.0786,0.9878,14.7095,1.1597,-4.0894,1,466,903,235
267571307,42793,-0.0493,-0.0781,0.9951,15.8081,0.3662,-4.5166,1,466,898,235
267576303,42794,-0.0352,-0.0781,1.0161,16.7236,-0.1831,-5.1880,1,466,906,235
267581307,42795,-0.0205,-0.0615,1.0381,17.4561,-0.6104,-5.3101,1,466,897,235
267586306,42796,-0.0132,-0.0308,1.0493,17.0288,-0.3662,-5.4932,1,465,881,235
267591305,42797,-0.0171,-0.0171,1.0474,15.9912,0.2441,-5.9204,1,466,891,235
267596302,42798,-0.0303,-0.0234,1.0371,16.0522,-0.1221,-6.4087,1,466,898,235
267601317,42799,-0.0371,-0.0342,1.0303,15.9302,-1.1597,-6.7749,1,465,885,235
267606307,42800,-0.0337,-0.0371,1.0293,16.1743,-1.5259,-7.1411,1,466,897,235
267611324,42801,-0.0337,-0.0327,1.0293,16.4185,-1.8921,-7.3242,1,466,896,235
267616302,42802,-0.0439,-0.0234,1.0259,16.5405,-3.4790,-7.5684,1,494,893,235
267621308,42803,-0.0591,-0.0083,1.0220,16.1133,-6.2256,-7.8125,1,493,893,235
267626310,42804,-0.0684,0.0024,1.0190,15.0757,-8.7891,-8.1787,1,482,857,235
267631310,42805,-0.0732,0.0000,1.0156,14.2212,-11.4136,-8.3618,1,491,836,235
267636307,42806,-0.0796,-0.0112,1.0098,13.7939,-14.2822,-8.1177,1,498,907,235
267641307,42807,-0.0908,-0.0249,1.0000,13.4277,-17.9443,-7.5684,1,489,881,235
267646306,42808,-0.0918,-0.0342,0.9932,13.0615,-21.6675,-6.7139,1,491,880,235
267651304,42809,-0.0723,-0.0376,0.9956,13.4888,-24.0478,-6.4697,1,478,882,235
267656302,42810,-0.0503,-0.0371,1.0049,14.0381,-25.5737,-6.5918,1,506,873,235
267661310,42811,-0.0400,-0.0366,1.0117,14.5874,-26.9165,-6.8359,1,484,894,235
267666309,42812,-0.0430,-0.0322,1.0127,14.8926,-28.5034,-7.0801,1,466,926,235
267671303,42813,-0.0527,-0.0176,1.0088,14.7095,-30.5786,-7.5073,1,466,913,235
267676308,42814,-0.0605,-0.0034,1.0034,13.7329,-32.8979,-8.2397,1,466,916,235
267681309,42815,-0.0581,0.0020,1.0083,12.6953,-35.3394,-8.9722,1,465,917,235
267686301,42816,-0.0474,0.0093,1.0215,11.9019,-37.5977,-9.7046,1,465,911,235
267691310,42817,-0.0347,0.0181,1.0308,10.2539,-38.9404,-10.6201,1,466,900,235
267696302,42818,-0.0264,0.0161,1.0312,8.6060,-39.9780,-11.4746,1,466,921,235
267701302,42819,-0.0264,0.0073,1.0239,7.3853,-41.0767,-12.0239,1,465,945,235
267706321,42820,-0.0259,-0.0015,1.0176,6.1646,-42.6636,-12.2681,1,466,915,235
267711305,42821,-0.0225,-0.0044,1.0195,5.4932,-43.2739,-12.6343,1,466,907,235
267716301,42822,-0.0166,0.0029,1.0283,4.0894,-44.9829,-12.5122,1,494,914,235
267721304,42823,-0.0024,0.0127,1.0366,2.4414,-46.6309,-11.9019,1,494,919,235
267726303,42824,0.0098,0.0200,1.0459,0.6714,-46.7529,-11.2305,1,466,798,235
267731307,42825,0.0298,0.0205,1.0566,-1.1597,-47.9736,-9.7656,1,492,877,235
267736304,42826,0.0522,0.0171,1.0635,-2.6855,-46.8140,-8.6060,1,498,884,235
267741307,42827,0.0601,0.0146,1.0674,-4.2725,-46.6919,-7.5073,1,490,859,235
267746308,42828,0.0698,0.0146,1.0713,-5.4321,-46.3867,-6.4697,1,489,892,235
267751302,42829,0.0723,0.0190,1.0791,-6.8970,-45.7764,-5.8594,1,478,833,235
267756306,42830,0.0308,0.0239,1.0884,-8.7891,-48.0347,-5.8594,1,509,853,235
267761308,42831,-0.0342,0.0259,1.0820,-11.5356,-58.3496,-5.6763,1,479,872,235
267766308,42832,-0.0811,0.0210,1.0635,-13.7329,-67.3828,-5.6763,1,483,901,235
267771310,42833,-0.1133,0.0171,1.0503,-16.2354,-75.6226,-6.0425,1,466,909,235
267776309,42834,-0.1470,0.0249,1.0488,-18.7988,-85.3271,-6.8970,1,466,897,235
267781304,42835,-0.1729,0.0410,1.0562,-21.4233,-99.6094,-7.0801,1,466,921,235
267786308,42836,-0.1958,0.0586,1.0728,-24.9023,-114.3799,-7.3853,1,466,912,235
267791305,42837,-0.2583,0.0942,1.0957,-29.9683,-131.8970,-9.9487,1,466,927,235
267796303,42838,-0.4004,0.1460,1.1328,-39.7339,-157.1045,-15.0757,1,465,927,235
267801302,42839,-0.6538,0.2056,1.1890,-53.4058,-195.0073,-19.4092,1,466,925,235
267806333,42840,-0.8975,0.2817,1.2598,-67.4438,-247.5586,-20.5688,1,465,932,235
267811304,42841,-1.0420,0.3945,1.3682,-84.7168,-307.3730,-17.8223,1,466,942,235
267816302,42842,-1.2446,0.5630,1.5444,-109.4971,-369.4458,-14.5264,1,493,929,235
267821306,42843,-1.4497,0.7227,1.7627,-138.1226,-453.4912,-3.8452,1,483,951,235
267826301,42844,-1.4458,0.7368,1.9351,-168.8843,-539.7339,2.7466,1,464,883,235
267831301,42845,-1.3784,0.5210,2.0737,-197.2656,-602.9663,-2.8076,1,510,812,235
267836310,42846,-1.5278,0.2266,2.2451,-215.2099,-664.3676,-7.6294,1,500,873,235
267841303,42847,-1.8071,0.1045,2.3027,-215.6982,-749.7558,-3.3569,1,504,922,235
267846304,42848,-1.8936,0.1025,2.0786,-225.4028,-835.5102,2.6855,1,493,897,235
267851303,42849,-1.7803,0.0581,1.6504,-240.6616,-883.2397,-4.8218,1,502,904,235
267856309,42850,-1.6641,-0.0083,1.1846,-249.9389,-922.5463,-28.5034,1,492,880,235
267861307,42851,-1.5879,-0.1089,0.7466,-253.1128,-969.6655,-46.8750,1,479,930,235
267866304,42852,-1.5088,-0.3716,0.2515,-234.9853,-1012.9394,-59.8755,1,466,928,235
267871306,42853,-1.3931,-0.7393,-0.3159,-182.6172,-1044.3726,-74.5850,1,465,953,235
267876308,42854,-1.1196,-0.5742,-0.4556,-117.2485,-1078.6743,-84.2895,1,465,941,235
267881301,42855,0.5771,0.4414,0.7729,-123.5351,-1180.2368,-78.7964,1,466,959,235
267886305,42856,8.3198,-2.6812,6.0371,-155.5786,-484.6801,-124.5117,1,466,951,235
267891306,42857,4.6538,-2.7207,7.7920,-28.0762,-43.0908,-164.5508,1,466,962,235
267896303,42858,0.2896,-1.4238,7.6919,-60.6689,-93.3838,-106.0181,1,466,947,235
267901308,42859,-1.3135,-0.9731,6.4951,-68.1763,11.5356,-101.1352,1,466,943,235
267906309,42860,-1.0796,-1.1885,5.1284,-49.0112,147.2168,-84.3506,1,466,948,235
267911309,42861,-0.6401,-1.3491,3.8721,-10.8032,237.3657,-63.4155,1,493,938,235
267916308,42862,-0.6729,-1.1958,2.6787,10.1929,295.1050,-48.9502,1,493,951,235
267921308,42863,-1.0137,-0.8921,1.6265,29.1748,320.1294,-38.5132,1,490,938,235
267926306,42864,-1.3579,-0.5796,0.8237,50.7202,317.1997,-32.4707,1,469,852,235
267931307,42865,-1.5405,-0.3311,0.3472,56.9458,295.5933,-30.3955,1,492,820,235
267936308,42866,-1.5215,-0.1802,0.1919,58.9600,263.3667,-29.6631,1,482,905,235
267941302,42867,-1.3076,-0.1050,0.2603,58.1665,230.4687,-29.2969,1,492,943,235
267946306,42868,-0.9800,-0.0713,0.4468,52.1240,213.3789,-31.5552,1,503,904,235
267951308,42869,-0.6836,-0.0508,0.6729,45.2270,212.0361,-34.0576,1,488,899,235
267956306,42870,-0.4888,-0.0396,0.8833,37.3535,218.0786,-36.6821,1,495,903,235
267961306,42871,-0.3643,-0.0591,1.0527,28.6255,230.2856,-39.4287,1,483,912,235
267966302,42872,-0.2734,-0.1123,1.1802,22.7661,246.7041,-41.0767,1,466,935,235
267971306,42873,-0.1890,-0.1836,1.2710,18.9209,263.8550,-41.0156,1,466,942,235
267976306,42874,-0.0952,-0.2593,1.3345,16.7236,281.4941,-40.1611,1,466,926,235
267981302,42875,0.0010,-0.3306,1.3799,16.1743,299.3774,-37.7197,1,466,934,235
267986309,42876,0.0894,-0.3955,1.4067,17.4561,317.0166,-33.6304,1,466,917,235
267991302,42877,0.1626,-0.4478,1.4067,20.9961,333.8623,-28.3813,1,466,918,235
267996305,42878,0.2217,-0.4824,1.3760,26.1230,348.8769,-22.4609,1,466,941,235
268001304,42879,0.2754,-0.5049,1.3135,32.3486,362.1826,-16.2354,1,465,949,235
268006305,42880,0.3223,-0.5190,1.2246,39.6729,373.5962,-9.8877,1,466,929,235
268011314,42881,0.3530,-0.5234,1.1299,46.7529,381.7138,-3.4790,1,492,922,235
268016302,42882,0.3687,-0.5103,1.0435,52.9175,385.9863,2.5024,1,492,934,235
268021301,42883,0.3828,-0.4702,0.9790,56.9458,387.0849,7.9346,1,491,919,235
268026303,42884,0.4023,-0.4121,0.9507,57.6172,385.3149,12.6343,1,475,846,235
268031305,42885,0.4370,-0.3521,0.9614,54.9927,382.3242,16.9678,1,491,827,235
268036306,42886,0.4873,-0.2964,1.0000,49.9268,380.3100,20.5688,1,499,894,235
268041303,42887,0.5303,-0.2397,1.0542,42.7246,380.2490,23.4375,1,487,946,235
268046307,42888,0.5605,-0.1816,1.1172,33.4473,379.6997,25.5737,1,493,901,235
268051301,42889,0.5972,-0.1353,1.1890,23.1934,379.3335,26.7944,1,502,934,235
268056306,42890,0.6460,-0.1133,1.2656,13.1226,379.8217,27.2217,1,495,913,235
268061306,42891,0.6904,-0.1182,1.3384,4.9438,381.2256,27.2827,1,484,900,235
268066304,42892,0.7070,-0.1431,1.4043,-1.0986,381.9580,26.9775,1,466,909,235
268071308,42893,0.7090,-0.1772,1.4736,-6.0425,380.4931,27.3437,1,466,922,235
268076309,42894,0.7319,-0.2222,1.5527,-10.0098,379.5776,29.1138,1,465,930,235
268081308,42895,0.7642,-0.2720,1.6260,-12.5732,381.7138,32.0435,1,466,937,235
268086309,42896,0.7705,-0.3096,1.6816,-14.0381,384.0332,35.7666,1,466,940,235
268091309,42897,0.7593,-0.3286,1.7295,-15.0146,384.2163,40.6494,1,465,932,235
268096306,42898,0.7568,-0.3345,1.7866,-16.1133,384.2163,46.0815,1,466,945,235
268101308,42899,0.7725,-0.3276,1.8613,-17.2119,383.9111,51.6357,1,466,940,235
268106326,42900,0.8135,-0.3096,1.9473,-18.1885,383.7280,57.0068,1,466,947,235
268111301,42901,0.8677,-0.2847,2.0229,-18.4326,386.3525,61.8286,1,466,931,235
268116310,42902,0.9048,-0.2520,2.0708,-18.1274,390.1367,65.2466,1,492,943,235
268121302,42903,0.9253,-0.2188,2.0869,-17.8833,393.0053,67.9321,1,494,927,235
268126302,42904,0.9385,-0.1997,2.0742,-17.2119,396.1792,69.7021,1,493,966,235
268131304,42905,0.9331,-0.1914,2.0430,-15.8691,397.9492,71.1060,1,483,859,235
268136301,42906,0.9067,-0.1821,2.0132,-14.4043,396.4843,71.7773,1,491,881,235
268141301,42907,0.8882,-0.1675,2.0083,-13.4277,391.7236,72.0215,1,481,950,235
268146307,42908,0.9058,-0.1519,2.0400,-13.5498,386.7798,71.5942,1,489,899,235
268151302,42909,0.9512,-0.1333,2.0986,-13.9160,382.5683,70.2515,1,483,918,235
268156309,42910,1.0142,-0.1079,2.1670,-14.5874,378.6010,67.5659,1,494,903,235
268161306,42911,1.0977,-0.0767,2.2266,-15.8081,375.4883,63.4766,1,497,911,235
268166305,42912,1.1938,-0.0444,2.2676,-17.9443,373.7793,57.8613,1,483,921,235
268171310,42913,1.2881,-0.0103,2.2939,-21.2402,371.5820,50.9033,1,466,944,235
268176302,42914,1.3931,0.0225,2.3037,-25.6958,368.1030,43.2129,1,466,940,235
268181301,42915,1.5122,0.0498,2.2856,-31.5552,365.8447,35.1562,1,466,938,235
268186303,42916,1.6201,0.0693,2.2314,-38.5132,363.8305,26.7334,1,466,978,235
268191306,42917,1.7085,0.0732,2.1406,-45.5933,359.4970,18.8599,1,466,941,235
268196304,42918,1.7964,0.0513,2.0190,-51.3916,352.7832,12.2681,1,466,937,235
268201307,42919,1.8945,0.0059,1.8628,-54.3823,344.9096,6.8359,1,466,938,235
268206307,42920,1.9907,-0.0483,1.6655,-53.9551,334.7778,2.6245,1,466,926,235
268211313,42921,2.0762,-0.0894,1.4292,-51.2085,321.8994,-0.4272,1,466,933,235
268216310,42922,2.1528,-0.0942,1.1562,-47.4243,306.2744,-2.6245,1,466,919,235
268221304,42923,2.2178,-0.0410,0.8516,-44.2505,287.5366,-5.2490,1,493,959,235
268226302,42924,2.2803,0.0747,0.5352,-44.4336,264.9536,-8.8501,1,491,918,235
268231301,42925,2.3608,0.2100,0.2480,-48.8892,239.1357,-14.3433,1,479,830,235
268236310,42926,2.4683,0.3047,0.0273,-53.8940,210.0830,-22.2778,1,475,869,235
268241307,42927,2.6060,0.3384,-0.1172,-56.0913,178.4668,-31.9824,1,479,890,235
268246301,42928,2.7744,0.3228,-0.1943,-55.6030,147.6440,-42.5415,1,493,955,235
268251305,42929,2.9443,0.2715,-0.2241,-52.5513,119.3237,-52.1851,1,483,904,235
268256308,42930,3.0723,0.1895,-0.2339,-47.0581,92.4683,-59.3872,1,491,938,235
268261308,42931,3.1416,0.0664,-0.2407,-39.1235,65.6738,-62.9272,1,501,909,235
268266304,42932,3.1426,-0.0967,-0.2520,-26.6113,39.4287,-62.0117,1,483,918,235
268271304,42933,3.0601,-0.2725,-0.2725,-9.6436,12.3901,-57.1289,1,465,935,235
268276304,42934,2.9058,-0.4224,-0.2827,9.9487,-18.0664,-48.8281,1,466,919,235
268281305,42935,2.7251,-0.5259,-0.2383,28.8696,-51.3916,-38.2690,1,466,921,235
268286303,42936,2.5703,-0.5874,-0.1001,45.0439,-84.8999,-26.3062,1,465,936,235
268291310,42937,2.3364,-0.7144,-0.0269,56.9458,-116.6992,-15.8081,1,466,935,235
268296305,42938,1.4878,-0.7368,-0.6875,76.2939,-225.0976,-4.5166,1,466,949,235
268301304,42939,0.0806,-0.5186,-1.1445,70.8618,-406.0058,25.8179,1,466,928,235
268306308,42940,-0.9053,-0.4277,-0.0664,20.7520,-391.2353,23.8037,1,466,931,235
268311308,42941,-1.1138,-0.6821,1.4819,5.5542,-284.5459,20.7520,1,466,944,235
268316310,42942,-1.1655,-1.3223,2.0884,-11.3525,-300.2930,38.6353,1,466,921,235
268321303,42943,-1.2393,-2.0469,1.5244,13.4888,-307.4951,53.7720,1,493,935,235
268326307,42944,-1.0054,-1.9390,0.2407,72.8149,-332.4585,77.3926,1,487,941,235
268331308,42945,-0.6123,-0.8477,-1.0620,76.7212,-376.4648,83.9233,1,469,929,235
268336301,42946,-0.0840,0.1606,-1.5195,23.3154,-434.1430,86.9141,1,504,879,235
268341307,42947,0.6641,0.4146,-0.7339,-29.2969,-469.4824,102.7222,1,476,893,235
268346303,42948,1.2725,0.3223,0.9551,-54.1992,-461.8530,116.9434,1,480,953,235
268351305,42949,1.5190,0.5708,2.7524,-49.6826,-440.9790,114.4409,1,486,908,235
268356308,42950,1.6455,1.2217,3.9922,-44.8608,-406.4331,96.8018,1,496,943,235
268361305,42951,1.7954,1.8667,4.4082,-40.8325,-348.1445,69.2749,1,499,865,235
268366309,42952,1.7681,2.2769,4.0625,-26.3062,-281.9214,32.2876,1,508,901,235
268371306,42953,1.4712,2.3896,3.3003,-18.4937,-233.7646,-8.0566,1,484,908,235
268376305,42954,1.0625,2.0376,2.5747,-28.0151,-202.4536,-42.4805,1,466,925,235
268381309,42955,0.6807,1.1841,2.1333,-38.8794,-180.8472,-63.8428,1,466,942,235
268386305,42956,0.2759,-0.2402,2.0728,-39.7949,-164.7949,-68.7256,1,466,936,235
268391305,42957,0.1729,-1.9424,2.5137,-5.7983,-154.1748,-44.6777,1,466,937,235
268396307,42958,0.6279,-2.9985,2.9668,50.5371,-136.2915,-8.4229,1,466,928,235
268401302,42959,1.0747,-3.0591,2.8120,70.3735,-93.5669,26.4282,1,466,931,235
268406309,42960,0.9854,-2.2261,2.1748,105.4077,-60.8520,46.6919,1,466,936,235
268411335,42961,0.4707,-0.7559,1.4883,147.5830,-54.3213,49.4385,1,466,944,235
268416309,42962,-0.0010,0.6074,1.1484,146.1792,-55.4810,38.4521,1,466,936,235
268421306,42963,-0.1382,1.2271,1.2637,124.8169,-51.7578,22.2168,1,492,924,235
268426306,42964,0.0391,1.0283,1.6025,104.3091,-42.4805,11.1694,1,483,943,235
268431309,42965,0.3042,0.3804,1.8428,88.5010,-24.1699,5.0659,1,492,932,235
268436306,42966,0.3960,-0.2188,1.7939,84.8999,-5.7983,4.3945,1,493,798,235
268441309,42967,0.2354,-0.4810,1.4883,89.0503,2.0752,6.5918,1,486,911,235
268446304,42968,-0.0391,-0.3716,1.1758,93.4448,-2.5024,7.0190,1,493,855,235
268451309,42969,-0.1641,-0.0273,1.1245,92.0410,-17.1509,5.4932,1,478,886,235
268456308,42970,-0.0566,0.3350,1.3223,80.9936,-20.4468,2.0752,1,484,878,235
268461304,42971,0.0938,0.5288,1.4990,60.7300,-13.6719,-1.3428,1,493,870,235
268466304,42972,0.1113,0.4517,1.4458,41.8091,-7.5073,-3.3569,1,509,897,235
268471308,42973,0.0093,0.1870,1.2183,32.7148,-7.4463,-3.9673,1,466,887,235
268476309,42974,-0.0542,-0.0771,1.0317,31.9214,-11.4746,-3.4790,1,466,893,235
268481305,42975,-0.0215,-0.1758,1.0083,36.6211,-8.7280,-3.1738,1,466,922,235
268486301,42976,0.0112,-0.0776,1.0801,37.7197,-2.5635,-3.7231,1,466,894,235
268491305,42977,-0.0078,0.0659,1.1240,32.4097,-0.9766,-4.3335,1,466,896,235
268496302,42978,-0.0444,0.1147,1.1055,26.4893,-2.5635,-4.3945,1,466,889,235
268501307,42979,-0.0625,0.0732,1.0679,22.0947,-4.1504,-3.9673,1,466,906,235
268506303,42980,-0.0659,0.0254,1.0430,18.6768,-5.5542,-3.4180,1,466,897,235
268511303,42981,-0.0771,0.0078,1.0200,15.3198,-6.8359,-3.8452,1,466,891,235
268516309,42982,-0.0972,-0.0093,0.9961,12.3291,-9.7046,-4.2114,1,466,905,235
268521303,42983,-0.1025,-0.0454,0.9849,11.4136,-13.1226,-4.2725,1,492,894,235
268526304,42984,-0.0850,-0.0767,0.9907,12.0850,-15.5640,-4.1504,1,483,920,235
268531308,42985,-0.0605,-0.0815,1.0063,13.0005,-16.4795,-3.9673,1,502,911,235
268536302,42986,-0.0449,-0.0688,1.0190,13.6108,-17.2119,-3.9673,1,484,866,235
268541304,42987,-0.0410,-0.0576,1.0244,14.2212,-17.6392,-3.9673,1,501,886,235
268546306,42988,-0.0420,-0.0498,1.0298,14.7705,-18.3716,-4.0894,1,493,873,235
268551301,42989,-0.0396,-0.0410,1.0366,15.1367,-18.8599,-4.5776,1,496,898,235
268556304,42990,-0.0347,-0.0386,1.0415,15.5640,-19.5312,-5.1270,1,494,885,235
268561309,42991,-0.0293,-0.0444,1.0439,16.1133,-20.0806,-5.6152,1,492,899,235
268566307,42992,-0.0234,-0.0425,1.0469,17.1509,-20.4468,-5.9814,1,484,888,235
268571306,42993,-0.0171,-0.0264,1.0483,17.6392,-20.4468,-6.5308,1,465,907,235
268576308,42994,-0.0093,-0.0083,1.0537,17.2119,-20.5688,-6.6528,1,466,903,235
268581304,42995,0.0029,0.0044,1.0630,16.6626,-20.3247,-6.6528,1,466,912,235
268586310,42996,0.0127,0.0049,1.0669,16.1743,-19.4702,-6.6528,1,466,904,235
268591309,42997,0.0122,-0.0024,1.0645,15.8081,-19.2871,-6.7749,1,466,900,235
268596305,42998,0.0068,-0.0049,1.0586,15.6860,-19.4092,-6.8970,1,466,913,235
268601307,42999,0.0029,0.0024,1.0503,15.3198,-19.2871,-7.1411,1,465,900,235
268606317,43000,0.0029,0.0103,1.0469,14.3433,-18.9819,-7.1411,1,466,909,235
268611305,43001,0.0044,0.0093,1.0454,13.5498,-18.4326,-7.0801,1,465,907,235
268616301,43002,0.0049,0.0063,1.0420,13.1226,-18.0054,-6.8970,1,493,902,235
268621309,43003,0.0029,0.0063,1.0386,12.3901,-17.8223,-6.7139,1,510,897,235
268626306,43004,-0.0020,0.0073,1.0342,11.5356,-17.5171,-6.8359,1,493,902,235
268631301,43005,-0.0054,0.0063,1.0308,10.7422,-17.5171,-6.8359,1,482,819,235
268636309,43006,-0.0049,0.0039,1.0283,10.3760,-17.7612,-6.7749,1,493,868,235
268641307,43007,-0.0020,0.0020,1.0259,9.9487,-17.5781,-6.9580,1,496,919,235
268646309,43008,-0.0010,0.0049,1.0254,9.2773,-17.3950,-7.0801,1,490,856,235
268651302,43009,-0.0010,0.0093,1.0254,8.7280,-17.1509,-7.0190,1,476,829,235
268656303,43010,0.0015,0.0059,1.0278,8.1177,-17.2119,-6.9580,1,481,829,235
268661308,43011,0.0024,0.0020,1.0288,7.8125,-17.0898,-6.9580,1,505,837,235
268666302,43012,-0.0029,0.0044,1.0244,7.5684,-16.9678,-7.0801,1,484,868,235
268671308,43013,-0.0044,0.0049,1.0195,7.2021,-17.3950,-7.2632,1,466,880,235
268676302,43014,0.0044,0.0059,1.0210,7.0190,-17.2729,-7.3853,1,466,887,235
268681307,43015,0.0127,0.0107,1.0254,6.8359,-16.8457,-7.5684,1,466,879,235
268686301,43016,0.0205,0.0151,1.0283,6.2256,-16.5405,-7.6294,1,466,894,235
268691303,43017,0.0239,0.0176,1.0298,5.6152,-15.7471,-7.3853,1,466,894,235
268696301,43018,0.0195,0.0220,1.0278,4.9438,-15.3809,-6.8970,1,465,899,235
268701302,43019,0.0137,0.0244,1.0244,4.0894,-15.1367,-6.4697,1,466,902,235
268706326,43020,0.0122,0.0195,1.0244,3.2959,-15.7471,-5.8594,1,466,904,235
268711308,43021,0.0146,0.0181,1.0254,2.9907,-15.9302,-5.2490,1,466,901,235
268716306,43022,0.0156,0.0229,1.0220,2.3193,-16.1133,-4.6997,1,493,897,235
268721303,43023,0.0127,0.0229,1.0186,1.6479,-16.3574,-4.3335,1,483,897,235
268726309,43024,0.0132,0.0166,1.0220,1.2207,-17.9443,-4.0283,1,495,836,235
268731310,43025,0.0195,0.0137,1.0273,0.7935,-19.1040,-3.7842,1,485,835,235
268736309,43026,0.0283,0.0122,1.0288,0.1831,-19.5923,-3.4180,1,496,887,235
268741307,43027,0.0361,0.0073,1.0303,-0.0610,-19.2871,-3.3569,1,488,857,235
268746303,43028,0.0386,0.0059,1.0312,-0.1221,-19.2871,-3.2959,1,502,859,235
268751308,43029,0.0366,0.0088,1.0293,-0.4883,-19.1040,-3.4790,1,472,881,235
268756301,43030,0.0259,0.0151,1.0220,-1.0986,-19.2261,-3.9062,1,492,839,235
268761306,43031,0.0049,0.0200,1.0117,-2.1362,-20.0806,-4.5776,1,510,843,235
268766306,43032,-0.0151,0.0186,1.0054,-3.1738,-22.7051,-5.5542,1,466,892,235
268771309,43033,-0.0161,0.0083,1.0044,-3.5400,-24.9634,-6.2256,1,466,895,235
268776304,43034,-0.0098,-0.0039,1.0059,-3.3569,-25.4517,-6.8970,1,466,896,235
268781305,43035,-0.0073,-0.0054,1.0059,-3.1738,-26.5503,-7.3242,1,466,893,235
268786307,43036,-0.0024,0.0034,1.0054,-3.4180,-27.4048,-7.8735,1,466,894,235
268791303,43037,0.0059,0.0112,1.0093,-3.6621,-27.3437,-8.1787,1,466,894,235
268796309,43038,0.0215,0.0181,1.0156,-3.9673,-27.3437,-7.6904,1,466,898,235
268801301,43039,0.0371,0.0229,1.0225,-4.6387,-26.2451,-7.3853,1,466,900,235
268806307,43040,0.0547,0.0220,1.0337,-5.3711,-25.2686,-5.0659,1,466,903,235
268811301,43041,0.0601,0.0195,1.0381,-6.4087,-25.2075,-4.2114,1,466,895,235
268816303,43042,0.0630,0.0200,1.0420,-7.0801,-24.7803,-3.1128,1,494,893,235
268821304,43043,0.0708,0.0244,1.0469,-7.7515,-24.5972,-1.6479,1,493,887,235
268826304,43044,0.0752,0.0259,1.0513,-8.5449,-23.9868,-0.3662,1,512,897,235
268831308,43045,0.0635,0.0269,1.0537,-10.0098,-25.3296,0.1831,1,481,879,235
268836306,43046,0.0586,0.0269,1.0586,-11.5356,-27.8931,0.7324,1,486,915,235
268841305,43047,0.0527,0.0303,1.0723,-13.2446,-30.4565,-0.1221,1,500,874,235
268846306,43048,0.0308,0.0308,1.0923,-16.2354,-38.6353,-1.7090,1,485,905,235
268851302,43049,0.0059,0.0273,1.0986,-19.0430,-48.7061,-3.7231,1,470,847,235
268856302,43050,-0.0205,0.0293,1.0908,-21.7285,-57.0679,-5.5542,1,499,856,235
268861305,43051,-0.0605,0.0273,1.0791,-25.0854,-68.1152,-8.3008,1,511,869,235
268866307,43052,-0.1177,0.0239,1.0679,-28.4424,-82.4585,-11.3525,1,466,910,235
268871303,43053,-0.1694,0.0166,1.0596,-31.0669,-97.5952,-14.5264,1,466,940,235
268876305,43054,-0.2559,0.0303,1.0649,-32.4707,-110.7788,-17.8833,1,466,940,235
268881307,43055,-0.4229,0.1001,1.1069,-37.4146,-136.4136,-21.0571,1,465,931,235
268886302,43056,-0.6338,0.1997,1.1665,-47.9736,-177.1850,-23.5596,1,466,926,235
268891305,43057,-0.8618,0.3013,1.2368,-62.0728,-226.6846,-25.3296,1,465,951,235
268896305,43058,-1.0317,0.3833,1.3213,-77.4536,-285.0952,-26.6724,1,466,945,235
268901304,43059,-1.1641,0.4717,1.4336,-97.5952,-345.5200,-24.4751,1,466,938,235
268906333,43060,-1.3721,0.5859,1.6211,-122.7417,-409.9121,-19.7144,1,465,943,235
268911315,43061,-1.4731,0.5981,1.8237,-150.4517,-491.3940,-15.8691,1,466,936,235
268916302,43062,-1.3296,0.3872,1.9688,-172.3633,-561.7065,-19.4702,1,493,951,235
268921301,43063,-1.1904,0.0977,2.0684,-184.2651,-616.2720,-24.5972,1,493,971,235
268926307,43064,-1.2769,-0.0566,2.0952,-185.1196,-677.4902,-22.7661,1,512,940,235
268931301,43065,-1.4312,-0.1099,1.9868,-187.5610,-746.8871,-21.9116,1,476,840,235
268936301,43066,-1.4990,-0.1929,1.7261,-186.6455,-792.6025,-24.1699,1,491,925,235
268941303,43067,-1.4888,-0.2490,1.3755,-180.4199,-831.4208,-38.5132,1,485,908,235
268946309,43068,-1.4141,-0.2598,1.0112,-180.6030,-875.7324,-58.1665,1,492,906,235
268951302,43069,-1.3047,-0.3760,0.6206,-167.2973,-920.6542,-69.9463,1,499,909,235
268956308,43070,-1.1299,-0.6377,0.1748,-127.1973,-960.3881,-78.7354,1,492,897,235
268961306,43071,-0.8975,-0.8237,-0.1885,-70.6177,-977.6611,-86.6089,1,511,898,235
268966301,43072,-0.6143,-0.3154,0.0645,-29.1138,-998.7182,-87.8296,1,466,931,235
268971306,43073,1.3213,0.4692,1.6318,-73.9746,-1112.9150,-66.5894,1,466,944,235
268976308,43074,5.9189,-0.9185,4.0869,-154.2969,-1024.3530,-40.2222,1,466,938,235
268981302,43075,7.1304,-2.7124,6.4941,-55.1147,-252.2583,-138.9160,1,466,942,235
268986302,43076,3.1064,-2.0850,7.7202,2.4414,-24.5361,-132.8125,1,466,954,235
268991302,43077,-0.3345,-0.9712,7.1528,-34.6680,-38.5742,-94.4214,1,466,929,235
268996306,43078,-1.3364,-0.7310,5.7061,-28.8086,81.2378,-101.5015,1,466,931,235
269001303,43079,-1.0415,-0.9795,4.2627,-18.3105,191.4673,-86.1816,1,466,936,235
269006303,43080,-0.7227,-1.1294,3.0537,7.5073,262.2681,-72.9980,1,466,941,235
269011301,43081,-0.8257,-1.0063,2.0186,16.2354,305.9082,-62.3169,1,466,915,235
269016302,43082,-1.1738,-0.7632,1.1636,27.8931,317.4438,-54.0161,1,483,926,235
269021304,43083,-1.4985,-0.5391,0.5474,40.4663,301.2085,-47.6685,1,493,940,235
269026303,43084,-1.6240,-0.4106,0.2402,42.9687,269.2261,-44.2505,1,511,932,235
269031306,43085,-1.4644,-0.3779,0.2334,46.5698,232.1167,-39.3677,1,491,849,235
269036308,43086,-1.0918,-0.3799,0.4067,49.4995,211.2427,-34.9731,1,479,940,235
269041302,43087,-0.7402,-0.3628,0.6289,49.8657,211.7920,-33.3252,1,488,900,235
269046306,43088,-0.5371,-0.3169,0.8213,49.2554,217.2851,-31.2500,1,486,936,235
269051302,43089,-0.4268,-0.2700,0.9609,45.8984,225.8911,-29.4800,1,491,943,235
269056307,43090,-0.3511,-0.2539,1.0693,40.1611,239.1968,-28.1982,1,505,895,235
269061303,43091,-0.2905,-0.2656,1.1699,34.6680,252.9907,-25.7568,1,483,927,235
269066309,43092,-0.2153,-0.2856,1.2695,28.3203,266.6016,-22.1558,1,466,945,235
269071305,43093,-0.1064,-0.3105,1.3560,21.5454,283.2031,-18.1274,1,466,941,235
269076301,43094,0.0098,-0.3418,1.4072,16.6016,302.8564,-13.3667,1,465,935,235
269081301,43095,0.0908,-0.3696,1.4072,14.4043,322.6318,-8.4839,1,465,921,235
269086302,43096,0.1338,-0.3896,1.3555,13.9770,339.4775,-3.1128,1,466,927,235
269091307,43097,0.1602,-0.4004,1.2725,15.3198,353.2104,2.3193,1,466,931,235
269096301,43098,0.1934,-0.4004,1.1821,17.1509,363.6474,8.2397,1,466,921,235
269101304,43099,0.2339,-0.3833,1.0952,19.4702,372.0092,13.9770,1,466,917,235
269106304,43100,0.2661,-0.3457,1.0186,21.4844,377.1362,19.1040,1,466,938,235
269111306,43101,0.2935,-0.2969,0.9668,21.9116,377.7466,23.3154,1,493,935,235
269116301,43102,0.3325,-0.2441,0.9434,21.5454,376.1596,27.1606,1,484,941,235
269121302,43103,0.3784,-0.1890,0.9419,20.2026,374.7558,30.2734,1,469,950,235
269126302,43104,0.4082,-0.1309,0.9590,17.2119,372.7417,32.1655,1,482,862,235
269131303,43105,0.4224,-0.0679,1.0044,12.8174,368.8354,32.6538,1,485,880,235
269136303,43106,0.4526,-0.0068,1.0938,7.3853,363.9526,32.2876,1,477,895,235
269141308,43107,0.5181,0.0386,1.2266,0.9155,361.2671,30.8838,1,487,910,235
269146306,43108,0.6055,0.0640,1.3765,-4.7607,361.7553,28.3813,1,496,884,235
269151301,43109,0.6851,0.0698,1.5078,-9.3994,365.4785,24.9634,1,496,877,235
269156303,43110,0.7334,0.0659,1.6001,-12.6953,371.2158,21.0571,1,483,903,235
269161304,43111,0.7598,0.0576,1.6528,-15.2588,376.3427,17.1509,1,466,937,235
269166307,43112,0.7861,0.0439,1.6787,-17.7612,380.7373,13.5498,1,465,939,235
269171304,43113,0.8101,0.0278,1.6904,-20.2026,384.8266,10.2539,1,466,942,235
269176307,43114,0.8223,0.0151,1.6968,-22.8271,387.2680,7.6294,1,466,940,235
269181305,43115,0.8286,0.0059,1.7080,-26.1230,387.9394,5.7983,1,466,928,235
269186307,43116,0.8438,-0.0044,1.7349,-29.5410,387.6953,4.5166,1,465,923,235
269191302,43117,0.8770,-0.0200,1.7744,-32.9590,387.4511,3.7842,1,466,951,235
269196302,43118,0.9165,-0.0503,1.8135,-36.1328,387.7563,3.7231,1,466,920,235
269201307,43119,0.9390,-0.0957,1.8389,-38.3301,387.6342,4.6387,1,466,924,235
269206303,43120,0.9365,-0.1431,1.8501,-39.6729,386.4746,6.8970,1,466,915,235
269211307,43121,0.9229,-0.1802,1.8599,-40.8936,383.7890,10.0098,1,483,915,235
269216302,43122,0.9121,-0.2012,1.8813,-41.8091,380.4321,13.9770,1,493,924,235
269221307,43123,0.9087,-0.2012,1.9185,-42.8467,376.5258,17.9443,1,489,880,235
269226305,43124,0.9199,-0.1924,1.9697,-44.4336,372.1313,21.5454,1,491,820,235
269231302,43125,0.9463,-0.1860,2.0317,-45.6543,368.2861,24.5361,1,484,958,235
269236310,43126,0.9912,-0.1768,2.0981,-46.3257,364.1357,26.7944,1,501,910,235
269241301,43127,1.0654,-0.1567,2.1611,-46.9971,360.3515,27.8931,1,488,940,235
269246302,43128,1.1582,-0.1201,2.2061,-47.9126,358.5815,27.0386,1,503,915,235
269251308,43129,1.2461,-0.0601,2.2222,-49.9268,357.7881,24.2310,1,483,897,235
269256309,43130,1.3281,0.0181,2.2080,-53.7109,355.8960,19.5923,1,466,931,235
269261305,43131,1.4155,0.0957,2.1641,-59.3262,354.0039,13.4277,1,466,935,235
269266308,43132,1.4966,0.1567,2.0972,-65.8569,352.0508,6.0425,1,466,941,235
269271306,43133,1.5625,0.1904,2.0156,-72.6929,347.4121,-1.6479,1,466,918,235
269276307,43134,1.6289,0.1870,1.9258,-78.1860,340.3320,-8.7891,1,466,921,235
269281310,43135,1.7046,0.1465,1.8237,-81.5430,332.3974,-14.4043,1,466,920,235
269286307,43136,1.7734,0.0815,1.7002,-82.2143,322.9980,-18.3716,1,466,945,235
269291305,43137,1.8257,0.0005,1.5605,-80.0781,310.7910,-20.0195,1,466,936,235
269296334,43138,1.8711,-0.0923,1.4204,-75.1953,295.5933,-19.3481,1,466,906,235
269301307,43139,1.9302,-0.1816,1.2896,-68.2983,277.5879,-16.4185,1,466,923,235
269306306,43140,2.0161,-0.2480,1.1533,-60.4248,259.4604,-11.4746,1,511,925,235
269311309,43141,2.1050,-0.2764,0.9868,-52.9785,242.7978,-6.0425,1,494,946,235
269316304,43142,2.1709,-0.2524,0.7773,-47.0581,224.9145,-1.2207,1,483,815,235
269321305,43143,2.2251,-0.1763,0.5371,-44.3115,204.4678,2.1362,1,481,865,235
269326307,43144,2.2866,-0.0532,0.2881,-45.5933,182.6782,3.8452,1,495,956,235
269331307,43145,2.3569,0.0869,0.0562,-52.2461,160.3394,4.4556,1,501,892,235
269336308,43146,2.4268,0.1826,-0.1367,-62.6831,135.9863,4.3945,1,493,838,235
269341302,43147,2.4946,0.1968,-0.2739,-71.0449,108.5205,4.5776,1,502,886,235
269346303,43148,2.5620,0.1372,-0.3467,-73.4863,78.7964,5.9814,1,483,879,235
269351307,43149,2.6221,0.0347,-0.3623,-68.2983,48.4619,9.0942,1,466,916,235
269356309,43150,2.6470,-0.0845,-0.3374,-55.4810,19.0430,13.9160,1,465,920,235
269361302,43151,2.6172,-0.1899,-0.2803,-36.3770,-10.9253,20.5078,1,466,929,235
269366301,43152,2.5610,-0.2549,-0.1924,-13.7939,-41.8701,28.8696,1,466,930,235
269371305,43153,2.4961,-0.2588,-0.0835,8.0566,-68.6646,37.3535,1,466,946,235
269376304,43154,2.3550,-0.3237,-0.1143,24.5972,-96.4355,43.6401,1,466,908,235
269381308,43155,2.0151,-0.4077,-0.8237,49.8657,-203.6133,57.9224,1,466,943,235
269386327,43156,1.2056,-0.0903,-1.4800,73.6694,-362.1216,77.3926,1,466,949,235
269391321,43157,0.2690,0.2827,-0.7461,32.1045,-382.5073,60.7300,1,466,929,235
269396307,43158,-0.2334,0.1841,0.8643,8.8501,-291.1377,48.0957,1,493,930,235
269401305,43159,-0.5933,-0.2495,2.0254,-4.6997,-278.1372,57.8003,1,468,909,235
269406307,43160,-1.1309,-0.9326,2.2861,-9.1553,-275.2686,58.7158,1,512,922,235
269411303,43161,-1.3237,-1.3716,1.8438,31.5552,-284.8511,72.2046,1,482,851,235
269416307,43162,-0.9258,-0.9321,0.8691,73.4253,-303.5889,77.3926,1,481,941,235
269421301,43163,-0.4854,0.1099,-0.2256,67.2607,-322.9980,71.1060,1,493,885,235
269426310,43164,-0.1646,0.9766,-0.8667,37.9028,-364.8681,65.4297,1,492,888,235
269431304,43165,0.2256,1.2456,-0.5811,-5.6763,-404.7851,60.1196,1,489,899,235
269436307,43166,0.7104,1.0962,0.6543,-35.5835,-417.6635,58.6548,1,511,879,235
269441304,43167,1.1221,1.0098,2.2280,-43.1519,-398.2544,52.9785,1,465,918,235
269446304,43168,1.3701,1.1792,3.3701,-45.7153,-354.1259,40.1611,1,466,942,235
269451305,43169,1.4688,1.4756,3.6787,-40.9546,-300.4761,19.4702,1,466,951,235
269456306,43170,1.3452,1.7065,3.2329,-35.0952,-248.0469,-9.7046,1,466,960,235
269461305,43171,1.0029,1.6738,2.4663,-37.1704,-214.9658,-38.5132,1,466,926,235
269466306,43172,0.5503,1.0679,1.8926,-45.0439,-199.4018,-60.7300,1,466,940,235
269471307,43173,0.1611,-0.4048,2.1362,-36.9263,-188.9038,-62.5610,1,466,940,235
269476302,43174,0.3838,-1.9546,2.9731,27.5879,-186.8896,-39.9170,1,466,941,235
269481305,43175,1.0669,-2.9121,3.4570,52.6123,-136.0474,-10.5591,1,466,941,235
269486306,43176,1.4121,-3.1440,3.1606,75.6836,-83.3130,23.8037,1,493,939,235
269491307,43177,1.1230,-2.2969,2.2378,128.8452,-49.7436,41.3208,1,483,938,235
269496304,43178,0.4248,-0.7617,1.3242,158.3252,-41.9311,42.7246,1,502,945,235
269501305,43179,-0.1582,0.5962,0.9502,153.0762,-45.3491,31.5552,1,482,825,235
269506303,43180,-0.2837,1.1904,1.1304,133.8501,-51.3306,21.0571,1,496,884,235
269511304,43181,-0.0239,1.0151,1.5303,109.5581,-42.9687,10.9253,1,494,891,235
269516305,43182,0.2759,0.3774,1.7832,93.9941,-26.1841,3.8452,1,486,908,235
269521304,43183,0.3423,-0.2559,1.6899,93.6279,-14.0381,4.2114,1,475,880,235
269526307,43184,0.1670,-0.4985,1.3535,100.8911,-11.4746,6.7139,1,504,876,235
269531307,43185,-0.0479,-0.3232,1.0859,105.3467,-16.7847,6.8359,1,483,885,235
269536302,43186,-0.1162,0.0815,1.0967,102.3559,-23.6206,4.5776,1,466,918,235
269541301,43187,-0.0151,0.4653,1.3159,88.3789,-23.1934,0.7324,1,466,929,235
269546308,43188,0.1030,0.5986,1.4878,66.8945,-12.5732,-3.7842,1,466,925,235
269551302,43189,0.0571,0.4150,1.4165,47.6074,-7.3853,-5.2490,1,466,920,235
269556309,43190,-0.0645,0.0869,1.1924,39.7949,-18.1274,-3.8452,1,466,906,235
269561303,43191,-0.0747,-0.1475,1.0518,40.4663,-25.0244,-2.3193,1,466,911,235
269566305,43192,0.0000,-0.1553,1.0615,42.4805,-21.4233,-2.0142,1,466,922,235
269571315,43193,0.0503,0.0288,1.1348,39.1846,-17.0898,-1.9531,1,466,872,235
269576302,43194,0.0356,0.2007,1.1758,29.9683,-15.0757,-2.6855,1,466,904,235
269581308,43195,-0.0137,0.1968,1.1562,20.3247,-15.6860,-3.2349,1,510,917,235
269586305,43196,-0.0518,0.0654,1.1016,16.2964,-18.7378,-3.1738,1,493,950,235
269591304,43197,-0.0562,-0.0410,1.0566,15.8081,-20.6909,-3.2349,1,483,817,235
269596302,43198,-0.0449,-0.0601,1.0449,15.0146,-21.1792,-3.8452,1,486,811,235
269601304,43199,-0.0381,-0.0225,1.0537,12.9395,-22.3389,-3.9673,1,492,948,235
269606305,43200,-0.0264,0.0132,1.0669,9.5215,-23.6816,-3.4790,1,483,883,235
269611308,43201,-0.0029,0.0161,1.0786,6.2256,-23.6206,-2.6245,1,496,823,235
269616307,43202,0.0132,0.0107,1.0859,3.7842,-22.0337,-1.8921,1,506,856,235
269621309,43203,0.0083,0.0103,1.0801,1.4648,-21.1182,-1.6479,1,511,846,235
269626307,43204,-0.0063,-0.0054,1.0635,-0.2441,-20.6909,-1.5869,1,466,891,235
269631308,43205,-0.0098,-0.0376,1.0493,-0.5493,-20.7520,-1.7090,1,466,891,235
269636308,43206,-0.0054,-0.0615,1.0430,0.1831,-19.7754,-2.1973,1,465,892,235
269641304,43207,-0.0044,-0.0635,1.0425,0.8545,-19.1040,-2.5024,1,466,888,235
269646307,43208,0.0015,-0.0508,1.0454,1.2817,-18.6157,-2.6245,1,466,883,235
269651304,43209,0.0132,-0.0391,1.0508,1.2207,-17.3340,-2.7466,1,466,890,235
269656305,43210,0.0225,-0.0386,1.0542,1.2207,-15.8081,-2.7466,1,465,884,235
269661301,43211,0.0244,-0.0430,1.0537,1.5869,-14.4043,-2.8687,1,466,898,235
269666321,43212,0.0176,-0.0430,1.0493,1.8921,-13.1226,-2.8687,1,466,901,235
269671308,43213,0.0112,-0.0386,1.0454,1.7700,-12.6953,-2.9297,1,466,896,235
269676302,43214,0.0132,-0.0356,1.0435,1.7090,-11.8408,-2.8076,1,510,902,235
269681306,43215,0.0176,-0.0317,1.0425,1.5869,-11.1694,-2.5024,1,493,895,235
269686302,43216,0.0161,-0.0249,1.0410,1.4038,-10.5591,-2.1973,1,483,789,235
269691305,43217,0.0186,-0.0244,1.0391,0.7935,-10.3760,-1.8921,1,491,897,235
269696303,43218,0.0229,-0.0308,1.0347,0.7935,-8.7280,-1.7700,1,486,850,235
269701307,43219,0.0215,-0.0361,1.0278,0.8545,-7.5684,-1.5259,1,491,873,235
269706305,43220,0.0195,-0.0386,1.0229,1.0986,-6.6528,-1.3428,1,485,833,235
269711301,43221,0.0220,-0.0400,1.0229,1.4648,-5.4932,-1.3428,1,491,838,235
269716306,43222,0.0244,-0.0435,1.0254,1.7700,-4.1504,-1.2817,1,483,834,235
269721309,43223,0.0215,-0.0454,1.0259,2.0752,-3.7231,-1.4038,1,466,877,235
269726301,43224,0.0156,-0.0449,1.0254,2.5635,-3.2959,-1.7090,1,466,881,235
269731309,43225,0.0142,-0.0435,1.0269,2.8076,-3.2959,-2.0142,1,466,879,235
269736303,43226,0.0166,-0.0454,1.0283,3.1128,-2.9907,-2.2583,1,466,877,235
269741301,43227,0.0176,-0.0439,1.0288,3.5400,-2.5635,-2.5024,1,466,891,235
269746302,43228,0.0161,-0.0376,1.0273,3.8452,-2.8076,-2.9297,1,466,885,235
269751305,43229,0.0122,-0.0327,1.0264,3.7842,-3.1128,-3.0518,1,466,887,235
269756307,43230,0.0073,-0.0317,1.0249,3.9673,-3.6621,-3.1128,1,466,883,235
269761311,43231,0.0073,-0.0347,1.0220,4.0283,-4.0894,-2.9297,1,466,886,235
269766308,43232,0.0088,-0.0361,1.0186,4.2725,-4.0894,-2.7466,1,492,877,235
269771301,43233,0.0098,-0.0347,1.0205,4.4556,-4.5776,-2.4414,1,510,876,235
269776307,43234,0.0151,-0.0352,1.0273,4.5776,-4.9438,-2.1362,1,512,869,235
269781306,43235,0.0186,-0.0352,1.0298,4.8218,-5.0049,-1.8311,1,484,796,235
269786301,43236,0.0210,-0.0352,1.0264,5.1270,-5.2490,-1.6479,1,498,832,235
269791301,43237,0.0220,-0.0361,1.0249,5.5542,-5.1270,-1.3428,1,495,847,235
269796305,43238,0.0195,-0.0322,1.0254,5.7983,-5.0049,-0.9155,1,487,808,235
269801306,43239,0.0132,-0.0259,1.0244,5.7983,-5.4932,-0.4883,1,510,835,235
269806301,43240,0.0059,-0.0239,1.0210,5.6763,-6.1646,-0.5493,1,492,834,235
269811304,43241,-0.0024,-0.0225,1.0146,5.6763,-6.9580,-0.4883,1,511,827,235
269816301,43242,-0.0054,-0.0234,1.0137,5.6152,-7.8735,-0.5493,1,465,878,235
269821302,43243,0.0063,-0.0356,1.0225,6.1646,-8.6670,-1.0986,1,465,882,235
269826308,43244,0.0122,-0.0337,1.0264,6.0425,-9.0942,-1.5259,1,466,881,235
269831306,43245,0.0176,-0.0298,1.0288,5.7983,-9.1553,-1.8921,1,466,881,235
269836304,43246,0.0181,-0.0259,1.0273,5.4932,-8.7280,-2.1973,1,466,881,235
269841305,43247,0.0103,-0.0186,1.0220,5.0659,-8.5449,-2.3804,1,466,882,235
269846310,43248,0.0063,-0.0137,1.0176,4.3945,-8.9722,-2.6245,1,465,879,235
269851308,43249,0.0088,-0.0132,1.0171,3.7231,-8.9722,-2.8687,1,466,882,235
269856311,43250,0.0073,-0.0112,1.0176,2.7466,-8.7280,-3.0518,1,466,876,235
269861307,43251,0.0049,-0.0103,1.0181,1.8311,-8.7891,-3.2349,1,493,877,235
269866301,43252,0.0073,-0.0112,1.0190,0.9155,-8.7280,-3.4180,1,483,863,235
269871307,43253,0.0098,-0.0156,1.0181,0.1831,-8.3618,-3.6621,1,510,870,235
269876305,43254,0.0059,-0.0195,1.0166,-0.0610,-8.2397,-4.0283,1,472,888,235
269881304,43255,0.0034,-0.0186,1.0186,-0.4272,-9.0942,-4.3335,1,490,838,235
269886305,43256,0.0083,-0.0176,1.0220,-0.7324,-9.2773,-4.7607,1,482,847,235
269891306,43257,0.0112,-0.0220,1.0234,-0.9766,-9.2163,-5.2490,1,496,878,235
269896302,43258,0.0127,-0.0278,1.0249,-0.9155,-9.8267,-5.6763,1,489,837,235
269901302,43259,0.0151,-0.0288,1.0254,-0.6714,-10.5591,-5.9814,1,502,838,235
269906306,43260,0.0161,-0.0293,1.0239,-0.4883,-11.5967,-6.4697,1,511,852,235
269911309,43261,0.0151,-0.0317,1.0215,-0.2441,-12.1460,-6.5918,1,465,902,235
269916304,43262,0.0049,-0.0298,1.0161,0.1831,-12.6953,-6.7749,1,466,903,235
269921306,43263,-0.0063,-0.0269,1.0132,0.3052,-14.1602,-6.8359,1,466,902,235
269926305,43264,-0.0044,-0.0298,1.0166,0.7935,-15.9912,-7.0801,1,465,892,235
269931302,43265,0.0098,-0.0342,1.0239,1.2817,-16.9678,-7.3242,1,466,890,235
269936302,43266,0.0215,-0.0347,1.0288,2.0142,-17.2729,-7.6294,1,466,893,235
269941302,43267,0.0249,-0.0332,1.0298,2.5024,-17.8223,-7.8735,1,466,892,235
269946309,43268,0.0273,-0.0312,1.0337,2.9907,-18.3105,-7.8735,1,466,897,235
269951301,43269,0.0293,-0.0210,1.0371,3.2959,-18.9209,-7.8735,1,466,921,235
269956308,43270,0.0283,-0.0107,1.0361,2.9297,-19.8364,-7.5073,1,492,891,235
269961306,43271,0.0264,-0.0103,1.0352,2.5635,-20.5688,-7.3242,1,476,896,235
269966309,43272,0.0273,-0.0093,1.0381,2.6245,-22.1558,-7.0801,1,511,886,235
269971308,43273,0.0327,-0.0083,1.0415,2.3193,-23.4985,-6.7139,1,485,821,235
269976309,43274,0.0332,-0.0083,1.0386,1.8921,-24.6582,-6.3477,1,492,916,235
269981303,43275,0.0215,-0.0063,1.0322,1.6479,-26.0010,-6.1646,1,484,867,235
269986307,43276,0.0098,-0.0078,1.0303,1.2817,-28.6865,-5.6152,1,483,861,235
269991305,43277,0.0039,-0.0186,1.0317,1.2817,-30.5176,-5.1880,1,490,848,235
269996309,43278,0.0054,-0.0220,1.0342,1.3428,-33.7524,-5.0049,1,506,848,235
270001304,43279,0.0103,-0.0176,1.0400,0.8545,-36.1938,-4.8828,1,466,864,235
270006301,43280,0.0088,-0.0190,1.0493,0.1221,-40.6494,-4.8828,1,466,887,235
270011309,43281,0.0166,-0.0190,1.0547,-0.7324,-45.2881,-5.8594,1,466,896,235
270016303,43282,0.0249,-0.0117,1.0581,-2.0752,-48.6450,-6.7749,1,466,899,235
270021305,43283,0.0215,-0.0005,1.0620,-3.7842,-54.4434,-7.2632,1,466,904,235
270026305,43284,0.0010,0.0103,1.0649,-5.6763,-60.4248,-7.6904,1,466,890,235
270031304,43285,-0.0410,0.0181,1.0693,-8.8501,-67.9321,-8.3008,1,466,892,235
270036301,43286,-0.0718,0.0229,1.0762,-12.2681,-78.8574,-8.9722,1,466,887,235
270041309,43287,-0.0923,0.0288,1.0820,-15.9302,-92.5293,-9.6436,1,466,910,235
270046306,43288,-0.1533,0.0420,1.0894,-19.7144,-105.7129,-10.2539,1,466,915,235
270051308,43289,-0.2554,0.0615,1.1001,-24.7192,-125.9155,-10.8643,1,509,934,235
270056305,43290,-0.3730,0.0952,1.1240,-30.9448,-149.8413,-11.4136,1,488,940,235
270061307,43291,-0.4766,0.1299,1.1597,-40.2222,-181.2744,-12.4512,1,483,929,235
270066310,43292,-0.5483,0.1567,1.1963,-47.3633,-214.6606,-13.3667,1,500,825,235
270071303,43293,-0.6416,0.1885,1.2520,-56.8237,-249.1455,-14.4653,1,486,900,235
270076306,43294,-0.7607,0.2217,1.3447,-69.7021,-290.2222,-14.8926,1,504,911,235
270081304,43295,-0.8296,0.2456,1.4492,-83.3130,-336.6699,-16.3574,1,491,902,235
270086307,43296,-0.8062,0.2285,1.5361,-97.4731,-379.2724,-17.1509,1,484,898,235
270091305,43297,-0.6890,0.1733,1.6060,-109.0698,-417.9687,-20.1416,1,511,893,235
270096303,43298,-0.5757,0.1167,1.6650,-118.1641,-450.5005,-21.9727,1,465,947,235
270101307,43299,-0.6084,0.0967,1.7129,-125.6714,-483.4594,-20.6299,1,466,941,235
270106303,43300,-0.6997,0.0889,1.6904,-131.9580,-524.8413,-16.4185,1,466,943,235
270111306,43301,-0.6616,-0.0117,1.5532,-134.3384,-553.7720,-13.4277,1,465,932,235
270116307,43302,-0.5308,-0.1870,1.3442,-131.1646,-571.1060,-20.2637,1,466,943,235
270121307,43303,-0.4038,-0.3257,1.0933,-122.4976,-588.6841,-27.8931,1,466,932,235
270126304,43304,-0.2900,-0.4165,0.8350,-106.1401,-604.9194,-31.4941,1,466,937,235
270131309,43305,-0.1890,-0.5107,0.6040,-84.5337,-617.7979,-33.9355,1,465,944,235
270136302,43306,-0.0801,-0.6250,0.3975,-53.8330,-620.9106,-35.5835,1,466,931,235
270141303,43307,0.0195,-0.7319,0.2422,-18.1274,-614.8682,-35.5225,1,466,920,235
270146306,43308,0.0972,-0.7251,0.1763,11.5356,-618.1641,-34.3628,1,510,924,235
270151303,43309,0.2070,-0.4580,0.2949,29.6631,-622.4976,-27.7100,1,478,922,235
270156303,43310,0.6338,-0.0884,0.9307,17.6392,-626.1597,-15.3809,1,512,933,235
270161309,43311,2.1162,-0.3545,2.2832,-26.4893,-593.6279,-2.1973,1,481,813,235
270166301,43312,3.5283,-1.1870,3.8208,-14.9536,-349.5483,-10.6201,1,484,938,235
270171301,43313,2.9053,-1.2769,4.6416,46.5698,-84.2895,-31.9214,1,508,965,235
270176306,43314,1.0078,-0.5879,4.3633,49.1943,-3.1128,-27.6489,1,492,916,235
270181303,43315,-0.3916,-0.1406,3.4224,34.1797,28.5034,-29.1748,1,498,895,235
270186304,43316,-0.7603,-0.1206,2.5024,29.4800,70.4346,-28.9917,1,505,890,235
270191308,43317,-0.5811,-0.1938,1.8647,29.7241,109.8633,-25.5737,1,466,883,235
270196308,43318,-0.4150,-0.1562,1.4126,32.6538,142.1509,-29.0527,1,466,947,235
270201306,43319,-0.4478,-0.0430,1.0464,40.8325,156.9214,-35.4614,1,465,963,235
270206305,43320,-0.5679,0.0527,0.7739,50.4150,157.1655,-43.3350,1,466,929,235
270211304,43321,-0.6235,0.0859,0.6445,55.0537,149.1089,-50.5371,1,466,938,235
270216306,43322,-0.5371,0.0679,0.6577,58.8989,140.8691,-56.2744,1,466,939,235
270221304,43323,-0.3599,0.0469,0.7515,62.0117,142.7612,-61.5234,1,466,945,235
270226309,43324,-0.2021,0.0449,0.8647,63.4155,153.5645,-67.4438,1,466,936,235
270231307,43325,-0.1113,0.0435,0.9595,64.1479,167.5415,-73.2422,1,466,935,235
270236310,43326,-0.0605,0.0322,1.0225,63.7817,182.5561,-78.3081,1,465,930,235
270241307,43327,-0.0059,0.0088,1.0527,61.3403,198.4253,-82.2143,1,492,938,235
270246309,43328,0.0620,-0.0244,1.0474,58.5327,215.9424,-85.2051,1,510,933,235
270251306,43329,0.1187,-0.0552,1.0049,56.5186,233.3374,-87.6465,1,491,937,235
270256301,43330,0.1523,-0.0815,0.9282,54.8096,247.8638,-89.3555,1,511,934,235
270261306,43331,0.1685,-0.1123,0.8379,53.5278,258.6670,-89.9658,1,479,837,235
270266305,43332,0.1846,-0.1543,0.7534,53.1616,264.8315,-89.7217,1,486,953,235
270271303,43333,0.2192,-0.1978,0.6831,53.9551,268.5547,-88.3179,1,501,900,235
270276306,43334,0.2661,-0.2363,0.6279,54.5654,271.6064,-86.0596,1,498,897,235
270281304,43335,0.3052,-0.2681,0.5840,55.2368,273.7427,-82.9468,1,503,912,235
270286306,43336,0.3237,-0.2847,0.5420,55.2978,274.0479,-79.1016,1,510,886,235
270291301,43337,0.3262,-0.2876,0.5034,53.1006,272.2168,-75.0732,1,466,926,235
270296305,43338,0.3271,-0.2847,0.4814,48.9502,268.6768,-70.4956,1,465,925,235
270301305,43339,0.3340,-0.2778,0.4829,42.6636,264.6484,-65.4297,1,466,931,235
270306302,43340,0.3433,-0.2686,0.5073,33.7524,260.9253,-59.8144,1,465,936,235
270311306,43341,0.3545,-0.2637,0.5522,23.3154,257.6294,-54.0161,1,466,931,235
270316306,43342,0.3740,-0.2739,0.6123,12.9395,254.5166,-47.9126,1,466,940,235
270321304,43343,0.4014,-0.3027,0.6763,3.5400,252.3804,-40.8936,1,466,947,235
270326301,43344,0.4229,-0.3457,0.7368,-4.6387,251.8921,-32.4707,1,466,916,235
270331329,43345,0.4312,-0.3926,0.7920,-12.0239,251.6479,-22.5220,1,466,919,235
270336310,43346,0.4268,-0.4272,0.8418,-17.6392,251.4038,-11.3525,1,466,943,235
270341302,43347,0.4204,-0.4292,0.8955,-22.1558,250.7324,0.0610,1,493,935,235
270346304,43348,0.4336,-0.3999,0.9648,-26.8555,249.2065,10.9863,1,484,921,235
270351302,43349,0.4790,-0.3608,1.0469,-31.3110,248.4131,20.9961,1,511,946,235
270356307,43350,0.5493,-0.3286,1.1274,-35.0342,249.6948,30.0903,1,502,824,235
270361307,43351,0.6226,-0.3091,1.1924,-37.3535,252.2583,38.2690,1,491,948,235
270366304,43352,0.6836,-0.3037,1.2310,-37.8418,254.5166,45.4712,1,482,890,235
270371301,43353,0.7324,-0.3057,1.2432,-36.7432,255.6763,52.2461,1,501,921,235
270376307,43354,0.7808,-0.3081,1.2378,-34.7900,255.4931,58.7158,1,496,902,235
270381308,43355,0.8320,-0.3003,1.2183,-32.2876,254.9438,64.9414,1,510,891,235
270386305,43356,0.8730,-0.2764,1.1885,-30.4565,253.4180,70.1904,1,466,928,235
270391309,43357,0.9028,-0.2378,1.1553,-30.3345,250.1221,74.7070,1,466,935,235
270396307,43358,0.9331,-0.1919,1.1235,-32.1045,245.6055,78.4302,1,466,929,235
270401305,43359,0.9614,-0.1533,1.0933,-35.8276,241.3330,81.6040,1,466,929,235
270406309,43360,0.9731,-0.1357,1.0630,-40.7715,236.8774,84.2895,1,466,941,235
270411306,43361,0.9644,-0.1411,1.0415,-45.5933,230.5908,87.1582,1,465,949,235
270416301,43362,0.9497,-0.1587,1.0439,-49.7436,223.1445,90.4541,1,466,943,235
270421306,43363,0.9502,-0.1621,1.0742,-52.7344,215.6372,94.2383,1,466,945,235
270426318,43364,0.9863,-0.1309,1.1182,-55.2978,208.3740,97.6562,1,466,943,235
270431306,43365,1.0483,-0.0757,1.1445,-57.6782,201.5991,99.1821,1,466,944,235
270436306,43366,1.0991,-0.0151,1.1514,-60.2417,194.2139,99.1211,1,510,950,235
270441306,43367,1.1431,0.0396,1.1680,-63.3545,184.7534,98.1445,1,493,938,235
270446301,43368,1.2090,0.0728,1.2163,-66.9556,175.6592,96.8628,1,511,944,235
270451301,43369,1.2944,0.0801,1.2871,-69.2139,169.6167,95.1538,1,509,823,235
270456303,43370,1.3809,0.0806,1.3477,-68.6035,165.7715,92.9565,1,497,936,235
270461309,43371,1.4512,0.0938,1.3613,-65.4907,163.2080,90.2100,1,506,894,235
270466307,43372,1.4980,0.1304,1.3091,-61.2793,160.3394,86.6699,1,493,928,235
270471301,43373,1.5259,0.1846,1.1963,-57.0068,156.0059,82.2754,1,482,884,235
270476305,43374,1.5352,0.2466,1.0449,-52.6123,149.9023,76.6602,1,511,883,235
270481301,43375,1.5244,0.3047,0.8833,-48.7671,140.8691,70.3125,1,466,927,235
270486306,43376,1.4878,0.3438,0.7363,-45.4712,128.8452,62.7441,1,465,927,235
270491306,43377,1.4194,0.3569,0.6318,-42.4805,113.0371,54.3823,1,466,973,235
270496303,43378,1.3413,0.3433,0.5986,-40.7104,93.7500,46.2646,1,466,951,235
270501306,43379,1.2988,0.3008,0.6494,-40.0391,75.3174,39.6729,1,466,944,235
270506303,43380,1.3047,0.2344,0.7505,-39.4287,62.6831,34.6680,1,466,910,235
270511306,43381,1.3110,0.1660,0.8354,-38.4521,56.5796,30.7007,1,466,926,235
270516304,43382,1.2715,0.1060,0.8691,-37.4146,52.3071,27.5879,1,466,929,235
270521317,43383,1.2007,0.0410,0.8652,-36.8652,47.4243,25.8789,1,466,931,235
270526302,43384,1.1284,-0.0352,0.8481,-36.0107,42.1753,25.9399,1,466,933,235
270531305,43385,1.0723,-0.1118,0.8350,-34.9121,35.8887,27.0996,1,509,934,235
270536306,43386,1.1279,-0.2246,0.7915,-33.6304,25.0854,29.4800,1,487,927,235
270541301,43387,1.3804,-0.3164,0.4541,-14.8926,-23.5596,35.4614,1,511,937,235
270546306,43388,1.5547,-0.1953,0.0161,18.2495,-84.9609,39.1846,1,503,822,235
270551309,43389,1.6533,0.0405,-0.0176,22.0337,-101.4404,34.1797,1,491,939,235
270556303,43390,1.8071,0.1997,0.1768,23.9258,-89.2334,29.4189,1,497,891,235
270561309,43391,1.7046,0.2407,0.3135,17.8833,-93.7500,26.7334,1,509,911,235
270566301,43392,1.1714,0.1128,0.5327,9.6436,-96.2524,26.7334,1,490,901,235
270571301,43393,0.5264,-0.2046,0.9766,3.2349,-88.5620,35.7056,1,510,877,235
270576308,43394,-0.0522,-0.7754,1.7383,12.2070,-73.3032,53.3447,1,466,906,235
270581309,43395,-0.3799,-1.0542,2.6133,71.7163,-79.6509,73.7305,1,466,932,235
270586304,43396,-0.1729,-0.4282,2.9673,117.9809,-54.1992,64.8193,1,466,916,235
270591301,43397,0.1206,0.6709,2.4404,109.5581,2.1973,34.3628,1,466,947,235
270596307,43398,-0.0386,1.4463,1.3711,81.7261,22.5830,14.5264,1,466,915,235
270601301,43399,-0.4502,1.5264,0.5293,45.7153,-1.0986,4.4556,1,466,933,235
270606303,43400,-0.5601,1.0117,0.4111,20.1416,-33.3862,-3.7842,1,466,903,235
270611301,43401,-0.2202,0.2402,0.9590,13.2446,-48.4619,-7.6294,1,466,911,235
270616307,43402,0.3018,-0.3916,1.6831,12.7563,-37.1704,-5.0659,1,466,927,235
270621353,43403,0.6260,-0.6123,2.0088,15.1367,-10.8643,2.5635,1,466,919,235
270626309,43404,0.5015,-0.4194,1.7349,19.5312,14.4043,5.2490,1,465,922,235
270631306,43405,0.0601,-0.1011,1.1738,19.8975,16.1743,3.9673,1,511,947,235
270636302,43406,-0.3032,0.0894,0.7803,18.7378,1.7090,3.1738,1,511,897,235
270641302,43407,-0.3765,0.1602,0.7544,16.1133,-9.2163,1.6479,1,491,810,235
270646304,43408,-0.2319,0.1841,0.9624,10.9863,-13.4888,-0.3052,1,485,855,235
270651301,43409,-0.0405,0.1440,1.1572,3.7842,-12.2681,-1.4038,1,504,879,235
270656302,43410,0.0693,0.0239,1.2144,-0.3662,-8.7891,-1.4038,1,496,872,235
270661304,43411,0.0674,-0.1001,1.1558,0.3052,-5.2490,-0.1831,1,508,835,235
270666309,43412,-0.0015,-0.1270,1.0649,1.8921,-3.8452,0.9155,1,511,825,235
270671304,43413,-0.0684,-0.0581,1.0078,1.4038,-4.7607,1.2817,1,466,858,235
270676304,43414,-0.0889,0.0200,1.0049,-0.7324,-6.5918,1.0376,1,466,884,235
270681302,43415,-0.0684,0.0381,1.0298,-3.3569,-7.0190,0.6714,1,466,873,235
270686303,43416,-0.0415,-0.0044,1.0449,-4.6997,-6.2256,0.4883,1,466,876,235
270691309,43417,-0.0308,-0.0513,1.0425,-4.5166,-5.7373,0.5493,1,466,881,235
270696307,43418,-0.0298,-0.0781,1.0347,-3.9673,-5.7983,0.3052,1,466,882,235
270701301,43419,-0.0278,-0.0850,1.0361,-2.9297,-5.4321,0.3662,1,466,879,235
270706308,43420,-0.0200,-0.0728,1.0513,-2.2583,-4.8218,0.0000,1,465,889,235
270711333,43421,-0.0093,-0.0601,1.0625,-2.1973,-3.6011,-0.3052,1,466,832,235
270716306,43422,-0.0098,-0.0474,1.0562,-1.7090,-2.1362,-0.4883,1,466,864,235
270721301,43423,-0.0225,-0.0425,1.0415,-1.8921,-1.4038,-0.7324,1,509,871,235
270726303,43424,-0.0342,-0.0601,1.0278,-1.8311,-1.3428,-0.7935,1,493,866,235
270731309,43425,-0.0356,-0.0781,1.0225,-0.6104,-1.4038,-0.6714,1,511,761,235
270736308,43426,-0.0273,-0.0767,1.0288,0.4883,-1.0376,-0.5493,1,506,885,235
270741309,43427,-0.0176,-0.0625,1.0410,0.9766,-0.2441,-0.7324,1,479,847,235
270746302,43428,-0.0112,-0.0503,1.0503,0.8545,0.7935,-0.7324,1,496,846,235
270751309,43429,-0.0117,-0.0449,1.0493,0.7324,1.8921,-0.7324,1,503,825,235
270756308,43430,-0.0181,-0.0425,1.0410,0.6104,2.3804,-0.6104,1,505,834,235
270761307,43431,-0.0273,-0.0391,1.0337,0.3052,2.8687,-0.4883,1,510,819,235
270766303,43432,-0.0342,-0.0415,1.0288,-0.1221,2.8076,-0.4272,1,465,872,235
270771306,43433,-0.0376,-0.0493,1.0220,-0.1831,3.0518,-0.3052,1,466,882,235
270776308,43434,-0.0449,-0.0542,1.0103,0.0000,3.3569,-0.3052,1,466,877,235
270781301,43435,-0.0566,-0.0513,0.9995,0.3052,2.7466,-0.3052,1,466,828,235
270786309,43436,-0.0625,-0.0439,0.9995,0.3052,1.7090,-0.2441,1,466,875,235
270791306,43437,-0.0547,-0.0386,1.0132,0.0610,1.0986,-0.3662,1,466,876,235
270796307,43438,-0.0396,-0.0376,1.0308,-0.2441,0.9766,-0.3052,1,466,873,235
270801305,43439,-0.0308,-0.0430,1.0386,-0.6104,1.3428,-0.1221,1,466,870,235
270806317,43440,-0.0337,-0.0488,1.0327,-0.6714,1.5259,-0.1221,1,466,868,235
270811303,43441,-0.0425,-0.0508,1.0234,-0.6714,1.2817,0.0000,1,466,876,235
270816305,43442,-0.0464,-0.0459,1.0239,-0.7935,0.7324,0.0000,1,471,714,235
270821301,43443,-0.0425,-0.0439,1.0303,-1.0986,0.6104,-0.1831,1,511,717,235
270826302,43444,-0.0391,-0.0469,1.0322,-1.2817,0.7324,-0.2441,1,484,871,235
270831303,43445,-0.0396,-0.0493,1.0278,-1.2207,0.6104,-0.1221,1,491,839,235
270836308,43446,-0.0435,-0.0483,1.0210,-1.3428,0.3052,-0.0610,1,499,844,235
270841302,43447,-0.0508,-0.0557,1.0112,-1.0986,-0.7324,-0.1831,1,501,796,235
270846310,43448,-0.0469,-0.0610,1.0127,-0.8545,-1.2207,-0.2441,1,477,834,235
270851309,43449,-0.0420,-0.0591,1.0171,-0.4272,-1.2207,-0.1831,1,487,830,235
270856309,43450,-0.0386,-0.0527,1.0200,-0.3052,-1.3428,-0.1831,1,511,828,235
270861304,43451,-0.0386,-0.0518,1.0200,-0.2441,-1.4648,-0.2441,1,466,877,235
270866303,43452,-0.0396,-0.0566,1.0161,0.1221,-1.6479,-0.1831,1,466,881,235
270871309,43453,-0.0410,-0.0601,1.0112,0.4883,-1.6479,-0.2441,1,466,881,235
270876306,43454,-0.0415,-0.0591,1.0103,1.0376,-1.7090,-0.3662,1,466,879,235
270881303,43455,-0.0425,-0.0576,1.0112,1.4038,-1.9531,-0.3052,1,466,872,235
270886308,43456,-0.0430,-0.0562,1.0127,1.5259,-2.1362,-0.2441,1,466,880,235
270891304,43457,-0.0410,-0.0527,1.0161,1.8921,-2.2583,-0.3052,1,466,880,235
270896308,43458,-0.0386,-0.0474,1.0200,1.8921,-2.3193,-0.3052,1,465,880,235
270901314,43459,-0.0371,-0.0410,1.0229,1.5869,-2.1362,-0.1831,1,466,872,235
270906303,43460,-0.0366,-0.0371,1.0244,1.2207,-2.0142,-0.2441,1,466,889,235
270911301,43461,-0.0371,-0.0381,1.0249,0.8545,-1.8311,-0.3052,1,509,884,235
270916303,43462,-0.0366,-0.0386,1.0293,0.6104,-1.8311,-0.1831,1,490,860,235
270921301,43463,-0.0317,-0.0322,1.0376,0.1221,-1.6479,-0.1831,1,511,784,235
270926308,43464,-0.0273,-0.0283,1.0405,-0.6714,-1.2207,-0.1831,1,502,832,235
270931309,43465,-0.0298,-0.0356,1.0322,-1.2817,-0.7324,-0.3052,1,506,844,235
270936309,43466,-0.0356,-0.0469,1.0200,-1.2207,-0.6104,-0.1831,1,493,842,235
270941309,43467,-0.0396,-0.0513,1.0142,-1.2207,-0.5493,-0.1221,1,503,871,235
270946305,43468,-0.0396,-0.0508,1.0156,-1.2817,-0.6714,-0.1831,1,491,828,235
270951309,43469,-0.0366,-0.0508,1.0205,-1.3428,-0.4883,-0.3662,1,510,832,235
270956309,43470,-0.0347,-0.0508,1.0244,-1.2207,-0.3662,-0.2441,1,466,875,235
270961301,43471,-0.0342,-0.0522,1.0254,-1.1597,-0.1831,-0.1831,1,466,878,235
270966307,43472,-0.0342,-0.0542,1.0244,-0.9766,-0.1221,-0.1831,1,466,881,235
270971307,43473,-0.0356,-0.0547,1.0215,-0.7324,-0.1221,-0.2441,1,466,877,235
270976303,43474,-0.0371,-0.0547,1.0200,-0.6104,0.0000,-0.2441,1,466,878,235
270981303,43475,-0.0381,-0.0571,1.0205,-0.4272,0.0000,-0.4272,1,465,829,235
270986308,43476,-0.0381,-0.0591,1.0200,0.0000,0.0000,-0.4272,1,466,834,235
270991304,43477,-0.0405,-0.0576,1.0146,0.3052,-0.0610,-0.4883,1,466,778,235
270996305,43478,-0.0449,-0.0557,1.0078,0.4883,-0.2441,-0.6714,1,466,874,235
271001309,43479,-0.0459,-0.0571,1.0059,0.7935,-0.8545,-0.5493,1,466,877,235
271006305,43480,-0.0425,-0.0581,1.0107,1.0986,-1.2207,-0.6104,1,465,875,235
271011305,43481,-0.0371,-0.0581,1.0195,1.2817,-1.4038,-0.7324,1,472,866,235
271016308,43482,-0.0337,-0.0542,1.0254,1.5869,-1.2817,-0.7935,1,511,877,235
271021306,43483,-0.0342,-0.0474,1.0259,1.6479,-1.3428,-0.6714,1,480,871,235
271026308,43484,-0.0366,-0.0400,1.0259,1.3428,-1.5259,-0.6714,1,494,838,235
271031303,43485,-0.0366,-0.0381,1.0273,0.9766,-1.7090,-0.7324,1,498,845,235
271036303,43486,-0.0332,-0.0425,1.0298,0.7324,-1.5259,-0.6104,1,489,846,235
271041306,43487,-0.0312,-0.0469,1.0303,0.6714,-1.3428,-0.6104,1,492,829,235
271046306,43488,-0.0332,-0.0474,1.0293,0.6104,-1.2207,-0.6104,1,492,846,235
271051301,43489,-0.0356,-0.0454,1.0264,0.4272,-1.1597,-0.6714,1,510,825,235
271056308,43490,-0.0366,-0.0459,1.0229,0.1221,-1.0376,-0.6714,1,466,879,235
271061309,43491,-0.0386,-0.0479,1.0205,0.3052,-1.1597,-0.6714,1,466,875,235
271066305,43492,-0.0400,-0.0474,1.0190,0.1221,-1.5259,-0.6104,1,465,872,235
271071303,43493,-0.0371,-0.0488,1.0215,0.0610,-1.5259,-0.6714,1,466,868,235
271076307,43494,-0.0342,-0.0513,1.0249,0.0610,-1.2817,-0.6714,1,466,876,235
271081304,43495,-0.0322,-0.0503,1.0254,0.0000,-1.1597,-0.6104,1,466,879,235
271086302,43496,-0.0317,-0.0469,1.0254,0.0610,-0.9155,-0.6104,1,466,826,235
271091308,43497,-0.0317,-0.0454,1.0264,0.0000,-0.5493,-0.6104,1,466,872,235
271096302,43498,-0.0317,-0.0469,1.0278,0.0000,-0.4883,-0.6104,1,466,832,235
271101303,43499,-0.0308,-0.0488,1.0283,-0.1221,-0.2441,-0.7935,1,466,827,235
271106306,43500,-0.0293,-0.0488,1.0288,-0.1221,0.0610,-0.6714,1,466,875,235
271111307,43501,-0.0298,-0.0479,1.0269,-0.2441,0.3052,-0.7324,1,467,816,235
271116304,43502,-0.0347,-0.0493,1.0220,-0.1831,0.4272,-0.6714,1,511,862,235
271121307,43503,-0.0405,-0.0513,1.0156,-0.0610,0.3052,-0.7935,1,472,888,235
271126304,43504,-0.0410,-0.0513,1.0151,0.0610,-0.0610,-0.8545,1,504,831,235
271131304,43505,-0.0356,-0.0488,1.0195,0.1831,-0.1221,-0.9155,1,499,842,235
271136304,43506,-0.0317,-0.0479,1.0229,0.0610,-0.0610,-0.9766,1,506,851,235
271141303,43507,-0.0317,-0.0498,1.0234,0.0610,0.0000,-1.0376,1,496,826,235
271146307,43508,-0.0337,-0.0518,1.0225,0.2441,0.0610,-0.7935,1,499,785,235
271151304,43509,-0.0352,-0.0522,1.0215,0.3052,0.1831,-0.7324,1,511,827,235
271156304,43510,-0.0356,-0.0527,1.0220,0.5493,0.0610,-0.7935,1,466,875,235
271161301,43511,-0.0356,-0.0527,1.0244,0.5493,0.0610,-0.8545,1,466,879,235
271166306,43512,-0.0361,-0.0493,1.0244,0.6104,0.0610,-0.7935,1,466,880,235
271171307,43513,-0.0371,-0.0474,1.0186,0.6104,0.1831,-0.7324,1,466,876,235
271176302,43514,-0.0381,-0.0508,1.0132,0.6104,-0.0610,-0.6714,1,466,876,235
271181301,43515,-0.0386,-0.0547,1.0137,0.7935,-0.4883,-0.6714,1,466,864,235
271186308,43516,-0.0381,-0.0537,1.0171,1.0986,-0.4272,-0.6714,1,466,871,235
271191308,43517,-0.0366,-0.0479,1.0195,1.0376,-0.5493,-0.6104,1,466,875,235
271196349,43518,-0.0366,-0.0435,1.0186,0.7935,-0.5493,-0.5493,1,466,876,235
271201301,43519,-0.0386,-0.0454,1.0176,0.7935,-0.7324,-0.4272,1,465,880,235
271206307,43520,-0.0376,-0.0508,1.0200,0.9155,-0.9155,-0.5493,1,466,868,235
271211310,43521,-0.0342,-0.0518,1.0225,0.9766,-0.9155,-0.6104,1,511,865,235
271216308,43522,-0.0308,-0.0479,1.0249,0.9766,-1.0376,-0.4272,1,479,867,235
271221305,43523,-0.0298,-0.0435,1.0273,0.9155,-0.8545,-0.4883,1,492,834,235
271226302,43524,-0.0317,-0.0415,1.0283,0.6104,-0.9155,-0.4272,1,499,846,235
271231309,43525,-0.0332,-0.0430,1.0278,0.3662,-1.0376,-0.4272,1,494,851,235
271236305,43526,-0.0342,-0.0469,1.0244,0.3052,-0.9766,-0.4883,1,501,834,235
271241305,43527,-0.0342,-0.0493,1.0215,0.3052,-1.0376,-0.4883,1,506,822,235
271246306,43528,-0.0352,-0.0513,1.0195,0.4272,-1.2207,-0.3662,1,466,825,235
271251304,43529,-0.0347,-0.0527,1.0190,0.6104,-1.2817,-0.3662,1,466,879,235
271256308,43530,-0.0322,-0.0522,1.0181,0.7324,-1.0986,-0.3662,1,466,879,235
271261305,43531,-0.0327,-0.0527,1.0161,0.7935,-1.0986,-0.2441,1,466,882,235
271266305,43532,-0.0352,-0.0537,1.0137,1.0376,-1.2207,-0.2441,1,466,885,235
271271309,43533,-0.0371,-0.0537,1.0142,1.2817,-1.4038,-0.3052,1,466,880,235
271276305,43534,-0.0352,-0.0518,1.0190,1.5259,-1.5259,-0.3662,1,466,881,235
271281307,43535,-0.0308,-0.0503,1.0259,1.5259,-1.4038,-0.4272,1,466,878,235
271286305,43536,-0.0273,-0.0503,1.0288,1.5869,-1.0986,-0.4272,1,466,874,235
271291350,43537,-0.0288,-0.0493,1.0264,1.7090,-0.9155,-0.4272,1,466,882,235
271296302,43538,-0.0322,-0.0474,1.0234,1.6479,-0.9155,-0.4272,1,466,881,235
271301303,43539,-0.0332,-0.0449,1.0225,1.5869,-0.9155,-0.4272,1,466,873,235
271306305,43540,-0.0327,-0.0435,1.0215,1.5869,-0.7935,-0.3662,1,511,874,235
271311303,43541,-0.0347,-0.0449,1.0200,1.4038,-0.7935,-0.3662,1,487,832,235
271316302,43542,-0.0352,-0.0469,1.0181,1.4648,-0.7935,-0.3662,1,499,837,235
271321307,43543,-0.0347,-0.0459,1.0171,1.4038,-0.7935,-0.3662,1,509,844,235
271326306,43544,-0.0347,-0.0449,1.0176,1.2817,-0.9766,-0.3662,1,501,871,235
271331301,43545,-0.0342,-0.0454,1.0205,1.2817,-1.0376,-0.3052,1,495,833,235
271336308,43546,-0.0332,-0.0464,1.0220,1.2817,-1.0986,-0.4272,1,505,829,235
271341303,43547,-0.0327,-0.0464,1.0210,1.2817,-1.0376,-0.3052,1,510,836,235
271346309,43548,-0.0332,-0.0464,1.0190,1.4038,-1.0376,-0.2441,1,466,872,235
271351305,43549,-0.0342,-0.0459,1.0181,1.4648,-1.0986,-0.3662,1,466,880,235
271356301,43550,-0.0347,-0.0444,1.0186,1.2817,-1.2207,-0.3662,1,466,879,235
271361309,43551,-0.0347,-0.0425,1.0200,1.2207,-1.3428,-0.4272,1,466,882,235
271366310,43552,-0.0332,-0.0415,1.0225,1.2207,-1.5869,-0.4883,1,466,876,235
271371308,43553,-0.0303,-0.0435,1.0249,1.1597,-1.5869,-0.3662,1,466,883,235
271376302,43554,-0.0283,-0.0430,1.0264,1.0376,-1.4038,-0.3662,1,466,879,235
271381307,43555,-0.0273,-0.0396,1.0278,0.8545,-1.3428,-0.4272,1,466,878,235
271386350,43556,-0.0273,-0.0391,1.0293,0.6104,-1.3428,-0.3662,1,466,881,235
271391304,43557,-0.0269,-0.0410,1.0293,0.5493,-1.0376,-0.2441,1,466,873,235
271396306,43558,-0.0278,-0.0430,1.0269,0.6104,-1.0376,-0.3052,1,510,876,235
271401304,43559,-0.0293,-0.0430,1.0244,0.5493,-0.9766,-0.3052,1,505,857,235
271406307,43560,-0.0298,-0.0430,1.0239,0.3662,-0.8545,-0.3662,1,477,883,235
271411303,43561,-0.0293,-0.0435,1.0234,0.3052,-1.0376,-0.3052,1,504,905,235
271416306,43562,-0.0293,-0.0449,1.0234,0.3052,-0.7935,-0.2441,1,494,838,235
271421301,43563,-0.0288,-0.0454,1.0234,0.3662,-0.7324,-0.3052,1,497,847,235
271426309,43564,-0.0278,-0.0444,1.0239,0.4272,-0.6714,-0.3662,1,496,835,235
271431301,43565,-0.0278,-0.0425,1.0244,0.3052,-0.5493,-0.3052,1,498,837,235
271436303,43566,-0.0283,-0.0415,1.0249,0.3052,-0.4272,-0.3052,1,511,827,235
271441302,43567,-0.0288,-0.0430,1.0229,0.0610,-0.3052,-0.1831,1,466,875,235
271446306,43568,-0.0303,-0.0449,1.0195,0.1831,-0.4272,-0.1831,1,466,876,235
271451305,43569,-0.0327,-0.0439,1.0171,0.1221,-0.3662,-0.2441,1,466,880,235
271456302,43570,-0.0342,-0.0415,1.0176,0.1221,-0.6714,-0.3052,1,466,878,235
271461305,43571,-0.0327,-0.0430,1.0200,0.1831,-0.7324,-0.3052,1,466,869,235
271466307,43572,-0.0298,-0.0454,1.0234,0.2441,-0.7324,-0.4272,1,466,875,235
271471308,43573,-0.0278,-0.0464,1.0259,0.3052,-0.6714,-0.3052,1,466,885,235
271476302,43574,-0.0278,-0.0454,1.0249,0.2441,-0.6714,-0.2441,1,466,869,235
271481303,43575,-0.0303,-0.0439,1.0215,0.2441,-0.6104,-0.3052,1,466,886,235
271486309,43576,-0.0327,-0.0430,1.0195,0.1831,-0.4883,-0.3662,1,466,869,235
271491305,43577,-0.0322,-0.0444,1.0210,0.3052,-0.6104,-0.4272,1,466,881,235
271496309,43578,-0.0298,-0.0464,1.0239,0.2441,-0.6104,-0.3662,1,510,873,235
271501304,43579,-0.0278,-0.0459,1.0254,0.2441,-0.3662,-0.3052,1,505,866,235
271506303,43580,-0.0278,-0.0435,1.0239,0.3662,-0.3662,-0.2441,1,480,885,235
271511306,43581,-0.0288,-0.0425,1.0229,0.3052,-0.3052,-0.3662,1,496,846,235
271516302,43582,-0.0288,-0.0435,1.0229,0.1831,-0.3052,-0.3052,1,502,844,235
271521305,43583,-0.0293,-0.0430,1.0229,0.0610,-0.1831,-0.3052,1,492,872,235
271526305,43584,-0.0283,-0.0430,1.0229,-0.0610,-0.2441,-0.3662,1,506,826,235
271531308,43585,-0.0273,-0.0444,1.0229,-0.0610,-0.3052,-0.3662,1,492,834,235
271536308,43586,-0.0288,-0.0449,1.0229,-0.0610,-0.0610,-0.3662,1,510,832,235
271541302,43587,-0.0293,-0.0449,1.0225,-0.1221,-0.1221,-0.3052,1,466,880,235
271546307,43588,-0.0303,-0.0449,1.0205,-0.1221,-0.1221,-0.3662,1,466,868,235
271551305,43589,-0.0317,-0.0459,1.0166,0.0000,-0.1831,-0.4272,1,466,871,235
271556302,43590,-0.0327,-0.0474,1.0151,0.2441,-0.3052,-0.4883,1,466,836,235
271561304,43591,-0.0322,-0.0469,1.0176,0.4272,-0.3662,-0.3662,1,466,876,235
271566308,43592,-0.0312,-0.0454,1.0205,0.4272,-0.3662,-0.5493,1,466,880,235
271571304,43593,-0.0312,-0.0449,1.0205,0.3052,-0.4272,-0.6104,1,466,909,235
271576309,43594,-0.0317,-0.0459,1.0190,0.4883,-0.6104,-0.5493,1,465,900,235
271581337,43595,-0.0322,-0.0469,1.0176,0.6714,-0.7324,-0.6104,1,465,875,235
271586308,43596,-0.0312,-0.0479,1.0181,0.6104,-0.8545,-0.6104,1,466,872,235
271591305,43597,-0.0288,-0.0469,1.0210,0.7935,-0.9766,-0.6104,1,511,890,235
271596306,43598,-0.0269,-0.0449,1.0239,0.8545,-0.9155,-0.5493,1,483,856,235
271601303,43599,-0.0264,-0.0439,1.0249,0.8545,-0.8545,-0.6714,1,511,757,235
271606307,43600,-0.0273,-0.0435,1.0244,0.7935,-0.7935,-0.7324,1,494,836,235
271611308,43601,-0.0283,-0.0415,1.0234,0.7324,-0.6714,-0.4883,1,501,839,235
271616308,43602,-0.0288,-0.0396,1.0220,0.6714,-0.7935,-0.4883,1,509,870,235
271621302,43603,-0.0283,-0.0400,1.0229,0.4272,-0.9155,-0.5493,1,498,828,235
271626303,43604,-0.0254,-0.0415,1.0269,0.3662,-0.9155,-0.4272,1,494,837,235
271631305,43605,-0.0229,-0.0430,1.0288,0.3052,-0.7324,-0.4883,1,510,833,235
271636306,43606,-0.0229,-0.0420,1.0288,0.2441,-0.5493,-0.4272,1,466,874,235
271641308,43607,-0.0244,-0.0405,1.0293,0.0000,-0.2441,-0.3662,1,466,884,235
271646305,43608,-0.0254,-0.0410,1.0298,0.0000,-0.1221,-0.3662,1,466,835,235
271651304,43609,-0.0264,-0.0420,1.0288,-0.0610,-0.1221,-0.3662,1,466,827,235
271656302,43610,-0.0269,-0.0420,1.0264,0.0000,-0.0610,-0.3052,1,466,874,235
271661305,43611,-0.0278,-0.0415,1.0239,-0.1831,-0.0610,-0.2441,1,466,823,235
271666308,43612,-0.0273,-0.0430,1.0225,-0.1221,-0.0610,-0.3052,1,466,885,235
271671301,43613,-0.0273,-0.0454,1.0225,-0.0610,0.0610,-0.2441,1,466,869,235
271676317,43614,-0.0273,-0.0464,1.0229,-0.0610,0.1221,-0.2441,1,466,877,235
271681301,43615,-0.0264,-0.0474,1.0234,0.1221,0.1831,-0.3052,1,466,875,235
271686308,43616,-0.0269,-0.0469,1.0229,0.1831,0.2441,-0.3662,1,510,870,235
271691309,43617,-0.0288,-0.0464,1.0215,0.1831,0.2441,-0.2441,1,479,877,235
271696303,43618,-0.0303,-0.0459,1.0205,0.3052,0.1831,-0.3052,1,509,870,235
271701309,43619,-0.0288,-0.0459,1.0215,0.3052,0.1831,-0.3662,1,489,837,235
271706303,43620,-0.0259,-0.0454,1.0239,0.3662,0.1831,-0.3662,1,501,837,235
271711304,43621,-0.0244,-0.0439,1.0249,0.4883,0.3052,-0.3052,1,498,867,235
271716307,43622,-0.0259,-0.0430,1.0244,0.3662,0.3662,-0.3052,1,510,843,235
271721309,43623,-0.0283,-0.0435,1.0225,0.3052,0.4272,-0.3662,1,494,829,235
271726307,43624,-0.0303,-0.0435,1.0220,0.3052,0.3662,-0.2441,1,511,829,235
271731301,43625,-0.0298,-0.0430,1.0229,0.3052,0.2441,-0.1221,1,466,825,235
271736306,43626,-0.0288,-0.0430,1.0229,0.3052,0.3052,-0.1831,1,466,871,235
271741306,43627,-0.0283,-0.0425,1.0210,0.2441,0.2441,-0.1831,1,466,875,235
271746303,43628,-0.0283,-0.0420,1.0200,0.1831,0.3662,-0.1831,1,466,882,235
271751308,43629,-0.0288,-0.0405,1.0210,0.1221,0.2441,0.0000,1,466,881,235
271756308,43630,-0.0288,-0.0396,1.0229,-0.0610,0.1221,-0.1831,1,466,829,235
271761309,43631,-0.0278,-0.0405,1.0234,-0.3052,-0.0610,-0.1831,1,466,877,235
271766302,43632,-0.0269,-0.0425,1.0234,-0.1221,0.0610,-0.0610,1,466,877,235
271771318,43633,-0.0264,-0.0425,1.0234,-0.2441,0.1221,-0.0610,1,466,870,235
271776301,43634,-0.0259,-0.0415,1.0239,-0.2441,0.0000,0.0000,1,466,872,235
271781308,43635,-0.0264,-0.0405,1.0234,-0.3662,0.1221,-0.0610,1,510,723,235
271786303,43636,-0.0273,-0.0415,1.0225,-0.4272,0.2441,-0.0610,1,491,861,235
271791301,43637,-0.0278,-0.0430,1.0215,-0.3052,0.1831,-0.0610,1,465,877,235
271796309,43638,-0.0264,-0.0444,1.0210,-0.3052,0.1221,0.0610,1,501,843,235
271801305,43639,-0.0249,-0.0454,1.0220,-0.2441,0.3052,0.0610,1,507,827,235
271806302,43640,-0.0249,-0.0444,1.0229,-0.2441,0.4883,-0.0610,1,504,865,235
271811303,43641,-0.0254,-0.0425,1.0229,-0.1831,0.4883,0.0000,1,499,834,235
271816304,43642,-0.0278,-0.0415,1.0229,-0.2441,0.5493,0.0000,1,509,784,235
271821302,43643,-0.0293,-0.0415,1.0229,-0.3052,0.4272,0.0610,1,510,793,235
271826303,43644,-0.0269,-0.0435,1.0225,-0.0610,0.4272,-0.1221,1,466,874,235
271831304,43645,-0.0273,-0.0439,1.0239,-0.3052,0.3662,0.0000,1,466,870,235
271836304,43646,-0.0278,-0.0439,1.0239,-0.1831,0.3052,0.0610,1,466,836,235
271841306,43647,-0.0288,-0.0439,1.0229,-0.0610,0.2441,0.1221,1,466,877,235
271846304,43648,-0.0288,-0.0444,1.0244,-0.1221,0.1831,-0.0610,1,466,880,235
271851303,43649,-0.0269,-0.0435,1.0269,-0.1831,0.3662,0.0000,1,465,881,235
271856304,43650,-0.0254,-0.0430,1.0278,-0.1831,0.4272,0.0000,1,466,831,235
271861307,43651,-0.0269,-0.0430,1.0259,-0.2441,0.4883,0.0000,1,465,832,235
271866317,43652,-0.0283,-0.0425,1.0244,-0.1831,0.3662,-0.0610,1,466,828,235
271871305,43653,-0.0278,-0.0425,1.0249,-0.3052,0.4272,-0.0610,1,465,880,235
271876305,43654,-0.0278,-0.0435,1.0244,-0.3052,0.4883,0.0000,1,509,875,235
271881301,43655,-0.0273,-0.0449,1.0239,-0.1831,0.3662,0.0000,1,490,724,235
271886301,43656,-0.0259,-0.0454,1.0229,-0.0610,0.4272,0.0610,1,465,799,235
271891308,43657,-0.0249,-0.0449,1.0229,-0.1221,0.4272,0.1221,1,501,902,235
271896309,43658,-0.0259,-0.0435,1.0229,-0.1221,0.4272,0.0000,1,503,837,235
271901306,43659,-0.0283,-0.0420,1.0244,-0.2441,0.6104,0.0000,1,491,783,235
271906307,43660,-0.0298,-0.0425,1.0244,-0.1831,0.6104,0.0000,1,508,785,235
271911303,43661,-0.0283,-0.0444,1.0229,-0.3052,0.6104,-0.1221,1,499,783,235
271916309,43662,-0.0273,-0.0459,1.0210,-0.1831,0.6104,-0.0610,1,510,826,235
271921308,43663,-0.0278,-0.0444,1.0205,-0.1221,0.6104,0.0000,1,466,872,235
271926302,43664,-0.0293,-0.0430,1.0220,-0.1221,0.6714,0.0610,1,465,830,235
271931303,43665,-0.0298,-0.0420,1.0229,-0.1831,0.4883,-0.0610,1,466,867,235
271936302,43666,-0.0288,-0.0435,1.0229,-0.2441,0.4883,-0.1221,1,466,877,235
271941305,43667,-0.0288,-0.0454,1.0215,-0.3052,0.6104,-0.1831,1,466,879,235
271946306,43668,-0.0293,-0.0454,1.0195,-0.1221,0.5493,-0.1831,1,466,875,235
271951301,43669,-0.0293,-0.0444,1.0186,-0.1831,0.3662,-0.2441,1,466,880,235
271956309,43670,-0.0278,-0.0454,1.0205,-0.1831,0.5493,-0.2441,1,466,881,235
271961322,43671,-0.0269,-0.0454,1.0225,-0.1221,0.5493,-0.2441,1,466,886,235
271966351,43672,-0.0259,-0.0430,1.0225,-0.1221,0.5493,-0.1831,1,466,877,235
271971304,43673,-0.0264,-0.0415,1.0215,-0.2441,0.6714,-0.1831,1,466,873,235
271976305,43674,-0.0278,-0.0420,1.0215,-0.1831,0.5493,-0.1221,1,470,867,235
271981307,43675,-0.0288,-0.0439,1.0200,-0.3052,0.4883,-0.3052,1,511,866,235
271986305,43676,-0.0298,-0.0449,1.0205,-0.3662,0.8545,-0.3052,1,494,878,235
271991302,43677,-0.0288,-0.0449,1.0220,-0.2441,0.8545,-0.2441,1,508,835,235
271996304,43678,-0.0288,-0.0454,1.0229,-0.1831,0.7324,-0.4272,1,505,852,235
272001303,43679,-0.0298,-0.0459,1.0220,-0.1831,0.8545,-0.4272,1,507,878,235
272006305,43680,-0.0298,-0.0454,1.0190,-0.1831,0.9766,-0.3662,1,502,829,235
272011301,43681,-0.0303,-0.0449,1.0181,-0.1221,0.7935,-0.3662,1,509,833,235
272016302,43682,-0.0303,-0.0449,1.0181,0.0000,0.6714,-0.4272,1,466,868,235
272021306,43683,-0.0298,-0.0444,1.0190,0.1221,0.6714,-0.4272,1,466,826,235
272026307,43684,-0.0298,-0.0439,1.0200,0.0610,0.6104,-0.5493,1,466,875,235
272031307,43685,-0.0293,-0.0439,1.0205,0.1221,0.6104,-0.5493,1,466,873,235
272036306,43686,-0.0288,-0.0444,1.0215,0.1831,0.6104,-0.4883,1,466,873,235
272041309,43687,-0.0278,-0.0454,1.0215,0.1831,0.6104,-0.4883,1,466,876,235
272046302,43688,-0.0273,-0.0459,1.0220,0.2441,0.6714,-0.4272,1,466,878,235
272051305,43689,-0.0283,-0.0464,1.0220,0.1831,0.7324,-0.4883,1,466,878,235
272056319,43690,-0.0303,-0.0459,1.0205,0.1831,0.6714,-0.5493,1,466,879,235
272061304,43691,-0.0317,-0.0449,1.0200,0.1831,0.6104,-0.4883,1,465,875,235
272066304,43692,-0.0312,-0.0449,1.0215,0.2441,0.5493,-0.5493,1,509,876,235
272071307,43693,-0.0303,-0.0435,1.0220,0.3052,0.6714,-0.5493,1,466,907,235
272076301,43694,-0.0298,-0.0415,1.0215,0.1831,0.5493,-0.4883,1,511,857,235
272081302,43695,-0.0298,-0.0430,1.0220,0.1221,0.4883,-0.4883,1,490,887,235
272086308,43696,-0.0298,-0.0439,1.0225,0.0610,0.5493,-0.4883,1,506,830,235
272091303,43697,-0.0293,-0.0435,1.0234,0.0610,0.5493,-0.4883,1,491,865,235
272096302,43698,-0.0288,-0.0420,1.0239,0.0610,0.4883,-0.4272,1,506,866,235
272101302,43699,-0.0293,-0.0410,1.0244,-0.0610,0.5493,-0.4272,1,509,831,235
272106308,43700,-0.0303,-0.0425,1.0249,-0.0610,0.6714,-0.4272,1,497,832,235
272111303,43701,-0.0303,-0.0449,1.0244,0.0610,0.4272,-0.3662,1,510,827,235
272116303,43702,-0.0298,-0.0459,1.0225,0.0000,0.4272,-0.4272,1,466,876,235
272121304,43703,-0.0298,-0.0449,1.0225,-0.1221,0.4883,-0.3662,1,466,830,235
272126304,43704,-0.0303,-0.0439,1.0220,-0.1221,0.4272,-0.4883,1,466,876,235
272131302,43705,-0.0312,-0.0439,1.0215,-0.1221,0.4272,-0.4883,1,466,874,235
272136303,43706,-0.0312,-0.0435,1.0210,-0.1221,0.3662,-0.3662,1,465,902,235
272141302,43707,-0.0288,-0.0425,1.0215,-0.1221,0.2441,-0.3662,1,466,900,235
272146303,43708,-0.0269,-0.0425,1.0220,-0.1831,0.4272,-0.3662,1,466,878,235
272151306,43709,-0.0278,-0.0439,1.0220,-0.2441,0.4272,-0.3052,1,466,879,235
272156304,43710,-0.0303,-0.0454,1.0215,-0.1831,0.6104,-0.3662,1,466,881,235
272161305,43711,-0.0327,-0.0449,1.0200,-0.3052,0.4883,-0.3052,1,466,874,235
272166304,43712,-0.0322,-0.0439,1.0195,-0.3052,0.3052,-0.3052,1,470,859,235
272171304,43713,-0.0308,-0.0439,1.0200,-0.3052,0.3052,-0.3662,1,498,860,235
272176310,43714,-0.0298,-0.0439,1.0205,-0.2441,0.2441,-0.2441,1,465,839,235
272181302,43715,-0.0293,-0.0430,1.0210,-0.2441,0.1831,-0.3662,1,496,854,235
272186309,43716,-0.0273,-0.0430,1.0220,-0.3052,0.1221,-0.2441,1,494,849,235
272191302,43717,-0.0264,-0.0454,1.0239,-0.4272,0.4272,-0.2441,1,501,796,235
272196303,43718,-0.0283,-0.0474,1.0249,-0.3052,0.4272,-0.2441,1,496,837,235
272201306,43719,-0.0312,-0.0454,1.0234,-0.3662,0.3662,-0.2441,1,498,832,235
272206302,43720,-0.0322,-0.0435,1.0215,-0.4272,0.1831,-0.1831,1,509,865,235
272211309,43721,-0.0308,-0.0444,1.0210,-0.4883,0.1221,-0.2441,1,466,881,235
272216305,43722,-0.0288,-0.0454,1.0225,-0.3052,0.2441,-0.2441,1,466,872,235
272221302,43723,-0.0273,-0.0459,1.0239,-0.4883,0.1831,-0.1221,1,466,879,235
272226302,43724,-0.0278,-0.0464,1.0229,-0.4883,0.3662,-0.1831,1,466,876,235
272231309,43725,-0.0312,-0.0469,1.0195,-0.3662,0.4883,-0.1221,1,465,882,235
272236307,43726,-0.0322,-0.0469,1.0186,-0.3052,0.3662,-0.2441,1,466,898,235
272241309,43727,-0.0308,-0.0459,1.0190,-0.2441,0.1221,-0.2441,1,466,876,235
272246308,43728,-0.0288,-0.0449,1.0210,-0.2441,0.2441,-0.1221,1,465,875,235
272251305,43729,-0.0283,-0.0444,1.0229,-0.1831,0.3052,-0.1221,1,466,879,235
272256353,43730,-0.0288,-0.0439,1.0239,-0.1221,0.2441,-0.1831,1,466,878,235
272261307,43731,-0.0293,-0.0439,1.0249,-0.4272,0.3052,-0.1831,1,466,882,235
272266303,43732,-0.0293,-0.0439,1.0239,-0.4883,0.3662,-0.1831,1,466,877,235
272271309,43733,-0.0293,-0.0444,1.0210,-0.3662,0.3052,-0.2441,1,495,869,235
272276303,43734,-0.0327,-0.0464,1.0171,-0.3052,0.1221,-0.1831,1,510,797,235
272281309,43735,-0.0352,-0.0479,1.0171,-0.1831,0.0000,-0.1831,1,499,830,235
272286301,43736,-0.0322,-0.0474,1.0205,-0.1221,-0.1831,-0.0610,1,502,798,235
272291306,43737,-0.0278,-0.0474,1.0244,-0.1831,0.0000,-0.1831,1,500,800,235
272296302,43738,-0.0269,-0.0474,1.0244,-0.0610,0.0610,-0.1831,1,504,790,235
272301308,43739,-0.0293,-0.0469,1.0229,0.0000,0.0000,-0.1831,1,492,828,235
272306307,43740,-0.0308,-0.0474,1.0229,-0.0610,-0.1221,-0.2441,1,507,737,235
272311302,43741,-0.0293,-0.0464,1.0229,0.0000,-0.0610,-0.3052,1,466,826,235
272316309,43742,-0.0283,-0.0435,1.0220,0.1221,0.0000,-0.3052,1,466,824,235
272321306,43743,-0.0283,-0.0420,1.0215,0.1831,-0.0610,-0.1831,1,466,824,235
272326304,43744,-0.0288,-0.0435,1.0229,0.0000,0.0000,-0.3052,1,465,880,235
272331302,43745,-0.0283,-0.0439,1.0239,-0.1221,-0.1221,-0.1831,1,466,784,235
272336305,43746,-0.0269,-0.0430,1.0254,-0.0610,-0.1221,-0.1831,1,466,879,235
272341302,43747,-0.0273,-0.0435,1.0254,-0.1221,0.1221,-0.1221,1,466,873,235
272346309,43748,-0.0288,-0.0439,1.0249,-0.1831,0.2441,-0.1221,1,466,867,235
272351304,43749,-0.0293,-0.0435,1.0239,-0.2441,0.1831,-0.1831,1,466,883,235
272356341,43750,-0.0293,-0.0435,1.0239,-0.2441,0.1221,-0.0610,1,466,882,235
272361303,43751,-0.0293,-0.0444,1.0229,-0.2441,0.2441,-0.1831,1,466,872,235
272366306,43752,-0.0288,-0.0439,1.0215,-0.2441,0.1831,-0.1221,1,511,884,235
272371306,43753,-0.0269,-0.0435,1.0225,-0.3052,0.3052,-0.1221,1,505,878,235
272376308,43754,-0.0254,-0.0435,1.0249,-0.3662,0.5493,-0.0610,1,511,780,235
272381308,43755,-0.0254,-0.0430,1.0269,-0.4272,0.4883,-0.0610,1,494,899,235
272386309,43756,-0.0264,-0.0435,1.0259,-0.4272,0.6104,-0.0610,1,507,833,235
272391302,43757,-0.0273,-0.0454,1.0234,-0.4272,0.7324,0.0610,1,496,840,235
272396301,43758,-0.0278,-0.0459,1.0220,-0.3662,0.8545,-0.0610,1,493,879,235
272401306,43759,-0.0278,-0.0430,1.0225,-0.4883,0.7935,-0.0610,1,504,828,235
272406302,43760,-0.0264,-0.0430,1.0234,-0.6714,1.0376,-0.1221,1,497,826,235
272411309,43761,-0.0259,-0.0454,1.0254,-0.6714,1.1597,0.0000,1,510,824,235
272416309,43762,-0.0259,-0.0459,1.0259,-0.6104,1.2207,0.0610,1,466,829,235
272421307,43763,-0.0269,-0.0459,1.0259,-0.6714,1.2817,0.0000,1,466,870,235
272426306,43764,-0.0283,-0.0464,1.0244,-0.7324,1.4038,0.0000,1,466,831,235
272431302,43765,-0.0308,-0.0459,1.0225,-0.6714,1.5869,0.0610,1,466,835,235
272436307,43766,-0.0327,-0.0449,1.0210,-0.8545,1.5259,0.0610,1,466,872,235
272441308,43767,-0.0332,-0.0464,1.0205,-0.9155,1.4648,0.0610,1,465,876,235
272446309,43768,-0.0337,-0.0498,1.0200,-0.7324,1.4038,0.1221,1,466,880,235
272451307,43769,-0.0308,-0.0498,1.0220,-0.4883,1.0376,0.1221,1,465,876,235
272456345,43770,-0.0283,-0.0469,1.0239,-0.4883,1.4038,0.0000,1,466,870,235
272461310,43771,-0.0298,-0.0464,1.0205,-0.6104,1.4038,-0.0610,1,466,831,235
272466305,43772,-0.0312,-0.0483,1.0176,-0.3662,1.2817,-0.1221,1,510,870,235
272471309,43773,-0.0327,-0.0483,1.0181,-0.3052,1.2817,-0.1221,1,511,904,235
272476305,43774,-0.0327,-0.0479,1.0205,-0.4272,1.2817,-0.1221,1,512,794,235
272481302,43775,-0.0317,-0.0469,1.0225,-0.4272,1.0376,-0.1831,1,507,848,235
272486305,43776,-0.0312,-0.0469,1.0234,-0.4272,0.9766,-0.2441,1,499,845,235
272491301,43777,-0.0317,-0.0464,1.0229,-0.3662,0.9155,-0.2441,1,508,873,235
272496305,43778,-0.0317,-0.0459,1.0220,-0.4272,0.9155,-0.1831,1,499,837,235
272501301,43779,-0.0317,-0.0469,1.0215,-0.4272,0.9766,-0.2441,1,506,834,235
272506309,43780,-0.0312,-0.0479,1.0215,-0.3662,0.8545,-0.2441,1,505,830,235
272511306,43781,-0.0308,-0.0483,1.0215,-0.3052,0.9766,-0.1831,1,510,856,235
272516307,43782,-0.0317,-0.0483,1.0210,-0.2441,0.9155,-0.1831,1,465,870,235
272521302,43783,-0.0322,-0.0483,1.0215,-0.3662,0.9155,-0.1831,1,466,883,235
272526302,43784,-0.0327,-0.0479,1.0225,-0.3662,1.0376,-0.1831,1,466,885,235
272531302,43785,-0.0332,-0.0469,1.0220,-0.3662,0.8545,-0.2441,1,466,878,235
272536305,43786,-0.0332,-0.0474,1.0215,-0.3662,0.7324,-0.3052,1,466,879,235
272541307,43787,-0.0332,-0.0483,1.0210,-0.3662,0.7935,-0.3052,1,466,877,235
272546304,43788,-0.0322,-0.0498,1.0205,-0.2441,0.9766,-0.2441,1,466,876,235
272551305,43789,-0.0312,-0.0493,1.0200,-0.3052,0.7935,-0.3052,1,465,884,235
272556321,43790,-0.0317,-0.0479,1.0195,-0.1221,0.6714,-0.2441,1,466,895,235
272561305,43791,-0.0327,-0.0464,1.0210,-0.1221,0.5493,-0.2441,1,465,876,235
272566302,43792,-0.0327,-0.0449,1.0229,-0.1831,0.6104,-0.2441,1,510,876,235
272571302,43793,-0.0322,-0.0444,1.0234,-0.2441,0.5493,-0.2441,1,495,881,235
272576309,43794,-0.0327,-0.0464,1.0234,-0.1831,0.5493,-0.3052,1,511,876,235
272581309,43795,-0.0337,-0.0488,1.0220,-0.1831,0.4272,-0.2441,1,481,821,235
272586305,43796,-0.0342,-0.0493,1.0190,-0.1221,0.4883,-0.2441,1,509,853,235
272591301,43797,-0.0337,-0.0483,1.0171,-0.0610,0.4272,-0.1831,1,499,837,235
272596302,43798,-0.0332,-0.0469,1.0186,-0.0610,0.3662,-0.3052,1,492,830,235
272601308,43799,-0.0327,-0.0469,1.0210,0.0000,0.3052,-0.3662,1,498,824,235
272606303,43800,-0.0312,-0.0479,1.0215,0.0610,0.3052,-0.3662,1,478,778,235
272611302,43801,-0.0317,-0.0488,1.0195,0.1221,0.3052,-0.3052,1,510,849,235
272616305,43802,-0.0327,-0.0493,1.0186,0.1831,0.1831,-0.2441,1,465,869,235
272621304,43803,-0.0332,-0.0479,1.0205,0.1831,0.0610,-0.3052,1,466,884,235
272626308,43804,-0.0322,-0.0459,1.0234,0.2441,0.1831,-0.3662,1,466,873,235
272631308,43805,-0.0312,-0.0449,1.0249,0.1831,0.0610,-0.3052,1,466,885,235
272636306,43806,-0.0317,-0.0449,1.0234,0.1221,0.1831,-0.3052,1,466,902,235
272641307,43807,-0.0312,-0.0464,1.0220,0.0610,0.1221,-0.1221,1,466,877,235
272646306,43808,-0.0303,-0.0488,1.0225,0.1221,0.1221,-0.1831,1,466,893,235
272651308,43809,-0.0312,-0.0488,1.0220,0.1831,0.0610,-0.1831,1,466,871,235
272656306,43810,-0.0332,-0.0474,1.0200,0.0610,0.0610,-0.1831,1,466,904,235
272661302,43811,-0.0337,-0.0469,1.0195,0.0610,0.0000,-0.2441,1,466,872,235
272666306,43812,-0.0337,-0.0469,1.0195,0.1221,-0.1221,-0.1831,1,466,827,235
272671306,43813,-0.0332,-0.0474,1.0200,0.2441,-0.2441,-0.2441,1,470,859,235
272676304,43814,-0.0327,-0.0479,1.0210,0.3662,-0.3662,-0.1831,1,495,870,235
272681309,43815,-0.0322,-0.0479,1.0210,0.3052,-0.3662,-0.3662,1,470,821,235
272686301,43816,-0.0322,-0.0464,1.0205,0.4272,-0.3662,-0.3662,1,492,836,235
272691309,43817,-0.0317,-0.0464,1.0210,0.3662,-0.3052,-0.3662,1,509,850,235
272696303,43818,-0.0317,-0.0479,1.0220,0.4272,-0.1831,-0.3662,1,490,873,235
272701308,43819,-0.0317,-0.0479,1.0220,0.4883,-0.2441,-0.2441,1,509,878,235
272706309,43820,-0.0312,-0.0464,1.0220,0.2441,-0.3052,-0.1831,1,495,832,235
272711309,43821,-0.0308,-0.0454,1.0234,0.2441,-0.1831,-0.1831,1,505,854,235
272716308,43822,-0.0303,-0.0444,1.0234,0.3662,-0.2441,-0.2441,1,466,836,235
272721304,43823,-0.0303,-0.0449,1.0220,0.3662,-0.3662,-0.2441,1,466,881,235
272726308,43824,-0.0312,-0.0459,1.0225,0.4272,-0.1221,-0.3052,1,465,882,235
272731305,43825,-0.0322,-0.0454,1.0234,0.1831,-0.1831,-0.3052,1,466,894,235
272736308,43826,-0.0327,-0.0454,1.0229,0.1221,-0.0610,-0.3052,1,466,882,235
272741309,43827,-0.0332,-0.0469,1.0215,0.3052,-0.2441,-0.3052,1,466,875,235
272746306,43828,-0.0332,-0.0483,1.0215,0.4272,-0.2441,-0.2441,1,466,871,235
272751302,43829,-0.0332,-0.0479,1.0220,0.3662,-0.1831,-0.2441,1,466,884,235
272756301,43830,-0.0337,-0.0469,1.0225,0.2441,-0.2441,-0.3662,1,465,884,235
272761326,43831,-0.0332,-0.0469,1.0210,0.3662,-0.4272,-0.3052,1,466,877,235
272766302,43832,-0.0312,-0.0464,1.0225,0.4272,-0.3662,-0.3662,1,466,870,235
272771305,43833,-0.0298,-0.0469,1.0239,0.3662,-0.3662,-0.4272,1,510,906,235
272776306,43834,-0.0288,-0.0469,1.0244,0.4272,-0.3052,-0.2441,1,482,868,235
272781304,43835,-0.0293,-0.0459,1.0239,0.4883,-0.2441,-0.2441,1,511,818,235
272786301,43836,-0.0303,-0.0454,1.0244,0.3662,-0.2441,-0.2441,1,481,850,235
272791307,43837,-0.0298,-0.0464,1.0249,0.3052,0.0000,-0.1831,1,491,851,235
272796305,43838,-0.0298,-0.0469,1.0249,0.3662,0.0000,-0.1831,1,497,782,235
272801306,43839,-0.0308,-0.0464,1.0244,0.3052,-0.0610,-0.2441,1,509,785,235
272806304,43840,-0.0327,-0.0469,1.0225,0.2441,0.0000,-0.3052,1,498,825,235
272811302,43841,-0.0327,-0.0479,1.0220,0.2441,-0.1831,-0.3052,1,499,780,235
272816304,43842,-0.0317,-0.0474,1.0220,0.3662,-0.1221,-0.3052,1,494,830,235
272821309,43843,-0.0303,-0.0459,1.0225,0.2441,-0.1221,-0.2441,1,466,871,235
272826304,43844,-0.0298,-0.0454,1.0229,0.1831,-0.0610,-0.2441,1,466,873,235
272831304,43845,-0.0303,-0.0474,1.0220,0.2441,-0.0610,-0.2441,1,466,881,235
272836306,43846,-0.0327,-0.0493,1.0205,0.2441,-0.0610,-0.2441,1,466,874,235
272841306,43847,-0.0332,-0.0493,1.0200,0.4272,-0.1831,-0.1221,1,466,883,235
272846301,43848,-0.0308,-0.0464,1.0220,0.5493,-0.2441,-0.3052,1,466,879,235
272851305,43849,-0.0288,-0.0449,1.0249,0.4272,-0.0610,-0.3052,1,466,872,235
272856301,43850,-0.0288,-0.0454,1.0254,0.3662,-0.0610,-0.2441,1,466,877,235
272861323,43851,-0.0298,-0.0464,1.0249,0.3662,-0.0610,-0.2441,1,466,881,235
272866304,43852,-0.0303,-0.0469,1.0234,0.2441,0.0000,-0.3052,1,466,877,235
272871307,43853,-0.0312,-0.0464,1.0225,0.3052,-0.1221,-0.3052,1,510,825,235
272876306,43854,-0.0308,-0.0474,1.0225,0.4272,-0.1831,-0.2441,1,494,891,235
272881303,43855,-0.0312,-0.0474,1.0225,0.6104,-0.1831,-0.1831,1,511,865,235
272886303,43856,-0.0317,-0.0459,1.0225,0.4883,-0.1831,-0.3052,1,476,842,235
272891302,43857,-0.0308,-0.0444,1.0225,0.3662,-0.2441,-0.3052,1,500,835,235
272896301,43858,-0.0298,-0.0444,1.0229,0.3662,-0.0610,-0.3052,1,494,864,235
272901301,43859,-0.0298,-0.0444,1.0225,0.4272,-0.0610,-0.3052,1,506,867,235
272906309,43860,-0.0303,-0.0439,1.0215,0.3052,-0.2441,-0.1831,1,496,826,235
272911302,43861,-0.0298,-0.0444,1.0220,0.1221,-0.1221,-0.2441,1,487,828,235
272916309,43862,-0.0283,-0.0449,1.0229,0.3052,0.0000,-0.3662,1,493,825,235
272921308,43863,-0.0288,-0.0444,1.0239,0.3052,-0.1221,-0.3052,1,465,834,235
272926309,43864,-0.0298,-0.0435,1.0234,0.1221,0.0000,-0.3052,1,466,873,235
272931309,43865,-0.0288,-0.0435,1.0229,0.1221,0.0000,-0.1831,1,466,825,235
272936306,43866,-0.0278,-0.0439,1.0239,0.0610,0.0000,-0.1831,1,466,831,235
272941304,43867,-0.0283,-0.0444,1.0239,0.0000,0.1221,-0.1831,1,466,836,235
272946302,43868,-0.0288,-0.0444,1.0234,0.0000,0.3052,-0.2441,1,466,836,235
272951310,43869,-0.0278,-0.0454,1.0239,0.0610,0.2441,-0.3052,1,466,836,235
272956302,43870,-0.0278,-0.0459,1.0239,0.0000,0.2441,-0.1221,1,466,879,235
272961335,43871,-0.0293,-0.0464,1.0225,-0.0610,0.2441,-0.1831,1,466,831,235
272966306,43872,-0.0298,-0.0454,1.0220,0.0610,0.1831,-0.2441,1,465,875,235
272971303,43873,-0.0298,-0.0444,1.0215,0.0610,0.1831,-0.2441,1,511,877,235
272976301,43874,-0.0308,-0.0439,1.0210,0.1831,0.2441,-0.1831,1,510,867,235
272981309,43875,-0.0303,-0.0439,1.0200,0.1221,0.2441,-0.2441,1,494,828,235
272986301,43876,-0.0298,-0.0444,1.0200,0.1221,0.2441,-0.1831,1,488,844,235
272991305,43877,-0.0308,-0.0449,1.0215,0.0610,0.3052,-0.1831,1,481,838,235
272996306,43878,-0.0312,-0.0454,1.0229,0.1221,0.2441,-0.3052,1,506,795,235
273001304,43879,-0.0312,-0.0464,1.0229,0.1221,0.1831,-0.3052,1,494,892,235
273006309,43880,-0.0308,-0.0464,1.0225,0.0000,0.2441,-0.1831,1,507,851,235
273011305,43881,-0.0288,-0.0444,1.0229,-0.0610,0.1221,-0.1831,1,502,783,235
273016307,43882,-0.0278,-0.0430,1.0239,0.0000,0.0610,-0.2441,1,466,850,235
273021303,43883,-0.0293,-0.0444,1.0234,-0.1831,0.1831,-0.2441,1,466,832,235
273026309,43884,-0.0298,-0.0449,1.0229,-0.1831,0.1831,-0.2441,1,466,885,235
273031303,43885,-0.0298,-0.0439,1.0225,-0.1221,0.3052,-0.1831,1,466,884,235
273036304,43886,-0.0293,-0.0444,1.0234,-0.1831,0.3052,-0.1831,1,466,873,235
273041306,43887,-0.0298,-0.0449,1.0244,-0.3052,0.3052,-0.1831,1,466,880,235
273046304,43888,-0.0298,-0.0454,1.0234,-0.3052,0.4272,-0.1831,1,466,876,235
273051309,43889,-0.0298,-0.0454,1.0229,-0.2441,0.4883,-0.1831,1,466,880,235
273056306,43890,-0.0303,-0.0459,1.0229,-0.1831,0.6104,-0.1831,1,466,884,235
273061336,43891,-0.0308,-0.0469,1.0234,-0.3052,0.6104,-0.1831,1,466,874,235
273066304,43892,-0.0312,-0.0469,1.0229,-0.1831,0.5493,-0.1831,1,466,867,235
273071310,43893,-0.0312,-0.0469,1.0220,-0.2441,0.5493,-0.1221,1,510,905,235
273076305,43894,-0.0303,-0.0464,1.0215,-0.2441,0.4272,-0.0610,1,498,901,235
273081309,43895,-0.0308,-0.0454,1.0215,-0.2441,0.4272,-0.1831,1,512,815,235
273086310,43896,-0.0327,-0.0459,1.0210,-0.4272,0.4883,-0.3662,1,484,851,235
273091310,43897,-0.0308,-0.0474,1.0215,-0.4883,0.1221,-0.2441,1,491,846,235
273096308,43898,-0.0278,-0.0464,1.0234,-0.3052,0.4883,-0.0610,1,481,867,235
273101304,43899,-0.0298,-0.0444,1.0229,-0.3052,0.5493,-0.1221,1,494,826,235
273106304,43900,-0.0317,-0.0439,1.0210,-0.4883,0.3662,-0.0610,1,509,828,235
273111301,43901,-0.0308,-0.0435,1.0215,-0.5493,0.3662,-0.2441,1,509,830,235
273116305,43902,-0.0308,-0.0439,1.0225,-0.5493,0.3662,-0.1221,1,465,877,235
273121302,43903,-0.0298,-0.0454,1.0229,-0.6714,0.1831,0.0000,1,466,876,235
273126301,43904,-0.0293,-0.0464,1.0225,-0.5493,0.6714,-0.1831,1,466,836,235
273131306,43905,-0.0317,-0.0479,1.0200,-0.6104,0.4272,-0.1831,1,466,875,235
273136303,43906,-0.0303,-0.0498,1.0210,-0.5493,0.1831,-0.1221,1,466,876,235
273141309,43907,-0.0283,-0.0503,1.0229,-0.3662,0.5493,-0.2441,1,466,875,235
273146307,43908,-0.0293,-0.0488,1.0229,-0.3052,0.6714,-0.1831,1,466,884,235
273151304,43909,-0.0298,-0.0469,1.0229,-0.2441,0.7324,-0.1221,1,466,877,235
273156320,43910,-0.0308,-0.0469,1.0220,-0.2441,0.9155,-0.2441,1,466,876,235
273161305,43911,-0.0317,-0.0483,1.0200,-0.2441,0.7324,-0.1831,1,466,876,235
273166304,43912,-0.0327,-0.0493,1.0195,-0.2441,0.6714,-0.1831,1,509,883,235
273171302,43913,-0.0337,-0.0483,1.0195,-0.2441,0.6104,-0.1831,1,485,873,235
273176303,43914,-0.0337,-0.0469,1.0195,-0.3052,0.6104,-0.2441,1,511,869,235
273181306,43915,-0.0327,-0.0483,1.0210,-0.2441,0.4272,-0.2441,1,482,841,235
273186301,43916,-0.0312,-0.0488,1.0215,-0.0610,0.4272,-0.2441,1,486,853,235
273191305,43917,-0.0308,-0.0479,1.0205,0.0000,0.4272,-0.1831,1,500,866,235
273196308,43918,-0.0317,-0.0479,1.0200,0.0000,0.4272,-0.2441,1,483,783,235
273201309,43919,-0.0327,-0.0488,1.0190,0.0610,0.3052,-0.1831,1,508,786,235
273206309,43920,-0.0327,-0.0483,1.0195,0.0000,0.3662,-0.3052,1,510,829,235
273211306,43921,-0.0312,-0.0479,1.0220,0.0000,0.3662,-0.2441,1,493,804,235
273216308,43922,-0.0308,-0.0479,1.0244,0.1221,0.3662,-0.2441,1,466,856,235
273221308,43923,-0.0303,-0.0469,1.0249,0.0610,0.3052,-0.2441,1,466,875,235
273226305,43924,-0.0308,-0.0454,1.0244,0.1831,0.3662,-0.2441,1,466,870,235
273231309,43925,-0.0312,-0.0464,1.0244,-0.1221,0.3662,-0.3052,1,466,883,235
273236302,43926,-0.0317,-0.0459,1.0249,-0.1221,0.3662,-0.1831,1,466,898,235
273241307,43927,-0.0298,-0.0444,1.0264,-0.1831,0.4272,-0.1221,1,466,880,235
273246304,43928,-0.0273,-0.0444,1.0273,-0.3052,0.4272,-0.1831,1,465,877,235
273251308,43929,-0.0278,-0.0464,1.0249,-0.4272,0.7324,-0.2441,1,466,882,235
273256316,43930,-0.0308,-0.0483,1.0210,-0.3662,0.6104,-0.1221,1,466,885,235
273261305,43931,-0.0322,-0.0493,1.0195,-0.3662,0.6714,-0.0610,1,466,868,235
273266302,43932,-0.0312,-0.0488,1.0200,-0.3052,0.6714,-0.1221,1,511,880,235
273271307,43933,-0.0308,-0.0488,1.0215,-0.3052,0.6714,-0.1221,1,508,883,235
273276308,43934,-0.0312,-0.0488,1.0220,-0.2441,0.7935,-0.1831,1,473,781,235
273281301,43935,-0.0337,-0.0508,1.0186,-0.1831,0.6104,-0.0610,1,484,839,235
273286306,43936,-0.0361,-0.0518,1.0166,0.1221,0.3052,-0.2441,1,497,839,235
273291303,43937,-0.0317,-0.0469,1.0225,0.0610,0.2441,-0.1221,1,500,865,235
273296307,43938,-0.0278,-0.0439,1.0254,-0.0610,0.6714,-0.1221,1,494,825,235
273301304,43939,-0.0303,-0.0479,1.0215,0.0000,0.3662,-0.1831,1,495,827,235
273306306,43940,-0.0327,-0.0498,1.0205,0.1221,0.3662,-0.3052,1,511,782,235
273311307,43941,-0.0342,-0.0479,1.0220,0.1221,0.4272,-0.1831,1,466,873,235
273316309,43942,-0.0327,-0.0474,1.0225,0.2441,0.2441,-0.1831,1,466,874,235
273321307,43943,-0.0317,-0.0488,1.0220,0.1221,0.4272,-0.2441,1,466,883,235
273326302,43944,-0.0322,-0.0488,1.0205,0.1831,0.3662,-0.2441,1,466,878,235
273331307,43945,-0.0327,-0.0488,1.0210,0.0610,0.3052,-0.1831,1,466,884,235
273336306,43946,-0.0327,-0.0483,1.0229,0.1221,0.2441,-0.0610,1,466,874,235
273341302,43947,-0.0317,-0.0469,1.0234,0.1221,0.2441,-0.0610,1,465,880,235
273346309,43948,-0.0308,-0.0464,1.0229,0.0610,0.3662,-0.1831,1,466,875,235
273351309,43949,-0.0312,-0.0469,1.0225,0.0000,0.3052,-0.1831,1,466,877,235
273356301,43950,-0.0317,-0.0464,1.0225,0.1831,0.2441,-0.1221,1,483,850,235
273361306,43951,-0.0317,-0.0459,1.0239,0.0000,0.1831,-0.1831,1,510,877,235
273366309,43952,-0.0308,-0.0454,1.0244,0.0000,0.2441,-0.1831,1,491,778,235
273371305,43953,-0.0298,-0.0454,1.0239,0.0610,0.3052,-0.1831,1,492,805,235
273376301,43954,-0.0303,-0.0454,1.0234,-0.0610,0.2441,-0.1221,1,497,809,235
273381310,43955,-0.0298,-0.0464,1.0244,-0.2441,0.4272,-0.1221,1,492,836,235
273386303,43956,-0.0293,-0.0469,1.0244,-0.3052,0.2441,-0.1221,1,508,801,235
273391301,43957,-0.0298,-0.0454,1.0239,-0.2441,0.3052,-0.1221,1,505,825,235
273396310,43958,-0.0303,-0.0439,1.0239,-0.2441,0.4883,-0.1831,1,490,828,235
273401309,43959,-0.0298,-0.0454,1.0239,-0.3052,0.4883,-0.1221,1,510,833,235
273406309,43960,-0.0298,-0.0464,1.0249,-0.2441,0.4883,-0.1831,1,466,871,235
273411308,43961,-0.0303,-0.0459,1.0254,-0.3052,0.3052,-0.1831,1,466,880,235
273416308,43962,-0.0317,-0.0474,1.0239,-0.4883,0.3662,-0.2441,1,466,868,235
273421305,43963,-0.0327,-0.0483,1.0220,-0.4272,0.4883,-0.1221,1,466,883,235
273426306,43964,-0.0337,-0.0469,1.0210,-0.3662,0.3662,-0.0610,1,466,878,235
273431305,43965,-0.0337,-0.0469,1.0195,-0.4272,0.1831,-0.2441,1,466,873,235
273436306,43966,-0.0332,-0.0483,1.0190,-0.3662,0.3052,-0.1221,1,466,881,235
273441305,43967,-0.0332,-0.0479,1.0195,-0.2441,0.3662,-0.2441,1,466,876,235
273446318,43968,-0.0332,-0.0474,1.0195,-0.1831,0.1831,-0.2441,1,466,885,235
273451325,43969,-0.0322,-0.0479,1.0205,-0.1831,0.1221,-0.2441,1,466,886,235
273456302,43970,-0.0312,-0.0488,1.0220,-0.1221,0.0000,-0.3052,1,483,876,235
273461307,43971,-0.0312,-0.0483,1.0225,-0.0610,-0.0610,-0.1221,1,481,793,235
273466303,43972,-0.0308,-0.0474,1.0225,-0.0610,0.1221,-0.1831,1,512,885,235
273471307,43973,-0.0298,-0.0469,1.0225,0.0000,0.1831,-0.2441,1,476,829,235
273476310,43974,-0.0293,-0.0464,1.0229,-0.1221,0.1831,-0.1221,1,501,791,235
273481303,43975,-0.0317,-0.0479,1.0229,-0.1831,0.1831,-0.2441,1,509,834,235
273486304,43976,-0.0337,-0.0493,1.0229,-0.0610,0.0000,-0.2441,1,500,875,235
273491308,43977,-0.0332,-0.0498,1.0220,-0.1831,0.1831,-0.2441,1,486,787,235
273496305,43978,-0.0322,-0.0498,1.0200,-0.1221,0.2441,-0.2441,1,493,838,235
273501309,43979,-0.0322,-0.0488,1.0190,-0.0610,0.0610,-0.0610,1,493,833,235
273506302,43980,-0.0317,-0.0483,1.0200,0.0000,-0.1221,0.0000,1,466,873,235
273511304,43981,-0.0308,-0.0474,1.0220,0.0000,-0.1221,-0.2441,1,466,784,235
273516304,43982,-0.0288,-0.0474,1.0239,0.0610,0.0610,-0.2441,1,466,826,235
273521302,43983,-0.0288,-0.0483,1.0234,0.0610,0.1221,-0.2441,1,466,878,235
273526309,43984,-0.0308,-0.0483,1.0229,-0.0610,0.0610,-0.2441,1,466,880,235
273531304,43985,-0.0327,-0.0483,1.0225,0.0000,0.1831,-0.1831,1,465,878,235
273536308,43986,-0.0327,-0.0483,1.0229,-0.0610,0.2441,-0.2441,1,466,838,235
273541303,43987,-0.0312,-0.0483,1.0239,0.0000,0.2441,-0.1221,1,466,885,235
273546345,43988,-0.0303,-0.0469,1.0239,0.0000,0.1831,-0.0610,1,466,858,235
273551303,43989,-0.0308,-0.0459,1.0225,-0.1221,0.1221,-0.1221,1,465,827,235
273556307,43990,-0.0322,-0.0474,1.0220,-0.1221,0.1831,-0.1831,1,492,863,235
273561308,43991,-0.0327,-0.0483,1.0229,-0.1831,0.1221,-0.1831,1,489,866,235
273566304,43992,-0.0312,-0.0488,1.0249,-0.1221,0.1221,-0.3052,1,493,882,235
273571304,43993,-0.0293,-0.0488,1.0259,-0.0610,0.2441,-0.1831,1,483,866,235
273576305,43994,-0.0298,-0.0488,1.0244,-0.1831,0.3662,-0.1831,1,487,840,235
273581303,43995,-0.0322,-0.0488,1.0225,-0.0610,0.3052,-0.1831,1,493,854,235
273586302,43996,-0.0337,-0.0479,1.0220,-0.2441,0.2441,-0.2441,1,479,828,235
273591305,43997,-0.0327,-0.0474,1.0229,-0.1831,0.2441,-0.3052,1,504,833,235
273596309,43998,-0.0308,-0.0483,1.0244,-0.1831,0.3052,-0.1831,1,505,833,235
273601303,43999,-0.0298,-0.0488,1.0244,-0.1221,0.4272,-0.1831,1,466,848,235
273606306,44000,-0.0312,-0.0493,1.0220,-0.0610,0.3662,-0.1831,1,465,879,235
273611302,44001,-0.0327,-0.0503,1.0190,0.0000,0.2441,-0.2441,1,466,904,235
273616302,44002,-0.0337,-0.0503,1.0186,0.0610,0.3052,-0.3052,1,466,834,235
273621303,44003,-0.0327,-0.0488,1.0200,0.1831,0.2441,-0.2441,1,466,864,235
273626304,44004,-0.0312,-0.0474,1.0220,0.1831,0.1221,-0.2441,1,466,884,235
273631301,44005,-0.0303,-0.0459,1.0239,0.1221,0.1221,-0.2441,1,466,901,235
273636301,44006,-0.0303,-0.0469,1.0244,0.1221,0.1831,-0.3052,1,466,872,235
273641304,44007,-0.0298,-0.0479,1.0244,0.1831,0.3052,-0.2441,1,466,867,235
273646302,44008,-0.0293,-0.0483,1.0244,0.1221,0.3662,-0.3662,1,466,878,235
273651310,44009,-0.0288,-0.0483,1.0244,0.1221,0.4272,-0.3662,1,466,879,235
273656308,44010,-0.0288,-0.0474,1.0239,0.1221,0.5493,-0.3662,1,492,882,235
273661303,44011,-0.0298,-0.0464,1.0234,0.0000,0.4272,-0.3052,1,497,868,235
273666309,44012,-0.0308,-0.0464,1.0229,0.0000,0.4272,-0.3052,1,469,798,235
273671309,44013,-0.0322,-0.0464,1.0210,0.0610,0.3662,-0.2441,1,493,788,235
273676310,44014,-0.0337,-0.0474,1.0195,0.0000,0.3662,-0.3662,1,478,859,235
273681308,44015,-0.0342,-0.0479,1.0181,0.0610,0.3662,-0.3052,1,486,787,235
273686309,44016,-0.0332,-0.0479,1.0186,-0.0610,0.2441,-0.2441,1,492,821,235
273691301,44017,-0.0322,-0.0488,1.0215,-0.0610,0.1221,-0.2441,1,490,832,235
273696303,44018,-0.0312,-0.0488,1.0234,0.0610,0.1221,-0.2441,1,510,829,235
273701307,44019,-0.0312,-0.0483,1.0234,0.0000,0.1831,-0.2441,1,466,901,235
273706302,44020,-0.0312,-0.0483,1.0239,0.1221,0.1831,-0.1831,1,466,863,235
273711308,44021,-0.0308,-0.0483,1.0229,0.1221,0.1221,-0.2441,1,466,906,235
273716307,44022,-0.0298,-0.0488,1.0215,0.0000,0.3662,-0.2441,1,466,874,235
273721307,44023,-0.0312,-0.0493,1.0215,-0.0610,0.3662,-0.3052,1,465,835,235
273726305,44024,-0.0317,-0.0488,1.0220,-0.0610,0.3662,-0.3052,1,466,900,235
273731305,44025,-0.0317,-0.0483,1.0220,0.0610,0.4883,-0.2441,1,466,877,235
273736308,44026,-0.0312,-0.0479,1.0210,0.0000,0.3052,-0.3662,1,466,880,235
273741321,44027,-0.0317,-0.0459,1.0215,0.1221,-0.0610,-0.3052,1,466,850,235
273746303,44028,-0.0312,-0.0459,1.0229,0.1221,0.0610,-0.2441,1,466,870,235
273751302,44029,-0.0303,-0.0469,1.0239,-0.0610,0.1831,-0.2441,1,510,901,235
273756304,44030,-0.0312,-0.0469,1.0234,0.0610,0.2441,-0.1831,1,492,864,235
273761303,44031,-0.0317,-0.0464,1.0225,0.0610,0.3052,-0.1221,1,503,891,235
273766301,44032,-0.0308,-0.0474,1.0220,0.0000,0.3052,-0.0610,1,471,838,235
273771305,44033,-0.0303,-0.0474,1.0220,-0.0610,0.3662,-0.2441,1,503,790,235
273776308,44034,-0.0303,-0.0469,1.0229,0.0000,0.2441,-0.1831,1,483,857,235
273781305,44035,-0.0298,-0.0474,1.0234,-0.0610,0.3052,-0.2441,1,483,783,235
273786308,44036,-0.0293,-0.0479,1.0249,-0.1221,0.4883,-0.2441,1,490,827,235
273791309,44037,-0.0308,-0.0483,1.0244,-0.1221,0.4883,-0.1221,1,490,829,235
273796308,44038,-0.0327,-0.0488,1.0215,-0.0610,0.3662,-0.2441,1,509,825,235
273801303,44039,-0.0327,-0.0479,1.0200,0.0000,0.3052,-0.3052,1,465,852,235
273806304,44040,-0.0317,-0.0469,1.0225,-0.1221,0.5493,-0.3052,1,465,823,235
273811306,44041,-0.0322,-0.0469,1.0244,-0.1221,0.5493,-0.3052,1,466,871,235
273816306,44042,-0.0337,-0.0483,1.0239,-0.1221,0.4272,-0.3052,1,466,875,235
273821307,44043,-0.0342,-0.0483,1.0225,-0.1221,0.2441,-0.2441,1,465,876,235
273826307,44044,-0.0322,-0.0464,1.0225,-0.0610,0.2441,-0.1831,1,466,878,235
273831304,44045,-0.0298,-0.0469,1.0234,-0.2441,0.1831,-0.2441,1,466,880,235
273836302,44046,-0.0283,-0.0483,1.0234,-0.1221,0.2441,-0.3052,1,466,882,235
273841310,44047,-0.0293,-0.0488,1.0215,-0.1221,0.3052,-0.1831,1,465,879,235
273846328,44048,-0.0317,-0.0498,1.0205,-0.2441,0.2441,-0.2441,1,466,873,235
273851305,44049,-0.0342,-0.0503,1.0205,-0.1221,0.2441,-0.2441,1,466,887,235
273856305,44050,-0.0337,-0.0488,1.0215,0.0000,0.1221,-0.2441,1,492,875,235
273861306,44051,-0.0312,-0.0488,1.0244,0.0000,0.0610,-0.1221,1,491,857,235
273866302,44052,-0.0308,-0.0498,1.0244,0.0610,0.3052,-0.3052,1,492,797,235
273871308,44053,-0.0317,-0.0493,1.0210,0.0000,0.3662,-0.3052,1,498,829,235
273876304,44054,-0.0322,-0.0488,1.0190,0.0610,0.2441,-0.1831,1,499,800,235
273881304,44055,-0.0308,-0.0488,1.0195,0.1221,0.2441,-0.1221,1,491,835,235
273886308,44056,-0.0298,-0.0483,1.0220,0.0000,0.3052,-0.1831,1,477,825,235
273891307,44057,-0.0303,-0.0474,1.0239,-0.1221,0.2441,-0.1221,1,498,782,235
273896304,44058,-0.0308,-0.0459,1.0254,-0.1831,0.3052,-0.0610,1,493,824,235
273901309,44059,-0.0288,-0.0449,1.0264,-0.3052,0.3662,-0.2441,1,466,868,235
273906308,44060,-0.0278,-0.0459,1.0259,-0.3052,0.5493,-0.1831,1,466,879,235
273911305,44061,-0.0278,-0.0469,1.0249,-0.4272,0.5493,-0.1831,1,466,879,235
273916305,44062,-0.0288,-0.0469,1.0239,-0.3662,0.7324,-0.1831,1,466,882,235
273921309,44063,-0.0298,-0.0469,1.0229,-0.4272,0.7324,-0.1831,1,466,883,235
273926306,44064,-0.0332,-0.0508,1.0186,-0.3662,0.7324,-0.3662,1,466,880,235
273931302,44065,-0.0347,-0.0513,1.0176,-0.0610,0.3052,-0.3662,1,466,879,235
273936309,44066,-0.0298,-0.0459,1.0254,0.0000,0.4272,-0.1831,1,466,872,235
273941303,44067,-0.0288,-0.0449,1.0278,-0.3052,0.9155,-0.2441,1,466,830,235
273946305,44068,-0.0312,-0.0483,1.0229,-0.3052,0.6104,-0.1831,1,484,881,235
273951304,44069,-0.0317,-0.0493,1.0205,-0.1831,0.5493,-0.3052,1,511,900,235
273956306,44070,-0.0342,-0.0498,1.0186,-0.2441,0.6714,-0.1831,1,497,869,235
273961306,44071,-0.0361,-0.0508,1.0171,-0.1221,0.4272,-0.1221,1,494,864,235
273966307,44072,-0.0347,-0.0503,1.0190,0.0000,0.4272,-0.1831,1,474,828,235
273971305,44073,-0.0317,-0.0493,1.0205,0.0000,0.4883,-0.1831,1,483,800,235
273976304,44074,-0.0312,-0.0493,1.0215,0.0610,0.4272,-0.1831,1,486,788,235
273981304,44075,-0.0308,-0.0498,1.0229,0.0610,0.4272,-0.1221,1,496,857,235
273986302,44076,-0.0303,-0.0493,1.0234,0.0610,0.3662,-0.1221,1,477,826,235
273991306,44077,-0.0312,-0.0488,1.0220,0.0610,0.3052,-0.2441,1,495,827,235
273996303,44078,-0.0322,-0.0488,1.0205,0.1221,0.3052,-0.2441,1,493,870,235
274001307,44079,-0.0332,-0.0483,1.0195,0.1221,0.2441,-0.1831,1,466,875,235
274006304,44080,-0.0332,-0.0483,1.0200,0.1831,0.3052,-0.1831,1,466,885,235
274011302,44081,-0.0332,-0.0474,1.0215,0.1221,0.2441,-0.1221,1,466,879,235
274016302,44082,-0.0327,-0.0464,1.0229,0.1831,0.3052,-0.1831,1,466,873,235
274021308,44083,-0.0317,-0.0459,1.0239,0.1221,0.2441,-0.1831,1,466,880,235
274026308,44084,-0.0303,-0.0474,1.0254,0.1221,0.3662,-0.1831,1,466,882,235
274031309,44085,-0.0298,-0.0493,1.0239,0.1221,0.4883,-0.1221,1,466,873,235
274036318,44086,-0.0308,-0.0498,1.0220,0.1831,0.3662,-0.1221,1,466,873,235
274041333,44087,-0.0327,-0.0488,1.0205,0.1221,0.3052,-0.0610,1,466,876,235
274046301,44088,-0.0337,-0.0483,1.0195,0.0610,0.3052,-0.1221,1,483,870,235
274051306,44089,-0.0332,-0.0483,1.0200,0.0610,0.3052,-0.1831,1,484,860,235
274056308,44090,-0.0317,-0.0483,1.0215,0.1221,0.3052,-0.1221,1,511,863,235
274061302,44091,-0.0303,-0.0483,1.0229,0.0610,0.2441,-0.1831,1,492,784,235
274066303,44092,-0.0298,-0.0479,1.0234,0.1221,0.1831,-0.1831,1,483,849,235
274071302,44093,-0.0298,-0.0479,1.0239,0.1221,0.1221,-0.2441,1,489,847,235
274076304,44094,-0.0312,-0.0483,1.0234,0.1221,0.1831,-0.3662,1,496,871,235
274081306,44095,-0.0327,-0.0493,1.0220,0.0610,0.1831,-0.3052,1,501,880,235
274086304,44096,-0.0327,-0.0498,1.0215,0.0610,0.1831,-0.1831,1,490,829,235
274091305,44097,-0.0322,-0.0488,1.0215,0.0610,0.0610,-0.2441,1,510,834,235
274096310,44098,-0.0322,-0.0488,1.0200,0.1221,0.1221,-0.2441,1,466,876,235
274101308,44099,-0.0337,-0.0498,1.0190,0.0000,-0.0610,-0.2441,1,466,874,235
274106307,44100,-0.0347,-0.0493,1.0190,0.1221,-0.1831,-0.2441,1,466,834,235
274111303,44101,-0.0337,-0.0493,1.0210,0.2441,-0.2441,-0.3052,1,466,878,235
274116306,44102,-0.0322,-0.0488,1.0234,0.2441,-0.1221,-0.2441,1,466,878,235
274121308,44103,-0.0312,-0.0479,1.0244,0.2441,-0.0610,-0.3052,1,466,884,235
274126307,44104,-0.0312,-0.0479,1.0244,0.2441,-0.1831,-0.3052,1,466,902,235
274131303,44105,-0.0322,-0.0483,1.0220,0.1831,-0.0610,-0.2441,1,466,905,235
274136304,44106,-0.0327,-0.0483,1.0200,0.1221,-0.0610,-0.1221,1,466,882,235
274141302,44107,-0.0322,-0.0483,1.0210,0.2441,0.0000,-0.2441,1,483,872,235
274146308,44108,-0.0312,-0.0488,1.0215,0.1831,0.0000,-0.4272,1,511,825,235
274151308,44109,-0.0298,-0.0503,1.0225,0.1221,0.1221,-0.2441,1,484,803,235
274156305,44110,-0.0288,-0.0498,1.0239,0.1831,0.0610,-0.1831,1,493,881,235
274161306,44111,-0.0298,-0.0479,1.0239,0.1831,0.1221,-0.2441,1,474,853,235
274166309,44112,-0.0308,-0.0479,1.0234,0.1831,0.1831,-0.2441,1,479,839,235
274171305,44113,-0.0317,-0.0488,1.0239,0.3662,0.1221,-0.1831,1,486,850,235
274176304,44114,-0.0317,-0.0488,1.0244,0.1221,0.1221,-0.3052,1,479,835,235
274181307,44115,-0.0312,-0.0483,1.0239,0.0610,0.1831,-0.1831,1,506,824,235
274186303,44116,-0.0317,-0.0479,1.0234,0.1831,0.2441,-0.2441,1,510,861,235
274191308,44117,-0.0308,-0.0479,1.0225,0.0000,0.2441,-0.2441,1,493,856,235
274196304,44118,-0.0308,-0.0483,1.0220,0.0610,0.2441,-0.2441,1,466,831,235
274201310,44119,-0.0308,-0.0498,1.0220,0.0610,0.1831,-0.3052,1,466,878,235
274206303,44120,-0.0312,-0.0493,1.0220,0.1221,0.3052,-0.3662,1,466,872,235
274211301,44121,-0.0322,-0.0474,1.0200,0.1221,0.1221,-0.3052,1,466,899,235
274216306,44122,-0.0342,-0.0479,1.0200,0.0610,0.1221,-0.2441,1,466,866,235
274221303,44123,-0.0337,-0.0498,1.0220,0.3052,0.1221,-0.3052,1,466,871,235
274226307,44124,-0.0317,-0.0503,1.0239,0.3662,0.2441,-0.3662,1,465,869,235
274231316,44125,-0.0303,-0.0479,1.0254,0.2441,0.1831,-0.3052,1,465,883,235
274236319,44126,-0.0303,-0.0464,1.0259,0.2441,0.2441,-0.1831,1,466,873,235
274241307,44127,-0.0312,-0.0459,1.0239,0.1831,0.2441,-0.1831,1,483,877,235
274246304,44128,-0.0327,-0.0464,1.0215,0.1831,0.2441,-0.3662,1,492,909,235
274251308,44129,-0.0332,-0.0474,1.0215,0.1221,0.2441,-0.1831,1,509,870,235
274256306,44130,-0.0312,-0.0469,1.0239,0.0000,0.2441,-0.2441,1,470,792,235
274261309,44131,-0.0293,-0.0464,1.0254,0.1221,0.4883,-0.2441,1,505,828,235
274266302,44132,-0.0303,-0.0469,1.0244,0.0610,0.4272,-0.1831,1,489,797,235
274271304,44133,-0.0308,-0.0479,1.0234,-0.0610,0.3662,-0.2441,1,481,827,235
274276303,44134,-0.0312,-0.0493,1.0229,-0.1221,0.3052,-0.2441,1,484,830,235
274281309,44135,-0.0317,-0.0503,1.0210,0.1221,0.3052,-0.2441,1,488,855,235
274286303,44136,-0.0332,-0.0493,1.0186,-0.0610,0.3052,-0.2441,1,511,822,235
274291306,44137,-0.0337,-0.0483,1.0176,-0.0610,0.2441,-0.3052,1,465,875,235
274296307,44138,-0.0322,-0.0479,1.0200,0.0610,0.1831,-0.1831,1,466,873,235
274301302,44139,-0.0303,-0.0479,1.0234,0.1221,0.0610,-0.1221,1,466,877,235
274306306,44140,-0.0303,-0.0479,1.0244,0.1831,0.1221,-0.1831,1,465,867,235
274311308,44141,-0.0317,-0.0474,1.0234,0.0000,0.1221,-0.1831,1,466,876,235
274316309,44142,-0.0327,-0.0483,1.0225,0.0610,0.0610,-0.2441,1,466,834,235
274321304,44143,-0.0312,-0.0488,1.0220,0.1221,0.0610,-0.1221,1,466,878,235
274326308,44144,-0.0303,-0.0488,1.0220,-0.0610,0.2441,-0.2441,1,466,897,235
274331307,44145,-0.0303,-0.0488,1.0215,-0.1221,0.3052,-0.1831,1,466,878,235
274336303,44146,-0.0308,-0.0488,1.0225,0.0000,0.0610,-0.1831,1,466,870,235
274341305,44147,-0.0312,-0.0483,1.0229,0.0000,0.0000,-0.2441,1,484,817,235
274346301,44148,-0.0317,-0.0479,1.0229,-0.0610,0.0610,-0.3052,1,484,814,235
274351303,44149,-0.0327,-0.0479,1.0225,0.1221,0.1831,-0.1831,1,512,805,235
274356308,44150,-0.0327,-0.0479,1.0215,0.1221,0.0610,-0.1831,1,487,792,235
274361306,44151,-0.0317,-0.0474,1.0210,0.0610,0.1221,-0.1831,1,510,843,235
274366304,44152,-0.0312,-0.0464,1.0210,0.1221,0.1831,-0.1221,1,496,796,235
274371307,44153,-0.0317,-0.0454,1.0220,0.1221,0.1221,-0.2441,1,482,886,235
274376302,44154,-0.0317,-0.0464,1.0239,0.0000,0.0610,-0.2441,1,484,829,235
274381307,44155,-0.0312,-0.0469,1.0259,-0.0610,0.0610,-0.1831,1,492,786,235
274386306,44156,-0.0303,-0.0469,1.0264,-0.1221,0.1831,-0.1831,1,493,850,235
274391305,44157,-0.0303,-0.0469,1.0259,-0.1221,0.1221,-0.1831,1,466,871,235
274396310,44158,-0.0322,-0.0488,1.0254,-0.0610,0.1221,-0.1221,1,466,867,235
274401309,44159,-0.0337,-0.0503,1.0249,0.0610,0.1831,-0.1221,1,466,872,235
274406302,44160,-0.0337,-0.0498,1.0234,0.0610,0.1831,-0.1831,1,466,872,235
274411305,44161,-0.0327,-0.0488,1.0205,-0.1831,0.3662,-0.2441,1,466,883,235
274416307,44162,-0.0317,-0.0488,1.0186,0.0610,0.3052,-0.2441,1,466,886,235
274421308,44163,-0.0317,-0.0488,1.0200,0.0000,0.1831,-0.3052,1,466,875,235
274426302,44164,-0.0317,-0.0493,1.0225,-0.1221,0.2441,-0.3052,1,466,831,235
274431305,44165,-0.0312,-0.0503,1.0234,0.0610,0.2441,-0.1831,1,466,876,235
274436301,44166,-0.0312,-0.0493,1.0234,0.0000,0.3052,-0.2441,1,484,903,235
274441306,44167,-0.0312,-0.0488,1.0225,0.0000,0.2441,-0.1221,1,484,857,235
274446308,44168,-0.0317,-0.0493,1.0210,0.0610,0.3052,-0.1831,1,484,787,235
274451306,44169,-0.0312,-0.0493,1.0215,-0.0610,0.3052,-0.2441,1,493,873,235
274456304,44170,-0.0308,-0.0483,1.0220,0.0610,0.2441,-0.3052,1,498,811,235
274461304,44171,-0.0312,-0.0469,1.0215,0.0610,0.2441,-0.1831,1,484,833,235
274466301,44172,-0.0322,-0.0464,1.0210,0.0000,0.1221,-0.0610,1,491,870,235
274471308,44173,-0.0327,-0.0488,1.0210,-0.0610,0.1221,-0.1831,1,501,777,235
274476310,44174,-0.0322,-0.0508,1.0220,-0.1221,0.1221,-0.1831,1,474,828,235
274481309,44175,-0.0312,-0.0498,1.0220,0.0000,-0.0610,-0.2441,1,494,825,235
274486302,44176,-0.0317,-0.0493,1.0210,0.0000,0.0610,-0.1831,1,493,828,235
274491307,44177,-0.0322,-0.0493,1.0205,0.0610,0.3052,-0.2441,1,466,831,235
274496303,44178,-0.0317,-0.0488,1.0205,0.0000,0.1831,-0.3662,1,466,877,235
274501303,44179,-0.0303,-0.0488,1.0215,0.0000,0.0000,-0.2441,1,466,837,235
274506310,44180,-0.0298,-0.0488,1.0229,0.0610,0.0610,-0.1831,1,466,785,235
274511308,44181,-0.0308,-0.0488,1.0234,0.0610,0.1831,-0.1831,1,466,877,235
274516306,44182,-0.0312,-0.0493,1.0229,0.0610,0.3052,-0.1221,1,466,881,235
274521301,44183,-0.0317,-0.0483,1.0225,0.0000,0.2441,-0.3052,1,466,897,235
274526306,44184,-0.0317,-0.0474,1.0225,-0.0610,0.2441,-0.1831,1,466,833,235
274531305,44185,-0.0317,-0.0474,1.0229,0.0610,0.3052,-0.1221,1,466,878,235
274536302,44186,-0.0308,-0.0474,1.0234,0.0610,0.3662,-0.2441,1,484,870,235
274541302,44187,-0.0303,-0.0464,1.0239,0.1221,0.4272,-0.1831,1,492,866,235
274546305,44188,-0.0308,-0.0464,1.0229,0.0000,0.4272,-0.2441,1,496,816,235
274551305,44189,-0.0317,-0.0474,1.0215,-0.0610,0.4272,-0.2441,1,472,801,235
274556302,44190,-0.0332,-0.0493,1.0205,-0.0610,0.4883,-0.1831,1,484,848,235
274561309,44191,-0.0327,-0.0503,1.0200,0.0000,0.3662,-0.1831,1,494,849,235
274566303,44192,-0.0322,-0.0503,1.0210,0.0610,0.3052,-0.1831,1,496,785,235
274571309,44193,-0.0322,-0.0498,1.0215,0.0610,0.3052,-0.1221,1,489,823,235
274576308,44194,-0.0327,-0.0483,1.0225,-0.0610,0.3052,-0.1831,1,502,825,235
274581304,44195,-0.0327,-0.0464,1.0229,0.0000,0.3052,-0.1831,1,493,829,235
274586301,44196,-0.0317,-0.0469,1.0234,0.0610,0.4272,-0.1221,1,466,832,235
274591307,44197,-0.0308,-0.0488,1.0239,0.0610,0.4883,-0.1831,1,466,874,235
274596305,44198,-0.0298,-0.0503,1.0220,0.0610,0.5493,-0.2441,1,466,877,235
274601307,44199,-0.0308,-0.0483,1.0200,0.0000,0.2441,-0.1831,1,466,875,235
274606304,44200,-0.0317,-0.0469,1.0205,0.0610,0.4272,-0.2441,1,466,833,235
274611308,44201,-0.0327,-0.0474,1.0225,0.0000,0.4883,-0.1221,1,466,877,235
274616308,44202,-0.0327,-0.0488,1.0229,0.0000,0.2441,-0.1221,1,466,828,235
274621315,44203,-0.0312,-0.0474,1.0234,-0.0610,0.3052,-0.0610,1,465,836,235
274626330,44204,-0.0298,-0.0459,1.0234,-0.1221,0.4272,-0.0610,1,466,897,235
274631302,44205,-0.0298,-0.0479,1.0229,-0.1831,0.4883,-0.1831,1,483,874,235
274636306,44206,-0.0308,-0.0493,1.0234,-0.0610,0.3662,-0.2441,1,492,869,235
274641309,44207,-0.0312,-0.0474,1.0239,-0.1221,0.3662,-0.1831,1,469,831,235
274646308,44208,-0.0312,-0.0459,1.0225,-0.0610,0.3662,-0.1221,1,493,887,235
274651307,44209,-0.0312,-0.0464,1.0225,-0.1221,0.2441,-0.0610,1,477,868,235
274656309,44210,-0.0312,-0.0469,1.0234,-0.1221,0.3052,-0.0610,1,487,859,235
274661303,44211,-0.0317,-0.0479,1.0234,-0.2441,0.3052,-0.2441,1,493,863,235
274666307,44212,-0.0322,-0.0483,1.0220,-0.1221,0.3052,-0.2441,1,486,832,235
274671307,44213,-0.0317,-0.0479,1.0205,0.0000,0.4272,-0.1831,1,490,829,235
274676303,44214,-0.0327,-0.0469,1.0215,-0.0610,0.4272,-0.3052,1,492,786,235
274681310,44215,-0.0332,-0.0483,1.0220,-0.1221,0.3662,-0.2441,1,466,869,235
274686309,44216,-0.0332,-0.0479,1.0210,0.0000,0.2441,-0.1831,1,466,881,235
274691307,44217,-0.0317,-0.0474,1.0200,-0.0610,0.2441,-0.2441,1,466,834,235
274696304,44218,-0.0308,-0.0479,1.0190,-0.0610,0.2441,-0.1221,1,465,879,235
274701301,44219,-0.0317,-0.0479,1.0190,-0.2441,0.3662,-0.1831,1,465,870,235
274706301,44220,-0.0322,-0.0483,1.0195,-0.1221,0.2441,-0.2441,1,466,884,235
274711302,44221,-0.0308,-0.0498,1.0210,-0.1221,0.0610,-0.1221,1,466,885,235
274716304,44222,-0.0298,-0.0493,1.0225,-0.1221,0.2441,-0.1831,1,466,867,235
274721303,44223,-0.0303,-0.0474,1.0220,-0.2441,0.3662,-0.2441,1,466,879,235
274726302,44224,-0.0322,-0.0464,1.0205,-0.1831,0.3662,-0.1831,1,483,879,235
274731301,44225,-0.0337,-0.0493,1.0205,-0.1221,0.1831,-0.1221,1,510,883,235
274736303,44226,-0.0322,-0.0498,1.0229,-0.1221,0.1831,-0.1221,1,484,816,235
274741302,44227,-0.0308,-0.0483,1.0249,-0.1221,0.3052,-0.0610,1,493,892,235
274746305,44228,-0.0312,-0.0488,1.0254,-0.2441,0.1831,-0.1221,1,484,840,235
274751302,44229,-0.0322,-0.0488,1.0239,-0.1831,0.2441,-0.0610,1,488,872,235
274756309,44230,-0.0327,-0.0483,1.0210,-0.1221,0.3052,-0.1221,1,478,836,235
274761307,44231,-0.0332,-0.0493,1.0200,-0.0610,0.1831,-0.2441,1,501,843,235
274766304,44232,-0.0317,-0.0508,1.0220,-0.1831,0.1221,-0.1831,1,491,834,235
274771302,44233,-0.0298,-0.0508,1.0254,-0.2441,0.2441,-0.1221,1,500,828,235
274776302,44234,-0.0303,-0.0488,1.0254,-0.3052,0.4272,-0.1831,1,466,844,235
274781307,44235,-0.0317,-0.0479,1.0225,-0.2441,0.3662,-0.1831,1,466,874,235
274786307,44236,-0.0322,-0.0483,1.0215,-0.1831,0.3662,-0.1831,1,466,882,235
274791301,44237,-0.0322,-0.0493,1.0215,-0.2441,0.4272,-0.2441,1,466,886,235
274796304,44238,-0.0322,-0.0503,1.0205,-0.1831,0.3662,-0.1831,1,466,885,235
274801306,44239,-0.0322,-0.0513,1.0205,-0.0610,0.3662,-0.2441,1,466,882,235
274806305,44240,-0.0327,-0.0513,1.0205,-0.0610,0.2441,-0.1831,1,466,882,235
274811309,44241,-0.0317,-0.0498,1.0215,-0.1221,0.3052,-0.1831,1,466,882,235
274816322,44242,-0.0308,-0.0488,1.0210,-0.1221,0.2441,-0.1831,1,466,876,235
274821331,44243,-0.0322,-0.0493,1.0181,-0.0610,0.2441,-0.2441,1,466,873,235
274826309,44244,-0.0347,-0.0493,1.0166,0.0000,0.1831,-0.1221,1,483,880,235
274831302,44245,-0.0352,-0.0483,1.0190,0.0610,0.1831,-0.3052,1,492,821,235
274836306,44246,-0.0332,-0.0479,1.0225,0.0610,0.1221,-0.2441,1,471,886,235
274841305,44247,-0.0317,-0.0474,1.0244,0.0610,0.0610,-0.1221,1,503,788,235
274846301,44248,-0.0322,-0.0474,1.0239,-0.0610,0.2441,-0.1831,1,491,842,235
274851306,44249,-0.0337,-0.0483,1.0220,-0.1831,0.2441,-0.2441,1,504,851,235
274856303,44250,-0.0327,-0.0498,1.0225,-0.0610,0.2441,-0.1831,1,488,863,235
274861309,44251,-0.0303,-0.0498,1.0244,-0.0610,0.1831,-0.1221,1,477,835,235
274866304,44252,-0.0303,-0.0483,1.0239,-0.0610,0.1221,-0.1831,1,492,828,235
274871301,44253,-0.0317,-0.0479,1.0220,-0.1831,0.3052,-0.1831,1,493,845,235
274876305,44254,-0.0327,-0.0498,1.0210,-0.1831,0.5493,-0.3052,1,466,877,235
274881303,44255,-0.0317,-0.0503,1.0234,-0.1221,0.4272,-0.2441,1,466,879,235
274886309,44256,-0.0298,-0.0488,1.0254,-0.1221,0.4272,-0.2441,1,466,880,235
274891304,44257,-0.0288,-0.0488,1.0244,-0.1221,0.6104,-0.3052,1,466,878,235
274896309,44258,-0.0293,-0.0498,1.0225,-0.1831,0.6104,-0.2441,1,465,875,235
274901305,44259,-0.0298,-0.0493,1.0215,-0.1221,0.5493,-0.1831,1,466,879,235
274906301,44260,-0.0317,-0.0488,1.0215,-0.1221,0.5493,-0.2441,1,466,880,235
274911308,44261,-0.0337,-0.0488,1.0220,-0.1221,0.5493,-0.2441,1,466,882,235
274916308,44262,-0.0342,-0.0493,1.0215,-0.0610,0.5493,-0.1221,1,465,880,235
274921307,44263,-0.0337,-0.0503,1.0195,-0.1831,0.4883,-0.1221,1,483,874,235
274926304,44264,-0.0332,-0.0503,1.0186,-0.1831,0.4272,-0.1221,1,492,863,235
274931306,44265,-0.0327,-0.0493,1.0200,0.0610,0.3052,-0.1221,1,500,818,235
274936306,44266,-0.0322,-0.0488,1.0215,-0.0610,0.3662,-0.1831,1,493,785,235
274941309,44267,-0.0342,-0.0488,1.0205,-0.1221,0.3662,-0.2441,1,480,858,235
274946305,44268,-0.0356,-0.0498,1.0190,-0.1831,0.2441,-0.1831,1,508,839,235
274951308,44269,-0.0352,-0.0503,1.0195,-0.2441,0.1831,-0.1831,1,498,838,235
274956302,44270,-0.0337,-0.0503,1.0215,-0.1221,0.0000,-0.1831,1,502,834,235
274961305,44271,-0.0317,-0.0493,1.0225,-0.0610,0.0610,-0.2441,1,506,779,235
274966309,44272,-0.0303,-0.0474,1.0234,-0.1221,0.1831,-0.3052,1,493,830,235
274971307,44273,-0.0308,-0.0469,1.0244,-0.0610,0.2441,-0.1221,1,493,843,235
274976307,44274,-0.0322,-0.0493,1.0234,-0.1831,0.1831,-0.1831,1,466,869,235
274981304,44275,-0.0322,-0.0518,1.0220,-0.1831,0.2441,-0.1221,1,466,888,235
274986309,44276,-0.0322,-0.0508,1.0225,0.0000,0.2441,-0.1221,1,466,878,235
274991302,44277,-0.0332,-0.0493,1.0229,-0.1221,0.3052,-0.3052,1,466,828,235
274996302,44278,-0.0332,-0.0493,1.0234,-0.0610,0.3052,-0.3052,1,466,873,235
275001301,44279,-0.0322,-0.0498,1.0234,-0.0610,0.3052,-0.1221,1,466,874,235
275006301,44280,-0.0327,-0.0508,1.0229,-0.0610,0.3662,-0.0610,1,466,875,235
275011308,44281,-0.0327,-0.0508,1.0220,-0.0610,0.2441,-0.1831,1,466,877,235
275016332,44282,-0.0322,-0.0503,1.0210,0.0610,0.1221,-0.2441,1,466,877,235
275021303,44283,-0.0312,-0.0503,1.0205,-0.0610,0.3052,-0.2441,1,484,869,235
275026308,44284,-0.0308,-0.0498,1.0215,0.0000,0.4272,-0.1831,1,484,885,235
275031305,44285,-0.0317,-0.0503,1.0225,0.1831,0.4883,-0.2441,1,493,746,235
275036301,44286,-0.0327,-0.0503,1.0234,0.0610,0.4272,-0.2441,1,479,800,235
275041308,44287,-0.0337,-0.0493,1.0225,0.0000,0.3662,-0.2441,1,489,840,235
275046310,44288,-0.0356,-0.0493,1.0195,0.0000,0.4272,-0.3052,1,491,809,235
275051307,44289,-0.0361,-0.0503,1.0176,0.0000,0.1831,-0.1831,1,498,786,235
275056308,44290,-0.0342,-0.0508,1.0186,0.1221,0.1221,-0.2441,1,482,785,235
275061301,44291,-0.0322,-0.0498,1.0205,0.2441,0.1831,-0.1831,1,502,820,235
275066304,44292,-0.0312,-0.0493,1.0215,0.1831,0.1831,-0.1221,1,466,884,235
275071307,44293,-0.0317,-0.0483,1.0229,0.2441,0.3052,-0.1221,1,466,903,235
275076304,44294,-0.0317,-0.0498,1.0234,0.0610,0.2441,-0.2441,1,466,879,235
275081307,44295,-0.0317,-0.0518,1.0234,0.0610,0.3052,-0.1831,1,466,886,235
275086301,44296,-0.0312,-0.0513,1.0234,0.1831,0.2441,-0.2441,1,466,877,235
275091307,44297,-0.0298,-0.0488,1.0244,-0.0610,0.3662,-0.1221,1,466,909,235
275096301,44298,-0.0293,-0.0469,1.0239,0.0610,0.4272,-0.1221,1,466,877,235
275101303,44299,-0.0312,-0.0483,1.0229,0.0000,0.5493,-0.2441,1,466,873,235
275106303,44300,-0.0327,-0.0503,1.0225,0.0000,0.4883,-0.2441,1,466,865,235
275111315,44301,-0.0332,-0.0488,1.0215,0.0000,0.4883,-0.2441,1,466,830,235
275116302,44302,-0.0327,-0.0479,1.0210,0.0610,0.4272,-0.0610,1,484,823,235
275121310,44303,-0.0327,-0.0493,1.0205,0.0610,0.4272,-0.1221,1,495,861,235
275126305,44304,-0.0332,-0.0503,1.0195,0.0610,0.4883,-0.2441,1,482,829,235
275131301,44305,-0.0347,-0.0488,1.0186,-0.0610,0.3662,-0.1831,1,467,790,235
275136304,44306,-0.0347,-0.0469,1.0190,-0.0610,0.2441,-0.2441,1,479,839,235
275141302,44307,-0.0342,-0.0469,1.0205,-0.0610,0.4272,-0.2441,1,482,845,235
275146301,44308,-0.0327,-0.0479,1.0215,0.0000,0.3052,-0.1831,1,492,849,235
275151309,44309,-0.0317,-0.0483,1.0225,0.0000,0.3052,-0.1831,1,479,781,235
275156304,44310,-0.0327,-0.0483,1.0220,-0.0610,0.3052,-0.2441,1,502,785,235
275161304,44311,-0.0337,-0.0479,1.0215,-0.0610,0.2441,-0.2441,1,493,848,235
275166307,44312,-0.0347,-0.0483,1.0210,-0.1221,0.1831,-0.3052,1,466,876,235
275171305,44313,-0.0347,-0.0498,1.0200,0.0000,0.1221,-0.1831,1,465,871,235
275176309,44314,-0.0337,-0.0498,1.0200,0.0610,0.1221,-0.1221,1,466,831,235
275181306,44315,-0.0327,-0.0483,1.0215,0.0000,0.1831,-0.1831,1,466,869,235
275186301,44316,-0.0312,-0.0488,1.0229,0.0610,0.0610,-0.2441,1,466,837,235
275191306,44317,-0.0312,-0.0503,1.0239,0.0610,0.1831,-0.1831,1,466,904,235
275196308,44318,-0.0312,-0.0503,1.0234,0.0610,0.3052,-0.1831,1,466,905,235
275201313,44319,-0.0308,-0.0493,1.0244,0.0610,0.0610,-0.1221,1,466,898,235
275206302,44320,-0.0308,-0.0488,1.0249,-0.0610,0.1831,-0.1831,1,466,872,235
275211308,44321,-0.0312,-0.0493,1.0249,-0.0610,0.4272,-0.1831,1,484,879,235
275216307,44322,-0.0317,-0.0493,1.0234,-0.0610,0.3662,-0.0610,1,465,907,235
275221301,44323,-0.0327,-0.0493,1.0225,-0.0610,0.4272,-0.1221,1,465,829,235
275226301,44324,-0.0337,-0.0488,1.0225,0.0000,0.3662,-0.2441,1,493,903,235
275231309,44325,-0.0337,-0.0493,1.0210,0.0610,0.4272,-0.1831,1,496,806,235
275236302,44326,-0.0337,-0.0503,1.0195,-0.0610,0.4272,-0.1831,1,498,838,235
275241307,44327,-0.0332,-0.0508,1.0190,-0.0610,0.3052,-0.3052,1,490,830,235
275246304,44328,-0.0327,-0.0508,1.0195,-0.0610,0.2441,-0.2441,1,492,820,235
275251309,44329,-0.0327,-0.0503,1.0205,-0.0610,0.2441,-0.1221,1,497,831,235
275256309,44330,-0.0332,-0.0498,1.0210,0.0000,0.2441,-0.1831,1,505,826,235
275261309,44331,-0.0337,-0.0503,1.0210,0.1221,0.1831,-0.2441,1,466,807,235
275266301,44332,-0.0327,-0.0513,1.0215,0.1831,0.3052,-0.2441,1,466,871,235
275271306,44333,-0.0312,-0.0518,1.0210,0.0610,0.3662,-0.3662,1,466,878,235
275276306,44334,-0.0322,-0.0513,1.0195,0.0610,0.3052,-0.3662,1,466,900,235
275281308,44335,-0.0332,-0.0498,1.0186,0.0610,0.2441,-0.1831,1,466,876,235
275286309,44336,-0.0327,-0.0483,1.0195,-0.1221,0.3052,-0.1221,1,466,882,235
275291309,44337,-0.0317,-0.0474,1.0215,0.0000,0.4883,-0.1831,1,466,874,235
275296303,44338,-0.0322,-0.0479,1.0225,0.0000,0.3052,-0.1221,1,466,832,235
275301317,44339,-0.0332,-0.0498,1.0220,0.0610,0.3662,-0.1831,1,466,824,235
275306307,44340,-0.0337,-0.0503,1.0210,0.0000,0.4272,-0.2441,1,466,882,235
275311307,44341,-0.0342,-0.0493,1.0205,0.0610,0.3662,-0.2441,1,484,817,235
275316301,44342,-0.0347,-0.0488,1.0210,0.0610,0.1221,-0.2441,1,465,878,235
275321307,44343,-0.0347,-0.0488,1.0215,0.0610,0.1221,-0.1221,1,465,886,235
275326308,44344,-0.0332,-0.0488,1.0229,0.1221,0.1221,-0.1831,1,493,782,235
275331304,44345,-0.0327,-0.0493,1.0234,0.0610,0.1831,-0.1831,1,498,847,235
275336305,44346,-0.0332,-0.0488,1.0225,0.0000,0.2441,-0.1221,1,483,853,235
275341306,44347,-0.0347,-0.0493,1.0200,0.0000,0.2441,-0.0610,1,488,811,235
275346301,44348,-0.0347,-0.0513,1.0200,0.0610,0.0610,-0.1831,1,492,784,235
275351307,44349,-0.0327,-0.0518,1.0210,0.1221,0.1221,-0.1221,1,496,823,235
275356301,44350,-0.0312,-0.0503,1.0210,0.1831,0.0000,-0.1221,1,480,820,235
275361309,44351,-0.0317,-0.0493,1.0195,0.1221,0.0610,-0.1831,1,466,821,235
275366305,44352,-0.0337,-0.0498,1.0181,0.0000,-0.0610,-0.2441,1,466,877,235
275371309,44353,-0.0352,-0.0508,1.0186,0.1221,-0.1221,-0.3052,1,466,830,235
275376308,44354,-0.0352,-0.0513,1.0210,0.2441,-0.1221,-0.1831,1,466,863,235
275381301,44355,-0.0342,-0.0503,1.0225,0.2441,-0.1831,-0.1831,1,466,875,235
275386309,44356,-0.0332,-0.0498,1.0229,0.1831,-0.1221,-0.1831,1,466,879,235
275391302,44357,-0.0327,-0.0498,1.0229,0.2441,-0.1831,-0.3052,1,466,883,235
275396302,44358,-0.0317,-0.0498,1.0229,0.2441,-0.1831,-0.1831,1,465,884,235
275401301,44359,-0.0312,-0.0488,1.0229,0.3662,-0.0610,-0.2441,1,466,889,235
275406308,44360,-0.0312,-0.0479,1.0239,0.2441,0.0000,-0.3052,1,466,909,235
275411330,44361,-0.0317,-0.0483,1.0234,0.1831,0.0610,-0.4272,1,484,855,235
275416301,44362,-0.0322,-0.0474,1.0234,0.3052,0.0000,-0.3052,1,465,882,235
275421305,44363,-0.0317,-0.0469,1.0239,0.3052,0.0000,-0.1831,1,484,737,235
275426304,44364,-0.0322,-0.0474,1.0244,0.2441,0.0610,-0.2441,1,493,752,235
275431309,44365,-0.0327,-0.0483,1.0234,0.1221,-0.0610,-0.2441,1,484,864,235
275436301,44366,-0.0327,-0.0483,1.0229,0.1221,0.1221,-0.1831,1,487,860,235
275441302,44367,-0.0332,-0.0479,1.0239,0.1221,0.0610,-0.1221,1,499,848,235
275446307,44368,-0.0332,-0.0469,1.0249,0.0610,0.1221,-0.1221,1,504,846,235
275451310,44369,-0.0332,-0.0479,1.0244,0.0610,0.2441,-0.2441,1,480,823,235
275456304,44370,-0.0327,-0.0488,1.0234,0.1221,-0.0610,-0.1831,1,504,834,235
275461309,44371,-0.0312,-0.0493,1.0229,0.0610,0.0000,-0.1831,1,493,850,235
275466305,44372,-0.0312,-0.0488,1.0225,-0.1221,0.1221,-0.1831,1,466,860,235
275471303,44373,-0.0317,-0.0488,1.0220,-0.0610,0.1831,-0.2441,1,466,898,235
275476303,44374,-0.0327,-0.0508,1.0205,0.0610,0.0000,-0.1831,1,466,883,235
275481309,44375,-0.0342,-0.0508,1.0200,0.0610,0.0000,0.0000,1,466,830,235
275486307,44376,-0.0352,-0.0503,1.0205,0.1221,0.0000,-0.1221,1,465,779,235
275491310,44377,-0.0352,-0.0503,1.0200,0.0610,0.0000,-0.3052,1,466,820,235
275496302,44378,-0.0347,-0.0498,1.0195,0.2441,-0.0610,-0.1831,1,466,819,235
275501309,44379,-0.0332,-0.0498,1.0210,0.0610,-0.1831,-0.1221,1,466,882,235
275506302,44380,-0.0308,-0.0503,1.0225,-0.0610,-0.0610,-0.1831,1,466,876,235
275511310,44381,-0.0293,-0.0498,1.0229,0.2441,0.0000,-0.2441,1,483,871,235
275516304,44382,-0.0298,-0.0488,1.0229,0.1831,0.0000,-0.1831,1,466,826,235
275521301,44383,-0.0317,-0.0493,1.0229,0.0000,0.0610,-0.2441,1,492,778,235
275526305,44384,-0.0327,-0.0498,1.0234,0.1831,-0.1221,-0.3052,1,473,750,235
275531306,44385,-0.0322,-0.0498,1.0234,0.2441,-0.1831,-0.1831,1,500,792,235
275536310,44386,-0.0308,-0.0503,1.0239,0.1221,-0.0610,-0.2441,1,504,802,235
275541307,44387,-0.0298,-0.0498,1.0234,0.1831,0.0610,-0.2441,1,503,840,235
275546303,44388,-0.0312,-0.0493,1.0234,0.1831,0.0000,-0.2441,1,488,834,235
275551301,44389,-0.0322,-0.0488,1.0239,0.1221,0.0000,-0.1831,1,498,816,235
275556302,44390,-0.0312,-0.0493,1.0239,0.1831,-0.0610,-0.1221,1,496,787,235
275561302,44391,-0.0303,-0.0488,1.0234,0.2441,0.0610,-0.1831,1,483,857,235
275566307,44392,-0.0308,-0.0479,1.0229,0.1221,0.1831,-0.1221,1,493,850,235
275571306,44393,-0.0317,-0.0474,1.0234,0.0610,0.0610,-0.2441,1,466,871,235
275576309,44394,-0.0327,-0.0479,1.0239,0.1831,0.1221,-0.2441,1,466,876,235
275581302,44395,-0.0322,-0.0474,1.0239,0.0000,0.1831,-0.3052,1,465,882,235
275586308,44396,-0.0317,-0.0479,1.0225,-0.1221,0.1831,-0.2441,1,465,833,235
275591302,44397,-0.0322,-0.0488,1.0200,-0.0610,0.3662,-0.2441,1,466,878,235
275596303,44398,-0.0332,-0.0493,1.0190,0.0000,0.3662,-0.2441,1,466,880,235
275601306,44399,-0.0332,-0.0498,1.0195,0.0610,0.2441,-0.2441,1,466,838,235
275606309,44400,-0.0342,-0.0508,1.0210,0.0000,0.1221,-0.1831,1,465,884,235
275611306,44401,-0.0337,-0.0503,1.0225,0.0610,0.0610,-0.1221,1,466,823,235
275616324,44402,-0.0308,-0.0479,1.0229,-0.1221,0.1831,-0.1831,1,483,866,235
275621306,44403,-0.0293,-0.0483,1.0229,0.0000,0.0610,-0.2441,1,466,874,235
275626301,44404,-0.0308,-0.0488,1.0229,0.0610,0.0610,-0.2441,1,484,832,235
275631309,44405,-0.0332,-0.0498,1.0215,-0.0610,0.1221,-0.1221,1,494,890,235
275636309,44406,-0.0337,-0.0508,1.0210,0.0610,0.0610,-0.1831,1,479,786,235
275641307,44407,-0.0322,-0.0483,1.0225,0.0000,0.0610,-0.2441,1,506,848,235
275646307,44408,-0.0312,-0.0459,1.0249,0.0000,0.0610,-0.1831,1,493,787,235
275651304,44409,-0.0308,-0.0469,1.0244,-0.0610,0.1221,-0.2441,1,496,837,235
275656307,44410,-0.0312,-0.0474,1.0220,-0.0610,0.1831,-0.2441,1,480,823,235
275661309,44411,-0.0317,-0.0483,1.0200,-0.0610,0.1831,-0.2441,1,503,856,235
275666302,44412,-0.0327,-0.0488,1.0195,-0.0610,0.0000,-0.1831,1,493,850,235
275671305,44413,-0.0327,-0.0488,1.0220,-0.0610,0.0000,-0.1831,1,466,836,235
275676302,44414,-0.0317,-0.0483,1.0244,0.0000,0.1221,-0.3052,1,466,832,235
275681309,44415,-0.0312,-0.0503,1.0239,-0.1831,0.1831,-0.2441,1,466,830,235
275686304,44416,-0.0317,-0.0522,1.0225,-0.1221,0.0610,-0.2441,1,466,906,235
275691302,44417,-0.0327,-0.0513,1.0220,0.0610,0.0610,-0.1221,1,466,878,235
275696308,44418,-0.0327,-0.0498,1.0210,0.1221,0.0610,-0.1831,1,466,871,235
275701309,44419,-0.0312,-0.0498,1.0210,0.1221,0.1221,-0.1831,1,465,876,235
275706309,44420,-0.0303,-0.0493,1.0210,0.1221,0.0610,-0.2441,1,466,899,235
275711306,44421,-0.0303,-0.0493,1.0210,0.0610,0.1831,-0.1831,1,466,871,235
275716308,44422,-0.0312,-0.0503,1.0220,0.0000,0.2441,-0.1831,1,466,875,235
275721308,44423,-0.0317,-0.0508,1.0225,-0.0610,0.2441,-0.2441,1,465,845,235
275726308,44424,-0.0303,-0.0493,1.0234,0.0000,0.2441,-0.1831,1,492,866,235
275731304,44425,-0.0298,-0.0479,1.0239,-0.0610,0.4272,-0.2441,1,465,749,235
275736303,44426,-0.0303,-0.0488,1.0239,-0.1221,0.5493,-0.1831,1,500,904,235
275741309,44427,-0.0312,-0.0513,1.0249,-0.0610,0.4883,-0.2441,1,507,792,235
275746301,44428,-0.0327,-0.0513,1.0249,0.0000,0.3662,-0.1831,1,487,881,235
275751303,44429,-0.0337,-0.0503,1.0225,-0.1221,0.4883,-0.1221,1,494,811,235
275756306,44430,-0.0337,-0.0493,1.0210,-0.1221,0.4883,-0.0610,1,500,819,235
275761302,44431,-0.0332,-0.0483,1.0220,-0.0610,0.4272,-0.2441,1,492,823,235
275766308,44432,-0.0317,-0.0483,1.0244,0.0000,0.4272,-0.2441,1,483,833,235
275771301,44433,-0.0308,-0.0483,1.0254,-0.0610,0.5493,-0.2441,1,493,810,235
275776305,44434,-0.0317,-0.0488,1.0229,-0.1831,0.6104,-0.2441,1,466,877,235
275781305,44435,-0.0327,-0.0493,1.0200,-0.1831,0.4883,-0.0610,1,466,882,235
275786310,44436,-0.0337,-0.0488,1.0190,-0.1221,0.4272,-0.1221,1,466,878,235
275791304,44437,-0.0332,-0.0493,1.0195,-0.1221,0.4272,-0.1221,1,466,874,235
275796309,44438,-0.0322,-0.0508,1.0225,-0.0610,0.4272,-0.1831,1,466,879,235
275801304,44439,-0.0312,-0.0508,1.0239,0.0000,0.5493,-0.1221,1,466,875,235
275806302,44440,-0.0317,-0.0498,1.0234,-0.1221,0.5493,-0.1831,1,466,854,235
275811314,44441,-0.0332,-0.0483,1.0229,0.0000,0.4272,-0.2441,1,466,884,235
275816301,44442,-0.0322,-0.0479,1.0229,-0.1221,0.4883,-0.1831,1,466,839,235
275821304,44443,-0.0308,-0.0479,1.0229,-0.1831,0.5493,-0.2441,1,466,876,235
275826308,44444,-0.0312,-0.0493,1.0220,0.0000,0.6104,-0.1831,1,466,869,235
275831303,44445,-0.0327,-0.0508,1.0210,-0.0610,0.5493,-0.1221,1,465,766,235
275836305,44446,-0.0332,-0.0513,1.0205,-0.0610,0.4883,-0.1831,1,501,785,235
275841301,44447,-0.0322,-0.0498,1.0210,-0.1221,0.3662,-0.1221,1,502,791,235
275846303,44448,-0.0308,-0.0479,1.0215,-0.0610,0.4272,-0.1831,1,494,799,235
275851301,44449,-0.0303,-0.0479,1.0220,-0.1221,0.4272,-0.1221,1,498,827,235
275856303,44450,-0.0308,-0.0488,1.0234,-0.0610,0.3662,-0.1221,1,486,820,235
275861309,44451,-0.0317,-0.0488,1.0225,-0.0610,0.5493,-0.1831,1,504,826,235
275866303,44452,-0.0327,-0.0493,1.0205,-0.0610,0.4883,-0.1831,1,487,834,235
275871308,44453,-0.0332,-0.0498,1.0190,-0.1221,0.3662,-0.2441,1,466,877,235
275876301,44454,-0.0322,-0.0503,1.0190,-0.2441,0.3662,-0.1831,1,466,882,235
275881302,44455,-0.0312,-0.0508,1.0215,-0.1831,0.4883,-0.1221,1,465,883,235
275886306,44456,-0.0308,-0.0503,1.0234,-0.1221,0.4883,-0.1221,1,465,896,235
275891308,44457,-0.0312,-0.0498,1.0234,-0.1831,0.5493,-0.1831,1,466,867,235
275896309,44458,-0.0327,-0.0493,1.0225,-0.2441,0.5493,-0.1221,1,466,912,235
275901308,44459,-0.0337,-0.0498,1.0220,-0.1831,0.4883,-0.1221,1,466,881,235
275906304,44460,-0.0327,-0.0498,1.0215,-0.3052,0.6104,-0.0610,1,466,877,235
275911304,44461,-0.0312,-0.0493,1.0205,-0.3052,0.5493,0.0000,1,465,873,235
275916305,44462,-0.0322,-0.0483,1.0205,-0.1221,0.4883,-0.1831,1,466,857,235
275921301,44463,-0.0342,-0.0493,1.0205,-0.0610,0.5493,-0.1221,1,465,876,235
275926304,44464,-0.0352,-0.0513,1.0195,-0.0610,0.4272,-0.0610,1,494,864,235
275931309,44465,-0.0352,-0.0532,1.0200,0.0000,0.2441,-0.1221,1,467,886,235
275936306,44466,-0.0337,-0.0532,1.0220,0.0610,0.1831,-0.1221,1,503,812,235
275941303,44467,-0.0322,-0.0513,1.0244,0.1221,0.3662,-0.1221,1,493,816,235
275946308,44468,-0.0317,-0.0483,1.0249,0.0610,0.4883,-0.1831,1,481,846,235
275951303,44469,-0.0317,-0.0493,1.0244,0.0610,0.3662,-0.1831,1,487,835,235
275956304,44470,-0.0322,-0.0513,1.0225,0.0000,0.3662,-0.0610,1,496,836,235
275961308,44471,-0.0322,-0.0513,1.0215,0.1221,0.3662,-0.0610,1,509,783,235
275966306,44472,-0.0327,-0.0508,1.0215,0.0000,0.1831,-0.2441,1,492,844,235
275971309,44473,-0.0337,-0.0493,1.0215,-0.0610,0.2441,-0.1831,1,466,830,235
275976306,44474,-0.0332,-0.0483,1.0225,-0.0610,0.4272,-0.2441,1,465,879,235
275981306,44475,-0.0327,-0.0493,1.0229,0.0000,0.4272,-0.4272,1,466,883,235
275986309,44476,-0.0317,-0.0522,1.0220,-0.0610,0.3662,-0.1831,1,466,839,235
275991301,44477,-0.0322,-0.0518,1.0215,0.1221,0.4272,-0.1221,1,466,881,235
275996309,44478,-0.0327,-0.0493,1.0229,0.0000,0.2441,-0.1221,1,466,873,235
276001307,44479,-0.0337,-0.0493,1.0234,0.0000,0.3052,-0.0610,1,466,836,235
276006301,44480,-0.0327,-0.0498,1.0229,0.0610,0.2441,-0.1831,1,466,830,235
276011304,44481,-0.0317,-0.0513,1.0229,0.0610,0.3052,-0.2441,1,465,886,235
276016305,44482,-0.0308,-0.0513,1.0225,0.0610,0.3662,-0.1221,1,466,876,235
276021309,44483,-0.0312,-0.0493,1.0225,0.0610,0.3662,-0.1831,1,466,858,235
276026309,44484,-0.0322,-0.0488,1.0215,0.1221,0.3662,-0.1221,1,491,904,235
276031310,44485,-0.0327,-0.0508,1.0200,0.1221,0.3052,-0.1221,1,465,902,235
276036309,44486,-0.0322,-0.0522,1.0195,0.1221,0.3662,-0.2441,1,503,779,235
276041305,44487,-0.0332,-0.0513,1.0195,0.1831,0.3662,-0.1831,1,489,805,235
276046301,44488,-0.0337,-0.0513,1.0205,0.1831,0.3662,-0.3662,1,483,853,235
276051301,44489,-0.0322,-0.0503,1.0220,0.3052,0.4272,-0.4272,1,493,833,235
276056309,44490,-0.0312,-0.0508,1.0225,0.3052,0.3052,-0.2441,1,498,827,235
276061301,44491,-0.0317,-0.0518,1.0215,0.2441,0.2441,-0.3052,1,502,846,235
276066303,44492,-0.0327,-0.0498,1.0225,0.3052,0.1831,-0.1831,1,493,847,235
276071308,44493,-0.0332,-0.0483,1.0239,0.2441,0.4272,-0.1831,1,466,878,235
276076303,44494,-0.0327,-0.0479,1.0249,0.2441,0.4272,-0.2441,1,466,887,235
276081308,44495,-0.0317,-0.0474,1.0259,0.1831,0.2441,-0.2441,1,466,886,235
276086310,44496,-0.0317,-0.0479,1.0249,0.0000,0.3052,-0.2441,1,466,883,235
276091308,44497,-0.0332,-0.0493,1.0229,0.0610,0.3662,-0.2441,1,466,831,235
276096303,44498,-0.0327,-0.0498,1.0225,0.1221,0.4883,-0.3052,1,466,885,235
276101303,44499,-0.0322,-0.0493,1.0229,0.1221,0.4272,-0.1221,1,465,874,235
276106305,44500,-0.0337,-0.0503,1.0220,-0.0610,0.5493,-0.2441,1,466,878,235
276111301,44501,-0.0356,-0.0503,1.0195,0.0000,0.4272,-0.1831,1,465,877,235
276116310,44502,-0.0361,-0.0493,1.0190,0.0000,0.3662,-0.0610,1,483,833,235
276121306,44503,-0.0352,-0.0493,1.0205,0.0000,0.2441,-0.1221,1,466,823,235
276126305,44504,-0.0332,-0.0498,1.0220,0.0000,0.3052,-0.1831,1,511,771,235
276131304,44505,-0.0332,-0.0498,1.0225,0.1221,0.3662,-0.2441,1,480,746,235
276136306,44506,-0.0342,-0.0503,1.0225,-0.0610,0.3052,-0.2441,1,483,794,235
276141304,44507,-0.0337,-0.0498,1.0234,0.0000,0.1221,-0.1831,1,484,841,235
276146304,44508,-0.0327,-0.0483,1.0234,-0.0610,0.3052,-0.1831,1,493,786,235
276151307,44509,-0.0327,-0.0483,1.0225,-0.0610,0.4272,-0.1831,1,496,832,235
276156304,44510,-0.0337,-0.0488,1.0215,0.0000,0.2441,-0.2441,1,479,834,235
276161307,44511,-0.0332,-0.0498,1.0225,-0.0610,0.3052,-0.3052,1,489,787,235
276166303,44512,-0.0317,-0.0493,1.0239,-0.0610,0.3052,-0.2441,1,493,842,235
276171301,44513,-0.0312,-0.0483,1.0239,-0.1831,0.2441,-0.2441,1,466,877,235
276176306,44514,-0.0312,-0.0488,1.0239,-0.2441,0.4272,-0.2441,1,466,911,235
276181309,44515,-0.0327,-0.0498,1.0229,-0.1221,0.5493,-0.1831,1,466,911,235
276186303,44516,-0.0347,-0.0508,1.0200,0.0000,0.3052,-0.1831,1,465,884,235
276191309,44517,-0.0342,-0.0503,1.0186,0.0610,0.0610,-0.2441,1,465,824,235
276196305,44518,-0.0327,-0.0488,1.0195,0.1221,0.1221,-0.2441,1,466,871,235
276201308,44519,-0.0322,-0.0479,1.0220,0.1221,0.1831,-0.2441,1,466,878,235
276206301,44520,-0.0322,-0.0483,1.0229,0.0610,0.2441,-0.2441,1,466,879,235
276211304,44521,-0.0327,-0.0493,1.0220,0.0610,0.2441,-0.1831,1,466,886,235
276216304,44522,-0.0337,-0.0498,1.0205,0.0000,0.0610,-0.1831,1,483,882,235
276221309,44523,-0.0337,-0.0498,1.0200,0.0000,0.0000,-0.2441,1,466,774,235
276226305,44524,-0.0342,-0.0498,1.0205,0.0000,0.1831,-0.1831,1,503,703,235
276231302,44525,-0.0332,-0.0493,1.0225,-0.1221,0.1221,0.0000,1,475,749,235
276236303,44526,-0.0337,-0.0493,1.0220,-0.0610,0.1221,-0.0610,1,483,789,235
276241304,44527,-0.0342,-0.0498,1.0215,-0.1221,0.1831,-0.1831,1,485,841,235
276246302,44528,-0.0342,-0.0493,1.0220,0.0000,0.2441,-0.1221,1,491,848,235
276251305,44529,-0.0347,-0.0493,1.0215,0.0610,0.1221,-0.1221,1,501,782,235
276256307,44530,-0.0337,-0.0498,1.0205,0.0000,0.0610,-0.1831,1,481,822,235
276261307,44531,-0.0327,-0.0503,1.0205,0.0610,0.1831,-0.2441,1,508,783,235
276266308,44532,-0.0322,-0.0498,1.0210,0.0000,0.1221,-0.1221,1,491,848,235
276271306,44533,-0.0317,-0.0498,1.0215,0.0000,0.3052,-0.1831,1,466,796,235
276276302,44534,-0.0317,-0.0498,1.0210,0.1221,0.2441,-0.2441,1,466,831,235
276281301,44535,-0.0337,-0.0498,1.0205,0.0000,0.1221,-0.2441,1,466,881,235
276286305,44536,-0.0342,-0.0498,1.0200,0.1221,0.1831,-0.1831,1,466,833,235
276291306,44537,-0.0327,-0.0498,1.0210,0.0000,0.1831,-0.2441,1,466,878,235
276296309,44538,-0.0312,-0.0498,1.0215,0.0610,0.1221,-0.2441,1,466,836,235
276301310,44539,-0.0308,-0.0493,1.0220,0.2441,0.0610,-0.2441,1,466,900,235
276306304,44540,-0.0312,-0.0488,1.0229,0.1831,0.2441,-0.3052,1,466,878,235
276311309,44541,-0.0317,-0.0493,1.0225,0.0610,0.3662,-0.1831,1,466,907,235
276316306,44542,-0.0327,-0.0498,1.0210,0.0000,0.1831,-0.2441,1,466,882,235
276321304,44543,-0.0337,-0.0488,1.0210,0.0610,0.1831,-0.3052,1,465,826,235
276326306,44544,-0.0332,-0.0488,1.0200,0.1831,0.2441,-0.2441,1,499,860,235
276331306,44545,-0.0327,-0.0493,1.0205,0.1221,0.3052,-0.2441,1,465,910,235
276336302,44546,-0.0327,-0.0498,1.0225,0.0000,0.0610,-0.1831,1,510,797,235
276341302,44547,-0.0327,-0.0508,1.0220,0.2441,0.1831,-0.2441,1,499,757,235
276346308,44548,-0.0322,-0.0513,1.0205,0.1831,0.1221,-0.3052,1,485,850,235
276351304,44549,-0.0322,-0.0498,1.0210,0.1221,0.1221,-0.1221,1,486,827,235
276356301,44550,-0.0337,-0.0479,1.0215,0.1221,0.2441,-0.1831,1,495,822,235
276361309,44551,-0.0342,-0.0508,1.0210,-0.0610,0.1221,-0.1831,1,499,828,235
276366308,44552,-0.0327,-0.0508,1.0220,0.1831,0.2441,-0.1831,1,481,838,235
276371305,44553,-0.0337,-0.0493,1.0229,0.0610,0.0000,-0.1221,1,493,851,235
276376308,44554,-0.0337,-0.0513,1.0210,0.0000,-0.0610,-0.1831,1,466,857,235
276381309,44555,-0.0317,-0.0522,1.0195,0.1831,0.0610,-0.1221,1,466,828,235
276386309,44556,-0.0312,-0.0498,1.0210,0.1221,0.2441,-0.1831,1,466,879,235
276391303,44557,-0.0327,-0.0488,1.0220,0.0000,0.3052,-0.1221,1,466,903,235
276396303,44558,-0.0327,-0.0508,1.0220,-0.0610,0.0610,-0.0610,1,465,829,235
276401306,44559,-0.0322,-0.0503,1.0229,0.0610,0.1221,-0.1221,1,466,870,235
276406303,44560,-0.0322,-0.0483,1.0234,-0.0610,0.2441,-0.2441,1,466,871,235
276411306,44561,-0.0322,-0.0488,1.0225,-0.0610,0.3052,-0.1221,1,466,886,235
276416307,44562,-0.0332,-0.0503,1.0210,-0.1221,0.3052,-0.1221,1,466,872,235
276421331,44563,-0.0332,-0.0503,1.0210,0.0000,0.1831,-0.1831,1,465,853,235
276426306,44564,-0.0327,-0.0493,1.0215,0.1221,0.1831,-0.1831,1,465,820,235
276431308,44565,-0.0337,-0.0498,1.0210,-0.0610,0.1221,-0.1221,1,465,877,235
276436305,44566,-0.0342,-0.0503,1.0190,0.0610,0.1831,-0.2441,1,496,783,235
276441309,44567,-0.0337,-0.0493,1.0186,0.0610,0.0610,-0.1221,1,482,852,235
276446305,44568,-0.0327,-0.0479,1.0200,0.0610,0.0000,-0.1221,1,486,794,235
276451303,44569,-0.0322,-0.0483,1.0205,0.1221,0.0000,-0.1831,1,498,799,235
276456309,44570,-0.0332,-0.0493,1.0200,0.0610,0.0610,-0.2441,1,484,786,235
276461309,44571,-0.0337,-0.0513,1.0205,0.0610,0.0610,-0.1831,1,500,829,235
276466301,44572,-0.0322,-0.0522,1.0220,0.1831,0.0610,-0.1221,1,509,827,235
276471303,44573,-0.0308,-0.0513,1.0220,0.1221,0.1221,-0.1831,1,493,847,235
276476308,44574,-0.0312,-0.0508,1.0215,0.1221,0.2441,-0.1831,1,466,868,235
276481305,44575,-0.0332,-0.0498,1.0200,0.0610,0.2441,-0.1831,1,466,899,235
276486303,44576,-0.0347,-0.0483,1.0181,0.1221,0.1221,-0.2441,1,466,880,235
276491301,44577,-0.0347,-0.0483,1.0176,0.1831,0.0000,-0.2441,1,466,873,235
276496308,44578,-0.0356,-0.0493,1.0176,0.2441,-0.0610,-0.2441,1,466,835,235
276501302,44579,-0.0342,-0.0513,1.0205,0.1831,-0.1221,-0.1831,1,466,883,235
276506304,44580,-0.0308,-0.0518,1.0244,0.3052,-0.1221,-0.1221,1,466,878,235
276511306,44581,-0.0317,-0.0488,1.0244,0.3662,0.0000,-0.0610,1,466,867,235
276516305,44582,-0.0342,-0.0469,1.0229,0.1831,0.0610,-0.1221,1,466,835,235
276521311,44583,-0.0337,-0.0483,1.0234,0.2441,-0.1221,-0.0610,1,483,872,235
276526308,44584,-0.0308,-0.0498,1.0254,0.1221,0.0000,-0.3052,1,465,866,235
276531309,44585,-0.0312,-0.0498,1.0225,0.1831,0.0000,-0.2441,1,510,773,235
276536307,44586,-0.0327,-0.0498,1.0200,0.1831,-0.0610,-0.1221,1,474,770,235
276541307,44587,-0.0337,-0.0508,1.0200,0.1221,-0.0610,-0.2441,1,502,790,235
276546306,44588,-0.0337,-0.0513,1.0200,0.2441,0.0000,-0.4272,1,487,839,235
276551304,44589,-0.0327,-0.0513,1.0205,0.2441,-0.1221,-0.3662,1,492,784,235
276556302,44590,-0.0332,-0.0503,1.0210,0.3662,-0.2441,-0.2441,1,501,832,235
276561306,44591,-0.0337,-0.0493,1.0210,0.2441,-0.2441,-0.3662,1,482,831,235
276566306,44592,-0.0337,-0.0498,1.0205,0.3662,-0.1221,-0.3662,1,504,835,235
276571309,44593,-0.0327,-0.0508,1.0220,0.3662,-0.0610,-0.3052,1,487,850,235
276576307,44594,-0.0327,-0.0513,1.0239,0.3052,-0.1831,-0.3662,1,466,842,235
276581305,44595,-0.0332,-0.0493,1.0244,0.3052,-0.1831,-0.3052,1,466,881,235
276586301,44596,-0.0332,-0.0474,1.0239,0.2441,-0.1221,-0.2441,1,466,879,235
276591302,44597,-0.0312,-0.0483,1.0229,0.1221,-0.0610,-0.1221,1,466,881,235
276596309,44598,-0.0303,-0.0493,1.0225,0.1831,-0.0610,-0.0610,1,466,901,235
276601309,44599,-0.0308,-0.0498,1.0225,0.1221,-0.1221,-0.1221,1,465,875,235
276606303,44600,-0.0322,-0.0498,1.0220,0.0000,0.0610,-0.1831,1,466,868,235
276611308,44601,-0.0327,-0.0483,1.0215,0.0000,-0.0610,-0.1221,1,466,834,235
276616304,44602,-0.0317,-0.0483,1.0215,-0.0610,0.0000,-0.1831,1,466,829,235
276621309,44603,-0.0317,-0.0483,1.0220,0.0610,-0.1221,-0.2441,1,483,834,235
276626302,44604,-0.0317,-0.0488,1.0239,0.1831,-0.2441,-0.1831,1,465,866,235
276631302,44605,-0.0308,-0.0493,1.0249,0.0000,-0.1221,-0.1221,1,510,876,235
276636309,44606,-0.0303,-0.0498,1.0244,-0.0610,0.0610,-0.2441,1,476,740,235
276641304,44607,-0.0308,-0.0508,1.0229,0.0000,0.1221,-0.3052,1,498,790,235
276646306,44608,-0.0312,-0.0508,1.0225,0.0000,0.0000,-0.1831,1,488,772,235
276651304,44609,-0.0303,-0.0488,1.0239,-0.0610,0.1831,-0.1831,1,494,759,235
276656306,44610,-0.0293,-0.0483,1.0249,0.0000,0.3662,-0.1831,1,503,832,235
276661308,44611,-0.0298,-0.0498,1.0249,-0.1221,0.4883,-0.2441,1,482,789,235
276666305,44612,-0.0298,-0.0508,1.0244,-0.1831,0.4272,-0.1221,1,504,831,235
276671307,44613,-0.0298,-0.0498,1.0239,-0.2441,0.4883,-0.1221,1,491,846,235
276676303,44614,-0.0312,-0.0479,1.0225,-0.2441,0.6714,-0.0610,1,466,876,235
276681301,44615,-0.0322,-0.0474,1.0215,-0.3662,0.6104,0.0000,1,466,899,235
276686308,44616,-0.0317,-0.0483,1.0220,-0.3662,0.6104,-0.0610,1,466,831,235
276691301,44617,-0.0322,-0.0488,1.0215,-0.4883,0.6714,-0.1221,1,466,877,235
276696302,44618,-0.0327,-0.0508,1.0205,-0.6104,0.4272,-0.1221,1,466,875,235
276701309,44619,-0.0322,-0.0493,1.0205,-0.3052,0.4883,0.0610,1,465,872,235
276706309,44620,-0.0312,-0.0464,1.0220,-0.4272,0.6104,-0.0610,1,466,875,235
276711303,44621,-0.0288,-0.0483,1.0249,-0.6104,0.4883,-0.1221,1,466,899,235
276716306,44622,-0.0283,-0.0488,1.0273,-0.3662,0.7324,-0.0610,1,466,877,235
276721305,44623,-0.0293,-0.0479,1.0278,-0.6714,0.9766,-0.1221,1,484,883,235
276726336,44624,-0.0312,-0.0498,1.0254,-0.8545,0.9766,-0.1221,1,466,859,235
276731305,44625,-0.0332,-0.0518,1.0215,-0.6714,0.7935,0.0000,1,467,897,235
276736304,44626,-0.0386,-0.0537,1.0142,-0.4883,0.9766,-0.0610,1,466,743,235
276741305,44627,-0.0347,-0.0552,1.0161,-0.5493,0.0000,0.0000,1,508,898,235
276746307,44628,-0.0249,-0.0469,1.0283,-0.3662,0.8545,0.0610,1,485,740,235
276751308,44629,-0.0283,-0.0439,1.0269,-1.0376,1.2817,-0.0610,1,491,855,235
276756310,44630,-0.0337,-0.0547,1.0181,-0.9766,0.8545,0.1831,1,496,833,235
276761301,44631,-0.0376,-0.0571,1.0146,-0.3052,0.9155,0.1221,1,501,823,235
276766303,44632,-0.0386,-0.0522,1.0151,-0.4883,0.6104,0.0000,1,503,828,235
276771309,44633,-0.0391,-0.0488,1.0156,-0.4883,0.4883,-0.0610,1,492,783,235
276776305,44634,-0.0366,-0.0513,1.0166,-0.4883,-0.0610,-0.1831,1,493,842,235
276781301,44635,-0.0312,-0.0527,1.0220,-0.2441,0.3052,-0.0610,1,466,879,235
276786302,44636,-0.0317,-0.0503,1.0244,-0.3052,0.5493,-0.1831,1,466,900,235
276791308,44637,-0.0327,-0.0508,1.0234,-0.3662,0.1221,-0.1221,1,466,879,235
276796308,44638,-0.0327,-0.0513,1.0239,-0.1831,0.4883,-0.1221,1,466,874,235
276801306,44639,-0.0337,-0.0508,1.0229,-0.3662,0.6104,-0.1831,1,466,878,235
276806307,44640,-0.0332,-0.0522,1.0220,-0.3052,0.5493,-0.1831,1,466,876,235
276811308,44641,-0.0327,-0.0527,1.0215,-0.1831,0.6104,-0.1831,1,466,881,235
276816309,44642,-0.0332,-0.0527,1.0210,-0.1831,0.6104,-0.1221,1,466,882,235
276821301,44643,-0.0337,-0.0527,1.0210,-0.1831,0.6714,-0.2441,1,466,876,235
276826304,44644,-0.0337,-0.0527,1.0205,-0.0610,0.6104,-0.1831,1,483,880,235
276831303,44645,-0.0342,-0.0522,1.0195,0.0610,0.3662,-0.3052,1,465,863,235
276836305,44646,-0.0342,-0.0518,1.0190,0.0000,0.4272,-0.1831,1,502,864,235
276841307,44647,-0.0327,-0.0518,1.0200,-0.0610,0.4272,-0.1831,1,465,745,235
276846308,44648,-0.0308,-0.0518,1.0220,0.0000,0.4272,-0.2441,1,510,905,235
276851309,44649,-0.0308,-0.0522,1.0229,-0.1831,0.5493,-0.2441,1,491,809,235
276856303,44650,-0.0322,-0.0522,1.0215,-0.2441,0.6104,-0.2441,1,472,854,235
276861304,44651,-0.0327,-0.0518,1.0220,-0.1221,0.4272,-0.3052,1,502,835,235
276866305,44652,-0.0327,-0.0508,1.0215,0.0000,0.4272,-0.2441,1,485,825,235
276871305,44653,-0.0337,-0.0503,1.0181,0.0000,0.4883,-0.2441,1,502,785,235
276876309,44654,-0.0371,-0.0503,1.0161,-0.1221,0.3662,-0.1831,1,492,778,235
276881302,44655,-0.0347,-0.0513,1.0190,-0.3052,-0.1221,-0.2441,1,493,848,235
276886308,44656,-0.0308,-0.0522,1.0234,-0.1831,0.3052,-0.2441,1,466,871,235
276891307,44657,-0.0317,-0.0527,1.0229,-0.0610,0.3052,-0.1221,1,465,879,235
276896301,44658,-0.0342,-0.0552,1.0210,-0.1831,0.1831,-0.1831,1,466,875,235
276901307,44659,-0.0361,-0.0557,1.0210,-0.0610,0.2441,-0.2441,1,466,881,235
276906302,44660,-0.0347,-0.0542,1.0220,-0.0610,0.1831,-0.2441,1,466,879,235
276911304,44661,-0.0337,-0.0522,1.0229,0.0000,0.1831,-0.2441,1,466,877,235
276916304,44662,-0.0342,-0.0503,1.0220,0.1221,0.1831,-0.1831,1,466,838,235
276921314,44663,-0.0352,-0.0498,1.0215,0.0610,0.1831,-0.2441,1,465,874,235
276926301,44664,-0.0352,-0.0508,1.0225,0.0000,0.1221,-0.2441,1,465,880,235
276931316,44665,-0.0342,-0.0513,1.0239,-0.1221,0.1831,-0.1831,1,484,813,235
276936302,44666,-0.0332,-0.0518,1.0244,-0.1221,0.2441,-0.2441,1,465,866,235
276941306,44667,-0.0332,-0.0508,1.0244,-0.0610,0.0610,-0.1831,1,511,870,235
276946307,44668,-0.0337,-0.0513,1.0234,-0.0610,0.0610,-0.3052,1,489,903,235
276951307,44669,-0.0337,-0.0522,1.0215,-0.0610,0.1831,-0.3052,1,472,748,235
276956304,44670,-0.0332,-0.0518,1.0195,-0.0610,0.1831,-0.3052,1,477,854,235
276961304,44671,-0.0327,-0.0518,1.0190,0.0610,0.3662,-0.2441,1,506,845,235
276966304,44672,-0.0337,-0.0518,1.0200,0.0610,0.1831,-0.3052,1,494,832,235
276971301,44673,-0.0347,-0.0518,1.0200,0.1221,0.0610,-0.3052,1,497,822,235
276976303,44674,-0.0342,-0.0513,1.0190,0.0610,0.0000,-0.3052,1,486,818,235
276981305,44675,-0.0327,-0.0508,1.0205,0.0610,-0.0610,-0.2441,1,493,796,235
276986302,44676,-0.0312,-0.0503,1.0234,0.2441,0.0610,-0.2441,1,466,874,235
276991302,44677,-0.0322,-0.0503,1.0244,0.1831,0.1831,-0.2441,1,466,902,235
276996304,44678,-0.0337,-0.0518,1.0225,0.1221,0.3052,-0.3052,1,466,884,235
277001306,44679,-0.0342,-0.0527,1.0210,0.1831,0.1831,-0.2441,1,466,866,235
277006306,44680,-0.0342,-0.0527,1.0205,0.1221,0.3052,-0.1831,1,466,881,235
277011303,44681,-0.0347,-0.0518,1.0195,0.2441,0.1221,-0.2441,1,466,873,235
277016309,44682,-0.0356,-0.0522,1.0181,0.3052,0.0000,-0.1831,1,466,879,235
277021323,44683,-0.0342,-0.0518,1.0186,0.3052,-0.0610,-0.1831,1,466,829,235
277026301,44684,-0.0327,-0.0493,1.0200,0.4272,0.0000,-0.2441,1,466,871,235
277031326,44685,-0.0322,-0.0488,1.0215,0.3052,0.0610,-0.3052,1,465,824,235
277036306,44686,-0.0332,-0.0508,1.0229,0.4883,0.0000,-0.3662,1,467,859,235
277041308,44687,-0.0337,-0.0527,1.0229,0.4883,0.0610,-0.1831,1,465,746,235
277046302,44688,-0.0332,-0.0542,1.0225,0.5493,0.0610,-0.1831,1,503,905,235
277051307,44689,-0.0332,-0.0537,1.0225,0.6714,0.0610,-0.3052,1,472,766,235
277056301,44690,-0.0337,-0.0522,1.0239,0.6714,0.0000,-0.3052,1,496,853,235
277061301,44691,-0.0332,-0.0527,1.0220,0.6714,0.0000,-0.1221,1,486,803,235
277066302,44692,-0.0327,-0.0537,1.0200,0.6714,0.1221,-0.3052,1,508,783,235
277071304,44693,-0.0327,-0.0518,1.0205,0.6104,0.1221,-0.1831,1,497,824,235
277076307,44694,-0.0332,-0.0464,1.0210,0.6714,0.0610,-0.3052,1,488,826,235
277081301,44695,-0.0347,-0.0464,1.0190,0.5493,0.1221,-0.3052,1,493,840,235
277086307,44696,-0.0347,-0.0498,1.0171,0.5493,0.1221,-0.1831,1,466,870,235
277091308,44697,-0.0337,-0.0469,1.0181,0.6714,0.1221,-0.2441,1,466,875,235
277096307,44698,-0.0322,-0.0439,1.0200,0.3052,0.0000,-0.3052,1,466,870,235
277101306,44699,-0.0322,-0.0469,1.0210,0.3052,0.0000,-0.2441,1,466,827,235
277106304,44700,-0.0327,-0.0513,1.0205,0.4272,-0.0610,-0.3662,1,466,827,235
277111309,44701,-0.0327,-0.0493,1.0200,0.4883,0.0000,-0.3052,1,466,879,235
277116308,44702,-0.0332,-0.0459,1.0195,0.1831,0.0610,-0.4272,1,466,828,235
277121314,44703,-0.0327,-0.0483,1.0181,0.0000,0.0610,-0.3662,1,466,880,235
277126308,44704,-0.0322,-0.0498,1.0166,0.1221,0.0000,-0.3052,1,466,831,235
277131309,44705,-0.0352,-0.0444,1.0161,0.0000,-0.0610,-0.4883,1,484,829,235
277136305,44706,-0.0371,-0.0425,1.0166,-0.4883,-0.1831,-0.3662,1,470,772,235
277141301,44707,-0.0347,-0.0454,1.0176,-0.5493,-0.2441,-0.4272,1,511,870,235
277146308,44708,-0.0308,-0.0430,1.0225,-0.5493,-0.1221,-0.4272,1,492,909,235
277151306,44709,-0.0293,-0.0371,1.0269,-0.9766,0.0610,-0.4272,1,469,751,235
277156302,44710,-0.0298,-0.0400,1.0269,-1.4038,0.1831,-0.3662,1,477,855,235
277161307,44711,-0.0303,-0.0474,1.0259,-1.5259,0.2441,-0.2441,1,486,832,235
277166309,44712,-0.0298,-0.0513,1.0249,-1.5869,0.2441,-0.3052,1,491,829,235
277171301,44713,-0.0303,-0.0518,1.0239,-1.5869,0.4272,-0.2441,1,489,832,235
277176310,44714,-0.0308,-0.0508,1.0229,-1.5869,0.6104,-0.1831,1,475,835,235
277181308,44715,-0.0317,-0.0483,1.0220,-1.5869,0.6714,-0.1831,1,491,846,235
277186307,44716,-0.0322,-0.0483,1.0215,-1.6479,0.6104,-0.1831,1,466,882,235
277191309,44717,-0.0317,-0.0508,1.0215,-1.5259,0.6714,-0.1831,1,466,884,235
277196303,44718,-0.0322,-0.0518,1.0225,-1.7090,0.6104,-0.1831,1,465,878,235
277201304,44719,-0.0308,-0.0527,1.0234,-1.8311,0.6714,-0.1831,1,466,876,235
277206308,44720,-0.0303,-0.0547,1.0234,-1.7090,0.7935,-0.1221,1,466,878,235
277211308,44721,-0.0312,-0.0547,1.0229,-1.6479,0.7324,-0.0610,1,466,871,235
277216302,44722,-0.0322,-0.0537,1.0229,-1.6479,0.7935,-0.1831,1,466,906,235
277221305,44723,-0.0317,-0.0522,1.0225,-1.7090,0.7935,-0.0610,1,466,887,235
277226308,44724,-0.0303,-0.0498,1.0220,-1.9531,0.9155,0.0610,1,466,877,235
277231303,44725,-0.0396,-0.0449,1.0146,-2.0752,0.7324,0.0610,1,483,878,235
277236304,44726,-0.0386,-0.0444,1.0156,-2.6245,-1.1597,0.2441,1,466,865,235
277241302,44727,-0.0171,-0.0537,1.0312,-2.6855,0.1221,0.1221,1,481,874,235
277246303,44728,-0.0146,-0.0615,1.0342,-2.0142,2.0752,0.1221,1,472,901,235
277251308,44729,-0.0259,-0.0586,1.0239,-1.9531,1.2817,0.1221,1,501,863,235
277256303,44730,-0.0322,-0.0571,1.0181,-2.1362,1.4648,0.0000,1,479,766,235
277261306,44731,-0.0405,-0.0562,1.0127,-1.8921,1.4648,0.0000,1,491,792,235
277266302,44732,-0.0386,-0.0508,1.0166,-1.8921,0.7935,0.1831,1,476,783,235
277271302,44733,-0.0259,-0.0513,1.0308,-2.4414,1.0986,0.3052,1,505,853,235
277276309,44734,-0.0229,-0.0591,1.0347,-2.0752,2.1362,0.2441,1,501,827,235
277281303,44735,-0.0303,-0.0601,1.0293,-2.0142,1.7090,0.2441,1,483,851,235
277286308,44736,-0.0361,-0.0552,1.0254,-2.1362,1.7700,0.3052,1,466,840,235
277291302,44737,-0.0376,-0.0522,1.0234,-2.2583,1.4648,0.5493,1,466,876,235
277296307,44738,-0.0366,-0.0537,1.0225,-2.3804,1.3428,0.3052,1,466,890,235
277301301,44739,-0.0381,-0.0562,1.0205,-2.4414,0.9155,0.3662,1,465,876,235
277306304,44740,-0.0386,-0.0591,1.0190,-2.3804,0.6104,0.3052,1,466,880,235
277311305,44741,-0.0376,-0.0645,1.0186,-2.1362,0.6104,0.1831,1,466,867,235
277316306,44742,-0.0376,-0.0698,1.0171,-1.6479,0.4883,0.1221,1,466,878,235
277321306,44743,-0.0386,-0.0679,1.0156,-1.2817,0.4272,0.1221,1,466,873,235
277326301,44744,-0.0391,-0.0645,1.0151,-1.0986,0.0610,0.1221,1,466,879,235
277331305,44745,-0.0381,-0.0649,1.0176,-1.0376,0.0000,-0.0610,1,484,870,235
277336302,44746,-0.0371,-0.0640,1.0210,-0.6104,-0.1831,-0.1221,1,469,816,235
277341308,44747,-0.0366,-0.0615,1.0249,-0.4272,-0.3052,-0.1221,1,511,861,235
277346302,44748,-0.0361,-0.0605,1.0273,-0.3662,-0.4883,-0.1221,1,482,904,235
277351303,44749,-0.0356,-0.0615,1.0254,-0.3052,-0.4272,-0.2441,1,494,793,235
277356306,44750,-0.0361,-0.0630,1.0205,0.0000,-0.6104,-0.1831,1,478,859,235
277361310,44751,-0.0371,-0.0615,1.0166,0.2441,-0.8545,-0.1221,1,481,785,235
277366303,44752,-0.0376,-0.0596,1.0166,0.1831,-1.0986,-0.1831,1,484,833,235
277371307,44753,-0.0366,-0.0605,1.0186,0.3662,-1.1597,-0.3052,1,489,835,235
277376306,44754,-0.0352,-0.0605,1.0200,0.5493,-1.2207,-0.1221,1,503,828,235
277381301,44755,-0.0342,-0.0605,1.0210,0.6104,-1.2817,-0.3052,1,490,848,235
277386308,44756,-0.0342,-0.0625,1.0205,0.9155,-1.1597,-0.1221,1,466,869,235
277391308,44757,-0.0337,-0.0649,1.0195,1.2817,-1.2207,-0.1221,1,465,874,235
277396306,44758,-0.0327,-0.0645,1.0195,1.4038,-1.2207,-0.1831,1,466,882,235
277401306,44759,-0.0327,-0.0610,1.0205,1.5869,-1.0986,-0.1221,1,466,884,235
277406302,44760,-0.0322,-0.0601,1.0220,1.5869,-1.0376,-0.0610,1,466,881,235
277411301,44761,-0.0308,-0.0605,1.0244,1.7700,-0.9766,-0.1221,1,466,874,235
277416302,44762,-0.0298,-0.0591,1.0239,2.0142,-0.6714,-0.1831,1,466,873,235
277421322,44763,-0.0308,-0.0581,1.0210,2.1973,-0.6104,-0.1221,1,466,877,235
277426310,44764,-0.0317,-0.0605,1.0200,2.2583,-0.6104,-0.0610,1,465,872,235
277431320,44765,-0.0293,-0.0601,1.0229,2.5024,-0.4272,0.1831,1,484,875,235
277436303,44766,-0.0293,-0.0581,1.0249,2.5024,-0.2441,0.2441,1,475,866,235
277441301,44767,-0.0298,-0.0581,1.0234,2.5635,-0.0610,0.3052,1,511,874,235
277446308,44768,-0.0312,-0.0586,1.0210,2.7466,0.0000,0.4272,1,511,901,235
277451309,44769,-0.0322,-0.0571,1.0200,2.8076,0.0610,0.5493,1,471,826,235
277456303,44770,-0.0332,-0.0557,1.0210,2.7466,0.0610,0.6104,1,478,849,235
277461304,44771,-0.0322,-0.0542,1.0234,2.6855,0.0610,0.6714,1,494,825,235
277466304,44772,-0.0327,-0.0493,1.0249,2.6855,-0.0610,0.6104,1,477,833,235
277471308,44773,-0.0327,-0.0498,1.0225,2.5024,-0.3662,0.4883,1,506,833,235
277476301,44774,-0.0288,-0.0557,1.0225,2.4414,-0.3052,0.6104,1,469,853,235
277481301,44775,-0.0278,-0.0557,1.0239,2.6855,0.2441,0.6104,1,493,846,235
277486308,44776,-0.0303,-0.0518,1.0244,2.3804,0.0000,0.6104,1,466,882,235
277491305,44777,-0.0308,-0.0508,1.0244,2.4414,0.0610,0.5493,1,466,825,235
277496307,44778,-0.0303,-0.0508,1.0239,2.5024,0.1831,0.7324,1,466,876,235
277501303,44779,-0.0312,-0.0503,1.0234,2.3193,0.5493,0.7324,1,466,877,235
277506309,44780,-0.0332,-0.0508,1.0210,2.0752,0.5493,0.7935,1,466,908,235
277511308,44781,-0.0347,-0.0522,1.0195,2.0752,0.4272,0.8545,1,466,875,235
277516313,44782,-0.0366,-0.0518,1.0200,2.0142,0.2441,0.9766,1,466,880,235
277521309,44783,-0.0366,-0.0522,1.0215,1.7700,-0.0610,0.8545,1,465,876,235
277526304,44784,-0.0361,-0.0669,1.0239,1.9531,-0.1831,0.9766,1,483,877,235
277531306,44785,-0.0166,-0.0820,1.0283,1.3428,-1.3428,3.1128,1,479,872,235
277536310,44786,-0.0059,-0.0342,1.0347,2.5635,1.0376,3.5400,1,511,871,235
277541302,44787,-0.0459,-0.0039,1.0234,1.3428,2.2583,-0.4272,1,470,777,235
277546301,44788,-0.0742,-0.0635,1.0005,1.1597,-1.4648,-0.6104,1,508,794,235
277551305,44789,-0.0474,-0.0962,1.0054,4.5166,-2.1973,0.4272,1,493,797,235
277556307,44790,-0.0093,-0.0664,1.0342,3.4790,-0.6104,0.6104,1,496,830,235
277561306,44791,-0.0054,-0.0356,1.0410,2.5024,0.0000,1.0376,1,503,823,235
277566310,44792,-0.0317,-0.0352,1.0181,2.8076,0.3662,0.4883,1,499,780,235
277571307,44793,-0.0527,-0.0542,1.0010,3.1738,-0.7935,-0.1221,1,490,829,235
277576304,44794,-0.0469,-0.0669,1.0054,3.9673,-1.5259,-0.0610,1,492,844,235
277581308,44795,-0.0283,-0.0601,1.0220,4.0283,-1.2817,0.1831,1,466,870,235
277586307,44796,-0.0186,-0.0425,1.0322,3.9673,-0.9766,0.2441,1,466,909,235
277591309,44797,-0.0225,-0.0347,1.0317,3.2349,-0.6714,0.1831,1,466,879,235
277596305,44798,-0.0293,-0.0420,1.0249,3.2959,-0.7324,0.1221,1,466,879,235
277601310,44799,-0.0303,-0.0557,1.0195,3.5400,-1.0376,0.1221,1,466,878,235
277606306,44800,-0.0283,-0.0562,1.0278,3.6011,-1.0986,0.4272,1,466,871,235
277611310,44801,-0.0288,-0.0342,1.0322,3.5400,-1.3428,0.7324,1,466,880,235
277616304,44802,-0.0308,-0.0205,1.0254,2.5024,-1.2817,0.4883,1,466,884,235
277621304,44803,-0.0322,-0.0269,1.0278,2.0142,-0.9766,0.0000,1,483,877,235
277626325,44804,-0.0332,-0.0332,1.0298,2.2583,-1.1597,0.2441,1,466,821,235
277631308,44805,-0.0303,-0.0352,1.0293,1.5259,-1.3428,0.0610,1,484,875,235
277636301,44806,-0.0259,-0.0361,1.0332,0.9766,-1.2817,-0.0610,1,493,897,235
277641306,44807,-0.0254,-0.0371,1.0327,0.8545,-1.0986,0.0610,1,510,919,235
277646304,44808,-0.0273,-0.0405,1.0283,0.5493,-0.9766,-0.0610,1,469,857,235
277651306,44809,-0.0273,-0.0449,1.0269,0.6104,-1.2207,-0.0610,1,496,847,235
277656309,44810,-0.0293,-0.0425,1.0298,0.4883,-0.9766,-0.1831,1,501,828,235
277661302,44811,-0.0366,-0.0332,1.0264,0.3052,-1.2817,-0.1831,1,477,853,235
277666302,44812,-0.0366,-0.0366,1.0254,-0.4883,-1.8921,-0.1831,1,501,834,235
277671301,44813,-0.0327,-0.0425,1.0327,-0.1831,-1.7090,-0.2441,1,469,851,235
277676309,44814,-0.0332,-0.0396,1.0327,-0.1221,-2.1362,-0.3052,1,494,854,235
277681305,44815,-0.0342,-0.0454,1.0269,-0.7935,-2.2583,-0.4272,1,466,878,235
277686306,44816,-0.0337,-0.0503,1.0259,-0.3662,-2.4414,-0.3662,1,466,884,235
277691309,44817,-0.0317,-0.0474,1.0264,-0.2441,-2.6245,-0.4272,1,466,881,235
277696309,44818,-0.0312,-0.0454,1.0249,-0.3662,-2.5024,-0.6104,1,466,885,235
277701304,44819,-0.0322,-0.0439,1.0229,-0.1221,-2.8076,-0.6104,1,466,907,235
277706304,44820,-0.0317,-0.0430,1.0215,-0.1831,-2.8076,-0.6104,1,466,881,235
277711308,44821,-0.0308,-0.0444,1.0215,-0.0610,-2.8687,-0.6714,1,466,880,235
277716304,44822,-0.0293,-0.0469,1.0239,0.0610,-3.1128,-0.6714,1,465,876,235
277721306,44823,-0.0264,-0.0469,1.0264,0.0610,-3.0518,-0.7935,1,483,875,235
277726302,44824,-0.0239,-0.0435,1.0283,0.1831,-3.0518,-0.7935,1,465,858,235
277731309,44825,-0.0229,-0.0396,1.0283,-0.1221,-2.7466,-0.7935,1,504,868,235
277736309,44826,-0.0244,-0.0386,1.0269,-0.1831,-2.4414,-0.8545,1,492,829,235
277741303,44827,-0.0254,-0.0396,1.0269,-0.3662,-2.3804,-0.7935,1,492,921,235
277746309,44828,-0.0244,-0.0400,1.0298,-0.5493,-2.1973,-0.7935,1,479,824,235
277751309,44829,-0.0234,-0.0415,1.0322,-0.6714,-1.8311,-0.7935,1,479,848,235
277756304,44830,-0.0220,-0.0439,1.0327,-0.9155,-1.6479,-0.7324,1,505,830,235
277761306,44831,-0.0220,-0.0454,1.0317,-1.0376,-1.2817,-0.6714,1,494,840,235
277766306,44832,-0.0254,-0.0459,1.0293,-1.0376,-1.2817,-0.4883,1,500,834,235
277771307,44833,-0.0283,-0.0464,1.0283,-1.0986,-1.4648,-0.3662,1,473,846,235
277776308,44834,-0.0283,-0.0464,1.0298,-1.0376,-1.1597,-0.4883,1,493,857,235
277781303,44835,-0.0269,-0.0430,1.0332,-1.1597,-0.9155,-0.3662,1,466,874,235
277786303,44836,-0.0249,-0.0415,1.0371,-1.5869,-1.0986,-0.3052,1,466,881,235
277791304,44837,-0.0264,-0.0464,1.0366,-1.7090,-0.8545,-0.3052,1,466,884,235
277796305,44838,-0.0308,-0.0493,1.0312,-1.7090,-0.7324,-0.2441,1,466,872,235
277801301,44839,-0.0332,-0.0479,1.0273,-1.7700,-1.1597,0.0000,1,466,908,235
277806301,44840,-0.0317,-0.0483,1.0264,-1.9531,-1.2817,0.0000,1,466,833,235
277811307,44841,-0.0322,-0.0537,1.0239,-1.8311,-1.1597,-0.0610,1,466,841,235
277816306,44842,-0.0352,-0.0625,1.0161,-1.4038,-1.4038,0.0610,1,466,879,235
277821301,44843,-0.0396,-0.0640,1.0088,-0.7935,-1.5869,0.1831,1,466,877,235
277826302,44844,-0.0430,-0.0581,1.0078,-0.7324,-2.6855,0.3052,1,465,865,235
277831305,44845,-0.0400,-0.0552,1.0103,-0.5493,-3.2349,0.4883,1,474,870,235
277836307,44846,-0.0366,-0.0562,1.0137,-0.3662,-3.3569,0.6714,1,493,872,235
277841307,44847,-0.0332,-0.0596,1.0200,-0.4272,-4.2114,1.0986,1,488,921,235
277846309,44848,-0.0254,-0.0640,1.0244,-0.4883,-4.5776,1.8921,1,474,770,235
277851306,44849,-0.0171,-0.0669,1.0210,-0.1831,-3.6011,2.5024,1,483,848,235
277856307,44850,-0.0146,-0.0742,1.0068,0.0000,-2.1973,3.6011,1,472,826,235
277861305,44851,-0.0190,-0.0898,0.9897,-0.0610,-1.6479,5.5542,1,496,786,235
277866305,44852,-0.0312,-0.1147,0.9775,0.3662,-1.9531,8.4229,1,506,833,235
277871309,44853,-0.0488,-0.1504,0.9712,0.5493,-4.5166,12.6343,1,476,886,235
277876303,44854,-0.0776,-0.1865,0.9702,0.6104,-9.5825,18.4937,1,493,871,235
277881302,44855,-0.1108,-0.1963,0.9629,1.0376,-18.2495,25.1465,1,466,891,235
277886301,44856,-0.1309,-0.1812,0.9438,0.7935,-28.6255,31.4331,1,466,912,235
277891304,44857,-0.1348,-0.1714,0.9351,0.0610,-38.8184,38.1470,1,466,920,235
277896304,44858,-0.1216,-0.1875,0.9575,0.3662,-47.3022,46.0815,1,466,902,235
277901304,44859,-0.0962,-0.2319,1.0034,0.6104,-53.7720,55.6641,1,465,922,235
277906304,44860,-0.0723,-0.2720,1.0513,2.0752,-57.8613,66.1621,1,465,912,235
277911305,44861,-0.0596,-0.3042,1.0776,2.6245,-60.4248,76.7822,1,466,913,235
277916301,44862,-0.0674,-0.3745,1.0859,1.4648,-61.7065,88.6841,1,466,917,235
277921304,44863,-0.0732,-0.5024,1.1021,0.6714,-63.9038,102.6611,1,466,922,235
277926331,44864,-0.0581,-0.6426,1.1587,1.7700,-63.1714,118.2861,1,465,921,235
277931309,44865,-0.0205,-0.7505,1.2690,4.0894,-59.8755,134.8267,1,466,926,235
277936302,44866,0.0234,-0.8096,1.3853,10.3760,-50.7202,151.4282,1,510,903,235
277941305,44867,0.0347,-0.8081,1.4531,18.1274,-38.9404,167.6025,1,488,881,235
277946307,44868,0.0200,-0.7632,1.4614,24.9634,-27.3437,183.4106,1,494,971,235
277951306,44869,0.0010,-0.6885,1.4199,32.1045,-16.6016,197.8149,1,479,822,235
277956301,44870,-0.0146,-0.5938,1.3389,36.6821,-7.8735,210.5713,1,486,887,235
277961305,44871,-0.0181,-0.4917,1.2368,38.4521,-0.9155,221.6186,1,494,907,235
277966309,44872,-0.0093,-0.3916,1.1289,37.5977,4.6997,230.7129,1,496,873,235
277971307,44873,-0.0010,-0.3076,1.0264,35.0342,9.2163,237.7930,1,487,887,235
277976305,44874,0.0015,-0.2529,0.9355,31.8603,11.7798,243.6523,1,489,879,235
277981305,44875,0.0039,-0.2290,0.8643,28.8696,12.4512,248.5962,1,465,939,235
277986308,44876,0.0112,-0.2207,0.8130,26.4893,11.9019,253.1738,1,466,939,235
277991304,44877,0.0171,-0.2109,0.7783,24.5361,10.6812,257.2021,1,466,943,235
277996310,44878,0.0229,-0.1938,0.7607,22.8882,8.3618,260.9863,1,466,936,235
278001305,44879,0.0361,-0.1782,0.7607,21.3013,6.2256,264.4043,1,466,922,235
278006307,44880,0.0571,-0.1689,0.7759,20.2026,4.7607,267.4561,1,466,915,235
278011303,44881,0.0771,-0.1621,0.7969,19.4092,3.6621,270.2026,1,466,918,235
278016309,44882,0.0889,-0.1582,0.8169,18.3716,2.7466,272.7051,1,466,909,235
278021309,44883,0.0991,-0.1597,0.8359,17.3340,1.6479,275.0244,1,466,903,235
278026332,44884,0.1138,-0.1636,0.8574,16.6626,1.2817,277.3438,1,465,914,235
278031307,44885,0.1284,-0.1680,0.8843,15.8691,1.0986,279.7241,1,467,951,235
278036307,44886,0.1445,-0.1748,0.9170,15.4419,1.2817,281.8604,1,510,923,235
278041301,44887,0.1626,-0.1807,0.9531,15.3809,1.8921,283.8745,1,481,918,235
278046305,44888,0.1816,-0.1792,0.9858,15.0146,2.9907,285.7666,1,493,856,235
278051309,44889,0.1958,-0.1733,1.0078,14.0991,4.3335,287.1094,1,492,801,235
278056309,44890,0.2036,-0.1665,1.0225,13.3667,5.3101,288.2690,1,495,898,235
278061301,44891,0.2119,-0.1567,1.0381,12.8174,6.0425,288.7573,1,479,869,235
278066304,44892,0.2285,-0.1450,1.0605,11.7798,7.0190,288.6353,1,506,873,235
278071307,44893,0.2524,-0.1343,1.0815,10.9863,9.0332,288.2690,1,476,889,235
278076304,44894,0.2695,-0.1279,1.0845,10.4980,11.9019,287.5366,1,481,894,235
278081304,44895,0.2671,-0.1201,1.0659,10.3760,14.0381,286.9873,1,493,910,235
278086305,44896,0.2534,-0.1074,1.0361,10.0708,14.8926,285.9497,1,466,932,235
278091304,44897,0.2446,-0.0864,1.0112,9.5825,14.8926,284.6069,1,465,937,235
278096301,44898,0.2471,-0.0547,0.9990,9.0942,14.7705,282.4097,1,465,926,235
278101309,44899,0.2534,-0.0132,0.9932,8.4229,15.1367,279.2358,1,466,912,235
278106309,44900,0.2578,0.0293,0.9849,7.1411,15.2588,274.6582,1,466,921,235
278111308,44901,0.2554,0.0669,0.9756,5.2490,15.0146,268.9209,1,466,921,235
278116309,44902,0.2461,0.1021,0.9712,2.9297,13.9770,262.2681,1,466,913,235
278121306,44903,0.2437,0.1304,0.9761,-0.2441,12.3901,254.7607,1,466,909,235
278126309,44904,0.2520,0.1465,0.9839,-3.6011,11.5967,246.6431,1,484,921,235
278131324,44905,0.2598,0.1504,0.9814,-6.3477,11.3525,238.0371,1,467,916,235
278136310,44906,0.2573,0.1509,0.9614,-8.4839,10.4980,229.3701,1,484,921,235
278141303,44907,0.2466,0.1592,0.9331,-10.5591,8.6060,220.6421,1,493,915,235
278146304,44908,0.2368,0.1743,0.9102,-13.1836,6.2866,211.7309,1,496,944,235
278151302,44909,0.2314,0.1865,0.8999,-15.8081,3.4790,202.4536,1,479,850,235
278156308,44910,0.2285,0.1934,0.9053,-18.2495,0.6104,193.2373,1,490,900,235
278161303,44911,0.2251,0.2007,0.9233,-21.0571,-2.5024,183.8989,1,493,868,235
278166310,44912,0.2222,0.2124,0.9551,-24.6582,-5.0659,174.6216,1,499,876,235
278171301,44913,0.2261,0.2207,1.0005,-28.8086,-6.6528,165.4663,1,500,900,235
278176310,44914,0.2319,0.2139,1.0498,-32.7759,-6.7749,156.6162,1,478,889,235
278181308,44915,0.2334,0.1963,1.0869,-35.6445,-5.9204,148.0103,1,493,891,235
278186308,44916,0.2290,0.1777,1.1040,-37.8418,-4.2114,140.0146,1,466,911,235
278191306,44917,0.2148,0.1646,1.1011,-39.3066,-1.8921,132.7515,1,466,916,235
278196303,44918,0.1938,0.1558,1.0771,-40.0391,0.0000,125.8545,1,466,909,235
278201302,44919,0.1714,0.1523,1.0312,-40.5884,1.4038,119.6289,1,466,867,235
278206304,44920,0.1455,0.1499,0.9702,-41.3208,2.1973,113.7695,1,466,953,235
278211303,44921,0.1133,0.1450,0.9072,-41.7480,1.5869,108.3984,1,466,930,235
278216316,44922,0.0791,0.1323,0.8569,-42.2363,-0.4883,103.1494,1,466,929,235
278221305,44923,0.0562,0.1108,0.8296,-42.3584,-3.4790,98.2666,1,466,929,235
278226301,44924,0.0522,0.0884,0.8242,-41.8701,-6.8970,93.9941,1,483,918,235
278231304,44925,0.0645,0.0664,0.8315,-41.7480,-9.5215,89.9048,1,475,921,235
278236309,44926,0.0840,0.0420,0.8379,-41.5649,-10.8643,86.0596,1,511,916,235
278241304,44927,0.0913,0.0176,0.8276,-40.7715,-11.0474,82.3975,1,493,918,235
278246301,44928,0.0747,-0.0024,0.8086,-40.7104,-12.6343,78.9795,1,491,930,235
278251310,44929,0.0571,-0.0273,0.8101,-41.5649,-16.0522,76.3550,1,475,846,235
278256304,44930,0.0679,-0.0610,0.8477,-42.3584,-19.0430,74.2798,1,491,818,235
278261305,44931,0.0854,-0.1611,0.9473,-42.2974,-19.2871,72.5098,1,482,871,235
278266306,44932,0.1875,-0.3271,1.2617,-24.0478,-22.2778,72.6318,1,486,878,235
278271310,44933,0.5068,-0.1665,1.6094,40.5273,-28.3813,70.0073,1,504,893,235
278276301,44934,0.7485,0.3223,1.5996,67.0776,-3.1128,57.3730,1,490,901,235
278281302,44935,0.6372,0.6191,1.3486,46.3257,16.6626,49.8657,1,492,892,235
278286304,44936,0.4336,0.6040,1.2051,33.2031,14.5874,45.2270,1,466,938,235
278291303,44937,0.3140,0.3364,1.3105,20.6909,26.9775,32.9590,1,466,928,235
278296310,44938,0.2153,-0.0547,1.4297,22.0337,44.0674,28.3203,1,466,934,235
278301303,44939,0.0986,-0.3291,1.2827,26.4282,53.1006,29.4189,1,466,932,235
278306308,44940,-0.0674,-0.3799,0.9585,30.5176,52.1240,30.4565,1,466,942,235
278311309,44941,-0.2534,-0.2305,0.7412,35.4614,40.6494,31.8603,1,466,933,235
278316304,44942,-0.3696,0.0825,0.8027,33.4473,25.2686,28.1982,1,466,936,235
278321308,44943,-0.3413,0.4121,1.0366,26.0620,14.8926,17.2119,1,465,963,235
278326307,44944,-0.2178,0.5615,1.1724,20.3247,16.9678,3.7231,1,466,935,235
278331321,44945,-0.1338,0.4683,1.0957,12.5122,18.5547,-4.2114,1,465,917,235
278336302,44946,-0.1216,0.2144,0.9360,5.2490,14.6484,-6.7139,1,473,919,235
278341302,44947,-0.1030,-0.0576,0.8667,3.1738,8.9722,-5.5542,1,484,895,235
278346306,44948,-0.0444,-0.2451,0.9199,5.3101,7.3242,-3.4180,1,480,925,235
278351310,44949,0.0347,-0.1738,1.0630,12.6953,10.4370,0.8545,1,506,876,235
278356308,44950,0.0312,-0.0117,1.0815,12.3901,12.4512,0.6714,1,482,797,235
278361305,44951,0.0210,0.0972,1.0903,8.6670,14.8315,0.1221,1,489,890,235
278366307,44952,0.0049,0.1099,1.0898,4.1504,17.2119,-0.1831,1,473,846,235
278371307,44953,-0.0195,0.0630,1.0659,0.6104,18.4326,0.0000,1,494,840,235
278376306,44954,-0.0464,0.0068,1.0288,-1.6479,18.3716,0.0000,1,504,796,235
278381308,44955,-0.0664,-0.0356,1.0020,-3.0518,16.7236,0.4883,1,472,814,235
278386306,44956,-0.0728,-0.0562,0.9966,-3.7842,14.2212,1.0986,1,493,860,235
278391301,44957,-0.0669,-0.0488,1.0098,-4.2725,12.4512,1.4038,1,465,897,235
278396304,44958,-0.0571,-0.0225,1.0278,-5.1880,11.3525,1.4038,1,466,897,235
278401303,44959,-0.0483,0.0005,1.0391,-6.5918,10.3760,1.4038,1,465,905,235
278406301,44960,-0.0430,0.0010,1.0381,-8.2397,10.1318,1.2817,1,466,887,235
278411307,44961,-0.0469,-0.0234,1.0259,-9.0942,9.9487,1.0376,1,466,892,235
278416303,44962,-0.0532,-0.0508,1.0127,-9.1553,8.7280,1.0376,1,466,878,235
278421313,44963,-0.0537,-0.0630,1.0127,-8.6670,7.6904,1.2207,1,466,877,235
278426301,44964,-0.0474,-0.0674,1.0234,-8.3618,7.1411,0.9155,1,466,884,235
278431301,44965,-0.0396,-0.0708,1.0288,-7.6904,6.8359,0.8545,1,484,888,235
278436329,44966,-0.0410,-0.0679,1.0166,-6.9580,6.7749,0.9766,1,480,872,235
278441307,44967,-0.0542,-0.0620,0.9946,-6.4087,6.2866,0.7935,1,484,871,235
278446309,44968,-0.0684,-0.0664,0.9824,-6.0425,5.1270,0.5493,1,469,919,235
278451305,44969,-0.0698,-0.0806,0.9834,-5.0049,3.6011,0.5493,1,494,870,235
278456309,44970,-0.0601,-0.0908,0.9922,-3.6011,2.8076,0.5493,1,484,850,235
278461301,44971,-0.0527,-0.0908,1.0044,-2.4414,2.4414,0.4883,1,486,824,235
278466303,44972,-0.0439,-0.0820,1.0205,-1.3428,1.7090,0.6104,1,478,836,235
278471309,44973,-0.0352,-0.0645,1.0327,-0.7324,1.9531,0.7324,1,491,854,235
278476302,44974,-0.0352,-0.0547,1.0303,-0.9766,2.6245,0.4883,1,480,836,235
278481308,44975,-0.0425,-0.0610,1.0181,-0.7324,2.5024,0.4272,1,473,843,235
278486302,44976,-0.0474,-0.0645,1.0083,0.0000,1.9531,0.4883,1,492,850,235
278491303,44977,-0.0488,-0.0591,1.0044,0.1831,1.8921,0.6104,1,466,830,235
278496302,44978,-0.0498,-0.0513,1.0054,0.0610,1.7090,0.4883,1,465,870,235
278501308,44979,-0.0479,-0.0420,1.0117,0.0000,1.4038,0.4272,1,466,872,235
278506308,44980,-0.0410,-0.0317,1.0249,-0.4883,1.2817,0.5493,1,466,833,235
278511307,44981,-0.0337,-0.0293,1.0347,-1.4038,2.0142,0.4883,1,466,884,235
278516305,44982,-0.0371,-0.0376,1.0303,-2.0142,2.8076,0.5493,1,466,875,235
278521303,44983,-0.0474,-0.0479,1.0205,-2.1362,2.5635,0.6104,1,465,880,235
278526308,44984,-0.0503,-0.0557,1.0186,-2.3804,2.1973,0.7324,1,466,878,235
278531307,44985,-0.0444,-0.0605,1.0210,-2.3193,2.1973,0.9766,1,483,875,235
278536309,44986,-0.0425,-0.0591,1.0210,-1.9531,2.3804,1.0376,1,466,868,235
278541304,44987,-0.0464,-0.0562,1.0186,-1.8311,2.1973,0.9766,1,484,860,235
278546307,44988,-0.0493,-0.0596,1.0161,-1.5259,1.9531,0.9155,1,492,870,235
278551305,44989,-0.0498,-0.0698,1.0171,-1.1597,1.7090,0.7935,1,476,872,235
278556307,44990,-0.0449,-0.0737,1.0249,-0.4272,1.2817,1.0986,1,502,753,235
278561309,44991,-0.0400,-0.0591,1.0366,-0.1831,1.5869,1.0376,1,505,792,235
278566305,44992,-0.0410,-0.0425,1.0415,-0.7324,1.8921,0.7324,1,486,830,235
278571301,44993,-0.0435,-0.0449,1.0381,-1.2207,1.5259,0.7935,1,492,831,235
278576301,44994,-0.0430,-0.0581,1.0327,-1.0376,1.4038,0.7935,1,492,827,235
278581306,44995,-0.0420,-0.0649,1.0303,-0.9155,1.5259,0.7324,1,487,848,235
278586301,44996,-0.0454,-0.0645,1.0283,-0.7935,1.5259,0.7935,1,486,849,235
278591303,44997,-0.0513,-0.0625,1.0249,-0.7324,0.9155,0.6714,1,466,849,235
278596307,44998,-0.0571,-0.0610,1.0225,-0.6714,0.3052,0.6104,1,466,878,235
278601305,44999,-0.0576,-0.0615,1.0254,-0.5493,-0.6104,0.6104,1,466,873,235
278606307,45000,-0.0522,-0.0669,1.0298,-0.2441,-1.0376,0.4272,1,466,876,235
278611307,45001,-0.0464,-0.0767,1.0293,0.0610,-1.3428,0.3662,1,466,881,235
278616306,45002,-0.0444,-0.0820,1.0269,0.9155,-1.7090,0.6104,1,466,875,235
278621302,45003,-0.0464,-0.0757,1.0259,1.5869,-1.8921,0.4883,1,466,874,235
278626309,45004,-0.0498,-0.0669,1.0249,1.5869,-2.2583,0.3052,1,466,873,235
278631309,45005,-0.0513,-0.0635,1.0225,1.8921,-2.5024,0.2441,1,466,884,235
278636304,45006,-0.0508,-0.0635,1.0186,2.1973,-2.7466,0.1831,1,483,877,235
278641313,45007,-0.0488,-0.0630,1.0190,2.3193,-3.2349,0.2441,1,465,865,235
278646303,45008,-0.0444,-0.0591,1.0269,2.3193,-3.3569,0.1831,1,484,874,235
278651302,45009,-0.0376,-0.0513,1.0356,2.3193,-3.3569,0.1221,1,492,883,235
278656304,45010,-0.0371,-0.0459,1.0342,1.8921,-2.9907,-0.0610,1,486,870,235
278661307,45011,-0.0449,-0.0498,1.0229,1.5869,-3.1738,0.0000,1,467,854,235
278666303,45012,-0.0542,-0.0620,1.0088,1.5869,-3.6621,-0.1221,1,489,796,235
278671304,45013,-0.0576,-0.0688,1.0029,2.0752,-4.1504,-0.2441,1,481,830,235
278676310,45014,-0.0527,-0.0640,1.0103,2.3804,-4.8218,-0.3662,1,481,834,235
278681309,45015,-0.0435,-0.0566,1.0220,2.3804,-5.0049,-0.5493,1,497,831,235
278686301,45016,-0.0376,-0.0557,1.0259,2.5024,-4.8828,-0.6104,1,471,848,235
278691309,45017,-0.0386,-0.0591,1.0205,2.6855,-4.6387,-0.7324,1,492,849,235
278696302,45018,-0.0435,-0.0649,1.0122,2.9907,-4.7607,-0.9155,1,466,880,235
278701301,45019,-0.0469,-0.0703,1.0073,3.5400,-5.1270,-0.9766,1,466,885,235
278706302,45020,-0.0444,-0.0698,1.0098,4.1504,-5.2490,-0.9155,1,466,876,235
278711308,45021,-0.0386,-0.0640,1.0171,4.5166,-5.1880,-0.9155,1,466,882,235
278716303,45022,-0.0332,-0.0581,1.0220,4.7607,-4.8218,-0.7935,1,466,881,235
278721302,45023,-0.0322,-0.0547,1.0220,4.8828,-4.3335,-0.6104,1,465,884,235
278726301,45024,-0.0366,-0.0547,1.0195,5.0659,-4.0894,-0.6714,1,466,881,235
278731306,45025,-0.0386,-0.0547,1.0186,5.3101,-4.0894,-0.6714,1,466,881,235
278736309,45026,-0.0366,-0.0532,1.0195,5.4932,-3.8452,-0.7324,1,465,870,235
278741301,45027,-0.0376,-0.0513,1.0186,5.6152,-3.4790,-0.8545,1,466,890,235
278746305,45028,-0.0400,-0.0513,1.0181,5.6763,-3.7842,-0.9766,1,484,869,235
278751308,45029,-0.0332,-0.0518,1.0239,5.7983,-3.9673,-0.9766,1,484,862,235
278756301,45030,-0.0254,-0.0498,1.0308,5.9814,-2.9907,-1.0376,1,479,924,235
278761310,45031,-0.0229,-0.0479,1.0347,5.9204,-2.5635,-0.8545,1,493,802,235
278766308,45032,-0.0244,-0.0454,1.0342,5.8594,-1.8921,-0.8545,1,491,756,235
278771309,45033,-0.0303,-0.0396,1.0312,5.6152,-1.4648,-0.8545,1,499,831,235
278776301,45034,-0.0327,-0.0361,1.0317,5.3711,-1.4648,-0.7324,1,504,862,235
278781305,45035,-0.0337,-0.0371,1.0312,4.9438,-1.2817,-0.6104,1,508,860,235
278786306,45036,-0.0342,-0.0396,1.0303,4.6387,-1.2207,-0.6104,1,476,884,235
278791306,45037,-0.0322,-0.0391,1.0317,4.3945,-1.0376,-0.5493,1,483,843,235
278796307,45038,-0.0288,-0.0386,1.0317,4.1504,-0.9155,-0.4883,1,493,854,235
278801302,45039,-0.0288,-0.0415,1.0288,4.0894,-0.6714,-0.4272,1,466,879,235
278806301,45040,-0.0317,-0.0464,1.0249,4.0894,-0.6104,-0.3662,1,466,883,235
278811304,45041,-0.0361,-0.0493,1.0195,4.2725,-0.3662,-0.4272,1,466,878,235
278816307,45042,-0.0396,-0.0479,1.0146,4.3335,-0.5493,-0.3052,1,466,887,235
278821309,45043,-0.0386,-0.0430,1.0122,4.4556,-0.7935,-0.2441,1,466,877,235
278826303,45044,-0.0371,-0.0386,1.0117,4.5166,-0.7935,-0.3052,1,466,880,235
278831316,45045,-0.0361,-0.0376,1.0156,4.3945,-0.9766,-0.2441,1,466,880,235
278836302,45046,-0.0327,-0.0386,1.0215,4.4556,-1.0376,-0.2441,1,466,884,235
278841306,45047,-0.0278,-0.0376,1.0273,4.3945,-0.7935,-0.1221,1,484,880,235
278846317,45048,-0.0278,-0.0332,1.0298,4.3945,-0.4272,-0.2441,1,471,871,235
278851305,45049,-0.0288,-0.0308,1.0298,4.0894,-0.3052,-0.3052,1,484,877,235
278856305,45050,-0.0283,-0.0303,1.0312,3.9062,0.0000,-0.1831,1,493,894,235
278861302,45051,-0.0288,-0.0298,1.0342,3.6011,0.3052,-0.1221,1,488,779,235
278866307,45052,-0.0273,-0.0308,1.0371,3.1738,0.3662,0.0000,1,473,849,235
278871309,45053,-0.0259,-0.0317,1.0366,2.9907,0.8545,-0.0610,1,493,790,235
278876301,45054,-0.0293,-0.0332,1.0327,2.8076,1.2817,0.0000,1,496,831,235
278881302,45055,-0.0347,-0.0342,1.0278,2.7466,0.9766,0.1831,1,483,792,235
278886303,45056,-0.0371,-0.0332,1.0239,2.5024,0.9155,0.0610,1,501,830,235
278891307,45057,-0.0361,-0.0327,1.0229,2.2583,0.8545,0.1221,1,489,855,235
278896310,45058,-0.0347,-0.0332,1.0234,2.2583,0.9155,0.1221,1,490,852,235
278901308,45059,-0.0342,-0.0337,1.0234,2.1362,0.7935,0.0610,1,466,854,235
278906302,45060,-0.0337,-0.0347,1.0225,2.1362,0.7324,0.1221,1,466,878,235
278911306,45061,-0.0337,-0.0337,1.0225,1.9531,0.7935,0.1831,1,466,879,235
278916301,45062,-0.0342,-0.0337,1.0249,1.6479,0.6104,0.0610,1,466,879,235
278921303,45063,-0.0332,-0.0366,1.0264,1.7090,0.7935,0.1221,1,466,876,235
278926306,45064,-0.0337,-0.0366,1.0244,1.8921,1.0376,0.0610,1,466,875,235
278931309,45065,-0.0361,-0.0322,1.0225,1.7700,0.7935,0.0610,1,466,876,235
278936305,45066,-0.0352,-0.0288,1.0249,1.6479,0.5493,-0.0610,1,466,877,235
278941301,45067,-0.0312,-0.0293,1.0293,1.5869,0.9155,0.1221,1,465,883,235
278946304,45068,-0.0303,-0.0317,1.0283,1.4038,1.1597,0.0610,1,465,902,235
278951309,45069,-0.0337,-0.0342,1.0239,1.2817,1.2207,0.0000,1,484,867,235
278956305,45070,-0.0366,-0.0337,1.0210,1.2207,1.0986,0.0000,1,484,834,235
278961307,45071,-0.0381,-0.0332,1.0215,1.1597,1.0986,0.0000,1,467,709,235
278966309,45072,-0.0405,-0.0337,1.0220,1.1597,1.0376,0.0000,1,493,810,235
278971306,45073,-0.0430,-0.0352,1.0225,1.1597,0.4272,0.0000,1,497,781,235
278976304,45074,-0.0410,-0.0366,1.0249,1.0376,-0.1221,-0.0610,1,506,782,235
278981306,45075,-0.0376,-0.0381,1.0254,1.1597,-0.1221,-0.1831,1,494,827,235
278986306,45076,-0.0376,-0.0386,1.0225,1.4038,-0.0610,-0.3052,1,505,852,235
278991301,45077,-0.0386,-0.0361,1.0215,1.5259,-0.4883,-0.2441,1,478,841,235
278996308,45078,-0.0391,-0.0352,1.0205,1.4038,-0.7324,-0.3052,1,488,849,235
279001303,45079,-0.0405,-0.0371,1.0181,1.5869,-1.0986,-0.3662,1,494,842,235
279006309,45080,-0.0420,-0.0381,1.0156,1.8921,-1.4648,-0.4883,1,466,881,235
279011301,45081,-0.0425,-0.0376,1.0151,2.1362,-1.8921,-0.5493,1,466,876,235
279016307,45082,-0.0405,-0.0366,1.0161,2.3804,-2.3193,-0.4883,1,466,882,235
279021308,45083,-0.0376,-0.0361,1.0181,2.3804,-2.4414,-0.6104,1,466,884,235
279026304,45084,-0.0381,-0.0361,1.0181,2.5024,-2.4414,-0.6714,1,466,877,235
279031303,45085,-0.0415,-0.0347,1.0181,2.8687,-2.6855,-0.6104,1,466,880,235
279036318,45086,-0.0430,-0.0347,1.0186,2.8687,-3.1128,-0.7935,1,466,878,235
279041301,45087,-0.0430,-0.0366,1.0200,2.9907,-3.5400,-0.9155,1,466,877,235
279046308,45088,-0.0420,-0.0381,1.0210,3.1738,-3.9673,-0.9766,1,466,882,235
279051325,45089,-0.0425,-0.0381,1.0205,3.2959,-4.4556,-1.0376,1,476,865,235
279056305,45090,-0.0464,-0.0371,1.0190,3.5400,-5.0659,-1.1597,1,484,864,235
279061306,45091,-0.0488,-0.0361,1.0186,3.7842,-5.7983,-1.2207,1,472,921,235
279066309,45092,-0.0488,-0.0342,1.0200,3.9062,-6.4697,-1.4648,1,496,874,235
279071304,45093,-0.0474,-0.0352,1.0215,3.9062,-7.0190,-1.7090,1,476,763,235
279076302,45094,-0.0459,-0.0376,1.0210,4.2725,-7.5073,-1.8921,1,487,838,235
279081304,45095,-0.0464,-0.0347,1.0205,4.6387,-7.8735,-2.0142,1,493,828,235
279086309,45096,-0.0439,-0.0317,1.0225,4.8218,-8.1787,-2.1973,1,490,834,235
279091309,45097,-0.0376,-0.0327,1.0239,5.2490,-7.5073,-2.3193,1,506,839,235
279096302,45098,-0.0347,-0.0332,1.0244,5.5542,-6.1646,-2.5024,1,478,860,235
279101307,45099,-0.0376,-0.0342,1.0244,5.7373,-5.4932,-2.7466,1,493,856,235
279106308,45100,-0.0410,-0.0312,1.0225,6.1646,-5.0049,-2.5024,1,466,884,235
279111302,45101,-0.0410,-0.0298,1.0210,6.3477,-3.1738,-2.1973,1,466,902,235
279116303,45102,-0.0410,-0.0356,1.0225,6.6528,-2.3193,-2.4414,1,466,881,235
279121309,45103,-0.0430,-0.0356,1.0249,7.3853,-2.5635,-2.6855,1,466,891,235
279126306,45104,-0.0488,-0.0298,1.0288,7.0801,-3.4180,-2.6855,1,465,889,235
279131302,45105,-0.0605,-0.0288,1.0298,6.7139,-5.0659,-3.0518,1,466,881,235
279136307,45106,-0.0811,-0.0322,1.0215,6.4087,-7.4463,-3.4180,1,466,882,235
279141301,45107,-0.1050,-0.0381,1.0112,5.9814,-11.0474,-3.3569,1,466,878,235
279146301,45108,-0.1074,-0.0381,1.0103,5.7983,-16.7847,-2.8687,1,483,904,235
279151304,45109,-0.0825,-0.0298,1.0205,5.6152,-20.6299,-2.5024,1,465,889,235
279156302,45110,-0.0649,-0.0156,1.0308,5.4321,-23.1934,-3.1738,1,484,889,235
279161304,45111,-0.0757,-0.0015,1.0264,5.3101,-26.6724,-4.9438,1,492,846,235
279166309,45112,-0.0972,-0.0059,1.0132,5.0659,-31.1279,-6.7139,1,477,878,235
279171309,45113,-0.1118,-0.0322,1.0034,5.1880,-36.1938,-7.3242,1,496,881,235
279176302,45114,-0.1211,-0.0557,0.9985,5.8594,-41.8091,-7.3242,1,504,777,235
279181305,45115,-0.1284,-0.0542,0.9971,6.7139,-48.4009,-7.0801,1,476,851,235
279186307,45116,-0.1260,-0.0415,1.0000,7.2632,-55.1147,-7.4463,1,497,842,235
279191302,45117,-0.1118,-0.0405,1.0063,8.1177,-61.5234,-8.4839,1,507,852,235
279196309,45118,-0.1025,-0.0513,1.0122,9.7656,-67.5659,-10.0098,1,490,876,235
279201304,45119,-0.1133,-0.0801,1.0220,11.6577,-74.4629,-11.4746,1,487,877,235
279206306,45120,-0.1416,-0.1426,1.0435,15.3198,-82.8247,-12.4512,1,466,927,235
279211309,45121,-0.1777,-0.2305,1.0801,22.0947,-92.1631,-11.9019,1,466,943,235
279216307,45122,-0.1978,-0.3027,1.1230,31.5552,-102.7222,-9.9487,1,466,929,235
279221306,45123,-0.1704,-0.3179,1.1538,41.3818,-112.6099,-7.4463,1,466,928,235
279226309,45124,-0.1104,-0.2891,1.1743,50.4761,-118.6523,-6.0425,1,466,930,235
279231304,45125,-0.0508,-0.2637,1.2026,59.8755,-122.4976,-5.3711,1,466,922,235
279236302,45126,0.0518,-0.3228,1.2920,81.3599,-124.6338,-3.4790,1,466,923,235
279241306,45127,0.0859,-0.3560,1.3325,93.3838,-122.6196,-1.9531,1,466,925,235
279246302,45128,0.1064,-0.3696,1.3516,105.5298,-119.0185,0.1831,1,483,932,235
279251305,45129,0.1099,-0.3677,1.3315,118.2251,-114.6240,2.6855,1,465,933,235
279256307,45130,0.0908,-0.3398,1.2788,130.1880,-110.5957,5.4932,1,484,933,235
279261304,45131,0.0537,-0.2769,1.2153,139.0381,-109.1919,7.8735,1,491,912,235
279266306,45132,0.0161,-0.2036,1.1606,143.5547,-110.4126,9.5215,1,476,949,235
279271309,45133,-0.0195,-0.1504,1.1274,144.5923,-110.4126,10.8032,1,503,976,235
279276307,45134,-0.0562,-0.1167,1.1343,139.3433,-110.2295,13.0005,1,504,927,235
279281308,45135,-0.0776,-0.1079,1.2017,124.3896,-107.8491,16.8457,1,491,856,235
279286305,45136,-0.0688,-0.1343,1.3315,102.4170,-99.2432,22.2778,1,498,899,235
279291307,45137,-0.0288,-0.2007,1.4800,78.5522,-86.4258,27.8931,1,494,899,235
279296302,45138,-0.0054,-0.3057,1.5654,60.1196,-66.4673,31.7383,1,487,899,235
279301303,45139,-0.0518,-0.4092,1.5386,49.8657,-45.0439,34.9731,1,493,896,235
279306304,45140,-0.1528,-0.4849,1.4121,43.6401,-28.7476,39.7339,1,466,931,235
279311302,45141,-0.2632,-0.5293,1.2334,40.1611,-17.8833,46.3867,1,466,937,235
279316306,45142,-0.3491,-0.5283,1.0547,38.6353,-12.5122,54.0771,1,466,936,235
279321308,45143,-0.3994,-0.4785,0.9170,37.0483,-11.3525,61.6455,1,465,939,235
279326309,45144,-0.4141,-0.4009,0.8364,34.1187,-12.3901,67.9321,1,466,942,235
279331303,45145,-0.4048,-0.3169,0.8047,29.6631,-13.1226,72.8760,1,466,924,235
279336302,45146,-0.3916,-0.2427,0.8076,23.9868,-13.1226,76.3550,1,466,925,235
279341306,45147,-0.3862,-0.1890,0.8345,17.2119,-12.6953,78.4912,1,466,936,235
279346309,45148,-0.3843,-0.1553,0.8799,10.5591,-12.0239,80.0781,1,484,932,235
279351307,45149,-0.3716,-0.1401,0.9409,4.6997,-10.4370,81.5430,1,465,926,235
279356307,45150,-0.3506,-0.1372,1.0039,0.4272,-6.1035,82.7026,1,484,921,235
279361307,45151,-0.3359,-0.1328,1.0474,-2.0752,-0.4272,83.8623,1,466,845,235
279366303,45152,-0.3345,-0.1191,1.0625,-3.2959,5.3101,84.7778,1,472,943,235
279371306,45153,-0.3374,-0.0977,1.0562,-3.5400,10.8643,85.4492,1,502,890,235
279376310,45154,-0.3389,-0.0698,1.0376,-3.4180,15.8691,85.7544,1,484,792,235
279381302,45155,-0.3413,-0.0376,1.0146,-3.1128,20.6299,85.5102,1,484,854,235
279386302,45156,-0.3428,-0.0039,0.9946,-3.0518,24.5361,84.6558,1,475,873,235
279391305,45157,-0.3374,0.0234,0.9814,-3.1128,27.7100,83.4961,1,506,869,235
279396308,45158,-0.3281,0.0381,0.9746,-3.3569,31.3110,82.0312,1,473,888,235
279401308,45159,-0.3228,0.0444,0.9697,-3.4180,34.7290,80.0781,1,476,893,235
279406305,45160,-0.3208,0.0449,0.9688,-3.4180,37.2925,77.9419,1,493,878,235
279411302,45161,-0.3125,0.0405,0.9771,-3.2959,39.4897,75.9888,1,466,935,235
279416302,45162,-0.2949,0.0317,0.9922,-3.1738,42.6025,74.2798,1,466,904,235
279421306,45163,-0.2803,0.0186,1.0039,-2.6245,46.7529,72.6929,1,466,918,235
279426307,45164,-0.2734,0.0000,1.0068,-2.1362,50.2319,71.4722,1,466,915,235
279431308,45165,-0.2690,-0.0210,1.0029,-1.9531,53.2227,70.7397,1,466,873,235
279436307,45166,-0.2656,-0.0454,0.9976,-2.1362,55.9082,70.3735,1,466,914,235
279441311,45167,-0.2617,-0.0703,1.0000,-2.9297,58.1055,70.6177,1,465,917,235
279446302,45168,-0.2524,-0.0933,1.0132,-3.9062,59.8755,71.5332,1,466,903,235
279451306,45169,-0.2397,-0.1152,1.0317,-5.1270,62.2559,72.6929,1,484,914,235
279456306,45170,-0.2271,-0.1343,1.0488,-6.3477,64.9414,74.2188,1,466,920,235
279461309,45171,-0.2173,-0.1519,1.0610,-7.7515,67.4438,76.1108,1,484,944,235
279466307,45172,-0.2144,-0.1660,1.0688,-8.9111,69.5190,78.0029,1,492,852,235
279471309,45173,-0.2100,-0.1772,1.0840,-10.2539,70.9839,80.2612,1,477,950,235
279476302,45174,-0.1929,-0.1875,1.1118,-11.7187,72.6318,82.8857,1,503,966,235
279481305,45175,-0.1665,-0.1953,1.1431,-13.1836,75.5615,85.6934,1,470,818,235
279486307,45176,-0.1450,-0.2002,1.1636,-14.3433,79.2847,88.2568,1,475,915,235
279491301,45177,-0.1357,-0.1997,1.1733,-15.3809,82.2754,90.8813,1,496,884,235
279496304,45178,-0.1279,-0.1914,1.1816,-16.8457,84.8999,93.4448,1,491,897,235
279501303,45179,-0.1104,-0.1777,1.1904,-18.3105,87.5854,95.9473,1,480,934,235
279506308,45180,-0.0894,-0.1631,1.1943,-19.5923,91.0034,97.9004,1,484,906,235
279511302,45181,-0.0732,-0.1519,1.1860,-20.6299,94.3603,99.7314,1,493,893,235
279516304,45182,-0.0635,-0.1436,1.1670,-21.1792,96.6797,101.4404,1,466,938,235
279521306,45183,-0.0552,-0.1382,1.1445,-21.6064,98.2056,103.2104,1,466,940,235
279526301,45184,-0.0469,-0.1333,1.1245,-21.9116,98.9380,104.7974,1,466,941,235
279531306,45185,-0.0396,-0.1274,1.1108,-21.9727,99.0601,106.1401,1,466,946,235
279536301,45186,-0.0332,-0.1191,1.1045,-21.9727,98.6938,107.4219,1,466,938,235
279541306,45187,-0.0273,-0.1089,1.1084,-22.1558,97.7783,108.2764,1,466,944,235
279546316,45188,-0.0171,-0.1006,1.1230,-22.7051,96.4966,108.9477,1,466,938,235
279551310,45189,0.0015,-0.0947,1.1450,-23.1323,95.6421,109.4971,1,466,932,235
279556304,45190,0.0210,-0.0903,1.1646,-23.4375,95.7642,109.8022,1,483,933,235
279561318,45191,0.0337,-0.0854,1.1738,-23.8037,96.2524,109.8633,1,475,934,235
279566302,45192,0.0386,-0.0815,1.1733,-24.1089,96.2524,109.4360,1,484,944,235
279571306,45193,0.0410,-0.0796,1.1704,-24.4141,95.7642,108.8867,1,493,929,235
279576303,45194,0.0483,-0.0791,1.1704,-24.5972,94.7876,108.2153,1,496,934,235
279581304,45195,0.0640,-0.0791,1.1729,-25.0854,94.2993,107.5439,1,504,998,235
279586301,45196,0.0786,-0.0801,1.1743,-25.9399,94.3603,106.6894,1,486,820,235
279591309,45197,0.0840,-0.0825,1.1772,-26.9775,93.9941,105.7739,1,474,893,235
279596308,45198,0.0864,-0.0894,1.1855,-28.0151,92.9565,104.9805,1,489,901,235
279601301,45199,0.0957,-0.0972,1.2002,-29.0527,92.2241,104.4922,1,504,893,235
279606304,45200,0.1123,-0.1040,1.2178,-30.1514,92.4072,103.8208,1,481,926,235
279611308,45201,0.1230,-0.1123,1.2358,-30.8228,92.7124,103.2715,1,493,909,235
279616306,45202,0.1284,-0.1191,1.2578,-31.3721,92.5903,102.9053,1,492,916,235
279621307,45203,0.1421,-0.1230,1.2832,-32.4097,92.6514,102.7222,1,465,946,235
279626308,45204,0.1655,-0.1265,1.3013,-33.5083,94.4824,102.9663,1,466,934,235
279631306,45205,0.1821,-0.1313,1.2979,-34.1187,97.4121,103.2715,1,466,941,235
279636308,45206,0.1807,-0.1382,1.2671,-34.6680,99.8535,104.1870,1,466,943,235
279641309,45207,0.1689,-0.1470,1.2178,-34.7290,100.7080,105.5908,1,466,934,235
279646308,45208,0.1597,-0.1533,1.1660,-33.9966,100.2808,107.3608,1,466,939,235
279651301,45209,0.1562,-0.1523,1.1201,-33.0811,98.8769,109.0698,1,466,939,235
279656307,45210,0.1592,-0.1445,1.0811,-32.1045,96.5576,110.9009,1,483,967,235
279661306,45211,0.1621,-0.1323,1.0493,-31.3721,93.4448,112.1826,1,466,929,235
279666306,45212,0.1636,-0.1157,1.0298,-31.3721,89.7827,113.0981,1,484,951,235
279671301,45213,0.1699,-0.1001,1.0249,-32.1655,85.7544,113.7695,1,492,933,235
279676310,45214,0.1816,-0.0918,1.0288,-33.5693,82.5195,114.5019,1,488,936,235
279681301,45215,0.1904,-0.0918,1.0361,-34.7900,79.4678,115.1123,1,507,967,235
279686306,45216,0.1963,-0.0996,1.0444,-35.6445,76.6602,115.7837,1,482,804,235
279691303,45217,0.2007,-0.1138,1.0532,-36.0718,73.9746,116.7602,1,486,908,235
279696307,45218,0.2002,-0.1245,1.0649,-35.8276,70.9229,117.7368,1,490,881,235
279701301,45219,0.2051,-0.1270,1.0869,-35.2173,67.1997,118.8354,1,501,885,235
279706309,45220,0.2261,-0.1201,1.1147,-34.6680,64.3311,120.3003,1,478,925,235
279711301,45221,0.2534,-0.1084,1.1406,-34.7900,63.5376,121.7651,1,492,896,235
279716305,45222,0.2695,-0.0991,1.1621,-34.6069,63.4766,122.8638,1,493,910,235
279721308,45223,0.2759,-0.0923,1.1836,-34.1797,63.1714,123.7793,1,466,941,235
279726310,45224,0.2856,-0.0874,1.2109,-33.3862,63.0493,124.6948,1,466,934,235
279731306,45225,0.3047,-0.0815,1.2393,-32.2876,63.8428,125.1831,1,466,946,235
279736308,45226,0.3247,-0.0698,1.2568,-30.8228,65.4297,125.3662,1,466,932,235
279741305,45227,0.3364,-0.0527,1.2573,-29.2358,67.2607,125.0000,1,466,941,235
279746309,45228,0.3403,-0.0376,1.2407,-27.5269,68.8477,124.3896,1,466,947,235
279751307,45229,0.3423,-0.0293,1.2095,-25.4517,70.0684,123.4741,1,465,938,235
279756304,45230,0.3447,-0.0229,1.1655,-22.8882,70.7397,122.4365,1,483,930,235
279761318,45231,0.3442,-0.0117,1.1094,-20.2026,70.6177,121.3379,1,474,945,235
279766308,45232,0.3394,0.0024,1.0464,-18.1274,69.5801,119.9341,1,484,930,235
279771303,45233,0.3311,0.0132,0.9858,-16.9067,67.3218,118.5913,1,493,907,235
279776307,45234,0.3228,0.0146,0.9336,-16.0522,64.1479,117.1265,1,505,955,235
279781303,45235,0.3120,0.0088,0.8936,-15.5640,60.7300,115.7837,1,466,918,235
279786301,45236,0.3013,0.0000,0.8662,-15.4419,56.2744,114.8071,1,498,814,235
279791305,45237,0.2949,-0.0137,0.8521,-15.8081,51.6968,113.8916,1,486,853,235
279796307,45238,0.2891,-0.0332,0.8501,-16.2354,47.4853,113.2812,1,504,891,235
279801304,45239,0.2827,-0.0552,0.8613,-16.5405,42.9687,113.2812,1,476,904,235
279806302,45240,0.2861,-0.0767,0.8838,-17.0898,38.5742,113.8306,1,491,914,235
279811309,45241,0.2969,-0.0952,0.9087,-17.7002,35.5835,114.7461,1,493,900,235
279816305,45242,0.3042,-0.1108,0.9258,-18.1274,33.2031,116.3330,1,466,891,235
279821307,45243,0.3057,-0.1240,0.9292,-18.2495,31.1890,118.1641,1,466,927,235
279826303,45244,0.3022,-0.1323,0.9185,-17.8833,29.6631,119.9951,1,466,933,235
279831306,45245,0.2915,-0.1313,0.9004,-17.0288,27.7710,122.0703,1,466,940,235
279836305,45246,0.2773,-0.1211,0.8823,-16.3574,24.9023,123.8403,1,466,933,235
279841303,45247,0.2666,-0.1084,0.8706,-15.9912,21.6675,125.4272,1,466,941,235
279846314,45248,0.2588,-0.0923,0.8672,-15.4419,18.8599,126.5869,1,466,947,235
279851308,45249,0.2510,-0.0693,0.8716,-15.5029,15.7471,127.3804,1,466,933,235
279856302,45250,0.2466,-0.0430,0.8833,-15.8691,12.5122,127.5635,1,483,936,235
279861309,45251,0.2485,-0.0181,0.9014,-16.4185,9.9487,126.9531,1,477,947,235
279866303,45252,0.2529,0.0020,0.9199,-16.6016,8.2397,125.9155,1,465,908,235
279871303,45253,0.2554,0.0171,0.9307,-16.2964,6.9580,124.3896,1,496,858,235
279876302,45254,0.2520,0.0317,0.9277,-15.9302,5.9814,122.4365,1,505,940,235
279881308,45255,0.2422,0.0493,0.9097,-15.3809,4.8828,119.8730,1,467,916,235
279886303,45256,0.2300,0.0693,0.8843,-14.7705,2.8076,117.0654,1,489,801,235
279891309,45257,0.2192,0.0850,0.8594,-14.2822,0.0000,113.8306,1,499,906,235
279896303,45258,0.2104,0.0933,0.8438,-14.1602,-3.1128,110.1684,1,492,829,235
279901304,45259,0.2021,0.0977,0.8418,-14.2212,-6.4087,106.6894,1,504,902,235
279906309,45260,0.1934,0.0981,0.8525,-14.5264,-9.4604,103.2104,1,473,890,235
279911302,45261,0.1836,0.0913,0.8735,-14.4653,-12.2681,99.7314,1,493,896,235
279916307,45262,0.1724,0.0811,0.9014,-13.9770,-14.8926,96.2524,1,493,913,235
279921310,45263,0.1641,0.0718,0.9326,-13.5498,-16.9678,92.7734,1,466,933,235
279926304,45264,0.1582,0.0625,0.9614,-13.1226,-18.4937,89.2944,1,466,932,235
279931301,45265,0.1499,0.0557,0.9824,-12.8174,-19.1040,85.7544,1,466,933,235
279936308,45266,0.1367,0.0508,0.9902,-12.6343,-19.2871,82.0923,1,465,930,235
279941305,45267,0.1191,0.0439,0.9863,-12.5732,-19.3481,78.4302,1,466,927,235
279946321,45268,0.0996,0.0347,0.9736,-12.6343,-19.8975,75.1343,1,466,932,235
279951305,45269,0.0806,0.0225,0.9600,-13.0005,-20.9961,72.2046,1,466,922,235
279956304,45270,0.0630,0.0063,0.9551,-13.9770,-22.3389,69.4580,1,465,912,235
279961321,45271,0.0503,-0.0146,0.9639,-14.7705,-23.9258,67.0166,1,484,923,235
279966307,45272,0.0425,-0.0342,0.9790,-15.3198,-24.4751,65.2466,1,465,916,235
279971304,45273,0.0332,-0.0508,0.9863,-16.0522,-24.1699,63.9648,1,505,866,235
279976305,45274,0.0171,-0.0635,0.9814,-16.4795,-23.8037,62.8052,1,495,971,235
279981307,45275,-0.0044,-0.0723,0.9707,-16.9678,-24.1089,62.0728,1,479,874,235
279986301,45276,-0.0200,-0.0791,0.9629,-17.6392,-24.8413,61.7676,1,508,794,235
279991307,45277,-0.0259,-0.0835,0.9604,-18.1885,-25.4517,61.3403,1,500,881,235
279996309,45278,-0.0249,-0.0830,0.9517,-18.6157,-25.7568,60.9741,1,490,878,235
280001303,45279,-0.0249,-0.0762,0.9277,-19.1040,-26.0620,60.3638,1,481,903,235
280006301,45280,-0.0317,-0.0625,0.8936,-19.8975,-27.2217,59.1431,1,472,897,235
280011304,45281,-0.0396,-0.0405,0.8613,-21.1182,-29.4800,57.6172,1,493,895,235
280016302,45282,-0.0283,0.0620,0.8237,-23.1934,-32.8979,54.9927,1,466,935,235
280021304,45283,-0.0015,0.2671,0.7422,-35.2173,-40.1001,46.5698,1,465,933,235
280026304,45284,-0.0273,0.2876,0.6406,-64.0259,-49.1333,34.6069,1,466,909,235
280031306,45285,-0.1440,-0.0420,0.6221,-79.0405,-58.1665,32.8979,1,466,924,235
280036307,45286,-0.2661,-0.3589,0.7241,-63.7817,-67.8101,41.0156,1,466,926,235
280041309,45287,-0.2959,-0.3467,0.9053,-51.0864,-74.4629,47.3022,1,465,936,235
280046319,45288,-0.2534,-0.1382,1.1001,-52.2461,-75.0732,48.2178,1,466,930,235
280051308,45289,-0.2227,0.0015,1.2290,-58.2275,-71.3501,47.7905,1,466,927,235
280056302,45290,-0.2256,-0.0146,1.2573,-62.7441,-66.8945,48.9502,1,483,926,235
280061309,45291,-0.2173,-0.0806,1.1997,-60.4858,-65.4297,51.4526,1,475,940,235
280066303,45292,-0.1875,-0.0840,1.0874,-57.3120,-64.3311,51.8799,1,484,932,235
280071306,45293,-0.1636,-0.0356,0.9619,-56.1523,-65.4297,50.4761,1,492,917,235
280076306,45294,-0.1475,0.0098,0.8691,-54.0161,-68.7866,48.6450,1,482,959,235
280081304,45295,-0.1279,0.0459,0.8442,-51.2085,-73.7305,46.0815,1,508,972,235
280086303,45296,-0.0894,0.0864,0.8901,-48.4009,-78.6743,43.7012,1,467,805,235
280091301,45297,-0.0430,0.1299,0.9814,-46.1426,-80.5664,40.6494,1,493,829,235
280096301,45298,-0.0146,0.1748,1.0845,-43.5791,-79.8950,36.9263,1,496,887,235
280101306,45299,-0.0049,0.2344,1.1714,-38.8794,-77.8198,32.7759,1,492,879,235
280106305,45300,-0.0044,0.3096,1.2261,-35.1562,-75.0732,27.0996,1,481,913,235
280111303,45301,-0.0005,0.3823,1.2515,-32.4097,-72.5708,20.5078,1,491,922,235
280116304,45302,0.0112,0.4307,1.2607,-29.8462,-68.3594,13.0005,1,493,886,235
280121305,45303,0.0195,0.4424,1.2554,-28.1982,-63.7207,5.1880,1,465,894,235
280126302,45304,0.0117,0.4097,1.2373,-27.4048,-59.4482,-2.0142,1,466,918,235
280131308,45305,-0.0132,0.2158,1.2129,-28.7476,-53.9551,-12.3901,1,466,917,235
280136306,45306,-0.0127,0.0864,1.2031,-30.6396,-50.9644,-14.7705,1,465,938,235
280141310,45307,-0.0166,-0.0420,1.1812,-32.4097,-48.0347,-15.2588,1,466,936,235
280146301,45308,-0.0273,-0.1509,1.1426,-33.2031,-46.0815,-14.0991,1,466,928,235
280151316,45309,-0.0400,-0.2227,1.0947,-33.6304,-44.6777,-11.9629,1,466,932,235
280156306,45310,-0.0488,-0.2524,1.0562,-33.9355,-44.4336,-9.5215,1,466,932,235
280161310,45311,-0.0532,-0.2505,1.0347,-34.0576,-44.5557,-7.0190,1,484,917,235
280166307,45312,-0.0747,-0.2549,1.0410,-32.9590,-44.5557,-4.8218,1,465,911,235
280171306,45313,-0.1108,-0.3252,1.1479,-27.0386,-44.3726,-1.5259,1,485,902,235
280176308,45314,-0.0430,-0.3628,1.3701,-9.3384,-44.4946,2.9297,1,492,864,235
280181306,45315,0.1318,-0.2861,1.5537,1.8311,-32.7759,3.1128,1,474,943,235
280186305,45316,0.2310,-0.2183,1.5728,-1.4038,-13.8550,2.0752,1,498,889,235
280191305,45317,0.1855,-0.1968,1.4302,2.8076,-2.8687,3.4180,1,503,895,235
280196306,45318,0.0645,-0.1729,1.2173,6.0425,1.4648,3.9673,1,502,877,235
280201304,45319,-0.0547,-0.1533,1.0518,6.5308,2.2583,2.9907,1,482,835,235
280206309,45320,-0.1177,-0.1489,0.9849,8.9722,-1.4648,3.3569,1,503,837,235
280211302,45321,-0.1108,-0.1538,1.0024,10.1929,-4.2114,3.7842,1,505,842,235
280216308,45322,-0.0688,-0.1465,1.0591,12.2070,-5.3101,4.2725,1,480,876,235
280221302,45323,-0.0264,-0.1152,1.1104,13.5498,-4.6997,4.2114,1,469,866,235
280226306,45324,-0.0044,-0.0747,1.1338,13.4277,-2.6855,3.9062,1,493,881,235
280231306,45325,-0.0054,-0.0396,1.1270,12.8784,-0.6714,3.6011,1,466,903,235
280236305,45326,-0.0244,-0.0220,1.0981,11.4746,1.0986,2.9297,1,465,893,235
280241304,45327,-0.0518,-0.0322,1.0605,10.3760,1.5869,2.3804,1,466,905,235
280246308,45328,-0.0742,-0.0649,1.0254,10.1318,0.7324,2.0142,1,466,898,235
280251306,45329,-0.0811,-0.0947,1.0049,10.3760,-0.4272,2.0752,1,466,899,235
280256302,45330,-0.0723,-0.1021,1.0112,11.0474,-1.5259,2.5635,1,466,891,235
280261303,45331,-0.0542,-0.0869,1.0391,11.2305,-1.6479,2.7466,1,465,895,235
280266303,45332,-0.0386,-0.0674,1.0654,10.6812,-0.7324,2.8076,1,483,896,235
280271305,45333,-0.0337,-0.0527,1.0728,10.0708,0.3052,2.9907,1,465,898,235
280276336,45334,-0.0415,-0.0376,1.0649,9.0332,0.9155,2.9297,1,484,879,235
280281305,45335,-0.0537,-0.0264,1.0513,7.9956,0.6714,2.5635,1,484,819,235
280286305,45336,-0.0625,-0.0269,1.0459,6.7749,0.3662,2.1973,1,467,869,235
280291309,45337,-0.0601,-0.0376,1.0571,5.5542,-0.3662,1.8921,1,471,876,235
280296302,45338,-0.0483,-0.0532,1.0688,4.9438,-0.4272,1.6479,1,495,752,235
280301302,45339,-0.0405,-0.0581,1.0645,4.6387,0.0610,1.7090,1,484,854,235
280306307,45340,-0.0454,-0.0493,1.0518,4.0894,0.3052,1.6479,1,488,828,235
280311304,45341,-0.0576,-0.0522,1.0342,3.2959,0.0610,1.2207,1,504,830,235
280316305,45342,-0.0669,-0.0713,1.0142,3.7231,-0.6104,1.2207,1,478,850,235
280321307,45343,-0.0649,-0.0796,1.0122,4.4556,-1.4038,1.4648,1,478,847,235
280326307,45344,-0.0537,-0.0684,1.0312,4.4556,-1.2817,1.5259,1,480,856,235
280331308,45345,-0.0435,-0.0522,1.0542,4.0894,-0.8545,1.5869,1,493,883,235
280336309,45346,-0.0386,-0.0420,1.0664,3.4790,-0.6104,1.3428,1,466,877,235
280341302,45347,-0.0391,-0.0386,1.0649,2.7466,0.1831,0.9766,1,466,878,235
280346301,45348,-0.0439,-0.0430,1.0552,2.1973,0.4272,0.7935,1,466,876,235
280351303,45349,-0.0508,-0.0537,1.0410,1.8921,0.4883,0.7324,1,466,880,235
280356309,45350,-0.0562,-0.0620,1.0327,1.8311,0.4883,0.6104,1,466,874,235
280361309,45351,-0.0566,-0.0591,1.0337,1.8311,0.4272,0.5493,1,466,872,235
280366302,45352,-0.0532,-0.0498,1.0391,1.4038,0.5493,0.6104,1,466,877,235
280371301,45353,-0.0493,-0.0430,1.0415,0.9766,0.5493,0.6104,1,483,876,235
280376305,45354,-0.0483,-0.0435,1.0391,0.4272,0.9766,0.4883,1,466,865,235
280381301,45355,-0.0503,-0.0522,1.0327,0.1221,1.1597,0.3662,1,485,860,235
280386309,45356,-0.0532,-0.0605,1.0283,0.1831,1.0376,0.3662,1,484,865,235
280391303,45357,-0.0547,-0.0581,1.0303,0.3052,1.2817,0.3052,1,500,910,235
280396304,45358,-0.0542,-0.0498,1.0352,-0.0610,1.4038,0.1831,1,469,746,235
280401309,45359,-0.0547,-0.0483,1.0361,-0.6104,1.4038,0.0000,1,495,755,235
280406306,45360,-0.0547,-0.0581,1.0352,-0.8545,1.2817,0.1831,1,494,784,235
280411303,45361,-0.0532,-0.0649,1.0356,-0.8545,1.2207,0.1831,1,481,831,235
280416304,45362,-0.0518,-0.0581,1.0371,-0.7935,1.4038,0.1221,1,502,836,235
280421303,45363,-0.0518,-0.0503,1.0371,-1.2207,1.3428,0.0000,1,488,850,235
280426302,45364,-0.0532,-0.0522,1.0347,-1.4038,1.4648,-0.1221,1,478,801,235
280431304,45365,-0.0532,-0.0571,1.0322,-1.5869,1.4038,-0.1831,1,482,852,235
280436307,45366,-0.0493,-0.0581,1.0342,-1.6479,1.3428,-0.1221,1,493,860,235
280441301,45367,-0.0469,-0.0557,1.0376,-1.5869,1.6479,-0.0610,1,466,880,235
280446307,45368,-0.0479,-0.0522,1.0352,-1.9531,1.8311,-0.1221,1,465,878,235
280451306,45369,-0.0537,-0.0522,1.0254,-2.0142,2.0142,-0.1221,1,466,876,235
280456302,45370,-0.0615,-0.0562,1.0132,-2.0752,1.6479,-0.1221,1,466,878,235
280461303,45371,-0.0669,-0.0635,1.0078,-1.9531,1.2817,-0.0610,1,466,877,235
280466306,45372,-0.0693,-0.0693,1.0093,-1.7090,0.7324,0.0000,1,466,879,235
280471301,45373,-0.0679,-0.0684,1.0127,-1.4038,0.3052,0.1221,1,466,832,235
280476303,45374,-0.0640,-0.0649,1.0156,-1.3428,0.1831,0.0000,1,483,870,235
280481308,45375,-0.0581,-0.0645,1.0176,-1.1597,0.1221,0.0000,1,465,778,235
280486321,45376,-0.0542,-0.0654,1.0190,-1.0376,0.0000,0.0610,1,484,826,235
280491308,45377,-0.0532,-0.0630,1.0215,-0.9155,0.1831,0.1221,1,465,816,235
280496307,45378,-0.0552,-0.0562,1.0254,-0.9155,0.3052,0.1221,1,499,931,235
280501308,45379,-0.0542,-0.0498,1.0288,-1.2817,0.3052,0.1221,1,508,858,235
280506308,45380,-0.0503,-0.0483,1.0303,-1.9531,0.6104,0.0610,1,468,838,235
280511306,45381,-0.0503,-0.0547,1.0273,-2.0142,1.1597,0.0610,1,496,825,235
280516301,45382,-0.0547,-0.0635,1.0200,-1.9531,1.0986,0.2441,1,482,825,235
280521303,45383,-0.0596,-0.0693,1.0132,-1.8311,1.0376,0.1221,1,492,832,235
280526303,45384,-0.0625,-0.0703,1.0093,-1.5259,0.9155,0.1831,1,475,842,235
280531302,45385,-0.0635,-0.0684,1.0078,-1.2817,0.7935,0.3052,1,486,847,235
280536305,45386,-0.0625,-0.0684,1.0088,-1.0986,0.6714,0.3052,1,492,846,235
280541305,45387,-0.0615,-0.0703,1.0112,-0.6104,0.4883,0.2441,1,466,868,235
280546308,45388,-0.0605,-0.0698,1.0132,-0.3052,0.4883,0.3052,1,465,878,235
280551304,45389,-0.0605,-0.0674,1.0132,-0.1831,0.4272,0.3662,1,466,870,235
280556301,45390,-0.0615,-0.0659,1.0112,0.0610,0.4272,0.3662,1,466,881,235
280561309,45391,-0.0640,-0.0674,1.0068,0.3052,0.4272,0.3052,1,466,883,235
280566304,45392,-0.0688,-0.0698,1.0010,0.6104,0.1831,0.2441,1,466,899,235
280571318,45393,-0.0728,-0.0737,0.9971,1.0986,-0.3662,0.1221,1,466,876,235
280576306,45394,-0.0718,-0.0786,0.9971,1.6479,-0.8545,0.1831,1,466,875,235
280581306,45395,-0.0679,-0.0815,1.0005,2.3804,-1.1597,0.1831,1,484,878,235
280586304,45396,-0.0640,-0.0811,1.0034,3.1128,-1.5869,0.3052,1,472,863,235
280591334,45397,-0.0649,-0.0767,1.0024,3.7842,-1.5259,0.2441,1,465,873,235
280596303,45398,-0.0693,-0.0728,1.0029,4.1504,-1.8921,0.1221,1,465,907,235
280601301,45399,-0.0664,-0.0674,1.0122,4.5776,-2.4414,0.1831,1,472,860,235
280606305,45400,-0.0532,-0.0576,1.0303,4.5166,-2.1362,0.0000,1,500,878,235
280611304,45401,-0.0479,-0.0464,1.0396,4.1504,-1.2207,-0.1831,1,476,794,235
280616306,45402,-0.0581,-0.0459,1.0283,3.6011,-1.5259,-0.3052,1,483,828,235
280621309,45403,-0.0669,-0.0605,1.0112,3.6011,-2.1973,-0.3052,1,484,827,235
280626306,45404,-0.0654,-0.0728,1.0068,4.0894,-2.3193,-0.2441,1,499,827,235
280631304,45405,-0.0596,-0.0688,1.0156,4.4556,-2.2583,-0.2441,1,490,853,235
280636308,45406,-0.0547,-0.0552,1.0269,4.5776,-2.3193,-0.3052,1,479,859,235
280641301,45407,-0.0527,-0.0469,1.0337,4.1504,-2.2583,-0.4272,1,493,850,235
280646304,45408,-0.0527,-0.0464,1.0347,3.8452,-2.1973,-0.4883,1,466,879,235
280651308,45409,-0.0527,-0.0488,1.0332,3.5400,-2.0142,-0.5493,1,466,882,235
280656304,45410,-0.0522,-0.0493,1.0308,3.4790,-1.7700,-0.6104,1,466,886,235
280661304,45411,-0.0522,-0.0488,1.0283,3.1738,-1.8311,-0.7324,1,465,879,235
280666303,45412,-0.0527,-0.0513,1.0259,3.1738,-1.8311,-0.6104,1,465,887,235
280671304,45413,-0.0562,-0.0557,1.0220,3.2959,-1.8921,-0.5493,1,466,877,235
280676320,45414,-0.0610,-0.0576,1.0161,3.2959,-2.0752,-0.5493,1,465,878,235
280681309,45415,-0.0610,-0.0566,1.0142,3.1738,-2.3804,-0.6714,1,465,885,235
280686305,45416,-0.0557,-0.0576,1.0171,3.2349,-2.3193,-0.6714,1,484,881,235
280691308,45417,-0.0527,-0.0591,1.0171,3.4790,-2.2583,-0.5493,1,476,870,235
280696304,45418,-0.0566,-0.0586,1.0142,3.7842,-2.4414,-0.6104,1,465,825,235
280701301,45419,-0.0605,-0.0571,1.0132,3.9062,-2.8076,-0.6104,1,466,907,235
280706301,45420,-0.0591,-0.0557,1.0166,3.9673,-3.0518,-0.6104,1,474,868,235
280711301,45421,-0.0552,-0.0557,1.0215,3.9062,-2.9907,-0.7324,1,500,743,235
280716305,45422,-0.0537,-0.0562,1.0229,4.0894,-2.9297,-0.9155,1,480,759,235
280721305,45423,-0.0493,-0.0571,1.0234,4.2725,-2.9907,-0.8545,1,482,835,235
280726304,45424,-0.0522,-0.0566,1.0225,4.5776,-2.3193,-0.7935,1,481,839,235
280731303,45425,-0.0630,-0.0513,1.0181,4.4556,-3.1128,-0.8545,1,505,841,235
280736302,45426,-0.0596,-0.0464,1.0234,4.0894,-3.9062,-0.8545,1,473,846,235
280741309,45427,-0.0479,-0.0420,1.0352,3.9062,-3.2959,-1.0376,1,480,849,235
280746309,45428,-0.0435,-0.0391,1.0361,3.4180,-2.9907,-0.9766,1,492,848,235
280751310,45429,-0.0474,-0.0425,1.0273,3.1128,-3.0518,-1.0376,1,466,875,235
280756303,45430,-0.0518,-0.0474,1.0220,3.0518,-3.1738,-1.0376,1,466,876,235
280761305,45431,-0.0503,-0.0469,1.0244,2.8687,-3.1128,-1.0986,1,466,877,235
280766301,45432,-0.0469,-0.0410,1.0293,2.5024,-2.9297,-1.0376,1,466,878,235
280771310,45433,-0.0425,-0.0356,1.0317,2.2583,-2.6855,-0.9766,1,465,876,235
280776308,45434,-0.0396,-0.0352,1.0308,1.7700,-2.1362,-0.9766,1,466,886,235
280781306,45435,-0.0444,-0.0386,1.0259,1.4038,-1.5869,-0.9155,1,465,876,235
280786302,45436,-0.0547,-0.0410,1.0176,1.3428,-1.8311,-1.0376,1,466,883,235
280791306,45437,-0.0581,-0.0464,1.0137,1.0376,-2.5024,-1.1597,1,483,872,235
280796302,45438,-0.0518,-0.0522,1.0176,1.0986,-2.1973,-0.9766,1,466,868,235
280801319,45439,-0.0449,-0.0532,1.0220,1.1597,-1.9531,-0.9155,1,484,867,235
280806302,45440,-0.0444,-0.0488,1.0229,1.4648,-1.7700,-0.9766,1,465,882,235
280811305,45441,-0.0469,-0.0430,1.0190,1.2817,-1.8921,-0.9155,1,509,911,235
280816306,45442,-0.0493,-0.0444,1.0156,1.1597,-1.7090,-0.9766,1,490,864,235
280821304,45443,-0.0522,-0.0483,1.0146,1.3428,-2.0142,-0.9766,1,472,785,235
280826309,45444,-0.0537,-0.0503,1.0142,1.5259,-2.1973,-0.9766,1,478,843,235
280831307,45445,-0.0513,-0.0479,1.0166,1.7090,-2.1973,-0.9766,1,476,828,235
280836302,45446,-0.0483,-0.0435,1.0200,1.7700,-2.3193,-1.0376,1,498,828,235
280841307,45447,-0.0464,-0.0430,1.0225,1.5869,-2.1362,-1.0986,1,474,849,235
280846306,45448,-0.0459,-0.0439,1.0229,1.5259,-2.1973,-1.0986,1,478,853,235
280851310,45449,-0.0449,-0.0435,1.0239,1.4038,-2.1362,-0.9766,1,481,854,235
280856306,45450,-0.0415,-0.0425,1.0273,1.3428,-2.0142,-0.7935,1,493,853,235
280861308,45451,-0.0420,-0.0410,1.0264,1.2207,-1.3428,-0.9766,1,466,877,235
280866308,45452,-0.0459,-0.0391,1.0220,0.7935,-1.6479,-0.9155,1,466,875,235
280871309,45453,-0.0435,-0.0386,1.0269,0.3662,-1.7700,-1.0986,1,466,876,235
280876308,45454,-0.0366,-0.0352,1.0361,0.0610,-1.3428,-1.2817,1,466,879,235
280881303,45455,-0.0352,-0.0342,1.0371,-0.3052,-0.6104,-1.1597,1,466,881,235
280886302,45456,-0.0396,-0.0381,1.0293,-0.6104,-0.5493,-1.1597,1,466,872,235
280891309,45457,-0.0439,-0.0430,1.0229,-0.7324,-0.4272,-1.1597,1,465,873,235
280896306,45458,-0.0444,-0.0444,1.0225,-0.9155,-0.1831,-1.0376,1,465,884,235
280901301,45459,-0.0435,-0.0435,1.0249,-1.0376,0.1221,-1.1597,1,466,881,235
280906318,45460,-0.0430,-0.0435,1.0269,-1.1597,0.3052,-1.0376,1,484,862,235
280911307,45461,-0.0439,-0.0439,1.0269,-1.1597,0.5493,-0.8545,1,466,897,235
280916309,45462,-0.0449,-0.0449,1.0244,-1.2817,0.6714,-0.8545,1,509,908,235
280921309,45463,-0.0459,-0.0464,1.0205,-1.3428,0.8545,-0.9155,1,490,870,235
280926307,45464,-0.0488,-0.0474,1.0166,-1.4038,1.0986,-0.8545,1,499,780,235
280931304,45465,-0.0513,-0.0493,1.0146,-1.4038,1.0376,-0.8545,1,483,843,235
280936305,45466,-0.0518,-0.0508,1.0161,-1.2207,0.7935,-0.7935,1,489,832,235
280941308,45467,-0.0493,-0.0518,1.0195,-1.1597,0.8545,-0.7935,1,492,827,235
280946306,45468,-0.0479,-0.0518,1.0205,-1.0376,0.9155,-0.9155,1,478,849,235
280951307,45469,-0.0488,-0.0518,1.0186,-1.0376,0.7324,-0.9155,1,489,847,235
280956306,45470,-0.0488,-0.0532,1.0156,-0.9766,0.4883,-0.7935,1,489,850,235
280961305,45471,-0.0503,-0.0527,1.0151,-0.9155,0.4883,-0.8545,1,493,849,235
280966301,45472,-0.0508,-0.0527,1.0171,-0.6714,0.1831,-0.9155,1,466,876,235
280971305,45473,-0.0493,-0.0532,1.0186,-0.5493,0.1221,-0.9766,1,466,875,235
280976303,45474,-0.0483,-0.0527,1.0190,-0.2441,0.0610,-0.6714,1,466,876,235
280981309,45475,-0.0488,-0.0527,1.0186,0.0610,0.0610,-0.8545,1,466,879,235
280986301,45476,-0.0508,-0.0527,1.0181,0.2441,-0.2441,-0.7324,1,466,875,235
280991303,45477,-0.0518,-0.0518,1.0205,0.5493,-0.4883,-0.6104,1,466,879,235
280996304,45478,-0.0498,-0.0503,1.0249,0.6714,-0.6714,-0.5493,1,466,874,235
281001305,45479,-0.0464,-0.0498,1.0273,0.7324,-0.8545,-0.6714,1,484,878,235
281006301,45480,-0.0454,-0.0498,1.0259,0.7935,-0.9155,-0.5493,1,465,868,235
281011326,45481,-0.0474,-0.0498,1.0205,0.9155,-0.9766,-0.6104,1,484,826,235
281016304,45482,-0.0498,-0.0483,1.0176,1.2207,-1.3428,-0.6104,1,466,899,235
281021302,45483,-0.0498,-0.0464,1.0195,1.1597,-1.5869,-0.6714,1,481,867,235
281026302,45484,-0.0464,-0.0459,1.0239,1.0986,-1.5259,-0.6104,1,509,870,235
281031304,45485,-0.0435,-0.0444,1.0273,0.8545,-1.5259,-0.5493,1,493,753,235
281036307,45486,-0.0420,-0.0439,1.0264,0.7324,-1.5259,-0.5493,1,496,843,235
281041303,45487,-0.0425,-0.0459,1.0234,0.7324,-1.2817,-0.5493,1,475,833,235
281046308,45488,-0.0435,-0.0474,1.0220,0.5493,-1.4038,-0.5493,1,507,836,235
281051302,45489,-0.0449,-0.0464,1.0215,0.4883,-1.2207,-0.5493,1,492,870,235
281056303,45490,-0.0459,-0.0449,1.0229,0.4272,-1.1597,-0.5493,1,485,849,235
281061306,45491,-0.0454,-0.0430,1.0244,0.3052,-1.2207,-0.4272,1,481,853,235
281066309,45492,-0.0425,-0.0420,1.0259,0.2441,-0.9155,-0.3052,1,493,851,235
281071307,45493,-0.0400,-0.0425,1.0269,0.0610,-0.7324,-0.3052,1,466,876,235
281076304,45494,-0.0396,-0.0454,1.0254,0.0000,-0.4272,-0.3662,1,466,870,235
281081305,45495,-0.0415,-0.0488,1.0229,-0.0610,-0.1831,-0.4272,1,466,835,235
281086303,45496,-0.0435,-0.0503,1.0215,-0.2441,-0.0610,-0.4883,1,466,883,235
281091308,45497,-0.0454,-0.0498,1.0195,-0.1831,0.0000,-0.4272,1,466,873,235
281096307,45498,-0.0464,-0.0483,1.0176,-0.0610,0.0610,-0.3052,1,466,839,235
281101302,45499,-0.0469,-0.0469,1.0181,-0.0610,-0.1831,-0.3052,1,466,871,235
281106305,45500,-0.0454,-0.0474,1.0200,-0.0610,0.0610,-0.3662,1,484,865,235
281111301,45501,-0.0435,-0.0483,1.0225,-0.0610,0.3052,-0.3052,1,466,862,235
281116332,45502,-0.0420,-0.0488,1.0239,0.0610,0.2441,-0.1831,1,484,810,235
281121304,45503,-0.0430,-0.0483,1.0229,-0.1221,0.3052,-0.1831,1,465,880,235
281126305,45504,-0.0454,-0.0469,1.0200,0.0000,0.4272,-0.3052,1,477,865,235
281131302,45505,-0.0479,-0.0464,1.0156,0.0000,0.3052,-0.3662,1,481,732,235
281136309,45506,-0.0488,-0.0479,1.0122,0.0610,0.2441,-0.4272,1,510,761,235
281141308,45507,-0.0488,-0.0503,1.0127,0.2441,-0.1221,-0.2441,1,486,843,235
281146309,45508,-0.0474,-0.0498,1.0171,0.4883,-0.3052,-0.3052,1,491,828,235
281151310,45509,-0.0449,-0.0474,1.0220,0.5493,-0.4883,-0.3662,1,494,819,235
281156303,45510,-0.0439,-0.0474,1.0244,0.4883,-0.4883,-0.3662,1,483,832,235
281161310,45511,-0.0435,-0.0469,1.0249,0.3662,-0.4272,-0.3052,1,488,850,235
281166306,45512,-0.0435,-0.0464,1.0254,0.3662,-0.4883,-0.3052,1,490,846,235
281171301,45513,-0.0435,-0.0459,1.0259,0.3052,-0.4883,-0.4272,1,493,843,235
281176303,45514,-0.0435,-0.0464,1.0254,0.3052,-0.5493,-0.3662,1,465,873,235
281181309,45515,-0.0430,-0.0459,1.0249,0.0610,-0.7324,-0.3052,1,466,874,235
281186306,45516,-0.0430,-0.0444,1.0234,0.0610,-0.7324,-0.3052,1,466,873,235
281191306,45517,-0.0435,-0.0449,1.0215,0.0610,-0.6104,-0.3052,1,466,877,235
281196307,45518,-0.0435,-0.0474,1.0205,0.0000,-0.4883,-0.3662,1,465,869,235
281201304,45519,-0.0420,-0.0483,1.0215,0.1221,-0.4883,-0.2441,1,466,829,235
281206309,45520,-0.0415,-0.0469,1.0225,0.0610,-0.4883,-0.1831,1,465,877,235
281211308,45521,-0.0420,-0.0459,1.0225,0.0000,-0.4883,-0.3052,1,483,874,235
281216303,45522,-0.0420,-0.0464,1.0229,-0.1831,-0.3052,-0.2441,1,466,765,235
281221321,45523,-0.0420,-0.0483,1.0234,-0.1831,-0.3052,-0.1221,1,484,867,235
281226306,45524,-0.0415,-0.0503,1.0229,-0.1831,-0.0610,-0.1221,1,466,874,235
281231308,45525,-0.0415,-0.0498,1.0220,-0.1831,0.0610,-0.1831,1,508,901,235
281236307,45526,-0.0425,-0.0479,1.0225,-0.1831,0.0610,-0.1221,1,468,877,235
281241301,45527,-0.0435,-0.0469,1.0239,-0.4883,0.1221,-0.2441,1,496,749,235
281246309,45528,-0.0444,-0.0464,1.0239,-0.5493,0.2441,-0.1831,1,483,826,235
281251307,45529,-0.0444,-0.0474,1.0220,-0.4272,0.2441,-0.1221,1,498,838,235
281256309,45530,-0.0439,-0.0469,1.0200,-0.4272,0.2441,-0.1831,1,501,830,235
281261309,45531,-0.0464,-0.0459,1.0190,-0.6714,0.2441,-0.2441,1,506,832,235
281266309,45532,-0.0479,-0.0479,1.0205,-0.4272,0.0610,-0.1831,1,473,848,235
281271301,45533,-0.0454,-0.0503,1.0195,-0.0610,-0.0610,-0.1831,1,483,847,235
281276306,45534,-0.0454,-0.0498,1.0210,-0.1831,0.3052,-0.3662,1,493,847,235
281281307,45535,-0.0439,-0.0479,1.0229,-0.3662,0.0000,-0.3662,1,466,877,235
281286305,45536,-0.0430,-0.0464,1.0225,-0.4272,0.5493,-0.3662,1,466,838,235
281291302,45537,-0.0420,-0.0483,1.0249,-0.1831,-0.2441,-0.3662,1,466,881,235
281296310,45538,-0.0415,-0.0479,1.0234,0.3052,0.3052,-0.1831,1,466,888,235
281301307,45539,-0.0464,-0.0464,1.0205,-0.3662,0.3662,-0.4272,1,466,874,235
281306302,45540,-0.0483,-0.0474,1.0171,0.0000,0.1221,-0.2441,1,466,879,235
281311309,45541,-0.0488,-0.0479,1.0142,0.0000,0.0610,-0.0610,1,466,828,235
281316307,45542,-0.0459,-0.0474,1.0166,-0.3052,-0.0610,-0.3052,1,466,826,235
281321307,45543,-0.0444,-0.0464,1.0210,0.1221,0.0000,-0.3052,1,466,867,235
281326306,45544,-0.0439,-0.0464,1.0220,0.3662,-0.4272,-0.2441,1,484,772,235
281331327,45545,-0.0435,-0.0479,1.0210,0.6104,-0.3662,-0.3052,1,465,881,235
281336306,45546,-0.0420,-0.0488,1.0205,0.3662,-0.4883,-0.2441,1,472,895,235
281341306,45547,-0.0410,-0.0488,1.0215,0.1831,0.0610,-0.4883,1,474,867,235
281346308,45548,-0.0420,-0.0474,1.0249,0.1221,-0.1221,-0.4272,1,500,872,235
281351303,45549,-0.0415,-0.0454,1.0254,0.3052,-0.0610,-0.3662,1,479,835,235
281356309,45550,-0.0415,-0.0449,1.0234,-0.0610,0.2441,-0.4883,1,508,801,235
281361301,45551,-0.0415,-0.0464,1.0244,-0.3052,0.1831,-0.3662,1,486,833,235
281366303,45552,-0.0405,-0.0459,1.0273,-0.1831,0.3662,-0.2441,1,499,832,235
281371301,45553,-0.0400,-0.0449,1.0278,-0.3662,0.4272,-0.3052,1,485,853,235
281376301,45554,-0.0415,-0.0459,1.0239,-0.6714,0.8545,-0.3662,1,473,849,235
281381306,45555,-0.0430,-0.0479,1.0195,-0.5493,0.7935,-0.3052,1,493,850,235
281386305,45556,-0.0430,-0.0483,1.0176,-0.3662,0.7935,-0.1831,1,466,846,235
281391304,45557,-0.0425,-0.0474,1.0195,-0.4883,0.8545,-0.4272,1,466,880,235
281396304,45558,-0.0435,-0.0469,1.0215,-0.4272,0.7935,-0.3662,1,466,876,235
281401303,45559,-0.0449,-0.0474,1.0205,-0.4272,0.7935,-0.3662,1,466,875,235
281406306,45560,-0.0449,-0.0469,1.0190,-0.2441,0.7324,-0.3662,1,466,880,235
281411303,45561,-0.0464,-0.0464,1.0176,-0.0610,0.5493,-0.2441,1,466,881,235
281416305,45562,-0.0459,-0.0469,1.0181,0.0000,0.3662,-0.3662,1,466,875,235
281421307,45563,-0.0439,-0.0474,1.0210,0.0610,0.3662,-0.4883,1,466,827,235
281426306,45564,-0.0425,-0.0479,1.0234,0.2441,0.3052,-0.3052,1,483,874,235
281431301,45565,-0.0435,-0.0474,1.0234,0.1831,0.2441,-0.3662,1,466,861,235
281436313,45566,-0.0454,-0.0454,1.0205,0.0610,0.2441,-0.4272,1,484,824,235
281441302,45567,-0.0479,-0.0459,1.0171,-0.0610,0.1221,-0.5493,1,465,907,235
281446303,45568,-0.0493,-0.0513,1.0137,0.0000,-0.1221,-0.4883,1,499,858,235
281451302,45569,-0.0474,-0.0547,1.0156,0.1221,-0.4272,-0.4272,1,478,734,235
281456306,45570,-0.0435,-0.0513,1.0210,0.2441,-0.3662,-0.2441,1,504,864,235
281461301,45571,-0.0415,-0.0449,1.0249,0.1221,0.0000,-0.3662,1,502,784,235
281466308,45572,-0.0420,-0.0425,1.0249,-0.3052,-0.2441,-0.4272,1,509,787,235
281471310,45573,-0.0430,-0.0449,1.0215,-0.3052,0.0000,-0.3052,1,500,830,235
281476308,45574,-0.0435,-0.0474,1.0186,-0.3052,0.0000,-0.3662,1,480,777,235
281481307,45575,-0.0430,-0.0479,1.0190,-0.4272,0.1221,-0.4883,1,490,797,235
281486307,45576,-0.0435,-0.0464,1.0205,-0.3052,0.1221,-0.3052,1,474,843,235
281491308,45577,-0.0430,-0.0464,1.0195,-0.4272,0.0610,-0.1831,1,493,836,235
281496308,45578,-0.0439,-0.0488,1.0210,-0.8545,0.2441,-0.3052,1,466,849,235
281501305,45579,-0.0430,-0.0503,1.0234,-0.6714,-0.0610,-0.3052,1,466,873,235
281506310,45580,-0.0425,-0.0488,1.0225,-0.4272,0.0610,-0.1831,1,466,869,235
281511308,45581,-0.0430,-0.0488,1.0210,-0.6104,-0.3052,-0.2441,1,466,878,235
281516304,45582,-0.0425,-0.0498,1.0205,-0.3662,-0.1221,-0.3662,1,466,871,235
281521309,45583,-0.0430,-0.0508,1.0215,-0.4883,-0.1221,-0.3052,1,466,879,235
281526309,45584,-0.0444,-0.0508,1.0215,-0.2441,-0.0610,-0.3662,1,466,866,235
281531302,45585,-0.0459,-0.0508,1.0186,-0.1221,-0.1831,-0.4272,1,483,878,235
281536307,45586,-0.0464,-0.0518,1.0156,-0.3662,-0.3052,-0.5493,1,466,862,235
281541307,45587,-0.0469,-0.0527,1.0181,0.1831,-0.7324,-0.4883,1,484,865,235
281546305,45588,-0.0444,-0.0522,1.0205,0.9155,-1.2207,0.0000,1,466,901,235
281551307,45589,-0.0415,-0.0503,1.0200,0.6104,-0.9766,-0.1831,1,503,826,235
281556306,45590,-0.0410,-0.0483,1.0195,0.2441,-0.7324,-0.3662,1,482,859,235
281561307,45591,-0.0425,-0.0469,1.0205,0.3052,-0.6104,-0.4272,1,507,873,235
281566304,45592,-0.0435,-0.0479,1.0215,0.1831,-0.7935,-0.3662,1,506,745,235
281571307,45593,-0.0420,-0.0474,1.0220,0.3662,-0.7324,-0.3052,1,491,829,235
281576307,45594,-0.0410,-0.0449,1.0234,-0.1221,-0.3662,-0.4272,1,484,826,235
281581304,45595,-0.0415,-0.0459,1.0249,-0.3662,-0.3052,-0.3052,1,501,832,235
281586310,45596,-0.0439,-0.0493,1.0200,-0.1221,-0.4272,-0.1831,1,473,845,235
281591302,45597,-0.0449,-0.0493,1.0166,-0.3052,-0.5493,-0.1221,1,473,851,235
281596309,45598,-0.0415,-0.0464,1.0205,-0.4272,-0.3662,-0.3662,1,475,848,235
281601304,45599,-0.0386,-0.0430,1.0264,-0.4883,-0.1221,-0.3662,1,492,854,235
281606301,45600,-0.0376,-0.0425,1.0293,-0.4883,0.0610,-0.1831,1,466,872,235
281611303,45601,-0.0396,-0.0459,1.0288,-0.7935,0.3662,-0.1831,1,466,875,235
281616301,45602,-0.0410,-0.0479,1.0259,-0.6714,0.3052,-0.2441,1,466,880,235
281621302,45603,-0.0425,-0.0479,1.0239,-0.6714,0.3052,-0.1831,1,466,873,235
281626310,45604,-0.0435,-0.0469,1.0234,-0.7324,0.4272,-0.1221,1,466,875,235
281631308,45605,-0.0435,-0.0469,1.0220,-0.6104,0.3052,-0.2441,1,466,875,235
281636301,45606,-0.0430,-0.0493,1.0215,-0.5493,0.3052,-0.1831,1,466,869,235
281641301,45607,-0.0410,-0.0508,1.0234,-0.4883,0.2441,-0.1831,1,483,877,235
281646309,45608,-0.0400,-0.0483,1.0259,-0.6714,0.5493,-0.3052,1,466,868,235
281651306,45609,-0.0425,-0.0464,1.0244,-0.7935,0.7324,-0.2441,1,484,863,235
281656301,45610,-0.0454,-0.0483,1.0186,-0.7324,0.5493,-0.2441,1,465,878,235
281661306,45611,-0.0479,-0.0518,1.0142,-0.5493,0.3052,-0.2441,1,507,913,235
281666305,45612,-0.0459,-0.0522,1.0146,-0.4883,0.1221,-0.3052,1,505,864,235
281671303,45613,-0.0439,-0.0518,1.0166,-0.3662,0.0610,-0.3052,1,484,762,235
281676303,45614,-0.0444,-0.0518,1.0161,-0.3052,0.0000,-0.3662,1,465,838,235
281681303,45615,-0.0449,-0.0513,1.0137,-0.3052,0.0610,-0.3662,1,489,784,235
281686309,45616,-0.0469,-0.0503,1.0127,-0.3662,0.0000,-0.4272,1,487,826,235
281691301,45617,-0.0474,-0.0513,1.0132,-0.3052,-0.3662,-0.4272,1,504,801,235
281696308,45618,-0.0459,-0.0527,1.0151,0.0000,-0.3052,-0.3052,1,489,872,235
281701307,45619,-0.0435,-0.0513,1.0181,0.0000,-0.3052,-0.2441,1,473,798,235
281706310,45620,-0.0425,-0.0488,1.0210,-0.1221,-0.4272,-0.3052,1,475,796,235
281711304,45621,-0.0430,-0.0469,1.0229,-0.1221,-0.2441,-0.3662,1,493,843,235
281716309,45622,-0.0425,-0.0474,1.0239,-0.1831,-0.3052,-0.2441,1,466,876,235
281721309,45623,-0.0410,-0.0493,1.0244,-0.1831,-0.3662,-0.1831,1,466,878,235
281726310,45624,-0.0410,-0.0503,1.0234,-0.1831,-0.4272,-0.1831,1,466,886,235
281731306,45625,-0.0405,-0.0498,1.0229,0.0610,-0.4883,-0.2441,1,466,881,235
281736309,45626,-0.0400,-0.0493,1.0234,0.1221,-0.6714,-0.3052,1,466,880,235
281741306,45627,-0.0400,-0.0488,1.0229,0.0610,-0.5493,-0.2441,1,466,872,235
281746309,45628,-0.0396,-0.0493,1.0229,-0.0610,-0.4272,-0.1831,1,466,881,235
281751308,45629,-0.0400,-0.0513,1.0229,-0.2441,-0.4883,-0.2441,1,483,882,235
281756302,45630,-0.0425,-0.0532,1.0220,0.0610,-0.5493,-0.1831,1,465,880,235
281761302,45631,-0.0435,-0.0532,1.0200,0.1831,-0.6104,-0.1221,1,484,869,235
281766326,45632,-0.0430,-0.0518,1.0190,0.1221,-0.6714,-0.3052,1,466,900,235
281771306,45633,-0.0425,-0.0503,1.0210,0.2441,-0.6714,-0.1221,1,474,894,235
281776309,45634,-0.0420,-0.0498,1.0244,0.1831,-0.4272,-0.1221,1,495,858,235
281781301,45635,-0.0410,-0.0493,1.0254,0.0610,-0.4883,-0.2441,1,496,875,235
281786303,45636,-0.0410,-0.0488,1.0239,0.1221,-0.4272,-0.3052,1,466,839,235
281791306,45637,-0.0430,-0.0508,1.0210,0.0610,-0.3662,-0.3052,1,486,838,235
281796307,45638,-0.0425,-0.0498,1.0210,0.1831,-0.4883,-0.1221,1,480,820,235
281801305,45639,-0.0430,-0.0488,1.0200,-0.0610,-0.4883,-0.1221,1,501,826,235
281806302,45640,-0.0430,-0.0508,1.0171,-0.1221,-0.4272,-0.3052,1,490,867,235
281811301,45641,-0.0439,-0.0527,1.0151,-0.1831,-0.4883,-0.4883,1,474,836,235
281816307,45642,-0.0435,-0.0518,1.0171,0.2441,-0.7324,-0.2441,1,481,853,235
281821307,45643,-0.0430,-0.0479,1.0195,0.3052,-0.7324,-0.1221,1,493,850,235
281826302,45644,-0.0425,-0.0459,1.0190,0.0610,-0.7324,-0.4272,1,466,872,235
281831306,45645,-0.0430,-0.0483,1.0190,0.0610,-0.7324,-0.5493,1,466,875,235
281836309,45646,-0.0425,-0.0518,1.0195,0.3662,-1.2207,-0.3052,1,466,879,235
281841309,45647,-0.0405,-0.0508,1.0205,0.2441,-1.0986,-0.1221,1,465,877,235
281846304,45648,-0.0381,-0.0464,1.0244,0.0000,-0.8545,-0.3052,1,465,875,235
281851309,45649,-0.0381,-0.0454,1.0254,-0.0610,-0.6104,-0.3052,1,466,825,235
281856302,45650,-0.0439,-0.0508,1.0190,0.0610,-0.7324,-0.4272,1,466,869,235
281861303,45651,-0.0464,-0.0547,1.0166,0.2441,-1.4038,-0.3662,1,483,876,235
281866310,45652,-0.0454,-0.0522,1.0181,0.3052,-1.2207,-0.4272,1,466,880,235
281871308,45653,-0.0464,-0.0483,1.0166,0.4272,-1.2817,-0.6714,1,484,866,235
281876327,45654,-0.0469,-0.0488,1.0166,0.6104,-1.5869,-0.4272,1,465,881,235
281881302,45655,-0.0415,-0.0522,1.0215,0.3662,-1.5869,-0.3662,1,474,904,235
281886302,45656,-0.0381,-0.0518,1.0244,0.4272,-1.0986,-0.4883,1,481,873,235
281891305,45657,-0.0420,-0.0474,1.0220,0.6104,-1.2817,-0.4272,1,505,873,235
281896306,45658,-0.0420,-0.0474,1.0220,0.1831,-1.8311,-0.4272,1,466,790,235
281901304,45659,-0.0381,-0.0503,1.0239,0.3052,-1.2817,-0.4272,1,491,839,235
281906301,45660,-0.0396,-0.0503,1.0210,0.5493,-1.4648,-0.3052,1,489,827,235
281911309,45661,-0.0400,-0.0508,1.0195,0.3052,-1.6479,-0.3662,1,504,825,235
281916308,45662,-0.0391,-0.0498,1.0220,0.3662,-1.4648,-0.4272,1,487,845,235
281921303,45663,-0.0396,-0.0464,1.0229,0.4272,-1.5259,-0.1831,1,474,853,235
281926303,45664,-0.0396,-0.0454,1.0205,0.3052,-1.5869,-0.3052,1,493,852,235
281931301,45665,-0.0400,-0.0464,1.0186,0.1221,-1.3428,-0.4883,1,493,846,235
281936305,45666,-0.0415,-0.0479,1.0166,0.2441,-1.6479,-0.4272,1,466,870,235
281941305,45667,-0.0410,-0.0483,1.0171,0.1831,-1.7700,-0.3052,1,466,885,235
281946301,45668,-0.0396,-0.0479,1.0205,0.1831,-1.8311,-0.3662,1,466,874,235
281951301,45669,-0.0371,-0.0474,1.0239,0.1831,-1.8311,-0.3662,1,466,876,235
281956306,45670,-0.0361,-0.0483,1.0254,0.1831,-1.8311,-0.3052,1,466,884,235
281961314,45671,-0.0371,-0.0488,1.0239,0.0610,-1.6479,-0.3052,1,465,877,235
281966309,45672,-0.0381,-0.0474,1.0220,0.0000,-1.5869,-0.3052,1,466,881,235
281971307,45673,-0.0381,-0.0474,1.0220,0.0000,-1.5259,-0.3052,1,483,816,235
281976307,45674,-0.0371,-0.0498,1.0234,-0.1831,-1.5869,-0.2441,1,465,773,235
281981313,45675,-0.0361,-0.0508,1.0254,-0.0610,-1.4038,-0.1831,1,484,879,235
281986305,45676,-0.0361,-0.0479,1.0254,0.0000,-1.1597,-0.1831,1,466,902,235
281991301,45677,-0.0381,-0.0454,1.0225,-0.1831,-1.1597,-0.3662,1,498,822,235
281996304,45678,-0.0396,-0.0479,1.0210,-0.2441,-1.4038,-0.3052,1,480,876,235
282001303,45679,-0.0356,-0.0527,1.0254,-0.1221,-1.2207,-0.2441,1,502,778,235
282006302,45680,-0.0332,-0.0532,1.0298,0.0610,-0.3662,-0.1831,1,481,805,235
282011304,45681,-0.0381,-0.0474,1.0244,-0.1221,-0.2441,-0.4272,1,506,845,235
282016302,45682,-0.0405,-0.0444,1.0195,-0.4272,-1.1597,-0.3662,1,491,828,235
282021309,45683,-0.0400,-0.0464,1.0205,-0.2441,-0.7324,-0.3662,1,483,836,235
282026305,45684,-0.0420,-0.0479,1.0181,-0.1831,-0.9766,-0.3052,1,479,850,235
282031305,45685,-0.0400,-0.0498,1.0166,-0.1831,-1.6479,-0.2441,1,481,840,235
282036304,45686,-0.0371,-0.0518,1.0210,-0.1221,-1.4648,-0.3662,1,485,856,235
282041304,45687,-0.0352,-0.0508,1.0254,0.0000,-1.5259,-0.3052,1,493,850,235
282046307,45688,-0.0342,-0.0474,1.0273,-0.1221,-1.5869,-0.2441,1,466,823,235
282051301,45689,-0.0337,-0.0464,1.0269,-0.1831,-1.3428,-0.2441,1,466,880,235
282056306,45690,-0.0342,-0.0488,1.0259,-0.1831,-1.3428,-0.3052,1,466,881,235
282061305,45691,-0.0347,-0.0508,1.0254,-0.2441,-1.3428,-0.3052,1,466,877,235
282066303,45692,-0.0352,-0.0508,1.0234,-0.0610,-1.2207,-0.2441,1,466,873,235
282071311,45693,-0.0361,-0.0503,1.0205,-0.0610,-1.0376,-0.2441,1,466,877,235
282076301,45694,-0.0381,-0.0503,1.0171,-0.1221,-1.1597,-0.3052,1,466,875,235
282081306,45695,-0.0381,-0.0498,1.0195,-0.0610,-1.2207,-0.2441,1,484,863,235
282086302,45696,-0.0356,-0.0483,1.0229,0.0000,-1.0986,-0.2441,1,465,869,235
282091310,45697,-0.0347,-0.0483,1.0249,-0.0610,-0.9155,-0.3052,1,484,838,235
282096329,45698,-0.0342,-0.0503,1.0244,0.1221,-1.0376,-0.1221,1,465,905,235
282101306,45699,-0.0342,-0.0508,1.0254,0.1221,-0.9766,-0.1831,1,469,856,235
282106301,45700,-0.0332,-0.0493,1.0254,0.0000,-1.0376,-0.1831,1,472,865,235
282111303,45701,-0.0342,-0.0479,1.0220,0.0610,-0.7324,-0.2441,1,498,712,235
282116303,45702,-0.0352,-0.0498,1.0220,0.0000,-0.7324,-0.3052,1,478,838,235
282121304,45703,-0.0342,-0.0513,1.0234,0.2441,-0.7324,-0.3052,1,501,783,235
282126303,45704,-0.0342,-0.0498,1.0215,0.2441,-0.4883,-0.3052,1,497,830,235
282131308,45705,-0.0356,-0.0513,1.0234,0.2441,-0.7324,-0.2441,1,508,827,235
282136310,45706,-0.0337,-0.0527,1.0269,0.6104,-0.9155,-0.1831,1,490,878,235
282141308,45707,-0.0337,-0.0518,1.0244,0.6714,-0.4883,-0.3662,1,475,849,235
282146302,45708,-0.0342,-0.0527,1.0225,0.4883,-0.8545,-0.3052,1,478,849,235
282151306,45709,-0.0347,-0.0518,1.0220,0.7324,-0.4883,-0.4272,1,493,843,235
282156303,45710,-0.0381,-0.0498,1.0200,0.5493,-0.5493,-0.5493,1,466,876,235
282161308,45711,-0.0386,-0.0518,1.0181,0.6714,-0.7935,-0.4272,1,466,881,235
282166306,45712,-0.0366,-0.0527,1.0215,0.8545,-0.8545,-0.4883,1,466,873,235
282171305,45713,-0.0317,-0.0503,1.0264,1.0986,-0.8545,-0.3052,1,466,877,235
282176304,45714,-0.0308,-0.0474,1.0269,0.9766,-0.6104,-0.4272,1,466,873,235
282181306,45715,-0.0322,-0.0483,1.0259,0.9766,-0.8545,-0.3662,1,466,870,235
282186303,45716,-0.0327,-0.0498,1.0229,1.0376,-0.6714,-0.3662,1,466,879,235
282191303,45717,-0.0356,-0.0503,1.0205,0.8545,-0.4272,-0.5493,1,483,882,235
282196303,45718,-0.0386,-0.0488,1.0195,1.0986,-0.6714,-0.3662,1,466,867,235
282201307,45719,-0.0391,-0.0488,1.0190,0.9155,-1.0376,-0.4272,1,485,871,235
282206323,45720,-0.0366,-0.0513,1.0205,1.2207,-0.8545,-0.4883,1,465,904,235
282211304,45721,-0.0322,-0.0503,1.0234,1.5869,-1.2207,-0.2441,1,482,904,235
282216302,45722,-0.0293,-0.0469,1.0269,1.1597,-0.9766,-0.3052,1,502,874,235
282221302,45723,-0.0308,-0.0444,1.0283,1.0376,-0.7935,-0.3052,1,505,865,235
282226301,45724,-0.0322,-0.0449,1.0254,1.3428,-1.0986,-0.1831,1,465,750,235
282231305,45725,-0.0327,-0.0474,1.0210,1.0376,-0.7935,-0.4272,1,491,816,235
282236306,45726,-0.0327,-0.0479,1.0205,1.1597,-0.7324,-0.4272,1,483,828,235
282241302,45727,-0.0337,-0.0479,1.0200,1.2207,-0.7324,-0.3052,1,500,834,235
282246301,45728,-0.0342,-0.0483,1.0225,0.9766,-0.7324,-0.4883,1,475,844,235
282251309,45729,-0.0322,-0.0483,1.0220,0.9155,-0.7324,-0.3052,1,483,846,235
282256308,45730,-0.0337,-0.0474,1.0166,0.9155,-0.3052,-0.2441,1,480,852,235
282261307,45731,-0.0356,-0.0483,1.0166,0.7935,-0.9155,-0.3052,1,493,849,235
282266308,45732,-0.0352,-0.0474,1.0171,1.0986,-0.6104,-0.4272,1,465,878,235
282271309,45733,-0.0361,-0.0469,1.0181,0.8545,-0.7324,-0.5493,1,466,871,235
282276305,45734,-0.0342,-0.0483,1.0220,0.9155,-0.8545,-0.4883,1,466,876,235
282281306,45735,-0.0308,-0.0488,1.0264,0.7935,-0.7324,-0.5493,1,466,877,235
282286309,45736,-0.0293,-0.0449,1.0254,1.0986,-0.6104,-0.4272,1,466,878,235
282291309,45737,-0.0303,-0.0439,1.0234,0.8545,-0.5493,-0.4272,1,466,877,235
282296302,45738,-0.0298,-0.0459,1.0254,0.9155,-0.5493,-0.4883,1,466,880,235
282301305,45739,-0.0293,-0.0464,1.0273,0.7324,-0.1831,-0.6104,1,484,877,235
282306308,45740,-0.0312,-0.0464,1.0273,0.7935,-0.1221,-0.6104,1,469,867,235
282311307,45741,-0.0303,-0.0459,1.0264,1.1597,-0.3052,-0.3662,1,484,887,235
282316302,45742,-0.0303,-0.0454,1.0229,0.7935,0.1221,-0.6104,1,475,898,235
282321301,45743,-0.0332,-0.0459,1.0210,0.8545,-0.3662,-0.5493,1,507,861,235
282326302,45744,-0.0322,-0.0469,1.0225,1.1597,-0.5493,-0.4272,1,487,874,235
282331304,45745,-0.0303,-0.0464,1.0239,0.6714,-0.1221,-0.6104,1,493,875,235
282336302,45746,-0.0249,-0.0479,1.0283,0.8545,-0.1221,-0.5493,1,469,831,235
282341303,45747,-0.0259,-0.0469,1.0288,1.2817,1.1597,-0.3662,1,494,830,235
282346305,45748,-0.0405,-0.0420,1.0156,0.5493,0.5493,-0.5493,1,509,833,235
282351303,45749,-0.0439,-0.0420,1.0098,0.3662,-0.9155,-0.5493,1,476,874,235
282356308,45750,-0.0342,-0.0435,1.0186,0.6714,-0.6104,-0.4883,1,487,877,235
282361309,45751,-0.0283,-0.0420,1.0259,0.6104,-0.1831,-0.6104,1,488,841,235
282366303,45752,-0.0303,-0.0430,1.0244,0.5493,-0.2441,-0.6104,1,483,845,235
282371302,45753,-0.0317,-0.0449,1.0234,0.6104,-0.3052,-0.4883,1,466,847,235
282376308,45754,-0.0312,-0.0449,1.0249,0.4272,-0.1221,-0.5493,1,466,873,235
282381309,45755,-0.0317,-0.0449,1.0254,0.3052,-0.0610,-0.5493,1,466,906,235
282386307,45756,-0.0337,-0.0449,1.0234,0.6714,-0.4883,-0.3052,1,466,877,235
282391304,45757,-0.0342,-0.0439,1.0205,0.6714,-0.1221,-0.3662,1,466,874,235
282396309,45758,-0.0342,-0.0430,1.0190,0.4272,-0.1831,-0.4883,1,466,876,235
282401302,45759,-0.0352,-0.0454,1.0195,0.3662,-0.4272,-0.6104,1,466,878,235
282406308,45760,-0.0356,-0.0483,1.0205,0.6104,-0.4272,-0.5493,1,466,881,235
