t_us, seq, ax, ay, az, gx, gy, gz, valid, t_imu_us, t_serial_us, missed
15773930,10,-0.0493,-0.0391,1.0210,0.6714,-0.9766,-0.1221,1,487,888,0
15778929,11,-0.0474,-0.0381,1.0215,0.6104,-0.9155,-0.1221,1,501,824,0
15783923,12,-0.0459,-0.0386,1.0210,0.5493,-0.9766,0.0000,1,478,862,0
15788923,13,-0.0459,-0.0386,1.0225,0.5493,-0.9155,0.0610,1,469,804,0
15793925,14,-0.0464,-0.0371,1.0234,0.5493,-0.7935,0.1221,1,475,852,0
15798928,15,-0.0474,-0.0371,1.0229,0.4272,-0.6714,0.0000,1,474,854,0
15803925,16,-0.0474,-0.0376,1.0220,0.3052,-0.6104,-0.1221,1,483,811,0
15808922,17,-0.0474,-0.0376,1.0210,0.3052,-0.4272,-0.1221,1,466,861,0
15813926,18,-0.0474,-0.0376,1.0200,0.3662,-0.5493,-0.0610,1,466,864,0
15818929,19,-0.0474,-0.0376,1.0210,0.3052,-0.3662,-0.0610,1,466,871,0
15823926,20,-0.0459,-0.0371,1.0220,0.2441,-0.3662,-0.1221,1,466,866,0
15828950,21,-0.0464,-0.0376,1.0210,0.3662,-0.3662,-0.1221,1,466,874,0
15833923,22,-0.0483,-0.0400,1.0186,0.2441,-0.2441,-0.1831,1,465,869,0
15838922,23,-0.0498,-0.0420,1.0166,0.3662,-0.3662,-0.1831,1,465,876,0
15843924,24,-0.0488,-0.0410,1.0181,0.4272,-0.4883,-0.1221,1,494,879,0
15848922,25,-0.0464,-0.0391,1.0200,0.3052,-0.2441,-0.1831,1,470,849,0
15853945,26,-0.0449,-0.0376,1.0220,0.2441,-0.2441,-0.1221,1,483,847,0
15858930,27,-0.0459,-0.0371,1.0225,0.1221,-0.3052,-0.0610,1,492,846,0
15863928,28,-0.0469,-0.0381,1.0195,0.0610,-0.3052,-0.1221,1,510,835,0
15868928,29,-0.0469,-0.0396,1.0181,0.1831,-0.3052,-0.1831,1,499,821,0
15873928,30,-0.0454,-0.0396,1.0195,0.3052,-0.3662,-0.2441,1,489,864,0
15878928,31,-0.0449,-0.0376,1.0215,0.3052,-0.1831,-0.3052,1,502,903,0
15883929,32,-0.0449,-0.0352,1.0225,0.1831,-0.3052,-0.1831,1,481,854,0
15888927,33,-0.0454,-0.0356,1.0220,0.0000,-0.1221,-0.3662,1,467,870,0
15893927,34,-0.0469,-0.0371,1.0200,0.0000,0.0000,-0.3052,1,472,810,0
15898929,35,-0.0474,-0.0371,1.0186,-0.1221,0.0000,-0.1831,1,479,755,0
15903925,36,-0.0469,-0.0371,1.0190,-0.1831,0.0610,-0.1831,1,483,807,0
15908924,37,-0.0464,-0.0371,1.0215,-0.2441,0.0000,-0.2441,1,466,872,0
15913924,38,-0.0449,-0.0381,1.0254,-0.2441,0.1831,-0.3052,1,466,831,0
15918928,39,-0.0439,-0.0386,1.0269,-0.3052,0.2441,-0.2441,1,466,872,0
15923924,40,-0.0439,-0.0381,1.0259,-0.4272,0.3052,-0.2441,1,466,875,0
15928943,41,-0.0435,-0.0381,1.0244,-0.4883,0.3662,-0.1831,1,466,871,0
15933930,42,-0.0439,-0.0391,1.0234,-0.4883,0.3662,-0.1831,1,465,873,0
15938927,43,-0.0454,-0.0400,1.0220,-0.4272,0.4272,-0.1831,1,494,875,0
15943925,44,-0.0469,-0.0400,1.0205,-0.3052,0.3662,0.0000,1,493,875,0
15948929,45,-0.0479,-0.0400,1.0190,-0.1831,0.5493,-0.1831,1,471,790,0
15953922,46,-0.0493,-0.0415,1.0166,-0.1831,0.6104,-0.2441,1,482,856,0
15958925,47,-0.0503,-0.0415,1.0146,-0.1221,0.4883,-0.1831,1,499,848,0
15963923,48,-0.0508,-0.0410,1.0166,0.0610,0.3052,-0.1831,1,479,830,0
15968923,49,-0.0493,-0.0415,1.0210,0.1221,0.1831,-0.1831,1,497,771,0
15973930,50,-0.0464,-0.0405,1.0239,0.1831,0.2441,-0.1221,1,485,884,0
15978924,51,-0.0454,-0.0391,1.0244,0.1831,0.3052,-0.0610,1,501,833,0
15983928,52,-0.0454,-0.0386,1.0244,0.1831,0.3662,-0.1221,1,465,857,0
15988923,53,-0.0454,-0.0391,1.0229,0.0610,0.4272,-0.1831,1,466,873,0
15993923,54,-0.0469,-0.0396,1.0205,-0.1221,0.4883,-0.2441,1,478,856,0
15998924,55,-0.0488,-0.0405,1.0186,-0.0610,0.3662,-0.1831,1,478,849,0
16003929,56,-0.0498,-0.0420,1.0176,0.0610,0.4883,-0.2441,1,466,855,0
16008929,57,-0.0483,-0.0420,1.0181,0.1221,0.4272,-0.2441,1,465,873,0
16013930,58,-0.0474,-0.0420,1.0200,0.1831,0.3052,-0.1221,1,466,871,0
16018927,59,-0.0459,-0.0410,1.0225,0.3052,0.2441,-0.1221,1,466,865,0
16023950,60,-0.0449,-0.0400,1.0229,0.2441,0.2441,-0.3052,1,466,866,0
16028923,61,-0.0454,-0.0400,1.0225,0.1831,0.3052,-0.3662,1,466,874,0
16033927,62,-0.0454,-0.0391,1.0220,0.3662,0.2441,-0.1831,1,492,870,0
16038929,63,-0.0459,-0.0391,1.0210,0.3052,0.1831,-0.2441,1,466,875,0
16043929,64,-0.0474,-0.0386,1.0200,0.3052,0.2441,-0.1831,1,494,784,0
16048922,65,-0.0479,-0.0386,1.0205,0.1221,0.2441,-0.1831,1,485,850,0
16053926,66,-0.0474,-0.0396,1.0225,0.1831,0.3052,0.0000,1,481,842,0
16058928,67,-0.0464,-0.0396,1.0234,0.3662,0.2441,0.0000,1,490,781,0
16063930,68,-0.0459,-0.0391,1.0234,0.1831,0.3052,-0.1831,1,471,798,0
16068925,69,-0.0459,-0.0381,1.0229,0.1221,0.4272,-0.1221,1,504,774,0
16073930,70,-0.0469,-0.0381,1.0215,0.3052,0.1831,-0.0610,1,493,826,0
16078924,71,-0.0488,-0.0386,1.0195,0.4272,0.1831,-0.0610,1,465,823,0
16083926,72,-0.0483,-0.0396,1.0186,0.3662,0.3052,-0.0610,1,476,863,0
16088927,73,-0.0479,-0.0391,1.0195,0.4272,0.3052,-0.2441,1,479,866,0
16093928,74,-0.0469,-0.0381,1.0215,0.6104,0.2441,-0.2441,1,465,851,0
16098925,75,-0.0464,-0.0371,1.0234,0.4883,0.3662,-0.1831,1,484,848,0
16103928,76,-0.0459,-0.0381,1.0234,0.2441,0.3052,-0.1831,1,466,876,0
16108930,77,-0.0464,-0.0391,1.0229,0.1831,0.4272,-0.3052,1,466,869,0
16113930,78,-0.0459,-0.0391,1.0215,0.1831,0.4883,-0.3052,1,466,868,0
16118930,79,-0.0454,-0.0396,1.0220,0.3662,0.4272,-0.1831,1,466,866,0
16123953,80,-0.0464,-0.0391,1.0229,0.2441,0.5493,-0.1831,1,466,878,0
16128924,81,-0.0464,-0.0376,1.0229,0.1221,0.6104,-0.2441,1,466,876,0
16133927,82,-0.0459,-0.0361,1.0234,0.1831,0.5493,-0.2441,1,493,869,0
16138929,83,-0.0449,-0.0371,1.0249,0.1831,0.5493,-0.1831,1,475,879,0
16143922,84,-0.0449,-0.0381,1.0249,0.1831,0.6104,-0.1831,1,466,806,0
16148941,85,-0.0459,-0.0381,1.0239,0.1221,0.6714,-0.1831,1,486,844,0
16153926,86,-0.0464,-0.0376,1.0234,0.1831,0.6714,-0.1221,1,480,838,0
16158930,87,-0.0459,-0.0381,1.0220,0.1831,0.5493,-0.1221,1,488,839,0
16163930,88,-0.0454,-0.0376,1.0210,0.0000,0.7324,-0.1221,1,506,829,0
16168925,89,-0.0459,-0.0376,1.0205,-0.0610,0.7324,0.0000,1,476,784,0
16173927,90,-0.0474,-0.0386,1.0205,0.0610,0.6714,-0.1221,1,506,786,0
16178926,91,-0.0474,-0.0391,1.0210,0.1221,0.9155,-0.1221,1,482,823,0
16183929,92,-0.0469,-0.0400,1.0215,0.0000,0.9766,-0.1831,1,474,814,0
16188924,93,-0.0464,-0.0400,1.0215,0.1221,0.6714,-0.1221,1,477,802,0
16193927,94,-0.0459,-0.0391,1.0210,0.1221,0.8545,-0.1221,1,465,845,0
16198925,95,-0.0469,-0.0381,1.0190,0.1831,0.8545,-0.1831,1,484,840,0
16203926,96,-0.0483,-0.0381,1.0190,0.1831,0.7324,-0.1831,1,466,869,0
16208926,97,-0.0493,-0.0386,1.0200,0.3052,0.6714,-0.1831,1,466,876,0
16213923,98,-0.0469,-0.0381,1.0210,0.3662,0.6714,-0.2441,1,466,869,0
16218922,99,-0.0435,-0.0386,1.0225,0.3052,0.7324,-0.2441,1,465,867,0
16223923,100,-0.0435,-0.0391,1.0234,0.2441,0.7935,-0.2441,1,466,868,0
16228925,101,-0.0474,-0.0386,1.0239,0.3052,0.7935,-0.1831,1,493,872,0
16233926,102,-0.0488,-0.0386,1.0225,0.3052,0.7935,-0.1831,1,466,869,0
16238927,103,-0.0479,-0.0376,1.0205,0.3052,0.8545,-0.1831,1,494,870,0
16243930,104,-0.0474,-0.0361,1.0200,0.3052,0.7324,-0.2441,1,478,849,0
16248925,105,-0.0479,-0.0366,1.0215,0.1831,0.7324,-0.1831,1,490,843,0
16253930,106,-0.0483,-0.0381,1.0215,0.3662,0.7935,0.0000,1,509,848,0
16258925,107,-0.0474,-0.0386,1.0220,0.4272,0.7324,-0.1221,1,491,739,0
16263924,108,-0.0464,-0.0376,1.0229,0.3052,0.8545,-0.2441,1,477,867,0
16268925,109,-0.0469,-0.0371,1.0229,0.4272,0.9155,-0.3052,1,488,831,0
16273924,110,-0.0464,-0.0381,1.0220,0.3052,0.8545,-0.3052,1,500,834,0
16278930,111,-0.0464,-0.0386,1.0220,0.2441,0.8545,-0.3052,1,482,850,0
16283926,112,-0.0474,-0.0381,1.0210,0.2441,0.8545,-0.4272,1,482,867,0
16288928,113,-0.0479,-0.0371,1.0200,0.2441,0.8545,-0.2441,1,472,851,0
16293927,114,-0.0479,-0.0361,1.0210,0.2441,0.8545,-0.2441,1,484,855,0
16298923,115,-0.0459,-0.0371,1.0225,0.3052,0.8545,-0.1831,1,466,873,0
16303927,116,-0.0449,-0.0376,1.0234,0.2441,0.9766,-0.2441,1,466,870,0
16308922,117,-0.0454,-0.0366,1.0244,0.2441,1.0986,-0.2441,1,466,878,0
16313924,118,-0.0479,-0.0342,1.0244,0.1221,1.1597,-0.2441,1,465,885,0
16318946,119,-0.0493,-0.0342,1.0239,-0.1221,1.3428,-0.3052,1,465,873,0
16323929,120,-0.0483,-0.0371,1.0229,-0.1221,1.2207,-0.1831,1,466,871,0
16328928,121,-0.0464,-0.0376,1.0229,0.0000,1.4038,-0.1831,1,494,878,0
16333927,122,-0.0459,-0.0366,1.0225,0.0000,1.4648,-0.3052,1,465,754,0
16338930,123,-0.0464,-0.0366,1.0225,-0.3662,1.7090,-0.3052,1,493,770,0
16343939,124,-0.0479,-0.0366,1.0239,-0.2441,1.5869,-0.3662,1,488,851,0
16348929,125,-0.0483,-0.0366,1.0244,-0.3052,1.7090,-0.3662,1,490,854,0
16353924,126,-0.0479,-0.0366,1.0239,-0.2441,1.7090,-0.3052,1,493,846,0
16358927,127,-0.0469,-0.0356,1.0234,-0.3052,1.7700,-0.1831,1,510,859,0
16363924,128,-0.0469,-0.0347,1.0225,-0.4272,1.9531,-0.2441,1,472,870,0
16368925,129,-0.0493,-0.0361,1.0215,-0.4883,1.8921,-0.3662,1,500,912,0
16373929,130,-0.0518,-0.0386,1.0200,-0.4883,1.9531,-0.4272,1,467,872,0
16378925,131,-0.0532,-0.0396,1.0176,-0.4272,1.8311,-0.3052,1,470,871,0
16383925,132,-0.0537,-0.0386,1.0161,-0.3052,1.6479,-0.3052,1,483,851,0
16388928,133,-0.0527,-0.0376,1.0166,-0.3052,1.5259,-0.3052,1,465,853,0
16393927,134,-0.0532,-0.0386,1.0151,-0.3052,1.5259,-0.3662,1,484,851,0
16398926,135,-0.0547,-0.0405,1.0146,-0.1221,1.3428,-0.2441,1,466,877,0
16403927,136,-0.0542,-0.0420,1.0176,-0.0610,1.2817,-0.4272,1,466,874,0
16408925,137,-0.0518,-0.0405,1.0220,0.0000,1.2207,-0.4272,1,466,872,0
16413922,138,-0.0493,-0.0366,1.0229,-0.1831,1.2817,-0.4272,1,465,828,0
16418948,139,-0.0493,-0.0356,1.0210,-0.2441,1.2817,-0.4272,1,466,885,0
16423929,140,-0.0498,-0.0366,1.0200,-0.1831,1.2817,-0.3662,1,466,881,0
16428922,141,-0.0498,-0.0371,1.0205,-0.1221,1.3428,-0.4883,1,493,881,0
16433927,142,-0.0498,-0.0386,1.0195,-0.1831,1.2817,-0.3662,1,493,872,0
16438925,143,-0.0508,-0.0386,1.0176,-0.1221,1.2817,-0.4272,1,494,881,0
16443942,144,-0.0522,-0.0366,1.0176,-0.1831,1.0986,-0.3052,1,488,850,0
16448926,145,-0.0518,-0.0356,1.0190,-0.3052,1.1597,-0.4883,1,481,846,0
16453923,146,-0.0527,-0.0361,1.0190,-0.2441,1.0986,-0.4272,1,510,841,0
16458925,147,-0.0542,-0.0381,1.0190,-0.1831,0.9766,-0.4272,1,501,863,0
16463925,148,-0.0532,-0.0410,1.0195,-0.1221,0.9155,-0.4272,1,488,869,0
16468922,149,-0.0513,-0.0400,1.0200,0.0000,0.9155,-0.4272,1,487,837,0
16473929,150,-0.0503,-0.0386,1.0205,-0.0610,0.9155,-0.3662,1,510,785,0
16478927,151,-0.0498,-0.0386,1.0210,-0.1831,0.9766,-0.4883,1,482,861,0
16483925,152,-0.0503,-0.0391,1.0200,-0.1831,0.8545,-0.5493,1,470,853,0
16488929,153,-0.0513,-0.0396,1.0186,-0.1831,0.7935,-0.4272,1,479,850,0
16493923,154,-0.0508,-0.0381,1.0205,-0.1221,0.8545,-0.4272,1,484,854,0
16498928,155,-0.0488,-0.0366,1.0239,-0.3662,0.9155,-0.3662,1,466,865,0
16503925,156,-0.0493,-0.0381,1.0234,-0.2441,1.0376,-0.4272,1,466,883,0
16508924,157,-0.0498,-0.0386,1.0210,-0.2441,0.8545,-0.5493,1,466,877,0
16513930,158,-0.0503,-0.0391,1.0195,-0.3662,0.8545,-0.4272,1,466,876,0
16518952,159,-0.0513,-0.0391,1.0195,-0.3662,1.0376,-0.4272,1,466,871,0
16523924,160,-0.0513,-0.0381,1.0220,-0.4272,1.0376,-0.4883,1,466,872,0
16528923,161,-0.0508,-0.0366,1.0244,-0.4883,1.0376,-0.4272,1,466,868,0
16533924,162,-0.0503,-0.0361,1.0244,-0.6714,1.0986,-0.4272,1,494,871,0
16538923,163,-0.0518,-0.0361,1.0215,-0.7324,1.0986,-0.4883,1,493,807,0
16543944,164,-0.0547,-0.0381,1.0171,-0.7324,1.0376,-0.5493,1,488,856,0
16548925,165,-0.0571,-0.0410,1.0151,-0.7324,0.7324,-0.4883,1,480,839,0
16553930,166,-0.0552,-0.0430,1.0166,-0.4883,0.6714,-0.4272,1,508,849,0
16558922,167,-0.0527,-0.0415,1.0200,-0.4883,0.7324,-0.3662,1,492,831,0
16563929,168,-0.0518,-0.0386,1.0225,-0.4883,0.4883,-0.3662,1,488,846,0
16568922,169,-0.0508,-0.0371,1.0225,-0.4883,0.6104,-0.4883,1,479,830,0
16573927,170,-0.0493,-0.0371,1.0220,-0.6714,0.7324,-0.4883,1,506,826,0
16578930,171,-0.0508,-0.0386,1.0200,-0.6714,0.9155,-0.4883,1,480,866,0
16583924,172,-0.0542,-0.0391,1.0171,-0.4883,0.5493,-0.3662,1,482,867,0
16588926,173,-0.0562,-0.0400,1.0151,-0.6714,0.4272,-0.4272,1,473,851,0
16593929,174,-0.0547,-0.0425,1.0151,-0.5493,0.4272,-0.4883,1,484,855,0
16598929,175,-0.0537,-0.0425,1.0161,-0.2441,0.3052,-0.6104,1,466,856,0
16603926,176,-0.0537,-0.0405,1.0156,-0.2441,0.2441,-0.6104,1,466,871,0
16608930,177,-0.0537,-0.0400,1.0156,-0.1221,0.1831,-0.4272,1,466,878,0
16613927,178,-0.0537,-0.0400,1.0171,-0.0610,0.0000,-0.5493,1,466,876,0
16618929,179,-0.0532,-0.0410,1.0181,0.0000,0.1221,-0.5493,1,466,824,0
16623923,180,-0.0522,-0.0410,1.0190,0.0000,0.1221,-0.4883,1,466,824,0
16628930,181,-0.0522,-0.0405,1.0210,-0.0610,0.0610,-0.6104,1,492,826,0
16633926,182,-0.0527,-0.0420,1.0229,0.1221,0.1221,-0.6104,1,466,865,0
16638929,183,-0.0522,-0.0410,1.0239,0.1831,0.0610,-0.5493,1,487,865,0
16643926,184,-0.0503,-0.0381,1.0239,0.0610,0.1221,-0.6104,1,464,811,0
16648923,185,-0.0488,-0.0376,1.0229,0.0610,0.1221,-0.5493,1,484,834,0
16653929,186,-0.0488,-0.0391,1.0229,0.0610,0.2441,-0.5493,1,495,844,0
16658927,187,-0.0503,-0.0396,1.0239,-0.0610,0.4272,-0.6104,1,476,834,0
16663925,188,-0.0503,-0.0391,1.0249,-0.1831,0.4883,-0.5493,1,510,827,0
16668923,189,-0.0498,-0.0396,1.0244,-0.3052,0.6714,-0.4883,1,491,869,0
16673926,190,-0.0503,-0.0400,1.0234,-0.1831,0.7324,-0.4883,1,497,831,0
16678927,191,-0.0518,-0.0396,1.0234,-0.1831,0.6714,-0.4272,1,510,832,0
16683926,192,-0.0522,-0.0391,1.0225,-0.2441,0.6104,-0.3662,1,465,873,0
16688929,193,-0.0527,-0.0391,1.0215,-0.3052,0.7935,-0.4883,1,466,852,0
16693926,194,-0.0537,-0.0405,1.0210,-0.3662,0.7324,-0.4272,1,465,848,0
16698924,195,-0.0527,-0.0415,1.0195,-0.3052,0.6104,-0.4883,1,484,858,0
16703925,196,-0.0522,-0.0410,1.0171,-0.2441,0.6714,-0.4883,1,466,852,0
16708927,197,-0.0527,-0.0410,1.0161,-0.2441,0.5493,-0.4883,1,466,871,0
16713929,198,-0.0527,-0.0420,1.0161,-0.1221,0.4272,-0.4883,1,466,881,0
16718925,199,-0.0522,-0.0420,1.0176,0.1221,0.5493,-0.4883,1,466,873,0
16723929,200,-0.0518,-0.0415,1.0205,0.1221,0.4272,-0.4883,1,466,872,0
16728922,201,-0.0518,-0.0420,1.0220,0.1831,0.3662,-0.4883,1,466,870,0
16733930,202,-0.0527,-0.0420,1.0215,0.1831,0.3052,-0.4272,1,466,872,0
16738927,203,-0.0527,-0.0415,1.0205,0.3662,0.3662,-0.5493,1,492,873,0
16743927,204,-0.0522,-0.0396,1.0215,0.3052,0.2441,-0.5493,1,475,879,0
16748929,205,-0.0513,-0.0391,1.0234,0.3052,0.4883,-0.5493,1,493,806,0
16753947,206,-0.0503,-0.0400,1.0244,0.1221,0.5493,-0.6104,1,492,849,0
16758927,207,-0.0503,-0.0405,1.0249,0.0610,0.4272,-0.5493,1,486,836,0
16763929,208,-0.0513,-0.0400,1.0239,0.1831,0.4272,-0.5493,1,471,832,0
16768923,209,-0.0513,-0.0386,1.0215,0.0610,0.4272,-0.4883,1,494,836,0
16773925,210,-0.0518,-0.0391,1.0205,-0.0610,0.4883,-0.4883,1,488,867,0
16778930,211,-0.0532,-0.0396,1.0205,-0.0610,0.4272,-0.4883,1,489,824,0
16783927,212,-0.0532,-0.0386,1.0205,0.0000,0.3052,-0.3662,1,499,833,0
16788926,213,-0.0518,-0.0391,1.0210,0.0000,0.3052,-0.4272,1,483,823,0
16793922,214,-0.0503,-0.0396,1.0205,0.0000,0.3662,-0.4883,1,465,799,0
16798930,215,-0.0518,-0.0400,1.0195,0.0000,0.4883,-0.3662,1,474,805,0
16803928,216,-0.0532,-0.0400,1.0190,0.0000,0.3662,-0.3662,1,483,808,0
16808925,217,-0.0527,-0.0400,1.0195,0.0000,0.4272,-0.4883,1,466,829,0
16813922,218,-0.0522,-0.0410,1.0200,0.0000,0.4272,-0.4272,1,465,828,0
16818927,219,-0.0532,-0.0420,1.0205,0.0000,0.3052,-0.3662,1,466,829,0
16823930,220,-0.0532,-0.0410,1.0195,0.1221,0.3052,-0.4272,1,466,827,0
16828923,221,-0.0522,-0.0405,1.0186,0.0000,0.3662,-0.4272,1,466,871,0
16833950,222,-0.0518,-0.0405,1.0200,0.0610,0.4272,-0.4883,1,466,829,0
16838930,223,-0.0518,-0.0400,1.0220,0.1831,0.2441,-0.4272,1,466,867,0
16843926,224,-0.0522,-0.0396,1.0225,0.1831,0.1831,-0.4272,1,493,874,0
16848929,225,-0.0518,-0.0391,1.0210,0.2441,0.1831,-0.4272,1,494,877,0
16853928,226,-0.0522,-0.0396,1.0200,0.1831,0.2441,-0.4272,1,464,851,0
16858930,227,-0.0522,-0.0410,1.0186,0.3052,0.1831,-0.3662,1,492,858,0
16863924,228,-0.0522,-0.0420,1.0186,0.2441,0.1831,-0.4272,1,498,845,0
16868925,229,-0.0542,-0.0420,1.0190,0.2441,0.1831,-0.4883,1,471,858,0
16873923,230,-0.0542,-0.0430,1.0195,0.3052,0.0610,-0.4272,1,492,787,0
16878929,231,-0.0532,-0.0425,1.0195,0.4272,0.0000,-0.4883,1,481,878,0
16883925,232,-0.0527,-0.0396,1.0200,0.4272,0.0610,-0.3662,1,492,798,0
16888926,233,-0.0532,-0.0376,1.0210,0.4272,0.2441,-0.3052,1,469,870,0
16893927,234,-0.0532,-0.0386,1.0220,0.3052,0.1831,-0.3052,1,472,869,0
16898923,235,-0.0513,-0.0391,1.0225,0.3052,0.1831,-0.3052,1,475,849,0
16903930,236,-0.0508,-0.0391,1.0229,0.2441,0.1831,-0.3052,1,465,845,0
16908928,237,-0.0508,-0.0391,1.0234,0.1221,0.2441,-0.3662,1,484,850,0
16913927,238,-0.0513,-0.0386,1.0234,0.0000,0.1221,-0.3052,1,466,870,0
16918927,239,-0.0522,-0.0381,1.0229,-0.1221,0.1221,-0.2441,1,466,821,0
16923930,240,-0.0513,-0.0376,1.0234,-0.1221,0.0000,-0.3052,1,466,871,0
16928930,241,-0.0508,-0.0391,1.0239,0.1221,0.2441,-0.3052,1,466,822,0
16933944,242,-0.0522,-0.0400,1.0229,0.0000,0.2441,-0.1831,1,466,865,0
16938931,243,-0.0527,-0.0410,1.0225,0.0000,0.2441,-0.2441,1,466,830,0
16943931,244,-0.0532,-0.0405,1.0215,0.0610,0.3662,-0.2441,1,492,832,0
16948926,245,-0.0537,-0.0400,1.0195,0.0610,0.1831,-0.1831,1,466,874,0
16953928,246,-0.0537,-0.0405,1.0200,0.0000,0.1221,-0.3052,1,493,809,0
16958947,247,-0.0527,-0.0410,1.0215,0.1221,0.1221,-0.2441,1,488,791,0
16963927,248,-0.0518,-0.0425,1.0210,0.1221,0.1831,-0.3662,1,481,851,0
16968924,249,-0.0513,-0.0420,1.0205,0.2441,0.1831,-0.3052,1,509,840,0
16973929,250,-0.0513,-0.0400,1.0200,0.1831,0.1831,-0.3052,1,491,830,0
16978925,251,-0.0513,-0.0400,1.0195,0.0610,0.1831,-0.3662,1,474,866,0
16983929,252,-0.0508,-0.0405,1.0195,0.1221,0.1831,-0.1831,1,482,834,0
16988922,253,-0.0522,-0.0405,1.0190,0.1221,0.1831,-0.2441,1,497,831,0
16993922,254,-0.0527,-0.0410,1.0195,0.2441,0.3052,-0.2441,1,482,865,0
16998929,255,-0.0522,-0.0420,1.0215,0.1831,0.2441,-0.2441,1,465,858,0
17003930,256,-0.0513,-0.0410,1.0229,0.2441,0.3052,-0.1831,1,465,861,0
17008923,257,-0.0518,-0.0396,1.0220,0.1221,0.3662,-0.3052,1,482,856,0
17013929,258,-0.0522,-0.0396,1.0210,0.1221,0.4272,-0.2441,1,466,865,0
17018925,259,-0.0527,-0.0400,1.0210,0.2441,0.4272,-0.2441,1,466,871,0
17023923,260,-0.0532,-0.0400,1.0210,0.2441,0.3662,-0.1831,1,466,877,0
17028930,261,-0.0537,-0.0396,1.0200,0.1221,0.2441,-0.2441,1,466,876,0
17033929,262,-0.0537,-0.0391,1.0200,0.1831,0.3052,-0.2441,1,466,877,0
17038941,263,-0.0532,-0.0391,1.0200,0.3052,0.2441,-0.1831,1,466,870,0
17043922,264,-0.0527,-0.0391,1.0205,0.1831,0.2441,-0.1831,1,466,869,0
17048927,265,-0.0522,-0.0386,1.0225,0.1831,0.3052,-0.3052,1,465,874,0
17053922,266,-0.0508,-0.0391,1.0225,0.1831,0.3662,-0.1831,1,490,867,0
17058926,267,-0.0508,-0.0405,1.0205,0.3052,0.3052,-0.1831,1,466,851,0
17063928,268,-0.0527,-0.0410,1.0195,0.4272,0.3662,-0.1831,1,491,836,0
17068928,269,-0.0532,-0.0400,1.0195,0.3662,0.3052,-0.3052,1,501,851,0
17073924,270,-0.0527,-0.0396,1.0205,0.3052,0.1831,-0.1831,1,484,850,0
17078930,271,-0.0522,-0.0396,1.0225,0.4272,0.3662,-0.2441,1,498,787,0
17083926,272,-0.0522,-0.0386,1.0210,0.4883,0.3052,-0.1831,1,480,889,0
17088925,273,-0.0518,-0.0376,1.0190,0.4272,0.3052,-0.1831,1,503,830,0
17093929,274,-0.0522,-0.0376,1.0190,0.2441,0.3052,-0.3052,1,482,868,0
17098927,275,-0.0537,-0.0391,1.0200,0.3662,0.2441,-0.3052,1,466,867,0
17103925,276,-0.0537,-0.0400,1.0210,0.3662,0.1221,-0.1831,1,474,851,0
17108924,277,-0.0518,-0.0391,1.0220,0.4272,0.3052,-0.1831,1,475,853,0
17113922,278,-0.0498,-0.0376,1.0229,0.3052,0.4272,-0.2441,1,483,849,0
17118929,279,-0.0498,-0.0371,1.0229,0.2441,0.3662,-0.2441,1,466,876,0
17123926,280,-0.0508,-0.0376,1.0229,0.2441,0.2441,-0.2441,1,466,884,0
17128924,281,-0.0513,-0.0381,1.0229,0.1831,0.1831,-0.1831,1,466,877,0
17133922,282,-0.0513,-0.0386,1.0229,0.2441,0.3052,-0.2441,1,466,877,0
17138928,283,-0.0503,-0.0386,1.0229,0.1831,0.3052,-0.1831,1,465,875,0
17143927,284,-0.0508,-0.0391,1.0234,0.1831,0.3662,-0.1831,1,465,872,0
17148929,285,-0.0518,-0.0381,1.0234,0.1831,0.3662,-0.2441,1,466,873,0
17153924,286,-0.0518,-0.0371,1.0225,0.1831,0.2441,-0.1831,1,466,876,0
17158926,287,-0.0518,-0.0381,1.0215,0.0610,0.3662,-0.2441,1,493,823,0
17163932,288,-0.0527,-0.0386,1.0210,0.0000,0.4272,-0.2441,1,481,851,0
17168923,289,-0.0527,-0.0391,1.0200,-0.0610,0.4272,-0.1831,1,487,800,0
17173927,290,-0.0518,-0.0396,1.0195,0.0610,0.4272,-0.2441,1,496,843,0
17178924,291,-0.0513,-0.0396,1.0205,0.0610,0.3662,-0.3052,1,480,833,0
17183923,292,-0.0513,-0.0396,1.0225,0.0000,0.3662,-0.2441,1,474,866,0
17188930,293,-0.0518,-0.0381,1.0225,-0.0610,0.5493,-0.3052,1,480,797,0
17193922,294,-0.0522,-0.0366,1.0220,0.0000,0.5493,-0.2441,1,493,825,0
17198929,295,-0.0522,-0.0376,1.0225,-0.0610,0.3662,-0.1831,1,479,831,0
17203930,296,-0.0518,-0.0381,1.0239,-0.1221,0.4883,-0.2441,1,479,872,0
17208922,297,-0.0503,-0.0386,1.0244,-0.2441,0.4883,-0.1831,1,465,852,0
17213928,298,-0.0503,-0.0391,1.0244,-0.1831,0.4883,-0.1831,1,484,857,0
17218922,299,-0.0522,-0.0391,1.0234,-0.1831,0.5493,-0.1831,1,466,871,0
17223926,300,-0.0532,-0.0391,1.0229,-0.3662,0.6714,-0.1831,1,466,878,0
17228928,301,-0.0527,-0.0396,1.0229,-0.4272,0.6104,-0.1221,1,466,877,0
17233926,302,-0.0518,-0.0396,1.0210,-0.4272,0.4883,-0.2441,1,466,872,0
17238924,303,-0.0513,-0.0396,1.0195,-0.3662,0.6104,-0.1831,1,466,873,0
17243948,304,-0.0518,-0.0400,1.0200,-0.3662,0.6714,-0.1221,1,466,873,0
17248922,305,-0.0527,-0.0396,1.0205,-0.3662,0.6104,-0.1831,1,466,866,0
17253925,306,-0.0542,-0.0386,1.0195,-0.1831,0.6714,-0.1221,1,466,872,0
17258924,307,-0.0542,-0.0381,1.0195,-0.2441,0.6104,0.0000,1,494,869,0
17263925,308,-0.0537,-0.0400,1.0205,-0.3052,0.6104,-0.1221,1,466,795,0
17268927,309,-0.0527,-0.0410,1.0205,-0.2441,0.6104,-0.2441,1,492,844,0
17273923,310,-0.0532,-0.0396,1.0215,-0.1831,0.6104,-0.2441,1,492,847,0
17278925,311,-0.0527,-0.0391,1.0215,-0.1221,0.5493,-0.2441,1,483,854,0
17283929,312,-0.0532,-0.0396,1.0200,-0.1221,0.6714,-0.1831,1,489,832,0
17288926,313,-0.0547,-0.0396,1.0195,-0.1831,0.6714,-0.1831,1,491,869,0
17293928,314,-0.0562,-0.0400,1.0190,-0.0610,0.5493,-0.1831,1,492,835,0
17298923,315,-0.0562,-0.0410,1.0166,0.0000,0.4883,-0.2441,1,467,869,0
17303922,316,-0.0557,-0.0425,1.0161,-0.0610,0.3052,-0.1831,1,476,807,0
17308925,317,-0.0547,-0.0425,1.0181,0.0610,0.3052,-0.3662,1,482,851,0
17313931,318,-0.0542,-0.0410,1.0195,0.0610,0.1831,-0.2441,1,466,846,0
17318925,319,-0.0527,-0.0396,1.0200,0.0610,0.3052,-0.2441,1,483,857,0
17323924,320,-0.0518,-0.0396,1.0200,0.1831,0.1831,-0.3052,1,466,869,0
17328928,321,-0.0508,-0.0410,1.0200,0.1221,0.1831,-0.1831,1,466,869,0
17333927,322,-0.0518,-0.0410,1.0200,0.1831,0.2441,-0.2441,1,466,868,0
17338925,323,-0.0532,-0.0400,1.0195,0.1221,0.0610,-0.3052,1,466,875,0
17343924,324,-0.0527,-0.0400,1.0200,0.2441,0.1831,-0.3052,1,466,866,0
17348928,325,-0.0522,-0.0391,1.0205,0.3662,0.1831,-0.3662,1,466,872,0
17353925,326,-0.0527,-0.0376,1.0210,0.2441,0.1221,-0.3052,1,466,875,0
17358926,327,-0.0518,-0.0381,1.0200,0.1831,0.1221,-0.2441,1,466,866,0
17363926,328,-0.0518,-0.0396,1.0181,0.3052,0.1831,-0.2441,1,493,868,0
17368931,329,-0.0542,-0.0396,1.0176,0.3052,0.1831,-0.1831,1,475,793,0
17373929,330,-0.0552,-0.0391,1.0195,0.3052,0.1221,-0.3052,1,478,850,0
17378922,331,-0.0542,-0.0396,1.0210,0.2441,0.1221,-0.3662,1,504,832,0
17383924,332,-0.0537,-0.0396,1.0200,0.3052,0.0000,-0.1831,1,477,776,0
17388925,333,-0.0532,-0.0391,1.0186,0.4272,0.0610,-0.2441,1,504,822,0
17393929,334,-0.0522,-0.0400,1.0190,0.3662,0.1221,-0.3052,1,489,883,0
17398927,335,-0.0522,-0.0405,1.0190,0.3052,0.1221,-0.2441,1,501,829,0
17403926,336,-0.0537,-0.0400,1.0181,0.4272,-0.0610,-0.1831,1,479,866,0
17408927,337,-0.0547,-0.0391,1.0186,0.4272,-0.1831,-0.3052,1,481,869,0
17413923,338,-0.0542,-0.0396,1.0190,0.3052,-0.1221,-0.3662,1,466,849,0
17418922,339,-0.0527,-0.0391,1.0195,0.3052,-0.1831,-0.3052,1,467,848,0
17423927,340,-0.0522,-0.0386,1.0200,0.3662,-0.2441,-0.3662,1,484,849,0
17428923,341,-0.0527,-0.0391,1.0200,0.4272,-0.3052,-0.3662,1,466,877,0
17433922,342,-0.0537,-0.0396,1.0190,0.4272,-0.3662,-0.4272,1,466,869,0
17438923,343,-0.0532,-0.0381,1.0186,0.5493,-0.4272,-0.4272,1,466,880,0
17443930,344,-0.0513,-0.0376,1.0195,0.4272,-0.3662,-0.4272,1,465,877,0
17448928,345,-0.0503,-0.0381,1.0205,0.3662,-0.1831,-0.3662,1,466,877,0
17453929,346,-0.0503,-0.0381,1.0215,0.4272,-0.1221,-0.3052,1,466,874,0
17458925,347,-0.0513,-0.0381,1.0220,0.3052,-0.1221,-0.4272,1,466,862,0
17463929,348,-0.0537,-0.0371,1.0210,0.2441,-0.1831,-0.4272,1,466,863,0
17468930,349,-0.0522,-0.0386,1.0229,0.1221,-0.2441,-0.4272,1,494,879,0
17473936,350,-0.0508,-0.0400,1.0244,0.1831,-0.2441,-0.3662,1,475,802,0
17478922,351,-0.0513,-0.0391,1.0239,0.0610,-0.1221,-0.3662,1,491,857,0
17483922,352,-0.0522,-0.0381,1.0220,0.0000,-0.1831,-0.4272,1,496,839,0
17488924,353,-0.0522,-0.0371,1.0205,0.0000,-0.2441,-0.3052,1,485,797,0
17493931,354,-0.0522,-0.0371,1.0220,0.0000,-0.2441,-0.2441,1,492,840,0
17498931,355,-0.0522,-0.0371,1.0234,-0.1221,-0.3052,-0.3052,1,497,795,0
17503922,356,-0.0522,-0.0381,1.0225,-0.0610,-0.2441,-0.3052,1,492,830,0
17508923,357,-0.0527,-0.0396,1.0190,0.0000,-0.2441,-0.4272,1,479,830,0
17513926,358,-0.0532,-0.0400,1.0181,0.0000,-0.1831,-0.4883,1,482,811,0
17518929,359,-0.0527,-0.0391,1.0205,-0.0610,-0.3052,-0.2441,1,468,807,0
17523922,360,-0.0513,-0.0386,1.0225,0.0610,-0.2441,-0.3052,1,484,850,0
17528929,361,-0.0508,-0.0386,1.0215,-0.1221,-0.1221,-0.3662,1,466,866,0
17533923,362,-0.0513,-0.0396,1.0205,-0.1221,-0.0610,-0.2441,1,466,864,0
17538924,363,-0.0518,-0.0396,1.0205,-0.1221,-0.1831,-0.3662,1,466,870,0
17543927,364,-0.0513,-0.0391,1.0205,0.0000,-0.1831,-0.3052,1,466,873,0
17548926,365,-0.0508,-0.0381,1.0210,-0.0610,-0.1221,-0.3662,1,466,822,0
17553941,366,-0.0503,-0.0386,1.0195,0.0000,-0.1221,-0.3662,1,466,862,0
17558925,367,-0.0508,-0.0400,1.0176,0.0000,-0.2441,-0.4272,1,466,824,0
17563922,368,-0.0513,-0.0415,1.0166,0.0610,-0.3052,-0.3662,1,465,758,0
17568922,369,-0.0513,-0.0415,1.0171,0.0610,-0.4883,-0.2441,1,494,870,0
17573925,370,-0.0513,-0.0410,1.0181,0.1221,-0.5493,-0.3662,1,470,766,0
17578928,371,-0.0508,-0.0400,1.0190,0.2441,-0.4272,-0.3662,1,492,851,0
17583926,372,-0.0488,-0.0386,1.0200,0.2441,-0.4883,-0.3662,1,499,843,0
17588927,373,-0.0488,-0.0386,1.0205,0.1221,-0.4883,-0.3662,1,486,855,0
17593923,374,-0.0493,-0.0400,1.0220,0.1221,-0.5493,-0.4272,1,495,831,0
17598930,375,-0.0483,-0.0400,1.0244,0.1221,-0.4272,-0.3052,1,488,884,0
17603926,376,-0.0469,-0.0391,1.0249,0.1221,-0.3662,-0.3052,1,500,830,0
17608924,377,-0.0479,-0.0376,1.0234,0.1831,-0.3052,-0.2441,1,509,834,0
17613930,378,-0.0498,-0.0371,1.0225,0.0610,-0.3052,-0.3052,1,471,870,0
17618928,379,-0.0498,-0.0386,1.0220,-0.0610,-0.2441,-0.3662,1,470,850,0
17623929,380,-0.0498,-0.0410,1.0220,0.0000,-0.1221,-0.3052,1,475,858,0
17628924,381,-0.0493,-0.0415,1.0234,0.1221,-0.1831,-0.1221,1,483,804,0
17633928,382,-0.0483,-0.0400,1.0249,0.0610,0.0000,-0.2441,1,466,873,0
17638929,383,-0.0488,-0.0381,1.0244,-0.0610,0.0610,-0.1831,1,465,828,0
17643924,384,-0.0498,-0.0381,1.0225,-0.1221,0.0000,-0.3052,1,466,873,0
17648929,385,-0.0498,-0.0386,1.0210,0.0000,0.0000,-0.1831,1,466,820,0
17653925,386,-0.0503,-0.0391,1.0210,-0.0610,0.0610,-0.1831,1,466,781,0
17658926,387,-0.0503,-0.0391,1.0195,0.0000,0.0610,-0.2441,1,466,861,0
17663922,388,-0.0508,-0.0386,1.0181,-0.0610,0.0610,-0.2441,1,493,819,0
17668927,389,-0.0508,-0.0396,1.0195,-0.0610,0.0000,-0.1831,1,472,864,0
17673928,390,-0.0498,-0.0410,1.0220,-0.0610,0.1221,-0.1221,1,494,749,0
17678944,391,-0.0498,-0.0405,1.0220,-0.1221,0.1221,-0.1831,1,464,860,0
17683927,392,-0.0498,-0.0386,1.0210,-0.0610,0.1221,-0.1831,1,491,851,0
17688930,393,-0.0493,-0.0376,1.0200,-0.0610,0.1221,-0.1221,1,494,839,0
17693927,394,-0.0493,-0.0386,1.0205,-0.1221,0.3052,-0.1221,1,480,825,0
17698924,395,-0.0498,-0.0405,1.0225,-0.0610,0.1221,-0.1221,1,510,778,0
17703929,396,-0.0493,-0.0410,1.0234,0.0000,0.1221,-0.1831,1,499,879,0
17708925,397,-0.0498,-0.0400,1.0225,-0.1221,0.1831,-0.2441,1,490,790,0
17713928,398,-0.0493,-0.0396,1.0225,0.0000,0.1831,-0.1221,1,468,835,0
17718928,399,-0.0498,-0.0386,1.0225,-0.0610,0.1831,-0.1221,1,469,806,0
17723925,400,-0.0498,-0.0376,1.0215,0.1221,0.2441,-0.2441,1,475,853,0
17728930,401,-0.0493,-0.0391,1.0210,0.0610,0.2441,-0.1831,1,475,856,0
17733931,402,-0.0498,-0.0405,1.0205,-0.0610,0.2441,-0.1831,1,483,852,0
17738925,403,-0.0513,-0.0425,1.0195,0.0610,0.1221,-0.1831,1,466,879,0
17743925,404,-0.0527,-0.0420,1.0190,0.1221,0.2441,-0.3052,1,466,870,0
17748922,405,-0.0508,-0.0391,1.0200,0.1221,0.0610,-0.3662,1,466,870,0
17753925,406,-0.0483,-0.0371,1.0205,0.1831,0.1831,-0.2441,1,465,863,0
17758928,407,-0.0483,-0.0381,1.0210,0.1831,0.3052,-0.1831,1,466,882,0
17763929,408,-0.0493,-0.0396,1.0210,0.2441,0.3052,-0.4883,1,466,869,0
17768927,409,-0.0508,-0.0400,1.0200,0.1831,0.0610,-0.3052,1,492,869,0
17773929,410,-0.0513,-0.0391,1.0200,0.1831,0.0610,-0.2441,1,466,861,0
17778929,411,-0.0513,-0.0371,1.0225,0.1831,0.1221,-0.3052,1,486,867,0
17783935,412,-0.0503,-0.0366,1.0234,0.0610,0.3052,-0.3052,1,464,813,0
17788924,413,-0.0493,-0.0371,1.0239,0.0610,0.2441,-0.2441,1,473,836,0
17793924,414,-0.0493,-0.0381,1.0239,0.0000,0.2441,-0.3052,1,492,852,0
17798927,415,-0.0493,-0.0396,1.0239,-0.0610,0.3662,-0.2441,1,477,796,0
17803924,416,-0.0493,-0.0405,1.0239,-0.1831,0.2441,-0.2441,1,506,784,0
17808927,417,-0.0488,-0.0400,1.0229,-0.0610,0.3052,-0.2441,1,496,878,0
17813923,418,-0.0493,-0.0396,1.0210,-0.1221,0.2441,-0.2441,1,491,832,0
17818925,419,-0.0503,-0.0396,1.0210,-0.2441,0.3662,-0.3052,1,467,835,0
17823930,420,-0.0513,-0.0386,1.0215,-0.1831,0.2441,-0.3052,1,469,865,0
17828930,421,-0.0518,-0.0381,1.0210,-0.1221,0.3052,-0.2441,1,469,853,0
17833924,422,-0.0503,-0.0405,1.0210,-0.1831,0.3052,-0.2441,1,468,845,0
17838926,423,-0.0483,-0.0420,1.0215,0.0610,0.4272,-0.3052,1,484,849,0
17843924,424,-0.0483,-0.0410,1.0215,0.0000,0.3662,-0.3052,1,466,869,0
17848927,425,-0.0488,-0.0396,1.0215,0.0000,0.3052,-0.1831,1,466,825,0
17853929,426,-0.0503,-0.0396,1.0225,0.0610,0.3662,-0.2441,1,466,825,0
17858931,427,-0.0508,-0.0396,1.0225,0.1221,0.4272,-0.3662,1,466,871,0
17863929,428,-0.0503,-0.0386,1.0220,0.0000,0.3052,-0.4272,1,466,868,0
17868927,429,-0.0503,-0.0386,1.0215,0.0000,0.5493,-0.3052,1,466,820,0
17873924,430,-0.0503,-0.0396,1.0210,0.1221,0.4272,-0.2441,1,492,822,0
17878930,431,-0.0508,-0.0386,1.0215,0.1221,0.4272,-0.3052,1,472,866,0
17883926,432,-0.0513,-0.0391,1.0210,0.1831,0.3052,-0.3662,1,488,862,0
17888942,433,-0.0518,-0.0396,1.0205,0.1831,0.3052,-0.3662,1,465,847,0
17893928,434,-0.0518,-0.0386,1.0205,0.0610,0.3052,-0.3662,1,478,842,0
17898930,435,-0.0508,-0.0366,1.0210,0.1221,0.3052,-0.3052,1,502,839,0
17903926,436,-0.0503,-0.0361,1.0215,0.1831,0.3662,-0.3662,1,492,764,0
17908922,437,-0.0493,-0.0371,1.0215,0.1221,0.2441,-0.3052,1,486,901,0
17913923,438,-0.0493,-0.0381,1.0210,0.0610,0.2441,-0.3662,1,489,831,0
17918923,439,-0.0503,-0.0391,1.0205,0.0000,0.4883,-0.3662,1,509,831,0
17923930,440,-0.0508,-0.0405,1.0215,0.0610,0.3662,-0.3662,1,466,801,0
17928925,441,-0.0508,-0.0400,1.0229,0.0610,0.3052,-0.2441,1,482,867,0
17933922,442,-0.0503,-0.0391,1.0229,-0.0610,0.4272,-0.3662,1,471,847,0
17938925,443,-0.0503,-0.0396,1.0225,0.0610,0.3052,-0.3662,1,483,851,0
17943928,444,-0.0498,-0.0391,1.0220,0.0610,0.2441,-0.2441,1,466,864,0
17948923,445,-0.0493,-0.0381,1.0200,0.0000,0.3662,-0.3662,1,466,872,0
17953927,446,-0.0493,-0.0376,1.0181,-0.1221,0.3662,-0.3662,1,466,827,0
17958927,447,-0.0498,-0.0391,1.0186,-0.0610,0.3662,-0.2441,1,465,873,0
17963923,448,-0.0498,-0.0391,1.0200,0.0610,0.3662,-0.2441,1,466,874,0
17968937,449,-0.0498,-0.0386,1.0215,0.1221,0.3662,-0.2441,1,466,871,0
17973923,450,-0.0498,-0.0396,1.0215,0.1221,0.3052,-0.3662,1,466,873,0
17978927,451,-0.0503,-0.0396,1.0210,0.1831,0.3052,-0.4272,1,494,867,0
17983924,452,-0.0503,-0.0396,1.0205,0.1221,0.3662,-0.2441,1,466,866,0
17988925,453,-0.0498,-0.0391,1.0210,0.0000,0.4883,-0.3662,1,493,823,0
17993930,454,-0.0503,-0.0381,1.0215,0.1221,0.2441,-0.3662,1,476,794,0
17998928,455,-0.0513,-0.0381,1.0215,0.1221,0.3052,-0.3662,1,485,839,0
18003928,456,-0.0513,-0.0386,1.0210,0.1221,0.4883,-0.3052,1,491,823,0
18008925,457,-0.0513,-0.0396,1.0200,0.1831,0.4272,-0.3662,1,503,842,0
18013926,458,-0.0527,-0.0410,1.0190,0.1831,0.3662,-0.3052,1,483,873,0
18018922,459,-0.0532,-0.0420,1.0190,0.2441,0.4272,-0.3052,1,488,834,0
18023927,460,-0.0522,-0.0410,1.0200,0.1831,0.3662,-0.3052,1,507,833,0
18028931,461,-0.0513,-0.0391,1.0210,0.1831,0.3052,-0.4272,1,479,861,0
18033925,462,-0.0508,-0.0386,1.0205,0.3052,0.3052,-0.4272,1,481,862,0
18038925,463,-0.0508,-0.0391,1.0200,0.3052,0.3662,-0.2441,1,469,844,0
18043925,464,-0.0513,-0.0381,1.0205,0.1831,0.3052,-0.1831,1,483,847,0
18048924,465,-0.0498,-0.0376,1.0210,0.1221,0.2441,-0.3052,1,466,868,0
18053931,466,-0.0488,-0.0376,1.0215,0.1221,0.3052,-0.2441,1,466,868,0
18058930,467,-0.0488,-0.0366,1.0220,0.0610,0.4883,-0.1831,1,466,868,0
18063926,468,-0.0498,-0.0366,1.0225,-0.0610,0.4272,-0.2441,1,466,876,0
18068925,469,-0.0503,-0.0376,1.0220,0.0000,0.4883,-0.3052,1,466,879,0
18073941,470,-0.0498,-0.0386,1.0220,0.0610,0.3662,-0.3052,1,466,817,0
18078924,471,-0.0503,-0.0396,1.0220,-0.1221,0.4272,-0.1831,1,466,869,0
18083925,472,-0.0518,-0.0396,1.0200,0.0000,0.3662,-0.1831,1,492,869,0
18088923,473,-0.0508,-0.0391,1.0205,-0.0610,0.2441,-0.1831,1,466,751,0
18093931,474,-0.0503,-0.0391,1.0215,0.0000,0.4272,-0.1831,1,494,785,0
18098923,475,-0.0522,-0.0400,1.0210,0.1831,0.4272,-0.3662,1,476,794,0
18103925,476,-0.0532,-0.0405,1.0195,0.0000,0.3662,-0.3052,1,492,846,0
18108931,477,-0.0527,-0.0405,1.0176,0.0610,0.4272,-0.2441,1,478,743,0
18113924,478,-0.0518,-0.0391,1.0176,0.1831,0.3662,-0.2441,1,493,854,0
18118924,479,-0.0498,-0.0381,1.0195,0.0610,0.2441,-0.1831,1,489,871,0
18123930,480,-0.0488,-0.0381,1.0210,0.0610,0.3052,-0.1831,1,473,836,0
18128930,481,-0.0493,-0.0376,1.0215,0.0610,0.3662,-0.3052,1,509,826,0
18133925,482,-0.0503,-0.0376,1.0220,0.0000,0.4272,-0.2441,1,467,823,0
18138924,483,-0.0513,-0.0386,1.0220,0.0000,0.6104,-0.1831,1,481,808,0
18143922,484,-0.0518,-0.0376,1.0210,-0.1221,0.6104,-0.1221,1,465,805,0
18148930,485,-0.0508,-0.0376,1.0210,0.0000,0.4883,-0.1831,1,483,843,0
18153922,486,-0.0508,-0.0381,1.0220,-0.0610,0.5493,-0.2441,1,466,820,0
18158929,487,-0.0518,-0.0381,1.0225,0.0000,0.4883,-0.1831,1,466,869,0
18163922,488,-0.0513,-0.0381,1.0234,0.0000,0.3662,-0.3052,1,466,825,0
18168922,489,-0.0508,-0.0386,1.0229,-0.1221,0.5493,-0.2441,1,466,824,0
18173925,490,-0.0508,-0.0391,1.0220,-0.1221,0.7935,-0.2441,1,466,873,0
18178935,491,-0.0513,-0.0396,1.0220,-0.1221,0.5493,-0.1831,1,465,866,0
18183925,492,-0.0513,-0.0396,1.0215,-0.0610,0.6104,-0.1831,1,466,873,0
18188927,493,-0.0513,-0.0391,1.0210,0.0610,0.6104,-0.2441,1,493,868,0
18193926,494,-0.0508,-0.0376,1.0215,0.1221,0.5493,-0.2441,1,481,862,0
18198932,495,-0.0518,-0.0381,1.0205,0.1221,0.4272,-0.1831,1,464,813,0
18203928,496,-0.0518,-0.0396,1.0186,0.1831,0.3662,-0.1221,1,480,840,0
18208924,497,-0.0518,-0.0405,1.0190,0.2441,0.4272,-0.2441,1,495,841,0
18213923,498,-0.0508,-0.0405,1.0215,0.0000,0.6104,-0.3052,1,505,837,0
18218923,499,-0.0498,-0.0400,1.0225,0.0000,0.5493,-0.3052,1,476,777,0
18223931,500,-0.0493,-0.0396,1.0225,0.1221,0.4272,-0.1831,1,491,792,0
18228929,501,-0.0498,-0.0391,1.0220,0.0000,0.4272,-0.1831,1,505,834,0
18233925,502,-0.0503,-0.0396,1.0210,0.0610,0.4883,-0.1831,1,467,808,0
18238930,503,-0.0503,-0.0391,1.0210,0.0000,0.4883,-0.2441,1,477,848,0
18243929,504,-0.0508,-0.0391,1.0210,0.1221,0.5493,-0.1831,1,479,801,0
18248930,505,-0.0518,-0.0396,1.0210,0.1221,0.6104,-0.1831,1,484,847,0
18253924,506,-0.0527,-0.0400,1.0210,0.1221,0.4883,-0.1831,1,466,864,0
18258924,507,-0.0527,-0.0405,1.0215,0.0610,0.3052,-0.2441,1,466,868,0
18263926,508,-0.0518,-0.0405,1.0215,0.0610,0.2441,-0.2441,1,466,870,0
18268929,509,-0.0513,-0.0400,1.0220,0.1221,0.2441,-0.1831,1,466,874,0
18273922,510,-0.0513,-0.0391,1.0234,0.1221,0.3052,-0.2441,1,466,871,0
18278946,511,-0.0513,-0.0376,1.0234,0.0610,0.3052,-0.2441,1,466,866,0
18283928,512,-0.0503,-0.0366,1.0225,0.0000,0.3052,-0.2441,1,466,870,0
18288927,513,-0.0513,-0.0371,1.0210,0.0610,0.3052,-0.3052,1,493,823,0
18293923,514,-0.0518,-0.0386,1.0200,0.1221,0.3052,-0.3052,1,494,861,0
18298946,515,-0.0513,-0.0396,1.0210,0.1831,0.1831,-0.2441,1,468,840,0
18303928,516,-0.0498,-0.0400,1.0229,0.1221,0.2441,-0.2441,1,476,845,0
18308924,517,-0.0498,-0.0396,1.0239,0.1221,0.2441,-0.1831,1,503,847,0
18313930,518,-0.0503,-0.0386,1.0225,0.0610,0.2441,-0.2441,1,494,837,0
18318924,519,-0.0508,-0.0386,1.0205,0.0610,0.1831,-0.3052,1,491,840,0
18323922,520,-0.0513,-0.0381,1.0195,0.1831,0.3052,-0.3662,1,486,825,0
18328931,521,-0.0518,-0.0381,1.0210,0.0610,0.2441,-0.2441,1,509,831,0
18333931,522,-0.0518,-0.0376,1.0220,0.1831,0.3052,-0.1831,1,482,830,0
18338924,523,-0.0518,-0.0376,1.0210,0.0000,0.3052,-0.2441,1,467,852,0
18343926,524,-0.0513,-0.0371,1.0200,0.0610,0.2441,-0.2441,1,479,803,0
18348924,525,-0.0508,-0.0386,1.0205,0.0610,0.1831,-0.3662,1,483,856,0
18353923,526,-0.0508,-0.0410,1.0215,0.0000,0.1831,-0.3052,1,466,869,0
18358929,527,-0.0513,-0.0400,1.0220,-0.0610,0.1831,-0.3052,1,466,821,0
18363926,528,-0.0522,-0.0381,1.0220,0.1221,0.1831,-0.2441,1,466,868,0
18368924,529,-0.0518,-0.0381,1.0210,0.0610,0.2441,-0.2441,1,466,873,0
18373924,530,-0.0508,-0.0386,1.0195,0.0000,0.2441,-0.1831,1,466,870,0
18378923,531,-0.0498,-0.0391,1.0195,0.0610,0.2441,-0.2441,1,466,826,0
18383926,532,-0.0503,-0.0381,1.0195,-0.0610,0.3052,-0.1831,1,492,875,0
18388929,533,-0.0518,-0.0381,1.0200,-0.1221,0.3662,-0.2441,1,493,866,0
18393928,534,-0.0527,-0.0386,1.0210,0.0610,0.3662,-0.2441,1,488,867,0
18398922,535,-0.0522,-0.0400,1.0215,0.1221,0.4883,-0.3052,1,464,817,0
18403931,536,-0.0518,-0.0410,1.0210,0.1221,0.4272,-0.2441,1,480,836,0
18408929,537,-0.0527,-0.0400,1.0200,0.1221,0.4272,-0.2441,1,497,840,0
18413930,538,-0.0537,-0.0396,1.0200,0.1831,0.3662,-0.2441,1,491,777,0
18418922,539,-0.0532,-0.0400,1.0200,0.1831,0.1831,-0.2441,1,491,846,0
18423922,540,-0.0522,-0.0391,1.0205,0.0610,0.2441,-0.3662,1,490,836,0
18428927,541,-0.0513,-0.0381,1.0220,0.1831,0.1831,-0.3662,1,496,842,0
18433925,542,-0.0508,-0.0381,1.0215,0.1831,0.1831,-0.3052,1,472,872,0
18438930,543,-0.0503,-0.0391,1.0215,0.1831,0.3052,-0.3662,1,482,847,0
18443927,544,-0.0498,-0.0396,1.0210,0.2441,0.1831,-0.3052,1,466,848,0
18448928,545,-0.0513,-0.0396,1.0195,0.2441,0.2441,-0.3052,1,484,854,0
18453925,546,-0.0518,-0.0396,1.0200,0.1831,0.2441,-0.2441,1,466,873,0
18458922,547,-0.0513,-0.0381,1.0210,0.0000,0.4272,-0.3662,1,465,876,0
18463926,548,-0.0508,-0.0381,1.0215,-0.0610,0.3052,-0.3662,1,466,824,0
18468923,549,-0.0508,-0.0391,1.0220,-0.0610,0.3662,-0.3662,1,465,866,0
18473924,550,-0.0508,-0.0396,1.0215,0.0000,0.3662,-0.3052,1,466,867,0
18478930,551,-0.0513,-0.0391,1.0210,-0.1221,0.2441,-0.2441,1,466,819,0
18483922,552,-0.0513,-0.0391,1.0210,-0.0610,0.4272,-0.1831,1,493,868,0
18488930,553,-0.0508,-0.0391,1.0220,-0.0610,0.3052,-0.1831,1,494,867,0
18493927,554,-0.0503,-0.0391,1.0225,0.0000,0.4272,-0.3052,1,485,861,0
18498946,555,-0.0513,-0.0391,1.0215,-0.0610,0.4272,-0.3662,1,464,788,0
18503922,556,-0.0522,-0.0376,1.0215,-0.1831,0.4883,-0.3052,1,489,850,0
18508930,557,-0.0508,-0.0371,1.0215,0.0000,0.4272,-0.1831,1,479,831,0
18513925,558,-0.0488,-0.0396,1.0205,-0.0610,0.5493,-0.3052,1,500,816,0
18518923,559,-0.0488,-0.0405,1.0210,-0.1221,0.5493,-0.1831,1,485,889,0
18523926,560,-0.0493,-0.0391,1.0220,-0.1831,0.5493,-0.2441,1,498,833,0
18528927,561,-0.0498,-0.0381,1.0234,-0.1221,0.5493,-0.2441,1,495,836,0
18533925,562,-0.0498,-0.0381,1.0249,-0.1221,0.5493,-0.2441,1,479,836,0
18538929,563,-0.0508,-0.0381,1.0244,-0.1221,0.6714,-0.2441,1,465,857,0
18543928,564,-0.0518,-0.0396,1.0225,-0.1831,0.7935,-0.3052,1,466,849,0
18548927,565,-0.0527,-0.0405,1.0200,-0.1831,0.6714,-0.1831,1,484,850,0
18553923,566,-0.0532,-0.0415,1.0190,-0.2441,0.6104,-0.1831,1,466,858,0
18558923,567,-0.0532,-0.0405,1.0195,-0.1831,0.4883,-0.1831,1,466,876,0
18563926,568,-0.0522,-0.0391,1.0200,-0.1221,0.4883,-0.1831,1,466,878,0
18568928,569,-0.0527,-0.0391,1.0210,-0.1221,0.7324,-0.1221,1,465,869,0
18573924,570,-0.0542,-0.0391,1.0215,-0.0610,0.5493,-0.2441,1,466,866,0
18578938,571,-0.0532,-0.0391,1.0210,0.0000,0.5493,-0.1831,1,465,870,0
18583926,572,-0.0522,-0.0400,1.0205,0.0610,0.4883,-0.2441,1,466,825,0
18588927,573,-0.0513,-0.0400,1.0200,-0.0610,0.4883,-0.3052,1,466,871,0
18593927,574,-0.0493,-0.0386,1.0210,0.0610,0.5493,-0.2441,1,465,862,0
18598923,575,-0.0498,-0.0386,1.0225,-0.0610,0.6104,-0.2441,1,494,871,0
18603924,576,-0.0518,-0.0396,1.0229,0.0610,0.4883,-0.1831,1,477,850,0
18608925,577,-0.0537,-0.0396,1.0220,0.0000,0.4272,-0.1831,1,509,842,0
18613927,578,-0.0532,-0.0386,1.0200,-0.0610,0.3052,-0.1831,1,478,817,0
18618929,579,-0.0532,-0.0386,1.0181,0.1221,0.4883,-0.3052,1,499,783,0
18623926,580,-0.0547,-0.0405,1.0181,0.0610,0.4883,-0.2441,1,487,874,0
18628926,581,-0.0532,-0.0415,1.0200,0.0000,0.3662,-0.1831,1,500,828,0
18633925,582,-0.0513,-0.0405,1.0220,0.1221,0.3662,-0.3052,1,506,801,0
18638930,583,-0.0498,-0.0396,1.0229,0.1221,0.4883,-0.3052,1,465,864,0
18643923,584,-0.0508,-0.0386,1.0225,0.0610,0.3662,-0.2441,1,470,851,0
18648926,585,-0.0522,-0.0381,1.0220,0.0000,0.3052,-0.3052,1,478,853,0
18653924,586,-0.0537,-0.0386,1.0220,0.1221,0.4272,-0.3052,1,483,800,0
18658925,587,-0.0527,-0.0386,1.0220,0.1221,0.2441,-0.1831,1,466,867,0
18663929,588,-0.0508,-0.0386,1.0229,0.0000,0.1831,-0.2441,1,466,874,0
18668929,589,-0.0498,-0.0391,1.0234,0.0000,0.3052,-0.3052,1,466,829,0
18673927,590,-0.0508,-0.0386,1.0225,0.0610,0.4272,-0.2441,1,465,821,0
18678936,591,-0.0513,-0.0386,1.0210,-0.0610,0.3052,-0.1831,1,466,869,0
18683923,592,-0.0508,-0.0386,1.0200,0.0000,0.3052,-0.2441,1,465,866,0
18688929,593,-0.0508,-0.0391,1.0200,0.0000,0.3662,-0.2441,1,466,821,0
18693927,594,-0.0508,-0.0396,1.0210,0.0610,0.4272,-0.3662,1,466,747,0
18698924,595,-0.0513,-0.0400,1.0215,0.0000,0.3662,-0.2441,1,494,867,0
18703931,596,-0.0522,-0.0400,1.0205,-0.0610,0.3662,-0.1831,1,479,798,0
18708930,597,-0.0522,-0.0396,1.0205,0.0610,0.3662,-0.2441,1,507,845,0
18713924,598,-0.0518,-0.0396,1.0210,0.0610,0.3052,-0.2441,1,474,836,0
18718926,599,-0.0518,-0.0400,1.0205,0.0000,0.4272,-0.3052,1,505,846,0
18723928,600,-0.0527,-0.0400,1.0205,-0.0610,0.4272,-0.3052,1,491,782,0
18728927,601,-0.0542,-0.0396,1.0200,-0.1221,0.3662,-0.3052,1,496,829,0
18733923,602,-0.0532,-0.0386,1.0195,-0.0610,0.3052,-0.2441,1,504,835,0
18738930,603,-0.0518,-0.0396,1.0200,-0.0610,0.4272,-0.2441,1,465,871,0
18743926,604,-0.0518,-0.0391,1.0205,0.0000,0.4272,-0.3052,1,465,853,0
18748923,605,-0.0527,-0.0391,1.0210,-0.0610,0.3662,-0.1831,1,466,802,0
18753924,606,-0.0537,-0.0396,1.0205,0.0000,0.1831,-0.2441,1,483,853,0
18758923,607,-0.0527,-0.0396,1.0200,0.0610,0.3052,-0.3662,1,465,831,0
18763922,608,-0.0513,-0.0391,1.0190,0.0000,0.3052,-0.2441,1,465,869,0
18768928,609,-0.0503,-0.0391,1.0181,0.0610,0.3662,-0.1221,1,465,821,0
18773929,610,-0.0503,-0.0391,1.0186,0.0610,0.3052,-0.1831,1,466,860,0
18778922,611,-0.0503,-0.0386,1.0205,0.0610,0.3662,-0.3052,1,466,862,0
18783935,612,-0.0503,-0.0391,1.0215,-0.0610,0.4272,-0.3662,1,466,866,0
18788922,613,-0.0518,-0.0400,1.0215,0.0610,0.4272,-0.1831,1,466,866,0
18793930,614,-0.0537,-0.0400,1.0205,0.0610,0.2441,-0.2441,1,493,870,0
18798925,615,-0.0532,-0.0396,1.0205,-0.0610,0.2441,-0.1831,1,487,873,0
18803924,616,-0.0518,-0.0386,1.0220,-0.0610,0.1831,-0.3052,1,466,819,0
18808929,617,-0.0508,-0.0386,1.0215,0.0000,0.2441,-0.3052,1,497,838,0
18813928,618,-0.0513,-0.0386,1.0195,0.0000,0.2441,-0.1831,1,481,802,0
18818922,619,-0.0518,-0.0391,1.0190,0.0000,0.3052,-0.2441,1,493,800,0
18823923,620,-0.0522,-0.0396,1.0200,0.0000,0.3052,-0.2441,1,477,781,0
18828928,621,-0.0522,-0.0400,1.0205,0.0000,0.3052,-0.2441,1,486,794,0
18833926,622,-0.0522,-0.0410,1.0210,0.0000,0.2441,-0.2441,1,492,749,0
18838930,623,-0.0527,-0.0415,1.0200,0.0610,0.2441,-0.3052,1,469,810,0
18843925,624,-0.0532,-0.0410,1.0190,0.1221,0.0610,-0.1831,1,469,851,0
18848922,625,-0.0537,-0.0396,1.0195,0.1221,0.1221,-0.2441,1,479,853,0
18853931,626,-0.0532,-0.0391,1.0200,0.0610,0.0610,-0.2441,1,483,853,0
18858931,627,-0.0532,-0.0410,1.0190,0.0610,0.1831,-0.2441,1,466,866,0
18863929,628,-0.0527,-0.0425,1.0176,0.1221,0.1831,-0.1831,1,466,876,0
18868923,629,-0.0518,-0.0410,1.0186,0.2441,0.0610,-0.2441,1,466,873,0
18873930,630,-0.0513,-0.0391,1.0210,0.1221,0.0000,-0.3052,1,466,872,0
18878930,631,-0.0513,-0.0391,1.0229,0.1221,0.1221,-0.3052,1,466,814,0
18883948,632,-0.0532,-0.0396,1.0215,0.1831,0.0000,-0.2441,1,466,861,0
18888923,633,-0.0542,-0.0400,1.0205,0.1221,0.0610,-0.1831,1,466,830,0
18893930,634,-0.0532,-0.0400,1.0215,0.1831,0.1221,-0.0610,1,492,867,0
18898923,635,-0.0513,-0.0391,1.0229,0.0610,0.1221,-0.3052,1,466,868,0
18903932,636,-0.0503,-0.0396,1.0229,0.0610,0.1831,-0.3052,1,492,788,0
18908929,637,-0.0508,-0.0386,1.0220,0.1221,0.1831,-0.1831,1,484,848,0
18913927,638,-0.0513,-0.0381,1.0220,0.0610,0.0610,-0.1831,1,493,839,0
18918924,639,-0.0513,-0.0386,1.0225,0.1221,0.2441,-0.0610,1,486,827,0
18923926,640,-0.0513,-0.0391,1.0229,0.2441,0.1831,-0.1221,1,490,836,0
18928930,641,-0.0522,-0.0396,1.0220,0.1221,0.2441,-0.2441,1,500,910,0
18933929,642,-0.0527,-0.0405,1.0205,0.0610,0.3052,-0.2441,1,482,834,0
18938923,643,-0.0527,-0.0405,1.0200,0.1221,0.1831,-0.2441,1,498,832,0
18943930,644,-0.0518,-0.0405,1.0205,0.0000,0.2441,-0.1831,1,482,871,0
18948923,645,-0.0518,-0.0405,1.0225,0.0610,0.4272,-0.3052,1,481,810,0
18953928,646,-0.0518,-0.0396,1.0225,0.0610,0.4272,-0.4272,1,484,849,0
18958928,647,-0.0513,-0.0391,1.0215,0.0610,0.2441,-0.3052,1,466,853,0
18963923,648,-0.0508,-0.0396,1.0210,0.0000,0.2441,-0.1831,1,466,865,0
18968925,649,-0.0518,-0.0391,1.0210,0.1221,0.3052,-0.1831,1,466,824,0
18973926,650,-0.0522,-0.0386,1.0210,0.0610,0.3662,-0.2441,1,466,862,0
18978930,651,-0.0522,-0.0391,1.0215,0.0610,0.3052,-0.2441,1,466,873,0
18983930,652,-0.0518,-0.0386,1.0200,0.1831,0.2441,-0.1831,1,466,867,0
18988953,653,-0.0522,-0.0381,1.0190,0.0610,0.3662,-0.1831,1,466,876,0
18993930,654,-0.0522,-0.0391,1.0195,0.0000,0.3052,-0.3052,1,466,873,0
18998923,655,-0.0518,-0.0400,1.0205,0.0000,0.2441,-0.3052,1,494,819,0
19003930,656,-0.0513,-0.0391,1.0215,0.1831,0.1831,-0.3052,1,494,747,0
19008928,657,-0.0522,-0.0391,1.0215,0.0610,0.3052,-0.3052,1,466,848,0
19013930,658,-0.0527,-0.0391,1.0215,0.0610,0.3662,-0.3052,1,502,833,0
19018924,659,-0.0527,-0.0386,1.0215,0.0000,0.3052,-0.2441,1,489,826,0
19023927,660,-0.0522,-0.0381,1.0215,0.0610,0.2441,-0.1221,1,498,845,0
19028924,661,-0.0513,-0.0386,1.0205,-0.0610,0.2441,-0.3052,1,483,879,0
19033922,662,-0.0518,-0.0386,1.0210,-0.1831,0.2441,-0.3052,1,496,829,0
19038931,663,-0.0527,-0.0391,1.0220,0.0000,0.3052,-0.3052,1,509,838,0
19043927,664,-0.0527,-0.0400,1.0215,0.1221,0.3662,-0.3052,1,480,797,0
19048928,665,-0.0522,-0.0396,1.0200,0.0610,0.1831,-0.2441,1,469,850,0
19053925,666,-0.0518,-0.0396,1.0190,-0.0610,0.2441,-0.1221,1,468,855,0
19058924,667,-0.0508,-0.0396,1.0195,0.1221,0.2441,-0.2441,1,483,851,0
19063929,668,-0.0513,-0.0396,1.0195,0.1221,0.1831,-0.3052,1,466,872,0
19068928,669,-0.0503,-0.0391,1.0200,0.0610,0.2441,-0.3052,1,465,868,0
19073922,670,-0.0493,-0.0391,1.0205,0.0610,0.1831,-0.3052,1,466,861,0
19078930,671,-0.0498,-0.0391,1.0205,0.1221,0.1831,-0.2441,1,466,868,0
19083927,672,-0.0508,-0.0391,1.0200,0.0000,0.1831,-0.3052,1,466,872,0
19088928,673,-0.0513,-0.0381,1.0190,0.1221,0.3052,-0.3662,1,465,816,0
19093927,674,-0.0508,-0.0376,1.0190,0.1831,0.3052,-0.2441,1,466,864,0
19098928,675,-0.0513,-0.0391,1.0205,0.0610,0.3052,-0.1831,1,493,869,0
19103924,676,-0.0532,-0.0400,1.0215,0.0000,0.2441,-0.2441,1,479,863,0
19108924,677,-0.0537,-0.0396,1.0220,0.0610,0.2441,-0.2441,1,465,800,0
19113922,678,-0.0527,-0.0386,1.0220,0.0610,0.1831,-0.3052,1,490,855,0
19118928,679,-0.0518,-0.0386,1.0220,0.1221,0.2441,-0.2441,1,474,829,0
19123925,680,-0.0518,-0.0391,1.0215,0.1831,0.2441,-0.1831,1,491,831,0
19128922,681,-0.0537,-0.0396,1.0205,0.1221,0.1831,-0.2441,1,483,892,0
19133930,682,-0.0542,-0.0396,1.0200,0.1831,0.2441,-0.1831,1,499,835,0
19138930,683,-0.0527,-0.0396,1.0205,0.2441,0.1221,-0.3052,1,497,835,0
19143923,684,-0.0518,-0.0396,1.0215,0.1831,0.1221,-0.3662,1,510,830,0
19148924,685,-0.0527,-0.0391,1.0225,0.1221,0.2441,-0.2441,1,476,851,0
19153923,686,-0.0542,-0.0386,1.0225,0.1221,0.2441,-0.3662,1,482,852,0
19158923,687,-0.0547,-0.0400,1.0215,0.1221,0.1831,-0.3662,1,484,851,0
19163925,688,-0.0532,-0.0400,1.0205,0.1831,0.0610,-0.3052,1,466,868,0
19168923,689,-0.0522,-0.0391,1.0205,0.2441,-0.0610,-0.2441,1,466,870,0
19173922,690,-0.0518,-0.0386,1.0210,0.1831,0.2441,-0.3052,1,465,874,0
19178930,691,-0.0503,-0.0391,1.0210,0.2441,0.1831,-0.2441,1,466,869,0
19183923,692,-0.0493,-0.0391,1.0210,0.3052,0.1831,-0.1831,1,466,871,0
19188922,693,-0.0498,-0.0386,1.0210,0.1831,0.1831,-0.1831,1,466,870,0
19193930,694,-0.0508,-0.0376,1.0210,0.1221,0.1831,-0.3052,1,466,877,0
19198922,695,-0.0518,-0.0371,1.0220,0.2441,0.2441,-0.3052,1,493,862,0
19203924,696,-0.0522,-0.0371,1.0229,0.1831,0.2441,-0.3052,1,466,871,0
19208933,697,-0.0527,-0.0386,1.0220,0.2441,0.1831,-0.3052,1,494,878,0
19213929,698,-0.0527,-0.0391,1.0210,0.1831,0.1831,-0.2441,1,476,854,0
19218925,699,-0.0522,-0.0381,1.0205,0.1831,0.3052,-0.2441,1,490,856,0
19223924,700,-0.0518,-0.0376,1.0210,0.2441,0.1831,-0.2441,1,473,832,0
19228929,701,-0.0522,-0.0371,1.0225,0.1831,0.1831,-0.2441,1,506,788,0
19233927,702,-0.0522,-0.0371,1.0205,0.1831,0.3662,-0.1831,1,490,878,0
19238930,703,-0.0527,-0.0381,1.0181,0.1831,0.1831,-0.1831,1,477,842,0
19243923,704,-0.0527,-0.0405,1.0190,0.1221,0.2441,-0.1831,1,494,834,0
19248925,705,-0.0522,-0.0415,1.0215,0.1221,0.1221,-0.2441,1,483,873,0
19253925,706,-0.0518,-0.0405,1.0225,0.1831,0.1221,-0.1221,1,465,853,0
19258923,707,-0.0513,-0.0386,1.0225,0.1221,0.3052,-0.2441,1,483,848,0
19263927,708,-0.0518,-0.0381,1.0215,0.0610,0.1831,-0.3052,1,466,867,0
19268927,709,-0.0518,-0.0386,1.0200,0.1221,0.1831,-0.3662,1,466,864,0
19273928,710,-0.0513,-0.0391,1.0200,0.1831,0.2441,-0.1831,1,466,871,0
19278922,711,-0.0527,-0.0381,1.0210,0.1221,0.3052,-0.2441,1,466,874,0
19283928,712,-0.0527,-0.0381,1.0200,0.0610,0.2441,-0.2441,1,466,867,0
19288925,713,-0.0532,-0.0396,1.0195,0.1221,0.1831,-0.3052,1,466,872,0
19293926,714,-0.0532,-0.0405,1.0200,0.3052,0.1831,-0.3052,1,466,871,0
19298930,715,-0.0522,-0.0391,1.0205,0.2441,0.2441,-0.3662,1,466,866,0
19303927,716,-0.0518,-0.0376,1.0220,0.1831,0.0610,-0.3052,1,466,875,0
19308930,717,-0.0508,-0.0366,1.0229,0.2441,0.1221,-0.3662,1,494,796,0
19313923,718,-0.0513,-0.0371,1.0229,0.1221,0.2441,-0.3052,1,474,854,0
19318929,719,-0.0522,-0.0405,1.0200,0.2441,0.1831,-0.2441,1,494,852,0
19323929,720,-0.0522,-0.0400,1.0190,0.4272,0.0000,-0.1831,1,477,838,0
19328922,721,-0.0513,-0.0361,1.0210,0.2441,0.1221,-0.2441,1,504,848,0
19333929,722,-0.0503,-0.0361,1.0215,0.1831,0.3052,-0.3052,1,481,833,0
19338929,723,-0.0498,-0.0376,1.0210,0.3052,0.2441,-0.2441,1,483,836,0
19343922,724,-0.0508,-0.0396,1.0205,0.3052,0.1831,-0.1831,1,507,832,0
19348925,725,-0.0527,-0.0405,1.0195,0.1831,0.1221,-0.2441,1,472,849,0
19353925,726,-0.0522,-0.0391,1.0190,0.1831,0.1221,-0.1831,1,475,859,0
19358927,727,-0.0518,-0.0366,1.0215,0.1221,0.1831,-0.1831,1,483,854,0
19363930,728,-0.0518,-0.0366,1.0220,0.3662,0.1831,-0.1831,1,466,873,0
19368930,729,-0.0522,-0.0376,1.0205,0.1831,0.1831,-0.1221,1,466,879,0
19373923,730,-0.0522,-0.0391,1.0190,0.1831,0.0610,-0.1221,1,466,874,0
19378930,731,-0.0522,-0.0396,1.0190,0.3662,0.0000,-0.0610,1,465,869,0
19383924,732,-0.0527,-0.0396,1.0200,0.3662,0.1831,-0.2441,1,466,828,0
19388942,733,-0.0532,-0.0391,1.0205,0.2441,0.1831,-0.1831,1,466,878,0
19393931,734,-0.0522,-0.0391,1.0215,0.2441,0.1221,-0.3052,1,466,877,0
19398929,735,-0.0508,-0.0386,1.0229,0.1831,0.0000,-0.3052,1,466,864,0
19403928,736,-0.0508,-0.0386,1.0229,0.1831,0.1221,-0.2441,1,466,748,0
19408938,737,-0.0508,-0.0381,1.0215,0.3052,0.2441,-0.0610,1,494,806,0
19413922,738,-0.0508,-0.0376,1.0200,0.1831,0.1221,-0.1831,1,476,843,0
19418930,739,-0.0513,-0.0381,1.0190,0.2441,0.0610,-0.1221,1,483,827,0
19423928,740,-0.0522,-0.0391,1.0181,0.3662,0.0610,-0.1831,1,487,827,0
19428931,741,-0.0527,-0.0391,1.0186,0.2441,-0.0610,-0.3052,1,487,868,0
19433925,742,-0.0522,-0.0391,1.0200,0.4883,0.0610,-0.2441,1,476,827,0
19438922,743,-0.0518,-0.0386,1.0215,0.4272,0.0000,-0.3052,1,489,838,0
19443929,744,-0.0518,-0.0371,1.0220,0.4883,-0.0610,-0.3052,1,465,775,0
19448927,745,-0.0513,-0.0366,1.0215,0.4883,-0.1221,-0.3052,1,467,848,0
19453922,746,-0.0513,-0.0371,1.0210,0.4272,-0.2441,-0.3052,1,475,848,0
19458922,747,-0.0518,-0.0376,1.0186,0.5493,-0.1831,-0.3052,1,484,854,0
19463923,748,-0.0527,-0.0371,1.0181,0.4883,-0.1221,-0.2441,1,466,871,0
19468924,749,-0.0532,-0.0366,1.0200,0.4272,-0.3052,-0.3052,1,466,872,0
19473922,750,-0.0522,-0.0371,1.0215,0.3662,-0.1831,-0.3662,1,466,868,0
19478926,751,-0.0518,-0.0376,1.0215,0.3662,-0.1221,-0.3052,1,466,883,0
19483924,752,-0.0518,-0.0371,1.0215,0.3052,-0.2441,-0.4883,1,466,868,0
19488938,753,-0.0522,-0.0361,1.0210,0.1831,-0.3662,-0.3052,1,466,871,0
19493928,754,-0.0503,-0.0366,1.0210,0.2441,-0.3052,-0.2441,1,466,876,0
19498930,755,-0.0508,-0.0386,1.0215,0.3662,0.0610,-0.2441,1,466,870,0
19503930,756,-0.0522,-0.0396,1.0220,0.4272,-0.0610,-0.2441,1,465,870,0
19508936,757,-0.0503,-0.0396,1.0225,0.3052,-0.1221,-0.3662,1,494,873,0
19513923,758,-0.0493,-0.0376,1.0225,0.1831,0.0610,-0.3662,1,468,845,0
19518924,759,-0.0503,-0.0366,1.0220,0.3052,0.0000,-0.3052,1,490,846,0
19523925,760,-0.0513,-0.0371,1.0200,0.3052,0.0610,-0.2441,1,478,817,0
19528931,761,-0.0522,-0.0376,1.0176,0.3052,0.0610,-0.3662,1,499,782,0
19533929,762,-0.0522,-0.0376,1.0176,0.3662,-0.2441,-0.3052,1,501,894,0
19538923,763,-0.0508,-0.0361,1.0210,0.2441,-0.1221,-0.2441,1,493,833,0
19543927,764,-0.0493,-0.0352,1.0244,0.3052,0.0000,-0.2441,1,499,831,0
19548929,765,-0.0488,-0.0347,1.0254,0.1831,0.0000,-0.3662,1,474,809,0
19553922,766,-0.0493,-0.0347,1.0234,0.2441,0.0610,-0.2441,1,480,812,0
19558928,767,-0.0503,-0.0356,1.0215,0.0610,0.0610,-0.3662,1,483,860,0
19563925,768,-0.0503,-0.0366,1.0210,-0.0610,0.1221,-0.2441,1,465,851,0
19568922,769,-0.0503,-0.0366,1.0210,0.1221,0.0000,-0.2441,1,466,866,0
19573923,770,-0.0498,-0.0371,1.0225,-0.0610,0.1221,-0.3052,1,466,825,0
19578923,771,-0.0503,-0.0366,1.0234,0.0000,0.1221,-0.3052,1,465,870,0
19583930,772,-0.0503,-0.0366,1.0225,0.0000,0.3052,-0.3662,1,466,822,0
19588923,773,-0.0498,-0.0366,1.0220,0.0000,0.2441,-0.3052,1,466,824,0
19593946,774,-0.0493,-0.0371,1.0220,0.0000,0.2441,-0.3052,1,466,826,0
19598923,775,-0.0498,-0.0376,1.0220,0.0000,0.3052,-0.3052,1,466,828,0
19603923,776,-0.0518,-0.0381,1.0220,0.0610,0.2441,-0.2441,1,466,740,0
19608924,777,-0.0513,-0.0381,1.0205,0.1221,0.3052,-0.3052,1,494,899,0
19613922,778,-0.0493,-0.0376,1.0205,0.0610,0.3052,-0.4272,1,464,841,0
19618924,779,-0.0483,-0.0381,1.0205,-0.0610,0.3052,-0.4272,1,497,841,0
19623922,780,-0.0493,-0.0386,1.0195,0.0610,0.4272,-0.4272,1,482,829,0
19628924,781,-0.0518,-0.0396,1.0186,0.0610,0.3662,-0.3662,1,510,808,0
19633923,782,-0.0532,-0.0386,1.0195,0.0610,0.3052,-0.2441,1,496,889,0
19638922,783,-0.0527,-0.0366,1.0205,-0.0610,0.3662,-0.3052,1,484,832,0
19643926,784,-0.0513,-0.0361,1.0200,0.1221,0.2441,-0.3052,1,493,834,0
19648930,785,-0.0508,-0.0361,1.0195,0.2441,0.2441,-0.1831,1,465,865,0
19653928,786,-0.0518,-0.0371,1.0200,0.2441,0.3662,-0.2441,1,469,860,0
19658929,787,-0.0518,-0.0371,1.0200,0.0000,0.3052,-0.3662,1,473,860,0
19663922,788,-0.0498,-0.0361,1.0200,0.0000,0.3662,-0.2441,1,483,806,0
19668930,789,-0.0498,-0.0366,1.0210,0.1221,0.3052,-0.3052,1,466,832,0
19673926,790,-0.0508,-0.0376,1.0215,0.1831,0.3662,-0.2441,1,466,866,0
19678929,791,-0.0518,-0.0386,1.0215,0.0610,0.4272,-0.2441,1,466,874,0
19683925,792,-0.0518,-0.0381,1.0205,0.1221,0.2441,-0.1831,1,466,871,0
19688924,793,-0.0508,-0.0376,1.0210,0.0610,0.2441,-0.2441,1,466,870,0
19693923,794,-0.0503,-0.0371,1.0215,0.0610,0.2441,-0.2441,1,466,868,0
19698928,795,-0.0508,-0.0366,1.0225,0.0000,0.3052,-0.2441,1,466,873,0
19703928,796,-0.0498,-0.0376,1.0229,0.0610,0.3052,-0.3662,1,493,821,0
19708927,797,-0.0488,-0.0381,1.0229,0.0000,0.3052,-0.3662,1,471,872,0
19713930,798,-0.0498,-0.0376,1.0225,0.1831,0.3052,-0.1221,1,493,805,0
19718922,799,-0.0503,-0.0361,1.0220,0.1221,0.3662,-0.1221,1,478,849,0
19723924,800,-0.0508,-0.0361,1.0205,0.1221,0.4272,-0.3052,1,491,827,0
19728923,801,-0.0527,-0.0376,1.0210,0.0610,0.3052,-0.2441,1,494,808,0
19733929,802,-0.0527,-0.0386,1.0220,0.0610,0.2441,-0.3052,1,486,899,0
19738927,803,-0.0518,-0.0386,1.0215,0.1831,0.3662,-0.1221,1,493,831,0
19743930,804,-0.0503,-0.0381,1.0220,0.1831,0.4272,-0.1831,1,503,841,0
19748930,805,-0.0498,-0.0386,1.0210,0.1221,0.3662,-0.1831,1,466,869,0
19753929,806,-0.0513,-0.0386,1.0181,0.1831,0.3662,-0.3662,1,476,853,0
19758925,807,-0.0522,-0.0376,1.0186,0.1831,0.2441,-0.3052,1,478,855,0
19763922,808,-0.0518,-0.0366,1.0215,0.1831,0.3052,-0.1831,1,466,855,0
19768925,809,-0.0522,-0.0366,1.0225,0.1831,0.3052,-0.2441,1,466,873,0
19773930,810,-0.0527,-0.0366,1.0225,0.1831,0.3052,-0.3052,1,466,875,0
19778926,811,-0.0522,-0.0361,1.0225,0.1221,0.2441,-0.3052,1,466,871,0
19783928,812,-0.0513,-0.0366,1.0220,0.1221,0.3662,-0.3052,1,466,872,0
19788927,813,-0.0488,-0.0376,1.0225,0.0000,0.4272,-0.3052,1,466,869,0
19793945,814,-0.0474,-0.0366,1.0229,0.0610,0.4272,-0.4272,1,466,824,0
19798922,815,-0.0493,-0.0361,1.0225,0.0610,0.4272,-0.3662,1,466,875,0
19803929,816,-0.0508,-0.0371,1.0215,-0.1221,0.4883,-0.2441,1,494,877,0
19808930,817,-0.0508,-0.0381,1.0210,-0.1831,0.4883,-0.1831,1,488,867,0
19813929,818,-0.0508,-0.0376,1.0210,-0.0610,0.3662,-0.2441,1,464,860,0
19818923,819,-0.0513,-0.0356,1.0210,-0.0610,0.6104,-0.2441,1,509,849,0
19823928,820,-0.0518,-0.0352,1.0205,-0.1831,0.6104,-0.3662,1,483,829,0
19828929,821,-0.0532,-0.0361,1.0186,-0.3052,0.4272,-0.2441,1,490,784,0
19833930,822,-0.0547,-0.0366,1.0181,-0.1831,0.4272,-0.2441,1,493,894,0
19838926,823,-0.0542,-0.0381,1.0190,-0.1221,0.4272,-0.3662,1,503,836,0
19843922,824,-0.0532,-0.0386,1.0195,-0.0610,0.4272,-0.3662,1,494,830,0
19848924,825,-0.0513,-0.0376,1.0205,-0.1221,0.4883,-0.4272,1,474,874,0
19853927,826,-0.0503,-0.0366,1.0215,-0.0610,0.3662,-0.3052,1,481,850,0
19858929,827,-0.0493,-0.0366,1.0220,-0.0610,0.3662,-0.2441,1,478,850,0
19863926,828,-0.0488,-0.0371,1.0205,0.0000,0.2441,-0.3052,1,466,859,0
19868925,829,-0.0488,-0.0376,1.0195,0.0610,0.2441,-0.3052,1,466,828,0
19873929,830,-0.0493,-0.0376,1.0200,0.0610,0.2441,-0.2441,1,466,871,0
19878926,831,-0.0503,-0.0371,1.0205,-0.0610,0.4883,-0.3662,1,466,875,0
19883930,832,-0.0503,-0.0376,1.0200,-0.1221,0.4272,-0.3662,1,465,871,0
19888928,833,-0.0503,-0.0391,1.0195,-0.0610,0.2441,-0.2441,1,466,869,0
19893930,834,-0.0508,-0.0391,1.0195,0.1221,0.2441,-0.3052,1,466,870,0
19898923,835,-0.0513,-0.0376,1.0220,0.0610,0.3052,-0.3662,1,466,863,0
19903928,836,-0.0513,-0.0366,1.0239,0.0610,0.2441,-0.2441,1,493,867,0
19908924,837,-0.0522,-0.0366,1.0239,0.0610,0.3662,-0.3662,1,479,878,0
19913924,838,-0.0527,-0.0366,1.0229,-0.0610,0.4272,-0.3662,1,466,803,0
19918924,839,-0.0522,-0.0366,1.0215,0.0610,0.3662,-0.3662,1,503,823,0
19923926,840,-0.0522,-0.0376,1.0200,0.0610,0.3052,-0.3052,1,491,837,0
19928928,841,-0.0518,-0.0371,1.0215,0.0000,0.3052,-0.3052,1,499,806,0
19933927,842,-0.0513,-0.0371,1.0210,-0.0610,0.3052,-0.3052,1,481,779,0
19938929,843,-0.0522,-0.0371,1.0181,0.0610,0.2441,-0.2441,1,493,824,0
19943926,844,-0.0542,-0.0381,1.0156,0.0610,0.1221,-0.3052,1,497,844,0
19948927,845,-0.0547,-0.0396,1.0166,0.1831,0.0000,-0.2441,1,465,842,0
19953929,846,-0.0542,-0.0391,1.0186,0.3662,0.0000,-0.1831,1,472,811,0
19958930,847,-0.0518,-0.0381,1.0210,0.3052,-0.1221,-0.1831,1,471,806,0
19963929,848,-0.0498,-0.0371,1.0215,0.2441,-0.0610,-0.3052,1,483,844,0
19968923,849,-0.0508,-0.0361,1.0220,0.1831,0.0000,-0.3052,1,466,874,0
19973927,850,-0.0527,-0.0371,1.0225,0.0610,-0.1221,-0.2441,1,465,824,0
19978930,851,-0.0518,-0.0381,1.0220,0.1221,-0.0610,-0.3052,1,466,873,0
19983930,852,-0.0498,-0.0376,1.0210,0.2441,0.0610,-0.2441,1,466,861,0
19988926,853,-0.0488,-0.0356,1.0220,0.1221,0.0610,-0.1831,1,466,874,0
19993930,854,-0.0483,-0.0356,1.0215,0.0610,0.0000,-0.3052,1,466,874,0
19998957,855,-0.0483,-0.0376,1.0195,0.0000,0.2441,-0.3052,1,466,823,0
20003926,856,-0.0498,-0.0396,1.0205,0.1831,0.2441,-0.2441,1,466,827,0
20008927,857,-0.0508,-0.0396,1.0229,0.1831,0.1221,-0.2441,1,466,877,0
20013926,858,-0.0513,-0.0386,1.0234,0.2441,0.1221,-0.3052,1,493,870,0
20018924,859,-0.0508,-0.0381,1.0234,0.1221,0.1831,-0.3052,1,465,849,0
20023924,860,-0.0503,-0.0371,1.0229,0.0610,0.2441,-0.3052,1,495,836,0
20028930,861,-0.0513,-0.0366,1.0220,0.1221,0.1221,-0.2441,1,480,830,0
20033922,862,-0.0513,-0.0371,1.0210,0.1221,0.1221,-0.2441,1,496,830,0
20038925,863,-0.0503,-0.0376,1.0195,0.3052,0.2441,-0.2441,1,493,898,0
20043929,864,-0.0513,-0.0376,1.0186,0.1221,0.1221,-0.2441,1,499,831,0
20048929,865,-0.0527,-0.0376,1.0186,0.2441,-0.0610,-0.2441,1,499,827,0
20053930,866,-0.0522,-0.0386,1.0186,0.2441,-0.0610,-0.3052,1,465,872,0
20058925,867,-0.0508,-0.0391,1.0190,0.3052,-0.0610,-0.2441,1,469,851,0
20063928,868,-0.0503,-0.0386,1.0205,0.3052,-0.1221,-0.3662,1,474,845,0
20068922,869,-0.0508,-0.0371,1.0210,0.3052,0.0000,-0.2441,1,484,846,0
20073930,870,-0.0518,-0.0371,1.0190,0.3052,-0.1221,-0.3052,1,466,822,0
20078929,871,-0.0527,-0.0376,1.0186,0.4272,-0.1221,-0.3052,1,466,865,0
20083922,872,-0.0527,-0.0376,1.0200,0.4272,-0.1221,-0.2441,1,466,869,0
20088927,873,-0.0508,-0.0366,1.0225,0.3662,-0.1831,-0.2441,1,466,875,0
20093923,874,-0.0483,-0.0366,1.0234,0.3662,-0.0610,-0.2441,1,466,876,0
20098925,875,-0.0474,-0.0366,1.0229,0.2441,0.0000,-0.3052,1,466,881,0
20103946,876,-0.0479,-0.0361,1.0220,0.3662,0.0000,-0.3052,1,466,827,0
20108930,877,-0.0498,-0.0361,1.0220,0.4272,-0.1831,-0.2441,1,466,825,0
20113922,878,-0.0513,-0.0366,1.0220,0.3052,-0.1831,-0.3052,1,493,882,0
20118928,879,-0.0508,-0.0371,1.0210,0.2441,-0.0610,-0.3662,1,493,867,0
20123928,880,-0.0474,-0.0356,1.0220,0.1831,0.1221,-0.2441,1,464,815,0
20128928,881,-0.0493,-0.0366,1.0215,0.3052,0.1221,-0.1831,1,509,798,0
20133922,882,-0.0518,-0.0366,1.0210,0.3052,0.0000,-0.2441,1,487,832,0
20138930,883,-0.0527,-0.0361,1.0195,0.1831,0.0000,-0.2441,1,503,822,0
20143928,884,-0.0508,-0.0366,1.0186,0.2441,-0.0610,-0.3052,1,482,796,0
20148929,885,-0.0483,-0.0371,1.0195,0.3662,0.0000,-0.3052,1,492,829,0
20153923,886,-0.0483,-0.0376,1.0200,0.3052,0.0000,-0.4272,1,496,754,0
20158928,887,-0.0518,-0.0376,1.0200,0.1831,-0.1221,-0.3052,1,510,776,0
20163927,888,-0.0552,-0.0376,1.0190,0.3662,-0.3662,-0.2441,1,480,846,0
20168931,889,-0.0542,-0.0371,1.0186,0.3052,-0.3662,-0.3662,1,482,858,0
20173926,890,-0.0518,-0.0352,1.0205,0.4883,-0.2441,-0.3052,1,483,854,0
20178923,891,-0.0503,-0.0327,1.0220,0.3662,-0.2441,-0.3052,1,466,868,0
20183927,892,-0.0503,-0.0342,1.0200,0.3052,-0.1831,-0.3662,1,466,872,0
20188923,893,-0.0518,-0.0366,1.0186,0.4272,-0.4272,-0.3052,1,465,869,0
20193928,894,-0.0518,-0.0376,1.0200,0.3662,-0.4272,-0.3052,1,466,874,0
20198931,895,-0.0503,-0.0371,1.0225,0.4883,-0.3052,-0.4272,1,466,869,0
20203924,896,-0.0488,-0.0371,1.0234,0.4272,-0.2441,-0.4272,1,466,869,0
20208945,897,-0.0488,-0.0371,1.0234,0.4272,-0.3052,-0.4272,1,466,883,0
20213925,898,-0.0483,-0.0361,1.0244,0.4883,-0.3052,-0.3662,1,466,878,0
20218925,899,-0.0483,-0.0347,1.0244,0.3052,-0.2441,-0.3662,1,493,876,0
20223924,900,-0.0483,-0.0342,1.0229,0.3662,-0.1831,-0.3052,1,488,876,0
20228923,901,-0.0488,-0.0347,1.0220,0.3052,-0.0610,-0.3662,1,465,801,0
20233923,902,-0.0488,-0.0356,1.0220,0.2441,-0.1221,-0.4883,1,482,850,0
20238922,903,-0.0498,-0.0361,1.0225,0.1831,-0.0610,-0.3662,1,491,833,0
20243929,904,-0.0508,-0.0356,1.0220,0.3052,-0.0610,-0.4272,1,501,810,0
20248922,905,-0.0503,-0.0352,1.0215,0.3052,-0.1221,-0.3052,1,481,900,0
20253922,906,-0.0488,-0.0352,1.0220,0.1221,-0.1221,-0.3052,1,498,819,0
20258928,907,-0.0488,-0.0356,1.0220,0.1831,-0.1221,-0.3662,1,499,825,0
20263931,908,-0.0503,-0.0366,1.0210,0.3662,-0.1221,-0.3052,1,503,846,0
20268925,909,-0.0522,-0.0366,1.0200,0.3052,-0.1831,-0.4272,1,475,846,0
20273929,910,-0.0532,-0.0361,1.0200,0.3662,-0.3662,-0.3662,1,466,856,0
20278928,911,-0.0522,-0.0361,1.0195,0.3052,-0.1831,-0.4272,1,483,862,0
20283924,912,-0.0498,-0.0366,1.0195,0.3662,-0.3052,-0.4272,1,466,878,0
20288926,913,-0.0474,-0.0366,1.0205,0.3052,-0.3052,-0.3662,1,465,880,0
20293931,914,-0.0464,-0.0376,1.0225,0.3662,-0.3052,-0.3662,1,466,869,0
20298930,915,-0.0464,-0.0376,1.0239,0.3662,-0.3662,-0.4272,1,466,872,0
20303929,916,-0.0474,-0.0366,1.0239,0.3052,-0.3662,-0.3662,1,466,879,0
20308925,917,-0.0479,-0.0361,1.0244,0.2441,-0.3662,-0.3052,1,466,877,0
20313951,918,-0.0479,-0.0347,1.0229,0.3052,-0.2441,-0.3052,1,466,876,0
20318931,919,-0.0483,-0.0342,1.0210,0.3052,-0.3052,-0.3662,1,466,867,0
20323927,920,-0.0479,-0.0352,1.0205,0.3052,-0.3052,-0.4272,1,493,867,0
20328930,921,-0.0474,-0.0356,1.0210,0.1831,-0.3052,-0.3052,1,493,864,0
20333926,922,-0.0469,-0.0361,1.0225,0.3052,-0.2441,-0.3662,1,464,791,0
20338923,923,-0.0464,-0.0361,1.0234,0.1221,-0.1221,-0.2441,1,492,852,0
20343922,924,-0.0464,-0.0356,1.0239,0.0610,-0.0610,-0.3052,1,482,833,0
20348930,925,-0.0469,-0.0352,1.0234,0.0610,-0.0610,-0.3662,1,496,839,0
20353928,926,-0.0469,-0.0352,1.0215,0.0610,-0.0610,-0.4272,1,498,880,0
20358925,927,-0.0474,-0.0366,1.0200,0.0610,-0.0610,-0.3662,1,488,826,0
20363925,928,-0.0483,-0.0366,1.0195,0.0000,0.1831,-0.4272,1,497,831,0
20368930,929,-0.0498,-0.0356,1.0205,0.0000,0.1221,-0.3662,1,501,788,0
20373924,930,-0.0498,-0.0356,1.0200,0.0610,-0.0610,-0.2441,1,475,811,0
20378925,931,-0.0498,-0.0352,1.0195,0.0000,-0.1831,-0.3662,1,478,856,0
20383925,932,-0.0498,-0.0347,1.0205,0.0000,-0.0610,-0.4272,1,484,815,0
20388928,933,-0.0493,-0.0347,1.0210,0.1831,0.0000,-0.4272,1,466,828,0
20393924,934,-0.0479,-0.0347,1.0205,0.0610,-0.0610,-0.4272,1,466,829,0
20398923,935,-0.0464,-0.0347,1.0210,0.0610,-0.0610,-0.3662,1,466,869,0
20403922,936,-0.0464,-0.0356,1.0225,0.0000,0.0610,-0.3662,1,466,868,0
20408926,937,-0.0469,-0.0361,1.0234,0.0610,-0.0610,-0.3052,1,466,828,0
20413924,938,-0.0474,-0.0366,1.0239,0.1221,0.0000,-0.3052,1,466,868,0
20418924,939,-0.0479,-0.0361,1.0239,0.1221,0.0610,-0.2441,1,466,822,0
20423924,940,-0.0474,-0.0361,1.0229,0.0610,0.1221,-0.1831,1,492,872,0
20428922,941,-0.0469,-0.0356,1.0220,0.0610,0.1221,-0.3052,1,471,872,0
20433925,942,-0.0474,-0.0347,1.0220,0.0000,0.1831,-0.1221,1,493,862,0
20438928,943,-0.0483,-0.0337,1.0229,0.0610,0.2441,-0.2441,1,465,782,0
20443930,944,-0.0493,-0.0322,1.0225,0.0000,0.4272,-0.3052,1,473,838,0
20448929,945,-0.0493,-0.0327,1.0220,-0.0610,0.4883,-0.3662,1,503,819,0
20453928,946,-0.0488,-0.0342,1.0220,-0.1221,0.3052,-0.1221,1,491,872,0
20458927,947,-0.0474,-0.0356,1.0229,-0.1221,0.3052,-0.2441,1,503,824,0
20463930,948,-0.0479,-0.0366,1.0225,-0.1221,0.4272,-0.3052,1,489,841,0
20468924,949,-0.0498,-0.0352,1.0210,-0.0610,0.4883,-0.1221,1,492,793,0
20473923,950,-0.0503,-0.0337,1.0205,-0.0610,0.4272,-0.1831,1,475,846,0
20478930,951,-0.0493,-0.0347,1.0205,-0.0610,0.3662,-0.2441,1,482,852,0
20483922,952,-0.0493,-0.0361,1.0210,-0.0610,0.4272,-0.2441,1,483,858,0
20488928,953,-0.0498,-0.0361,1.0205,-0.0610,0.4272,-0.2441,1,466,876,0
20493927,954,-0.0493,-0.0352,1.0195,0.0000,0.4883,-0.1831,1,466,878,0
20498924,955,-0.0483,-0.0352,1.0195,0.0610,0.3662,-0.1221,1,466,830,0
20503926,956,-0.0479,-0.0366,1.0215,0.0610,0.3662,-0.2441,1,466,873,0
20508929,957,-0.0483,-0.0371,1.0220,0.0000,0.4272,-0.3052,1,466,874,0
20513923,958,-0.0493,-0.0371,1.0210,0.0610,0.4883,-0.1831,1,466,827,0
20518953,959,-0.0493,-0.0361,1.0205,0.0610,0.4883,-0.1221,1,466,874,0
20523928,960,-0.0483,-0.0356,1.0210,0.0000,0.3052,-0.2441,1,465,872,0
20528927,961,-0.0479,-0.0352,1.0215,-0.1221,0.4272,-0.3052,1,466,747,0
20533930,962,-0.0479,-0.0347,1.0215,-0.1221,0.3662,-0.2441,1,494,864,0
20538923,963,-0.0474,-0.0356,1.0215,-0.1221,0.3662,-0.1831,1,494,788,0
20543925,964,-0.0474,-0.0361,1.0210,-0.0610,0.4272,-0.0610,1,494,853,0
20548928,965,-0.0488,-0.0361,1.0210,-0.1221,0.4883,-0.1221,1,481,830,0
20553922,966,-0.0498,-0.0366,1.0215,-0.2441,0.4272,-0.1831,1,509,809,0
20558927,967,-0.0493,-0.0376,1.0225,-0.1221,0.5493,-0.1221,1,507,879,0
20563930,968,-0.0474,-0.0366,1.0244,-0.0610,0.6104,-0.1221,1,491,830,0
20568926,969,-0.0474,-0.0352,1.0239,-0.0610,0.6104,-0.2441,1,487,837,0
20573926,970,-0.0483,-0.0337,1.0220,-0.0610,0.5493,-0.1831,1,506,840,0
20578929,971,-0.0479,-0.0337,1.0210,-0.0610,0.7324,-0.1831,1,465,857,0
20583929,972,-0.0493,-0.0352,1.0210,0.0000,0.6104,-0.1221,1,484,852,0
20588930,973,-0.0508,-0.0376,1.0215,-0.0610,0.6714,-0.1831,1,466,819,0
20593927,974,-0.0493,-0.0376,1.0215,0.0000,0.5493,-0.1221,1,466,868,0
20598929,975,-0.0479,-0.0366,1.0229,-0.0610,0.6714,0.0000,1,466,826,0
20603923,976,-0.0474,-0.0356,1.0234,-0.0610,0.6714,-0.1831,1,465,828,0
20608925,977,-0.0493,-0.0347,1.0229,-0.0610,0.7324,-0.1831,1,466,875,0
20613924,978,-0.0498,-0.0337,1.0215,-0.0610,0.7324,-0.1221,1,466,879,0
20618941,979,-0.0488,-0.0342,1.0205,-0.1831,0.7324,-0.1221,1,466,872,0
20623925,980,-0.0483,-0.0352,1.0220,-0.2441,0.7324,-0.1831,1,466,873,0
20628923,981,-0.0488,-0.0347,1.0234,-0.2441,0.8545,-0.1831,1,493,879,0
20633923,982,-0.0488,-0.0347,1.0229,-0.3052,0.9155,-0.2441,1,494,877,0
20638928,983,-0.0488,-0.0361,1.0215,-0.2441,0.9155,-0.1831,1,493,799,0
20643927,984,-0.0503,-0.0371,1.0205,-0.2441,0.9155,-0.1831,1,485,833,0
20648931,985,-0.0518,-0.0371,1.0195,-0.1831,0.8545,-0.1831,1,475,838,0
20653928,986,-0.0532,-0.0361,1.0205,-0.1221,0.7935,-0.0610,1,506,812,0
20658928,987,-0.0518,-0.0361,1.0210,-0.2441,0.6714,-0.1831,1,497,904,0
20663928,988,-0.0498,-0.0361,1.0205,-0.1831,0.6714,-0.1831,1,488,835,0
20668929,989,-0.0488,-0.0366,1.0205,-0.2441,0.5493,-0.1831,1,487,840,0
20673922,990,-0.0493,-0.0366,1.0215,-0.2441,0.6104,-0.1831,1,506,850,0
20678930,991,-0.0493,-0.0356,1.0225,-0.1831,0.5493,-0.2441,1,469,858,0
20683928,992,-0.0493,-0.0347,1.0215,-0.1831,0.6104,-0.1221,1,480,864,0
20688926,993,-0.0493,-0.0352,1.0205,-0.3052,0.6714,-0.1221,1,466,852,0
20693924,994,-0.0498,-0.0366,1.0200,-0.2441,0.6104,-0.1831,1,466,866,0
20698929,995,-0.0498,-0.0366,1.0195,-0.2441,0.5493,-0.1831,1,466,875,0
20703923,996,-0.0493,-0.0361,1.0205,-0.1831,0.4883,-0.2441,1,466,884,0
20708924,997,-0.0493,-0.0361,1.0220,-0.1831,0.6104,-0.2441,1,466,881,0
20713931,998,-0.0503,-0.0366,1.0220,-0.3662,0.6104,-0.2441,1,466,877,0
20718931,999,-0.0513,-0.0366,1.0220,-0.3052,0.6104,-0.1221,1,466,873,0
20723924,1000,-0.0513,-0.0361,1.0210,-0.1831,0.6104,-0.2441,1,466,863,0
20728929,1001,-0.0503,-0.0361,1.0210,-0.1831,0.6104,-0.2441,1,493,874,0
20733928,1002,-0.0493,-0.0366,1.0215,-0.2441,0.5493,-0.1831,1,481,870,0
20738930,1003,-0.0498,-0.0371,1.0200,-0.3052,0.6104,-0.1831,1,494,880,0
20743929,1004,-0.0518,-0.0376,1.0190,-0.2441,0.4883,-0.1831,1,484,814,0
20748925,1005,-0.0527,-0.0381,1.0200,-0.1831,0.4883,-0.2441,1,478,834,0
20753924,1006,-0.0518,-0.0376,1.0205,-0.1831,0.4883,-0.2441,1,510,834,0
20758924,1007,-0.0508,-0.0356,1.0220,-0.1221,0.2441,-0.1831,1,479,886,0
20763930,1008,-0.0508,-0.0352,1.0229,-0.1831,0.4883,-0.1831,1,491,833,0
20768927,1009,-0.0493,-0.0361,1.0225,-0.1831,0.4272,-0.2441,1,491,843,0
20773928,1010,-0.0483,-0.0366,1.0210,-0.2441,0.4883,-0.3052,1,505,851,0
20778923,1011,-0.0498,-0.0366,1.0200,-0.2441,0.4883,-0.1831,1,480,853,0
20783923,1012,-0.0503,-0.0376,1.0190,-0.3052,0.3662,-0.4272,1,467,860,0
20788930,1013,-0.0498,-0.0386,1.0186,-0.3052,0.3052,-0.3052,1,483,852,0
20793922,1014,-0.0503,-0.0391,1.0195,-0.1831,0.4272,-0.3052,1,466,865,0
20798931,1015,-0.0508,-0.0376,1.0200,-0.1221,0.3052,-0.2441,1,466,869,0
20803924,1016,-0.0513,-0.0366,1.0205,-0.2441,0.3662,-0.2441,1,466,864,0
20808927,1017,-0.0518,-0.0371,1.0210,-0.2441,0.4272,-0.2441,1,465,882,0
20813925,1018,-0.0518,-0.0376,1.0210,-0.3052,0.3052,-0.1221,1,466,878,0
20818925,1019,-0.0513,-0.0376,1.0215,-0.3052,0.2441,-0.0610,1,466,862,0
20823924,1020,-0.0513,-0.0366,1.0225,-0.1831,0.4272,-0.1831,1,465,869,0
20828931,1021,-0.0513,-0.0361,1.0220,-0.3052,0.4883,-0.1831,1,466,879,0
20833926,1022,-0.0513,-0.0371,1.0210,-0.3052,0.4272,-0.2441,1,466,871,0
20838938,1023,-0.0513,-0.0376,1.0205,-0.2441,0.4272,-0.2441,1,494,872,0
20843928,1024,-0.0508,-0.0376,1.0195,-0.1831,0.4272,-0.1831,1,493,878,0
20848926,1025,-0.0503,-0.0376,1.0200,-0.1831,0.1831,-0.2441,1,495,856,0
20853928,1026,-0.0513,-0.0381,1.0200,-0.1831,0.1831,-0.3052,1,485,834,0
20858922,1027,-0.0513,-0.0396,1.0200,-0.1221,0.1831,-0.3052,1,493,837,0
20863929,1028,-0.0488,-0.0391,1.0229,-0.0610,0.2441,-0.3052,1,486,827,0
20868928,1029,-0.0479,-0.0356,1.0264,-0.2441,0.3662,-0.1831,1,486,830,0
20873927,1030,-0.0483,-0.0352,1.0254,-0.2441,0.6104,-0.2441,1,484,840,0
20878926,1031,-0.0498,-0.0376,1.0225,-0.2441,0.4272,-0.1831,1,503,844,0
20883924,1032,-0.0518,-0.0386,1.0205,-0.1831,0.2441,-0.1831,1,466,859,0
20888922,1033,-0.0527,-0.0396,1.0210,-0.3052,0.2441,-0.3662,1,484,860,0
20893924,1034,-0.0503,-0.0386,1.0239,-0.1221,0.2441,-0.2441,1,466,856,0
20898927,1035,-0.0488,-0.0347,1.0254,-0.1831,0.3052,-0.1221,1,466,872,0
20903929,1036,-0.0493,-0.0337,1.0234,-0.4883,0.2441,-0.1221,1,466,870,0
20908923,1037,-0.0498,-0.0361,1.0215,-0.3052,0.4272,-0.1831,1,466,874,0
20913926,1038,-0.0503,-0.0376,1.0220,-0.3052,0.3662,-0.1221,1,466,879,0
20918931,1039,-0.0513,-0.0371,1.0220,-0.3662,0.1831,-0.1221,1,466,866,0
20923925,1040,-0.0508,-0.0371,1.0205,-0.3662,0.1831,-0.1221,1,466,875,0
20928928,1041,-0.0493,-0.0391,1.0210,-0.3662,0.0000,0.0000,1,466,873,0
20933922,1042,-0.0488,-0.0400,1.0225,-0.3662,0.1221,-0.0610,1,493,777,0
20938929,1043,-0.0488,-0.0386,1.0220,-0.3052,0.0610,-0.1221,1,466,867,0
20943947,1044,-0.0508,-0.0381,1.0210,-0.3662,0.0610,-0.0610,1,480,865,0
20948928,1045,-0.0513,-0.0381,1.0210,-0.4272,0.1221,-0.0610,1,494,793,0
20953924,1046,-0.0498,-0.0381,1.0210,-0.3052,0.0610,0.0610,1,501,846,0
20958929,1047,-0.0493,-0.0381,1.0220,-0.1831,0.0610,0.0610,1,493,795,0
20963929,1048,-0.0503,-0.0376,1.0215,-0.3662,0.0610,0.0610,1,476,868,0
20968926,1049,-0.0513,-0.0381,1.0200,-0.3052,0.0000,-0.0610,1,484,828,0
20973925,1050,-0.0513,-0.0391,1.0186,-0.0610,0.0000,-0.0610,1,489,787,0
20978929,1051,-0.0513,-0.0396,1.0181,-0.0610,0.0000,-0.0610,1,496,771,0
20983930,1052,-0.0493,-0.0405,1.0186,-0.1831,-0.0610,-0.1221,1,508,771,0
20988928,1053,-0.0488,-0.0396,1.0190,0.0610,-0.1831,-0.0610,1,465,852,0
20993923,1054,-0.0498,-0.0376,1.0190,0.1221,0.0000,-0.0610,1,482,856,0
20998922,1055,-0.0508,-0.0361,1.0220,0.1221,-0.2441,-0.1221,1,466,806,0
21003924,1056,-0.0503,-0.0371,1.0215,0.1221,0.0000,-0.1831,1,466,869,0
21008925,1057,-0.0503,-0.0386,1.0195,0.1831,-0.0610,-0.1831,1,466,825,0
21013928,1058,-0.0498,-0.0396,1.0181,0.1831,-0.0610,-0.1221,1,466,873,0
21018929,1059,-0.0498,-0.0391,1.0190,0.2441,-0.1221,-0.1831,1,466,869,0
21023923,1060,-0.0508,-0.0381,1.0205,0.1831,-0.1831,-0.1831,1,465,875,0
21028924,1061,-0.0508,-0.0371,1.0210,0.2441,-0.0610,-0.1831,1,466,875,0
21033928,1062,-0.0508,-0.0366,1.0205,0.1831,-0.0610,-0.3052,1,465,872,0
21038929,1063,-0.0488,-0.0366,1.0215,0.1831,0.0610,-0.2441,1,492,869,0
21043930,1064,-0.0469,-0.0376,1.0225,0.2441,0.0610,-0.1831,1,493,878,0
21048927,1065,-0.0474,-0.0386,1.0225,0.1221,-0.0610,-0.3052,1,490,870,0
21053927,1066,-0.0483,-0.0391,1.0220,0.1831,0.0610,-0.1831,1,465,808,0
21058923,1067,-0.0488,-0.0381,1.0205,0.2441,0.2441,-0.1221,1,476,833,0
21063923,1068,-0.0493,-0.0376,1.0186,0.3052,0.1221,-0.2441,1,491,814,0
21068929,1069,-0.0508,-0.0386,1.0181,0.3052,0.0610,-0.1221,1,479,881,0
21073926,1070,-0.0503,-0.0391,1.0205,0.3052,0.0000,-0.1831,1,477,819,0
21078927,1071,-0.0498,-0.0386,1.0229,0.4272,-0.0610,-0.2441,1,489,788,0
21083923,1072,-0.0503,-0.0381,1.0225,0.3662,-0.0610,-0.3052,1,504,848,0
21088926,1073,-0.0488,-0.0386,1.0215,0.2441,0.0000,-0.3052,1,465,846,0
21093924,1074,-0.0483,-0.0376,1.0210,0.3662,0.0610,-0.3052,1,465,807,0
21098929,1075,-0.0493,-0.0356,1.0205,0.3052,0.1831,-0.3052,1,484,849,0
21103930,1076,-0.0503,-0.0356,1.0205,0.1831,0.0610,-0.2441,1,466,872,0
21108931,1077,-0.0493,-0.0371,1.0210,0.2441,0.1221,-0.2441,1,466,874,0
21113927,1078,-0.0483,-0.0381,1.0215,0.2441,0.1221,-0.2441,1,466,877,0
21118924,1079,-0.0483,-0.0366,1.0225,0.1221,0.1221,-0.3662,1,466,874,0
21123926,1080,-0.0498,-0.0352,1.0234,0.1221,0.1221,-0.2441,1,466,873,0
21128929,1081,-0.0508,-0.0361,1.0234,0.1221,0.1221,-0.1831,1,466,874,0
21133957,1082,-0.0513,-0.0381,1.0220,0.0610,0.0610,-0.2441,1,466,871,0
21138927,1083,-0.0493,-0.0386,1.0205,0.0000,0.0610,-0.1831,1,466,868,0
21143927,1084,-0.0479,-0.0381,1.0210,0.0000,0.0610,-0.1831,1,492,827,0
21148944,1085,-0.0483,-0.0371,1.0215,0.0000,0.0610,-0.1831,1,477,746,0
21153929,1086,-0.0493,-0.0371,1.0210,0.1221,0.0000,-0.1831,1,494,763,0
21158924,1087,-0.0498,-0.0376,1.0205,0.1221,0.0610,-0.1831,1,483,760,0
21163924,1088,-0.0503,-0.0366,1.0205,0.0610,0.1221,-0.3052,1,500,805,0
21168926,1089,-0.0498,-0.0366,1.0210,0.0610,0.0610,-0.2441,1,489,862,0
21173924,1090,-0.0493,-0.0381,1.0215,0.0000,0.0000,-0.2441,1,492,834,0
21178925,1091,-0.0498,-0.0386,1.0205,0.1831,0.0610,-0.1831,1,484,734,0
21183922,1092,-0.0513,-0.0381,1.0195,0.1831,0.0000,-0.2441,1,504,845,0
21188927,1093,-0.0518,-0.0381,1.0190,0.1831,0.0610,-0.3052,1,465,810,0
21193930,1094,-0.0498,-0.0376,1.0195,0.1221,-0.1221,-0.2441,1,465,848,0
21198922,1095,-0.0469,-0.0371,1.0220,0.0610,-0.1221,-0.3052,1,484,854,0
21203926,1096,-0.0459,-0.0361,1.0239,0.0610,-0.1221,-0.1831,1,466,866,0
21208928,1097,-0.0474,-0.0371,1.0225,0.1221,0.0000,-0.1221,1,466,874,0
21213926,1098,-0.0493,-0.0386,1.0220,0.1221,0.1221,-0.2441,1,466,823,0
21218927,1099,-0.0503,-0.0386,1.0225,0.0000,0.0610,-0.3052,1,466,872,0
21223931,1100,-0.0498,-0.0381,1.0220,0.1221,0.0000,-0.1831,1,466,819,0
21228927,1101,-0.0488,-0.0386,1.0210,0.2441,-0.1221,-0.1221,1,466,827,0
21233955,1102,-0.0498,-0.0391,1.0210,0.1221,-0.1221,-0.3052,1,466,870,0
21238927,1103,-0.0508,-0.0386,1.0210,0.1221,-0.1831,-0.3052,1,466,861,0
21243928,1104,-0.0498,-0.0381,1.0215,0.2441,-0.1221,-0.1831,1,492,864,0
21248932,1105,-0.0483,-0.0386,1.0215,0.0610,-0.0610,-0.1831,1,466,872,0
21253922,1106,-0.0474,-0.0391,1.0215,0.0000,-0.1221,-0.2441,1,494,792,0
21258924,1107,-0.0474,-0.0376,1.0215,0.1831,0.0610,-0.1831,1,490,782,0
21263925,1108,-0.0474,-0.0366,1.0220,0.0610,-0.0610,-0.1831,1,476,832,0
21268929,1109,-0.0483,-0.0366,1.0215,0.0610,0.0000,-0.2441,1,506,833,0
21273930,1110,-0.0488,-0.0361,1.0205,0.0610,0.0000,-0.2441,1,491,791,0
21278924,1111,-0.0483,-0.0361,1.0205,-0.0610,0.1221,-0.1831,1,490,791,0
21283928,1112,-0.0479,-0.0366,1.0205,0.0610,0.1221,-0.1831,1,477,844,0
21288925,1113,-0.0479,-0.0381,1.0215,-0.0610,0.1221,-0.3052,1,493,840,0
21293925,1114,-0.0488,-0.0381,1.0215,0.0610,0.1221,-0.2441,1,476,843,0
21298925,1115,-0.0498,-0.0371,1.0215,0.0610,0.1831,-0.2441,1,476,851,0
21303923,1116,-0.0498,-0.0371,1.0215,0.0000,0.2441,-0.3052,1,484,860,0
21308929,1117,-0.0483,-0.0381,1.0210,0.0000,0.1221,-0.3052,1,466,831,0
21313925,1118,-0.0479,-0.0381,1.0215,0.0610,0.1221,-0.3052,1,466,819,0
21318928,1119,-0.0488,-0.0376,1.0225,0.1221,0.0610,-0.3052,1,466,861,0
21323923,1120,-0.0488,-0.0376,1.0225,0.0610,0.1221,-0.1831,1,466,866,0
21328923,1121,-0.0483,-0.0371,1.0225,0.0610,0.1221,-0.3662,1,466,871,0
21333927,1122,-0.0483,-0.0366,1.0210,0.1831,0.2441,-0.3052,1,466,874,0
21338926,1123,-0.0483,-0.0366,1.0205,0.0000,0.3052,-0.1831,1,466,875,0
21343930,1124,-0.0483,-0.0361,1.0225,0.0610,0.3052,-0.1831,1,465,830,0
21348925,1125,-0.0479,-0.0361,1.0244,0.0000,0.2441,-0.1831,1,493,874,0
21353944,1126,-0.0474,-0.0376,1.0244,0.0000,0.3052,-0.3052,1,483,758,0
21358922,1127,-0.0469,-0.0376,1.0225,0.0610,0.4272,-0.3052,1,494,764,0
21363924,1128,-0.0464,-0.0371,1.0205,-0.1221,0.5493,-0.2441,1,480,825,0
21368930,1129,-0.0469,-0.0366,1.0210,0.0610,0.4883,-0.2441,1,487,836,0
21373925,1130,-0.0483,-0.0356,1.0220,0.0000,0.4883,-0.2441,1,510,829,0
21378922,1131,-0.0488,-0.0361,1.0215,-0.0610,0.5493,-0.3052,1,491,792,0
21383928,1132,-0.0479,-0.0366,1.0205,-0.1221,0.4883,-0.2441,1,484,841,0
21388923,1133,-0.0474,-0.0366,1.0210,-0.0610,0.6104,-0.3052,1,480,842,0
21393928,1134,-0.0483,-0.0371,1.0225,-0.1831,0.6104,-0.1221,1,501,817,0
21398923,1135,-0.0483,-0.0376,1.0244,-0.1831,0.7324,-0.1221,1,472,855,0
21403922,1136,-0.0479,-0.0381,1.0244,-0.1221,0.7935,-0.1831,1,477,859,0
21408924,1137,-0.0479,-0.0381,1.0234,-0.1831,0.7324,-0.2441,1,483,851,0
21413929,1138,-0.0479,-0.0366,1.0234,-0.1221,0.6104,-0.1831,1,466,878,0
21418929,1139,-0.0469,-0.0352,1.0229,-0.1831,0.7935,-0.1221,1,466,873,0
21423926,1140,-0.0474,-0.0356,1.0234,-0.1831,1.0986,-0.2441,1,466,870,0
21428928,1141,-0.0483,-0.0366,1.0254,-0.3052,0.9155,-0.3662,1,466,882,0
21433927,1142,-0.0488,-0.0376,1.0249,-0.2441,0.9766,-0.2441,1,466,877,0
21438923,1143,-0.0479,-0.0376,1.0225,-0.3052,1.0376,-0.2441,1,466,879,0
21443924,1144,-0.0474,-0.0376,1.0205,-0.2441,1.0986,-0.2441,1,466,869,0
21448926,1145,-0.0488,-0.0376,1.0190,-0.3052,1.1597,-0.2441,1,466,878,0
21453926,1146,-0.0522,-0.0381,1.0171,-0.3662,0.8545,-0.1831,1,492,873,0
21458926,1147,-0.0532,-0.0391,1.0156,-0.2441,0.6714,-0.1221,1,466,871,0
21463929,1148,-0.0513,-0.0391,1.0166,-0.1221,0.6104,-0.3052,1,494,798,0
21468925,1149,-0.0488,-0.0386,1.0205,-0.0610,0.6714,-0.1831,1,485,843,0
21473928,1150,-0.0479,-0.0371,1.0239,-0.1831,0.8545,-0.1831,1,478,833,0
21478930,1151,-0.0474,-0.0366,1.0254,-0.1831,0.8545,-0.3052,1,499,839,0
21483926,1152,-0.0483,-0.0371,1.0259,-0.2441,0.9155,-0.2441,1,486,831,0
21488928,1153,-0.0488,-0.0376,1.0239,-0.2441,0.7935,-0.2441,1,484,842,0
21493924,1154,-0.0479,-0.0371,1.0215,-0.1831,0.9766,-0.1221,1,487,840,0
21498930,1155,-0.0483,-0.0371,1.0225,-0.4272,0.9766,-0.1831,1,507,839,0
21503924,1156,-0.0493,-0.0361,1.0239,-0.4272,1.0376,-0.1221,1,480,860,0
21508929,1157,-0.0493,-0.0361,1.0234,-0.5493,1.0986,-0.3052,1,483,858,0
21513931,1158,-0.0488,-0.0371,1.0210,-0.6104,1.0986,-0.3052,1,465,861,0
21518929,1159,-0.0488,-0.0366,1.0205,-0.4883,1.0986,-0.3662,1,466,870,0
21523930,1160,-0.0493,-0.0356,1.0215,-0.4883,1.2207,-0.3052,1,465,880,0
21528922,1161,-0.0488,-0.0352,1.0220,-0.3662,1.2817,-0.2441,1,466,875,0
21533923,1162,-0.0498,-0.0361,1.0220,-0.4272,1.2817,-0.1831,1,466,881,0
21538930,1163,-0.0503,-0.0376,1.0229,-0.5493,1.2817,-0.1221,1,466,884,0
21543924,1164,-0.0483,-0.0386,1.0229,-0.4272,1.4038,-0.1221,1,466,875,0
21548923,1165,-0.0474,-0.0381,1.0234,-0.4883,1.3428,-0.1221,1,465,879,0
21553927,1166,-0.0483,-0.0376,1.0239,-0.5493,1.4038,-0.1221,1,466,868,0
21558926,1167,-0.0493,-0.0371,1.0244,-0.5493,1.5259,-0.1831,1,466,876,0
21563929,1168,-0.0503,-0.0381,1.0249,-0.5493,1.6479,-0.2441,1,494,882,0
21568922,1169,-0.0513,-0.0381,1.0239,-0.4883,1.6479,-0.1831,1,482,819,0
21573928,1170,-0.0513,-0.0376,1.0220,-0.6104,1.7700,-0.1831,1,488,835,0
21578925,1171,-0.0508,-0.0376,1.0210,-0.6104,1.8311,-0.0610,1,503,805,0
21583926,1172,-0.0503,-0.0376,1.0229,-0.5493,1.9531,-0.1831,1,492,873,0
21588930,1173,-0.0498,-0.0381,1.0244,-0.4883,2.0752,-0.1221,1,479,840,0
21593924,1174,-0.0493,-0.0386,1.0234,-0.4883,2.1362,-0.1831,1,484,832,0
21598929,1175,-0.0493,-0.0391,1.0215,-0.4883,2.0752,-0.1221,1,507,851,0
21603929,1176,-0.0503,-0.0386,1.0205,-0.3052,2.1973,-0.1831,1,479,847,0
21608930,1177,-0.0527,-0.0400,1.0205,-0.3662,2.2583,-0.2441,1,482,851,0
21613924,1178,-0.0547,-0.0420,1.0195,-0.2441,2.1362,-0.2441,1,483,863,0
21618925,1179,-0.0552,-0.0415,1.0190,-0.0610,2.2583,-0.1831,1,466,881,0
21623923,1180,-0.0547,-0.0396,1.0195,0.0610,2.0142,-0.1831,1,466,879,0
21628924,1181,-0.0537,-0.0386,1.0195,0.1221,2.0142,-0.3052,1,466,872,0
21633922,1182,-0.0537,-0.0376,1.0190,0.1221,1.8921,-0.2441,1,466,870,0
21638923,1183,-0.0537,-0.0381,1.0186,0.0610,1.9531,-0.1831,1,466,873,0
21643929,1184,-0.0542,-0.0386,1.0190,0.1831,1.9531,-0.1221,1,466,875,0
21648927,1185,-0.0566,-0.0396,1.0176,0.1221,1.7700,-0.1831,1,466,873,0
21653928,1186,-0.0571,-0.0396,1.0166,0.1831,1.6479,-0.1831,1,466,872,0
21658929,1187,-0.0566,-0.0376,1.0171,0.2441,1.6479,-0.1221,1,492,882,0
21663934,1188,-0.0562,-0.0376,1.0176,0.0610,1.5259,-0.1221,1,470,872,0
21668927,1189,-0.0571,-0.0400,1.0156,0.1831,1.2817,-0.1831,1,493,788,0
21673928,1190,-0.0601,-0.0415,1.0127,0.2441,1.1597,-0.2441,1,494,805,0
21678926,1191,-0.0605,-0.0410,1.0122,0.3052,0.8545,-0.1221,1,495,834,0
21683928,1192,-0.0576,-0.0391,1.0151,0.4272,0.7324,-0.1831,1,488,865,0
21688928,1193,-0.0537,-0.0376,1.0186,0.4272,0.5493,-0.2441,1,476,839,0
21693928,1194,-0.0503,-0.0376,1.0225,0.3662,0.4883,-0.1831,1,489,839,0
21698923,1195,-0.0513,-0.0381,1.0225,0.3052,0.6714,-0.1831,1,495,841,0
21703922,1196,-0.0557,-0.0381,1.0190,0.2441,0.7935,-0.1831,1,470,846,0
21708924,1197,-0.0586,-0.0386,1.0161,0.1831,0.4883,-0.1221,1,477,854,0
21713925,1198,-0.0586,-0.0405,1.0156,0.3052,0.3662,-0.1831,1,483,853,0
21718926,1199,-0.0557,-0.0405,1.0186,0.4272,0.3052,-0.2441,1,466,873,0
21723926,1200,-0.0518,-0.0381,1.0215,0.4272,0.1831,-0.1221,1,465,872,0
21728926,1201,-0.0498,-0.0361,1.0225,0.4883,0.3052,-0.1831,1,466,870,0
21733922,1202,-0.0508,-0.0371,1.0225,0.3662,0.4883,-0.3052,1,466,874,0
21738928,1203,-0.0527,-0.0400,1.0200,0.3052,0.4883,-0.2441,1,466,869,0
21743928,1204,-0.0557,-0.0405,1.0176,0.3662,0.3662,-0.1831,1,466,871,0
21748926,1205,-0.0557,-0.0396,1.0190,0.4272,0.2441,-0.2441,1,465,878,0
21753923,1206,-0.0537,-0.0396,1.0220,0.4272,0.1831,-0.2441,1,466,877,0
21758924,1207,-0.0522,-0.0386,1.0225,0.4883,0.1831,-0.1221,1,492,878,0
21763936,1208,-0.0522,-0.0366,1.0225,0.3662,0.3052,-0.2441,1,469,870,0
21768922,1209,-0.0527,-0.0366,1.0210,0.3662,0.3662,-0.2441,1,494,875,0
21773928,1210,-0.0547,-0.0386,1.0195,0.4883,0.3052,-0.1831,1,493,805,0
21778925,1211,-0.0557,-0.0396,1.0186,0.5493,0.3052,-0.2441,1,475,830,0
21783930,1212,-0.0557,-0.0400,1.0176,0.3662,0.1831,-0.2441,1,481,841,0
21788929,1213,-0.0562,-0.0391,1.0151,0.5493,0.0000,-0.3052,1,507,874,0
21793925,1214,-0.0566,-0.0391,1.0146,0.4883,-0.0610,-0.3052,1,474,747,0
21798930,1215,-0.0562,-0.0400,1.0171,0.6714,-0.1831,-0.2441,1,487,837,0
21803930,1216,-0.0557,-0.0400,1.0190,0.7935,-0.2441,-0.3052,1,503,841,0
21808929,1217,-0.0547,-0.0381,1.0210,0.7324,-0.2441,-0.3052,1,483,851,0
21813922,1218,-0.0522,-0.0361,1.0234,0.6714,-0.1221,-0.1831,1,482,849,0
21818927,1219,-0.0508,-0.0352,1.0239,0.6714,-0.1221,-0.2441,1,466,877,0
21823929,1220,-0.0508,-0.0361,1.0234,0.5493,-0.1831,-0.2441,1,466,899,0
21828927,1221,-0.0518,-0.0371,1.0229,0.5493,0.0610,-0.1221,1,466,880,0
21833924,1222,-0.0532,-0.0376,1.0225,0.5493,0.0000,-0.2441,1,466,874,0
21838923,1223,-0.0542,-0.0391,1.0225,0.5493,-0.0610,-0.1831,1,466,833,0
21843930,1224,-0.0547,-0.0391,1.0210,0.6104,-0.0610,-0.2441,1,466,870,0
21848925,1225,-0.0547,-0.0391,1.0205,0.6714,-0.0610,-0.3052,1,466,866,0
21853945,1226,-0.0527,-0.0391,1.0225,0.6714,0.0000,-0.2441,1,466,864,0
21858931,1227,-0.0508,-0.0391,1.0229,0.7324,-0.0610,-0.1831,1,466,829,0
21863931,1228,-0.0513,-0.0391,1.0229,0.7935,0.0000,-0.2441,1,493,871,0
21868923,1229,-0.0527,-0.0396,1.0229,0.7324,0.0610,-0.3052,1,488,722,0
21873922,1230,-0.0537,-0.0371,1.0205,0.7324,0.0000,-0.2441,1,482,798,0
21878925,1231,-0.0537,-0.0356,1.0200,0.7324,0.2441,-0.3052,1,478,795,0
21883923,1232,-0.0552,-0.0371,1.0200,0.6714,0.1221,-0.3052,1,498,836,0
21888922,1233,-0.0557,-0.0391,1.0200,0.7935,-0.0610,-0.3052,1,489,877,0
21893923,1234,-0.0542,-0.0386,1.0220,0.9766,0.0610,-0.2441,1,496,823,0
21898929,1235,-0.0522,-0.0356,1.0239,1.0376,0.1221,-0.2441,1,486,830,0
21903928,1236,-0.0522,-0.0337,1.0229,0.9155,0.0610,-0.3662,1,499,846,0
21908930,1237,-0.0527,-0.0366,1.0200,0.7935,0.0610,-0.3052,1,479,831,0
21913925,1238,-0.0537,-0.0386,1.0190,0.9155,-0.0610,-0.3052,1,483,850,0
21918925,1239,-0.0542,-0.0376,1.0225,0.8545,-0.1221,-0.3662,1,483,854,0
21923922,1240,-0.0527,-0.0361,1.0259,0.7324,0.0000,-0.4272,1,465,869,0
21928922,1241,-0.0513,-0.0361,1.0269,0.6104,0.0610,-0.4272,1,466,834,0
21933922,1242,-0.0513,-0.0356,1.0249,0.6104,0.0000,-0.2441,1,466,872,0
21938927,1243,-0.0513,-0.0356,1.0229,0.5493,0.0000,-0.1831,1,466,830,0
21943929,1244,-0.0513,-0.0356,1.0220,0.4883,0.1831,-0.2441,1,466,834,0
21948925,1245,-0.0518,-0.0352,1.0229,0.3662,0.3052,-0.3052,1,465,878,0
21953923,1246,-0.0522,-0.0352,1.0244,0.4272,0.3052,-0.1831,1,465,870,0
21958929,1247,-0.0518,-0.0371,1.0239,0.4272,0.3052,-0.1831,1,465,876,0
21963923,1248,-0.0508,-0.0376,1.0225,0.4272,0.4272,-0.1831,1,492,875,0
21968934,1249,-0.0522,-0.0342,1.0215,0.4272,0.4272,-0.0610,1,468,871,0
21973922,1250,-0.0537,-0.0322,1.0215,0.3662,0.5493,-0.1831,1,494,873,0
21978931,1251,-0.0542,-0.0337,1.0215,0.3662,0.5493,-0.1831,1,490,807,0
21983927,1252,-0.0527,-0.0352,1.0225,0.3052,0.6104,-0.2441,1,486,837,0
21988923,1253,-0.0503,-0.0352,1.0229,0.1831,0.5493,-0.2441,1,479,868,0
21993930,1254,-0.0493,-0.0361,1.0225,0.3662,0.5493,-0.1831,1,494,904,0
21998929,1255,-0.0513,-0.0361,1.0234,0.3662,0.5493,-0.1221,1,476,842,0
22003929,1256,-0.0527,-0.0347,1.0249,0.2441,0.6104,-0.1831,1,482,847,0
22008922,1257,-0.0522,-0.0356,1.0249,0.1221,0.7935,-0.2441,1,506,846,0
22013930,1258,-0.0513,-0.0376,1.0249,0.1831,0.8545,-0.1831,1,472,858,0
22018924,1259,-0.0508,-0.0366,1.0249,0.3662,0.8545,-0.1221,1,484,856,0
22023926,1260,-0.0513,-0.0342,1.0244,0.3052,0.9155,-0.1221,1,466,871,0
22028925,1261,-0.0532,-0.0337,1.0244,0.2441,0.9155,-0.0610,1,466,869,0
22033923,1262,-0.0532,-0.0352,1.0249,0.1221,1.0376,-0.0610,1,466,879,0
22038927,1263,-0.0522,-0.0366,1.0254,0.1221,1.0986,-0.1221,1,466,870,0
22043929,1264,-0.0522,-0.0366,1.0249,0.1221,1.2817,-0.0610,1,465,873,0
22048928,1265,-0.0518,-0.0347,1.0259,0.1221,1.2207,-0.0610,1,466,876,0
22053924,1266,-0.0518,-0.0342,1.0269,0.0610,1.2207,-0.1221,1,466,867,0
22058950,1267,-0.0518,-0.0366,1.0269,0.0610,1.2207,-0.1221,1,466,867,0
22063924,1268,-0.0522,-0.0366,1.0254,-0.0610,1.4038,-0.0610,1,466,869,0
22068926,1269,-0.0527,-0.0347,1.0225,-0.1831,1.3428,-0.0610,1,466,873,0
22073923,1270,-0.0518,-0.0337,1.0210,-0.1221,1.2817,-0.0610,1,494,872,0
22078923,1271,-0.0522,-0.0356,1.0215,-0.1221,1.4648,0.0000,1,482,793,0
22083923,1272,-0.0532,-0.0371,1.0215,-0.1221,1.4648,0.1221,1,480,800,0
22088925,1273,-0.0552,-0.0371,1.0210,-0.1221,1.5259,0.1221,1,489,823,0
22093925,1274,-0.0566,-0.0386,1.0205,0.0000,1.3428,0.1221,1,498,878,0
22098926,1275,-0.0566,-0.0396,1.0210,0.0610,1.4038,0.0000,1,506,795,0
22103925,1276,-0.0552,-0.0381,1.0210,0.1831,1.4648,0.0000,1,471,778,0
22108931,1277,-0.0547,-0.0356,1.0205,0.3052,1.4648,0.0000,1,499,779,0
22113929,1278,-0.0557,-0.0361,1.0210,0.2441,1.4648,0.0000,1,474,807,0
22118926,1279,-0.0566,-0.0391,1.0215,0.2441,1.4648,0.0000,1,477,811,0
22123930,1280,-0.0571,-0.0400,1.0195,0.4883,1.5259,-0.0610,1,483,812,0
22128930,1281,-0.0591,-0.0396,1.0171,0.6714,1.3428,0.1831,1,466,874,0
22133927,1282,-0.0586,-0.0381,1.0171,0.6714,1.0986,0.1221,1,466,868,0
22138923,1283,-0.0571,-0.0371,1.0171,0.7324,1.0986,0.0610,1,466,865,0
22143927,1284,-0.0562,-0.0371,1.0190,0.7324,1.1597,0.0610,1,466,876,0
22148927,1285,-0.0547,-0.0376,1.0205,0.8545,1.0986,0.1831,1,466,875,0
22153930,1286,-0.0527,-0.0366,1.0195,0.9155,1.2817,0.1831,1,466,874,0
22158942,1287,-0.0513,-0.0337,1.0195,0.7935,1.3428,0.2441,1,466,884,0
22163923,1288,-0.0537,-0.0342,1.0195,0.7324,1.4038,0.3662,1,466,876,0
22168929,1289,-0.0571,-0.0366,1.0176,0.7935,1.4038,0.3662,1,465,878,0
22173926,1290,-0.0576,-0.0381,1.0156,0.9766,1.3428,0.3052,1,486,878,0
22178931,1291,-0.0576,-0.0356,1.0161,1.0376,1.2817,0.3662,1,510,867,0
22183924,1292,-0.0566,-0.0342,1.0181,0.9155,1.1597,0.3662,1,474,852,0
22188922,1293,-0.0547,-0.0356,1.0190,1.0376,1.4648,0.4272,1,491,808,0
22193930,1294,-0.0537,-0.0381,1.0186,1.0986,1.4648,0.4883,1,479,874,0
22198928,1295,-0.0552,-0.0396,1.0171,1.2817,1.5259,0.4272,1,501,835,0
22203923,1296,-0.0630,-0.0376,1.0103,1.4038,1.4038,0.4272,1,491,841,0
22208927,1297,-0.0645,-0.0376,1.0073,1.3428,0.6104,0.5493,1,499,842,0
22213926,1298,-0.0610,-0.0396,1.0103,1.5869,1.2207,0.4883,1,476,823,0
22218922,1299,-0.0610,-0.0361,1.0117,1.8921,1.2207,0.4883,1,481,853,0
22223930,1300,-0.0571,-0.0332,1.0146,1.7700,0.7935,0.5493,1,484,857,0
22228928,1301,-0.0532,-0.0332,1.0156,1.9531,1.4648,0.4272,1,466,880,0
22233925,1302,-0.0542,-0.0322,1.0132,2.0142,1.5259,0.3052,1,466,886,0
22238923,1303,-0.0527,-0.0288,1.0171,1.8311,1.4648,0.4272,1,466,869,0
22243928,1304,-0.0493,-0.0337,1.0210,1.6479,2.0142,0.6104,1,466,877,0
22248930,1305,-0.0513,-0.0396,1.0161,1.8921,2.5024,0.6104,1,466,873,0
22253929,1306,-0.0591,-0.0352,1.0098,1.8311,2.2583,0.8545,1,466,870,0
22258928,1307,-0.0591,-0.0312,1.0083,1.4038,2.0142,0.9766,1,466,869,0
22263928,1308,-0.0547,-0.0322,1.0103,1.6479,2.5635,1.0986,1,466,942,0
22268923,1309,-0.0522,-0.0337,1.0122,1.8311,2.8687,1.2817,1,466,876,0
22273942,1310,-0.0527,-0.0337,1.0093,1.7090,3.2959,1.3428,1,467,879,0
22278929,1311,-0.0640,-0.0342,0.9971,1.7700,3.5400,1.2817,1,494,871,0
22283923,1312,-0.0801,-0.0376,0.9849,1.8311,2.6855,1.5869,1,486,797,0
22288928,1313,-0.0879,-0.0420,0.9805,2.3193,1.4038,1.6479,1,496,831,0
22293925,1314,-0.0708,-0.0503,0.9912,2.8076,0.7324,1.6479,1,481,874,0
22298930,1315,-0.0522,-0.0581,1.0049,3.6011,2.6245,1.4648,1,493,909,0
22303927,1316,-0.0576,-0.0503,1.0044,4.9438,3.1128,1.3428,1,501,839,0
22308931,1317,-0.0640,-0.0381,1.0020,5.3101,2.4414,1.3428,1,487,845,0
22313924,1318,-0.0630,-0.0386,1.0073,5.6763,2.6855,1.0986,1,493,822,0
22318930,1319,-0.0625,-0.0444,1.0127,6.7139,2.9297,0.6104,1,476,859,0
22323928,1320,-0.0630,-0.0469,1.0146,7.3853,2.6855,0.1831,1,483,854,0
22328929,1321,-0.0610,-0.0454,1.0161,8.3008,2.4414,-0.1221,1,466,879,0
22333924,1322,-0.0586,-0.0425,1.0190,8.9722,2.5635,-0.4272,1,466,876,0
22338929,1323,-0.0552,-0.0347,1.0225,9.3384,2.6245,-0.6714,1,466,876,0
22343929,1324,-0.0542,-0.0205,1.0278,9.4604,2.9297,-0.6714,1,466,877,0
22348925,1325,-0.0542,-0.0059,1.0361,8.9111,3.2349,-0.5493,1,466,877,0
22353930,1326,-0.0532,0.0034,1.0444,7.9956,3.4790,-0.3662,1,466,877,0
22358925,1327,-0.0537,0.0063,1.0459,7.0801,4.0283,-0.1831,1,466,883,0
22363927,1328,-0.0591,0.0039,1.0430,6.0425,4.0283,-0.1831,1,465,872,0
22368925,1329,-0.0659,0.0024,1.0396,5.1880,3.9062,-0.0610,1,492,871,0
22373936,1330,-0.0713,0.0024,1.0347,4.1504,3.6621,0.0610,1,466,873,0
22378926,1331,-0.0732,-0.0029,1.0293,3.2959,2.9907,-0.1221,1,494,869,0
22383924,1332,-0.0737,-0.0093,1.0244,3.0518,2.6855,-0.1221,1,483,796,0
22388922,1333,-0.0767,-0.0088,1.0195,2.7466,2.0142,-0.1221,1,489,833,0
22393927,1334,-0.0815,-0.0093,1.0161,2.1973,1.1597,-0.4883,1,479,866,0
22398922,1335,-0.0850,-0.0122,1.0146,1.8921,0.3052,-0.5493,1,486,832,0
22403924,1336,-0.0815,-0.0122,1.0166,1.5259,-0.4883,-0.7324,1,504,834,0
22408922,1337,-0.0737,-0.0083,1.0220,1.0986,-0.9155,-0.7324,1,487,848,0
22413924,1338,-0.0708,-0.0059,1.0249,0.4883,-1.3428,-0.7935,1,501,831,0
22418930,1339,-0.0732,-0.0093,1.0220,0.1221,-2.1362,-0.9155,1,477,847,0
22423922,1340,-0.0728,-0.0127,1.0205,-0.2441,-2.6855,-1.0986,1,484,854,0
22428930,1341,-0.0688,-0.0122,1.0249,-0.4272,-2.9907,-1.2817,1,466,879,0
22433923,1342,-0.0654,-0.0093,1.0283,-0.7935,-3.3569,-1.1597,1,466,885,0
22438930,1343,-0.0615,-0.0112,1.0317,-1.3428,-3.6621,-1.1597,1,466,879,0
22443923,1344,-0.0596,-0.0176,1.0317,-1.4038,-3.4790,-1.3428,1,466,884,0
22448931,1345,-0.0576,-0.0225,1.0303,-1.4648,-3.4790,-1.0986,1,466,879,0
22453930,1346,-0.0537,-0.0225,1.0308,-1.5259,-3.1128,-0.9155,1,466,880,0
22458925,1347,-0.0586,-0.0171,1.0234,-1.6479,-2.3193,-1.0376,1,466,877,0
22463940,1348,-0.0688,-0.0127,1.0142,-1.9531,-2.8076,-0.9155,1,466,878,0
22468930,1349,-0.0698,-0.0137,1.0132,-2.1973,-3.2349,-0.7324,1,466,882,0
22473922,1350,-0.0615,-0.0146,1.0186,-2.3804,-3.2349,-0.7324,1,493,879,0
22478931,1351,-0.0566,-0.0176,1.0195,-2.5024,-2.9297,-0.8545,1,494,878,0
22483930,1352,-0.0649,-0.0244,1.0122,-2.2583,-2.9297,-0.9155,1,510,879,0
22488927,1353,-0.0732,-0.0298,1.0068,-2.0142,-3.8452,-0.9155,1,477,855,0
22493926,1354,-0.0684,-0.0273,1.0107,-1.8311,-4.3945,-1.2207,1,491,816,0
22498924,1355,-0.0576,-0.0190,1.0200,-1.8311,-4.3945,-1.4038,1,483,877,0
22503931,1356,-0.0488,-0.0156,1.0278,-2.1973,-4.1504,-1.5259,1,494,839,0
22508928,1357,-0.0454,-0.0176,1.0317,-2.3804,-3.8452,-1.5869,1,499,847,0
22513923,1358,-0.0483,-0.0190,1.0308,-2.4414,-3.2959,-1.6479,1,504,852,0
22518927,1359,-0.0522,-0.0205,1.0254,-2.3193,-3.2349,-1.7700,1,498,834,0
22523926,1360,-0.0542,-0.0249,1.0215,-2.2583,-3.2349,-1.8311,1,468,862,0
22528930,1361,-0.0547,-0.0269,1.0220,-2.0142,-3.1738,-1.9531,1,483,860,0
22533927,1362,-0.0527,-0.0254,1.0239,-2.0142,-2.9297,-2.0752,1,466,880,0
22538925,1363,-0.0503,-0.0244,1.0249,-2.1973,-2.6245,-1.8921,1,466,878,0
22543923,1364,-0.0508,-0.0215,1.0239,-2.0752,-2.3193,-1.7700,1,466,880,0
22548927,1365,-0.0513,-0.0195,1.0225,-2.3193,-2.1362,-1.7090,1,466,875,0
22553922,1366,-0.0488,-0.0229,1.0244,-2.3804,-1.8921,-1.6479,1,466,882,0
22558925,1367,-0.0459,-0.0273,1.0259,-2.1362,-1.2207,-1.4648,1,466,880,0
22563922,1368,-0.0479,-0.0283,1.0234,-2.0752,-0.7324,-1.5259,1,466,883,0
22568930,1369,-0.0527,-0.0244,1.0186,-2.1973,-0.7324,-1.5869,1,465,879,0
22573930,1370,-0.0562,-0.0200,1.0146,-2.3804,-0.7324,-1.4648,1,492,883,0
22578937,1371,-0.0562,-0.0225,1.0127,-2.5024,-0.6104,-1.2817,1,465,878,0
22583927,1372,-0.0562,-0.0288,1.0098,-2.0752,-0.6714,-1.2207,1,494,872,0
22588928,1373,-0.0586,-0.0332,1.0054,-1.9531,-0.6104,-1.2207,1,511,765,0
22593931,1374,-0.0635,-0.0317,1.0024,-1.7090,-0.7935,-1.4038,1,485,835,0
22598924,1375,-0.0654,-0.0308,1.0054,-1.8311,-1.2817,-1.5259,1,491,844,0
22603922,1376,-0.0601,-0.0366,1.0122,-1.4038,-1.5869,-1.5259,1,484,832,0
22608929,1377,-0.0542,-0.0400,1.0166,-0.6714,-1.4648,-1.7090,1,496,838,0
22613930,1378,-0.0566,-0.0366,1.0176,-0.0610,-1.3428,-2.0142,1,498,834,0
22618927,1379,-0.0645,-0.0312,1.0171,0.1831,-1.7700,-2.1973,1,502,844,0
22623923,1380,-0.0698,-0.0312,1.0146,0.5493,-2.0752,-2.6855,1,465,879,0
22628930,1381,-0.0698,-0.0347,1.0137,1.0376,-2.1973,-3.1128,1,484,889,0
22633927,1382,-0.0645,-0.0342,1.0166,1.7700,-2.6855,-3.6621,1,466,859,0
22638923,1383,-0.0625,-0.0312,1.0181,2.1973,-3.1738,-4.0283,1,466,883,0
22643925,1384,-0.0640,-0.0273,1.0156,2.5024,-3.6011,-4.3335,1,466,902,0
22648925,1385,-0.0649,-0.0244,1.0151,2.8076,-3.9673,-4.6387,1,466,877,0
22653926,1386,-0.0654,-0.0234,1.0171,2.8687,-4.5166,-5.0049,1,466,885,0
22658924,1387,-0.0596,-0.0254,1.0220,3.1128,-4.9438,-5.1880,1,466,875,0
22663922,1388,-0.0508,-0.0264,1.0269,3.4790,-4.6387,-5.2490,1,466,879,0
22668929,1389,-0.0488,-0.0269,1.0269,3.6011,-4.3945,-5.1270,1,466,876,0
22673927,1390,-0.0542,-0.0288,1.0205,3.4790,-4.6387,-4.9438,1,466,877,0
22678928,1391,-0.0625,-0.0312,1.0112,3.5400,-5.0659,-4.6997,1,493,883,0
22683924,1392,-0.0698,-0.0288,1.0029,3.9673,-5.6763,-4.5166,1,479,908,0
22688922,1393,-0.0742,-0.0254,0.9971,4.1504,-6.4697,-4.3945,1,489,884,0
22693925,1394,-0.0757,-0.0259,0.9941,4.1504,-7.5073,-3.9062,1,472,849,0
22698926,1395,-0.0752,-0.0259,0.9946,4.3335,-8.4839,-3.5400,1,500,837,0
22703929,1396,-0.0752,-0.0259,0.9951,4.4556,-9.5215,-3.4790,1,486,876,0
22708925,1397,-0.0737,-0.0273,0.9990,4.5776,-10.8643,-3.4790,1,491,866,0
22713927,1398,-0.0679,-0.0288,1.0049,4.7607,-11.9629,-3.5400,1,508,883,0
22718926,1399,-0.0688,-0.0298,1.0034,5.1270,-12.5122,-3.9062,1,489,856,0
22723923,1400,-0.0757,-0.0303,1.0005,5.4932,-13.9770,-4.0283,1,501,871,0
22728925,1401,-0.0752,-0.0303,1.0029,6.0425,-15.3809,-4.4556,1,482,870,0
22733924,1402,-0.0679,-0.0293,1.0083,6.4697,-16.4795,-5.1270,1,483,869,0
22738930,1403,-0.0532,-0.0249,1.0200,6.4697,-17.8833,-5.5542,1,466,890,0
22743929,1404,-0.0332,-0.0195,1.0322,6.6528,-18.0054,-5.9814,1,465,896,0
22748925,1405,-0.0244,-0.0122,1.0381,6.5308,-17.4561,-6.2256,1,466,896,0
22753924,1406,-0.0298,0.0015,1.0366,5.9814,-17.7612,-6.3477,1,466,886,0
22758923,1407,-0.0479,0.0122,1.0254,3.6621,-19.4702,-6.4697,1,466,889,0
22763924,1408,-0.0474,0.0034,1.0215,3.1128,-20.5078,-6.4087,1,466,894,0
22768923,1409,-0.0430,-0.0073,1.0200,2.6855,-21.1182,-6.3477,1,466,889,0
22773922,1410,-0.0396,-0.0161,1.0190,2.5635,-21.8506,-5.9204,1,466,892,0
22778927,1411,-0.0400,-0.0210,1.0137,2.8687,-22.2168,-5.6763,1,466,895,0
22783929,1412,-0.0513,-0.0254,1.0059,3.0518,-23.0713,-5.5542,1,466,891,0
22788922,1413,-0.0669,-0.0283,1.0029,3.5400,-24.7803,-5.6763,1,494,887,0
22793926,1414,-0.0698,-0.0264,1.0049,4.0894,-27.1606,-6.0425,1,512,893,0
22798929,1415,-0.0737,-0.0225,1.0034,4.5166,-28.9307,-6.7139,1,491,873,0
22803922,1416,-0.0854,-0.0146,1.0024,4.6387,-32.5317,-7.0801,1,500,857,0
22808925,1417,-0.0786,-0.0068,1.0078,4.4556,-36.3770,-7.2632,1,494,890,0
22813922,1418,-0.0601,-0.0063,1.0146,4.3945,-38.3301,-7.6904,1,498,869,0
22818926,1419,-0.0474,-0.0107,1.0210,4.3945,-40.3442,-7.7515,1,508,853,0
22823922,1420,-0.0322,-0.0156,1.0264,4.2725,-42.7246,-7.3242,1,504,857,0
22828926,1421,-0.0229,-0.0151,1.0278,4.3945,-44.0063,-7.6294,1,496,856,0
22833930,1422,-0.0229,-0.0073,1.0303,4.4556,-45.6543,-8.1787,1,465,883,0
22838924,1423,-0.0117,-0.0010,1.0366,4.0894,-48.0957,-8.4839,1,483,877,0
22843926,1424,0.0034,0.0059,1.0435,3.7842,-48.7061,-9.0942,1,465,886,0
22848925,1425,0.0171,0.0176,1.0527,2.7466,-49.4385,-9.2773,1,466,882,0
22853923,1426,0.0229,0.0249,1.0605,1.2207,-50.4761,-9.5825,1,466,897,0
22858927,1427,0.0020,0.0273,1.0620,-0.3052,-52.3682,-10.3760,1,466,897,0
22863923,1428,-0.0303,0.0254,1.0601,-2.8687,-58.2886,-10.4980,1,466,905,0
22868922,1429,-0.0469,0.0225,1.0581,-4.6387,-62.5610,-10.1929,1,466,905,0
22873924,1430,-0.0381,0.0254,1.0547,-6.7139,-66.5894,-9.1553,1,466,911,0
22878953,1431,-0.0220,0.0254,1.0562,-8.9722,-70.2515,-8.4229,1,465,886,0
22883930,1432,-0.0132,0.0195,1.0605,-10.9253,-75.2563,-7.9346,1,466,886,0
22888930,1433,-0.0127,0.0122,1.0601,-12.5732,-80.0781,-7.6904,1,466,909,0
22893925,1434,-0.0225,0.0054,1.0576,-13.7329,-84.3506,-8.1787,1,468,903,0
22898928,1435,-0.0889,0.0181,1.0620,-15.4419,-89.9658,-9.7046,1,511,912,0
22903927,1436,-0.2554,0.0464,1.0767,-18.4326,-103.5156,-11.3525,1,488,806,0
22908927,1437,-0.4595,0.0791,1.1074,-22.3999,-129.2725,-11.0474,1,498,868,0
22913923,1438,-0.5801,0.1206,1.1538,-28.0151,-167.6636,-10.6201,1,485,868,0
22918925,1439,-0.6309,0.1489,1.1943,-36.1328,-207.8857,-11.4136,1,497,936,0
22923925,1440,-0.7212,0.1577,1.2329,-46.7529,-248.3520,-14.5874,1,494,921,0
22928929,1441,-0.8096,0.1943,1.3008,-57.3730,-298.3398,-16.4795,1,504,913,0
22933928,1442,-0.8979,0.2900,1.4131,-73.4863,-347.1069,-17.5781,1,508,894,0
22938927,1443,-0.9834,0.3755,1.5674,-99.0601,-400.0854,-22.2778,1,482,910,0
22943922,1444,-0.9326,0.3228,1.6938,-121.4600,-463.5009,-25.8789,1,483,912,0
22948927,1445,-0.7554,0.2231,1.7407,-132.7515,-506.2256,-29.4189,1,466,951,0
22953924,1446,-0.6367,0.2690,1.7725,-148.8647,-531.6162,-33.6914,1,466,942,0
22958923,1447,-0.7646,0.3740,1.8335,-177.6123,-564.8804,-38.6963,1,466,936,0
22963930,1448,-0.9351,0.3760,1.8047,-202.5757,-614.3188,-44.4946,1,466,933,0
22968928,1449,-0.8403,0.2236,1.5479,-214.3555,-647.1557,-49.4385,1,466,937,0
22973924,1450,-0.5825,-0.0474,1.1582,-215.3931,-652.7099,-60.7910,1,466,952,0
22978924,1451,-0.4126,-0.3574,0.7920,-202.3926,-661.2548,-70.9229,1,466,944,0
22983948,1452,-0.4082,-0.6748,0.4941,-173.8891,-684.0820,-74.6460,1,465,939,0
22988928,1453,-0.4082,-0.8257,0.3540,-133.5449,-713.5009,-75.0122,1,466,944,0
22993923,1454,-0.0830,-0.4575,0.5112,-91.5527,-722.4731,-63.7817,1,493,932,0
22998923,1455,1.0107,0.0684,1.2007,-75.2563,-675.7812,-30.0293,1,466,944,0
23003922,1456,2.8701,-0.2515,2.8848,-115.5395,-582.6416,-16.1743,1,512,925,0
23008928,1457,3.8872,-1.2153,4.8203,-105.0415,-396.1792,-42.0532,1,484,942,0
23013922,1458,2.7114,-1.6367,5.3496,-28.2593,-221.0083,-47.9126,1,508,845,0
23018927,1459,0.4575,-1.1978,4.3696,6.9580,-128.5400,-38.7573,1,479,919,0
23023927,1460,-1.0161,-0.5312,3.1396,-2.5635,-86.1206,-33.2031,1,496,918,0
23028927,1461,-1.1982,-0.1733,2.4521,-1.4648,-53.0395,-28.3203,1,505,943,0
23033925,1462,-0.8774,-0.0728,2.1309,15.5640,-20.2637,-29.2358,1,491,891,0
23038929,1463,-0.7637,0.0161,1.8271,25.0854,1.5869,-34.7290,1,501,896,0
23043926,1464,-0.9014,0.1553,1.5146,28.6255,7.1411,-41.6260,1,473,896,0
23048925,1465,-1.0352,0.2729,1.3135,29.0527,7.0190,-51.2085,1,483,901,0
23053922,1466,-1.0605,0.3247,1.2749,29.5410,10.6201,-63.3545,1,466,915,0
23058925,1467,-1.0146,0.3335,1.3496,31.8603,16.6626,-74.7681,1,466,940,0
23063922,1468,-0.9360,0.3081,1.4609,33.3862,26.8555,-86.4258,1,466,923,0
23068926,1469,-0.8521,0.2500,1.5596,35.7666,41.3818,-98.0835,1,466,933,0
23073922,1470,-0.7666,0.1616,1.6226,39.4287,59.5093,-107.7270,1,466,924,0
23078924,1471,-0.6875,0.0522,1.6543,43.8843,80.6885,-115.2954,1,466,937,0
23083928,1472,-0.6279,-0.0562,1.6792,47.9126,102.7832,-120.7886,1,466,941,0
23088922,1473,-0.5835,-0.1665,1.7139,52.4292,125.0000,-123.5351,1,466,941,0
23093922,1474,-0.5449,-0.2793,1.7446,58.7158,147.2778,-123.7793,1,466,952,0
23098924,1475,-0.5117,-0.3867,1.7422,65.4907,169.6777,-122.1924,1,492,948,0
23103925,1476,-0.4858,-0.4873,1.6919,71.7773,191.6504,-118.2861,1,471,947,0
23108923,1477,-0.4722,-0.5869,1.5913,77.4536,211.4258,-112.3657,1,511,944,0
23113923,1478,-0.4761,-0.6797,1.4507,82.6416,227.9053,-104.3701,1,475,843,0
23118923,1479,-0.4883,-0.7500,1.3027,85.3271,239.8681,-94.7876,1,506,834,0
23123926,1480,-0.4961,-0.7959,1.1802,85.0830,247.9248,-83.8013,1,495,901,0
23128930,1481,-0.4927,-0.8228,1.0952,81.6650,252.9297,-71.5332,1,489,930,0
23133929,1482,-0.4668,-0.8345,1.0391,75.6836,255.8594,-58.5937,1,497,918,0
23138929,1483,-0.4131,-0.8286,0.9927,68.6646,258.2397,-45.2270,1,483,902,0
23143930,1484,-0.3477,-0.8057,0.9458,60.3027,261.4136,-32.7759,1,492,853,0
23148927,1485,-0.2930,-0.7710,0.9023,51.3916,264.7095,-21.3013,1,467,905,0
23153925,1486,-0.2617,-0.7227,0.8638,42.6025,267.7002,-10.9863,1,483,909,0
23158922,1487,-0.2500,-0.6592,0.8350,33.2031,268.5547,-1.7090,1,466,931,0
23163926,1488,-0.2358,-0.5830,0.8281,22.7051,267.8833,6.3477,1,466,900,0
23168928,1489,-0.2046,-0.5083,0.8525,11.1694,266.8457,13.0615,1,466,918,0
23173922,1490,-0.1606,-0.4482,0.9072,-0.3052,266.6016,18.8599,1,466,939,0
23178929,1491,-0.1206,-0.4038,0.9868,-10.7422,266.9067,23.3765,1,466,904,0
23183924,1492,-0.0918,-0.3711,1.0884,-19.7754,267.8223,27.1606,1,466,932,0
23188924,1493,-0.0615,-0.3506,1.2061,-27.6489,269.7754,30.9448,1,466,918,0
23193948,1494,-0.0215,-0.3364,1.3296,-33.5083,274.1089,34.8511,1,465,930,0
23198924,1495,0.0176,-0.3159,1.4473,-38.1470,280.9448,38.8794,1,466,918,0
23203939,1496,0.0479,-0.2881,1.5469,-41.7480,289.1846,42.9687,1,465,951,0
23208922,1497,0.0728,-0.2578,1.6187,-43.8232,298.4009,47.1802,1,483,930,0
23213922,1498,0.0981,-0.2246,1.6553,-44.3115,307.8003,51.5137,1,467,859,0
23218925,1499,0.1152,-0.1836,1.6567,-44.1284,316.4062,55.4810,1,501,861,0
23223924,1500,0.1133,-0.1279,1.6411,-43.7622,321.8383,58.5327,1,489,868,0
23228925,1501,0.1118,-0.0635,1.6357,-43.8232,324.2187,60.9131,1,493,885,0
23233923,1502,0.1406,-0.0073,1.6533,-44.3115,325.9887,62.5610,1,502,941,0
23238924,1503,0.1943,0.0347,1.6851,-44.1284,328.7964,63.1103,1,489,906,0
23243928,1504,0.2451,0.0703,1.7168,-43.3960,332.3974,62.6221,1,497,901,0
23248929,1505,0.2798,0.1069,1.7456,-42.7856,335.5713,60.9741,1,472,935,0
23253922,1506,0.3101,0.1416,1.7734,-42.3584,338.4399,58.5937,1,483,925,0
23258926,1507,0.3511,0.1675,1.7944,-41.8701,341.5527,55.5420,1,466,944,0
23263929,1508,0.3945,0.1807,1.7998,-41.1987,344.9707,51.8799,1,466,940,0
23268924,1509,0.4277,0.1782,1.7993,-40.4053,347.6562,47.8516,1,466,940,0
23273924,1510,0.4531,0.1597,1.8066,-39.6729,348.9990,44.1284,1,466,945,0
23278923,1511,0.4780,0.1240,1.8228,-39.0625,350.0976,41.0156,1,466,938,0
23283925,1512,0.4990,0.0737,1.8374,-37.8418,350.8300,38.6963,1,466,930,0
23288929,1513,0.5107,0.0195,1.8457,-36.1328,350.6469,37.5366,1,466,925,0
23293929,1514,0.5137,-0.0215,1.8584,-34.4849,349.4873,37.2925,1,466,935,0
23298925,1515,0.5161,-0.0381,1.8979,-33.9355,347.8393,37.3535,1,466,924,0
23303922,1516,0.5200,-0.0337,1.9800,-34.5459,346.9238,37.2314,1,493,935,0
23308927,1517,0.5225,-0.0210,2.1030,-35.8887,346.7407,36.3159,1,477,926,0
23313930,1518,0.5386,-0.0103,2.2583,-38.2080,347.1679,34.8511,1,511,922,0
23318931,1519,0.5923,-0.0190,2.4263,-42.1753,350.4028,34.0576,1,488,923,0
23323925,1520,0.6787,-0.0630,2.5737,-45.8374,357.7881,34.7290,1,498,826,0
23328928,1521,0.7705,-0.1338,2.6562,-46.5088,367.5537,36.8652,1,479,897,0
23333927,1522,0.8496,-0.2021,2.6431,-43.8843,376.5869,40.7104,1,484,907,0
23338928,1523,0.9146,-0.2393,2.5386,-38.9404,382.7514,45.1660,1,498,920,0
23343928,1524,0.9805,-0.2358,2.3726,-33.2031,384.6435,49.8657,1,506,897,0
23348928,1525,1.0601,-0.2070,2.1880,-27.5879,382.8735,53.7720,1,493,861,0
23353927,1526,1.1479,-0.1665,2.0122,-23.0713,377.8686,56.4575,1,466,917,0
23358926,1527,1.2285,-0.1177,1.8560,-19.8364,369.3237,57.4951,1,483,931,0
23363930,1528,1.2939,-0.0684,1.7246,-18.2495,358.0932,56.7627,1,466,940,0
23368930,1529,1.3550,-0.0342,1.6211,-18.1885,344.6655,54.3823,1,466,940,0
23373928,1530,1.4189,-0.0195,1.5317,-18.5547,331.0547,50.8423,1,466,931,0
23378924,1531,1.4785,-0.0132,1.4360,-19.1650,317.4438,46.4478,1,466,932,0
23383927,1532,1.5200,-0.0034,1.3320,-20.2637,303.1616,40.9546,1,466,930,0
23388923,1533,1.5396,0.0142,1.2319,-21.9727,287.9028,34.4849,1,466,925,0
23393931,1534,1.5435,0.0415,1.1406,-24.6582,271.5454,26.9775,1,466,928,0
23398936,1535,1.5474,0.0825,1.0640,-28.5034,254.2724,18.4937,1,466,940,0
23403927,1536,1.5713,0.1377,1.0112,-33.8135,237.7319,8.7280,1,466,934,0
23408939,1537,1.6172,0.1992,0.9780,-41.0156,222.7173,-1.7090,1,493,921,0
23413928,1538,1.6694,0.2378,0.9414,-48.5229,208.8623,-12.5732,1,477,919,0
23418929,1539,1.7080,0.2275,0.8818,-54.6875,195.1904,-22.7661,1,511,947,0
23423924,1540,1.7080,0.1768,0.7954,-58.8379,181.3965,-31.4941,1,491,943,0
23428930,1541,1.6714,0.1118,0.6968,-61.2793,165.5273,-37.9028,1,477,913,0
23433922,1542,1.6353,0.0347,0.6045,-60.6689,146.8506,-41.5039,1,481,909,0
23438926,1543,1.6240,-0.0684,0.5269,-56.3965,126.7090,-42.1143,1,500,887,0
23443925,1544,1.6260,-0.1855,0.4629,-48.0347,106.3232,-40.1001,1,508,897,0
23448922,1545,1.6221,-0.2891,0.4136,-37.3535,85.7544,-35.7666,1,495,895,0
23453928,1546,1.6074,-0.3647,0.3843,-26.3062,64.3311,-29.9683,1,477,901,0
23458925,1547,1.5869,-0.4097,0.3730,-15.3809,42.4194,-23.5596,1,483,907,0
23463922,1548,1.5615,-0.4224,0.3740,-6.1646,20.8740,-17.4561,1,466,934,0
23468927,1549,1.5396,-0.4092,0.3906,-0.5493,0.3662,-12.3291,1,466,907,0
23473922,1550,1.5239,-0.3916,0.4229,1.0986,-18.0054,-8.1177,1,466,899,0
23478922,1551,1.4951,-0.3921,0.4492,0.4883,-34.2407,-4.7607,1,466,892,0
23483925,1552,1.4351,-0.4136,0.4604,-1.8311,-50.2930,-1.8921,1,466,895,0
23488923,1553,1.3457,-0.4463,0.4751,-4.8218,-66.3452,0.8545,1,466,889,0
23493923,1554,1.2695,-0.4976,0.5337,-8.3618,-83.6792,3.8452,1,466,894,0
23498929,1555,1.5024,-0.4546,0.1611,-16.3574,-146.4844,10.3760,1,466,906,0
23503925,1556,1.1353,-0.0542,-1.0205,-23.0713,-278.0762,33.5083,1,465,930,0
23508927,1557,-0.1909,0.1421,-1.3906,-76.1108,-319.8242,11.9629,1,492,922,0
23513930,1558,-0.2324,-0.2114,-0.0591,-91.7969,-352.7832,20.1416,1,473,928,0
23518928,1559,0.7290,-0.5439,1.2925,-75.6226,-288.6353,27.4048,1,511,937,0
23523923,1560,0.1665,-0.8262,1.8027,-83.1299,-211.1816,2.1362,1,473,849,0
23528930,1561,-1.2271,-1.1343,1.7563,-48.5229,-258.4229,11.1694,1,499,843,0
23533928,1562,-1.5771,-1.0068,1.3325,15.7471,-303.3447,22.0337,1,477,875,0
23538929,1563,-1.0215,-0.3169,0.7598,35.4614,-311.4014,17.1509,1,488,933,0
23543925,1564,-0.3955,0.4102,0.2578,25.8789,-337.1582,9.5825,1,496,875,0
23548922,1565,-0.1499,0.7983,0.1465,4.3945,-374.5117,4.5166,1,506,894,0
23553926,1566,-0.1323,0.8931,0.6958,-13.6719,-423.2177,3.1128,1,496,882,0
23558925,1567,0.0547,0.8647,1.7959,-21.8506,-442.4438,-1.5259,1,465,906,0
23563927,1568,0.4644,0.7964,2.9961,-19.7144,-419.9829,-9.5825,1,484,900,0
23568923,1569,0.9438,0.7554,3.7427,-7.4463,-374.4507,-17.7612,1,466,915,0
23573924,1570,1.1899,0.7256,3.7686,0.8545,-318.1763,-31.0059,1,466,920,0
23578924,1571,1.1133,0.5894,3.2812,-0.6714,-273.9258,-46.3867,1,465,912,0
23583927,1572,0.8760,0.2891,2.6807,-5.1270,-236.6943,-55.6030,1,465,950,0
23588923,1573,0.5688,-0.1353,2.2056,-17.2729,-204.4067,-54.3823,1,466,922,0
23593925,1574,0.3042,-0.5439,1.8643,-24.6582,-182.6782,-47.6074,1,465,940,0
23598924,1575,0.1475,-0.7764,1.5762,-24.4141,-169.4336,-38.1470,1,466,946,0
23603931,1576,0.0679,-0.7954,1.3252,-24.2920,-162.4756,-28.5034,1,466,932,0
23608928,1577,-0.0454,-0.7207,1.1411,-23.9868,-158.4473,-21.9116,1,466,939,0
23613931,1578,-0.5645,-1.6333,1.9058,22.8882,-185.1806,26.1230,1,466,942,0
23618926,1579,0.3770,-1.7656,1.9849,57.0068,-179.6875,41.6870,1,466,940,0
23623929,1580,0.7803,-1.5532,1.6074,76.4771,-117.4927,46.0205,1,492,941,0
23628923,1581,0.3130,-0.9414,1.3198,105.2246,-113.5254,47.6074,1,470,931,0
23633922,1582,-0.0571,-0.1240,1.3447,122.8638,-136.2915,50.8423,1,496,951,0
23638924,1583,0.0015,0.4541,1.5000,113.9526,-120.9106,40.9546,1,481,914,0
23643927,1584,0.0840,0.5156,1.6440,100.7080,-98.0225,29.6631,1,486,900,0
23648924,1585,0.1333,0.1812,1.6855,98.9380,-94.6045,28.4424,1,491,942,0
23653926,1586,0.2290,-0.1660,1.5415,100.4028,-84.9609,28.1372,1,498,896,0
23658925,1587,0.1846,-0.3096,1.3159,102.7222,-67.7490,27.2217,1,496,911,0
23663926,1588,0.0254,-0.2095,1.1875,108.6426,-66.9556,27.7710,1,499,856,0
23668924,1589,-0.0547,0.0708,1.2041,109.5581,-68.2373,26.9165,1,466,907,0
23673927,1590,-0.0376,0.3540,1.3369,99.8535,-61.7676,21.6675,1,483,911,0
23678925,1591,0.0371,0.5054,1.4761,84.1064,-55.2978,16.7847,1,466,936,0
23683923,1592,0.1118,0.5068,1.5098,68.1763,-44.4336,11.8408,1,466,927,0
23688928,1593,0.1001,0.3794,1.4331,53.4058,-34.9731,7.6294,1,465,928,0
23693928,1594,0.0093,0.2393,1.3149,43.1519,-30.8838,3.9673,1,466,907,0
23698929,1595,-0.0557,0.1470,1.2075,34.3628,-34.2407,2.0142,1,466,911,0
23703922,1596,-0.0605,0.0576,1.1250,28.1372,-31.5552,0.8545,1,466,903,0
23708925,1597,-0.0532,-0.0049,1.0811,25.5127,-30.2734,0.0610,1,466,914,0
23713925,1598,-0.0498,-0.0068,1.0703,23.5596,-29.0527,-0.1831,1,466,906,0
23718922,1599,-0.0386,0.0220,1.0806,19.1650,-28.6255,-0.1831,1,465,914,0
23723925,1600,-0.0107,0.0327,1.0986,14.8926,-25.9399,-0.1831,1,492,903,0
23728941,1601,0.0264,0.0259,1.1250,11.3525,-21.3013,-0.0610,1,466,949,0
23733922,1602,0.0493,0.0195,1.1353,8.3008,-14.9536,0.1831,1,466,908,0
23738930,1603,0.0249,0.0122,1.1084,5.4321,-9.2773,-0.4883,1,511,898,0
23743924,1604,-0.0234,-0.0049,1.0684,3.4790,-8.6060,-0.7324,1,482,853,0
23748922,1605,-0.0488,-0.0288,1.0420,3.0518,-8.7280,-0.5493,1,498,814,0
23753928,1606,-0.0483,-0.0444,1.0342,2.8076,-7.9346,-0.7324,1,508,879,0
23758927,1607,-0.0415,-0.0459,1.0352,2.8076,-7.1411,-0.7935,1,488,863,0
23763929,1608,-0.0410,-0.0396,1.0356,2.8687,-6.8970,-0.8545,1,489,840,0
23768922,1609,-0.0425,-0.0396,1.0347,2.7466,-6.5918,-1.1597,1,470,830,0
23773922,1610,-0.0454,-0.0474,1.0278,3.0518,-6.3477,-1.3428,1,506,826,0
23778931,1611,-0.0483,-0.0488,1.0215,3.9062,-6.7749,-1.7700,1,477,858,0
23783925,1612,-0.0493,-0.0410,1.0210,4.1504,-6.8970,-2.2583,1,483,865,0
23788930,1613,-0.0522,-0.0361,1.0220,3.9673,-6.8359,-2.4414,1,466,879,0
23793927,1614,-0.0479,-0.0371,1.0254,4.0283,-7.9346,-2.5635,1,466,887,0
23798928,1615,-0.0308,-0.0396,1.0337,4.3945,-7.4463,-2.6855,1,466,880,0
23803927,1616,-0.0176,-0.0342,1.0405,4.2725,-6.1035,-2.5024,1,466,881,0
23808928,1617,-0.0186,-0.0225,1.0391,3.5400,-5.1880,-2.2583,1,466,878,0
23813926,1618,-0.0225,-0.0195,1.0376,2.7466,-5.3101,-1.8921,1,466,877,0
23818922,1619,-0.0171,-0.0278,1.0420,2.4414,-4.6387,-1.7090,1,466,873,0
23823936,1620,-0.0083,-0.0356,1.0464,2.4414,-3.4790,-1.2817,1,466,877,0
23828930,1621,-0.0039,-0.0308,1.0469,2.3804,-2.0752,-0.6714,1,466,884,0
23833927,1622,-0.0098,-0.0259,1.0420,2.0142,-0.6714,-0.6104,1,466,895,0
23838930,1623,-0.0239,-0.0322,1.0327,1.7090,0.1221,-0.2441,1,466,862,0
23843922,1624,-0.0312,-0.0366,1.0269,2.2583,-0.2441,-0.3662,1,501,875,0
23848928,1625,-0.0337,-0.0356,1.0239,2.6855,0.4883,-0.9155,1,479,832,0
23853925,1626,-0.0454,-0.0391,1.0137,3.0518,0.5493,-1.2817,1,505,841,0
23858926,1627,-0.0591,-0.0405,1.0034,3.7842,-0.7935,-1.4648,1,494,872,0
23863925,1628,-0.0625,-0.0410,1.0005,4.2114,-1.8921,-1.9531,1,495,855,0
23868928,1629,-0.0522,-0.0449,1.0068,4.8218,-2.3804,-2.4414,1,505,842,0
23873929,1630,-0.0391,-0.0449,1.0137,5.9814,-2.3193,-2.6245,1,491,806,0
23878928,1631,-0.0361,-0.0479,1.0112,6.8359,-1.8921,-2.8076,1,492,836,0
23883927,1632,-0.0532,-0.0469,1.0005,7.9346,-1.7090,-3.1738,1,466,863,0
23888927,1633,-0.0757,-0.0347,0.9937,8.6060,-4.0894,-3.4790,1,484,853,0
23893924,1634,-0.0732,-0.0200,1.0029,8.4839,-6.8970,-3.6011,1,465,875,0
23898927,1635,-0.0498,-0.0117,1.0229,8.3618,-7.7515,-3.7842,1,466,876,0
23903923,1636,-0.0322,-0.0083,1.0371,8.1787,-7.8125,-3.9673,1,466,884,0
23908925,1637,-0.0288,0.0024,1.0430,8.1177,-8.3618,-4.4556,1,466,884,0
23913925,1638,-0.0356,0.0117,1.0435,7.2632,-9.0332,-5.1270,1,466,882,0
23918922,1639,-0.0327,0.0059,1.0483,5.9814,-10.4980,-4.9438,1,466,880,0
23923930,1640,-0.0137,-0.0034,1.0615,4.9438,-10.1929,-3.9673,1,466,898,0
23928933,1641,0.0049,-0.0015,1.0659,3.5400,-9.2773,-2.6855,1,466,895,0
23933927,1642,0.0015,-0.0054,1.0469,2.3804,-7.7515,-2.3804,1,466,875,0
23938944,1643,-0.0332,-0.0220,1.0142,2.3804,-7.4463,-2.5635,1,493,862,0
23943922,1644,-0.0659,-0.0347,0.9907,2.6245,-9.5825,-2.3804,1,466,877,0
23948925,1645,-0.0640,-0.0430,0.9897,3.1128,-11.6577,-1.7700,1,466,814,0
23953926,1646,-0.0371,-0.0562,0.9995,3.6621,-12.1460,-1.5869,1,499,829,0
23958923,1647,-0.0415,-0.0635,0.9902,5.4321,-10.9253,-2.0752,1,488,874,0
23963929,1648,-0.0957,-0.0493,0.9648,6.5918,-13.5498,-2.9907,1,493,906,0
23968923,1649,-0.1289,-0.0293,0.9590,6.6528,-18.9819,-4.0283,1,498,865,0
23973929,1650,-0.0977,-0.0225,0.9839,6.7749,-22.2168,-5.3101,1,493,859,0
23978930,1651,-0.0405,-0.0249,1.0186,7.1411,-22.3389,-6.4087,1,489,859,0
23983924,1652,-0.0049,-0.0249,1.0396,6.8359,-21.5454,-6.6528,1,465,849,0
23988922,1653,0.0024,-0.0171,1.0410,6.4087,-20.6299,-6.4087,1,484,880,0
23993930,1654,-0.0044,-0.0122,1.0342,5.3101,-19.9585,-6.1646,1,466,885,0
23998930,1655,-0.0054,-0.0054,1.0356,4.5776,-19.2871,-5.6763,1,466,880,0
24003924,1656,0.0117,0.0049,1.0483,2.7466,-18.3716,-5.0049,1,466,888,0
24008922,1657,0.0371,0.0015,1.0581,0.9766,-15.3809,-4.6387,1,466,880,0
24013928,1658,0.0391,-0.0132,1.0488,0.1831,-12.2070,-4.1504,1,466,888,0
24018924,1659,0.0068,-0.0229,1.0259,0.2441,-10.6812,-3.6621,1,466,891,0
24023930,1660,-0.0317,-0.0205,1.0073,0.1221,-11.7187,-3.7231,1,466,896,0
24028922,1661,-0.0547,-0.0181,0.9980,0.0610,-12.5122,-4.6387,1,466,898,0
24033949,1662,-0.0615,-0.0142,1.0020,0.2441,-14.5874,-5.6152,1,466,891,0
24038922,1663,-0.0444,-0.0068,1.0186,-0.1831,-16.2964,-6.4697,1,465,901,0
24043924,1664,-0.0249,-0.0044,1.0283,-0.7324,-16.0522,-7.2632,1,466,891,0
24048925,1665,-0.0176,-0.0093,1.0293,-1.0986,-16.7847,-7.7515,1,476,887,0
24053926,1666,-0.0122,-0.0098,1.0327,-1.0986,-17.3950,-7.9956,1,464,817,0
24058926,1667,-0.0073,-0.0083,1.0386,-1.4038,-17.7002,-7.9346,1,506,806,0
24063931,1668,0.0098,-0.0088,1.0513,-2.0752,-17.9443,-7.4463,1,491,851,0
24068922,1669,0.0239,-0.0137,1.0586,-2.4414,-16.7236,-6.8359,1,487,841,0
24073929,1670,0.0117,-0.0146,1.0483,-2.8076,-16.1743,-5.9204,1,507,856,0
24078926,1671,-0.0088,-0.0088,1.0347,-3.3569,-17.4561,-5.0049,1,484,857,0
24083928,1672,-0.0151,-0.0103,1.0293,-3.7842,-18.6157,-4.3945,1,492,829,0
24088928,1673,-0.0103,-0.0186,1.0317,-3.9062,-19.5923,-3.7842,1,466,846,0
24093924,1674,-0.0010,-0.0249,1.0356,-3.8452,-20.5688,-2.9907,1,484,869,0
24098928,1675,0.0132,-0.0278,1.0396,-3.4790,-21.9116,-2.5024,1,466,895,0
24103928,1676,0.0220,-0.0278,1.0415,-2.9907,-22.0337,-2.8076,1,465,901,0
24108926,1677,0.0176,-0.0249,1.0391,-2.7466,-22.6440,-2.8687,1,466,898,0
24113922,1678,0.0112,-0.0244,1.0347,-2.1362,-23.6206,-3.0518,1,466,895,0
24118928,1679,0.0063,-0.0259,1.0298,-2.0752,-24.9634,-3.2349,1,465,899,0
24123924,1680,-0.0063,-0.0244,1.0283,-2.0752,-26.4282,-3.2959,1,466,892,0
24128922,1681,-0.0278,-0.0234,1.0278,-2.0142,-29.2358,-3.3569,1,465,899,0
24133925,1682,-0.0410,-0.0244,1.0288,-1.9531,-32.8979,-3.2959,1,466,904,0
24138944,1683,-0.0430,-0.0234,1.0327,-2.2583,-37.7197,-3.1738,1,466,898,0
24143931,1684,-0.0449,-0.0161,1.0337,-2.8076,-42.7246,-3.6621,1,466,898,0
24148934,1685,-0.0479,-0.0024,1.0371,-3.6621,-47.9126,-4.3335,1,492,906,0
24153928,1686,-0.0483,0.0093,1.0430,-5.4932,-54.9927,-5.4932,1,469,897,0
24158929,1687,-0.0405,0.0171,1.0444,-7.7515,-62.0117,-6.2256,1,511,892,0
24163925,1688,-0.0283,0.0156,1.0425,-9.5825,-68.6035,-7.6904,1,485,809,0
24168928,1689,-0.0327,0.0142,1.0376,-10.8643,-75.9277,-9.7046,1,491,830,0
24173923,1690,-0.0635,0.0244,1.0356,-13.6719,-84.7778,-12.5122,1,494,876,0
24178922,1691,-0.1387,0.0259,1.0347,-16.9067,-96.4966,-15.7471,1,506,908,0
24183931,1692,-0.2681,0.0205,1.0259,-20.1416,-110.1684,-19.4702,1,475,884,0
24188927,1693,-0.4038,0.0264,1.0190,-23.4985,-130.3711,-22.4609,1,496,894,0
24193923,1694,-0.5376,0.0566,1.0142,-27.0386,-152.4658,-26.1230,1,494,853,0
24198924,1695,-0.7568,0.1523,1.0269,-33.5693,-174.0112,-30.2124,1,470,884,0
24203924,1696,-0.8818,0.2314,1.0547,-45.0439,-215.8203,-31.4331,1,483,921,0
24208929,1697,-0.5737,0.1367,1.1533,-54.6875,-256.3477,-33.9355,1,466,945,0
24213928,1698,-0.0977,-0.0024,1.2817,-61.4624,-276.3672,-40.4663,1,466,937,0
24218926,1699,-0.3115,-0.0010,1.3999,-68.7866,-266.6626,-56.2744,1,466,930,0
24223926,1700,-0.9097,0.0845,1.5684,-84.9609,-326.6601,-63.7817,1,466,929,0
24228927,1701,-0.7510,0.1655,1.6187,-92.0410,-380.7983,-68.0542,1,466,939,0
24233930,1702,0.0942,0.3369,1.4976,-114.5019,-399.0478,-77.3315,1,466,931,0
24238926,1703,0.2593,0.3032,1.4946,-170.8984,-364.2578,-100.5859,1,466,944,0
24243929,1704,-0.4487,-0.0366,1.7021,-181.9458,-390.0146,-110.4736,1,466,953,0
24248926,1705,-0.7935,-0.2666,1.7188,-159.6069,-458.2519,-108.8257,1,466,952,0
24253929,1706,-0.5405,-0.3022,1.3989,-166.0156,-482.1167,-126.6479,1,493,979,0
24258928,1707,-0.1025,-0.1626,1.0674,-159.5459,-492.9199,-133.8501,1,469,957,0
24263922,1708,0.1909,-0.1182,0.9463,-142.7612,-488.2812,-127.1973,1,512,932,0
24268930,1709,0.0581,-0.4287,1.1323,-130.1880,-452.2094,-126.2817,1,473,945,0
24273927,1710,0.0576,-0.9028,1.8086,-91.0034,-422.6074,-116.6992,1,492,845,0
24278924,1711,1.0542,-1.3110,3.0269,-45.7764,-354.6142,-96.3135,1,504,914,0
24283925,1712,1.9102,-1.5322,4.0278,-5.4932,-178.4057,-85.6323,1,473,969,0
24288923,1713,1.1123,-1.4019,3.9175,29.1748,-41.3818,-75.9277,1,482,889,0
24293928,1714,-0.5308,-0.9355,2.9692,49.3774,0.7935,-60.9741,1,488,899,0
24298931,1715,-1.4209,-0.4839,2.0757,48.5840,-3.4790,-49.6216,1,504,892,0
24303925,1716,-1.2651,-0.2896,1.5947,47.5464,9.1553,-44.4946,1,473,898,0
24308930,1717,-0.8130,-0.2471,1.3145,52.7344,31.1890,-41.5649,1,483,906,0
24313927,1718,-0.5884,-0.2026,1.0337,55.4810,43.7622,-40.5273,1,466,935,0
24318925,1719,-0.5825,-0.1191,0.7700,55.6641,49.6826,-42.4805,1,466,936,0
24323930,1720,-0.6021,-0.0259,0.6069,54.3823,52.3682,-45.1660,1,466,936,0
24328923,1721,-0.5552,0.0405,0.5591,51.8188,56.3354,-49.0112,1,466,931,0
24333930,1722,-0.4712,0.0635,0.5762,47.6685,62.4390,-54.0771,1,466,935,0
24338923,1723,-0.3994,0.0503,0.6016,44.5557,69.9463,-58.9600,1,466,932,0
24343927,1724,-0.3589,0.0273,0.6226,41.0767,77.6978,-63.1103,1,466,924,0
24348942,1725,-0.3389,0.0117,0.6499,35.7056,86.0596,-66.4673,1,466,925,0
24353922,1726,-0.3276,-0.0020,0.6885,30.3345,96.0083,-69.0308,1,466,917,0
24358944,1727,-0.3179,-0.0195,0.7412,25.6348,106.6894,-70.7397,1,493,913,0
24363926,1728,-0.3149,-0.0420,0.8008,21.9727,118.8965,-71.7773,1,466,934,0
24368922,1729,-0.3311,-0.0630,0.8467,20.2637,130.9204,-71.8384,1,502,929,0
24373929,1730,-0.3555,-0.0796,0.8721,19.4092,141.6016,-70.8618,1,475,831,0
24378927,1731,-0.3652,-0.0977,0.8838,19.5312,151.3062,-69.0308,1,499,878,0
24383924,1732,-0.3525,-0.1240,0.8872,20.6299,160.6445,-66.1621,1,490,881,0
24388924,1733,-0.3301,-0.1587,0.8755,22.9492,169.5556,-61.7676,1,480,967,0
24393925,1734,-0.3096,-0.1973,0.8438,26.0620,177.3681,-55.9082,1,486,898,0
24398929,1735,-0.2954,-0.2280,0.7969,30.2124,183.1055,-49.0723,1,484,954,0
24403925,1736,-0.2798,-0.2412,0.7417,34.7900,186.8896,-41.8701,1,500,908,0
24408928,1737,-0.2539,-0.2334,0.6890,38.6963,189.5141,-34.8511,1,476,916,0
24413925,1738,-0.2280,-0.2026,0.6494,40.7104,191.3452,-27.8931,1,483,910,0
24418927,1739,-0.2041,-0.1533,0.6445,39.7949,192.0166,-21.4844,1,466,938,0
24423928,1740,-0.1655,-0.1055,0.6836,37.3535,192.3828,-16.8457,1,466,938,0
24428926,1741,-0.1128,-0.0757,0.7437,34.9121,193.9697,-14.2212,1,466,930,0
24433923,1742,-0.0645,-0.0527,0.7959,32.5928,196.0449,-13.0615,1,466,935,0
24438929,1743,-0.0269,-0.0190,0.8374,29.2969,197.9370,-13.0005,1,466,931,0
24443923,1744,0.0054,0.0273,0.8716,24.9634,200.0122,-14.5874,1,466,933,0
24448922,1745,0.0391,0.0942,0.9028,12.6953,203.4302,-21.6064,1,466,927,0
24453933,1746,0.0483,0.0771,0.8916,6.5308,203.2471,-25.2075,1,466,932,0
24458925,1747,0.0605,0.0342,0.8691,1.4648,201.4770,-27.6489,1,466,916,0
24463929,1748,0.0801,-0.0234,0.8574,-2.9907,198.1201,-28.3813,1,492,920,0
24468926,1749,0.1138,-0.1035,0.8804,-7.1411,193.4814,-26.7944,1,493,917,0
24473927,1750,0.1655,-0.1973,0.9502,-9.5215,189.3921,-22.3999,1,495,927,0
24478929,1751,0.2231,-0.2778,1.0649,-11.1084,187.1948,-15.6860,1,466,845,0
24483923,1752,0.2710,-0.3208,1.2007,-11.6577,187.6221,-7.9956,1,493,871,0
24488928,1753,0.3149,-0.3057,1.3232,-11.8408,189.5141,-0.6104,1,506,882,0
24493927,1754,0.3638,-0.2378,1.4111,-14.8315,193.0542,5.1880,1,494,935,0
24498926,1755,0.4067,-0.1528,1.4600,-21.3013,198.0591,9.3994,1,482,906,0
24503931,1756,0.4316,-0.0894,1.4775,-29.4800,202.3315,12.2681,1,483,891,0
24508928,1757,0.4536,-0.0659,1.4741,-38.2080,204.4678,14.7705,1,500,909,0
24513924,1758,0.4995,-0.0791,1.4541,-45.7764,205.9936,18.0664,1,475,916,0
24518929,1759,0.5752,-0.1094,1.4165,-50.9644,207.7637,22.7661,1,484,918,0
24523926,1760,0.6572,-0.1289,1.3608,-53.8330,209.0454,27.8320,1,466,937,0
24528925,1761,0.7139,-0.1123,1.2915,-55.3589,208.8013,33.3862,1,466,944,0
24533924,1762,0.7412,-0.0654,1.2222,-57.6172,206.3598,38.6963,1,466,937,0
24538924,1763,0.7554,-0.0176,1.1748,-60.1807,201.7212,43.7012,1,466,935,0
24543928,1764,0.7739,0.0151,1.1602,-61.7676,195.0683,48.8281,1,465,930,0
24548926,1765,0.8066,0.0366,1.1782,-62.4390,187.2558,54.0771,1,465,943,0
24553924,1766,0.8584,0.0508,1.2231,-61.7676,179.0161,58.7769,1,466,946,0
24558928,1767,0.9287,0.0649,1.2778,-58.9600,171.4477,62.6831,1,466,932,0
24563923,1768,1.0093,0.0869,1.3257,-54.9927,164.7339,65.4297,1,466,951,0
24568930,1769,1.0864,0.1123,1.3574,-50.4150,158.9966,66.9556,1,493,929,0
24573925,1770,1.1411,0.1367,1.3662,-45.5322,153.7476,67.0166,1,493,932,0
24578930,1771,1.1641,0.1606,1.3457,-40.4053,148.0103,66.1621,1,496,940,0
24583923,1772,1.1572,0.1851,1.2959,-36.0718,141.3574,64.3311,1,464,844,0
24588923,1773,1.1377,0.2026,1.2314,-32.8979,133.4229,61.9507,1,496,851,0
24593922,1774,1.1187,0.1982,1.1680,-30.0903,124.9390,59.0210,1,481,901,0
24598927,1775,1.1001,0.1782,1.1104,-27.1606,115.9668,56.0913,1,488,934,0
24603925,1776,1.0703,0.1592,1.0566,-24.7803,106.9336,53.3447,1,482,896,0
24608926,1777,1.0195,0.1470,1.0122,-24.2310,97.2290,50.4761,1,494,933,0
24613925,1778,0.9502,0.1421,0.9883,-24.4751,86.7309,47.6074,1,492,855,0
24618930,1779,0.8745,0.1401,0.9976,-25.3906,76.2939,44.6167,1,466,906,0
24623924,1780,0.8081,0.1279,1.0439,-26.6113,66.9556,41.5649,1,483,911,0
24628929,1781,0.7700,0.0962,1.1157,-26.5503,58.5937,38.8794,1,466,937,0
24633927,1782,0.7603,0.0610,1.1846,-24.6582,52.9785,36.9263,1,465,926,0
24638930,1783,0.7524,0.0493,1.2305,-22.9492,49.8657,35.2173,1,466,929,0
24643923,1784,0.7339,0.0645,1.2529,-22.3389,47.2412,33.2031,1,466,934,0
24648926,1785,0.7124,0.0845,1.2563,-21.9116,45.3491,31.0669,1,466,929,0
24653926,1786,0.6885,0.0908,1.2407,-21.6675,43.8843,28.9307,1,465,938,0
24658925,1787,0.6533,0.0864,1.2056,-21.3013,42.1753,27.0386,1,466,928,0
24663929,1788,0.6084,0.0791,1.1675,-21.3623,38.8184,25.5737,1,466,929,0
24668938,1789,0.5786,0.0688,1.1519,-21.3623,34.3018,24.7803,1,466,929,0
24673929,1790,0.5693,0.0537,1.1602,-20.6909,31.3721,24.3530,1,465,928,0
24678922,1791,0.5669,0.0366,1.1675,-19.4702,29.1748,24.4141,1,493,930,0
24683930,1792,0.5669,0.0234,1.1533,-17.7612,27.5879,25.0244,1,483,926,0
24688929,1793,0.5537,0.0205,1.1108,-16.2964,26.6724,25.8179,1,492,927,0
24693924,1794,0.5176,0.0293,1.0493,-15.1978,24.9634,26.3672,1,491,850,0
24698923,1795,0.4634,0.0454,0.9897,-14.0991,22.0337,26.9165,1,482,872,0
24703931,1796,0.4028,0.0625,0.9502,-12.8174,18.0664,27.0996,1,505,905,0
24708926,1797,0.3525,0.0757,0.9360,-11.0474,13.4888,27.0386,1,484,882,0
24713926,1798,0.3154,0.0864,0.9355,-9.2773,9.7656,26.6724,1,498,910,0
24718930,1799,0.2725,0.0957,0.9355,-7.8125,7.4463,25.8789,1,479,875,0
24723926,1800,0.2090,0.1006,0.9351,-7.0801,5.1880,24.4751,1,509,854,0
24728923,1801,0.1353,0.0908,0.9434,-6.2256,2.6855,22.8882,1,483,862,0
24733930,1802,0.0845,0.0698,0.9644,-4.8218,0.2441,21.4233,1,466,878,0
24738927,1803,0.0679,0.0596,0.9883,-3.8452,-0.6714,19.9585,1,466,897,0
24743926,1804,0.0562,0.0615,1.0068,-4.8828,-0.2441,18.0664,1,466,885,0
24748927,1805,0.0327,0.0620,1.0215,-7.3242,-0.1831,16.0522,1,466,892,0
24753923,1806,0.0137,0.0469,1.0405,-9.8267,-0.3662,14.3433,1,466,894,0
24758924,1807,0.0132,0.0088,1.0630,-11.8408,0.3052,13.4888,1,466,892,0
24763922,1808,0.0269,-0.0415,1.0781,-12.4512,1.6479,13.7329,1,466,903,0
24768923,1809,0.0449,-0.0830,1.0747,-11.8408,2.4414,14.8315,1,466,919,0
24773924,1810,0.0605,-0.1025,1.0542,-10.7422,2.6245,16.4185,1,466,921,0
24778922,1811,0.0684,-0.1011,1.0225,-9.5825,1.8311,18.0054,1,465,907,0
24783936,1812,0.0664,-0.0845,0.9897,-8.3008,-0.6714,19.4092,1,492,878,0
24788925,1813,0.0547,-0.0581,0.9731,-7.7515,-4.9438,19.9585,1,466,879,0
24793926,1814,0.0459,-0.0322,0.9883,-8.0566,-9.3384,19.6533,1,511,891,0
24798922,1815,0.0503,-0.0117,1.0298,-8.2397,-12.5122,18.7378,1,482,804,0
24803925,1816,0.0518,-0.0024,1.0645,-8.8501,-12.9395,17.2119,1,486,877,0
24808924,1817,0.0210,-0.0039,1.0635,-8.8501,-12.5732,15.1978,1,489,900,0
24813929,1818,-0.0332,-0.0063,1.0327,-7.9346,-13.9770,12.8784,1,474,867,0
24818927,1819,-0.0752,-0.0093,0.9985,-6.7749,-15.4419,10.4370,1,501,880,0
24823923,1820,-0.0918,-0.0161,0.9829,-5.6763,-16.3574,8.0566,1,488,881,0
24828923,1821,-0.1060,-0.0269,0.9858,-5.4321,-15.8081,5.5542,1,502,847,0
24833928,1822,-0.1382,-0.0430,1.0000,-6.0425,-14.9536,2.9907,1,501,852,0
24838928,1823,-0.1802,-0.0635,1.0229,-6.8970,-14.7705,0.7324,1,484,873,0
24843923,1824,-0.2021,-0.0879,1.0576,-8.3008,-13.7329,-1.1597,1,466,897,0
24848925,1825,-0.1943,-0.1172,1.0972,-9.9487,-10.6812,-2.4414,1,466,896,0
24853929,1826,-0.1777,-0.1455,1.1226,-11.5967,-5.8594,-3.1128,1,466,904,0
24858928,1827,-0.1743,-0.1699,1.1255,-13.4277,-0.7324,-3.1738,1,466,907,0
24863931,1828,-0.1812,-0.1929,1.1108,-14.7705,3.6011,-2.6245,1,466,911,0
24868930,1829,-0.1914,-0.2163,1.0859,-15.5029,6.8970,-1.4648,1,466,900,0
24873928,1830,-0.1958,-0.2339,1.0552,-15.9912,9.2163,0.2441,1,466,908,0
24878924,1831,-0.1875,-0.2402,1.0269,-16.2354,10.3760,2.3193,1,466,906,0
24883924,1832,-0.1675,-0.2393,1.0039,-16.6626,10.9863,4.3945,1,466,909,0
24888935,1833,-0.1460,-0.2378,0.9902,-17.0288,10.6812,6.0425,1,466,912,0
24893924,1834,-0.1143,-0.2754,0.9390,-16.0522,5.3711,7.7515,1,465,906,0
24898930,1835,-0.1235,-0.2925,0.8350,-4.0283,-12.3291,13.9770,1,509,890,0
24903924,1836,-0.0869,-0.1992,0.8008,6.8359,-30.1514,16.2964,1,493,922,0
24908923,1837,0.0918,-0.0806,0.8833,4.8828,-30.7617,14.2212,1,497,820,0
24913925,1838,0.2227,-0.0449,0.9771,0.3052,-25.8179,13.6719,1,484,882,0
24918923,1839,0.1499,-0.0991,1.0225,1.5869,-25.0244,13.2446,1,493,867,0
24923924,1840,-0.0649,-0.1841,1.0654,4.2725,-23.5596,14.0381,1,482,909,0
24928930,1841,-0.2266,-0.2305,1.1299,5.0049,-22.9492,18.0054,1,489,872,0
24933929,1842,-0.2573,-0.2251,1.1577,3.0518,-20.1416,20.6299,1,492,855,0
24938923,1843,-0.2393,-0.2139,1.1050,1.0376,-16.6016,21.4233,1,492,866,0
24943929,1844,-0.2236,-0.2026,0.9893,3.3569,-17.9443,22.5830,1,483,887,0
24948924,1845,-0.2080,-0.1602,0.8701,5.5542,-20.8130,23.4375,1,465,917,0
24953930,1846,-0.1958,-0.0947,0.8105,4.3335,-21.8506,23.2544,1,466,910,0
24958924,1847,-0.1938,-0.0410,0.8281,1.6479,-23.1323,22.9492,1,466,916,0
24963922,1848,-0.1934,-0.0171,0.8975,-1.2817,-24.2920,22.8882,1,466,926,0
24968928,1849,-0.1826,-0.0103,0.9873,-3.1738,-24.4141,22.7051,1,466,942,0
24973924,1850,-0.1597,0.0029,1.0664,-3.9673,-22.5220,22.4609,1,466,912,0
24978927,1851,-0.1411,0.0229,1.1123,-4.5166,-18.5547,21.1182,1,466,913,0
24983923,1852,-0.1396,0.0435,1.1172,-4.5166,-15.0757,19.3481,1,466,916,0
24988944,1853,-0.1553,0.0669,1.0903,-3.7842,-13.1836,16.9678,1,466,913,0
24993924,1854,-0.1807,0.0889,1.0508,-3.4790,-11.7798,13.9160,1,465,908,0
24998925,1855,-0.2012,0.0996,1.0146,-3.1128,-11.1694,10.5591,1,493,910,0
25003926,1856,-0.2173,0.0938,0.9873,-2.3193,-11.0474,6.9580,1,469,916,0
25008930,1857,-0.2358,0.0747,0.9668,-1.0986,-12.1460,3.6011,1,493,923,0
25013925,1858,-0.2695,0.0449,0.9478,0.4272,-13.4888,0.6714,1,485,810,0
25018930,1859,-0.3755,-0.0396,0.9922,3.4180,-13.0005,0.1221,1,484,866,0
25023925,1860,-0.3936,-0.0752,1.0835,14.8315,-24.3530,0.4883,1,488,844,0
25028930,1861,-0.2378,-0.0127,1.1030,13.4888,-25.2075,-1.7090,1,500,874,0
25033923,1862,-0.1431,-0.0088,1.0381,2.6855,-19.7144,-3.1128,1,504,873,0
25038929,1863,-0.1543,-0.0815,0.9482,0.7324,-23.0103,1.0986,1,488,836,0
25043924,1864,-0.1768,-0.1450,0.9077,0.6714,-25.9399,3.7842,1,492,848,0
25048926,1865,-0.1841,-0.1616,0.9404,0.5493,-26.0620,4.9438,1,483,879,0
25053922,1866,-0.1680,-0.1504,0.9990,2.3193,-26.4893,6.1035,1,466,898,0
25058922,1867,-0.1426,-0.1318,1.0352,3.6011,-25.2686,6.0425,1,466,900,0
25063926,1868,-0.1313,-0.1172,1.0410,5.1270,-23.5596,5.9814,1,466,895,0
25068929,1869,-0.1333,-0.1108,1.0298,6.3477,-22.6440,5.9814,1,466,904,0
25073928,1870,-0.1406,-0.1191,1.0220,6.2256,-21.9727,6.5918,1,466,906,0
25078927,1871,-0.1431,-0.1377,1.0342,6.7749,-21.3623,7.3853,1,466,901,0
25083929,1872,-0.1255,-0.1460,1.0601,7.8735,-21.1182,7.7515,1,465,903,0
25088926,1873,-0.0977,-0.1401,1.0898,8.3618,-19.1040,7.6294,1,466,897,0
25093944,1874,-0.0820,-0.1270,1.1172,8.6670,-16.4185,7.2021,1,466,891,0
25098926,1875,-0.0806,-0.1104,1.1274,9.0332,-13.9160,6.7139,1,466,891,0
25103925,1876,-0.0903,-0.0879,1.1084,8.6060,-11.2915,6.1646,1,493,898,0
25108927,1877,-0.1162,-0.0620,1.0688,8.3618,-9.2163,5.6152,1,494,893,0
25113930,1878,-0.1528,-0.0444,1.0273,7.6294,-8.8501,5.1880,1,493,891,0
25118926,1879,-0.1802,-0.0469,1.0000,6.5918,-9.8267,4.5166,1,480,815,0
25123927,1880,-0.1855,-0.0610,0.9941,5.8594,-11.2915,4.2725,1,482,870,0
25128924,1881,-0.1694,-0.0718,1.0088,5.6152,-12.2681,4.2725,1,489,901,0
25133927,1882,-0.1440,-0.0737,1.0337,5.2490,-12.3901,3.9673,1,501,857,0
25138930,1883,-0.1245,-0.0679,1.0522,4.8828,-11.9019,3.4790,1,501,891,0
25143922,1884,-0.1196,-0.0605,1.0513,4.3335,-10.9863,3.1738,1,487,872,0
25148924,1885,-0.1284,-0.0586,1.0322,3.7842,-10.3760,2.9907,1,505,855,0
25153930,1886,-0.1406,-0.0649,1.0063,3.2349,-10.3149,2.8076,1,483,880,0
25158929,1887,-0.1528,-0.0771,0.9893,2.9297,-10.4980,2.8076,1,466,900,0
25163928,1888,-0.1621,-0.0889,0.9878,2.8687,-11.4136,2.9297,1,466,900,0
25168924,1889,-0.1621,-0.0972,0.9932,3.2959,-12.5732,2.7466,1,466,897,0
25173922,1890,-0.1528,-0.1030,0.9976,4.1504,-13.2446,2.6855,1,466,899,0
25178926,1891,-0.1436,-0.1089,0.9995,4.8218,-13.6108,2.9297,1,466,903,0
25183925,1892,-0.1411,-0.1143,1.0044,5.6763,-14.0381,2.9297,1,466,900,0
25188928,1893,-0.1426,-0.1113,1.0161,6.5308,-14.5264,3.0518,1,466,894,0
25193929,1894,-0.1377,-0.0962,1.0352,7.0190,-15.3198,3.0518,1,466,900,0
25198942,1895,-0.1226,-0.0723,1.0498,6.8359,-15.0757,2.8687,1,466,894,0
25203922,1896,-0.1118,-0.0508,1.0522,6.1035,-14.0381,2.5635,1,466,899,0
25208944,1897,-0.1123,-0.0459,1.0474,5.1880,-13.0615,1.9531,1,466,895,0
25213922,1898,-0.1123,-0.0576,1.0449,4.6387,-12.8784,1.7700,1,493,900,0
25218926,1899,-0.1016,-0.0747,1.0459,4.3335,-12.1460,2.0142,1,493,904,0
25223930,1900,-0.0933,-0.0825,1.0454,4.2114,-10.2539,2.0142,1,479,815,0
25228928,1901,-0.0996,-0.0728,1.0410,4.0283,-8.9722,1.9531,1,493,833,0
25233924,1902,-0.1133,-0.0586,1.0312,3.6621,-8.3008,1.7090,1,503,877,0
25238929,1903,-0.1250,-0.0581,1.0156,3.1128,-7.9346,1.4038,1,486,865,0
25243927,1904,-0.1357,-0.0723,1.0000,3.0518,-8.3008,1.2817,1,490,841,0
25248922,1905,-0.1401,-0.0889,0.9922,3.2349,-9.0942,1.5259,1,501,840,0
25253925,1906,-0.1313,-0.0967,0.9966,3.7842,-9.8877,1.7090,1,504,829,0
25258922,1907,-0.1152,-0.0947,1.0078,4.1504,-9.7046,1.7700,1,478,831,0
25263922,1908,-0.1094,-0.0874,1.0137,4.5776,-8.7891,1.8921,1,483,855,0
25268929,1909,-0.1177,-0.0781,1.0088,4.6997,-8.6670,1.8921,1,466,874,0
25273926,1910,-0.1260,-0.0732,0.9976,4.7607,-9.2773,1.5869,1,466,879,0
25278929,1911,-0.1167,-0.0850,0.9966,5.0659,-9.2773,1.8921,1,466,886,0
25283924,1912,-0.1133,-0.1001,0.9897,5.9814,-8.7891,2.0752,1,466,877,0
25288928,1913,-0.1211,-0.1118,0.9805,6.9580,-8.6670,2.1973,1,466,874,0
25293925,1914,-0.1313,-0.1133,0.9805,8.1177,-9.4604,2.5635,1,466,880,0
25298925,1915,-0.1318,-0.0981,0.9956,9.0942,-10.4370,2.7466,1,466,883,0
25303930,1916,-0.1221,-0.0698,1.0200,9.0942,-10.7422,2.6245,1,466,903,0
25308953,1917,-0.1069,-0.0439,1.0371,8.6670,-10.6201,2.3193,1,466,896,0
25313938,1918,-0.0957,-0.0361,1.0381,7.9346,-9.6436,1.8921,1,466,904,0
25318927,1919,-0.0986,-0.0498,1.0278,7.4463,-8.7280,1.7090,1,493,876,0
25323930,1920,-0.1084,-0.0723,1.0142,7.5684,-8.7891,1.5869,1,497,880,0
25328929,1921,-0.1138,-0.0884,1.0034,8.2397,-9.0332,1.7090,1,466,807,0
25333927,1922,-0.1128,-0.0884,1.0010,8.8501,-9.3994,1.8921,1,491,862,0
25338924,1923,-0.1104,-0.0767,1.0034,9.3994,-9.5825,1.9531,1,494,882,0
25343924,1924,-0.1104,-0.0645,1.0049,9.7046,-9.6436,2.0142,1,484,844,0
25348925,1925,-0.1104,-0.0591,1.0059,9.6436,-9.8267,1.8921,1,490,830,0
25353929,1926,-0.1113,-0.0586,1.0107,9.5825,-9.9487,1.9531,1,499,840,0
25358922,1927,-0.1143,-0.0479,1.0254,9.5825,-10.3149,1.5869,1,497,842,0
25363926,1928,-0.1123,-0.0229,1.0459,8.5449,-11.0474,1.0986,1,479,853,0
25368924,1929,-0.0991,-0.0044,1.0615,6.8359,-11.0474,0.6104,1,484,881,0
25373922,1930,-0.0825,-0.0098,1.0669,5.1880,-10.2539,0.3052,1,466,890,0
25378928,1931,-0.0732,-0.0327,1.0596,4.2725,-9.0332,0.1831,1,466,889,0
25383928,1932,-0.0771,-0.0552,1.0410,4.2725,-7.9956,0.1221,1,465,882,0
25388928,1933,-0.0933,-0.0649,1.0181,4.2725,-7.6904,0.1221,1,466,877,0
25393926,1934,-0.1099,-0.0620,1.0020,4.3945,-8.3008,0.0000,1,466,871,0
25398926,1935,-0.1138,-0.0557,1.0068,4.3335,-9.3994,-0.1221,1,466,827,0
25403930,1936,-0.1011,-0.0488,1.0239,4.1504,-9.9487,0.0000,1,466,877,0
25408926,1937,-0.0850,-0.0454,1.0356,3.7231,-9.2163,0.0610,1,466,832,0
25413927,1938,-0.0820,-0.0479,1.0332,3.4180,-8.6060,0.0000,1,466,882,0
25418922,1939,-0.0889,-0.0537,1.0254,3.4180,-8.4229,-0.0610,1,466,831,0
25423923,1940,-0.0913,-0.0566,1.0225,3.3569,-8.7280,0.1221,1,466,873,0
25428931,1941,-0.0864,-0.0542,1.0244,3.4180,-8.4839,0.3052,1,493,833,0
25433926,1942,-0.0811,-0.0479,1.0283,3.2349,-7.6904,0.2441,1,478,789,0
25438930,1943,-0.0786,-0.0415,1.0332,2.9297,-6.8359,0.1221,1,486,856,0
25443925,1944,-0.0747,-0.0376,1.0396,2.5635,-6.2256,0.0610,1,481,842,0
25448927,1945,-0.0713,-0.0381,1.0439,1.8921,-5.3711,0.0610,1,494,835,0
25453923,1946,-0.0762,-0.0435,1.0386,1.6479,-4.5166,0.0000,1,498,828,0
25458923,1947,-0.0884,-0.0513,1.0229,1.4648,-4.2114,-0.1221,1,488,783,0
25463929,1948,-0.0986,-0.0571,1.0083,1.6479,-4.8218,-0.0610,1,493,830,0
25468923,1949,-0.1001,-0.0581,1.0034,1.7090,-5.4932,0.0000,1,478,859,0
25473929,1950,-0.0962,-0.0552,1.0063,1.8311,-5.8594,-0.0610,1,466,805,0
25478925,1951,-0.0928,-0.0532,1.0088,1.9531,-6.1646,0.0000,1,466,869,0
25483930,1952,-0.0918,-0.0562,1.0083,2.0142,-6.5308,0.0000,1,466,829,0
25488927,1953,-0.0908,-0.0615,1.0068,2.2583,-6.7139,-0.0610,1,466,823,0
25493927,1954,-0.0908,-0.0610,1.0068,2.6245,-7.0190,0.0000,1,466,879,0
25498922,1955,-0.0923,-0.0576,1.0073,2.8076,-7.5684,0.0610,1,466,831,0
25503925,1956,-0.0918,-0.0566,1.0098,2.9907,-8.1177,-0.0610,1,466,877,0
25508923,1957,-0.0874,-0.0552,1.0161,3.1128,-8.3008,-0.1831,1,466,873,0
25513926,1958,-0.0806,-0.0522,1.0210,3.0518,-8.3008,-0.1221,1,466,877,0
25518956,1959,-0.0811,-0.0537,1.0166,3.0518,-8.1177,-0.0610,1,466,893,0
25523938,1960,-0.0884,-0.0581,1.0073,3.1128,-8.6060,-0.2441,1,466,873,0
25528930,1961,-0.0879,-0.0581,1.0063,3.4180,-9.0942,-0.0610,1,493,879,0
25533929,1962,-0.0801,-0.0518,1.0166,3.4790,-8.9111,-0.1221,1,496,877,0
25538922,1963,-0.0742,-0.0425,1.0259,3.2349,-8.6060,-0.1221,1,465,787,0
25543928,1964,-0.0732,-0.0400,1.0273,2.7466,-8.3618,-0.1831,1,491,852,0
25548931,1965,-0.0728,-0.0459,1.0254,2.5024,-8.3008,-0.1221,1,496,881,0
25553925,1966,-0.0703,-0.0518,1.0264,2.5024,-7.9956,0.0000,1,503,828,0
25558929,1967,-0.0664,-0.0522,1.0278,2.5635,-7.3242,-0.1221,1,496,801,0
25563925,1968,-0.0674,-0.0508,1.0254,2.6855,-6.8359,-0.0610,1,477,834,0
25568928,1969,-0.0718,-0.0483,1.0229,2.6245,-6.5308,0.0610,1,505,828,0
25573927,1970,-0.0703,-0.0430,1.0269,2.5635,-6.2866,0.0610,1,499,829,0
25578925,1971,-0.0640,-0.0405,1.0337,2.3193,-5.7983,0.0000,1,483,854,0
25583923,1972,-0.0625,-0.0415,1.0352,2.0752,-5.0659,0.0000,1,466,834,0
25588922,1973,-0.0693,-0.0439,1.0259,1.8311,-4.3945,-0.2441,1,466,828,0
25593923,1974,-0.0776,-0.0483,1.0151,1.8311,-4.6387,-0.2441,1,466,881,0
25598922,1975,-0.0811,-0.0527,1.0117,2.1362,-5.0049,-0.0610,1,466,882,0
25603926,1976,-0.0786,-0.0552,1.0146,2.3193,-5.2490,-0.0610,1,466,874,0
25608927,1977,-0.0723,-0.0513,1.0225,2.3193,-5.4321,-0.0610,1,466,881,0
25613923,1978,-0.0630,-0.0430,1.0327,2.4414,-5.1880,-0.2441,1,465,879,0
25618928,1979,-0.0571,-0.0361,1.0391,2.1362,-4.3335,-0.2441,1,466,884,0
25623935,1980,-0.0596,-0.0366,1.0337,1.8921,-3.7231,-0.2441,1,466,884,0
25628926,1981,-0.0688,-0.0435,1.0205,1.7700,-3.7231,-0.3052,1,466,879,0
25633925,1982,-0.0762,-0.0493,1.0117,1.7700,-4.2114,-0.3662,1,493,875,0
25638924,1983,-0.0767,-0.0508,1.0122,1.9531,-4.5776,-0.3052,1,465,881,0
25643927,1984,-0.0708,-0.0474,1.0166,2.0752,-4.7607,-0.1831,1,491,874,0
25648928,1985,-0.0654,-0.0425,1.0215,2.0752,-4.6387,-0.3052,1,510,791,0
25653925,1986,-0.0635,-0.0415,1.0244,1.9531,-4.5166,-0.4272,1,482,869,0
25658925,1987,-0.0620,-0.0420,1.0264,1.9531,-4.4556,-0.3662,1,496,894,0
25663922,1988,-0.0591,-0.0405,1.0298,1.8311,-4.1504,-0.2441,1,505,838,0
25668927,1989,-0.0566,-0.0386,1.0327,1.5869,-3.6011,-0.4272,1,476,840,0
25673930,1990,-0.0586,-0.0405,1.0308,1.2817,-3.1128,-0.3052,1,489,832,0
25678922,1991,-0.0625,-0.0430,1.0278,1.2817,-3.2959,-0.1221,1,489,824,0
25683927,1992,-0.0620,-0.0420,1.0278,1.2817,-3.1738,-0.3052,1,511,828,0
25688926,1993,-0.0605,-0.0430,1.0278,1.1597,-2.6855,-0.2441,1,466,860,0
25693922,1994,-0.0610,-0.0449,1.0239,1.0376,-2.4414,-0.3052,1,466,881,0
25698926,1995,-0.0645,-0.0464,1.0181,1.1597,-2.4414,-0.3052,1,466,878,0
25703923,1996,-0.0684,-0.0454,1.0161,1.2817,-2.6855,-0.3052,1,466,870,0
25708924,1997,-0.0698,-0.0435,1.0190,1.2817,-2.8687,-0.2441,1,466,881,0
25713922,1998,-0.0664,-0.0435,1.0234,1.2207,-2.8687,-0.2441,1,466,881,0
25718927,1999,-0.0605,-0.0420,1.0259,1.2817,-2.6855,-0.2441,1,466,881,0
25723922,2000,-0.0581,-0.0400,1.0264,1.2207,-2.2583,-0.1831,1,466,881,0
25728925,2001,-0.0601,-0.0425,1.0249,0.9766,-2.0752,-0.3052,1,466,881,0
25733957,2002,-0.0625,-0.0464,1.0225,1.0376,-2.1362,-0.3662,1,466,864,0
25738926,2003,-0.0630,-0.0474,1.0215,1.2817,-2.1973,-0.2441,1,466,876,0
25743931,2004,-0.0615,-0.0439,1.0215,1.3428,-2.1362,-0.3662,1,493,877,0
25748924,2005,-0.0635,-0.0400,1.0205,1.2207,-2.1973,-0.4272,1,483,881,0
25753930,2006,-0.0645,-0.0396,1.0200,1.0376,-2.2583,-0.5493,1,492,790,0
25758929,2007,-0.0635,-0.0420,1.0215,1.1597,-2.3804,-0.4272,1,485,846,0
25763927,2008,-0.0605,-0.0435,1.0234,1.2817,-2.3193,-0.4272,1,498,870,0
25768930,2009,-0.0581,-0.0430,1.0239,1.2207,-2.1362,-0.3662,1,488,843,0
25773925,2010,-0.0571,-0.0396,1.0244,0.9766,-2.1973,-0.3662,1,492,853,0
25778924,2011,-0.0576,-0.0347,1.0239,0.7935,-1.8311,-0.2441,1,480,832,0
25783928,2012,-0.0601,-0.0347,1.0239,0.5493,-1.5869,-0.3662,1,487,829,0
25788928,2013,-0.0591,-0.0391,1.0269,0.3052,-1.4648,-0.3662,1,500,829,0
25793925,2014,-0.0547,-0.0396,1.0298,0.3052,-1.2817,-0.3662,1,483,851,0
25798927,2015,-0.0532,-0.0381,1.0293,0.1221,-0.9155,-0.3662,1,466,873,0
25803929,2016,-0.0547,-0.0400,1.0278,-0.0610,-0.5493,-0.3662,1,466,873,0
25808930,2017,-0.0566,-0.0435,1.0259,-0.1221,-0.3662,-0.4272,1,465,876,0
25813922,2018,-0.0591,-0.0435,1.0234,0.0610,-0.0610,-0.3662,1,466,876,0
25818928,2019,-0.0615,-0.0410,1.0210,0.0000,-0.0610,-0.3052,1,466,870,0
25823925,2020,-0.0625,-0.0410,1.0190,-0.1831,-0.1831,-0.3662,1,466,822,0
25828931,2021,-0.0615,-0.0435,1.0195,0.0000,-0.1221,-0.3662,1,466,878,0
25833924,2022,-0.0615,-0.0454,1.0205,0.3052,-0.2441,-0.2441,1,466,829,0
25838922,2023,-0.0635,-0.0444,1.0190,0.1221,-0.2441,-0.4272,1,466,878,0
25843924,2024,-0.0664,-0.0439,1.0156,0.1831,-0.4883,-0.4272,1,466,874,0
25848922,2025,-0.0674,-0.0449,1.0132,0.3662,-0.4883,-0.4272,1,493,879,0
25853927,2026,-0.0649,-0.0449,1.0142,0.5493,-0.8545,-0.4883,1,483,874,0
25858922,2027,-0.0615,-0.0430,1.0186,0.4883,-1.1597,-0.4883,1,493,784,0
25863924,2028,-0.0591,-0.0396,1.0225,0.4883,-0.9766,-0.4272,1,486,813,0
25868928,2029,-0.0581,-0.0381,1.0244,0.5493,-0.7935,-0.4272,1,492,868,0
25873925,2030,-0.0576,-0.0391,1.0234,0.4883,-0.7935,-0.4883,1,474,838,0
25878924,2031,-0.0571,-0.0410,1.0225,0.3662,-0.8545,-0.5493,1,496,841,0
25883924,2032,-0.0581,-0.0420,1.0220,0.3052,-0.8545,-0.4883,1,483,846,0
25888926,2033,-0.0581,-0.0425,1.0220,0.3052,-0.8545,-0.4272,1,491,822,0
25893930,2034,-0.0576,-0.0430,1.0220,0.3662,-0.7324,-0.4883,1,504,824,0
25898924,2035,-0.0591,-0.0435,1.0210,0.4272,-0.7324,-0.4272,1,483,829,0
25903924,2036,-0.0610,-0.0435,1.0200,0.6104,-0.6714,-0.4272,1,466,871,0
25908929,2037,-0.0605,-0.0430,1.0195,0.5493,-0.8545,-0.4272,1,465,870,0
25913923,2038,-0.0591,-0.0405,1.0205,0.4272,-0.9766,-0.6104,1,466,877,0
25918925,2039,-0.0586,-0.0386,1.0215,0.1831,-0.9766,-0.6714,1,466,869,0
25923923,2040,-0.0596,-0.0376,1.0215,0.0610,-0.9766,-0.4883,1,465,871,0
25928926,2041,-0.0596,-0.0391,1.0215,0.0000,-0.9766,-0.6104,1,466,868,0
25933927,2042,-0.0591,-0.0430,1.0215,0.2441,-0.9766,-0.5493,1,466,818,0
25938925,2043,-0.0601,-0.0449,1.0195,0.2441,-0.9155,-0.4883,1,466,872,0
25943923,2044,-0.0596,-0.0430,1.0195,0.3052,-1.1597,-0.4883,1,466,875,0
25948956,2045,-0.0571,-0.0410,1.0220,0.3662,-1.0986,-0.4272,1,466,870,0
25953945,2046,-0.0576,-0.0420,1.0220,0.2441,-0.9766,-0.5493,1,466,879,0
25958922,2047,-0.0596,-0.0420,1.0195,0.3052,-0.9766,-0.6104,1,493,877,0
25963923,2048,-0.0610,-0.0415,1.0181,0.3662,-1.0986,-0.4883,1,493,864,0
25968930,2049,-0.0610,-0.0410,1.0181,0.3662,-1.0986,-0.5493,1,479,763,0
25973925,2050,-0.0605,-0.0405,1.0200,0.3662,-1.3428,-0.4883,1,486,818,0
25978931,2051,-0.0586,-0.0405,1.0225,0.3662,-1.3428,-0.4272,1,491,833,0
25983929,2052,-0.0552,-0.0405,1.0254,0.1831,-1.2817,-0.4272,1,489,837,0
25988924,2053,-0.0527,-0.0400,1.0259,0.1221,-1.1597,-0.4272,1,476,838,0
25993926,2054,-0.0532,-0.0371,1.0225,0.2441,-1.0376,-0.4272,1,490,824,0
25998925,2055,-0.0581,-0.0361,1.0195,0.0000,-1.0986,-0.4883,1,489,831,0
26003926,2056,-0.0601,-0.0420,1.0210,-0.2441,-1.2817,-0.4272,1,498,787,0
26008923,2057,-0.0562,-0.0454,1.0244,0.1221,-1.0376,-0.3662,1,484,826,0
26013922,2058,-0.0542,-0.0420,1.0249,0.2441,-0.9155,-0.4272,1,465,876,0
26018929,2059,-0.0576,-0.0396,1.0210,-0.0610,-0.8545,-0.4272,1,466,878,0
26023931,2060,-0.0591,-0.0410,1.0176,0.0610,-1.1597,-0.3662,1,466,875,0
26028925,2061,-0.0566,-0.0400,1.0205,0.1221,-0.9766,-0.4883,1,466,870,0
26033929,2062,-0.0547,-0.0376,1.0234,-0.1221,-0.9155,-0.4883,1,466,869,0
26038926,2063,-0.0542,-0.0391,1.0239,-0.1831,-0.7935,-0.4272,1,466,874,0
26043923,2064,-0.0537,-0.0405,1.0244,-0.1221,-0.7324,-0.4272,1,466,875,0
26048924,2065,-0.0522,-0.0405,1.0249,-0.1221,-0.4272,-0.3052,1,466,878,0
26053924,2066,-0.0527,-0.0391,1.0234,-0.2441,-0.2441,-0.3662,1,465,873,0
26058922,2067,-0.0547,-0.0396,1.0220,-0.1831,-0.1831,-0.3052,1,466,880,0
26063922,2068,-0.0547,-0.0435,1.0220,-0.2441,-0.1831,-0.2441,1,493,872,0
26068926,2069,-0.0537,-0.0439,1.0225,-0.1221,-0.0610,-0.2441,1,483,877,0
26073931,2070,-0.0547,-0.0415,1.0234,-0.3052,0.1221,-0.3662,1,493,862,0
26078928,2071,-0.0566,-0.0415,1.0220,-0.3662,0.1831,-0.4272,1,512,785,0
26083928,2072,-0.0581,-0.0439,1.0190,-0.1831,0.3052,-0.3662,1,486,888,0
26088931,2073,-0.0576,-0.0454,1.0186,-0.1221,0.1831,-0.2441,1,474,838,0
26093928,2074,-0.0576,-0.0415,1.0205,-0.1831,0.1831,-0.1221,1,482,868,0
26098922,2075,-0.0542,-0.0400,1.0239,-0.1831,0.3052,-0.1831,1,493,803,0
26103930,2076,-0.0532,-0.0410,1.0244,-0.3052,0.4883,-0.3052,1,508,825,0
26108926,2077,-0.0562,-0.0415,1.0205,-0.3052,0.4272,-0.1221,1,496,821,0
26113929,2078,-0.0596,-0.0410,1.0176,-0.1221,0.3052,-0.1221,1,511,822,0
26118924,2079,-0.0596,-0.0405,1.0181,-0.2441,0.0610,-0.2441,1,466,861,0
26123925,2080,-0.0586,-0.0430,1.0195,-0.4272,0.0000,-0.4272,1,465,874,0
26128930,2081,-0.0576,-0.0444,1.0200,-0.3052,-0.0610,-0.2441,1,466,832,0
26133922,2082,-0.0576,-0.0430,1.0190,-0.1221,0.0610,-0.1221,1,466,873,0
26138928,2083,-0.0576,-0.0410,1.0190,-0.1221,0.0000,-0.2441,1,466,867,0
26143929,2084,-0.0566,-0.0415,1.0205,-0.1221,0.0000,-0.3052,1,466,828,0
26148925,2085,-0.0571,-0.0430,1.0210,-0.1221,0.0000,-0.3662,1,466,827,0
26153930,2086,-0.0591,-0.0425,1.0200,-0.0610,-0.1221,-0.3052,1,465,826,0
26158927,2087,-0.0586,-0.0425,1.0190,0.0610,-0.1831,-0.1831,1,466,861,0
26163927,2088,-0.0576,-0.0439,1.0195,0.0610,-0.2441,-0.1831,1,466,874,0
26168925,2089,-0.0571,-0.0439,1.0205,0.3052,-0.1831,-0.1831,1,466,880,0
26173923,2090,-0.0566,-0.0430,1.0205,0.1831,-0.1221,-0.2441,1,493,877,0
26178930,2091,-0.0571,-0.0439,1.0190,0.2441,-0.1831,-0.2441,1,480,864,0
26183924,2092,-0.0576,-0.0425,1.0195,0.3052,-0.2441,-0.2441,1,506,825,0
26188922,2093,-0.0552,-0.0396,1.0229,0.3662,-0.2441,-0.1831,1,474,884,0
26193926,2094,-0.0532,-0.0386,1.0244,0.2441,-0.1221,-0.1831,1,483,840,0
26198926,2095,-0.0562,-0.0405,1.0215,0.2441,0.0000,-0.2441,1,489,839,0
26203927,2096,-0.0596,-0.0430,1.0166,0.2441,-0.0610,-0.2441,1,498,799,0
26208931,2097,-0.0596,-0.0449,1.0151,0.3662,-0.1831,-0.2441,1,506,846,0
26213922,2098,-0.0557,-0.0439,1.0190,0.4272,-0.3662,-0.2441,1,479,835,0
26218923,2099,-0.0522,-0.0400,1.0249,0.2441,-0.3052,-0.2441,1,510,833,0
26223930,2100,-0.0522,-0.0381,1.0278,0.0610,-0.0610,-0.1831,1,466,858,0
26228929,2101,-0.0542,-0.0400,1.0269,0.0000,0.0610,-0.0610,1,466,872,0
26233923,2102,-0.0557,-0.0425,1.0234,0.0610,0.0000,-0.1221,1,465,821,0
26238926,2103,-0.0562,-0.0435,1.0205,0.1831,0.0000,-0.2441,1,466,823,0
26243930,2104,-0.0552,-0.0435,1.0200,0.1831,0.1831,-0.1831,1,466,829,0
26248925,2105,-0.0557,-0.0439,1.0205,0.2441,0.1221,-0.1831,1,466,876,0
26253928,2106,-0.0566,-0.0444,1.0200,0.2441,0.0610,-0.1221,1,466,876,0
26258927,2107,-0.0571,-0.0430,1.0195,0.3052,0.0000,-0.1221,1,466,872,0
26263926,2108,-0.0562,-0.0420,1.0205,0.4272,-0.0610,-0.1831,1,466,823,0
26268922,2109,-0.0566,-0.0425,1.0200,0.4272,0.0610,-0.3052,1,466,873,0
26273928,2110,-0.0576,-0.0425,1.0195,0.3662,0.0000,-0.3662,1,492,869,0
26278927,2111,-0.0571,-0.0420,1.0200,0.3662,-0.1831,-0.2441,1,484,831,0
26283922,2112,-0.0557,-0.0420,1.0220,0.6104,-0.0610,-0.2441,1,491,876,0
26288930,2113,-0.0557,-0.0420,1.0225,0.5493,-0.1221,-0.3052,1,482,810,0
26293928,2114,-0.0557,-0.0420,1.0220,0.4883,-0.1221,-0.1831,1,488,866,0
26298926,2115,-0.0562,-0.0425,1.0210,0.5493,-0.0610,-0.0610,1,478,830,0
26303925,2116,-0.0576,-0.0425,1.0190,0.5493,-0.1221,-0.2441,1,489,829,0
26308926,2117,-0.0596,-0.0405,1.0176,0.5493,-0.3052,-0.2441,1,503,873,0
26313929,2118,-0.0591,-0.0405,1.0190,0.4883,-0.3662,-0.3052,1,481,825,0
26318930,2119,-0.0571,-0.0425,1.0205,0.5493,-0.3662,-0.3052,1,491,820,0
26323930,2120,-0.0537,-0.0435,1.0225,0.6104,-0.3662,-0.3052,1,484,829,0
26328927,2121,-0.0522,-0.0425,1.0234,0.7324,-0.3662,-0.3052,1,466,870,0
26333929,2122,-0.0527,-0.0391,1.0234,0.6714,-0.2441,-0.2441,1,466,876,0
26338924,2123,-0.0537,-0.0381,1.0220,0.4883,-0.2441,-0.3052,1,465,878,0
26343929,2124,-0.0552,-0.0410,1.0200,0.4883,-0.1831,-0.2441,1,466,870,0
26348930,2125,-0.0566,-0.0439,1.0195,0.6714,-0.1831,-0.2441,1,466,874,0
26353930,2126,-0.0557,-0.0439,1.0215,0.6714,-0.1831,-0.1831,1,466,882,0
26358924,2127,-0.0522,-0.0410,1.0249,0.6104,-0.0610,-0.1831,1,466,877,0
26363924,2128,-0.0503,-0.0381,1.0264,0.6714,-0.0610,-0.3052,1,466,874,0
26368925,2129,-0.0522,-0.0371,1.0249,0.6104,0.1221,-0.3662,1,466,862,0
26373924,2130,-0.0547,-0.0396,1.0220,0.4883,0.1831,-0.3052,1,466,875,0
26378930,2131,-0.0552,-0.0405,1.0205,0.6104,0.0000,-0.2441,1,494,866,0
26383929,2132,-0.0547,-0.0400,1.0220,0.6714,0.0000,-0.3052,1,476,739,0
26388928,2133,-0.0537,-0.0396,1.0234,0.4272,0.1221,-0.4272,1,512,769,0
26393925,2134,-0.0537,-0.0400,1.0225,0.3662,0.0000,-0.3052,1,479,874,0
26398924,2135,-0.0552,-0.0400,1.0205,0.3662,0.0610,-0.2441,1,491,814,0
26403931,2136,-0.0557,-0.0396,1.0205,0.3052,0.0000,-0.3052,1,481,860,0
26408924,2137,-0.0537,-0.0400,1.0210,0.3052,0.0000,-0.3052,1,486,772,0
26413931,2138,-0.0518,-0.0405,1.0220,0.1831,0.0610,-0.3052,1,493,770,0
26418930,2139,-0.0527,-0.0396,1.0220,0.1831,0.0610,-0.2441,1,490,821,0
26423926,2140,-0.0542,-0.0396,1.0220,0.1831,0.0610,-0.3052,1,511,828,0
26428930,2141,-0.0542,-0.0391,1.0229,0.1831,0.2441,-0.1831,1,466,865,0
26433926,2142,-0.0532,-0.0386,1.0234,0.0610,0.2441,-0.1831,1,466,876,0
26438927,2143,-0.0532,-0.0391,1.0229,0.0610,0.2441,-0.1831,1,466,879,0
26443928,2144,-0.0542,-0.0410,1.0229,0.0000,0.4272,-0.3662,1,466,876,0
26448926,2145,-0.0552,-0.0415,1.0225,0.1221,0.2441,-0.3052,1,466,831,0
26453929,2146,-0.0542,-0.0410,1.0215,0.0610,0.1221,-0.3662,1,466,868,0
26458924,2147,-0.0542,-0.0405,1.0210,0.0610,0.4272,-0.3662,1,466,869,0
26463929,2148,-0.0566,-0.0410,1.0195,0.1831,0.2441,-0.3662,1,466,870,0
26468922,2149,-0.0571,-0.0425,1.0186,0.1831,0.2441,-0.4272,1,466,883,0
26473928,2150,-0.0566,-0.0425,1.0186,0.0610,0.1831,-0.3662,1,466,878,0
26478930,2151,-0.0562,-0.0405,1.0195,0.0610,0.1831,-0.3662,1,492,875,0
26483929,2152,-0.0547,-0.0386,1.0215,0.0610,0.1831,-0.4272,1,492,874,0
26488931,2153,-0.0547,-0.0386,1.0229,0.1221,0.2441,-0.3662,1,486,859,0
26493928,2154,-0.0557,-0.0400,1.0220,0.0610,0.1831,-0.2441,1,511,787,0
26498929,2155,-0.0566,-0.0405,1.0205,0.1221,0.1221,-0.3662,1,484,870,0
26503924,2156,-0.0562,-0.0405,1.0195,0.0000,0.0610,-0.3662,1,493,832,0
26508928,2157,-0.0547,-0.0405,1.0190,0.1831,0.0000,-0.3662,1,487,752,0
26513931,2158,-0.0547,-0.0405,1.0190,0.1831,-0.1221,-0.3662,1,483,782,0
26518929,2159,-0.0537,-0.0415,1.0210,0.1221,-0.1831,-0.3662,1,491,825,0
26523923,2160,-0.0537,-0.0425,1.0210,0.1831,-0.0610,-0.2441,1,497,828,0
26528922,2161,-0.0552,-0.0415,1.0186,0.1831,-0.0610,-0.3662,1,511,827,0
26533930,2162,-0.0557,-0.0405,1.0171,0.1831,-0.1831,-0.4272,1,466,873,0
26538922,2163,-0.0547,-0.0396,1.0190,0.3052,-0.1831,-0.4272,1,466,875,0
26543922,2164,-0.0547,-0.0391,1.0210,0.2441,-0.3052,-0.3662,1,465,874,0
26548926,2165,-0.0537,-0.0400,1.0220,0.0000,-0.2441,-0.4272,1,466,868,0
26553929,2166,-0.0532,-0.0410,1.0220,0.1221,-0.1831,-0.3052,1,466,831,0
26558926,2167,-0.0537,-0.0415,1.0200,0.3052,-0.2441,-0.3662,1,466,870,0
26563922,2168,-0.0542,-0.0410,1.0190,0.3052,-0.3662,-0.3662,1,466,877,0
26568924,2169,-0.0537,-0.0386,1.0205,0.2441,-0.2441,-0.3662,1,465,873,0
26573925,2170,-0.0537,-0.0371,1.0205,0.1221,-0.0610,-0.4272,1,466,882,0
26578944,2171,-0.0566,-0.0396,1.0181,0.0610,-0.1831,-0.3662,1,466,874,0
26583928,2172,-0.0566,-0.0410,1.0181,0.2441,-0.4272,-0.3052,1,466,874,0
26588922,2173,-0.0542,-0.0405,1.0205,0.1221,-0.3662,-0.4883,1,492,872,0
26593922,2174,-0.0532,-0.0400,1.0215,0.0000,-0.3662,-0.5493,1,489,858,0
26598929,2175,-0.0537,-0.0405,1.0210,-0.0610,-0.4272,-0.3662,1,511,771,0
26603923,2176,-0.0532,-0.0410,1.0220,0.1221,-0.3662,-0.3662,1,478,872,0
26608922,2177,-0.0522,-0.0410,1.0234,0.0610,-0.4272,-0.3662,1,490,836,0
26613924,2178,-0.0532,-0.0400,1.0225,0.0610,-0.3662,-0.3662,1,492,847,0
26618927,2179,-0.0547,-0.0400,1.0210,0.0610,-0.2441,-0.3662,1,477,870,0
26623923,2180,-0.0552,-0.0400,1.0186,0.0610,-0.2441,-0.3052,1,486,822,0
26628924,2181,-0.0542,-0.0391,1.0186,0.0000,-0.4883,-0.3052,1,494,819,0
26633922,2182,-0.0532,-0.0405,1.0205,0.0000,-0.4272,-0.2441,1,511,770,0
26638926,2183,-0.0537,-0.0420,1.0210,0.1221,-0.3662,-0.3052,1,466,831,0
26643930,2184,-0.0532,-0.0410,1.0225,0.1831,-0.6104,-0.2441,1,466,868,0
26648922,2185,-0.0513,-0.0396,1.0259,0.1221,-0.6104,-0.1831,1,466,875,0
26653926,2186,-0.0493,-0.0381,1.0269,0.0000,-0.1831,-0.3052,1,466,869,0
26658926,2187,-0.0503,-0.0376,1.0244,0.0000,0.0610,-0.2441,1,466,824,0
26663927,2188,-0.0542,-0.0386,1.0205,-0.0610,0.0000,-0.2441,1,466,826,0
26668927,2189,-0.0576,-0.0410,1.0181,0.0000,-0.1221,-0.3662,1,466,828,0
26673928,2190,-0.0562,-0.0425,1.0195,0.0000,-0.3052,-0.3052,1,466,826,0
26678931,2191,-0.0527,-0.0425,1.0220,0.0610,-0.0610,-0.3052,1,466,821,0
26683942,2192,-0.0527,-0.0420,1.0205,0.0610,0.0610,-0.3662,1,466,866,0
26688925,2193,-0.0552,-0.0415,1.0181,-0.1221,-0.0610,-0.4272,1,465,873,0
26693928,2194,-0.0562,-0.0405,1.0181,-0.0610,-0.1831,-0.3052,1,493,867,0
26698922,2195,-0.0557,-0.0400,1.0190,0.0610,-0.3052,-0.2441,1,483,811,0
26703926,2196,-0.0547,-0.0405,1.0190,0.1221,-0.3662,-0.3052,1,511,782,0
26708929,2197,-0.0547,-0.0410,1.0190,0.1221,-0.3662,-0.3052,1,486,873,0
26713928,2198,-0.0547,-0.0410,1.0195,0.1831,-0.3662,-0.3662,1,490,828,0
26718922,2199,-0.0542,-0.0391,1.0200,0.1221,-0.3662,-0.3052,1,489,840,0
26723930,2200,-0.0532,-0.0391,1.0210,0.0610,-0.4883,-0.2441,1,483,832,0
26728928,2201,-0.0513,-0.0420,1.0225,0.0000,-0.4883,-0.2441,1,504,821,0
26733930,2202,-0.0498,-0.0425,1.0220,0.1831,-0.2441,-0.2441,1,489,779,0
26738929,2203,-0.0518,-0.0405,1.0190,0.1831,-0.4272,-0.3662,1,507,832,0
26743925,2204,-0.0532,-0.0410,1.0195,0.1221,-0.4272,-0.2441,1,483,859,0
26748926,2205,-0.0537,-0.0410,1.0210,0.1831,-0.3052,-0.2441,1,466,875,0
26753927,2206,-0.0542,-0.0400,1.0220,0.1831,-0.3662,-0.2441,1,466,875,0
26758929,2207,-0.0527,-0.0396,1.0229,0.2441,-0.2441,-0.3662,1,466,876,0
26763922,2208,-0.0518,-0.0396,1.0244,0.4272,-0.2441,-0.3662,1,466,883,0
26768927,2209,-0.0513,-0.0391,1.0244,0.1221,-0.4272,-0.3662,1,466,879,0
26773925,2210,-0.0518,-0.0381,1.0229,0.1831,-0.3052,-0.3662,1,466,872,0
26778927,2211,-0.0532,-0.0381,1.0186,0.1221,-0.2441,-0.3052,1,465,873,0
26783931,2212,-0.0557,-0.0386,1.0146,0.0610,-0.4272,-0.2441,1,466,868,0
26788923,2213,-0.0537,-0.0400,1.0181,0.0610,-0.6714,-0.2441,1,466,876,0
26793955,2214,-0.0479,-0.0400,1.0254,0.1221,-0.4272,-0.2441,1,465,870,0
26798927,2215,-0.0474,-0.0376,1.0278,0.1221,-0.0610,-0.3052,1,466,870,0
26803922,2216,-0.0498,-0.0371,1.0254,-0.0610,0.0000,-0.1831,1,510,866,0
26808924,2217,-0.0513,-0.0391,1.0234,0.0000,-0.0610,-0.2441,1,493,747,0
26813925,2218,-0.0522,-0.0405,1.0215,0.0610,-0.1831,-0.2441,1,483,837,0
26818928,2219,-0.0527,-0.0396,1.0210,-0.0610,-0.1221,-0.3052,1,491,855,0
26823927,2220,-0.0518,-0.0391,1.0220,-0.1221,-0.0610,-0.3052,1,497,826,0
26828925,2221,-0.0513,-0.0396,1.0225,-0.1221,-0.0610,-0.2441,1,484,849,0
26833930,2222,-0.0522,-0.0396,1.0220,-0.1221,-0.1221,-0.3052,1,495,794,0
26838926,2223,-0.0542,-0.0396,1.0210,-0.0610,-0.1831,-0.3052,1,500,818,0
26843927,2224,-0.0542,-0.0400,1.0205,-0.2441,-0.3052,-0.2441,1,503,819,0
26848931,2225,-0.0508,-0.0410,1.0225,-0.1831,-0.3052,-0.1831,1,510,825,0
26853927,2226,-0.0488,-0.0415,1.0229,-0.1221,-0.1221,-0.2441,1,466,850,0
26858922,2227,-0.0483,-0.0405,1.0225,-0.1831,-0.1221,-0.2441,1,465,875,0
26863924,2228,-0.0488,-0.0396,1.0229,-0.1221,0.1221,-0.4272,1,466,876,0
26868922,2229,-0.0498,-0.0400,1.0234,-0.1221,0.1831,-0.2441,1,466,872,0
26873922,2230,-0.0503,-0.0410,1.0220,-0.1831,0.1221,-0.3052,1,466,876,0
26878929,2231,-0.0513,-0.0410,1.0200,-0.1221,0.1221,-0.3052,1,466,865,0
26883927,2232,-0.0518,-0.0405,1.0205,-0.1831,0.1831,-0.2441,1,466,862,0
26888930,2233,-0.0503,-0.0405,1.0210,-0.2441,0.1831,-0.3052,1,466,877,0
26893926,2234,-0.0503,-0.0420,1.0210,-0.1221,0.3052,-0.3052,1,466,870,0
26898950,2235,-0.0508,-0.0420,1.0229,0.0000,0.4272,-0.2441,1,466,858,0
26903927,2236,-0.0508,-0.0400,1.0249,0.0000,0.3052,-0.2441,1,465,828,0
26908930,2237,-0.0518,-0.0391,1.0239,-0.0610,0.3052,-0.1221,1,493,821,0
26913928,2238,-0.0508,-0.0396,1.0220,-0.0610,0.3662,-0.1831,1,493,852,0
26918925,2239,-0.0503,-0.0405,1.0205,0.0000,0.6104,-0.3052,1,512,860,0
26923930,2240,-0.0513,-0.0410,1.0195,-0.0610,0.6714,-0.3662,1,489,779,0
26928929,2241,-0.0532,-0.0410,1.0190,0.0000,0.5493,-0.3052,1,494,834,0
26933923,2242,-0.0547,-0.0405,1.0186,-0.0610,0.3052,-0.2441,1,501,816,0
26938925,2243,-0.0527,-0.0400,1.0210,0.0610,0.3052,-0.3662,1,494,792,0
26943931,2244,-0.0522,-0.0410,1.0210,0.0610,0.3052,-0.3662,1,479,820,0
26948922,2245,-0.0522,-0.0415,1.0205,0.0610,0.3052,-0.3052,1,497,822,0
26953922,2246,-0.0513,-0.0405,1.0215,-0.1221,0.3662,-0.2441,1,511,820,0
26958928,2247,-0.0493,-0.0405,1.0239,-0.1221,0.2441,-0.2441,1,465,872,0
26963922,2248,-0.0488,-0.0405,1.0244,0.0000,0.3662,-0.3662,1,466,878,0
26968927,2249,-0.0503,-0.0400,1.0225,0.0000,0.3662,-0.3662,1,466,832,0
26973927,2250,-0.0513,-0.0386,1.0210,0.0000,0.4272,-0.3662,1,466,827,0
26978927,2251,-0.0508,-0.0386,1.0205,-0.1221,0.3662,-0.2441,1,466,828,0
26983924,2252,-0.0518,-0.0396,1.0210,-0.1831,0.4883,-0.3052,1,466,871,0
26988927,2253,-0.0532,-0.0400,1.0215,-0.1221,0.4272,-0.2441,1,466,868,0
26993930,2254,-0.0527,-0.0400,1.0220,0.0000,0.4883,-0.3052,1,466,874,0
26998927,2255,-0.0508,-0.0405,1.0220,0.0000,0.4272,-0.3662,1,466,822,0
27003943,2256,-0.0498,-0.0420,1.0225,0.0000,0.5493,-0.3052,1,466,826,0
27008946,2257,-0.0508,-0.0415,1.0215,0.0610,0.6714,-0.3052,1,466,825,0
27013926,2258,-0.0527,-0.0391,1.0195,0.0610,0.6714,-0.3662,1,492,863,0
27018926,2259,-0.0537,-0.0396,1.0190,-0.0610,0.6714,-0.3662,1,466,859,0
27023924,2260,-0.0532,-0.0415,1.0195,0.0000,0.6104,-0.3052,1,508,862,0
27028924,2261,-0.0522,-0.0420,1.0205,0.0000,0.5493,-0.3052,1,477,787,0
27033923,2262,-0.0513,-0.0410,1.0205,0.1831,0.5493,-0.1831,1,486,795,0
27038928,2263,-0.0518,-0.0405,1.0205,0.0000,0.6104,-0.3052,1,495,838,0
27043923,2264,-0.0527,-0.0400,1.0195,-0.0610,0.4883,-0.3662,1,496,772,0
27048927,2265,-0.0532,-0.0400,1.0186,-0.0610,0.3662,-0.3052,1,506,843,0
27053930,2266,-0.0522,-0.0396,1.0190,0.0610,0.2441,-0.2441,1,502,823,0
27058923,2267,-0.0498,-0.0405,1.0215,0.0000,0.3052,-0.3052,1,500,828,0
27063925,2268,-0.0498,-0.0410,1.0234,0.0000,0.3052,-0.2441,1,483,775,0
27068927,2269,-0.0508,-0.0400,1.0220,0.0000,0.4883,-0.3052,1,466,827,0
27073926,2270,-0.0503,-0.0396,1.0205,-0.0610,0.4272,-0.2441,1,466,817,0
27078922,2271,-0.0498,-0.0405,1.0210,0.0000,0.3662,-0.2441,1,466,872,0
27083924,2272,-0.0513,-0.0405,1.0225,0.0610,0.4272,-0.2441,1,466,829,0
27088926,2273,-0.0527,-0.0396,1.0225,0.0000,0.5493,-0.3662,1,466,873,0
27093922,2274,-0.0532,-0.0400,1.0200,0.0000,0.5493,-0.3052,1,466,831,0
27098928,2275,-0.0532,-0.0415,1.0181,0.0610,0.5493,-0.4883,1,466,824,0
27103928,2276,-0.0522,-0.0410,1.0186,0.0610,0.4883,-0.3052,1,466,874,0
27108940,2277,-0.0513,-0.0381,1.0200,-0.0610,0.5493,-0.2441,1,466,867,0
27113973,2278,-0.0508,-0.0381,1.0215,-0.0610,0.3662,-0.3052,1,466,871,0
27118928,2279,-0.0498,-0.0415,1.0234,-0.0610,0.2441,-0.2441,1,466,864,0
27123926,2280,-0.0513,-0.0415,1.0220,0.3052,0.5493,-0.2441,1,511,881,0
27128927,2281,-0.0542,-0.0400,1.0200,0.1831,0.3662,-0.2441,1,506,862,0
27133922,2282,-0.0537,-0.0405,1.0210,-0.0610,0.3662,-0.3052,1,473,853,0
27138929,2283,-0.0527,-0.0405,1.0234,0.1831,0.3662,-0.3052,1,487,831,0
27143926,2284,-0.0513,-0.0396,1.0244,-0.0610,0.3052,-0.3662,1,487,838,0
27148923,2285,-0.0508,-0.0396,1.0225,-0.1831,0.3662,-0.3052,1,501,832,0
27153922,2286,-0.0522,-0.0405,1.0200,0.0000,0.3662,-0.3052,1,510,838,0
27158929,2287,-0.0537,-0.0420,1.0195,0.0610,0.1831,-0.2441,1,494,778,0
27163927,2288,-0.0527,-0.0439,1.0186,0.0610,0.1831,-0.3052,1,509,830,0
27168927,2289,-0.0518,-0.0430,1.0186,0.0610,0.3052,-0.1831,1,466,852,0
27173928,2290,-0.0508,-0.0396,1.0195,0.0610,0.3662,-0.2441,1,466,866,0
27178928,2291,-0.0518,-0.0386,1.0200,-0.1221,0.3662,-0.3052,1,466,872,0
27183930,2292,-0.0537,-0.0396,1.0195,0.1221,0.3052,-0.2441,1,465,867,0
27188930,2293,-0.0547,-0.0405,1.0181,0.1221,0.1831,-0.1221,1,466,871,0
27193922,2294,-0.0566,-0.0405,1.0156,0.0000,0.0000,-0.2441,1,466,864,0
27198925,2295,-0.0557,-0.0381,1.0146,0.0000,-0.3052,-0.3052,1,465,785,0
27203930,2296,-0.0532,-0.0376,1.0205,0.0000,-0.1221,-0.3662,1,466,821,0
27208929,2297,-0.0518,-0.0420,1.0254,0.1221,0.0610,-0.1831,1,466,827,0
27213929,2298,-0.0518,-0.0435,1.0234,0.2441,0.1831,-0.1831,1,466,866,0
27218924,2299,-0.0518,-0.0410,1.0215,0.1221,-0.1831,-0.2441,1,493,877,0
27223922,2300,-0.0493,-0.0391,1.0234,0.2441,0.0000,-0.1831,1,510,872,0
27228926,2301,-0.0503,-0.0386,1.0220,0.0610,0.1831,-0.1831,1,491,749,0
27233923,2302,-0.0508,-0.0400,1.0210,-0.0610,0.0610,-0.2441,1,511,787,0
27238929,2303,-0.0498,-0.0405,1.0215,0.0610,0.0610,-0.2441,1,491,825,0
27243922,2304,-0.0513,-0.0386,1.0210,0.1221,0.1831,-0.1221,1,496,833,0
27248922,2305,-0.0532,-0.0376,1.0195,0.0610,0.0610,-0.1831,1,493,827,0
27253927,2306,-0.0527,-0.0396,1.0181,0.0000,0.0000,-0.1831,1,499,843,0
27258925,2307,-0.0527,-0.0410,1.0181,0.0610,0.0000,-0.1831,1,503,733,0
27263924,2308,-0.0522,-0.0410,1.0205,0.0000,0.0000,-0.2441,1,506,778,0
27268930,2309,-0.0513,-0.0400,1.0229,-0.0610,0.0000,-0.2441,1,484,737,0
27273922,2310,-0.0503,-0.0396,1.0239,0.0000,0.0610,-0.1831,1,465,826,0
27278928,2311,-0.0498,-0.0396,1.0239,0.0610,0.1221,-0.1221,1,466,825,0
27283927,2312,-0.0508,-0.0400,1.0220,0.0610,0.1831,-0.1831,1,466,867,0
27288930,2313,-0.0518,-0.0405,1.0205,0.0000,0.1221,-0.2441,1,466,868,0
27293924,2314,-0.0518,-0.0410,1.0195,0.1221,0.1831,-0.1831,1,465,826,0
27298924,2315,-0.0508,-0.0400,1.0210,0.0610,0.2441,-0.0610,1,465,875,0
27303926,2316,-0.0513,-0.0396,1.0220,0.0000,0.1221,-0.1221,1,466,864,0
27308927,2317,-0.0518,-0.0400,1.0210,0.0610,0.2441,-0.3052,1,466,820,0
27313956,2318,-0.0522,-0.0410,1.0200,0.0610,0.2441,-0.1831,1,466,864,0
27318922,2319,-0.0518,-0.0410,1.0220,0.0610,0.2441,-0.1831,1,466,875,0
27323930,2320,-0.0508,-0.0410,1.0220,0.1221,0.3052,-0.2441,1,510,871,0
27328930,2321,-0.0508,-0.0400,1.0215,0.1221,0.3052,-0.1831,1,474,854,0
27333929,2322,-0.0508,-0.0381,1.0210,0.0610,0.1221,-0.2441,1,511,780,0
27338928,2323,-0.0508,-0.0386,1.0220,-0.1221,0.3662,-0.1831,1,478,897,0
27343923,2324,-0.0513,-0.0410,1.0229,-0.0610,0.3662,-0.1831,1,489,830,0
27348930,2325,-0.0518,-0.0415,1.0229,0.0610,0.2441,-0.1221,1,506,845,0
27353928,2326,-0.0518,-0.0405,1.0229,0.0000,0.2441,-0.1831,1,508,870,0
27358922,2327,-0.0513,-0.0405,1.0234,0.0000,0.4883,-0.3662,1,494,785,0
27363930,2328,-0.0518,-0.0400,1.0215,-0.1221,0.5493,-0.2441,1,502,782,0
27368930,2329,-0.0562,-0.0400,1.0166,-0.1831,0.4883,-0.2441,1,511,824,0
27373929,2330,-0.0542,-0.0435,1.0205,-0.2441,-0.1221,-0.2441,1,466,874,0
27378929,2331,-0.0483,-0.0454,1.0269,0.0000,0.5493,-0.2441,1,465,875,0
27383923,2332,-0.0532,-0.0405,1.0205,0.2441,0.8545,-0.2441,1,466,833,0
27388925,2333,-0.0571,-0.0386,1.0176,-0.1831,0.0000,-0.3662,1,466,877,0
27393925,2334,-0.0532,-0.0405,1.0210,-0.0610,0.4883,-0.3052,1,466,832,0
27398927,2335,-0.0522,-0.0391,1.0210,-0.0610,0.6714,-0.3052,1,465,867,0
27403929,2336,-0.0527,-0.0386,1.0210,-0.1831,0.3662,-0.3052,1,466,864,0
27408930,2337,-0.0513,-0.0400,1.0225,-0.1221,0.4272,-0.3052,1,466,873,0
27413927,2338,-0.0508,-0.0415,1.0234,-0.0610,0.6714,-0.3662,1,466,866,0
27418952,2339,-0.0518,-0.0415,1.0220,-0.1221,0.6714,-0.2441,1,466,872,0
27423925,2340,-0.0513,-0.0410,1.0215,-0.1221,0.6104,-0.2441,1,466,870,0
27428929,2341,-0.0513,-0.0410,1.0210,0.0610,0.6104,-0.3052,1,510,868,0
27433927,2342,-0.0513,-0.0410,1.0210,0.0000,0.6104,-0.1831,1,489,789,0
27438930,2343,-0.0508,-0.0415,1.0225,-0.0610,0.6714,-0.1831,1,511,801,0
27443930,2344,-0.0513,-0.0415,1.0239,-0.0610,0.6104,-0.2441,1,486,880,0
27448928,2345,-0.0527,-0.0396,1.0229,0.0000,0.7324,-0.1831,1,493,834,0
27453929,2346,-0.0522,-0.0396,1.0229,-0.1831,0.6714,-0.2441,1,510,803,0
27458929,2347,-0.0508,-0.0425,1.0229,-0.1221,0.6714,-0.1221,1,491,849,0
27463924,2348,-0.0527,-0.0410,1.0186,0.1221,0.8545,-0.2441,1,496,818,0
27468927,2349,-0.0518,-0.0396,1.0186,-0.1831,0.5493,-0.3052,1,501,824,0
27473930,2350,-0.0503,-0.0396,1.0229,-0.1221,0.7935,-0.3052,1,511,824,0
27478923,2351,-0.0518,-0.0381,1.0239,-0.0610,0.9155,-0.2441,1,466,867,0
27483931,2352,-0.0518,-0.0391,1.0210,-0.1831,0.6714,-0.2441,1,466,873,0
27488925,2353,-0.0513,-0.0410,1.0200,-0.1221,0.8545,-0.3052,1,466,870,0
27493923,2354,-0.0532,-0.0410,1.0200,-0.0610,0.8545,-0.1221,1,466,863,0
27498929,2355,-0.0537,-0.0405,1.0215,-0.1831,0.9155,-0.3052,1,466,868,0
27503924,2356,-0.0518,-0.0415,1.0234,-0.1831,0.7935,-0.2441,1,466,873,0
27508927,2357,-0.0508,-0.0420,1.0225,-0.0610,0.7935,-0.1831,1,466,879,0
27513923,2358,-0.0532,-0.0415,1.0205,-0.0610,0.8545,-0.1221,1,466,869,0
27518931,2359,-0.0562,-0.0400,1.0195,-0.0610,0.5493,-0.1831,1,466,870,0
27523924,2360,-0.0557,-0.0400,1.0205,-0.2441,0.4883,-0.3662,1,466,874,0
27528924,2361,-0.0542,-0.0410,1.0200,-0.1221,0.6104,-0.3052,1,509,873,0
27533924,2362,-0.0532,-0.0425,1.0200,-0.1221,0.6714,-0.2441,1,478,851,0
27538929,2363,-0.0518,-0.0420,1.0215,-0.1831,0.6714,-0.3052,1,511,780,0
27543924,2364,-0.0527,-0.0400,1.0205,-0.1221,0.7324,-0.2441,1,491,876,0
27548922,2365,-0.0552,-0.0405,1.0181,-0.1221,0.6104,-0.2441,1,483,834,0
27553929,2366,-0.0552,-0.0420,1.0181,0.0000,0.3662,-0.3052,1,504,857,0
27558930,2367,-0.0537,-0.0420,1.0205,0.0610,0.4272,-0.2441,1,502,774,0
27563925,2368,-0.0537,-0.0405,1.0215,-0.0610,0.4883,-0.3052,1,508,828,0
27568927,2369,-0.0532,-0.0396,1.0210,0.0000,0.4272,-0.3052,1,494,820,0
27573923,2370,-0.0537,-0.0396,1.0205,0.0610,0.5493,-0.3052,1,511,777,0
27578925,2371,-0.0542,-0.0405,1.0195,0.0610,0.4883,-0.2441,1,466,872,0
27583923,2372,-0.0542,-0.0410,1.0195,-0.0610,0.4883,-0.4272,1,466,873,0
27588928,2373,-0.0527,-0.0400,1.0210,0.0610,0.4883,-0.3662,1,466,872,0
27593927,2374,-0.0513,-0.0396,1.0225,0.0610,0.5493,-0.2441,1,465,870,0
27598929,2375,-0.0522,-0.0400,1.0234,-0.1221,0.4883,-0.3662,1,466,873,0
27603929,2376,-0.0537,-0.0405,1.0225,-0.1831,0.3662,-0.3662,1,466,872,0
27608929,2377,-0.0537,-0.0410,1.0220,-0.1831,0.5493,-0.2441,1,466,880,0
27613927,2378,-0.0522,-0.0420,1.0215,-0.1831,0.6714,-0.3052,1,466,880,0
27618923,2379,-0.0522,-0.0430,1.0200,-0.1221,0.5493,-0.2441,1,466,872,0
27623952,2380,-0.0532,-0.0430,1.0195,-0.1221,0.4883,-0.3662,1,466,874,0
27628925,2381,-0.0542,-0.0420,1.0210,-0.0610,0.4272,-0.2441,1,466,872,0
27633930,2382,-0.0552,-0.0425,1.0210,0.0000,0.4883,-0.2441,1,510,871,0
27638922,2383,-0.0557,-0.0425,1.0195,0.0610,0.4272,-0.3052,1,487,750,0
27643926,2384,-0.0547,-0.0420,1.0195,0.0000,0.4272,-0.1221,1,482,812,0
27648924,2385,-0.0532,-0.0405,1.0200,0.0000,0.3052,-0.1831,1,491,786,0
27653930,2386,-0.0522,-0.0410,1.0195,-0.0610,0.3662,-0.3052,1,481,795,0
27658924,2387,-0.0527,-0.0415,1.0190,-0.0610,0.4883,-0.2441,1,510,842,0
27663928,2388,-0.0547,-0.0396,1.0190,0.0610,0.3662,-0.3052,1,498,846,0
27668929,2389,-0.0547,-0.0391,1.0195,-0.1221,0.4272,-0.3052,1,503,820,0
27673922,2390,-0.0532,-0.0400,1.0200,-0.1831,0.3662,-0.4272,1,501,818,0
27678930,2391,-0.0522,-0.0410,1.0210,0.0000,0.1831,-0.3052,1,483,829,0
27683930,2392,-0.0518,-0.0410,1.0205,0.0000,0.2441,-0.3052,1,466,824,0
27688927,2393,-0.0522,-0.0410,1.0205,-0.1831,0.3052,-0.2441,1,466,823,0
27693927,2394,-0.0537,-0.0420,1.0210,-0.2441,0.3662,-0.3052,1,466,874,0
27698926,2395,-0.0527,-0.0430,1.0210,-0.0610,0.3662,-0.3052,1,466,873,0
27703931,2396,-0.0503,-0.0425,1.0215,0.0610,0.3052,-0.3662,1,466,869,0
27708922,2397,-0.0513,-0.0405,1.0205,0.0000,0.3662,-0.2441,1,466,866,0
27713927,2398,-0.0552,-0.0391,1.0181,-0.1221,0.2441,-0.3052,1,466,831,0
27718924,2399,-0.0566,-0.0396,1.0181,-0.1831,0.0610,-0.3662,1,466,862,0
27723940,2400,-0.0532,-0.0410,1.0210,-0.1221,0.2441,-0.3662,1,466,873,0
27728922,2401,-0.0503,-0.0415,1.0225,-0.0610,0.2441,-0.2441,1,466,872,0
27733927,2402,-0.0508,-0.0400,1.0220,-0.2441,0.1831,-0.3052,1,510,872,0
27738929,2403,-0.0522,-0.0396,1.0225,-0.3052,0.0610,-0.3662,1,479,811,0
27743925,2404,-0.0532,-0.0405,1.0229,-0.3052,0.2441,-0.3052,1,512,750,0
27748931,2405,-0.0527,-0.0420,1.0234,-0.1221,0.1831,-0.3052,1,479,893,0
27753926,2406,-0.0513,-0.0425,1.0229,-0.0610,0.3052,-0.2441,1,482,833,0
27758924,2407,-0.0518,-0.0410,1.0215,0.0000,0.3052,-0.3052,1,506,840,0
27763926,2408,-0.0527,-0.0410,1.0200,-0.0610,0.3052,-0.4272,1,494,771,0
27768925,2409,-0.0527,-0.0430,1.0210,-0.1221,0.2441,-0.3052,1,500,822,0
27773931,2410,-0.0527,-0.0435,1.0220,0.0000,0.3052,-0.2441,1,502,820,0
27778923,2411,-0.0527,-0.0420,1.0210,0.1221,0.3052,-0.3052,1,511,778,0
27783926,2412,-0.0537,-0.0405,1.0195,0.1831,0.1831,-0.2441,1,466,863,0
27788927,2413,-0.0547,-0.0410,1.0186,0.1831,0.3052,-0.2441,1,466,882,0
27793922,2414,-0.0542,-0.0425,1.0181,0.1221,0.1221,-0.3052,1,466,871,0
27798926,2415,-0.0542,-0.0425,1.0186,0.0610,0.1831,-0.4883,1,466,858,0
27803930,2416,-0.0547,-0.0425,1.0190,0.0610,0.1831,-0.3052,1,466,870,0
27808924,2417,-0.0537,-0.0425,1.0220,0.1221,0.2441,-0.3052,1,466,866,0
27813930,2418,-0.0537,-0.0415,1.0220,0.1221,0.2441,-0.1831,1,466,869,0
27818922,2419,-0.0527,-0.0396,1.0215,0.1221,0.1831,-0.3052,1,466,876,0
27823928,2420,-0.0522,-0.0391,1.0220,0.0000,0.1221,-0.2441,1,466,869,0
27828924,2421,-0.0527,-0.0410,1.0215,0.0000,0.1831,-0.2441,1,466,823,0
27833926,2422,-0.0537,-0.0410,1.0215,-0.0610,0.1831,-0.3052,1,466,831,0
27838922,2423,-0.0537,-0.0405,1.0215,-0.0610,0.2441,-0.2441,1,467,858,0
27843922,2424,-0.0527,-0.0410,1.0215,-0.0610,0.2441,-0.2441,1,511,865,0
27848926,2425,-0.0527,-0.0410,1.0225,0.1221,0.3052,-0.1831,1,478,883,0
27853923,2426,-0.0537,-0.0391,1.0225,0.1221,0.0610,-0.2441,1,486,831,0
27858922,2427,-0.0547,-0.0405,1.0210,0.0610,0.1221,-0.2441,1,509,829,0
27863927,2428,-0.0542,-0.0435,1.0195,0.0610,0.0610,-0.3052,1,499,791,0
27868931,2429,-0.0527,-0.0454,1.0200,0.0610,0.1221,-0.2441,1,499,819,0
27873925,2430,-0.0522,-0.0444,1.0205,0.0000,0.1831,-0.2441,1,501,825,0
27878930,2431,-0.0522,-0.0415,1.0200,0.0610,0.1221,-0.2441,1,511,787,0
27883927,2432,-0.0527,-0.0410,1.0186,0.0000,0.0610,-0.2441,1,466,870,0
27888926,2433,-0.0542,-0.0420,1.0176,0.1221,-0.0610,-0.0610,1,466,827,0
27893927,2434,-0.0557,-0.0425,1.0181,0.1221,-0.0610,-0.1831,1,466,863,0
27898927,2435,-0.0557,-0.0435,1.0200,0.0610,-0.1221,-0.2441,1,465,867,0
27903929,2436,-0.0547,-0.0430,1.0210,0.2441,0.0610,-0.1831,1,466,868,0
27908927,2437,-0.0532,-0.0425,1.0205,0.3052,0.0610,-0.1831,1,466,870,0
27913923,2438,-0.0522,-0.0420,1.0205,0.1831,0.0000,-0.1221,1,466,871,0
27918929,2439,-0.0503,-0.0415,1.0225,0.2441,-0.0610,-0.2441,1,466,830,0
27923928,2440,-0.0498,-0.0415,1.0234,0.3052,0.0000,-0.2441,1,466,874,0
27928958,2441,-0.0513,-0.0410,1.0220,0.1221,0.1831,-0.3052,1,466,829,0
27933923,2442,-0.0532,-0.0410,1.0210,0.1221,0.0610,-0.2441,1,466,866,0
27938929,2443,-0.0547,-0.0410,1.0220,0.2441,0.1221,-0.1221,1,511,868,0
27943927,2444,-0.0537,-0.0410,1.0225,0.1831,0.1221,-0.1221,1,500,855,0
27948926,2445,-0.0527,-0.0410,1.0225,0.1221,0.0610,-0.1831,1,469,868,0
27953929,2446,-0.0518,-0.0410,1.0215,0.1831,0.2441,-0.1831,1,481,832,0
27958927,2447,-0.0522,-0.0405,1.0190,0.1831,0.0610,-0.1831,1,496,837,0
27963926,2448,-0.0527,-0.0410,1.0176,0.2441,0.0000,-0.1831,1,507,865,0
27968923,2449,-0.0537,-0.0425,1.0176,0.3662,-0.1221,-0.1831,1,491,784,0
27973925,2450,-0.0532,-0.0425,1.0195,0.4272,-0.1221,-0.1831,1,499,827,0
27978928,2451,-0.0518,-0.0415,1.0234,0.4272,-0.0610,-0.1831,1,510,828,0
27983927,2452,-0.0518,-0.0410,1.0249,0.3662,0.0610,-0.1831,1,466,875,0
27988929,2453,-0.0542,-0.0405,1.0225,0.3052,0.0610,-0.2441,1,466,872,0
27993924,2454,-0.0557,-0.0405,1.0190,0.2441,0.0610,-0.1831,1,466,867,0
27998922,2455,-0.0552,-0.0415,1.0186,0.3052,-0.0610,-0.1831,1,466,874,0
28003925,2456,-0.0537,-0.0420,1.0200,0.3052,-0.1221,-0.1831,1,466,869,0
28008927,2457,-0.0518,-0.0415,1.0225,0.3052,-0.0610,-0.1221,1,466,868,0
28013926,2458,-0.0513,-0.0400,1.0244,0.3052,-0.0610,-0.1831,1,466,865,0
28018929,2459,-0.0518,-0.0386,1.0229,0.2441,-0.1221,-0.2441,1,466,870,0
28023929,2460,-0.0527,-0.0386,1.0205,0.2441,0.0000,-0.2441,1,465,876,0
28028941,2461,-0.0537,-0.0386,1.0195,0.2441,0.1221,-0.1831,1,466,830,0
28033926,2462,-0.0532,-0.0391,1.0210,0.1831,0.1221,-0.2441,1,466,876,0
28038929,2463,-0.0518,-0.0391,1.0229,0.1221,0.0000,-0.2441,1,509,868,0
28043929,2464,-0.0503,-0.0405,1.0234,0.1221,0.1221,-0.3052,1,475,749,0
28048925,2465,-0.0498,-0.0420,1.0229,0.0610,0.1221,-0.1831,1,512,780,0
28053922,2466,-0.0503,-0.0415,1.0225,0.1221,0.2441,-0.3052,1,497,870,0
28058930,2467,-0.0508,-0.0420,1.0215,0.0610,0.3052,-0.2441,1,501,827,0
28063927,2468,-0.0518,-0.0430,1.0210,0.0610,0.3662,-0.3052,1,504,856,0
28068928,2469,-0.0527,-0.0415,1.0210,0.1221,0.1221,-0.1831,1,495,817,0
28073927,2470,-0.0527,-0.0396,1.0220,0.0000,0.0610,-0.2441,1,500,823,0
28078930,2471,-0.0527,-0.0400,1.0215,0.0000,0.1831,-0.1221,1,504,780,0
28083927,2472,-0.0518,-0.0425,1.0205,-0.0610,0.1831,-0.1831,1,510,778,0
28088923,2473,-0.0522,-0.0425,1.0195,0.1831,0.1221,-0.2441,1,466,872,0
28093923,2474,-0.0527,-0.0400,1.0200,0.1221,0.0610,-0.1831,1,465,877,0
28098926,2475,-0.0522,-0.0386,1.0215,0.0610,0.1221,-0.2441,1,466,868,0
28103923,2476,-0.0518,-0.0396,1.0220,0.1831,0.1831,-0.2441,1,466,873,0
28108924,2477,-0.0522,-0.0410,1.0210,0.0610,0.0610,-0.2441,1,466,876,0
28113930,2478,-0.0532,-0.0410,1.0210,0.1221,0.1831,-0.3052,1,466,872,0
28118925,2479,-0.0532,-0.0405,1.0210,0.1221,-0.0610,-0.3052,1,466,868,0
28123924,2480,-0.0518,-0.0405,1.0215,0.1221,-0.1221,-0.2441,1,466,865,0
28128934,2481,-0.0508,-0.0400,1.0215,0.1831,0.0000,-0.3052,1,466,868,0
28133929,2482,-0.0503,-0.0405,1.0205,0.1831,0.0000,-0.2441,1,466,818,0
28138927,2483,-0.0508,-0.0410,1.0200,0.0610,0.1831,-0.2441,1,510,826,0
28143930,2484,-0.0513,-0.0410,1.0215,0.1831,0.1221,-0.3662,1,481,857,0
28148926,2485,-0.0503,-0.0400,1.0220,0.1221,0.0610,-0.2441,1,512,790,0
28153929,2486,-0.0508,-0.0400,1.0225,0.1221,0.0000,-0.2441,1,496,861,0
28158924,2487,-0.0522,-0.0405,1.0229,0.1221,0.1221,-0.2441,1,479,809,0
28163922,2488,-0.0532,-0.0396,1.0225,0.1221,0.1831,-0.2441,1,504,864,0
28168930,2489,-0.0542,-0.0386,1.0225,0.0610,0.0610,-0.4272,1,495,844,0
28173927,2490,-0.0532,-0.0391,1.0234,0.0000,0.0000,-0.2441,1,499,821,0
28178928,2491,-0.0508,-0.0391,1.0239,0.0610,0.1831,-0.1831,1,504,736,0
28183923,2492,-0.0498,-0.0386,1.0234,0.0000,0.2441,-0.3052,1,511,823,0
28188923,2493,-0.0508,-0.0396,1.0220,-0.1221,0.3052,-0.3052,1,466,827,0
28193926,2494,-0.0527,-0.0405,1.0205,-0.0610,0.3662,-0.1831,1,465,860,0
28198927,2495,-0.0542,-0.0400,1.0200,-0.0610,0.3052,-0.1831,1,466,876,0
28203929,2496,-0.0537,-0.0386,1.0205,0.0000,0.1831,-0.2441,1,466,865,0
28208922,2497,-0.0527,-0.0386,1.0210,-0.0610,0.2441,-0.3052,1,466,832,0
28213925,2498,-0.0513,-0.0400,1.0210,-0.1221,0.4272,-0.3052,1,466,869,0
28218923,2499,-0.0503,-0.0405,1.0215,-0.1221,0.3052,-0.2441,1,466,864,0
28223923,2500,-0.0508,-0.0405,1.0205,-0.1831,0.3662,-0.3052,1,465,867,0
28228927,2501,-0.0532,-0.0420,1.0166,0.0000,0.4272,-0.3052,1,465,870,0
28233971,2502,-0.0552,-0.0430,1.0156,-0.0610,0.3052,-0.3662,1,466,826,0
28238930,2503,-0.0542,-0.0420,1.0181,-0.0610,0.1221,-0.2441,1,466,869,0
28243930,2504,-0.0527,-0.0420,1.0205,-0.0610,0.1221,-0.2441,1,510,866,0
28248923,2505,-0.0527,-0.0415,1.0215,0.0610,0.0610,-0.3052,1,500,860,0
28253927,2506,-0.0513,-0.0420,1.0210,0.0000,-0.0610,-0.3052,1,469,865,0
28258927,2507,-0.0503,-0.0415,1.0205,0.1221,-0.1221,-0.1831,1,495,779,0
28263926,2508,-0.0508,-0.0400,1.0215,0.1221,0.0610,-0.3052,1,489,837,0
28268928,2509,-0.0513,-0.0400,1.0234,0.0610,0.0610,-0.3662,1,500,829,0
28273927,2510,-0.0518,-0.0420,1.0239,0.1221,0.1221,-0.2441,1,506,840,0
28278925,2511,-0.0518,-0.0430,1.0229,0.0610,0.1221,-0.3052,1,489,822,0
28283930,2512,-0.0513,-0.0420,1.0229,0.0610,0.1221,-0.4272,1,511,817,0
28288926,2513,-0.0513,-0.0405,1.0229,0.1221,0.1221,-0.3052,1,466,823,0
28293923,2514,-0.0513,-0.0400,1.0229,-0.0610,0.1831,-0.1831,1,466,863,0
28298930,2515,-0.0518,-0.0410,1.0229,-0.0610,0.0610,-0.3052,1,466,874,0
28303929,2516,-0.0513,-0.0405,1.0244,0.0610,0.1221,-0.4272,1,466,868,0
28308929,2517,-0.0522,-0.0391,1.0229,0.0610,0.3052,-0.4272,1,466,872,0
28313925,2518,-0.0522,-0.0400,1.0210,-0.1221,0.1831,-0.3662,1,466,869,0
28318922,2519,-0.0518,-0.0430,1.0215,-0.1221,0.1831,-0.3052,1,466,872,0
28323923,2520,-0.0527,-0.0420,1.0225,0.1221,-0.0610,-0.3052,1,466,866,0
28328931,2521,-0.0493,-0.0386,1.0269,0.0000,-0.1831,-0.1831,1,466,865,0
28333926,2522,-0.0469,-0.0361,1.0293,-0.3052,0.5493,-0.3662,1,466,831,0
28338968,2523,-0.0503,-0.0356,1.0234,-0.2441,0.6714,-0.3662,1,466,871,0
28343928,2524,-0.0522,-0.0396,1.0205,-0.3662,0.2441,-0.3662,1,466,876,0
28348924,2525,-0.0513,-0.0420,1.0220,-0.1831,0.4272,-0.3052,1,511,880,0
28353926,2526,-0.0518,-0.0415,1.0225,-0.1221,0.3662,-0.2441,1,508,858,0
28358922,2527,-0.0503,-0.0415,1.0220,-0.3662,0.2441,-0.3052,1,467,871,0
28363923,2528,-0.0493,-0.0425,1.0205,-0.1221,0.3662,-0.2441,1,507,880,0
28368925,2529,-0.0513,-0.0415,1.0205,-0.1221,0.3662,-0.3052,1,491,836,0
28373930,2530,-0.0513,-0.0415,1.0225,-0.1831,0.2441,-0.2441,1,496,830,0
28378926,2531,-0.0498,-0.0430,1.0220,-0.1831,0.4272,-0.2441,1,497,849,0
28383922,2532,-0.0498,-0.0435,1.0210,-0.0610,0.3662,-0.1831,1,505,832,0
28388930,2533,-0.0508,-0.0425,1.0210,-0.0610,0.3662,-0.2441,1,506,825,0
28393930,2534,-0.0527,-0.0415,1.0186,-0.0610,0.4883,-0.3662,1,510,822,0
28398930,2535,-0.0547,-0.0420,1.0171,-0.1221,0.3052,-0.3052,1,466,873,0
28403924,2536,-0.0542,-0.0430,1.0186,0.0610,0.2441,-0.3662,1,466,858,0
28408930,2537,-0.0532,-0.0425,1.0210,0.1221,0.1831,-0.2441,1,466,871,0
28413928,2538,-0.0527,-0.0410,1.0225,0.0000,0.1831,-0.3052,1,466,874,0
28418928,2539,-0.0527,-0.0405,1.0215,0.0000,0.1221,-0.2441,1,466,825,0
28423928,2540,-0.0532,-0.0410,1.0215,0.0610,0.3052,-0.3052,1,466,826,0
28428928,2541,-0.0532,-0.0410,1.0215,0.1831,0.2441,-0.2441,1,466,867,0
28433922,2542,-0.0518,-0.0415,1.0205,0.2441,0.1831,-0.1831,1,465,880,0
28438925,2543,-0.0503,-0.0410,1.0215,0.1831,0.1831,-0.2441,1,466,878,0
28443933,2544,-0.0503,-0.0386,1.0225,0.1831,0.3052,-0.3662,1,466,875,0
28448927,2545,-0.0513,-0.0381,1.0225,0.0610,0.2441,-0.1831,1,466,867,0
28453930,2546,-0.0503,-0.0405,1.0229,0.0610,0.2441,-0.2441,1,510,869,0
28458929,2547,-0.0498,-0.0415,1.0249,0.0610,0.3662,-0.3052,1,466,862,0
28463925,2548,-0.0498,-0.0405,1.0249,0.0610,0.5493,-0.2441,1,500,862,0
28468925,2549,-0.0513,-0.0400,1.0229,0.0000,0.4883,-0.3052,1,469,869,0
28473923,2550,-0.0522,-0.0420,1.0210,0.1221,0.3662,-0.1831,1,499,782,0
28478930,2551,-0.0527,-0.0430,1.0200,0.0610,0.4883,-0.2441,1,509,833,0
28483930,2552,-0.0527,-0.0410,1.0205,0.0000,0.3662,-0.2441,1,508,832,0
28488922,2553,-0.0527,-0.0400,1.0210,0.0000,0.3052,-0.3052,1,509,785,0
28493922,2554,-0.0522,-0.0396,1.0210,0.0610,0.4272,-0.2441,1,505,772,0
28498924,2555,-0.0508,-0.0391,1.0215,0.0000,0.4272,-0.2441,1,505,826,0
28503928,2556,-0.0503,-0.0400,1.0210,-0.0610,0.4272,-0.1831,1,510,776,0
28508928,2557,-0.0518,-0.0410,1.0210,0.0000,0.4883,-0.3662,1,466,866,0
28513924,2558,-0.0537,-0.0405,1.0220,0.0000,0.4883,-0.3052,1,465,825,0
28518923,2559,-0.0532,-0.0396,1.0225,-0.1221,0.2441,-0.3052,1,466,823,0
28523929,2560,-0.0518,-0.0410,1.0215,-0.0610,0.3052,-0.2441,1,466,872,0
28528930,2561,-0.0508,-0.0415,1.0200,0.0000,0.3662,-0.2441,1,465,868,0
28533922,2562,-0.0513,-0.0415,1.0200,0.0000,0.3052,-0.1831,1,466,827,0
28538927,2563,-0.0518,-0.0420,1.0200,0.0000,0.3052,-0.2441,1,466,824,0
28543929,2564,-0.0518,-0.0415,1.0205,0.0000,0.1831,-0.2441,1,466,822,0
28548930,2565,-0.0518,-0.0405,1.0220,0.0000,0.2441,-0.3662,1,466,830,0
28553955,2566,-0.0518,-0.0396,1.0225,-0.1221,0.3052,-0.3052,1,466,826,0
28558928,2567,-0.0508,-0.0391,1.0229,-0.0610,0.3052,-0.2441,1,466,862,0
28563926,2568,-0.0518,-0.0400,1.0220,-0.0610,0.3052,-0.1221,1,509,864,0
28568926,2569,-0.0537,-0.0415,1.0205,-0.0610,0.1831,-0.2441,1,480,849,0
28573923,2570,-0.0532,-0.0410,1.0205,-0.1221,0.3662,-0.3052,1,511,812,0
28578927,2571,-0.0513,-0.0415,1.0205,-0.0610,0.3052,-0.1831,1,500,879,0
28583927,2572,-0.0503,-0.0420,1.0200,0.0000,0.3052,-0.3052,1,505,831,0
28588924,2573,-0.0518,-0.0420,1.0205,0.0000,0.3662,-0.1221,1,509,806,0
28593922,2574,-0.0522,-0.0415,1.0225,0.0610,0.4272,-0.1831,1,495,777,0
28598927,2575,-0.0518,-0.0405,1.0229,-0.1221,0.3662,-0.2441,1,509,829,0
28603930,2576,-0.0522,-0.0396,1.0210,-0.0610,0.2441,-0.3052,1,489,828,0
28608922,2577,-0.0537,-0.0400,1.0200,0.0000,0.3052,-0.2441,1,510,822,0
28613925,2578,-0.0537,-0.0415,1.0200,-0.0610,0.4272,-0.2441,1,466,822,0
28618925,2579,-0.0518,-0.0430,1.0215,0.0000,0.4272,-0.2441,1,466,876,0
28623926,2580,-0.0513,-0.0430,1.0220,-0.0610,0.4272,-0.2441,1,466,827,0
28628923,2581,-0.0513,-0.0410,1.0215,-0.0610,0.4272,-0.1831,1,466,873,0
28633929,2582,-0.0503,-0.0405,1.0215,0.0610,0.3052,-0.1831,1,466,872,0
28638926,2583,-0.0503,-0.0410,1.0215,0.1831,0.4272,-0.3052,1,466,865,0
28643922,2584,-0.0518,-0.0405,1.0215,0.0610,0.4272,-0.1831,1,466,869,0
28648927,2585,-0.0527,-0.0405,1.0220,-0.1221,0.3052,-0.1831,1,466,871,0
28653924,2586,-0.0527,-0.0400,1.0225,-0.0610,0.3052,-0.2441,1,466,870,0
28658946,2587,-0.0522,-0.0410,1.0215,-0.1221,0.4883,-0.1831,1,465,869,0
28663969,2588,-0.0527,-0.0415,1.0215,-0.1221,0.6104,-0.1831,1,466,871,0
28668930,2589,-0.0537,-0.0415,1.0215,-0.0610,0.5493,-0.1831,1,466,871,0
28673927,2590,-0.0532,-0.0405,1.0229,-0.1831,0.4883,-0.1221,1,466,866,0
28678928,2591,-0.0513,-0.0405,1.0244,-0.1221,0.4883,-0.2441,1,511,863,0
28683923,2592,-0.0498,-0.0400,1.0244,-0.2441,0.4883,-0.1831,1,481,881,0
28688928,2593,-0.0508,-0.0400,1.0220,-0.1221,0.6714,-0.2441,1,493,848,0
28693931,2594,-0.0532,-0.0415,1.0205,0.0000,0.4883,-0.1831,1,494,835,0
28698928,2595,-0.0547,-0.0425,1.0200,-0.1831,0.5493,-0.2441,1,497,783,0
28703929,2596,-0.0537,-0.0420,1.0195,-0.1221,0.5493,-0.2441,1,506,828,0
28708927,2597,-0.0527,-0.0400,1.0190,-0.0610,0.4272,-0.1831,1,490,830,0
28713922,2598,-0.0513,-0.0400,1.0195,-0.1221,0.3662,-0.1831,1,509,828,0
28718926,2599,-0.0513,-0.0420,1.0210,0.0610,0.4883,-0.1831,1,466,870,0
28723927,2600,-0.0537,-0.0420,1.0205,0.0610,0.5493,-0.1831,1,466,868,0
28728927,2601,-0.0557,-0.0415,1.0190,-0.0610,0.4272,-0.1831,1,466,876,0
28733930,2602,-0.0552,-0.0420,1.0186,-0.0610,0.3052,-0.3052,1,466,876,0
28738925,2603,-0.0537,-0.0415,1.0200,0.0610,0.3052,-0.1221,1,466,862,0
28743927,2604,-0.0522,-0.0410,1.0220,0.0610,0.2441,-0.2441,1,466,866,0
28748930,2605,-0.0522,-0.0415,1.0234,0.0610,0.2441,-0.3052,1,466,876,0
28753928,2606,-0.0518,-0.0410,1.0234,0.1221,0.2441,-0.2441,1,466,875,0
28758927,2607,-0.0518,-0.0405,1.0215,-0.0610,0.2441,-0.2441,1,466,875,0
28763924,2608,-0.0532,-0.0415,1.0190,0.0000,0.3662,-0.1831,1,466,873,0
28768973,2609,-0.0532,-0.0415,1.0186,0.0610,0.2441,-0.1221,1,466,832,0
28773928,2610,-0.0527,-0.0415,1.0215,0.0610,0.1221,-0.2441,1,466,872,0
28778926,2611,-0.0518,-0.0425,1.0239,0.1831,0.1831,-0.3052,1,466,860,0
28783922,2612,-0.0522,-0.0415,1.0229,0.2441,0.1831,-0.2441,1,512,860,0
28788925,2613,-0.0532,-0.0400,1.0205,0.1221,0.3052,-0.1221,1,491,825,0
28793922,2614,-0.0527,-0.0410,1.0210,0.0610,0.1831,-0.1831,1,493,824,0
28798926,2615,-0.0518,-0.0425,1.0220,0.1831,0.1831,-0.1831,1,500,843,0
28803922,2616,-0.0532,-0.0410,1.0215,0.1831,0.1221,-0.1831,1,504,864,0
28808929,2617,-0.0537,-0.0405,1.0210,0.0610,0.1831,-0.1831,1,494,827,0
28813930,2618,-0.0527,-0.0410,1.0215,0.0000,0.3052,-0.1831,1,494,827,0
28818924,2619,-0.0522,-0.0420,1.0215,0.0610,0.2441,-0.1831,1,510,779,0
28823930,2620,-0.0532,-0.0415,1.0205,0.1221,0.3052,-0.1831,1,466,872,0
28828923,2621,-0.0537,-0.0410,1.0205,0.0610,0.3052,-0.2441,1,466,869,0
28833928,2622,-0.0547,-0.0410,1.0205,0.0610,0.2441,-0.2441,1,466,872,0
28838928,2623,-0.0542,-0.0410,1.0200,0.1221,0.0610,-0.2441,1,466,873,0
28843928,2624,-0.0527,-0.0400,1.0200,0.1221,0.2441,-0.1831,1,466,866,0
28848927,2625,-0.0513,-0.0391,1.0200,0.1221,0.3052,-0.2441,1,466,873,0
28853923,2626,-0.0518,-0.0400,1.0195,0.1831,0.2441,-0.1831,1,466,862,0
28858925,2627,-0.0532,-0.0410,1.0195,0.1221,0.2441,-0.3052,1,466,878,0
28863931,2628,-0.0542,-0.0405,1.0215,0.0610,0.1831,-0.2441,1,466,872,0
28868930,2629,-0.0527,-0.0405,1.0225,0.0000,0.1831,-0.1831,1,466,872,0
28873970,2630,-0.0518,-0.0410,1.0215,0.0000,0.3662,-0.2441,1,466,830,0
28878926,2631,-0.0518,-0.0410,1.0205,0.0610,0.2441,-0.3052,1,465,829,0
28883927,2632,-0.0522,-0.0420,1.0205,0.1831,0.2441,-0.2441,1,466,856,0
28888923,2633,-0.0518,-0.0425,1.0210,0.1221,0.2441,-0.1831,1,512,867,0
28893929,2634,-0.0522,-0.0415,1.0220,0.0610,0.1831,-0.1221,1,489,866,0
28898923,2635,-0.0527,-0.0410,1.0225,0.1831,0.3662,-0.1221,1,509,843,0
28903923,2636,-0.0532,-0.0405,1.0225,0.1831,0.3052,-0.2441,1,502,843,0
28908925,2637,-0.0542,-0.0410,1.0220,0.0610,0.2441,-0.2441,1,492,865,0
28913927,2638,-0.0537,-0.0405,1.0210,0.1831,0.1831,-0.3052,1,499,826,0
28918925,2639,-0.0527,-0.0400,1.0200,0.0610,0.1221,-0.3052,1,506,825,0
28923928,2640,-0.0522,-0.0410,1.0205,0.0610,0.2441,-0.3662,1,510,816,0
28928924,2641,-0.0527,-0.0415,1.0200,0.0610,0.1831,-0.3662,1,466,874,0
28933924,2642,-0.0537,-0.0405,1.0195,0.0000,0.1831,-0.3052,1,466,874,0
28938927,2643,-0.0532,-0.0396,1.0205,0.0610,0.0610,-0.3052,1,466,828,0
28943930,2644,-0.0527,-0.0396,1.0210,0.0610,0.1221,-0.1831,1,466,867,0
28948922,2645,-0.0513,-0.0400,1.0210,0.1221,0.1831,-0.3052,1,466,868,0
28953928,2646,-0.0503,-0.0420,1.0210,0.0610,0.1831,-0.3052,1,466,863,0
28958925,2647,-0.0513,-0.0430,1.0220,0.1221,0.1221,-0.3052,1,466,863,0
28963922,2648,-0.0532,-0.0420,1.0229,0.1831,0.1831,-0.3052,1,466,863,0
28968922,2649,-0.0542,-0.0410,1.0229,0.1831,0.0610,-0.1221,1,466,875,0
28973938,2650,-0.0532,-0.0405,1.0220,0.0000,0.1221,-0.1831,1,466,870,0
28978928,2651,-0.0527,-0.0420,1.0215,-0.1221,0.1831,-0.1831,1,466,826,0
28983925,2652,-0.0518,-0.0425,1.0220,0.0000,0.0610,-0.2441,1,510,872,0
28988929,2653,-0.0508,-0.0420,1.0229,0.0610,0.1831,-0.2441,1,483,723,0
28993926,2654,-0.0508,-0.0405,1.0229,0.0000,0.3662,-0.3662,1,511,860,0
28998929,2655,-0.0508,-0.0400,1.0220,-0.0610,0.2441,-0.1831,1,470,790,0
29003923,2656,-0.0518,-0.0405,1.0215,0.0610,0.2441,-0.1831,1,499,830,0
29008922,2657,-0.0522,-0.0400,1.0225,0.1221,0.3662,-0.3052,1,491,834,0
29013928,2658,-0.0513,-0.0396,1.0225,0.1221,0.4272,-0.1831,1,499,865,0
29018924,2659,-0.0508,-0.0405,1.0215,-0.0610,0.3662,-0.1831,1,502,824,0
29023922,2660,-0.0508,-0.0415,1.0215,-0.0610,0.2441,-0.1831,1,489,823,0
29028926,2661,-0.0513,-0.0415,1.0220,0.0000,0.3052,-0.1221,1,510,826,0
29033928,2662,-0.0522,-0.0410,1.0215,-0.0610,0.3052,-0.1831,1,466,774,0
29038929,2663,-0.0518,-0.0415,1.0205,-0.0610,0.3662,-0.3662,1,466,868,0
29043931,2664,-0.0513,-0.0415,1.0205,0.0610,0.4272,-0.3052,1,466,875,0
29048924,2665,-0.0508,-0.0410,1.0210,0.0000,0.3662,-0.3662,1,466,869,0
29053928,2666,-0.0513,-0.0415,1.0205,-0.0610,0.3662,-0.3052,1,466,824,0
29058922,2667,-0.0518,-0.0420,1.0200,-0.0610,0.3662,-0.1831,1,466,870,0
29063929,2668,-0.0513,-0.0425,1.0195,-0.0610,0.4272,-0.2441,1,466,870,0
29068931,2669,-0.0522,-0.0420,1.0195,0.0000,0.4272,-0.2441,1,466,875,0
29073927,2670,-0.0527,-0.0410,1.0200,-0.0610,0.4272,-0.1831,1,466,832,0
29078925,2671,-0.0518,-0.0405,1.0200,0.0000,0.2441,-0.2441,1,466,874,0
29083926,2672,-0.0503,-0.0410,1.0205,0.0610,0.4272,-0.4272,1,466,828,0
29088928,2673,-0.0498,-0.0415,1.0215,0.0000,0.3662,-0.2441,1,466,869,0
29093923,2674,-0.0513,-0.0405,1.0225,0.0000,0.3662,-0.1831,1,467,820,0
29098923,2675,-0.0532,-0.0405,1.0220,0.0000,0.4272,-0.3052,1,512,739,0
29103927,2676,-0.0537,-0.0400,1.0200,-0.1221,0.4883,-0.3662,1,511,851,0
29108928,2677,-0.0532,-0.0396,1.0195,-0.0610,0.5493,-0.2441,1,501,839,0
29113922,2678,-0.0527,-0.0405,1.0205,-0.0610,0.5493,-0.2441,1,510,840,0
29118925,2679,-0.0522,-0.0410,1.0220,-0.0610,0.5493,-0.3052,1,501,865,0
29123929,2680,-0.0527,-0.0405,1.0220,-0.0610,0.6104,-0.3052,1,504,862,0
29128923,2681,-0.0537,-0.0396,1.0215,-0.0610,0.6104,-0.1831,1,507,819,0
29133926,2682,-0.0537,-0.0400,1.0215,-0.0610,0.5493,-0.3662,1,487,825,0
29138925,2683,-0.0527,-0.0410,1.0205,-0.1221,0.5493,-0.1831,1,510,827,0
29143924,2684,-0.0522,-0.0410,1.0200,0.0000,0.5493,-0.1221,1,466,875,0
29148929,2685,-0.0518,-0.0415,1.0195,0.0610,0.5493,-0.1221,1,466,825,0
29153925,2686,-0.0518,-0.0410,1.0200,-0.0610,0.4883,-0.3052,1,466,872,0
29158922,2687,-0.0518,-0.0410,1.0205,-0.1221,0.5493,-0.1831,1,465,864,0
29163928,2688,-0.0508,-0.0415,1.0210,0.0610,0.4272,-0.2441,1,466,872,0
29168925,2689,-0.0503,-0.0425,1.0215,0.0610,0.4883,-0.1831,1,466,870,0
29173927,2690,-0.0508,-0.0430,1.0215,0.1221,0.6104,-0.1831,1,465,869,0
29178927,2691,-0.0513,-0.0435,1.0210,0.0610,0.6104,-0.2441,1,465,864,0
29183927,2692,-0.0522,-0.0425,1.0200,0.0000,0.5493,-0.3052,1,465,867,0
29188955,2693,-0.0532,-0.0420,1.0205,0.0000,0.5493,-0.3662,1,466,823,0
29193924,2694,-0.0527,-0.0420,1.0220,0.0000,0.4272,-0.1831,1,466,830,0
29198925,2695,-0.0527,-0.0420,1.0215,0.1221,0.4272,-0.3052,1,511,829,0
29203930,2696,-0.0532,-0.0420,1.0195,0.0610,0.4883,-0.2441,1,467,856,0
29208927,2697,-0.0527,-0.0415,1.0186,0.1221,0.3662,-0.1221,1,511,863,0
29213923,2698,-0.0527,-0.0405,1.0190,0.1221,0.4272,-0.2441,1,481,892,0
29218925,2699,-0.0527,-0.0400,1.0205,0.0610,0.5493,-0.3052,1,493,836,0
29223923,2700,-0.0518,-0.0400,1.0210,0.0000,0.4272,-0.1831,1,499,852,0
29228925,2701,-0.0513,-0.0400,1.0205,0.0610,0.3662,-0.1831,1,489,778,0
29233926,2702,-0.0527,-0.0410,1.0200,0.0610,0.4883,-0.3052,1,491,824,0
29238929,2703,-0.0542,-0.0415,1.0195,0.0610,0.5493,-0.3662,1,494,819,0
29243926,2704,-0.0537,-0.0410,1.0205,0.0610,0.3662,-0.2441,1,510,829,0
29248922,2705,-0.0532,-0.0396,1.0205,0.0000,0.2441,-0.2441,1,466,873,0
29253924,2706,-0.0527,-0.0400,1.0195,0.0610,0.2441,-0.3052,1,466,831,0
29258929,2707,-0.0513,-0.0420,1.0215,0.0610,0.3662,-0.2441,1,466,872,0
29263928,2708,-0.0518,-0.0430,1.0234,0.0610,0.5493,-0.3662,1,466,875,0
29268926,2709,-0.0537,-0.0405,1.0205,0.1221,0.5493,-0.3052,1,466,874,0
29273927,2710,-0.0532,-0.0400,1.0190,-0.0610,0.3052,-0.3052,1,465,870,0
29278926,2711,-0.0518,-0.0415,1.0215,0.0000,0.4272,-0.3662,1,466,865,0
29283926,2712,-0.0518,-0.0410,1.0225,0.1221,0.4272,-0.3052,1,466,829,0
29288923,2713,-0.0522,-0.0410,1.0210,0.0610,0.3662,-0.2441,1,466,866,0
29293924,2714,-0.0522,-0.0415,1.0186,0.1221,0.4272,-0.1831,1,466,874,0
29298922,2715,-0.0552,-0.0396,1.0186,0.2441,0.3662,-0.1221,1,465,875,0
29303925,2716,-0.0562,-0.0386,1.0220,0.0610,0.0610,-0.3052,1,510,870,0
29308922,2717,-0.0537,-0.0415,1.0234,0.1221,0.5493,-0.4272,1,492,852,0
29313927,2718,-0.0542,-0.0430,1.0215,0.2441,0.4272,-0.3662,1,465,900,0
29318930,2719,-0.0522,-0.0415,1.0205,0.1831,0.3662,-0.3052,1,491,836,0
29323926,2720,-0.0503,-0.0396,1.0205,0.1831,0.6104,-0.1831,1,497,837,0
29328925,2721,-0.0532,-0.0391,1.0195,0.1831,0.3662,-0.3052,1,490,839,0
29333928,2722,-0.0557,-0.0386,1.0200,0.1221,0.2441,-0.2441,1,476,826,0
29338922,2723,-0.0552,-0.0386,1.0205,0.1221,0.1831,-0.3052,1,499,824,0
29343922,2724,-0.0542,-0.0396,1.0190,0.1831,0.2441,-0.2441,1,505,819,0
29348923,2725,-0.0537,-0.0410,1.0186,0.0610,0.1831,-0.2441,1,466,829,0
29353926,2726,-0.0532,-0.0410,1.0205,0.1831,0.1221,-0.1221,1,466,872,0
29358927,2727,-0.0527,-0.0410,1.0225,0.1831,0.2441,-0.2441,1,466,871,0
29363930,2728,-0.0537,-0.0410,1.0215,0.1831,0.2441,-0.3052,1,466,879,0
29368922,2729,-0.0542,-0.0410,1.0190,0.1831,0.2441,-0.2441,1,466,875,0
29373930,2730,-0.0542,-0.0410,1.0190,0.0000,0.1831,-0.2441,1,466,878,0
29378928,2731,-0.0542,-0.0410,1.0220,-0.0610,0.2441,-0.2441,1,465,830,0
29383922,2732,-0.0547,-0.0415,1.0234,0.0000,0.3052,-0.1221,1,466,873,0
29388922,2733,-0.0537,-0.0415,1.0220,0.0000,0.4272,-0.1221,1,465,823,0
29393944,2734,-0.0527,-0.0410,1.0205,0.0000,0.3662,-0.2441,1,466,826,0
29398947,2735,-0.0532,-0.0405,1.0210,0.0610,0.3662,-0.2441,1,466,830,0
29403930,2736,-0.0542,-0.0410,1.0220,0.0610,0.4272,-0.3052,1,466,872,0
29408929,2737,-0.0532,-0.0420,1.0225,0.0000,0.1831,-0.2441,1,493,864,0
29413927,2738,-0.0527,-0.0430,1.0225,0.0610,0.2441,-0.1221,1,511,762,0
29418923,2739,-0.0527,-0.0425,1.0220,0.0610,0.3662,-0.3052,1,482,840,0
29423923,2740,-0.0532,-0.0410,1.0205,0.0000,0.4272,-0.3052,1,499,830,0
29428924,2741,-0.0532,-0.0400,1.0195,0.0610,0.4883,-0.3052,1,507,795,0
29433929,2742,-0.0537,-0.0410,1.0190,0.1831,0.3052,-0.2441,1,496,859,0
29438925,2743,-0.0537,-0.0420,1.0205,0.1221,0.3052,-0.1831,1,476,856,0
29443929,2744,-0.0537,-0.0415,1.0220,0.1221,0.3662,-0.2441,1,508,821,0
29448923,2745,-0.0532,-0.0400,1.0215,0.1831,0.3662,-0.1831,1,510,828,0
29453927,2746,-0.0532,-0.0396,1.0200,0.1221,0.3662,-0.2441,1,466,876,0
29458924,2747,-0.0527,-0.0396,1.0205,0.0000,0.3052,-0.3052,1,466,873,0
29463923,2748,-0.0532,-0.0405,1.0215,0.1221,0.3052,-0.2441,1,466,821,0
29468930,2749,-0.0542,-0.0410,1.0220,0.1221,0.3052,-0.1831,1,466,871,0
29473930,2750,-0.0537,-0.0415,1.0215,0.0000,0.3052,-0.3052,1,466,867,0
29478922,2751,-0.0537,-0.0420,1.0200,0.1221,0.3052,-0.3052,1,466,824,0
29483925,2752,-0.0532,-0.0415,1.0200,0.1221,0.3052,-0.2441,1,465,863,0
29488922,2753,-0.0532,-0.0405,1.0205,0.0000,0.3662,-0.3052,1,466,870,0
29493934,2754,-0.0547,-0.0410,1.0210,0.0610,0.4272,-0.3052,1,466,825,0
29498943,2755,-0.0542,-0.0415,1.0220,0.0610,0.3052,-0.1831,1,466,865,0
29503930,2756,-0.0532,-0.0410,1.0215,0.0610,0.2441,-0.2441,1,466,867,0
29508930,2757,-0.0527,-0.0410,1.0195,0.0000,0.3052,-0.2441,1,511,875,0
29513926,2758,-0.0537,-0.0420,1.0186,0.0000,0.3052,-0.3052,1,502,760,0
29518924,2759,-0.0547,-0.0420,1.0200,0.0610,0.3662,-0.1831,1,475,781,0
29523930,2760,-0.0532,-0.0415,1.0215,0.0610,0.3052,-0.1831,1,509,831,0
29528926,2761,-0.0522,-0.0410,1.0220,0.0000,0.4272,-0.3662,1,494,834,0
29533924,2762,-0.0527,-0.0405,1.0215,0.1221,0.4883,-0.3052,1,507,784,0
29538924,2763,-0.0532,-0.0396,1.0215,0.0610,0.3052,-0.1831,1,476,819,0
29543927,2764,-0.0518,-0.0396,1.0225,0.0610,0.3052,-0.2441,1,503,823,0
29548928,2765,-0.0518,-0.0405,1.0220,0.0610,0.3052,-0.1831,1,510,820,0
29553922,2766,-0.0527,-0.0410,1.0210,-0.0610,0.3052,-0.2441,1,466,866,0
29558930,2767,-0.0527,-0.0405,1.0210,-0.0610,0.4272,-0.2441,1,466,870,0
29563925,2768,-0.0532,-0.0410,1.0205,-0.1221,0.3662,-0.1831,1,466,873,0
29568930,2769,-0.0547,-0.0425,1.0195,0.0000,0.1831,-0.2441,1,466,875,0
29573925,2770,-0.0557,-0.0435,1.0200,0.1221,0.1221,-0.2441,1,466,829,0
29578922,2771,-0.0542,-0.0420,1.0215,0.0610,0.3052,-0.1221,1,466,865,0
29583925,2772,-0.0527,-0.0410,1.0215,0.0000,0.4272,-0.0610,1,465,862,0
29588929,2773,-0.0522,-0.0410,1.0210,0.0000,0.2441,-0.1221,1,466,827,0
29593925,2774,-0.0532,-0.0410,1.0220,0.0610,0.1221,-0.1831,1,466,825,0
29598973,2775,-0.0532,-0.0415,1.0229,0.0000,0.3662,-0.3052,1,466,871,0
29603930,2776,-0.0522,-0.0415,1.0225,-0.0610,0.3052,-0.3052,1,466,829,0
29608930,2777,-0.0513,-0.0415,1.0225,-0.0610,0.3662,-0.1831,1,510,867,0
29613922,2778,-0.0527,-0.0410,1.0215,-0.0610,0.4883,-0.3052,1,489,863,0
29618930,2779,-0.0537,-0.0410,1.0210,0.0000,0.4272,-0.1831,1,465,839,0
29623923,2780,-0.0532,-0.0415,1.0210,0.0000,0.3662,-0.3052,1,509,790,0
29628926,2781,-0.0532,-0.0410,1.0200,-0.0610,0.4272,-0.2441,1,506,796,0
29633925,2782,-0.0542,-0.0410,1.0186,-0.1221,0.3662,-0.3052,1,492,857,0
29638931,2783,-0.0537,-0.0415,1.0181,-0.0610,0.1831,-0.2441,1,481,818,0
29643929,2784,-0.0527,-0.0415,1.0186,-0.0610,0.1221,-0.1221,1,479,829,0
29648931,2785,-0.0522,-0.0396,1.0200,0.0000,0.1831,-0.1831,1,504,820,0
29653924,2786,-0.0532,-0.0386,1.0225,-0.1831,0.2441,-0.3052,1,510,783,0
29658924,2787,-0.0542,-0.0405,1.0225,0.0000,0.3662,-0.2441,1,466,872,0
29663929,2788,-0.0542,-0.0420,1.0200,0.0000,0.4883,-0.3052,1,466,828,0
29668926,2789,-0.0522,-0.0415,1.0205,-0.1221,0.1831,-0.3052,1,466,820,0
29673930,2790,-0.0503,-0.0405,1.0229,-0.1221,0.1831,-0.2441,1,465,873,0
29678925,2791,-0.0513,-0.0410,1.0229,-0.1221,0.4272,-0.1831,1,465,874,0
29683930,2792,-0.0522,-0.0415,1.0215,-0.0610,0.2441,-0.2441,1,466,873,0
29688923,2793,-0.0527,-0.0415,1.0210,-0.1221,0.3662,-0.2441,1,466,878,0
29693927,2794,-0.0527,-0.0425,1.0200,-0.1831,0.3662,-0.2441,1,466,876,0
29698928,2795,-0.0527,-0.0425,1.0195,-0.1221,0.3662,-0.3052,1,466,879,0
29703934,2796,-0.0527,-0.0420,1.0200,-0.1831,0.4272,-0.3662,1,466,871,0
29708928,2797,-0.0527,-0.0420,1.0200,-0.1831,0.4272,-0.2441,1,466,877,0
29713926,2798,-0.0527,-0.0420,1.0200,-0.0610,0.5493,-0.1221,1,510,876,0
29718926,2799,-0.0537,-0.0430,1.0205,-0.1221,0.3662,-0.3052,1,496,858,0
29723924,2800,-0.0542,-0.0425,1.0210,-0.0610,0.3662,-0.2441,1,465,840,0
29728929,2801,-0.0547,-0.0415,1.0215,0.0610,0.3052,-0.1831,1,499,832,0
29733922,2802,-0.0547,-0.0410,1.0215,-0.1221,0.3052,-0.2441,1,504,838,0
29738929,2803,-0.0532,-0.0410,1.0220,-0.1221,0.4883,-0.3052,1,482,858,0
29743929,2804,-0.0522,-0.0420,1.0229,-0.1221,0.4272,-0.2441,1,480,820,0
29748925,2805,-0.0527,-0.0430,1.0225,-0.1221,0.5493,-0.2441,1,488,830,0
29753928,2806,-0.0542,-0.0430,1.0210,-0.1831,0.4883,-0.1831,1,510,828,0
29758925,2807,-0.0547,-0.0420,1.0200,-0.1831,0.3662,-0.1831,1,466,824,0
29763926,2808,-0.0542,-0.0410,1.0200,-0.0610,0.3662,-0.1831,1,466,873,0
29768930,2809,-0.0547,-0.0415,1.0190,-0.0610,0.3662,-0.2441,1,466,873,0
29773923,2810,-0.0562,-0.0415,1.0186,-0.1221,0.4272,-0.3052,1,466,877,0
29778927,2811,-0.0562,-0.0410,1.0186,0.0000,0.4272,-0.3052,1,466,868,0
29783930,2812,-0.0547,-0.0405,1.0186,-0.0610,0.2441,-0.3052,1,466,824,0
29788926,2813,-0.0532,-0.0415,1.0186,-0.1221,0.2441,-0.2441,1,466,868,0
29793930,2814,-0.0537,-0.0420,1.0200,0.0000,0.3052,-0.2441,1,466,876,0
29798925,2815,-0.0547,-0.0415,1.0220,-0.0610,0.4272,-0.3052,1,466,824,0
29803928,2816,-0.0552,-0.0410,1.0215,-0.0610,0.3662,-0.3052,1,466,870,0
29808947,2817,-0.0547,-0.0410,1.0200,0.0000,0.4272,-0.2441,1,466,868,0
29813925,2818,-0.0532,-0.0415,1.0205,0.0000,0.3052,-0.1831,1,466,826,0
29818926,2819,-0.0527,-0.0410,1.0215,-0.0610,0.4272,-0.2441,1,492,817,0
29823927,2820,-0.0532,-0.0405,1.0229,-0.1221,0.3662,-0.2441,1,510,864,0
29828923,2821,-0.0537,-0.0430,1.0234,-0.1221,0.3052,-0.2441,1,475,899,0
29833924,2822,-0.0542,-0.0439,1.0225,0.0000,0.3662,-0.3662,1,509,815,0
29838930,2823,-0.0542,-0.0415,1.0210,0.0000,0.3052,-0.2441,1,504,812,0
29843925,2824,-0.0542,-0.0396,1.0215,0.0610,0.4883,-0.3052,1,501,776,0
29848927,2825,-0.0537,-0.0400,1.0220,0.0000,0.3662,-0.3052,1,487,817,0
29853925,2826,-0.0532,-0.0415,1.0215,0.0000,0.4272,-0.3052,1,491,777,0
29858925,2827,-0.0542,-0.0420,1.0200,0.0000,0.4272,-0.2441,1,511,780,0
29863930,2828,-0.0542,-0.0410,1.0200,0.0610,0.3662,-0.3052,1,466,823,0
29868925,2829,-0.0537,-0.0405,1.0200,0.0000,0.4272,-0.3662,1,466,864,0
29873925,2830,-0.0542,-0.0396,1.0205,-0.0610,0.4272,-0.3662,1,466,829,0
29878926,2831,-0.0547,-0.0410,1.0210,0.0000,0.4272,-0.3052,1,466,874,0
29883928,2832,-0.0542,-0.0425,1.0210,0.0000,0.4272,-0.2441,1,466,820,0
29888929,2833,-0.0547,-0.0435,1.0200,-0.0610,0.3662,-0.3052,1,466,826,0
29893927,2834,-0.0552,-0.0435,1.0195,-0.1831,0.3662,-0.3662,1,465,867,0
29898923,2835,-0.0552,-0.0420,1.0195,-0.1221,0.3662,-0.3052,1,466,878,0
29903925,2836,-0.0542,-0.0400,1.0205,-0.0610,0.3662,-0.1831,1,466,871,0
29908940,2837,-0.0532,-0.0400,1.0215,-0.0610,0.2441,-0.2441,1,466,872,0
29913922,2838,-0.0542,-0.0400,1.0215,-0.1221,0.3662,-0.2441,1,466,876,0
29918929,2839,-0.0552,-0.0410,1.0210,0.0000,0.3052,-0.1831,1,509,871,0
29923924,2840,-0.0552,-0.0415,1.0200,0.0000,0.2441,-0.2441,1,482,765,0
29928928,2841,-0.0547,-0.0420,1.0200,-0.0610,0.3052,-0.3052,1,511,827,0
29933923,2842,-0.0532,-0.0420,1.0205,0.0610,0.2441,-0.3662,1,502,784,0
29938922,2843,-0.0522,-0.0415,1.0210,0.0610,0.1831,-0.3052,1,497,844,0
29943923,2844,-0.0532,-0.0415,1.0215,0.0000,0.3052,-0.3052,1,494,852,0
29948923,2845,-0.0537,-0.0410,1.0220,0.0000,0.3052,-0.3662,1,477,776,0
29953927,2846,-0.0532,-0.0410,1.0220,0.0610,0.3052,-0.4272,1,482,779,0
29958927,2847,-0.0537,-0.0410,1.0225,0.0610,0.3052,-0.3052,1,503,824,0
29963923,2848,-0.0537,-0.0420,1.0229,0.0610,0.3662,-0.2441,1,510,818,0
29968927,2849,-0.0537,-0.0430,1.0215,0.0000,0.4272,-0.3052,1,466,875,0
29973929,2850,-0.0532,-0.0415,1.0210,-0.1221,0.3662,-0.2441,1,466,826,0
29978924,2851,-0.0532,-0.0405,1.0215,-0.1221,0.4272,-0.3052,1,466,875,0
29983923,2852,-0.0552,-0.0415,1.0215,-0.1221,0.3662,-0.3052,1,465,870,0
29988930,2853,-0.0571,-0.0425,1.0200,-0.1831,0.4883,-0.3052,1,466,869,0
29993927,2854,-0.0562,-0.0430,1.0200,-0.0610,0.4272,-0.1831,1,466,869,0
29998928,2855,-0.0547,-0.0425,1.0205,-0.0610,0.4272,-0.2441,1,466,871,0
30003924,2856,-0.0542,-0.0415,1.0215,0.0000,0.5493,-0.3052,1,466,873,0
30008927,2857,-0.0542,-0.0410,1.0215,-0.0610,0.4272,-0.3662,1,466,825,0
30013941,2858,-0.0552,-0.0425,1.0195,-0.1221,0.3662,-0.3052,1,466,873,0
30018929,2859,-0.0557,-0.0430,1.0186,-0.1221,0.3052,-0.3052,1,466,867,0
30023922,2860,-0.0547,-0.0420,1.0195,0.0000,0.3052,-0.3052,1,511,861,0
30028928,2861,-0.0542,-0.0410,1.0210,0.0610,0.3052,-0.2441,1,512,770,0
30033923,2862,-0.0552,-0.0415,1.0220,0.0610,0.3662,-0.2441,1,472,780,0
30038927,2863,-0.0552,-0.0420,1.0225,0.1221,0.3662,-0.1831,1,491,845,0
30043925,2864,-0.0542,-0.0425,1.0215,0.0610,0.3052,-0.2441,1,504,841,0
30048930,2865,-0.0542,-0.0420,1.0205,0.0000,0.2441,-0.3662,1,488,858,0
30053926,2866,-0.0532,-0.0415,1.0215,0.0610,0.1831,-0.3052,1,489,782,0
30058924,2867,-0.0522,-0.0415,1.0220,0.0000,0.3052,-0.3662,1,477,825,0
30063928,2868,-0.0532,-0.0420,1.0210,0.0610,0.3052,-0.3662,1,510,781,0
30068928,2869,-0.0542,-0.0420,1.0210,0.0610,0.3662,-0.3052,1,466,865,0
30073927,2870,-0.0542,-0.0420,1.0220,0.1221,0.3052,-0.2441,1,466,865,0
30078922,2871,-0.0537,-0.0415,1.0225,0.1221,0.2441,-0.1831,1,466,867,0
30083925,2872,-0.0532,-0.0415,1.0225,0.0610,0.3662,-0.3052,1,466,877,0
30088925,2873,-0.0532,-0.0425,1.0229,0.0610,0.4272,-0.3662,1,466,871,0
30093931,2874,-0.0547,-0.0430,1.0220,0.1221,0.3052,-0.1831,1,466,877,0
30098928,2875,-0.0552,-0.0430,1.0205,0.1221,0.1221,-0.0610,1,466,866,0
30103930,2876,-0.0547,-0.0420,1.0195,0.0610,0.3052,-0.3052,1,465,864,0
30108926,2877,-0.0542,-0.0415,1.0190,0.0000,0.3662,-0.3052,1,466,865,0
30113929,2878,-0.0547,-0.0405,1.0186,0.0610,0.3662,-0.2441,1,465,824,0
30118924,2879,-0.0547,-0.0405,1.0200,0.0610,0.2441,-0.3052,1,466,872,0
30123927,2880,-0.0537,-0.0405,1.0220,0.1221,0.3662,-0.3662,1,510,865,0
30128925,2881,-0.0542,-0.0410,1.0220,0.1221,0.3662,-0.3052,1,483,863,0
30133926,2882,-0.0537,-0.0420,1.0210,0.1831,0.2441,-0.2441,1,511,810,0
30138930,2883,-0.0537,-0.0430,1.0205,0.2441,0.2441,-0.1831,1,500,904,0
30143927,2884,-0.0537,-0.0430,1.0205,0.2441,0.3052,-0.2441,1,494,851,0
30148924,2885,-0.0532,-0.0425,1.0210,0.2441,0.3052,-0.3052,1,501,836,0
30153927,2886,-0.0522,-0.0435,1.0210,0.1221,0.3052,-0.3052,1,485,820,0
30158923,2887,-0.0527,-0.0430,1.0210,0.1831,0.3662,-0.2441,1,488,814,0
30163924,2888,-0.0537,-0.0405,1.0215,0.3052,0.2441,-0.1831,1,491,829,0
30168924,2889,-0.0532,-0.0391,1.0215,0.3052,0.2441,-0.2441,1,511,827,0
30173922,2890,-0.0542,-0.0410,1.0200,0.2441,0.3662,-0.3662,1,465,842,0
30178927,2891,-0.0552,-0.0439,1.0181,0.3662,0.1831,-0.2441,1,466,874,0
30183927,2892,-0.0547,-0.0420,1.0171,0.3662,0.1221,-0.1831,1,466,876,0
30188926,2893,-0.0537,-0.0405,1.0186,0.1221,0.2441,-0.3052,1,466,870,0
30193926,2894,-0.0542,-0.0425,1.0200,0.2441,0.1221,-0.2441,1,465,870,0
30198930,2895,-0.0552,-0.0435,1.0205,0.3052,0.1831,-0.1831,1,466,869,0
30203928,2896,-0.0542,-0.0425,1.0200,0.2441,0.1831,-0.1221,1,466,872,0
30208931,2897,-0.0532,-0.0405,1.0205,0.1831,0.2441,-0.1831,1,466,871,0
30213922,2898,-0.0527,-0.0400,1.0210,0.1221,0.1221,-0.2441,1,466,881,0
30218934,2899,-0.0542,-0.0410,1.0215,0.2441,0.1221,-0.1831,1,466,867,0
30223928,2900,-0.0552,-0.0425,1.0215,0.1831,0.1831,-0.1831,1,466,871,0
30228928,2901,-0.0552,-0.0444,1.0215,0.2441,0.2441,-0.2441,1,510,874,0
30233929,2902,-0.0542,-0.0439,1.0220,0.1831,0.1221,-0.1831,1,497,867,0
30238925,2903,-0.0527,-0.0420,1.0229,0.1221,0.1831,-0.1831,1,465,788,0
30243922,2904,-0.0537,-0.0410,1.0205,0.1831,0.2441,-0.2441,1,476,847,0
30248930,2905,-0.0552,-0.0410,1.0176,0.2441,0.1831,-0.1831,1,501,850,0
30253930,2906,-0.0547,-0.0415,1.0190,0.1831,0.1831,-0.1831,1,499,859,0
30258926,2907,-0.0527,-0.0420,1.0229,0.3052,0.1221,-0.3662,1,481,830,0
30263924,2908,-0.0508,-0.0410,1.0234,0.2441,0.1831,-0.3662,1,489,824,0
30268928,2909,-0.0513,-0.0410,1.0220,0.2441,0.1831,-0.2441,1,511,830,0
30273924,2910,-0.0532,-0.0420,1.0210,0.3052,0.2441,-0.3052,1,493,830,0
30278922,2911,-0.0537,-0.0415,1.0215,0.3052,0.1221,-0.2441,1,466,867,0
30283924,2912,-0.0527,-0.0420,1.0220,0.1831,0.1831,-0.2441,1,466,871,0
30288928,2913,-0.0522,-0.0430,1.0210,0.1221,0.2441,-0.2441,1,466,880,0
30293925,2914,-0.0532,-0.0425,1.0210,0.2441,0.2441,-0.3052,1,466,873,0
30298926,2915,-0.0542,-0.0415,1.0210,0.1831,0.3052,-0.3052,1,466,872,0
30303927,2916,-0.0547,-0.0405,1.0210,0.2441,0.1221,-0.2441,1,466,866,0
30308922,2917,-0.0547,-0.0400,1.0229,0.1831,0.0610,-0.2441,1,466,873,0
30313929,2918,-0.0542,-0.0405,1.0234,0.0610,0.2441,-0.3052,1,465,875,0
30318922,2919,-0.0537,-0.0415,1.0225,0.2441,0.2441,-0.3052,1,466,870,0
30323930,2920,-0.0532,-0.0425,1.0205,0.3052,0.2441,-0.3052,1,466,877,0
30328923,2921,-0.0542,-0.0430,1.0190,0.2441,0.1221,-0.2441,1,509,868,0
30333924,2922,-0.0562,-0.0435,1.0190,0.3052,0.0610,-0.2441,1,489,860,0
30338926,2923,-0.0571,-0.0439,1.0186,0.4272,0.0000,-0.3052,1,511,809,0
30343924,2924,-0.0552,-0.0400,1.0205,0.3662,-0.1221,-0.1831,1,465,790,0
30348923,2925,-0.0527,-0.0376,1.0210,0.3662,0.0000,-0.1831,1,491,842,0
30353924,2926,-0.0513,-0.0391,1.0220,0.3052,0.0610,-0.2441,1,500,826,0
30358930,2927,-0.0518,-0.0400,1.0215,0.3052,0.2441,-0.2441,1,484,817,0
30363922,2928,-0.0537,-0.0420,1.0186,0.2441,0.1221,-0.3052,1,484,823,0
30368929,2929,-0.0532,-0.0425,1.0181,0.3052,0.1221,-0.2441,1,510,822,0
30373925,2930,-0.0542,-0.0415,1.0190,0.2441,0.0610,-0.2441,1,466,865,0
30378924,2931,-0.0552,-0.0410,1.0190,0.2441,0.2441,-0.2441,1,466,874,0
30383930,2932,-0.0557,-0.0410,1.0190,0.3052,0.1221,-0.3662,1,465,878,0
30388929,2933,-0.0542,-0.0405,1.0195,0.2441,0.0000,-0.3052,1,466,868,0
30393923,2934,-0.0522,-0.0391,1.0215,0.3052,0.0610,-0.3052,1,466,827,0
30398930,2935,-0.0532,-0.0410,1.0210,0.1221,-0.1221,-0.2441,1,465,862,0
30403929,2936,-0.0552,-0.0415,1.0205,0.3662,0.1221,-0.3052,1,465,871,0
30408928,2937,-0.0547,-0.0405,1.0225,0.1831,0.1221,-0.3052,1,466,870,0
30413925,2938,-0.0547,-0.0396,1.0225,0.2441,0.2441,-0.3052,1,465,868,0
30418937,2939,-0.0542,-0.0405,1.0220,0.1221,-0.0610,-0.3662,1,466,871,0
30423925,2940,-0.0537,-0.0420,1.0205,0.1221,0.0000,-0.3662,1,483,867,0
30428924,2941,-0.0542,-0.0420,1.0190,0.2441,0.1221,-0.2441,1,493,814,0
30433922,2942,-0.0537,-0.0410,1.0200,0.1221,0.0000,-0.1831,1,510,861,0
30438926,2943,-0.0527,-0.0405,1.0215,0.1831,0.0610,-0.1831,1,481,797,0
30443922,2944,-0.0537,-0.0396,1.0215,0.2441,0.0610,-0.3052,1,507,809,0
30448925,2945,-0.0537,-0.0400,1.0210,0.1831,0.0610,-0.2441,1,474,795,0
30453923,2946,-0.0522,-0.0405,1.0215,0.1831,0.1221,-0.1831,1,496,842,0
30458925,2947,-0.0522,-0.0396,1.0225,0.0610,0.1221,-0.2441,1,505,828,0
30463923,2948,-0.0532,-0.0400,1.0220,0.0610,0.1831,-0.3052,1,484,823,0
30468927,2949,-0.0547,-0.0415,1.0220,0.1831,0.3052,-0.1831,1,511,822,0
30473924,2950,-0.0562,-0.0420,1.0210,0.1221,0.2441,-0.2441,1,466,872,0
30478922,2951,-0.0557,-0.0420,1.0200,0.1831,0.0610,-0.3052,1,466,870,0
30483930,2952,-0.0527,-0.0415,1.0195,0.1831,0.0000,-0.2441,1,465,867,0
30488924,2953,-0.0518,-0.0410,1.0210,0.1831,0.0610,-0.3052,1,466,836,0
30493930,2954,-0.0537,-0.0410,1.0215,0.3662,0.1221,-0.2441,1,466,867,0
30498926,2955,-0.0547,-0.0410,1.0200,0.2441,0.1831,-0.2441,1,466,875,0
30503927,2956,-0.0547,-0.0415,1.0195,0.3052,0.1221,-0.3052,1,466,876,0
30508927,2957,-0.0552,-0.0405,1.0195,0.3052,0.1831,-0.2441,1,466,865,0
30513933,2958,-0.0552,-0.0396,1.0200,0.2441,0.0610,-0.3052,1,466,875,0
30518946,2959,-0.0532,-0.0410,1.0205,0.1221,0.0000,-0.3052,1,466,867,0
30523922,2960,-0.0508,-0.0410,1.0215,0.2441,0.0610,-0.2441,1,483,823,0
30528930,2961,-0.0498,-0.0400,1.0225,0.2441,0.1831,-0.1831,1,492,860,0
30533929,2962,-0.0513,-0.0405,1.0210,0.1221,0.1831,-0.2441,1,506,866,0
30538925,2963,-0.0542,-0.0415,1.0205,0.0610,0.0000,-0.2441,1,466,793,0
30543923,2964,-0.0547,-0.0420,1.0210,0.2441,0.0610,-0.3052,1,494,789,0
30548922,2965,-0.0537,-0.0405,1.0215,0.1831,0.0610,-0.2441,1,483,834,0
30553927,2966,-0.0532,-0.0400,1.0215,0.2441,0.0610,-0.2441,1,491,867,0
30558931,2967,-0.0532,-0.0415,1.0210,0.1831,0.0610,-0.3052,1,491,828,0
30563924,2968,-0.0532,-0.0420,1.0205,0.2441,0.0610,-0.2441,1,489,824,0
30568927,2969,-0.0537,-0.0420,1.0205,0.3052,0.0610,-0.3052,1,511,829,0
30573930,2970,-0.0542,-0.0405,1.0215,0.2441,0.1221,-0.3052,1,466,865,0
30578923,2971,-0.0537,-0.0405,1.0220,0.3052,0.0000,-0.2441,1,466,865,0
30583927,2972,-0.0537,-0.0410,1.0210,0.3052,0.0610,-0.2441,1,466,827,0
30588925,2973,-0.0532,-0.0410,1.0215,0.3052,0.0000,-0.3052,1,466,871,0
30593930,2974,-0.0532,-0.0405,1.0225,0.3052,0.0610,-0.3052,1,466,822,0
30598924,2975,-0.0527,-0.0405,1.0229,0.3052,0.0000,-0.3052,1,466,865,0
30603925,2976,-0.0513,-0.0405,1.0229,0.3052,0.1221,-0.3052,1,466,825,0
30608929,2977,-0.0513,-0.0400,1.0210,0.3052,0.1831,-0.3052,1,466,866,0
30613947,2978,-0.0522,-0.0410,1.0200,0.4272,0.0610,-0.2441,1,466,864,0
30618957,2979,-0.0532,-0.0420,1.0190,0.3052,-0.0610,-0.2441,1,466,874,0
30623927,2980,-0.0542,-0.0425,1.0186,0.2441,-0.0610,-0.2441,1,483,872,0
30628931,2981,-0.0537,-0.0420,1.0195,0.2441,-0.0610,-0.3052,1,482,861,0
30633927,2982,-0.0532,-0.0410,1.0220,0.2441,-0.1221,-0.3052,1,511,861,0
30638928,2983,-0.0527,-0.0405,1.0234,0.2441,0.0000,-0.3052,1,475,795,0
30643928,2984,-0.0522,-0.0396,1.0225,0.2441,-0.0610,-0.2441,1,484,754,0
30648923,2985,-0.0522,-0.0396,1.0220,0.3662,0.0000,-0.2441,1,493,800,0
30653930,2986,-0.0522,-0.0396,1.0225,0.1221,0.0610,-0.3052,1,484,784,0
30658924,2987,-0.0527,-0.0391,1.0234,0.1221,0.1221,-0.3052,1,507,817,0
30663931,2988,-0.0532,-0.0386,1.0220,0.1831,0.2441,-0.3052,1,500,816,0
30668922,2989,-0.0542,-0.0381,1.0205,0.1221,0.2441,-0.2441,1,493,827,0
30673927,2990,-0.0542,-0.0386,1.0210,0.0610,0.1831,-0.3052,1,466,868,0
30678928,2991,-0.0532,-0.0391,1.0210,0.1831,0.1221,-0.3052,1,465,866,0
30683930,2992,-0.0527,-0.0391,1.0215,0.2441,0.1221,-0.3052,1,466,865,0
30688924,2993,-0.0518,-0.0391,1.0229,0.1831,0.1221,-0.1831,1,465,867,0
30693931,2994,-0.0518,-0.0391,1.0239,0.0610,0.2441,-0.2441,1,466,871,0
30698922,2995,-0.0522,-0.0391,1.0234,-0.0610,0.1831,-0.3052,1,466,874,0
30703927,2996,-0.0527,-0.0391,1.0215,0.0610,0.1831,-0.3052,1,466,869,0
30708930,2997,-0.0532,-0.0391,1.0205,0.1221,0.1221,-0.2441,1,466,868,0
30713925,2998,-0.0527,-0.0405,1.0205,0.0000,0.2441,-0.2441,1,466,868,0
30718930,2999,-0.0527,-0.0415,1.0215,0.0610,0.1221,-0.2441,1,483,832,0
30723928,3000,-0.0537,-0.0410,1.0225,0.0610,0.2441,-0.3052,1,484,872,0
30728922,3001,-0.0547,-0.0391,1.0225,0.0610,0.3052,-0.3052,1,484,858,0
30733928,3002,-0.0542,-0.0386,1.0215,0.0610,0.2441,-0.1831,1,493,773,0
30738924,3003,-0.0532,-0.0400,1.0205,-0.0610,0.3052,-0.2441,1,497,843,0
30743926,3004,-0.0532,-0.0415,1.0195,0.1221,0.2441,-0.3052,1,488,831,0
30748923,3005,-0.0532,-0.0415,1.0190,0.1221,0.1221,-0.2441,1,492,844,0
30753929,3006,-0.0522,-0.0420,1.0190,0.1831,0.0000,-0.3052,1,481,824,0
30758930,3007,-0.0508,-0.0415,1.0205,0.3052,0.0610,-0.2441,1,485,778,0
30763929,3008,-0.0518,-0.0400,1.0215,0.1221,0.1221,-0.3052,1,507,820,0
30768924,3009,-0.0522,-0.0391,1.0220,0.1221,0.0610,-0.3052,1,466,858,0
30773925,3010,-0.0522,-0.0386,1.0220,0.1831,0.0610,-0.3052,1,466,863,0
30778927,3011,-0.0522,-0.0386,1.0220,0.1221,0.1221,-0.2441,1,466,871,0
30783925,3012,-0.0518,-0.0396,1.0225,0.0610,0.2441,-0.2441,1,466,870,0
30788925,3013,-0.0508,-0.0405,1.0229,0.0610,0.2441,-0.1831,1,466,873,0
30793928,3014,-0.0513,-0.0405,1.0229,0.0000,0.1221,-0.2441,1,466,873,0
30798928,3015,-0.0518,-0.0400,1.0225,0.1221,0.2441,-0.3662,1,466,828,0
30803925,3016,-0.0527,-0.0410,1.0220,0.0610,0.1831,-0.2441,1,466,871,0
30808929,3017,-0.0542,-0.0410,1.0210,0.0610,0.2441,-0.2441,1,466,875,0
30813923,3018,-0.0547,-0.0396,1.0215,0.1221,0.3052,-0.2441,1,466,873,0
30818924,3019,-0.0537,-0.0391,1.0215,0.0000,0.3052,-0.2441,1,483,866,0
30823928,3020,-0.0522,-0.0396,1.0210,0.0610,0.3052,-0.2441,1,492,812,0
30828925,3021,-0.0522,-0.0400,1.0200,0.1831,0.3052,-0.3052,1,487,810,0
30833924,3022,-0.0527,-0.0405,1.0195,0.1831,0.2441,-0.3052,1,492,892,0
30838928,3023,-0.0527,-0.0410,1.0200,0.1831,0.2441,-0.3052,1,488,837,0
30843925,3024,-0.0527,-0.0410,1.0210,0.0610,0.1831,-0.1831,1,489,834,0
30848927,3025,-0.0527,-0.0400,1.0220,0.1831,0.1831,-0.1831,1,498,845,0
30853925,3026,-0.0527,-0.0386,1.0225,0.1831,0.2441,-0.1221,1,483,830,0
30858930,3027,-0.0527,-0.0391,1.0239,0.1831,0.1831,-0.1831,1,489,828,0
30863924,3028,-0.0518,-0.0405,1.0234,0.1831,0.3052,-0.1831,1,509,831,0
30868928,3029,-0.0518,-0.0410,1.0229,0.1221,0.2441,-0.1831,1,466,875,0
30873930,3030,-0.0513,-0.0400,1.0229,0.1831,0.3052,-0.1831,1,466,874,0
30878924,3031,-0.0503,-0.0396,1.0234,0.1831,0.3662,-0.1831,1,466,872,0
30883929,3032,-0.0508,-0.0396,1.0220,0.0610,0.4272,-0.3052,1,466,878,0
30888930,3033,-0.0518,-0.0391,1.0215,0.1831,0.4883,-0.2441,1,465,865,0
30893928,3034,-0.0532,-0.0381,1.0215,0.1831,0.4272,-0.1831,1,465,871,0
30898922,3035,-0.0537,-0.0386,1.0210,0.1221,0.3052,-0.0610,1,466,877,0
30903926,3036,-0.0527,-0.0391,1.0225,0.1221,0.4883,-0.1831,1,466,865,0
30908929,3037,-0.0513,-0.0391,1.0239,0.0610,0.3662,-0.1831,1,466,868,0
30913929,3038,-0.0513,-0.0391,1.0234,0.1221,0.4272,-0.1221,1,466,873,0
30918930,3039,-0.0522,-0.0381,1.0229,0.1221,0.4272,-0.1831,1,483,866,0
30923930,3040,-0.0522,-0.0371,1.0234,-0.0610,0.5493,-0.3052,1,492,873,0
30928928,3041,-0.0527,-0.0371,1.0225,-0.1221,0.4272,-0.2441,1,489,810,0
30933929,3042,-0.0532,-0.0386,1.0210,0.0610,0.3662,-0.2441,1,492,904,0
30938926,3043,-0.0542,-0.0405,1.0186,0.0000,0.3662,-0.2441,1,492,835,0
30943923,3044,-0.0547,-0.0410,1.0186,0.0000,0.2441,-0.4272,1,501,799,0
30948928,3045,-0.0542,-0.0405,1.0200,0.0610,0.2441,-0.3052,1,489,780,0
30953923,3046,-0.0527,-0.0400,1.0215,0.1221,0.3662,-0.2441,1,493,820,0
30958925,3047,-0.0532,-0.0396,1.0215,0.1831,0.3662,-0.1221,1,494,827,0
30963930,3048,-0.0547,-0.0400,1.0220,0.0610,0.2441,-0.1831,1,510,827,0
30968929,3049,-0.0542,-0.0405,1.0220,0.0000,0.1831,-0.2441,1,466,870,0
30973923,3050,-0.0532,-0.0410,1.0205,0.0610,0.4272,-0.2441,1,466,829,0
30978927,3051,-0.0518,-0.0415,1.0200,0.1221,0.4272,-0.1831,1,466,876,0
30983930,3052,-0.0522,-0.0405,1.0205,-0.0610,0.4272,-0.2441,1,466,872,0
30988925,3053,-0.0532,-0.0400,1.0210,0.0000,0.3662,-0.2441,1,466,876,0
30993929,3054,-0.0532,-0.0396,1.0215,0.1221,0.3052,-0.2441,1,466,828,0
30998924,3055,-0.0522,-0.0386,1.0210,0.0610,0.1831,-0.1221,1,465,869,0
31003930,3056,-0.0532,-0.0400,1.0205,-0.0610,0.3052,-0.3052,1,465,870,0
31008929,3057,-0.0547,-0.0410,1.0195,0.0610,0.3052,-0.3052,1,466,864,0
31013930,3058,-0.0542,-0.0396,1.0200,0.1221,0.1831,-0.1831,1,466,865,0
31018927,3059,-0.0527,-0.0371,1.0210,0.0610,0.1221,-0.2441,1,483,870,0
31023927,3060,-0.0518,-0.0366,1.0210,0.1831,0.1831,-0.3052,1,492,871,0
31028930,3061,-0.0518,-0.0386,1.0205,0.1221,0.1221,-0.1831,1,491,860,0
31033922,3062,-0.0527,-0.0405,1.0210,0.0610,0.1831,-0.3052,1,493,894,0
31038923,3063,-0.0532,-0.0400,1.0215,0.0610,0.1221,-0.2441,1,493,829,0
31043930,3064,-0.0537,-0.0391,1.0200,0.1221,0.1831,-0.2441,1,498,831,0
31048927,3065,-0.0542,-0.0391,1.0200,0.1221,0.1221,-0.3052,1,499,824,0
31053927,3066,-0.0537,-0.0396,1.0220,0.0000,0.1221,-0.3052,1,489,811,0
31058928,3067,-0.0527,-0.0391,1.0229,0.0610,0.0610,-0.3052,1,488,774,0
31063924,3068,-0.0527,-0.0381,1.0225,0.0610,0.1831,-0.3052,1,505,819,0
31068925,3069,-0.0527,-0.0386,1.0215,0.0610,0.1221,-0.1831,1,466,869,0
31073923,3070,-0.0532,-0.0400,1.0210,0.1221,0.1221,-0.1831,1,466,870,0
31078927,3071,-0.0537,-0.0410,1.0210,0.1221,0.0610,-0.2441,1,466,868,0
31083928,3072,-0.0537,-0.0415,1.0215,0.0610,0.1221,-0.1831,1,466,870,0
31088929,3073,-0.0527,-0.0415,1.0225,0.0610,0.1221,-0.3052,1,466,873,0
31093923,3074,-0.0522,-0.0420,1.0229,0.0610,0.1831,-0.3052,1,466,868,0
31098925,3075,-0.0522,-0.0415,1.0225,0.0610,0.1221,-0.3662,1,466,873,0
31103924,3076,-0.0522,-0.0405,1.0215,0.0610,0.1831,-0.3662,1,466,874,0
31108935,3077,-0.0513,-0.0396,1.0210,0.1831,0.1831,-0.1831,1,466,876,0
31113922,3078,-0.0508,-0.0396,1.0205,0.2441,0.1221,-0.1831,1,466,874,0
31118926,3079,-0.0522,-0.0391,1.0205,0.1831,0.1831,-0.3662,1,483,869,0
31123927,3080,-0.0537,-0.0391,1.0205,0.0610,0.1831,-0.3052,1,492,876,0
31128924,3081,-0.0527,-0.0386,1.0210,0.1221,0.1831,-0.3052,1,490,855,0
31133924,3082,-0.0522,-0.0381,1.0215,0.0000,0.0610,-0.3052,1,492,782,0
31138922,3083,-0.0527,-0.0386,1.0229,-0.0610,0.1221,-0.1831,1,477,790,0
31143927,3084,-0.0532,-0.0386,1.0239,0.0610,0.1831,-0.2441,1,506,835,0
31148928,3085,-0.0537,-0.0391,1.0234,0.0610,0.1831,-0.3052,1,486,832,0
31153924,3086,-0.0537,-0.0396,1.0229,-0.0610,0.2441,-0.3052,1,494,823,0
31158931,3087,-0.0522,-0.0396,1.0220,-0.0610,0.1221,-0.3662,1,490,826,0
31163929,3088,-0.0518,-0.0396,1.0215,0.0000,0.1221,-0.3052,1,509,824,0
31168922,3089,-0.0518,-0.0386,1.0220,-0.1221,0.1831,-0.3662,1,465,819,0
31173926,3090,-0.0527,-0.0381,1.0220,-0.0610,0.1831,-0.3052,1,466,872,0
31178922,3091,-0.0532,-0.0376,1.0220,-0.0610,0.2441,-0.3052,1,465,869,0
31183931,3092,-0.0532,-0.0381,1.0205,-0.0610,0.1221,-0.2441,1,466,872,0
31188929,3093,-0.0527,-0.0391,1.0190,-0.1831,0.1221,-0.2441,1,466,871,0
31193931,3094,-0.0527,-0.0400,1.0190,0.0000,0.0000,-0.3662,1,466,903,0
31198923,3095,-0.0537,-0.0396,1.0195,-0.1221,-0.1831,-0.4883,1,466,783,0
31203925,3096,-0.0542,-0.0376,1.0215,-0.1221,-0.1831,-0.4272,1,466,876,0
31208933,3097,-0.0522,-0.0381,1.0249,-0.1831,-0.3662,-0.3662,1,466,872,0
31213941,3098,-0.0542,-0.0386,1.0229,-0.2441,-0.3052,-0.3052,1,466,881,0
31218927,3099,-0.0537,-0.0391,1.0220,-0.2441,-0.5493,-0.3052,1,483,869,0
31223925,3100,-0.0527,-0.0444,1.0215,0.0000,0.1221,-0.4272,1,466,871,0
31228925,3101,-0.0571,-0.0435,1.0161,0.3662,-0.0610,-0.4883,1,484,856,0
31233924,3102,-0.0513,-0.0381,1.0229,0.0610,-0.6714,-0.3052,1,493,873,0
31238925,3103,-0.0459,-0.0356,1.0298,-0.0610,0.5493,-0.5493,1,485,827,0
31243927,3104,-0.0522,-0.0356,1.0234,0.0610,0.1831,-0.3662,1,491,838,0
31248928,3105,-0.0532,-0.0405,1.0220,-0.1831,-0.2441,-0.3052,1,491,849,0
31253922,3106,-0.0522,-0.0435,1.0225,0.0610,0.3052,-0.2441,1,496,849,0
31258926,3107,-0.0537,-0.0415,1.0210,0.0610,0.1831,-0.3052,1,480,823,0
31263925,3108,-0.0522,-0.0396,1.0234,-0.1221,0.1831,-0.3662,1,492,823,0
31268928,3109,-0.0503,-0.0396,1.0239,-0.0610,0.3662,-0.2441,1,494,848,0
31273929,3110,-0.0503,-0.0405,1.0210,-0.0610,0.1221,-0.3052,1,465,874,0
31278928,3111,-0.0508,-0.0400,1.0195,-0.1221,0.2441,-0.1831,1,466,861,0
31283928,3112,-0.0522,-0.0386,1.0195,-0.0610,0.4272,-0.2441,1,466,872,0
31288925,3113,-0.0532,-0.0386,1.0205,-0.0610,0.3662,-0.2441,1,466,879,0
31293928,3114,-0.0532,-0.0386,1.0215,-0.0610,0.3052,-0.3052,1,466,876,0
31298929,3115,-0.0527,-0.0391,1.0205,-0.0610,0.2441,-0.3052,1,465,866,0
31303925,3116,-0.0518,-0.0391,1.0210,-0.0610,0.1831,-0.1831,1,466,870,0
31308930,3117,-0.0513,-0.0386,1.0225,0.0000,0.3052,-0.1221,1,466,870,0
31313930,3118,-0.0542,-0.0391,1.0205,-0.1221,0.2441,-0.3052,1,466,819,0
31318926,3119,-0.0547,-0.0410,1.0205,-0.0610,0.1831,-0.3052,1,465,866,0
31323930,3120,-0.0532,-0.0425,1.0205,0.0000,0.1831,-0.3662,1,483,869,0
31328930,3121,-0.0532,-0.0439,1.0186,-0.0610,0.0610,-0.3662,1,465,819,0
31333929,3122,-0.0527,-0.0420,1.0190,0.3052,0.1221,-0.3662,1,483,863,0
31338923,3123,-0.0488,-0.0386,1.0234,0.0000,0.0610,-0.2441,1,494,867,0
31343924,3124,-0.0498,-0.0381,1.0244,0.0000,0.6104,-0.3662,1,486,791,0
31348928,3125,-0.0532,-0.0386,1.0225,0.1221,0.2441,-0.3052,1,491,796,0
31353926,3126,-0.0518,-0.0405,1.0225,-0.1831,0.1831,-0.1221,1,489,839,0
31358926,3127,-0.0513,-0.0410,1.0220,0.0610,0.4883,-0.1831,1,492,852,0
31363923,3128,-0.0532,-0.0415,1.0205,0.1221,0.3662,-0.3052,1,493,824,0
31368929,3129,-0.0537,-0.0420,1.0205,0.0610,0.1831,-0.3052,1,509,824,0
31373925,3130,-0.0513,-0.0391,1.0239,0.2441,0.3662,-0.1831,1,492,823,0
31378923,3131,-0.0508,-0.0366,1.0244,0.1221,0.5493,-0.1831,1,465,876,0
31383926,3132,-0.0532,-0.0371,1.0220,0.0610,0.4272,-0.2441,1,466,875,0
31388926,3133,-0.0537,-0.0386,1.0205,0.0000,0.2441,-0.3052,1,466,879,0
31393927,3134,-0.0527,-0.0396,1.0200,0.0610,0.1831,-0.1831,1,466,827,0
31398928,3135,-0.0518,-0.0405,1.0210,0.0610,0.3052,-0.3052,1,466,874,0
31403929,3136,-0.0513,-0.0400,1.0229,0.1831,0.3662,-0.2441,1,466,862,0
31408923,3137,-0.0508,-0.0410,1.0244,0.1831,0.3052,-0.2441,1,466,878,0
31413931,3138,-0.0527,-0.0415,1.0229,0.1831,0.5493,-0.1831,1,466,872,0
31418931,3139,-0.0518,-0.0391,1.0239,0.1831,0.3052,-0.1221,1,466,883,0
31423924,3140,-0.0503,-0.0376,1.0249,0.0610,0.6714,-0.1831,1,466,866,0
31428922,3141,-0.0537,-0.0386,1.0190,0.2441,0.6104,-0.1831,1,484,871,0
31433931,3142,-0.0562,-0.0410,1.0132,0.1221,0.3662,-0.1221,1,466,874,0
31438922,3143,-0.0571,-0.0425,1.0122,0.3052,0.1831,-0.2441,1,484,855,0
31443923,3144,-0.0552,-0.0410,1.0176,0.5493,-0.2441,-0.2441,1,494,871,0
31448929,3145,-0.0493,-0.0381,1.0264,0.4272,0.0000,-0.1221,1,479,801,0
31453923,3146,-0.0503,-0.0371,1.0254,0.4272,0.2441,-0.2441,1,498,749,0
31458930,3147,-0.0532,-0.0391,1.0205,0.2441,-0.0610,-0.1221,1,508,802,0
31463925,3148,-0.0522,-0.0415,1.0205,0.3662,0.0000,-0.0610,1,506,843,0
31468927,3149,-0.0522,-0.0400,1.0215,0.6104,0.0000,-0.1221,1,492,783,0
31473927,3150,-0.0498,-0.0381,1.0249,0.3052,-0.1831,-0.1831,1,507,774,0
31478928,3151,-0.0474,-0.0376,1.0278,0.2441,0.3052,-0.1831,1,493,828,0
31483928,3152,-0.0508,-0.0366,1.0239,0.0000,0.4272,-0.0610,1,466,872,0
31488929,3153,-0.0527,-0.0381,1.0225,-0.1221,0.1221,0.0000,1,466,826,0
31493923,3154,-0.0532,-0.0405,1.0225,0.0610,0.3662,-0.0610,1,466,821,0
31498922,3155,-0.0547,-0.0410,1.0195,0.1831,0.1831,-0.1221,1,465,872,0
31503923,3156,-0.0518,-0.0386,1.0210,0.0000,0.0000,-0.0610,1,466,874,0
31508931,3157,-0.0518,-0.0366,1.0220,0.1831,0.4272,-0.1221,1,466,776,0
31513922,3158,-0.0552,-0.0361,1.0186,0.0610,0.2441,-0.1221,1,466,874,0
31518929,3159,-0.0547,-0.0376,1.0186,0.0610,0.0610,-0.1221,1,466,872,0
31523928,3160,-0.0552,-0.0405,1.0186,0.1221,0.1221,-0.0610,1,466,864,0
31528927,3161,-0.0542,-0.0420,1.0171,0.1831,-0.0610,-0.1221,1,466,864,0
31533929,3162,-0.0493,-0.0405,1.0205,0.3052,-0.0610,-0.1221,1,483,867,0
31538922,3163,-0.0483,-0.0381,1.0229,0.2441,0.2441,-0.1831,1,484,867,0
31543924,3164,-0.0513,-0.0381,1.0215,0.0000,0.0610,-0.1221,1,484,816,0
31548922,3165,-0.0527,-0.0405,1.0210,-0.1221,0.0610,-0.2441,1,493,732,0
31553922,3166,-0.0557,-0.0420,1.0176,0.0610,0.1221,-0.1831,1,499,784,0
31558930,3167,-0.0562,-0.0415,1.0186,0.1831,-0.4272,-0.0610,1,484,827,0
31563922,3168,-0.0498,-0.0381,1.0259,0.1221,-0.2441,-0.1831,1,504,800,0
31568926,3169,-0.0483,-0.0361,1.0264,0.1221,0.3662,-0.1221,1,496,853,0
31573929,3170,-0.0527,-0.0381,1.0190,0.0000,-0.0610,-0.1831,1,496,826,0
31578924,3171,-0.0518,-0.0400,1.0186,-0.0610,0.0000,-0.1221,1,488,780,0
31583925,3172,-0.0513,-0.0400,1.0205,0.0610,0.4883,-0.0610,1,493,790,0
31588922,3173,-0.0547,-0.0405,1.0171,-0.0610,0.2441,-0.1831,1,466,837,0
31593928,3174,-0.0537,-0.0425,1.0190,0.0000,-0.0610,-0.1221,1,466,869,0
31598926,3175,-0.0508,-0.0400,1.0254,0.0610,0.4272,0.0000,1,466,824,0
31603930,3176,-0.0522,-0.0371,1.0244,-0.1221,0.4272,-0.1221,1,466,821,0
31608931,3177,-0.0532,-0.0376,1.0215,-0.1221,0.0000,-0.1221,1,466,874,0
31613930,3178,-0.0503,-0.0376,1.0229,0.0000,0.2441,-0.1831,1,466,823,0
31618923,3179,-0.0513,-0.0376,1.0225,-0.0610,0.4883,-0.1831,1,466,830,0
31623930,3180,-0.0537,-0.0400,1.0205,-0.1831,0.1831,-0.2441,1,466,873,0
31628929,3181,-0.0513,-0.0415,1.0215,0.1221,0.0610,-0.3052,1,466,880,0
31633922,3182,-0.0474,-0.0376,1.0254,0.1221,0.1221,-0.2441,1,466,865,0
31638923,3183,-0.0479,-0.0352,1.0269,-0.2441,0.4272,-0.3662,1,483,866,0
31643923,3184,-0.0513,-0.0381,1.0249,-0.3052,0.4883,-0.3052,1,492,875,0
31648922,3185,-0.0518,-0.0386,1.0234,-0.1831,0.3052,-0.1831,1,483,806,0
31653929,3186,-0.0483,-0.0352,1.0278,-0.4272,0.3662,-0.3052,1,493,871,0
31658928,3187,-0.0488,-0.0356,1.0278,-0.6714,0.8545,-0.2441,1,474,817,0
31663922,3188,-0.0513,-0.0396,1.0239,-0.6714,0.4272,-0.1221,1,481,840,0
31668922,3189,-0.0493,-0.0410,1.0254,-0.7935,0.6714,-0.1221,1,489,841,0
31673924,3190,-0.0508,-0.0405,1.0239,-0.6714,0.9155,-0.1831,1,495,822,0
31678926,3191,-0.0522,-0.0415,1.0205,-0.5493,0.5493,0.0000,1,494,827,0
31683924,3192,-0.0503,-0.0425,1.0200,-0.6714,0.8545,-0.1221,1,488,788,0
31688928,3193,-0.0513,-0.0405,1.0190,-0.4272,1.0986,-0.0610,1,489,833,0
31693927,3194,-0.0532,-0.0405,1.0171,-0.6104,0.8545,-0.1221,1,466,844,0
31698928,3195,-0.0532,-0.0430,1.0176,-0.4272,0.8545,-0.0610,1,466,864,0
31703928,3196,-0.0508,-0.0439,1.0195,-0.2441,0.7324,-0.0610,1,465,873,0
31708922,3197,-0.0498,-0.0435,1.0215,-0.1221,0.9155,0.1221,1,466,875,0
31713928,3198,-0.0527,-0.0371,1.0220,0.1221,1.0986,-0.1831,1,466,869,0
31718922,3199,-0.0527,-0.0337,1.0229,-0.4272,0.7935,-0.2441,1,466,877,0
31723929,3200,-0.0508,-0.0400,1.0229,-0.5493,1.1597,-0.1831,1,466,881,0
31728928,3201,-0.0522,-0.0449,1.0186,-0.0610,1.0986,-0.1831,1,466,877,0
31733940,3202,-0.0557,-0.0454,1.0156,-0.1221,0.9766,-0.1831,1,466,877,0
31738934,3203,-0.0557,-0.0439,1.0166,-0.1221,0.9766,-0.2441,1,466,874,0
31743925,3204,-0.0542,-0.0420,1.0181,0.0610,0.9766,-0.1831,1,484,873,0
31748925,3205,-0.0542,-0.0425,1.0186,0.0000,0.7324,-0.2441,1,493,855,0
31753927,3206,-0.0542,-0.0425,1.0195,0.1831,0.8545,-0.2441,1,502,855,0
31758931,3207,-0.0527,-0.0400,1.0234,0.0610,0.7324,-0.3052,1,494,784,0
31763927,3208,-0.0503,-0.0376,1.0254,0.0000,0.8545,-0.3052,1,472,841,0
31768931,3209,-0.0513,-0.0376,1.0225,0.1221,0.9155,-0.3662,1,503,771,0
31773924,3210,-0.0547,-0.0391,1.0171,0.0610,0.6714,-0.2441,1,486,824,0
31778926,3211,-0.0537,-0.0396,1.0205,0.0000,0.2441,-0.3052,1,502,817,0
31783930,3212,-0.0479,-0.0361,1.0273,0.0000,0.6714,-0.3052,1,495,779,0
31788925,3213,-0.0479,-0.0327,1.0273,-0.2441,0.9766,-0.3662,1,472,796,0
31793925,3214,-0.0518,-0.0337,1.0210,-0.5493,0.9155,-0.3662,1,494,850,0
31798928,3215,-0.0537,-0.0396,1.0132,-0.4883,0.7324,-0.3052,1,466,875,0
31803926,3216,-0.0566,-0.0410,1.0137,-0.6714,0.8545,-0.3662,1,466,872,0
31808928,3217,-0.0635,-0.0361,1.0127,-0.6104,0.6104,-0.5493,1,466,875,0
31813925,3218,-0.0635,-0.0366,1.0088,-0.7935,0.1831,-0.7324,1,466,871,0
31818926,3219,-0.0562,-0.0459,1.0137,-0.8545,0.1831,-0.7935,1,466,875,0
31823923,3220,-0.0522,-0.0479,1.0171,-0.1221,0.4272,-0.6104,1,466,871,0
31828923,3221,-0.0552,-0.0420,1.0151,-0.3052,0.1831,-0.5493,1,466,869,0
31833924,3222,-0.0581,-0.0381,1.0132,-0.4883,0.0000,-0.7324,1,466,875,0
31838924,3223,-0.0547,-0.0342,1.0151,-0.1221,-0.2441,-0.7324,1,466,826,0
31843929,3224,-0.0493,-0.0312,1.0195,-0.3662,0.3052,-0.8545,1,483,875,0
31848930,3225,-0.0498,-0.0293,1.0161,-0.4883,0.5493,-0.7935,1,484,901,0
31853922,3226,-0.0586,-0.0259,1.0049,-0.6714,0.6714,-0.9766,1,484,865,0
31858922,3227,-0.0615,-0.0288,1.0015,-1.0986,-0.0610,-1.0376,1,484,779,0
31863922,3228,-0.0522,-0.0322,1.0122,-0.7935,0.6104,-1.2817,1,477,806,0
31868924,3229,-0.0493,-0.0288,1.0210,-0.8545,1.2817,-1.6479,1,479,840,0
31873930,3230,-0.0518,-0.0234,1.0220,-1.2207,1.1597,-1.8311,1,503,850,0
31878928,3231,-0.0527,-0.0273,1.0195,-1.5869,1.4648,-2.0142,1,499,824,0
31883931,3232,-0.0518,-0.0435,1.0166,-1.4648,1.7700,-2.1973,1,482,837,0
31888923,3233,-0.0518,-0.0532,1.0142,-1.2207,1.8311,-2.0142,1,499,830,0
31893924,3234,-0.0537,-0.0435,1.0137,-0.6104,1.7700,-2.0752,1,486,825,0
31898928,3235,-0.0527,-0.0293,1.0176,-1.2207,1.6479,-2.1973,1,493,840,0
31903925,3236,-0.0508,-0.0234,1.0229,-1.5869,2.1973,-2.1973,1,466,879,0
31908928,3237,-0.0601,-0.0254,1.0166,-2.0752,2.3804,-2.0752,1,466,878,0
31913923,3238,-0.0708,-0.0366,1.0044,-2.5635,1.1597,-1.8921,1,466,868,0
31918923,3239,-0.0620,-0.0532,1.0098,-2.4414,0.4272,-1.6479,1,466,873,0
31923922,3240,-0.0464,-0.0601,1.0220,-2.2583,1.5259,-1.0986,1,466,881,0
31928924,3241,-0.0469,-0.0410,1.0234,-2.0142,2.0752,-0.7935,1,466,873,0
31933922,3242,-0.0542,-0.0234,1.0205,-3.2349,1.7700,-0.6714,1,466,872,0
31938923,3243,-0.0576,-0.0308,1.0195,-4.2114,1.7700,-0.3662,1,466,872,0
31943925,3244,-0.0610,-0.0474,1.0171,-3.9673,1.4648,-0.0610,1,465,882,0
31948944,3245,-0.0620,-0.0532,1.0195,-3.9062,0.9155,0.1221,1,466,872,0
31953930,3246,-0.0557,-0.0508,1.0288,-4.1504,0.6104,0.0610,1,484,878,0
31958930,3247,-0.0513,-0.0488,1.0337,-4.3945,0.7324,0.3052,1,492,855,0
31963928,3248,-0.0552,-0.0503,1.0298,-4.4556,0.5493,0.4272,1,465,872,0
31968928,3249,-0.0537,-0.0586,1.0293,-4.2114,-0.1221,0.3662,1,495,788,0
31973925,3250,-0.0464,-0.0654,1.0347,-3.6621,0.5493,0.3052,1,481,848,0
31978922,3251,-0.0469,-0.0620,1.0342,-3.2349,0.7935,0.3662,1,504,837,0
31983922,3252,-0.0522,-0.0518,1.0283,-3.0518,0.7935,0.3662,1,488,825,0
31988931,3253,-0.0527,-0.0479,1.0244,-3.3569,0.6714,0.4272,1,489,856,0
31993922,3254,-0.0532,-0.0518,1.0210,-2.8687,0.9766,0.3662,1,477,833,0
31998925,3255,-0.0562,-0.0566,1.0195,-2.7466,0.5493,0.4272,1,506,826,0
32003931,3256,-0.0571,-0.0562,1.0215,-2.3804,0.6104,0.3052,1,493,851,0
32008923,3257,-0.0557,-0.0522,1.0259,-2.4414,0.4272,0.4272,1,466,864,0
32013931,3258,-0.0532,-0.0508,1.0273,-2.4414,0.3052,0.6104,1,466,880,0
32018930,3259,-0.0557,-0.0508,1.0234,-1.9531,0.4883,0.5493,1,466,872,0
32023924,3260,-0.0581,-0.0542,1.0200,-1.9531,0.0610,0.5493,1,466,876,0
32028925,3261,-0.0581,-0.0566,1.0205,-1.6479,-0.0610,0.6714,1,466,875,0
32033924,3262,-0.0576,-0.0557,1.0220,-1.5259,-0.1831,0.5493,1,466,878,0
32038929,3263,-0.0557,-0.0537,1.0244,-1.4648,-0.3662,0.6104,1,466,881,0
32043925,3264,-0.0527,-0.0508,1.0259,-1.5259,-0.3052,0.6104,1,466,879,0
32048935,3265,-0.0518,-0.0449,1.0293,-1.7700,-0.1221,0.6714,1,466,866,0
32053932,3266,-0.0522,-0.0425,1.0303,-2.1362,0.0610,0.6104,1,466,870,0
32058947,3267,-0.0562,-0.0474,1.0259,-2.0752,0.2441,0.6714,1,484,871,0
32063928,3268,-0.0615,-0.0537,1.0186,-2.0752,-0.3052,0.6714,1,466,869,0
32068927,3269,-0.0630,-0.0571,1.0156,-1.8921,-0.6104,0.6104,1,511,861,0
32073926,3270,-0.0601,-0.0586,1.0186,-1.5869,-0.9155,0.4883,1,492,883,0
32078926,3271,-0.0552,-0.0605,1.0205,-1.1597,-0.9766,0.4883,1,477,841,0
32083922,3272,-0.0537,-0.0566,1.0229,-0.9155,-0.7324,0.5493,1,500,841,0
32088925,3273,-0.0552,-0.0522,1.0229,-1.0376,-0.8545,0.3662,1,489,854,0
32093926,3274,-0.0576,-0.0542,1.0195,-0.9155,-0.8545,0.3052,1,489,829,0
32098928,3275,-0.0581,-0.0581,1.0166,-0.7935,-0.9155,0.3052,1,493,826,0
32103930,3276,-0.0562,-0.0581,1.0166,-0.4883,-0.9155,0.4883,1,490,830,0
32108922,3277,-0.0576,-0.0562,1.0156,-0.3052,-0.7935,0.5493,1,492,829,0
32113923,3278,-0.0620,-0.0581,1.0122,-0.1831,-1.0376,0.4883,1,466,873,0
32118927,3279,-0.0630,-0.0625,1.0103,0.2441,-1.5869,0.6714,1,466,877,0
32123928,3280,-0.0596,-0.0635,1.0127,0.7935,-1.6479,0.5493,1,466,873,0
32128922,3281,-0.0566,-0.0625,1.0171,1.2207,-1.6479,0.4883,1,466,877,0
32133924,3282,-0.0562,-0.0625,1.0166,1.8311,-1.8921,0.4883,1,466,875,0
32138923,3283,-0.0581,-0.0635,1.0127,2.1973,-2.1362,0.3052,1,465,870,0
32143926,3284,-0.0591,-0.0630,1.0127,2.8076,-2.3804,0.1831,1,465,877,0
32148929,3285,-0.0557,-0.0586,1.0171,3.4180,-2.3804,0.1221,1,466,874,0
32153932,3286,-0.0503,-0.0532,1.0229,3.6011,-2.2583,0.1831,1,466,869,0
32158929,3287,-0.0479,-0.0508,1.0220,4.0283,-1.5259,-0.1221,1,465,880,0
32163924,3288,-0.0527,-0.0488,1.0171,4.2114,-1.4648,0.0610,1,484,868,0
32168928,3289,-0.0591,-0.0488,1.0122,4.2725,-1.5869,-0.0610,1,465,879,0
32173928,3290,-0.0610,-0.0527,1.0083,4.4556,-1.8311,-0.0610,1,466,826,0
32178923,3291,-0.0591,-0.0552,1.0083,4.6387,-1.8921,-0.0610,1,494,897,0
32183929,3292,-0.0557,-0.0522,1.0117,5.0659,-2.0142,-0.1831,1,498,839,0
32188922,3293,-0.0542,-0.0493,1.0156,5.2490,-2.1973,-0.1221,1,498,860,0
32193925,3294,-0.0532,-0.0474,1.0200,5.4321,-2.4414,-0.1221,1,489,830,0
32198922,3295,-0.0518,-0.0479,1.0220,5.3711,-2.1973,-0.3052,1,494,858,0
32203926,3296,-0.0527,-0.0488,1.0195,5.6152,-1.9531,-0.2441,1,492,821,0
32208927,3297,-0.0532,-0.0483,1.0161,5.7983,-2.1362,-0.4883,1,477,839,0
32213930,3298,-0.0518,-0.0493,1.0146,5.9204,-2.1973,-0.4272,1,493,858,0
32218923,3299,-0.0513,-0.0498,1.0156,6.3477,-2.0752,-0.4272,1,466,881,0
32223923,3300,-0.0508,-0.0474,1.0186,6.7139,-1.8921,-0.6104,1,466,879,0
32228927,3301,-0.0498,-0.0439,1.0229,6.5918,-1.9531,-0.7324,1,466,866,0
32233930,3302,-0.0483,-0.0405,1.0239,6.6528,-2.0142,-0.8545,1,465,887,0
32238926,3303,-0.0479,-0.0366,1.0244,6.5918,-2.0752,-0.6714,1,466,880,0
32243922,3304,-0.0464,-0.0322,1.0283,6.3477,-1.8921,-0.7324,1,466,876,0
32248926,3305,-0.0454,-0.0293,1.0308,5.9204,-1.7090,-0.7935,1,466,879,0
32253927,3306,-0.0449,-0.0288,1.0312,5.6763,-1.4648,-0.7935,1,466,873,0
32258930,3307,-0.0459,-0.0303,1.0278,5.2490,-1.4648,-0.6104,1,466,911,0
32263952,3308,-0.0474,-0.0332,1.0229,4.9438,-1.6479,-0.5493,1,484,875,0
32268927,3309,-0.0479,-0.0342,1.0205,4.8828,-1.4038,-0.4883,1,465,884,0
32273927,3310,-0.0479,-0.0312,1.0210,4.6387,-1.4038,-0.3662,1,511,866,0
32278922,3311,-0.0474,-0.0303,1.0215,4.2725,-1.6479,-0.2441,1,492,833,0
32283922,3312,-0.0498,-0.0342,1.0215,4.0894,-1.4038,-0.3662,1,482,845,0
32288923,3313,-0.0522,-0.0381,1.0215,3.9673,-1.7090,-0.3052,1,489,848,0
32293926,3314,-0.0508,-0.0396,1.0225,4.0894,-1.9531,-0.1831,1,489,822,0
32298930,3315,-0.0493,-0.0352,1.0239,4.0894,-1.7700,-0.1221,1,494,826,0
32303927,3316,-0.0488,-0.0269,1.0229,3.8452,-1.8921,-0.1221,1,496,826,0
32308927,3317,-0.0552,-0.0288,1.0171,3.6621,-2.1973,-0.3052,1,498,829,0
32313925,3318,-0.0615,-0.0371,1.0078,3.7231,-3.1738,-0.2441,1,492,845,0
32318928,3319,-0.0654,-0.0430,1.0015,4.1504,-3.7842,-0.5493,1,466,887,0
32323930,3320,-0.0684,-0.0410,1.0005,4.5166,-4.9438,-0.5493,1,466,875,0
32328927,3321,-0.0630,-0.0352,1.0063,4.5776,-6.0425,-0.7324,1,466,878,0
32333925,3322,-0.0562,-0.0347,1.0122,4.7607,-6.5308,-0.9155,1,466,878,0
32338929,3323,-0.0557,-0.0317,1.0146,4.8828,-7.3853,-0.7324,1,466,877,0
32343931,3324,-0.0527,-0.0283,1.0181,4.8218,-7.9956,-0.7935,1,466,886,0
32348930,3325,-0.0474,-0.0308,1.0225,4.7607,-8.1787,-0.9155,1,466,880,0
32353926,3326,-0.0444,-0.0303,1.0234,4.8828,-8.4839,-0.8545,1,466,877,0
32358923,3327,-0.0454,-0.0259,1.0210,4.9438,-8.6060,-0.7935,1,466,880,0
32363943,3328,-0.0479,-0.0244,1.0210,4.4556,-8.6670,-0.8545,1,483,876,0
32368925,3329,-0.0444,-0.0234,1.0249,4.4556,-8.9722,-0.7324,1,465,873,0
32373928,3330,-0.0386,-0.0225,1.0288,4.0894,-8.7280,-0.7935,1,509,871,0
32378929,3331,-0.0376,-0.0225,1.0293,3.6621,-8.6060,-0.6714,1,486,873,0
32383929,3332,-0.0400,-0.0220,1.0269,3.5400,-8.4229,-0.6104,1,476,808,0
32388923,3333,-0.0439,-0.0229,1.0205,3.1738,-8.9722,-0.6714,1,499,853,0
32393926,3334,-0.0483,-0.0249,1.0137,3.2959,-9.6436,-0.7324,1,487,850,0
32398927,3335,-0.0513,-0.0234,1.0083,3.3569,-10.3149,-0.7324,1,493,834,0
32403927,3336,-0.0522,-0.0225,1.0054,3.0518,-10.9863,-0.6104,1,496,879,0
32408930,3337,-0.0571,-0.0244,1.0024,2.8687,-12.0239,-0.9155,1,490,840,0
32413927,3338,-0.0601,-0.0278,1.0015,3.1738,-13.7329,-0.9766,1,493,870,0
32418930,3339,-0.0547,-0.0288,1.0063,3.4180,-14.6484,-1.0986,1,466,891,0
32423927,3340,-0.0459,-0.0273,1.0107,3.4180,-15.4419,-1.2207,1,466,901,0
32428931,3341,-0.0386,-0.0269,1.0122,3.6621,-15.7471,-1.2817,1,466,897,0
32433929,3342,-0.0371,-0.0273,1.0137,3.7231,-15.7471,-1.5259,1,466,899,0
32438925,3343,-0.0371,-0.0254,1.0146,3.7842,-16.2964,-1.4648,1,466,899,0
32443928,3344,-0.0303,-0.0220,1.0186,3.8452,-16.1133,-1.3428,1,466,892,0
32448922,3345,-0.0225,-0.0225,1.0239,3.6621,-15.5640,-1.4038,1,466,886,0
32453926,3346,-0.0225,-0.0225,1.0244,3.7842,-15.1978,-1.2207,1,466,898,0
32458929,3347,-0.0234,-0.0156,1.0249,3.4790,-15.0146,-0.9155,1,466,895,0
32463926,3348,-0.0239,-0.0151,1.0269,2.8076,-14.7705,-0.8545,1,466,900,0
32468923,3349,-0.0220,-0.0190,1.0264,2.9907,-15.0146,-0.2441,1,465,899,0
32473930,3350,-0.0186,-0.0186,1.0215,3.0518,-14.4043,-0.4272,1,495,896,0
32478923,3351,-0.0195,-0.0215,1.0176,2.9297,-13.9770,-0.6104,1,465,887,0
32483926,3352,-0.0220,-0.0229,1.0171,3.2349,-13.8550,-0.7324,1,509,889,0
32488923,3353,-0.0327,-0.0181,1.0146,3.2959,-13.6719,-0.7935,1,491,808,0
32493924,3354,-0.0552,-0.0146,1.0068,2.8687,-14.4653,-0.7935,1,499,867,0
32498925,3355,-0.0635,-0.0142,1.0010,2.5024,-17.2729,-0.2441,1,501,869,0
32503926,3356,-0.0513,-0.0151,1.0059,2.4414,-17.9443,0.0000,1,488,839,0
32508930,3357,-0.0396,-0.0112,1.0103,1.9531,-18.6768,0.3662,1,499,796,0
32513926,3358,-0.0396,-0.0015,1.0063,1.5259,-19.5312,0.4272,1,486,839,0
32518931,3359,-0.0537,0.0029,0.9990,0.9155,-20.6299,0.3662,1,466,886,0
32523930,3360,-0.0684,0.0059,0.9902,0.1831,-22.8271,0.6714,1,466,889,0
32528925,3361,-0.0718,0.0146,0.9849,-0.4883,-24.9634,0.9766,1,466,887,0
32533923,3362,-0.0640,0.0220,0.9951,-1.8311,-26.7944,1.2817,1,466,889,0
32538927,3363,-0.0371,0.0186,1.0273,-3.4180,-28.1372,1.7090,1,466,896,0
32543929,3364,0.0024,-0.0132,1.0601,-4.2114,-26.2451,1.6479,1,466,899,0
32548930,3365,0.0093,-0.0376,1.0620,-2.6855,-23.1934,1.2817,1,466,894,0
32553923,3366,-0.0210,-0.0234,1.0420,-2.5635,-24.2310,0.7935,1,466,894,0
32558946,3367,-0.0581,-0.0059,1.0215,-2.7466,-26.4893,-1.0376,1,466,888,0
32563924,3368,-0.0972,-0.0166,1.0103,-2.9297,-29.8462,-3.7842,1,466,889,0
32568923,3369,-0.1265,-0.0444,1.0127,-2.1362,-35.0342,-4.7607,1,465,894,0
32573927,3370,-0.1191,-0.0542,1.0249,-1.4648,-42.0532,-5.1880,1,493,893,0
32578927,3371,-0.0801,-0.0439,1.0464,-1.5259,-45.8374,-7.3242,1,465,892,0
32583923,3372,-0.0234,-0.0352,1.0649,-2.2583,-48.4619,-8.9111,1,510,891,0
32588926,3373,0.0176,-0.0381,1.0674,-2.5024,-48.4009,-10.0708,1,477,875,0
32593928,3374,0.0151,-0.0391,1.0581,-2.3193,-48.9502,-11.7187,1,504,871,0
32598926,3375,0.0020,-0.0474,1.0483,-2.3804,-51.5137,-12.6343,1,490,886,0
32603929,3376,0.0093,-0.0547,1.0488,-2.5024,-53.6499,-13.5498,1,496,881,0
32608928,3377,0.0430,-0.0640,1.0571,-2.6855,-55.8472,-14.2212,1,507,866,0
32613922,3378,0.0737,-0.0693,1.0654,-2.2583,-56.7627,-14.2212,1,493,887,0
32618926,3379,0.0913,-0.0625,1.0669,-1.9531,-58.7158,-13.0615,1,466,921,0
32623925,3380,0.0879,-0.0479,1.0630,-2.6855,-61.3403,-12.8174,1,465,918,0
32628930,3381,0.0869,-0.0239,1.0542,-4.2114,-66.3452,-13.0615,1,466,915,0
32633926,3382,0.1128,-0.0342,1.0396,-2.7466,-64.5752,-12.0239,1,466,916,0
32638925,3383,0.1118,-0.0962,1.0322,0.7324,-57.8003,-10.4370,1,466,909,0
32643927,3384,0.0220,-0.1748,1.0464,5.4932,-53.0395,-7.3853,1,466,913,0
32648924,3385,-0.0527,-0.2266,1.0737,14.5874,-60.1196,-2.4414,1,466,900,0
32653930,3386,-0.0913,-0.2432,1.0996,25.0854,-62.9272,-2.3193,1,466,927,0
32658923,3387,-0.1968,-0.2979,1.1553,33.0811,-73.1812,-6.5918,1,466,923,0
32663922,3388,-0.3340,-0.4771,1.2568,48.4009,-96.0693,-10.6812,1,483,899,0
32668922,3389,-0.4473,-0.7080,1.4106,75.1343,-120.3613,-13.6108,1,465,930,0
32673923,3390,-0.5293,-0.8281,1.5518,106.9336,-150.3906,-15.5029,1,507,935,0
32678924,3391,-0.5132,-0.9146,1.6748,141.7847,-184.0210,-14.0381,1,477,925,0
32683926,3392,-0.3979,-1.2056,1.8877,184.2041,-205.9326,-7.5684,1,476,959,0
32688923,3393,-0.3701,-1.6479,2.1733,236.1450,-214.0503,-3.4180,1,479,858,0
32693924,3394,-0.2871,-1.8418,2.3560,297.0581,-236.5112,9.5825,1,491,915,0
32698924,3395,-0.1426,-1.6704,2.2446,360.4736,-237.7319,20.8740,1,496,901,0
32703929,3396,-0.2480,-1.3706,1.8521,410.2783,-235.3515,24.4141,1,482,905,0
32708931,3397,-0.4287,-1.0879,1.4424,456.5429,-259.3384,32.3486,1,506,916,0
32713924,3398,-0.3716,-1.0068,1.1768,484.0698,-283.0811,36.2549,1,488,909,0
32718927,3399,-0.1548,-1.1680,1.0425,501.5258,-288.0249,36.0718,1,466,896,0
32723927,3400,-0.0249,-1.2212,1.1455,527.1606,-285.8276,41.0767,1,466,927,0
32728925,3401,0.5361,-0.9414,1.8682,482.4829,-293.3960,75.7446,1,466,937,0
32733928,3402,1.6475,-0.8711,3.0244,354.7973,-234.8022,96.4966,1,466,940,0
32738928,3403,1.9326,-1.1353,3.6353,285.6445,-87.5854,82.0923,1,466,948,0
32743930,3404,0.9932,-1.1177,3.2764,252.3804,-3.6011,70.8618,1,466,942,0
32748930,3405,0.0122,-0.8159,2.4370,195.6177,25.8789,51.2695,1,466,912,0
32753927,3406,-0.2559,-0.5854,1.7407,142.3340,54.9927,25.7568,1,466,947,0
32758937,3407,-0.0688,-0.5352,1.3521,111.7554,84.7778,5.0049,1,466,938,0
32763925,3408,0.0601,-0.5977,1.1631,84.2895,109.3140,-15.3809,1,466,918,0
32768953,3409,-0.0225,-0.7124,1.0981,60.1196,118.7134,-31.3110,1,484,931,0
32773928,3410,-0.1382,-0.8389,1.1187,43.2739,117.3096,-41.1987,1,466,941,0
32778931,3411,-0.1333,-0.9663,1.1929,27.4048,117.5537,-47.0581,1,512,942,0
32783930,3412,-0.0244,-1.1147,1.2578,17.5171,122.0703,-47.3022,1,487,935,0
32788923,3413,0.0732,-1.3076,1.2383,14.4653,130.5542,-42.2974,1,466,848,0
32793925,3414,0.0684,-1.5518,1.1250,17.4561,141.3574,-33.1421,1,496,855,0
32798928,3415,-0.0410,-1.8022,0.9893,27.1606,147.8271,-16.3574,1,500,886,0
32803923,3416,-0.1816,-2.0000,0.9175,36.6211,148.6206,7.4463,1,478,882,0
32808922,3417,-0.2681,-2.1362,0.9331,44.5557,146.1792,35.8887,1,505,877,0
32813925,3418,-0.2759,-2.2207,0.9912,53.1006,143.7378,66.8945,1,494,882,0
32818922,3419,-0.2441,-2.2539,1.0366,59.6313,143.4937,98.6328,1,493,898,0
32823923,3420,-0.2178,-2.2280,1.0508,61.4624,145.3247,130.2490,1,466,945,0
32828928,3421,-0.2065,-2.1406,1.0483,57.3120,146.9727,161.4990,1,466,933,0
32833929,3422,-0.1943,-2.0029,1.0542,47.0581,148.1323,191.0400,1,466,946,0
32838925,3423,-0.1675,-1.8301,1.0786,32.1045,149.5972,216.9800,1,466,940,0
32843922,3424,-0.1201,-1.6387,1.1069,13.9770,151.1841,239.0747,1,466,927,0
32848929,3425,-0.0591,-1.4443,1.1147,-6.9580,153.6865,257.5073,1,466,938,0
32853928,3426,0.0005,-1.2510,1.0996,-28.6255,156.3110,271.7896,1,466,921,0
32858930,3427,0.0562,-1.0635,1.0835,-50.2930,158.1421,282.1045,1,466,923,0
32863922,3428,0.1074,-0.8989,1.0864,-71.1060,159.3628,288.9404,1,466,921,0
32868928,3429,0.1577,-0.7651,1.1084,-89.4775,159.4849,293.0298,1,483,927,0
32873923,3430,0.2100,-0.6553,1.1362,-105.0415,159.3628,295.1050,1,465,934,0
32878923,3431,0.2642,-0.5645,1.1621,-117.9809,159.5459,295.4102,1,501,932,0
32883922,3432,0.3169,-0.4863,1.1851,-128.3569,160.2173,294.6167,1,471,923,0
32888923,3433,0.3574,-0.4224,1.2144,-136.7188,161.2549,292.8467,1,494,925,0
32893922,3434,0.3765,-0.3730,1.2554,-142.7612,161.8652,290.4053,1,498,925,0
32898928,3435,0.3818,-0.3354,1.3091,-146.9727,162.2925,287.7197,1,486,878,0
32903927,3436,0.3867,-0.3076,1.3696,-149.8413,163.0249,284.6680,1,487,862,0
32908924,3437,0.3984,-0.2852,1.4282,-151.4282,164.5508,281.5552,1,491,894,0
32913923,3438,0.4111,-0.2700,1.4780,-151.2451,167.2363,278.6255,1,500,920,0
32918929,3439,0.4126,-0.2603,1.5103,-148.9868,170.5322,276.0620,1,488,913,0
32923922,3440,0.3906,-0.2456,1.5137,-144.2261,173.5840,273.3154,1,493,904,0
32928930,3441,0.3491,-0.2119,1.4858,-137.3901,175.4761,270.0806,1,466,937,0
32933928,3442,0.2993,-0.1538,1.4399,-129.9438,176.3306,265.7471,1,466,936,0
32938922,3443,0.2529,-0.0728,1.3955,-123.5351,176.2085,260.0708,1,466,942,0
32943926,3444,0.2144,0.0229,1.3638,-119.9341,175.5981,252.6855,1,466,944,0
32948929,3445,0.1797,0.1108,1.3457,-119.5679,174.9878,243.4692,1,465,952,0
32953929,3446,0.1421,0.1699,1.3408,-121.5210,174.6216,233.2153,1,466,954,0
32958922,3447,0.0981,0.1909,1.3462,-124.3286,173.7060,222.9004,1,466,951,0
32963939,3448,0.0537,0.1860,1.3657,-126.9531,172.8515,213.1958,1,465,947,0
32968929,3449,0.0259,0.1787,1.4111,-129.2725,171.6308,204.0405,1,466,958,0
32973941,3450,0.0342,0.1660,1.4888,-131.1035,170.7764,195.2514,1,483,943,0
32978926,3451,0.0771,0.1353,1.5781,-131.6528,171.7529,187.1338,1,466,942,0
32983926,3452,0.1245,0.0913,1.6509,-130.8594,174.8657,180.2368,1,511,950,0
32988926,3453,0.1602,0.0444,1.6953,-129.9438,178.5278,174.9267,1,490,931,0
32993925,3454,0.1895,-0.0054,1.7227,-128.7842,181.9458,171.0815,1,466,977,0
32998929,3455,0.2168,-0.0630,1.7397,-127.3193,185.5469,168.8843,1,489,846,0
33003922,3456,0.2485,-0.1245,1.7427,-124.8169,189.0869,168.5181,1,488,873,0
33008925,3457,0.2817,-0.1748,1.7256,-121.2768,192.4438,169.1284,1,481,918,0
33013923,3458,0.3032,-0.2026,1.6904,-118.2861,195.3735,170.2270,1,486,914,0
33018925,3459,0.3154,-0.2085,1.6479,-116.0278,196.6553,171.5088,1,492,907,0
33023928,3460,0.3350,-0.1924,1.6104,-114.5019,197.0215,172.4243,1,493,920,0
33028930,3461,0.3574,-0.1562,1.5786,-115.0513,198.4253,172.6684,1,466,946,0
33033928,3462,0.3584,-0.1123,1.5498,-117.8589,200.3784,172.1802,1,466,984,0
33038930,3463,0.3311,-0.0747,1.5220,-122.3755,201.1108,171.2646,1,466,950,0
33043930,3464,0.2954,-0.0508,1.5020,-127.9297,200.9277,170.2270,1,465,949,0
33048924,3465,0.2666,-0.0420,1.4941,-133.0566,200.8667,169.4336,1,465,943,0
33053927,3466,0.2104,-0.0391,1.4966,-140.1978,200.8056,168.8232,1,465,943,0
33058924,3467,0.1875,-0.0225,1.4985,-142.2729,200.2563,169.1284,1,466,936,0
33063929,3468,0.1758,0.0005,1.4995,-144.2871,199.7070,169.5556,1,466,945,0
33068945,3469,0.1670,0.0229,1.5068,-145.7520,199.2187,169.8608,1,466,937,0
33073922,3470,0.1631,0.0449,1.5239,-146.7285,198.3642,170.4712,1,466,944,0
33078956,3471,0.1758,0.0605,1.5522,-147.8271,197.6318,171.1426,1,465,944,0
33083926,3472,0.2036,0.0605,1.5850,-147.6440,197.9370,171.6919,1,466,946,0
33088926,3473,0.2290,0.0474,1.6118,-145.4468,198.9136,172.5464,1,465,931,0
33093926,3474,0.2363,0.0273,1.6260,-141.1133,199.5239,173.4009,1,493,931,0
33098930,3475,0.2383,0.0122,1.6357,-135.0708,198.4863,174.4385,1,472,969,0
33103924,3476,0.2573,0.0054,1.6528,-127.9907,196.8384,175.2319,1,496,866,0
33108925,3477,0.2959,0.0059,1.6777,-119.8730,195.9228,175.8423,1,483,930,0
33113922,3478,0.3398,0.0181,1.6982,-111.1450,196.1059,175.8423,1,488,915,0
33118923,3479,0.3770,0.0381,1.7012,-103.0884,196.6553,174.8657,1,490,903,0
33123928,3480,0.3999,0.0581,1.6753,-94.8486,197.2656,172.9126,1,502,893,0
33128928,3481,0.4077,0.0835,1.6226,-86.3037,196.5332,169.8608,1,492,922,0
33133929,3482,0.4150,0.1187,1.5542,-78.7964,194.6411,165.2832,1,493,911,0
33138924,3483,0.4365,0.1587,1.4839,-72.5708,192.2607,159.1797,1,466,934,0
33143929,3484,0.4614,0.2002,1.4111,-67.0166,190.0635,151.6113,1,466,933,0
33148930,3485,0.4756,0.2427,1.3350,-62.9883,187.1948,142.7612,1,466,930,0
33153925,3486,0.4824,0.2729,1.2627,-60.7300,183.1055,133.2397,1,465,944,0
33158928,3487,0.4897,0.2710,1.2021,-59.5703,179.0771,123.3520,1,466,943,0
33163926,3488,0.4932,0.2339,1.1523,-58.6548,174.9878,113.9526,1,465,948,0
33168926,3489,0.4937,0.1768,1.1113,-58.1055,170.1050,106.0791,1,466,951,0
33173922,3490,0.5000,0.1094,1.0864,-59.2651,164.8559,100.2808,1,466,935,0
33178928,3491,0.5156,0.0342,1.0801,-61.0352,159.0576,96.6186,1,483,937,0
33183924,3492,0.5391,-0.0430,1.0908,-62.4390,152.4048,95.2148,1,465,926,0
33188922,3493,0.5732,-0.1123,1.1177,-63.9648,145.5688,95.9473,1,509,927,0
33193930,3494,0.6289,-0.1665,1.1499,-65.4297,139.4043,98.3887,1,480,932,0
33198922,3495,0.7041,-0.2041,1.1641,-66.1011,134.7046,101.8677,1,496,872,0
33203923,3496,0.7783,-0.2202,1.1421,-65.3076,130.3711,105.6518,1,486,836,0
33208926,3497,0.8403,-0.2051,1.0840,-63.3545,124.9390,109.0088,1,491,909,0
33213928,3498,0.8989,-0.1616,1.0044,-61.0962,117.6758,111.2060,1,495,859,0
33218930,3499,0.9624,-0.0981,0.9136,-58.1665,108.6426,111.7554,1,475,895,0
33223924,3500,1.0298,-0.0244,0.8228,-54.9927,98.2666,109.9243,1,502,919,0
33228925,3501,1.1030,0.0439,0.7476,-52.1851,86.3647,106.0791,1,493,908,0
33233928,3502,1.1821,0.0903,0.6963,-49.4995,74.0356,100.5859,1,493,903,0
33238924,3503,1.2598,0.1074,0.6636,-45.8984,60.9741,93.9941,1,466,934,0
33243927,3504,1.3325,0.1074,0.6514,-41.0767,47.0581,86.3647,1,466,941,0
33248926,3505,1.3945,0.0947,0.6587,-36.0107,33.3252,77.9419,1,466,938,0
33253928,3506,1.4434,0.0747,0.6704,-29.6020,20.0195,69.4580,1,466,914,0
33258927,3507,1.4795,0.0596,0.6743,-22.8271,7.2021,60.7300,1,466,919,0
33263924,3508,1.5010,0.0493,0.6699,-16.2964,-5.2490,51.2695,1,466,919,0
33268925,3509,1.5112,0.0371,0.6685,-9.6436,-18.3105,41.3208,1,466,913,0
33273928,3510,1.5205,0.0142,0.6836,-2.6855,-31.1279,30.5786,1,466,910,0
33278928,3511,1.5322,-0.0288,0.7109,4.7607,-42.8467,19.1650,1,466,920,0
33283930,3512,1.5327,-0.0820,0.7344,12.6953,-54.2603,7.3242,1,466,912,0
33288930,3513,1.6318,-0.0210,0.7324,19.3481,-69.1528,-5.2490,1,465,921,0
33293928,3514,2.0000,0.7583,-0.2168,27.5269,-174.2554,-34.6069,1,466,898,0
33298923,3515,1.3398,1.2510,-1.8594,-44.3726,-290.7104,-83.9233,1,508,873,0
33303923,3516,0.0659,0.0703,-1.5698,-142.8833,-315.3076,-106.7505,1,474,862,0
33308929,3517,0.5132,-1.4390,0.3745,-56.9458,-343.2007,-64.6973,1,505,850,0
33313930,3518,0.9893,-1.9360,1.5840,19.1040,-260.1318,-64.2090,1,484,900,0
33318924,3519,-0.4673,-1.9277,1.7896,4.3335,-186.8286,-81.1157,1,487,870,0
33323931,3520,-1.9141,-1.9731,1.3159,42.7856,-273.4375,-46.7529,1,501,881,0
33328924,3521,-1.8394,-1.9141,0.4067,59.0820,-332.5805,-21.8506,1,482,914,0
33333930,3522,-0.9268,-1.6499,-0.3887,37.7808,-369.5068,-0.0610,1,466,907,0
33338923,3523,-0.0156,-1.1646,-0.6143,18.9819,-436.9507,37.9028,1,466,913,0
33343929,3524,0.4458,-0.6611,0.0361,-22.9492,-474.6093,57.0679,1,466,926,0
33348929,3525,0.4331,-0.4404,1.4673,-45.1660,-479.0649,63.6597,1,466,946,0
33353923,3526,0.4126,-0.3232,3.0083,-23.3765,-476.4404,74.7681,1,466,943,0
33358924,3527,0.7368,0.0752,3.9580,1.9531,-446.2890,79.2236,1,466,931,0
33363928,3528,1.2300,0.8042,4.1274,17.5171,-396.7285,68.1152,1,466,921,0
33368925,3529,1.4897,1.5068,3.7915,22.2778,-335.6323,42.4194,1,466,928,0
33373928,3530,1.3198,1.7715,3.3286,17.7612,-275.8179,12.2681,1,466,952,0
33378924,3531,0.8940,1.5259,2.9336,13.7939,-230.5908,-11.7798,1,466,934,0
33383956,3532,0.5298,0.9668,2.5938,9.9487,-198.9746,-26.4893,1,465,944,0
33388925,3533,0.3511,0.3071,2.2256,2.0752,-170.7153,-33.5083,1,465,955,0
33393925,3534,0.2476,-0.2900,1.8174,-4.6997,-150.7568,-32.2266,1,466,902,0
33398923,3535,0.1245,-0.6821,1.4326,-8.3008,-141.4185,-23.9258,1,493,852,0
33403924,3536,-0.0020,-0.8174,1.1411,-10.6201,-139.4043,-12.8174,1,472,907,0
33408928,3537,-0.1245,-0.7603,0.9453,-9.6436,-139.4043,-3.7231,1,497,842,0
33413930,3538,-0.5176,-0.9878,1.1099,-1.9531,-131.1646,8.6670,1,499,871,0
33418924,3539,-0.5552,-1.3408,1.6807,46.5088,-166.5039,32.8979,1,481,850,0
33423926,3540,0.2505,-1.2490,2.1406,87.6465,-169.8608,43.1519,1,493,885,0
33428923,3541,0.8330,-0.9155,2.2173,91.2476,-108.7646,40.1001,1,496,914,0
33433930,3542,0.6475,-0.4165,2.0039,107.9101,-78.6743,36.1328,1,493,900,0
33438922,3543,0.2178,0.1992,1.6646,119.3848,-81.1768,36.1328,1,493,903,0
33443928,3544,-0.0239,0.5610,1.3872,100.3418,-70.8008,25.5737,1,466,935,0
33448928,3545,-0.0752,0.4438,1.2998,81.4209,-62.5000,18.1885,1,466,929,0
33453926,3546,-0.0029,0.0581,1.3599,78.6133,-59.8144,19.2261,1,465,928,0
33458925,3547,0.1440,-0.1597,1.4541,81.2378,-51.5137,19.5923,1,465,916,0
33463923,3548,0.2290,-0.0811,1.4551,79.7119,-34.6680,18.4937,1,466,931,0
33468925,3549,0.1436,0.1113,1.3569,72.7539,-19.5923,15.6250,1,465,910,0
33473923,3550,0.0039,0.2319,1.2446,63.5986,-15.6860,13.4277,1,466,928,0
33478923,3551,-0.1016,0.2632,1.2061,55.5420,-12.4512,11.1084,1,466,940,0
33483925,3552,-0.0986,0.2798,1.2686,44.5557,-15.1367,7.3853,1,466,925,0
33488950,3553,0.0044,0.2451,1.3174,33.3862,-9.5825,5.3101,1,465,918,0
33493928,3554,0.0205,0.1260,1.2451,25.9399,0.4883,3.6621,1,466,888,0
33498926,3555,-0.0752,0.0146,1.1030,23.1934,0.0610,3.1128,1,465,892,0
33503931,3556,-0.1440,-0.0132,1.0244,22.3389,-5.0659,2.7466,1,493,888,0
33508928,3557,-0.1245,0.0269,1.0640,18.7378,-6.2256,1.6479,1,493,938,0
33513924,3558,-0.0562,0.0610,1.1357,14.3433,-4.8218,0.6714,1,497,833,0
33518925,3559,-0.0171,0.0474,1.1460,11.2915,-0.3662,0.6104,1,486,865,0
33523926,3560,-0.0337,0.0215,1.1094,8.9722,0.9155,0.7935,1,489,844,0
33528928,3561,-0.0586,0.0103,1.0801,7.3853,0.9155,1.0986,1,487,824,0
33533929,3562,-0.0605,0.0039,1.0767,5.4321,1.7700,0.6714,1,499,821,0
33538927,3563,-0.0449,-0.0073,1.0825,4.5166,3.9062,0.3662,1,477,843,0
33543925,3564,-0.0420,-0.0195,1.0723,4.5776,6.1646,0.3052,1,493,853,0
33548926,3565,-0.0649,-0.0352,1.0420,4.5776,7.6294,-0.3052,1,466,874,0
33553929,3566,-0.0908,-0.0552,1.0171,5.1880,7.0190,-0.7324,1,466,877,0
33558927,3567,-0.1035,-0.0630,1.0073,6.8359,6.2256,-0.8545,1,466,873,0
33563927,3568,-0.1099,-0.0522,1.0034,7.6294,5.5542,-1.1597,1,465,880,0
33568930,3569,-0.1060,-0.0420,1.0088,7.8125,4.4556,-1.5259,1,466,878,0
33573927,3570,-0.0942,-0.0396,1.0210,8.1787,4.0283,-1.5869,1,466,871,0
33578924,3571,-0.0967,-0.0386,1.0215,8.7891,4.0894,-1.7700,1,466,881,0
33583946,3572,-0.1196,-0.0347,1.0083,9.0332,2.5635,-1.9531,1,466,870,0
33588928,3573,-0.1411,-0.0308,0.9907,9.4604,-0.3052,-1.9531,1,466,884,0
33593948,3574,-0.1401,-0.0308,0.9849,9.8267,-2.9297,-2.1973,1,484,876,0
33598922,3575,-0.1211,-0.0347,0.9927,10.3149,-4.5166,-2.3804,1,466,866,0
33603922,3576,-0.1050,-0.0342,1.0059,10.9253,-5.6152,-2.5024,1,465,885,0
33608931,3577,-0.0918,-0.0361,1.0205,10.5591,-6.3477,-2.3193,1,466,919,0
33613924,3578,-0.0859,-0.0229,1.0225,11.1084,-5.9814,-2.1362,1,507,920,0
33618925,3579,-0.0859,0.0112,1.0171,10.5591,-5.9204,-2.1362,1,496,832,0
33623929,3580,-0.0825,0.0107,1.0186,8.1177,-5.2490,-2.2583,1,479,865,0
33628927,3581,-0.0825,-0.0063,1.0190,8.1177,-4.8828,-2.0142,1,481,854,0
33633929,3582,-0.0845,0.0034,1.0171,7.9346,-4.8218,-1.7700,1,505,851,0
33638925,3583,-0.0859,0.0117,1.0156,5.5542,-4.4556,-1.8921,1,506,822,0
33643928,3584,-0.0898,0.0112,1.0122,5.0659,-4.2114,-1.6479,1,476,847,0
33648929,3585,-0.0928,0.0112,1.0083,4.2114,-4.5776,-1.2207,1,493,856,0
33653930,3586,-0.0986,0.0049,1.0029,2.8076,-4.3335,-1.3428,1,466,882,0
33658922,3587,-0.1079,-0.0010,0.9990,2.6245,-5.4321,-0.9766,1,465,875,0
33663925,3588,-0.1035,-0.0068,1.0034,2.1362,-6.4087,-0.9766,1,466,874,0
33668930,3589,-0.0894,-0.0176,1.0137,2.1362,-6.3477,-1.2207,1,466,877,0
33673923,3590,-0.0762,-0.0264,1.0225,2.6245,-6.1646,-1.2207,1,466,878,0
33678924,3591,-0.0713,-0.0308,1.0225,3.3569,-5.7983,-1.3428,1,466,877,0
33683930,3592,-0.0796,-0.0332,1.0127,4.1504,-5.4321,-1.5259,1,466,909,0
33688924,3593,-0.0933,-0.0342,1.0015,5.1880,-5.8594,-1.6479,1,466,878,0
33693923,3594,-0.1021,-0.0332,0.9966,6.3477,-6.8359,-2.0752,1,466,874,0
33698926,3595,-0.0996,-0.0337,0.9990,7.2021,-7.8125,-2.4414,1,465,877,0
33703924,3596,-0.0928,-0.0342,1.0034,8.3618,-8.0566,-2.6855,1,465,882,0
33708927,3597,-0.0918,-0.0288,1.0063,9.2163,-8.3618,-3.1128,1,511,869,0
33713922,3598,-0.0903,-0.0210,1.0093,9.5825,-9.0942,-3.2349,1,466,921,0
33718925,3599,-0.0879,-0.0132,1.0112,10.0098,-9.5215,-3.2349,1,497,790,0
33723928,3600,-0.0864,-0.0083,1.0137,10.0708,-10.0098,-3.4180,1,496,863,0
33728928,3601,-0.0796,-0.0107,1.0190,10.1318,-10.4370,-3.6011,1,476,865,0
33733928,3602,-0.0737,-0.0132,1.0229,10.8032,-10.4370,-3.6011,1,481,862,0
33738927,3603,-0.0786,-0.0054,1.0215,10.9253,-10.7422,-3.4790,1,480,864,0
33743930,3604,-0.0874,0.0059,1.0176,10.0708,-11.4136,-3.2349,1,509,859,0
33748928,3605,-0.0801,0.0073,1.0234,9.3994,-12.4512,-3.0518,1,470,874,0
33753929,3606,-0.0610,-0.0039,1.0322,9.4604,-12.2070,-3.1738,1,493,861,0
33758926,3607,-0.0591,-0.0137,1.0234,10.1318,-11.4136,-3.6011,1,466,898,0
33763925,3608,-0.0767,-0.0132,1.0034,10.6812,-12.0239,-3.6621,1,466,911,0
33768922,3609,-0.0889,-0.0020,0.9927,10.7422,-13.1836,-3.9673,1,465,914,0
33773926,3610,-0.0874,0.0127,0.9951,10.4980,-13.9160,-4.4556,1,466,906,0
33778922,3611,-0.0913,0.0210,0.9990,9.8877,-14.5874,-5.0049,1,466,914,0
33783922,3612,-0.1064,0.0249,0.9956,9.0942,-16.2964,-5.3101,1,466,895,0
33788929,3613,-0.1221,0.0210,0.9878,8.1787,-18.8599,-5.5542,1,466,891,0
33793925,3614,-0.1289,0.0166,0.9824,7.6294,-21.4233,-5.4321,1,466,886,0
33798924,3615,-0.1167,0.0356,0.9985,6.8359,-24.1699,-5.4321,1,466,908,0
33803928,3616,-0.0903,0.0498,1.0210,4.2114,-25.6348,-5.9204,1,483,907,0
33808942,3617,-0.0845,0.0386,1.0200,2.6245,-25.8789,-6.1035,1,465,898,0
33813930,3618,-0.1191,0.0454,0.9976,1.6479,-28.0762,-5.6763,1,476,897,0
33818926,3619,-0.1455,0.0620,0.9785,-0.6714,-32.8979,-5.7373,1,511,887,0
33823927,3620,-0.1279,0.0498,0.9858,-3.1128,-36.0107,-6.4697,1,501,895,0
33828922,3621,-0.0854,0.0225,1.0215,-3.9062,-37.6587,-6.4087,1,481,812,0
33833930,3622,-0.0435,0.0000,1.0522,-4.5166,-37.5977,-6.5308,1,493,793,0
33838931,3623,-0.0396,-0.0059,1.0469,-4.1504,-36.0107,-7.3242,1,491,800,0
33843929,3624,-0.0688,0.0063,1.0225,-4.5166,-38.4521,-7.4463,1,491,834,0
33848924,3625,-0.0933,0.0146,1.0093,-5.3711,-41.6870,-8.4229,1,487,846,0
33853927,3626,-0.0991,0.0103,1.0151,-5.8594,-45.7764,-9.7046,1,506,845,0
33858923,3627,-0.0903,0.0049,1.0322,-5.7983,-49.1333,-10.6201,1,488,865,0
33863922,3628,-0.0474,0.0063,1.0664,-6.4697,-51.8188,-11.1084,1,466,882,0
33868926,3629,0.0264,0.0024,1.0942,-6.8359,-51.0254,-11.1084,1,466,914,0
33873926,3630,0.0415,0.0044,1.0767,-6.0425,-46.2646,-11.8408,1,466,911,0
33878924,3631,-0.0078,0.0176,1.0386,-6.7139,-47.6074,-12.3901,1,466,911,0
33883925,3632,-0.0376,0.0127,1.0254,-7.6294,-50.1099,-12.6953,1,465,913,0
33888925,3633,-0.0391,-0.0103,1.0327,-6.9580,-50.9033,-12.1460,1,466,912,0
33893923,3634,-0.0161,-0.0205,1.0449,-6.4697,-52.8564,-10.9863,1,466,910,0
33898925,3635,0.0195,-0.0181,1.0537,-5.6763,-52.9785,-10.1929,1,466,924,0
33903947,3636,0.0283,-0.0142,1.0498,-4.3945,-52.1240,-8.6670,1,466,915,0
33908923,3637,0.0146,-0.0039,1.0396,-4.1504,-52.2461,-8.3008,1,466,904,0
33913936,3638,0.0063,-0.0015,1.0317,-4.3945,-53.3447,-7.4463,1,465,887,0
33918931,3639,0.0127,-0.0049,1.0337,-4.3945,-54.8706,-6.4087,1,477,894,0
33923924,3640,0.0439,-0.0107,1.0435,-4.0894,-56.7017,-5.7983,1,511,879,0
33928930,3641,0.0684,-0.0059,1.0513,-4.0894,-57.1899,-6.5918,1,499,892,0
33933922,3642,0.0488,0.0088,1.0557,-5.4932,-62.0117,-7.9956,1,477,808,0
33938929,3643,0.0298,0.0073,1.0566,-7.3853,-68.7256,-9.1553,1,491,791,0
33943923,3644,-0.0024,-0.0029,1.0503,-8.1787,-73.0591,-10.5591,1,489,842,0
33948926,3645,-0.0903,0.0010,1.0459,-9.8267,-79.0405,-11.6577,1,479,848,0
33953929,3646,-0.1655,0.0039,1.0410,-11.0474,-92.4683,-10.9253,1,499,880,0
33958926,3647,-0.1899,0.0024,1.0425,-11.9629,-107.9712,-9.7046,1,472,899,0
33963929,3648,-0.2002,0.0088,1.0503,-13.8550,-121.5210,-8.8501,1,492,888,0
33968922,3649,-0.1973,0.0107,1.0605,-14.4653,-135.6201,-8.0566,1,465,904,0
33973928,3650,-0.2432,0.0200,1.0640,-14.3433,-148.3154,-7.2632,1,466,916,0
33978927,3651,-0.3359,0.0459,1.0938,-16.8457,-164.1846,-8.1787,1,466,916,0
33983929,3652,-0.2007,-0.0049,1.1465,-19.9585,-197.4487,-5.4321,1,465,952,0
33988927,3653,-0.0122,-0.0610,1.1460,-13.4277,-204.7119,-6.6528,1,466,911,0
33993926,3654,-0.4390,0.0015,1.1821,-21.6675,-208.3130,-15.7471,1,466,927,0
33998927,3655,-1.2954,0.1064,1.3843,-37.6587,-265.5029,-21.4233,1,466,931,0
34003930,3656,-1.7935,0.0425,1.6548,-42.6025,-353.3935,-14.4043,1,466,935,0
34008930,3657,-1.2959,0.0146,1.7734,-34.1187,-433.1665,-6.5308,1,466,940,0
34013927,3658,-0.1436,0.2129,1.6313,-39.6729,-500.5493,1.8311,1,483,919,0
34018929,3659,-0.0493,0.4136,1.6890,-79.5898,-472.9614,-20.1416,1,465,910,0
34023930,3660,-1.0664,0.4424,2.0503,-118.4692,-505.3711,-37.5977,1,511,933,0
34028924,3661,-1.4561,0.3140,2.1284,-114.0747,-611.2671,-24.5972,1,474,925,0
34033923,3662,-1.1172,0.1729,1.8130,-127.3193,-642.8832,-26.9775,1,507,879,0
34038924,3663,-0.9033,0.0581,1.4048,-139.1602,-666.1987,-34.1187,1,490,992,0
34043925,3664,-0.8794,-0.0498,1.0703,-130.4321,-704.0405,-37.3535,1,495,805,0
34048924,3665,-0.8594,-0.2695,0.7485,-120.2393,-731.4453,-46.6309,1,496,898,0
34053931,3666,-0.7793,-0.5913,0.4243,-92.2851,-759.3383,-51.8188,1,482,899,0
34058923,3667,-0.6050,-0.5938,0.3140,-46.9971,-784.9731,-49.3164,1,501,904,0
34063922,3668,0.1206,-0.0928,0.6445,-16.1743,-764.2211,-25.4517,1,473,940,0
34068927,3669,2.3906,-0.1040,2.3647,-51.2695,-687.0117,23.2544,1,493,907,0
34073924,3670,4.5938,-1.0249,5.1411,-84.2895,-466.4306,-10.8643,1,466,917,0
34078928,3671,3.7744,-1.7588,6.4297,-23.8647,-212.4634,-39.6118,1,466,981,0
34083930,3672,0.6357,-1.5337,5.3657,39.7949,-92.5903,-24.6582,1,465,947,0
34088922,3673,-1.7852,-0.7900,3.5708,26.2451,-67.9321,-13.0615,1,466,941,0
34093928,3674,-2.1045,-0.3398,2.5972,6.0425,-39.7949,-10.3760,1,466,937,0
34098925,3675,-1.3921,-0.2383,2.3472,27.0386,2.6855,-10.0708,1,466,915,0
34103928,3676,-0.9912,-0.1445,2.0771,44.4946,36.8042,-13.4888,1,466,912,0
34108931,3677,-1.1318,0.0576,1.6187,49.9268,46.6919,-21.3623,1,466,935,0
34113931,3678,-1.3359,0.2817,1.2378,52.1240,41.5649,-31.8603,1,466,940,0
34118924,3679,-1.3008,0.4312,1.1157,50.1099,42.4194,-46.7529,1,483,944,0
34123927,3680,-1.1240,0.4766,1.1982,45.7153,53.0395,-64.2090,1,466,932,0
34128926,3681,-0.9976,0.4644,1.3345,39.8560,66.8335,-81.6040,1,481,934,0
34133926,3682,-0.9648,0.4243,1.4482,29.6020,82.0312,-98.5718,1,469,908,0
34138925,3683,-0.9536,0.3403,1.5493,18.3105,98.2056,-114.3188,1,493,930,0
34143923,3684,-0.8926,0.2114,1.6514,9.8267,116.3940,-126.1597,1,477,925,0
34148923,3685,-0.7817,0.0518,1.7393,2.8076,138.7329,-134.3384,1,481,808,0
34153926,3686,-0.6655,-0.1123,1.7920,-1.4648,163.1470,-138.7329,1,484,887,0
34158930,3687,-0.5664,-0.2646,1.7988,-1.8921,187.1338,-138.8550,1,504,884,0
34163928,3688,-0.4790,-0.3979,1.7603,0.3662,210.7544,-135.9863,1,503,878,0
34168923,3689,-0.3960,-0.5000,1.6919,4.8218,233.2153,-130.9204,1,481,875,0
34173925,3690,-0.3203,-0.5581,1.6055,10.3760,253.2959,-125.0000,1,486,887,0
34178923,3691,-0.2695,-0.5762,1.4995,15.1978,270.9961,-118.5913,1,493,917,0
34183924,3692,-0.2397,-0.5654,1.3789,18.1274,284.1187,-111.6333,1,466,940,0
34188926,3693,-0.2017,-0.5488,1.2617,18.0664,293.3960,-104.6753,1,466,941,0
34193928,3694,-0.1587,-0.5444,1.1626,16.7236,300.9644,-97.6562,1,466,933,0
34198925,3695,-0.1216,-0.5479,1.0835,15.3198,305.5420,-90.2100,1,466,930,0
34203923,3696,-0.0820,-0.5464,1.0156,13.0005,306.7017,-82.9468,1,466,929,0
34208922,3697,-0.0420,-0.5308,0.9473,9.7656,307.3120,-75.9277,1,466,921,0
34213926,3698,-0.0112,-0.5010,0.8838,5.6763,307.1899,-69.3359,1,466,936,0
34218922,3699,0.0063,-0.4609,0.8408,0.3662,305.9692,-63.2935,1,465,908,0
34223924,3700,0.0098,-0.4165,0.8252,-5.9814,304.1992,-57.9834,1,484,911,0
34228926,3701,0.0054,-0.3726,0.8389,-13.1226,300.8423,-53.1616,1,465,911,0
34233927,3702,-0.0005,-0.3369,0.8740,-20.8740,296.9971,-48.5840,1,511,923,0
34238924,3703,-0.0044,-0.3110,0.9292,-29.1138,292.9688,-44.3726,1,473,867,0
34243925,3704,-0.0005,-0.2925,1.0132,-36.9873,288.6963,-39.9780,1,507,952,0
34248929,3705,0.0151,-0.2856,1.1206,-45.1050,286.1328,-35.5835,1,467,789,0
34253931,3706,0.0400,-0.2954,1.2285,-52.3071,285.5225,-30.5786,1,489,817,0
34258930,3707,0.0723,-0.3179,1.3164,-57.9224,287.1094,-24.5361,1,476,905,0
34263923,3708,0.0918,-0.3354,1.3770,-62.6831,290.8936,-17.9443,1,502,885,0
34268922,3709,0.0825,-0.3301,1.4155,-67.0776,294.4336,-10.8643,1,504,880,0
34273922,3710,0.0547,-0.3027,1.4497,-72.0215,296.0205,-3.0518,1,491,894,0
34278930,3711,0.0376,-0.2656,1.4995,-77.4536,296.5698,4.9438,1,493,874,0
34283927,3712,0.0547,-0.2280,1.5713,-82.7637,297.7905,13.0615,1,466,918,0
34288922,3713,0.1001,-0.1919,1.6465,-87.2803,301.4526,20.8740,1,465,934,0
34293923,3714,0.1426,-0.1494,1.7036,-90.8203,306.8848,27.5879,1,466,923,0
34298925,3715,0.1665,-0.0967,1.7329,-93.8721,312.1948,33.2642,1,466,933,0
34303927,3716,0.1772,-0.0449,1.7344,-97.2290,316.5283,38.2080,1,466,929,0
34308923,3717,0.1807,-0.0059,1.7173,-100.0366,319.9463,42.7246,1,466,927,0
34313927,3718,0.1855,0.0166,1.6929,-101.5015,321.8383,47.2412,1,466,927,0
34318928,3719,0.1953,0.0254,1.6680,-101.2573,322.6928,51.6357,1,466,946,0
34323929,3720,0.2017,0.0332,1.6445,-98.7549,322.5097,55.7251,1,483,948,0
34328926,3721,0.2002,0.0581,1.6265,-93.9941,320.2515,59.3872,1,466,936,0
34333928,3722,0.1997,0.1060,1.6177,-88.6230,317.0166,61.8286,1,477,931,0
34338931,3723,0.2139,0.1694,1.6230,-83.6182,313.5986,62.8662,1,465,924,0
34343925,3724,0.2451,0.2349,1.6436,-79.0405,311.0962,62.5610,1,510,875,0
34348925,3725,0.2710,0.2876,1.6660,-74.8901,310.5469,60.6689,1,499,962,0
34353926,3726,0.2666,0.3267,1.6797,-71.2280,310.0586,57.3730,1,480,810,0
34358929,3727,0.2437,0.3530,1.6895,-68.3594,308.2886,53.5278,1,486,896,0
34363924,3728,0.2319,0.3657,1.7056,-65.6738,306.7017,49.1333,1,490,879,0
34368926,3729,0.2373,0.3638,1.7251,-62.7441,306.2744,44.3115,1,504,879,0
34373929,3730,0.2432,0.3521,1.7358,-59.2041,305.9692,39.3066,1,469,909,0
34378929,3731,0.2402,0.3394,1.7363,-56.2134,305.4810,34.2407,1,487,892,0
34383929,3732,0.2231,0.3267,1.7412,-54.5654,304.1382,29.1138,1,466,898,0
34388929,3733,0.2002,0.3071,1.7700,-53.8940,301.8188,24.1089,1,466,935,0
34393930,3734,0.1958,0.2749,1.8311,-53.5889,298.9502,19.8975,1,466,925,0
34398925,3735,0.2266,0.2251,1.9097,-53.8940,298.2788,16.6016,1,466,926,0
34403926,3736,0.2798,0.1646,1.9795,-54.0161,300.5981,14.4043,1,466,922,0
34408924,3737,0.3252,0.1099,2.0151,-53.5889,304.6265,13.2446,1,466,929,0
34413926,3738,0.3491,0.0771,2.0083,-53.1616,307.8003,12.5732,1,466,933,0
34418939,3739,0.3657,0.0654,1.9712,-53.1006,309.1431,12.2070,1,466,934,0
34423924,3740,0.3965,0.0625,1.9214,-53.5278,309.6313,12.0239,1,466,925,0
34428927,3741,0.4429,0.0586,1.8623,-54.1382,309.0820,11.7798,1,483,935,0
34433925,3742,0.4956,0.0527,1.7910,-54.8706,307.5562,11.5356,1,475,927,0
34438929,3743,0.5410,0.0459,1.7070,-55.9692,304.5654,11.4136,1,511,935,0
34443928,3744,0.5703,0.0522,1.6201,-57.9224,298.7671,11.2305,1,483,874,0
34448930,3745,0.5942,0.0679,1.5483,-60.7300,290.8936,11.0474,1,510,879,0
34453926,3746,0.6299,0.0708,1.5015,-63.5986,282.4097,10.3149,1,468,852,0
34458925,3747,0.6792,0.0605,1.4673,-65.6738,273.4985,9.5215,1,496,816,0
34463922,3748,0.7280,0.0435,1.4321,-67.8711,264.7705,8.9722,1,479,864,0
34468929,3749,0.7681,0.0312,1.3970,-70.0073,255.2490,8.3008,1,502,860,0
34473928,3750,0.8130,0.0239,1.3706,-72.1436,244.8730,8.1177,1,503,885,0
34478926,3751,0.8677,0.0054,1.3540,-74.2798,234.8022,7.9956,1,486,887,0
34483923,3752,0.9224,-0.0171,1.3369,-75.4395,223.6938,8.4229,1,489,883,0
34488931,3753,0.9795,-0.0308,1.3154,-76.7822,210.9985,9.3994,1,466,887,0
34493926,3754,1.0532,-0.0366,1.2930,-77.6978,198.3032,10.6201,1,466,917,0
34498925,3755,1.1548,-0.0327,1.2661,-77.7588,186.0351,12.0850,1,466,936,0
34503927,3756,1.2798,-0.0215,1.2295,-77.3926,174.9878,13.4277,1,466,937,0
34508931,3757,1.4053,-0.0024,1.1753,-76.1719,165.1001,14.2212,1,466,933,0
34513925,3758,1.5020,0.0229,1.0913,-73.9136,154.3579,14.4043,1,466,922,0
34518930,3759,1.5674,0.0483,0.9790,-71.2891,140.7471,13.8550,1,466,927,0
34523939,3760,1.6270,0.0630,0.8633,-67.5659,124.5117,13.5498,1,466,919,0
34528929,3761,1.7095,0.0605,0.7725,-62.3779,106.3843,14.0381,1,465,940,0
34533931,3762,1.8071,0.0410,0.7109,-54.9316,89.0503,14.8926,1,484,933,0
34538929,3763,1.8789,0.0132,0.6553,-44.3726,71.2280,16.0522,1,473,931,0
34543928,3764,1.9136,0.0020,0.5967,-31.9214,50.4150,17.9443,1,511,921,0
34548923,3765,1.9341,0.0181,0.5552,-20.0195,28.0151,19.7144,1,482,910,0
34553929,3766,1.9478,0.0435,0.5425,-9.7656,6.4697,20.5078,1,494,935,0
34558929,3767,1.9478,0.0537,0.5566,-0.4883,-14.4043,20.5688,1,466,785,0
34563923,3768,1.9370,0.0391,0.5952,8.6060,-35.2783,20.2637,1,489,907,0
34568929,3769,1.9292,0.0146,0.6470,17.4561,-55.8472,19.3481,1,481,859,0
34573924,3770,1.9155,-0.0112,0.6997,24.4141,-74.5850,17.8223,1,495,873,0
34578925,3771,2.1729,0.2080,0.5918,30.2734,-109.1919,11.3525,1,501,875,0
34583925,3772,1.9614,1.3047,-0.8042,52.3071,-274.6582,-22.8882,1,492,930,0
34588927,3773,-0.0464,1.5747,-1.9751,-82.5195,-318.9087,-74.5850,1,491,906,0
34593923,3774,-1.0503,-0.0796,-0.6777,-139.6484,-370.1172,-75.3784,1,466,898,0
34598924,3775,0.1694,-1.5737,1.0078,5.3101,-350.5249,-36.7432,1,466,932,0
34603925,3776,0.1182,-2.2910,1.5156,31.1279,-227.0508,-69.6411,1,466,912,0
34608925,3777,-1.2769,-2.6851,1.1816,97.3511,-291.2598,-55.5420,1,466,940,0
34613928,3778,-1.7114,-2.3965,0.3936,199.8901,-403.0761,-21.2402,1,466,934,0
34618928,3779,-0.8286,-1.5093,-0.2021,184.2651,-436.2182,-1.4648,1,466,949,0
34623922,3780,0.4346,-0.6802,-0.4536,144.8975,-470.0317,35.2783,1,466,935,0
34628922,3781,0.8994,-0.3276,-0.2783,52.7954,-465.6982,60.2417,1,466,931,0
34633923,3782,0.3740,-0.4038,0.5850,-4.3945,-483.7646,83.8013,1,466,948,0
34638925,3783,-0.0146,-0.2871,1.8223,19.0430,-522.5830,103.6987,1,484,925,0
34643934,3784,0.3530,0.4048,2.8325,46.6919,-512.0850,102.6611,1,466,934,0
34648926,3785,1.0781,1.3677,3.2827,58.7158,-471.7407,85.1440,1,484,937,0
34653930,3786,1.5576,2.0469,3.2642,55.7251,-420.4101,54.6875,1,492,936,0
34658928,3787,1.5444,2.1367,3.0205,47.4243,-369.9341,21.6675,1,484,929,0
34663931,3788,1.1548,1.6919,2.6973,38.7573,-330.4443,-3.3569,1,493,972,0
34668930,3789,0.6494,0.9780,2.4297,30.2734,-310.1196,-21.2402,1,489,846,0
34673922,3790,0.3672,0.2676,2.3809,17.0898,-302.8564,-27.4658,1,475,842,0
34678929,3791,0.2534,-0.5649,2.5786,2.7466,-284.9731,-19.7754,1,484,878,0
34683924,3792,-0.0322,-1.8330,3.3271,8.0566,-233.0932,21.7895,1,498,873,0
34688923,3793,0.5806,-2.6479,3.9775,77.8809,-285.3394,62.8052,1,480,901,0
34693923,3794,1.7861,-2.2529,3.6245,123.3520,-193.5425,73.3032,1,484,899,0
34698926,3795,1.6401,-0.9644,2.7866,143.9209,-95.7642,61.0962,1,493,925,0
34703922,3796,0.6123,0.6069,2.1299,141.0522,-90.6982,52.7344,1,465,933,0
34708922,3797,0.0483,1.5947,1.8271,115.1123,-89.8437,43.3960,1,466,938,0
34713922,3798,0.0171,1.5752,1.7085,68.9697,-52.6123,23.4985,1,466,949,0
34718930,3799,0.0620,0.7622,1.6035,41.9922,-35.4614,14.2822,1,466,930,0
34723925,3800,0.0913,-0.1978,1.4185,44.2505,-34.9731,14.8315,1,465,935,0
34728927,3801,0.0781,-0.7207,1.2148,56.8237,-28.8696,16.6626,1,466,931,0
34733931,3802,-0.0068,-0.6172,1.0776,71.5332,-25.6958,17.8833,1,466,935,0
34738923,3803,-0.1235,-0.1240,1.0249,76.8433,-26.9165,16.5405,1,466,922,0
34743923,3804,-0.1758,0.3472,1.0854,66.5283,-30.4565,12.5122,1,483,927,0
34748926,3805,-0.1211,0.5645,1.2461,51.3306,-30.8838,8.4229,1,465,934,0
34753922,3806,0.0659,0.3384,1.3848,21.3623,-20.0806,1.7700,1,484,908,0
34758925,3807,0.0132,0.0635,1.2100,15.0146,-12.0239,1.3428,1,492,897,0
34763926,3808,-0.0986,-0.1113,1.0493,15.5029,-15.5640,1.6479,1,489,908,0
34768926,3809,-0.1211,-0.1138,1.0200,16.9067,-19.5312,1.9531,1,492,961,0
34773923,3810,-0.0625,-0.0205,1.0801,15.1367,-16.9067,1.1597,1,472,813,0
34778922,3811,-0.0229,0.0557,1.1226,10.9253,-12.1460,0.3662,1,502,882,0
34783931,3812,-0.0474,0.0591,1.1001,7.6904,-10.2539,-0.1221,1,487,868,0
34788924,3813,-0.0918,0.0112,1.0542,6.0425,-11.9019,-0.1831,1,501,859,0
34793931,3814,-0.1030,-0.0405,1.0303,6.0425,-13.6719,-0.5493,1,482,843,0
34798923,3815,-0.0918,-0.0747,1.0229,7.0190,-13.6108,-1.3428,1,479,862,0
34803925,3816,-0.0864,-0.0869,1.0249,8.2397,-14.0991,-1.9531,1,493,867,0
34808928,3817,-0.0791,-0.0728,1.0371,9.3384,-15.4419,-2.1362,1,465,905,0
34813927,3818,-0.0688,-0.0454,1.0454,9.2163,-14.7095,-2.4414,1,466,901,0
34818930,3819,-0.0703,-0.0288,1.0405,8.3008,-14.1602,-2.5635,1,466,906,0
34823928,3820,-0.0688,-0.0264,1.0356,7.7515,-14.8315,-2.1362,1,466,892,0
34828930,3821,-0.0537,-0.0210,1.0420,7.3242,-14.2212,-1.8921,1,466,905,0
34833929,3822,-0.0503,-0.0142,1.0405,6.4697,-12.3291,-2.1362,1,466,894,0
34838923,3823,-0.0757,-0.0166,1.0195,5.6152,-12.2681,-2.3804,1,465,903,0
34843928,3824,-0.1021,-0.0283,1.0010,5.3101,-14.3433,-2.5635,1,466,898,0
34848922,3825,-0.1006,-0.0317,1.0059,5.4321,-15.9302,-2.7466,1,483,888,0
34853938,3826,-0.0698,-0.0220,1.0298,5.0049,-15.8691,-3.1738,1,465,892,0
34858922,3827,-0.0366,-0.0146,1.0498,4.3335,-13.9770,-3.1738,1,483,896,0
34863923,3828,-0.0298,-0.0137,1.0498,3.6011,-11.7187,-2.9907,1,492,848,0
34868930,3829,-0.0439,-0.0186,1.0356,2.9907,-10.9863,-2.8687,1,496,922,0
34873929,3830,-0.0498,-0.0278,1.0288,2.6245,-10.9863,-2.6855,1,474,829,0
34878930,3831,-0.0420,-0.0332,1.0342,2.5635,-9.7046,-2.5635,1,482,786,0
34883930,3832,-0.0381,-0.0312,1.0391,2.5024,-8.1177,-2.6245,1,486,830,0
34888928,3833,-0.0430,-0.0264,1.0366,2.3193,-7.5684,-2.5635,1,491,854,0
34893925,3834,-0.0435,-0.0288,1.0337,2.2583,-7.0801,-2.5024,1,501,833,0
34898928,3835,-0.0322,-0.0361,1.0361,2.6855,-5.9814,-2.4414,1,473,847,0
34903929,3836,-0.0215,-0.0400,1.0391,2.9907,-3.6621,-2.5024,1,493,863,0
34908922,3837,-0.0234,-0.0444,1.0386,3.2349,-1.7090,-2.6855,1,466,874,0
34913928,3838,-0.0308,-0.0464,1.0352,3.9673,-0.5493,-2.5635,1,466,878,0
34918931,3839,-0.0376,-0.0405,1.0293,4.5166,0.1831,-2.5635,1,466,875,0
34923926,3840,-0.0435,-0.0356,1.0249,4.5166,1.1597,-2.8076,1,466,880,0
34928924,3841,-0.0425,-0.0366,1.0273,4.8828,1.2817,-3.1738,1,466,883,0
34933928,3842,-0.0337,-0.0337,1.0342,5.4932,2.1973,-3.0518,1,466,889,0
34938925,3843,-0.0288,-0.0254,1.0381,5.6152,3.8452,-3.4180,1,466,874,0
34943941,3844,-0.0352,-0.0200,1.0352,5.7373,4.7607,-3.7842,1,466,883,0
34948925,3845,-0.0513,-0.0205,1.0239,5.6152,5.2490,-3.9673,1,466,878,0
34953922,3846,-0.0708,-0.0195,1.0137,5.7373,4.6387,-4.0894,1,484,882,0
34958922,3847,-0.0806,-0.0171,1.0122,5.4932,3.4790,-4.3945,1,482,866,0
34963930,3848,-0.0747,-0.0166,1.0171,5.5542,2.5024,-4.8218,1,510,866,0
34968930,3849,-0.0591,-0.0205,1.0234,5.4932,2.0142,-5.0659,1,468,916,0
34973926,3850,-0.0479,-0.0254,1.0234,5.9204,2.2583,-5.0659,1,497,793,0
34978924,3851,-0.0552,-0.0293,1.0127,5.9814,2.6855,-4.6997,1,483,758,0
34983923,3852,-0.0781,-0.0303,0.9985,6.3477,1.8921,-4.5776,1,489,836,0
34988928,3853,-0.0942,-0.0376,0.9902,6.6528,0.1221,-4.3335,1,476,829,0
34993926,3854,-0.0933,-0.0396,0.9863,7.3853,-1.3428,-3.7231,1,492,854,0
34998923,3855,-0.0864,-0.0371,0.9858,8.2397,-2.8076,-3.8452,1,508,832,0
35003925,3856,-0.0859,-0.0435,0.9854,9.0942,-3.4790,-4.5776,1,477,860,0
35008922,3857,-0.0854,-0.0366,0.9922,10.4980,-5.3711,-4.7607,1,494,852,0
35013922,3858,-0.0708,-0.0254,1.0078,10.7422,-6.9580,-4.7607,1,466,894,0
35018922,3859,-0.0518,-0.0244,1.0190,11.1084,-6.6528,-4.7607,1,465,895,0
35023927,3860,-0.0386,-0.0234,1.0249,12.0239,-6.4087,-4.6997,1,466,898,0
35028922,3861,-0.0347,-0.0107,1.0303,12.2681,-6.1035,-4.4556,1,466,898,0
35033925,3862,-0.0518,0.0063,1.0254,11.8408,-5.6763,-4.6997,1,466,892,0
35038926,3863,-0.0903,0.0112,1.0049,11.1084,-7.2632,-4.8218,1,466,895,0
35043924,3864,-0.1152,0.0093,0.9873,10.5591,-10.9253,-4.3945,1,466,893,0
35048924,3865,-0.1016,0.0068,0.9893,9.8877,-13.6719,-3.9673,1,466,912,0
35053929,3866,-0.0791,-0.0020,0.9937,9.5825,-14.4653,-3.5400,1,483,892,0
35058940,3867,-0.0835,-0.0088,0.9858,9.7656,-15.7471,-2.8076,1,466,896,0
35063930,3868,-0.1079,-0.0034,0.9702,9.5825,-18.5547,-2.3804,1,484,883,0
35068922,3869,-0.1353,0.0015,0.9536,9.4604,-21.9727,-2.1362,1,492,878,0
35073922,3870,-0.1533,-0.0015,0.9448,9.3384,-26.1230,-2.0752,1,498,924,0
35078930,3871,-0.1528,-0.0083,0.9443,9.4604,-30.5176,-2.0142,1,479,773,0
35083922,3872,-0.1509,-0.0059,0.9468,9.8877,-35.0342,-2.1973,1,474,784,0
35088928,3873,-0.1670,0.0161,0.9468,9.4604,-40.1611,-2.8076,1,486,833,0
35093928,3874,-0.1851,0.0425,0.9453,7.9956,-46.9360,-4.0894,1,490,853,0
35098929,3875,-0.1968,0.0542,0.9487,6.0425,-53.9551,-5.6763,1,494,871,0
35103929,3876,-0.1401,0.0645,1.0156,3.6011,-60.9131,-7.1411,1,485,847,0
35108922,3877,0.0107,0.0498,1.1216,-0.1831,-61.3403,-8.6060,1,488,864,0
35113926,3878,0.0874,0.0039,1.1489,-0.7324,-53.2837,-10.9253,1,466,896,0
35118928,3879,0.0254,-0.0098,1.1035,-0.5493,-52.7344,-11.2915,1,466,913,0
35123924,3880,-0.0229,0.0166,1.0815,-2.0142,-56.7627,-10.6201,1,466,914,0
35128924,3881,0.0166,0.0317,1.0942,-4.9438,-55.9082,-10.0098,1,466,917,0
35133929,3882,0.0518,0.0234,1.0894,-5.8594,-51.3916,-9.6436,1,466,907,0
35138927,3883,0.0415,0.0107,1.0742,-6.6528,-51.7578,-8.4229,1,466,894,0
35143926,3884,0.0498,-0.0059,1.0679,-6.6528,-52.0630,-7.7515,1,466,904,0
35148925,3885,0.0737,-0.0146,1.0649,-5.4321,-49.4385,-8.2397,1,466,894,0
35153930,3886,0.0596,-0.0142,1.0566,-5.2490,-46.9971,-8.1787,1,466,908,0
35158925,3887,0.0078,-0.0122,1.0474,-5.2490,-47.8516,-7.0190,1,484,898,0
35163922,3888,-0.0190,-0.0063,1.0459,-5.5542,-51.8188,-5.1880,1,469,892,0
35168922,3889,0.0010,-0.0015,1.0522,-6.0425,-54.8706,-3.7842,1,485,885,0
35173928,3890,0.0142,0.0078,1.0586,-6.4697,-56.2134,-2.9297,1,465,923,0
35178930,3891,0.0024,0.0269,1.0596,-8.2397,-61.5234,-1.8921,1,510,922,0
35183925,3892,-0.0034,0.0366,1.0547,-10.0098,-67.6270,-1.5259,1,510,882,0
35188922,3893,0.0044,0.0366,1.0513,-11.7187,-71.8994,-1.6479,1,498,799,0
35193923,3894,0.0210,0.0312,1.0518,-13.7939,-76.2939,-2.4414,1,484,861,0
35198926,3895,0.0396,0.0264,1.0596,-15.3198,-80.8716,-4.5166,1,506,891,0
35203926,3896,0.0303,0.0366,1.0591,-17.7002,-89.0503,-5.4321,1,490,893,0
35208929,3897,-0.0459,0.0479,1.0513,-20.5688,-96.5576,-4.8828,1,483,867,0
35213922,3898,-0.1396,0.0449,1.0430,-22.5220,-109.0698,-4.3335,1,493,888,0
35218931,3899,-0.2393,0.0498,1.0391,-23.3765,-118.2861,-5.0659,1,493,894,0
35223923,3900,-0.4204,0.0840,1.0361,-27.7100,-135.7422,-6.2256,1,466,923,0
35228926,3901,-0.6382,0.1445,1.0254,-32.8979,-164.1235,-7.0190,1,466,913,0
35233927,3902,-0.8076,0.2153,1.0713,-40.0391,-195.6177,-8.7280,1,466,923,0
35238923,3903,-0.6748,0.2036,1.1938,-54.3213,-239.3799,-8.6060,1,466,912,0
35243930,3904,-0.3076,0.2036,1.2993,-58.4106,-268.3716,-10.6812,1,465,929,0
35248930,3905,-0.4272,0.3296,1.3687,-78.0640,-286.8042,-15.3809,1,466,936,0
35253939,3906,-1.1274,0.4375,1.5757,-109.5581,-348.2666,-14.2212,1,466,923,0
35258928,3907,-1.4468,0.4355,1.8486,-126.7090,-450.5615,-5.5542,1,466,946,0
35263926,3908,-0.9673,0.5151,1.9150,-141.4795,-511.6577,-3.7842,1,483,931,0
35268957,3909,-0.6841,0.7661,1.9053,-184.2041,-543.7012,-13.1226,1,477,921,0
35273929,3910,-1.2153,0.8359,2.1138,-246.2158,-580.2002,-30.5786,1,484,931,0
35278927,3911,-1.8335,0.7314,2.2832,-263.7939,-674.0722,-31.7383,1,482,931,0
35283922,3912,-1.9106,0.6265,1.9829,-286.6821,-755.4931,-29.4189,1,511,890,0
35288922,3913,-1.6685,0.4604,1.3574,-335.8154,-797.4243,-53.7720,1,478,937,0
35293928,3914,-1.3809,0.2041,0.7334,-352.1118,-835.9985,-77.2705,1,479,826,0
35298929,3915,-1.2231,-0.2603,0.1841,-336.7309,-860.4736,-97.6562,1,481,906,0
35303928,3916,-1.2588,-1.0024,-0.3350,-295.3491,-897.7050,-112.3047,1,504,897,0
35308929,3917,-0.9214,-1.2163,-0.3789,-206.2378,-949.9511,-105.9570,1,494,897,0
35313926,3918,1.1240,-0.3960,0.9165,-120.7886,-910.7055,-72.0215,1,483,927,0
35318922,3919,4.1328,-0.1704,3.9023,-109.1919,-687.7441,-75.8057,1,484,908,0
35323931,3920,5.2109,-1.1147,6.6958,-59.5703,-414.9780,-120.7275,1,466,911,0
35328930,3921,3.4980,-1.7393,7.1323,54.6265,-163.4521,-138.6719,1,466,958,0
35333930,3922,0.5898,-1.4463,5.6919,87.8906,7.9956,-135.5591,1,466,949,0
35338922,3923,-1.5483,-0.8125,3.9023,74.2188,78.2471,-126.0376,1,466,921,0
35343926,3924,-2.1069,-0.4668,2.6011,68.7866,88.6841,-109.5581,1,466,964,0
35348925,3925,-1.6514,-0.4873,1.7915,71.7163,107.4219,-103.4546,1,466,931,0
35353929,3926,-1.2070,-0.6226,1.2446,78.6743,128.6011,-102.8442,1,466,942,0
35358922,3927,-1.1475,-0.6841,0.8638,86.3037,125.2441,-97.4121,1,466,935,0
35363925,3928,-1.2266,-0.6650,0.6890,87.2803,109.1309,-91.5527,1,466,944,0
35368929,3929,-1.1846,-0.6475,0.7490,83.0688,97.5342,-84.9609,1,483,937,0
35373931,3930,-1.0083,-0.6748,0.9727,81.6040,98.0225,-77.8809,1,465,934,0
35378922,3931,-0.8193,-0.7241,1.2432,78.9795,109.4971,-70.8618,1,484,921,0
35383927,3932,-0.6899,-0.7656,1.4814,74.9512,127.1973,-63.2935,1,511,927,0
35388928,3933,-0.5952,-0.7876,1.6533,70.9839,148.4375,-54.6265,1,498,928,0
35393923,3934,-0.4980,-0.7935,1.7534,67.3828,174.1943,-45.7153,1,499,958,0
35398928,3935,-0.4097,-0.7803,1.7905,65.7959,202.3315,-37.6587,1,466,870,0
35403926,3936,-0.3457,-0.7412,1.7749,67.0166,229.0039,-30.5786,1,487,828,0
35408929,3937,-0.2925,-0.6792,1.7148,69.8242,252.3193,-24.7192,1,492,908,0
35413930,3938,-0.2227,-0.5986,1.6245,73.0591,271.9727,-20.0806,1,490,895,0
35418929,3939,-0.1260,-0.5127,1.5186,75.1343,290.5273,-17.5781,1,501,873,0
35423930,3940,-0.0425,-0.4375,1.3975,76.8433,307.8613,-17.3340,1,490,894,0
35428926,3941,-0.0083,-0.3613,1.2661,78.1250,320.6177,-18.9819,1,493,889,0
35433926,3942,-0.0093,-0.2725,1.1616,76.4160,326.5991,-22.9492,1,466,917,0
35438930,3943,0.0020,-0.1938,1.1255,70.7397,327.4536,-27.9541,1,466,930,0
35443922,3944,0.0684,-0.1553,1.1450,63.8428,327.8808,-33.0200,1,466,928,0
35448929,3945,0.1772,-0.1558,1.1660,57.6172,331.2378,-37.9639,1,466,930,0
35453925,3946,0.2729,-0.1724,1.1455,52.1851,337.4633,-43.3350,1,466,935,0
35458930,3947,0.3169,-0.1978,1.0786,47.5464,343.2007,-48.7671,1,465,945,0
35463922,3948,0.3169,-0.2383,0.9966,43.7012,345.0927,-53.0395,1,466,934,0
35468928,3949,0.3037,-0.2949,0.9258,41.0156,342.9565,-55.2978,1,466,935,0
35473924,3950,0.2852,-0.3613,0.8740,38.8184,338.5009,-55.5420,1,484,946,0
35478943,3951,0.2573,-0.4233,0.8384,36.6211,331.0547,-53.5278,1,465,932,0
35483927,3952,0.2373,-0.4639,0.8252,33.2642,321.1670,-49.2554,1,482,934,0
35488925,3953,0.2358,-0.4849,0.8452,27.8320,311.7676,-43.3350,1,484,926,0
35493929,3954,0.2441,-0.4985,0.9019,21.3013,304.5044,-36.4990,1,465,935,0
35498926,3955,0.2476,-0.5063,0.9800,14.2212,299.1943,-29.1138,1,510,949,0
35503922,3956,0.2378,-0.5010,1.0625,6.4087,295.2881,-21.1792,1,474,812,0
35508931,3957,0.2134,-0.4780,1.1455,-2.9907,292.6636,-13.4888,1,503,884,0
35513926,3958,0.1812,-0.4419,1.2334,-13.4888,290.1001,-6.2256,1,498,883,0
35518924,3959,0.1675,-0.4014,1.3330,-24.3530,287.5977,1.0376,1,504,859,0
35523926,3960,0.1855,-0.3735,1.4365,-35.2783,287.9028,8.1787,1,482,863,0
35528928,3961,0.2144,-0.3628,1.5200,-44.4336,291.7480,15.4419,1,487,892,0
35533925,3962,0.2241,-0.3560,1.5649,-51.3306,296.0205,22.7051,1,493,901,0
35538928,3963,0.2148,-0.3389,1.5771,-56.2744,298.7061,29.7852,1,466,929,0
35543924,3964,0.2075,-0.3120,1.5737,-59.8755,300.3540,36.3159,1,466,936,0
35548923,3965,0.2114,-0.2808,1.5630,-61.8286,301.5747,42.4194,1,466,930,0
35553930,3966,0.2197,-0.2451,1.5459,-62.3779,301.8799,47.7295,1,466,938,0
35558928,3967,0.2236,-0.2026,1.5278,-62.3169,300.8423,51.8188,1,466,939,0
35563923,3968,0.2271,-0.1509,1.5195,-62.0117,298.7061,54.6265,1,466,936,0
35568928,3969,0.2466,-0.0957,1.5283,-62.0117,296.7529,56.3354,1,466,927,0
35573928,3970,0.2866,-0.0474,1.5488,-62.5610,296.5698,56.7627,1,466,941,0
35578925,3971,0.3213,-0.0088,1.5654,-62.3779,297.6685,56.1523,1,466,939,0
35583928,3972,0.3286,0.0269,1.5693,-61.7065,298.3398,54.6875,1,465,935,0
35588952,3973,0.3228,0.0659,1.5664,-61.4014,297.8516,52.4292,1,484,937,0
35593924,3974,0.3237,0.1035,1.5708,-60.9741,297.0581,49.4995,1,484,930,0
35598926,3975,0.3315,0.1343,1.5850,-60.6079,296.9360,45.4712,1,480,928,0
35603928,3976,0.3320,0.1709,1.6211,-59.1431,296.0205,36.3159,1,504,932,0
35608929,3977,0.3218,0.1772,1.6328,-58.2886,294.9829,31.6772,1,482,799,0
35613923,3978,0.3164,0.1729,1.6431,-57.6782,293.6401,27.0996,1,506,883,0
35618924,3979,0.3169,0.1553,1.6592,-56.5796,292.4805,22.8271,1,500,913,0
35623928,3980,0.3140,0.1323,1.6870,-54.9316,291.0767,19.2871,1,501,883,0
35628931,3981,0.3125,0.1118,1.7324,-54.0161,289.8560,16.2354,1,476,904,0
35633923,3982,0.3159,0.0986,1.7905,-53.5278,289.6729,13.8550,1,483,901,0
35638924,3983,0.3169,0.0952,1.8462,-53.5889,290.2832,11.8408,1,492,909,0
35643926,3984,0.3232,0.0918,1.8906,-54.7485,291.5039,10.3149,1,466,931,0
35648922,3985,0.3477,0.0752,1.9204,-56.1523,294.1284,9.5825,1,465,935,0
35653922,3986,0.3779,0.0459,1.9229,-55.9082,298.0957,9.3384,1,466,920,0
35658931,3987,0.3965,0.0171,1.8984,-54.4434,301.2695,10.0098,1,466,911,0
35663925,3988,0.4131,-0.0068,1.8604,-52.6123,302.4902,11.1694,1,466,917,0
35668929,3989,0.4390,-0.0278,1.8140,-50.3540,302.9785,12.6343,1,466,928,0
35673922,3990,0.4722,-0.0400,1.7612,-48.5229,302.5513,14.3433,1,465,934,0
35678924,3991,0.5103,-0.0454,1.7090,-47.9736,301.1475,15.9912,1,466,933,0
35683925,3992,0.5479,-0.0508,1.6626,-47.9126,298.2178,17.8223,1,483,932,0
35688923,3993,0.5850,-0.0576,1.6216,-48.0347,294.3115,19.3481,1,465,921,0
35693922,3994,0.6191,-0.0625,1.5786,-48.5840,289.7949,20.5688,1,484,928,0
35698925,3995,0.6479,-0.0718,1.5298,-49.6216,284.1797,21.4844,1,491,926,0
35703922,3996,0.6714,-0.0898,1.4795,-50.5371,276.9775,22.2168,1,468,958,0
35708925,3997,0.7036,-0.1074,1.4380,-51.5747,268.1274,22.8271,1,500,960,0
35713925,3998,0.7617,-0.1167,1.4175,-53.8330,258.7280,23.4985,1,502,929,0
35718927,3999,0.8472,-0.1279,1.4189,-57.3730,250.0000,24.5361,1,486,844,0
35723929,4000,0.9438,-0.1470,1.4170,-61.6455,242.4927,26.0620,1,509,855,0
35728922,4001,1.0347,-0.1680,1.3843,-65.9790,235.2905,28.2593,1,495,897,0
35733925,4002,1.1177,-0.1816,1.3091,-69.9463,226.8066,31.2500,1,475,933,0
35738923,4003,1.1948,-0.1738,1.1948,-72.8149,217.0410,34.2407,1,479,906,0
35743922,4004,1.2646,-0.1318,1.0640,-75.4395,203.1860,36.7432,1,493,909,0
35748928,4005,1.3428,-0.0610,0.9536,-78.1250,186.6455,37.9028,1,465,928,0
35753927,4006,1.4526,0.0112,0.9009,-80.1392,170.3491,37.3535,1,466,926,0
35758922,4007,1.5918,0.0547,0.9009,-79.8340,156.0059,35.4614,1,466,924,0
35763929,4008,1.7256,0.0771,0.9023,-76.1719,142.2729,32.6538,1,466,910,0
35768926,4009,1.8179,0.1060,0.8608,-70.6787,128.6011,29.0527,1,466,925,0
35773930,4010,1.8721,0.1489,0.7803,-64.5142,111.5723,24.2310,1,466,923,0
35778943,4011,1.9351,0.1753,0.6914,-56.2744,91.9189,18.8599,1,466,930,0
35783930,4012,2.0376,0.1597,0.6089,-44.9829,70.7397,13.4277,1,466,930,0
35788924,4013,2.1465,0.1284,0.5234,-31.2500,50.1709,8.6670,1,484,931,0
35793950,4014,2.2075,0.1133,0.4360,-17.8833,27.6489,4.4556,1,484,920,0
35798923,4015,2.2075,0.1084,0.3726,-6.1646,2.4414,0.3662,1,484,905,0
35803926,4016,2.1875,0.0918,0.3589,5.1880,-24.7192,-3.0518,1,481,921,0
35808930,4017,2.1841,0.0518,0.3999,15.6860,-52.0019,-5.1270,1,505,951,0
35813928,4018,2.3154,0.1094,0.4785,24.8413,-83.4961,-8.4229,1,466,789,0
35818924,4019,2.4326,0.9116,-0.6855,41.5039,-252.6855,-20.7520,1,496,798,0
35823930,4020,0.6108,1.4341,-2.0601,-35.8887,-311.7065,-62.9272,1,487,929,0
35828925,4021,-1.0601,0.3276,-0.9482,-121.4600,-347.6562,-83.2519,1,492,877,0
35833930,4022,-0.1841,-1.0278,0.9185,-9.4604,-358.8257,-40.9546,1,492,921,0
35838928,4023,-0.1797,-1.7402,1.5933,23.0103,-237.5488,-69.7632,1,474,891,0
35843927,4024,-1.5269,-2.1636,1.3516,59.0210,-295.8984,-72.5098,1,493,904,0
35848922,4025,-1.7783,-1.9888,0.5205,168.5181,-418.2129,-38.7573,1,466,925,0
35853925,4026,-0.7051,-1.1387,-0.2793,154.2969,-439.9414,-19.0430,1,466,942,0
35858927,4027,0.4585,-0.2930,-0.6260,104.0039,-471.6797,8.4229,1,466,924,0
35863925,4028,0.7798,-0.0566,-0.2256,20.9351,-490.4785,26.7944,1,466,922,0
35868928,4029,0.3296,-0.3716,1.0732,-19.2871,-505.9814,41.9311,1,466,936,0
35873923,4030,0.1255,-0.4814,2.6660,13.8550,-529.2969,60.7300,1,466,938,0
35878946,4031,0.6304,0.0269,3.7710,36.0107,-500.9155,62.1338,1,465,939,0
35883927,4032,1.3179,0.8457,4.0889,43.9453,-445.6787,50.3540,1,466,922,0
35888922,4033,1.6284,1.4780,3.8228,41.6870,-386.7798,28.8696,1,484,942,0
35893943,4034,1.4370,1.6357,3.3564,32.7759,-330.2612,4.0894,1,484,949,0
35898931,4035,0.9727,1.2988,2.9409,24.8413,-288.0249,-15.8081,1,484,909,0
35903928,4036,0.6157,0.6543,2.6318,21.7285,-260.3149,-27.8320,1,492,929,0
35908929,4037,0.5225,0.0015,2.3579,19.8975,-233.4595,-31.7993,1,494,941,0
35913931,4038,0.4980,-0.4707,2.0552,11.4136,-208.6792,-26.3672,1,474,850,0
35918925,4039,0.3604,-0.7197,1.7524,-0.0610,-189.3310,-16.2354,1,479,814,0
35923927,4040,-0.0156,-0.9678,1.5200,-3.4180,-178.0395,-4.5166,1,491,868,0
35928928,4041,-0.4922,-1.4756,1.7266,12.7563,-163.8794,25.3296,1,487,858,0
35933930,4042,-0.0898,-1.6558,2.0718,72.6929,-218.2007,52.4292,1,501,895,0
35938925,4043,0.7515,-1.1807,1.9824,93.1396,-168.3349,52.8564,1,491,898,0
35943922,4044,0.6963,-0.5288,1.8135,91.1255,-122.1313,44.2505,1,492,921,0
35948924,4045,0.2520,0.0835,1.8032,106.8115,-130.1270,43.0908,1,466,942,0
35953924,4046,0.1592,0.5059,1.7896,110.1074,-124.0845,38.6963,1,466,933,0
35958928,4047,0.2407,0.5459,1.6885,88.2568,-91.7358,25.5127,1,465,933,0
35963928,4048,0.2241,0.2188,1.5771,79.1016,-77.0874,21.7895,1,466,938,0
35968929,4049,0.1826,-0.1665,1.4570,82.7026,-71.6553,24.1699,1,466,955,0
35973924,4050,0.1006,-0.3472,1.2910,87.0361,-59.9365,24.7192,1,466,936,0
35978926,4051,-0.0371,-0.2642,1.1431,93.7500,-57.8003,25.3296,1,466,936,0
35983924,4052,-0.0962,-0.0151,1.1274,96.3745,-61.3403,25.2075,1,466,929,0
35988922,4053,-0.0186,0.2847,1.2915,91.7969,-58.1055,22.3999,1,484,939,0
35993926,4054,0.0942,0.5762,1.5640,78.9185,-48.7061,15.5029,1,467,934,0
35998926,4055,0.1919,0.6587,1.7153,54.6265,-37.9639,10.0708,1,484,922,0
36003923,4056,0.1909,0.4355,1.5879,37.0483,-20.5688,6.7139,1,492,910,0
36008922,4057,0.0405,0.1045,1.2910,30.3955,-16.7847,5.4932,1,477,939,0
36013928,4058,-0.1108,-0.0874,1.0493,29.4189,-20.8130,6.2256,1,498,894,0
36018928,4059,-0.1523,-0.0361,1.0146,29.3579,-25.0244,5.2490,1,475,806,0
36023928,4060,-0.0703,0.1143,1.1348,22.8271,-25.4517,3.1738,1,498,803,0
36028923,4061,0.0337,0.1821,1.2485,14.4043,-20.5078,1.0376,1,479,873,0
36033930,4062,0.0591,0.1226,1.2427,9.2163,-15.4419,-0.1831,1,489,866,0
36038928,4063,-0.0015,0.0171,1.1357,7.2021,-13.6108,-0.4883,1,475,868,0
36043927,4064,-0.0757,-0.0420,1.0376,6.7139,-15.8081,-0.3662,1,484,863,0
36048926,4065,-0.0884,-0.0420,1.0195,5.9204,-17.8223,-0.0610,1,493,866,0
36053926,4066,-0.0405,-0.0176,1.0669,4.6997,-16.9678,0.0610,1,466,885,0
36058926,4067,0.0083,0.0015,1.1108,3.6011,-13.6719,-0.1221,1,466,884,0
36063927,4068,0.0098,0.0044,1.1060,2.4414,-10.6201,-0.4272,1,466,882,0
36068923,4069,-0.0210,-0.0049,1.0723,1.4038,-9.7656,-0.7935,1,466,888,0
36073928,4070,-0.0420,-0.0181,1.0444,1.0376,-9.4604,-0.9766,1,466,871,0
36078923,4071,-0.0483,-0.0327,1.0283,0.8545,-8.7280,-1.6479,1,466,871,0
36083922,4072,-0.0518,-0.0439,1.0200,1.2207,-8.7280,-2.0752,1,466,885,0
36088926,4073,-0.0532,-0.0444,1.0186,2.1362,-9.0332,-2.3804,1,466,877,0
36093922,4074,-0.0527,-0.0337,1.0190,2.5024,-8.8501,-2.7466,1,483,883,0
36098922,4075,-0.0493,-0.0254,1.0205,2.3804,-8.9111,-2.7466,1,466,875,0
36103951,4076,-0.0405,-0.0278,1.0254,2.6855,-8.4839,-2.5635,1,484,868,0
36108930,4077,-0.0269,-0.0327,1.0303,2.9907,-7.6294,-2.4414,1,484,871,0
36113926,4078,-0.0200,-0.0391,1.0283,3.6011,-6.1035,-2.5635,1,475,920,0
36118925,4079,-0.0278,-0.0483,1.0181,4.6387,-4.6387,-2.6245,1,504,860,0
36123926,4080,-0.0410,-0.0503,1.0078,5.7983,-3.7842,-2.8076,1,465,789,0
36128928,4081,-0.0459,-0.0410,1.0073,6.5918,-3.5400,-3.0518,1,489,841,0
36133930,4082,-0.0400,-0.0332,1.0151,7.0190,-2.8076,-3.3569,1,473,826,0
36138923,4083,-0.0308,-0.0288,1.0225,7.3853,-2.1362,-3.4180,1,492,835,0
36143925,4084,-0.0288,-0.0249,1.0239,7.5073,-1.0986,-3.6011,1,475,833,0
36148928,4085,-0.0298,-0.0225,1.0254,7.5073,-0.5493,-3.9062,1,481,852,0
36153929,4086,-0.0288,-0.0200,1.0293,7.7515,0.1831,-4.0283,1,493,849,0
36158931,4087,-0.0298,-0.0151,1.0312,7.8125,0.6714,-4.3335,1,493,850,0
36163925,4088,-0.0288,-0.0151,1.0312,7.7515,1.1597,-4.8218,1,466,906,0
36168927,4089,-0.0337,-0.0127,1.0273,8.3008,2.1973,-5.6763,1,466,910,0
36173925,4090,-0.0449,-0.0068,1.0225,8.3008,1.9531,-6.2256,1,466,875,0
36178925,4091,-0.0464,-0.0088,1.0244,7.6294,1.4648,-6.1035,1,466,874,0
36183926,4092,-0.0337,-0.0127,1.0308,7.5073,1.5259,-5.4932,1,466,877,0
36188922,4093,-0.0205,-0.0142,1.0342,7.5073,2.5635,-5.1270,1,466,873,0
36193927,4094,-0.0210,-0.0205,1.0317,7.1411,3.4790,-4.6997,1,466,878,0
36198929,4095,-0.0273,-0.0288,1.0239,7.3242,3.8452,-4.0283,1,483,883,0
36203924,4096,-0.0347,-0.0347,1.0137,7.8125,4.3945,-3.2349,1,465,890,0
36208927,4097,-0.0498,-0.0278,1.0068,8.4229,4.7607,-2.9907,1,484,867,0
36213927,4098,-0.0605,-0.0103,1.0093,8.3618,3.1738,-2.6855,1,465,825,0
36218929,4099,-0.0605,-0.0024,1.0166,7.9346,2.1362,-2.6245,1,467,869,0
36223927,4100,-0.0532,-0.0063,1.0225,7.5684,1.2207,-2.4414,1,510,871,0
36228925,4101,-0.0469,-0.0098,1.0239,7.7515,0.6714,-2.1362,1,494,757,0
36233929,4102,-0.0513,0.0005,1.0225,7.6294,0.2441,-2.1362,1,478,826,0
36238924,4103,-0.0640,0.0107,1.0225,6.5918,-1.2207,-2.1973,1,481,823,0
36243922,4104,-0.0659,0.0088,1.0264,6.1035,-3.1128,-2.6245,1,492,849,0
36248924,4105,-0.0493,0.0015,1.0317,6.1035,-4.2114,-2.6245,1,484,830,0
36253929,4106,-0.0303,0.0015,1.0400,5.8594,-3.7231,-2.8076,1,469,853,0
36258929,4107,-0.0200,0.0059,1.0483,5.1880,-3.2349,-2.5635,1,488,842,0
36263929,4108,-0.0210,0.0137,1.0483,4.5166,-2.6245,-2.0142,1,493,843,0
36268923,4109,-0.0225,0.0190,1.0464,3.2349,-2.2583,-1.6479,1,466,878,0
36273927,4110,-0.0186,0.0171,1.0435,2.3193,-1.4648,-0.9155,1,465,880,0
36278929,4111,-0.0229,0.0093,1.0317,1.8311,-0.4883,-0.4272,1,466,878,0
36283927,4112,-0.0464,-0.0010,1.0117,1.4648,0.0610,-0.2441,1,466,872,0
36288922,4113,-0.0835,-0.0078,0.9878,1.7700,-1.3428,0.0000,1,466,871,0
36293928,4114,-0.1060,-0.0117,0.9727,1.9531,-4.1504,0.0000,1,466,822,0
36298925,4115,-0.1011,-0.0176,0.9697,2.3804,-6.5308,-0.1831,1,466,827,0
36303929,4116,-0.1021,-0.0244,0.9624,3.4180,-7.7515,-0.5493,1,483,873,0
36308923,4117,-0.1250,-0.0259,0.9478,4.2725,-10.4370,-1.0986,1,465,870,0
36313923,4118,-0.1416,-0.0225,0.9429,5.1270,-14.6484,-1.4648,1,485,883,0
36318922,4119,-0.1338,-0.0220,0.9502,6.1035,-18.1885,-2.3193,1,492,846,0
36323929,4120,-0.1333,-0.0303,0.9473,7.4463,-20.8130,-3.4180,1,478,879,0
36328922,4121,-0.1660,-0.0415,0.9180,9.2163,-25.1465,-4.5166,1,497,885,0
36333924,4122,-0.2148,-0.0464,0.8799,11.4746,-31.6772,-5.9204,1,466,818,0
36338930,4123,-0.2412,-0.0425,0.8657,13.6108,-40.3442,-7.2021,1,473,885,0
36343923,4124,-0.2236,-0.0005,0.9155,15.0757,-48.6450,-8.4229,1,494,874,0
36348925,4125,-0.1582,0.0635,0.9995,12.3291,-56.2744,-9.8877,1,489,863,0
36353928,4126,-0.0444,0.0996,1.0957,7.6904,-58.9600,-11.6577,1,481,896,0
36358924,4127,0.0894,0.0811,1.1743,2.8076,-57.2510,-12.0850,1,478,893,0
36363929,4128,0.1382,0.0308,1.1621,1.2817,-49.1943,-12.5732,1,493,881,0
36368928,4129,0.0942,0.0122,1.1143,0.4883,-47.3022,-12.4512,1,466,920,0
36373930,4130,0.0781,0.0337,1.1001,-0.6714,-46.5088,-11.9019,1,466,914,0
36378931,4131,0.0776,0.0400,1.0938,-3.2959,-41.6260,-11.4746,1,466,902,0
36383929,4132,0.0386,0.0298,1.0684,-4.0283,-38.8184,-10.4370,1,466,948,0
36388929,4133,0.0059,0.0283,1.0469,-4.6997,-40.5273,-9.3994,1,466,905,0
36393927,4134,0.0117,0.0063,1.0469,-6.0425,-39.5508,-9.1553,1,466,896,0
36398924,4135,0.0273,-0.0020,1.0522,-4.5776,-39.5508,-7.8125,1,466,881,0
36403927,4136,0.0400,0.0117,1.0469,-4.9438,-40.3442,-6.7749,1,466,889,0
36408928,4137,0.0532,0.0117,1.0400,-5.6152,-38.8184,-7.2021,1,465,899,0
36413948,4138,0.0522,0.0054,1.0396,-4.3335,-38.0859,-7.1411,1,483,890,0
36418931,4139,0.0229,-0.0005,1.0396,-4.3335,-38.3301,-6.3477,1,484,877,0
36423923,4140,0.0015,-0.0132,1.0425,-3.9062,-40.2832,-4.7607,1,493,904,0
36428927,4141,0.0195,-0.0156,1.0483,-3.5400,-40.9546,-3.7842,1,484,876,0
36433924,4142,0.0498,-0.0093,1.0508,-3.4180,-40.8325,-3.5400,1,507,885,0
36438928,4143,0.0552,0.0049,1.0527,-3.7842,-42.2974,-3.7231,1,492,870,0
36443929,4144,0.0439,0.0176,1.0547,-4.7607,-46.2646,-4.1504,1,473,848,0
36448930,4145,0.0220,0.0186,1.0581,-5.8594,-50.9033,-4.4556,1,490,849,0
36453928,4146,-0.0039,0.0210,1.0610,-7.6904,-58.6548,-3.9062,1,508,847,0
36458927,4147,-0.0015,0.0190,1.0547,-9.4604,-66.8335,-4.7607,1,492,864,0
36463928,4148,-0.0200,0.0200,1.0527,-10.5591,-72.1436,-7.0801,1,475,856,0
36468922,4149,-0.0918,0.0337,1.0479,-12.8784,-82.5806,-8.4229,1,493,868,0
36473927,4150,-0.2515,0.0420,1.0303,-15.7471,-106.2622,-10.6812,1,465,911,0
36478925,4151,-0.4009,0.0488,1.0405,-18.6157,-124.3896,-12.8174,1,466,930,0
36483923,4152,-0.6147,0.0742,1.0352,-20.8740,-151.9165,-13.3057,1,465,933,0
36488929,4153,-0.9268,0.1519,1.0225,-24.9023,-184.0210,-13.3667,1,466,932,0
36493923,4154,-0.9268,0.1938,1.1338,-34.8511,-239.6240,-10.5591,1,466,936,0
36498923,4155,-0.3325,0.0728,1.2847,-40.0391,-285.8276,-10.4370,1,466,932,0
36503922,4156,-0.4102,0.0376,1.3706,-43.0908,-279.8462,-29.9683,1,466,922,0
36508930,4157,-1.5005,0.1392,1.6191,-75.5005,-343.3838,-45.3491,1,483,928,0
36513928,4158,-1.8037,0.1631,1.9629,-76.9043,-472.7173,-35.6445,1,465,931,0
36518922,4159,-0.4629,0.4453,1.8555,-67.1997,-556.8237,-21.7895,1,484,925,0
36523925,4160,-0.0234,0.6138,1.7925,-147.1558,-497.3144,-53.4058,1,492,926,0
36528929,4161,-1.3706,0.4595,2.2773,-196.8384,-542.4805,-83.7402,1,498,879,0
36533926,4162,-2.1421,0.4307,2.4526,-186.4624,-675.6591,-74.2188,1,499,969,0
36538928,4163,-1.7505,0.4009,1.8525,-220.3369,-729.7973,-88.1348,1,480,966,0
36543924,4164,-1.0781,0.1460,1.0312,-242.9199,-752.9907,-107.7881,1,486,819,0
36548929,4165,-0.8354,-0.4023,0.5259,-224.6094,-783.2031,-124.5727,1,493,874,0
36553928,4166,-0.8765,-0.9556,0.2847,-183.5327,-828.4301,-136.9019,1,501,901,0
36558929,4167,-0.7437,-0.7905,0.3823,-119.9341,-871.4599,-132.0801,1,473,933,0
36563929,4168,0.5166,-0.3110,1.1138,-84.9609,-827.2094,-91.0644,1,490,935,0
36568923,4169,3.1226,-0.7480,3.2676,-98.0225,-657.4706,-55.6641,1,492,916,0
36573927,4170,4.6807,-1.7817,5.8848,-68.4204,-403.3203,-84.6558,1,466,940,0
36578931,4171,3.2554,-2.2729,6.5215,17.2729,-168.2739,-90.8203,1,466,935,0
36583927,4172,0.2339,-1.8726,5.1079,68.4204,-45.6543,-72.9370,1,466,946,0
36588924,4173,-1.8628,-1.1304,3.3247,59.3872,-9.8877,-54.8706,1,466,928,0
36593926,4174,-2.1577,-0.6631,2.2808,46.2036,5.7983,-40.1611,1,466,926,0
36598930,4175,-1.5776,-0.5327,1.8174,49.8657,33.6914,-32.9590,1,465,924,0
36603944,4176,-1.2007,-0.4673,1.4463,50.3540,54.8096,-29.5410,1,466,933,0
36608924,4177,-1.2134,-0.3354,1.0825,45.1050,55.6030,-27.6489,1,466,930,0
36613926,4178,-1.2754,-0.1748,0.8872,37.6587,51.7578,-29.0527,1,465,939,0
36618954,4179,-1.2012,-0.0557,0.9121,32.6538,56.5186,-33.6304,1,485,936,0
36623924,4180,-1.0513,0.0039,1.0474,30.5176,68.2983,-39.1235,1,484,910,0
36628924,4181,-0.9243,0.0288,1.1787,29.7852,83.2519,-45.1660,1,466,945,0
36633925,4182,-0.8496,0.0386,1.2690,29.2969,99.9756,-52.3682,1,489,970,0
36638926,4183,-0.8022,0.0527,1.3354,29.4189,117.2485,-59.6313,1,494,922,0
36643929,4184,-0.7510,0.0718,1.4009,28.6255,135.9253,-66.5283,1,480,828,0
36648928,4185,-0.6855,0.0728,1.4668,27.3437,155.6396,-73.2422,1,481,875,0
36653927,4186,-0.6069,0.0542,1.5142,26.6113,175.5371,-78.4302,1,488,882,0
36658922,4187,-0.5166,0.0288,1.5254,25.9399,195.9839,-82.7026,1,485,880,0
36663924,4188,-0.4204,-0.0054,1.4976,25.1465,216.4306,-86.5478,1,490,935,0
36668928,4189,-0.3262,-0.0479,1.4312,25.8179,236.5723,-89.4165,1,493,907,0
36673922,4190,-0.2451,-0.0850,1.3291,27.8320,254.6997,-91.1865,1,466,934,0
36678923,4191,-0.1826,-0.1060,1.2119,29.1138,270.0195,-92.9565,1,466,945,0
36683927,4192,-0.1431,-0.1221,1.1069,30.2734,281.6772,-94.1162,1,466,937,0
36688922,4193,-0.1162,-0.1484,1.0239,31.3721,289.4897,-94.3603,1,466,937,0
36693924,4194,-0.0845,-0.1826,0.9497,31.6772,293.6401,-93.5059,1,466,941,0
36698930,4195,-0.0410,-0.2158,0.8740,31.2500,295.4712,-91.0644,1,466,935,0
36703943,4196,0.0063,-0.2480,0.8062,28.9917,295.8984,-87.7075,1,466,934,0
36708922,4197,0.0415,-0.2769,0.7612,25.9399,295.3491,-83.3740,1,466,929,0
36713929,4198,0.0640,-0.2935,0.7485,22.4609,292.9688,-78.3081,1,466,939,0
36718935,4199,0.0884,-0.2949,0.7700,18.0664,288.7573,-72.6318,1,476,964,0
36723924,4200,0.1118,-0.2876,0.8213,11.9629,284.9121,-67.3828,1,484,910,0
36728929,4201,0.1313,-0.2739,0.8950,4.5776,281.1890,-62.0728,1,494,865,0
36733923,4202,0.1636,-0.2573,0.9839,-4.0894,278.1372,-56.4575,1,474,973,0
36738928,4203,0.2207,-0.2544,1.0781,-14.2822,277.5879,-50.4150,1,508,908,0
36743930,4204,0.2861,-0.2803,1.1631,-24.5361,280.4565,-43.5181,1,486,814,0
36748924,4205,0.3276,-0.3286,1.2183,-32.9590,285.0342,-35.4614,1,489,911,0
36753930,4206,0.3315,-0.3779,1.2388,-39.6118,289.0015,-25.9399,1,494,879,0
36758930,4207,0.3135,-0.4111,1.2422,-45.2270,291.7480,-15.3809,1,500,885,0
36763927,4208,0.2954,-0.4263,1.2490,-50.1099,293.1519,-3.9062,1,487,904,0
36768927,4209,0.2886,-0.4268,1.2632,-54.0161,293.6401,8.1177,1,473,885,0
36773930,4210,0.2935,-0.4126,1.2803,-57.4951,293.5181,20.1416,1,493,885,0
36778925,4211,0.3013,-0.3867,1.2939,-60.6689,292.4194,31.9214,1,466,928,0
36783931,4212,0.3086,-0.3535,1.3081,-63.9648,290.8936,43.1519,1,466,939,0
36788929,4213,0.3184,-0.3149,1.3291,-67.1387,289.1235,53.5278,1,466,933,0
36793928,4214,0.3281,-0.2749,1.3540,-69.9463,287.5366,62.8052,1,466,937,0
36798927,4215,0.3335,-0.2324,1.3794,-71.8994,285.8887,70.8008,1,465,934,0
36803925,4216,0.3315,-0.1753,1.4136,-73.5474,283.7524,77.2095,1,466,917,0
36808926,4217,0.3364,-0.0962,1.4717,-75.4395,281.2500,81.6650,1,466,924,0
36813924,4218,0.3691,-0.0117,1.5552,-77.6367,279.4800,83.8013,1,483,921,0
36818928,4219,0.4272,0.0483,1.6509,-79.7729,279.4800,83.8013,1,465,927,0
36823931,4220,0.4932,0.0645,1.7383,-80.6274,281.7383,82.6416,1,484,927,0
36828929,4221,0.5439,0.0415,1.7969,-78.7964,285.4004,81.4819,1,491,917,0
36833926,4222,0.5713,0.0063,1.8184,-74.7681,288.7573,80.3223,1,465,965,0
36838930,4223,0.5874,-0.0220,1.8105,-69.4580,290.8936,79.3457,1,497,907,0
36843925,4224,0.6084,-0.0420,1.7861,-63.5986,292.3584,78.7354,1,478,799,0
36848929,4225,0.6367,-0.0562,1.7563,-57.8613,293.2129,78.1860,1,491,905,0
36853922,4226,0.6611,-0.0649,1.7256,-52.6123,293.2739,77.6978,1,492,885,0
36858924,4227,0.6758,-0.0630,1.7002,-48.9502,292.2974,76.8433,1,509,887,0
36863927,4228,0.6821,-0.0542,1.6890,-48.0347,290.8936,75.9888,1,475,888,0
36868923,4229,0.6831,-0.0522,1.6899,-48.9502,289.9780,75.0732,1,481,892,0
36873930,4230,0.6753,-0.0591,1.6978,-51.0254,288.7573,73.8525,1,466,901,0
36878931,4231,0.6660,-0.0698,1.7100,-53.5889,286.8042,72.9370,1,466,924,0
36883923,4232,0.6665,-0.0854,1.7192,-57.0068,285.4614,72.5098,1,466,924,0
36888926,4233,0.6685,-0.1016,1.7163,-60.3638,285.4004,72.3267,1,466,930,0
36893930,4234,0.6553,-0.1064,1.6987,-63.4155,284.7900,72.5708,1,466,918,0
36898930,4235,0.6294,-0.0986,1.6851,-67.1997,282.5928,72.5098,1,465,933,0
36903926,4236,0.6196,-0.0898,1.6938,-71.2891,278.6255,72.6929,1,465,918,0
36908922,4237,0.6509,-0.0923,1.7192,-74.7681,274.5972,73.1812,1,483,921,0
36913929,4238,0.7061,-0.1108,1.7383,-77.5757,271.8506,74.0356,1,466,913,0
36918927,4239,0.7544,-0.1401,1.7349,-78.9795,268.9819,75.3174,1,484,904,0
36923925,4240,0.7920,-0.1709,1.7090,-78.7964,264.2822,77.3315,1,465,911,0
36928930,4241,0.8315,-0.1938,1.6709,-77.5757,258.0566,79.9561,1,465,960,0
36933923,4242,0.8774,-0.2056,1.6284,-75.8057,250.9155,83.1909,1,487,909,0
36938928,4243,0.9282,-0.2095,1.5903,-73.6694,242.8589,86.3647,1,481,814,0
36943929,4244,0.9873,-0.2134,1.5693,-71.0449,234.2529,89.2944,1,508,844,0
36948927,4245,1.0439,-0.2197,1.5659,-67.3218,226.8066,91.7358,1,487,895,0
36953928,4246,1.0898,-0.2202,1.5586,-62.2559,219.9097,93.8721,1,476,895,0
36958923,4247,1.1235,-0.2046,1.5278,-56.8237,213.0127,95.3369,1,492,907,0
36963922,4248,1.1333,-0.1714,1.4722,-51.7578,205.3833,95.0317,1,475,918,0
36968929,4249,1.1289,-0.1250,1.4053,-47.5464,195.3735,93.3227,1,493,915,0
36973931,4250,1.1411,-0.0752,1.3350,-44.3726,184.4482,90.4541,1,466,944,0
36978930,4251,1.1719,-0.0215,1.2559,-42.4805,174.9878,86.0596,1,466,939,0
36983922,4252,1.1895,0.0527,1.1562,-42.4194,166.1377,79.9561,1,466,933,0
36988930,4253,1.1768,0.1538,1.0386,-46.0815,156.0669,72.3267,1,466,966,0
36993930,4254,1.1504,0.2466,0.9355,-52.4902,144.5923,63.2935,1,466,926,0
36998924,4255,1.1338,0.3022,0.8721,-58.5327,131.3477,53.0395,1,466,933,0
37003925,4256,1.1445,0.3188,0.8452,-64.0259,117.7978,43.0298,1,483,934,0
37008922,4257,1.1768,0.2959,0.8384,-67.9321,105.8960,33.8135,1,465,938,0
37013925,4258,1.2095,0.2417,0.8291,-68.8477,94.9097,25.8789,1,484,925,0
37018931,4259,1.2197,0.1772,0.8013,-66.2231,83.8013,19.6533,1,466,916,0
37023930,4260,1.2012,0.1270,0.7559,-61.8286,71.5332,15.0146,1,480,953,0
37028924,4261,1.1699,0.0957,0.7095,-56.5186,57.5561,11.7798,1,508,971,0
37033928,4262,1.1558,0.0684,0.6797,-50.0488,42.6636,10.0708,1,478,934,0
37038930,4263,1.1660,0.0308,0.6685,-42.3584,28.4424,9.5215,1,483,857,0
37043927,4264,1.1753,-0.0142,0.6670,-34.0576,15.6860,9.9487,1,508,865,0
37048925,4265,1.1631,-0.0508,0.6660,-25.4517,2.8076,11.4136,1,507,866,0
37053922,4266,1.1348,-0.0737,0.6665,-17.7002,-8.9722,13.1226,1,483,882,0
37058929,4267,1.0977,-0.0869,0.6753,-11.4136,-19.4702,15.1367,1,493,880,0
37063927,4268,1.0493,-0.0928,0.6865,-6.5918,-28.6255,16.9067,1,466,900,0
37068924,4269,0.9854,-0.0933,0.6982,-3.6011,-37.7197,18.1274,1,466,909,0
37073926,4270,0.9697,-0.0576,0.7329,-1.4038,-47.9126,18.9819,1,466,901,0
37078927,4271,1.2104,0.4922,0.1870,8.9111,-113.6475,10.0708,1,466,916,0
37083926,4272,0.6772,1.2559,-0.8076,-26.7334,-190.1855,-24.4141,1,466,919,0
37088926,4273,-0.4272,0.9023,-0.8296,-116.6992,-242.4927,-45.9595,1,466,941,0
37093925,4274,-0.4253,-0.1484,0.2773,-80.3833,-234.6802,-37.4756,1,466,951,0
37098927,4275,0.0249,-0.6387,1.3159,-43.0908,-185.3638,-35.7666,1,483,934,0
37103922,4276,-0.3608,-0.7212,1.6997,-40.8936,-151.4282,-50.0488,1,466,937,0
37108952,4277,-1.0303,-0.8633,1.6274,-10.3149,-176.5137,-49.1333,1,484,934,0
37113926,4278,-0.9263,-0.9653,1.2959,33.3252,-195.0073,-39.9780,1,466,929,0
37118931,4279,-0.3696,-0.8691,0.8745,63.3545,-184.9975,-39.0625,1,465,968,0
37123923,4280,-0.0493,-0.6846,0.4673,78.4912,-186.8286,-38.3301,1,509,965,0
37128930,4281,-0.1445,-0.5474,0.1777,84.7168,-203.1860,-34.5459,1,481,826,0
37133930,4282,-0.4761,-0.4971,0.1509,70.9839,-225.9521,-25.6348,1,482,842,0
37138928,4283,-0.6943,-0.5234,0.3760,45.4102,-257.3853,-11.2915,1,484,880,0
37143924,4284,-0.6279,-0.6060,0.6904,15.6860,-276.9775,5.4321,1,498,891,0
37148928,4285,-0.3916,-0.6509,0.9678,-2.1973,-284.7900,20.9961,1,476,893,0
37153931,4286,-0.1187,-0.4995,1.1753,-3.6621,-292.3584,32.1655,1,479,880,0
37158922,4287,0.1162,-0.1475,1.3262,-1.8921,-290.6494,36.1328,1,493,889,0
37163929,4288,0.2148,0.2529,1.4165,-1.4038,-280.7007,33.6914,1,466,910,0
37168930,4289,0.1606,0.5791,1.4463,0.0610,-272.7051,27.3437,1,466,912,0
37173928,4290,0.0669,0.7822,1.4990,1.0986,-268.2495,16.1133,1,466,911,0
37178926,4291,0.1035,0.8335,1.6655,-1.0986,-264.4043,2.6245,1,466,910,0
37183923,4292,0.2334,0.7344,1.8564,-8.6060,-247.0093,-8.5449,1,466,901,0
37188946,4293,0.2686,0.5288,1.9175,-18.3716,-229.3701,-17.4561,1,466,905,0
37193926,4294,0.2183,0.2739,1.8398,-25.0854,-221.6797,-24.1699,1,465,927,0
37198930,4295,0.1733,0.0356,1.7378,-29.4800,-216.0034,-27.4658,1,465,946,0
37203926,4296,-0.1128,-0.4155,1.7905,-34.6069,-201.0498,-25.2686,1,484,944,0
37208922,4297,-0.6118,-1.3828,2.4224,-24.9634,-183.4717,3.9673,1,465,877,0
37213924,4298,-0.0454,-2.1055,3.0410,33.2642,-245.8496,40.2832,1,492,878,0
37218923,4299,1.2183,-1.9575,2.7119,62.0728,-172.6074,51.6357,1,497,971,0
37223926,4300,1.2480,-1.2246,1.9521,75.8667,-86.2427,40.1001,1,481,937,0
37228922,4301,0.3193,-0.2607,1.4849,96.1304,-94.9707,40.2832,1,487,828,0
37233922,4302,-0.2144,0.4541,1.3677,92.9565,-113.1592,38.4521,1,476,882,0
37238927,4303,-0.1582,0.6187,1.4004,76.1108,-92.5903,25.4517,1,497,892,0
37243930,4304,0.0249,0.3003,1.4209,70.0073,-79.1016,18.9209,1,486,896,0
37248925,4305,0.1323,-0.1743,1.3350,70.5566,-73.6694,18.4937,1,473,871,0
37253923,4306,0.1211,-0.4678,1.1729,77.9419,-66.7725,20.2026,1,493,894,0
37258929,4307,0.0225,-0.4575,1.0298,88.8672,-64.3921,22.5830,1,466,918,0
37263922,4308,-0.0649,-0.2607,0.9731,94.1772,-64.3311,22.8882,1,466,924,0
37268929,4309,-0.0796,-0.0737,1.0034,95.5810,-63.4155,22.7051,1,466,930,0
37273929,4310,-0.0396,0.0127,1.0542,96.6186,-60.7910,22.5830,1,466,932,0
37278930,4311,-0.0254,0.0264,1.0728,95.8252,-56.0913,21.8506,1,466,930,0
37283930,4312,-0.0469,0.0361,1.1104,93.8110,-53.3447,20.5688,1,466,926,0
37288923,4313,-0.0820,0.1548,1.1914,91.6748,-52.4902,19.3481,1,466,933,0
37293929,4314,-0.1055,0.4653,1.3457,81.7871,-53.1006,11.7187,1,483,930,0
37298925,4315,0.0132,0.6802,1.4751,54.7485,-58.1055,6.4087,1,466,937,0
37303942,4316,0.1284,0.4863,1.4155,34.8511,-41.1377,2.8076,1,484,897,0
37308930,4317,0.0601,0.0981,1.2358,29.1138,-35.5835,1.3428,1,466,906,0
37313929,4318,-0.0532,-0.1016,1.0820,31.4941,-38.6353,2.4414,1,508,932,0
37318927,4319,-0.0869,-0.0205,1.0562,29.1138,-38.8184,1.0986,1,495,900,0
37323927,4320,-0.0210,0.0991,1.1255,19.5923,-35.8887,-0.6104,1,483,783,0
37328922,4321,0.0625,0.0908,1.1689,14.4653,-30.3345,-0.1221,1,491,857,0
37333923,4322,0.1030,0.0239,1.1782,12.8784,-23.3154,-0.4272,1,492,864,0
37338926,4323,0.1040,-0.0010,1.1758,11.1084,-15.6250,-0.3662,1,478,875,0
37343928,4324,0.0557,0.0176,1.1367,8.4229,-8.9722,-0.5493,1,485,877,0
37348926,4325,0.0039,0.0176,1.0938,5.4932,-8.4839,-0.6714,1,469,851,0
37353924,4326,-0.0059,0.0000,1.0781,4.9438,-7.2021,-0.7324,1,493,874,0
37358931,4327,0.0029,-0.0029,1.0806,3.7231,-4.3335,-1.0986,1,466,831,0
37363927,4328,0.0039,-0.0015,1.0771,2.6855,-2.8687,-1.1597,1,466,871,0
37368925,4329,-0.0039,-0.0137,1.0601,2.1973,-1.7700,-1.2207,1,466,873,0
37373924,4330,-0.0278,-0.0288,1.0356,2.0752,-0.3052,-1.4038,1,466,868,0
37378925,4331,-0.0684,-0.0361,1.0068,2.5635,-1.0376,-1.2207,1,466,878,0
37383946,4332,-0.0757,-0.0327,1.0015,2.6245,-3.7231,-0.7935,1,466,878,0
37388922,4333,-0.0425,-0.0264,1.0273,2.6245,-3.1738,-1.0376,1,466,880,0
37393922,4334,-0.0249,-0.0229,1.0415,2.9907,-1.8921,-1.2207,1,466,880,0
37398944,4335,-0.0308,-0.0205,1.0347,2.7466,-2.6245,-1.2207,1,484,868,0
37403929,4336,-0.0391,-0.0244,1.0273,2.6245,-2.7466,-1.2817,1,465,828,0
37408924,4337,-0.0425,-0.0264,1.0244,2.8076,-2.8687,-1.0376,1,474,908,0
37413927,4338,-0.0439,-0.0229,1.0225,2.8687,-2.6245,-1.2207,1,469,827,0
37418927,4339,-0.0464,-0.0210,1.0220,2.5635,-3.4790,-1.2207,1,498,764,0
37423930,4340,-0.0283,-0.0127,1.0317,2.0752,-2.7466,-1.2817,1,504,836,0
37428931,4341,-0.0342,-0.0112,1.0303,1.4648,-2.9297,-1.0376,1,489,833,0
37433925,4342,-0.0327,-0.0093,1.0298,1.1597,-3.3569,-0.7935,1,509,828,0
37438922,4343,-0.0259,-0.0117,1.0327,0.4272,-2.1973,-1.1597,1,481,849,0
37443930,4344,-0.0283,-0.0190,1.0312,0.2441,-1.9531,-0.9155,1,476,849,0
37448928,4345,-0.0366,-0.0234,1.0259,0.3662,-1.9531,-0.8545,1,493,883,0
37453930,4346,-0.0327,-0.0254,1.0264,0.1831,-2.1973,-0.7324,1,466,877,0
37458927,4347,-0.0186,-0.0244,1.0352,0.3052,-1.3428,-0.5493,1,466,879,0
37463923,4348,-0.0239,-0.0205,1.0327,0.3662,-0.3662,-0.5493,1,466,872,0
37468930,4349,-0.0410,-0.0244,1.0186,0.4272,-1.3428,-0.6104,1,466,883,0
37473925,4350,-0.0439,-0.0317,1.0146,0.9766,-2.1973,-0.6104,1,466,872,0
37478923,4351,-0.0381,-0.0322,1.0205,1.6479,-2.1973,-0.6714,1,465,877,0
37483923,4352,-0.0391,-0.0327,1.0205,1.9531,-1.9531,-0.9766,1,466,878,0
37488925,4353,-0.0342,-0.0303,1.0220,2.3193,-3.1128,-0.7935,1,484,875,0
37493922,4354,-0.0215,-0.0269,1.0298,2.5024,-2.0752,-0.7324,1,470,863,0
37498922,4355,-0.0273,-0.0234,1.0288,2.8687,-1.4038,-0.6714,1,465,872,0
37503930,4356,-0.0405,-0.0205,1.0200,2.9297,-2.3193,-0.8545,1,492,905,0
37508928,4357,-0.0415,-0.0195,1.0195,2.9297,-2.8076,-0.8545,1,509,932,0
37513930,4358,-0.0308,-0.0176,1.0278,3.1128,-2.6245,-0.7935,1,496,877,0
37518927,4359,-0.0225,-0.0176,1.0332,2.7466,-1.9531,-0.6104,1,479,803,0
37523926,4360,-0.0278,-0.0190,1.0293,2.6245,-1.7700,-0.4272,1,490,828,0
37528926,4361,-0.0396,-0.0171,1.0225,2.5024,-2.1362,-0.4272,1,495,834,0
37533930,4362,-0.0439,-0.0132,1.0210,1.9531,-2.6855,-0.4272,1,476,851,0
37538929,4363,-0.0400,-0.0117,1.0244,1.6479,-2.5635,-0.4883,1,476,851,0
37543926,4364,-0.0337,-0.0146,1.0259,1.2207,-2.4414,-0.5493,1,487,848,0
37548926,4365,-0.0288,-0.0195,1.0249,0.9766,-2.3804,-0.2441,1,493,853,0
37553929,4366,-0.0283,-0.0220,1.0239,0.7324,-1.7700,-0.2441,1,466,878,0
37558926,4367,-0.0303,-0.0190,1.0269,0.3662,-1.2817,-0.4272,1,466,881,0
37563927,4368,-0.0283,-0.0161,1.0312,-0.0610,-0.9766,-0.5493,1,466,877,0
37568927,4369,-0.0239,-0.0156,1.0317,-0.3662,-0.1221,-0.6714,1,466,906,0
37573922,4370,-0.0239,-0.0166,1.0303,-0.8545,0.6104,-0.9155,1,466,876,0
37578926,4371,-0.0239,-0.0166,1.0308,-1.3428,1.0986,-1.0986,1,466,872,0
37583926,4372,-0.0195,-0.0171,1.0352,-1.7090,1.8921,-1.0376,1,466,878,0
37588925,4373,-0.0176,-0.0161,1.0361,-1.9531,3.1738,-1.0376,1,483,866,0
37593924,4374,-0.0259,-0.0171,1.0283,-2.1362,3.7842,-1.0376,1,465,871,0
37598924,4375,-0.0366,-0.0249,1.0181,-2.1362,3.8452,-1.0986,1,484,819,0
37603927,4376,-0.0439,-0.0332,1.0117,-1.7090,3.7842,-1.1597,1,466,882,0
37608929,4377,-0.0459,-0.0332,1.0107,-1.2817,3.2959,-1.2817,1,508,919,0
37613927,4378,-0.0435,-0.0283,1.0156,-1.0376,3.1128,-1.4038,1,490,878,0
37618925,4379,-0.0420,-0.0249,1.0181,-0.8545,2.9907,-1.5869,1,478,802,0
37623930,4380,-0.0430,-0.0234,1.0176,-0.6714,2.6245,-1.5259,1,487,829,0
37628925,4381,-0.0415,-0.0225,1.0190,-0.6104,2.1362,-1.4038,1,508,828,0
37633931,4382,-0.0386,-0.0195,1.0220,-0.3662,1.9531,-1.5259,1,506,829,0
37638925,4383,-0.0376,-0.0166,1.0234,-0.3052,1.6479,-1.4648,1,492,849,0
37643927,4384,-0.0347,-0.0156,1.0288,-0.4883,1.3428,-1.4038,1,481,851,0
37648926,4385,-0.0303,-0.0156,1.0327,-0.5493,1.8311,-1.3428,1,493,847,0
37653927,4386,-0.0327,-0.0186,1.0278,-0.6104,2.0142,-1.1597,1,466,874,0
37658930,4387,-0.0371,-0.0200,1.0234,-0.7324,1.4648,-1.1597,1,466,874,0
37663922,4388,-0.0312,-0.0215,1.0273,-0.6104,1.4648,-1.0986,1,466,881,0
37668929,4389,-0.0215,-0.0220,1.0342,-0.5493,2.3193,-1.0986,1,466,902,0
37673930,4390,-0.0210,-0.0205,1.0342,-0.6104,2.9297,-1.0986,1,466,878,0
37678927,4391,-0.0278,-0.0234,1.0293,-0.6104,2.9907,-0.9766,1,466,872,0
37683924,4392,-0.0342,-0.0273,1.0249,-0.4272,2.8687,-0.7935,1,466,872,0
37688925,4393,-0.0371,-0.0269,1.0220,-0.1831,2.8687,-0.7324,1,483,878,0
37693926,4394,-0.0415,-0.0259,1.0181,-0.1831,2.8076,-0.8545,1,465,868,0
37698950,4395,-0.0479,-0.0293,1.0137,0.1831,2.3804,-0.7935,1,484,863,0
37703924,4396,-0.0474,-0.0322,1.0132,0.6104,1.6479,-0.5493,1,465,870,0
37708928,4397,-0.0415,-0.0303,1.0156,0.8545,1.4038,-0.4883,1,498,929,0
37713931,4398,-0.0400,-0.0273,1.0171,1.0986,1.5259,-0.4883,1,477,870,0
37718929,4399,-0.0425,-0.0249,1.0161,1.4038,1.0376,-0.4883,1,503,782,0
37723924,4400,-0.0415,-0.0244,1.0176,1.4038,0.6714,-0.6104,1,488,838,0
37728928,4401,-0.0376,-0.0249,1.0220,1.7090,0.9766,-0.6714,1,479,825,0
37733931,4402,-0.0381,-0.0220,1.0234,1.8311,1.2207,-0.7324,1,503,822,0
37738922,4403,-0.0400,-0.0210,1.0210,1.7090,0.9766,-0.7324,1,492,865,0
37743926,4404,-0.0415,-0.0264,1.0171,1.8311,1.0986,-0.8545,1,481,836,0
37748926,4405,-0.0425,-0.0303,1.0142,2.3193,0.9155,-0.9155,1,483,841,0
37753928,4406,-0.0405,-0.0293,1.0156,2.5024,0.9155,-0.9155,1,493,846,0
37758925,4407,-0.0391,-0.0254,1.0200,2.7466,1.2817,-0.9766,1,466,878,0
37763926,4408,-0.0386,-0.0249,1.0220,2.8076,1.2207,-0.9766,1,466,870,0
37768930,4409,-0.0371,-0.0298,1.0200,3.0518,1.1597,-0.9155,1,466,876,0
37773930,4410,-0.0386,-0.0298,1.0176,3.3569,1.4648,-0.8545,1,466,875,0
37778923,4411,-0.0356,-0.0244,1.0249,3.5400,1.6479,-0.8545,1,466,878,0
37783945,4412,-0.0308,-0.0225,1.0322,3.2349,1.8921,-0.6714,1,466,881,0
37788923,4413,-0.0303,-0.0176,1.0342,2.9297,2.0142,-0.4883,1,466,872,0
37793925,4414,-0.0322,-0.0142,1.0347,2.5024,2.0752,-0.4272,1,465,869,0
37798929,4415,-0.0366,-0.0166,1.0327,1.9531,1.8921,-0.2441,1,484,866,0
37803924,4416,-0.0386,-0.0161,1.0298,1.7090,1.7700,0.0000,1,465,880,0
37808926,4417,-0.0410,-0.0151,1.0269,1.3428,1.7700,0.1831,1,499,816,0
37813929,4418,-0.0415,-0.0127,1.0269,1.0376,1.4648,0.1831,1,482,863,0
37818922,4419,-0.0405,-0.0112,1.0259,0.6714,1.5259,0.2441,1,509,872,0
37823927,4420,-0.0415,-0.0112,1.0244,0.2441,1.3428,0.4272,1,478,837,0
37828928,4421,-0.0425,-0.0107,1.0234,0.0000,0.9766,0.4272,1,478,834,0
37833922,4422,-0.0425,-0.0103,1.0239,-0.3662,0.8545,0.4272,1,497,778,0
37838925,4423,-0.0410,-0.0127,1.0254,-0.6104,0.6714,0.4272,1,480,865,0
37843926,4424,-0.0396,-0.0146,1.0264,-0.6104,0.7324,0.3662,1,478,840,0
37848925,4425,-0.0400,-0.0142,1.0249,-0.7324,0.5493,0.3052,1,486,846,0
37853929,4426,-0.0405,-0.0132,1.0234,-0.9766,0.5493,0.3052,1,492,845,0
37858925,4427,-0.0410,-0.0156,1.0220,-1.1597,0.4883,0.1221,1,466,869,0
37863926,4428,-0.0415,-0.0176,1.0220,-1.1597,0.3052,0.1221,1,466,870,0
37868926,4429,-0.0391,-0.0181,1.0254,-1.0986,0.2441,0.1221,1,466,867,0
37873931,4430,-0.0366,-0.0205,1.0273,-1.0986,0.4883,0.1221,1,466,868,0
37878922,4431,-0.0366,-0.0186,1.0269,-0.9766,0.6104,0.0610,1,466,875,0
37883929,4432,-0.0361,-0.0137,1.0254,-1.1597,0.6104,0.0000,1,466,867,0
37888926,4433,-0.0361,-0.0151,1.0234,-1.1597,0.9155,-0.1221,1,466,826,0
37893926,4434,-0.0371,-0.0186,1.0249,-1.0986,0.9155,-0.1221,1,483,877,0
37898925,4435,-0.0361,-0.0181,1.0273,-1.0376,1.0986,-0.1831,1,466,865,0
37903940,4436,-0.0347,-0.0171,1.0278,-1.0376,1.3428,-0.1831,1,484,866,0
37908928,4437,-0.0347,-0.0146,1.0264,-0.9155,1.3428,-0.2441,1,465,873,0
37913926,4438,-0.0356,-0.0132,1.0269,-1.2207,1.4038,-0.3052,1,482,905,0
37918931,4439,-0.0356,-0.0166,1.0273,-1.3428,1.4648,0.0610,1,474,870,0
37923922,4440,-0.0371,-0.0200,1.0249,-1.1597,1.7700,0.0610,1,495,772,0
37928930,4441,-0.0410,-0.0215,1.0215,-1.0986,1.5259,0.1831,1,484,837,0
37933923,4442,-0.0449,-0.0225,1.0195,-0.9766,1.4648,0.1221,1,480,828,0
37938924,4443,-0.0464,-0.0205,1.0181,-0.7935,1.2817,0.1831,1,492,826,0
37943928,4444,-0.0439,-0.0181,1.0190,-0.7324,0.9766,0.2441,1,473,870,0
37948927,4445,-0.0400,-0.0176,1.0210,-0.8545,0.9766,0.1221,1,479,844,0
37953929,4446,-0.0396,-0.0186,1.0220,-0.9766,0.8545,0.2441,1,488,834,0
37958924,4447,-0.0405,-0.0215,1.0220,-0.7935,0.6104,0.3052,1,492,841,0
37963928,4448,-0.0415,-0.0229,1.0210,-0.6714,0.4883,0.2441,1,466,866,0
37968929,4449,-0.0425,-0.0225,1.0205,-0.5493,0.4272,0.2441,1,466,874,0
37973930,4450,-0.0410,-0.0220,1.0234,-0.6104,0.3052,0.2441,1,465,877,0
37978929,4451,-0.0391,-0.0239,1.0259,-0.6104,0.4883,0.2441,1,466,871,0
37983926,4452,-0.0381,-0.0249,1.0254,-0.4272,0.6104,0.1831,1,466,870,0
37988939,4453,-0.0376,-0.0259,1.0234,-0.3662,0.4883,0.2441,1,466,871,0
37993922,4454,-0.0381,-0.0259,1.0210,-0.3052,0.7324,0.2441,1,466,878,0
37998923,4455,-0.0396,-0.0239,1.0200,-0.1831,0.7935,0.3052,1,466,867,0
38003930,4456,-0.0415,-0.0220,1.0186,-0.2441,0.8545,0.4272,1,480,858,0
38008945,4457,-0.0425,-0.0229,1.0186,-0.3052,0.7324,0.2441,1,466,872,0
38013930,4458,-0.0415,-0.0239,1.0220,-0.1831,0.7324,0.3662,1,474,898,0
38018931,4459,-0.0396,-0.0200,1.0259,-0.1831,0.8545,0.3662,1,496,870,0
38023923,4460,-0.0381,-0.0190,1.0273,-0.6104,0.9766,0.3662,1,499,870,0
38028927,4461,-0.0396,-0.0215,1.0259,-0.5493,1.0376,0.4272,1,467,832,0
38033927,4462,-0.0430,-0.0195,1.0225,-0.4272,0.8545,0.4883,1,494,825,0
38038923,4463,-0.0430,-0.0161,1.0234,-0.7935,0.7935,0.1831,1,494,825,0
38043926,4464,-0.0391,-0.0161,1.0269,-1.0376,0.9766,0.1831,1,505,829,0
38048925,4465,-0.0361,-0.0186,1.0283,-1.0376,1.5259,0.3052,1,475,840,0
38053931,4466,-0.0381,-0.0200,1.0259,-1.1597,1.7700,0.3052,1,485,844,0
38058925,4467,-0.0425,-0.0234,1.0190,-1.2207,1.9531,0.1831,1,492,836,0
38063922,4468,-0.0493,-0.0269,1.0117,-0.9155,1.9531,0.1831,1,466,877,0
38068924,4469,-0.0552,-0.0273,1.0063,-0.7935,1.3428,0.0000,1,466,883,0
38073931,4470,-0.0576,-0.0239,1.0049,-0.4883,0.8545,-0.1831,1,466,828,0
38078929,4471,-0.0547,-0.0239,1.0073,-0.6714,0.4883,-0.1831,1,466,875,0
38083926,4472,-0.0503,-0.0278,1.0112,-0.3662,0.1831,-0.1831,1,465,875,0
38088925,4473,-0.0469,-0.0264,1.0146,-0.2441,-0.1221,-0.1221,1,466,881,0
38093927,4474,-0.0435,-0.0244,1.0161,-0.1221,-0.1831,-0.3052,1,466,870,0
38098925,4475,-0.0435,-0.0239,1.0166,0.0000,-0.1831,-0.3662,1,484,872,0
38103924,4476,-0.0469,-0.0239,1.0166,0.0610,-0.6714,-0.2441,1,465,823,0
38108928,4477,-0.0498,-0.0225,1.0176,0.0610,-1.0376,-0.3662,1,484,862,0
38113929,4478,-0.0483,-0.0215,1.0200,0.1221,-1.4038,-0.4272,1,474,897,0
38118928,4479,-0.0410,-0.0215,1.0244,0.1831,-1.4038,-0.4883,1,499,861,0
38123929,4480,-0.0352,-0.0229,1.0254,0.4272,-1.1597,-0.5493,1,481,872,0
38128929,4481,-0.0337,-0.0225,1.0244,0.4272,-1.0376,-0.4272,1,508,781,0
38133930,4482,-0.0337,-0.0205,1.0244,0.2441,-0.6104,-0.5493,1,491,839,0
38138931,4483,-0.0366,-0.0195,1.0234,0.2441,-0.1831,-0.6714,1,472,829,0
38143926,4484,-0.0435,-0.0210,1.0200,0.4883,-0.2441,-0.6714,1,499,834,0
38148929,4485,-0.0479,-0.0225,1.0166,0.4883,-0.5493,-0.7935,1,488,838,0
38153925,4486,-0.0464,-0.0225,1.0171,0.3662,-0.8545,-0.7324,1,479,844,0
38158925,4487,-0.0430,-0.0195,1.0220,0.3662,-0.7935,-0.7935,1,488,842,0
38163929,4488,-0.0400,-0.0195,1.0264,0.1831,-0.7935,-0.8545,1,466,846,0
38168925,4489,-0.0386,-0.0205,1.0273,0.2441,-0.8545,-0.8545,1,466,870,0
38173922,4490,-0.0356,-0.0220,1.0283,0.1221,-0.8545,-0.9155,1,466,877,0
38178929,4491,-0.0347,-0.0234,1.0264,0.1221,-0.4883,-0.9766,1,466,876,0
38183930,4492,-0.0386,-0.0229,1.0210,0.3052,-0.5493,-0.9766,1,466,867,0
38188923,4493,-0.0420,-0.0220,1.0176,0.3662,-1.0986,-0.8545,1,466,870,0
38193930,4494,-0.0439,-0.0225,1.0166,0.3662,-1.0376,-0.9155,1,466,874,0
38198930,4495,-0.0449,-0.0244,1.0166,0.3662,-1.1597,-0.9766,1,484,877,0
38203931,4496,-0.0449,-0.0254,1.0186,0.4272,-1.5259,-0.9155,1,465,867,0
38208926,4497,-0.0430,-0.0215,1.0215,0.5493,-1.5259,-0.7935,1,484,864,0
38213927,4498,-0.0386,-0.0176,1.0249,0.3052,-1.7090,-0.8545,1,474,898,0
38218927,4499,-0.0356,-0.0186,1.0259,0.3052,-1.4038,-0.9155,1,503,858,0
38223927,4500,-0.0376,-0.0190,1.0234,0.3662,-1.2207,-0.7935,1,465,764,0
38228923,4501,-0.0410,-0.0190,1.0210,0.2441,-1.4038,-0.9155,1,495,783,0
38233925,4502,-0.0405,-0.0200,1.0215,0.1221,-1.5259,-0.9155,1,482,829,0
38238929,4503,-0.0371,-0.0220,1.0234,0.1221,-1.4038,-0.9766,1,482,823,0
38243925,4504,-0.0352,-0.0229,1.0234,0.0610,-1.0986,-0.9766,1,508,826,0
38248924,4505,-0.0381,-0.0229,1.0195,0.2441,-0.9155,-0.6714,1,476,845,0
38253931,4506,-0.0420,-0.0225,1.0176,0.2441,-1.1597,-0.7324,1,492,847,0
38258922,4507,-0.0425,-0.0215,1.0195,0.3052,-1.4038,-0.7324,1,489,846,0
38263927,4508,-0.0396,-0.0210,1.0229,0.2441,-1.2207,-0.6714,1,466,871,0
38268926,4509,-0.0381,-0.0225,1.0234,0.1221,-1.0376,-0.6104,1,466,875,0
38273923,4510,-0.0396,-0.0225,1.0225,0.0610,-1.0376,-0.6104,1,466,865,0
38278930,4511,-0.0415,-0.0205,1.0210,0.0610,-1.0986,-0.6714,1,466,865,0
38283925,4512,-0.0386,-0.0225,1.0225,0.1831,-1.3428,-0.9766,1,466,872,0
38288930,4513,-0.0327,-0.0244,1.0264,0.1221,-1.0376,-0.6104,1,465,873,0
38293929,4514,-0.0308,-0.0210,1.0273,0.1831,-0.8545,-0.6104,1,466,870,0
38298928,4515,-0.0327,-0.0225,1.0254,-0.0610,-0.7935,-0.6714,1,483,870,0
38303925,4516,-0.0366,-0.0229,1.0229,0.1221,-0.9155,-0.6714,1,471,859,0
38308922,4517,-0.0376,-0.0229,1.0234,0.0000,-0.7324,-0.6714,1,465,830,0
38313928,4518,-0.0352,-0.0166,1.0215,-0.0610,-0.7324,-0.6714,1,465,820,0
38318922,4519,-0.0312,-0.0156,1.0244,-0.1831,-0.7324,-0.9155,1,496,863,0
38323925,4520,-0.0317,-0.0264,1.0278,-0.2441,-0.3662,-0.6714,1,486,896,0
38328928,4521,-0.0405,-0.0234,1.0210,-0.1221,-0.4272,-0.6104,1,467,855,0
38333923,4522,-0.0396,-0.0220,1.0210,-0.1831,-0.1221,-0.6714,1,494,821,0
38338927,4523,-0.0381,-0.0210,1.0200,-0.0610,0.0610,-0.6104,1,493,822,0
38343923,4524,-0.0386,-0.0210,1.0200,-0.0610,0.1221,-0.4883,1,480,813,0
38348929,4525,-0.0405,-0.0215,1.0200,-0.1221,-0.1221,-0.3662,1,488,834,0
38353927,4526,-0.0439,-0.0220,1.0190,-0.1831,-0.2441,-0.4272,1,473,838,0
38358930,4527,-0.0444,-0.0220,1.0186,-0.1831,-0.4272,-0.4272,1,493,852,0
38363930,4528,-0.0425,-0.0229,1.0195,-0.1221,-0.6714,-0.3662,1,466,877,0
38368929,4529,-0.0391,-0.0244,1.0215,-0.1221,-0.7324,-0.3052,1,466,875,0
38373924,4530,-0.0366,-0.0234,1.0229,-0.1221,-0.7324,-0.3662,1,466,867,0
38378925,4531,-0.0371,-0.0205,1.0239,-0.1221,-0.6714,-0.3662,1,466,878,0
38383924,4532,-0.0396,-0.0200,1.0225,-0.0610,-0.6104,-0.4883,1,466,875,0
38388937,4533,-0.0415,-0.0234,1.0176,0.0610,-0.8545,-0.7935,1,466,865,0
38393923,4534,-0.0381,-0.0264,1.0186,0.1831,-1.1597,-0.4883,1,466,871,0
38398926,4535,-0.0332,-0.0239,1.0229,0.1831,-0.7935,-0.1831,1,484,870,0
38403923,4536,-0.0332,-0.0215,1.0229,-0.1831,-0.6714,-0.3052,1,476,872,0
38408924,4537,-0.0352,-0.0220,1.0225,0.1221,-0.6714,-0.3052,1,465,873,0
38413928,4538,-0.0361,-0.0220,1.0210,0.2441,-0.6714,-0.4883,1,467,903,0
38418925,4539,-0.0376,-0.0229,1.0190,0.3052,-0.6714,-0.3662,1,497,863,0
38423924,4540,-0.0376,-0.0234,1.0186,0.2441,-0.7935,-0.2441,1,485,861,0
38428925,4541,-0.0342,-0.0229,1.0205,0.3052,-0.8545,-0.3662,1,471,850,0
38433927,4542,-0.0322,-0.0239,1.0244,0.3662,-0.6714,-0.4883,1,500,824,0
38438930,4543,-0.0332,-0.0249,1.0269,0.4272,-0.6104,-0.3662,1,500,832,0
38443924,4544,-0.0356,-0.0244,1.0244,0.5493,-0.3662,-0.2441,1,481,830,0
38448926,4545,-0.0386,-0.0225,1.0215,0.4883,-0.3662,-0.3662,1,488,855,0
38453928,4546,-0.0400,-0.0205,1.0171,0.6714,-0.6104,-0.5493,1,476,844,0
38458926,4547,-0.0356,-0.0234,1.0200,0.4883,-0.9766,-0.6104,1,493,837,0
38463929,4548,-0.0293,-0.0254,1.0269,0.4883,-0.5493,-0.2441,1,466,866,0
38468922,4549,-0.0293,-0.0220,1.0269,0.6714,-0.1221,-0.1831,1,466,874,0
38473925,4550,-0.0322,-0.0195,1.0259,0.2441,-0.1221,-0.1221,1,466,870,0
38478931,4551,-0.0342,-0.0200,1.0264,0.3052,0.1221,-0.1831,1,466,873,0
38483924,4552,-0.0352,-0.0200,1.0254,0.2441,0.3052,-0.1221,1,466,866,0
38488939,4553,-0.0342,-0.0195,1.0249,0.0610,0.3662,-0.1221,1,466,866,0
38493929,4554,-0.0337,-0.0195,1.0244,0.0610,0.3052,-0.0610,1,466,873,0
38498922,4555,-0.0352,-0.0205,1.0234,-0.1221,0.4272,-0.0610,1,484,870,0
38503929,4556,-0.0371,-0.0205,1.0229,-0.0610,0.3662,-0.1221,1,484,860,0
38508925,4557,-0.0396,-0.0210,1.0215,0.0000,0.3052,-0.1221,1,465,872,0
38513929,4558,-0.0400,-0.0210,1.0210,-0.1221,0.1831,-0.1221,1,474,807,0
38518929,4559,-0.0381,-0.0200,1.0225,-0.0610,0.1831,-0.1831,1,504,853,0
38523923,4560,-0.0361,-0.0195,1.0239,-0.0610,0.1221,-0.1221,1,487,858,0
38528929,4561,-0.0347,-0.0200,1.0249,-0.1831,0.1831,-0.2441,1,476,833,0
38533930,4562,-0.0337,-0.0210,1.0254,-0.1221,0.2441,-0.1831,1,479,833,0
38538930,4563,-0.0327,-0.0215,1.0249,-0.1221,0.3662,-0.1221,1,499,824,0
38543925,4564,-0.0327,-0.0181,1.0239,-0.1221,0.4272,-0.1831,1,478,825,0
38548930,4565,-0.0337,-0.0176,1.0234,-0.4272,0.3052,-0.2441,1,487,846,0
38553925,4566,-0.0352,-0.0220,1.0234,-0.4272,0.5493,-0.0610,1,471,846,0
38558924,4567,-0.0371,-0.0225,1.0220,-0.2441,0.6714,-0.1831,1,492,847,0
38563926,4568,-0.0381,-0.0200,1.0205,-0.3052,0.4272,-0.1831,1,466,875,0
38568924,4569,-0.0371,-0.0190,1.0210,-0.4272,0.4883,-0.1831,1,466,870,0
38573927,4570,-0.0361,-0.0190,1.0215,-0.2441,0.5493,-0.3052,1,466,876,0
38578927,4571,-0.0371,-0.0200,1.0215,-0.3662,0.6104,-0.1831,1,465,877,0
38583926,4572,-0.0386,-0.0215,1.0190,-0.3052,0.3052,-0.2441,1,466,875,0
38588945,4573,-0.0396,-0.0234,1.0181,-0.2441,0.1831,-0.2441,1,466,868,0
38593927,4574,-0.0391,-0.0249,1.0195,-0.3662,0.0000,-0.2441,1,466,876,0
38598930,4575,-0.0381,-0.0244,1.0215,-0.3052,0.0000,-0.2441,1,484,820,0
38603925,4576,-0.0356,-0.0229,1.0234,-0.0610,-0.0610,-0.3052,1,477,766,0
38608922,4577,-0.0342,-0.0210,1.0249,0.0610,-0.0610,-0.1221,1,465,871,0
38613923,4578,-0.0366,-0.0210,1.0220,-0.1221,0.1831,-0.1831,1,474,893,0
38618928,4579,-0.0396,-0.0225,1.0190,-0.0610,0.0000,-0.3052,1,507,863,0
38623930,4580,-0.0391,-0.0225,1.0195,-0.0610,-0.1831,-0.3052,1,488,727,0
38628925,4581,-0.0376,-0.0215,1.0210,0.1221,-0.1221,-0.3052,1,492,773,0
38633930,4582,-0.0356,-0.0210,1.0210,0.0610,-0.3052,-0.3662,1,478,813,0
38638927,4583,-0.0347,-0.0215,1.0195,0.0000,-0.2441,-0.3052,1,497,820,0
38643924,4584,-0.0356,-0.0205,1.0190,0.0610,-0.2441,-0.3052,1,477,797,0
38648923,4585,-0.0366,-0.0205,1.0195,-0.0610,-0.3662,-0.3662,1,489,843,0
38653922,4586,-0.0371,-0.0215,1.0205,-0.1221,-0.3662,-0.4272,1,471,851,0
38658922,4587,-0.0366,-0.0215,1.0225,-0.1831,-0.3662,-0.4883,1,493,846,0
38663927,4588,-0.0347,-0.0220,1.0239,-0.2441,-0.4883,-0.3662,1,466,877,0
38668929,4589,-0.0327,-0.0234,1.0249,-0.1221,-0.1831,-0.3052,1,466,878,0
38673930,4590,-0.0342,-0.0239,1.0259,-0.1221,-0.1221,-0.3052,1,466,873,0
38678931,4591,-0.0337,-0.0220,1.0259,-0.1831,-0.1221,-0.4272,1,466,866,0
38683922,4592,-0.0327,-0.0215,1.0254,-0.1831,0.0000,-0.4272,1,466,874,0
38688933,4593,-0.0332,-0.0220,1.0244,-0.1831,0.1221,-0.3052,1,466,830,0
38693926,4594,-0.0342,-0.0229,1.0229,-0.1221,0.1831,-0.3662,1,466,874,0
38698928,4595,-0.0347,-0.0225,1.0234,-0.1221,0.3052,-0.3662,1,483,877,0
38703925,4596,-0.0347,-0.0225,1.0244,-0.1831,0.3052,-0.3662,1,466,858,0
38708936,4597,-0.0352,-0.0225,1.0234,-0.1831,0.4272,-0.3662,1,483,808,0
38713955,4598,-0.0371,-0.0225,1.0205,-0.1221,0.4883,-0.3052,1,467,904,0
38718925,4599,-0.0396,-0.0234,1.0186,-0.1221,0.2441,-0.3662,1,474,855,0
38723924,4600,-0.0396,-0.0234,1.0176,-0.0610,0.0000,-0.4272,1,466,860,0
38728923,4601,-0.0366,-0.0215,1.0195,0.0000,-0.1221,-0.3052,1,494,750,0
38733929,4602,-0.0342,-0.0225,1.0220,0.1221,0.0000,-0.3052,1,478,777,0
38738923,4603,-0.0347,-0.0239,1.0229,0.2441,-0.0610,-0.4272,1,496,771,0
38743923,4604,-0.0356,-0.0215,1.0234,0.1831,-0.0610,-0.4883,1,492,830,0
38748931,4605,-0.0356,-0.0200,1.0244,0.1831,0.0610,-0.4272,1,483,866,0
38753924,4606,-0.0347,-0.0200,1.0249,0.0000,0.0000,-0.4272,1,478,847,0
38758930,4607,-0.0342,-0.0205,1.0254,0.0000,0.0610,-0.4272,1,471,753,0
38763927,4608,-0.0342,-0.0220,1.0254,0.0000,0.1831,-0.4272,1,493,797,0
38768923,4609,-0.0337,-0.0225,1.0249,0.0610,0.0610,-0.4272,1,466,829,0
38773923,4610,-0.0337,-0.0225,1.0244,0.1831,0.1221,-0.4883,1,466,873,0
38778928,4611,-0.0352,-0.0200,1.0229,0.1831,0.1221,-0.3662,1,466,872,0
38783925,4612,-0.0361,-0.0190,1.0215,0.0000,0.2441,-0.3662,1,466,874,0
38788926,4613,-0.0371,-0.0210,1.0210,-0.1221,0.3052,-0.4883,1,466,833,0
38793930,4614,-0.0376,-0.0234,1.0215,0.0610,0.3052,-0.4883,1,466,864,0
38798925,4615,-0.0371,-0.0244,1.0220,0.0610,0.2441,-0.4272,1,466,867,0
38803927,4616,-0.0366,-0.0234,1.0225,0.1831,0.1221,-0.3662,1,466,878,0
38808922,4617,-0.0376,-0.0210,1.0210,0.3052,0.1221,-0.3662,1,484,864,0
38813927,4618,-0.0381,-0.0200,1.0190,0.2441,-0.0610,-0.3662,1,465,904,0
38818929,4619,-0.0371,-0.0215,1.0195,0.3662,-0.1831,-0.4272,1,508,899,0
38823931,4620,-0.0352,-0.0215,1.0220,0.1221,-0.1221,-0.4272,1,492,870,0
38828928,4621,-0.0342,-0.0205,1.0249,0.1831,-0.1831,-0.3662,1,499,855,0
38833926,4622,-0.0347,-0.0210,1.0249,0.0610,-0.2441,-0.3662,1,466,842,0
38838928,4623,-0.0352,-0.0210,1.0220,0.0000,-0.1221,-0.3662,1,475,828,0
38843926,4624,-0.0352,-0.0210,1.0220,0.1221,-0.4272,-0.3662,1,503,776,0
38848924,4625,-0.0342,-0.0210,1.0239,-0.0610,-0.4883,-0.3662,1,478,863,0
38853930,4626,-0.0342,-0.0210,1.0249,-0.0610,-0.3052,-0.3662,1,483,843,0
38858930,4627,-0.0332,-0.0195,1.0264,-0.1221,-0.4272,-0.1831,1,486,843,0
38863929,4628,-0.0327,-0.0190,1.0249,-0.2441,-0.2441,-0.3052,1,493,848,0
38868925,4629,-0.0347,-0.0210,1.0210,-0.1221,0.0000,-0.3052,1,466,879,0
38873922,4630,-0.0366,-0.0220,1.0195,-0.1221,-0.1831,-0.1831,1,466,817,0
38878929,4631,-0.0361,-0.0210,1.0210,0.0000,-0.1831,-0.1221,1,466,879,0
38883924,4632,-0.0342,-0.0210,1.0234,-0.1221,0.0610,-0.2441,1,466,825,0
38888924,4633,-0.0342,-0.0210,1.0249,-0.1831,0.0610,-0.1831,1,466,870,0
38893941,4634,-0.0347,-0.0225,1.0244,-0.3052,0.0000,-0.1831,1,466,876,0
38898922,4635,-0.0342,-0.0229,1.0229,-0.1831,0.0000,-0.2441,1,466,827,0
38903929,4636,-0.0327,-0.0229,1.0234,-0.1831,0.0610,-0.1221,1,465,824,0
38908927,4637,-0.0327,-0.0229,1.0244,-0.3052,0.1221,-0.0610,1,474,866,0
38913941,4638,-0.0347,-0.0234,1.0239,-0.1831,0.2441,-0.2441,1,465,871,0
38918930,4639,-0.0352,-0.0229,1.0234,0.0610,0.1221,-0.2441,1,470,908,0
38923923,4640,-0.0347,-0.0220,1.0239,-0.0610,0.1221,-0.1831,1,482,930,0
38928922,4641,-0.0347,-0.0220,1.0239,-0.1221,0.2441,-0.1831,1,477,860,0
38933929,4642,-0.0347,-0.0234,1.0239,-0.0610,0.2441,-0.2441,1,507,792,0
38938922,4643,-0.0347,-0.0239,1.0234,0.0000,0.3052,-0.1831,1,482,840,0
38943925,4644,-0.0347,-0.0215,1.0229,-0.1221,0.2441,-0.0610,1,487,780,0
38948927,4645,-0.0332,-0.0200,1.0234,-0.1221,0.2441,-0.1831,1,499,824,0
38953923,4646,-0.0327,-0.0220,1.0229,0.0000,0.4272,-0.3052,1,476,869,0
38958923,4647,-0.0327,-0.0239,1.0229,-0.1221,0.5493,-0.1831,1,492,799,0
38963929,4648,-0.0332,-0.0244,1.0234,0.0000,0.4883,-0.0610,1,476,851,0
38968925,4649,-0.0337,-0.0239,1.0234,0.1221,0.6714,-0.1221,1,493,800,0
38973928,4650,-0.0356,-0.0225,1.0225,0.0610,0.7935,-0.3052,1,466,870,0
38978923,4651,-0.0386,-0.0220,1.0195,0.0610,0.7324,-0.3052,1,466,867,0
38983929,4652,-0.0400,-0.0229,1.0186,0.1831,0.5493,-0.3052,1,465,871,0
38988930,4653,-0.0391,-0.0239,1.0195,0.1831,0.3052,-0.2441,1,466,873,0
38993925,4654,-0.0361,-0.0234,1.0215,0.1221,0.3052,-0.3662,1,466,873,0
38998927,4655,-0.0342,-0.0215,1.0229,0.2441,0.3052,-0.3662,1,466,871,0
39003924,4656,-0.0347,-0.0200,1.0234,0.3052,0.2441,-0.2441,1,483,876,0
39008929,4657,-0.0347,-0.0195,1.0239,0.1221,0.1221,-0.1831,1,465,863,0
39013927,4658,-0.0327,-0.0205,1.0254,0.1221,0.2441,-0.3052,1,484,861,0
39018924,4659,-0.0327,-0.0215,1.0264,0.1221,0.4272,-0.2441,1,476,897,0
39023926,4660,-0.0337,-0.0215,1.0239,0.0000,0.3662,-0.1221,1,480,929,0
39028926,4661,-0.0342,-0.0220,1.0215,0.0000,0.2441,-0.2441,1,467,732,0
39033923,4662,-0.0347,-0.0220,1.0205,0.0610,0.3052,-0.3052,1,499,744,0
39038923,4663,-0.0361,-0.0200,1.0215,0.1221,0.2441,-0.3052,1,486,815,0
39043922,4664,-0.0376,-0.0195,1.0220,-0.1221,0.2441,-0.2441,1,491,822,0
39048929,4665,-0.0381,-0.0195,1.0229,0.0000,0.0610,-0.2441,1,500,828,0
39053922,4666,-0.0366,-0.0215,1.0229,0.0610,-0.0610,-0.3052,1,477,799,0
39058930,4667,-0.0342,-0.0234,1.0225,0.0610,0.1221,-0.1831,1,475,840,0
39063929,4668,-0.0347,-0.0229,1.0215,0.0610,0.1831,-0.2441,1,472,840,0
39068924,4669,-0.0352,-0.0215,1.0229,0.0610,0.0610,-0.2441,1,493,847,0
39073927,4670,-0.0342,-0.0205,1.0239,0.1221,0.1221,-0.1831,1,466,871,0
39078928,4671,-0.0347,-0.0215,1.0225,0.0000,0.1831,-0.1221,1,466,871,0
39083928,4672,-0.0352,-0.0234,1.0225,-0.1221,0.0000,-0.1831,1,466,824,0
39088926,4673,-0.0361,-0.0234,1.0205,0.0000,0.0610,-0.3052,1,466,825,0
39093929,4674,-0.0371,-0.0215,1.0190,0.1831,-0.0610,-0.2441,1,466,825,0
39098928,4675,-0.0361,-0.0195,1.0205,0.1221,-0.1831,-0.2441,1,466,878,0
39103923,4676,-0.0356,-0.0195,1.0220,0.0610,-0.2441,-0.3052,1,483,878,0
39108927,4677,-0.0356,-0.0205,1.0234,-0.0610,-0.1221,-0.2441,1,475,864,0
39113940,4678,-0.0347,-0.0215,1.0244,-0.1221,-0.1831,-0.3052,1,466,873,0
39118924,4679,-0.0342,-0.0220,1.0249,-0.1221,-0.2441,-0.3662,1,475,897,0
39123922,4680,-0.0332,-0.0215,1.0264,0.0610,-0.1221,-0.2441,1,471,864,0
39128925,4681,-0.0332,-0.0215,1.0264,0.0000,-0.0610,-0.1831,1,465,869,0
39133922,4682,-0.0337,-0.0225,1.0239,-0.1221,-0.1221,-0.2441,1,509,742,0
39138930,4683,-0.0342,-0.0234,1.0225,0.0000,-0.0610,-0.2441,1,499,834,0
39143923,4684,-0.0347,-0.0234,1.0220,0.0610,-0.1221,-0.2441,1,489,779,0
39148927,4685,-0.0337,-0.0225,1.0225,-0.0610,-0.1221,-0.2441,1,509,822,0
39153926,4686,-0.0317,-0.0215,1.0239,-0.1831,0.0610,-0.1831,1,478,840,0
39158930,4687,-0.0317,-0.0225,1.0239,-0.1221,0.2441,-0.1831,1,481,849,0
39163926,4688,-0.0337,-0.0239,1.0229,0.0610,0.1831,-0.1831,1,484,849,0
39168926,4689,-0.0352,-0.0234,1.0225,0.0610,0.0610,-0.0610,1,466,850,0
39173922,4690,-0.0347,-0.0220,1.0229,0.0610,0.0000,-0.0610,1,466,864,0
39178926,4691,-0.0332,-0.0220,1.0239,0.0000,0.3052,-0.0610,1,466,825,0
39183923,4692,-0.0332,-0.0215,1.0244,-0.0610,0.3662,-0.1221,1,466,826,0
39188925,4693,-0.0342,-0.0210,1.0239,0.0000,0.3052,-0.1831,1,466,874,0
39193945,4694,-0.0342,-0.0225,1.0229,-0.0610,0.3662,-0.2441,1,466,825,0
39198926,4695,-0.0337,-0.0239,1.0220,0.1221,0.3662,-0.3662,1,466,876,0
39203922,4696,-0.0342,-0.0244,1.0215,0.1831,0.4272,-0.2441,1,484,873,0
39208922,4697,-0.0342,-0.0239,1.0225,0.1221,0.4272,-0.2441,1,484,868,0
39213945,4698,-0.0347,-0.0239,1.0220,0.0000,0.3662,-0.2441,1,465,873,0
39218930,4699,-0.0337,-0.0229,1.0215,0.0000,0.4883,-0.3052,1,476,819,0
39223929,4700,-0.0342,-0.0229,1.0215,0.3052,0.5493,-0.3052,1,471,820,0
39228930,4701,-0.0352,-0.0225,1.0215,0.2441,0.3662,-0.3052,1,483,856,0
39233926,4702,-0.0347,-0.0215,1.0234,0.0610,0.3662,-0.1831,1,494,777,0
39238928,4703,-0.0342,-0.0215,1.0239,0.0610,0.4272,-0.2441,1,499,837,0
39243927,4704,-0.0337,-0.0215,1.0239,0.0000,0.3052,-0.3052,1,489,828,0
39248924,4705,-0.0327,-0.0200,1.0254,0.1221,0.3662,-0.3052,1,485,800,0
39253925,4706,-0.0322,-0.0186,1.0234,0.0000,0.6104,-0.1831,1,478,839,0
39258925,4707,-0.0332,-0.0181,1.0200,-0.0610,0.6104,-0.4272,1,480,800,0
39263922,4708,-0.0386,-0.0127,1.0210,-0.1831,0.1221,-0.5493,1,483,869,0
39268929,4709,-0.0352,-0.0269,1.0264,-0.8545,-0.1221,-0.6714,1,493,841,0
39273924,4710,-0.0317,-0.0415,1.0254,0.3052,0.9155,-0.3052,1,466,867,0
39278928,4711,-0.0352,-0.0264,1.0210,0.6104,0.3662,-0.3052,1,466,871,0
39283925,4712,-0.0327,-0.0181,1.0229,-0.4272,0.4883,-0.3662,1,466,865,0
39288922,4713,-0.0322,-0.0215,1.0249,0.1831,0.8545,-0.3052,1,466,877,0
39293931,4714,-0.0327,-0.0229,1.0249,0.0000,0.5493,-0.3052,1,465,874,0
39298926,4715,-0.0327,-0.0229,1.0234,-0.1221,0.7324,-0.3662,1,466,831,0
39303923,4716,-0.0332,-0.0225,1.0220,0.0610,0.4883,-0.3052,1,483,880,0
39308925,4717,-0.0332,-0.0210,1.0225,0.0000,0.7324,-0.4272,1,465,857,0
39313928,4718,-0.0312,-0.0161,1.0210,-0.0610,0.8545,-0.4883,1,484,857,0
39318930,4719,-0.0312,-0.0161,1.0195,-0.1831,0.5493,-0.6714,1,474,893,0
39323924,4720,-0.0293,-0.0312,1.0259,-0.5493,0.3662,-0.5493,1,500,934,0
39328928,4721,-0.0337,-0.0342,1.0249,0.5493,1.2817,-0.1831,1,468,893,0
39333924,4722,-0.0400,-0.0215,1.0186,0.4272,0.5493,-0.3052,1,493,877,0
39338927,4723,-0.0356,-0.0186,1.0210,-0.1831,0.6714,-0.4883,1,482,832,0
39343930,4724,-0.0332,-0.0210,1.0239,0.3052,0.7324,-0.3662,1,479,825,0
39348928,4725,-0.0332,-0.0215,1.0234,0.1221,0.4272,-0.3662,1,499,828,0
39353924,4726,-0.0327,-0.0210,1.0220,-0.0610,0.7324,-0.4272,1,473,868,0
39358928,4727,-0.0332,-0.0181,1.0195,0.1831,0.6714,-0.4272,1,479,845,0
39363929,4728,-0.0352,-0.0210,1.0195,0.0000,0.4883,-0.6104,1,485,848,0
39368929,4729,-0.0352,-0.0288,1.0225,-0.0610,0.5493,-0.4883,1,493,792,0
39373929,4730,-0.0347,-0.0215,1.0205,0.4883,0.4883,-0.3662,1,466,872,0
39378923,4731,-0.0347,-0.0176,1.0200,-0.1221,0.2441,-0.6104,1,465,873,0
39383926,4732,-0.0347,-0.0269,1.0239,-0.2441,0.3052,-0.4883,1,466,868,0
39388923,4733,-0.0361,-0.0273,1.0229,0.6714,0.6104,-0.3662,1,465,874,0
39393922,4734,-0.0361,-0.0225,1.0215,0.3052,0.2441,-0.3052,1,466,876,0
39398922,4735,-0.0347,-0.0215,1.0210,0.1221,0.4272,-0.4272,1,466,868,0
39403923,4736,-0.0352,-0.0220,1.0215,0.3662,0.2441,-0.2441,1,483,869,0
39408926,4737,-0.0356,-0.0215,1.0229,0.2441,0.3052,-0.3052,1,465,865,0
39413930,4738,-0.0356,-0.0210,1.0239,0.2441,0.4272,-0.3052,1,484,860,0
39418922,4739,-0.0361,-0.0210,1.0225,0.1221,0.3662,-0.3662,1,466,902,0
39423929,4740,-0.0361,-0.0220,1.0210,0.1831,0.4272,-0.2441,1,500,928,0
39428923,4741,-0.0366,-0.0229,1.0215,0.2441,0.2441,-0.3052,1,499,867,0
39433928,4742,-0.0352,-0.0234,1.0225,0.1831,0.2441,-0.3662,1,491,783,0
39438930,4743,-0.0342,-0.0220,1.0229,0.1831,0.3662,-0.3662,1,472,852,0
39443922,4744,-0.0352,-0.0210,1.0215,0.1831,0.1831,-0.3662,1,500,831,0
39448928,4745,-0.0366,-0.0210,1.0195,0.1831,0.1221,-0.3662,1,502,827,0
39453925,4746,-0.0361,-0.0210,1.0210,0.2441,0.0610,-0.3052,1,471,867,0
39458930,4747,-0.0337,-0.0220,1.0229,0.0610,0.0610,-0.3052,1,482,839,0
39463923,4748,-0.0327,-0.0225,1.0234,0.1221,0.1831,-0.3052,1,487,838,0
39468924,4749,-0.0337,-0.0229,1.0229,0.0610,0.3052,-0.4883,1,493,843,0
39473926,4750,-0.0352,-0.0234,1.0234,0.0610,0.2441,-0.3052,1,466,871,0
39478924,4751,-0.0347,-0.0229,1.0239,0.1221,0.2441,-0.2441,1,466,871,0
39483928,4752,-0.0332,-0.0220,1.0234,0.1221,0.4272,-0.3052,1,466,878,0
39488924,4753,-0.0342,-0.0210,1.0234,0.0000,0.5493,-0.3052,1,466,873,0
39493934,4754,-0.0352,-0.0220,1.0234,0.0000,0.4272,-0.2441,1,466,826,0
39498926,4755,-0.0347,-0.0225,1.0229,0.1221,0.4272,-0.3052,1,465,831,0
39503930,4756,-0.0352,-0.0195,1.0225,0.1221,0.3052,-0.2441,1,483,870,0
39508923,4757,-0.0352,-0.0205,1.0229,-0.0610,0.3052,-0.3662,1,467,857,0
39513922,4758,-0.0342,-0.0244,1.0239,0.0610,0.4883,-0.2441,1,466,868,0
39518923,4759,-0.0342,-0.0225,1.0234,0.1221,0.4272,-0.1221,1,469,929,0
39523927,4760,-0.0376,-0.0156,1.0225,-0.0610,0.4272,-0.1831,1,497,858,0
39528923,4761,-0.0356,-0.0205,1.0234,-0.3662,0.3662,-0.4883,1,479,863,0
39533929,4762,-0.0317,-0.0269,1.0239,0.0000,0.6104,-0.1221,1,493,777,0
39538927,4763,-0.0342,-0.0220,1.0210,0.3662,0.4272,-0.1831,1,471,778,0
39543923,4764,-0.0347,-0.0210,1.0220,-0.2441,0.1221,-0.3662,1,499,826,0
39548929,4765,-0.0342,-0.0249,1.0239,0.1221,0.4272,-0.1221,1,480,842,0
39553930,4766,-0.0347,-0.0234,1.0229,0.1831,0.3662,-0.1221,1,488,863,0
39558927,4767,-0.0332,-0.0210,1.0229,-0.1831,0.5493,-0.3052,1,492,846,0
39563931,4768,-0.0332,-0.0205,1.0229,0.0000,0.5493,-0.2441,1,480,847,0
39568925,4769,-0.0347,-0.0225,1.0229,-0.1221,0.6714,-0.2441,1,493,808,0
39573923,4770,-0.0347,-0.0229,1.0244,0.0000,0.6714,-0.1831,1,466,872,0
39578925,4771,-0.0347,-0.0215,1.0249,0.0610,0.5493,-0.1831,1,466,832,0
39583927,4772,-0.0352,-0.0215,1.0249,-0.1831,0.7324,-0.2441,1,466,875,0
39588922,4773,-0.0352,-0.0220,1.0254,-0.0610,0.8545,-0.1221,1,466,878,0
39593923,4774,-0.0347,-0.0220,1.0239,-0.1221,0.6714,-0.1831,1,466,867,0
39598926,4775,-0.0337,-0.0220,1.0229,-0.1831,0.6104,-0.1831,1,466,872,0
39603922,4776,-0.0332,-0.0215,1.0220,-0.1221,0.7324,-0.1221,1,465,875,0
39608925,4777,-0.0337,-0.0220,1.0215,-0.1831,0.7324,-0.1221,1,484,860,0
39613947,4778,-0.0342,-0.0225,1.0220,-0.1221,0.6714,-0.0610,1,465,899,0
39618925,4779,-0.0352,-0.0215,1.0215,-0.1831,0.8545,-0.1831,1,465,928,0
39623930,4780,-0.0371,-0.0225,1.0205,-0.1831,0.8545,-0.1831,1,492,863,0
39628925,4781,-0.0366,-0.0239,1.0200,-0.2441,0.6104,-0.0610,1,476,874,0
39633924,4782,-0.0352,-0.0234,1.0195,-0.2441,0.7324,-0.0610,1,510,775,0
39638926,4783,-0.0356,-0.0215,1.0195,-0.1831,0.7935,-0.1831,1,494,839,0
39643929,4784,-0.0361,-0.0205,1.0215,-0.1831,0.7324,-0.1831,1,499,831,0
39648929,4785,-0.0371,-0.0215,1.0220,-0.2441,0.6714,-0.1221,1,492,850,0
39653926,4786,-0.0371,-0.0229,1.0215,-0.1831,0.6714,-0.0610,1,481,843,0
39658927,4787,-0.0371,-0.0215,1.0210,-0.0610,0.6104,-0.1831,1,473,847,0
39663929,4788,-0.0386,-0.0210,1.0205,-0.1221,0.4883,-0.1831,1,493,841,0
39668929,4789,-0.0386,-0.0210,1.0210,0.0000,0.3662,-0.1221,1,466,867,0
39673929,4790,-0.0371,-0.0205,1.0220,-0.1221,0.4272,-0.2441,1,466,822,0
39678931,4791,-0.0352,-0.0210,1.0220,-0.2441,0.4883,-0.2441,1,466,875,0
39683929,4792,-0.0342,-0.0210,1.0234,-0.1221,0.3662,-0.1831,1,466,873,0
39688925,4793,-0.0347,-0.0200,1.0239,-0.1221,0.4883,-0.1221,1,466,874,0
39693924,4794,-0.0361,-0.0220,1.0229,-0.3052,0.4883,-0.1831,1,466,867,0
39698926,4795,-0.0371,-0.0249,1.0215,-0.2441,0.4883,-0.1831,1,483,875,0
39703930,4796,-0.0366,-0.0254,1.0200,-0.1221,0.4272,-0.1221,1,477,870,0
39708928,4797,-0.0347,-0.0229,1.0205,-0.2441,0.4272,-0.0610,1,466,866,0
39713923,4798,-0.0332,-0.0215,1.0225,-0.1831,0.4272,-0.1221,1,470,931,0
39718925,4799,-0.0332,-0.0220,1.0239,-0.3052,0.5493,-0.1831,1,506,863,0
39723924,4800,-0.0347,-0.0220,1.0229,-0.3052,0.6104,-0.1831,1,488,866,0
39728924,4801,-0.0352,-0.0215,1.0220,-0.2441,0.6104,-0.1221,1,496,776,0
39733925,4802,-0.0352,-0.0210,1.0210,-0.3052,0.4883,-0.1221,1,479,829,0
39738923,4803,-0.0356,-0.0220,1.0205,-0.3052,0.3052,-0.0610,1,499,814,0
39743927,4804,-0.0361,-0.0220,1.0210,-0.2441,0.4883,-0.1221,1,474,837,0
39748922,4805,-0.0352,-0.0229,1.0215,-0.3052,0.4883,-0.1221,1,481,842,0
39753925,4806,-0.0352,-0.0244,1.0225,-0.3662,0.5493,-0.1831,1,474,838,0
39758926,4807,-0.0371,-0.0249,1.0229,-0.2441,0.5493,-0.3052,1,492,850,0
39763927,4808,-0.0381,-0.0234,1.0225,-0.2441,0.3052,-0.1831,1,493,853,0
39768929,4809,-0.0381,-0.0229,1.0229,-0.1831,0.3052,-0.0610,1,466,871,0
39773924,4810,-0.0366,-0.0234,1.0239,-0.2441,0.4272,-0.2441,1,466,871,0
39778928,4811,-0.0347,-0.0234,1.0234,-0.1221,0.4272,-0.1221,1,466,884,0
39783922,4812,-0.0347,-0.0220,1.0229,-0.0610,0.4883,-0.1221,1,466,872,0
39788927,4813,-0.0361,-0.0205,1.0229,-0.1221,0.5493,-0.1221,1,466,869,0
39793923,4814,-0.0366,-0.0225,1.0225,-0.2441,0.4883,-0.1831,1,466,875,0
39798930,4815,-0.0371,-0.0254,1.0220,-0.1221,0.5493,-0.2441,1,484,876,0
39803926,4816,-0.0371,-0.0254,1.0225,-0.3052,0.4883,-0.1221,1,465,866,0
39808927,4817,-0.0371,-0.0234,1.0220,-0.2441,0.4272,-0.2441,1,484,809,0
39813955,4818,-0.0366,-0.0229,1.0215,-0.1221,0.3662,-0.2441,1,472,908,0
39818923,4819,-0.0356,-0.0229,1.0220,-0.2441,0.4272,-0.1221,1,472,916,0
39823928,4820,-0.0342,-0.0215,1.0225,-0.2441,0.6104,-0.1831,1,466,866,0
39828928,4821,-0.0342,-0.0205,1.0229,-0.3662,0.5493,-0.1831,1,510,861,0
39833930,4822,-0.0342,-0.0215,1.0239,-0.4272,0.5493,-0.1831,1,495,787,0
39838926,4823,-0.0352,-0.0220,1.0239,-0.3662,0.4883,-0.1221,1,497,841,0
39843923,4824,-0.0361,-0.0225,1.0239,-0.4272,0.4883,-0.0610,1,497,825,0
39848930,4825,-0.0361,-0.0234,1.0239,-0.5493,0.4883,-0.0610,1,471,872,0
39853930,4826,-0.0356,-0.0229,1.0229,-0.4883,0.6104,-0.0610,1,474,848,0
39858924,4827,-0.0356,-0.0239,1.0220,-0.3662,0.6714,-0.1221,1,482,846,0
39863924,4828,-0.0366,-0.0264,1.0205,-0.3662,0.4883,-0.1221,1,487,847,0
39868926,4829,-0.0381,-0.0264,1.0200,-0.3662,0.4883,-0.1221,1,493,844,0
39873929,4830,-0.0371,-0.0244,1.0210,-0.3052,0.4883,-0.1221,1,466,866,0
39878926,4831,-0.0356,-0.0239,1.0215,-0.2441,0.4272,-0.2441,1,465,868,0
39883922,4832,-0.0356,-0.0254,1.0225,-0.2441,0.3052,-0.3052,1,465,883,0
39888924,4833,-0.0361,-0.0264,1.0229,-0.0610,0.2441,-0.1831,1,466,869,0
39893936,4834,-0.0371,-0.0254,1.0215,0.0000,0.3662,-0.1831,1,466,879,0
39898927,4835,-0.0371,-0.0244,1.0215,-0.0610,0.2441,-0.3052,1,466,830,0
39903925,4836,-0.0361,-0.0244,1.0220,0.0610,0.3052,-0.3052,1,484,873,0
39908930,4837,-0.0356,-0.0249,1.0210,-0.0610,0.3662,-0.1221,1,473,856,0
39913928,4838,-0.0366,-0.0254,1.0200,0.0000,0.4883,-0.3052,1,484,815,0
39918922,4839,-0.0381,-0.0249,1.0210,0.0610,0.2441,-0.4272,1,483,811,0
39923925,4840,-0.0376,-0.0239,1.0220,0.1831,0.2441,-0.3662,1,497,861,0
39928931,4841,-0.0366,-0.0239,1.0229,0.1831,0.2441,-0.3662,1,476,868,0
39933925,4842,-0.0361,-0.0234,1.0239,0.1831,0.2441,-0.3662,1,476,835,0
39938922,4843,-0.0352,-0.0229,1.0234,0.1831,0.3052,-0.3662,1,483,789,0
39943931,4844,-0.0352,-0.0225,1.0225,0.1221,0.3052,-0.3662,1,489,828,0
39948928,4845,-0.0356,-0.0229,1.0220,0.0610,0.3662,-0.3052,1,504,818,0
39953925,4846,-0.0356,-0.0234,1.0229,0.1221,0.3052,-0.3662,1,476,870,0
39958926,4847,-0.0356,-0.0234,1.0234,0.1221,0.3662,-0.4272,1,490,843,0
39963926,4848,-0.0356,-0.0234,1.0234,0.1221,0.3052,-0.3052,1,490,848,0
39968931,4849,-0.0361,-0.0234,1.0229,0.0610,0.2441,-0.3052,1,490,838,0
39973927,4850,-0.0381,-0.0229,1.0215,0.0610,0.1221,-0.3662,1,466,844,0
39978930,4851,-0.0391,-0.0234,1.0210,0.0610,0.1221,-0.3662,1,466,868,0
39983928,4852,-0.0376,-0.0254,1.0220,0.0610,0.0000,-0.3662,1,465,865,0
39988927,4853,-0.0361,-0.0254,1.0229,0.0610,0.1831,-0.4272,1,466,826,0
39993922,4854,-0.0356,-0.0244,1.0234,0.1221,0.1221,-0.4883,1,466,878,0
39998927,4855,-0.0356,-0.0264,1.0220,0.0000,0.0000,-0.4272,1,466,872,0
40003922,4856,-0.0361,-0.0264,1.0215,0.0000,0.0000,-0.3662,1,465,772,0
40008926,4857,-0.0376,-0.0249,1.0225,0.0610,0.0000,-0.4272,1,466,811,0
40013930,4858,-0.0376,-0.0229,1.0234,-0.0610,0.0000,-0.3662,1,484,825,0
40018940,4859,-0.0366,-0.0229,1.0225,-0.0610,0.0000,-0.3052,1,465,819,0
40023928,4860,-0.0352,-0.0239,1.0210,-0.1221,0.0610,-0.1831,1,472,815,0
40028923,4861,-0.0342,-0.0254,1.0225,-0.1221,0.0000,-0.2441,1,492,858,0
40033926,4862,-0.0347,-0.0254,1.0239,-0.0610,0.2441,-0.3662,1,479,730,0
40038927,4863,-0.0352,-0.0239,1.0234,-0.1221,0.1831,-0.4272,1,505,797,0
40043930,4864,-0.0356,-0.0239,1.0225,-0.0610,0.1221,-0.3662,1,489,839,0
40048929,4865,-0.0356,-0.0254,1.0220,0.0000,0.2441,-0.3052,1,506,826,0
40053929,4866,-0.0361,-0.0249,1.0215,0.0610,0.2441,-0.3662,1,480,796,0
40058927,4867,-0.0366,-0.0239,1.0205,-0.0610,0.0610,-0.4272,1,489,870,0
40063925,4868,-0.0356,-0.0239,1.0200,-0.0610,0.0000,-0.3052,1,473,846,0
40068922,4869,-0.0342,-0.0234,1.0215,0.0000,0.1221,-0.3052,1,479,796,0
40073927,4870,-0.0327,-0.0234,1.0229,-0.0610,0.2441,-0.3662,1,493,791,0
40078930,4871,-0.0337,-0.0239,1.0225,-0.1221,0.3052,-0.3662,1,465,880,0
40083924,4872,-0.0356,-0.0244,1.0229,-0.1221,0.2441,-0.2441,1,466,871,0
40088926,4873,-0.0366,-0.0244,1.0234,-0.1221,0.4272,-0.3052,1,466,880,0
40093928,4874,-0.0361,-0.0234,1.0225,0.0000,0.2441,-0.3662,1,466,874,0
40098947,4875,-0.0347,-0.0239,1.0225,0.0000,0.2441,-0.2441,1,466,831,0
40103925,4876,-0.0347,-0.0244,1.0234,0.0610,0.3662,-0.3662,1,465,832,0
40108929,4877,-0.0352,-0.0239,1.0229,0.1221,0.4272,-0.2441,1,465,878,0
40113926,4878,-0.0366,-0.0254,1.0210,-0.1221,0.2441,-0.3052,1,484,865,0
40118934,4879,-0.0376,-0.0264,1.0195,0.0000,0.2441,-0.2441,1,465,894,0
40123930,4880,-0.0376,-0.0244,1.0195,0.1221,0.2441,-0.3052,1,478,821,0
40128922,4881,-0.0371,-0.0225,1.0200,0.0000,0.1831,-0.3662,1,493,860,0
40133924,4882,-0.0371,-0.0225,1.0210,0.0610,0.1221,-0.3662,1,466,735,0
40138928,4883,-0.0366,-0.0234,1.0229,0.0610,0.1831,-0.3052,1,494,774,0
40143928,4884,-0.0361,-0.0239,1.0244,-0.0610,0.1221,-0.3662,1,494,836,0
40148930,4885,-0.0356,-0.0229,1.0234,0.0000,0.1831,-0.3052,1,489,830,0
40153929,4886,-0.0352,-0.0215,1.0225,-0.1221,0.1831,-0.3052,1,483,801,0
40158922,4887,-0.0347,-0.0220,1.0220,-0.1831,0.1831,-0.3052,1,477,838,0
40163923,4888,-0.0352,-0.0249,1.0225,-0.1831,0.3052,-0.3662,1,471,844,0
40168927,4889,-0.0361,-0.0254,1.0225,-0.0610,0.2441,-0.3052,1,493,846,0
40173928,4890,-0.0366,-0.0244,1.0225,0.0000,0.1831,-0.3052,1,466,842,0
40178926,4891,-0.0361,-0.0225,1.0200,0.0000,0.1831,-0.2441,1,466,828,0
40183924,4892,-0.0361,-0.0215,1.0195,-0.0610,0.1221,-0.4272,1,466,831,0
40188929,4893,-0.0356,-0.0229,1.0220,0.0000,0.1831,-0.3052,1,466,874,0
40193931,4894,-0.0352,-0.0239,1.0239,-0.1221,0.1831,-0.2441,1,466,828,0
40198929,4895,-0.0337,-0.0239,1.0234,-0.1221,0.1831,-0.3052,1,466,877,0
40203924,4896,-0.0337,-0.0229,1.0229,-0.0610,0.1221,-0.1831,1,483,873,0
40208924,4897,-0.0347,-0.0229,1.0215,0.0000,0.0610,-0.3052,1,469,864,0
40213927,4898,-0.0366,-0.0244,1.0200,0.0000,0.0610,-0.3052,1,484,848,0
40218927,4899,-0.0381,-0.0259,1.0205,0.1221,0.1221,-0.1831,1,482,813,0
40223929,4900,-0.0371,-0.0249,1.0220,0.2441,-0.1221,-0.3662,1,467,855,0
40228926,4901,-0.0361,-0.0239,1.0229,0.1221,-0.1221,-0.3662,1,476,868,0
40233927,4902,-0.0352,-0.0244,1.0234,0.1221,-0.0610,-0.3052,1,488,802,0
40238930,4903,-0.0347,-0.0244,1.0234,0.1831,-0.1221,-0.3052,1,476,830,0
40243926,4904,-0.0337,-0.0239,1.0239,0.1221,-0.1221,-0.3052,1,501,825,0
40248923,4905,-0.0342,-0.0225,1.0244,0.1831,0.0000,-0.2441,1,485,820,0
40253926,4906,-0.0352,-0.0210,1.0229,0.2441,-0.0610,-0.3052,1,478,801,0
40258931,4907,-0.0356,-0.0215,1.0215,0.1221,-0.0610,-0.2441,1,487,840,0
40263925,4908,-0.0352,-0.0239,1.0215,0.1831,-0.1221,-0.1831,1,491,843,0
40268922,4909,-0.0337,-0.0264,1.0225,0.1831,0.0000,-0.2441,1,493,846,0
40273928,4910,-0.0327,-0.0259,1.0234,0.1831,-0.0610,-0.3662,1,466,829,0
40278922,4911,-0.0327,-0.0239,1.0229,0.2441,0.0000,-0.3662,1,465,880,0
40283928,4912,-0.0347,-0.0229,1.0215,0.1221,0.0000,-0.3052,1,466,838,0
40288928,4913,-0.0361,-0.0229,1.0200,0.1831,-0.0610,-0.3052,1,466,822,0
40293926,4914,-0.0356,-0.0229,1.0205,0.1831,0.0000,-0.2441,1,466,872,0
40298928,4915,-0.0356,-0.0229,1.0229,0.1221,0.0000,-0.3662,1,483,834,0
40303928,4916,-0.0361,-0.0234,1.0239,0.1221,0.0610,-0.3052,1,466,774,0
40308929,4917,-0.0361,-0.0234,1.0234,0.1221,0.0000,-0.3052,1,484,859,0
40313950,4918,-0.0356,-0.0239,1.0229,0.1221,0.1221,-0.3662,1,475,813,0
40318927,4919,-0.0356,-0.0244,1.0229,0.1831,0.1831,-0.3052,1,465,864,0
40323924,4920,-0.0361,-0.0244,1.0220,0.2441,0.0000,-0.1831,1,493,875,0
40328930,4921,-0.0361,-0.0244,1.0205,0.2441,0.1221,-0.3052,1,505,746,0
40333928,4922,-0.0352,-0.0239,1.0210,0.1831,0.0000,-0.3662,1,483,779,0
40338926,4923,-0.0342,-0.0234,1.0225,0.1831,0.1221,-0.3662,1,492,782,0
40343922,4924,-0.0347,-0.0229,1.0225,0.2441,0.2441,-0.4272,1,502,826,0
40348928,4925,-0.0361,-0.0229,1.0210,0.3052,0.1221,-0.3662,1,478,869,0
40353926,4926,-0.0366,-0.0234,1.0215,0.2441,0.3052,-0.3052,1,485,841,0
40358925,4927,-0.0366,-0.0229,1.0239,0.1831,0.1831,-0.3662,1,472,842,0
40363923,4928,-0.0352,-0.0210,1.0254,0.1221,0.0610,-0.3052,1,493,854,0
40368924,4929,-0.0332,-0.0210,1.0249,0.1221,0.0610,-0.3052,1,466,859,0
40373928,4930,-0.0327,-0.0215,1.0234,0.1221,0.1221,-0.2441,1,466,867,0
40378922,4931,-0.0337,-0.0210,1.0225,-0.1221,0.1831,-0.3662,1,466,873,0
40383923,4932,-0.0347,-0.0215,1.0225,0.0000,0.2441,-0.2441,1,466,872,0
40388930,4933,-0.0347,-0.0229,1.0225,0.0000,0.3052,-0.3052,1,465,829,0
40393930,4934,-0.0342,-0.0239,1.0225,0.0610,0.3662,-0.3052,1,466,821,0
40398922,4935,-0.0342,-0.0244,1.0234,-0.0610,0.3052,-0.2441,1,483,870,0
40403930,4936,-0.0347,-0.0249,1.0244,-0.0610,0.3052,-0.3052,1,469,862,0
40408924,4937,-0.0352,-0.0249,1.0239,0.0610,0.3662,-0.2441,1,484,858,0
40413946,4938,-0.0356,-0.0244,1.0215,0.0610,0.3052,-0.2441,1,483,905,0
40418922,4939,-0.0361,-0.0244,1.0205,0.1221,0.3052,-0.2441,1,471,861,0
40423922,4940,-0.0356,-0.0254,1.0215,0.0610,0.3662,-0.3052,1,479,861,0
40428922,4941,-0.0352,-0.0254,1.0229,0.0610,0.3662,-0.3662,1,507,867,0
40433923,4942,-0.0361,-0.0254,1.0225,0.1831,0.3052,-0.2441,1,467,799,0
40438927,4943,-0.0366,-0.0249,1.0215,0.0610,0.2441,-0.2441,1,488,836,0
40443928,4944,-0.0366,-0.0244,1.0210,0.1221,0.3662,-0.2441,1,490,832,0
40448927,4945,-0.0352,-0.0239,1.0215,0.1221,0.1831,-0.3052,1,483,846,0
40453927,4946,-0.0337,-0.0234,1.0215,0.1221,0.1221,-0.2441,1,473,841,0
40458930,4947,-0.0327,-0.0234,1.0225,0.0610,0.1831,-0.2441,1,485,839,0
40463923,4948,-0.0332,-0.0244,1.0229,0.1221,0.2441,-0.2441,1,492,848,0
40468927,4949,-0.0356,-0.0239,1.0225,0.1221,0.2441,-0.2441,1,493,851,0
40473925,4950,-0.0371,-0.0239,1.0225,0.1221,0.3662,-0.3052,1,466,876,0
40478924,4951,-0.0376,-0.0234,1.0210,0.1831,0.3052,-0.2441,1,466,872,0
40483926,4952,-0.0366,-0.0244,1.0195,0.1221,0.1221,-0.3052,1,466,870,0
40488923,4953,-0.0347,-0.0249,1.0195,0.1221,0.1831,-0.3052,1,466,869,0
40493927,4954,-0.0342,-0.0234,1.0210,0.0000,0.2441,-0.2441,1,466,872,0
40498923,4955,-0.0352,-0.0225,1.0239,-0.0610,0.1221,-0.2441,1,465,828,0
40503925,4956,-0.0347,-0.0229,1.0249,-0.0610,0.1221,-0.2441,1,466,860,0
40508925,4957,-0.0342,-0.0234,1.0239,0.0000,0.3052,-0.2441,1,484,864,0
40513927,4958,-0.0356,-0.0234,1.0239,0.0610,0.4272,-0.2441,1,466,815,0
40518930,4959,-0.0366,-0.0239,1.0229,-0.0610,0.3052,-0.2441,1,480,918,0
40523927,4960,-0.0366,-0.0239,1.0210,-0.0610,0.1831,-0.2441,1,479,865,0
40528929,4961,-0.0361,-0.0229,1.0200,-0.1221,0.2441,-0.1831,1,470,874,0
40533928,4962,-0.0356,-0.0234,1.0190,-0.0610,0.3052,-0.1831,1,495,873,0
40538923,4963,-0.0356,-0.0239,1.0190,-0.0610,0.2441,-0.2441,1,479,797,0
40543925,4964,-0.0356,-0.0249,1.0210,0.1831,0.1221,-0.1221,1,503,842,0
40548922,4965,-0.0347,-0.0249,1.0229,0.0610,0.1831,-0.2441,1,509,824,0
40553929,4966,-0.0347,-0.0234,1.0239,0.0000,0.1831,-0.3052,1,481,870,0
40558928,4967,-0.0347,-0.0229,1.0239,0.0610,0.2441,-0.2441,1,486,798,0
40563929,4968,-0.0356,-0.0239,1.0225,0.0610,0.3662,-0.1831,1,471,850,0
40568927,4969,-0.0352,-0.0249,1.0220,0.0610,0.3662,-0.2441,1,491,848,0
40573925,4970,-0.0347,-0.0249,1.0220,0.1221,0.3052,-0.3052,1,466,873,0
40578930,4971,-0.0347,-0.0239,1.0229,0.1221,0.3052,-0.3052,1,466,864,0
40583927,4972,-0.0352,-0.0244,1.0234,0.0610,0.2441,-0.3052,1,466,867,0
40588930,4973,-0.0361,-0.0249,1.0225,0.0610,0.3662,-0.3662,1,466,872,0
40593935,4974,-0.0352,-0.0239,1.0220,0.0000,0.3662,-0.2441,1,466,878,0
40598929,4975,-0.0342,-0.0234,1.0229,0.0610,0.2441,-0.1221,1,466,831,0
40603923,4976,-0.0337,-0.0239,1.0234,-0.1221,0.4272,-0.3052,1,484,871,0
40608928,4977,-0.0342,-0.0244,1.0234,0.0000,0.4883,-0.3052,1,477,861,0
40613927,4978,-0.0356,-0.0234,1.0225,0.0610,0.3052,-0.2441,1,484,854,0
40618944,4979,-0.0361,-0.0229,1.0220,0.0000,0.3662,-0.3052,1,483,896,0
40623925,4980,-0.0347,-0.0239,1.0225,-0.0610,0.2441,-0.3052,1,468,826,0
40628925,4981,-0.0332,-0.0239,1.0234,0.0000,0.2441,-0.3662,1,493,868,0
40633928,4982,-0.0332,-0.0244,1.0249,0.0000,0.3662,-0.3052,1,498,763,0
40638930,4983,-0.0347,-0.0244,1.0254,-0.1221,0.4272,-0.3052,1,502,745,0
40643927,4984,-0.0356,-0.0244,1.0244,-0.0610,0.3052,-0.2441,1,478,821,0
40648924,4985,-0.0361,-0.0239,1.0234,-0.1221,0.3662,-0.2441,1,507,828,0
40653926,4986,-0.0361,-0.0229,1.0210,-0.1221,0.3662,-0.2441,1,481,851,0
40658924,4987,-0.0352,-0.0229,1.0200,-0.1221,0.3052,-0.2441,1,488,847,0
40663923,4988,-0.0347,-0.0234,1.0210,-0.0610,0.3052,-0.2441,1,478,839,0
40668931,4989,-0.0342,-0.0234,1.0220,0.0000,0.4272,-0.3052,1,492,839,0
40673927,4990,-0.0347,-0.0234,1.0220,0.0000,0.3052,-0.3052,1,493,795,0
40678924,4991,-0.0356,-0.0234,1.0210,0.0000,0.3052,-0.2441,1,466,820,0
40683923,4992,-0.0347,-0.0239,1.0210,-0.0610,0.3052,-0.3662,1,466,826,0
40688924,4993,-0.0342,-0.0234,1.0234,-0.0610,0.3052,-0.3052,1,466,870,0
40693922,4994,-0.0337,-0.0220,1.0254,-0.0610,0.4272,-0.2441,1,466,867,0
40698929,4995,-0.0337,-0.0225,1.0249,0.0000,0.4883,-0.2441,1,466,875,0
40703926,4996,-0.0332,-0.0244,1.0225,-0.0610,0.6104,-0.1831,1,484,828,0
40708930,4997,-0.0332,-0.0249,1.0225,-0.0610,0.6714,-0.3052,1,465,864,0
40713931,4998,-0.0342,-0.0244,1.0229,-0.1221,0.6714,-0.3662,1,484,860,0
40718927,4999,-0.0356,-0.0229,1.0239,-0.1831,0.4883,-0.2441,1,467,901,0
40723922,5000,-0.0356,-0.0229,1.0249,-0.1831,0.4883,-0.2441,1,479,871,0
40728929,5001,-0.0352,-0.0239,1.0239,-0.1221,0.7935,-0.3052,1,492,871,0
40733923,5002,-0.0366,-0.0239,1.0225,-0.0610,0.7324,-0.2441,1,492,821,0
40738930,5003,-0.0366,-0.0239,1.0225,-0.1221,0.6104,-0.1831,1,505,790,0
40743929,5004,-0.0356,-0.0234,1.0225,-0.0610,0.6104,-0.2441,1,480,835,0
40748927,5005,-0.0347,-0.0234,1.0225,-0.1221,0.6714,-0.1831,1,506,825,0
40753929,5006,-0.0356,-0.0234,1.0215,-0.1831,0.6104,-0.1221,1,481,841,0
40758930,5007,-0.0366,-0.0225,1.0205,-0.0610,0.5493,-0.1831,1,491,843,0
40763928,5008,-0.0366,-0.0225,1.0210,0.0000,0.6714,-0.2441,1,478,848,0
40768924,5009,-0.0352,-0.0244,1.0225,0.0000,0.7324,-0.1831,1,493,798,0
40773926,5010,-0.0342,-0.0249,1.0234,-0.1831,0.7935,-0.3052,1,466,803,0
40778923,5011,-0.0342,-0.0244,1.0225,-0.0610,0.6714,-0.3052,1,466,875,0
40783925,5012,-0.0352,-0.0244,1.0210,0.0000,0.7324,-0.2441,1,466,868,0
40788929,5013,-0.0352,-0.0239,1.0210,0.0000,0.7324,-0.1831,1,466,830,0
40793922,5014,-0.0347,-0.0244,1.0225,0.0000,0.5493,-0.2441,1,466,829,0
40798927,5015,-0.0347,-0.0249,1.0239,0.1221,0.7935,-0.3052,1,466,831,0
40803927,5016,-0.0347,-0.0239,1.0229,0.0610,0.7935,-0.2441,1,483,870,0
40808924,5017,-0.0347,-0.0234,1.0210,-0.1221,0.7324,-0.1831,1,466,865,0
40813926,5018,-0.0352,-0.0244,1.0220,-0.1221,0.6714,-0.3052,1,484,815,0
40818944,5019,-0.0361,-0.0239,1.0229,0.0610,0.6104,-0.2441,1,482,907,0
40823927,5020,-0.0366,-0.0229,1.0229,0.0000,0.6104,-0.2441,1,474,865,0
40828926,5021,-0.0366,-0.0225,1.0225,0.1221,0.5493,-0.1221,1,499,829,0
40833922,5022,-0.0371,-0.0234,1.0220,0.1221,0.6104,-0.2441,1,510,821,0
40838928,5023,-0.0376,-0.0244,1.0205,0.0610,0.6104,-0.3052,1,475,786,0
40843922,5024,-0.0356,-0.0244,1.0205,-0.0610,0.4883,-0.3052,1,495,818,0
40848930,5025,-0.0347,-0.0244,1.0225,0.0000,0.6104,-0.3052,1,483,823,0
40853923,5026,-0.0356,-0.0239,1.0239,0.0000,0.6714,-0.1221,1,488,791,0
40858929,5027,-0.0376,-0.0239,1.0229,-0.0610,0.6714,-0.1831,1,483,800,0
40863923,5028,-0.0386,-0.0244,1.0210,-0.0610,0.4883,-0.1831,1,488,848,0
40868926,5029,-0.0386,-0.0239,1.0210,-0.1221,0.6104,-0.2441,1,493,843,0
40873925,5030,-0.0376,-0.0244,1.0215,-0.0610,0.4883,-0.1221,1,466,840,0
40878929,5031,-0.0352,-0.0249,1.0215,-0.1221,0.6104,-0.1831,1,465,868,0
40883922,5032,-0.0347,-0.0249,1.0215,-0.1831,0.6104,-0.2441,1,466,871,0
40888931,5033,-0.0361,-0.0234,1.0225,0.0000,0.4272,-0.0610,1,466,877,0
40893931,5034,-0.0366,-0.0225,1.0234,-0.0610,0.4272,0.0000,1,466,827,0
40898931,5035,-0.0361,-0.0225,1.0244,-0.0610,0.5493,-0.1831,1,466,830,0
40903929,5036,-0.0347,-0.0220,1.0239,-0.1221,0.6104,-0.1831,1,483,877,0
40908928,5037,-0.0356,-0.0244,1.0220,-0.1831,0.6714,-0.2441,1,473,860,0
40913926,5038,-0.0371,-0.0269,1.0205,-0.0610,0.4883,-0.1831,1,465,831,0
40918949,5039,-0.0376,-0.0254,1.0210,0.0000,0.6104,-0.1831,1,472,931,0
40923925,5040,-0.0366,-0.0244,1.0229,-0.1221,0.4883,-0.1221,1,479,820,0
40928929,5041,-0.0352,-0.0249,1.0244,-0.0610,0.5493,-0.0610,1,466,825,0
40933930,5042,-0.0342,-0.0254,1.0249,0.0000,0.5493,-0.1221,1,495,873,0
40938924,5043,-0.0347,-0.0249,1.0239,0.0000,0.5493,-0.1221,1,478,780,0
40943927,5044,-0.0352,-0.0234,1.0225,0.0000,0.6104,-0.1831,1,496,783,0
40948925,5045,-0.0361,-0.0225,1.0220,-0.0610,0.7324,0.0000,1,488,776,0
40953924,5046,-0.0371,-0.0225,1.0215,0.0000,0.7324,0.0000,1,480,798,0
40958929,5047,-0.0376,-0.0229,1.0215,-0.1221,0.6714,0.0000,1,492,753,0
40963930,5048,-0.0381,-0.0254,1.0210,-0.1221,0.6104,-0.0610,1,475,796,0
40968930,5049,-0.0376,-0.0259,1.0200,-0.0610,0.4883,0.0000,1,493,830,0
40973929,5050,-0.0356,-0.0244,1.0200,-0.1831,0.4883,0.0000,1,466,820,0
40978923,5051,-0.0347,-0.0244,1.0210,-0.0610,0.4883,0.0610,1,466,830,0
40983929,5052,-0.0347,-0.0249,1.0220,-0.0610,0.4883,0.0000,1,466,867,0
40988928,5053,-0.0352,-0.0244,1.0239,-0.1831,0.4883,-0.1221,1,466,826,0
40993943,5054,-0.0352,-0.0234,1.0249,-0.1221,0.4883,-0.0610,1,466,875,0
40998926,5055,-0.0352,-0.0239,1.0244,0.0610,0.6104,0.0000,1,466,869,0
41003925,5056,-0.0352,-0.0234,1.0249,0.0610,0.4272,-0.0610,1,484,813,0
41008931,5057,-0.0347,-0.0229,1.0244,-0.0610,0.4883,0.1221,1,478,860,0
41013927,5058,-0.0356,-0.0254,1.0220,0.0000,0.7935,0.0000,1,465,871,0
41018938,5059,-0.0381,-0.0273,1.0200,0.1221,0.6104,-0.1221,1,469,770,0
41023930,5060,-0.0386,-0.0259,1.0200,0.0610,0.6104,-0.1831,1,465,851,0
41028923,5061,-0.0381,-0.0225,1.0210,0.2441,0.7324,-0.0610,1,498,865,0
41033930,5062,-0.0371,-0.0215,1.0220,0.1831,0.6104,-0.0610,1,490,772,0
41038930,5063,-0.0366,-0.0229,1.0220,0.1831,0.6104,-0.0610,1,466,776,0
41043924,5064,-0.0366,-0.0249,1.0215,0.1221,0.5493,-0.0610,1,489,836,0
41048926,5065,-0.0371,-0.0259,1.0220,0.1221,0.4272,-0.1221,1,510,826,0
41053929,5066,-0.0376,-0.0234,1.0229,0.0610,0.4272,-0.0610,1,477,840,0
41058925,5067,-0.0376,-0.0215,1.0229,0.0000,0.4883,0.0000,1,485,843,0
41063922,5068,-0.0376,-0.0234,1.0225,0.1221,0.5493,0.0610,1,479,753,0
41068930,5069,-0.0376,-0.0215,1.0234,0.0000,0.4883,-0.0610,1,493,839,0
41073926,5070,-0.0376,-0.0195,1.0234,-0.1221,0.5493,-0.1221,1,494,796,0
41078924,5071,-0.0376,-0.0215,1.0215,0.0000,0.4272,-0.0610,1,466,871,0
41083928,5072,-0.0381,-0.0234,1.0205,0.3052,0.1221,-0.1831,1,466,824,0
41088922,5073,-0.0347,-0.0293,1.0239,-0.2441,0.1831,-0.1831,1,466,867,0
41093946,5074,-0.0342,-0.0308,1.0249,0.2441,0.7324,-0.2441,1,466,881,0
41098926,5075,-0.0376,-0.0249,1.0210,0.1221,0.1221,-0.0610,1,466,878,0
41103926,5076,-0.0361,-0.0239,1.0210,-0.1221,0.5493,-0.1831,1,465,854,0
41108930,5077,-0.0371,-0.0249,1.0215,0.1831,0.4883,-0.1221,1,484,865,0
41113927,5078,-0.0366,-0.0249,1.0229,0.0610,0.5493,-0.1221,1,466,902,0
41118924,5079,-0.0361,-0.0249,1.0249,0.1221,0.6714,-0.1221,1,470,866,0
41123926,5080,-0.0366,-0.0244,1.0249,0.3052,0.4883,-0.1831,1,472,861,0
41128923,5081,-0.0366,-0.0244,1.0239,0.0000,0.4883,-0.1831,1,465,873,0
41133922,5082,-0.0376,-0.0249,1.0220,-0.0610,0.4883,-0.1831,1,493,759,0
41138926,5083,-0.0381,-0.0254,1.0215,0.0610,0.4883,-0.1831,1,499,779,0
41143924,5084,-0.0366,-0.0254,1.0234,0.1221,0.6104,-0.1831,1,499,821,0
41148922,5085,-0.0371,-0.0244,1.0229,0.1831,0.6104,-0.1221,1,492,842,0
41153927,5086,-0.0381,-0.0225,1.0220,0.0610,0.5493,-0.0610,1,487,867,0
41158924,5087,-0.0381,-0.0210,1.0220,0.1831,0.4883,-0.0610,1,492,838,0
41163925,5088,-0.0381,-0.0229,1.0210,0.0610,0.4883,-0.1221,1,479,838,0
41168929,5089,-0.0391,-0.0244,1.0205,0.0610,0.4272,-0.1221,1,493,835,0
41173928,5090,-0.0391,-0.0239,1.0210,0.1221,0.4272,-0.1221,1,466,867,0
41178924,5091,-0.0376,-0.0234,1.0229,0.0000,0.4272,-0.2441,1,465,866,0
41183927,5092,-0.0366,-0.0234,1.0239,0.0000,0.4883,-0.2441,1,466,832,0
41188928,5093,-0.0342,-0.0171,1.0171,0.1221,0.2441,-0.1831,1,466,833,0
41193922,5094,-0.0347,-0.0225,1.0195,-0.0610,-0.1831,-0.4272,1,466,868,0
41198930,5095,-0.0342,-0.0361,1.0322,-0.2441,0.2441,-0.1221,1,484,874,0
41203923,5096,-0.0386,-0.0298,1.0278,0.4883,1.0376,-0.0610,1,465,879,0
41208927,5097,-0.0415,-0.0220,1.0210,-0.3052,0.0610,-0.1221,1,484,859,0
41213922,5098,-0.0361,-0.0244,1.0229,-0.3052,0.6104,-0.3052,1,465,890,0
41218955,5099,-0.0361,-0.0244,1.0210,0.1831,0.4883,-0.0610,1,470,859,0
41223928,5100,-0.0361,-0.0229,1.0215,-0.3052,0.2441,-0.1831,1,465,862,0
41228928,5101,-0.0361,-0.0239,1.0229,0.0000,0.5493,-0.1831,1,473,874,0
41233926,5102,-0.0366,-0.0229,1.0229,0.0000,0.3662,-0.0610,1,503,743,0
41238929,5103,-0.0366,-0.0220,1.0234,-0.1221,0.2441,-0.1831,1,470,786,0
41243930,5104,-0.0366,-0.0220,1.0229,-0.1221,0.2441,-0.1831,1,506,839,0
41248925,5105,-0.0352,-0.0244,1.0229,-0.3052,0.2441,-0.1221,1,476,850,0
41253927,5106,-0.0352,-0.0200,1.0210,-0.1221,0.4272,-0.2441,1,492,842,0
41258928,5107,-0.0376,-0.0176,1.0151,-0.3052,0.0000,-0.4883,1,477,840,0
41263930,5108,-0.0396,-0.0273,1.0186,-0.3052,-0.2441,-0.3662,1,483,795,0
41268926,5109,-0.0400,-0.0332,1.0249,0.3052,0.2441,-0.3662,1,493,846,0
41273922,5110,-0.0405,-0.0269,1.0239,0.0000,0.3662,-0.3052,1,466,876,0
41278926,5111,-0.0391,-0.0210,1.0210,-0.1831,0.1831,-0.3052,1,465,826,0
41283923,5112,-0.0361,-0.0234,1.0210,-0.0610,0.1221,-0.3052,1,466,867,0
41288929,5113,-0.0361,-0.0259,1.0220,0.0610,0.3662,-0.3662,1,466,866,0
41293930,5114,-0.0376,-0.0244,1.0220,0.0000,0.1831,-0.3052,1,466,876,0
41298926,5115,-0.0381,-0.0244,1.0210,-0.0610,0.1831,-0.3662,1,466,824,0
41303929,5116,-0.0376,-0.0244,1.0210,-0.1221,0.3052,-0.2441,1,483,874,0
41308923,5117,-0.0376,-0.0239,1.0220,-0.0610,0.3662,-0.3052,1,466,857,0
41313930,5118,-0.0376,-0.0244,1.0225,-0.0610,0.2441,-0.3052,1,484,861,0
41318925,5119,-0.0386,-0.0254,1.0225,0.0000,0.2441,-0.3662,1,474,897,0
41323927,5120,-0.0400,-0.0259,1.0210,0.0610,0.3052,-0.3662,1,465,818,0
41328929,5121,-0.0400,-0.0264,1.0205,0.0610,0.1221,-0.2441,1,509,854,0
41333926,5122,-0.0381,-0.0210,1.0190,-0.1221,-0.0610,-0.3052,1,469,865,0
41338923,5123,-0.0371,-0.0205,1.0200,-0.2441,-0.1221,-0.4883,1,500,789,0
41343928,5124,-0.0361,-0.0293,1.0234,-0.1831,-0.1221,-0.2441,1,504,779,0
41348922,5125,-0.0361,-0.0288,1.0234,0.2441,0.1831,-0.3052,1,504,841,0
41353927,5126,-0.0361,-0.0239,1.0234,-0.0610,-0.1221,-0.4272,1,481,853,0
41358924,5127,-0.0361,-0.0244,1.0234,0.0000,0.1221,-0.3662,1,487,868,0
41363926,5128,-0.0361,-0.0259,1.0225,0.1831,0.0000,-0.3052,1,476,802,0
41368929,5129,-0.0361,-0.0259,1.0220,0.0000,0.0610,-0.3662,1,482,798,0
41373922,5130,-0.0356,-0.0249,1.0229,0.0610,0.1831,-0.4272,1,493,799,0
41378925,5131,-0.0366,-0.0239,1.0239,0.0000,0.2441,-0.3662,1,465,880,0
41383929,5132,-0.0386,-0.0239,1.0239,0.1221,0.2441,-0.2441,1,466,837,0
41388923,5133,-0.0391,-0.0244,1.0229,0.0000,0.1831,-0.3662,1,466,877,0
41393927,5134,-0.0381,-0.0229,1.0220,0.0000,0.4272,-0.3662,1,466,831,0
41398928,5135,-0.0376,-0.0186,1.0195,0.1221,0.1221,-0.6714,1,466,829,0
41403925,5136,-0.0352,-0.0229,1.0205,-0.1831,-0.1221,-0.6714,1,466,867,0
41408928,5137,-0.0337,-0.0308,1.0229,0.1831,0.1831,-0.2441,1,466,863,0
41413928,5138,-0.0366,-0.0288,1.0215,0.5493,0.3052,-0.3052,1,485,867,0
41418926,5139,-0.0366,-0.0254,1.0229,0.0610,0.0000,-0.4272,1,465,900,0
41423953,5140,-0.0366,-0.0244,1.0239,0.3052,0.3662,-0.4272,1,471,827,0
41428928,5141,-0.0405,-0.0210,1.0205,0.3052,0.1221,-0.3662,1,468,867,0
41433928,5142,-0.0391,-0.0249,1.0205,0.0000,-0.1831,-0.3662,1,482,819,0
41438927,5143,-0.0366,-0.0283,1.0229,0.6104,0.3662,-0.2441,1,510,735,0
41443927,5144,-0.0356,-0.0220,1.0205,0.2441,0.1221,-0.3052,1,474,795,0
41448923,5145,-0.0332,-0.0205,1.0239,0.0610,0.0000,-0.5493,1,490,824,0
41453927,5146,-0.0342,-0.0269,1.0293,0.0000,0.1831,-0.3662,1,488,802,0
41458931,5147,-0.0376,-0.0283,1.0239,0.4272,0.3662,-0.3662,1,474,800,0
41463930,5148,-0.0381,-0.0254,1.0215,0.1831,-0.1831,-0.2441,1,483,852,0
41468930,5149,-0.0352,-0.0244,1.0234,0.1831,0.3052,-0.4272,1,470,847,0
41473927,5150,-0.0356,-0.0229,1.0239,0.2441,0.1831,-0.1831,1,493,847,0
41478924,5151,-0.0361,-0.0229,1.0239,0.0610,0.3052,-0.3662,1,466,882,0
41483929,5152,-0.0371,-0.0244,1.0225,0.0610,0.3052,-0.4272,1,466,875,0
41488928,5153,-0.0376,-0.0249,1.0215,0.1831,0.2441,-0.2441,1,466,873,0
41493927,5154,-0.0356,-0.0220,1.0200,0.2441,0.4272,-0.3052,1,466,910,0
41498930,5155,-0.0400,-0.0166,1.0205,0.2441,0.1221,-0.6714,1,466,873,0
41503924,5156,-0.0391,-0.0273,1.0249,-0.4883,-0.1831,-0.6104,1,466,872,0
41508927,5157,-0.0356,-0.0381,1.0239,0.6104,0.6714,-0.3662,1,466,861,0
41513927,5158,-0.0381,-0.0273,1.0210,0.6714,-0.0610,-0.3662,1,484,862,0
41518927,5159,-0.0356,-0.0200,1.0234,-0.1831,0.1831,-0.3662,1,465,896,0
41523957,5160,-0.0361,-0.0225,1.0234,0.3052,0.3052,-0.3052,1,470,871,0
41528925,5161,-0.0376,-0.0244,1.0220,0.1831,0.1221,-0.3662,1,467,854,0
41533923,5162,-0.0376,-0.0234,1.0220,0.1831,0.1831,-0.3052,1,465,871,0
41538923,5163,-0.0381,-0.0244,1.0200,0.0610,0.1221,-0.4272,1,493,776,0
41543929,5164,-0.0391,-0.0264,1.0190,0.1221,0.1221,-0.4883,1,476,801,0
41548924,5165,-0.0366,-0.0220,1.0166,0.4272,0.0610,-0.4272,1,492,815,0
41553927,5166,-0.0396,-0.0122,1.0190,0.5493,-0.4272,-0.7935,1,490,848,0
41558928,5167,-0.0366,-0.0312,1.0293,-0.8545,-0.4272,-0.6714,1,475,869,0
41563925,5168,-0.0381,-0.0459,1.0278,0.8545,0.9766,-0.1831,1,487,872,0
41568925,5169,-0.0425,-0.0249,1.0195,0.7324,-0.4883,-0.1831,1,475,843,0
41573926,5170,-0.0347,-0.0161,1.0229,-0.5493,0.1831,-0.6104,1,493,851,0
41578929,5171,-0.0327,-0.0215,1.0234,0.3052,0.3052,-0.3052,1,466,876,0
41583924,5172,-0.0342,-0.0244,1.0200,0.1221,0.1831,-0.3662,1,466,865,0
41588928,5173,-0.0361,-0.0239,1.0200,-0.1221,0.2441,-0.3052,1,466,872,0
41593928,5174,-0.0376,-0.0249,1.0205,-0.0610,0.2441,-0.3052,1,466,873,0
41598923,5175,-0.0371,-0.0264,1.0220,-0.1831,0.1221,-0.2441,1,466,873,0
41603928,5176,-0.0361,-0.0249,1.0229,0.2441,0.1831,-0.1831,1,466,875,0
41608926,5177,-0.0366,-0.0215,1.0205,-0.0610,0.1221,-0.3052,1,466,885,0
41613923,5178,-0.0371,-0.0225,1.0195,-0.0610,0.0610,-0.2441,1,484,856,0
41618929,5179,-0.0371,-0.0244,1.0186,0.1221,0.1831,-0.2441,1,465,903,0
41623944,5180,-0.0376,-0.0254,1.0190,0.0000,0.0610,-0.3052,1,481,916,0
41628923,5181,-0.0371,-0.0259,1.0210,0.0000,-0.0610,-0.3052,1,469,810,0
41633928,5182,-0.0371,-0.0249,1.0225,0.0000,0.1831,-0.3662,1,496,801,0
41638929,5183,-0.0361,-0.0229,1.0229,0.1221,0.1221,-0.3662,1,498,740,0
41643927,5184,-0.0356,-0.0220,1.0220,0.0610,0.0000,-0.3052,1,480,753,0
41648923,5185,-0.0361,-0.0229,1.0210,0.1221,-0.1221,-0.2441,1,499,775,0
41653923,5186,-0.0366,-0.0239,1.0215,0.1221,0.0000,-0.3052,1,475,842,0
41658923,5187,-0.0366,-0.0234,1.0210,0.0610,0.0610,-0.2441,1,485,794,0
41663929,5188,-0.0361,-0.0234,1.0200,0.1221,-0.0610,-0.3052,1,473,844,0
41668927,5189,-0.0361,-0.0244,1.0200,0.1221,0.1221,-0.3052,1,476,837,0
41673923,5190,-0.0361,-0.0239,1.0220,0.1221,0.0000,-0.2441,1,492,836,0
41678924,5191,-0.0352,-0.0244,1.0225,0.1831,-0.0610,-0.4272,1,466,828,0
41683928,5192,-0.0342,-0.0254,1.0220,0.1831,0.1221,-0.2441,1,466,875,0
41688922,5193,-0.0347,-0.0254,1.0215,0.1831,0.0610,-0.2441,1,466,872,0
41693926,5194,-0.0356,-0.0249,1.0210,0.3052,0.0000,-0.2441,1,466,873,0
41698941,5195,-0.0366,-0.0249,1.0215,0.3662,0.0610,-0.2441,1,465,828,0
41703928,5196,-0.0366,-0.0244,1.0225,0.1831,0.1221,-0.3662,1,466,879,0
41708925,5197,-0.0361,-0.0229,1.0229,0.1831,0.1221,-0.3052,1,466,877,0
41713930,5198,-0.0356,-0.0229,1.0229,0.0610,0.1221,-0.3052,1,484,864,0
41718922,5199,-0.0366,-0.0234,1.0229,0.1831,0.0610,-0.2441,1,465,870,0
41723929,5200,-0.0371,-0.0225,1.0225,0.2441,0.0000,-0.1221,1,481,918,0
41728924,5201,-0.0376,-0.0225,1.0229,0.0610,0.0610,-0.2441,1,479,816,0
41733929,5202,-0.0371,-0.0229,1.0220,0.1221,0.0610,-0.1831,1,492,861,0
41738927,5203,-0.0361,-0.0229,1.0220,0.2441,0.0610,-0.1221,1,490,869,0
41743926,5204,-0.0356,-0.0229,1.0225,0.1831,0.0610,-0.2441,1,476,779,0
41748925,5205,-0.0347,-0.0244,1.0239,0.3052,0.1221,-0.1831,1,488,839,0
41753926,5206,-0.0342,-0.0249,1.0229,0.1831,0.2441,-0.2441,1,485,824,0
41758928,5207,-0.0347,-0.0239,1.0220,0.1831,0.3052,-0.3052,1,472,853,0
41763927,5208,-0.0352,-0.0234,1.0215,0.3052,0.1221,-0.3052,1,480,840,0
41768924,5209,-0.0347,-0.0239,1.0215,0.2441,0.1221,-0.2441,1,471,833,0
41773929,5210,-0.0347,-0.0244,1.0229,0.1831,0.2441,-0.1831,1,493,845,0
41778922,5211,-0.0352,-0.0239,1.0239,0.2441,0.2441,-0.1221,1,466,880,0
41783926,5212,-0.0356,-0.0244,1.0229,0.2441,0.2441,-0.1221,1,466,877,0
41788928,5213,-0.0371,-0.0249,1.0210,0.1221,0.4272,-0.2441,1,466,880,0
41793922,5214,-0.0386,-0.0244,1.0205,0.2441,0.3662,-0.3052,1,465,876,0
41798946,5215,-0.0386,-0.0229,1.0210,0.3052,0.1221,-0.3662,1,466,874,0
41803930,5216,-0.0371,-0.0225,1.0225,0.1221,0.0610,-0.2441,1,466,868,0
41808922,5217,-0.0356,-0.0229,1.0239,0.0610,0.1831,-0.1831,1,484,870,0
41813924,5218,-0.0352,-0.0225,1.0220,0.1221,0.1831,-0.2441,1,484,871,0
41818931,5219,-0.0361,-0.0225,1.0195,0.2441,0.0000,-0.1831,1,466,870,0
41823932,5220,-0.0376,-0.0229,1.0200,0.1221,0.0610,-0.1831,1,472,823,0
41828923,5221,-0.0366,-0.0234,1.0225,0.0610,0.1221,-0.1831,1,475,859,0
41833925,5222,-0.0352,-0.0234,1.0234,-0.0610,0.2441,-0.2441,1,493,861,0
41838927,5223,-0.0352,-0.0229,1.0225,0.1831,0.0000,-0.3052,1,496,874,0
41843929,5224,-0.0361,-0.0229,1.0210,0.1831,0.0000,-0.1221,1,479,788,0
41848927,5225,-0.0366,-0.0225,1.0210,0.1221,0.0000,-0.1221,1,494,780,0
41853926,5226,-0.0356,-0.0215,1.0229,0.0000,0.0610,-0.2441,1,480,773,0
41858928,5227,-0.0352,-0.0229,1.0244,-0.0610,0.1831,-0.3662,1,490,823,0
41863927,5228,-0.0347,-0.0249,1.0239,0.0000,0.2441,-0.2441,1,476,849,0
41868929,5229,-0.0352,-0.0239,1.0225,-0.0610,0.1221,-0.3052,1,486,806,0
41873926,5230,-0.0342,-0.0225,1.0234,0.0000,0.1221,-0.3052,1,491,837,0
41878929,5231,-0.0327,-0.0225,1.0249,0.0000,0.3052,-0.3052,1,466,820,0
41883925,5232,-0.0337,-0.0249,1.0264,0.0000,0.3052,-0.3052,1,466,823,0
41888928,5233,-0.0356,-0.0254,1.0259,0.0000,0.4883,-0.2441,1,466,823,0
41893927,5234,-0.0366,-0.0244,1.0234,0.0000,0.4272,-0.2441,1,465,828,0
41898930,5235,-0.0356,-0.0220,1.0220,0.0000,0.3052,-0.1831,1,465,837,0
41903929,5236,-0.0347,-0.0215,1.0215,0.0000,0.2441,-0.1831,1,466,827,0
41908925,5237,-0.0347,-0.0229,1.0210,0.0000,0.4272,-0.3052,1,484,827,0
41913925,5238,-0.0342,-0.0239,1.0205,0.0000,0.4883,-0.2441,1,477,814,0
41918924,5239,-0.0342,-0.0229,1.0215,0.0610,0.4272,-0.1831,1,466,886,0
41923928,5240,-0.0352,-0.0229,1.0225,-0.1221,0.5493,-0.1831,1,474,930,0
41928924,5241,-0.0356,-0.0244,1.0234,-0.2441,0.4883,-0.1831,1,475,863,0
41933930,5242,-0.0347,-0.0249,1.0244,-0.1221,0.6104,-0.1831,1,509,879,0
41938925,5243,-0.0356,-0.0254,1.0239,-0.1831,0.7324,-0.1221,1,467,792,0
41943923,5244,-0.0371,-0.0249,1.0215,0.0000,0.5493,-0.1831,1,502,811,0
41948923,5245,-0.0376,-0.0225,1.0200,0.0610,0.4272,-0.2441,1,497,787,0
41953926,5246,-0.0371,-0.0220,1.0210,-0.1221,0.5493,-0.2441,1,483,842,0
41958931,5247,-0.0361,-0.0244,1.0229,-0.1221,0.3662,-0.1831,1,491,845,0
41963925,5248,-0.0352,-0.0254,1.0244,-0.1831,0.4883,-0.1831,1,475,850,0
41968928,5249,-0.0361,-0.0244,1.0239,-0.0610,0.4883,-0.1831,1,490,846,0
41973924,5250,-0.0361,-0.0244,1.0225,0.0000,0.4883,-0.1831,1,493,851,0
41978923,5251,-0.0361,-0.0239,1.0220,0.0000,0.4272,-0.2441,1,466,828,0
41983925,5252,-0.0371,-0.0205,1.0215,-0.0610,0.2441,-0.2441,1,466,833,0
41988929,5253,-0.0352,-0.0215,1.0234,-0.1831,0.3662,-0.2441,1,466,878,0
41993922,5254,-0.0347,-0.0229,1.0244,-0.1831,0.3662,-0.3052,1,466,880,0
41998940,5255,-0.0361,-0.0244,1.0234,-0.1221,0.4272,-0.3662,1,466,877,0
42003926,5256,-0.0376,-0.0254,1.0210,-0.1221,0.4272,-0.3052,1,466,880,0
42008923,5257,-0.0366,-0.0254,1.0205,-0.1831,0.2441,-0.2441,1,483,866,0
42013929,5258,-0.0347,-0.0244,1.0220,-0.0610,0.3662,-0.1831,1,479,870,0
42018930,5259,-0.0342,-0.0239,1.0225,0.0610,0.5493,-0.3052,1,465,828,0
42023929,5260,-0.0356,-0.0229,1.0210,0.0610,0.4883,-0.2441,1,465,859,0
42028926,5261,-0.0366,-0.0234,1.0210,0.0610,0.4272,-0.2441,1,467,863,0
42033927,5262,-0.0371,-0.0244,1.0225,0.0610,0.4272,-0.3052,1,469,871,0
42038926,5263,-0.0391,-0.0259,1.0210,0.0610,0.3052,-0.3052,1,477,868,0
42043930,5264,-0.0396,-0.0249,1.0200,0.2441,0.0000,-0.3052,1,505,765,0
42048927,5265,-0.0356,-0.0210,1.0244,0.1831,0.0000,-0.2441,1,478,779,0
42053928,5266,-0.0347,-0.0200,1.0259,0.1831,0.6714,-0.3052,1,491,785,0
42058928,5267,-0.0366,-0.0225,1.0239,-0.0610,0.3052,-0.3052,1,477,839,0
42063930,5268,-0.0356,-0.0239,1.0229,0.0000,0.3662,-0.3052,1,488,839,0
42068925,5269,-0.0352,-0.0234,1.0215,0.1831,0.5493,-0.3052,1,491,801,0
42073927,5270,-0.0356,-0.0234,1.0210,0.0610,0.3662,-0.3662,1,483,844,0
42078929,5271,-0.0361,-0.0239,1.0205,0.1831,0.3662,-0.3052,1,492,845,0
42083928,5272,-0.0371,-0.0244,1.0195,0.1221,0.4883,-0.3052,1,493,849,0
42088930,5273,-0.0371,-0.0244,1.0200,0.0610,0.4272,-0.3052,1,466,870,0
42093923,5274,-0.0376,-0.0249,1.0205,0.1221,0.3662,-0.2441,1,466,871,0
42098924,5275,-0.0386,-0.0259,1.0186,0.1221,0.3052,-0.2441,1,466,876,0
42103939,5276,-0.0386,-0.0244,1.0181,0.3052,0.1831,-0.3052,1,466,867,0
42108924,5277,-0.0361,-0.0215,1.0215,0.0610,0.2441,-0.3662,1,466,867,0
42113931,5278,-0.0347,-0.0210,1.0244,0.0000,0.4272,-0.3662,1,483,875,0
42118928,5279,-0.0347,-0.0229,1.0254,0.0610,0.0610,-0.3052,1,465,763,0
42123925,5280,-0.0352,-0.0225,1.0254,0.0000,0.1831,-0.3662,1,484,809,0
42128930,5281,-0.0347,-0.0215,1.0259,-0.0610,0.1221,-0.3662,1,480,818,0
42133952,5282,-0.0347,-0.0254,1.0244,-0.1221,0.4272,-0.3662,1,479,858,0
42138927,5283,-0.0376,-0.0259,1.0200,0.0000,0.1221,-0.3662,1,482,862,0
42143925,5284,-0.0376,-0.0215,1.0200,-0.1831,0.1221,-0.3052,1,469,729,0
42148928,5285,-0.0391,-0.0195,1.0195,-0.3052,0.4272,-0.3052,1,497,846,0
42153931,5286,-0.0386,-0.0181,1.0186,-0.4883,-0.1221,-0.3052,1,495,774,0
42158924,5287,-0.0356,-0.0161,1.0186,-0.6714,0.3052,-0.3052,1,499,825,0
42163924,5288,-0.0376,-0.0176,1.0181,-0.8545,-0.0610,-0.2441,1,473,839,0
42168924,5289,-0.0371,-0.0229,1.0215,-1.0376,-0.3052,-0.3052,1,482,841,0
42173927,5290,-0.0371,-0.0244,1.0229,-0.8545,-0.0610,-0.4272,1,488,840,0
42178925,5291,-0.0396,-0.0225,1.0210,-1.0376,-0.5493,-0.4272,1,475,849,0
42183925,5292,-0.0371,-0.0225,1.0239,-1.0986,-0.7324,-0.4272,1,493,842,0
42188928,5293,-0.0352,-0.0210,1.0249,-0.9766,-0.4272,-0.4883,1,493,853,0
42193922,5294,-0.0356,-0.0205,1.0239,-1.1597,-0.6714,-0.4883,1,466,872,0
42198924,5295,-0.0347,-0.0249,1.0239,-1.2817,-0.7324,-0.4883,1,466,877,0
42203925,5296,-0.0356,-0.0259,1.0229,-1.0986,-0.4272,-0.4883,1,465,884,0
42208939,5297,-0.0352,-0.0234,1.0220,-1.1597,-0.6714,-0.5493,1,466,879,0
42213925,5298,-0.0361,-0.0249,1.0205,-1.2817,-0.3662,-0.6104,1,466,875,0
42218930,5299,-0.0381,-0.0239,1.0190,-1.0986,-0.6714,-0.6104,1,465,879,0
42223922,5300,-0.0356,-0.0225,1.0210,-1.1597,-0.7324,-0.5493,1,477,859,0
42228928,5301,-0.0332,-0.0254,1.0249,-1.2817,-0.4272,-0.6714,1,465,875,0
42233924,5302,-0.0332,-0.0264,1.0259,-1.1597,-0.3662,-0.5493,1,474,921,0
42238922,5303,-0.0337,-0.0229,1.0259,-1.3428,-0.1831,-0.6104,1,482,867,0
42243924,5304,-0.0352,-0.0190,1.0244,-1.5869,0.0000,-0.4883,1,493,864,0
42248924,5305,-0.0352,-0.0166,1.0239,-1.6479,-0.0610,-0.4883,1,476,733,0
42253926,5306,-0.0337,-0.0205,1.0234,-2.0142,0.1221,-0.4272,1,504,858,0
42258925,5307,-0.0342,-0.0249,1.0210,-1.8921,0.2441,-0.4272,1,484,835,0
42263931,5308,-0.0352,-0.0244,1.0210,-1.8921,0.3662,-0.4272,1,478,845,0
42268923,5309,-0.0347,-0.0176,1.0234,-2.0752,0.6714,-0.3052,1,481,845,0
42273922,5310,-0.0342,-0.0132,1.0234,-2.5024,0.7935,-0.4272,1,475,841,0
42278924,5311,-0.0347,-0.0195,1.0210,-2.7466,0.9155,-0.4272,1,488,849,0
42283928,5312,-0.0356,-0.0234,1.0215,-2.5024,0.9155,-0.3662,1,490,851,0
42288924,5313,-0.0356,-0.0215,1.0229,-2.8076,0.8545,-0.5493,1,493,851,0
42293924,5314,-0.0356,-0.0249,1.0210,-2.9297,0.7935,-0.6104,1,466,879,0
42298926,5315,-0.0366,-0.0303,1.0205,-2.8076,0.9155,-0.5493,1,466,873,0
42303927,5316,-0.0352,-0.0288,1.0215,-2.6855,0.7935,-0.5493,1,465,880,0
42308929,5317,-0.0332,-0.0273,1.0220,-2.5635,0.9766,-0.5493,1,465,881,0
42313926,5318,-0.0322,-0.0273,1.0229,-2.9297,1.3428,-0.5493,1,466,880,0
42318922,5319,-0.0327,-0.0244,1.0229,-2.9907,1.5259,-0.6104,1,483,884,0
42323924,5320,-0.0327,-0.0234,1.0220,-3.0518,1.7700,-0.4272,1,475,868,0
42328929,5321,-0.0327,-0.0225,1.0210,-3.1738,2.0142,-0.3662,1,465,828,0
42333929,5322,-0.0327,-0.0200,1.0215,-3.6011,2.4414,-0.3662,1,482,904,0
42338924,5323,-0.0322,-0.0220,1.0234,-4.1504,2.8076,-0.3662,1,467,866,0
42343926,5324,-0.0337,-0.0278,1.0215,-4.1504,2.9907,-0.3052,1,501,876,0
42348924,5325,-0.0366,-0.0308,1.0181,-4.0283,2.8687,-0.1221,1,481,870,0
42353930,5326,-0.0386,-0.0337,1.0166,-4.0894,2.7466,-0.1831,1,508,852,0
42358923,5327,-0.0376,-0.0352,1.0176,-3.9673,2.5024,-0.1221,1,507,784,0
42363927,5328,-0.0371,-0.0327,1.0190,-3.7231,2.8076,0.0000,1,500,825,0
42368926,5329,-0.0376,-0.0303,1.0186,-3.9062,2.9297,0.0610,1,487,809,0
42373923,5330,-0.0381,-0.0303,1.0195,-3.9062,3.0518,0.0610,1,478,868,0
42378928,5331,-0.0391,-0.0332,1.0200,-4.0283,3.2349,0.1831,1,474,840,0
42383926,5332,-0.0425,-0.0361,1.0176,-3.9673,3.1128,0.3052,1,478,847,0
42388928,5333,-0.0430,-0.0371,1.0176,-3.9062,2.5635,0.3662,1,493,844,0
42393929,5334,-0.0410,-0.0371,1.0205,-3.7231,2.4414,0.3052,1,465,878,0
42398924,5335,-0.0371,-0.0347,1.0249,-3.7231,2.4414,0.2441,1,466,880,0
42403926,5336,-0.0342,-0.0337,1.0283,-3.7842,2.6245,0.3662,1,466,888,0
42408928,5337,-0.0347,-0.0376,1.0269,-3.9062,2.8076,0.3052,1,466,883,0
42413924,5338,-0.0386,-0.0435,1.0229,-3.7842,2.6855,0.3662,1,466,874,0
42418926,5339,-0.0415,-0.0449,1.0210,-3.3569,2.3804,0.4272,1,484,882,0
42423924,5340,-0.0415,-0.0444,1.0205,-3.1128,2.5635,0.2441,1,466,868,0
42428923,5341,-0.0400,-0.0420,1.0210,-2.8687,2.4414,0.2441,1,484,870,0
42433926,5342,-0.0381,-0.0396,1.0234,-2.7466,2.4414,0.2441,1,475,903,0
42438949,5343,-0.0381,-0.0410,1.0249,-2.8076,2.5635,0.1831,1,479,869,0
42443927,5344,-0.0410,-0.0444,1.0225,-2.5635,2.4414,0.1831,1,482,867,0
42448927,5345,-0.0454,-0.0459,1.0195,-2.1973,2.0752,0.1221,1,468,879,0
42453928,5346,-0.0488,-0.0469,1.0200,-2.0752,1.6479,0.0000,1,495,854,0
42458931,5347,-0.0488,-0.0488,1.0225,-1.8311,1.2207,0.0000,1,496,789,0
42463924,5348,-0.0449,-0.0479,1.0239,-1.4648,0.9766,-0.0610,1,497,781,0
42468929,5349,-0.0410,-0.0479,1.0225,-1.2207,0.8545,-0.3052,1,473,845,0
42473926,5350,-0.0420,-0.0518,1.0181,-0.9766,0.7324,-0.2441,1,477,839,0
42478922,5351,-0.0474,-0.0542,1.0146,-0.3662,0.4272,-0.2441,1,490,842,0
42483928,5352,-0.0508,-0.0503,1.0161,0.1831,-0.1221,-0.2441,1,484,850,0
42488925,5353,-0.0479,-0.0459,1.0195,0.3662,-0.1831,-0.3052,1,479,842,0
42493922,5354,-0.0435,-0.0459,1.0210,0.4883,-0.3052,-0.2441,1,493,844,0
42498928,5355,-0.0425,-0.0444,1.0195,0.9155,-0.4883,-0.3052,1,466,866,0
42503922,5356,-0.0439,-0.0391,1.0171,1.0986,-0.6714,-0.2441,1,466,874,0
42508929,5357,-0.0459,-0.0356,1.0156,1.0376,-0.9155,-0.3662,1,466,872,0
42513947,5358,-0.0479,-0.0356,1.0166,0.9766,-1.2817,-0.4272,1,466,878,0
42518930,5359,-0.0469,-0.0396,1.0181,0.9155,-1.5869,-0.3662,1,466,879,0
42523924,5360,-0.0444,-0.0435,1.0186,1.1597,-1.7700,-0.4883,1,465,873,0
42528926,5361,-0.0420,-0.0439,1.0195,1.3428,-2.0142,-0.4272,1,484,861,0
42533924,5362,-0.0400,-0.0430,1.0210,1.4648,-2.0142,-0.6104,1,465,876,0
42538926,5363,-0.0400,-0.0435,1.0205,1.7090,-2.2583,-0.4883,1,481,857,0
42543928,5364,-0.0400,-0.0439,1.0200,2.0142,-2.5635,-0.5493,1,482,861,0
42548922,5365,-0.0391,-0.0439,1.0195,2.3193,-2.5635,-0.5493,1,508,872,0
42553930,5366,-0.0400,-0.0420,1.0190,2.5024,-2.5635,-0.5493,1,478,861,0
42558929,5367,-0.0405,-0.0386,1.0190,2.5635,-2.6855,-0.6104,1,498,812,0
42563922,5368,-0.0405,-0.0391,1.0181,2.5635,-2.6855,-0.7324,1,482,851,0
42568929,5369,-0.0420,-0.0420,1.0161,2.9907,-2.9297,-0.7324,1,481,846,0
42573922,5370,-0.0420,-0.0435,1.0146,3.4180,-3.1738,-0.6714,1,485,849,0
42578929,5371,-0.0410,-0.0430,1.0146,3.6621,-3.1738,-0.9766,1,479,850,0
42583930,5372,-0.0386,-0.0391,1.0166,4.0283,-3.2959,-1.0986,1,483,852,0
42588927,5373,-0.0352,-0.0376,1.0176,4.2725,-3.4180,-1.0986,1,483,848,0
42593928,5374,-0.0352,-0.0391,1.0166,4.5166,-3.2959,-1.1597,1,493,847,0
42598923,5375,-0.0361,-0.0376,1.0176,4.6997,-3.3569,-1.2207,1,466,876,0
42603924,5376,-0.0347,-0.0352,1.0200,4.7607,-3.3569,-1.1597,1,466,884,0
42608927,5377,-0.0337,-0.0322,1.0210,4.8828,-3.1128,-1.0986,1,466,878,0
42613929,5378,-0.0317,-0.0298,1.0239,4.6387,-2.8687,-1.0376,1,466,881,0
42618925,5379,-0.0293,-0.0273,1.0283,4.5776,-2.4414,-0.9155,1,466,880,0
42623925,5380,-0.0317,-0.0278,1.0283,4.2725,-2.3193,-0.9766,1,484,888,0
42628929,5381,-0.0347,-0.0293,1.0239,3.9673,-2.2583,-0.7935,1,468,872,0
42633922,5382,-0.0371,-0.0288,1.0215,4.0283,-2.3193,-0.8545,1,484,869,0
42638922,5383,-0.0381,-0.0273,1.0215,3.9062,-2.5024,-0.7935,1,482,909,0
42643955,5384,-0.0356,-0.0264,1.0229,3.9062,-2.8076,-0.7324,1,466,864,0
42648928,5385,-0.0317,-0.0273,1.0259,3.7231,-2.6855,-0.7324,1,480,872,0
42653930,5386,-0.0308,-0.0303,1.0259,3.7231,-2.5635,-0.8545,1,469,839,0
42658923,5387,-0.0332,-0.0322,1.0234,3.8452,-2.5024,-0.8545,1,475,853,0
42663930,5388,-0.0356,-0.0317,1.0200,3.9673,-2.5635,-0.9766,1,509,791,0
42668927,5389,-0.0376,-0.0303,1.0166,4.0283,-2.7466,-0.9766,1,509,838,0
42673924,5390,-0.0376,-0.0308,1.0156,4.0283,-2.9297,-0.9766,1,484,845,0
42678928,5391,-0.0381,-0.0303,1.0161,4.2114,-3.0518,-0.9766,1,478,871,0
42683924,5392,-0.0396,-0.0273,1.0166,4.3335,-3.6621,-0.9155,1,487,842,0
42688931,5393,-0.0391,-0.0264,1.0176,4.3945,-4.0894,-1.0376,1,476,855,0
42693925,5394,-0.0361,-0.0269,1.0195,4.2725,-4.1504,-1.0986,1,491,842,0
42698929,5395,-0.0342,-0.0249,1.0215,4.2725,-4.4556,-0.9766,1,466,877,0
42703930,5396,-0.0317,-0.0229,1.0249,4.1504,-4.3945,-0.9155,1,466,875,0
42708923,5397,-0.0283,-0.0220,1.0283,3.9673,-4.3945,-0.8545,1,466,885,0
42713927,5398,-0.0259,-0.0205,1.0308,3.7842,-4.3335,-0.7324,1,466,883,0
42718925,5399,-0.0239,-0.0195,1.0322,3.2959,-4.3335,-0.5493,1,466,876,0
42723928,5400,-0.0229,-0.0195,1.0322,3.2959,-3.8452,-0.4883,1,483,884,0
42728926,5401,-0.0254,-0.0205,1.0298,2.9907,-3.6011,-0.4272,1,466,883,0
42733930,5402,-0.0303,-0.0220,1.0244,2.8687,-3.7842,-0.5493,1,484,862,0
42738931,5403,-0.0342,-0.0210,1.0205,2.7466,-4.0894,-0.4272,1,467,905,0
42743946,5404,-0.0352,-0.0195,1.0190,2.6855,-4.0283,-0.5493,1,474,862,0
42748926,5405,-0.0352,-0.0225,1.0181,2.6855,-4.6387,-0.6714,1,465,871,0
42753928,5406,-0.0361,-0.0254,1.0176,2.7466,-5.0659,-0.7935,1,495,872,0
42758928,5407,-0.0361,-0.0259,1.0186,2.7466,-5.5542,-0.7935,1,477,857,0
42763931,5408,-0.0327,-0.0249,1.0205,2.9907,-5.7373,-0.8545,1,503,778,0
42768924,5409,-0.0293,-0.0225,1.0225,2.9907,-5.7983,-0.9766,1,501,808,0
42773927,5410,-0.0278,-0.0210,1.0234,2.9907,-5.9204,-0.9155,1,478,848,0
42778925,5411,-0.0269,-0.0210,1.0225,2.9297,-5.9814,-0.6714,1,487,852,0
42783922,5412,-0.0283,-0.0215,1.0195,2.9297,-6.0425,-0.7935,1,477,846,0
42788922,5413,-0.0317,-0.0210,1.0171,3.1128,-6.2256,-0.8545,1,490,848,0
42793926,5414,-0.0288,-0.0229,1.0181,3.1128,-6.4087,-0.8545,1,488,843,0
42798922,5415,-0.0195,-0.0225,1.0234,2.9907,-6.2256,-0.6714,1,466,845,0
42803925,5416,-0.0146,-0.0220,1.0278,3.1128,-5.6152,-0.7324,1,466,877,0
42808926,5417,-0.0132,-0.0239,1.0293,3.1128,-5.4321,-0.6104,1,466,884,0
42813922,5418,-0.0137,-0.0200,1.0283,3.2349,-4.8828,-0.7324,1,466,876,0
42818927,5419,-0.0146,-0.0200,1.0273,3.1738,-4.8828,-0.7935,1,465,882,0
42823923,5420,-0.0107,-0.0229,1.0293,3.3569,-4.6997,-0.6104,1,483,884,0
42828927,5421,-0.0098,-0.0195,1.0298,3.5400,-3.9673,-0.7324,1,466,868,0
42833929,5422,-0.0127,-0.0186,1.0273,3.1738,-3.4790,-0.7935,1,484,863,0
42838924,5423,-0.0181,-0.0195,1.0225,3.2349,-3.2959,-0.5493,1,465,908,0
42843938,5424,-0.0259,-0.0215,1.0146,3.4180,-3.3569,-0.6714,1,477,867,0
42848922,5425,-0.0352,-0.0220,1.0073,3.6011,-3.6011,-0.7324,1,470,875,0
42853922,5426,-0.0396,-0.0220,1.0039,3.9062,-4.5166,-0.8545,1,493,868,0
42858928,5427,-0.0337,-0.0239,1.0063,4.0894,-5.3711,-0.7935,1,498,857,0
42863922,5428,-0.0347,-0.0171,1.0098,4.7607,-5.7983,-0.9766,1,495,783,0
42868926,5429,-0.0381,-0.0146,1.0093,4.3945,-7.2021,-0.5493,1,496,835,0
42873930,5430,-0.0293,-0.0107,1.0161,4.5776,-7.3242,-0.6104,1,487,850,0
42878930,5431,-0.0205,-0.0073,1.0225,4.3335,-7.2632,-0.5493,1,490,851,0
42883927,5432,-0.0176,-0.0054,1.0239,3.9062,-7.2632,-0.2441,1,480,871,0
42888923,5433,-0.0220,-0.0034,1.0215,3.6621,-7.3242,-0.1221,1,473,847,0
42893930,5434,-0.0273,-0.0049,1.0166,3.2349,-7.8735,0.1221,1,476,848,0
42898925,5435,-0.0288,-0.0073,1.0117,3.2349,-8.2397,0.3052,1,493,846,0
42903929,5436,-0.0269,-0.0078,1.0098,3.1128,-8.6060,0.4272,1,466,878,0
42908922,5437,-0.0273,-0.0068,1.0107,2.9907,-8.7280,0.6104,1,466,871,0
42913926,5438,-0.0342,-0.0005,1.0107,2.5635,-9.5215,1.2817,1,466,875,0
42918945,5439,-0.0415,0.0063,1.0078,1.8311,-10.6812,1.6479,1,466,870,0
42923930,5440,-0.0386,0.0068,1.0059,1.2817,-11.8408,1.8921,1,466,890,0
42928930,5441,-0.0293,0.0049,1.0098,0.9766,-12.2681,1.8311,1,465,888,0
42933927,5442,-0.0327,0.0034,1.0103,0.6714,-13.0005,1.7090,1,484,868,0
42938928,5443,-0.0483,0.0059,1.0039,0.2441,-14.5264,1.5259,1,465,880,0
42943922,5444,-0.0562,0.0063,1.0044,-0.3052,-16.9678,1.3428,1,482,916,0
42948927,5445,-0.0454,0.0044,1.0137,-0.6714,-18.4937,0.9766,1,470,873,0
42953928,5446,-0.0264,-0.0049,1.0264,-0.6714,-18.8599,0.2441,1,493,868,0
42958928,5447,-0.0195,-0.0151,1.0322,-0.3052,-18.0664,-0.7324,1,476,860,0
42963925,5448,-0.0342,-0.0063,1.0239,0.1831,-18.6768,-1.4648,1,501,871,0
42968924,5449,-0.0586,0.0054,1.0112,-0.3662,-20.5688,-2.3804,1,481,796,0
42973925,5450,-0.0767,-0.0015,1.0063,-1.2207,-23.1934,-3.0518,1,508,853,0
42978929,5451,-0.0781,-0.0059,1.0063,-0.7935,-26.5503,-3.4180,1,478,857,0
42983930,5452,-0.0718,-0.0049,1.0029,-1.0376,-29.1138,-4.4556,1,487,878,0
42988924,5453,-0.0830,-0.0093,1.0039,-1.4648,-31.3721,-5.4932,1,478,859,0
42993924,5454,-0.1113,-0.0195,1.0083,-1.4038,-36.2549,-6.2866,1,488,862,0
42998924,5455,-0.1313,-0.0205,1.0176,-1.2207,-41.9922,-7.0801,1,493,869,0
43003931,5456,-0.1006,-0.0107,1.0396,-2.3804,-48.0347,-7.6294,1,466,894,0
43008930,5457,-0.0273,-0.0171,1.0576,-3.4790,-49.1943,-8.3618,1,466,889,0
43013927,5458,0.0151,-0.0327,1.0630,-3.8452,-49.0112,-9.2163,1,466,904,0
43018946,5459,0.0122,-0.0405,1.0610,-4.3335,-51.8799,-9.8877,1,466,908,0
43023923,5460,0.0107,-0.0469,1.0591,-4.2725,-57.0679,-11.1084,1,465,898,0
43028930,5461,0.0347,-0.0601,1.0610,-3.7231,-59.6924,-11.9629,1,465,904,0
43033930,5462,0.0513,-0.0708,1.0645,-2.8687,-61.0352,-11.8408,1,484,912,0
43038922,5463,0.0552,-0.0552,1.0630,-2.5635,-64.7583,-12.3901,1,465,900,0
43043931,5464,0.0825,-0.0137,1.0518,-3.3569,-68.9087,-13.0005,1,466,949,0
43048924,5465,0.1284,-0.0078,1.0425,-3.3569,-67.3218,-13.7939,1,465,892,0
43053929,5466,0.1597,-0.0435,1.0376,-1.7090,-63.2935,-13.7939,1,501,903,0
43058924,5467,0.1548,-0.0679,1.0298,0.8545,-57.4951,-13.3667,1,481,867,0
43063928,5468,0.0933,-0.1069,1.0283,3.1738,-53.8330,-12.8784,1,493,894,0
43068928,5469,-0.0249,-0.1558,1.0493,8.4229,-52.9785,-11.2305,1,484,828,0
43073926,5470,-0.0898,-0.1797,1.0781,16.0522,-64.5752,-10.0708,1,471,900,0
43078928,5471,-0.1030,-0.1865,1.0933,24.4751,-71.4722,-12.6953,1,485,887,0
43083931,5472,-0.1611,-0.2231,1.1313,30.9448,-81.6040,-16.2964,1,472,901,0
43088930,5473,-0.2363,-0.3247,1.2197,42.6025,-101.9897,-19.7754,1,479,906,0
43093925,5474,-0.2725,-0.4976,1.3369,58.1665,-123.0469,-23.4375,1,481,913,0
43098924,5475,-0.3164,-0.6904,1.4546,82.8247,-142.7612,-25.8789,1,492,915,0
43103931,5476,-0.3208,-0.7656,1.5356,116.5771,-171.0815,-26.2451,1,466,941,0
43108926,5477,-0.1392,-0.8867,1.6289,145.9961,-191.8335,-22.6440,1,466,955,0
43113924,5478,-0.0479,-1.1968,1.8218,188.2324,-187.5610,-20.7520,1,465,942,0
43118946,5479,-0.1987,-1.4810,2.0747,235.6567,-195.2514,-19.5312,1,466,944,0
43123930,5480,-0.2930,-1.5278,2.2144,289.7949,-216.3696,-8.4229,1,466,983,0
43128928,5481,-0.2661,-1.3530,2.1113,346.0083,-228.6377,2.8687,1,484,932,0
43133922,5482,-0.3462,-1.2500,1.8398,384.2163,-234.0088,6.4697,1,480,932,0
43138923,5483,-0.5317,-1.3354,1.5952,426.8188,-250.1221,12.3901,1,465,914,0
43143925,5484,-0.7417,-1.3560,1.4097,474.7924,-268.7988,18.0664,1,479,895,0
43148925,5485,-0.8618,-1.1763,1.1768,505.3711,-308.5327,15.5640,1,481,962,0
43153924,5486,-0.5454,-0.9775,1.0151,529.5410,-353.2104,9.0942,1,481,927,0
43158927,5487,0.1216,-0.9712,1.0913,539.6118,-363.8916,23.0713,1,469,924,0
43163928,5488,1.3857,-1.0532,1.8628,460.3271,-361.7553,80.9326,1,471,935,0
43168929,5489,2.8618,-1.4004,3.1650,328.7353,-258.9111,103.0884,1,492,933,0
43173929,5490,2.7979,-1.8101,3.7935,281.3721,-78.7354,97.2900,1,508,927,0
43178924,5491,1.2803,-1.6206,3.3174,252.2583,-6.9580,102.8442,1,478,905,0
43183924,5492,0.1006,-1.0947,2.4219,179.9316,9.0332,95.2148,1,473,900,0
43188927,5493,-0.0215,-0.7622,1.7881,115.2954,42.1753,78.4912,1,485,898,0
43193925,5494,0.3042,-0.6875,1.4385,83.4961,81.2378,64.8193,1,489,928,0
43198929,5495,0.3989,-0.6938,1.1724,54.0771,107.6660,50.5981,1,488,897,0
43203927,5496,0.2031,-0.6987,0.9678,28.9307,109.5581,38.6353,1,466,916,0
43208928,5497,0.0063,-0.7012,0.8647,14.2212,98.5107,30.3345,1,466,925,0
43213929,5498,-0.0459,-0.7158,0.8667,1.5259,90.6372,23.6206,1,466,927,0
43218926,5499,-0.0088,-0.7603,0.9312,-5.7983,86.4868,20.6299,1,465,911,0
43223929,5500,0.0200,-0.8408,0.9990,-9.0332,85.1440,21.7895,1,466,911,0
43228927,5501,-0.0024,-0.9478,1.0532,-10.6812,85.6323,26.1841,1,466,916,0
43233928,5502,-0.0415,-1.0645,1.0981,-8.9722,85.6934,35.9497,1,466,930,0
43238923,5503,-0.0571,-1.1743,1.1235,-4.2114,88.0737,49.7436,1,484,913,0
43243926,5504,-0.0542,-1.2573,1.1284,1.9531,92.8955,66.0400,1,465,920,0
43248929,5505,-0.0566,-1.3057,1.1279,9.2163,98.1445,84.0454,1,471,942,0
43253927,5506,-0.0825,-1.3198,1.1226,16.5405,103.2715,102.7222,1,473,914,0
43258927,5507,-0.1284,-1.2988,1.1089,22.1558,106.0181,121.8262,1,504,927,0
43263928,5508,-0.1606,-1.2500,1.0933,24.4141,107.7881,140.8691,1,506,940,0
43268924,5509,-0.1699,-1.1899,1.0791,23.6206,109.8022,159.1187,1,508,882,0
43273929,5510,-0.1724,-1.1221,1.0552,21.3623,111.6943,176.2085,1,482,925,0
43278924,5511,-0.1729,-1.0420,1.0132,16.7847,113.0371,191.8945,1,491,821,0
43283929,5512,-0.1753,-0.9453,0.9663,9.4604,114.7461,205.5664,1,485,908,0
43288929,5513,-0.1836,-0.8408,0.9341,-0.6714,115.2344,217.4682,1,490,898,0
43293926,5514,-0.1797,-0.7446,0.9268,-12.3291,114.8682,227.6001,1,482,895,0
43298923,5515,-0.1523,-0.6670,0.9351,-25.0244,115.1123,236.0840,1,485,914,0
43303926,5516,-0.1094,-0.6069,0.9473,-37.6587,116.4551,243.2861,1,493,915,0
43308926,5517,-0.0586,-0.5596,0.9575,-49.1333,118.2251,249.5117,1,465,936,0
43313922,5518,-0.0098,-0.5220,0.9624,-59.2041,121.6431,254.8218,1,466,945,0
43318928,5519,0.0215,-0.4893,0.9639,-67.5659,125.7324,258.9722,1,466,934,0
43323935,5520,0.0332,-0.4526,0.9736,-74.3408,128.7842,262.5732,1,466,934,0
43328927,5521,0.0386,-0.4189,1.0063,-80.3833,131.1035,265.5029,1,466,931,0
43333928,5522,0.0464,-0.3940,1.0562,-84.8999,133.4839,268.1885,1,483,929,0
43338924,5523,0.0605,-0.3716,1.1011,-87.7685,136.2915,270.2637,1,466,925,0
43343925,5524,0.0825,-0.3442,1.1323,-89.5996,139.4653,271.6675,1,484,928,0
43348925,5525,0.1064,-0.3120,1.1504,-90.0879,143.2495,272.0337,1,473,929,0
43353938,5526,0.1245,-0.2729,1.1553,-90.0268,147.2778,271.4844,1,477,953,0
43358927,5527,0.1318,-0.2300,1.1562,-90.2100,150.6958,269.7144,1,470,927,0
43363925,5528,0.1333,-0.1904,1.1689,-90.3320,152.8931,267.1509,1,507,1020,0
43368923,5529,0.1406,-0.1587,1.1938,-90.3931,155.3955,263.7329,1,472,885,0
43373929,5530,0.1538,-0.1372,1.2266,-90.5762,158.6914,259.7046,1,498,932,0
43378922,5531,0.1636,-0.1240,1.2622,-90.5151,162.9639,255.2490,1,482,842,0
43383930,5532,0.1631,-0.1133,1.2954,-89.9048,167.5415,250.4272,1,481,844,0
43388927,5533,0.1470,-0.0996,1.3237,-89.2334,171.9971,244.9341,1,480,886,0
43393924,5534,0.1279,-0.0825,1.3535,-88.6841,175.2319,239.1968,1,490,914,0
43398930,5535,0.1265,-0.0684,1.3921,-88.5620,178.6499,233.3374,1,491,921,0
43403926,5536,0.1450,-0.0605,1.4409,-88.8672,183.5327,227.1118,1,473,913,0
43408924,5537,0.1665,-0.0605,1.4927,-88.9893,189.3310,220.8252,1,492,918,0
43413927,5538,0.1821,-0.0640,1.5386,-89.1113,195.9839,214.7827,1,466,942,0
43418929,5539,0.1938,-0.0688,1.5742,-89.5996,203.0639,208.8623,1,466,947,0
43423929,5540,0.2026,-0.0811,1.5942,-89.9048,210.0220,203.1860,1,466,949,0
43428931,5541,0.2095,-0.0967,1.5991,-89.4775,216.4306,197.9980,1,465,936,0
43433928,5542,0.2163,-0.1064,1.5913,-88.4399,221.8017,193.0542,1,466,945,0
43438928,5543,0.2236,-0.1035,1.5747,-87.3413,226.0742,188.2324,1,484,948,0
43443926,5544,0.2344,-0.0913,1.5552,-86.6699,229.1870,183.4106,1,465,955,0
43448930,5545,0.2480,-0.0830,1.5376,-86.3037,231.5063,178.3447,1,483,948,0
43453930,5546,0.2554,-0.0854,1.5200,-85.9985,233.1543,173.1567,1,474,935,0
43458944,5547,0.2559,-0.0967,1.5005,-85.3882,233.3374,168.2739,1,481,945,0
43463926,5548,0.2549,-0.1118,1.4834,-84.6558,232.5439,163.8183,1,471,928,0
43468927,5549,0.2544,-0.1230,1.4761,-84.4726,231.3232,159.5459,1,466,941,0
43473930,5550,0.2549,-0.1245,1.4849,-85.2661,229.4311,155.5786,1,475,940,0
43478927,5551,0.2593,-0.1216,1.5151,-87.2192,228.0273,151.4893,1,498,945,0
43483927,5552,0.2607,-0.1235,1.5635,-89.8437,227.3559,147.9492,1,494,851,0
43488926,5553,0.2529,-0.1294,1.6328,-92.8955,226.6846,144.2871,1,486,844,0
43493924,5554,0.2485,-0.1328,1.7324,-96.6186,226.2573,140.6860,1,475,929,0
43498923,5555,0.2642,-0.1387,1.8535,-100.5859,228.0884,137.5122,1,478,921,0
43503922,5556,0.3003,-0.1514,1.9639,-104.4311,233.0932,134.6436,1,488,917,0
43508925,5557,0.3403,-0.1680,2.0278,-107.1167,240.2954,132.3853,1,474,911,0
43513926,5558,0.3691,-0.1807,2.0366,-108.9477,248.2300,130.6152,1,493,913,0
43518926,5559,0.3784,-0.1816,2.0029,-109.9853,254.9438,129.2725,1,466,948,0
43523924,5560,0.3755,-0.1758,1.9478,-110.6567,259.4604,128.0518,1,466,951,0
43528927,5561,0.3740,-0.1680,1.8877,-110.8398,261.7798,127.1362,1,466,935,0
43533938,5562,0.3818,-0.1538,1.8350,-110.4126,262.1460,126.4038,1,466,948,0
43538929,5563,0.3975,-0.1309,1.7930,-109.9243,261.7188,125.4272,1,466,947,0
43543928,5564,0.4160,-0.1025,1.7651,-109.3750,260.6201,124.0845,1,483,983,0
43548925,5565,0.4302,-0.0728,1.7524,-108.8867,258.9722,121.9482,1,466,941,0
43553928,5566,0.4355,-0.0449,1.7568,-108.1543,256.8359,119.3237,1,483,943,0
43558925,5567,0.4414,-0.0249,1.7769,-107.5439,254.0893,116.3940,1,472,939,0
43563923,5568,0.4614,-0.0200,1.8018,-106.9336,251.7090,113.4643,1,479,945,0
43568924,5569,0.4971,-0.0288,1.8193,-105.5298,250.3052,110.7788,1,466,934,0
43573928,5570,0.5342,-0.0386,1.8174,-103.2715,249.8169,108.4595,1,466,933,0
43578927,5571,0.5645,-0.0361,1.7930,-100.2808,249.0234,106.2012,1,472,942,0
43583929,5572,0.5933,-0.0244,1.7529,-97.4731,247.3144,103.8208,1,500,939,0
43588929,5573,0.6240,-0.0146,1.7021,-94.1162,245.1782,101.1963,1,492,928,0
43593922,5574,0.6533,-0.0078,1.6426,-90.0268,242.0044,98.6938,1,483,836,0
43598922,5575,0.6880,-0.0029,1.5737,-85.5713,237.8540,96.0083,1,492,916,0
43603930,5576,0.7310,0.0010,1.4951,-80.9936,233.3374,93.3227,1,478,904,0
43608929,5577,0.7705,0.0083,1.4116,-76.7212,228.2104,90.5151,1,483,905,0
43613923,5578,0.8003,0.0195,1.3291,-72.7539,221.7407,87.4023,1,470,905,0
43618924,5579,0.8291,0.0327,1.2500,-69.5190,213.6841,84.2285,1,493,904,0
43623928,5580,0.8721,0.0479,1.1816,-67.9321,205.0171,81.4209,1,466,933,0
43628926,5581,0.9385,0.0547,1.1309,-68.4814,195.8618,79.4067,1,466,924,0
43633925,5582,1.0215,0.0410,1.0947,-69.6411,187.3779,78.4302,1,466,927,0
43638942,5583,1.1079,0.0122,1.0610,-69.8242,178.8940,78.4302,1,465,929,0
43643927,5584,1.1895,-0.0181,1.0176,-68.3594,169.9829,79.2236,1,465,928,0
43648925,5585,1.2529,-0.0396,0.9526,-65.8569,160.4614,80.6274,1,484,924,0
43653928,5586,1.3013,-0.0356,0.8677,-62.6221,147.8882,82.2143,1,479,933,0
43658930,5587,1.3564,-0.0059,0.7783,-60.1196,133.1787,83.8623,1,465,920,0
43663923,5588,1.4272,0.0337,0.6982,-58.4106,117.7368,85.0220,1,466,876,0
43668926,5589,1.5063,0.0771,0.6323,-56.8848,101.3794,85.4492,1,474,971,0
43673926,5590,1.5830,0.1177,0.5894,-56.3354,84.5337,84.7778,1,477,931,0
43678928,5591,1.6509,0.1333,0.5737,-55.6030,67.3218,83.6792,1,504,927,0
43683922,5592,1.7104,0.1299,0.5757,-53.2227,50.1709,82.6416,1,484,882,0
43688928,5593,1.7642,0.1221,0.5786,-50.2319,32.5317,81.6650,1,483,909,0
43693924,5594,1.8027,0.1079,0.5664,-46.8140,16.1133,81.0547,1,509,910,0
43698927,5595,1.8154,0.0806,0.5332,-41.6260,-0.8545,80.8716,1,484,861,0
43703922,5596,1.8110,0.0425,0.4897,-34.0576,-19.7754,80.8105,1,483,882,0
43708927,5597,1.7993,0.0059,0.4561,-24.5361,-39.7949,80.8105,1,474,891,0
43713928,5598,1.7915,-0.0093,0.4438,-14.9536,-60.8520,80.3223,1,482,895,0
43718929,5599,1.7954,0.0000,0.4683,-7.6294,-81.2378,78.4302,1,486,906,0
43723931,5600,1.7944,0.0054,0.5425,-3.1738,-98.9990,74.8291,1,493,837,0
43728926,5601,1.7593,-0.0210,0.6509,0.3662,-114.1968,69.9463,1,466,911,0
43733928,5602,1.4668,-0.0972,0.8271,8.3008,-142.7002,55.0537,1,466,909,0
43738926,5603,0.3145,0.6719,0.5459,16.0522,-169.0674,15.1978,1,466,906,0
43743925,5604,-2.0200,1.1401,0.3901,-81.7871,-211.1816,-40.0391,1,466,928,0
43748926,5605,-3.4453,-0.0522,1.0659,-161.4990,-259.3994,-29.2969,1,484,931,0
43753927,5606,-2.7231,-1.3960,1.6846,-87.8296,-238.4033,-0.6714,1,466,947,0
43758930,5607,-1.3569,-1.7959,1.3364,-47.9126,-189.3921,-0.0610,1,484,928,0
43763930,5608,-0.5742,-1.6094,0.2041,3.5400,-190.2466,-8.7891,1,466,915,0
43768925,5609,-0.1987,-1.1265,-1.1367,70.5566,-251.0986,-1.7700,1,465,942,0
43773954,5610,-0.1626,-0.4214,-1.7998,89.6606,-301.5137,-2.6855,1,477,912,0
43778930,5611,-0.3506,0.1104,-1.2070,60.0586,-372.6196,-7.2632,1,477,907,0
43783930,5612,-0.3359,0.0352,0.2495,14.8315,-424.4995,-1.1597,1,482,866,0
43788931,5613,-0.1396,-0.4844,1.7144,-17.0898,-431.6406,19.6533,1,510,922,0
43793928,5614,0.1611,-0.7598,2.5996,-19.2261,-428.8330,47.3633,1,482,908,0
43798924,5615,0.5381,-0.4106,2.8018,-11.3525,-413.5742,60.3638,1,478,860,0
43803924,5616,0.7822,0.3047,2.6050,-13.4888,-380.9814,54.8096,1,481,918,0
43808922,5617,0.7891,0.9707,2.4033,-13.0615,-350.3418,42.6025,1,492,909,0
43813930,5618,0.6885,1.3838,2.3960,-9.5215,-326.4160,25.5737,1,485,908,0
43818925,5619,0.6260,1.5352,2.5190,-8.4839,-299.3774,3.2959,1,485,897,0
43823923,5620,0.6177,1.4453,2.6064,-9.8877,-266.9678,-19.8364,1,493,875,0
43828925,5621,0.5815,1.1299,2.5518,-14.4043,-232.6660,-39.8560,1,466,917,0
43833931,5622,0.4561,0.6650,2.3477,-23.1323,-204.7729,-53.5278,1,466,937,0
43838930,5623,0.3140,0.1606,2.0537,-36.4990,-187.5610,-57.0068,1,466,946,0
43843922,5624,0.2012,-0.3062,1.7271,-49.4995,-172.6684,-53.0395,1,465,938,0
43848923,5625,-0.1470,-0.8955,1.5566,-53.1006,-154.5410,-41.8701,1,465,939,0
43853922,5626,-0.4814,-1.5708,1.7559,-23.8647,-165.8325,-15.7471,1,466,935,0
43858922,5627,-0.1558,-1.9165,2.0435,16.9067,-183.8989,9.2163,1,484,948,0
43863925,5628,0.4233,-1.8877,2.0068,33.0811,-151.0620,23.3765,1,465,858,0
43868922,5629,0.5591,-1.6191,1.7476,53.2837,-121.7041,30.8838,1,482,923,0
43873944,5630,0.3535,-1.0894,1.5459,87.4634,-119.6289,38.3911,1,470,924,0
43878925,5631,0.1709,-0.4419,1.4961,101.8066,-113.7085,38.4521,1,477,926,0
43883927,5632,0.1040,0.0669,1.5386,102.8442,-98.9990,31.7383,1,500,958,0
43888923,5633,0.1074,0.2832,1.5742,99.2432,-86.2427,25.8789,1,502,889,0
43893922,5634,0.1567,0.2065,1.5625,91.1865,-72.6929,20.8740,1,482,922,0
43898930,5635,0.1743,0.0010,1.4800,87.4023,-57.6172,18.5547,1,475,855,0
43903923,5636,0.0981,-0.1357,1.3335,86.6699,-48.4619,18.7988,1,488,899,0
43908926,5637,-0.0122,-0.1338,1.2012,85.5713,-46.1426,18.6768,1,483,908,0
43913928,5638,-0.0708,-0.0386,1.1592,83.8623,-45.2270,18.0664,1,490,897,0
43918923,5639,-0.0586,0.0825,1.2061,79.3457,-43.3350,16.6626,1,476,895,0
43923922,5640,-0.0156,0.1812,1.2764,71.2280,-39.4287,14.6484,1,492,888,0
43928928,5641,-0.0020,0.2300,1.3008,61.2793,-33.3862,12.2681,1,466,925,0
43933924,5642,-0.0303,0.2114,1.2559,51.6357,-29.6020,9.9487,1,466,921,0
43938925,5643,-0.0654,0.1377,1.1807,43.6401,-28.0762,8.3008,1,466,920,0
43943928,5644,-0.0723,0.0640,1.1313,37.9028,-27.8320,7.8125,1,465,910,0
43948922,5645,-0.0518,0.0391,1.1279,33.3252,-25.8179,7.3242,1,466,910,0
43953923,5646,-0.0337,0.0674,1.1514,27.9541,-22.2168,6.5918,1,484,908,0
43958926,5647,-0.0327,0.1060,1.1665,21.4844,-19.1040,5.3101,1,467,908,0
43963926,5648,-0.0391,0.0967,1.1519,15.2588,-16.4795,3.7231,1,484,894,0
43968925,5649,-0.0425,0.0308,1.1143,11.4136,-13.8550,2.5635,1,477,856,0
43973928,5650,-0.0469,-0.0439,1.0713,10.5591,-11.9019,2.0142,1,465,901,0
43978924,5651,-0.0635,-0.0703,1.0425,10.5591,-10.9253,1.8921,1,466,892,0
43983926,5652,-0.0806,-0.0425,1.0420,9.3384,-11.4746,1.6479,1,495,892,0
43988926,5653,-0.0737,-0.0020,1.0649,7.1411,-12.1460,1.4038,1,481,874,0
43993925,5654,-0.0469,0.0156,1.0889,4.3335,-10.9863,0.9766,1,505,877,0
43998927,5655,-0.0303,0.0039,1.0869,2.2583,-8.6670,0.6714,1,501,796,0
44003925,5656,-0.0483,-0.0161,1.0576,0.9766,-7.5073,0.6104,1,483,846,0
44008922,5657,-0.0811,-0.0337,1.0269,0.0000,-8.2397,0.2441,1,475,847,0
44013929,5658,-0.0928,-0.0532,1.0132,-0.3662,-9.8877,0.1831,1,490,800,0
44018927,5659,-0.0835,-0.0698,1.0137,0.3662,-10.3760,0.0610,1,492,850,0
44023923,5660,-0.0723,-0.0693,1.0186,1.0376,-10.6201,0.0610,1,477,862,0
44028926,5661,-0.0664,-0.0562,1.0234,1.1597,-10.9863,-0.0610,1,493,860,0
44033928,5662,-0.0649,-0.0474,1.0254,0.7935,-10.8643,-0.2441,1,466,894,0
44038930,5663,-0.0669,-0.0474,1.0249,0.6104,-11.0474,-0.3662,1,466,892,0
44043923,5664,-0.0708,-0.0405,1.0254,0.3662,-11.4746,-0.2441,1,466,891,0
44048922,5665,-0.0708,-0.0288,1.0298,-0.7935,-12.2681,-0.2441,1,466,898,0
44053928,5666,-0.0630,-0.0298,1.0342,-2.0752,-12.5122,-0.3052,1,484,895,0
44058922,5667,-0.0571,-0.0439,1.0327,-2.4414,-12.3291,-0.3052,1,465,891,0
44063927,5668,-0.0557,-0.0552,1.0303,-2.5635,-12.2681,-0.1221,1,484,893,0
44068924,5669,-0.0503,-0.0557,1.0342,-2.8076,-12.1460,-0.1221,1,466,885,0
44073927,5670,-0.0415,-0.0474,1.0381,-3.1128,-11.2915,-0.1221,1,469,880,0
44078949,5671,-0.0435,-0.0464,1.0337,-3.5400,-10.2539,-0.1831,1,472,881,0
44083931,5672,-0.0488,-0.0601,1.0278,-3.8452,-10.4980,-0.3662,1,479,893,0
44088923,5673,-0.0498,-0.0708,1.0254,-3.1128,-9.9487,-0.3052,1,503,896,0
44093927,5674,-0.0518,-0.0679,1.0234,-2.6855,-9.5215,-0.4272,1,495,788,0
44098931,5675,-0.0552,-0.0610,1.0220,-2.8076,-9.5825,-0.6104,1,483,788,0
44103930,5676,-0.0571,-0.0620,1.0215,-2.5024,-9.7656,-0.9155,1,484,856,0
44108927,5677,-0.0547,-0.0693,1.0225,-1.8921,-9.8877,-1.1597,1,475,856,0
44113925,5678,-0.0488,-0.0713,1.0229,-1.2817,-9.7656,-1.4038,1,490,845,0
44118923,5679,-0.0435,-0.0723,1.0234,-0.7935,-9.3384,-1.7700,1,478,857,0
44123930,5680,-0.0396,-0.0806,1.0225,0.0000,-8.6670,-1.8921,1,489,847,0
44128929,5681,-0.0415,-0.0913,1.0171,1.4038,-7.5073,-2.1973,1,493,795,0
44133924,5682,-0.0474,-0.0957,1.0112,2.9297,-7.2632,-2.6245,1,466,878,0
44138923,5683,-0.0493,-0.0977,1.0088,4.2725,-7.1411,-2.9907,1,466,883,0
44143928,5684,-0.0483,-0.1021,1.0078,5.9814,-6.5308,-3.4180,1,466,879,0
44148936,5685,-0.0430,-0.1011,1.0083,7.8735,-6.1035,-3.5400,1,466,878,0
44153922,5686,-0.0376,-0.0894,1.0132,9.3384,-5.2490,-3.7231,1,466,878,0
44158923,5687,-0.0371,-0.0747,1.0171,9.9487,-4.4556,-4.0283,1,484,880,0
44163930,5688,-0.0405,-0.0674,1.0195,10.5591,-4.1504,-4.4556,1,478,872,0
44168931,5689,-0.0405,-0.0684,1.0220,11.3525,-3.8452,-4.6997,1,465,880,0
44173930,5690,-0.0337,-0.0684,1.0269,11.9629,-2.9907,-4.8828,1,465,931,0
44178928,5691,-0.0234,-0.0605,1.0356,12.3291,-2.0752,-4.9438,1,473,888,0
44183925,5692,-0.0161,-0.0469,1.0454,12.2681,-0.7935,-4.7607,1,482,898,0
44188925,5693,-0.0156,-0.0361,1.0508,11.5356,0.5493,-4.8218,1,492,892,0
44193923,5694,-0.0161,-0.0352,1.0508,10.6201,1.5869,-4.6997,1,479,878,0
44198928,5695,-0.0132,-0.0400,1.0493,10.2539,2.6245,-4.3945,1,482,799,0
44203922,5696,-0.0151,-0.0415,1.0449,9.8267,4.0283,-4.0283,1,483,807,0
44208926,5697,-0.0264,-0.0391,1.0386,9.3384,5.1270,-3.8452,1,489,856,0
44213930,5698,-0.0381,-0.0381,1.0327,9.0332,5.4932,-3.6621,1,480,847,0
44218924,5699,-0.0425,-0.0420,1.0239,8.6670,5.4321,-3.6621,1,488,850,0
44223924,5700,-0.0498,-0.0454,1.0103,8.9111,6.1035,-3.6621,1,481,855,0
44228926,5701,-0.0659,-0.0420,1.0029,8.7891,5.1880,-3.7231,1,493,857,0
44233927,5702,-0.0732,-0.0400,1.0049,8.5449,4.1504,-3.8452,1,466,879,0
44238922,5703,-0.0698,-0.0396,1.0093,8.6670,3.4180,-4.0283,1,466,878,0
44243926,5704,-0.0610,-0.0425,1.0112,8.6670,2.8687,-4.2725,1,466,878,0
44248928,5705,-0.0581,-0.0454,1.0093,9.1553,2.9907,-4.5166,1,466,880,0
44253930,5706,-0.0571,-0.0454,1.0117,9.5215,2.4414,-4.6997,1,466,883,0
44258928,5707,-0.0508,-0.0425,1.0220,9.6436,2.1973,-5.0049,1,465,888,0
44263929,5708,-0.0439,-0.0366,1.0288,9.5215,2.4414,-5.4321,1,484,859,0
44268925,5709,-0.0464,-0.0342,1.0239,9.5825,2.7466,-5.8594,1,465,887,0
44273924,5710,-0.0625,-0.0322,1.0112,9.5825,2.6855,-6.0425,1,482,923,0
44278936,5711,-0.0771,-0.0234,1.0068,9.3384,1.2207,-6.1646,1,469,873,0
44283924,5712,-0.0767,-0.0190,1.0122,8.9111,0.1221,-6.4697,1,466,876,0
44288929,5713,-0.0732,-0.0190,1.0176,8.4839,-0.9155,-6.5308,1,508,878,0
44293928,5714,-0.0693,-0.0190,1.0225,7.8735,-2.4414,-6.2866,1,488,856,0
44298927,5715,-0.0615,-0.0166,1.0288,7.2021,-3.2959,-5.9204,1,482,793,0
44303924,5716,-0.0522,-0.0117,1.0361,6.3477,-4.0283,-5.6152,1,489,818,0
44308927,5717,-0.0454,-0.0122,1.0405,5.4321,-4.3945,-5.3101,1,475,856,0
44313930,5718,-0.0420,-0.0181,1.0376,4.8218,-4.7607,-4.8218,1,483,855,0
44318931,5719,-0.0439,-0.0229,1.0293,4.4556,-4.8828,-4.6387,1,488,847,0
44323923,5720,-0.0508,-0.0278,1.0205,4.3335,-5.4321,-4.6387,1,474,855,0
44328922,5721,-0.0605,-0.0322,1.0132,4.5776,-6.1646,-4.9438,1,493,850,0
44333927,5722,-0.0698,-0.0337,1.0059,4.6997,-7.4463,-4.9438,1,465,885,0
44338922,5723,-0.0757,-0.0366,1.0000,5.0049,-9.0332,-4.8218,1,466,883,0
44343922,5724,-0.0791,-0.0396,0.9976,5.5542,-10.6812,-4.8828,1,466,871,0
44348922,5725,-0.0786,-0.0415,0.9976,6.2256,-12.1460,-5.2490,1,465,897,0
44353923,5726,-0.0815,-0.0391,0.9990,6.8970,-13.6719,-5.6763,1,466,900,0
44358924,5727,-0.0874,-0.0332,1.0010,7.1411,-15.8081,-6.2256,1,465,893,0
44363924,5728,-0.0820,-0.0278,1.0044,7.3853,-18.1274,-6.6528,1,485,887,0
44368926,5729,-0.0698,-0.0229,1.0098,7.4463,-19.4702,-6.7139,1,465,890,0
44373928,5730,-0.0601,-0.0229,1.0156,7.2021,-20.6299,-6.9580,1,467,879,0
44378941,5731,-0.0527,-0.0239,1.0220,7.1411,-21.6064,-7.1411,1,471,883,0
44383926,5732,-0.0459,-0.0205,1.0278,6.9580,-22.5220,-7.2632,1,467,903,0
44388927,5733,-0.0322,-0.0166,1.0352,6.4697,-23.1934,-7.2632,1,510,895,0
44393922,5734,-0.0234,-0.0132,1.0400,5.9204,-22.6440,-7.2021,1,495,882,0
44398927,5735,-0.0293,-0.0039,1.0376,5.2490,-23.1934,-7.0801,1,481,801,0
44403930,5736,-0.0361,0.0024,1.0342,4.0894,-24.0478,-6.9580,1,473,868,0
44408930,5737,-0.0317,0.0010,1.0356,3.1128,-24.6582,-6.8970,1,472,865,0
44413928,5738,-0.0190,-0.0034,1.0396,2.2583,-24.5361,-6.8359,1,483,866,0
44418925,5739,-0.0112,-0.0088,1.0425,1.6479,-24.0478,-6.7139,1,474,902,0
44423930,5740,-0.0103,-0.0107,1.0430,1.0986,-23.9258,-6.2256,1,488,865,0
44428923,5741,-0.0098,-0.0073,1.0444,0.4272,-23.9258,-5.6763,1,493,863,0
44433925,5742,-0.0107,-0.0068,1.0439,-0.6104,-23.7427,-5.3101,1,466,893,0
44438922,5743,-0.0220,-0.0093,1.0391,-1.4648,-24.1089,-4.9438,1,466,886,0
44443924,5744,-0.0425,-0.0093,1.0322,-2.0752,-25.9399,-4.5166,1,466,891,0
44448924,5745,-0.0562,-0.0122,1.0312,-3.1738,-28.8086,-4.5166,1,465,897,0
44453927,5746,-0.0537,-0.0156,1.0366,-3.9062,-31.6772,-4.8218,1,483,930,0
44458926,5747,-0.0439,-0.0117,1.0420,-4.5776,-34.1797,-5.3101,1,465,903,0
44463927,5748,-0.0396,-0.0068,1.0454,-5.7373,-37.2925,-6.1035,1,484,878,0
44468928,5749,-0.0439,-0.0015,1.0454,-6.7139,-40.7104,-6.9580,1,474,890,0
44473929,5750,-0.0591,0.0034,1.0435,-8.6060,-45.2881,-7.6904,1,483,883,0
44478957,5751,-0.0845,0.0039,1.0410,-10.8643,-51.6968,-8.5449,1,467,887,0
44483922,5752,-0.1245,0.0000,1.0347,-12.6953,-59.5703,-9.4604,1,469,909,0
44488928,5753,-0.1938,-0.0039,1.0161,-14.8926,-69.8242,-11.2305,1,470,858,0
44493923,5754,-0.2666,-0.0044,0.9941,-16.2964,-82.7637,-13.0615,1,493,909,0
44498927,5755,-0.3203,0.0020,0.9844,-17.8833,-98.1445,-14.6484,1,502,803,0
44503927,5756,-0.3418,0.0117,0.9839,-20.9351,-114.9292,-16.4185,1,471,861,0
44508928,5757,-0.3281,0.0225,0.9927,-24.0478,-131.2866,-19.3481,1,476,895,0
44513924,5758,-0.3218,0.0493,1.0029,-27.8320,-147.5220,-24.1089,1,486,900,0
44518924,5759,-0.3716,0.0894,1.0220,-33.4473,-162.4145,-32.1045,1,479,901,0
44523929,5760,-0.4707,0.1274,1.0581,-39.9780,-182.0679,-41.5039,1,488,893,0
44528925,5761,-0.5537,0.1387,1.1045,-48.7671,-206.0547,-50.7812,1,466,908,0
44533930,5762,-0.5703,0.1108,1.1655,-55.8472,-230.2856,-59.8755,1,466,935,0
44538930,5763,-0.5435,0.0815,1.2422,-62.9883,-254.9438,-69.6411,1,466,944,0
44543938,5764,-0.5293,0.0913,1.3291,-75.0732,-282.4707,-82.3364,1,466,939,0
44548928,5765,-0.5332,0.1206,1.4399,-89.9048,-311.6455,-98.1445,1,466,933,0
44553927,5766,-0.4990,0.1367,1.5625,-106.6894,-339.9658,-113.8306,1,483,942,0
44558926,5767,-0.4409,0.1167,1.6372,-126.7090,-362.7929,-126.5869,1,475,953,0
44563928,5768,-0.4155,0.0142,1.6226,-143.8599,-381.5307,-137.0239,1,466,946,0
44568926,5769,-0.3667,-0.1255,1.5215,-149.2310,-405.0293,-142.4561,1,474,881,0
44573925,5770,-0.2280,-0.2251,1.3662,-151.9165,-423.5840,-148.1323,1,482,969,0
44578925,5771,-0.0723,-0.2847,1.2324,-152.5879,-428.8330,-153.9307,1,475,933,0
44583925,5772,0.0068,-0.3228,1.1636,-142.7002,-431.6406,-156.3721,1,506,932,0
44588930,5773,0.0000,-0.3784,1.1465,-128.1128,-434.3261,-155.2124,1,491,903,0
44593931,5774,-0.0024,-0.5034,1.2139,-110.5347,-427.9174,-151.4282,1,511,880,0
44598925,5775,0.1519,-0.7817,1.5537,-89.2944,-402.4658,-138.3667,1,476,840,0
44603923,5776,0.4854,-1.2769,2.3721,-65.8569,-326.4160,-117.5537,1,473,895,0
44608929,5777,0.9668,-1.7090,3.3364,-22.0947,-225.0976,-92.3462,1,477,917,0
44613926,5778,1.1113,-1.7285,3.6611,24.2310,-105.7739,-72.2656,1,484,915,0
44618929,5779,0.3774,-1.3364,3.0645,46.5698,-5.4321,-58.7158,1,480,917,0
44623929,5780,-0.7144,-0.7759,2.0449,54.4434,27.2827,-42.9077,1,493,900,0
44628924,5781,-1.2549,-0.3496,1.2241,50.4150,22.3389,-32.8979,1,466,939,0
44633926,5782,-1.1411,-0.1538,0.8120,47.2412,26.6113,-31.1890,1,466,937,0
44638926,5783,-0.8662,-0.0757,0.6558,49.1943,34.6069,-30.7007,1,466,945,0
44643926,5784,-0.7261,-0.0044,0.5933,48.4009,38.3301,-32.8369,1,466,924,0
44648927,5785,-0.6860,0.0762,0.5874,46.3257,40.2222,-36.6821,1,484,906,0
44653929,5786,-0.5415,0.2114,0.7378,43.7012,56.5186,-47.6685,1,466,927,0
44658924,5787,-0.4507,0.2603,0.8428,41.6260,70.2515,-54.8706,1,484,934,0
44663926,5788,-0.3857,0.2944,0.9214,38.9404,84.7778,-62.3169,1,477,864,0
44668924,5789,-0.3477,0.3110,0.9609,36.1938,101.3794,-70.1294,1,482,931,0
44673940,5790,-0.3306,0.3032,0.9634,33.9355,117.1265,-77.5757,1,469,914,0
44678926,5791,-0.3237,0.2749,0.9321,32.9590,130.9814,-83.9233,1,480,924,0
44683930,5792,-0.3193,0.2388,0.8838,33.2642,142.1509,-88.9282,1,505,925,0
44688927,5793,-0.3105,0.2007,0.8433,33.1421,150.5737,-92.6514,1,488,908,0
44693930,5794,-0.2988,0.1592,0.8257,32.8979,156.7383,-94.9097,1,464,826,0
44698923,5795,-0.2842,0.1196,0.8276,33.1421,161.2549,-95.9473,1,492,822,0
44703923,5796,-0.2505,0.0854,0.8403,33.9966,165.1001,-95.8862,1,488,914,0
44708928,5797,-0.1812,0.0503,0.8579,34.1187,169.4336,-94.9097,1,479,898,0
44713923,5798,-0.0938,0.0093,0.8755,33.8745,175.4150,-93.1396,1,481,920,0
44718928,5799,-0.0283,-0.0337,0.8828,33.8745,182.3730,-90.6982,1,474,926,0
44723929,5800,-0.0015,-0.0737,0.8750,33.7524,188.6597,-87.3413,1,493,909,0
44728928,5801,0.0024,-0.1016,0.8506,33.3862,192.5659,-83.4961,1,466,929,0
44733925,5802,0.0073,-0.1128,0.8174,32.0435,194.5801,-78.7964,1,466,928,0
44738937,5803,0.0229,-0.1201,0.7871,28.7476,195.3125,-73.7305,1,466,916,0
44743924,5804,0.0439,-0.1333,0.7666,25.0244,194.7632,-68.2373,1,466,933,0
44748930,5805,0.0674,-0.1519,0.7617,21.3013,193.0542,-61.8896,1,465,941,0
44753928,5806,0.0957,-0.1758,0.7764,16.6016,190.8569,-54.8096,1,479,935,0
44758922,5807,0.1265,-0.2056,0.8105,11.7187,188.4765,-46.7529,1,465,913,0
44763925,5808,0.1616,-0.2363,0.8579,7.6904,185.9741,-37.9028,1,481,887,0
44768935,5809,0.1987,-0.2642,0.9092,4.1504,184.2651,-28.9307,1,482,965,0
44773922,5810,0.2344,-0.2876,0.9531,1.5259,182.6172,-19.4702,1,482,907,0
44778930,5811,0.2686,-0.2988,0.9805,-0.1831,180.8472,-10.0708,1,474,903,0
44783922,5812,0.3052,-0.2939,0.9902,-2.0142,178.9551,-1.0986,1,477,893,0
44788925,5813,0.3501,-0.2822,0.9907,-4.3335,176.5747,7.7515,1,508,878,0
44793928,5814,0.3945,-0.2695,0.9897,-6.8359,174.4385,16.0522,1,483,824,0
44798929,5815,0.4233,-0.2520,0.9878,-9.0332,171.6919,23.6816,1,490,901,0
44803923,5816,0.4351,-0.2271,0.9883,-11.9019,167.2363,30.4565,1,483,895,0
44808927,5817,0.4414,-0.2012,1.0034,-15.3809,161.3159,36.4380,1,478,905,0
44813922,5818,0.4497,-0.1807,1.0396,-19.5923,155.0293,42.1753,1,480,930,0
44818924,5819,0.4692,-0.1714,1.0967,-24.2310,149.4141,47.9736,1,489,892,0
44823922,5820,0.5093,-0.1768,1.1689,-28.2593,145.6299,53.9551,1,466,903,0
44828931,5821,0.5615,-0.1929,1.2358,-30.8228,143.9209,59.8144,1,466,929,0
44833923,5822,0.6084,-0.2095,1.2754,-31.9824,143.4326,65.8569,1,466,936,0
44838930,5823,0.6333,-0.2163,1.2773,-31.9824,143.7378,71.9604,1,466,960,0
44843922,5824,0.6313,-0.2065,1.2451,-31.6162,143.6768,77.6978,1,466,937,0
44848929,5825,0.6094,-0.1802,1.1934,-31.4331,142.4561,82.6416,1,465,934,0
44853926,5826,0.5825,-0.1367,1.1392,-31.9824,139.7095,86.5478,1,484,927,0
44858930,5827,0.5610,-0.0796,1.0991,-33.9355,136.1084,89.2944,1,465,930,0
44863927,5828,0.5430,-0.0190,1.0859,-37.5977,132.5073,91.1255,1,469,956,0
44868957,5829,0.5308,0.0317,1.1055,-41.6870,128.2349,91.7358,1,479,916,0
44873922,5830,0.5386,0.0654,1.1470,-44.4336,123.9014,91.3696,1,481,921,0
44878925,5831,0.5679,0.0835,1.1909,-45.3491,120.0561,90.3320,1,483,938,0
44883930,5832,0.6060,0.0947,1.2246,-45.0439,117.2485,88.6841,1,483,918,0
44888923,5833,0.6382,0.1060,1.2422,-43.6401,115.1733,86.4868,1,464,920,0
44893927,5834,0.6558,0.1196,1.2402,-41.6870,113.9526,83.8013,1,487,866,0
44898924,5835,0.6553,0.1328,1.2197,-39.0015,112.8540,80.5054,1,474,915,0
44903927,5836,0.6431,0.1416,1.1870,-36.0107,110.9619,76.9043,1,490,901,0
44908922,5837,0.6289,0.1421,1.1533,-32.8369,108.3374,73.1812,1,479,896,0
44913926,5838,0.6152,0.1382,1.1230,-29.8462,105.5298,69.3970,1,486,900,0
44918929,5839,0.6016,0.1357,1.0957,-27.6489,102.2339,65.7349,1,493,905,0
44923922,5840,0.5938,0.1338,1.0718,-26.1230,98.0835,62.2559,1,466,934,0
44928922,5841,0.5908,0.1260,1.0469,-25.0244,94.4214,58.8989,1,465,963,0
44933942,5842,0.5835,0.1118,1.0186,-24.0478,90.6372,55.6641,1,466,938,0
44938924,5843,0.5630,0.0942,0.9946,-23.3154,85.6934,52.9785,1,466,930,0
44943923,5844,0.5366,0.0718,0.9878,-22.3999,79.9561,50.5371,1,484,938,0
44948922,5845,0.5186,0.0400,1.0010,-20.9351,74.8291,48.3398,1,480,926,0
44953923,5846,0.5093,0.0049,1.0239,-18.8599,70.6787,46.9971,1,466,907,0
44958923,5847,0.4980,-0.0161,1.0454,-16.4795,67.1997,45.8374,1,474,910,0
44963924,5848,0.4829,-0.0171,1.0635,-15.0146,64.0259,44.4946,1,481,966,0
44968930,5849,0.4702,-0.0063,1.0801,-14.5264,60.7300,42.8467,1,466,914,0
44973927,5850,0.4683,0.0010,1.0879,-14.8315,58.0444,40.7715,1,506,922,0
44978922,5851,0.4731,0.0034,1.0796,-15.6250,55.6641,38.8184,1,472,906,0
44983929,5852,0.4795,0.0039,1.0601,-17.0288,52.7954,36.8042,1,501,904,0
44988922,5853,0.4888,-0.0024,1.0356,-18.6768,50.2319,34.9731,1,466,834,0
44993929,5854,0.4956,-0.0142,1.0098,-19.5923,47.7295,33.3862,1,473,901,0
44998922,5855,0.4951,-0.0254,0.9771,-19.9585,44.4336,32.2266,1,476,892,0
45003930,5856,0.4863,-0.0303,0.9380,-20.0806,40.5273,31.0669,1,472,885,0
45008929,5857,0.4761,-0.0273,0.9019,-19.8364,35.9497,29.9683,1,475,894,0
45013922,5858,0.4673,-0.0166,0.8745,-19.5923,30.9448,28.9307,1,476,891,0
45018924,5859,0.4546,0.0015,0.8545,-19.7754,25.8789,27.9541,1,493,898,0
45023923,5860,0.4395,0.0229,0.8394,-20.3857,20.3857,26.7334,1,466,916,0
45028930,5861,0.4302,0.0396,0.8350,-21.4844,14.4653,25.4517,1,466,933,0
45033922,5862,0.4277,0.0474,0.8462,-22.5830,8.8501,24.1699,1,466,930,0
45038923,5863,0.4248,0.0474,0.8745,-23.3765,4.0283,22.9492,1,466,913,0
45043926,5864,0.4141,0.0425,0.9155,-23.8037,-0.3052,21.9116,1,483,920,0
45048931,5865,0.3945,0.0347,0.9688,-23.8647,-4.3335,21.0571,1,466,909,0
45053927,5866,0.3818,0.0249,1.0361,-23.3154,-7.6294,20.4468,1,484,947,0
45058928,5867,0.3857,0.0127,1.1035,-21.9116,-8.7891,20.4468,1,474,909,0
45063922,5868,0.3867,-0.0005,1.1431,-19.5923,-7.5073,20.6909,1,481,941,0
45068955,5869,0.3691,-0.0039,1.1445,-16.7236,-5.6763,20.8740,1,472,896,0
45073926,5870,0.3413,0.0059,1.1196,-13.9160,-3.8452,20.6909,1,469,910,0
45078930,5871,0.3071,0.0239,1.0815,-11.5967,-1.7700,20.2026,1,481,912,0
45083923,5872,0.2715,0.0396,1.0391,-9.7046,-0.4272,19.1040,1,479,895,0
45088930,5873,0.2417,0.0503,0.9946,-8.3008,-0.0610,17.8223,1,510,791,0
45093923,5874,0.2144,0.0581,0.9526,-7.9346,-0.4272,16.1743,1,490,831,0
45098923,5875,0.1870,0.0620,0.9282,-8.8501,-1.8921,14.3433,1,485,867,0
45103925,5876,0.1650,0.0562,0.9360,-10.3760,-3.6621,12.7563,1,473,864,0
45108927,5877,0.1523,0.0371,0.9731,-11.9629,-4.8218,11.5967,1,483,892,0
45113925,5878,0.1475,0.0044,1.0239,-12.7563,-5.5542,10.8032,1,484,891,0
45118925,5879,0.1494,-0.0366,1.0684,-12.6953,-5.1880,10.8643,1,488,885,0
45123926,5880,0.1636,-0.0806,1.0933,-11.7187,-4.5776,11.5356,1,466,892,0
45128930,5881,0.2144,-0.1670,1.0571,-7.9956,-8.1787,13.4277,1,466,918,0
45133923,5882,0.2886,-0.2715,0.8926,12.2070,-29.2969,21.5454,1,466,910,0
45138923,5883,0.3350,-0.2012,0.6846,46.6309,-59.4482,30.5786,1,466,935,0
45143929,5884,0.4194,0.0552,0.6309,62.6831,-71.7163,30.5786,1,465,933,0
45148928,5885,0.5786,0.2705,0.7666,64.0259,-68.6035,26.3062,1,465,928,0
45153922,5886,0.6689,0.3574,0.9556,70.0073,-68.1152,21.2402,1,484,921,0
45158927,5887,0.5610,0.3472,1.1108,77.5757,-69.2139,13.5498,1,465,857,0
45163928,5888,0.2412,0.2339,1.2949,76.2939,-61.4014,7.1411,1,479,923,0
45168929,5889,-0.1421,0.0869,1.5537,68.1152,-54.9927,8.6670,1,482,975,0
45173924,5890,-0.3408,0.0098,1.7705,55.2368,-61.0962,12.8784,1,465,911,0
45178926,5891,-0.2251,0.0098,1.7808,38.2690,-63.2324,15.5640,1,498,931,0
45183923,5892,0.0640,0.0654,1.5278,30.8838,-53.8940,15.7471,1,480,905,0
45188923,5893,0.1626,0.1631,1.1616,31.4331,-35.4614,11.4136,1,504,912,0
45193929,5894,-0.0713,0.2734,0.9233,27.8320,-29.3579,5.1270,1,465,873,0
45198929,5895,-0.3188,0.3418,0.9053,19.5923,-43.0908,1.7090,1,486,846,0
45203927,5896,-0.2974,0.3120,1.0342,9.3384,-54.9316,-0.2441,1,492,874,0
45208923,5897,-0.0767,0.1758,1.1797,2.1973,-53.5889,-1.7700,1,481,872,0
45213929,5898,0.1157,0.0005,1.2515,1.0986,-43.7622,-2.1973,1,471,867,0
45218930,5899,0.1592,-0.1226,1.2373,2.3804,-32.8979,-1.4038,1,490,864,0
45223929,5900,0.0952,-0.1445,1.1797,3.7842,-25.3906,0.2441,1,491,867,0
45228923,5901,0.0161,-0.0850,1.1240,4.3335,-21.5454,1.5259,1,466,874,0
45233923,5902,-0.0317,-0.0044,1.0874,3.2349,-18.7988,1.8311,1,466,897,0
45238922,5903,-0.0552,0.0454,1.0669,1.4038,-16.8457,1.4648,1,466,888,0
45243927,5904,-0.0664,0.0493,1.0596,-0.5493,-16.0522,1.0986,1,466,893,0
45248928,5905,-0.0630,0.0215,1.0610,-1.8921,-15.6860,1.0986,1,465,893,0
45253922,5906,-0.0474,-0.0127,1.0693,-2.6855,-14.3433,1.2207,1,465,893,0
45258926,5907,-0.0293,-0.0327,1.0806,-2.8076,-12.1460,1.3428,1,484,887,0
45263928,5908,-0.0161,-0.0327,1.0889,-2.8076,-9.5825,1.4648,1,465,846,0
45268925,5909,-0.0112,-0.0210,1.0923,-3.1128,-6.9580,1.6479,1,483,914,0
45273935,5910,-0.0151,-0.0093,1.0884,-3.5400,-4.4556,1.5869,1,469,876,0
45278954,5911,-0.0254,-0.0059,1.0762,-3.8452,-2.0752,1.4038,1,466,874,0
45283930,5912,-0.0415,-0.0142,1.0586,-4.0894,-0.2441,1.3428,1,471,867,0
45288930,5913,-0.0620,-0.0259,1.0371,-3.9062,0.2441,1.0986,1,477,855,0
45293922,5914,-0.0796,-0.0342,1.0181,-3.2349,0.0610,0.9155,1,501,861,0
45298929,5915,-0.0854,-0.0381,1.0093,-2.6245,-0.6104,0.7324,1,472,849,0
45303929,5916,-0.0811,-0.0391,1.0098,-1.8921,-1.2207,0.6104,1,474,844,0
45308922,5917,-0.0762,-0.0371,1.0117,-1.2207,-1.4038,0.4883,1,485,832,0
45313926,5918,-0.0762,-0.0327,1.0132,-0.8545,-1.6479,0.1831,1,481,870,0
45318925,5919,-0.0752,-0.0303,1.0181,-0.6104,-2.4414,0.1221,1,481,848,0
45323922,5920,-0.0669,-0.0332,1.0254,-0.2441,-2.3193,0.0000,1,491,836,0
45328922,5921,-0.0586,-0.0381,1.0298,0.2441,-1.7090,-0.1221,1,493,806,0
45333929,5922,-0.0601,-0.0386,1.0259,0.7935,-1.2207,-0.1221,1,466,868,0
45338924,5923,-0.0713,-0.0327,1.0156,1.4038,-1.1597,-0.2441,1,466,866,0
45343937,5924,-0.0796,-0.0229,1.0083,1.2817,-1.8311,-0.3662,1,466,881,0
45348931,5925,-0.0762,-0.0205,1.0122,0.8545,-2.0752,-0.4272,1,466,877,0
45353925,5926,-0.0674,-0.0288,1.0225,0.7324,-1.8921,-0.3662,1,484,874,0
45358926,5927,-0.0625,-0.0332,1.0288,0.9155,-1.4038,-0.1831,1,477,864,0
45363928,5928,-0.0635,-0.0264,1.0288,0.9155,-0.9155,-0.0610,1,465,824,0
45368926,5929,-0.0664,-0.0151,1.0273,0.5493,-0.9766,0.0000,1,465,929,0
45373930,5930,-0.0684,-0.0103,1.0254,0.1221,-0.9766,-0.0610,1,472,823,0
45378931,5931,-0.0679,-0.0127,1.0229,-0.1221,-0.9155,0.0000,1,475,853,0
45383928,5932,-0.0674,-0.0166,1.0244,-0.3052,-0.9155,0.1221,1,473,809,0
45388930,5933,-0.0679,-0.0171,1.0254,-0.6104,-0.9155,0.0000,1,492,853,0
45393930,5934,-0.0698,-0.0161,1.0239,-0.7324,-0.8545,-0.0610,1,491,730,0
45398929,5935,-0.0713,-0.0156,1.0200,-0.9766,-0.9155,-0.1221,1,464,810,0
45403923,5936,-0.0688,-0.0181,1.0200,-1.2207,-1.2817,-0.1831,1,486,841,0
45408930,5937,-0.0635,-0.0229,1.0249,-1.2207,-0.9155,-0.1221,1,482,849,0
45413929,5938,-0.0596,-0.0269,1.0288,-1.1597,-0.3662,-0.1831,1,483,869,0
45418929,5939,-0.0601,-0.0254,1.0298,-0.9766,0.0000,-0.0610,1,486,851,0
45423928,5940,-0.0605,-0.0205,1.0288,-1.0986,0.3052,0.0000,1,474,790,0
45428930,5941,-0.0615,-0.0151,1.0269,-1.3428,0.7324,0.0000,1,493,798,0
45433923,5942,-0.0654,-0.0161,1.0229,-1.5259,0.9766,0.0000,1,466,831,0
45438923,5943,-0.0688,-0.0210,1.0190,-1.5259,0.8545,0.0000,1,466,833,0
45443925,5944,-0.0698,-0.0239,1.0176,-1.4038,0.7324,-0.0610,1,466,826,0
45448928,5945,-0.0708,-0.0234,1.0146,-1.3428,0.6714,0.0000,1,466,877,0
45453924,5946,-0.0771,-0.0249,1.0088,-1.4038,0.4272,-0.0610,1,484,828,0
45458923,5947,-0.0840,-0.0283,1.0049,-1.1597,-0.4272,0.0000,1,467,863,0
45463922,5948,-0.0835,-0.0312,1.0054,-0.7324,-1.2817,0.0610,1,484,856,0
45468925,5949,-0.0762,-0.0293,1.0103,-0.4883,-1.6479,0.0000,1,482,896,0
45473922,5950,-0.0684,-0.0249,1.0190,-0.4883,-1.7700,-0.0610,1,465,814,0
45478954,5951,-0.0664,-0.0225,1.0225,-0.4883,-1.7090,0.0000,1,477,861,0
45483925,5952,-0.0684,-0.0229,1.0195,-0.4272,-1.8311,-0.1221,1,473,806,0
45488928,5953,-0.0713,-0.0249,1.0156,-0.2441,-2.1362,-0.1831,1,508,855,0
45493928,5954,-0.0728,-0.0264,1.0146,-0.3052,-2.3193,-0.1221,1,486,864,0
45498928,5955,-0.0688,-0.0259,1.0181,-0.1221,-2.5024,-0.0610,1,511,778,0
45503925,5956,-0.0625,-0.0244,1.0225,0.0000,-2.2583,-0.0610,1,475,843,0
45508923,5957,-0.0601,-0.0249,1.0229,0.1221,-1.8921,-0.1831,1,486,801,0
45513922,5958,-0.0645,-0.0273,1.0200,0.1221,-1.8921,-0.1831,1,478,842,0
45518931,5959,-0.0688,-0.0273,1.0181,0.2441,-2.1973,-0.0610,1,483,842,0
45523926,5960,-0.0688,-0.0254,1.0190,0.4272,-2.4414,-0.0610,1,486,846,0
45528929,5961,-0.0669,-0.0229,1.0210,0.2441,-2.5024,-0.2441,1,493,850,0
45533924,5962,-0.0645,-0.0225,1.0215,0.1831,-2.4414,-0.3052,1,466,877,0
45538924,5963,-0.0625,-0.0220,1.0225,0.0610,-2.4414,-0.1221,1,466,873,0
45543924,5964,-0.0605,-0.0200,1.0244,-0.0610,-2.1973,-0.1221,1,466,871,0
45548926,5965,-0.0601,-0.0200,1.0264,-0.1221,-1.8921,-0.2441,1,466,872,0
45553930,5966,-0.0601,-0.0225,1.0254,-0.2441,-1.6479,-0.1831,1,484,865,0
45558927,5967,-0.0625,-0.0249,1.0220,-0.2441,-1.4648,-0.2441,1,466,863,0
45563925,5968,-0.0664,-0.0278,1.0171,-0.1221,-1.7700,-0.4883,1,484,816,0
45568926,5969,-0.0649,-0.0269,1.0176,0.0000,-1.7090,-0.3662,1,465,861,0
45573931,5970,-0.0625,-0.0249,1.0210,-0.0610,-1.4648,-0.3662,1,470,818,0
45578925,5971,-0.0601,-0.0244,1.0234,-0.0610,-1.1597,-0.3662,1,475,866,0
45583924,5972,-0.0605,-0.0249,1.0225,0.0000,-1.0986,-0.4272,1,465,871,0
45588929,5973,-0.0625,-0.0269,1.0215,0.0000,-0.9155,-0.5493,1,501,813,0
45593931,5974,-0.0620,-0.0269,1.0215,-0.1221,-0.7935,-0.6104,1,497,734,0
45598930,5975,-0.0591,-0.0259,1.0239,-0.1221,-0.7324,-0.7324,1,464,846,0
45603923,5976,-0.0566,-0.0239,1.0278,-0.1831,-0.3052,-0.6104,1,492,844,0
45608927,5977,-0.0557,-0.0234,1.0298,-0.3052,0.1221,-0.7324,1,490,847,0
45613930,5978,-0.0562,-0.0244,1.0269,-0.3662,0.5493,-0.7324,1,478,860,0
45618930,5979,-0.0596,-0.0259,1.0220,-0.3662,0.7324,-0.6714,1,481,850,0
45623923,5980,-0.0640,-0.0254,1.0190,-0.2441,0.6714,-0.6714,1,491,846,0
45628928,5981,-0.0664,-0.0244,1.0176,-0.3662,0.7324,-0.7935,1,493,844,0
45633930,5982,-0.0679,-0.0244,1.0156,-0.3662,0.6714,-0.7935,1,466,877,0
45638925,5983,-0.0698,-0.0259,1.0142,-0.1221,0.3052,-0.8545,1,466,877,0
45643922,5984,-0.0698,-0.0264,1.0142,-0.0610,-0.0610,-0.7935,1,465,867,0
45648930,5985,-0.0684,-0.0273,1.0166,-0.0610,-0.1221,-0.7935,1,483,869,0
45653929,5986,-0.0659,-0.0273,1.0200,0.0000,-0.3052,-0.7935,1,465,860,0
45658929,5987,-0.0630,-0.0264,1.0225,0.0610,-0.4272,-0.7935,1,484,823,0
45663930,5988,-0.0630,-0.0239,1.0229,-0.0610,-0.4883,-0.8545,1,467,898,0
45668922,5989,-0.0640,-0.0215,1.0225,0.0610,-0.5493,-0.8545,1,474,863,0
45673941,5990,-0.0635,-0.0195,1.0229,-0.1831,-0.6104,-0.7324,1,467,859,0
45678929,5991,-0.0620,-0.0186,1.0225,-0.2441,-0.6714,-0.7935,1,479,875,0
45683929,5992,-0.0630,-0.0210,1.0195,-0.3052,-0.5493,-0.8545,1,495,854,0
45688922,5993,-0.0664,-0.0244,1.0161,-0.3662,-0.5493,-0.7935,1,477,851,0
45693928,5994,-0.0684,-0.0249,1.0161,-0.3662,-0.7324,-0.7935,1,511,808,0
45698922,5995,-0.0688,-0.0229,1.0176,-0.3052,-1.0376,-0.7935,1,481,873,0
45703925,5996,-0.0684,-0.0210,1.0190,-0.3662,-1.2817,-0.7324,1,479,843,0
45708922,5997,-0.0635,-0.0205,1.0220,-0.5493,-1.4038,-0.7935,1,489,849,0
45713927,5998,-0.0586,-0.0220,1.0244,-0.4883,-1.2207,-0.7324,1,485,846,0
45718922,5999,-0.0581,-0.0225,1.0254,-0.6104,-1.2207,-0.7935,1,492,848,0
45723927,6000,-0.0581,-0.0229,1.0249,-0.6714,-1.2207,-0.7324,1,493,843,0
45728929,6001,-0.0586,-0.0249,1.0249,-0.7935,-0.9766,-0.7324,1,466,853,0
45733928,6002,-0.0601,-0.0269,1.0244,-0.7324,-0.9766,-0.7935,1,466,876,0
45738928,6003,-0.0601,-0.0264,1.0229,-0.7324,-0.9155,-0.6714,1,466,871,0
45743923,6004,-0.0601,-0.0254,1.0210,-0.6104,-0.8545,-0.7324,1,466,874,0
45748922,6005,-0.0601,-0.0244,1.0215,-0.5493,-0.8545,-0.6714,1,484,864,0
45753924,6006,-0.0586,-0.0259,1.0225,-0.5493,-0.7935,-0.7324,1,482,860,0
45758923,6007,-0.0581,-0.0278,1.0225,-0.4883,-0.8545,-0.7324,1,465,874,0
45763926,6008,-0.0596,-0.0269,1.0215,-0.6104,-0.7324,-0.6714,1,476,919,0
45768928,6009,-0.0601,-0.0259,1.0215,-0.6104,-0.7935,-0.6104,1,479,860,0
45773955,6010,-0.0591,-0.0249,1.0229,-0.6104,-0.6714,-0.6104,1,465,814,0
45778926,6011,-0.0576,-0.0254,1.0239,-0.5493,-0.3052,-0.6714,1,465,867,0
45783925,6012,-0.0571,-0.0244,1.0234,-0.6104,0.0000,-0.6104,1,475,856,0
45788924,6013,-0.0591,-0.0234,1.0200,-0.7324,0.0610,-0.5493,1,494,733,0
45793923,6014,-0.0630,-0.0254,1.0151,-0.7324,0.0610,-0.6714,1,466,802,0
45798928,6015,-0.0654,-0.0269,1.0161,-0.5493,-0.2441,-0.4883,1,476,844,0
45803930,6016,-0.0640,-0.0259,1.0205,-0.6104,-0.2441,-0.4272,1,483,852,0
45808927,6017,-0.0605,-0.0264,1.0225,-0.7324,-0.1221,-0.5493,1,492,845,0
45813930,6018,-0.0586,-0.0254,1.0220,-0.5493,-0.2441,-0.5493,1,487,844,0
45818929,6019,-0.0581,-0.0229,1.0205,-0.6104,-0.1221,-0.4883,1,469,850,0
45823927,6020,-0.0620,-0.0234,1.0176,-0.8545,0.0610,-0.4883,1,491,842,0
45828926,6021,-0.0679,-0.0239,1.0132,-0.8545,-0.1831,-0.4272,1,466,869,0
45833923,6022,-0.0679,-0.0239,1.0137,-0.9155,-0.7324,-0.4883,1,466,876,0
45838929,6023,-0.0640,-0.0269,1.0161,-0.9766,-0.6714,-0.4883,1,466,877,0
45843922,6024,-0.0640,-0.0283,1.0161,-1.0376,-0.6714,-0.4272,1,466,873,0
45848928,6025,-0.0649,-0.0254,1.0151,-1.0986,-1.2207,-0.4883,1,483,877,0
45853928,6026,-0.0630,-0.0259,1.0161,-1.2207,-1.2207,-0.4272,1,469,868,0
45858926,6027,-0.0610,-0.0278,1.0176,-1.0376,-1.0376,-0.4883,1,484,868,0
45863929,6028,-0.0605,-0.0264,1.0181,-1.0376,-1.0986,-0.4883,1,466,928,0
45868924,6029,-0.0615,-0.0259,1.0171,-1.4038,-1.1597,-0.5493,1,467,859,0
45873950,6030,-0.0635,-0.0264,1.0161,-1.3428,-1.3428,-0.3662,1,481,866,0
45878926,6031,-0.0620,-0.0269,1.0195,-1.4038,-1.3428,-0.3662,1,481,875,0
45883925,6032,-0.0571,-0.0283,1.0259,-1.3428,-1.0986,-0.3662,1,470,861,0
45888922,6033,-0.0518,-0.0283,1.0293,-1.3428,-0.7935,-0.3662,1,499,862,0
45893926,6034,-0.0508,-0.0298,1.0293,-1.4648,-0.3662,-0.3052,1,466,799,0
45898929,6035,-0.0542,-0.0298,1.0254,-1.2817,0.0000,-0.3052,1,473,842,0
45903925,6036,-0.0571,-0.0288,1.0229,-1.4038,0.1221,-0.3052,1,478,796,0
45908930,6037,-0.0576,-0.0293,1.0225,-1.4648,0.3052,-0.4272,1,491,847,0
45913924,6038,-0.0591,-0.0303,1.0205,-1.2817,0.4272,-0.4272,1,475,847,0
45918924,6039,-0.0601,-0.0298,1.0190,-1.2207,0.4272,-0.3052,1,490,846,0
45923930,6040,-0.0596,-0.0288,1.0195,-1.4038,0.3052,-0.3052,1,488,839,0
45928929,6041,-0.0586,-0.0293,1.0215,-1.4038,0.3052,-0.2441,1,493,843,0
45933924,6042,-0.0576,-0.0298,1.0225,-1.4038,0.1831,-0.2441,1,466,872,0
45938924,6043,-0.0581,-0.0303,1.0220,-1.2817,0.3662,-0.2441,1,466,880,0
45943927,6044,-0.0605,-0.0308,1.0200,-1.2817,0.4883,-0.3052,1,466,879,0
45948927,6045,-0.0615,-0.0312,1.0186,-1.2207,0.3662,-0.3052,1,483,868,0
45953925,6046,-0.0596,-0.0312,1.0186,-1.1597,0.1831,-0.3052,1,465,899,0
45958922,6047,-0.0591,-0.0312,1.0190,-1.0376,0.3662,-0.1831,1,484,886,0
45963929,6048,-0.0615,-0.0308,1.0181,-0.9766,0.1221,-0.1831,1,472,899,0
45968922,6049,-0.0630,-0.0312,1.0166,-0.8545,-0.0610,-0.3052,1,472,857,0
45973925,6050,-0.0630,-0.0317,1.0156,-0.7935,-0.2441,-0.4272,1,482,885,0
45978924,6051,-0.0625,-0.0303,1.0166,-0.7324,-0.5493,-0.3662,1,466,876,0
45983924,6052,-0.0610,-0.0288,1.0200,-0.7935,-0.6714,-0.3662,1,492,858,0
45988924,6053,-0.0591,-0.0283,1.0234,-0.7935,-0.7324,-0.4272,1,472,855,0
45993930,6054,-0.0581,-0.0283,1.0239,-0.7324,-0.6104,-0.1831,1,511,858,0
45998927,6055,-0.0571,-0.0269,1.0239,-0.9155,-0.6104,-0.2441,1,465,813,0
46003923,6056,-0.0547,-0.0278,1.0259,-1.0376,-0.6104,-0.2441,1,489,860,0
46008927,6057,-0.0547,-0.0298,1.0264,-1.0376,-0.3662,-0.1221,1,483,845,0
46013930,6058,-0.0566,-0.0308,1.0249,-0.8545,-0.3662,-0.1831,1,490,868,0
46018929,6059,-0.0557,-0.0308,1.0249,-0.9766,-0.2441,-0.2441,1,477,849,0
46023929,6060,-0.0542,-0.0308,1.0269,-0.8545,0.0000,-0.3052,1,479,847,0
46028922,6061,-0.0547,-0.0303,1.0273,-0.7935,0.0610,-0.2441,1,492,791,0
46033929,6062,-0.0557,-0.0303,1.0269,-0.7935,0.3052,-0.2441,1,466,870,0
46038926,6063,-0.0562,-0.0308,1.0249,-0.5493,0.4272,-0.1831,1,466,868,0
46043927,6064,-0.0571,-0.0312,1.0225,-0.6104,0.4883,-0.0610,1,466,877,0
46048925,6065,-0.0601,-0.0308,1.0205,-0.6104,0.6104,-0.2441,1,466,896,0
46053928,6066,-0.0640,-0.0312,1.0176,-0.5493,0.6714,-0.3052,1,466,851,0
46058926,6067,-0.0659,-0.0317,1.0151,-0.5493,0.4272,-0.3052,1,484,895,0
46063929,6068,-0.0640,-0.0317,1.0156,-0.4883,0.2441,-0.2441,1,465,878,0
46068922,6069,-0.0610,-0.0317,1.0190,-0.3662,0.1221,-0.2441,1,481,920,0
46073923,6070,-0.0591,-0.0308,1.0215,-0.3052,0.1221,-0.2441,1,472,874,0
46078928,6071,-0.0586,-0.0303,1.0210,-0.3662,0.1831,-0.2441,1,477,817,0
46083929,6072,-0.0591,-0.0312,1.0200,-0.4272,0.3662,-0.3662,1,475,871,0
46088930,6073,-0.0596,-0.0327,1.0195,-0.3052,0.2441,-0.2441,1,465,882,0
46093925,6074,-0.0605,-0.0337,1.0195,-0.2441,0.0610,-0.2441,1,502,858,0
46098930,6075,-0.0601,-0.0332,1.0200,-0.2441,-0.1221,-0.2441,1,464,829,0
46103924,6076,-0.0581,-0.0308,1.0200,-0.3052,-0.1221,-0.2441,1,490,843,0
46108923,6077,-0.0566,-0.0293,1.0205,-0.3052,-0.0610,-0.1831,1,487,839,0
46113930,6078,-0.0552,-0.0308,1.0225,-0.3662,0.0610,-0.3052,1,478,844,0
46118923,6079,-0.0562,-0.0327,1.0225,-0.3662,0.0610,-0.3662,1,485,837,0
46123925,6080,-0.0576,-0.0327,1.0210,-0.3052,0.2441,-0.1831,1,491,848,0
46128929,6081,-0.0581,-0.0332,1.0205,-0.3052,0.2441,-0.3662,1,493,848,0
46133929,6082,-0.0601,-0.0327,1.0205,-0.3052,0.3052,-0.4883,1,466,878,0
46138922,6083,-0.0615,-0.0317,1.0205,-0.3052,0.0610,-0.4883,1,466,864,0
46143929,6084,-0.0605,-0.0317,1.0210,-0.1831,-0.0610,-0.4883,1,466,872,0
46148931,6085,-0.0581,-0.0327,1.0225,-0.0610,0.1221,-0.3662,1,483,873,0
46153925,6086,-0.0581,-0.0332,1.0229,-0.1221,0.0610,-0.3662,1,465,865,0
46158928,6087,-0.0601,-0.0317,1.0205,-0.1831,0.1221,-0.4272,1,484,865,0
46163925,6088,-0.0605,-0.0298,1.0176,-0.1831,0.0000,-0.4883,1,469,898,0
46168922,6089,-0.0596,-0.0288,1.0161,-0.1831,-0.0610,-0.4883,1,479,825,0
46173925,6090,-0.0596,-0.0293,1.0176,-0.3662,0.0000,-0.4272,1,467,866,0
46178926,6091,-0.0615,-0.0303,1.0195,-0.4272,-0.0610,-0.4883,1,471,810,0
46183930,6092,-0.0610,-0.0322,1.0210,-0.3662,-0.1221,-0.4272,1,499,855,0
46188923,6093,-0.0581,-0.0327,1.0225,-0.3662,-0.1221,-0.4272,1,477,854,0
46193928,6094,-0.0562,-0.0317,1.0225,-0.3662,-0.1831,-0.3662,1,512,858,0
46198930,6095,-0.0547,-0.0308,1.0229,-0.4883,-0.1221,-0.4272,1,467,825,0
46203922,6096,-0.0552,-0.0308,1.0229,-0.4883,0.2441,-0.3662,1,478,842,0
46208923,6097,-0.0562,-0.0322,1.0220,-0.5493,0.2441,-0.3052,1,478,847,0
46213923,6098,-0.0552,-0.0327,1.0210,-0.4272,0.2441,-0.4272,1,488,847,0
46218924,6099,-0.0552,-0.0322,1.0200,-0.4272,0.4272,-0.4883,1,478,849,0
46223927,6100,-0.0571,-0.0317,1.0195,-0.4883,0.2441,-0.4883,1,492,846,0
46228925,6101,-0.0581,-0.0317,1.0195,-0.3052,0.3052,-0.4272,1,493,851,0
46233930,6102,-0.0581,-0.0327,1.0200,-0.3052,0.3052,-0.3662,1,466,874,0
46238931,6103,-0.0591,-0.0337,1.0215,-0.2441,0.3052,-0.5493,1,466,872,0
46243928,6104,-0.0596,-0.0327,1.0225,-0.2441,0.3052,-0.4883,1,466,871,0
46248923,6105,-0.0591,-0.0317,1.0220,-0.4272,0.4272,-0.4272,1,483,874,0
46253929,6106,-0.0586,-0.0317,1.0205,-0.3662,0.4272,-0.4272,1,478,865,0
46258927,6107,-0.0591,-0.0327,1.0195,-0.1831,0.3662,-0.4272,1,466,830,0
46263930,6108,-0.0591,-0.0342,1.0200,-0.1221,0.3662,-0.4272,1,471,918,0
46268927,6109,-0.0576,-0.0337,1.0215,-0.1221,0.3052,-0.3662,1,475,860,0
46273940,6110,-0.0566,-0.0327,1.0229,0.0000,0.3662,-0.3662,1,466,869,0
46278924,6111,-0.0576,-0.0317,1.0229,0.0000,0.4883,-0.3662,1,479,817,0
46283925,6112,-0.0591,-0.0317,1.0205,-0.0610,0.4883,-0.4272,1,482,814,0
46288928,6113,-0.0596,-0.0332,1.0190,0.0610,0.3662,-0.4272,1,506,852,0
46293926,6114,-0.0591,-0.0337,1.0190,-0.0610,0.3662,-0.4272,1,511,774,0
46298929,6115,-0.0581,-0.0332,1.0205,-0.1221,0.4272,-0.4883,1,491,844,0
46303930,6116,-0.0571,-0.0312,1.0225,0.0000,0.4883,-0.3662,1,478,846,0
46308926,6117,-0.0566,-0.0308,1.0234,-0.0610,0.4883,-0.3052,1,490,847,0
46313925,6118,-0.0562,-0.0312,1.0229,0.0000,0.5493,-0.3662,1,485,840,0
46318926,6119,-0.0562,-0.0312,1.0225,-0.0610,0.6714,-0.3662,1,471,828,0
46323924,6120,-0.0571,-0.0312,1.0225,-0.1831,0.6104,-0.4272,1,493,869,0
46328923,6121,-0.0586,-0.0312,1.0225,-0.1831,0.5493,-0.3662,1,466,900,0
46333923,6122,-0.0586,-0.0317,1.0225,-0.2441,0.6104,-0.2441,1,466,904,0
46338922,6123,-0.0586,-0.0327,1.0215,-0.0610,0.6714,-0.3052,1,465,876,0
46343926,6124,-0.0586,-0.0337,1.0205,-0.1221,0.7324,-0.3052,1,466,870,0
46348923,6125,-0.0586,-0.0327,1.0200,-0.1221,0.7324,-0.2441,1,465,858,0
46353930,6126,-0.0596,-0.0312,1.0215,-0.0610,0.4883,-0.3052,1,484,863,0
46358925,6127,-0.0601,-0.0312,1.0220,-0.0610,0.5493,-0.3662,1,465,891,0
46363926,6128,-0.0591,-0.0317,1.0225,-0.1221,0.6104,-0.3662,1,469,952,0
46368926,6129,-0.0571,-0.0322,1.0229,0.0000,0.5493,-0.3052,1,474,866,0
46373956,6130,-0.0566,-0.0337,1.0225,-0.0610,0.6714,-0.3052,1,480,813,0
46378929,6131,-0.0576,-0.0352,1.0210,-0.0610,0.6714,-0.3662,1,483,866,0
46383922,6132,-0.0586,-0.0352,1.0210,0.0610,0.7324,-0.4272,1,470,851,0
46388925,6133,-0.0576,-0.0322,1.0225,-0.1221,0.7935,-0.3052,1,512,851,0
46393924,6134,-0.0571,-0.0308,1.0229,-0.0610,0.7935,-0.3052,1,481,794,0
46398927,6135,-0.0581,-0.0312,1.0210,0.0610,0.7324,-0.2441,1,487,840,0
46403930,6136,-0.0576,-0.0322,1.0210,-0.1221,0.7935,-0.2441,1,491,872,0
46408929,6137,-0.0562,-0.0327,1.0234,-0.2441,0.9766,-0.1831,1,481,873,0
46413922,6138,-0.0552,-0.0327,1.0249,-0.1221,1.0986,-0.3052,1,471,850,0
46418923,6139,-0.0552,-0.0327,1.0239,-0.1831,1.2207,-0.2441,1,488,844,0
46423922,6140,-0.0566,-0.0312,1.0225,-0.2441,1.4038,-0.2441,1,466,853,0
46428931,6141,-0.0586,-0.0308,1.0220,-0.2441,1.3428,-0.2441,1,466,907,0
46433930,6142,-0.0591,-0.0322,1.0229,-0.3052,1.5259,-0.1831,1,466,875,0
46438924,6143,-0.0586,-0.0327,1.0225,-0.3052,1.5869,-0.1831,1,466,875,0
46443929,6144,-0.0581,-0.0312,1.0229,-0.3052,1.4648,-0.1831,1,484,876,0
46448926,6145,-0.0591,-0.0308,1.0249,-0.6104,1.6479,-0.2441,1,466,905,0
46453929,6146,-0.0601,-0.0332,1.0244,-0.6714,1.8311,-0.1221,1,484,862,0
46458928,6147,-0.0601,-0.0347,1.0225,-0.6714,1.7090,-0.1221,1,476,896,0
46463929,6148,-0.0601,-0.0332,1.0205,-0.6104,1.7090,-0.1831,1,465,853,0
46468928,6149,-0.0601,-0.0317,1.0200,-0.6104,1.7090,-0.1221,1,470,858,0
46473927,6150,-0.0601,-0.0317,1.0200,-0.6714,1.7090,-0.1831,1,479,843,0
46478928,6151,-0.0620,-0.0337,1.0190,-0.7935,1.6479,-0.2441,1,508,850,0
46483923,6152,-0.0640,-0.0356,1.0186,-0.7324,1.5259,-0.1831,1,485,859,0
46488922,6153,-0.0645,-0.0352,1.0176,-0.6104,1.5259,-0.1221,1,511,858,0
46493931,6154,-0.0645,-0.0347,1.0176,-0.4272,1.3428,-0.1221,1,478,845,0
46498927,6155,-0.0591,-0.0337,1.0225,-0.5493,1.2207,-0.2441,1,491,843,0
46503927,6156,-0.0601,-0.0342,1.0229,-0.5493,1.2817,-0.2441,1,487,847,0
46508922,6157,-0.0635,-0.0337,1.0220,-0.6104,1.2207,-0.3052,1,477,849,0
46513926,6158,-0.0645,-0.0352,1.0205,-0.6104,1.1597,-0.1831,1,473,838,0
46518924,6159,-0.0620,-0.0361,1.0190,-0.5493,1.0986,-0.1831,1,493,842,0
46523924,6160,-0.0591,-0.0342,1.0205,-0.4883,1.2207,-0.1831,1,465,880,0
46528925,6161,-0.0596,-0.0317,1.0225,-0.4883,1.2207,-0.1831,1,466,872,0
46533931,6162,-0.0615,-0.0317,1.0225,-0.5493,1.0376,-0.1221,1,466,876,0
46538925,6163,-0.0620,-0.0342,1.0215,-0.6714,1.2207,-0.2441,1,466,876,0
46543923,6164,-0.0615,-0.0366,1.0205,-0.5493,1.2207,-0.3052,1,484,875,0
46548922,6165,-0.0620,-0.0366,1.0205,-0.4883,1.1597,-0.2441,1,478,867,0
46553923,6166,-0.0625,-0.0347,1.0205,-0.4272,1.0986,-0.1831,1,465,875,0
46558927,6167,-0.0615,-0.0317,1.0200,-0.5493,1.1597,-0.1831,1,471,930,0
46563925,6168,-0.0620,-0.0312,1.0190,-0.4883,1.2207,-0.2441,1,474,870,0
46568929,6169,-0.0635,-0.0332,1.0171,-0.6104,1.0986,-0.2441,1,482,900,0
46573930,6170,-0.0640,-0.0352,1.0176,-0.4272,0.9766,-0.0610,1,465,853,0
46578930,6171,-0.0635,-0.0371,1.0181,-0.3052,1.0376,-0.2441,1,494,850,0
46583922,6172,-0.0625,-0.0371,1.0176,-0.4272,0.9766,-0.1831,1,491,849,0
46588922,6173,-0.0630,-0.0356,1.0166,-0.4272,0.8545,-0.1831,1,464,808,0
46593925,6174,-0.0645,-0.0347,1.0171,-0.2441,0.7935,-0.3052,1,481,822,0
46598930,6175,-0.0654,-0.0361,1.0186,-0.3052,0.7324,-0.2441,1,481,839,0
46603929,6176,-0.0649,-0.0376,1.0195,-0.1221,0.7324,-0.2441,1,485,847,0
46608926,6177,-0.0630,-0.0352,1.0186,-0.2441,0.7324,-0.3662,1,476,849,0
46613923,6178,-0.0625,-0.0332,1.0176,-0.1831,0.7935,-0.1831,1,490,848,0
46618929,6179,-0.0645,-0.0337,1.0161,-0.2441,0.7935,-0.2441,1,493,848,0
46623923,6180,-0.0654,-0.0356,1.0161,-0.1831,0.6104,-0.3052,1,466,875,0
46628924,6181,-0.0645,-0.0366,1.0176,-0.0610,0.3662,-0.2441,1,466,876,0
46633935,6182,-0.0625,-0.0356,1.0200,0.0000,0.4272,-0.2441,1,466,877,0
46638928,6183,-0.0630,-0.0347,1.0200,0.0000,0.4272,-0.3052,1,466,830,0
46643926,6184,-0.0645,-0.0347,1.0190,0.0000,0.3052,-0.2441,1,484,810,0
46648925,6185,-0.0649,-0.0347,1.0190,0.0000,0.0610,-0.3052,1,471,815,0
46653924,6186,-0.0649,-0.0342,1.0200,0.0610,0.0610,-0.3052,1,465,879,0
46658927,6187,-0.0625,-0.0327,1.0215,0.1831,0.1831,-0.3052,1,465,856,0
46663922,6188,-0.0591,-0.0327,1.0220,0.0610,0.3662,-0.3052,1,467,864,0
46668924,6189,-0.0596,-0.0342,1.0210,-0.0610,0.3662,-0.1831,1,482,859,0
46673931,6190,-0.0615,-0.0366,1.0195,-0.0610,0.2441,-0.1831,1,467,853,0
46678925,6191,-0.0625,-0.0386,1.0195,0.0610,0.2441,-0.2441,1,492,862,0
46683929,6192,-0.0640,-0.0376,1.0195,0.0610,0.2441,-0.2441,1,493,855,0
46688925,6193,-0.0649,-0.0361,1.0190,0.0610,0.2441,-0.3662,1,511,781,0
46693923,6194,-0.0664,-0.0352,1.0176,0.1831,0.1831,-0.1831,1,480,821,0
46698930,6195,-0.0669,-0.0342,1.0171,0.1831,-0.0610,-0.1221,1,485,849,0
46703925,6196,-0.0649,-0.0352,1.0181,0.1831,-0.1831,-0.1831,1,490,839,0
46708930,6197,-0.0625,-0.0366,1.0205,0.1831,-0.0610,-0.2441,1,485,848,0
46713922,6198,-0.0620,-0.0356,1.0220,0.2441,0.0610,-0.2441,1,490,847,0
46718924,6199,-0.0615,-0.0347,1.0210,0.1831,-0.2441,-0.2441,1,493,848,0
46723929,6200,-0.0605,-0.0337,1.0210,0.1221,-0.1831,-0.3662,1,466,878,0
46728931,6201,-0.0601,-0.0337,1.0225,0.1221,-0.2441,-0.2441,1,466,873,0
46733948,6202,-0.0610,-0.0352,1.0215,0.1221,-0.1221,-0.2441,1,466,870,0
46738930,6203,-0.0640,-0.0356,1.0181,0.1831,-0.0610,-0.2441,1,466,868,0
46743929,6204,-0.0679,-0.0356,1.0142,0.1831,-0.1221,-0.4272,1,466,873,0
46748927,6205,-0.0688,-0.0376,1.0137,0.3052,-0.6104,-0.3662,1,484,864,0
46753926,6206,-0.0664,-0.0386,1.0171,0.4883,-0.7324,-0.4272,1,466,897,0
46758929,6207,-0.0620,-0.0352,1.0225,0.6104,-0.6104,-0.3662,1,469,863,0
46763924,6208,-0.0576,-0.0308,1.0264,0.4272,-0.6104,-0.3052,1,474,867,0
46768939,6209,-0.0576,-0.0303,1.0249,0.3052,-0.2441,-0.4272,1,465,866,0
46773925,6210,-0.0605,-0.0327,1.0205,0.2441,-0.3052,-0.3662,1,477,855,0
46778929,6211,-0.0620,-0.0337,1.0195,0.3662,-0.3662,-0.4272,1,496,858,0
46783924,6212,-0.0625,-0.0327,1.0195,0.3662,-0.4883,-0.3662,1,504,860,0
46788924,6213,-0.0640,-0.0337,1.0186,0.3662,-0.4883,-0.3662,1,464,823,0
46793926,6214,-0.0649,-0.0352,1.0176,0.3052,-0.5493,-0.3662,1,476,855,0
46798927,6215,-0.0640,-0.0356,1.0181,0.4883,-0.8545,-0.4883,1,479,846,0
46803925,6216,-0.0615,-0.0361,1.0195,0.4883,-0.9155,-0.4272,1,491,841,0
46808925,6217,-0.0605,-0.0356,1.0200,0.4883,-0.6714,-0.3662,1,483,853,0
46813924,6218,-0.0605,-0.0356,1.0205,0.4883,-0.5493,-0.4883,1,471,845,0
46818928,6219,-0.0601,-0.0352,1.0215,0.4883,-0.6714,-0.4883,1,493,847,0
46823925,6220,-0.0605,-0.0327,1.0225,0.4272,-0.6104,-0.4883,1,466,866,0
46828923,6221,-0.0591,-0.0312,1.0239,0.4272,-0.6104,-0.3662,1,465,873,0
46833924,6222,-0.0566,-0.0308,1.0244,0.3052,-0.2441,-0.4272,1,466,899,0
46838923,6223,-0.0581,-0.0312,1.0234,0.1831,-0.1831,-0.4272,1,483,875,0
46843922,6224,-0.0605,-0.0322,1.0220,0.1221,-0.1221,-0.4883,1,465,907,0
46848924,6225,-0.0605,-0.0322,1.0220,0.2441,-0.1221,-0.4272,1,484,803,0
46853923,6226,-0.0591,-0.0308,1.0239,0.3052,-0.1221,-0.3052,1,469,903,0
46858928,6227,-0.0586,-0.0303,1.0244,0.1221,0.1831,-0.4272,1,479,850,0
46863923,6228,-0.0605,-0.0327,1.0234,0.0610,0.1831,-0.4272,1,478,871,0
46868949,6229,-0.0620,-0.0347,1.0215,0.0610,0.0610,-0.4272,1,471,876,0
46873924,6230,-0.0625,-0.0352,1.0200,0.1221,0.0000,-0.4272,1,476,850,0
46878926,6231,-0.0625,-0.0352,1.0186,0.1221,-0.1221,-0.1831,1,479,699,0
46883922,6232,-0.0625,-0.0342,1.0186,0.0610,0.0000,-0.3662,1,511,792,0
46888925,6233,-0.0620,-0.0332,1.0205,0.1221,-0.2441,-0.4883,1,466,795,0
46893923,6234,-0.0610,-0.0332,1.0215,0.1221,-0.2441,-0.4272,1,476,856,0
46898925,6235,-0.0610,-0.0332,1.0210,0.1831,-0.1221,-0.4272,1,488,847,0
46903925,6236,-0.0620,-0.0332,1.0195,0.1831,-0.0610,-0.4272,1,490,846,0
46908925,6237,-0.0645,-0.0332,1.0176,0.3052,-0.3052,-0.3662,1,477,849,0
46913925,6238,-0.0654,-0.0327,1.0161,0.3052,-0.6104,-0.3662,1,488,842,0
46918929,6239,-0.0620,-0.0322,1.0190,0.2441,-0.5493,-0.4272,1,493,846,0
46923930,6240,-0.0586,-0.0327,1.0229,0.3052,-0.4272,-0.3662,1,466,881,0
46928927,6241,-0.0581,-0.0337,1.0234,0.3052,-0.4272,-0.4272,1,466,878,0
46933926,6242,-0.0591,-0.0352,1.0220,0.3052,-0.5493,-0.3052,1,466,878,0
46938922,6243,-0.0596,-0.0352,1.0205,0.3662,-0.6104,-0.4883,1,483,865,0
46943929,6244,-0.0596,-0.0352,1.0200,0.2441,-0.4883,-0.4883,1,465,859,0
46948930,6245,-0.0586,-0.0347,1.0215,0.3052,-0.4883,-0.4272,1,484,805,0
46953923,6246,-0.0566,-0.0352,1.0229,0.3052,-0.4272,-0.4272,1,475,896,0
46958931,6247,-0.0566,-0.0352,1.0234,0.3052,-0.0610,-0.3662,1,469,865,0
46963934,6248,-0.0581,-0.0332,1.0239,0.3052,-0.1831,-0.3052,1,470,863,0
46968924,6249,-0.0586,-0.0327,1.0244,0.1221,-0.1831,-0.4272,1,474,873,0
46973930,6250,-0.0581,-0.0332,1.0239,0.0610,0.0000,-0.3662,1,467,858,0
46978922,6251,-0.0586,-0.0327,1.0229,0.0610,0.0610,-0.3662,1,483,741,0
46983928,6252,-0.0586,-0.0327,1.0215,0.0000,0.0000,-0.3052,1,512,790,0
46988922,6253,-0.0586,-0.0327,1.0205,0.0610,0.1831,-0.3052,1,485,750,0
46993924,6254,-0.0576,-0.0337,1.0205,0.0000,0.1221,-0.3052,1,483,843,0
46998927,6255,-0.0586,-0.0352,1.0195,0.0000,0.1831,-0.2441,1,471,795,0
47003930,6256,-0.0620,-0.0352,1.0186,0.1221,0.0000,-0.1831,1,471,803,0
47008929,6257,-0.0635,-0.0337,1.0171,0.0610,-0.1831,-0.3052,1,483,797,0
47013928,6258,-0.0615,-0.0327,1.0186,0.0000,-0.1831,-0.1831,1,487,838,0
47018922,6259,-0.0596,-0.0327,1.0205,0.1831,-0.1221,-0.2441,1,466,832,0
47023926,6260,-0.0605,-0.0337,1.0215,0.0610,-0.0610,-0.2441,1,466,876,0
47028927,6261,-0.0625,-0.0342,1.0205,0.0610,-0.0610,-0.3662,1,466,871,0
47033923,6262,-0.0625,-0.0342,1.0200,-0.0610,-0.0610,-0.3052,1,465,870,0
47038928,6263,-0.0596,-0.0342,1.0215,0.0610,-0.1831,-0.4272,1,465,853,0
47043929,6264,-0.0562,-0.0342,1.0229,0.1831,-0.1221,-0.3662,1,484,862,0
47048925,6265,-0.0562,-0.0332,1.0229,0.0610,-0.1221,-0.3052,1,465,874,0
47053929,6266,-0.0591,-0.0322,1.0205,0.0610,0.1221,-0.4272,1,482,859,0
47058925,6267,-0.0605,-0.0317,1.0190,0.0000,-0.0610,-0.3662,1,465,868,0
47063951,6268,-0.0596,-0.0332,1.0200,0.0610,-0.1221,-0.2441,1,474,811,0
47068922,6269,-0.0581,-0.0347,1.0210,0.1221,0.1831,-0.3052,1,478,869,0
47073925,6270,-0.0586,-0.0356,1.0215,0.1221,0.1221,-0.3052,1,495,849,0
47078927,6271,-0.0586,-0.0347,1.0210,0.1221,0.1831,-0.3052,1,495,793,0
47083924,6272,-0.0591,-0.0317,1.0210,0.1831,0.1831,-0.3052,1,466,809,0
47088925,6273,-0.0601,-0.0308,1.0215,0.1221,0.1831,-0.3052,1,484,842,0
47093922,6274,-0.0605,-0.0322,1.0215,0.1221,0.1831,-0.2441,1,472,832,0
47098923,6275,-0.0605,-0.0337,1.0200,0.2441,0.2441,-0.2441,1,490,846,0
47103926,6276,-0.0605,-0.0347,1.0181,0.1831,0.1221,-0.3662,1,474,849,0
47108924,6277,-0.0605,-0.0337,1.0176,0.3052,0.1221,-0.3052,1,483,842,0
47113923,6278,-0.0596,-0.0332,1.0181,0.1221,0.1831,-0.3052,1,493,834,0
47118929,6279,-0.0596,-0.0337,1.0186,0.1221,0.0000,-0.3052,1,466,867,0
47123929,6280,-0.0615,-0.0337,1.0190,0.1221,-0.0610,-0.1831,1,466,821,0
47128923,6281,-0.0610,-0.0337,1.0210,0.1221,-0.1831,-0.2441,1,465,874,0
47133925,6282,-0.0586,-0.0342,1.0229,0.1221,0.0000,-0.3052,1,483,873,0
47138929,6283,-0.0601,-0.0337,1.0205,0.3052,0.0610,-0.3052,1,465,766,0
47143927,6284,-0.0596,-0.0332,1.0195,0.3052,-0.3662,-0.2441,1,484,802,0
47148928,6285,-0.0576,-0.0337,1.0205,0.3662,-0.0610,-0.2441,1,476,905,0
47153927,6286,-0.0591,-0.0332,1.0200,0.3662,0.0610,-0.1831,1,482,867,0
47158922,6287,-0.0591,-0.0342,1.0195,0.1831,-0.1831,-0.2441,1,469,863,0
47163924,6288,-0.0586,-0.0327,1.0215,0.3662,0.0000,-0.2441,1,479,876,0
47168927,6289,-0.0586,-0.0312,1.0215,0.2441,0.0610,-0.1831,1,507,814,0
47173929,6290,-0.0586,-0.0312,1.0215,0.1221,0.0610,-0.1831,1,510,881,0
47178931,6291,-0.0596,-0.0312,1.0215,0.1221,-0.0610,-0.3052,1,504,875,0
47183922,6292,-0.0596,-0.0317,1.0215,0.1221,0.0000,-0.1831,1,464,786,0
47188927,6293,-0.0586,-0.0332,1.0225,0.1831,-0.1831,-0.1221,1,475,799,0
47193930,6294,-0.0581,-0.0332,1.0234,0.0610,-0.1221,-0.2441,1,481,847,0
47198925,6295,-0.0581,-0.0327,1.0229,-0.0610,0.0610,-0.3052,1,488,849,0
47203929,6296,-0.0591,-0.0327,1.0205,0.0000,0.0000,-0.1831,1,476,844,0
47208929,6297,-0.0596,-0.0322,1.0181,0.0000,-0.0610,-0.1831,1,485,753,0
47213927,6298,-0.0591,-0.0332,1.0166,0.0000,-0.1831,-0.1831,1,493,798,0
47218928,6299,-0.0581,-0.0342,1.0186,-0.0610,-0.1221,-0.2441,1,466,834,0
47223925,6300,-0.0586,-0.0337,1.0220,-0.1221,-0.1831,-0.1831,1,466,872,0
47228928,6301,-0.0596,-0.0332,1.0234,-0.0610,-0.0610,-0.1221,1,465,875,0
47233928,6302,-0.0605,-0.0337,1.0220,-0.0610,0.0000,-0.2441,1,483,871,0
47238922,6303,-0.0615,-0.0352,1.0200,0.0000,-0.0610,-0.2441,1,467,770,0
47243922,6304,-0.0605,-0.0352,1.0190,-0.0610,-0.1831,-0.2441,1,465,880,0
47248927,6305,-0.0586,-0.0347,1.0195,-0.0610,-0.3662,-0.1831,1,467,932,0
47253926,6306,-0.0576,-0.0337,1.0205,-0.0610,-0.2441,-0.1831,1,470,866,0
47258930,6307,-0.0576,-0.0322,1.0195,-0.0610,-0.1831,-0.1831,1,479,868,0
47263924,6308,-0.0581,-0.0327,1.0186,-0.1221,-0.2441,-0.2441,1,481,879,0
47268927,6309,-0.0601,-0.0337,1.0186,-0.0610,-0.3052,-0.2441,1,493,860,0
47273928,6310,-0.0610,-0.0347,1.0190,-0.0610,-0.3052,-0.1831,1,494,845,0
47278929,6311,-0.0601,-0.0356,1.0200,-0.1221,-0.3052,-0.1831,1,510,850,0
47283922,6312,-0.0591,-0.0342,1.0205,-0.0610,-0.3662,-0.2441,1,464,846,0
47288923,6313,-0.0576,-0.0327,1.0210,-0.1221,-0.3662,-0.2441,1,474,844,0
47293925,6314,-0.0571,-0.0327,1.0220,-0.0610,-0.2441,-0.1831,1,483,850,0
47298923,6315,-0.0566,-0.0327,1.0225,-0.0610,-0.2441,-0.2441,1,490,851,0
47303930,6316,-0.0557,-0.0322,1.0215,0.0000,-0.1831,-0.2441,1,491,852,0
47308930,6317,-0.0562,-0.0322,1.0210,-0.0610,-0.1221,-0.1831,1,471,804,0
47313927,6318,-0.0571,-0.0327,1.0200,-0.0610,0.0610,-0.2441,1,493,843,0
47318929,6319,-0.0581,-0.0337,1.0195,0.0000,-0.1831,-0.3052,1,466,872,0
47323929,6320,-0.0581,-0.0332,1.0200,0.0610,-0.1831,-0.3052,1,466,828,0
47328923,6321,-0.0581,-0.0337,1.0190,0.1831,-0.1221,-0.3662,1,466,873,0
47333930,6322,-0.0586,-0.0356,1.0190,0.1831,-0.2441,-0.4272,1,466,876,0
47338923,6323,-0.0571,-0.0361,1.0200,0.1831,-0.3052,-0.3052,1,466,880,0
47343922,6324,-0.0562,-0.0342,1.0205,0.3052,-0.3052,-0.3052,1,484,861,0
47348922,6325,-0.0537,-0.0322,1.0229,0.1831,-0.3052,-0.2441,1,466,889,0
47353926,6326,-0.0542,-0.0312,1.0239,0.0000,-0.0610,-0.3662,1,472,921,0
47358923,6327,-0.0566,-0.0308,1.0215,0.0000,0.0610,-0.3052,1,472,852,0
47363927,6328,-0.0566,-0.0322,1.0195,0.0610,-0.1221,-0.2441,1,479,819,0
47368932,6329,-0.0557,-0.0337,1.0200,0.0610,0.0610,-0.3052,1,476,875,0
47373930,6330,-0.0571,-0.0342,1.0195,0.0610,0.0610,-0.4272,1,475,845,0
47378926,6331,-0.0581,-0.0342,1.0205,0.0000,-0.0610,-0.3662,1,502,855,0
47383929,6332,-0.0576,-0.0332,1.0229,0.0610,-0.1831,-0.2441,1,496,735,0
47388923,6333,-0.0562,-0.0327,1.0234,0.0000,0.0610,-0.3052,1,493,797,0
47393924,6334,-0.0562,-0.0317,1.0215,-0.1221,0.0610,-0.3052,1,476,796,0
47398929,6335,-0.0571,-0.0312,1.0190,0.0000,0.1831,-0.3052,1,481,840,0
47403929,6336,-0.0581,-0.0317,1.0181,0.0000,0.0610,-0.3052,1,484,825,0
47408923,6337,-0.0581,-0.0337,1.0195,-0.1221,0.0000,-0.4272,1,483,795,0
47413929,6338,-0.0566,-0.0337,1.0225,-0.0610,-0.0610,-0.3662,1,474,800,0
47418926,6339,-0.0566,-0.0332,1.0225,0.0000,0.1221,-0.3052,1,470,846,0
47423924,6340,-0.0576,-0.0347,1.0205,-0.0610,0.1221,-0.3662,1,493,796,0
47428928,6341,-0.0581,-0.0342,1.0190,0.0000,0.1221,-0.3662,1,466,873,0
47433931,6342,-0.0581,-0.0332,1.0186,0.0610,0.1831,-0.3662,1,466,827,0
47438929,6343,-0.0576,-0.0327,1.0200,0.1221,0.0610,-0.4272,1,466,878,0
47443924,6344,-0.0571,-0.0317,1.0220,0.1221,0.1831,-0.3052,1,483,873,0
47448924,6345,-0.0562,-0.0317,1.0225,0.1221,0.3052,-0.3662,1,466,861,0
47453924,6346,-0.0562,-0.0327,1.0205,0.1221,0.3662,-0.4272,1,484,803,0
47458930,6347,-0.0576,-0.0342,1.0190,0.1221,0.1831,-0.3662,1,470,902,0
47463926,6348,-0.0581,-0.0342,1.0200,0.0610,0.2441,-0.3662,1,467,864,0
47468926,6349,-0.0581,-0.0332,1.0205,0.0000,0.3052,-0.4272,1,473,872,0
47473931,6350,-0.0581,-0.0337,1.0200,0.0610,0.1831,-0.4272,1,474,811,0
47478928,6351,-0.0576,-0.0337,1.0205,0.1221,0.2441,-0.4272,1,474,855,0
47483923,6352,-0.0566,-0.0347,1.0215,0.1221,0.3052,-0.4883,1,476,855,0
47488930,6353,-0.0566,-0.0347,1.0229,0.1221,0.3662,-0.4272,1,484,847,0
47493930,6354,-0.0571,-0.0347,1.0234,0.0000,0.3662,-0.4272,1,512,856,0
47498924,6355,-0.0566,-0.0352,1.0220,0.0610,0.4272,-0.4272,1,476,814,0
47503926,6356,-0.0571,-0.0347,1.0200,0.0000,0.4272,-0.3662,1,490,856,0
47508923,6357,-0.0571,-0.0332,1.0195,0.0000,0.3662,-0.3662,1,488,801,0
47513928,6358,-0.0576,-0.0317,1.0215,0.0610,0.5493,-0.3662,1,478,807,0
47518923,6359,-0.0571,-0.0312,1.0229,0.0000,0.3662,-0.3052,1,481,849,0
47523928,6360,-0.0566,-0.0322,1.0234,-0.1221,0.3662,-0.3052,1,492,825,0
47528931,6361,-0.0571,-0.0332,1.0234,-0.1221,0.6714,-0.3662,1,493,847,0
47533927,6362,-0.0586,-0.0332,1.0210,-0.0610,0.6104,-0.3662,1,466,876,0
47538922,6363,-0.0586,-0.0327,1.0195,-0.1221,0.6104,-0.3662,1,466,869,0
47543926,6364,-0.0591,-0.0317,1.0195,-0.1831,0.6104,-0.3052,1,465,874,0
47548929,6365,-0.0591,-0.0317,1.0190,0.0000,0.7324,-0.3052,1,466,870,0
47553922,6366,-0.0586,-0.0322,1.0190,-0.0610,0.6104,-0.3662,1,466,814,0
47558922,6367,-0.0581,-0.0347,1.0195,-0.1831,0.6104,-0.3662,1,484,862,0
47563925,6368,-0.0571,-0.0356,1.0210,0.0000,0.4272,-0.3052,1,465,905,0
47568925,6369,-0.0571,-0.0342,1.0220,0.0000,0.5493,-0.4272,1,483,815,0
47573929,6370,-0.0571,-0.0337,1.0215,-0.0610,0.5493,-0.3662,1,467,830,0
47578924,6371,-0.0562,-0.0342,1.0205,-0.1831,0.5493,-0.4272,1,469,875,0
47583925,6372,-0.0557,-0.0352,1.0190,-0.0610,0.6714,-0.3662,1,479,859,0
47588925,6373,-0.0586,-0.0352,1.0186,0.0610,0.6104,-0.3662,1,507,852,0
47593929,6374,-0.0615,-0.0342,1.0190,0.0000,0.3662,-0.3052,1,484,847,0
47598928,6375,-0.0615,-0.0337,1.0195,-0.0610,0.3662,-0.2441,1,512,740,0
47603928,6376,-0.0586,-0.0337,1.0205,0.0000,0.4272,-0.3052,1,483,803,0
47608929,6377,-0.0557,-0.0337,1.0225,-0.0610,0.4272,-0.3662,1,487,795,0
47613928,6378,-0.0547,-0.0342,1.0234,-0.1221,0.4883,-0.3052,1,473,844,0
47618930,6379,-0.0552,-0.0342,1.0220,-0.1221,0.4272,-0.2441,1,486,865,0
47623927,6380,-0.0571,-0.0332,1.0195,-0.0610,0.3662,-0.2441,1,492,844,0
47628922,6381,-0.0591,-0.0337,1.0200,-0.0610,0.4272,-0.3052,1,479,853,0
47633931,6382,-0.0586,-0.0332,1.0215,-0.1831,0.3662,-0.1831,1,493,837,0
47638923,6383,-0.0581,-0.0327,1.0210,-0.1831,0.3662,-0.2441,1,466,878,0
47643931,6384,-0.0591,-0.0327,1.0195,-0.1831,0.5493,-0.3052,1,466,882,0
47648928,6385,-0.0586,-0.0317,1.0200,-0.3052,0.4883,-0.3052,1,466,877,0
47653929,6386,-0.0576,-0.0312,1.0210,-0.3052,0.4883,-0.3662,1,483,866,0
47658926,6387,-0.0591,-0.0327,1.0215,-0.3052,0.5493,-0.3052,1,465,896,0
47663922,6388,-0.0601,-0.0342,1.0220,-0.2441,0.5493,-0.3662,1,484,810,0
47668928,6389,-0.0586,-0.0337,1.0225,-0.1831,0.3662,-0.2441,1,482,902,0
47673930,6390,-0.0552,-0.0332,1.0229,-0.1831,0.4883,-0.2441,1,481,867,0
47678922,6391,-0.0542,-0.0332,1.0229,-0.3662,0.5493,-0.2441,1,482,878,0
47683934,6392,-0.0552,-0.0337,1.0229,-0.3052,0.6104,-0.1831,1,476,835,0
47688927,6393,-0.0557,-0.0332,1.0234,-0.3052,0.7935,-0.1831,1,470,851,0
47693927,6394,-0.0566,-0.0327,1.0225,-0.3662,0.7324,-0.1831,1,500,856,0
47698923,6395,-0.0576,-0.0332,1.0215,-0.3662,0.7935,-0.2441,1,498,863,0
47703930,6396,-0.0581,-0.0332,1.0215,-0.3052,0.8545,-0.1831,1,464,804,0
47708924,6397,-0.0586,-0.0337,1.0215,-0.3052,0.9155,-0.3052,1,468,855,0
47713922,6398,-0.0601,-0.0337,1.0220,-0.2441,0.7324,-0.1221,1,485,837,0
47718922,6399,-0.0596,-0.0332,1.0225,-0.3662,0.9155,-0.1221,1,476,840,0
47723925,6400,-0.0571,-0.0327,1.0215,-0.5493,0.8545,-0.1831,1,483,847,0
47728931,6401,-0.0562,-0.0327,1.0205,-0.4272,0.8545,-0.2441,1,491,851,0
47733931,6402,-0.0576,-0.0347,1.0195,-0.3662,0.7935,-0.1221,1,487,850,0
47738924,6403,-0.0586,-0.0361,1.0195,-0.4883,0.7324,-0.2441,1,466,845,0
47743928,6404,-0.0571,-0.0337,1.0200,-0.4883,0.8545,-0.2441,1,466,880,0
47748946,6405,-0.0571,-0.0327,1.0210,-0.4883,1.0376,-0.2441,1,466,875,0
47753925,6406,-0.0591,-0.0352,1.0210,-0.4272,1.0986,-0.1831,1,465,877,0
47758924,6407,-0.0601,-0.0361,1.0200,-0.3052,0.7935,-0.2441,1,465,873,0
47763930,6408,-0.0601,-0.0352,1.0190,-0.3052,0.7324,-0.2441,1,480,856,0
47768923,6409,-0.0596,-0.0347,1.0190,-0.4272,0.8545,-0.2441,1,465,869,0
47773923,6410,-0.0601,-0.0352,1.0186,-0.2441,0.7935,-0.1221,1,470,917,0
47778924,6411,-0.0605,-0.0356,1.0176,-0.3052,0.6104,-0.1831,1,476,855,0
47783929,6412,-0.0596,-0.0366,1.0181,-0.3662,0.6104,-0.1831,1,481,860,0
47788954,6413,-0.0591,-0.0366,1.0195,-0.1221,0.6104,-0.1831,1,481,870,0
47793930,6414,-0.0601,-0.0347,1.0205,-0.1831,0.4883,-0.1221,1,466,851,0
47798927,6415,-0.0610,-0.0332,1.0210,-0.3052,0.6714,-0.1831,1,483,847,0
47803922,6416,-0.0596,-0.0332,1.0220,-0.1831,0.4883,-0.3052,1,511,851,0
47808926,6417,-0.0586,-0.0352,1.0220,-0.1221,0.4272,-0.3052,1,466,806,0
47813926,6418,-0.0586,-0.0356,1.0215,-0.1221,0.4883,-0.3052,1,478,838,0
47818925,6419,-0.0586,-0.0352,1.0210,-0.2441,0.4272,-0.2441,1,488,838,0
47823926,6420,-0.0601,-0.0347,1.0210,0.0000,0.3662,-0.2441,1,479,867,0
47828922,6421,-0.0605,-0.0347,1.0200,-0.0610,0.3662,-0.3052,1,492,795,0
47833926,6422,-0.0591,-0.0347,1.0205,-0.1221,0.3662,-0.2441,1,484,840,0
47838924,6423,-0.0562,-0.0342,1.0225,-0.2441,0.4883,-0.3052,1,493,842,0
47843930,6424,-0.0557,-0.0337,1.0220,-0.1221,0.3662,-0.2441,1,466,868,0
47848940,6425,-0.0581,-0.0352,1.0200,0.0000,0.3662,-0.3052,1,466,874,0
47853923,6426,-0.0601,-0.0361,1.0190,-0.1221,0.3052,-0.3052,1,466,825,0
47858922,6427,-0.0601,-0.0361,1.0205,-0.1221,0.4272,-0.3052,1,465,861,0
47863929,6428,-0.0586,-0.0356,1.0215,-0.0610,0.5493,-0.3662,1,482,855,0
47868924,6429,-0.0571,-0.0342,1.0220,-0.1831,0.5493,-0.2441,1,465,875,0
47873923,6430,-0.0566,-0.0342,1.0229,-0.1831,0.6104,-0.1221,1,474,920,0
47878926,6431,-0.0571,-0.0342,1.0229,0.0000,0.5493,-0.1831,1,481,862,0
47883926,6432,-0.0586,-0.0347,1.0225,-0.0610,0.5493,-0.3052,1,482,833,0
47888951,6433,-0.0586,-0.0347,1.0225,-0.2441,0.6714,-0.3052,1,466,850,0
47893924,6434,-0.0591,-0.0347,1.0200,-0.1221,0.7935,-0.2441,1,469,850,0
47898924,6435,-0.0586,-0.0347,1.0176,-0.1831,0.7935,-0.1221,1,483,849,0
47903931,6436,-0.0581,-0.0347,1.0195,-0.2441,0.6714,-0.1221,1,511,849,0
47908930,6437,-0.0581,-0.0342,1.0215,-0.1831,0.7935,-0.0610,1,466,798,0
47913927,6438,-0.0581,-0.0342,1.0215,-0.3662,0.7935,-0.1221,1,486,854,0
47918929,6439,-0.0586,-0.0347,1.0215,-0.3662,0.9155,-0.1831,1,476,845,0
47923923,6440,-0.0591,-0.0356,1.0220,-0.3052,0.9766,-0.1221,1,484,849,0
47928922,6441,-0.0581,-0.0361,1.0220,-0.2441,0.9766,-0.2441,1,476,836,0
47933922,6442,-0.0586,-0.0366,1.0205,-0.3052,1.0376,-0.1831,1,485,850,0
47938928,6443,-0.0596,-0.0356,1.0210,-0.2441,0.9766,-0.1221,1,492,844,0
47943925,6444,-0.0596,-0.0337,1.0229,-0.1221,1.0376,-0.1831,1,493,842,0
47948926,6445,-0.0581,-0.0322,1.0234,-0.1831,1.0376,-0.1221,1,466,872,0
47953948,6446,-0.0581,-0.0327,1.0225,-0.1831,1.1597,-0.1831,1,466,879,0
47958922,6447,-0.0601,-0.0347,1.0210,-0.2441,1.2207,-0.1221,1,466,882,0
47963925,6448,-0.0615,-0.0366,1.0186,-0.1831,1.2207,-0.0610,1,465,856,0
47968923,6449,-0.0625,-0.0366,1.0181,-0.2441,1.2817,-0.1831,1,484,867,0
47973929,6450,-0.0620,-0.0366,1.0181,-0.1831,1.0986,-0.1221,1,465,876,0
47978928,6451,-0.0620,-0.0366,1.0186,-0.1221,1.0986,-0.1221,1,468,931,0
47983927,6452,-0.0630,-0.0356,1.0186,-0.0610,1.0986,-0.1831,1,475,860,0
47988922,6453,-0.0635,-0.0352,1.0190,-0.1221,0.7935,-0.1221,1,482,866,0
47993952,6454,-0.0615,-0.0356,1.0200,-0.1221,0.8545,-0.1221,1,470,847,0
47998922,6455,-0.0596,-0.0356,1.0205,-0.1221,0.8545,-0.1831,1,465,850,0
48003924,6456,-0.0591,-0.0347,1.0205,-0.0610,0.7935,-0.1221,1,483,855,0
48008926,6457,-0.0596,-0.0347,1.0205,-0.1831,0.7935,-0.2441,1,512,845,0
48013924,6458,-0.0591,-0.0347,1.0220,-0.1221,0.8545,-0.1221,1,494,801,0
48018927,6459,-0.0586,-0.0347,1.0239,-0.1831,0.9155,-0.1221,1,491,845,0
48023928,6460,-0.0601,-0.0347,1.0244,-0.1221,1.0376,-0.1831,1,479,847,0
48028930,6461,-0.0605,-0.0342,1.0220,-0.1831,1.0986,-0.1831,1,490,840,0
48033929,6462,-0.0596,-0.0327,1.0205,-0.2441,1.0376,-0.2441,1,476,849,0
48038931,6463,-0.0586,-0.0337,1.0205,-0.2441,1.0986,-0.1831,1,489,850,0
48043929,6464,-0.0591,-0.0366,1.0215,-0.1221,1.2207,-0.2441,1,486,849,0
48048931,6465,-0.0610,-0.0371,1.0215,-0.1221,1.0986,-0.1831,1,466,844,0
48053925,6466,-0.0620,-0.0366,1.0190,-0.3052,1.0376,-0.2441,1,466,875,0
48058928,6467,-0.0625,-0.0361,1.0176,-0.2441,0.9766,-0.3052,1,466,874,0
48063927,6468,-0.0625,-0.0361,1.0200,-0.1831,0.8545,-0.1831,1,483,870,0
48068931,6469,-0.0601,-0.0361,1.0229,-0.2441,0.9766,-0.0610,1,466,865,0
48073926,6470,-0.0591,-0.0366,1.0220,-0.1221,1.0986,-0.1221,1,484,861,0
48078930,6471,-0.0610,-0.0381,1.0186,-0.1221,1.2207,-0.2441,1,482,896,0
48083923,6472,-0.0640,-0.0381,1.0151,-0.0610,0.9766,-0.1831,1,466,860,0
48088923,6473,-0.0649,-0.0371,1.0142,0.0000,0.9766,-0.3052,1,479,860,0
48093944,6474,-0.0635,-0.0366,1.0176,0.0000,0.9155,-0.3662,1,465,806,0
48098923,6475,-0.0615,-0.0347,1.0220,0.0000,0.8545,-0.1831,1,470,813,0
48103928,6476,-0.0615,-0.0342,1.0225,-0.0610,0.8545,-0.1831,1,483,734,0
48108928,6477,-0.0620,-0.0356,1.0200,0.1221,0.8545,-0.1831,1,512,852,0
48113923,6478,-0.0630,-0.0366,1.0171,0.0000,0.7324,-0.2441,1,494,789,0
48118928,6479,-0.0625,-0.0366,1.0166,0.0610,0.7935,-0.3052,1,492,801,0
48123922,6480,-0.0615,-0.0356,1.0186,0.0610,0.7324,-0.2441,1,478,841,0
48128931,6481,-0.0591,-0.0347,1.0210,0.0610,0.7935,-0.1831,1,477,869,0
48133924,6482,-0.0576,-0.0352,1.0234,0.1221,0.9155,-0.1831,1,478,838,0
48138929,6483,-0.0591,-0.0352,1.0244,-0.0610,0.8545,-0.0610,1,473,849,0
48143927,6484,-0.0615,-0.0356,1.0225,0.0000,0.7935,-0.1221,1,488,838,0
48148928,6485,-0.0620,-0.0361,1.0210,0.1221,0.7935,-0.1831,1,465,798,0
48153932,6486,-0.0620,-0.0352,1.0210,-0.1221,0.8545,-0.0610,1,465,871,0
48158924,6487,-0.0620,-0.0347,1.0210,-0.1221,0.9155,-0.1831,1,466,865,0
48163925,6488,-0.0620,-0.0347,1.0210,-0.0610,0.9155,-0.1831,1,483,872,0
48168928,6489,-0.0610,-0.0347,1.0215,0.0000,0.7935,-0.1831,1,476,863,0
48173924,6490,-0.0605,-0.0352,1.0215,0.0000,0.9155,-0.3052,1,465,882,0
48178929,6491,-0.0630,-0.0361,1.0181,-0.1221,0.8545,-0.1831,1,472,813,0
48183928,6492,-0.0664,-0.0371,1.0146,-0.1831,0.6104,-0.1831,1,475,860,0
48188923,6493,-0.0664,-0.0366,1.0156,0.0000,0.3052,-0.2441,1,482,871,0
48193924,6494,-0.0640,-0.0356,1.0190,0.0610,0.4272,-0.1831,1,474,812,0
48198929,6495,-0.0640,-0.0356,1.0200,0.0000,0.4272,-0.1831,1,475,857,0
48203930,6496,-0.0654,-0.0356,1.0190,0.1221,0.3052,-0.1831,1,483,745,0
48208929,6497,-0.0649,-0.0352,1.0181,0.1831,0.1831,-0.3662,1,511,852,0
48213927,6498,-0.0635,-0.0342,1.0190,0.1221,0.1221,-0.2441,1,493,806,0
48218926,6499,-0.0610,-0.0342,1.0200,0.0610,0.1831,-0.2441,1,486,850,0
48223929,6500,-0.0586,-0.0352,1.0205,0.0000,0.2441,-0.1831,1,476,845,0
48228924,6501,-0.0610,-0.0371,1.0190,0.0610,0.4272,-0.3052,1,485,801,0
48233925,6502,-0.0645,-0.0386,1.0171,0.0610,0.3052,-0.3662,1,480,843,0
48238923,6503,-0.0645,-0.0376,1.0181,0.2441,0.3052,-0.1831,1,486,836,0
48243928,6504,-0.0630,-0.0356,1.0205,0.1221,0.3052,-0.3052,1,493,840,0
48248930,6505,-0.0630,-0.0356,1.0210,0.2441,0.1221,-0.1831,1,493,837,0
48253928,6506,-0.0630,-0.0366,1.0195,0.2441,0.1221,-0.1831,1,466,874,0
48258929,6507,-0.0620,-0.0371,1.0200,0.2441,0.0610,-0.1221,1,466,878,0
48263928,6508,-0.0620,-0.0366,1.0215,0.2441,0.1831,-0.3052,1,483,871,0
48268929,6509,-0.0615,-0.0347,1.0225,0.1221,0.1221,-0.1831,1,465,863,0
48273929,6510,-0.0615,-0.0342,1.0220,0.0610,0.0610,-0.1831,1,484,859,0
48278928,6511,-0.0625,-0.0356,1.0195,0.2441,0.0610,-0.3052,1,465,899,0
48283923,6512,-0.0645,-0.0371,1.0171,0.3052,0.1831,-0.1221,1,468,863,0
48288922,6513,-0.0659,-0.0376,1.0176,0.1831,-0.0610,-0.2441,1,478,866,0
48293922,6514,-0.0620,-0.0381,1.0205,0.2441,-0.1221,-0.2441,1,465,874,0
48298928,6515,-0.0615,-0.0366,1.0190,0.3052,0.0000,-0.3052,1,467,853,0
48303929,6516,-0.0625,-0.0342,1.0181,0.3052,-0.1831,-0.2441,1,491,805,0
48308924,6517,-0.0635,-0.0347,1.0181,0.2441,-0.2441,-0.3052,1,484,849,0
48313923,6518,-0.0620,-0.0366,1.0195,0.2441,-0.3662,-0.2441,1,492,867,0
48318927,6519,-0.0596,-0.0356,1.0225,0.2441,-0.2441,-0.1831,1,464,826,0
48323926,6520,-0.0586,-0.0352,1.0254,0.1831,-0.3052,-0.2441,1,490,862,0
48328925,6521,-0.0586,-0.0347,1.0254,0.1831,-0.1831,-0.1831,1,480,845,0
48333928,6522,-0.0605,-0.0342,1.0225,0.2441,0.0610,-0.3052,1,490,870,0
48338927,6523,-0.0615,-0.0356,1.0200,0.1221,-0.0610,-0.3052,1,481,839,0
48343922,6524,-0.0605,-0.0352,1.0205,0.3052,-0.0610,-0.1831,1,488,839,0
48348924,6525,-0.0605,-0.0337,1.0205,0.1831,0.0610,-0.1831,1,493,841,0
48353926,6526,-0.0620,-0.0342,1.0190,0.1831,-0.1831,-0.3662,1,466,874,0
48358943,6527,-0.0620,-0.0371,1.0166,0.3052,-0.1831,-0.2441,1,466,880,0
48363923,6528,-0.0596,-0.0386,1.0186,0.3662,-0.1831,-0.1831,1,466,879,0
48368925,6529,-0.0596,-0.0366,1.0205,0.3052,0.0000,-0.2441,1,465,876,0
48373925,6530,-0.0630,-0.0352,1.0190,0.2441,-0.1221,-0.3052,1,484,818,0
48378928,6531,-0.0640,-0.0356,1.0171,0.2441,-0.4272,-0.3052,1,465,895,0
48383922,6532,-0.0625,-0.0347,1.0181,0.2441,-0.3052,-0.2441,1,476,929,0
48388923,6533,-0.0591,-0.0347,1.0225,0.1831,-0.2441,-0.1221,1,465,869,0
48393923,6534,-0.0571,-0.0337,1.0259,0.1221,0.0000,-0.2441,1,469,870,0
48398953,6535,-0.0586,-0.0332,1.0249,0.0610,-0.0610,-0.2441,1,476,809,0
48403930,6536,-0.0605,-0.0347,1.0225,0.0610,-0.1221,-0.2441,1,472,856,0
48408931,6537,-0.0610,-0.0352,1.0210,0.0610,0.0610,-0.2441,1,482,851,0
48413929,6538,-0.0615,-0.0352,1.0186,-0.1221,0.0610,-0.2441,1,512,848,0
48418928,6539,-0.0649,-0.0352,1.0166,-0.0610,0.1221,-0.3052,1,494,796,0
48423927,6540,-0.0669,-0.0361,1.0151,0.0610,0.0000,-0.3662,1,485,849,0
48428923,6541,-0.0645,-0.0371,1.0156,0.2441,-0.1221,-0.4272,1,471,801,0
48433922,6542,-0.0605,-0.0361,1.0186,0.1831,-0.1831,-0.4272,1,486,848,0
48438930,6543,-0.0591,-0.0342,1.0210,0.2441,-0.2441,-0.3662,1,477,879,0
48443926,6544,-0.0601,-0.0327,1.0200,0.2441,-0.0610,-0.3662,1,478,847,0
48448924,6545,-0.0610,-0.0322,1.0195,0.2441,-0.0610,-0.4272,1,478,843,0
48453926,6546,-0.0601,-0.0327,1.0205,0.1831,-0.1831,-0.3662,1,493,851,0
48458922,6547,-0.0586,-0.0337,1.0225,0.0610,-0.1221,-0.3662,1,466,877,0
48463930,6548,-0.0576,-0.0356,1.0225,0.0610,-0.1221,-0.4272,1,466,870,0
48468927,6549,-0.0586,-0.0371,1.0229,0.0000,-0.0610,-0.3662,1,466,873,0
48473922,6550,-0.0610,-0.0366,1.0225,-0.0610,0.0000,-0.3662,1,466,819,0
48478925,6551,-0.0630,-0.0361,1.0210,0.0000,0.0610,-0.3662,1,484,828,0
48483925,6552,-0.0635,-0.0366,1.0210,0.1221,-0.0610,-0.3052,1,466,815,0
48488928,6553,-0.0610,-0.0361,1.0215,0.0610,0.0000,-0.3662,1,471,855,0
48493926,6554,-0.0586,-0.0366,1.0225,0.0610,-0.2441,-0.4272,1,470,827,0
48498922,6555,-0.0576,-0.0376,1.0244,0.0610,-0.0610,-0.4883,1,477,875,0
48503926,6556,-0.0586,-0.0366,1.0244,0.0610,0.0610,-0.3052,1,482,855,0
48508925,6557,-0.0586,-0.0347,1.0234,0.1221,0.0000,-0.3662,1,482,851,0
48513927,6558,-0.0576,-0.0352,1.0225,0.1221,0.0610,-0.4272,1,483,808,0
48518926,6559,-0.0586,-0.0356,1.0220,0.0000,0.2441,-0.4883,1,479,867,0
48523924,6560,-0.0596,-0.0361,1.0220,0.0000,0.1221,-0.4883,1,467,801,0
48528928,6561,-0.0605,-0.0356,1.0225,0.0000,0.1831,-0.4272,1,478,795,0
48533928,6562,-0.0610,-0.0347,1.0220,0.0000,0.1831,-0.4883,1,482,802,0
48538926,6563,-0.0596,-0.0332,1.0220,0.0000,0.1831,-0.5493,1,471,798,0
48543923,6564,-0.0586,-0.0327,1.0229,0.0610,0.1831,-0.4272,1,483,804,0
48548928,6565,-0.0596,-0.0342,1.0225,-0.1221,0.2441,-0.3662,1,487,849,0
48553925,6566,-0.0605,-0.0356,1.0200,-0.1221,0.2441,-0.4272,1,485,844,0
48558930,6567,-0.0601,-0.0361,1.0186,-0.1221,0.3052,-0.3662,1,493,845,0
48563926,6568,-0.0581,-0.0356,1.0195,-0.1831,0.3662,-0.3052,1,466,866,0
48568926,6569,-0.0581,-0.0356,1.0215,-0.2441,0.3662,-0.3052,1,466,880,0
48573922,6570,-0.0591,-0.0356,1.0229,-0.1221,0.3662,-0.4272,1,483,878,0
48578929,6571,-0.0596,-0.0352,1.0215,0.0000,0.3662,-0.3052,1,466,864,0
48583927,6572,-0.0610,-0.0347,1.0190,-0.1221,0.4272,-0.3662,1,484,822,0
48588922,6573,-0.0610,-0.0342,1.0181,-0.0610,0.5493,-0.3662,1,465,901,0
48593922,6574,-0.0610,-0.0347,1.0181,0.0610,0.4883,-0.4272,1,470,862,0
48598929,6575,-0.0605,-0.0352,1.0205,0.0610,0.3052,-0.4272,1,477,867,0
48603925,6576,-0.0586,-0.0356,1.0229,-0.0610,0.4272,-0.4272,1,479,867,0
48608923,6577,-0.0581,-0.0356,1.0225,-0.0610,0.4883,-0.4883,1,465,859,0
48613929,6578,-0.0596,-0.0342,1.0200,-0.1221,0.4883,-0.4883,1,495,853,0
48618927,6579,-0.0605,-0.0337,1.0195,0.0000,0.4883,-0.4883,1,511,848,0
48623931,6580,-0.0610,-0.0347,1.0195,0.0000,0.4883,-0.4272,1,488,750,0
48628924,6581,-0.0601,-0.0361,1.0195,-0.0610,0.4883,-0.3662,1,464,801,0
48633929,6582,-0.0596,-0.0366,1.0215,-0.1221,0.4272,-0.3052,1,492,843,0
48638928,6583,-0.0596,-0.0376,1.0229,-0.1221,0.4883,-0.3662,1,473,841,0
48643922,6584,-0.0596,-0.0381,1.0225,-0.0610,0.4883,-0.2441,1,485,844,0
48648922,6585,-0.0605,-0.0366,1.0205,-0.0610,0.4272,-0.3662,1,473,840,0
48653926,6586,-0.0615,-0.0347,1.0190,-0.0610,0.5493,-0.4272,1,483,849,0
48658923,6587,-0.0625,-0.0342,1.0181,0.0000,0.4272,-0.3052,1,493,847,0
48663930,6588,-0.0630,-0.0352,1.0200,-0.1831,0.4272,-0.2441,1,466,819,0
48668940,6589,-0.0615,-0.0366,1.0210,-0.0610,0.2441,-0.3052,1,465,876,0
48673924,6590,-0.0601,-0.0366,1.0210,0.0610,0.2441,-0.2441,1,466,873,0
48678922,6591,-0.0596,-0.0361,1.0215,0.0610,0.3052,-0.2441,1,465,870,0
48683930,6592,-0.0591,-0.0371,1.0205,0.0000,0.3662,-0.3052,1,484,861,0
48688922,6593,-0.0596,-0.0366,1.0205,0.0000,0.4272,-0.2441,1,465,814,0
48693927,6594,-0.0610,-0.0342,1.0205,-0.0610,0.3662,-0.2441,1,477,822,0
48698927,6595,-0.0610,-0.0337,1.0205,-0.0610,0.3662,-0.2441,1,476,864,0
48703928,6596,-0.0610,-0.0356,1.0215,-0.0610,0.3662,-0.2441,1,482,867,0
48708950,6597,-0.0605,-0.0371,1.0225,0.0000,0.4272,-0.2441,1,467,858,0
48713926,6598,-0.0601,-0.0376,1.0220,0.0000,0.4883,-0.3052,1,473,812,0
48718929,6599,-0.0605,-0.0371,1.0205,0.0000,0.1831,-0.3052,1,496,798,0
48723929,6600,-0.0620,-0.0361,1.0195,0.0000,0.1831,-0.1831,1,466,751,0
48728923,6601,-0.0610,-0.0366,1.0186,-0.1221,0.1831,-0.1831,1,494,761,0
48733924,6602,-0.0605,-0.0376,1.0200,0.0610,0.1831,-0.2441,1,473,847,0
48738925,6603,-0.0605,-0.0371,1.0210,0.0610,0.3052,-0.1221,1,481,845,0
48743929,6604,-0.0615,-0.0352,1.0200,-0.0610,0.3052,-0.1831,1,492,838,0
48748927,6605,-0.0625,-0.0352,1.0190,0.0610,0.2441,-0.3052,1,480,841,0
48753922,6606,-0.0635,-0.0361,1.0186,0.1221,0.1831,-0.1831,1,488,839,0
48758924,6607,-0.0640,-0.0366,1.0200,0.1221,0.1831,-0.1831,1,493,846,0
48763925,6608,-0.0630,-0.0371,1.0210,0.0610,0.0000,-0.3052,1,466,873,0
48768947,6609,-0.0615,-0.0376,1.0200,0.1831,0.0610,-0.2441,1,466,822,0
48773929,6610,-0.0610,-0.0371,1.0186,0.0610,0.1831,-0.0610,1,466,875,0
48778930,6611,-0.0615,-0.0366,1.0190,0.0610,0.1831,-0.1221,1,466,871,0
48783922,6612,-0.0605,-0.0347,1.0205,0.1831,0.2441,-0.1221,1,484,863,0
48788928,6613,-0.0605,-0.0347,1.0205,0.1831,0.0610,-0.1831,1,465,901,0
48793928,6614,-0.0605,-0.0356,1.0200,0.1831,0.1831,-0.1831,1,481,930,0
48798927,6615,-0.0601,-0.0356,1.0200,0.1221,0.3052,-0.1221,1,465,877,0
48803930,6616,-0.0605,-0.0361,1.0200,0.1221,0.1831,-0.1831,1,472,857,0
48808927,6617,-0.0620,-0.0366,1.0195,0.0610,0.3052,-0.1221,1,479,855,0
48813923,6618,-0.0610,-0.0356,1.0205,0.1221,0.2441,-0.1221,1,466,850,0
48818922,6619,-0.0596,-0.0356,1.0220,0.1221,0.3052,-0.1221,1,510,853,0
48823925,6620,-0.0596,-0.0352,1.0210,0.1831,0.2441,-0.1221,1,489,863,0
48828926,6621,-0.0605,-0.0366,1.0205,0.1221,0.2441,-0.1831,1,465,814,0
48833929,6622,-0.0601,-0.0371,1.0210,0.0610,0.3052,-0.1221,1,484,860,0
48838925,6623,-0.0596,-0.0366,1.0220,0.0610,0.2441,-0.0610,1,490,832,0
48843925,6624,-0.0596,-0.0361,1.0225,0.2441,0.3052,-0.1831,1,484,844,0
48848929,6625,-0.0610,-0.0356,1.0215,0.1831,0.1831,-0.1221,1,474,846,0
48853929,6626,-0.0610,-0.0342,1.0225,0.1221,0.3052,-0.1221,1,471,848,0
48858924,6627,-0.0605,-0.0337,1.0234,0.0000,0.3052,-0.1221,1,493,833,0
48863930,6628,-0.0605,-0.0352,1.0229,-0.0610,0.3052,-0.1221,1,466,822,0
48868927,6629,-0.0601,-0.0356,1.0225,0.0610,0.3662,-0.0610,1,466,867,0
48873927,6630,-0.0596,-0.0342,1.0220,0.0610,0.2441,-0.0610,1,466,867,0
48878925,6631,-0.0596,-0.0342,1.0225,-0.0610,0.3052,-0.1221,1,466,869,0
48883922,6632,-0.0605,-0.0347,1.0205,-0.1221,0.3662,-0.0610,1,484,853,0
48888923,6633,-0.0625,-0.0347,1.0181,-0.0610,0.1831,-0.1221,1,465,896,0
48893930,6634,-0.0620,-0.0352,1.0186,-0.0610,0.1221,-0.1831,1,469,856,0
48898928,6635,-0.0596,-0.0352,1.0210,0.0000,0.3052,-0.2441,1,467,868,0
48903928,6636,-0.0581,-0.0337,1.0225,0.0000,0.4272,-0.1831,1,474,804,0
48908928,6637,-0.0591,-0.0337,1.0220,-0.1221,0.3662,-0.0610,1,482,812,0
48913922,6638,-0.0615,-0.0356,1.0195,-0.1221,0.3662,-0.1831,1,466,849,0
48918924,6639,-0.0635,-0.0366,1.0181,0.0000,0.3052,-0.2441,1,484,861,0
48923927,6640,-0.0635,-0.0366,1.0186,0.0000,0.3662,-0.2441,1,481,748,0
48928931,6641,-0.0630,-0.0366,1.0190,0.0000,0.3052,-0.3052,1,464,802,0
48933927,6642,-0.0620,-0.0371,1.0186,0.0000,0.2441,-0.1221,1,476,793,0
48938922,6643,-0.0610,-0.0371,1.0186,0.1221,0.1831,-0.2441,1,474,826,0
48943925,6644,-0.0605,-0.0356,1.0190,0.0610,0.1221,-0.3052,1,492,846,0
48948927,6645,-0.0601,-0.0327,1.0205,0.0000,0.1831,-0.1831,1,478,837,0
48953923,6646,-0.0596,-0.0322,1.0215,0.0000,0.1831,-0.2441,1,478,799,0
48958928,6647,-0.0601,-0.0342,1.0215,-0.0610,0.2441,-0.3052,1,493,804,0
48963925,6648,-0.0601,-0.0356,1.0215,0.0610,0.2441,-0.1831,1,466,863,0
48968927,6649,-0.0596,-0.0361,1.0215,0.0610,0.1221,-0.2441,1,466,872,0
48973922,6650,-0.0601,-0.0361,1.0210,-0.0610,0.1221,-0.2441,1,466,871,0
48978926,6651,-0.0615,-0.0361,1.0200,-0.0610,0.2441,-0.3662,1,466,856,0
48983930,6652,-0.0630,-0.0366,1.0195,0.0000,0.1831,-0.2441,1,484,866,0
48988929,6653,-0.0635,-0.0361,1.0200,0.0000,0.2441,-0.1221,1,465,890,0
48993928,6654,-0.0620,-0.0356,1.0205,0.0610,0.1221,-0.1831,1,476,816,0
48998922,6655,-0.0610,-0.0347,1.0215,0.1221,0.2441,-0.2441,1,482,863,0
49003924,6656,-0.0601,-0.0337,1.0225,0.0000,0.3052,-0.2441,1,473,872,0
49008943,6657,-0.0596,-0.0342,1.0239,-0.0610,0.2441,-0.2441,1,476,802,0
49013931,6658,-0.0596,-0.0352,1.0225,-0.0610,0.2441,-0.1831,1,480,859,0
49018927,6659,-0.0591,-0.0366,1.0210,0.0000,0.3052,-0.3052,1,493,855,0
49023924,6660,-0.0591,-0.0361,1.0210,-0.0610,0.3662,-0.1831,1,466,742,0
49028931,6661,-0.0596,-0.0356,1.0215,-0.0610,0.3662,-0.1221,1,494,809,0
49033927,6662,-0.0601,-0.0352,1.0215,-0.1221,0.3052,-0.2441,1,473,853,0
49038923,6663,-0.0610,-0.0342,1.0215,-0.1221,0.4272,-0.3052,1,484,835,0
49043931,6664,-0.0615,-0.0342,1.0190,-0.1221,0.3662,-0.1831,1,478,839,0
49048923,6665,-0.0615,-0.0352,1.0171,-0.1221,0.2441,-0.0610,1,481,868,0
49053924,6666,-0.0615,-0.0356,1.0181,-0.1221,0.3052,-0.2441,1,473,840,0
49058926,6667,-0.0615,-0.0356,1.0200,0.0000,0.2441,-0.3052,1,480,841,0
49063931,6668,-0.0605,-0.0352,1.0205,0.0610,0.3052,-0.3052,1,493,800,0
49068933,6669,-0.0591,-0.0347,1.0205,-0.0610,0.4272,-0.3052,1,466,862,0
49073926,6670,-0.0586,-0.0347,1.0200,0.0610,0.3662,-0.1831,1,466,868,0
49078924,6671,-0.0581,-0.0342,1.0195,0.0000,0.3662,-0.1831,1,483,873,0
49083927,6672,-0.0591,-0.0347,1.0195,0.0610,0.3052,-0.3052,1,477,778,0
49088926,6673,-0.0620,-0.0352,1.0195,-0.0610,0.3052,-0.2441,1,466,861,0
49093929,6674,-0.0635,-0.0366,1.0190,0.1221,0.1831,-0.2441,1,472,861,0
49098925,6675,-0.0615,-0.0366,1.0210,0.1831,0.1221,-0.2441,1,474,865,0
49103924,6676,-0.0596,-0.0352,1.0210,0.1221,0.2441,-0.2441,1,482,866,0
49108940,6677,-0.0581,-0.0342,1.0210,-0.0610,0.1831,-0.3052,1,470,852,0
49113922,6678,-0.0581,-0.0347,1.0210,0.0610,0.3052,-0.3052,1,465,851,0
49118928,6679,-0.0615,-0.0356,1.0190,0.0000,0.2441,-0.3052,1,504,845,0
49123926,6680,-0.0640,-0.0376,1.0176,-0.0610,0.1831,-0.4272,1,466,753,0
49128926,6681,-0.0630,-0.0376,1.0195,0.1831,0.2441,-0.3662,1,494,801,0
49133926,6682,-0.0601,-0.0366,1.0215,0.0610,0.1831,-0.3052,1,483,823,0
49138926,6683,-0.0576,-0.0371,1.0220,0.0000,0.3052,-0.2441,1,472,839,0
49143923,6684,-0.0581,-0.0371,1.0210,0.1221,0.2441,-0.3052,1,484,802,0
49148927,6685,-0.0596,-0.0371,1.0200,0.1221,0.1221,-0.3052,1,480,842,0
49153923,6686,-0.0601,-0.0356,1.0200,0.0000,0.1221,-0.2441,1,478,835,0
49158928,6687,-0.0596,-0.0342,1.0205,0.0000,0.0610,-0.2441,1,487,794,0
49163927,6688,-0.0596,-0.0347,1.0210,0.0610,0.0610,-0.2441,1,466,797,0
49168941,6689,-0.0596,-0.0352,1.0220,0.0000,0.2441,-0.3662,1,466,868,0
49173930,6690,-0.0596,-0.0361,1.0200,0.0000,0.3662,-0.3052,1,466,830,0
49178927,6691,-0.0620,-0.0366,1.0161,0.0610,0.3052,-0.2441,1,484,815,0
49183923,6692,-0.0635,-0.0361,1.0146,0.0610,0.0610,-0.3052,1,484,863,0
49188926,6693,-0.0596,-0.0347,1.0225,0.1221,-0.0610,-0.3052,1,465,897,0
49193924,6694,-0.0581,-0.0356,1.0249,0.0610,0.0000,-0.3052,1,480,854,0
49198924,6695,-0.0591,-0.0371,1.0220,0.0610,0.1831,-0.3662,1,467,827,0
49203928,6696,-0.0625,-0.0391,1.0176,0.0000,0.1831,-0.4272,1,472,872,0
49208947,6697,-0.0620,-0.0386,1.0186,0.0610,-0.3052,-0.3662,1,476,805,0
49213927,6698,-0.0566,-0.0352,1.0244,0.0000,0.0610,-0.3052,1,482,850,0
49218929,6699,-0.0576,-0.0327,1.0249,0.0000,0.3052,-0.3662,1,506,806,0
49223928,6700,-0.0601,-0.0352,1.0229,0.0000,-0.0610,-0.3662,1,466,752,0
49228930,6701,-0.0601,-0.0371,1.0215,0.1221,0.1221,-0.3052,1,495,748,0
49233923,6702,-0.0601,-0.0361,1.0190,0.1831,0.2441,-0.4272,1,476,843,0
49238930,6703,-0.0596,-0.0361,1.0181,0.1831,0.1221,-0.3662,1,472,848,0
49243923,6704,-0.0596,-0.0366,1.0176,0.3662,0.0610,-0.3662,1,474,844,0
49248927,6705,-0.0610,-0.0356,1.0181,0.2441,0.0000,-0.4272,1,491,868,0
49253922,6706,-0.0620,-0.0352,1.0181,0.1831,0.0000,-0.3662,1,476,800,0
49258928,6707,-0.0610,-0.0352,1.0195,0.3052,-0.1221,-0.4272,1,478,798,0
49263930,6708,-0.0591,-0.0356,1.0215,0.2441,-0.0610,-0.4272,1,493,842,0
49268932,6709,-0.0591,-0.0352,1.0215,0.2441,-0.1221,-0.3662,1,466,874,0
49273922,6710,-0.0605,-0.0347,1.0210,0.1831,0.0000,-0.3052,1,466,871,0
49278927,6711,-0.0620,-0.0352,1.0205,0.2441,-0.0610,-0.3052,1,484,811,0
49283927,6712,-0.0620,-0.0352,1.0215,0.2441,-0.1831,-0.4272,1,465,858,0
49288931,6713,-0.0610,-0.0347,1.0215,0.1221,0.0000,-0.3662,1,484,867,0
49293925,6714,-0.0605,-0.0347,1.0210,0.2441,0.1221,-0.3052,1,474,815,0
49298929,6715,-0.0615,-0.0356,1.0200,0.1831,0.0610,-0.3662,1,466,856,0
49303930,6716,-0.0625,-0.0361,1.0200,0.1831,-0.0610,-0.3662,1,465,867,0
49308928,6717,-0.0615,-0.0366,1.0210,0.3662,-0.0610,-0.3662,1,471,873,0
49313922,6718,-0.0596,-0.0361,1.0210,0.3052,-0.1831,-0.4272,1,481,858,0
49318922,6719,-0.0591,-0.0366,1.0205,0.2441,0.0000,-0.4883,1,492,854,0
49323926,6720,-0.0591,-0.0376,1.0210,0.3662,0.0000,-0.4272,1,466,759,0
49328927,6721,-0.0605,-0.0381,1.0220,0.3662,-0.1221,-0.2441,1,494,748,0
49333928,6722,-0.0605,-0.0376,1.0220,0.2441,-0.0610,-0.3052,1,465,852,0
49338924,6723,-0.0610,-0.0361,1.0210,0.3052,-0.1221,-0.3052,1,474,841,0
49343924,6724,-0.0615,-0.0347,1.0210,0.3052,-0.2441,-0.3662,1,489,836,0
49348929,6725,-0.0625,-0.0347,1.0190,0.3662,-0.2441,-0.2441,1,478,865,0
49353926,6726,-0.0630,-0.0352,1.0166,0.4272,-0.1831,-0.3662,1,485,849,0
49358928,6727,-0.0640,-0.0356,1.0166,0.2441,-0.4272,-0.3662,1,490,850,0
49363927,6728,-0.0640,-0.0366,1.0181,0.3052,-0.4883,-0.4272,1,492,853,0
49368926,6729,-0.0625,-0.0361,1.0190,0.6104,-0.4883,-0.4883,1,466,869,0
49373931,6730,-0.0610,-0.0342,1.0186,0.4883,-0.4883,-0.3662,1,466,871,0
49378928,6731,-0.0601,-0.0332,1.0195,0.3052,-0.5493,-0.3052,1,483,872,0
49383928,6732,-0.0601,-0.0322,1.0215,0.3052,-0.5493,-0.4272,1,465,856,0
49388925,6733,-0.0601,-0.0327,1.0220,0.3052,-0.4272,-0.4272,1,484,860,0
49393927,6734,-0.0601,-0.0342,1.0215,0.4272,-0.3662,-0.4272,1,482,897,0
49398926,6735,-0.0601,-0.0352,1.0200,0.3662,-0.5493,-0.4272,1,465,862,0
49403930,6736,-0.0605,-0.0356,1.0195,0.2441,-0.6714,-0.3662,1,474,861,0
49408926,6737,-0.0581,-0.0361,1.0205,0.4272,-0.6104,-0.4272,1,471,878,0
49413924,6738,-0.0566,-0.0356,1.0225,0.6104,-0.6714,-0.3052,1,480,859,0
49418928,6739,-0.0586,-0.0337,1.0229,0.5493,-0.6104,-0.3662,1,492,850,0
49423922,6740,-0.0596,-0.0327,1.0225,0.3662,-0.3662,-0.4272,1,466,857,0
49428930,6741,-0.0581,-0.0327,1.0234,0.3052,-0.3052,-0.4272,1,492,878,0
49433925,6742,-0.0566,-0.0322,1.0259,0.3052,-0.2441,-0.4883,1,464,818,0
49438922,6743,-0.0562,-0.0327,1.0264,0.1831,-0.1831,-0.4883,1,490,846,0
49443926,6744,-0.0566,-0.0342,1.0249,0.1831,-0.2441,-0.3662,1,485,848,0
49448925,6745,-0.0586,-0.0342,1.0229,0.3052,0.0610,-0.2441,1,490,853,0
49453930,6746,-0.0591,-0.0342,1.0210,0.2441,0.0610,-0.3662,1,483,841,0
49458928,6747,-0.0586,-0.0347,1.0200,0.1831,0.1831,-0.3052,1,479,841,0
49463928,6748,-0.0581,-0.0342,1.0200,0.1221,0.0610,-0.3052,1,492,843,0
49468925,6749,-0.0586,-0.0337,1.0200,0.1221,0.0610,-0.3052,1,466,863,0
49473928,6750,-0.0591,-0.0337,1.0200,0.1831,0.0610,-0.2441,1,466,863,0
49478930,6751,-0.0586,-0.0337,1.0205,0.1831,0.0610,-0.1831,1,484,871,0
49483928,6752,-0.0566,-0.0337,1.0215,0.1221,0.1831,-0.2441,1,465,873,0
49488927,6753,-0.0562,-0.0347,1.0220,0.0610,0.2441,-0.3052,1,484,864,0
49493926,6754,-0.0581,-0.0361,1.0225,0.0610,0.3052,-0.3052,1,466,894,0
49498922,6755,-0.0601,-0.0356,1.0239,0.0610,0.4272,-0.3052,1,472,858,0
49503931,6756,-0.0591,-0.0352,1.0239,0.0000,0.2441,-0.2441,1,482,867,0
49508925,6757,-0.0571,-0.0352,1.0225,0.0000,0.2441,-0.3052,1,480,811,0
49513951,6758,-0.0566,-0.0352,1.0205,0.1221,0.4272,-0.3662,1,469,808,0
49518929,6759,-0.0576,-0.0342,1.0195,-0.1221,0.3662,-0.3662,1,469,855,0
49523925,6760,-0.0591,-0.0337,1.0210,0.0000,0.3052,-0.2441,1,483,859,0
49528925,6761,-0.0591,-0.0352,1.0225,-0.0610,0.3052,-0.2441,1,469,748,0
49533931,6762,-0.0576,-0.0361,1.0220,-0.0610,0.3052,-0.2441,1,493,791,0
49538927,6763,-0.0571,-0.0356,1.0205,0.0000,0.3662,-0.2441,1,488,855,0
49543926,6764,-0.0576,-0.0342,1.0200,-0.0610,0.4272,-0.1831,1,481,807,0
49548923,6765,-0.0581,-0.0347,1.0205,-0.1831,0.4272,-0.3662,1,473,873,0
49553923,6766,-0.0586,-0.0352,1.0205,-0.0610,0.3662,-0.3052,1,489,878,0
49558924,6767,-0.0591,-0.0352,1.0200,-0.1221,0.4272,-0.1831,1,490,840,0
49563922,6768,-0.0601,-0.0352,1.0200,-0.1221,0.4272,-0.2441,1,493,841,0
49568930,6769,-0.0601,-0.0361,1.0190,-0.1831,0.5493,-0.2441,1,466,866,0
49573928,6770,-0.0596,-0.0356,1.0181,-0.0610,0.4883,-0.3662,1,466,876,0
49578927,6771,-0.0596,-0.0352,1.0176,0.0000,0.3662,-0.2441,1,465,872,0
49583931,6772,-0.0591,-0.0347,1.0186,0.0000,0.2441,-0.1831,1,465,763,0
49588929,6773,-0.0591,-0.0337,1.0215,-0.0610,0.3662,-0.2441,1,484,826,0
49593930,6774,-0.0596,-0.0327,1.0220,0.0610,0.3052,-0.3052,1,466,898,0
49598923,6775,-0.0601,-0.0322,1.0200,0.0000,0.1831,-0.2441,1,469,855,0
49603929,6776,-0.0591,-0.0322,1.0195,-0.1221,0.1831,-0.2441,1,482,827,0
49608927,6777,-0.0581,-0.0337,1.0210,-0.0610,0.1221,-0.3052,1,480,876,0
49613953,6778,-0.0571,-0.0347,1.0225,-0.1221,0.3052,-0.2441,1,471,847,0
49618925,6779,-0.0571,-0.0347,1.0229,0.0000,0.3662,-0.3052,1,472,879,0
49623927,6780,-0.0576,-0.0347,1.0220,-0.1221,0.3052,-0.2441,1,484,809,0
49628925,6781,-0.0581,-0.0356,1.0215,-0.0610,0.4272,-0.3052,1,475,869,0
49633927,6782,-0.0591,-0.0371,1.0200,0.0000,0.4883,-0.2441,1,465,807,0
49638930,6783,-0.0581,-0.0381,1.0190,0.0610,0.4883,-0.2441,1,477,796,0
49643923,6784,-0.0562,-0.0376,1.0190,-0.1221,0.6714,-0.3052,1,485,844,0
49648923,6785,-0.0557,-0.0361,1.0195,-0.1221,0.6104,-0.4272,1,484,836,0
49653929,6786,-0.0557,-0.0352,1.0200,-0.0610,0.5493,-0.3662,1,471,843,0
49658922,6787,-0.0566,-0.0337,1.0205,0.0000,0.6104,-0.3052,1,490,844,0
49663926,6788,-0.0581,-0.0322,1.0205,0.0000,0.5493,-0.3052,1,492,794,0
49668924,6789,-0.0591,-0.0332,1.0210,0.0610,0.4883,-0.2441,1,466,827,0
49673923,6790,-0.0581,-0.0347,1.0225,0.0000,0.3662,-0.2441,1,466,871,0
49678928,6791,-0.0571,-0.0347,1.0234,-0.1221,0.5493,-0.3052,1,483,831,0
49683926,6792,-0.0576,-0.0337,1.0234,-0.1221,0.4883,-0.3052,1,466,873,0
49688922,6793,-0.0596,-0.0337,1.0215,-0.1221,0.4883,-0.3052,1,484,859,0
49693924,6794,-0.0601,-0.0347,1.0190,-0.0610,0.4272,-0.3662,1,465,892,0
49698927,6795,-0.0581,-0.0352,1.0190,0.0000,0.3052,-0.3662,1,467,859,0
49703925,6796,-0.0562,-0.0361,1.0205,-0.1221,0.3662,-0.3052,1,469,826,0
49708923,6797,-0.0562,-0.0361,1.0205,-0.1831,0.3662,-0.3052,1,473,871,0
49713936,6798,-0.0576,-0.0361,1.0195,-0.1221,0.3052,-0.1831,1,482,857,0
49718929,6799,-0.0586,-0.0356,1.0186,0.0000,0.3662,-0.1831,1,474,855,0
49723930,6800,-0.0591,-0.0352,1.0186,-0.0610,0.3052,-0.3052,1,504,813,0
49728931,6801,-0.0591,-0.0356,1.0195,0.0610,0.1831,-0.2441,1,465,860,0
49733928,6802,-0.0586,-0.0356,1.0210,0.0610,0.1831,-0.1221,1,494,875,0
49738926,6803,-0.0581,-0.0356,1.0220,-0.0610,0.2441,-0.3052,1,473,851,0
49743926,6804,-0.0586,-0.0356,1.0215,0.0000,0.1831,-0.4883,1,489,845,0
49748924,6805,-0.0601,-0.0342,1.0195,0.0000,0.1831,-0.3662,1,478,801,0
49753922,6806,-0.0620,-0.0337,1.0176,0.0610,0.1831,-0.3052,1,491,798,0
49758927,6807,-0.0630,-0.0342,1.0166,0.0000,0.0000,-0.3052,1,483,841,0
49763923,6808,-0.0615,-0.0347,1.0181,-0.1221,-0.0610,-0.2441,1,477,750,0
49768926,6809,-0.0586,-0.0337,1.0210,-0.0610,0.0000,-0.3662,1,494,870,0
49773941,6810,-0.0576,-0.0327,1.0220,-0.1221,-0.0610,-0.3052,1,466,823,0
49778931,6811,-0.0571,-0.0327,1.0229,-0.1831,-0.0610,-0.3662,1,466,871,0
49783927,6812,-0.0571,-0.0337,1.0229,-0.1831,0.0000,-0.4272,1,484,881,0
49788925,6813,-0.0591,-0.0356,1.0215,-0.1831,0.0000,-0.3052,1,478,778,0
49793931,6814,-0.0591,-0.0366,1.0210,-0.1221,0.0610,-0.3052,1,466,815,0
49798926,6815,-0.0581,-0.0352,1.0215,-0.1831,-0.0610,-0.3052,1,465,852,0
49803925,6816,-0.0576,-0.0342,1.0229,-0.1221,0.0610,-0.3052,1,475,862,0
49808924,6817,-0.0586,-0.0342,1.0229,-0.1831,0.1221,-0.3052,1,483,860,0
49813928,6818,-0.0591,-0.0342,1.0229,-0.2441,0.1221,-0.4272,1,467,851,0
49818923,6819,-0.0586,-0.0347,1.0229,-0.3052,0.1831,-0.3052,1,468,854,0
49823928,6820,-0.0586,-0.0361,1.0220,-0.2441,0.3052,-0.3662,1,498,850,0
49828930,6821,-0.0596,-0.0371,1.0200,-0.3052,0.3052,-0.3662,1,511,856,0
49833923,6822,-0.0605,-0.0361,1.0186,-0.1221,0.2441,-0.3052,1,489,866,0
49838931,6823,-0.0586,-0.0342,1.0195,-0.1831,0.0000,-0.3662,1,464,851,0
49843928,6824,-0.0566,-0.0332,1.0210,-0.2441,0.3052,-0.3662,1,490,803,0
49848923,6825,-0.0586,-0.0332,1.0200,-0.1831,0.3662,-0.3662,1,483,847,0
49853930,6826,-0.0605,-0.0347,1.0190,-0.3052,0.2441,-0.3662,1,478,850,0
49858928,6827,-0.0601,-0.0352,1.0205,-0.2441,0.1831,-0.3052,1,481,844,0
49863927,6828,-0.0586,-0.0347,1.0210,-0.3052,0.1221,-0.4272,1,485,840,0
49868928,6829,-0.0576,-0.0347,1.0220,-0.3662,0.2441,-0.3052,1,493,837,0
49873936,6830,-0.0576,-0.0337,1.0220,-0.3662,0.2441,-0.3052,1,466,875,0
49878928,6831,-0.0596,-0.0337,1.0205,-0.4272,0.1831,-0.3662,1,466,876,0
49883924,6832,-0.0625,-0.0366,1.0176,-0.4272,0.0000,-0.4272,1,483,877,0
49888930,6833,-0.0654,-0.0430,1.0156,-0.3052,0.0000,-0.4272,1,478,765,0
49893930,6834,-0.0645,-0.0381,1.0161,0.0000,-0.4272,-0.3662,1,465,867,0
49898928,6835,-0.0591,-0.0308,1.0200,-0.3052,-0.4883,-0.3662,1,466,817,0
49903924,6836,-0.0586,-0.0332,1.0210,-0.6104,0.1221,-0.4272,1,472,854,0
49908924,6837,-0.0615,-0.0352,1.0190,-0.3662,-0.4272,-0.3052,1,482,859,0
49913928,6838,-0.0591,-0.0366,1.0205,-0.5493,-0.6714,-0.4272,1,467,856,0
49918926,6839,-0.0581,-0.0366,1.0205,-0.4272,-0.5493,-0.3662,1,469,857,0
49923923,6840,-0.0576,-0.0352,1.0195,-0.5493,-1.0376,-0.3662,1,494,865,0
49928927,6841,-0.0586,-0.0317,1.0190,-0.5493,-0.9155,-0.5493,1,470,878,0
49933924,6842,-0.0640,-0.0312,1.0151,-0.7324,-1.0376,-0.6104,1,489,879,0
49938927,6843,-0.0605,-0.0327,1.0161,-0.7935,-1.8311,-0.6714,1,466,795,0
49943924,6844,-0.0562,-0.0337,1.0195,-0.5493,-1.2207,-0.6714,1,490,846,0
49948928,6845,-0.0581,-0.0312,1.0200,-0.7324,-1.3428,-0.6714,1,484,850,0
49953926,6846,-0.0571,-0.0293,1.0200,-0.9766,-1.6479,-0.6714,1,490,872,0
49958924,6847,-0.0557,-0.0293,1.0190,-1.1597,-1.4038,-0.6714,1,485,845,0
49963925,6848,-0.0542,-0.0293,1.0200,-1.4038,-1.4038,-0.6104,1,486,846,0
49968922,6849,-0.0552,-0.0278,1.0200,-1.3428,-0.9155,-0.7324,1,493,842,0
49973933,6850,-0.0586,-0.0234,1.0186,-1.5869,-1.1597,-0.7324,1,466,878,0
49978930,6851,-0.0581,-0.0249,1.0200,-2.1973,-1.2817,-0.8545,1,466,878,0
49983929,6852,-0.0542,-0.0293,1.0244,-2.4414,-1.0376,-0.7324,1,483,881,0
49988926,6853,-0.0493,-0.0254,1.0269,-2.5635,-0.6104,-0.8545,1,465,869,0
49993925,6854,-0.0488,-0.0176,1.0234,-3.1738,-0.3662,-0.7935,1,484,814,0
49998930,6855,-0.0537,-0.0161,1.0181,-3.8452,-0.1221,-0.9155,1,465,922,0
50003927,6856,-0.0566,-0.0205,1.0156,-4.3945,-0.3052,-0.9766,1,465,868,0
50008931,6857,-0.0537,-0.0225,1.0186,-4.6997,-0.0610,-1.0986,1,477,867,0
50013927,6858,-0.0508,-0.0234,1.0215,-5.2490,0.2441,-1.0986,1,481,875,0
50018929,6859,-0.0493,-0.0205,1.0200,-5.5542,0.6104,-1.1597,1,469,856,0
50023922,6860,-0.0508,-0.0112,1.0176,-6.1646,1.0986,-1.2207,1,465,853,0
50028926,6861,-0.0547,-0.0078,1.0151,-7.0190,1.4038,-1.4648,1,466,872,0
50033925,6862,-0.0562,-0.0166,1.0142,-7.5073,1.8311,-1.5259,1,478,876,0
50038925,6863,-0.0552,-0.0239,1.0166,-7.7515,2.0142,-1.5869,1,464,808,0
50043929,6864,-0.0532,-0.0283,1.0205,-8.3008,2.3193,-1.8311,1,478,862,0
50048928,6865,-0.0532,-0.0396,1.0205,-8.5449,2.6245,-1.8311,1,483,849,0
50053926,6866,-0.0552,-0.0498,1.0171,-8.1177,2.6245,-1.7090,1,472,874,0
50058928,6867,-0.0552,-0.0454,1.0156,-7.8735,2.6855,-1.5869,1,483,847,0
50063926,6868,-0.0547,-0.0317,1.0181,-8.4229,3.1128,-1.4648,1,483,860,0
50068925,6869,-0.0552,-0.0278,1.0210,-9.1553,3.6011,-1.5869,1,488,849,0
50073929,6870,-0.0537,-0.0356,1.0254,-9.3384,3.5400,-1.5259,1,466,846,0
50078925,6871,-0.0503,-0.0415,1.0308,-9.3384,3.9062,-1.3428,1,466,880,0
50083926,6872,-0.0488,-0.0430,1.0347,-9.6436,4.5166,-1.2817,1,466,874,0
50088927,6873,-0.0513,-0.0498,1.0259,-10.0098,5.1270,-1.0986,1,466,881,0
50093928,6874,-0.0566,-0.0605,1.0190,-10.0098,5.3101,-0.9766,1,484,873,0
50098928,6875,-0.0645,-0.0713,1.0127,-9.3994,5.0659,-0.9766,1,465,876,0
50103928,6876,-0.0684,-0.0742,1.0088,-8.9722,4.6387,-0.8545,1,473,930,0
50108922,6877,-0.0664,-0.0659,1.0107,-8.4229,4.5166,-0.6104,1,477,864,0
50113923,6878,-0.0635,-0.0566,1.0146,-8.4839,4.5166,-0.7324,1,466,870,0
50118928,6879,-0.0620,-0.0552,1.0171,-8.3618,4.5776,-0.7935,1,465,866,0
50123925,6880,-0.0640,-0.0586,1.0181,-8.1177,4.3945,-0.6714,1,465,860,0
50128931,6881,-0.0664,-0.0659,1.0186,-7.9346,4.2114,-0.5493,1,465,857,0
50133927,6882,-0.0688,-0.0767,1.0186,-7.5073,3.7842,-0.5493,1,510,864,0
50138925,6883,-0.0684,-0.0859,1.0181,-6.7749,3.4180,-0.5493,1,475,879,0
50143926,6884,-0.0645,-0.0874,1.0190,-5.9814,3.2349,-0.4272,1,493,800,0
50148928,6885,-0.0659,-0.0840,1.0156,-5.3101,2.8687,-0.5493,1,475,862,0
50153924,6886,-0.0737,-0.0811,1.0083,-4.6997,2.3193,-0.6104,1,479,849,0
50158928,6887,-0.0776,-0.0776,1.0068,-4.3335,1.7090,-0.6104,1,471,849,0
50163930,6888,-0.0728,-0.0723,1.0156,-3.9673,1.3428,-0.4883,1,490,872,0
50168927,6889,-0.0654,-0.0718,1.0239,-3.7231,1.0986,-0.6104,1,480,847,0
50173923,6890,-0.0635,-0.0767,1.0259,-3.4180,0.9155,-0.4883,1,487,850,0
50178924,6891,-0.0645,-0.0781,1.0244,-2.9907,0.7324,-0.3052,1,465,845,0
50183927,6892,-0.0659,-0.0771,1.0225,-2.6245,0.6714,-0.3052,1,466,874,0
50188927,6893,-0.0674,-0.0771,1.0205,-2.5024,0.3662,-0.1831,1,483,877,0
50193923,6894,-0.0669,-0.0801,1.0190,-2.0752,0.1831,-0.0610,1,466,880,0
50198926,6895,-0.0669,-0.0820,1.0171,-1.4648,0.0610,-0.0610,1,484,857,0
50203924,6896,-0.0708,-0.0796,1.0146,-0.9766,-0.1221,-0.1221,1,465,896,0
50208923,6897,-0.0742,-0.0767,1.0117,-0.6104,-0.6714,-0.2441,1,471,857,0
50213922,6898,-0.0732,-0.0757,1.0122,-0.0610,-1.3428,-0.1221,1,475,873,0
50218925,6899,-0.0679,-0.0747,1.0151,0.3662,-1.4648,-0.1221,1,481,872,0
50223934,6900,-0.0674,-0.0732,1.0142,0.6104,-1.3428,-0.2441,1,483,859,0
50228954,6901,-0.0703,-0.0728,1.0127,0.7935,-1.8311,-0.3052,1,475,855,0
50233926,6902,-0.0703,-0.0713,1.0142,1.2207,-2.0142,-0.3662,1,478,846,0
50238923,6903,-0.0688,-0.0698,1.0156,1.5869,-2.1973,-0.4272,1,466,872,0
50243927,6904,-0.0664,-0.0703,1.0166,2.0142,-2.5024,-0.4272,1,494,883,0
50248928,6905,-0.0664,-0.0732,1.0146,2.1973,-2.7466,-0.3662,1,467,824,0
50253928,6906,-0.0688,-0.0762,1.0107,2.7466,-3.0518,-0.4883,1,478,854,0
50258927,6907,-0.0674,-0.0752,1.0103,3.3569,-3.2349,-0.4883,1,488,846,0
50263922,6908,-0.0630,-0.0723,1.0137,3.6621,-3.3569,-0.6104,1,477,867,0
50268925,6909,-0.0601,-0.0708,1.0161,4.1504,-3.4790,-0.4883,1,483,849,0
50273923,6910,-0.0610,-0.0693,1.0171,4.3335,-3.4180,-0.6104,1,488,842,0
50278929,6911,-0.0630,-0.0688,1.0166,4.7607,-3.5400,-0.7935,1,493,845,0
50283931,6912,-0.0630,-0.0698,1.0151,5.0049,-3.5400,-0.6714,1,466,878,0
50288922,6913,-0.0605,-0.0723,1.0146,5.5542,-3.5400,-0.7324,1,466,875,0
50293925,6914,-0.0596,-0.0718,1.0146,6.1035,-3.4790,-0.7324,1,483,880,0
50298923,6915,-0.0605,-0.0669,1.0151,6.4087,-3.5400,-0.6104,1,466,869,0
50303924,6916,-0.0605,-0.0596,1.0166,6.4697,-3.4180,-0.7324,1,484,807,0
50308930,6917,-0.0576,-0.0557,1.0195,6.5308,-3.1738,-0.6714,1,475,910,0
50313922,6918,-0.0566,-0.0552,1.0215,6.6528,-3.1128,-0.6104,1,475,870,0
50318930,6919,-0.0605,-0.0562,1.0181,6.7749,-3.1128,-0.6714,1,467,867,0
50323928,6920,-0.0654,-0.0586,1.0142,6.7749,-3.2959,-0.7935,1,465,873,0
50328926,6921,-0.0659,-0.0596,1.0156,7.0190,-3.6011,-0.7935,1,475,861,0
50333926,6922,-0.0605,-0.0571,1.0215,7.2021,-3.6621,-0.7935,1,478,855,0
50338926,6923,-0.0537,-0.0527,1.0269,7.1411,-3.5400,-0.8545,1,510,862,0
50343923,6924,-0.0537,-0.0503,1.0254,6.8970,-3.2959,-0.9766,1,473,881,0
50348925,6925,-0.0601,-0.0498,1.0195,6.8970,-3.6621,-1.0376,1,493,799,0
50353927,6926,-0.0640,-0.0503,1.0156,6.8970,-4.2114,-1.2207,1,491,858,0
50358928,6927,-0.0620,-0.0522,1.0161,6.8970,-4.4556,-1.2817,1,476,850,0
50363923,6928,-0.0576,-0.0547,1.0186,7.0190,-4.5166,-1.2817,1,486,856,0
50368924,6929,-0.0571,-0.0537,1.0190,7.2021,-4.5776,-1.5259,1,490,872,0
50373926,6930,-0.0591,-0.0508,1.0171,7.1411,-4.8218,-1.4648,1,478,857,0
50378929,6931,-0.0576,-0.0488,1.0166,7.3242,-5.0049,-1.5259,1,481,846,0
50383923,6932,-0.0532,-0.0479,1.0181,7.3853,-5.1270,-1.4038,1,493,853,0
50388923,6933,-0.0513,-0.0454,1.0200,7.2021,-4.9438,-1.2207,1,466,875,0
50393930,6934,-0.0518,-0.0425,1.0234,7.0190,-5.0049,-1.2207,1,466,882,0
50398930,6935,-0.0522,-0.0415,1.0269,6.7749,-5.1270,-1.1597,1,466,871,0
50403929,6936,-0.0498,-0.0420,1.0283,6.6528,-5.1270,-1.0986,1,484,872,0
50408925,6937,-0.0464,-0.0415,1.0269,6.4697,-4.9438,-1.0376,1,465,883,0
50413924,6938,-0.0474,-0.0396,1.0239,6.2256,-4.6997,-1.0986,1,481,919,0
50418926,6939,-0.0493,-0.0386,1.0225,5.9204,-4.9438,-0.9155,1,468,871,0
50423927,6940,-0.0493,-0.0400,1.0234,5.7983,-4.6997,-0.7324,1,472,881,0
50428934,6941,-0.0498,-0.0410,1.0234,5.7983,-4.6997,-0.6714,1,481,885,0
50433925,6942,-0.0527,-0.0396,1.0195,5.7373,-5.0049,-0.6104,1,480,866,0
50438929,6943,-0.0571,-0.0410,1.0137,5.3711,-5.7373,-0.5493,1,484,855,0
50443928,6944,-0.0596,-0.0469,1.0088,5.5542,-6.1646,-0.6104,1,466,880,0
50448927,6945,-0.0615,-0.0488,1.0068,6.1646,-6.6528,-0.7324,1,494,790,0
50453926,6946,-0.0615,-0.0459,1.0083,6.4087,-7.5684,-0.7935,1,483,828,0
50458931,6947,-0.0576,-0.0430,1.0122,6.4087,-8.3008,-0.6714,1,475,847,0
50463927,6948,-0.0537,-0.0435,1.0151,6.7749,-8.6060,-0.7324,1,481,844,0
50468923,6949,-0.0522,-0.0435,1.0166,7.0801,-9.1553,-0.8545,1,488,875,0
50473928,6950,-0.0518,-0.0420,1.0166,7.2021,-9.7046,-0.9155,1,485,843,0
50478925,6951,-0.0508,-0.0391,1.0176,7.3853,-9.8877,-1.0376,1,488,848,0
50483926,6952,-0.0459,-0.0386,1.0210,7.5073,-9.9487,-1.0986,1,466,840,0
50488929,6953,-0.0420,-0.0410,1.0215,7.5073,-9.8267,-1.2207,1,466,878,0
50493925,6954,-0.0464,-0.0396,1.0166,7.6904,-10.0098,-1.2207,1,484,877,0
50498929,6955,-0.0537,-0.0342,1.0127,7.7515,-10.9253,-1.0986,1,465,875,0
50503923,6956,-0.0527,-0.0312,1.0142,7.5684,-11.7187,-1.0376,1,484,885,0
50508924,6957,-0.0449,-0.0303,1.0215,7.6294,-12.0239,-0.9766,1,472,865,0
50513928,6958,-0.0376,-0.0283,1.0278,7.5073,-11.7187,-1.0376,1,479,882,0
50518925,6959,-0.0337,-0.0254,1.0308,7.3242,-11.4136,-1.0376,1,478,890,0
50523923,6960,-0.0342,-0.0229,1.0303,7.0190,-11.1694,-1.0986,1,465,891,0
50528939,6961,-0.0332,-0.0244,1.0273,6.5918,-10.8643,-1.0376,1,474,877,0
50533931,6962,-0.0327,-0.0254,1.0244,6.6528,-10.1318,-1.0376,1,466,878,0
50538924,6963,-0.0361,-0.0229,1.0225,6.3477,-10.1318,-1.0376,1,483,881,0
50543925,6964,-0.0347,-0.0234,1.0239,5.9814,-10.1318,-1.0376,1,466,895,0
50548930,6965,-0.0322,-0.0254,1.0259,5.8594,-9.7046,-0.9766,1,494,896,0
50553930,6966,-0.0342,-0.0273,1.0244,5.6763,-9.6436,-0.9155,1,475,854,0
50558926,6967,-0.0381,-0.0293,1.0200,5.7983,-10.0708,-0.9155,1,485,853,0
50563922,6968,-0.0410,-0.0273,1.0171,5.7983,-10.3760,-0.9766,1,475,860,0
50568926,6969,-0.0400,-0.0234,1.0171,5.7373,-10.6812,-0.9766,1,478,863,0
50573922,6970,-0.0366,-0.0215,1.0200,5.5542,-10.9863,-0.9766,1,483,861,0
50578927,6971,-0.0312,-0.0215,1.0244,5.3711,-11.0474,-1.0376,1,471,863,0
50583927,6972,-0.0259,-0.0195,1.0249,5.3101,-10.6812,-1.0376,1,493,887,0
50588935,6973,-0.0259,-0.0146,1.0225,5.0659,-10.1318,-1.0376,1,466,890,0
50593931,6974,-0.0308,-0.0088,1.0195,4.5776,-10.0098,-0.7324,1,466,895,0
50598927,6975,-0.0337,-0.0049,1.0166,4.0283,-10.1929,-0.3052,1,483,882,0
50603928,6976,-0.0337,-0.0063,1.0146,3.7231,-10.2539,-0.3662,1,477,875,0
50608922,6977,-0.0371,-0.0117,1.0112,3.7231,-10.2539,-0.4272,1,465,891,0
50613928,6978,-0.0425,-0.0181,1.0068,3.6621,-10.6812,-0.4883,1,476,930,0
50618928,6979,-0.0483,-0.0205,1.0029,3.9062,-11.2305,-0.5493,1,475,881,0
50623928,6980,-0.0566,-0.0195,1.0000,4.1504,-12.1460,-0.7935,1,482,895,0
50628924,6981,-0.0596,-0.0186,1.0010,4.2114,-13.7329,-0.9155,1,469,888,0
50633940,6982,-0.0576,-0.0166,1.0063,4.5776,-14.9536,-1.2817,1,477,877,0
50638931,6983,-0.0576,-0.0132,1.0083,4.5776,-16.4185,-1.2817,1,482,889,0
50643925,6984,-0.0576,-0.0156,1.0059,4.6997,-17.8223,-1.7090,1,510,875,0
50648922,6985,-0.0566,-0.0195,1.0029,4.9438,-19.6533,-2.0142,1,484,888,0
50653929,6986,-0.0522,-0.0166,1.0059,5.4321,-20.8130,-2.3804,1,465,820,0
50658927,6987,-0.0527,-0.0068,1.0088,5.3711,-21.7285,-2.8687,1,482,876,0
50663923,6988,-0.0645,0.0005,1.0068,5.1270,-23.3765,-3.2349,1,473,864,0
50668926,6989,-0.0791,0.0029,1.0063,4.8828,-26.0010,-3.4180,1,477,858,0
50673928,6990,-0.0908,-0.0044,1.0083,4.4556,-29.1748,-3.9062,1,485,888,0
50678923,6991,-0.1064,-0.0200,1.0088,4.8828,-33.2642,-5.0659,1,490,865,0
50683926,6992,-0.1118,-0.0293,1.0103,5.7983,-38.5742,-5.9814,1,492,862,0
50688929,6993,-0.1011,-0.0283,1.0146,6.0425,-42.5415,-6.8970,1,466,926,0
50693926,6994,-0.0898,-0.0254,1.0200,6.2866,-46.5698,-7.5684,1,466,897,0
50698922,6995,-0.0811,-0.0239,1.0264,6.4697,-50.7812,-8.3618,1,482,901,0
50703927,6996,-0.0659,-0.0259,1.0347,6.2256,-54.9316,-8.9722,1,466,899,0
50708930,6997,-0.0400,-0.0288,1.0464,6.3477,-57.9224,-9.9487,1,484,887,0
50713928,6998,-0.0122,-0.0278,1.0571,6.1646,-59.5703,-11.5356,1,467,899,0
50718928,6999,0.0093,-0.0273,1.0630,5.7373,-60.8520,-12.8784,1,475,949,0
50723928,7000,0.0220,-0.0342,1.0649,5.1880,-62.5000,-14.2212,1,478,905,0
50728925,7001,0.0371,-0.0415,1.0679,4.6997,-64.6362,-15.8081,1,465,907,0
50733922,7002,0.0659,-0.0449,1.0732,4.4556,-66.3452,-17.5781,1,472,913,0
50738925,7003,0.1006,-0.0493,1.0776,4.9438,-66.8945,-19.0430,1,475,890,0
50743930,7004,0.1128,-0.0464,1.0776,6.0425,-66.4062,-20.5078,1,483,885,0
50748923,7005,0.0913,-0.0400,1.0811,6.1646,-69.2749,-22.4609,1,466,936,0
50753925,7006,0.0732,-0.0483,1.0806,7.0190,-74.6460,-24.1089,1,494,905,0
50758927,7007,0.0811,-0.0732,1.0791,10.3760,-74.9512,-25.0244,1,471,829,0
50763928,7008,0.0864,-0.1035,1.0869,14.4043,-75.0732,-25.7568,1,478,848,0
50768922,7009,0.0767,-0.1401,1.0986,19.8975,-74.6460,-26.7334,1,483,911,0
50773922,7010,0.0591,-0.1929,1.1245,27.6489,-75.8667,-27.1606,1,490,892,0
50778924,7011,0.0137,-0.2720,1.1748,38.3301,-79.1626,-29.2969,1,476,922,0
50783925,7012,-0.0562,-0.3979,1.2456,52.6123,-89.9048,-32.8369,1,483,887,0
50788929,7013,-0.1289,-0.5615,1.3418,73.7305,-103.5767,-35.4004,1,493,905,0
50793931,7014,-0.1938,-0.7476,1.4678,101.9287,-123.2910,-39.7339,1,466,921,0
50798924,7015,-0.2622,-0.9561,1.6201,135.5591,-146.6064,-44.8608,1,466,942,0
50803929,7016,-0.3125,-1.1826,1.7998,179.0161,-173.4009,-48.3398,1,483,933,0
50808925,7017,-0.2944,-1.4390,2.0210,226.9897,-196.5942,-48.1567,1,465,945,0
50813924,7018,-0.2700,-1.7002,2.2603,278.6865,-209.4116,-42.6025,1,484,955,0
50818924,7019,-0.3638,-1.9116,2.3745,337.5244,-217.3462,-33.5693,1,467,927,0
50823927,7020,-0.4619,-1.9570,2.2754,402.8320,-225.7690,-23.1323,1,472,946,0
50828922,7021,-0.2578,-1.8223,2.0415,465.4541,-234.5581,-12.3901,1,474,993,0
50833924,7022,0.1699,-1.7007,1.7808,523.4985,-224.1211,-4.5166,1,466,936,0
50838925,7023,0.4634,-1.5820,1.5566,571.9604,-211.1206,5.5542,1,466,919,0
50843951,7024,0.6162,-1.1704,1.6353,579.1626,-211.6699,32.9590,1,465,904,0
50848930,7025,1.2964,-0.8296,2.2666,479.0039,-222.2900,81.9702,1,479,918,0
50853927,7026,2.2085,-1.1294,3.0298,340.8813,-139.9536,104.4311,1,511,926,0
50858928,7027,2.0610,-1.4907,3.1621,286.4990,-21.6064,100.1587,1,490,947,0
50863925,7028,1.0498,-1.3291,2.5479,246.0327,17.5781,93.1396,1,465,940,0
50868930,7029,0.3608,-0.9487,1.7852,183.4106,28.4424,75.0122,1,489,938,0
50873922,7030,0.3540,-0.7124,1.3154,133.8501,49.9878,55.6641,1,481,869,0
50878926,7031,0.5234,-0.6494,1.1006,98.9990,72.3267,39.3066,1,474,903,0
50883931,7032,0.4653,-0.6621,0.9995,64.0869,82.1533,22.7051,1,478,895,0
50888929,7033,0.2612,-0.6992,0.9824,37.9639,78.9185,10.0098,1,485,902,0
50893926,7034,0.1294,-0.7437,1.0469,18.4937,75.7446,1.0986,1,490,884,0
50898927,7035,0.1045,-0.8096,1.1548,-0.1831,79.1626,-4.0283,1,466,876,0
50903925,7036,0.1074,-0.9136,1.2476,-13.4277,85.6323,-3.6011,1,466,890,0
50908922,7037,0.1016,-1.0449,1.2866,-22.1558,93.9331,1.8311,1,483,920,0
50913924,7038,0.0669,-1.1973,1.2681,-27.2217,103.5156,12.3901,1,466,911,0
50918925,7039,-0.0127,-1.3423,1.2065,-26.8555,109.7412,28.9307,1,484,939,0
50923929,7040,-0.1001,-1.4355,1.1216,-22.7661,110.5957,50.6592,1,466,927,0
50928927,7041,-0.1372,-1.4717,1.0400,-16.9678,109.6802,74.6460,1,467,935,0
50933924,7042,-0.1187,-1.4873,0.9839,-9.9487,109.8022,99.7925,1,477,914,0
50938924,7043,-0.1108,-1.5098,0.9556,-1.7090,111.5723,125.4272,1,466,924,0
50943930,7044,-0.1577,-1.5273,0.9478,6.5308,111.4502,151.7944,1,470,923,0
50948928,7045,-0.2202,-1.5176,0.9600,13.5498,108.5205,178.5278,1,465,904,0
50953923,7046,-0.2373,-1.4634,0.9868,18.2495,105.5908,204.5288,1,483,931,0
50958930,7047,-0.1260,-1.2603,1.0288,19.5312,109.0698,249.1455,1,466,941,0
50963931,7048,-0.0576,-1.1353,1.0044,17.0898,114.3799,266.6016,1,494,972,0
50968923,7049,-0.0151,-1.0015,0.9458,12.0850,119.2627,280.7617,1,476,926,0
50973926,7050,0.0112,-0.8608,0.8765,4.8828,122.4976,291.6870,1,488,860,0
50978924,7051,0.0278,-0.7173,0.8267,-4.2725,125.2441,298.9502,1,476,893,0
50983931,7052,0.0381,-0.5854,0.8052,-15.5029,125.9155,303.0396,1,490,890,0
50988929,7053,0.0576,-0.4814,0.7959,-27.0386,125.3052,304.8096,1,473,930,0
50993928,7054,0.0796,-0.4028,0.7852,-38.2690,125.0610,304.8706,1,481,903,0
50998924,7055,0.0859,-0.3467,0.7729,-49.5605,124.5117,303.2837,1,493,898,0
51003922,7056,0.0815,-0.3091,0.7773,-59.9976,122.1313,300.7202,1,466,939,0
51008927,7057,0.0928,-0.2920,0.8105,-69.3359,119.3237,297.6074,1,484,933,0
51013928,7058,0.1328,-0.2974,0.8677,-76.8433,117.7368,294.6167,1,466,932,0
51018926,7059,0.1914,-0.3198,0.9331,-82.0312,118.2251,292.1753,1,484,936,0
51023929,7060,0.2446,-0.3481,1.0010,-84.9609,120.7886,290.1611,1,467,930,0
51028925,7061,0.2754,-0.3726,1.0674,-85.8765,124.6948,288.3301,1,474,935,0
51033924,7062,0.2769,-0.3896,1.1226,-85.2051,128.9062,286.8652,1,482,923,0
51038925,7063,0.2593,-0.3950,1.1582,-82.9468,132.8125,285.4614,1,470,956,0
51043924,7064,0.2422,-0.3916,1.1733,-80.0171,135.7422,283.8135,1,476,935,0
51048925,7065,0.2349,-0.3833,1.1733,-77.3315,138.4277,281.9214,1,478,903,0
51053923,7066,0.2241,-0.3677,1.1626,-74.5850,140.4419,279.5410,1,510,915,0
51058930,7067,0.2036,-0.3418,1.1499,-72.6929,141.3574,276.1841,1,466,926,0
51063928,7068,0.1860,-0.3125,1.1465,-72.1436,141.5405,272.0947,1,494,927,0
51068924,7069,0.1821,-0.2905,1.1528,-72.6318,141.6016,267.5171,1,483,925,0
51073927,7070,0.1841,-0.2788,1.1636,-73.9136,142.8833,262.2070,1,490,852,0
51078925,7071,0.1782,-0.2729,1.1758,-75.8667,144.4092,256.5918,1,476,898,0
51083929,7072,0.1631,-0.2700,1.1938,-78.2471,146.1182,250.7324,1,490,898,0
51088925,7073,0.1431,-0.2749,1.2192,-80.6274,147.8882,244.6899,1,471,900,0
51093928,7074,0.1255,-0.2837,1.2495,-83.0078,149.2310,239.1357,1,485,915,0
51098929,7075,0.1152,-0.2930,1.2856,-85.8154,151.1230,234.0088,1,493,913,0
51103929,7076,0.1099,-0.3086,1.3296,-89.1724,153.7476,229.4922,1,466,940,0
51108923,7077,0.1074,-0.3335,1.3779,-91.7358,156.9214,225.9521,1,483,932,0
51113928,7078,0.1099,-0.3599,1.4243,-93.3227,160.5225,222.9614,1,465,946,0
51118923,7079,0.1157,-0.3716,1.4648,-94.0552,164.4897,220.5200,1,484,942,0
51123930,7080,0.1284,-0.3594,1.5078,-95.5810,168.7622,217.9565,1,475,935,0
51128929,7081,0.1548,-0.3340,1.5615,-98.6328,173.7671,215.4541,1,476,900,0
51133922,7082,0.1919,-0.3115,1.6196,-102.4170,180.6640,213.0127,1,482,1001,0
51138928,7083,0.2202,-0.3022,1.6631,-106.6894,189.0259,210.5102,1,477,945,0
51143931,7084,0.2246,-0.3062,1.6768,-110.1074,196.7773,208.5571,1,480,944,0
51148923,7085,0.2144,-0.3110,1.6709,-112.3657,202.5146,206.5430,1,478,932,0
51153929,7086,0.2080,-0.3071,1.6621,-113.5864,206.5430,204.8950,1,510,931,0
51158927,7087,0.2139,-0.2949,1.6553,-114.1357,209.7168,203.4302,1,465,951,0
51163927,7088,0.2241,-0.2764,1.6465,-114.2578,212.4023,201.6601,1,493,948,0
51168931,7089,0.2310,-0.2495,1.6367,-114.3188,214.3555,199.4018,1,491,953,0
51173929,7090,0.2388,-0.2168,1.6294,-114.5630,215.2099,196.7773,1,473,852,0
51178925,7091,0.2505,-0.1831,1.6304,-114.7461,216.0034,193.5425,1,486,935,0
51183926,7092,0.2646,-0.1553,1.6436,-115.4175,216.7358,189.5141,1,479,915,0
51188930,7093,0.2734,-0.1357,1.6660,-116.2109,217.8345,185.0586,1,488,927,0
51193928,7094,0.2676,-0.1172,1.6938,-116.7602,218.7500,180.3589,1,487,925,0
51198927,7095,0.2559,-0.0977,1.7339,-117.9809,219.3603,175.3540,1,465,923,0
51203924,7096,0.2554,-0.0825,1.7876,-119.1406,220.5200,170.4712,1,466,946,0
51208924,7097,0.2705,-0.0737,1.8418,-119.8730,223.3887,165.7715,1,483,945,0
51213927,7098,0.2905,-0.0654,1.8779,-120.1172,227.4780,160.9497,1,465,951,0
51218923,7099,0.3091,-0.0547,1.8872,-119.8120,231.4453,156.0059,1,484,950,0
51223928,7100,0.3228,-0.0386,1.8721,-118.7744,234.8633,150.8179,1,473,925,0
51228924,7101,0.3354,-0.0210,1.8442,-117.4316,237.4267,145.3247,1,472,936,0
51233923,7102,0.3496,-0.0049,1.8125,-115.3564,239.0747,139.9536,1,479,992,0
51238928,7103,0.3628,0.0132,1.7832,-112.8540,240.2954,133.8501,1,480,933,0
51243930,7104,0.3730,0.0332,1.7617,-110.6567,240.7837,127.4414,1,465,937,0
51248952,7105,0.3862,0.0518,1.7485,-108.5815,240.8447,120.9717,1,465,950,0
51253923,7106,0.4028,0.0713,1.7339,-106.2012,240.6006,114.1968,1,484,931,0
51258925,7107,0.4194,0.0884,1.7095,-104.6143,240.1123,107.1167,1,466,935,0
51263930,7108,0.4336,0.1001,1.6738,-102.7222,239.0747,100.1587,1,494,940,0
51268927,7109,0.4463,0.1104,1.6265,-100.4639,237.3657,93.2617,1,466,935,0
51273928,7110,0.4580,0.1255,1.5713,-98.2056,235.1684,86.3037,1,492,942,0
51278925,7111,0.4634,0.1479,1.5122,-96.1914,232.2998,79.1626,1,471,921,0
51283925,7112,0.4546,0.1802,1.4575,-94.4214,227.9663,71.4111,1,485,908,0
51288922,7113,0.4395,0.2158,1.4248,-93.5059,221.9848,63.0493,1,492,907,0
51293931,7114,0.4448,0.2378,1.4258,-93.6279,215.9424,54.3213,1,482,915,0
51298925,7115,0.4790,0.2354,1.4487,-93.5669,211.9751,46.0205,1,493,915,0
51303925,7116,0.5186,0.2129,1.4604,-92.8955,209.7778,38.5742,1,466,937,0
51308922,7117,0.5391,0.1807,1.4355,-91.7358,207.4585,31.9214,1,466,938,0
51313922,7118,0.5425,0.1514,1.3779,-89.9048,203.7964,26.2451,1,483,937,0
51318928,7119,0.5454,0.1348,1.3110,-87.8296,198.7915,21.9116,1,469,940,0
51323927,7120,0.5620,0.1206,1.2593,-86.3037,193.4204,18.6157,1,484,946,0
51328924,7121,0.5942,0.0942,1.2295,-84.4116,188.3545,16.6016,1,476,868,0
51333928,7122,0.6343,0.0610,1.2100,-81.6650,182.8613,16.0522,1,465,959,0
51338924,7123,0.6738,0.0303,1.1914,-78.8574,177.0019,16.5405,1,465,922,0
51343930,7124,0.7056,0.0049,1.1733,-75.2563,170.6543,18.1274,1,472,924,0
51348929,7125,0.7378,-0.0142,1.1626,-71.7163,163.4521,20.5078,1,472,921,0
51353928,7126,0.7876,-0.0249,1.1582,-68.0542,156.7383,23.4375,1,475,915,0
51358928,7127,0.8525,-0.0283,1.1362,-64.1479,151.5503,26.8555,1,484,907,0
51363929,7128,0.9077,-0.0215,1.0688,-60.2417,147.2168,30.3955,1,466,932,0
51368930,7129,0.9336,0.0015,0.9473,-56.1523,140.8691,33.6304,1,494,929,0
51373926,7130,0.9404,0.0400,0.8008,-52.3071,130.9814,35.8887,1,471,916,0
51378928,7131,0.9551,0.0811,0.6841,-49.1943,118.2251,37.2314,1,475,814,0
51383925,7132,0.9922,0.1021,0.6299,-46.3257,103.8818,37.8418,1,481,907,0
51388923,7133,1.0371,0.0967,0.6230,-42.8467,89.9658,38.2690,1,476,896,0
51393929,7134,1.0684,0.0820,0.6323,-38.5132,76.2939,38.3911,1,487,922,0
51398930,7135,1.0879,0.0688,0.6440,-34.4238,61.5845,38.1470,1,492,889,0
51403925,7136,1.1157,0.0493,0.6592,-30.0903,46.3257,37.7808,1,493,895,0
51408941,7137,1.1621,0.0190,0.6753,-24.5972,31.3721,37.4146,1,466,896,0
51413928,7138,1.2134,-0.0117,0.6831,-18.2495,17.8833,36.7432,1,466,925,0
51418928,7139,1.2563,-0.0239,0.6812,-12.3901,4.3945,35.4614,1,484,920,0
51423922,7140,1.2983,-0.0254,0.6841,-8.1787,-9.3384,33.2642,1,478,919,0
51428922,7141,1.3477,-0.0503,0.7109,-4.5166,-22.3389,30.5176,1,465,837,0
51433929,7142,1.3940,-0.1074,0.7573,-0.3052,-34.3018,28.0762,1,474,911,0
51438928,7143,1.4263,-0.1685,0.7993,4.3945,-46.2036,26.0620,1,470,894,0
51443930,7144,1.4409,-0.2207,0.8228,8.5449,-58.4717,24.1089,1,476,911,0
51448927,7145,1.4722,-0.2773,0.8398,12.5732,-72.7539,22.3999,1,475,909,0
51453928,7146,1.6245,-0.0181,0.3320,20.5078,-124.6948,13.4888,1,465,938,0
51458931,7147,0.7456,0.4990,-0.9751,6.6528,-250.8545,-9.2163,1,482,920,0
51463929,7148,-0.9707,0.3350,-1.2266,-82.5806,-302.1851,-32.1045,1,510,888,0
51468924,7149,-1.0513,-0.4756,0.2700,-84.7778,-323.4253,-8.0566,1,466,917,0
51473925,7150,-0.1040,-1.0601,1.4326,-46.5088,-272.5830,2.5024,1,494,923,0
51478925,7151,-0.4512,-1.4946,1.4253,-53.5889,-183.5327,-24.0478,1,464,807,0
51483922,7152,-1.4678,-1.8076,0.7598,-2.6245,-237.1826,-5.8594,1,480,841,0
51488929,7153,-1.6396,-1.5151,-0.0552,62.9883,-308.2886,14.2822,1,492,884,0
51493927,7154,-1.0547,-0.9131,-0.4438,67.9932,-347.2290,6.8359,1,475,910,0
51498923,7155,-0.2427,-0.5991,-0.2495,65.6738,-407.5317,14.0381,1,484,910,0
51503925,7156,0.3833,-0.5439,0.3540,60.1196,-450.3174,35.0342,1,471,907,0
51508929,7157,0.6045,-0.4722,1.2109,42.1143,-456.5429,49.4995,1,487,906,0
51513929,7158,0.5342,-0.3398,2.0820,29.9683,-447.4487,59.9976,1,493,914,0
51518928,7159,0.4521,-0.1431,2.7241,25.3906,-431.3354,67.6880,1,466,939,0
51523930,7160,0.5718,0.2402,3.0732,35.6445,-408.0200,70.1294,1,483,941,0
51528927,7161,0.8462,0.8433,3.1392,51.2695,-370.1172,60.9131,1,465,925,0
51533925,7162,0.9819,1.4233,2.9644,53.7720,-321.2280,38.1470,1,484,936,0
51538923,7163,0.8140,1.6680,2.6982,47.0581,-281.6772,11.4136,1,468,923,0
51543928,7164,0.5454,1.4746,2.5088,40.1611,-256.7749,-9.9487,1,474,941,0
51548927,7165,0.4155,0.9668,2.3940,33.1421,-232.1777,-23.9258,1,470,917,0
51553926,7166,0.3882,0.3750,2.2090,24.5972,-204.9560,-30.8838,1,474,925,0
51558930,7167,0.3071,-0.1426,1.8926,12.0850,-183.7768,-30.4565,1,479,921,0
51563946,7168,0.1519,-0.5278,1.5488,1.8311,-173.8281,-23.9868,1,478,941,0
51568925,7169,-0.0439,-0.8389,1.3330,-1.4038,-168.8843,-13.6719,1,482,910,0
51573923,7170,-0.2979,-1.2495,1.4536,11.4746,-164.7339,3.2349,1,511,905,0
51578926,7171,-0.2275,-1.4980,1.8677,55.6030,-179.0771,23.6816,1,466,932,0
51583925,7172,0.3032,-1.3198,2.1616,84.9609,-167.5415,34.8511,1,494,947,0
51588922,7173,0.6182,-1.0396,2.1333,85.3882,-121.8872,37.6587,1,483,878,0
51593926,7174,0.4429,-0.7646,1.9028,106.6284,-102.2949,40.5273,1,471,917,0
51598927,7175,0.1602,-0.3945,1.6089,127.6245,-101.7456,44.4336,1,476,921,0
51603925,7176,0.0039,-0.0684,1.3872,125.2441,-91.0644,40.6494,1,479,913,0
51608923,7177,-0.0508,0.0894,1.3164,123.2910,-82.6416,36.1328,1,479,912,0
51613928,7178,-0.0239,0.1016,1.3457,121.6431,-79.5898,34.4238,1,488,902,0
51618922,7179,0.0464,0.0557,1.3975,115.9668,-70.9839,32.1045,1,493,899,0
51623948,7180,0.0786,0.0591,1.4346,112.0605,-61.0352,31.0059,1,466,917,0
51628930,7181,0.0522,0.1548,1.4316,106.4453,-53.0395,29.1748,1,466,926,0
51633928,7182,-0.0039,0.2778,1.3755,96.5576,-45.7153,25.5127,1,484,945,0
51638927,7183,-0.0674,0.3447,1.3027,85.0830,-41.4429,22.1558,1,478,937,0
51643925,7184,-0.1045,0.3550,1.2793,72.9980,-40.4053,18.9819,1,465,922,0
51648928,7185,-0.0854,0.3506,1.3105,60.4248,-40.0391,15.6250,1,465,916,0
51653928,7186,-0.0347,0.3291,1.3281,47.6074,-35.8887,12.2681,1,467,974,0
51658926,7187,-0.0269,0.2598,1.2783,36.5601,-29.4800,9.0332,1,473,919,0
51663922,7188,-0.0781,0.1621,1.1831,28.1372,-27.4658,7.2021,1,479,899,0
51668931,7189,-0.1226,0.0928,1.1118,22.4609,-29.1748,6.2866,1,466,907,0
51673954,7190,-0.1157,0.0811,1.0986,17.5171,-29.8462,5.4321,1,478,902,0
51678924,7191,-0.0879,0.1011,1.1157,12.2681,-27.8320,3.8452,1,483,890,0
51683929,7192,-0.0708,0.1040,1.1211,6.6528,-26.3062,2.1973,1,466,914,0
51688922,7193,-0.0679,0.0635,1.1025,2.4414,-24.8413,1.0376,1,492,892,0
51693926,7194,-0.0757,-0.0020,1.0786,0.5493,-23.9258,0.3662,1,466,822,0
51698928,7195,-0.0859,-0.0508,1.0596,0.3052,-23.3765,-0.0610,1,492,874,0
51703926,7196,-0.0918,-0.0635,1.0449,0.6104,-22.7661,-0.3052,1,476,856,0
51708929,7197,-0.0864,-0.0522,1.0425,0.1831,-22.2778,-0.4272,1,485,860,0
51713925,7198,-0.0742,-0.0444,1.0513,-0.3662,-21.3013,-0.6714,1,480,893,0
51718922,7199,-0.0649,-0.0498,1.0576,-0.5493,-19.9585,-0.6714,1,489,866,0
51723931,7200,-0.0649,-0.0547,1.0542,-0.3662,-18.6768,-0.7935,1,492,864,0
51728938,7201,-0.0737,-0.0620,1.0410,-0.1831,-17.7612,-1.4038,1,466,858,0
51733929,7202,-0.0864,-0.0728,1.0244,0.7935,-17.7612,-1.5869,1,466,892,0
51738930,7203,-0.0947,-0.0708,1.0142,2.0752,-17.9443,-1.9531,1,484,892,0
51743928,7204,-0.0938,-0.0586,1.0137,2.3193,-18.3716,-2.3804,1,473,879,0
51748925,7205,-0.0894,-0.0537,1.0151,2.5635,-18.4937,-2.7466,1,465,902,0
51753923,7206,-0.0918,-0.0503,1.0176,3.1738,-19.1040,-2.9297,1,466,917,0
51758925,7207,-0.0864,-0.0371,1.0264,2.9907,-20.2637,-3.0518,1,465,875,0
51763926,7208,-0.0664,-0.0278,1.0391,2.0142,-20.0806,-3.1128,1,469,892,0
51768928,7209,-0.0474,-0.0361,1.0474,1.4038,-18.7378,-3.1128,1,469,842,0
51773923,7210,-0.0361,-0.0449,1.0552,1.4648,-17.6392,-2.9297,1,473,870,0
51778939,7211,-0.0273,-0.0435,1.0649,1.2207,-16.0522,-2.8076,1,479,872,0
51783924,7212,-0.0229,-0.0381,1.0688,0.7324,-13.7939,-2.7466,1,484,873,0
51788930,7213,-0.0269,-0.0425,1.0610,0.3052,-11.9629,-2.4414,1,493,899,0
51793927,7214,-0.0352,-0.0566,1.0469,0.6104,-10.6201,-2.3804,1,484,891,0
51798927,7215,-0.0449,-0.0674,1.0347,1.4038,-9.3994,-2.6855,1,466,813,0
51803923,7216,-0.0537,-0.0747,1.0264,2.5024,-8.9111,-3.2349,1,487,817,0
51808929,7217,-0.0591,-0.0801,1.0200,3.7842,-8.6060,-3.6621,1,476,856,0
51813922,7218,-0.0620,-0.0757,1.0142,5.3711,-8.4839,-4.0283,1,491,842,0
51818922,7219,-0.0620,-0.0640,1.0127,7.0190,-8.8501,-4.6387,1,485,848,0
51823930,7220,-0.0454,-0.0552,1.0269,7.9346,-8.5449,-5.1270,1,472,844,0
51828930,7221,-0.0303,-0.0464,1.0396,8.2397,-6.7139,-5.4932,1,489,854,0
51833935,7222,-0.0264,-0.0439,1.0439,8.4229,-4.8218,-5.5542,1,466,848,0
51838925,7223,-0.0225,-0.0420,1.0479,8.4839,-3.4180,-5.3711,1,466,880,0
51843923,7224,-0.0166,-0.0327,1.0552,8.3618,-1.1597,-5.2490,1,484,874,0
51848928,7225,-0.0142,-0.0259,1.0601,7.6904,1.1597,-5.1880,1,474,873,0
51853926,7226,-0.0176,-0.0308,1.0547,7.2632,3.1738,-5.0049,1,484,862,0
51858926,7227,-0.0278,-0.0332,1.0391,7.4463,4.5166,-5.0049,1,480,899,0
51863926,7228,-0.0439,-0.0337,1.0200,7.3242,5.3101,-5.1270,1,465,868,0
51868924,7229,-0.0615,-0.0410,1.0024,7.4463,5.6763,-5.3101,1,465,868,0
51873930,7230,-0.0742,-0.0464,0.9893,8.3008,5.6152,-5.4321,1,470,874,0
51878923,7231,-0.0894,-0.0498,0.9775,8.9111,5.0049,-5.7983,1,469,859,0
51883940,7232,-0.1128,-0.0581,0.9634,10.2539,3.2959,-6.3477,1,475,863,0
51888931,7233,-0.1245,-0.0669,0.9526,12.6343,0.7324,-7.0190,1,484,882,0
51893922,7234,-0.1206,-0.0757,0.9482,14.9536,-1.0376,-7.9346,1,493,882,0
51898928,7235,-0.1245,-0.0786,0.9468,17.6392,-2.9297,-9.3384,1,490,898,0
51903923,7236,-0.1362,-0.0762,0.9438,20.0806,-5.7983,-10.6201,1,464,819,0
51908926,7237,-0.1406,-0.0747,0.9429,22.7661,-8.5449,-11.3525,1,490,840,0
51913925,7238,-0.1431,-0.0728,0.9448,25.0244,-11.2305,-11.7798,1,489,869,0
51918923,7239,-0.1475,-0.0688,0.9541,26.9165,-14.8315,-12.0850,1,476,903,0
51923929,7240,-0.1357,-0.0586,0.9761,28.4424,-19.0430,-12.2681,1,486,913,0
51928931,7241,-0.1006,-0.0332,1.0088,29.2969,-21.7895,-12.7563,1,492,892,0
51933923,7242,-0.0566,-0.0059,1.0405,29.0527,-23.0713,-13.6108,1,491,905,0
51938936,7243,-0.0264,0.0059,1.0566,28.5645,-23.0103,-14.5264,1,466,924,0
51943928,7244,-0.0215,0.0127,1.0586,28.0151,-22.5220,-15.0757,1,466,920,0
51948926,7245,-0.0303,0.0273,1.0552,26.6724,-23.1934,-15.1978,1,483,927,0
51953929,7246,-0.0376,0.0430,1.0508,24.5361,-23.9258,-15.1978,1,479,927,0
51958923,7247,-0.0332,0.0469,1.0522,22.3389,-24.5361,-15.3198,1,465,917,0
51963926,7248,-0.0181,0.0405,1.0576,20.3857,-24.4751,-15.0146,1,474,879,0
51968925,7249,-0.0093,0.0381,1.0591,18.6768,-24.0478,-14.8315,1,477,969,0
51973930,7250,-0.0117,0.0420,1.0542,16.6016,-23.5596,-14.5874,1,465,915,0
51978925,7251,-0.0278,0.0430,1.0420,14.5264,-23.1934,-14.2212,1,465,920,0
51983926,7252,-0.0552,0.0376,1.0210,12.9395,-23.8647,-13.5498,1,477,930,0
51988924,7253,-0.0728,0.0225,1.0005,12.0850,-25.6958,-12.9395,1,484,914,0
51993931,7254,-0.0684,0.0044,1.0015,11.8408,-27.3437,-12.6953,1,510,904,0
51998930,7255,-0.0508,0.0010,1.0210,11.7798,-28.5645,-12.5732,1,466,928,0
52003930,7256,-0.0381,0.0127,1.0352,11.2915,-29.6631,-12.2681,1,493,920,0
52008924,7257,-0.0483,0.0259,1.0332,10.3149,-30.7617,-12.0850,1,473,851,0
52013924,7258,-0.0654,0.0283,1.0234,9.1553,-34.0576,-11.8408,1,485,867,0
52018924,7259,-0.0688,0.0186,1.0186,8.7891,-37.1704,-12.2681,1,473,886,0
52023922,7260,-0.0698,0.0176,1.0205,8.4839,-39.9780,-12.8784,1,486,896,0
52028924,7261,-0.0635,0.0342,1.0273,7.5073,-43.7622,-13.1836,1,479,884,0
52033928,7262,-0.0391,0.0493,1.0386,5.6152,-46.6309,-13.1836,1,492,889,0
52038925,7263,-0.0063,0.0532,1.0508,4.0894,-47.9736,-13.5498,1,466,909,0
52043926,7264,0.0283,0.0483,1.0610,2.5024,-48.5840,-13.6719,1,466,914,0
52048925,7265,0.0522,0.0381,1.0654,1.1597,-47.3022,-13.6108,1,465,919,0
52053925,7266,0.0493,0.0327,1.0615,-0.0610,-46.0815,-13.1226,1,484,914,0
52058930,7267,0.0312,0.0352,1.0537,-1.2817,-45.8374,-12.1460,1,466,905,0
52063928,7268,0.0166,0.0405,1.0493,-2.7466,-46.1426,-11.2305,1,478,886,0
52068930,7269,0.0215,0.0444,1.0508,-4.4556,-46.8750,-10.6812,1,483,904,0
52073924,7270,0.0288,0.0464,1.0552,-6.1646,-46.3257,-10.1318,1,469,907,0
52078928,7271,0.0029,0.0503,1.0645,-8.3618,-47.9736,-9.8267,1,479,913,0
52083926,7272,-0.0220,0.0591,1.0757,-12.1460,-55.4199,-8.7891,1,480,876,0
52088927,7273,-0.0220,0.0669,1.0859,-15.3809,-61.8286,-8.0566,1,483,892,0
52093922,7274,-0.0298,0.0708,1.0894,-18.6768,-68.9087,-8.9111,1,493,898,0
52098929,7275,-0.0591,0.0498,1.0742,-21.9116,-79.3457,-9.9487,1,475,899,0
52103926,7276,-0.1211,0.0142,1.0503,-22.7661,-87.7685,-10.1929,1,493,916,0
52108922,7277,-0.2285,0.0029,1.0391,-22.7661,-98.6328,-10.8643,1,476,852,0
52113925,7278,-0.3784,0.0186,1.0449,-23.1323,-115.2344,-13.2446,1,485,875,0
52118923,7279,-0.6001,0.0649,1.0630,-25.7568,-140.8691,-17.8223,1,491,928,0
52123923,7280,-0.8940,0.1289,1.1035,-31.4331,-180.7251,-23.5596,1,482,893,0
52128923,7281,-1.0928,0.1836,1.1851,-37.3535,-234.9853,-27.0996,1,490,935,0
52133925,7282,-1.1338,0.2651,1.2949,-46.8140,-297.8516,-27.5269,1,493,908,0
52138943,7283,-1.2261,0.3901,1.4619,-69.3359,-357.7881,-35.0342,1,466,938,0
52143923,7284,-1.3872,0.5068,1.7031,-98.5107,-436.5844,-43.3350,1,466,927,0
52148930,7285,-1.4756,0.4922,1.9688,-124.8169,-518.2495,-49.9268,1,465,948,0
52153930,7286,-1.4590,0.3135,2.1968,-149.0479,-578.6133,-63.6597,1,476,974,0
52158923,7287,-1.3613,0.1553,2.2876,-160.5835,-635.8032,-70.8008,1,465,922,0
52163930,7288,-1.3003,0.1606,2.1719,-174.8657,-697.3876,-73.0591,1,475,922,0
52168929,7289,-1.3574,0.2144,1.9175,-199.8291,-761.6577,-78.6133,1,474,965,0
52173927,7290,-1.4253,0.0908,1.5640,-211.7309,-808.0444,-84.6558,1,482,929,0
52178928,7291,-1.3062,-0.2056,1.0830,-197.9370,-846.8627,-96.4355,1,471,930,0
52183929,7292,-1.0889,-0.6587,0.5732,-169.8608,-872.4975,-111.6333,1,475,945,0
52188927,7293,-0.9282,-1.0796,0.2261,-120.8496,-917.2973,-121.7651,1,484,933,0
52193922,7294,-0.3916,-0.6655,0.4009,-63.6597,-957.5195,-115.9668,1,509,939,0
52198924,7295,1.4482,0.1509,1.4263,-38.0249,-893.9819,-81.4819,1,468,945,0
52203929,7296,3.9600,-0.0254,3.6548,-59.9365,-691.7724,-87.5244,1,494,936,0
52208929,7297,4.7563,-0.9736,5.9927,-51.8799,-446.8994,-117.0654,1,487,946,0
52213925,7298,2.9795,-1.5654,6.4941,16.7236,-247.0703,-118.1030,1,473,849,0
52218923,7299,0.1528,-1.4541,5.3052,43.5181,-122.8027,-110.2295,1,480,927,0
52223931,7300,-1.7314,-1.0645,3.9302,28.9917,-66.6504,-101.0742,1,489,918,0
52228929,7301,-1.9683,-0.8154,3.2319,25.8789,-36.6211,-85.3271,1,475,902,0
52233930,7302,-1.3853,-0.7788,2.9702,31.9824,11.7798,-74.5850,1,482,909,0
52238936,7303,-1.0068,-0.7964,2.6348,37.4756,56.6406,-66.4062,1,493,908,0
52243929,7304,-1.0488,-0.7446,2.1089,42.1753,79.9561,-57.4341,1,466,956,0
52248928,7305,-1.2021,-0.6206,1.6011,40.0391,92.0410,-51.6357,1,483,927,0
52253931,7306,-1.2246,-0.4922,1.2954,34.6680,100.7080,-48.1567,1,471,919,0
52258926,7307,-1.1030,-0.4053,1.1895,30.7007,108.9477,-45.7764,1,484,937,0
52263924,7308,-0.9292,-0.3687,1.1895,25.2075,121.2768,-45.3491,1,466,923,0
52268927,7309,-0.7871,-0.3716,1.2124,20.9351,137.6343,-45.5322,1,472,971,0
52273926,7310,-0.7207,-0.3848,1.2168,18.9209,155.0903,-45.5322,1,478,926,0
52278926,7311,-0.7217,-0.3848,1.2080,16.1743,171.0815,-45.7153,1,465,922,0
52283926,7312,-0.7280,-0.3828,1.2188,12.7563,185.3027,-45.2270,1,469,934,0
52288955,7313,-0.6777,-0.3994,1.2676,9.9487,199.4629,-43.1519,1,483,978,0
52293928,7314,-0.5557,-0.4453,1.3398,8.2397,216.9800,-39.7949,1,483,911,0
52298928,7315,-0.4043,-0.5117,1.3906,8.6060,238.5254,-35.4614,1,466,925,0
52303925,7316,-0.2886,-0.5703,1.3687,11.9019,262.3901,-29.9072,1,494,917,0
52308928,7317,-0.2441,-0.6050,1.2583,17.2119,284.1187,-23.8647,1,473,932,0
52313922,7318,-0.2651,-0.6069,1.0947,23.3154,300.2930,-17.8833,1,482,830,0
52318926,7319,-0.3062,-0.5820,0.9385,28.3203,309.0820,-11.5967,1,488,912,0
52323922,7320,-0.3081,-0.5522,0.8311,31.4331,312.2559,-4.9438,1,476,898,0
52328925,7321,-0.2578,-0.5278,0.7773,32.9590,312.9272,1.4648,1,491,912,0
52333923,7322,-0.1890,-0.5039,0.7563,33.5083,312.8052,7.7515,1,475,890,0
52338935,7323,-0.1294,-0.4668,0.7505,32.0435,312.1338,13.1836,1,493,881,0
52343925,7324,-0.0835,-0.4136,0.7559,28.4424,311.0352,17.2729,1,466,922,0
52348927,7325,-0.0415,-0.3525,0.7695,22.7661,310.2417,20.3857,1,484,919,0
52353926,7326,0.0005,-0.2983,0.7959,14.7095,309.9976,22.0947,1,470,936,0
52358926,7327,0.0322,-0.2588,0.8350,5.7373,309.8145,22.7051,1,466,909,0
52363924,7328,0.0513,-0.2275,0.8853,-3.7231,308.7769,23.1323,1,465,909,0
52368925,7329,0.0742,-0.1997,0.9580,-14.2822,307.3120,23.3765,1,472,975,0
52373923,7330,0.1245,-0.1904,1.0654,-25.6958,307.3730,23.9868,1,477,926,0
52378928,7331,0.1919,-0.2124,1.1914,-35.2173,311.3403,25.4517,1,483,935,0
52383922,7332,0.2422,-0.2524,1.2983,-42.2974,317.9932,28.0151,1,466,929,0
52388950,7333,0.2563,-0.2866,1.3633,-47.4853,325.1342,31.4331,1,483,919,0
52393929,7334,0.2437,-0.3032,1.3867,-51.2085,330.9936,35.8887,1,483,933,0
52398925,7335,0.2266,-0.3027,1.3857,-53.8330,334.8999,41.1987,1,494,933,0
52403926,7336,0.2222,-0.2881,1.3818,-55.8472,337.0971,47.1191,1,493,946,0
52408930,7337,0.2349,-0.2646,1.3843,-57.5561,338.3789,53.3447,1,464,895,0
52413926,7338,0.2524,-0.2378,1.3926,-58.7158,339.2944,59.2651,1,492,946,0
52418928,7339,0.2642,-0.2041,1.4062,-59.0820,339.3554,64.6362,1,476,894,0
52423927,7340,0.2700,-0.1626,1.4277,-59.3872,338.8061,69.2749,1,485,947,0
52428930,7341,0.2754,-0.1187,1.4600,-59.6313,338.2568,73.0591,1,475,912,0
52433929,7342,0.2812,-0.0752,1.5010,-59.4482,337.7075,75.8057,1,481,907,0
52438930,7343,0.2861,-0.0317,1.5420,-59.5093,337.6465,77.3926,1,493,926,0
52443924,7344,0.2852,0.0083,1.5732,-59.6924,338.3789,77.7588,1,466,931,0
52448925,7345,0.2778,0.0420,1.5903,-59.1431,338.5009,76.9653,1,483,931,0
52453929,7346,0.2646,0.0664,1.5977,-58.3496,338.0737,75.0732,1,465,933,0
52458923,7347,0.2500,0.0820,1.6025,-57.4341,336.3647,72.6318,1,484,936,0
52463925,7348,0.2407,0.0889,1.6143,-56.2134,333.9843,69.6411,1,466,864,0
52468922,7349,0.2417,0.0879,1.6426,-54.8706,331.5429,66.4673,1,470,934,0
52473926,7350,0.2446,0.0820,1.6865,-53.2227,329.6508,63.1714,1,478,921,0
52478928,7351,0.2363,0.0737,1.7417,-51.1475,327.7588,59.4482,1,479,930,0
52483925,7352,0.2212,0.0679,1.8086,-49.6216,325.1953,55.6030,1,465,941,0
52488926,7353,0.2192,0.0630,1.8887,-48.9502,323.4253,51.7578,1,468,914,0
52493926,7354,0.2324,0.0576,1.9761,-49.1333,323.6694,47.8516,1,483,921,0
52498922,7355,0.2529,0.0522,2.0581,-49.6826,325.7446,43.9453,1,493,923,0
52503924,7356,0.2739,0.0454,2.1260,-51.0254,329.5288,40.1611,1,473,949,0
52508926,7357,0.2891,0.0327,2.1768,-53.0395,334.5337,36.4380,1,493,942,0
52513927,7358,0.2905,0.0107,2.2056,-54.6875,340.0879,33.1421,1,492,932,0
52518924,7359,0.2793,-0.0132,2.2163,-55.7861,344.5434,30.4565,1,474,869,0
52523924,7360,0.2729,-0.0308,2.2158,-56.9458,347.7783,28.3203,1,488,927,0
52528930,7361,0.2812,-0.0386,2.2056,-57.6172,350.5859,26.4282,1,476,914,0
52533930,7362,0.2964,-0.0327,2.1846,-58.1055,352.6001,24.5972,1,481,940,0
52538928,7363,0.3115,-0.0103,2.1582,-59.6313,353.1494,22.4609,1,489,904,0
52543942,7364,0.3335,0.0171,2.1348,-62.2559,352.9663,19.8975,1,466,915,0
52548922,7365,0.3701,0.0308,2.1196,-65.5518,352.3559,17.2729,1,466,927,0
52553929,7366,0.4146,0.0166,2.1030,-68.7866,351.9897,14.6484,1,465,930,0
52558925,7367,0.4502,-0.0186,2.0698,-71.0449,350.5249,12.6343,1,480,941,0
52563923,7368,0.4780,-0.0586,2.0161,-73.2422,346.8628,11.6577,1,465,918,0
52568928,7369,0.5132,-0.0898,1.9521,-75.3784,340.8203,11.4746,1,474,878,0
52573923,7370,0.5698,-0.1094,1.8848,-77.0874,332.9467,11.8408,1,474,962,0
52578928,7371,0.6445,-0.1167,1.8120,-78.4912,324.1577,12.2681,1,482,926,0
52583923,7372,0.7202,-0.1113,1.7349,-80.0171,314.2700,12.6343,1,465,927,0
52588923,7373,0.7959,-0.1001,1.6729,-82.3364,302.6123,12.7563,1,474,903,0
52593952,7374,0.8877,-0.0928,1.6431,-84.6558,290.2222,12.6343,1,484,913,0
52598925,7375,1.0098,-0.1006,1.6328,-86.3647,278.3203,12.6343,1,483,906,0
52603930,7376,1.1597,-0.1221,1.6074,-86.2427,268.1885,12.8174,1,466,930,0
52608925,7377,1.3213,-0.1357,1.5391,-83.7402,258.4839,13.3057,1,493,931,0
52613923,7378,1.4785,-0.1240,1.4229,-80.0781,248.1689,13.5498,1,473,933,0
52618926,7379,1.6245,-0.0825,1.2734,-75.6836,236.3891,12.6953,1,477,865,0
52623928,7380,1.7568,-0.0190,1.1006,-70.6177,221.7407,10.6201,1,485,938,0
52628923,7381,1.8716,0.0547,0.9175,-65.3687,204.1626,7.2632,1,473,901,0
52633931,7382,1.9731,0.1260,0.7451,-60.5469,182.8003,2.5635,1,488,880,0
52638927,7383,2.0742,0.1748,0.6074,-56.0913,159.0576,-2.6855,1,490,892,0
52643925,7384,2.1797,0.1821,0.5146,-49.9878,132.8735,-7.3853,1,493,895,0
52648930,7385,2.2842,0.1499,0.4619,-40.6494,105.4687,-11.4746,1,466,925,0
52653925,7386,2.3848,0.0967,0.4380,-28.3813,76.9043,-14.0991,1,484,949,0
52658923,7387,2.4717,0.0352,0.4297,-13.7939,49.4995,-15.4419,1,465,926,0
52663923,7388,2.5210,-0.0273,0.4258,2.0142,23.5596,-15.4419,1,484,938,0
52668928,7389,2.5122,-0.0776,0.4204,17.4561,-1.6479,-15.0146,1,479,854,0
52673925,7390,2.4502,-0.1074,0.4194,30.5176,-27.6489,-14.6484,1,479,940,0
52678924,7391,2.3730,-0.1426,0.4526,39.1235,-53.2837,-14.0991,1,465,928,0
52683929,7392,2.3140,-0.2095,0.5376,45.7153,-76.5381,-12.9395,1,471,935,0
52688928,7393,2.2593,-0.3037,0.6484,51.2695,-96.3745,-11.0474,1,474,882,0
52693935,7394,2.1797,-0.4058,0.7578,55.5420,-114.8682,-8.2397,1,478,924,0
52698922,7395,2.0488,-0.5503,0.8672,58.6548,-133.7891,-4.6997,1,484,907,0
52703930,7396,1.5420,-0.3726,0.5845,61.0962,-168.3960,-6.5308,1,494,914,0
52708925,7397,-0.6299,0.4639,-0.0732,45.7764,-232.0556,-22.3999,1,484,918,0
52713926,7398,-3.5107,-0.4849,1.0723,-105.4687,-318.0542,-29.3579,1,464,941,0
52718924,7399,-1.9419,-1.6875,1.2334,-74.4019,-259.5215,-16.1133,1,490,941,0
52723924,7400,-1.0874,-2.4751,0.1089,-10.3149,-249.8779,-26.2451,1,473,892,0
52728923,7401,-1.0869,-2.0215,-1.7515,121.5210,-356.4453,-10.3760,1,486,918,0
52733926,7402,-0.9683,-0.4438,-2.8784,169.4336,-471.9238,-15.4419,1,479,917,0
52738927,7403,-0.3291,0.8335,-2.1304,116.3940,-587.2192,-26.6724,1,488,921,0
52743926,7404,0.7109,0.6143,0.0762,40.0391,-626.3428,-16.8457,1,493,914,0
52748927,7405,1.4243,-0.4897,2.4302,16.8457,-575.6836,13.0615,1,466,910,0
52753927,7406,1.4697,-0.8115,3.6768,54.4434,-526.7944,41.7480,1,483,933,0
52758922,7407,1.2070,0.0151,3.6519,57.2510,-488.0371,42.1753,1,465,943,0
52763926,7408,0.9556,1.0078,3.2334,46.2646,-457.2143,21.9116,1,466,923,0
52768929,7409,0.8975,1.4790,3.1875,46.0205,-432.8003,1.7090,1,482,935,0
52773930,7410,1.1064,1.4395,3.5356,41.5649,-397.4609,-14.8926,1,465,972,0
52778926,7411,1.3716,1.1099,3.8296,31.1890,-340.1489,-30.5176,1,470,940,0
52783925,7412,1.3721,0.5942,3.7441,14.7095,-275.5127,-42.0532,1,480,934,0
52788922,7413,1.0684,-0.0264,3.3252,2.0142,-224.7925,-44.4946,1,469,935,0
52793949,7414,0.5103,-0.7266,2.8608,-1.6479,-185.5469,-35.8887,1,484,901,0
52798927,7415,0.0229,-1.3906,2.6724,15.9302,-166.6870,-12.5122,1,483,898,0
52803931,7416,0.1851,-1.5928,2.5728,46.6919,-168.3960,10.4370,1,465,943,0
52808923,7417,0.5674,-1.3594,2.2168,45.8984,-125.6103,24.0478,1,494,939,0
52813923,7418,0.4570,-1.0020,1.7744,48.7061,-96.2524,30.3345,1,473,944,0
52818923,7419,0.1270,-0.5435,1.5410,70.1294,-98.9990,33.9966,1,485,855,0
52823929,7420,0.0166,-0.1045,1.5420,80.6274,-96.0693,32.4707,1,490,904,0
52828923,7421,0.0757,0.1138,1.6006,76.3550,-77.2095,25.0854,1,473,898,0
52833928,7422,0.0981,0.0703,1.5698,74.5850,-62.5000,20.5078,1,491,911,0
52838922,7423,0.0630,-0.1182,1.4404,75.8667,-55.2978,19.5923,1,470,900,0
52843939,7424,0.0215,-0.3018,1.3101,77.4536,-49.2554,19.5312,1,493,892,0
52848926,7425,0.0005,-0.3823,1.2622,81.8481,-44.9829,20.6299,1,466,978,0
52853924,7426,0.0200,-0.3252,1.2837,85.6323,-40.9546,21.6675,1,484,930,0
52858922,7427,0.0459,-0.1582,1.3081,85.5102,-32.6538,21.5454,1,480,931,0
52863922,7428,0.0278,0.0386,1.2979,81.7261,-23.9258,20.6299,1,466,923,0
52868929,7429,-0.0210,0.1743,1.2666,74.8291,-17.5781,18.6768,1,475,878,0
52873928,7430,-0.0581,0.1968,1.2427,66.7114,-13.1836,16.5405,1,475,974,0
52878927,7431,-0.0654,0.1245,1.2354,60.1807,-8.9111,14.5874,1,482,914,0
52883923,7432,-0.0522,0.0195,1.2280,55.6030,-5.1880,13.5498,1,467,920,0
52888927,7433,-0.0522,-0.0542,1.1953,52.8564,-1.1597,13.1226,1,479,902,0
52893955,7434,-0.0884,-0.0576,1.1338,50.5371,1.5869,12.3901,1,484,900,0
52898929,7435,-0.1411,-0.0146,1.0767,46.9971,2.1973,11.4746,1,484,898,0
52903927,7436,-0.1743,0.0308,1.0542,42.6636,0.9766,10.9253,1,465,921,0
52908926,7437,-0.1743,0.0698,1.0591,38.5742,-0.6714,10.4370,1,494,906,0
52913929,7438,-0.1665,0.0986,1.0601,33.2642,-0.7935,9.2773,1,476,805,0
52918923,7439,-0.1855,0.1035,1.0415,27.4048,-0.9155,7.8125,1,488,882,0
52923930,7440,-0.2178,0.0830,1.0200,22.8271,-3.9673,6.4697,1,476,871,0
52928927,7441,-0.2168,0.0454,1.0132,19.4702,-7.8125,5.3711,1,483,870,0
52933927,7442,-0.1836,0.0015,1.0146,17.7612,-8.7891,4.2114,1,473,860,0
52938922,7443,-0.1587,-0.0444,0.9995,17.4561,-8.4839,3.1128,1,479,859,0
52943926,7444,-0.1748,-0.0889,0.9585,17.7612,-9.0942,2.3804,1,466,862,0
52948926,7445,-0.2183,-0.1240,0.9131,19.1040,-12.0850,2.1973,1,466,892,0
52953926,7446,-0.2432,-0.1377,0.8955,20.9351,-16.9067,2.1362,1,466,903,0
52958926,7447,-0.2261,-0.1274,0.9155,22.5220,-20.8740,2.1973,1,484,911,0
52963923,7448,-0.1943,-0.1025,0.9473,23.1934,-22.7661,2.1362,1,465,907,0
52968929,7449,-0.1929,-0.0703,0.9580,23.5596,-24.2310,1.8311,1,468,951,0
52973925,7450,-0.2163,-0.0371,0.9541,23.0103,-28.4424,1.4648,1,466,897,0
52978929,7451,-0.2173,-0.0176,0.9678,22.2168,-33.5083,0.9766,1,475,916,0
52983929,7452,-0.1660,-0.0117,1.0117,21.0571,-35.8887,0.7324,1,475,901,0
52988925,7453,-0.0894,-0.0068,1.0659,19.5312,-34.6069,0.5493,1,480,892,0
52993924,7454,-0.0444,-0.0054,1.0962,17.5171,-30.3345,0.3052,1,484,915,0
52998927,7455,-0.0571,-0.0142,1.0830,16.1743,-27.0386,0.1221,1,466,874,0
53003929,7456,-0.1016,-0.0200,1.0483,15.2588,-26.6113,-0.0610,1,466,903,0
53008928,7457,-0.1289,-0.0200,1.0278,14.1602,-28.0151,0.0610,1,494,910,0
53013930,7458,-0.1196,-0.0186,1.0303,13.3057,-28.3203,0.0610,1,476,838,0
53018928,7459,-0.0991,-0.0142,1.0430,12.3901,-27.5269,-0.0610,1,488,833,0
53023928,7460,-0.0840,-0.0098,1.0547,11.0474,-26.8555,-0.3052,1,491,884,0
53028925,7461,-0.0674,-0.0068,1.0728,9.8877,-26.0620,-0.5493,1,481,872,0
53033923,7462,-0.0474,-0.0054,1.0913,8.5449,-24.1699,-0.6714,1,473,864,0
53038928,7463,-0.0405,-0.0024,1.0859,7.2021,-21.1182,-0.7324,1,481,867,0
53043945,7464,-0.0620,-0.0015,1.0625,5.8594,-19.1040,-1.1597,1,494,868,0
53048924,7465,-0.0830,-0.0112,1.0464,4.7607,-19.2871,-1.2207,1,466,880,0
53053930,7466,-0.0806,-0.0244,1.0464,4.2114,-18.7378,-1.2207,1,466,892,0
53058926,7467,-0.0698,-0.0308,1.0527,3.9673,-17.3950,-1.5869,1,476,876,0
53063923,7468,-0.0659,-0.0337,1.0527,3.6621,-16.1743,-1.6479,1,466,835,0
53068925,7469,-0.0688,-0.0327,1.0493,3.3569,-15.5029,-1.6479,1,473,926,0
53073925,7470,-0.0698,-0.0229,1.0469,3.1738,-14.4653,-1.8921,1,481,895,0
53078923,7471,-0.0630,-0.0166,1.0488,2.5635,-13.3057,-2.1973,1,465,891,0
53083924,7472,-0.0508,-0.0273,1.0542,2.1362,-11.6577,-2.2583,1,474,897,0
53088923,7473,-0.0464,-0.0420,1.0547,2.3193,-9.4604,-2.4414,1,481,883,0
53093956,7474,-0.0566,-0.0400,1.0483,2.8687,-8.1177,-2.5635,1,483,863,0
53098925,7475,-0.0718,-0.0317,1.0371,2.3193,-7.8735,-2.7466,1,483,862,0
53103927,7476,-0.0854,-0.0327,1.0254,2.5024,-7.7515,-3.0518,1,466,884,0
53108926,7477,-0.0913,-0.0376,1.0190,3.0518,-8.2397,-3.3569,1,494,878,0
53113927,7478,-0.0815,-0.0449,1.0200,3.5400,-8.3008,-3.4790,1,474,827,0
53118925,7479,-0.0737,-0.0449,1.0225,4.5166,-7.1411,-3.7231,1,484,857,0
53123924,7480,-0.0786,-0.0391,1.0215,5.0659,-6.7749,-3.9673,1,488,859,0
53128930,7481,-0.0835,-0.0366,1.0215,5.2490,-6.9580,-4.0894,1,478,872,0
53133923,7482,-0.0781,-0.0347,1.0269,5.8594,-7.2632,-4.5166,1,483,849,0
53138922,7483,-0.0669,-0.0352,1.0283,6.4697,-6.8359,-4.9438,1,472,851,0
53143946,7484,-0.0679,-0.0391,1.0190,7.2632,-5.6763,-5.4932,1,493,858,0
53148927,7485,-0.0835,-0.0322,1.0054,7.9346,-5.9814,-5.8594,1,466,872,0
53153930,7486,-0.0957,-0.0225,0.9932,7.9346,-7.1411,-6.0425,1,484,879,0
53158926,7487,-0.1079,-0.0264,0.9780,8.1177,-7.6294,-6.3477,1,477,867,0
53163924,7488,-0.1245,-0.0293,0.9702,9.0332,-9.4604,-6.8970,1,465,879,0
53168928,7489,-0.1201,-0.0264,0.9814,9.2773,-12.1460,-7.6294,1,472,924,0
53173927,7490,-0.0884,-0.0215,1.0088,9.7046,-13.1226,-8.6060,1,474,891,0
53178925,7491,-0.0591,-0.0127,1.0278,9.8877,-12.7563,-9.3384,1,481,887,0
53183929,7492,-0.0659,-0.0083,1.0176,9.8267,-12.1460,-10.1929,1,467,897,0
53188926,7493,-0.1128,-0.0127,0.9824,9.8267,-13.5498,-10.9863,1,467,894,0
53193935,7494,-0.1621,-0.0142,0.9526,10.4980,-17.1509,-11.8408,1,483,902,0
53198927,7495,-0.1812,-0.0137,0.9453,10.6812,-21.3623,-12.6953,1,466,908,0
53203924,7496,-0.1729,-0.0269,0.9478,10.3149,-25.5737,-12.8174,1,493,939,0
53208922,7497,-0.1592,-0.0503,0.9517,10.3149,-29.1748,-11.5356,1,486,936,0
53213929,7498,-0.1445,-0.0513,0.9683,11.1084,-32.8979,-9.9487,1,465,936,0
53218930,7499,-0.1167,-0.0229,0.9985,10.9253,-35.8276,-9.6436,1,482,838,0
53223929,7500,-0.0923,-0.0020,1.0186,10.1929,-36.8042,-10.4980,1,492,892,0
53228929,7501,-0.0879,-0.0024,1.0171,9.7046,-38.3301,-11.1084,1,475,885,0
53233929,7502,-0.0884,-0.0107,1.0083,9.4604,-40.4663,-11.4746,1,486,891,0
53238923,7503,-0.0864,-0.0137,1.0029,9.3384,-41.8701,-12.0239,1,478,887,0
53243937,7504,-0.0796,-0.0127,1.0122,8.9722,-43.6401,-12.5122,1,492,886,0
53248923,7505,-0.0625,-0.0083,1.0371,8.4839,-45.0439,-12.9395,1,466,914,0
53253929,7506,-0.0405,0.0054,1.0615,7.7515,-46.2646,-13.3667,1,483,915,0
53258924,7507,-0.0264,0.0166,1.0688,6.3477,-47.6074,-14.2212,1,469,913,0
53263926,7508,-0.0244,0.0088,1.0625,4.8828,-48.4619,-14.4043,1,465,907,0
53268930,7509,-0.0225,0.0034,1.0571,4.3945,-49.6826,-14.0991,1,467,913,0
53273929,7510,-0.0156,0.0044,1.0547,3.7231,-50.3540,-13.6108,1,468,975,0
53278926,7511,-0.0137,0.0029,1.0527,2.8076,-50.1709,-13.1836,1,475,902,0
53283923,7512,-0.0181,0.0010,1.0527,1.8921,-51.6968,-12.4512,1,482,896,0
53288926,7513,-0.0107,-0.0015,1.0532,1.0986,-54.3213,-11.5356,1,468,884,0
53293933,7514,-0.0005,0.0039,1.0527,0.3662,-54.8706,-11.0474,1,484,893,0
53298926,7515,0.0063,0.0176,1.0591,-0.9155,-56.7627,-10.5591,1,466,885,0
53303930,7516,0.0200,0.0254,1.0708,-2.8076,-59.3262,-10.3760,1,493,902,0
53308928,7517,0.0122,0.0249,1.0737,-4.3945,-61.2793,-10.8032,1,477,909,0
53313927,7518,-0.0132,0.0273,1.0674,-6.1035,-65.3076,-10.8032,1,464,844,0
53318926,7519,-0.0225,0.0288,1.0601,-8.1787,-69.5190,-10.6812,1,482,833,0
53323929,7520,-0.0337,0.0200,1.0493,-10.0098,-72.9370,-10.4370,1,492,886,0
53328928,7521,-0.0571,0.0151,1.0415,-11.4136,-77.0874,-10.6812,1,490,884,0
53333929,7522,-0.0767,0.0200,1.0386,-12.5732,-83.4961,-10.1318,1,480,902,0
53338923,7523,-0.0957,0.0244,1.0405,-14.0991,-89.7827,-9.0942,1,471,901,0
53343930,7524,-0.1284,0.0386,1.0464,-16.2354,-97.5952,-8.7891,1,492,892,0
53348930,7525,-0.1821,0.0664,1.0513,-19.0430,-107.9101,-9.6436,1,465,910,0
53353923,7526,-0.2520,0.0815,1.0542,-23.3154,-123.9624,-11.7187,1,483,914,0
53358926,7527,-0.3774,0.0933,1.0684,-27.3437,-139.4043,-15.7471,1,475,943,0
53363928,7528,-0.5620,0.1460,1.1025,-32.8369,-164.5508,-20.8130,1,465,919,0
53368929,7529,-0.7124,0.2139,1.1460,-42.8467,-203.8574,-24.9023,1,466,924,0
53373922,7530,-0.8467,0.2676,1.2236,-56.5186,-244.9951,-27.0996,1,472,971,0
53378928,7531,-0.9702,0.3350,1.3550,-74.4629,-300.6592,-27.7710,1,466,935,0
53383923,7532,-1.0454,0.4429,1.5264,-93.5059,-365.5395,-25.6348,1,467,918,0
53388929,7533,-1.2056,0.5938,1.7412,-120.3613,-426.8799,-25.2686,1,479,940,0
53393938,7534,-1.3662,0.6616,1.9746,-157.8979,-493.2861,-34.8511,1,483,976,0
53398927,7535,-1.3145,0.5474,2.1313,-192.1387,-566.5894,-50.0488,1,466,943,0
53403931,7536,-1.2749,0.4004,2.1709,-220.9473,-624.1455,-63.0493,1,493,942,0
53408930,7537,-1.3838,0.3906,2.0913,-247.1924,-696.0449,-70.3125,1,483,938,0
53413926,7538,-1.5044,0.3828,1.8892,-275.2686,-758.6059,-70.6177,1,464,937,0
53418930,7539,-1.6079,0.1958,1.5332,-300.4150,-807.0678,-84.7778,1,492,825,0
53423927,7540,-1.5581,-0.1943,1.0107,-304.1992,-860.7787,-108.7646,1,480,886,0
53428929,7541,-1.3794,-0.8071,0.4849,-281.2500,-909.8510,-127.5024,1,486,922,0
53433930,7542,-1.0278,-0.9468,0.4468,-228.3935,-967.5292,-138.3057,1,475,912,0
53438925,7543,0.1729,-0.2710,0.8774,-174.4995,-970.9472,-114.2578,1,483,920,0
53443943,7544,2.7104,-0.3496,2.3369,-148.7427,-820.0683,-90.0268,1,493,925,0
53448927,7545,4.8091,-1.5181,5.1187,-90.0879,-525.4517,-107.6050,1,466,940,0
53453926,7546,4.1274,-2.1748,6.9116,17.8223,-266.9678,-111.8774,1,465,929,0
53458928,7547,1.0718,-1.8486,6.2637,74.7070,-92.1020,-102.4170,1,484,947,0
53463924,7548,-1.8413,-1.1499,4.4897,78.1860,-25.2075,-90.0268,1,466,921,0
53468923,7549,-2.6987,-0.6362,3.1792,78.7354,-18.7988,-74.2188,1,482,929,0
53473924,7550,-2.0762,-0.4663,2.5596,84.1675,19.6533,-69.9463,1,469,986,0
53478929,7551,-1.5186,-0.4448,2.1182,87.3413,60.1196,-71.1670,1,473,917,0
53483925,7552,-1.5083,-0.3843,1.6426,85.8765,68.6035,-70.6787,1,477,925,0
53488925,7553,-1.6445,-0.2935,1.2954,80.2002,65.7349,-73.0591,1,466,906,0
53493939,7554,-1.6064,-0.2363,1.2104,73.3032,70.0073,-77.5146,1,484,892,0
53498927,7555,-1.4180,-0.2300,1.3101,69.3970,77.8809,-80.2002,1,466,919,0
53503924,7556,-1.2231,-0.2554,1.4541,65.1855,91.5527,-82.8247,1,494,904,0
53508929,7557,-1.1060,-0.2954,1.5952,59.8755,108.8867,-85.5713,1,492,940,0
53513924,7558,-1.0376,-0.3394,1.7354,56.3354,126.1597,-86.9751,1,465,945,0
53518930,7559,-0.9399,-0.3965,1.8735,53.4058,146.9116,-86.9141,1,490,836,0
53523930,7560,-0.7705,-0.4814,2.0010,52.1240,172.8515,-84.3506,1,491,833,0
53528930,7561,-0.5439,-0.5825,2.0869,54.0161,204.2847,-79.2847,1,473,911,0
53533923,7562,-0.3306,-0.6826,2.0923,58.8379,240.4785,-72.8760,1,483,911,0
53538930,7563,-0.2085,-0.7651,1.9917,66.4673,276.3672,-65.4907,1,478,906,0
53543928,7564,-0.1875,-0.8105,1.7915,75.6836,306.0913,-57.4341,1,493,893,0
53548929,7565,-0.2134,-0.8252,1.5342,83.9844,328.1250,-48.7671,1,466,922,0
53553925,7566,-0.2310,-0.8271,1.2798,91.4917,342.6513,-39.4287,1,483,936,0
53558922,7567,-0.2207,-0.8252,1.0771,96.1914,349.6093,-29.9072,1,470,939,0
53563930,7568,-0.1777,-0.8198,0.9390,96.4355,351.9897,-20.2637,1,465,930,0
53568922,7569,-0.1108,-0.8003,0.8594,92.8345,350.7080,-10.8032,1,480,935,0
53573925,7570,-0.0430,-0.7710,0.8291,85.6323,347.5341,-2.2583,1,472,969,0
53578930,7571,0.0234,-0.7510,0.8320,75.6836,344.3603,5.7373,1,474,917,0
53583929,7572,0.0981,-0.7441,0.8438,65.1855,342.7124,13.7329,1,474,903,0
53588931,7573,0.1670,-0.7349,0.8428,53.8940,342.5293,20.9961,1,482,967,0
53593925,7574,0.2051,-0.7144,0.8364,42.1753,342.8955,27.4048,1,478,915,0
53598927,7575,0.2090,-0.6851,0.8389,31.1279,341.9189,32.8369,1,466,913,0
53603923,7576,0.1870,-0.6538,0.8545,20.0806,338.6841,37.7808,1,492,932,0
53608928,7577,0.1558,-0.6196,0.8931,9.3384,333.2519,42.2363,1,467,924,0
53613927,7578,0.1460,-0.5796,0.9688,-0.6104,326.7822,46.0205,1,493,923,0
53618929,7579,0.1738,-0.5391,1.0786,-10.2539,322.0215,49.3164,1,486,890,0
53623930,7580,0.2300,-0.5029,1.1958,-19.1650,320.3735,52.0019,1,473,867,0
53628928,7581,0.3081,-0.4077,1.3599,-33.9966,325.4394,54.8096,1,477,899,0
53633922,7582,0.3047,-0.3511,1.4053,-41.1987,327.6977,55.1147,1,491,906,0
53638924,7583,0.3032,-0.3037,1.4395,-48.1567,329.4067,55.0537,1,483,938,0
53643930,7584,0.3130,-0.2749,1.4658,-53.8330,330.9936,55.1758,1,488,914,0
53648925,7585,0.3257,-0.2588,1.4805,-57.8003,331.8481,55.4810,1,466,918,0
53653929,7586,0.3359,-0.2461,1.4844,-60.5469,331.7871,56.0303,1,483,934,0
53658928,7587,0.3384,-0.2354,1.4805,-62.6221,331.1767,56.9458,1,465,932,0
53663929,7588,0.3286,-0.2310,1.4751,-63.5376,329.2236,58.4717,1,484,939,0
53668928,7589,0.3179,-0.2305,1.4795,-63.5376,326.1108,60.6689,1,472,931,0
53673924,7590,0.3149,-0.2275,1.5039,-63.1103,322.7539,63.0493,1,479,937,0
53678931,7591,0.3193,-0.2173,1.5430,-61.7676,320.1904,65.2466,1,467,935,0
53683922,7592,0.3252,-0.1982,1.5811,-59.8755,318.1152,67.1387,1,467,925,0
53688924,7593,0.3237,-0.1733,1.6143,-58.0444,316.2231,68.3594,1,483,880,0
53693922,7594,0.3159,-0.1479,1.6509,-56.5796,314.0869,68.7866,1,480,915,0
53698922,7595,0.3101,-0.1230,1.7031,-55.4199,311.3403,68.6035,1,466,914,0
53703926,7596,0.3242,-0.1011,1.7798,-54.7485,309.9365,67.7490,1,466,924,0
53708928,7597,0.3623,-0.0913,1.8730,-54.1382,311.0352,66.3452,1,466,928,0
53713928,7598,0.4072,-0.0942,1.9590,-52.8564,315.0635,64.3921,1,494,929,0
53718923,7599,0.4409,-0.1006,2.0142,-50.7812,320.5566,62.3779,1,473,820,0
53723925,7600,0.4570,-0.1040,2.0293,-48.4619,326.5381,59.9976,1,486,857,0
53728922,7601,0.4565,-0.1040,2.0044,-45.7764,331.9091,57.4341,1,492,890,0
53733927,7602,0.4458,-0.1001,1.9478,-42.7246,335.3271,54.7485,1,473,908,0
53738925,7603,0.4365,-0.0903,1.8740,-40.0391,336.4258,51.6968,1,479,914,0
53743925,7604,0.4307,-0.0732,1.7988,-38.2690,336.1206,48.1567,1,490,896,0
53748945,7605,0.4194,-0.0508,1.7339,-38.2080,334.1064,43.9453,1,493,905,0
53753927,7606,0.4033,-0.0298,1.6929,-39.7339,330.0171,39.0625,1,466,929,0
53758925,7607,0.3945,-0.0156,1.6899,-42.6025,324.9511,33.8135,1,466,915,0
53763926,7608,0.4033,-0.0146,1.7275,-46.2036,320.0684,27.9541,1,484,940,0
53768924,7609,0.4326,-0.0308,1.7891,-50.1099,316.1621,22.2168,1,466,917,0
53773931,7610,0.4727,-0.0557,1.8574,-54.1992,313.1104,17.1509,1,481,922,0
53778922,7611,0.5132,-0.0767,1.9175,-58.8379,310.8521,12.7563,1,479,963,0
53783922,7612,0.5532,-0.0864,1.9614,-64.0259,308.5938,9.1553,1,470,918,0
53788927,7613,0.6006,-0.0864,1.9897,-69.7021,306.5186,6.2866,1,477,947,0
53793931,7614,0.6616,-0.0859,2.0083,-75.7446,304.5654,4.0894,1,478,890,0
53798939,7615,0.7354,-0.0933,2.0117,-80.8716,302.9785,3.1738,1,483,893,0
53803926,7616,0.8110,-0.1064,1.9873,-84.5947,301.0254,3.3569,1,466,912,0
53808925,7617,0.8813,-0.1211,1.9312,-87.0361,297.8516,4.8828,1,493,919,0
53813924,7618,0.9478,-0.1343,1.8540,-87.4023,292.1143,7.3242,1,486,918,0
53818924,7619,1.0220,-0.1494,1.7690,-85.6934,284.2407,10.6201,1,466,812,0
53823925,7620,1.1143,-0.1655,1.6841,-81.6650,274.7192,14.5874,1,490,935,0
53828923,7621,1.2271,-0.1768,1.6006,-75.5005,264.2822,18.3105,1,479,884,0
53833922,7622,1.3467,-0.1665,1.5156,-67.6880,253.7231,21.7285,1,484,884,0
53838925,7623,1.4556,-0.1133,1.4185,-60.2417,242.1875,23.7427,1,473,915,0
53843926,7624,1.5566,-0.0249,1.3071,-55.1758,229.0039,23.2544,1,481,910,0
53848943,7625,1.6602,0.0664,1.1880,-52.0019,214.5996,20.4468,1,493,911,0
53853930,7626,1.7725,0.1470,1.0713,-49.6826,198.9746,15.1367,1,466,931,0
53858926,7627,1.8979,0.2124,0.9712,-48.7671,182.6172,7.6904,1,465,944,0
53863926,7628,2.0273,0.2422,0.8853,-47.9736,166.3208,-1.2817,1,484,924,0
53868929,7629,2.1431,0.2422,0.7930,-45.5933,149.1089,-10.3149,1,465,915,0
53873930,7630,2.2354,0.2388,0.6816,-43.7622,129.0283,-17.9443,1,474,874,0
53878922,7631,2.3003,0.2144,0.5610,-43.5181,106.9946,-23.8037,1,480,963,0
53883925,7632,2.3374,0.1450,0.4624,-41.3208,81.7261,-26.6724,1,474,925,0
53888928,7633,2.3594,0.0396,0.4160,-35.2783,53.1006,-25.7568,1,477,927,0
53893922,7634,2.3770,-0.0811,0.4312,-25.5737,23.6816,-21.4233,1,479,909,0
53898927,7635,2.3936,-0.1841,0.4902,-11.7187,-4.3335,-14.2822,1,483,920,0
53903929,7636,2.3970,-0.2295,0.5732,4.3335,-30.1514,-6.4087,1,466,922,0
53908926,7637,2.4033,-0.2100,0.6670,18.5547,-54.7485,0.8545,1,493,899,0
53913924,7638,2.6523,0.2393,0.1924,35.1562,-129.3335,1.2817,1,482,909,0
53918923,7639,2.2139,1.1475,-1.3853,37.2314,-314.4531,-8.9722,1,466,947,0
53923928,7640,0.4990,1.3403,-1.9248,-68.3594,-371.6430,-51.5747,1,490,850,0
53928927,7641,0.1104,0.3296,-0.1611,-89.9048,-383.9721,-48.4009,1,474,885,0
53933923,7642,0.8257,-0.7739,1.5103,-8.3618,-315.3076,-40.8936,1,476,907,0
53938922,7643,-0.3672,-1.5156,1.7866,5.4932,-202.5757,-75.2563,1,486,888,0
53943926,7644,-2.4731,-1.8999,1.0186,71.7163,-291.9312,-60.4858,1,473,893,0
53948930,7645,-3.1357,-1.5386,-0.1562,129.2725,-411.9873,-49.0112,1,493,907,0
53953928,7646,-1.9058,-0.8164,-0.8306,112.7319,-505.0049,-30.2124,1,466,946,0
53958922,7647,0.2437,-0.3872,-0.6221,89.7827,-566.6504,-2.6855,1,484,939,0
53963930,7648,1.5820,-0.3916,0.4531,50.8423,-555.5420,6.7139,1,475,919,0
53968926,7649,1.4346,-0.5957,2.0454,34.3018,-540.2222,19.4702,1,484,907,0
53973924,7650,0.8770,-0.6621,3.4663,39.1846,-529.8462,41.4429,1,465,921,0
53978930,7651,0.9497,-0.3442,4.1929,57.9834,-490.7226,54.3213,1,472,960,0
53983928,7652,1.4751,0.3447,4.1426,74.8291,-424.4995,48.9502,1,471,935,0
53988922,7653,1.7100,1.0391,3.6504,70.4956,-349.7314,30.3345,1,479,933,0
53993924,7654,1.4072,1.3276,3.1431,55.1758,-296.2036,11.4746,1,469,911,0
53998925,7655,0.9180,1.1377,2.8032,40.4663,-261.1694,-1.5259,1,484,922,0
54003927,7656,0.5835,0.6929,2.5425,30.1514,-231.1401,-10.4980,1,466,919,0
54008928,7657,0.4106,0.2476,2.2139,21.0571,-204.1015,-14.7095,1,466,938,0
54013931,7658,0.2285,-0.1055,1.8281,10.4370,-187.0727,-14.2212,1,465,939,0
54018928,7659,-0.1191,-0.5664,1.6514,5.9204,-175.7202,-4.5166,1,494,943,0
54023929,7660,-0.2461,-1.0474,1.8291,31.3721,-185.4248,15.7471,1,483,806,0
54028929,7661,0.1509,-1.1919,2.0054,57.2510,-184.8755,30.5786,1,471,861,0
54033929,7662,0.4692,-1.1006,1.8965,57.3730,-149.6582,39.2456,1,478,906,0
54038923,7663,0.3267,-0.9346,1.6992,71.8384,-133.1787,43.3960,1,490,904,0
54043922,7664,0.1167,-0.6284,1.6436,101.6846,-138.6108,46.6919,1,487,902,0
54048930,7665,0.1543,-0.2290,1.7080,113.0981,-130.6152,45.1660,1,491,910,0
54053930,7666,0.2734,0.0923,1.7822,107.4219,-106.5674,39.9780,1,466,910,0
54058924,7667,0.3027,0.2993,1.8042,101.3794,-87.7685,35.3394,1,483,937,0
54063923,7668,0.2612,0.4136,1.7241,92.5903,-72.5098,30.3955,1,471,934,0
54068928,7669,0.1489,0.3960,1.5493,79.5288,-55.9082,24.4141,1,465,919,0
54073927,7670,-0.0054,0.2603,1.3589,70.0684,-49.9878,20.5688,1,482,874,0
54078925,7671,-0.1016,0.1313,1.2451,65.9790,-51.4526,19.1650,1,469,905,0
54083928,7672,-0.0889,0.1313,1.2656,61.6455,-52.7954,17.5781,1,479,916,0
54088924,7673,-0.0005,0.2310,1.3682,52.4902,-49.6826,14.4043,1,477,935,0
54093926,7674,0.0669,0.2886,1.4282,40.4663,-41.9922,10.0708,1,465,906,0
54098924,7675,0.0737,0.2173,1.3994,29.2969,-36.6821,7.1411,1,480,910,0
54103957,7676,0.0615,0.0864,1.3257,22.5830,-33.8135,6.4697,1,466,900,0
54108925,7677,0.0430,0.0171,1.2539,18.9209,-28.1372,5.9204,1,466,912,0
54113928,7678,0.0073,0.0312,1.2007,14.1602,-23.4985,4.6997,1,466,905,0
54118928,7679,-0.0298,0.0532,1.1636,8.9722,-21.7285,3.2959,1,494,936,0
54123925,7680,-0.0498,0.0249,1.1372,5.0659,-20.8740,2.0752,1,473,824,0
54128926,7681,-0.0454,-0.0229,1.1216,3.6621,-21.0571,1.4038,1,489,834,0
54133928,7682,-0.0293,-0.0420,1.1138,3.1128,-19.8364,0.9155,1,490,875,0
54138927,7683,-0.0229,-0.0308,1.1069,1.5259,-18.0664,0.4883,1,478,862,0
54143925,7684,-0.0244,-0.0176,1.0996,-0.7324,-16.6016,0.4272,1,492,857,0
54148926,7685,-0.0215,-0.0146,1.0972,-2.5024,-15.1978,0.6104,1,481,860,0
54153925,7686,-0.0181,-0.0181,1.0952,-4.3945,-13.2446,0.6104,1,493,863,0
54158923,7687,-0.0269,-0.0332,1.0811,-5.9204,-11.4136,0.4883,1,483,894,0
54163931,7688,-0.0459,-0.0566,1.0566,-6.3477,-10.8643,0.3052,1,473,892,0
54168930,7689,-0.0630,-0.0723,1.0337,-6.1646,-11.3525,0.1831,1,484,882,0
54173923,7690,-0.0791,-0.0762,1.0181,-5.6763,-11.8408,-0.2441,1,466,925,0
54178931,7691,-0.0947,-0.0845,1.0059,-5.1880,-13.2446,-0.9155,1,477,885,0
54183922,7692,-0.0981,-0.1060,0.9941,-4.0894,-15.1367,-1.5259,1,479,894,0
54188922,7693,-0.0913,-0.1318,0.9844,-1.9531,-16.5405,-1.8921,1,474,896,0
54193931,7694,-0.0771,-0.1440,0.9844,0.6104,-17.3340,-2.1973,1,481,874,0
54198924,7695,-0.0571,-0.1323,0.9980,3.1128,-17.3340,-2.3804,1,483,869,0
54203925,7696,-0.0405,-0.1089,1.0146,4.8218,-16.2964,-2.8687,1,466,893,0
54208923,7697,-0.0342,-0.0928,1.0234,5.8594,-14.9536,-3.4180,1,493,888,0
54213922,7698,-0.0366,-0.0874,1.0244,7.4463,-14.1602,-3.8452,1,475,898,0
54218928,7699,-0.0366,-0.0786,1.0249,8.4229,-13.6719,-4.2725,1,493,900,0
54223928,7700,-0.0244,-0.0674,1.0332,8.6670,-12.6953,-4.6387,1,490,827,0
54228929,7701,-0.0073,-0.0645,1.0435,8.6670,-10.8643,-4.8218,1,477,884,0
54233927,7702,0.0005,-0.0664,1.0459,8.8501,-8.6670,-4.8828,1,489,864,0
54238929,7703,-0.0029,-0.0659,1.0415,9.1553,-6.7749,-4.7607,1,488,868,0
54243923,7704,-0.0063,-0.0630,1.0405,9.0332,-5.0049,-4.5166,1,475,853,0
54248924,7705,-0.0034,-0.0542,1.0454,9.0332,-3.2349,-4.3335,1,483,846,0
54253928,7706,0.0000,-0.0400,1.0513,8.7280,-1.3428,-4.1504,1,493,850,0
54258925,7707,0.0020,-0.0322,1.0522,7.7515,0.5493,-3.9062,1,483,828,0
54263925,7708,-0.0059,-0.0312,1.0405,7.2632,2.5024,-3.4180,1,466,867,0
54268926,7709,-0.0317,-0.0386,1.0190,6.6528,3.7842,-3.1738,1,484,887,0
54273929,7710,-0.0513,-0.0537,1.0024,6.4697,3.1128,-2.9297,1,474,912,0
54278929,7711,-0.0547,-0.0620,0.9995,7.0801,3.1738,-2.5024,1,478,870,0
54283928,7712,-0.0537,-0.0591,1.0059,7.1411,3.4790,-2.4414,1,465,866,0
54288930,7713,-0.0464,-0.0591,1.0127,7.1411,3.3569,-2.3193,1,472,879,0
54293930,7714,-0.0352,-0.0669,1.0161,7.6294,3.9062,-2.0752,1,477,862,0
54298924,7715,-0.0366,-0.0713,1.0151,8.4229,5.2490,-1.9531,1,479,859,0
54303955,7716,-0.0474,-0.0625,1.0156,9.0332,5.0049,-2.1362,1,466,865,0
54308929,7717,-0.0483,-0.0493,1.0200,9.3994,4.3335,-2.3804,1,466,875,0
54313928,7718,-0.0327,-0.0537,1.0229,9.6436,5.0659,-2.6855,1,466,879,0
54318925,7719,-0.0210,-0.0713,1.0215,10.6201,6.5918,-2.7466,1,494,886,0
54323924,7720,-0.0278,-0.0776,1.0132,12.2681,7.6294,-2.5635,1,475,824,0
54328924,7721,-0.0532,-0.0708,0.9971,13.4277,8.1787,-2.6855,1,488,841,0
54333929,7722,-0.0835,-0.0718,0.9736,14.8315,6.7749,-3.1128,1,478,874,0
54338925,7723,-0.1069,-0.0908,0.9448,17.3340,4.8828,-3.7842,1,476,871,0
54343925,7724,-0.1211,-0.1284,0.9185,21.2402,2.7466,-4.2725,1,473,867,0
54348927,7725,-0.1411,-0.1660,0.8979,26.6724,0.6104,-5.0049,1,481,871,0
54353930,7726,-0.1528,-0.1699,0.8984,32.8979,-4.1504,-5.7373,1,493,866,0
54358929,7727,-0.1226,-0.1392,0.9302,37.8418,-8.1787,-6.4697,1,483,902,0
54363929,7728,-0.0757,-0.1089,0.9658,41.6260,-9.0942,-7.5073,1,465,895,0
54368922,7729,-0.0532,-0.0879,0.9839,45.3491,-9.7656,-8.3008,1,484,886,0
54373925,7730,-0.0537,-0.0513,1.0029,47.9126,-11.2305,-8.7891,1,482,896,0
54378930,7731,-0.0522,0.0005,1.0332,47.9736,-12.7563,-9.2163,1,465,902,0
54383925,7732,-0.0430,0.0396,1.0601,46.3257,-13.4277,-10.0098,1,466,905,0
54388925,7733,-0.0249,0.0532,1.0771,44.3726,-14.0381,-10.3149,1,474,904,0
54393922,7734,0.0059,0.0620,1.0957,41.3818,-13.6719,-10.2539,1,479,886,0
54398928,7735,0.0361,0.0864,1.1108,37.5366,-11.8408,-9.9487,1,478,911,0
54403946,7736,0.0386,0.1016,1.1055,32.6538,-9.0332,-9.3384,1,483,899,0
54408924,7737,0.0039,0.0889,1.0776,28.9307,-7.1411,-8.3618,1,466,889,0
54413924,7738,-0.0356,0.0708,1.0488,26.3062,-7.8735,-7.3242,1,494,894,0
54418929,7739,-0.0581,0.0591,1.0308,23.6816,-8.4229,-6.5918,1,488,901,0
54423931,7740,-0.0684,0.0532,1.0229,21.3013,-9.1553,-5.9814,1,465,818,0
54428926,7741,-0.0669,0.0542,1.0229,19.2261,-10.6201,-5.1880,1,479,893,0
54433931,7742,-0.0552,0.0571,1.0278,16.7847,-11.1084,-4.4556,1,491,884,0
54438923,7743,-0.0542,0.0576,1.0249,14.2822,-11.0474,-4.1504,1,488,879,0
54443927,7744,-0.0811,0.0571,1.0063,12.2681,-11.8408,-4.2725,1,485,886,0
54448928,7745,-0.1128,0.0518,0.9888,10.2539,-14.7095,-4.8828,1,490,883,0
54453939,7746,-0.1167,0.0430,0.9912,8.9111,-18.0664,-5.6763,1,492,885,0
54458926,7747,-0.0942,0.0376,1.0073,7.6294,-20.3247,-6.9580,1,493,864,0
54463927,7748,-0.0757,0.0386,1.0195,6.4697,-21.9727,-8.3618,1,484,896,0
54468928,7749,-0.0820,0.0435,1.0190,5.1880,-24.0478,-9.7046,1,480,900,0
54473926,7750,-0.0894,0.0444,1.0156,3.8452,-27.9541,-10.4370,1,465,883,0
54478928,7751,-0.0737,0.0449,1.0215,2.9907,-30.6396,-11.2305,1,479,913,0
54483929,7752,-0.0469,0.0449,1.0327,1.7090,-32.2266,-12.3901,1,482,905,0
54488924,7753,-0.0303,0.0430,1.0386,0.5493,-33.0811,-13.7939,1,466,903,0
54493926,7754,-0.0254,0.0454,1.0371,-0.5493,-34.3018,-14.7705,1,478,899,0
54498924,7755,-0.0210,0.0410,1.0337,-1.4648,-35.1562,-15.3198,1,482,891,0
54503930,7756,-0.0269,0.0332,1.0278,-1.8311,-35.4004,-15.6860,1,483,924,0
54508922,7757,-0.0503,0.0347,1.0181,-2.2583,-37.4146,-15.7471,1,466,903,0
54513924,7758,-0.0747,0.0356,1.0117,-3.4790,-40.4053,-15.8081,1,493,901,0
54518927,7759,-0.0737,0.0342,1.0176,-4.1504,-44.3726,-15.6860,1,470,917,0
54523927,7760,-0.0444,0.0361,1.0298,-4.2114,-47.2412,-15.6250,1,494,912,0
54528927,7761,-0.0068,0.0464,1.0430,-5.2490,-48.0347,-15.5029,1,492,818,0
54533929,7762,0.0444,0.0562,1.0591,-8.1787,-48.5840,-14.0991,1,484,891,0
54538926,7763,0.0454,0.0591,1.0596,-9.5825,-48.3398,-12.8784,1,487,886,0
54543928,7764,0.0488,0.0605,1.0659,-11.7798,-48.0957,-11.4136,1,482,891,0
54548923,7765,0.0688,0.0557,1.0825,-14.1602,-47.9126,-9.4604,1,471,904,0
54553922,7766,0.0845,0.0566,1.1016,-16.4795,-47.3633,-7.5684,1,493,886,0
54558924,7767,0.0635,0.0679,1.1108,-20.3857,-49.8657,-6.1035,1,484,904,0
54563931,7768,-0.0063,0.0791,1.1060,-24.5972,-55.9692,-4.6997,1,466,917,0
54568928,7769,-0.1113,0.0830,1.0850,-28.6255,-68.1763,-3.7231,1,484,917,0
54573930,7770,-0.1870,0.0566,1.0537,-31.7993,-84.5947,-3.1128,1,465,904,0
54578924,7771,-0.1968,0.0244,1.0288,-31.6772,-95.8252,-2.6245,1,465,952,0
54583927,7772,-0.2363,0.0405,1.0195,-31.3721,-106.2622,-3.6621,1,477,912,0
54588923,7773,-0.4150,0.1060,1.0278,-35.5225,-124.5727,-6.1646,1,479,921,0
54593922,7774,-0.6787,0.1807,1.0552,-41.5039,-159.2407,-8.1177,1,469,915,0
54598922,7775,-0.8911,0.2529,1.1001,-47.9736,-200.4394,-10.8643,1,472,896,0
54603932,7776,-0.9800,0.3057,1.1631,-60.7300,-247.0093,-14.7705,1,483,921,0
54608923,7777,-1.0581,0.3652,1.2886,-76.1719,-293.7012,-17.5781,1,466,931,0
54613926,7778,-1.1396,0.4663,1.4849,-96.0083,-355.8960,-21.6064,1,493,921,0
54618925,7779,-1.1665,0.5562,1.7007,-121.5210,-421.9360,-24.2310,1,477,943,0
54623923,7780,-1.1797,0.5366,1.8931,-150.3296,-486.9384,-31.4331,1,464,939,0
54628931,7781,-1.1504,0.3379,2.0234,-177.6733,-548.8281,-41.1987,1,481,868,0
54633923,7782,-1.1533,0.0864,2.0742,-192.3828,-597.4121,-48.0347,1,485,842,0
54638927,7783,-1.2192,-0.0254,2.0103,-201.6601,-655.9448,-54.2603,1,475,917,0
54643927,7784,-1.2334,-0.0522,1.7808,-213.0127,-708.8622,-58.6548,1,483,912,0
54648927,7785,-1.1582,-0.1831,1.3999,-218.6889,-746.7651,-68.7866,1,489,937,0
54653925,7786,-1.0669,-0.4780,0.9834,-205.2612,-777.0995,-86.2427,1,493,922,0
54658926,7787,-1.0122,-0.8623,0.6450,-175.4150,-817.5659,-100.5859,1,494,916,0
54663922,7788,-0.8896,-0.9497,0.5957,-131.4697,-870.6664,-105.8350,1,465,954,0
54668923,7789,-0.2905,-0.3569,0.8179,-95.7642,-889.7704,-95.5200,1,484,953,0
54673923,7790,1.2656,-0.0908,1.5679,-76.2939,-808.8378,-68.2983,1,466,929,0
54678926,7791,3.1753,-0.8740,3.6074,-60.6079,-615.5396,-67.6270,1,482,877,0
54683925,7792,3.7617,-1.7124,5.7881,-7.9346,-401.7944,-77.6978,1,467,921,0
54688930,7793,2.2246,-1.8887,6.1860,46.9971,-204.9560,-73.7915,1,474,920,0
54693930,7794,-0.3101,-1.5562,5.0229,64.0869,-82.7026,-63.4766,1,475,932,0
54698926,7795,-1.9282,-1.1011,3.6665,65.5518,-43.7622,-45.5322,1,481,909,0
54703925,7796,-2.0327,-0.7881,2.8506,64.3921,-12.0239,-31.6162,1,484,921,0
54708930,7797,-1.5449,-0.6475,2.3896,63.7817,34.8511,-27.5269,1,465,931,0
54713927,7798,-1.3066,-0.5449,1.9360,62.4390,63.6597,-24.7192,1,492,935,0
54718926,7799,-1.3574,-0.4072,1.4668,57.5561,74.0967,-24.7192,1,467,943,0
54723927,7800,-1.4033,-0.2612,1.1377,48.5840,79.4678,-28.0151,1,493,934,0
54728928,7801,-1.3042,-0.1523,1.0166,40.9546,85.8154,-32.9590,1,473,830,0
54733923,7802,-1.1143,-0.0928,1.0381,33.8745,97.0459,-39.6118,1,481,855,0
54738928,7803,-0.9341,-0.0737,1.1118,27.5879,113.5864,-47.0581,1,474,890,0
54743930,7804,-0.8135,-0.0732,1.1797,23.6816,132.6294,-54.3823,1,471,915,0
54748925,7805,-0.7397,-0.0781,1.2236,20.0195,152.5879,-61.4624,1,476,937,0
54753940,7806,-0.6846,-0.0903,1.2505,16.9067,172.1802,-67.8101,1,488,899,0
54758922,7807,-0.6201,-0.1094,1.2759,14.6484,190.6738,-72.4487,1,493,887,0
54763929,7808,-0.5332,-0.1353,1.3110,12.8174,209.2285,-75.5005,1,466,936,0
54768930,7809,-0.4331,-0.1694,1.3535,11.7798,228.8208,-76.9043,1,480,935,0
54773927,7810,-0.3306,-0.2090,1.3916,12.2681,248.4131,-76.8433,1,465,926,0
54778927,7811,-0.2227,-0.2520,1.4102,14.3433,267.7612,-75.6836,1,475,879,0
54783929,7812,-0.1172,-0.2964,1.3892,18.2495,287.2925,-73.5474,1,481,968,0
54788929,7813,-0.0464,-0.3325,1.3164,23.4985,305.5420,-71.0449,1,466,917,0
54793930,7814,-0.0269,-0.3540,1.2119,29.2358,319.3970,-67.5049,1,470,919,0
54798926,7815,-0.0151,-0.3604,1.1001,34.9731,327.6367,-62.7441,1,474,910,0
54803936,7816,0.0244,-0.3574,0.9917,40.0391,333.1909,-57.7393,1,483,914,0
54808925,7817,0.0830,-0.3428,0.8911,43.8843,336.7309,-52.6733,1,466,922,0
54813924,7818,0.1382,-0.3081,0.8052,45.8984,337.8296,-48.2178,1,466,942,0
54818922,7819,0.1748,-0.2554,0.7432,45.3491,336.5478,-45.0439,1,466,938,0
54823922,7820,0.1953,-0.1914,0.7075,41.9311,332.5805,-43.2129,1,494,946,0
54828924,7821,0.2158,-0.1255,0.6968,35.6445,326.7212,-42.7246,1,483,944,0
54833923,7822,0.2456,-0.0703,0.7046,26.1230,320.9229,-43.0908,1,471,862,0
54838923,7823,0.2744,-0.0396,0.7246,14.1602,316.1011,-43.7622,1,487,897,0
54843928,7824,0.2949,-0.0420,0.7559,1.1597,311.0352,-43.7012,1,490,900,0
54848929,7825,0.2993,-0.0752,0.8022,-11.7798,305.9082,-42.4805,1,474,878,0
54853944,7826,0.2827,-0.1333,0.8647,-23.2544,300.7812,-39.5508,1,481,899,0
54858925,7827,0.2603,-0.2056,0.9468,-33.4473,294.8608,-34.2407,1,493,934,0
54863929,7828,0.2505,-0.2710,1.0522,-41.8091,289.5508,-26.7944,1,465,915,0
54868923,7829,0.2603,-0.3110,1.1782,-48.5840,286.4380,-17.9443,1,476,926,0
54873925,7830,0.2871,-0.3262,1.3042,-54.1382,285.7056,-8.4839,1,465,919,0
54878923,7831,0.3218,-0.3252,1.4121,-57.9834,286.4990,1.4038,1,470,912,0
54883930,7832,0.3550,-0.3154,1.4976,-61.4624,287.7808,11.7187,1,477,974,0
54888924,7833,0.3799,-0.3008,1.5708,-64.6362,289.7949,22.2168,1,477,925,0
54893927,7834,0.4038,-0.2842,1.6387,-66.7725,291.6260,32.2266,1,467,924,0
54898927,7835,0.4404,-0.2690,1.6968,-67.3218,293.7012,41.6260,1,468,901,0
54903923,7836,0.4937,-0.2598,1.7393,-66.3452,296.6919,50.3540,1,484,905,0
54908953,7837,0.5479,-0.2593,1.7607,-64.2700,300.4150,58.4106,1,466,927,0
54913924,7838,0.5903,-0.2656,1.7583,-60.6079,303.4668,65.5518,1,465,925,0
54918931,7839,0.6177,-0.2700,1.7373,-56.1523,305.4810,72.2656,1,466,928,0
54923926,7840,0.6367,-0.2666,1.7056,-51.5137,306.2134,78.2471,1,492,927,0
54928923,7841,0.6523,-0.2451,1.6714,-47.3633,306.0303,83.0688,1,464,821,0
54933930,7842,0.6694,-0.1982,1.6445,-45.6543,305.2979,86.5478,1,478,875,0
54938927,7843,0.6978,-0.1240,1.6353,-46.6919,303.8330,88.0127,1,481,891,0
54943925,7844,0.7451,-0.0356,1.6470,-50.1709,302.7344,87.4634,1,486,901,0
54948930,7845,0.8101,0.0415,1.6655,-55.1758,302.2461,84.8999,1,474,921,0
54953923,7846,0.8794,0.0928,1.6709,-60.4858,301.9409,80.5054,1,478,896,0
54958929,7847,0.9399,0.1143,1.6558,-65.5518,301.3916,75.5005,1,493,893,0
54963930,7848,0.9849,0.1084,1.6279,-69.6411,300.4761,70.6177,1,483,889,0
54968929,7849,1.0142,0.0884,1.6035,-72.3267,298.2788,66.7725,1,466,913,0
54973927,7850,1.0444,0.0659,1.5894,-73.9746,294.4336,64.0259,1,484,919,0
54978925,7851,1.0874,0.0420,1.5869,-74.4629,290.0391,61.9507,1,465,865,0
54983925,7852,1.1348,0.0137,1.5850,-73.3032,285.8276,60.8520,1,472,945,0
54988930,7853,1.1699,-0.0244,1.5757,-71.2891,280.9448,61.0352,1,481,917,0
54993928,7854,1.1797,-0.0630,1.5605,-68.6035,274.7192,62.6221,1,481,922,0
54998922,7855,1.1606,-0.0825,1.5522,-66.1011,266.2964,65.0635,1,469,923,0
55003923,7856,1.1333,-0.0864,1.5688,-65.0635,255.5542,68.0542,1,479,900,0
55008933,7857,1.1357,-0.1011,1.6167,-63.9038,244.8120,71.8384,1,466,911,0
55013926,7858,1.1802,-0.1367,1.6748,-60.9131,237.1216,76.4160,1,466,933,0
55018923,7859,1.2319,-0.1738,1.7031,-55.4810,232.7270,81.5430,1,493,934,0
55023931,7860,1.2573,-0.1924,1.6797,-48.8281,228.8818,86.1206,1,486,945,0
55028930,7861,1.2529,-0.1846,1.6128,-41.2598,223.9990,89.5996,1,466,945,0
55033924,7862,1.2354,-0.1484,1.5244,-34.0576,217.2851,91.3696,1,483,871,0
55038928,7863,1.2207,-0.0933,1.4307,-28.1982,209.2285,90.8813,1,480,887,0
55043929,7864,1.2124,-0.0376,1.3403,-24.2920,200.4394,88.1348,1,478,911,0
55048931,7865,1.2036,0.0020,1.2583,-22.2168,191.3452,83.6792,1,490,912,0
55053922,7866,1.1870,0.0220,1.1855,-21.4844,181.7016,77.9419,1,479,908,0
55058931,7867,1.1626,0.0288,1.1240,-21.7285,172.1802,71.7773,1,493,905,0
55063922,7868,1.1401,0.0220,1.0713,-22.8882,162.7197,65.1245,1,483,907,0
55068923,7869,1.1284,0.0020,1.0220,-23.8037,153.0762,58.8379,1,471,936,0
55073923,7870,1.1245,-0.0176,0.9722,-24.7192,143.3716,53.1616,1,466,914,0
55078928,7871,1.1172,-0.0205,0.9209,-26.5503,133.4229,47.9736,1,466,878,0
55083930,7872,1.1074,-0.0029,0.8765,-30.0903,123.1079,43.2129,1,465,970,0
55088925,7873,1.1157,0.0137,0.8442,-35.5835,112.2436,39.1846,1,471,922,0
55093928,7874,1.1548,0.0024,0.8125,-40.4663,101.6846,36.1328,1,482,929,0
55098925,7875,1.2051,-0.0293,0.7598,-42.9077,91.4307,34.2407,1,465,927,0
55103928,7876,1.2397,-0.0479,0.6792,-43.3960,80.0781,33.4473,1,483,905,0
55108945,7877,1.2534,-0.0327,0.5884,-42.8467,66.3452,32.9590,1,466,916,0
55113930,7878,1.2520,0.0107,0.5151,-41.5649,50.1709,31.7383,1,466,927,0
55118922,7879,1.2505,0.0620,0.4883,-40.2222,31.9824,29.4800,1,493,932,0
55123922,7880,1.3735,0.1255,0.4263,-37.5977,4.1504,26.6724,1,494,930,0
55128929,7881,1.5703,0.2271,0.0820,-32.9590,-52.7344,26.3672,1,471,834,0
55133925,7882,1.5264,0.3438,-0.2939,-33.5083,-115.0513,20.2637,1,476,877,0
55138928,7883,1.6235,0.4170,-0.2817,-30.2124,-190.9790,14.4043,1,491,860,0
55143926,7884,2.0796,0.4775,-0.0107,-20.4468,-225.8301,5.6763,1,475,912,0
55148922,7885,2.2969,0.5488,0.3359,-22.5830,-220.0928,-9.2163,1,488,915,0
55153947,7886,2.0308,0.4751,0.7812,-27.8931,-205.6885,-22.7051,1,479,900,0
55158922,7887,1.4229,0.1504,1.3677,-28.5645,-187.3169,-27.8931,1,493,927,0
55163923,7888,0.6050,-0.2754,1.9243,-15.2588,-155.2124,-31.0059,1,465,935,0
55168927,7889,-0.3848,-0.6289,2.1694,-1.2817,-123.4741,-30.3955,1,484,933,0
55173923,7890,-1.3257,-0.8501,1.9546,14.2822,-111.0229,-26.3062,1,465,924,0
55178922,7891,-1.8115,-0.9209,1.3423,30.5786,-127.1973,-20.3857,1,467,937,0
55183930,7892,-1.6870,-0.8091,0.5381,36.7432,-160.7666,-14.4653,1,476,995,0
55188926,7893,-1.1772,-0.5420,-0.1953,30.0293,-200.6836,-8.7891,1,472,918,0
55193927,7894,-0.6377,-0.2939,-0.5620,5.8594,-241.2109,-1.8921,1,482,916,0
55198922,7895,-0.2905,-0.1885,-0.3594,-18.7988,-278.0762,8.7891,1,465,887,0
55203936,7896,-0.1519,-0.1372,0.3203,-28.2593,-303.8940,18.1885,1,484,886,0
55208926,7897,-0.1201,-0.0146,1.1460,-26.2451,-310.5469,21.6064,1,466,925,0
55213924,7898,-0.0664,0.1875,1.7500,-13.1836,-305.7251,20.3247,1,466,935,0
55218925,7899,0.0923,0.4521,1.9214,4.3945,-297.9736,13.9770,1,465,926,0
55223923,7900,0.3203,0.7271,1.7778,11.7187,-286.6211,1.7700,1,494,920,0
55228930,7901,0.5161,0.8330,1.6470,3.7231,-269.2261,-12.3291,1,473,838,0
55233924,7902,0.4785,0.5508,1.6948,-7.8125,-242.9199,-21.9727,1,476,875,0
55238931,7903,-0.1509,-0.3174,2.0742,-2.9907,-212.8906,-13.3667,1,490,907,0
55243928,7904,-0.6245,-1.3242,2.7168,38.9404,-248.1689,11.9629,1,471,895,0
55248926,7905,0.0117,-1.9175,3.0566,64.3311,-269.3481,35.9497,1,476,914,0
55253931,7906,1.0132,-2.0542,2.7754,70.9839,-212.4634,49.3774,1,488,895,0
55258930,7907,1.2700,-1.5801,2.1641,110.9619,-151.4893,53.6499,1,492,905,0
55263928,7908,0.7290,-0.5723,1.6997,141.5405,-124.3896,52.9175,1,483,933,0
55268927,7909,0.1157,0.4688,1.6104,131.2256,-119.8120,45.5322,1,469,943,0
55273929,7910,-0.0371,1.0889,1.7568,108.0933,-114.5630,34.3628,1,466,972,0
55278925,7911,0.1426,1.1191,1.8530,80.8105,-93.0176,20.8130,1,465,929,0
55283926,7912,0.2739,0.6680,1.7783,57.1899,-70.7397,10.3149,1,474,959,0
55288925,7913,0.2451,0.0815,1.5840,49.4385,-58.7769,7.1411,1,479,927,0
55293930,7914,0.1475,-0.2642,1.3745,52.6123,-50.7812,7.3242,1,482,912,0
55298924,7915,0.0449,-0.2300,1.2422,55.9082,-42.9077,7.0190,1,466,906,0
55303929,7916,-0.0200,0.0317,1.2202,52.7954,-38.6963,5.1880,1,483,896,0
55308928,7917,-0.0103,0.2446,1.2539,43.5181,-34.6680,2.6855,1,466,893,0
55313928,7918,0.0269,0.2456,1.2534,34.3628,-28.0151,0.9155,1,466,912,0
55318923,7919,0.0225,0.0938,1.1899,29.7241,-22.8271,0.7324,1,493,913,0
55323925,7920,-0.0239,-0.0366,1.1050,29.1138,-20.5688,1.5259,1,488,944,0
55328929,7921,-0.0698,-0.0439,1.0537,28.3813,-20.1416,1.9531,1,464,840,0
55333927,7922,-0.0767,0.0264,1.0586,25.0244,-19.8364,1.8311,1,483,816,0
55338924,7923,-0.0483,0.0762,1.0923,20.3247,-18.0054,1.5259,1,473,875,0
55343925,7924,-0.0298,0.0669,1.1055,16.8457,-15.3198,1.3428,1,487,871,0
55348922,7925,-0.0420,0.0288,1.0869,14.5874,-13.6719,1.1597,1,487,899,0
55353927,7926,-0.0537,0.0000,1.0708,12.8784,-13.6719,0.7935,1,477,918,0
55358929,7927,-0.0464,-0.0112,1.0757,11.8408,-12.6343,0.2441,1,493,843,0
55363922,7928,-0.0356,-0.0151,1.0820,10.6812,-10.4980,-0.0610,1,510,886,0
55368923,7929,-0.0420,-0.0215,1.0684,10.0098,-8.9722,-0.2441,1,465,912,0
55373925,7930,-0.0591,-0.0244,1.0449,9.7656,-8.9722,-0.1221,1,484,870,0
55378927,7931,-0.0630,-0.0215,1.0342,8.9722,-9.0332,-0.1221,1,474,905,0
55383922,7932,-0.0532,-0.0176,1.0386,8.0566,-7.7515,-0.1831,1,480,862,0
55388928,7933,-0.0474,-0.0142,1.0454,7.0801,-6.5308,-0.1831,1,469,870,0
55393926,7934,-0.0518,-0.0146,1.0435,6.4087,-5.9814,-0.2441,1,467,869,0
55398922,7935,-0.0581,-0.0166,1.0371,5.9814,-5.8594,-0.2441,1,479,861,0
55403924,7936,-0.0591,-0.0205,1.0298,5.4932,-5.6152,-0.4883,1,482,870,0
55408953,7937,-0.0610,-0.0220,1.0229,5.3101,-5.2490,-0.6714,1,466,857,0
55413925,7938,-0.0635,-0.0161,1.0234,4.6997,-5.1270,-0.7324,1,466,874,0
55418925,7939,-0.0562,-0.0083,1.0327,3.6621,-4.8218,-0.6714,1,493,884,0
55423927,7940,-0.0464,-0.0127,1.0410,2.6855,-3.9062,-0.9155,1,471,878,0
55428929,7941,-0.0439,-0.0273,1.0420,2.5635,-3.0518,-0.8545,1,493,811,0
55433923,7942,-0.0483,-0.0337,1.0391,2.6855,-2.5024,-0.7324,1,490,856,0
55438928,7943,-0.0581,-0.0264,1.0317,2.4414,-2.0142,-0.6104,1,483,852,0
55443922,7944,-0.0571,-0.0161,1.0312,1.3428,-2.1973,-0.4272,1,491,849,0
55448931,7945,-0.0439,-0.0181,1.0356,1.0986,-1.2207,-0.3052,1,478,882,0
55453927,7946,-0.0464,-0.0186,1.0298,0.7324,-0.1831,-0.2441,1,483,845,0
55458926,7947,-0.0625,-0.0220,1.0156,0.4272,-0.1831,-0.2441,1,492,847,0
55463929,7948,-0.0718,-0.0293,1.0068,0.4883,-1.1597,-0.1831,1,510,850,0
55468925,7949,-0.0679,-0.0356,1.0098,0.7324,-1.0986,-0.3052,1,465,861,0
55473928,7950,-0.0630,-0.0332,1.0146,1.0376,-1.0376,-0.5493,1,484,862,0
55478923,7951,-0.0620,-0.0278,1.0142,0.9766,-1.0376,-0.6104,1,467,904,0
55483930,7952,-0.0659,-0.0273,1.0117,1.0986,-1.2817,-0.7324,1,481,859,0
55488931,7953,-0.0659,-0.0293,1.0171,1.3428,-1.8311,-0.7935,1,479,874,0
55493928,7954,-0.0566,-0.0327,1.0293,1.5869,-2.0142,-0.7324,1,480,823,0
55498926,7955,-0.0508,-0.0439,1.0317,1.9531,-1.3428,-0.8545,1,471,862,0
55503927,7956,-0.0581,-0.0508,1.0200,2.8687,-1.2207,-0.9155,1,475,858,0
55508942,7957,-0.0688,-0.0430,1.0093,3.5400,-1.8311,-0.8545,1,484,857,0
55513925,7958,-0.0703,-0.0327,1.0107,3.9062,-2.6855,-0.9766,1,466,870,0
55518928,7959,-0.0620,-0.0312,1.0200,4.0283,-3.1738,-0.9766,1,492,878,0
55523926,7960,-0.0522,-0.0312,1.0278,4.3335,-2.9297,-0.9155,1,466,903,0
55528924,7961,-0.0479,-0.0259,1.0312,4.6387,-2.5635,-0.8545,1,494,907,0
55533928,7962,-0.0474,-0.0244,1.0337,4.4556,-2.2583,-0.6714,1,487,827,0
55538924,7963,-0.0474,-0.0220,1.0366,4.3945,-2.0752,-0.6714,1,471,849,0
55543928,7964,-0.0464,-0.0142,1.0396,3.9673,-1.8921,-0.4272,1,488,848,0
55548926,7965,-0.0474,-0.0083,1.0400,3.4180,-1.6479,-0.2441,1,488,871,0
55553928,7966,-0.0483,-0.0078,1.0391,2.8687,-1.4648,-0.0610,1,483,848,0
55558929,7967,-0.0508,-0.0088,1.0347,2.5024,-1.0986,0.0610,1,487,845,0
55563929,7968,-0.0601,-0.0063,1.0264,2.0142,-1.3428,0.1221,1,510,838,0
55568931,7969,-0.0674,-0.0063,1.0195,1.2817,-1.9531,0.2441,1,466,850,0
55573926,7970,-0.0669,-0.0117,1.0181,0.6714,-2.4414,0.2441,1,484,869,0
55578925,7971,-0.0640,-0.0176,1.0200,0.4883,-2.6855,0.1831,1,477,901,0
55583930,7972,-0.0625,-0.0190,1.0195,0.1831,-2.8687,0.1831,1,465,865,0
55588924,7973,-0.0615,-0.0215,1.0176,0.1221,-3.3569,0.1221,1,465,869,0
55593924,7974,-0.0596,-0.0264,1.0195,0.1221,-3.7231,0.1221,1,479,869,0
55598924,7975,-0.0547,-0.0269,1.0234,0.3052,-3.7842,0.1831,1,465,854,0
55603927,7976,-0.0498,-0.0269,1.0254,0.3052,-3.5400,0.0000,1,484,854,0
55608951,7977,-0.0483,-0.0278,1.0249,0.6104,-2.9907,-0.1831,1,466,806,0
55613926,7978,-0.0508,-0.0278,1.0205,0.6714,-2.7466,-0.2441,1,466,883,0
55618927,7979,-0.0542,-0.0254,1.0176,0.6104,-2.8076,-0.3052,1,493,875,0
55623926,7980,-0.0552,-0.0244,1.0205,0.6104,-2.9907,-0.4272,1,475,865,0
55628928,7981,-0.0508,-0.0273,1.0259,0.6104,-2.7466,-0.6104,1,464,799,0
55633928,7982,-0.0469,-0.0273,1.0273,0.7935,-2.0752,-0.4883,1,475,839,0
55638924,7983,-0.0474,-0.0215,1.0249,0.6104,-1.8311,-0.4272,1,483,842,0
55643927,7984,-0.0488,-0.0190,1.0210,0.1831,-1.4038,-0.6104,1,475,841,0
55648927,7985,-0.0532,-0.0220,1.0171,0.1831,-0.9155,-0.6104,1,471,845,0
55653928,7986,-0.0581,-0.0239,1.0132,0.2441,-0.7935,-0.6714,1,479,843,0
55658926,7987,-0.0581,-0.0234,1.0146,-0.0610,-0.7935,-0.7324,1,483,848,0
55663923,7988,-0.0518,-0.0220,1.0220,-0.2441,-0.5493,-0.7324,1,511,847,0
55668930,7989,-0.0483,-0.0215,1.0278,-0.3662,0.0000,-0.7935,1,465,866,0
55673923,7990,-0.0508,-0.0205,1.0264,-0.6714,0.2441,-0.8545,1,485,773,0
55678930,7991,-0.0557,-0.0176,1.0190,-0.7935,0.3052,-1.0376,1,465,896,0
55683929,7992,-0.0571,-0.0166,1.0132,-0.9155,0.0610,-1.0986,1,467,856,0
55688929,7993,-0.0571,-0.0205,1.0122,-1.0986,0.0610,-1.2207,1,474,875,0
55693930,7994,-0.0586,-0.0244,1.0117,-0.8545,-0.1831,-1.2207,1,478,877,0
55698930,7995,-0.0591,-0.0264,1.0117,-0.6714,-0.3662,-1.2817,1,465,860,0
55703930,7996,-0.0591,-0.0288,1.0146,-0.6714,-0.6104,-1.4648,1,466,859,0
55708929,7997,-0.0596,-0.0288,1.0171,-0.3052,-0.9766,-1.4038,1,484,856,0
55713951,7998,-0.0586,-0.0259,1.0176,-0.1831,-1.3428,-1.4648,1,466,869,0
55718923,7999,-0.0586,-0.0244,1.0181,0.0610,-1.4038,-1.6479,1,466,876,0
55723931,8000,-0.0566,-0.0254,1.0215,0.1831,-1.8311,-1.6479,1,466,873,0
55728923,8001,-0.0508,-0.0269,1.0269,0.3662,-1.8921,-1.5869,1,494,875,0
55733926,8002,-0.0449,-0.0264,1.0317,0.4883,-1.7700,-1.7090,1,470,852,0
55738925,8003,-0.0430,-0.0234,1.0332,0.4883,-1.4648,-1.5259,1,478,844,0
55743923,8004,-0.0444,-0.0205,1.0317,0.4272,-1.4648,-1.5259,1,489,849,0
55748923,8005,-0.0469,-0.0176,1.0283,0.3052,-1.2817,-1.5869,1,481,852,0
55753930,8006,-0.0493,-0.0166,1.0239,0.1221,-1.3428,-1.5259,1,485,845,0
55758945,8007,-0.0522,-0.0190,1.0210,0.1221,-1.2207,-1.4648,1,488,849,0
55763926,8008,-0.0542,-0.0205,1.0186,0.2441,-1.3428,-1.2817,1,493,846,0
55768928,8009,-0.0537,-0.0215,1.0171,0.1221,-1.3428,-1.1597,1,466,875,0
55773926,8010,-0.0527,-0.0210,1.0195,0.0610,-1.5869,-1.1597,1,484,858,0
55778927,8011,-0.0513,-0.0186,1.0229,0.0000,-1.7090,-1.0986,1,465,874,0
55783924,8012,-0.0488,-0.0171,1.0249,-0.2441,-1.6479,-1.0986,1,482,818,0
55788923,8013,-0.0454,-0.0195,1.0269,-0.3662,-1.7090,-0.9155,1,469,879,0
55793928,8014,-0.0454,-0.0244,1.0273,-0.3662,-1.4038,-0.9155,1,477,877,0
55798928,8015,-0.0479,-0.0278,1.0254,-0.1831,-1.2207,-0.9155,1,476,866,0
55803923,8016,-0.0503,-0.0283,1.0229,-0.2441,-1.3428,-1.0986,1,480,861,0
55808930,8017,-0.0518,-0.0288,1.0205,0.0610,-1.4648,-1.0986,1,483,861,0
55813929,8018,-0.0488,-0.0264,1.0278,0.0000,-1.5869,-1.2207,1,466,876,0
55818928,8019,-0.0405,-0.0229,1.0386,0.1221,-1.3428,-1.2817,1,493,834,0
55823922,8020,-0.0415,-0.0244,1.0371,0.0610,-0.4883,-1.2817,1,493,875,0
55828930,8021,-0.0479,-0.0244,1.0337,-0.1221,-1.0376,-1.2207,1,494,877,0
55833927,8022,-0.0498,-0.0239,1.0303,0.0000,-1.0376,-1.2207,1,466,816,0
55838930,8023,-0.0518,-0.0259,1.0269,-0.1831,-1.0986,-1.2207,1,492,800,0
55843925,8024,-0.0498,-0.0259,1.0293,-0.1221,-1.4648,-0.9766,1,479,847,0
55848926,8025,-0.0454,-0.0254,1.0308,-0.1221,-1.2817,-1.0376,1,473,866,0
55853923,8026,-0.0444,-0.0244,1.0303,-0.1831,-1.3428,-0.9766,1,477,842,0
55858943,8027,-0.0474,-0.0234,1.0288,-0.2441,-1.2207,-0.9155,1,490,847,0
55863929,8028,-0.0498,-0.0264,1.0264,-0.6104,-1.1597,-0.7935,1,492,851,0
55868930,8029,-0.0503,-0.0278,1.0244,-0.4883,-1.2817,-0.7324,1,465,869,0
55873927,8030,-0.0508,-0.0249,1.0220,-0.4883,-1.2817,-0.5493,1,479,867,0
55878923,8031,-0.0513,-0.0234,1.0190,-0.6714,-1.3428,-0.5493,1,465,874,0
55883923,8032,-0.0498,-0.0239,1.0181,-0.6714,-1.5259,-0.5493,1,479,930,0
55888931,8033,-0.0469,-0.0210,1.0190,-0.6104,-1.4648,-0.4883,1,482,865,0
55893929,8034,-0.0444,-0.0132,1.0210,-0.9155,-1.2817,-0.3662,1,482,858,0
55898929,8035,-0.0430,-0.0112,1.0239,-1.5259,-0.9766,-0.4272,1,471,861,0
55903922,8036,-0.0420,-0.0161,1.0259,-1.8311,-0.5493,-0.3052,1,477,858,0
55908927,8037,-0.0425,-0.0195,1.0278,-2.1973,-0.4272,-0.1831,1,484,854,0
55913928,8038,-0.0430,-0.0200,1.0288,-2.5635,-0.2441,-0.1221,1,465,881,0
55918927,8039,-0.0420,-0.0215,1.0293,-2.6245,-0.0610,0.0000,1,466,874,0
55923926,8040,-0.0425,-0.0249,1.0273,-2.6245,0.1221,0.0610,1,492,827,0
55928928,8041,-0.0464,-0.0273,1.0225,-2.5024,0.3662,0.0000,1,487,875,0
55933929,8042,-0.0508,-0.0278,1.0200,-2.5024,0.2441,-0.0610,1,464,803,0
55938924,8043,-0.0508,-0.0283,1.0225,-2.5635,0.0610,-0.0610,1,490,843,0
55943928,8044,-0.0459,-0.0308,1.0259,-2.4414,0.3662,-0.1831,1,483,842,0
55948923,8045,-0.0415,-0.0342,1.0254,-2.1973,0.4883,-0.1221,1,489,848,0
55953929,8046,-0.0405,-0.0337,1.0244,-1.8921,0.7935,-0.0610,1,476,843,0
55958945,8047,-0.0400,-0.0317,1.0269,-1.6479,0.9155,-0.1831,1,480,842,0
55963931,8048,-0.0386,-0.0303,1.0308,-1.5259,1.2207,-0.1831,1,491,850,0
55968931,8049,-0.0381,-0.0293,1.0317,-1.4038,1.7090,-0.1221,1,465,869,0
55973930,8050,-0.0391,-0.0273,1.0278,-1.4038,2.1973,-0.0610,1,484,857,0
55978924,8051,-0.0405,-0.0254,1.0239,-1.5259,2.5024,-0.0610,1,466,873,0
55983929,8052,-0.0415,-0.0269,1.0225,-1.4648,2.6855,0.0610,1,467,865,0
55988926,8053,-0.0459,-0.0317,1.0166,-1.1597,2.9907,0.0000,1,470,876,0
55993926,8054,-0.0571,-0.0356,1.0049,-0.8545,2.9297,-0.2441,1,480,815,0
55998924,8055,-0.0664,-0.0356,1.0010,-0.5493,2.0142,-0.1831,1,467,860,0
56003928,8056,-0.0640,-0.0308,1.0068,-0.3662,1.2817,-0.0610,1,473,858,0
56008926,8057,-0.0552,-0.0283,1.0146,-0.4883,1.2207,-0.0610,1,483,856,0
56013930,8058,-0.0503,-0.0288,1.0181,-0.5493,1.2817,0.0610,1,466,878,0
56018927,8059,-0.0522,-0.0303,1.0166,-0.2441,1.2817,0.0000,1,493,872,0
56023926,8060,-0.0562,-0.0308,1.0151,-0.1831,0.8545,0.1221,1,466,764,0
56028930,8061,-0.0552,-0.0303,1.0151,-0.0610,0.5493,0.1831,1,494,868,0
56033926,8062,-0.0513,-0.0293,1.0171,0.0610,0.4272,0.1221,1,471,854,0
56038926,8063,-0.0493,-0.0303,1.0181,0.1221,0.4883,0.0610,1,488,836,0
56043923,8064,-0.0513,-0.0317,1.0171,0.1831,0.5493,0.1831,1,477,855,0
56048922,8065,-0.0532,-0.0322,1.0161,0.3052,0.3052,0.1831,1,492,868,0
56053930,8066,-0.0527,-0.0332,1.0161,0.4272,0.0610,0.1831,1,471,845,0
56058931,8067,-0.0522,-0.0327,1.0181,0.6104,0.0000,0.1831,1,470,851,0
56063924,8068,-0.0508,-0.0317,1.0205,0.7935,-0.1221,0.2441,1,510,798,0
56068926,8069,-0.0483,-0.0312,1.0225,0.7935,-0.1221,0.1831,1,465,858,0
56073925,8070,-0.0474,-0.0293,1.0234,0.9155,0.0610,0.1831,1,484,887,0
56078923,8071,-0.0479,-0.0273,1.0225,0.9155,0.0000,0.1221,1,471,901,0
56083929,8072,-0.0479,-0.0273,1.0220,0.8545,-0.0610,0.2441,1,481,824,0
56088931,8073,-0.0474,-0.0278,1.0225,0.8545,0.0610,0.1831,1,481,870,0
56093923,8074,-0.0469,-0.0288,1.0229,0.8545,0.1221,0.1221,1,465,870,0
56098923,8075,-0.0474,-0.0283,1.0234,0.9155,0.1831,0.1221,1,482,850,0
56103925,8076,-0.0479,-0.0273,1.0229,0.9155,0.1221,0.0610,1,481,858,0
56108932,8077,-0.0488,-0.0283,1.0200,0.8545,0.1221,0.1221,1,466,852,0
56113930,8078,-0.0508,-0.0288,1.0181,0.9155,0.3052,0.1221,1,465,866,0
56118930,8079,-0.0518,-0.0278,1.0181,1.1597,0.2441,0.1221,1,492,864,0
56123929,8080,-0.0508,-0.0249,1.0200,1.1597,0.0610,0.0000,1,466,870,0
56128922,8081,-0.0493,-0.0239,1.0229,0.9155,0.0610,-0.1221,1,494,748,0
56133931,8082,-0.0464,-0.0254,1.0259,0.7935,0.0610,-0.2441,1,483,855,0
56138927,8083,-0.0444,-0.0264,1.0283,0.7324,0.1831,-0.1831,1,486,841,0
56143930,8084,-0.0444,-0.0244,1.0273,0.8545,0.3662,-0.2441,1,480,853,0
56148930,8085,-0.0459,-0.0225,1.0244,0.7935,0.4272,-0.3662,1,490,852,0
56153924,8086,-0.0479,-0.0239,1.0225,0.8545,0.6104,-0.1831,1,492,846,0
56158927,8087,-0.0479,-0.0254,1.0225,0.7324,0.7324,-0.2441,1,484,841,0
56163925,8088,-0.0469,-0.0244,1.0229,0.7324,0.9155,-0.2441,1,510,846,0
56168926,8089,-0.0474,-0.0239,1.0225,0.7324,1.0986,-0.3662,1,465,866,0
56173923,8090,-0.0493,-0.0249,1.0205,0.7324,0.9766,-0.3662,1,484,812,0
56178925,8091,-0.0508,-0.0259,1.0195,0.6714,0.9155,-0.3662,1,482,908,0
56183928,8092,-0.0503,-0.0249,1.0210,0.6714,0.8545,-0.4883,1,465,863,0
56188928,8093,-0.0479,-0.0239,1.0239,0.4883,0.9155,-0.3052,1,469,858,0
56193923,8094,-0.0469,-0.0254,1.0249,0.3662,0.9155,-0.3052,1,474,870,0
56198924,8095,-0.0479,-0.0264,1.0234,0.3052,0.9766,-0.4272,1,465,852,0
56203925,8096,-0.0474,-0.0264,1.0225,0.3052,1.0376,-0.4272,1,482,851,0
56208932,8097,-0.0469,-0.0259,1.0225,0.2441,1.0986,-0.4272,1,465,848,0
56213930,8098,-0.0479,-0.0244,1.0225,0.1831,1.1597,-0.4272,1,466,873,0
56218930,8099,-0.0503,-0.0234,1.0195,0.1831,1.3428,-0.3662,1,493,875,0
56223927,8100,-0.0542,-0.0249,1.0156,0.1221,1.1597,-0.6714,1,466,875,0
56228925,8101,-0.0562,-0.0249,1.0146,0.1831,0.8545,-0.6714,1,494,870,0
56233926,8102,-0.0537,-0.0244,1.0166,0.0610,0.5493,-0.6714,1,473,857,0
56238922,8103,-0.0503,-0.0249,1.0195,-0.0610,0.6104,-0.6714,1,486,848,0
56243930,8104,-0.0483,-0.0259,1.0215,0.0610,0.5493,-0.6104,1,479,840,0
56248930,8105,-0.0498,-0.0254,1.0229,0.0000,0.5493,-0.7324,1,479,863,0
56253925,8106,-0.0508,-0.0249,1.0229,0.0000,0.4883,-0.7935,1,490,804,0
56258927,8107,-0.0498,-0.0234,1.0225,0.0610,0.4272,-0.6714,1,475,796,0
56263922,8108,-0.0479,-0.0239,1.0225,-0.0610,0.6104,-0.7935,1,510,844,0
56268930,8109,-0.0479,-0.0249,1.0210,0.0610,0.4883,-0.7324,1,467,856,0
56273930,8110,-0.0498,-0.0254,1.0190,-0.1221,0.5493,-0.7935,1,484,860,0
56278922,8111,-0.0518,-0.0239,1.0186,-0.1221,0.5493,-0.9155,1,479,900,0
56283922,8112,-0.0518,-0.0239,1.0195,0.0610,0.4883,-0.9766,1,471,863,0
56288930,8113,-0.0508,-0.0259,1.0200,0.0610,0.3052,-1.0376,1,480,861,0
56293930,8114,-0.0508,-0.0273,1.0205,0.0610,0.3052,-1.1597,1,477,842,0
56298926,8115,-0.0513,-0.0269,1.0205,0.0610,0.3052,-1.0986,1,465,848,0
56303922,8116,-0.0522,-0.0269,1.0195,0.1221,0.2441,-1.1597,1,483,850,0
56308946,8117,-0.0513,-0.0259,1.0190,0.1831,0.1221,-1.0376,1,466,874,0
56313931,8118,-0.0488,-0.0249,1.0200,0.1221,-0.0610,-0.9766,1,466,867,0
56318922,8119,-0.0459,-0.0259,1.0205,0.2441,0.1221,-1.0986,1,493,868,0
56323930,8120,-0.0474,-0.0273,1.0205,0.3052,0.1831,-1.0986,1,493,870,0
56328930,8121,-0.0522,-0.0283,1.0190,0.3052,0.0000,-1.0376,1,494,811,0
56333928,8122,-0.0552,-0.0288,1.0176,0.3052,-0.3052,-0.9766,1,483,797,0
56338926,8123,-0.0527,-0.0259,1.0186,0.3052,-0.3662,-1.0376,1,475,837,0
56343927,8124,-0.0493,-0.0244,1.0215,0.2441,-0.4272,-0.9766,1,490,841,0
56348925,8125,-0.0483,-0.0254,1.0234,0.2441,-0.4272,-0.9155,1,476,879,0
56353932,8126,-0.0479,-0.0259,1.0229,0.1831,-0.4883,-0.8545,1,489,853,0
56358923,8127,-0.0493,-0.0220,1.0215,0.0610,-0.4272,-0.7324,1,481,845,0
56363923,8128,-0.0488,-0.0229,1.0220,0.0000,-0.3662,-0.7935,1,510,848,0
56368924,8129,-0.0479,-0.0249,1.0225,-0.1221,-0.3052,-0.8545,1,478,772,0
56373924,8130,-0.0474,-0.0259,1.0225,-0.1831,-0.2441,-0.8545,1,466,865,0
56378929,8131,-0.0479,-0.0269,1.0220,-0.2441,-0.1831,-0.7324,1,474,931,0
56383931,8132,-0.0479,-0.0259,1.0210,-0.1831,0.0000,-0.6104,1,475,866,0
56388923,8133,-0.0479,-0.0249,1.0200,-0.1221,-0.1831,-0.6104,1,482,822,0
56393931,8134,-0.0479,-0.0254,1.0210,-0.1831,-0.2441,-0.7324,1,479,852,0
56398923,8135,-0.0469,-0.0273,1.0229,-0.1221,0.0000,-0.7324,1,477,856,0
56403931,8136,-0.0464,-0.0288,1.0229,0.0000,0.0610,-0.6104,1,484,809,0
56408953,8137,-0.0479,-0.0273,1.0220,0.0000,0.1221,-0.6104,1,466,824,0
56413923,8138,-0.0483,-0.0259,1.0210,-0.1221,0.2441,-0.7324,1,466,820,0
56418924,8139,-0.0483,-0.0259,1.0200,-0.0610,0.1831,-0.6104,1,466,873,0
56423927,8140,-0.0483,-0.0254,1.0190,-0.0610,0.1221,-0.6714,1,494,869,0
56428930,8141,-0.0508,-0.0259,1.0176,-0.1221,0.1831,-0.7324,1,493,794,0
56433930,8142,-0.0527,-0.0273,1.0171,-0.0610,0.0000,-0.6104,1,492,851,0
56438928,8143,-0.0532,-0.0273,1.0166,-0.1831,-0.1221,-0.6104,1,483,794,0
56443930,8144,-0.0542,-0.0264,1.0171,-0.1221,-0.2441,-0.7324,1,475,866,0
56448922,8145,-0.0527,-0.0259,1.0200,-0.1221,-0.4272,-0.4883,1,481,842,0
56453945,8146,-0.0488,-0.0264,1.0220,-0.0610,-0.4272,-0.5493,1,474,843,0
56458928,8147,-0.0469,-0.0264,1.0220,-0.0610,-0.3662,-0.6104,1,474,847,0
56463929,8148,-0.0474,-0.0254,1.0225,-0.1831,-0.4272,-0.6104,1,465,837,0
56468928,8149,-0.0479,-0.0244,1.0234,-0.1831,-0.3662,-0.5493,1,484,859,0
56473924,8150,-0.0483,-0.0254,1.0229,-0.1831,-0.2441,-0.4272,1,465,880,0
56478927,8151,-0.0488,-0.0269,1.0234,-0.2441,-0.4883,-0.3662,1,482,922,0
56483926,8152,-0.0483,-0.0273,1.0234,-0.3662,-0.4272,-0.4272,1,466,877,0
56488927,8153,-0.0479,-0.0264,1.0220,-0.3662,-0.1831,-0.3662,1,472,874,0
56493930,8154,-0.0493,-0.0278,1.0200,-0.3052,-0.2441,-0.3052,1,476,858,0
56498922,8155,-0.0527,-0.0298,1.0181,-0.1831,-0.3052,-0.4272,1,480,854,0
56503930,8156,-0.0537,-0.0293,1.0176,-0.0610,-0.3662,-0.4883,1,484,855,0
56508943,8157,-0.0513,-0.0288,1.0190,0.0000,-0.4883,-0.3052,1,466,873,0
56513929,8158,-0.0483,-0.0269,1.0205,0.0000,-0.5493,-0.3052,1,466,824,0
56518929,8159,-0.0483,-0.0259,1.0210,0.0610,-0.5493,-0.4272,1,493,828,0
56523927,8160,-0.0503,-0.0269,1.0215,0.1221,-0.5493,-0.3052,1,494,873,0
56528928,8161,-0.0498,-0.0273,1.0215,0.1221,-0.5493,-0.3662,1,494,789,0
56533929,8162,-0.0474,-0.0269,1.0215,-0.0610,-0.6104,-0.6104,1,491,858,0
56538925,8163,-0.0459,-0.0259,1.0239,0.0610,-0.6104,-0.3662,1,480,836,0
56543929,8164,-0.0459,-0.0239,1.0269,0.0000,-0.6104,-0.3662,1,478,869,0
56548927,8165,-0.0459,-0.0225,1.0269,-0.1831,-0.4883,-0.3662,1,487,796,0
56553924,8166,-0.0449,-0.0229,1.0254,-0.3662,-0.3052,-0.3052,1,477,845,0
56558929,8167,-0.0444,-0.0234,1.0239,-0.3662,-0.3052,-0.2441,1,505,843,0
56563927,8168,-0.0444,-0.0244,1.0234,-0.4272,-0.1831,-0.3052,1,465,876,0
56568924,8169,-0.0454,-0.0264,1.0239,-0.4883,0.1221,-0.3052,1,484,866,0
56573925,8170,-0.0459,-0.0269,1.0234,-0.3662,0.0610,-0.3052,1,472,897,0
56578925,8171,-0.0459,-0.0273,1.0244,-0.3052,0.0610,-0.3052,1,481,859,0
56583925,8172,-0.0454,-0.0259,1.0249,-0.4272,0.0610,-0.1831,1,466,858,0
56588926,8173,-0.0459,-0.0244,1.0244,-0.5493,0.2441,-0.3052,1,474,876,0
56593925,8174,-0.0464,-0.0259,1.0225,-0.4883,0.4883,-0.2441,1,481,859,0
56598929,8175,-0.0474,-0.0273,1.0200,-0.3662,0.4883,-0.2441,1,480,854,0
56603927,8176,-0.0479,-0.0269,1.0190,-0.4272,0.4272,-0.1221,1,483,856,0
56608929,8177,-0.0459,-0.0259,1.0215,-0.5493,0.4883,-0.1221,1,466,874,0
56613925,8178,-0.0439,-0.0264,1.0239,-0.6104,0.6104,-0.1831,1,466,869,0
56618925,8179,-0.0439,-0.0269,1.0229,-0.4883,0.6104,-0.0610,1,465,872,0
56623924,8180,-0.0449,-0.0273,1.0220,-0.4883,0.6104,0.0000,1,494,871,0
56628927,8181,-0.0444,-0.0278,1.0210,-0.4272,0.6104,-0.0610,1,465,798,0
56633928,8182,-0.0459,-0.0288,1.0205,-0.3662,0.6104,0.0000,1,478,842,0
56638930,8183,-0.0483,-0.0293,1.0205,-0.3662,0.5493,0.0000,1,486,799,0
56643928,8184,-0.0513,-0.0293,1.0205,-0.4272,0.4883,-0.1221,1,473,803,0
56648923,8185,-0.0522,-0.0298,1.0200,-0.3052,0.4272,-0.1831,1,487,840,0
56653929,8186,-0.0508,-0.0303,1.0190,-0.0610,0.2441,-0.1221,1,476,845,0
56658922,8187,-0.0493,-0.0288,1.0181,-0.0610,0.1221,-0.2441,1,478,835,0
56663925,8188,-0.0483,-0.0264,1.0186,0.0610,0.0000,-0.1831,1,466,858,0
56668925,8189,-0.0479,-0.0249,1.0205,-0.0610,-0.0610,-0.1831,1,484,826,0
56673926,8190,-0.0479,-0.0254,1.0220,-0.0610,-0.1221,-0.3052,1,465,900,0
56678922,8191,-0.0493,-0.0264,1.0205,-0.0610,-0.2441,-0.3052,1,471,853,0
56683928,8192,-0.0513,-0.0254,1.0186,-0.1831,-0.4883,-0.2441,1,482,871,0
56688929,8193,-0.0498,-0.0254,1.0190,-0.1831,-0.6104,-0.1831,1,480,873,0
56693922,8194,-0.0483,-0.0269,1.0210,-0.3052,-0.6714,-0.2441,1,469,857,0
56698924,8195,-0.0483,-0.0283,1.0225,-0.3052,-0.6714,-0.2441,1,476,853,0
56703929,8196,-0.0493,-0.0273,1.0225,-0.4883,-0.7324,-0.4272,1,483,857,0
56708923,8197,-0.0488,-0.0249,1.0205,-0.4272,-0.9155,-0.2441,1,466,879,0
56713929,8198,-0.0469,-0.0239,1.0205,-0.5493,-1.0376,-0.1221,1,466,882,0
56718930,8199,-0.0449,-0.0273,1.0215,-0.5493,-0.7935,-0.1831,1,466,870,0
56723929,8200,-0.0454,-0.0303,1.0215,-0.4272,-0.7935,-0.1831,1,494,878,0
56728926,8201,-0.0469,-0.0293,1.0200,-0.4883,-0.9766,-0.1831,1,493,799,0
56733924,8202,-0.0469,-0.0244,1.0205,-0.4883,-1.0376,-0.1831,1,481,840,0
56738929,8203,-0.0474,-0.0220,1.0225,-0.6714,-1.0376,-0.2441,1,475,844,0
56743928,8204,-0.0493,-0.0239,1.0215,-0.7324,-1.0376,-0.2441,1,481,870,0
56748927,8205,-0.0503,-0.0259,1.0195,-0.8545,-1.2207,-0.1831,1,475,850,0
56753923,8206,-0.0498,-0.0273,1.0190,-1.0376,-1.4038,-0.1831,1,484,846,0
56758923,8207,-0.0479,-0.0273,1.0220,-1.0376,-1.5869,-0.2441,1,510,850,0
56763930,8208,-0.0454,-0.0259,1.0249,-1.2207,-1.3428,-0.1831,1,465,866,0
56768928,8209,-0.0430,-0.0249,1.0259,-1.3428,-1.3428,-0.1221,1,484,868,0
56773929,8210,-0.0410,-0.0249,1.0259,-1.4038,-1.0986,-0.1221,1,468,901,0
56778923,8211,-0.0405,-0.0259,1.0259,-1.4648,-0.9155,-0.2441,1,472,865,0
56783923,8212,-0.0425,-0.0283,1.0234,-1.5259,-0.7324,-0.3052,1,482,877,0
56788922,8213,-0.0449,-0.0303,1.0210,-1.5869,-0.5493,-0.3052,1,469,873,0
56793929,8214,-0.0464,-0.0303,1.0205,-1.4038,-0.6104,-0.3662,1,476,853,0
56798928,8215,-0.0464,-0.0293,1.0210,-1.4038,-0.6714,-0.3052,1,470,852,0
56803922,8216,-0.0444,-0.0308,1.0229,-1.5259,-0.5493,-0.3662,1,483,849,0
56808952,8217,-0.0430,-0.0312,1.0244,-1.4648,-0.4883,-0.3052,1,466,880,0
56813925,8218,-0.0425,-0.0308,1.0239,-1.3428,-0.4272,-0.3662,1,466,901,0
56818929,8219,-0.0439,-0.0303,1.0225,-1.4038,-0.3052,-0.3662,1,465,876,0
56823928,8220,-0.0459,-0.0303,1.0205,-1.4648,-0.3662,-0.3662,1,493,872,0
56828928,8221,-0.0454,-0.0303,1.0200,-1.4648,-0.3662,-0.4272,1,466,802,0
56833923,8222,-0.0430,-0.0308,1.0225,-1.4038,-0.1831,-0.4272,1,490,832,0
56838930,8223,-0.0425,-0.0308,1.0244,-1.5259,-0.0610,-0.3052,1,481,846,0
56843925,8224,-0.0420,-0.0303,1.0244,-1.5259,0.0000,-0.3662,1,487,839,0
56848928,8225,-0.0415,-0.0303,1.0234,-1.6479,-0.0610,-0.4272,1,482,800,0
56853925,8226,-0.0420,-0.0312,1.0239,-1.6479,0.1831,-0.4272,1,488,849,0
56858922,8227,-0.0439,-0.0312,1.0239,-1.6479,0.4272,-0.4272,1,493,878,0
56863927,8228,-0.0449,-0.0303,1.0234,-1.6479,0.4883,-0.4272,1,465,879,0
56868926,8229,-0.0454,-0.0308,1.0225,-1.4648,0.3662,-0.3052,1,483,867,0
56873925,8230,-0.0444,-0.0312,1.0210,-1.5869,0.3052,-0.4272,1,465,902,0
56878925,8231,-0.0439,-0.0308,1.0220,-1.5869,0.3662,-0.4272,1,482,927,0
56883929,8232,-0.0439,-0.0312,1.0249,-1.7090,0.6104,-0.3052,1,469,875,0
56888923,8233,-0.0435,-0.0327,1.0264,-1.6479,0.7935,-0.3052,1,472,886,0
56893930,8234,-0.0444,-0.0337,1.0244,-1.5869,0.7935,-0.2441,1,482,854,0
56898922,8235,-0.0469,-0.0347,1.0205,-1.5259,0.6714,-0.3052,1,480,862,0
56903925,8236,-0.0503,-0.0352,1.0186,-1.5259,0.6104,-0.3662,1,484,848,0
56908935,8237,-0.0503,-0.0342,1.0186,-1.3428,0.4272,-0.2441,1,466,868,0
56913924,8238,-0.0474,-0.0327,1.0195,-1.1597,0.3052,-0.3052,1,466,873,0
56918922,8239,-0.0454,-0.0327,1.0205,-1.1597,0.3052,-0.3052,1,493,870,0
56923922,8240,-0.0454,-0.0337,1.0210,-1.2207,0.2441,-0.3052,1,486,870,0
56928925,8241,-0.0459,-0.0347,1.0200,-1.0376,0.1831,-0.4883,1,464,798,0
56933926,8242,-0.0454,-0.0342,1.0195,-0.8545,0.3662,-0.4272,1,478,853,0
56938925,8243,-0.0454,-0.0322,1.0200,-0.8545,0.2441,-0.3662,1,490,851,0
56943927,8244,-0.0469,-0.0308,1.0210,-0.7935,0.0000,-0.3662,1,482,850,0
56948925,8245,-0.0454,-0.0283,1.0234,-0.9155,0.0610,-0.4272,1,492,791,0
56953927,8246,-0.0420,-0.0288,1.0264,-1.0986,0.0610,-0.5493,1,485,852,0
56958928,8247,-0.0405,-0.0322,1.0254,-1.0986,0.3662,-0.4883,1,493,847,0
56963925,8248,-0.0420,-0.0342,1.0225,-1.0376,0.4883,-0.3052,1,493,848,0
56968924,8249,-0.0449,-0.0347,1.0210,-1.0986,0.4272,-0.4883,1,484,855,0
56973927,8250,-0.0454,-0.0356,1.0200,-1.0986,0.3662,-0.4272,1,465,902,0
56978922,8251,-0.0439,-0.0356,1.0200,-0.9766,0.3662,-0.4272,1,480,922,0
56983925,8252,-0.0425,-0.0342,1.0220,-0.9155,0.4272,-0.3662,1,468,874,0
56988926,8253,-0.0420,-0.0322,1.0234,-0.9155,0.5493,-0.3662,1,470,874,0
56993927,8254,-0.0435,-0.0332,1.0220,-0.8545,0.8545,-0.5493,1,471,863,0
56998930,8255,-0.0464,-0.0366,1.0205,-0.6714,0.8545,-0.4883,1,472,855,0
57003922,8256,-0.0474,-0.0381,1.0205,-0.5493,0.7935,-0.5493,1,483,854,0
57008925,8257,-0.0459,-0.0381,1.0215,-0.4883,0.8545,-0.4883,1,466,873,0
57013929,8258,-0.0449,-0.0381,1.0220,-0.3662,0.7935,-0.3662,1,466,866,0
57018928,8259,-0.0459,-0.0371,1.0205,-0.1831,0.8545,-0.4883,1,492,873,0
57023922,8260,-0.0479,-0.0356,1.0190,-0.1221,0.7935,-0.4272,1,466,875,0
57028925,8261,-0.0488,-0.0347,1.0195,-0.0610,0.7935,-0.4272,1,494,871,0
57033927,8262,-0.0479,-0.0347,1.0215,-0.0610,0.7935,-0.3662,1,466,818,0
57038931,8263,-0.0464,-0.0352,1.0225,0.0000,0.8545,-0.3662,1,485,841,0
57043929,8264,-0.0459,-0.0352,1.0215,0.0610,0.8545,-0.3662,1,491,797,0
57048924,8265,-0.0459,-0.0342,1.0205,-0.1221,0.7324,-0.3662,1,481,867,0
57053925,8266,-0.0464,-0.0342,1.0210,-0.1831,0.6714,-0.3052,1,478,844,0
57058922,8267,-0.0449,-0.0347,1.0234,-0.1831,0.9155,-0.4272,1,482,838,0
57063923,8268,-0.0439,-0.0342,1.0254,-0.0610,0.8545,-0.3662,1,505,852,0
57068927,8269,-0.0439,-0.0342,1.0249,-0.1221,0.8545,-0.3662,1,465,860,0
57073923,8270,-0.0449,-0.0352,1.0239,-0.2441,1.0376,-0.3662,1,484,808,0
57078931,8271,-0.0464,-0.0361,1.0239,0.0000,1.0986,-0.3662,1,472,906,0
57083922,8272,-0.0469,-0.0361,1.0234,0.0610,1.0986,-0.4272,1,472,831,0
57088930,8273,-0.0464,-0.0366,1.0225,0.1221,1.0376,-0.3662,1,466,865,0
57093922,8274,-0.0454,-0.0356,1.0215,0.1831,1.1597,-0.3662,1,466,869,0
57098923,8275,-0.0454,-0.0342,1.0225,0.2441,1.3428,-0.4883,1,477,862,0
57103927,8276,-0.0464,-0.0342,1.0225,0.1221,1.2817,-0.3662,1,477,856,0
57108930,8277,-0.0469,-0.0347,1.0225,0.1831,1.2817,-0.2441,1,483,855,0
57113941,8278,-0.0454,-0.0352,1.0244,0.4883,1.4038,-0.2441,1,466,878,0
57118930,8279,-0.0439,-0.0361,1.0254,0.3662,1.5259,-0.4272,1,466,879,0
57123924,8280,-0.0444,-0.0371,1.0244,0.4883,1.5259,-0.3052,1,493,881,0
57128923,8281,-0.0454,-0.0361,1.0229,0.4883,1.7090,-0.3052,1,494,874,0
57133927,8282,-0.0454,-0.0342,1.0225,0.5493,1.8311,-0.3052,1,493,808,0
57138925,8283,-0.0459,-0.0352,1.0234,0.6714,1.7090,-0.3662,1,485,852,0
57143923,8284,-0.0464,-0.0361,1.0229,0.5493,1.7090,-0.3662,1,475,844,0
57148925,8285,-0.0474,-0.0347,1.0215,0.6104,1.8311,-0.3052,1,488,849,0
57153926,8286,-0.0483,-0.0337,1.0225,0.6714,1.8311,-0.3662,1,473,834,0
57158927,8287,-0.0493,-0.0337,1.0249,0.6714,1.7700,-0.2441,1,482,845,0
57163929,8288,-0.0498,-0.0332,1.0249,0.5493,1.7090,-0.1831,1,488,849,0
57168931,8289,-0.0483,-0.0312,1.0229,0.5493,1.5259,-0.1831,1,493,853,0
57173927,8290,-0.0479,-0.0317,1.0215,0.4272,1.5259,-0.2441,1,484,906,0
57178924,8291,-0.0488,-0.0337,1.0205,0.4883,1.4038,-0.3662,1,466,905,0
57183930,8292,-0.0488,-0.0342,1.0205,0.3662,1.2817,-0.2441,1,470,867,0
57188924,8293,-0.0474,-0.0342,1.0215,0.3662,1.1597,-0.2441,1,468,869,0
57193922,8294,-0.0459,-0.0342,1.0225,0.3052,1.2817,-0.1831,1,479,873,0
57198923,8295,-0.0454,-0.0332,1.0239,0.3052,1.5869,-0.3052,1,467,854,0
57203923,8296,-0.0464,-0.0317,1.0239,0.2441,1.5259,-0.3662,1,467,856,0
57208926,8297,-0.0474,-0.0317,1.0225,0.0610,1.4038,-0.2441,1,483,862,0
57213937,8298,-0.0488,-0.0332,1.0205,0.1831,1.3428,-0.2441,1,465,874,0
57218926,8299,-0.0498,-0.0347,1.0195,0.3052,1.3428,-0.3052,1,466,881,0
57223923,8300,-0.0503,-0.0356,1.0181,0.4272,1.4038,-0.3052,1,493,870,0
57228929,8301,-0.0508,-0.0361,1.0161,0.4883,1.2817,-0.2441,1,487,866,0
57233929,8302,-0.0513,-0.0342,1.0151,0.4272,1.0986,-0.1831,1,494,876,0
57238922,8303,-0.0503,-0.0327,1.0166,0.4883,1.0376,-0.3052,1,469,871,0
57243926,8304,-0.0493,-0.0337,1.0195,0.3662,0.9155,-0.3052,1,488,840,0
57248926,8305,-0.0498,-0.0342,1.0210,0.4883,0.9155,-0.1831,1,492,848,0
57253923,8306,-0.0503,-0.0332,1.0215,0.4272,0.9766,-0.3052,1,480,846,0
57258936,8307,-0.0498,-0.0322,1.0215,0.2441,0.9155,-0.2441,1,491,839,0
57263927,8308,-0.0498,-0.0327,1.0200,0.3052,0.7324,-0.2441,1,480,854,0
57268930,8309,-0.0498,-0.0352,1.0181,0.1221,0.6714,-0.2441,1,510,847,0
57273922,8310,-0.0503,-0.0342,1.0176,0.2441,0.6714,-0.3052,1,466,857,0
57278928,8311,-0.0532,-0.0337,1.0166,0.3662,0.4272,-0.3052,1,465,865,0
57283925,8312,-0.0527,-0.0356,1.0181,0.3052,0.1831,-0.3052,1,482,904,0
57288929,8313,-0.0493,-0.0361,1.0210,0.4272,0.0000,-0.3662,1,467,859,0
57293924,8314,-0.0469,-0.0332,1.0225,0.4883,0.1221,-0.3662,1,467,831,0
57298922,8315,-0.0474,-0.0303,1.0220,0.3052,0.3662,-0.3662,1,477,867,0
57303924,8316,-0.0483,-0.0308,1.0210,0.1831,0.4883,-0.3662,1,466,850,0
57308930,8317,-0.0488,-0.0332,1.0200,0.3052,0.4272,-0.3052,1,480,855,0
57313929,8318,-0.0503,-0.0337,1.0200,0.3662,0.3662,-0.1831,1,483,852,0
57318950,8319,-0.0513,-0.0327,1.0195,0.2441,0.3662,-0.2441,1,466,874,0
57323929,8320,-0.0513,-0.0327,1.0186,0.1221,0.3662,-0.3662,1,466,882,0
57328930,8321,-0.0498,-0.0337,1.0195,-0.0610,0.1831,-0.3052,1,493,873,0
57333922,8322,-0.0498,-0.0342,1.0200,0.0000,0.1831,-0.2441,1,488,874,0
57338925,8323,-0.0498,-0.0337,1.0190,0.1221,0.1831,-0.3052,1,493,764,0
57343923,8324,-0.0488,-0.0322,1.0195,0.1831,0.1831,-0.2441,1,483,852,0
57348931,8325,-0.0488,-0.0327,1.0200,0.1221,0.1221,-0.2441,1,473,855,0
57353930,8326,-0.0503,-0.0337,1.0200,0.1221,0.2441,-0.2441,1,478,842,0
57358928,8327,-0.0513,-0.0332,1.0210,0.1831,0.1221,-0.1831,1,490,861,0
57363922,8328,-0.0498,-0.0322,1.0229,0.1221,0.0610,-0.3662,1,480,845,0
57368925,8329,-0.0483,-0.0322,1.0229,0.1831,0.2441,-0.3662,1,492,847,0
57373924,8330,-0.0483,-0.0327,1.0210,0.3052,0.3052,-0.3052,1,493,855,0
57378928,8331,-0.0488,-0.0327,1.0205,0.1831,0.1831,-0.3662,1,484,854,0
57383929,8332,-0.0493,-0.0342,1.0210,0.3052,0.0610,-0.3052,1,465,880,0
57388926,8333,-0.0493,-0.0352,1.0220,0.3052,0.0610,-0.3662,1,479,853,0
57393924,8334,-0.0498,-0.0327,1.0220,0.2441,0.1831,-0.4883,1,466,867,0
57398929,8335,-0.0508,-0.0303,1.0205,0.2441,0.0610,-0.4272,1,472,878,0
57403924,8336,-0.0513,-0.0312,1.0195,0.3662,-0.0610,-0.3052,1,478,849,0
57408926,8337,-0.0503,-0.0337,1.0205,0.3662,-0.0610,-0.4272,1,465,880,0
57413925,8338,-0.0508,-0.0342,1.0200,0.3052,-0.0610,-0.4883,1,484,854,0
57418929,8339,-0.0498,-0.0332,1.0205,0.3662,-0.2441,-0.4272,1,466,862,0
57423927,8340,-0.0474,-0.0312,1.0220,0.3052,-0.1831,-0.3052,1,466,883,0
57428925,8341,-0.0464,-0.0298,1.0225,0.3052,-0.0610,-0.3662,1,493,892,0
57433925,8342,-0.0464,-0.0303,1.0225,0.2441,-0.1831,-0.3052,1,481,866,0
57438930,8343,-0.0464,-0.0308,1.0234,0.1831,0.0000,-0.2441,1,494,869,0
57443928,8344,-0.0474,-0.0303,1.0234,0.0610,0.1831,-0.3662,1,471,800,0
57448927,8345,-0.0483,-0.0317,1.0225,-0.0610,0.0610,-0.4272,1,490,844,0
57453927,8346,-0.0483,-0.0337,1.0215,0.1221,0.2441,-0.3662,1,478,845,0
57458926,8347,-0.0493,-0.0327,1.0195,0.1831,0.1831,-0.3052,1,490,866,0
57463927,8348,-0.0508,-0.0327,1.0171,0.1831,0.0610,-0.3662,1,481,850,0
57468927,8349,-0.0508,-0.0347,1.0161,0.1831,0.0610,-0.4272,1,489,843,0
57473928,8350,-0.0498,-0.0347,1.0186,0.2441,-0.0610,-0.3662,1,493,841,0
57478926,8351,-0.0483,-0.0327,1.0215,0.3052,-0.0610,-0.3052,1,484,864,0
57483926,8352,-0.0493,-0.0308,1.0225,0.2441,0.0610,-0.3662,1,465,896,0
57488929,8353,-0.0503,-0.0312,1.0210,0.1221,-0.1221,-0.4272,1,465,864,0
57493924,8354,-0.0508,-0.0317,1.0190,0.1831,-0.1831,-0.4272,1,467,880,0
57498926,8355,-0.0518,-0.0322,1.0176,0.2441,-0.3052,-0.4272,1,478,875,0
57503927,8356,-0.0522,-0.0322,1.0190,0.3662,-0.3662,-0.4272,1,465,856,0
57508927,8357,-0.0503,-0.0322,1.0210,0.3052,-0.3662,-0.3052,1,465,864,0
57513924,8358,-0.0479,-0.0317,1.0210,0.3662,-0.4272,-0.3662,1,484,848,0
57518937,8359,-0.0488,-0.0317,1.0210,0.2441,-0.3662,-0.4272,1,466,877,0
57523927,8360,-0.0498,-0.0322,1.0210,0.3052,-0.4883,-0.3662,1,466,880,0
57528926,8361,-0.0493,-0.0312,1.0215,0.4272,-0.4883,-0.3662,1,493,872,0
57533923,8362,-0.0483,-0.0303,1.0220,0.3052,-0.4883,-0.3662,1,481,903,0
57538925,8363,-0.0479,-0.0308,1.0229,0.3662,-0.5493,-0.3662,1,494,869,0
57543927,8364,-0.0474,-0.0312,1.0234,0.3662,-0.4272,-0.4883,1,475,858,0
57548925,8365,-0.0459,-0.0322,1.0229,0.3662,-0.2441,-0.4272,1,484,884,0
57553923,8366,-0.0454,-0.0317,1.0229,0.4883,-0.3662,-0.4272,1,478,852,0
57558924,8367,-0.0469,-0.0303,1.0229,0.4883,-0.2441,-0.4272,1,492,853,0
57563927,8368,-0.0479,-0.0303,1.0234,0.3662,-0.2441,-0.3662,1,484,844,0
57568923,8369,-0.0493,-0.0322,1.0215,0.5493,-0.2441,-0.3662,1,507,848,0
57573928,8370,-0.0503,-0.0332,1.0190,0.5493,-0.3052,-0.3662,1,466,852,0
57578931,8371,-0.0498,-0.0322,1.0190,0.4883,-0.4272,-0.3052,1,484,862,0
57583926,8372,-0.0483,-0.0308,1.0205,0.5493,-0.4272,-0.4272,1,465,903,0
57588926,8373,-0.0459,-0.0293,1.0225,0.4883,-0.4272,-0.3662,1,472,867,0
57593925,8374,-0.0444,-0.0293,1.0239,0.4883,-0.3662,-0.3052,1,481,870,0
57598923,8375,-0.0444,-0.0303,1.0239,0.3052,-0.1831,-0.3662,1,467,873,0
57603930,8376,-0.0454,-0.0308,1.0229,0.3052,-0.0610,-0.4883,1,477,856,0
57608925,8377,-0.0474,-0.0308,1.0205,0.4272,-0.0610,-0.3662,1,475,850,0
57613924,8378,-0.0479,-0.0308,1.0195,0.2441,-0.3052,-0.4272,1,465,854,0
57618950,8379,-0.0469,-0.0312,1.0200,0.2441,-0.3662,-0.4272,1,466,871,0
57623922,8380,-0.0474,-0.0312,1.0205,0.3052,-0.1831,-0.3662,1,466,900,0
57628931,8381,-0.0488,-0.0312,1.0205,0.1831,-0.3052,-0.3662,1,465,899,0
57633930,8382,-0.0503,-0.0308,1.0200,0.1831,-0.4883,-0.3662,1,494,900,0
57638922,8383,-0.0508,-0.0308,1.0195,0.3052,-0.4883,-0.3662,1,493,794,0
57643922,8384,-0.0498,-0.0298,1.0205,0.1831,-0.4883,-0.3662,1,482,840,0
57648931,8385,-0.0479,-0.0303,1.0225,0.1831,-0.6104,-0.3052,1,492,849,0
57653931,8386,-0.0454,-0.0327,1.0234,0.1831,-0.6104,-0.3052,1,472,836,0
57658932,8387,-0.0444,-0.0327,1.0225,0.0610,-0.4883,-0.3052,1,486,846,0
57663924,8388,-0.0454,-0.0308,1.0215,0.0000,-0.4272,-0.4272,1,473,841,0
57668927,8389,-0.0464,-0.0303,1.0205,0.1221,-0.4272,-0.3662,1,506,788,0
57673923,8390,-0.0469,-0.0312,1.0210,0.1831,-0.3662,-0.1831,1,473,856,0
57678925,8391,-0.0464,-0.0312,1.0225,-0.0610,-0.3662,-0.2441,1,466,842,0
57683927,8392,-0.0464,-0.0308,1.0225,-0.1221,-0.3052,-0.3662,1,470,928,0
57688926,8393,-0.0464,-0.0298,1.0225,0.0000,-0.3662,-0.2441,1,477,855,0
57693924,8394,-0.0469,-0.0293,1.0220,0.0000,-0.3662,-0.3052,1,465,812,0
57698924,8395,-0.0469,-0.0308,1.0215,-0.1221,-0.3662,-0.2441,1,478,804,0
57703927,8396,-0.0464,-0.0317,1.0215,-0.0610,-0.4883,-0.2441,1,465,852,0
57708926,8397,-0.0454,-0.0317,1.0229,-0.1221,-0.3662,-0.3052,1,484,856,0
57713926,8398,-0.0449,-0.0312,1.0244,-0.1831,-0.2441,-0.3662,1,466,876,0
57718923,8399,-0.0454,-0.0303,1.0239,-0.1221,-0.1831,-0.3052,1,465,909,0
57723926,8400,-0.0444,-0.0298,1.0229,-0.1221,-0.1831,-0.3052,1,493,872,0
57728924,8401,-0.0439,-0.0303,1.0229,-0.1221,-0.1221,-0.2441,1,480,872,0
57733922,8402,-0.0444,-0.0298,1.0225,-0.2441,-0.1221,-0.3052,1,466,796,0
57738929,8403,-0.0454,-0.0312,1.0210,-0.3052,0.0000,-0.3052,1,484,852,0
57743926,8404,-0.0454,-0.0322,1.0215,-0.2441,-0.0610,-0.3052,1,471,819,0
57748925,8405,-0.0449,-0.0312,1.0244,-0.1831,0.1831,-0.3052,1,488,847,0
57753929,8406,-0.0444,-0.0303,1.0249,-0.2441,0.1831,-0.3052,1,482,873,0
57758925,8407,-0.0454,-0.0308,1.0239,-0.4272,0.2441,-0.1221,1,490,847,0
57763928,8408,-0.0469,-0.0317,1.0220,-0.3052,0.3662,-0.2441,1,509,846,0
57768925,8409,-0.0479,-0.0327,1.0200,-0.4272,0.1831,-0.2441,1,471,862,0
57773927,8410,-0.0469,-0.0322,1.0195,-0.4272,0.1831,-0.1831,1,465,877,0
57778925,8411,-0.0464,-0.0312,1.0205,-0.3662,0.0610,-0.3662,1,470,919,0
57783930,8412,-0.0474,-0.0322,1.0220,-0.4272,0.0000,-0.2441,1,479,890,0
57788929,8413,-0.0464,-0.0317,1.0239,-0.4272,0.1831,-0.3052,1,482,830,0
57793924,8414,-0.0459,-0.0317,1.0244,-0.4883,0.1831,-0.2441,1,467,857,0
57798929,8415,-0.0464,-0.0327,1.0220,-0.3052,0.1221,-0.3052,1,478,862,0
57803929,8416,-0.0469,-0.0332,1.0195,-0.1221,0.0000,-0.2441,1,484,846,0
57808922,8417,-0.0469,-0.0342,1.0195,-0.2441,-0.0610,-0.3052,1,465,828,0
57813928,8418,-0.0449,-0.0356,1.0220,-0.1221,-0.1221,-0.3052,1,466,868,0
57818927,8419,-0.0444,-0.0352,1.0220,-0.1221,-0.0610,-0.3052,1,466,866,0
57823929,8420,-0.0444,-0.0327,1.0210,-0.0610,0.0000,-0.2441,1,466,865,0
57828924,8421,-0.0449,-0.0303,1.0220,-0.1831,0.1831,-0.2441,1,493,755,0
57833925,8422,-0.0454,-0.0303,1.0225,-0.2441,0.1831,-0.3052,1,492,774,0
57838930,8423,-0.0449,-0.0317,1.0229,-0.2441,0.1831,-0.3052,1,480,844,0
57843928,8424,-0.0454,-0.0322,1.0234,-0.1221,0.1831,-0.1831,1,478,850,0
57848928,8425,-0.0454,-0.0317,1.0234,-0.3052,0.2441,-0.1831,1,490,873,0
57853929,8426,-0.0449,-0.0308,1.0220,-0.2441,0.3052,-0.3662,1,484,851,0
57858930,8427,-0.0459,-0.0308,1.0205,-0.2441,0.3052,-0.2441,1,472,844,0
57863929,8428,-0.0459,-0.0322,1.0210,-0.2441,0.2441,-0.2441,1,466,841,0
57868924,8429,-0.0459,-0.0327,1.0210,-0.1221,0.3052,-0.2441,1,484,867,0
57873928,8430,-0.0469,-0.0332,1.0190,-0.1221,0.3052,-0.3052,1,467,896,0
57878927,8431,-0.0479,-0.0342,1.0190,-0.0610,0.1831,-0.3662,1,473,852,0
57883929,8432,-0.0483,-0.0342,1.0210,-0.0610,0.1831,-0.3662,1,481,871,0
57888922,8433,-0.0469,-0.0322,1.0220,0.0610,0.0610,-0.2441,1,466,871,0
57893923,8434,-0.0469,-0.0322,1.0220,0.0610,0.1221,-0.2441,1,482,853,0
57898927,8435,-0.0474,-0.0337,1.0210,0.0000,0.1831,-0.2441,1,482,851,0
57903928,8436,-0.0479,-0.0352,1.0195,0.0610,0.1221,-0.2441,1,465,809,0
57908938,8437,-0.0474,-0.0352,1.0200,0.0610,0.0000,-0.2441,1,466,868,0
57913928,8438,-0.0464,-0.0347,1.0215,0.0000,0.1221,-0.3662,1,466,824,0
57918922,8439,-0.0454,-0.0337,1.0234,0.0610,0.0610,-0.3052,1,493,823,0
57923928,8440,-0.0459,-0.0332,1.0249,0.0000,0.0610,-0.3052,1,494,867,0
57928924,8441,-0.0459,-0.0327,1.0249,-0.1221,0.0000,-0.3052,1,464,796,0
57933929,8442,-0.0449,-0.0337,1.0239,0.0610,0.1221,-0.1831,1,478,796,0
57938929,8443,-0.0444,-0.0327,1.0234,0.1221,0.1831,-0.1831,1,485,846,0
57943926,8444,-0.0454,-0.0312,1.0225,0.0000,0.1831,-0.2441,1,492,851,0
57948922,8445,-0.0459,-0.0317,1.0215,-0.0610,0.1221,-0.1831,1,486,829,0
57953925,8446,-0.0449,-0.0312,1.0215,-0.1221,0.1831,-0.2441,1,487,842,0
57958929,8447,-0.0444,-0.0308,1.0220,-0.1831,0.3052,-0.3052,1,492,872,0
57963926,8448,-0.0444,-0.0312,1.0220,-0.1221,0.3052,-0.2441,1,484,855,0
57968924,8449,-0.0454,-0.0322,1.0215,-0.1221,0.3052,-0.2441,1,465,849,0
57973930,8450,-0.0459,-0.0322,1.0205,-0.0610,0.3662,-0.2441,1,469,861,0
57978923,8451,-0.0449,-0.0322,1.0205,-0.1831,0.3662,-0.4272,1,469,874,0
57983922,8452,-0.0444,-0.0322,1.0225,-0.1221,0.4272,-0.3052,1,480,880,0
57988924,8453,-0.0454,-0.0322,1.0234,-0.1221,0.3052,-0.3052,1,472,854,0
57993923,8454,-0.0459,-0.0317,1.0239,-0.0610,0.4272,-0.3052,1,475,852,0
57998928,8455,-0.0454,-0.0322,1.0249,0.0000,0.4272,-0.3052,1,484,854,0
58003944,8456,-0.0439,-0.0327,1.0244,-0.0610,0.4883,-0.3052,1,466,833,0
58008927,8457,-0.0439,-0.0322,1.0225,-0.1831,0.6104,-0.4272,1,466,873,0
58013925,8458,-0.0439,-0.0317,1.0215,-0.1221,0.6104,-0.3052,1,492,877,0
58018928,8459,-0.0439,-0.0312,1.0205,-0.0610,0.6104,-0.3052,1,468,867,0
58023925,8460,-0.0444,-0.0308,1.0200,-0.0610,0.6714,-0.3052,1,494,891,0
58028923,8461,-0.0459,-0.0322,1.0205,0.0000,0.6104,-0.4272,1,492,846,0
58033930,8462,-0.0469,-0.0337,1.0210,0.1221,0.5493,-0.3052,1,484,798,0
58038930,8463,-0.0474,-0.0327,1.0210,0.0000,0.6104,-0.3052,1,487,835,0
58043924,8464,-0.0469,-0.0317,1.0210,-0.0610,0.5493,-0.3052,1,488,791,0
58048930,8465,-0.0454,-0.0317,1.0220,0.0000,0.5493,-0.3052,1,483,838,0
58053926,8466,-0.0454,-0.0312,1.0229,-0.0610,0.6104,-0.1831,1,509,800,0
58058927,8467,-0.0469,-0.0312,1.0225,-0.0610,0.5493,-0.2441,1,465,872,0
58063928,8468,-0.0483,-0.0327,1.0210,0.0000,0.4883,-0.2441,1,484,888,0
58068928,8469,-0.0483,-0.0332,1.0205,0.0610,0.4883,-0.2441,1,465,820,0
58073923,8470,-0.0459,-0.0337,1.0215,-0.0610,0.4272,-0.3662,1,472,866,0
58078929,8471,-0.0444,-0.0337,1.0225,-0.0610,0.4883,-0.3052,1,482,871,0
58083927,8472,-0.0444,-0.0342,1.0220,0.1221,0.6104,-0.3662,1,465,867,0
58088928,8473,-0.0454,-0.0342,1.0220,0.0610,0.5493,-0.2441,1,472,852,0
58093922,8474,-0.0459,-0.0337,1.0215,0.0610,0.5493,-0.2441,1,475,859,0
58098923,8475,-0.0469,-0.0337,1.0220,0.1221,0.6104,-0.3052,1,466,856,0
58103947,8476,-0.0479,-0.0342,1.0220,0.2441,0.5493,-0.2441,1,466,860,0
58108924,8477,-0.0479,-0.0347,1.0205,0.1831,0.4272,-0.3052,1,466,877,0
58113928,8478,-0.0474,-0.0342,1.0200,0.1831,0.4883,-0.4272,1,492,871,0
58118929,8479,-0.0464,-0.0337,1.0205,0.1221,0.4272,-0.3662,1,469,870,0
58123930,8480,-0.0454,-0.0322,1.0225,0.3052,0.4272,-0.3052,1,493,795,0
58128922,8481,-0.0449,-0.0317,1.0239,0.1831,0.4883,-0.3052,1,473,842,0
58133929,8482,-0.0459,-0.0317,1.0234,0.1831,0.4883,-0.3052,1,491,847,0
58138924,8483,-0.0464,-0.0317,1.0225,0.2441,0.3662,-0.3662,1,478,845,0
58143935,8484,-0.0459,-0.0312,1.0220,0.0610,0.4883,-0.3052,1,486,850,0
58148924,8485,-0.0464,-0.0312,1.0225,0.0610,0.5493,-0.1831,1,490,862,0
58153922,8486,-0.0464,-0.0322,1.0234,0.1831,0.4883,-0.3052,1,506,870,0
58158926,8487,-0.0469,-0.0332,1.0229,0.1831,0.4883,-0.2441,1,471,860,0
58163923,8488,-0.0479,-0.0337,1.0225,0.1221,0.6714,-0.3052,1,484,810,0
58168927,8489,-0.0469,-0.0332,1.0229,0.0610,0.6104,-0.2441,1,481,904,0
58173925,8490,-0.0449,-0.0327,1.0225,0.1221,0.6714,-0.2441,1,465,862,0
58178923,8491,-0.0449,-0.0322,1.0225,0.1831,0.6104,-0.2441,1,471,864,0
58183926,8492,-0.0449,-0.0312,1.0229,0.1221,0.6714,-0.3052,1,477,876,0
58188929,8493,-0.0449,-0.0317,1.0220,0.1221,0.6714,-0.3052,1,477,877,0
58193924,8494,-0.0459,-0.0322,1.0210,0.0000,0.6714,-0.2441,1,475,850,0
58198926,8495,-0.0464,-0.0312,1.0210,0.0610,0.6714,-0.3052,1,466,808,0
58203949,8496,-0.0459,-0.0308,1.0215,-0.1221,0.7324,-0.2441,1,466,889,0
58208922,8497,-0.0459,-0.0332,1.0234,-0.1221,0.6714,-0.1831,1,466,871,0
58213929,8498,-0.0449,-0.0337,1.0225,-0.1221,0.7324,-0.1831,1,492,875,0
58218927,8499,-0.0454,-0.0337,1.0215,-0.1221,0.7324,-0.1831,1,466,873,0
58223929,8500,-0.0474,-0.0332,1.0200,0.0000,0.6714,-0.1831,1,494,814,0
58228923,8501,-0.0493,-0.0337,1.0200,-0.1221,0.6714,-0.1831,1,482,799,0
58233923,8502,-0.0493,-0.0342,1.0205,0.0000,0.4883,-0.2441,1,478,844,0
58238927,8503,-0.0483,-0.0332,1.0205,0.0610,0.4883,-0.2441,1,490,822,0
58243924,8504,-0.0474,-0.0327,1.0190,0.0610,0.4883,-0.1831,1,487,868,0
58248926,8505,-0.0469,-0.0332,1.0190,0.0610,0.3052,-0.3052,1,480,844,0
58253927,8506,-0.0464,-0.0332,1.0200,0.0000,0.3662,-0.1831,1,507,835,0
58258926,8507,-0.0459,-0.0327,1.0210,0.0610,0.4272,-0.2441,1,492,791,0
58263929,8508,-0.0459,-0.0332,1.0215,0.0610,0.3662,-0.2441,1,484,862,0
58268925,8509,-0.0483,-0.0332,1.0210,0.1221,0.3662,-0.1831,1,465,903,0
58273922,8510,-0.0508,-0.0327,1.0205,0.0000,0.2441,-0.1831,1,475,865,0
58278926,8511,-0.0503,-0.0332,1.0195,0.0000,0.0610,-0.3052,1,482,830,0
58283927,8512,-0.0474,-0.0332,1.0205,0.1221,0.1221,-0.3052,1,465,805,0
58288923,8513,-0.0464,-0.0322,1.0220,0.1831,0.1831,-0.2441,1,468,847,0
58293927,8514,-0.0469,-0.0322,1.0220,0.0610,0.2441,-0.2441,1,475,861,0
58298924,8515,-0.0469,-0.0327,1.0215,0.0000,0.2441,-0.2441,1,483,856,0
58303932,8516,-0.0469,-0.0327,1.0220,0.0610,0.3052,-0.1831,1,466,829,0
58308923,8517,-0.0469,-0.0322,1.0210,0.0610,0.2441,-0.2441,1,466,868,0
58313922,8518,-0.0469,-0.0322,1.0195,0.0000,0.3052,-0.3052,1,466,872,0
58318924,8519,-0.0469,-0.0312,1.0190,0.1221,0.1831,-0.1831,1,466,746,0
58323928,8520,-0.0464,-0.0312,1.0210,0.0610,0.1221,-0.1831,1,494,896,0
58328926,8521,-0.0449,-0.0317,1.0229,-0.0610,0.1221,-0.1831,1,481,826,0
58333923,8522,-0.0449,-0.0327,1.0229,-0.0610,0.3052,-0.1831,1,474,848,0
58338928,8523,-0.0474,-0.0332,1.0220,-0.0610,0.3052,-0.1221,1,491,847,0
58343926,8524,-0.0488,-0.0337,1.0210,0.0000,0.3662,-0.1221,1,478,838,0
58348925,8525,-0.0479,-0.0337,1.0210,-0.0610,0.3662,-0.1831,1,483,796,0
58353924,8526,-0.0464,-0.0332,1.0220,-0.1221,0.3662,-0.3052,1,493,843,0
58358926,8527,-0.0454,-0.0322,1.0229,0.0610,0.4272,-0.2441,1,467,857,0
58363930,8528,-0.0454,-0.0322,1.0225,0.0000,0.4272,-0.2441,1,484,813,0
58368926,8529,-0.0464,-0.0327,1.0210,0.0000,0.4883,-0.2441,1,479,823,0
58373926,8530,-0.0483,-0.0337,1.0200,0.0610,0.4883,-0.2441,1,469,818,0
58378928,8531,-0.0498,-0.0347,1.0200,0.0610,0.3052,-0.1221,1,476,863,0
58383926,8532,-0.0488,-0.0337,1.0210,0.0610,0.3052,-0.1831,1,481,864,0
58388922,8533,-0.0469,-0.0327,1.0210,0.0610,0.3052,-0.2441,1,469,851,0
58393925,8534,-0.0454,-0.0327,1.0210,0.0610,0.4883,-0.2441,1,483,849,0
58398923,8535,-0.0464,-0.0327,1.0210,0.0000,0.4883,-0.1831,1,466,875,0
58403947,8536,-0.0483,-0.0322,1.0205,0.0610,0.3662,-0.1831,1,466,826,0
58408922,8537,-0.0479,-0.0317,1.0200,0.0610,0.4272,-0.1221,1,466,878,0
58413927,8538,-0.0459,-0.0322,1.0220,0.0610,0.3662,-0.1221,1,493,869,0
58418923,8539,-0.0449,-0.0317,1.0229,0.0000,0.3662,-0.2441,1,465,870,0
58423931,8540,-0.0454,-0.0308,1.0220,-0.0610,0.4883,-0.2441,1,494,769,0
58428929,8541,-0.0474,-0.0308,1.0215,0.0610,0.4883,-0.1831,1,486,853,0
58433926,8542,-0.0474,-0.0317,1.0220,-0.0610,0.4883,-0.1831,1,475,839,0
58438930,8543,-0.0464,-0.0317,1.0225,-0.0610,0.4272,-0.2441,1,490,845,0
58443925,8544,-0.0459,-0.0317,1.0229,-0.0610,0.4883,-0.2441,1,474,846,0
58448923,8545,-0.0464,-0.0317,1.0229,-0.0610,0.5493,-0.1831,1,483,846,0
58453930,8546,-0.0464,-0.0332,1.0220,0.0000,0.4272,-0.0610,1,490,849,0
58458930,8547,-0.0464,-0.0337,1.0215,-0.1221,0.4272,-0.2441,1,493,740,0
58463923,8548,-0.0459,-0.0322,1.0215,-0.1221,0.5493,-0.1831,1,484,806,0
58468930,8549,-0.0459,-0.0308,1.0215,0.0000,0.4883,-0.1221,1,474,902,0
58473923,8550,-0.0464,-0.0308,1.0210,-0.1221,0.6104,-0.1831,1,472,819,0
58478927,8551,-0.0469,-0.0317,1.0220,-0.1221,0.6104,-0.1831,1,482,863,0
58483927,8552,-0.0464,-0.0322,1.0225,0.0000,0.5493,-0.1831,1,483,867,0
58488931,8553,-0.0464,-0.0327,1.0220,-0.0610,0.6104,-0.1831,1,466,812,0
58493928,8554,-0.0483,-0.0327,1.0225,0.0000,0.7935,-0.1221,1,465,853,0
58498923,8555,-0.0483,-0.0327,1.0225,0.0000,0.7324,-0.1221,1,484,808,0
58503925,8556,-0.0479,-0.0327,1.0215,0.1221,0.5493,-0.2441,1,466,829,0
58508927,8557,-0.0474,-0.0317,1.0225,0.0000,0.6714,-0.2441,1,466,876,0
58513927,8558,-0.0469,-0.0322,1.0244,0.0000,0.6714,-0.1831,1,492,829,0
58518930,8559,-0.0464,-0.0332,1.0249,0.1221,0.6104,-0.1831,1,493,829,0
58523928,8560,-0.0464,-0.0332,1.0249,0.0000,0.7324,-0.2441,1,488,870,0
58528924,8561,-0.0464,-0.0327,1.0239,0.0000,0.6714,-0.2441,1,464,806,0
58533922,8562,-0.0469,-0.0327,1.0225,0.0610,0.6104,-0.1831,1,473,803,0
58538931,8563,-0.0474,-0.0322,1.0229,0.0610,0.6714,-0.1831,1,484,840,0
58543927,8564,-0.0464,-0.0317,1.0234,-0.1221,0.7935,-0.1831,1,486,848,0
58548925,8565,-0.0449,-0.0322,1.0234,0.0000,0.7935,-0.1221,1,475,845,0
58553927,8566,-0.0454,-0.0327,1.0234,-0.0610,0.8545,-0.1831,1,471,799,0
58558923,8567,-0.0469,-0.0337,1.0215,0.0610,0.8545,-0.2441,1,492,849,0
58563922,8568,-0.0483,-0.0337,1.0205,0.1221,0.8545,-0.3052,1,484,855,0
58568922,8569,-0.0503,-0.0327,1.0205,0.0000,0.7935,-0.2441,1,465,894,0
58573924,8570,-0.0508,-0.0327,1.0210,0.0000,0.7324,-0.2441,1,470,826,0
58578928,8571,-0.0493,-0.0322,1.0215,0.0000,0.6104,-0.2441,1,474,827,0
58583924,8572,-0.0483,-0.0317,1.0225,0.0610,0.6104,-0.2441,1,477,811,0
58588923,8573,-0.0479,-0.0332,1.0234,0.0610,0.7324,-0.2441,1,469,855,0
58593922,8574,-0.0483,-0.0342,1.0234,0.1221,0.6714,-0.1831,1,473,860,0
58598927,8575,-0.0488,-0.0327,1.0225,0.0610,0.7324,-0.3052,1,484,856,0
58603927,8576,-0.0488,-0.0317,1.0210,0.0610,0.7324,-0.3052,1,466,873,0
58608925,8577,-0.0479,-0.0322,1.0220,0.1221,0.7935,-0.3052,1,466,870,0
58613923,8578,-0.0469,-0.0332,1.0234,-0.0610,0.7935,-0.3052,1,492,867,0
58618928,8579,-0.0464,-0.0327,1.0234,0.0610,0.7324,-0.2441,1,493,870,0
58623924,8580,-0.0464,-0.0312,1.0234,0.0610,0.8545,-0.2441,1,491,877,0
58628926,8581,-0.0464,-0.0312,1.0239,0.0000,0.8545,-0.2441,1,464,825,0
58633925,8582,-0.0459,-0.0312,1.0239,0.0610,0.7935,-0.3052,1,478,826,0
58638930,8583,-0.0469,-0.0322,1.0239,-0.1831,0.9766,-0.3662,1,492,865,0
58643926,8584,-0.0464,-0.0332,1.0254,-0.0610,1.0376,-0.3662,1,476,869,0
58648930,8585,-0.0454,-0.0332,1.0264,0.0610,1.1597,-0.1831,1,485,844,0
58653926,8586,-0.0474,-0.0327,1.0244,0.1221,1.2207,-0.3052,1,490,848,0
58658924,8587,-0.0493,-0.0327,1.0220,-0.0610,1.1597,-0.3662,1,492,830,0
58663928,8588,-0.0493,-0.0327,1.0210,0.0000,1.1597,-0.3052,1,485,864,0
58668930,8589,-0.0483,-0.0312,1.0215,0.1221,1.0376,-0.3052,1,465,816,0
58673930,8590,-0.0474,-0.0293,1.0225,0.0000,1.0986,-0.3052,1,470,882,0
58678930,8591,-0.0469,-0.0293,1.0229,-0.1221,1.1597,-0.3052,1,476,777,0
58683929,8592,-0.0483,-0.0312,1.0215,0.0000,1.2207,-0.3052,1,465,864,0
58688924,8593,-0.0498,-0.0327,1.0200,0.0000,1.2817,-0.3052,1,473,834,0
58693930,8594,-0.0503,-0.0327,1.0205,0.0000,1.1597,-0.3052,1,479,810,0
58698923,8595,-0.0493,-0.0317,1.0220,-0.1221,1.0986,-0.3662,1,483,805,0
58703931,8596,-0.0488,-0.0308,1.0215,-0.1831,0.9766,-0.3052,1,466,876,0
58708923,8597,-0.0503,-0.0317,1.0200,-0.1221,0.9766,-0.3662,1,466,868,0
58713924,8598,-0.0522,-0.0342,1.0190,-0.1221,0.7324,-0.2441,1,493,868,0
58718923,8599,-0.0527,-0.0361,1.0190,0.0000,0.7324,-0.2441,1,466,874,0
58723925,8600,-0.0518,-0.0361,1.0195,-0.0610,0.6104,-0.3662,1,494,759,0
58728925,8601,-0.0498,-0.0347,1.0195,-0.0610,0.4272,-0.3662,1,468,853,0
58733927,8602,-0.0488,-0.0327,1.0195,0.0610,0.4883,-0.3662,1,481,849,0
58738927,8603,-0.0483,-0.0317,1.0195,0.0000,0.6104,-0.3052,1,491,849,0
58743927,8604,-0.0488,-0.0337,1.0200,0.0000,0.5493,-0.3662,1,481,797,0
58748923,8605,-0.0503,-0.0347,1.0210,0.0000,0.5493,-0.3662,1,488,802,0
58753931,8606,-0.0513,-0.0342,1.0220,0.0000,0.4883,-0.3052,1,502,785,0
58758929,8607,-0.0503,-0.0327,1.0215,0.0000,0.4883,-0.3662,1,492,726,0
58763922,8608,-0.0498,-0.0322,1.0205,0.0000,0.3662,-0.3662,1,484,853,0
58768926,8609,-0.0513,-0.0332,1.0195,0.0000,0.3052,-0.3052,1,483,824,0
58773928,8610,-0.0522,-0.0342,1.0181,0.1221,0.4272,-0.3662,1,465,815,0
58778926,8611,-0.0518,-0.0347,1.0190,0.1221,0.4272,-0.3052,1,470,862,0
58783929,8612,-0.0498,-0.0347,1.0205,0.0610,0.2441,-0.2441,1,479,865,0
58788927,8613,-0.0493,-0.0332,1.0210,0.1221,0.2441,-0.2441,1,483,858,0
58793924,8614,-0.0503,-0.0332,1.0210,0.0000,0.3052,-0.2441,1,484,858,0
58798924,8615,-0.0518,-0.0337,1.0215,-0.1221,0.1221,-0.2441,1,466,821,0
58803935,8616,-0.0513,-0.0332,1.0225,-0.0610,0.1221,-0.2441,1,466,868,0
58808926,8617,-0.0498,-0.0317,1.0244,0.0610,0.3662,-0.1831,1,466,871,0
58813928,8618,-0.0483,-0.0322,1.0244,0.0000,0.3662,-0.3052,1,493,880,0
58818924,8619,-0.0483,-0.0332,1.0225,-0.1221,0.3052,-0.2441,1,465,753,0
58823924,8620,-0.0488,-0.0332,1.0215,-0.1221,0.3052,-0.2441,1,494,812,0
58828927,8621,-0.0493,-0.0337,1.0210,0.0610,0.3662,-0.3052,1,483,853,0
58833928,8622,-0.0488,-0.0337,1.0210,-0.0610,0.4272,-0.3052,1,492,840,0
58838930,8623,-0.0483,-0.0327,1.0215,-0.0610,0.4883,-0.2441,1,482,840,0
58843923,8624,-0.0488,-0.0322,1.0220,0.0000,0.4883,-0.3662,1,489,867,0
58848923,8625,-0.0493,-0.0327,1.0215,-0.0610,0.3662,-0.3052,1,483,802,0
58853930,8626,-0.0493,-0.0322,1.0215,-0.0610,0.4883,-0.3052,1,507,845,0
58858922,8627,-0.0493,-0.0312,1.0220,0.0000,0.6104,-0.3052,1,493,831,0
58863927,8628,-0.0493,-0.0317,1.0225,0.1221,0.5493,-0.2441,1,484,847,0
58868922,8629,-0.0493,-0.0327,1.0215,0.0610,0.5493,-0.3052,1,477,906,0
58873924,8630,-0.0483,-0.0342,1.0215,0.0000,0.4883,-0.3052,1,482,862,0
58878923,8631,-0.0479,-0.0337,1.0220,0.0000,0.4883,-0.2441,1,465,821,0
58883922,8632,-0.0479,-0.0327,1.0220,0.1221,0.4883,-0.2441,1,469,808,0
58888930,8633,-0.0479,-0.0322,1.0220,0.0610,0.6104,-0.2441,1,474,854,0
58893922,8634,-0.0483,-0.0327,1.0205,-0.0610,0.6104,-0.3052,1,467,853,0
58898928,8635,-0.0498,-0.0332,1.0195,0.1221,0.7324,-0.3052,1,483,852,0
58903922,8636,-0.0508,-0.0337,1.0205,0.0610,0.5493,-0.3052,1,466,874,0
58908925,8637,-0.0508,-0.0337,1.0225,0.1221,0.4883,-0.2441,1,466,866,0
58913923,8638,-0.0503,-0.0337,1.0229,0.1831,0.5493,-0.2441,1,466,867,0
58918927,8639,-0.0503,-0.0342,1.0225,0.0610,0.6104,-0.2441,1,493,878,0
58923928,8640,-0.0503,-0.0337,1.0205,0.0610,0.6104,-0.3662,1,475,865,0
58928928,8641,-0.0503,-0.0332,1.0186,0.0000,0.4883,-0.1831,1,492,792,0
58933926,8642,-0.0503,-0.0342,1.0190,0.0610,0.4272,-0.3052,1,478,797,0
58938928,8643,-0.0493,-0.0342,1.0205,0.2441,0.2441,-0.4272,1,488,837,0
58943924,8644,-0.0488,-0.0322,1.0220,0.3662,0.4272,-0.3052,1,476,851,0
58948945,8645,-0.0483,-0.0322,1.0229,0.2441,0.5493,-0.2441,1,490,846,0
58953924,8646,-0.0493,-0.0332,1.0225,0.2441,0.4883,-0.1831,1,491,856,0
58958925,8647,-0.0513,-0.0327,1.0225,0.1221,0.4883,-0.3052,1,492,850,0
58963926,8648,-0.0518,-0.0322,1.0239,0.1221,0.5493,-0.2441,1,506,827,0
58968925,8649,-0.0498,-0.0322,1.0249,0.1831,0.6104,-0.3052,1,465,875,0
58973925,8650,-0.0483,-0.0317,1.0254,0.1831,0.6104,-0.3052,1,472,927,0
58978923,8651,-0.0479,-0.0317,1.0254,0.2441,0.7324,-0.3052,1,475,862,0
58983927,8652,-0.0488,-0.0327,1.0244,0.1221,0.7324,-0.2441,1,465,872,0
58988924,8653,-0.0488,-0.0337,1.0229,0.0610,0.6104,-0.1831,1,465,862,0
58993928,8654,-0.0483,-0.0347,1.0220,0.1221,0.6104,-0.3662,1,477,855,0
58998923,8655,-0.0483,-0.0337,1.0205,0.2441,0.8545,-0.3052,1,483,852,0
59003931,8656,-0.0493,-0.0312,1.0200,0.1221,0.9155,-0.2441,1,466,872,0
59008945,8657,-0.0513,-0.0332,1.0181,0.0000,0.7324,-0.3052,1,466,900,0
59013922,8658,-0.0532,-0.0347,1.0166,0.2441,0.5493,-0.2441,1,466,823,0
59018930,8659,-0.0518,-0.0327,1.0190,0.2441,0.4883,-0.3052,1,494,880,0
59023926,8660,-0.0493,-0.0317,1.0220,0.1831,0.6104,-0.3662,1,466,871,0
59028929,8661,-0.0474,-0.0327,1.0229,0.0610,0.5493,-0.3052,1,493,877,0
59033924,8662,-0.0464,-0.0322,1.0234,0.1831,0.6104,-0.3662,1,481,854,0
59038923,8663,-0.0469,-0.0308,1.0239,0.0610,0.6104,-0.1831,1,477,849,0
59043923,8664,-0.0483,-0.0298,1.0239,0.0610,0.6714,-0.2441,1,491,868,0
59048934,8665,-0.0493,-0.0317,1.0234,0.0000,0.7935,-0.3662,1,482,846,0
59053927,8666,-0.0503,-0.0337,1.0229,-0.0610,0.9766,-0.3052,1,492,805,0
59058927,8667,-0.0518,-0.0332,1.0225,-0.1221,0.9766,-0.3052,1,509,836,0
59063926,8668,-0.0518,-0.0327,1.0215,-0.1221,0.8545,-0.3662,1,499,826,0
59068925,8669,-0.0513,-0.0332,1.0215,0.0000,0.8545,-0.3662,1,465,870,0
59073930,8670,-0.0503,-0.0337,1.0220,-0.0610,0.8545,-0.3662,1,466,817,0
59078930,8671,-0.0508,-0.0337,1.0220,-0.1221,0.9766,-0.3052,1,465,860,0
59083923,8672,-0.0527,-0.0342,1.0200,-0.0610,0.8545,-0.1831,1,470,853,0
59088923,8673,-0.0547,-0.0352,1.0161,0.0000,0.6714,-0.1831,1,483,870,0
59093930,8674,-0.0566,-0.0352,1.0142,0.0000,0.6104,-0.1831,1,467,810,0
59098926,8675,-0.0557,-0.0342,1.0151,0.0610,0.5493,-0.3052,1,480,809,0
59103927,8676,-0.0532,-0.0327,1.0166,0.1221,0.3662,-0.3052,1,466,852,0
59108928,8677,-0.0527,-0.0327,1.0186,0.1221,0.4883,-0.2441,1,466,873,0
59113929,8678,-0.0518,-0.0322,1.0210,0.1221,0.2441,-0.3052,1,466,874,0
59118923,8679,-0.0518,-0.0322,1.0210,0.1221,0.2441,-0.3052,1,492,868,0
59123925,8680,-0.0498,-0.0308,1.0215,0.3052,0.3052,-0.1831,1,466,867,0
59128923,8681,-0.0508,-0.0312,1.0200,0.2441,0.1831,-0.3052,1,494,866,0
59133930,8682,-0.0518,-0.0317,1.0190,0.1221,0.0000,-0.2441,1,473,818,0
59138925,8683,-0.0522,-0.0322,1.0200,0.1221,0.0610,-0.2441,1,480,799,0
59143927,8684,-0.0513,-0.0327,1.0225,0.1831,-0.0610,-0.1831,1,475,844,0
59148926,8685,-0.0513,-0.0317,1.0239,0.0610,0.0610,-0.3052,1,485,868,0
59153928,8686,-0.0508,-0.0327,1.0244,0.0610,0.1831,-0.2441,1,488,840,0
59158929,8687,-0.0498,-0.0337,1.0229,0.0610,0.1831,-0.3052,1,497,848,0
59163922,8688,-0.0488,-0.0342,1.0220,0.0610,0.1221,-0.3052,1,492,833,0
59168927,8689,-0.0483,-0.0342,1.0225,0.1831,0.0610,-0.3662,1,484,798,0
59173922,8690,-0.0483,-0.0342,1.0225,0.1831,0.1831,-0.3052,1,479,904,0
59178929,8691,-0.0498,-0.0332,1.0229,0.0610,0.1221,-0.1831,1,465,864,0
59183926,8692,-0.0513,-0.0327,1.0229,0.1831,0.1221,-0.3052,1,465,867,0
59188930,8693,-0.0498,-0.0327,1.0215,0.1221,0.1221,-0.3052,1,472,869,0
59193924,8694,-0.0488,-0.0332,1.0200,0.0610,0.1831,-0.2441,1,473,849,0
59198928,8695,-0.0498,-0.0327,1.0200,0.0610,0.2441,-0.2441,1,479,859,0
59203930,8696,-0.0513,-0.0327,1.0205,0.1221,0.4272,-0.3052,1,483,860,0
59208928,8697,-0.0522,-0.0337,1.0190,0.1831,0.3662,-0.4272,1,466,870,0
59213923,8698,-0.0532,-0.0337,1.0166,0.0610,0.3052,-0.2441,1,465,879,0
59218925,8699,-0.0532,-0.0332,1.0176,0.0000,0.1221,-0.3052,1,492,874,0
59223926,8700,-0.0532,-0.0332,1.0186,0.0610,-0.0610,-0.3662,1,493,823,0
59228927,8701,-0.0542,-0.0332,1.0190,0.1831,-0.1221,-0.4272,1,483,874,0
59233926,8702,-0.0537,-0.0327,1.0195,0.0610,-0.0610,-0.3662,1,464,808,0
59238924,8703,-0.0513,-0.0327,1.0205,0.1221,-0.2441,-0.3662,1,481,858,0
59243929,8704,-0.0498,-0.0332,1.0210,0.2441,-0.3052,-0.4272,1,473,847,0
59248925,8705,-0.0498,-0.0327,1.0215,0.1221,-0.2441,-0.3052,1,480,848,0
59253928,8706,-0.0518,-0.0332,1.0210,0.1831,-0.3052,-0.3662,1,489,844,0
59258930,8707,-0.0522,-0.0332,1.0200,0.1221,-0.4272,-0.5493,1,483,843,0
59263923,8708,-0.0508,-0.0308,1.0205,0.1221,-0.3662,-0.3052,1,492,846,0
59268928,8709,-0.0503,-0.0298,1.0210,0.0610,-0.4272,-0.3052,1,484,768,0
59273922,8710,-0.0518,-0.0312,1.0210,0.1221,-0.2441,-0.3662,1,466,890,0
59278925,8711,-0.0522,-0.0332,1.0210,0.0610,-0.3052,-0.4883,1,472,937,0
59283929,8712,-0.0518,-0.0332,1.0210,0.1831,-0.4272,-0.3662,1,472,868,0
59288927,8713,-0.0513,-0.0327,1.0220,0.1831,-0.4272,-0.3662,1,471,876,0
59293923,8714,-0.0503,-0.0322,1.0244,0.1221,-0.4883,-0.4272,1,477,862,0
59298929,8715,-0.0488,-0.0308,1.0244,0.1221,-0.3052,-0.2441,1,465,856,0
59303923,8716,-0.0483,-0.0303,1.0239,0.0610,-0.1831,-0.3052,1,483,852,0
59308929,8717,-0.0483,-0.0312,1.0229,0.1221,-0.1831,-0.3662,1,466,872,0
59313946,8718,-0.0474,-0.0308,1.0229,0.0610,0.0000,-0.2441,1,466,905,0
59318926,8719,-0.0464,-0.0303,1.0249,0.0000,0.0610,-0.2441,1,466,825,0
59323930,8720,-0.0469,-0.0312,1.0254,0.0000,0.3052,-0.3052,1,492,827,0
59328929,8721,-0.0488,-0.0322,1.0234,0.0000,0.4272,-0.3052,1,466,844,0
59333927,8722,-0.0498,-0.0327,1.0220,0.0000,0.3052,-0.3052,1,494,755,0
59338922,8723,-0.0498,-0.0327,1.0229,0.0000,0.3052,-0.2441,1,483,796,0
59343929,8724,-0.0488,-0.0317,1.0239,0.0000,0.3662,-0.2441,1,476,803,0
59348927,8725,-0.0479,-0.0317,1.0229,-0.0610,0.3662,-0.2441,1,480,808,0
59353935,8726,-0.0483,-0.0327,1.0215,-0.1221,0.4272,-0.3052,1,491,871,0
59358926,8727,-0.0493,-0.0342,1.0205,-0.0610,0.4272,-0.3052,1,486,843,0
59363931,8728,-0.0493,-0.0337,1.0205,-0.0610,0.4272,-0.3052,1,504,842,0
59368928,8729,-0.0493,-0.0332,1.0210,0.0000,0.4883,-0.1831,1,493,831,0
59373926,8730,-0.0508,-0.0327,1.0195,-0.0610,0.3662,-0.2441,1,484,856,0
59378925,8731,-0.0532,-0.0322,1.0195,-0.0610,0.1831,-0.2441,1,482,904,0
59383924,8732,-0.0537,-0.0327,1.0210,0.0000,0.1221,-0.2441,1,469,871,0
59388926,8733,-0.0513,-0.0337,1.0225,0.0000,0.3052,-0.1831,1,479,827,0
59393931,8734,-0.0488,-0.0332,1.0220,-0.0610,0.3052,-0.3052,1,482,806,0
59398929,8735,-0.0493,-0.0332,1.0205,-0.1221,0.1831,-0.3662,1,465,849,0
59403929,8736,-0.0498,-0.0337,1.0195,-0.0610,0.3052,-0.1831,1,484,860,0
59408928,8737,-0.0498,-0.0327,1.0210,0.0000,0.2441,-0.2441,1,466,855,0
59413930,8738,-0.0493,-0.0327,1.0234,0.0610,0.2441,-0.3052,1,466,832,0
59418946,8739,-0.0483,-0.0332,1.0244,0.0000,0.2441,-0.3052,1,466,876,0
59423927,8740,-0.0483,-0.0322,1.0244,0.0000,0.3662,-0.3662,1,466,831,0
59428930,8741,-0.0483,-0.0317,1.0249,0.1221,0.5493,-0.3662,1,493,836,0
59433926,8742,-0.0483,-0.0327,1.0234,0.0000,0.3662,-0.3052,1,485,878,0
59438930,8743,-0.0498,-0.0332,1.0220,0.0000,0.4272,-0.3052,1,464,803,0
59443926,8744,-0.0508,-0.0332,1.0210,0.0000,0.5493,-0.3052,1,480,800,0
59448926,8745,-0.0513,-0.0332,1.0200,0.0610,0.5493,-0.2441,1,491,794,0
59453923,8746,-0.0508,-0.0337,1.0200,0.1221,0.5493,-0.2441,1,476,847,0
59458945,8747,-0.0498,-0.0337,1.0190,0.0000,0.5493,-0.2441,1,480,841,0
59463927,8748,-0.0503,-0.0327,1.0186,0.1221,0.5493,-0.2441,1,490,833,0
59468925,8749,-0.0513,-0.0317,1.0195,0.1831,0.4272,-0.3052,1,489,843,0
59473928,8750,-0.0513,-0.0322,1.0200,0.0000,0.4883,-0.3052,1,509,835,0
59478929,8751,-0.0503,-0.0337,1.0215,0.1831,0.4883,-0.3052,1,466,811,0
59483926,8752,-0.0493,-0.0332,1.0229,0.1221,0.5493,-0.2441,1,467,856,0
59488930,8753,-0.0493,-0.0327,1.0225,0.1831,0.4883,-0.1221,1,476,869,0
59493922,8754,-0.0508,-0.0327,1.0215,0.0000,0.4883,-0.2441,1,479,865,0
59498926,8755,-0.0518,-0.0327,1.0215,0.0000,0.5493,-0.2441,1,471,808,0
59503926,8756,-0.0518,-0.0327,1.0220,0.0610,0.4272,-0.1221,1,470,813,0
59508923,8757,-0.0508,-0.0337,1.0215,-0.1221,0.4883,-0.3052,1,484,853,0
59513922,8758,-0.0503,-0.0342,1.0210,0.0000,0.4883,-0.3662,1,465,863,0
59518930,8759,-0.0508,-0.0332,1.0210,0.1221,0.3052,-0.3052,1,466,821,0
59523951,8760,-0.0513,-0.0317,1.0210,0.0610,0.3052,-0.1831,1,466,860,0
59528927,8761,-0.0508,-0.0317,1.0220,0.1221,0.4883,-0.1831,1,465,868,0
59533922,8762,-0.0508,-0.0317,1.0234,0.0000,0.4272,-0.2441,1,466,868,0
59538930,8763,-0.0513,-0.0327,1.0239,0.0610,0.3662,-0.2441,1,494,756,0
59543924,8764,-0.0518,-0.0327,1.0220,0.0000,0.4272,-0.2441,1,464,824,0
59548924,8765,-0.0518,-0.0327,1.0215,0.0610,0.3052,-0.2441,1,482,802,0
59553924,8766,-0.0522,-0.0337,1.0220,0.0610,0.2441,-0.2441,1,491,843,0
59558928,8767,-0.0522,-0.0342,1.0220,0.0610,0.3662,-0.1831,1,492,848,0
59563928,8768,-0.0513,-0.0332,1.0215,0.1221,0.3662,-0.1221,1,476,845,0
59568925,8769,-0.0503,-0.0312,1.0190,0.0000,0.3052,-0.2441,1,507,841,0
59573923,8770,-0.0498,-0.0308,1.0181,0.1221,0.3052,-0.2441,1,492,809,0
59578928,8771,-0.0503,-0.0312,1.0200,0.0610,0.1831,-0.2441,1,484,806,0
59583929,8772,-0.0503,-0.0312,1.0215,0.0000,0.3052,-0.2441,1,472,894,0
59588927,8773,-0.0503,-0.0317,1.0210,0.0610,0.4272,-0.2441,1,477,838,0
59593931,8774,-0.0508,-0.0322,1.0200,0.0610,0.3662,-0.2441,1,466,862,0
59598924,8775,-0.0508,-0.0317,1.0195,0.0610,0.4272,-0.3052,1,465,871,0
59603925,8776,-0.0508,-0.0317,1.0205,0.0610,0.3052,-0.2441,1,477,851,0
59608922,8777,-0.0498,-0.0317,1.0229,0.0000,0.3662,-0.3052,1,477,851,0
59613928,8778,-0.0493,-0.0332,1.0239,-0.1221,0.4883,-0.3052,1,466,813,0
59618927,8779,-0.0498,-0.0352,1.0225,-0.0610,0.4883,-0.2441,1,465,873,0
59623932,8780,-0.0513,-0.0352,1.0205,0.1221,0.4883,-0.1831,1,466,874,0
59628925,8781,-0.0513,-0.0332,1.0195,0.0610,0.4272,-0.1831,1,466,869,0
59633929,8782,-0.0518,-0.0317,1.0200,-0.0610,0.4272,-0.2441,1,492,878,0
59638925,8783,-0.0527,-0.0322,1.0205,0.0610,0.3662,-0.3662,1,477,873,0
59643926,8784,-0.0532,-0.0337,1.0210,0.1221,0.2441,-0.2441,1,464,812,0
59648928,8785,-0.0532,-0.0337,1.0210,-0.0610,0.2441,-0.1831,1,480,846,0
59653923,8786,-0.0527,-0.0347,1.0210,-0.0610,0.1221,-0.2441,1,486,847,0
59658923,8787,-0.0522,-0.0347,1.0215,0.0610,0.2441,-0.3052,1,490,842,0
59663944,8788,-0.0522,-0.0327,1.0215,0.0610,0.1831,-0.3052,1,475,842,0
59668929,8789,-0.0518,-0.0327,1.0220,0.0000,0.1221,-0.2441,1,483,844,0
59673924,8790,-0.0508,-0.0337,1.0215,-0.1221,0.1831,-0.2441,1,505,787,0
59678929,8791,-0.0498,-0.0342,1.0205,0.0000,0.1221,-0.1831,1,502,830,0
59683925,8792,-0.0498,-0.0342,1.0200,-0.0610,0.0610,-0.2441,1,484,853,0
59688930,8793,-0.0513,-0.0337,1.0200,-0.0610,0.0610,-0.1831,1,482,897,0
59693930,8794,-0.0522,-0.0332,1.0195,0.0000,0.0000,-0.1221,1,482,860,0
59698923,8795,-0.0527,-0.0322,1.0190,-0.0610,-0.1831,-0.2441,1,466,765,0
59703926,8796,-0.0518,-0.0332,1.0195,-0.2441,-0.0610,-0.3662,1,478,878,0
59708927,8797,-0.0493,-0.0361,1.0215,-0.1221,-0.3052,-0.3662,1,482,860,0
59713931,8798,-0.0479,-0.0337,1.0244,-0.0610,-0.0610,-0.3662,1,479,855,0
59718930,8799,-0.0483,-0.0298,1.0264,-0.1831,0.0610,-0.2441,1,483,856,0
59723922,8800,-0.0498,-0.0312,1.0254,-0.1831,0.0000,-0.2441,1,466,878,0
59728944,8801,-0.0493,-0.0347,1.0234,-0.0610,0.0610,-0.3662,1,466,859,0
59733927,8802,-0.0479,-0.0356,1.0225,-0.1221,0.0610,-0.3662,1,466,875,0
59738924,8803,-0.0469,-0.0347,1.0229,0.0000,0.2441,-0.1831,1,493,871,0
59743922,8804,-0.0493,-0.0337,1.0229,-0.1831,0.3662,-0.1831,1,492,755,0
59748923,8805,-0.0527,-0.0332,1.0215,-0.1221,0.2441,-0.2441,1,467,825,0
59753923,8806,-0.0527,-0.0332,1.0220,-0.1221,0.1221,-0.3052,1,491,822,0
59758931,8807,-0.0513,-0.0322,1.0225,-0.1831,0.2441,-0.3052,1,472,840,0
59763929,8808,-0.0503,-0.0312,1.0225,-0.1831,0.1831,-0.2441,1,476,847,0
59768923,8809,-0.0508,-0.0322,1.0220,-0.2441,0.3052,-0.2441,1,486,893,0
59773928,8810,-0.0513,-0.0317,1.0225,-0.1831,0.4272,-0.2441,1,504,843,0
59778926,8811,-0.0518,-0.0308,1.0234,-0.1831,0.2441,-0.1831,1,492,849,0
59783925,8812,-0.0513,-0.0327,1.0220,-0.2441,0.2441,-0.2441,1,484,837,0
59788928,8813,-0.0493,-0.0347,1.0215,-0.1221,0.2441,-0.2441,1,466,879,0
59793929,8814,-0.0488,-0.0342,1.0220,-0.1831,0.3052,-0.3052,1,482,929,0
59798926,8815,-0.0493,-0.0337,1.0220,-0.2441,0.4272,-0.3052,1,465,867,0
59803930,8816,-0.0503,-0.0342,1.0215,-0.2441,0.4272,-0.2441,1,476,873,0
59808926,8817,-0.0508,-0.0332,1.0215,-0.1831,0.5493,-0.3052,1,476,858,0
59813924,8818,-0.0518,-0.0317,1.0210,-0.1831,0.5493,-0.3662,1,465,854,0
59818925,8819,-0.0522,-0.0332,1.0215,0.0000,0.4272,-0.2441,1,484,859,0
59823929,8820,-0.0503,-0.0352,1.0229,0.0000,0.4272,-0.2441,1,466,834,0
59828928,8821,-0.0483,-0.0347,1.0239,-0.1221,0.5493,-0.1831,1,466,829,0
59833928,8822,-0.0483,-0.0337,1.0234,-0.0610,0.4272,-0.2441,1,466,877,0
59838922,8823,-0.0493,-0.0337,1.0220,0.0000,0.3662,-0.3052,1,493,878,0
59843930,8824,-0.0508,-0.0337,1.0205,-0.1221,0.4272,-0.2441,1,467,760,0
59848924,8825,-0.0522,-0.0337,1.0181,-0.0610,0.5493,-0.2441,1,493,809,0
59853930,8826,-0.0537,-0.0342,1.0176,0.1221,0.3052,-0.1831,1,485,799,0
59858931,8827,-0.0537,-0.0342,1.0195,0.0000,0.2441,-0.1831,1,489,851,0
59863922,8828,-0.0513,-0.0327,1.0220,0.0610,0.3052,-0.3052,1,490,805,0
59868933,8829,-0.0488,-0.0312,1.0225,0.0000,0.2441,-0.1831,1,486,837,0
59873925,8830,-0.0493,-0.0317,1.0220,-0.0610,0.3662,-0.3052,1,487,828,0
59878922,8831,-0.0518,-0.0337,1.0215,-0.0610,0.3662,-0.1221,1,506,845,0
59883929,8832,-0.0527,-0.0342,1.0215,0.0610,0.3052,-0.1221,1,502,829,0
59888928,8833,-0.0522,-0.0337,1.0220,0.0610,0.2441,-0.3052,1,484,854,0
59893929,8834,-0.0508,-0.0332,1.0220,0.1221,0.3662,-0.2441,1,479,896,0
59898924,8835,-0.0488,-0.0332,1.0229,0.0000,0.3052,-0.2441,1,482,863,0
59903930,8836,-0.0488,-0.0337,1.0229,0.1221,0.3662,-0.2441,1,471,830,0
59908930,8837,-0.0503,-0.0337,1.0215,0.1221,0.3662,-0.3052,1,469,876,0
59913929,8838,-0.0518,-0.0327,1.0215,0.0610,0.3662,-0.3052,1,477,847,0
59918929,8839,-0.0518,-0.0317,1.0220,0.0610,0.2441,-0.1831,1,478,853,0
59923925,8840,-0.0513,-0.0327,1.0215,0.0610,0.3662,-0.2441,1,466,857,0
59928924,8841,-0.0518,-0.0347,1.0195,0.1831,0.2441,-0.3662,1,465,877,0
59933937,8842,-0.0527,-0.0352,1.0176,0.1831,0.0610,-0.2441,1,466,878,0
59938927,8843,-0.0518,-0.0347,1.0186,0.0610,0.0000,-0.3052,1,466,874,0
59943926,8844,-0.0503,-0.0332,1.0220,0.0000,-0.0610,-0.2441,1,493,819,0
59948924,8845,-0.0498,-0.0322,1.0234,0.1221,0.0610,-0.2441,1,491,723,0
59953926,8846,-0.0508,-0.0317,1.0225,0.1221,0.0610,-0.2441,1,464,801,0
59958926,8847,-0.0518,-0.0322,1.0215,0.0610,0.0610,-0.3052,1,490,813,0
59963930,8848,-0.0527,-0.0332,1.0200,0.0000,0.1221,-0.3052,1,488,838,0
59968926,8849,-0.0522,-0.0327,1.0190,0.1221,0.1221,-0.1831,1,492,821,0
59973925,8850,-0.0513,-0.0327,1.0195,0.0610,0.1221,-0.2441,1,483,845,0
59978930,8851,-0.0508,-0.0322,1.0200,-0.0610,0.1831,-0.2441,1,476,844,0
59983923,8852,-0.0508,-0.0332,1.0205,0.0000,0.1221,-0.3052,1,489,844,0
59988929,8853,-0.0513,-0.0356,1.0205,0.0610,0.0610,-0.3052,1,511,790,0
59993928,8854,-0.0518,-0.0347,1.0195,0.0000,0.0610,-0.1831,1,465,894,0
59998927,8855,-0.0518,-0.0332,1.0190,0.0610,0.0000,-0.2441,1,472,816,0
60003929,8856,-0.0508,-0.0327,1.0205,-0.0610,-0.1221,-0.3052,1,474,818,0
60008927,8857,-0.0493,-0.0312,1.0215,0.0000,0.0000,-0.2441,1,476,856,0
60013928,8858,-0.0483,-0.0317,1.0220,-0.1221,0.0610,-0.3052,1,482,791,0
60018925,8859,-0.0483,-0.0332,1.0225,0.0000,0.1221,-0.3052,1,465,850,0
60023926,8860,-0.0488,-0.0332,1.0234,-0.0610,0.1831,-0.2441,1,483,806,0
60028924,8861,-0.0488,-0.0332,1.0239,-0.1221,0.1221,-0.1831,1,466,863,0
60033922,8862,-0.0488,-0.0332,1.0239,0.0610,0.2441,-0.2441,1,466,876,0
60038948,8863,-0.0498,-0.0332,1.0234,0.0000,0.1831,-0.1831,1,466,881,0
60043929,8864,-0.0493,-0.0332,1.0215,-0.1221,0.1831,-0.2441,1,466,836,0
60048930,8865,-0.0483,-0.0337,1.0190,0.0000,0.3052,-0.2441,1,493,878,0
60053925,8866,-0.0493,-0.0337,1.0186,-0.0610,0.1831,-0.2441,1,492,827,0
60058926,8867,-0.0503,-0.0332,1.0200,-0.1221,0.2441,-0.3052,1,466,801,0
60063924,8868,-0.0488,-0.0332,1.0220,0.0610,0.2441,-0.2441,1,487,849,0
60068924,8869,-0.0488,-0.0337,1.0215,0.0000,0.2441,-0.3052,1,476,851,0
60073925,8870,-0.0493,-0.0337,1.0210,0.0000,0.3662,-0.3662,1,485,798,0
60078929,8871,-0.0508,-0.0342,1.0205,0.0000,0.3662,-0.3662,1,492,801,0
60083927,8872,-0.0513,-0.0342,1.0200,0.0000,0.3662,-0.3052,1,478,798,0
60088928,8873,-0.0518,-0.0327,1.0205,-0.0610,0.2441,-0.2441,1,492,727,0
60093923,8874,-0.0518,-0.0317,1.0225,0.0610,0.1221,-0.1831,1,511,836,0
60098929,8875,-0.0527,-0.0317,1.0225,0.0000,0.1221,-0.2441,1,465,898,0
60103922,8876,-0.0527,-0.0332,1.0210,0.0000,0.1831,-0.2441,1,479,819,0
60108922,8877,-0.0522,-0.0347,1.0210,0.0000,0.1831,-0.3052,1,469,832,0
60113923,8878,-0.0518,-0.0342,1.0220,0.0000,0.1831,-0.2441,1,472,806,0
60118925,8879,-0.0508,-0.0337,1.0220,-0.0610,0.0000,-0.2441,1,476,810,0
60123928,8880,-0.0488,-0.0337,1.0210,0.0000,0.0610,-0.3052,1,477,806,0
60128929,8881,-0.0488,-0.0327,1.0215,-0.0610,0.1831,-0.3662,1,484,802,0
60133923,8882,-0.0488,-0.0317,1.0234,-0.0610,0.1831,-0.3052,1,465,877,0
60138924,8883,-0.0493,-0.0312,1.0234,0.0000,0.1831,-0.3052,1,466,875,0
60143951,8884,-0.0498,-0.0317,1.0210,-0.1831,0.3662,-0.3052,1,466,855,0
60148928,8885,-0.0498,-0.0332,1.0195,-0.1831,0.2441,-0.3052,1,465,876,0
60153926,8886,-0.0498,-0.0347,1.0200,0.0000,0.2441,-0.2441,1,493,881,0
60158928,8887,-0.0498,-0.0347,1.0210,0.0000,0.3662,-0.1831,1,494,829,0
60163925,8888,-0.0503,-0.0332,1.0215,0.0610,0.4272,-0.1831,1,493,755,0
60168928,8889,-0.0488,-0.0332,1.0220,0.0610,0.3662,-0.2441,1,481,854,0
60173924,8890,-0.0479,-0.0327,1.0225,-0.0610,0.3662,-0.2441,1,488,849,0
60178927,8891,-0.0479,-0.0317,1.0220,-0.1221,0.4272,-0.3052,1,478,848,0
60183947,8892,-0.0488,-0.0322,1.0215,-0.0610,0.4883,-0.1831,1,484,840,0
60188927,8893,-0.0503,-0.0332,1.0200,-0.0610,0.4883,-0.1221,1,473,846,0
60193928,8894,-0.0508,-0.0347,1.0186,-0.1221,0.3052,-0.2441,1,488,835,0
60198929,8895,-0.0503,-0.0352,1.0186,-0.1221,0.2441,-0.2441,1,504,825,0
60203931,8896,-0.0493,-0.0352,1.0205,-0.0610,0.3662,-0.2441,1,465,867,0
60208927,8897,-0.0498,-0.0347,1.0210,0.0610,0.2441,-0.3052,1,482,902,0
60213931,8898,-0.0503,-0.0347,1.0200,0.1221,0.1221,-0.1221,1,467,860,0
60218923,8899,-0.0503,-0.0347,1.0195,0.0000,0.1831,-0.2441,1,465,851,0
60223925,8900,-0.0498,-0.0337,1.0190,0.0000,0.0610,-0.3052,1,475,811,0
60228928,8901,-0.0493,-0.0322,1.0200,0.0610,0.0610,-0.2441,1,477,806,0
60233929,8902,-0.0503,-0.0312,1.0205,0.0000,0.1221,-0.2441,1,472,855,0
60238929,8903,-0.0513,-0.0308,1.0205,0.0000,0.0000,-0.3052,1,484,830,0
60243922,8904,-0.0508,-0.0317,1.0200,0.0610,-0.1221,-0.1831,1,466,774,0
60248925,8905,-0.0493,-0.0332,1.0225,0.0610,-0.0610,-0.2441,1,466,868,0
60253923,8906,-0.0488,-0.0342,1.0244,-0.0610,0.0000,-0.2441,1,466,876,0
60258927,8907,-0.0503,-0.0322,1.0239,0.0000,0.0610,-0.2441,1,493,832,0
60263927,8908,-0.0527,-0.0303,1.0234,-0.1831,0.1221,-0.2441,1,493,828,0
60268930,8909,-0.0522,-0.0308,1.0215,0.0000,-0.0610,-0.2441,1,487,875,0
60273927,8910,-0.0498,-0.0322,1.0205,0.0000,-0.0610,-0.2441,1,465,798,0
60278930,8911,-0.0488,-0.0327,1.0210,0.0000,0.0610,-0.3052,1,482,804,0
60283925,8912,-0.0503,-0.0327,1.0205,0.0000,0.0610,-0.3662,1,485,796,0
60288930,8913,-0.0522,-0.0342,1.0195,0.1221,0.0000,-0.2441,1,474,798,0
60293927,8914,-0.0518,-0.0347,1.0190,0.1831,-0.0610,-0.3662,1,481,801,0
60298928,8915,-0.0503,-0.0352,1.0215,0.1221,-0.0610,-0.3662,1,508,844,0
60303928,8916,-0.0493,-0.0352,1.0239,-0.0610,0.0000,-0.2441,1,487,826,0
60308925,8917,-0.0498,-0.0332,1.0239,-0.0610,0.0000,-0.3052,1,511,799,0
60313925,8918,-0.0518,-0.0322,1.0220,-0.1221,-0.0610,-0.3052,1,465,817,0
60318922,8919,-0.0522,-0.0337,1.0215,0.0000,-0.1221,-0.3052,1,466,856,0
60323926,8920,-0.0508,-0.0337,1.0220,0.0000,0.0000,-0.1831,1,470,777,0
60328927,8921,-0.0493,-0.0327,1.0220,-0.0610,-0.0610,-0.3052,1,470,761,0
60333923,8922,-0.0479,-0.0322,1.0225,-0.0610,0.0000,-0.3052,1,474,852,0
60338928,8923,-0.0483,-0.0327,1.0220,-0.1831,0.0000,-0.2441,1,482,804,0
60343925,8924,-0.0498,-0.0337,1.0210,0.0000,0.0000,-0.3052,1,483,817,0
60348930,8925,-0.0503,-0.0342,1.0205,0.0000,0.0000,-0.3052,1,466,776,0
60353927,8926,-0.0488,-0.0342,1.0210,0.0000,0.1831,-0.1831,1,466,773,0
60358926,8927,-0.0474,-0.0347,1.0215,0.0000,0.3052,-0.2441,1,466,828,0
60363928,8928,-0.0479,-0.0356,1.0215,0.0610,0.3662,-0.2441,1,466,824,0
60368925,8929,-0.0493,-0.0361,1.0205,0.1221,0.1221,-0.2441,1,493,876,0
60373922,8930,-0.0493,-0.0347,1.0215,0.1221,0.0610,-0.2441,1,485,872,0
60378927,8931,-0.0488,-0.0332,1.0225,0.0610,0.1221,-0.3052,1,464,816,0
60383929,8932,-0.0498,-0.0337,1.0215,0.1221,0.2441,-0.2441,1,485,839,0
60388926,8933,-0.0508,-0.0347,1.0200,0.1831,0.1221,-0.3662,1,491,847,0
60393930,8934,-0.0508,-0.0337,1.0200,0.1831,0.1831,-0.2441,1,484,840,0
60398930,8935,-0.0493,-0.0327,1.0215,0.1831,0.1221,-0.2441,1,481,844,0
60403929,8936,-0.0474,-0.0327,1.0220,0.1221,0.1831,-0.3052,1,492,848,0
60408926,8937,-0.0483,-0.0332,1.0215,0.1831,0.2441,-0.3662,1,492,828,0
60413929,8938,-0.0503,-0.0327,1.0210,0.0000,0.3662,-0.3662,1,484,842,0
60418927,8939,-0.0503,-0.0322,1.0210,0.1221,0.3052,-0.3662,1,477,816,0
60423928,8940,-0.0488,-0.0317,1.0220,0.1221,0.2441,-0.3052,1,466,855,0
60428928,8941,-0.0488,-0.0312,1.0225,0.0000,0.3052,-0.3052,1,471,862,0
60433931,8942,-0.0503,-0.0317,1.0210,-0.1221,0.3052,-0.1831,1,476,827,0
60438928,8943,-0.0522,-0.0327,1.0186,-0.0610,0.3052,-0.1831,1,481,849,0
60443928,8944,-0.0522,-0.0347,1.0181,-0.0610,0.2441,-0.2441,1,482,856,0
60448927,8945,-0.0522,-0.0347,1.0186,-0.1831,0.2441,-0.2441,1,466,855,0
60453927,8946,-0.0508,-0.0342,1.0195,-0.1831,0.0610,-0.2441,1,465,881,0
60458954,8947,-0.0488,-0.0332,1.0205,-0.0610,0.0610,-0.1221,1,466,873,0
60463926,8948,-0.0474,-0.0327,1.0215,-0.1221,0.0610,-0.1831,1,466,870,0
60468923,8949,-0.0479,-0.0322,1.0225,-0.2441,0.0610,-0.2441,1,493,872,0
60473924,8950,-0.0488,-0.0332,1.0234,-0.1221,0.2441,-0.1221,1,479,876,0
60478922,8951,-0.0498,-0.0352,1.0244,-0.0610,0.1831,-0.1831,1,464,809,0
60483924,8952,-0.0498,-0.0361,1.0229,-0.0610,0.1221,-0.2441,1,483,860,0
60488923,8953,-0.0508,-0.0352,1.0215,-0.0610,0.1221,-0.1831,1,473,848,0
60493931,8954,-0.0522,-0.0337,1.0205,-0.1221,0.1831,-0.4272,1,485,837,0
60498923,8955,-0.0518,-0.0337,1.0215,-0.0610,0.1221,-0.3662,1,479,847,0
60503930,8956,-0.0508,-0.0337,1.0229,0.1221,0.0610,-0.2441,1,501,840,0
60508927,8957,-0.0493,-0.0332,1.0234,0.0610,-0.0610,-0.3662,1,492,830,0
60513926,8958,-0.0474,-0.0337,1.0229,-0.0610,0.0610,-0.3052,1,512,783,0
60518926,8959,-0.0474,-0.0337,1.0225,-0.0610,0.1221,-0.2441,1,478,893,0
60523927,8960,-0.0493,-0.0327,1.0210,0.0000,0.2441,-0.2441,1,465,859,0
60528925,8961,-0.0513,-0.0327,1.0195,0.0000,0.1831,-0.3052,1,467,832,0
60533927,8962,-0.0518,-0.0337,1.0200,-0.0610,0.0000,-0.3052,1,476,810,0
60538927,8963,-0.0503,-0.0347,1.0210,0.0000,0.0610,-0.1831,1,482,802,0
60543926,8964,-0.0483,-0.0347,1.0225,0.0610,0.0610,-0.2441,1,480,803,0
60548923,8965,-0.0474,-0.0332,1.0234,0.1221,0.1831,-0.3052,1,466,853,0
60553929,8966,-0.0479,-0.0327,1.0220,0.0000,0.1831,-0.1831,1,466,871,0
60558950,8967,-0.0488,-0.0332,1.0210,0.0000,0.0610,-0.1831,1,465,832,0
60563925,8968,-0.0498,-0.0337,1.0215,0.0610,0.1221,-0.3052,1,466,827,0
60568925,8969,-0.0493,-0.0337,1.0229,0.1831,0.0610,-0.2441,1,492,866,0
60573929,8970,-0.0483,-0.0347,1.0229,0.0610,0.1221,-0.1831,1,465,878,0
60578931,8971,-0.0488,-0.0342,1.0215,0.0610,0.1221,-0.2441,1,493,804,0
60583923,8972,-0.0488,-0.0332,1.0210,0.0610,0.1221,-0.2441,1,483,852,0
60588922,8973,-0.0488,-0.0332,1.0220,0.0000,0.1831,-0.1831,1,478,844,0
60593929,8974,-0.0483,-0.0337,1.0234,-0.1831,0.0610,-0.1221,1,489,826,0
60598929,8975,-0.0483,-0.0342,1.0239,-0.0610,0.0610,-0.1831,1,483,872,0
60603926,8976,-0.0488,-0.0342,1.0225,0.0610,0.2441,-0.1831,1,496,845,0
60608928,8977,-0.0488,-0.0342,1.0215,-0.0610,0.3052,-0.2441,1,482,835,0
60613924,8978,-0.0483,-0.0337,1.0210,-0.0610,0.3052,-0.3052,1,512,831,0
60618929,8979,-0.0493,-0.0337,1.0215,0.0000,0.3052,-0.3052,1,465,891,0
60623924,8980,-0.0488,-0.0337,1.0225,0.0000,0.3052,-0.2441,1,465,821,0
60628928,8981,-0.0479,-0.0352,1.0225,0.0000,0.3052,-0.3052,1,474,779,0
60633928,8982,-0.0483,-0.0352,1.0210,0.0000,0.3052,-0.3662,1,477,800,0
60638924,8983,-0.0513,-0.0342,1.0190,-0.0610,0.3662,-0.3662,1,465,806,0
60643924,8984,-0.0527,-0.0337,1.0190,0.0000,0.3052,-0.3052,1,470,855,0
60648923,8985,-0.0513,-0.0342,1.0205,0.1221,0.1831,-0.3052,1,483,805,0
60653922,8986,-0.0479,-0.0342,1.0215,0.0000,0.1221,-0.3052,1,466,868,0
60658937,8987,-0.0469,-0.0322,1.0215,0.0610,0.1831,-0.3052,1,466,817,0
60663923,8988,-0.0483,-0.0317,1.0210,0.0000,0.2441,-0.2441,1,466,869,0
60668926,8989,-0.0493,-0.0322,1.0210,0.0610,0.2441,-0.2441,1,466,833,0
60673928,8990,-0.0488,-0.0332,1.0215,-0.0610,0.1221,-0.2441,1,466,876,0
60678924,8991,-0.0483,-0.0347,1.0215,0.0610,0.3052,-0.1831,1,494,871,0
60683931,8992,-0.0498,-0.0347,1.0220,0.0000,0.3052,-0.3052,1,478,851,0
60688924,8993,-0.0503,-0.0322,1.0225,0.0000,0.3052,-0.2441,1,483,793,0
60693927,8994,-0.0493,-0.0308,1.0225,-0.0610,0.3052,-0.2441,1,478,817,0
60698924,8995,-0.0479,-0.0317,1.0215,-0.0610,0.3052,-0.1221,1,474,868,0
60703924,8996,-0.0483,-0.0337,1.0205,0.0000,0.3662,-0.1221,1,491,837,0
60708930,8997,-0.0503,-0.0342,1.0205,-0.2441,0.3662,-0.1831,1,472,732,0
60713923,8998,-0.0498,-0.0337,1.0205,-0.1831,0.3662,-0.2441,1,510,836,0
60718923,8999,-0.0488,-0.0347,1.0215,-0.1831,0.3662,-0.3662,1,465,879,0
60723929,9000,-0.0483,-0.0347,1.0239,-0.0610,0.2441,-0.1831,1,482,919,0
60728922,9001,-0.0479,-0.0347,1.0234,-0.1221,0.2441,-0.2441,1,482,869,0
60733925,9002,-0.0483,-0.0347,1.0215,-0.1831,0.3662,-0.3052,1,472,874,0
60738926,9003,-0.0498,-0.0337,1.0205,-0.3052,0.4272,-0.2441,1,475,856,0
60743925,9004,-0.0522,-0.0337,1.0186,-0.1221,0.4272,-0.2441,1,481,856,0
60748922,9005,-0.0532,-0.0347,1.0181,-0.1221,0.3052,-0.2441,1,484,857,0
60753922,9006,-0.0508,-0.0352,1.0200,-0.1221,0.2441,-0.1831,1,466,868,0
60758925,9007,-0.0479,-0.0352,1.0215,-0.0610,0.3662,-0.2441,1,466,869,0
60763942,9008,-0.0474,-0.0342,1.0210,-0.0610,0.4272,-0.1831,1,466,873,0
60768931,9009,-0.0493,-0.0332,1.0190,-0.0610,0.3662,-0.2441,1,466,871,0
60773926,9010,-0.0503,-0.0337,1.0200,0.0000,0.2441,-0.1831,1,493,880,0
60778923,9011,-0.0503,-0.0352,1.0220,-0.1221,0.2441,-0.2441,1,486,751,0
60783923,9012,-0.0513,-0.0356,1.0225,0.0000,0.2441,-0.1831,1,464,865,0
60788929,9013,-0.0513,-0.0356,1.0215,0.1831,0.1831,-0.1221,1,491,805,0
60793923,9014,-0.0503,-0.0356,1.0210,0.1831,0.2441,-0.3662,1,473,846,0
60798936,9015,-0.0488,-0.0356,1.0215,0.0610,0.3052,-0.1831,1,489,848,0
60803928,9016,-0.0483,-0.0337,1.0225,0.1221,0.3052,-0.0610,1,482,844,0
60808924,9017,-0.0488,-0.0337,1.0220,0.0610,0.2441,-0.1221,1,501,837,0
60813926,9018,-0.0498,-0.0352,1.0215,0.0610,0.1221,0.0000,1,505,830,0
60818927,9019,-0.0508,-0.0361,1.0220,0.0610,0.1831,-0.1221,1,465,811,0
60823922,9020,-0.0508,-0.0356,1.0225,0.1221,0.1831,-0.1831,1,472,857,0
60828923,9021,-0.0498,-0.0352,1.0220,0.0610,0.1221,-0.0610,1,482,862,0
60833929,9022,-0.0503,-0.0352,1.0215,0.0610,0.1221,-0.0610,1,465,821,0
60838928,9023,-0.0498,-0.0356,1.0215,0.1831,0.1221,-0.1221,1,467,844,0
60843924,9024,-0.0488,-0.0356,1.0205,0.2441,0.1221,0.0000,1,474,853,0
60848924,9025,-0.0479,-0.0352,1.0205,0.2441,0.0610,-0.0610,1,483,811,0
60853923,9026,-0.0479,-0.0342,1.0215,0.2441,0.0610,-0.1221,1,465,869,0
60858922,9027,-0.0488,-0.0337,1.0215,0.3052,0.1831,-0.1221,1,466,869,0
60863956,9028,-0.0513,-0.0347,1.0210,0.2441,0.1221,-0.0610,1,466,872,0
60868922,9029,-0.0527,-0.0342,1.0205,0.3662,0.0000,-0.1831,1,466,866,0
60873929,9030,-0.0503,-0.0332,1.0215,0.3662,0.0000,-0.1831,1,493,830,0
60878928,9031,-0.0469,-0.0327,1.0239,0.3662,-0.1221,-0.1831,1,478,754,0
60883926,9032,-0.0459,-0.0322,1.0249,0.3662,0.0000,-0.1831,1,464,809,0
60888924,9033,-0.0474,-0.0312,1.0239,0.3052,0.0610,-0.2441,1,483,805,0
60893922,9034,-0.0474,-0.0312,1.0225,0.1221,0.0610,-0.2441,1,474,869,0
60898935,9035,-0.0474,-0.0327,1.0229,0.2441,0.0610,-0.1221,1,489,866,0
60903922,9036,-0.0488,-0.0342,1.0244,0.1831,0.0610,-0.2441,1,478,846,0
60908922,9037,-0.0488,-0.0342,1.0259,0.1221,0.1831,-0.2441,1,503,849,0
60913926,9038,-0.0483,-0.0337,1.0249,0.1221,0.3052,-0.3052,1,506,834,0
60918925,9039,-0.0474,-0.0347,1.0229,0.1221,0.1831,-0.3052,1,466,863,0
60923924,9040,-0.0469,-0.0352,1.0220,0.1831,0.3662,-0.3662,1,466,858,0
60928922,9041,-0.0479,-0.0342,1.0210,0.2441,0.4883,-0.2441,1,472,863,0
60933930,9042,-0.0488,-0.0332,1.0205,0.1831,0.4883,-0.2441,1,480,862,0
60938925,9043,-0.0503,-0.0337,1.0210,0.1221,0.3662,-0.3662,1,477,878,0
60943927,9044,-0.0513,-0.0347,1.0210,0.1831,0.4272,-0.3052,1,467,850,0
60948930,9045,-0.0508,-0.0337,1.0205,0.2441,0.3052,-0.1831,1,484,851,0
60953929,9046,-0.0498,-0.0317,1.0200,0.1831,0.3052,-0.2441,1,466,851,0
60958926,9047,-0.0488,-0.0322,1.0210,0.0610,0.3662,-0.2441,1,465,876,0
60963942,9048,-0.0493,-0.0337,1.0220,0.0610,0.2441,-0.2441,1,466,877,0
60968923,9049,-0.0508,-0.0342,1.0210,0.1831,0.1831,-0.1831,1,465,877,0
60973930,9050,-0.0522,-0.0342,1.0205,0.1221,0.0000,-0.1831,1,492,872,0
60978930,9051,-0.0522,-0.0337,1.0220,0.0000,0.0000,-0.1221,1,465,753,0
60983928,9052,-0.0508,-0.0332,1.0220,0.0610,0.0610,-0.1831,1,494,751,0
60988930,9053,-0.0498,-0.0327,1.0220,0.0610,-0.0610,-0.1831,1,483,842,0
60993924,9054,-0.0498,-0.0337,1.0225,-0.0610,-0.0610,-0.2441,1,489,847,0
60998929,9055,-0.0503,-0.0361,1.0220,0.0000,-0.1831,-0.3052,1,481,844,0
61003929,9056,-0.0508,-0.0361,1.0215,0.0610,-0.1831,-0.1831,1,476,796,0
61008922,9057,-0.0503,-0.0342,1.0210,0.0610,-0.1221,-0.2441,1,491,845,0
61013928,9058,-0.0479,-0.0337,1.0200,0.0610,-0.0610,-0.3052,1,479,826,0
61018926,9059,-0.0459,-0.0337,1.0200,0.1221,-0.0610,-0.2441,1,511,824,0
61023925,9060,-0.0454,-0.0337,1.0225,0.1221,0.0000,-0.2441,1,465,894,0
61028928,9061,-0.0464,-0.0332,1.0244,0.0000,0.0610,-0.3662,1,472,826,0
61033922,9062,-0.0474,-0.0322,1.0244,-0.0610,0.0610,-0.3662,1,476,829,0
61038925,9063,-0.0469,-0.0317,1.0244,-0.0610,0.1221,-0.3052,1,465,874,0
61043930,9064,-0.0464,-0.0317,1.0249,0.0000,0.2441,-0.3662,1,469,848,0
61048927,9065,-0.0479,-0.0317,1.0239,-0.1221,0.3052,-0.3052,1,466,815,0
61053930,9066,-0.0503,-0.0332,1.0210,-0.1221,0.3052,-0.3052,1,483,850,0
61058922,9067,-0.0513,-0.0337,1.0195,-0.1831,0.1831,-0.3052,1,466,862,0
61063934,9068,-0.0498,-0.0332,1.0200,-0.1831,0.2441,-0.3662,1,466,875,0
61068955,9069,-0.0488,-0.0327,1.0225,-0.1831,0.1221,-0.3662,1,466,881,0
61073930,9070,-0.0493,-0.0317,1.0225,-0.1221,0.0610,-0.4272,1,466,877,0
61078927,9071,-0.0493,-0.0317,1.0210,-0.2441,0.1221,-0.2441,1,493,874,0
61083925,9072,-0.0474,-0.0342,1.0200,-0.1831,0.2441,-0.2441,1,493,874,0
61088923,9073,-0.0469,-0.0356,1.0210,-0.1831,0.4272,-0.3052,1,466,857,0
61093922,9074,-0.0483,-0.0352,1.0220,-0.1831,0.4272,-0.1831,1,480,842,0
61098929,9075,-0.0498,-0.0342,1.0220,-0.0610,0.4272,-0.1831,1,491,850,0
61103927,9076,-0.0508,-0.0342,1.0215,-0.0610,0.4272,-0.3662,1,487,847,0
61108926,9077,-0.0508,-0.0337,1.0215,-0.0610,0.3662,-0.3052,1,481,841,0
61113926,9078,-0.0498,-0.0327,1.0234,-0.0610,0.1831,-0.3662,1,489,826,0
61118927,9079,-0.0483,-0.0327,1.0254,-0.1221,0.3662,-0.4883,1,511,841,0
61123929,9080,-0.0464,-0.0332,1.0264,-0.1831,0.5493,-0.3662,1,465,902,0
61128927,9081,-0.0464,-0.0337,1.0254,-0.3052,0.6104,-0.3052,1,482,919,0
61133926,9082,-0.0483,-0.0327,1.0229,-0.3662,0.6714,-0.3662,1,467,889,0
61138928,9083,-0.0503,-0.0332,1.0205,-0.3662,0.7935,-0.3052,1,472,873,0
61143926,9084,-0.0508,-0.0337,1.0190,-0.4272,0.6714,-0.3052,1,477,853,0
61148930,9085,-0.0508,-0.0342,1.0186,-0.4883,0.7324,-0.3052,1,482,848,0
61153927,9086,-0.0508,-0.0342,1.0186,-0.3662,0.5493,-0.3052,1,483,849,0
61158931,9087,-0.0508,-0.0337,1.0195,-0.3662,0.4883,-0.3662,1,465,869,0
61163929,9088,-0.0503,-0.0332,1.0215,-0.4883,0.3052,-0.3662,1,466,875,0
61168933,9089,-0.0493,-0.0332,1.0225,-0.3662,0.3662,-0.4272,1,466,869,0
61173922,9090,-0.0503,-0.0356,1.0215,-0.2441,0.3052,-0.3052,1,466,882,0
61178923,9091,-0.0518,-0.0366,1.0210,-0.3052,0.1831,-0.3052,1,493,867,0
61183924,9092,-0.0522,-0.0366,1.0195,-0.3662,0.3662,-0.4272,1,481,865,0
61188922,9093,-0.0518,-0.0366,1.0186,-0.2441,0.1221,-0.3662,1,465,809,0
61193929,9094,-0.0498,-0.0371,1.0186,-0.1221,0.0000,-0.3052,1,481,846,0
61198922,9095,-0.0469,-0.0371,1.0195,-0.0610,0.0610,-0.3662,1,483,796,0
61203930,9096,-0.0464,-0.0347,1.0205,-0.1221,0.3052,-0.4272,1,492,844,0
61208929,9097,-0.0469,-0.0327,1.0215,-0.0610,0.3662,-0.4272,1,471,839,0
61213924,9098,-0.0483,-0.0322,1.0220,0.0000,0.4272,-0.3052,1,503,844,0
61218930,9099,-0.0493,-0.0327,1.0234,-0.0610,0.5493,-0.4883,1,489,742,0
61223929,9100,-0.0488,-0.0332,1.0249,0.0000,0.3662,-0.4272,1,511,839,0
61228927,9101,-0.0474,-0.0327,1.0254,0.0000,0.3662,-0.4272,1,474,824,0
61233923,9102,-0.0479,-0.0332,1.0244,-0.0610,0.5493,-0.4883,1,481,829,0
61238930,9103,-0.0498,-0.0347,1.0239,-0.2441,0.4883,-0.4272,1,467,866,0
61243922,9104,-0.0498,-0.0342,1.0244,-0.2441,0.3662,-0.4272,1,480,879,0
61248929,9105,-0.0503,-0.0332,1.0234,-0.2441,0.4272,-0.4272,1,474,864,0
61253922,9106,-0.0508,-0.0342,1.0210,-0.3052,0.4272,-0.4883,1,467,861,0
61258930,9107,-0.0508,-0.0352,1.0200,-0.3662,0.3662,-0.3662,1,484,847,0
61263927,9108,-0.0503,-0.0332,1.0210,-0.4272,0.1221,-0.3662,1,466,874,0
61268922,9109,-0.0503,-0.0337,1.0220,-0.4272,0.2441,-0.2441,1,466,872,0
61273949,9110,-0.0498,-0.0356,1.0210,-0.5493,0.3052,-0.4272,1,466,876,0
61278926,9111,-0.0498,-0.0356,1.0190,-0.4272,0.3662,-0.3662,1,465,876,0
61283925,9112,-0.0508,-0.0337,1.0190,-0.5493,0.3662,-0.3052,1,494,883,0
61288929,9113,-0.0508,-0.0342,1.0200,-0.4883,0.2441,-0.1831,1,494,869,0
61293923,9114,-0.0498,-0.0356,1.0210,-0.4272,0.3662,-0.1831,1,464,852,0
61298923,9115,-0.0479,-0.0356,1.0220,-0.3662,0.3052,-0.3052,1,480,862,0
61303922,9116,-0.0474,-0.0356,1.0205,-0.3052,0.3662,-0.3052,1,489,841,0
61308922,9117,-0.0483,-0.0356,1.0195,-0.3052,0.3662,-0.3052,1,473,867,0
61313931,9118,-0.0493,-0.0361,1.0215,-0.1831,0.3662,-0.3052,1,506,846,0
61318929,9119,-0.0503,-0.0356,1.0220,-0.1221,0.4272,-0.3662,1,488,848,0
61323929,9120,-0.0493,-0.0352,1.0215,-0.3052,0.3662,-0.2441,1,511,833,0
61328926,9121,-0.0479,-0.0347,1.0220,-0.3052,0.4272,-0.3052,1,465,902,0
61333927,9122,-0.0479,-0.0356,1.0220,-0.1221,0.7935,-0.2441,1,483,855,0
61338927,9123,-0.0503,-0.0371,1.0195,0.0000,0.7324,-0.2441,1,482,862,0
61343930,9124,-0.0518,-0.0356,1.0176,0.0610,0.4272,-0.3662,1,466,813,0
61348923,9125,-0.0508,-0.0356,1.0190,0.0000,0.4883,-0.3662,1,482,874,0
61353929,9126,-0.0488,-0.0366,1.0210,0.0610,0.4272,-0.3662,1,471,810,0
61358929,9127,-0.0479,-0.0361,1.0229,0.1221,0.3662,-0.3662,1,483,857,0
61363930,9128,-0.0483,-0.0342,1.0249,0.1831,0.3052,-0.3662,1,465,859,0
61368927,9129,-0.0503,-0.0332,1.0249,0.1221,0.2441,-0.4272,1,465,876,0
61373923,9130,-0.0518,-0.0332,1.0244,-0.0610,0.1831,-0.3662,1,466,875,0
61378928,9131,-0.0508,-0.0327,1.0244,-0.3052,0.0000,-0.3052,1,465,879,0
61383922,9132,-0.0488,-0.0317,1.0244,-0.3662,-0.0610,-0.3052,1,466,823,0
61388930,9133,-0.0479,-0.0308,1.0249,-0.5493,0.0000,-0.2441,1,466,875,0
61393923,9134,-0.0479,-0.0312,1.0239,-0.6714,0.1831,-0.2441,1,494,755,0
61398928,9135,-0.0493,-0.0327,1.0225,-0.7935,0.1831,-0.3052,1,481,828,0
61403925,9136,-0.0498,-0.0332,1.0225,-0.7935,0.2441,-0.2441,1,488,855,0
61408926,9137,-0.0493,-0.0342,1.0210,-0.9155,0.3052,-0.1221,1,491,852,0
61413922,9138,-0.0493,-0.0376,1.0200,-0.9155,0.2441,-0.1221,1,479,866,0
61418929,9139,-0.0483,-0.0396,1.0195,-0.6104,0.4272,-0.1221,1,495,845,0
61423927,9140,-0.0479,-0.0376,1.0190,-0.4883,0.4272,-0.0610,1,472,831,0
61428926,9141,-0.0479,-0.0356,1.0205,-0.5493,0.5493,-0.1221,1,511,830,0
61433928,9142,-0.0474,-0.0366,1.0215,-0.4272,0.5493,-0.0610,1,466,901,0
61438922,9143,-0.0483,-0.0381,1.0190,-0.2441,0.6714,-0.0610,1,468,863,0
61443926,9144,-0.0493,-0.0386,1.0181,-0.0610,0.6104,-0.1221,1,481,870,0
61448924,9145,-0.0488,-0.0391,1.0195,0.0610,0.6104,-0.1831,1,480,818,0
61453930,9146,-0.0479,-0.0400,1.0205,0.1221,0.5493,-0.3052,1,467,851,0
61458927,9147,-0.0474,-0.0386,1.0220,0.1831,0.5493,-0.3052,1,466,847,0
61463929,9148,-0.0479,-0.0347,1.0234,0.3052,0.7324,-0.3052,1,483,853,0
61468922,9149,-0.0479,-0.0332,1.0254,0.1221,0.6714,-0.3052,1,466,868,0
61473923,9150,-0.0483,-0.0347,1.0244,0.1831,0.5493,-0.4272,1,466,868,0
61478935,9151,-0.0508,-0.0356,1.0210,0.2441,0.6714,-0.4883,1,466,882,0
61483926,9152,-0.0542,-0.0342,1.0195,0.1831,0.4272,-0.3662,1,466,871,0
61488931,9153,-0.0557,-0.0322,1.0186,0.1831,0.1221,-0.4272,1,493,880,0
61493930,9154,-0.0552,-0.0327,1.0181,0.0000,0.0000,-0.3662,1,477,872,0
61498927,9155,-0.0522,-0.0347,1.0210,0.0000,-0.0610,-0.3662,1,464,753,0
61503930,9156,-0.0488,-0.0337,1.0234,0.0610,0.0000,-0.2441,1,487,800,0
61508924,9157,-0.0493,-0.0317,1.0234,-0.1831,0.0610,-0.2441,1,485,802,0
61513939,9158,-0.0513,-0.0337,1.0205,-0.2441,0.1831,-0.3052,1,478,852,0
61518926,9159,-0.0522,-0.0352,1.0186,-0.2441,-0.1221,-0.2441,1,471,844,0
61523922,9160,-0.0513,-0.0347,1.0200,-0.3662,-0.3052,-0.1221,1,492,847,0
61528927,9161,-0.0493,-0.0327,1.0225,-0.3662,-0.3052,-0.1221,1,500,827,0
61533929,9162,-0.0464,-0.0322,1.0244,-0.4883,-0.1221,-0.1831,1,466,870,0
61538922,9163,-0.0459,-0.0337,1.0259,-0.6714,0.2441,-0.1221,1,482,901,0
61543930,9164,-0.0483,-0.0356,1.0254,-0.5493,0.2441,-0.1221,1,472,859,0
61548931,9165,-0.0498,-0.0381,1.0215,-0.5493,0.2441,-0.1831,1,471,868,0
61553925,9166,-0.0518,-0.0400,1.0171,-0.3052,0.2441,-0.2441,1,474,876,0
61558927,9167,-0.0503,-0.0396,1.0176,-0.1221,0.0610,-0.2441,1,482,850,0
61563931,9168,-0.0469,-0.0381,1.0210,-0.0610,0.1831,-0.3052,1,478,848,0
61568931,9169,-0.0459,-0.0352,1.0239,-0.0610,0.3052,-0.3662,1,483,846,0
61573930,9170,-0.0464,-0.0327,1.0249,-0.2441,0.4272,-0.3052,1,466,870,0
61578929,9171,-0.0498,-0.0332,1.0225,-0.3052,0.4883,-0.4272,1,465,879,0
61583957,9172,-0.0542,-0.0356,1.0190,-0.3662,0.1221,-0.4272,1,466,874,0
61588928,9173,-0.0542,-0.0371,1.0181,-0.3662,0.0000,-0.4272,1,466,875,0
61593925,9174,-0.0498,-0.0366,1.0195,-0.1831,0.0000,-0.4272,1,466,751,0
61598931,9175,-0.0469,-0.0342,1.0210,-0.1831,0.0610,-0.4883,1,493,762,0
61603924,9176,-0.0483,-0.0332,1.0215,-0.4272,0.2441,-0.4272,1,464,764,0
61608924,9177,-0.0503,-0.0366,1.0205,-0.4272,0.3052,-0.3052,1,492,826,0
61613930,9178,-0.0503,-0.0400,1.0210,-0.3662,0.1831,-0.3662,1,483,839,0
61618928,9179,-0.0498,-0.0391,1.0200,-0.1831,0.0610,-0.3662,1,486,843,0
61623927,9180,-0.0503,-0.0371,1.0190,-0.1831,0.0610,-0.3052,1,480,844,0
61628925,9181,-0.0503,-0.0366,1.0200,-0.3662,-0.1221,-0.2441,1,486,830,0
61633922,9182,-0.0498,-0.0361,1.0220,-0.4272,0.0000,-0.2441,1,510,833,0
61638929,9183,-0.0493,-0.0361,1.0215,-0.3662,0.0610,-0.3662,1,465,795,0
61643929,9184,-0.0498,-0.0381,1.0195,-0.3052,-0.1221,-0.2441,1,474,917,0
61648926,9185,-0.0518,-0.0386,1.0200,-0.1221,-0.1831,-0.3052,1,475,861,0
61653926,9186,-0.0513,-0.0366,1.0225,-0.1221,-0.3052,-0.2441,1,466,820,0
61658930,9187,-0.0483,-0.0356,1.0254,-0.3052,-0.1831,-0.3662,1,469,853,0
61663928,9188,-0.0469,-0.0356,1.0269,-0.4272,-0.1221,-0.4272,1,467,860,0
61668925,9189,-0.0488,-0.0352,1.0249,-0.3662,-0.1221,-0.4272,1,484,854,0
61673927,9190,-0.0513,-0.0356,1.0234,-0.3052,-0.2441,-0.3052,1,466,877,0
61678926,9191,-0.0498,-0.0381,1.0249,-0.5493,-0.1831,-0.2441,1,465,874,0
61683924,9192,-0.0474,-0.0391,1.0269,-0.5493,-0.2441,-0.3662,1,466,884,0
61688930,9193,-0.0469,-0.0381,1.0244,-0.4883,-0.2441,-0.3662,1,466,876,0
61693930,9194,-0.0493,-0.0366,1.0190,-0.5493,-0.1831,-0.4272,1,492,872,0
61698923,9195,-0.0527,-0.0366,1.0151,-0.3052,-0.4272,-0.3662,1,470,882,0
61703923,9196,-0.0527,-0.0391,1.0166,-0.2441,-0.5493,-0.4883,1,464,802,0
61708929,9197,-0.0483,-0.0400,1.0225,-0.1831,-0.4272,-0.4272,1,471,871,0
61713924,9198,-0.0454,-0.0381,1.0264,-0.0610,-0.4272,-0.4272,1,476,850,0
61718930,9199,-0.0459,-0.0366,1.0254,0.0000,-0.3662,-0.4272,1,490,846,0
61723929,9200,-0.0474,-0.0371,1.0215,0.0610,-0.3052,-0.3662,1,471,802,0
61728923,9201,-0.0483,-0.0381,1.0195,0.2441,-0.4272,-0.4883,1,504,841,0
61733927,9202,-0.0503,-0.0376,1.0195,0.1831,-0.4883,-0.4883,1,487,836,0
61738930,9203,-0.0474,-0.0361,1.0234,0.1221,-0.6104,-0.4883,1,511,777,0
61743923,9204,-0.0439,-0.0352,1.0259,0.0610,-0.5493,-0.3662,1,465,895,0
61748930,9205,-0.0430,-0.0356,1.0269,-0.1221,-0.3662,-0.4272,1,475,864,0
61753923,9206,-0.0430,-0.0361,1.0259,-0.1221,-0.0610,-0.4272,1,472,873,0
61758923,9207,-0.0449,-0.0356,1.0220,-0.0610,0.0610,-0.3052,1,482,871,0
61763922,9208,-0.0483,-0.0356,1.0186,-0.1831,0.0610,-0.4272,1,466,851,0
61768926,9209,-0.0498,-0.0376,1.0181,-0.1221,-0.2441,-0.3052,1,467,860,0
61773923,9210,-0.0488,-0.0391,1.0195,0.0000,-0.0610,-0.3662,1,484,850,0
61778922,9211,-0.0474,-0.0376,1.0200,-0.1221,0.0610,-0.3662,1,466,829,0
61783930,9212,-0.0479,-0.0371,1.0200,-0.0610,0.0610,-0.3052,1,466,869,0
61788934,9213,-0.0498,-0.0356,1.0205,-0.0610,-0.0610,-0.3052,1,466,865,0
61793931,9214,-0.0488,-0.0332,1.0225,-0.0610,-0.3052,-0.1831,1,466,871,0
61798924,9215,-0.0459,-0.0337,1.0249,-0.1221,-0.1831,-0.3052,1,493,873,0
61803924,9216,-0.0444,-0.0356,1.0249,-0.2441,0.1221,-0.3052,1,481,869,0
61808930,9217,-0.0454,-0.0361,1.0234,-0.2441,0.1831,-0.3052,1,464,801,0
61813922,9218,-0.0483,-0.0366,1.0205,-0.1221,0.1221,-0.2441,1,464,824,0
61818924,9219,-0.0513,-0.0376,1.0190,-0.1831,-0.1221,-0.3052,1,481,847,0
61823930,9220,-0.0503,-0.0371,1.0210,-0.1831,-0.0610,-0.4883,1,489,841,0
61828926,9221,-0.0488,-0.0371,1.0225,-0.2441,0.0000,-0.4883,1,471,842,0
61833925,9222,-0.0493,-0.0381,1.0200,-0.1831,0.0000,-0.4272,1,507,801,0
61838928,9223,-0.0503,-0.0381,1.0171,-0.1221,-0.1221,-0.4883,1,491,790,0
61843926,9224,-0.0488,-0.0381,1.0186,-0.1221,-0.3052,-0.4883,1,511,773,0
61848929,9225,-0.0459,-0.0391,1.0215,-0.0610,-0.1831,-0.4272,1,479,903,0
61853927,9226,-0.0454,-0.0391,1.0225,0.0610,-0.0610,-0.3662,1,481,859,0
61858924,9227,-0.0469,-0.0381,1.0234,0.0610,-0.1221,-0.3662,1,467,860,0
61863923,9228,-0.0469,-0.0371,1.0229,0.0610,-0.1221,-0.3662,1,474,866,0
61868924,9229,-0.0469,-0.0366,1.0225,-0.0610,-0.0610,-0.3662,1,481,853,0
61873930,9230,-0.0469,-0.0361,1.0225,0.0610,0.0610,-0.2441,1,478,852,0
61878925,9231,-0.0464,-0.0356,1.0225,0.0000,-0.0610,-0.3662,1,484,852,0
61883924,9232,-0.0469,-0.0361,1.0210,0.0000,0.0000,-0.3662,1,466,829,0
61888927,9233,-0.0488,-0.0386,1.0190,0.1221,-0.1221,-0.3052,1,466,778,0
61893946,9234,-0.0498,-0.0405,1.0190,0.1221,-0.2441,-0.4272,1,466,866,0
61898927,9235,-0.0493,-0.0400,1.0195,0.1221,-0.3052,-0.4883,1,466,876,0
61903926,9236,-0.0483,-0.0386,1.0215,0.1221,-0.3052,-0.4272,1,493,868,0
61908922,9237,-0.0483,-0.0376,1.0225,0.2441,-0.1221,-0.3662,1,488,868,0
61913927,9238,-0.0493,-0.0376,1.0210,0.2441,-0.3052,-0.3052,1,494,875,0
61918922,9239,-0.0483,-0.0381,1.0205,0.1221,-0.4272,-0.3662,1,473,850,0
61923929,9240,-0.0469,-0.0376,1.0220,0.2441,-0.2441,-0.3662,1,484,846,0
61928933,9241,-0.0464,-0.0371,1.0225,0.2441,-0.2441,-0.4272,1,490,846,0
61933928,9242,-0.0469,-0.0371,1.0220,0.1221,-0.3052,-0.3662,1,472,850,0
61938923,9243,-0.0479,-0.0371,1.0215,0.1221,-0.3052,-0.3662,1,507,840,0
61943927,9244,-0.0479,-0.0366,1.0215,0.1831,-0.4272,-0.2441,1,489,829,0
61948922,9245,-0.0479,-0.0361,1.0195,0.1221,-0.4883,-0.3662,1,507,840,0
61953924,9246,-0.0474,-0.0361,1.0200,0.0610,-0.5493,-0.3052,1,474,900,0
61958927,9247,-0.0464,-0.0366,1.0220,0.0610,-0.4272,-0.1831,1,477,859,0
61963925,9248,-0.0459,-0.0376,1.0215,-0.0610,-0.4272,-0.3662,1,479,874,0
61968930,9249,-0.0464,-0.0376,1.0210,0.0610,-0.4883,-0.4272,1,465,872,0
61973930,9250,-0.0474,-0.0381,1.0225,0.0610,-0.4272,-0.3662,1,465,850,0
61978923,9251,-0.0459,-0.0381,1.0239,0.0610,-0.3662,-0.3662,1,465,851,0
61983928,9252,-0.0435,-0.0366,1.0234,-0.1221,-0.2441,-0.3052,1,483,855,0
61988926,9253,-0.0439,-0.0347,1.0225,-0.2441,-0.1221,-0.2441,1,466,876,0
61993928,9254,-0.0449,-0.0352,1.0215,-0.3052,-0.0610,-0.2441,1,466,877,0
61998940,9255,-0.0459,-0.0371,1.0205,-0.0610,0.0610,-0.1831,1,466,870,0
62003927,9256,-0.0469,-0.0381,1.0195,-0.1831,-0.0610,-0.1831,1,466,873,0
62008930,9257,-0.0474,-0.0381,1.0186,-0.2441,0.0000,-0.1221,1,493,871,0
62013925,9258,-0.0469,-0.0386,1.0181,-0.1221,0.0000,-0.1831,1,466,746,0
62018930,9259,-0.0464,-0.0396,1.0186,-0.1221,-0.0610,-0.1221,1,494,716,0
62023928,9260,-0.0449,-0.0391,1.0195,-0.0610,-0.1221,-0.1221,1,468,845,0
62028924,9261,-0.0430,-0.0386,1.0220,0.0000,-0.0610,-0.1831,1,480,867,0
62033930,9262,-0.0430,-0.0371,1.0239,0.1831,-0.0610,-0.1221,1,491,824,0
62038927,9263,-0.0449,-0.0366,1.0249,0.0610,-0.0610,-0.1831,1,473,865,0
62043929,9264,-0.0469,-0.0386,1.0234,0.1221,0.1221,-0.3052,1,497,848,0
62048928,9265,-0.0479,-0.0391,1.0220,0.1221,-0.0610,-0.3052,1,481,822,0
62053923,9266,-0.0469,-0.0381,1.0210,0.0000,-0.1221,-0.3052,1,505,776,0
62058931,9267,-0.0454,-0.0371,1.0205,0.0610,0.0000,-0.3662,1,467,800,0
62063924,9268,-0.0459,-0.0376,1.0220,0.1221,-0.1221,-0.3052,1,482,819,0
62068931,9269,-0.0469,-0.0371,1.0229,0.1831,-0.2441,-0.2441,1,472,862,0
62073923,9270,-0.0469,-0.0361,1.0229,-0.0610,-0.2441,-0.3052,1,470,879,0
62078928,9271,-0.0459,-0.0366,1.0229,-0.1221,-0.1831,-0.4272,1,483,854,0
62083929,9272,-0.0454,-0.0366,1.0220,-0.1831,-0.1221,-0.4272,1,482,860,0
62088931,9273,-0.0459,-0.0366,1.0205,-0.1221,-0.1221,-0.2441,1,483,860,0
62093927,9274,-0.0454,-0.0366,1.0200,-0.1221,-0.2441,-0.2441,1,466,872,0
62098926,9275,-0.0444,-0.0366,1.0229,-0.3052,-0.1831,-0.3052,1,466,877,0
62103926,9276,-0.0435,-0.0361,1.0259,-0.3052,-0.1221,-0.2441,1,466,875,0
62108953,9277,-0.0435,-0.0361,1.0264,-0.4883,0.0610,-0.1831,1,466,871,0
62113929,9278,-0.0449,-0.0356,1.0234,-0.5493,0.0000,-0.1221,1,466,902,0
62118922,9279,-0.0469,-0.0352,1.0205,-0.6104,-0.0610,-0.0610,1,493,832,0
62123928,9280,-0.0464,-0.0361,1.0205,-0.6104,0.0000,-0.1221,1,494,863,0
62128922,9281,-0.0444,-0.0361,1.0234,-0.6714,0.0610,-0.1831,1,466,796,0
62133925,9282,-0.0459,-0.0371,1.0234,-0.6714,0.1221,-0.3052,1,492,861,0
62138923,9283,-0.0483,-0.0396,1.0220,-0.7324,-0.0610,-0.3052,1,475,841,0
62143928,9284,-0.0488,-0.0400,1.0210,-0.6104,-0.1831,-0.2441,1,475,843,0
62148929,9285,-0.0464,-0.0376,1.0215,-0.4883,-0.1221,-0.1831,1,484,864,0
62153923,9286,-0.0439,-0.0376,1.0229,-0.4883,0.0610,-0.2441,1,484,830,0
62158927,9287,-0.0444,-0.0391,1.0239,-0.4883,-0.0610,-0.2441,1,495,836,0
62163930,9288,-0.0464,-0.0386,1.0225,-0.5493,-0.0610,-0.3052,1,465,843,0
62168929,9289,-0.0474,-0.0391,1.0210,-0.6714,-0.0610,-0.2441,1,469,856,0
62173926,9290,-0.0464,-0.0391,1.0220,-0.5493,-0.0610,-0.2441,1,472,857,0
62178925,9291,-0.0439,-0.0371,1.0244,-0.6104,0.0610,-0.3662,1,481,861,0
62183922,9292,-0.0439,-0.0361,1.0225,-0.7935,0.2441,-0.3052,1,465,859,0
62188924,9293,-0.0464,-0.0381,1.0176,-0.7324,0.1221,-0.3052,1,470,856,0
62193928,9294,-0.0459,-0.0396,1.0181,-0.4883,-0.1831,-0.3052,1,484,846,0
62198928,9295,-0.0435,-0.0381,1.0220,-0.3662,0.1221,-0.3662,1,466,849,0
62203928,9296,-0.0439,-0.0371,1.0254,-0.5493,0.0000,-0.3052,1,466,870,0
62208927,9297,-0.0439,-0.0371,1.0249,-0.5493,-0.0610,-0.3662,1,466,829,0
62213937,9298,-0.0439,-0.0371,1.0234,-0.5493,0.2441,-0.2441,1,466,881,0
62218925,9299,-0.0430,-0.0371,1.0229,-0.7935,0.1831,-0.2441,1,465,886,0
62223923,9300,-0.0444,-0.0391,1.0205,-0.8545,0.3052,-0.1831,1,493,880,0
62228928,9301,-0.0483,-0.0405,1.0166,-0.6104,0.0610,-0.2441,1,486,869,0
62233924,9302,-0.0488,-0.0405,1.0171,-0.6104,-0.0610,-0.3052,1,464,807,0
62238927,9303,-0.0483,-0.0396,1.0186,-0.6104,0.0610,-0.3052,1,483,845,0
62243926,9304,-0.0474,-0.0386,1.0195,-0.6104,-0.0610,-0.2441,1,490,837,0
62248927,9305,-0.0459,-0.0381,1.0205,-0.6104,0.0000,-0.3052,1,490,842,0
62253925,9306,-0.0464,-0.0386,1.0195,-0.6104,0.0000,-0.4883,1,482,789,0
62258925,9307,-0.0483,-0.0381,1.0181,-0.5493,-0.1831,-0.2441,1,488,737,0
62263931,9308,-0.0483,-0.0376,1.0176,-0.6104,-0.0610,-0.3052,1,492,837,0
62268923,9309,-0.0469,-0.0391,1.0190,-0.6714,-0.0610,-0.3052,1,465,836,0
62273925,9310,-0.0459,-0.0400,1.0205,-0.5493,-0.2441,-0.2441,1,476,850,0
62278927,9311,-0.0459,-0.0396,1.0225,-0.4272,-0.1831,-0.1831,1,477,866,0
62283928,9312,-0.0459,-0.0391,1.0225,-0.5493,-0.1221,-0.3662,1,481,866,0
62288928,9313,-0.0449,-0.0396,1.0220,-0.5493,-0.1831,-0.3662,1,482,869,0
62293925,9314,-0.0435,-0.0405,1.0234,-0.5493,-0.1831,-0.3052,1,467,862,0
62298922,9315,-0.0425,-0.0410,1.0234,-0.4883,0.0610,-0.2441,1,483,857,0
62303930,9316,-0.0449,-0.0400,1.0215,-0.4883,0.1221,-0.3052,1,466,873,0
62308923,9317,-0.0459,-0.0400,1.0205,-0.4883,0.0000,-0.3052,1,466,865,0
62313924,9318,-0.0454,-0.0415,1.0215,-0.4272,0.0000,-0.3052,1,466,821,0
62318957,9319,-0.0449,-0.0425,1.0220,-0.4272,0.0610,-0.4883,1,466,827,0
62323924,9320,-0.0444,-0.0405,1.0215,-0.4272,0.1831,-0.3052,1,465,902,0
62328922,9321,-0.0435,-0.0381,1.0229,-0.4883,0.1831,-0.4272,1,466,873,0
62333929,9322,-0.0425,-0.0381,1.0269,-0.4272,0.3052,-0.4883,1,494,873,0
62338925,9323,-0.0425,-0.0381,1.0283,-0.4272,0.4272,-0.2441,1,468,791,0
62343923,9324,-0.0430,-0.0371,1.0269,-0.6714,0.5493,-0.3052,1,483,859,0
62348925,9325,-0.0439,-0.0366,1.0234,-0.6104,0.6104,-0.3052,1,483,843,0
62353928,9326,-0.0439,-0.0381,1.0210,-0.7935,0.6714,-0.3052,1,490,842,0
62358927,9327,-0.0430,-0.0400,1.0210,-0.7324,0.6714,-0.2441,1,497,835,0
62363922,9328,-0.0439,-0.0396,1.0225,-0.7324,0.7935,-0.3052,1,488,831,0
62368929,9329,-0.0454,-0.0386,1.0215,-0.9155,0.7324,-0.2441,1,511,831,0
62373925,9330,-0.0469,-0.0405,1.0200,-0.8545,0.4272,-0.2441,1,470,907,0
62378929,9331,-0.0479,-0.0430,1.0195,-0.7935,0.4883,-0.2441,1,482,860,0
62383931,9332,-0.0474,-0.0439,1.0200,-0.7324,0.3662,-0.3052,1,483,871,0
62388923,9333,-0.0464,-0.0444,1.0200,-0.6104,0.1831,-0.3052,1,465,871,0
62393926,9334,-0.0449,-0.0435,1.0210,-0.6104,0.4272,-0.3662,1,480,851,0
62398930,9335,-0.0435,-0.0410,1.0205,-0.4883,0.3662,-0.3662,1,479,853,0
62403928,9336,-0.0444,-0.0410,1.0195,-0.4272,0.3052,-0.3662,1,484,856,0
62408923,9337,-0.0464,-0.0435,1.0186,-0.4883,0.3052,-0.3662,1,466,877,0
62413927,9338,-0.0469,-0.0444,1.0181,-0.3662,0.1221,-0.3052,1,466,870,0
62418935,9339,-0.0459,-0.0430,1.0190,-0.2441,0.1221,-0.3662,1,466,865,0
62423931,9340,-0.0459,-0.0430,1.0200,-0.3052,0.1831,-0.3662,1,466,872,0
62428930,9341,-0.0449,-0.0430,1.0205,-0.1831,0.1831,-0.4272,1,492,871,0
62433924,9342,-0.0435,-0.0415,1.0220,-0.1221,0.1831,-0.3662,1,479,877,0
62438923,9343,-0.0435,-0.0396,1.0229,-0.1831,0.2441,-0.3662,1,464,826,0
62443928,9344,-0.0444,-0.0396,1.0229,-0.1831,0.1831,-0.3662,1,490,823,0
62448929,9345,-0.0454,-0.0410,1.0229,-0.3662,0.1221,-0.4272,1,490,853,0
62453930,9346,-0.0435,-0.0415,1.0239,-0.3662,0.3662,-0.4272,1,477,849,0
62458927,9347,-0.0420,-0.0405,1.0239,-0.3662,0.3052,-0.3662,1,508,871,0
62463923,9348,-0.0430,-0.0400,1.0229,-0.4883,0.5493,-0.3052,1,481,835,0
62468922,9349,-0.0435,-0.0400,1.0225,-0.3052,0.3662,-0.3052,1,509,776,0
62473927,9350,-0.0439,-0.0400,1.0215,-0.3052,0.2441,-0.3052,1,467,904,0
62478930,9351,-0.0444,-0.0396,1.0220,-0.4272,0.4272,-0.1831,1,467,857,0
62483923,9352,-0.0454,-0.0410,1.0215,-0.6714,0.4883,-0.3662,1,471,876,0
62488924,9353,-0.0459,-0.0439,1.0195,-0.7324,0.4272,-0.4272,1,480,873,0
62493926,9354,-0.0464,-0.0430,1.0200,-0.3662,0.3662,-0.2441,1,466,861,0
62498924,9355,-0.0464,-0.0400,1.0229,-0.4272,0.1831,-0.1221,1,465,856,0
62503929,9356,-0.0454,-0.0400,1.0234,-0.6714,0.3662,-0.1831,1,484,855,0
62508928,9357,-0.0454,-0.0425,1.0220,-0.6104,0.3662,-0.3052,1,466,879,0
62513928,9358,-0.0464,-0.0435,1.0200,-0.5493,0.3052,-0.3662,1,466,871,0
62518925,9359,-0.0474,-0.0439,1.0195,-0.4883,0.1221,-0.3662,1,466,870,0
62523924,9360,-0.0474,-0.0435,1.0195,-0.5493,0.1831,-0.3662,1,466,874,0
62528923,9361,-0.0449,-0.0435,1.0210,-0.4272,0.0610,-0.3052,1,492,878,0
62533923,9362,-0.0415,-0.0405,1.0239,-0.4272,0.3052,-0.3052,1,467,867,0
62538928,9363,-0.0425,-0.0396,1.0239,-0.6104,0.6714,-0.3662,1,493,794,0
62543923,9364,-0.0483,-0.0439,1.0181,-0.5493,0.5493,-0.4883,1,484,796,0
62548931,9365,-0.0483,-0.0469,1.0151,-0.3052,0.1221,-0.3662,1,489,860,0
62553942,9366,-0.0464,-0.0449,1.0171,-0.1221,0.6104,-0.4883,1,491,842,0
62558924,9367,-0.0454,-0.0439,1.0210,-0.0610,0.4883,-0.4883,1,491,856,0
62563930,9368,-0.0425,-0.0444,1.0234,-0.1221,0.4883,-0.4883,1,498,842,0
62568929,9369,-0.0420,-0.0430,1.0220,0.0610,0.5493,-0.5493,1,476,777,0
62573931,9370,-0.0435,-0.0420,1.0195,0.0610,0.5493,-0.4883,1,493,843,0
62578930,9371,-0.0454,-0.0415,1.0205,0.0610,0.7324,-0.4883,1,510,870,0
62583929,9372,-0.0449,-0.0410,1.0229,-0.0610,0.7324,-0.5493,1,469,864,0
62588927,9373,-0.0454,-0.0400,1.0244,-0.1221,0.7935,-0.4883,1,475,868,0
62593925,9374,-0.0459,-0.0410,1.0215,-0.2441,0.6714,-0.3052,1,482,869,0
62598927,9375,-0.0454,-0.0425,1.0210,-0.3662,0.6714,-0.3052,1,468,881,0
62603930,9376,-0.0449,-0.0425,1.0220,-0.4272,0.6714,-0.3662,1,484,851,0
62608930,9377,-0.0435,-0.0415,1.0239,-0.3662,0.7935,-0.4272,1,466,857,0
62613923,9378,-0.0444,-0.0410,1.0229,-0.3052,0.6714,-0.3052,1,466,878,0
62618923,9379,-0.0459,-0.0415,1.0220,-0.4883,0.5493,-0.3052,1,465,870,0
62623945,9380,-0.0464,-0.0415,1.0210,-0.4272,0.6104,-0.3052,1,466,872,0
62628927,9381,-0.0454,-0.0410,1.0210,-0.3662,0.4883,-0.3052,1,466,866,0
62633925,9382,-0.0435,-0.0415,1.0229,-0.6104,0.4272,-0.3662,1,466,869,0
62638924,9383,-0.0435,-0.0425,1.0239,-0.5493,0.4883,-0.3052,1,494,874,0
62643927,9384,-0.0449,-0.0439,1.0229,-0.6104,0.4272,-0.3662,1,468,795,0
62648922,9385,-0.0464,-0.0449,1.0210,-0.4883,0.4883,-0.3662,1,490,872,0
62653929,9386,-0.0479,-0.0449,1.0186,-0.4883,0.4883,-0.2441,1,483,843,0
62658928,9387,-0.0483,-0.0435,1.0186,-0.4883,0.4883,-0.1831,1,487,844,0
62663927,9388,-0.0474,-0.0420,1.0205,-0.3662,0.3662,-0.1831,1,497,845,0
62668925,9389,-0.0464,-0.0435,1.0215,-0.4272,0.4272,-0.4272,1,486,836,0
62673927,9390,-0.0483,-0.0449,1.0205,-0.3662,0.3052,-0.4272,1,510,780,0
62678926,9391,-0.0483,-0.0449,1.0200,-0.1221,0.1221,-0.3052,1,474,902,0
62683926,9392,-0.0439,-0.0439,1.0220,-0.1831,0.1831,-0.2441,1,483,854,0
62688923,9393,-0.0420,-0.0435,1.0234,-0.1831,0.3052,-0.1831,1,465,881,0
62693926,9394,-0.0430,-0.0425,1.0234,-0.1831,0.3052,-0.3052,1,473,874,0
62698929,9395,-0.0449,-0.0425,1.0220,-0.1831,0.3662,-0.3052,1,477,851,0
62703923,9396,-0.0474,-0.0430,1.0200,-0.1221,0.2441,-0.3662,1,475,854,0
62708926,9397,-0.0498,-0.0444,1.0195,-0.1831,0.2441,-0.2441,1,466,853,0
62713924,9398,-0.0498,-0.0449,1.0195,-0.1221,0.2441,-0.3052,1,466,885,0
62718922,9399,-0.0483,-0.0444,1.0190,-0.1831,0.1831,-0.4272,1,466,874,0
62723930,9400,-0.0459,-0.0430,1.0190,-0.0610,0.1221,-0.3662,1,466,882,0
62728922,9401,-0.0449,-0.0430,1.0205,0.0000,0.0610,-0.4272,1,466,867,0
62733922,9402,-0.0459,-0.0435,1.0220,0.0000,0.0610,-0.3662,1,493,825,0
62738923,9403,-0.0469,-0.0430,1.0229,0.0000,0.2441,-0.3052,1,479,749,0
62743930,9404,-0.0469,-0.0435,1.0215,0.1221,0.1221,-0.1831,1,466,805,0
62748925,9405,-0.0464,-0.0435,1.0195,0.0000,0.0000,-0.1831,1,492,789,0
62753929,9406,-0.0454,-0.0430,1.0195,0.0610,-0.0610,-0.2441,1,478,779,0
62758924,9407,-0.0454,-0.0430,1.0210,0.0610,0.0000,-0.1831,1,483,846,0
62763928,9408,-0.0459,-0.0439,1.0215,0.0000,-0.0610,-0.3052,1,481,796,0
62768929,9409,-0.0454,-0.0439,1.0205,0.0610,0.0610,-0.2441,1,486,783,0
62773925,9410,-0.0439,-0.0405,1.0220,0.1221,0.0610,-0.1221,1,494,835,0
62778930,9411,-0.0430,-0.0396,1.0239,-0.0610,0.0610,-0.2441,1,466,890,0
62783929,9412,-0.0439,-0.0420,1.0249,-0.1221,0.0000,-0.1221,1,482,860,0
62788927,9413,-0.0454,-0.0435,1.0234,0.1221,0.0000,-0.1831,1,469,778,0
62793923,9414,-0.0459,-0.0425,1.0215,0.0000,0.0610,-0.1831,1,476,811,0
62798928,9415,-0.0454,-0.0415,1.0200,0.0000,0.0610,-0.3662,1,465,806,0
62803922,9416,-0.0454,-0.0415,1.0195,0.0610,-0.0610,-0.3052,1,465,810,0
62808922,9417,-0.0464,-0.0415,1.0190,0.0000,-0.1831,-0.3052,1,483,853,0
62813927,9418,-0.0479,-0.0425,1.0186,0.0610,-0.4883,-0.1221,1,466,827,0
62818926,9419,-0.0464,-0.0435,1.0205,0.1221,-0.3662,-0.1221,1,466,866,0
62823923,9420,-0.0449,-0.0439,1.0229,0.0610,-0.2441,-0.1221,1,465,868,0
62828930,9421,-0.0439,-0.0435,1.0234,-0.0610,-0.1831,-0.2441,1,465,877,0
62833929,9422,-0.0430,-0.0430,1.0225,0.0610,-0.1831,-0.2441,1,492,878,0
62838927,9423,-0.0430,-0.0425,1.0225,0.0610,-0.1831,-0.3052,1,467,871,0
62843926,9424,-0.0435,-0.0439,1.0229,0.0000,-0.1221,-0.3052,1,493,866,0
62848929,9425,-0.0449,-0.0454,1.0234,0.0000,-0.1221,-0.3662,1,475,795,0
62853924,9426,-0.0454,-0.0449,1.0239,0.0610,-0.2441,-0.1831,1,475,802,0
62858924,9427,-0.0454,-0.0435,1.0239,0.0610,-0.1831,-0.2441,1,490,851,0
62863922,9428,-0.0449,-0.0430,1.0229,0.0000,-0.1221,-0.3662,1,501,871,0
62868923,9429,-0.0454,-0.0425,1.0225,-0.0610,0.0000,-0.3052,1,490,789,0
62873922,9430,-0.0454,-0.0420,1.0220,-0.0610,0.0610,-0.2441,1,497,821,0
62878923,9431,-0.0444,-0.0415,1.0220,0.0000,0.0610,-0.3052,1,465,898,0
62883930,9432,-0.0439,-0.0415,1.0225,0.0610,0.0000,-0.3052,1,469,823,0
62888931,9433,-0.0449,-0.0420,1.0225,0.0000,0.1221,-0.3052,1,467,778,0
62893929,9434,-0.0449,-0.0425,1.0220,-0.0610,0.1831,-0.2441,1,472,802,0
62898925,9435,-0.0439,-0.0435,1.0220,-0.0610,0.2441,-0.3052,1,481,856,0
62903928,9436,-0.0439,-0.0439,1.0225,0.1221,0.3662,-0.3052,1,465,852,0
62908923,9437,-0.0449,-0.0444,1.0225,0.1221,0.2441,-0.2441,1,483,852,0
62913929,9438,-0.0459,-0.0449,1.0220,0.0000,0.1831,-0.2441,1,466,877,0
62918926,9439,-0.0449,-0.0464,1.0210,0.1221,0.3052,-0.4883,1,466,831,0
62923922,9440,-0.0449,-0.0454,1.0205,0.3052,0.2441,-0.3052,1,466,864,0
62928928,9441,-0.0459,-0.0435,1.0200,0.1831,0.2441,-0.2441,1,466,871,0
62933926,9442,-0.0459,-0.0439,1.0205,0.1831,0.0610,-0.3662,1,492,875,0
62938923,9443,-0.0454,-0.0439,1.0229,0.4272,0.0610,-0.3662,1,466,873,0
62943930,9444,-0.0449,-0.0420,1.0239,0.4272,0.1831,-0.3052,1,493,812,0
62948923,9445,-0.0444,-0.0410,1.0229,0.3662,0.0000,-0.1831,1,485,799,0
62953924,9446,-0.0444,-0.0425,1.0220,0.3662,-0.1221,-0.1221,1,492,805,0
62958925,9447,-0.0439,-0.0430,1.0225,0.3052,0.0610,-0.1831,1,481,842,0
62963930,9448,-0.0439,-0.0410,1.0220,0.2441,0.0000,-0.2441,1,474,868,0
62968928,9449,-0.0439,-0.0396,1.0210,0.1831,0.0000,-0.1831,1,481,737,0
62973929,9450,-0.0435,-0.0410,1.0205,0.3052,-0.1221,-0.1221,1,491,828,0
62978930,9451,-0.0430,-0.0425,1.0215,0.3662,-0.1831,-0.1221,1,465,860,0
62983930,9452,-0.0430,-0.0444,1.0225,0.2441,0.0000,-0.1831,1,482,859,0
62988928,9453,-0.0435,-0.0444,1.0229,0.3052,-0.0610,-0.3052,1,465,830,0
62993925,9454,-0.0439,-0.0435,1.0229,0.2441,0.1221,-0.2441,1,474,820,0
62998930,9455,-0.0449,-0.0435,1.0225,0.1831,0.2441,-0.1831,1,482,859,0
63003927,9456,-0.0449,-0.0444,1.0220,0.2441,0.0000,-0.1831,1,482,860,0
63008923,9457,-0.0444,-0.0439,1.0215,0.2441,0.1221,-0.2441,1,484,814,0
63013928,9458,-0.0444,-0.0430,1.0205,0.2441,0.1221,-0.2441,1,466,880,0
63018927,9459,-0.0449,-0.0425,1.0205,0.1831,0.0610,-0.1221,1,466,875,0
63023930,9460,-0.0449,-0.0420,1.0210,0.2441,0.2441,-0.2441,1,466,870,0
63028927,9461,-0.0435,-0.0420,1.0215,0.2441,0.2441,-0.2441,1,465,878,0
63033926,9462,-0.0430,-0.0435,1.0229,0.0610,0.1831,-0.3052,1,466,875,0
63038928,9463,-0.0435,-0.0439,1.0239,0.0000,0.3052,-0.1831,1,466,869,0
63043927,9464,-0.0435,-0.0425,1.0239,-0.0610,0.5493,-0.3052,1,494,753,0
63048925,9465,-0.0439,-0.0420,1.0239,-0.0610,0.6714,-0.3052,1,481,795,0
63053928,9466,-0.0444,-0.0430,1.0215,0.0000,0.6714,-0.1831,1,485,841,0
63058923,9467,-0.0454,-0.0435,1.0181,0.0000,0.6714,-0.3052,1,492,799,0
63063925,9468,-0.0454,-0.0425,1.0171,0.0610,0.5493,-0.3662,1,490,791,0
63068929,9469,-0.0439,-0.0415,1.0195,-0.0610,0.5493,-0.2441,1,471,833,0
63073926,9470,-0.0435,-0.0425,1.0215,-0.1831,0.6714,-0.3662,1,499,840,0
63078926,9471,-0.0439,-0.0425,1.0225,-0.0610,0.6714,-0.3052,1,492,843,0
63083929,9472,-0.0449,-0.0410,1.0225,-0.1221,0.6714,-0.3662,1,470,828,0
63088930,9473,-0.0449,-0.0410,1.0225,-0.1221,0.7935,-0.3052,1,470,860,0
63093922,9474,-0.0444,-0.0420,1.0220,-0.1221,0.6714,-0.4883,1,474,857,0
63098926,9475,-0.0439,-0.0420,1.0225,-0.0610,0.6714,-0.4272,1,482,868,0
63103924,9476,-0.0439,-0.0415,1.0234,-0.1831,0.6104,-0.4272,1,482,854,0
63108927,9477,-0.0430,-0.0430,1.0254,-0.2441,0.7324,-0.4272,1,478,860,0
63113923,9478,-0.0439,-0.0439,1.0249,-0.1831,0.8545,-0.4883,1,483,858,0
63118924,9479,-0.0454,-0.0430,1.0234,-0.1831,0.9155,-0.3662,1,466,880,0
63123922,9480,-0.0464,-0.0430,1.0220,-0.1221,0.8545,-0.4272,1,466,882,0
63128930,9481,-0.0474,-0.0435,1.0205,-0.0610,0.6714,-0.3662,1,466,870,0
63133927,9482,-0.0483,-0.0435,1.0190,-0.0610,0.7935,-0.3662,1,465,871,0
63138923,9483,-0.0474,-0.0435,1.0190,0.0000,0.7935,-0.3052,1,466,873,0
63143927,9484,-0.0449,-0.0435,1.0205,0.0610,0.6714,-0.3662,1,466,746,0
63148928,9485,-0.0430,-0.0425,1.0220,0.0610,0.5493,-0.2441,1,494,871,0
63153929,9486,-0.0430,-0.0405,1.0229,-0.0610,0.5493,-0.3052,1,493,796,0
63158929,9487,-0.0449,-0.0415,1.0225,-0.0610,0.6714,-0.3052,1,492,842,0
63163928,9488,-0.0464,-0.0430,1.0225,-0.0610,0.4883,-0.2441,1,478,841,0
63168925,9489,-0.0459,-0.0435,1.0220,0.0610,0.2441,-0.3662,1,488,841,0
63173922,9490,-0.0449,-0.0425,1.0215,0.0000,0.1831,-0.3662,1,497,843,0
63178931,9491,-0.0439,-0.0420,1.0220,0.0610,0.2441,-0.1831,1,486,743,0
63183926,9492,-0.0439,-0.0420,1.0225,-0.0610,0.2441,-0.3052,1,506,780,0
63188923,9493,-0.0454,-0.0425,1.0220,0.0610,0.1831,-0.2441,1,499,868,0
63193927,9494,-0.0454,-0.0430,1.0215,0.1831,0.1221,-0.3052,1,482,865,0
63198925,9495,-0.0454,-0.0435,1.0210,0.1831,0.1221,-0.4272,1,482,867,0
63203930,9496,-0.0459,-0.0430,1.0220,0.2441,0.1221,-0.3052,1,467,871,0
63208926,9497,-0.0469,-0.0415,1.0229,0.3052,0.0610,-0.1831,1,467,848,0
63213930,9498,-0.0469,-0.0430,1.0210,0.1831,0.0610,-0.2441,1,470,851,0
63218924,9499,-0.0449,-0.0449,1.0195,0.2441,0.1831,-0.2441,1,483,851,0
63223922,9500,-0.0439,-0.0439,1.0200,0.4272,0.1221,-0.1831,1,466,883,0
63228929,9501,-0.0444,-0.0420,1.0210,0.2441,0.2441,-0.4272,1,466,876,0
63233929,9502,-0.0459,-0.0430,1.0205,0.1831,0.1221,-0.4272,1,466,878,0
63238953,9503,-0.0469,-0.0444,1.0200,0.3662,0.1831,-0.3052,1,466,872,0
63243927,9504,-0.0464,-0.0444,1.0200,0.2441,0.2441,-0.3662,1,466,870,0
63248928,9505,-0.0449,-0.0435,1.0205,0.3052,0.1831,-0.3052,1,466,878,0
63253928,9506,-0.0444,-0.0439,1.0205,0.3052,0.1831,-0.3052,1,493,867,0
63258927,9507,-0.0444,-0.0430,1.0200,0.4883,0.3662,-0.3662,1,494,796,0
63263923,9508,-0.0449,-0.0415,1.0205,0.4272,0.3052,-0.3052,1,483,854,0
63268925,9509,-0.0464,-0.0415,1.0210,0.3052,0.3052,-0.3662,1,474,842,0
63273927,9510,-0.0464,-0.0425,1.0215,0.1831,0.3662,-0.3052,1,478,837,0
63278929,9511,-0.0454,-0.0425,1.0225,0.2441,0.4272,-0.3052,1,505,841,0
63283925,9512,-0.0444,-0.0430,1.0229,0.1221,0.4883,-0.4272,1,487,843,0
63288925,9513,-0.0439,-0.0425,1.0229,0.0000,0.4883,-0.2441,1,491,834,0
63293924,9514,-0.0449,-0.0410,1.0220,0.1221,0.4883,-0.1831,1,493,792,0
63298927,9515,-0.0449,-0.0410,1.0210,0.1221,0.4272,-0.3052,1,482,859,0
63303924,9516,-0.0444,-0.0420,1.0215,0.0610,0.6104,-0.2441,1,465,865,0
63308922,9517,-0.0444,-0.0425,1.0220,-0.0610,0.6714,-0.2441,1,471,823,0
63313927,9518,-0.0444,-0.0430,1.0225,-0.1831,0.5493,-0.2441,1,479,856,0
63318927,9519,-0.0454,-0.0435,1.0229,-0.1221,0.7324,-0.1831,1,478,861,0
63323927,9520,-0.0459,-0.0435,1.0215,0.0000,0.6714,-0.1221,1,483,860,0
63328927,9521,-0.0454,-0.0425,1.0200,-0.1831,0.7324,-0.1831,1,466,819,0
63333924,9522,-0.0449,-0.0415,1.0205,-0.1831,0.6714,-0.2441,1,466,878,0
63338922,9523,-0.0454,-0.0415,1.0225,-0.1221,0.6714,-0.1221,1,466,880,0
63343952,9524,-0.0454,-0.0415,1.0229,0.0000,0.5493,-0.1221,1,466,871,0
63348926,9525,-0.0449,-0.0410,1.0220,-0.1221,0.6104,-0.2441,1,465,831,0
63353931,9526,-0.0430,-0.0430,1.0220,-0.3052,0.7935,-0.3052,1,465,870,0
63358929,9527,-0.0425,-0.0444,1.0225,-0.2441,0.7324,-0.2441,1,466,862,0
63363925,9528,-0.0439,-0.0439,1.0220,-0.2441,0.8545,-0.2441,1,494,879,0
63368930,9529,-0.0444,-0.0439,1.0210,-0.3052,0.7935,-0.3662,1,489,824,0
63373923,9530,-0.0454,-0.0430,1.0186,-0.1221,0.9766,-0.1831,1,473,844,0
63378924,9531,-0.0474,-0.0420,1.0171,-0.2441,0.9766,-0.1831,1,491,842,0
63383929,9532,-0.0479,-0.0425,1.0176,-0.1831,0.7324,-0.3052,1,500,862,0
63388928,9533,-0.0464,-0.0435,1.0200,-0.1831,0.7935,-0.3052,1,474,830,0
63393924,9534,-0.0449,-0.0410,1.0229,-0.1221,0.7935,-0.2441,1,506,781,0
63398930,9535,-0.0435,-0.0400,1.0244,-0.1831,0.6104,-0.2441,1,502,874,0
63403929,9536,-0.0449,-0.0420,1.0229,-0.3662,0.6714,-0.2441,1,479,863,0
63408922,9537,-0.0459,-0.0439,1.0210,-0.3052,0.6104,-0.3052,1,482,877,0
63413922,9538,-0.0459,-0.0430,1.0200,-0.1831,0.5493,-0.3662,1,476,844,0
63418929,9539,-0.0454,-0.0425,1.0210,-0.1831,0.6104,-0.3662,1,483,857,0
63423923,9540,-0.0459,-0.0430,1.0229,-0.2441,0.5493,-0.3052,1,477,855,0
63428928,9541,-0.0454,-0.0430,1.0249,-0.3052,0.4883,-0.3052,1,466,856,0
63433930,9542,-0.0444,-0.0425,1.0254,-0.1831,0.5493,-0.3052,1,466,869,0
63438929,9543,-0.0449,-0.0425,1.0234,-0.1831,0.6714,-0.3662,1,466,875,0
63443931,9544,-0.0474,-0.0425,1.0205,-0.2441,0.4883,-0.3662,1,466,878,0
63448924,9545,-0.0488,-0.0420,1.0195,-0.2441,0.4883,-0.3052,1,465,877,0
63453930,9546,-0.0479,-0.0415,1.0205,-0.3052,0.4883,-0.3662,1,492,874,0
63458925,9547,-0.0464,-0.0410,1.0215,-0.1221,0.4272,-0.4272,1,494,871,0
63463923,9548,-0.0449,-0.0405,1.0234,-0.1831,0.4272,-0.3662,1,493,870,0
63468928,9549,-0.0454,-0.0405,1.0254,-0.3662,0.3662,-0.2441,1,464,825,0
63473928,9550,-0.0449,-0.0410,1.0244,-0.4272,0.4272,-0.1221,1,490,862,0
63478944,9551,-0.0444,-0.0420,1.0229,-0.4272,0.4883,-0.1831,1,475,847,0
63483924,9552,-0.0459,-0.0430,1.0215,-0.4272,0.4883,-0.1831,1,490,850,0
63488926,9553,-0.0479,-0.0430,1.0205,-0.4272,0.4883,-0.1831,1,508,871,0
63493930,9554,-0.0474,-0.0430,1.0200,-0.3662,0.4272,-0.1831,1,499,834,0
63498928,9555,-0.0469,-0.0444,1.0195,-0.3662,0.3662,-0.1831,1,492,844,0
63503922,9556,-0.0474,-0.0444,1.0205,-0.3052,0.4272,-0.2441,1,467,916,0
63508925,9557,-0.0464,-0.0439,1.0225,-0.1221,0.3052,-0.1831,1,478,862,0
63513923,9558,-0.0454,-0.0439,1.0229,-0.3052,0.3052,-0.2441,1,481,859,0
63518930,9559,-0.0454,-0.0439,1.0220,-0.2441,0.3662,-0.2441,1,465,857,0
63523926,9560,-0.0464,-0.0435,1.0205,-0.1221,0.3662,-0.1831,1,466,865,0
63528926,9561,-0.0459,-0.0439,1.0200,-0.1221,0.3662,-0.2441,1,484,853,0
63533930,9562,-0.0454,-0.0439,1.0200,0.0000,0.3052,-0.3052,1,466,854,0
63538923,9563,-0.0444,-0.0430,1.0210,-0.0610,0.1831,-0.3052,1,466,822,0
63543922,9564,-0.0454,-0.0425,1.0220,-0.1221,0.1831,-0.1831,1,466,870,0
63548943,9565,-0.0479,-0.0439,1.0220,0.0610,0.1221,-0.1831,1,466,874,0
63553930,9566,-0.0483,-0.0449,1.0205,0.0000,0.1221,-0.2441,1,466,870,0
63558927,9567,-0.0464,-0.0449,1.0205,0.1221,0.2441,-0.2441,1,466,828,0
63563930,9568,-0.0464,-0.0449,1.0200,0.1221,0.3052,-0.3052,1,466,874,0
63568923,9569,-0.0474,-0.0454,1.0186,0.2441,0.1221,-0.2441,1,494,804,0
63573926,9570,-0.0483,-0.0459,1.0186,0.2441,0.0610,-0.3052,1,483,855,0
63578926,9571,-0.0469,-0.0464,1.0205,0.3052,-0.0610,-0.2441,1,492,841,0
63583924,9572,-0.0449,-0.0449,1.0229,0.1221,0.0000,-0.2441,1,480,836,0
63588931,9573,-0.0444,-0.0430,1.0234,0.1221,0.0610,-0.1831,1,504,801,0
63593926,9574,-0.0449,-0.0420,1.0234,0.1221,0.2441,-0.2441,1,486,833,0
63598922,9575,-0.0459,-0.0420,1.0220,0.0000,0.1831,-0.1831,1,503,781,0
63603922,9576,-0.0464,-0.0435,1.0210,-0.1221,0.2441,-0.1831,1,501,790,0
63608925,9577,-0.0454,-0.0439,1.0220,-0.0610,0.1831,-0.2441,1,481,860,0
63613922,9578,-0.0444,-0.0430,1.0225,0.0610,0.3052,-0.2441,1,482,877,0
63618924,9579,-0.0444,-0.0425,1.0225,0.0000,0.4272,-0.3052,1,467,869,0
63623931,9580,-0.0454,-0.0430,1.0225,-0.0610,0.4272,-0.3052,1,475,807,0
63628922,9581,-0.0469,-0.0435,1.0215,0.0000,0.4883,-0.3052,1,471,852,0
63633922,9582,-0.0474,-0.0439,1.0200,0.0000,0.5493,-0.2441,1,466,800,0
63638922,9583,-0.0469,-0.0439,1.0205,-0.0610,0.6104,-0.2441,1,466,830,0
63643925,9584,-0.0464,-0.0435,1.0215,0.0000,0.6104,-0.2441,1,466,870,0
63648929,9585,-0.0454,-0.0435,1.0225,0.0000,0.7324,-0.3052,1,465,824,0
63653925,9586,-0.0444,-0.0444,1.0229,0.0000,0.7324,-0.3052,1,466,824,0
63658925,9587,-0.0444,-0.0454,1.0234,0.0000,0.7935,-0.4272,1,466,830,0
63663930,9588,-0.0454,-0.0459,1.0220,0.0000,0.8545,-0.4272,1,466,750,0
63668926,9589,-0.0474,-0.0464,1.0200,0.1221,0.8545,-0.4883,1,494,752,0
63673925,9590,-0.0483,-0.0474,1.0186,0.1221,0.6714,-0.4883,1,478,846,0
63678924,9591,-0.0488,-0.0474,1.0190,0.1831,0.6104,-0.4272,1,491,839,0
63683922,9592,-0.0483,-0.0444,1.0220,0.2441,0.5493,-0.4883,1,481,844,0
63688922,9593,-0.0469,-0.0425,1.0239,0.3052,0.4883,-0.4883,1,492,850,0
63693928,9594,-0.0469,-0.0435,1.0249,0.1831,0.4272,-0.4272,1,491,825,0
63698928,9595,-0.0474,-0.0449,1.0244,0.1831,0.3052,-0.3662,1,498,835,0
63703926,9596,-0.0464,-0.0439,1.0229,0.1831,0.1831,-0.4272,1,496,873,0
63708922,9597,-0.0454,-0.0415,1.0225,0.1221,0.2441,-0.5493,1,479,870,0
63713923,9598,-0.0454,-0.0415,1.0225,0.0610,0.4272,-0.4883,1,467,867,0
63718922,9599,-0.0459,-0.0425,1.0229,0.1831,0.4883,-0.3662,1,474,873,0
63723930,9600,-0.0469,-0.0435,1.0225,0.0610,0.4272,-0.4272,1,482,858,0
63728928,9601,-0.0469,-0.0435,1.0210,-0.1221,0.3052,-0.4883,1,476,852,0
63733929,9602,-0.0459,-0.0420,1.0215,0.0000,0.2441,-0.3662,1,483,842,0
63738923,9603,-0.0454,-0.0410,1.0234,0.0000,0.2441,-0.2441,1,465,829,0
63743928,9604,-0.0454,-0.0430,1.0239,-0.2441,0.1221,-0.3052,1,466,835,0
63748922,9605,-0.0469,-0.0449,1.0220,-0.1831,0.3052,-0.2441,1,466,873,0
63753928,9606,-0.0483,-0.0439,1.0200,-0.1831,0.3052,-0.1831,1,466,872,0
63758923,9607,-0.0469,-0.0439,1.0195,-0.1221,0.2441,-0.2441,1,492,876,0
63763930,9608,-0.0454,-0.0449,1.0205,-0.1221,0.2441,-0.3052,1,494,875,0
63768927,9609,-0.0464,-0.0454,1.0200,-0.0610,0.4272,-0.2441,1,486,871,0
63773925,9610,-0.0479,-0.0454,1.0195,0.0610,0.4883,-0.3052,1,465,827,0
63778928,9611,-0.0493,-0.0469,1.0186,0.1221,0.2441,-0.3052,1,492,840,0
63783948,9612,-0.0493,-0.0483,1.0176,0.0610,0.2441,-0.3052,1,476,839,0
63788928,9613,-0.0479,-0.0479,1.0166,0.1831,0.1831,-0.3052,1,490,843,0
63793923,9614,-0.0469,-0.0444,1.0186,0.1831,0.1831,-0.3052,1,486,843,0
63798929,9615,-0.0459,-0.0425,1.0200,0.1831,0.1831,-0.2441,1,505,831,0
63803931,9616,-0.0449,-0.0425,1.0205,0.1221,0.1831,-0.3662,1,492,844,0
63808923,9617,-0.0454,-0.0430,1.0200,0.1221,0.1831,-0.2441,1,472,901,0
63813926,9618,-0.0459,-0.0425,1.0205,0.2441,0.0000,-0.1831,1,482,862,0
63818929,9619,-0.0459,-0.0439,1.0210,0.2441,-0.0610,-0.1831,1,465,810,0
63823927,9620,-0.0459,-0.0454,1.0215,0.1221,0.0000,-0.1831,1,465,856,0
63828930,9621,-0.0459,-0.0449,1.0200,0.1221,0.2441,-0.1831,1,472,808,0
63833927,9622,-0.0459,-0.0444,1.0190,0.1831,0.2441,-0.2441,1,484,855,0
63838929,9623,-0.0454,-0.0454,1.0200,0.1831,0.3052,-0.2441,1,466,878,0
63843924,9624,-0.0464,-0.0454,1.0205,0.2441,0.3052,-0.3662,1,466,876,0
63848927,9625,-0.0464,-0.0449,1.0200,0.1221,0.1831,-0.2441,1,466,874,0
63853950,9626,-0.0454,-0.0439,1.0195,0.1221,0.0610,-0.1221,1,466,873,0
63858925,9627,-0.0454,-0.0420,1.0200,0.2441,0.0610,-0.1221,1,466,873,0
63863927,9628,-0.0454,-0.0415,1.0234,0.1221,0.2441,-0.1831,1,492,870,0
63868922,9629,-0.0444,-0.0420,1.0254,0.0610,0.3052,-0.2441,1,470,878,0
63873924,9630,-0.0444,-0.0430,1.0244,0.1831,0.2441,-0.2441,1,466,804,0
63878927,9631,-0.0449,-0.0435,1.0220,0.1221,0.3052,-0.1831,1,478,863,0
63883940,9632,-0.0449,-0.0435,1.0220,0.0610,0.1831,-0.3052,1,488,839,0
63888925,9633,-0.0439,-0.0435,1.0229,0.1831,0.1831,-0.1831,1,488,839,0
63893925,9634,-0.0444,-0.0435,1.0229,0.0000,0.3052,-0.3052,1,484,851,0
63898922,9635,-0.0459,-0.0425,1.0220,-0.1221,0.3662,-0.3052,1,498,793,0
63903922,9636,-0.0454,-0.0425,1.0220,-0.0610,0.3052,-0.1831,1,492,863,0
63908925,9637,-0.0449,-0.0430,1.0215,-0.0610,0.2441,-0.3052,1,482,832,0
63913922,9638,-0.0464,-0.0430,1.0215,0.0000,0.3662,-0.2441,1,465,869,0
63918927,9639,-0.0469,-0.0430,1.0225,0.0000,0.3052,-0.1831,1,474,810,0
63923925,9640,-0.0459,-0.0430,1.0225,0.1221,0.2441,-0.2441,1,477,802,0
63928930,9641,-0.0459,-0.0430,1.0229,0.0610,0.3662,-0.3662,1,466,853,0
63933928,9642,-0.0459,-0.0435,1.0234,0.0610,0.3052,-0.3662,1,483,857,0
63938922,9643,-0.0454,-0.0425,1.0234,-0.1221,0.3052,-0.2441,1,466,870,0
63943923,9644,-0.0459,-0.0410,1.0229,-0.0610,0.3662,-0.3052,1,466,873,0
63948927,9645,-0.0464,-0.0425,1.0215,0.0000,0.3052,-0.2441,1,466,871,0
63953957,9646,-0.0459,-0.0435,1.0200,0.0000,0.2441,-0.2441,1,466,823,0
63958926,9647,-0.0449,-0.0449,1.0200,0.0610,0.2441,-0.3052,1,465,827,0
63963928,9648,-0.0469,-0.0454,1.0210,0.0610,0.3052,-0.3052,1,492,871,0
63968925,9649,-0.0488,-0.0444,1.0210,0.0610,0.3052,-0.3052,1,476,814,0
63973924,9650,-0.0488,-0.0430,1.0205,0.0610,0.1831,-0.2441,1,466,809,0
63978929,9651,-0.0464,-0.0415,1.0210,-0.0610,0.1831,-0.1831,1,483,846,0
63983948,9652,-0.0449,-0.0410,1.0229,0.0000,0.2441,-0.2441,1,487,845,0
63988924,9653,-0.0454,-0.0425,1.0229,-0.1831,0.1831,-0.1221,1,478,826,0
63993929,9654,-0.0464,-0.0459,1.0200,-0.1221,0.2441,-0.3052,1,483,847,0
63998929,9655,-0.0474,-0.0459,1.0186,0.0610,0.1831,-0.2441,1,490,771,0
64003922,9656,-0.0474,-0.0435,1.0195,0.0610,0.1831,-0.0610,1,492,842,0
64008922,9657,-0.0469,-0.0435,1.0190,0.0000,0.2441,-0.3662,1,481,831,0
64013925,9658,-0.0454,-0.0444,1.0195,0.0610,0.1831,-0.3052,1,465,826,0
64018928,9659,-0.0449,-0.0439,1.0210,0.1221,0.0000,-0.2441,1,469,874,0
64023922,9660,-0.0464,-0.0430,1.0215,0.1221,0.0610,-0.2441,1,475,810,0
64028927,9661,-0.0469,-0.0439,1.0200,0.3052,0.1221,-0.3052,1,466,849,0
64033925,9662,-0.0464,-0.0449,1.0195,0.1831,0.1221,-0.2441,1,484,843,0
64038922,9663,-0.0449,-0.0439,1.0205,0.2441,0.0610,-0.3052,1,466,875,0
64043930,9664,-0.0454,-0.0420,1.0210,0.2441,0.0610,-0.1831,1,466,873,0
64048930,9665,-0.0474,-0.0420,1.0210,0.3662,0.0000,-0.1221,1,465,876,0
64053948,9666,-0.0483,-0.0425,1.0210,0.3052,-0.0610,-0.1831,1,466,821,0
64058928,9667,-0.0479,-0.0444,1.0210,0.2441,0.0000,-0.1831,1,466,869,0
64063927,9668,-0.0469,-0.0454,1.0200,0.3052,-0.1831,-0.1221,1,492,830,0
64068928,9669,-0.0479,-0.0439,1.0190,0.3662,-0.3052,-0.1831,1,467,866,0
64073929,9670,-0.0483,-0.0425,1.0195,0.3662,-0.3662,-0.1831,1,493,800,0
64078928,9671,-0.0449,-0.0420,1.0220,0.4272,-0.4883,-0.3052,1,488,826,0
64083941,9672,-0.0435,-0.0405,1.0239,0.3662,-0.2441,-0.1831,1,478,842,0
64088926,9673,-0.0444,-0.0396,1.0239,0.2441,-0.3662,-0.1831,1,476,851,0
64093929,9674,-0.0459,-0.0400,1.0225,0.2441,-0.1221,-0.2441,1,494,874,0
64098928,9675,-0.0479,-0.0415,1.0210,0.2441,-0.2441,-0.2441,1,502,831,0
64103926,9676,-0.0479,-0.0430,1.0210,0.2441,-0.3662,-0.2441,1,487,847,0
64108926,9677,-0.0459,-0.0425,1.0225,0.1831,-0.1831,-0.2441,1,470,903,0
64113924,9678,-0.0430,-0.0400,1.0249,0.0610,-0.1831,-0.1831,1,477,865,0
64118926,9679,-0.0415,-0.0391,1.0254,-0.1221,0.0610,-0.3052,1,465,873,0
64123927,9680,-0.0425,-0.0420,1.0239,0.0000,0.1831,-0.3052,1,471,845,0
64128928,9681,-0.0435,-0.0435,1.0244,-0.0610,0.2441,-0.3052,1,475,807,0
64133926,9682,-0.0439,-0.0420,1.0254,-0.1221,0.3052,-0.2441,1,483,853,0
64138922,9683,-0.0435,-0.0410,1.0239,-0.0610,0.1221,-0.1831,1,466,868,0
64143927,9684,-0.0439,-0.0435,1.0215,-0.1831,0.3662,-0.3052,1,466,871,0
64148923,9685,-0.0459,-0.0449,1.0205,-0.1221,0.4883,-0.3052,1,466,874,0
64153933,9686,-0.0469,-0.0439,1.0205,0.0000,0.3662,-0.3052,1,465,868,0
64158926,9687,-0.0469,-0.0435,1.0205,0.0000,0.3052,-0.3662,1,466,824,0
64163927,9688,-0.0469,-0.0430,1.0200,0.0610,0.1831,-0.3662,1,466,823,0
64168928,9689,-0.0464,-0.0420,1.0186,0.0610,0.3052,-0.3052,1,466,868,0
64173925,9690,-0.0464,-0.0425,1.0190,0.0610,0.4272,-0.4272,1,494,790,0
64178928,9691,-0.0469,-0.0435,1.0215,0.1221,0.2441,-0.4883,1,483,853,0
64183939,9692,-0.0469,-0.0439,1.0225,0.1221,0.1831,-0.2441,1,471,838,0
64188923,9693,-0.0469,-0.0439,1.0220,0.2441,0.1221,-0.2441,1,473,844,0
64193922,9694,-0.0464,-0.0435,1.0210,0.3662,0.0610,-0.3052,1,500,864,0
64198926,9695,-0.0449,-0.0425,1.0220,0.4272,0.0000,-0.3662,1,506,824,0
64203925,9696,-0.0444,-0.0420,1.0225,0.2441,0.0000,-0.3662,1,487,790,0
64208929,9697,-0.0449,-0.0435,1.0220,0.2441,0.1831,-0.4883,1,500,791,0
64213925,9698,-0.0459,-0.0454,1.0210,0.3052,0.0610,-0.4883,1,476,864,0
64218928,9699,-0.0464,-0.0459,1.0210,0.3052,-0.0610,-0.3662,1,465,820,0
64223923,9700,-0.0459,-0.0449,1.0234,0.2441,-0.0610,-0.3662,1,469,848,0
64228927,9701,-0.0439,-0.0420,1.0254,0.1831,0.1221,-0.3662,1,478,860,0
64233929,9702,-0.0435,-0.0405,1.0259,0.1831,0.0610,-0.4272,1,484,855,0
64238922,9703,-0.0444,-0.0415,1.0239,0.0000,0.1221,-0.3052,1,466,871,0
64243922,9704,-0.0454,-0.0425,1.0229,0.0610,0.3052,-0.3052,1,466,826,0
64248922,9705,-0.0449,-0.0435,1.0229,0.0610,0.3052,-0.3662,1,465,869,0
64253945,9706,-0.0444,-0.0430,1.0229,0.0610,0.2441,-0.3662,1,466,872,0
64258930,9707,-0.0454,-0.0425,1.0229,0.1221,0.3052,-0.3052,1,466,879,0
64263924,9708,-0.0459,-0.0435,1.0229,0.0610,0.4272,-0.4272,1,493,866,0
64268924,9709,-0.0464,-0.0435,1.0225,0.0610,0.3662,-0.3052,1,467,872,0
64273927,9710,-0.0474,-0.0439,1.0210,0.1831,0.2441,-0.3052,1,494,764,0
64278929,9711,-0.0474,-0.0439,1.0205,0.1831,0.3052,-0.3662,1,491,853,0
64283923,9712,-0.0469,-0.0439,1.0205,0.0000,0.3052,-0.4272,1,481,845,0
64288929,9713,-0.0459,-0.0439,1.0205,0.0610,0.2441,-0.3662,1,485,815,0
64293929,9714,-0.0454,-0.0435,1.0205,0.0610,0.1831,-0.2441,1,486,845,0
64298923,9715,-0.0454,-0.0425,1.0215,0.2441,0.3052,-0.2441,1,510,836,0
64303925,9716,-0.0439,-0.0420,1.0225,0.0000,0.2441,-0.3052,1,492,872,0
64308929,9717,-0.0430,-0.0430,1.0225,0.0610,0.3662,-0.2441,1,465,823,0
64313928,9718,-0.0444,-0.0430,1.0229,0.1221,0.3052,-0.3052,1,465,869,0
64318928,9719,-0.0459,-0.0420,1.0229,0.0610,0.4272,-0.3662,1,472,820,0
64323927,9720,-0.0454,-0.0420,1.0234,0.0610,0.3662,-0.3052,1,480,857,0
64328925,9721,-0.0449,-0.0425,1.0220,0.0610,0.2441,-0.3662,1,466,853,0
64333923,9722,-0.0454,-0.0435,1.0215,0.1221,0.2441,-0.3662,1,483,856,0
64338923,9723,-0.0454,-0.0435,1.0205,0.1221,0.4272,-0.3052,1,466,875,0
64343925,9724,-0.0449,-0.0425,1.0195,0.1831,0.3052,-0.1831,1,466,869,0
64348929,9725,-0.0444,-0.0430,1.0205,0.1831,0.1221,-0.3052,1,466,878,0
64353936,9726,-0.0444,-0.0435,1.0229,0.1831,0.3052,-0.3052,1,466,870,0
64358925,9727,-0.0439,-0.0420,1.0234,0.0000,0.3052,-0.3662,1,466,871,0
64363924,9728,-0.0444,-0.0415,1.0220,0.0000,0.3052,-0.2441,1,493,829,0
64368930,9729,-0.0454,-0.0430,1.0210,0.0000,0.3662,-0.3662,1,466,752,0
64373929,9730,-0.0449,-0.0439,1.0220,-0.0610,0.4272,-0.4272,1,493,754,0
64378922,9731,-0.0439,-0.0435,1.0220,0.1221,0.4272,-0.4272,1,477,871,0
64383932,9732,-0.0449,-0.0425,1.0215,0.1221,0.4272,-0.3662,1,472,845,0
64388925,9733,-0.0469,-0.0425,1.0195,0.1831,0.5493,-0.2441,1,473,843,0
64393927,9734,-0.0469,-0.0425,1.0186,0.2441,0.4272,-0.1831,1,489,868,0
64398923,9735,-0.0464,-0.0430,1.0195,0.1831,0.2441,-0.2441,1,488,833,0
64403929,9736,-0.0454,-0.0439,1.0220,0.1221,0.3052,-0.4272,1,476,848,0
64408927,9737,-0.0444,-0.0435,1.0239,0.1221,0.1831,-0.3662,1,509,869,0
64413925,9738,-0.0439,-0.0410,1.0244,0.0000,0.3662,-0.3052,1,467,866,0
64418926,9739,-0.0449,-0.0410,1.0239,0.1221,0.4272,-0.4272,1,475,828,0
64423930,9740,-0.0449,-0.0425,1.0229,0.0000,0.3662,-0.3052,1,478,873,0
64428924,9741,-0.0444,-0.0420,1.0220,0.0000,0.5493,-0.3662,1,480,810,0
64433927,9742,-0.0435,-0.0420,1.0205,0.0000,0.4272,-0.3662,1,482,812,0
64438924,9743,-0.0439,-0.0425,1.0210,-0.1221,0.5493,-0.3052,1,466,810,0
64443926,9744,-0.0449,-0.0415,1.0210,-0.0610,0.4272,-0.3052,1,466,868,0
64448929,9745,-0.0454,-0.0410,1.0200,-0.0610,0.4883,-0.3662,1,466,870,0
64453930,9746,-0.0464,-0.0415,1.0200,0.0000,0.5493,-0.1831,1,466,874,0
64458928,9747,-0.0464,-0.0425,1.0215,-0.1221,0.4272,-0.3662,1,466,831,0
64463922,9748,-0.0454,-0.0430,1.0229,-0.1221,0.4883,-0.3052,1,492,872,0
64468922,9749,-0.0449,-0.0430,1.0244,0.0610,0.3662,-0.2441,1,466,868,0
64473925,9750,-0.0454,-0.0425,1.0234,-0.0610,0.4883,-0.3052,1,494,875,0
64478924,9751,-0.0449,-0.0425,1.0229,-0.0610,0.5493,-0.3052,1,468,851,0
64483932,9752,-0.0444,-0.0430,1.0225,0.0000,0.5493,-0.2441,1,482,843,0
64488930,9753,-0.0449,-0.0439,1.0229,0.0610,0.5493,-0.1831,1,485,822,0
64493922,9754,-0.0454,-0.0449,1.0234,0.0000,0.6104,-0.2441,1,497,851,0
64498930,9755,-0.0464,-0.0439,1.0239,0.0000,0.6714,-0.3662,1,486,754,0
64503924,9756,-0.0464,-0.0415,1.0225,0.0000,0.7935,-0.3662,1,489,841,0
64508931,9757,-0.0459,-0.0420,1.0205,-0.1221,0.8545,-0.3662,1,509,788,0
64513926,9758,-0.0459,-0.0439,1.0200,0.0000,0.7324,-0.3052,1,465,859,0
64518926,9759,-0.0469,-0.0435,1.0210,-0.1831,0.7935,-0.2441,1,474,823,0
64523928,9760,-0.0469,-0.0420,1.0220,-0.0610,0.6714,-0.3052,1,480,869,0
64528927,9761,-0.0469,-0.0415,1.0229,0.0610,0.6104,-0.3052,1,465,846,0
64533927,9762,-0.0469,-0.0415,1.0234,0.0000,0.7324,-0.3662,1,483,847,0
64538923,9763,-0.0464,-0.0420,1.0229,-0.1221,0.5493,-0.2441,1,465,831,0
64543924,9764,-0.0449,-0.0430,1.0225,0.0000,0.4883,-0.3052,1,466,876,0
64548926,9765,-0.0454,-0.0420,1.0220,0.0610,0.5493,-0.3052,1,466,823,0
64553927,9766,-0.0464,-0.0410,1.0234,-0.0610,0.4883,-0.1831,1,466,870,0
64558924,9767,-0.0469,-0.0420,1.0234,-0.1831,0.6104,-0.3662,1,466,872,0
64563922,9768,-0.0469,-0.0439,1.0215,-0.1221,0.4883,-0.4272,1,493,872,0
64568929,9769,-0.0474,-0.0435,1.0200,-0.1221,0.3662,-0.2441,1,466,869,0
64573931,9770,-0.0474,-0.0420,1.0190,-0.1221,0.3662,-0.3662,1,494,869,0
64578929,9771,-0.0469,-0.0420,1.0190,-0.1831,0.3052,-0.4272,1,469,854,0
64583944,9772,-0.0459,-0.0435,1.0200,-0.2441,0.3662,-0.3662,1,485,841,0
64588922,9773,-0.0449,-0.0449,1.0220,-0.1831,0.3662,-0.3662,1,483,846,0
64593925,9774,-0.0449,-0.0439,1.0220,-0.0610,0.4272,-0.3052,1,476,840,0
64598925,9775,-0.0459,-0.0430,1.0205,-0.0610,0.3662,-0.2441,1,498,833,0
64603927,9776,-0.0469,-0.0435,1.0195,-0.0610,0.4883,-0.3662,1,484,872,0
64608922,9777,-0.0469,-0.0439,1.0190,-0.1221,0.3052,-0.2441,1,502,831,0
64613924,9778,-0.0459,-0.0435,1.0205,-0.0610,0.3662,-0.3662,1,465,865,0
64618927,9779,-0.0459,-0.0425,1.0215,0.0000,0.4272,-0.3662,1,467,872,0
64623925,9780,-0.0469,-0.0430,1.0210,-0.1221,0.4272,-0.2441,1,470,809,0
64628926,9781,-0.0469,-0.0444,1.0205,-0.1221,0.3662,-0.3052,1,477,850,0
64633926,9782,-0.0459,-0.0449,1.0200,0.0000,0.4883,-0.2441,1,484,849,0
64638931,9783,-0.0459,-0.0449,1.0210,-0.0610,0.4883,-0.2441,1,466,825,0
64643929,9784,-0.0469,-0.0439,1.0225,0.0000,0.4272,-0.3052,1,466,870,0
64648928,9785,-0.0474,-0.0435,1.0229,0.0610,0.4883,-0.2441,1,466,825,0
64653933,9786,-0.0464,-0.0439,1.0225,-0.0610,0.4883,-0.3052,1,466,872,0
64658922,9787,-0.0454,-0.0449,1.0225,-0.0610,0.6714,-0.3052,1,466,867,0
64663923,9788,-0.0459,-0.0459,1.0225,0.0000,0.6104,-0.3052,1,492,869,0
64668928,9789,-0.0464,-0.0444,1.0220,0.0610,0.4883,-0.3052,1,465,742,0
64673927,9790,-0.0469,-0.0420,1.0225,0.0610,0.4883,-0.3052,1,494,865,0
64678930,9791,-0.0479,-0.0415,1.0220,0.1221,0.3662,-0.1221,1,466,844,0
64683928,9792,-0.0479,-0.0415,1.0210,0.0610,0.4272,-0.2441,1,491,841,0
64688929,9793,-0.0459,-0.0420,1.0210,0.0610,0.3662,-0.2441,1,485,844,0
64693927,9794,-0.0444,-0.0430,1.0215,0.0610,0.4272,-0.3052,1,494,841,0
64698927,9795,-0.0439,-0.0430,1.0215,0.0610,0.4883,-0.3052,1,486,829,0
64703922,9796,-0.0454,-0.0425,1.0210,0.0000,0.5493,-0.4883,1,490,836,0
64708929,9797,-0.0474,-0.0430,1.0200,0.0610,0.3662,-0.3662,1,498,787,0
64713924,9798,-0.0469,-0.0439,1.0205,0.0000,0.1221,-0.1831,1,469,860,0
64718925,9799,-0.0459,-0.0444,1.0215,0.1221,0.1221,-0.2441,1,483,824,0
64723927,9800,-0.0459,-0.0435,1.0225,0.1221,0.1831,-0.1831,1,467,851,0
64728927,9801,-0.0464,-0.0420,1.0225,-0.0610,0.2441,-0.1831,1,470,853,0
64733923,9802,-0.0464,-0.0415,1.0220,-0.0610,0.3052,-0.3052,1,483,856,0
64738930,9803,-0.0454,-0.0420,1.0229,-0.1831,0.3662,-0.3662,1,466,865,0
64743926,9804,-0.0454,-0.0439,1.0229,-0.1221,0.4272,-0.1831,1,466,882,0
64748927,9805,-0.0459,-0.0454,1.0229,-0.0610,0.4272,-0.3052,1,466,880,0
64753925,9806,-0.0464,-0.0454,1.0220,-0.0610,0.3662,-0.3662,1,466,874,0
64758925,9807,-0.0469,-0.0439,1.0205,-0.0610,0.4272,-0.2441,1,466,875,0
64763930,9808,-0.0469,-0.0430,1.0190,-0.0610,0.4272,-0.1221,1,492,875,0
64768928,9809,-0.0479,-0.0435,1.0181,0.0610,0.2441,-0.3052,1,466,865,0
64773922,9810,-0.0488,-0.0444,1.0190,0.0610,0.2441,-0.3052,1,490,864,0
64778922,9811,-0.0483,-0.0449,1.0210,-0.0610,0.3052,-0.3052,1,466,853,0
64783936,9812,-0.0464,-0.0439,1.0225,0.1221,0.3662,-0.3052,1,479,837,0
64788927,9813,-0.0454,-0.0435,1.0220,0.0000,0.1831,-0.2441,1,477,840,0
64793926,9814,-0.0464,-0.0425,1.0210,0.0610,0.2441,-0.3052,1,495,791,0
64798923,9815,-0.0469,-0.0420,1.0215,0.0610,0.3052,-0.3052,1,486,825,0
64803925,9816,-0.0464,-0.0420,1.0220,0.0610,0.3662,-0.3052,1,488,857,0
64808929,9817,-0.0459,-0.0439,1.0220,0.0610,0.3052,-0.3662,1,509,878,0
64813926,9818,-0.0459,-0.0439,1.0215,0.0000,0.3662,-0.2441,1,483,831,0
64818923,9819,-0.0459,-0.0425,1.0210,0.1221,0.3052,-0.2441,1,471,829,0
64823925,9820,-0.0459,-0.0430,1.0205,-0.0610,0.2441,-0.4272,1,479,863,0
64828930,9821,-0.0464,-0.0439,1.0200,0.0610,0.2441,-0.3052,1,483,855,0
64833922,9822,-0.0469,-0.0430,1.0200,0.1221,0.3662,-0.3662,1,477,850,0
64838924,9823,-0.0474,-0.0420,1.0205,0.1221,0.3662,-0.2441,1,466,850,0
64843929,9824,-0.0464,-0.0425,1.0210,0.1221,0.3052,-0.3052,1,465,872,0
64848925,9825,-0.0454,-0.0430,1.0225,0.1831,0.1831,-0.2441,1,466,860,0
64853922,9826,-0.0464,-0.0435,1.0234,0.0610,0.2441,-0.3052,1,466,880,0
64858951,9827,-0.0474,-0.0430,1.0225,0.0610,0.3052,-0.3052,1,466,869,0
64863928,9828,-0.0469,-0.0420,1.0225,0.1221,0.3052,-0.2441,1,466,862,0
64868925,9829,-0.0459,-0.0415,1.0225,0.1221,0.3052,-0.2441,1,465,865,0
64873927,9830,-0.0459,-0.0420,1.0220,-0.0610,0.3662,-0.3052,1,468,867,0
64878923,9831,-0.0464,-0.0425,1.0205,-0.0610,0.4272,-0.3052,1,493,791,0
64883927,9832,-0.0464,-0.0420,1.0200,0.0000,0.4272,-0.2441,1,473,839,0
64888928,9833,-0.0469,-0.0430,1.0200,-0.1221,0.3052,-0.2441,1,482,797,0
64893927,9834,-0.0483,-0.0439,1.0195,0.0610,0.2441,-0.3052,1,492,836,0
64898930,9835,-0.0493,-0.0444,1.0200,0.0610,0.1221,-0.3052,1,483,835,0
64903929,9836,-0.0479,-0.0435,1.0210,0.2441,0.1831,-0.3052,1,505,772,0
64908930,9837,-0.0459,-0.0425,1.0220,0.2441,0.1831,-0.2441,1,487,868,0
64913926,9838,-0.0464,-0.0425,1.0210,0.1831,0.3052,-0.3052,1,465,836,0
64918928,9839,-0.0488,-0.0425,1.0190,0.1831,0.1221,-0.4272,1,475,861,0
64923931,9840,-0.0483,-0.0420,1.0195,0.1221,-0.0610,-0.2441,1,479,873,0
64928926,9841,-0.0454,-0.0410,1.0220,0.1221,0.0610,-0.2441,1,482,857,0
64933930,9842,-0.0444,-0.0410,1.0220,0.1221,0.3052,-0.3662,1,467,853,0
64938922,9843,-0.0459,-0.0420,1.0220,0.0610,0.1831,-0.2441,1,483,852,0
64943925,9844,-0.0464,-0.0435,1.0225,0.0000,0.1831,-0.1831,1,466,872,0
64948923,9845,-0.0459,-0.0430,1.0229,0.0610,0.3052,-0.2441,1,466,829,0
64953926,9846,-0.0449,-0.0425,1.0229,0.0610,0.3662,-0.3052,1,465,871,0
64958939,9847,-0.0459,-0.0425,1.0225,-0.0610,0.2441,-0.3052,1,466,871,0
64963931,9848,-0.0454,-0.0420,1.0220,0.0610,0.4272,-0.2441,1,466,868,0
64968929,9849,-0.0464,-0.0425,1.0225,-0.0610,0.6104,-0.3052,1,493,875,0
64973922,9850,-0.0479,-0.0430,1.0215,-0.0610,0.5493,-0.3052,1,466,860,0
64978922,9851,-0.0483,-0.0425,1.0200,0.0000,0.6714,-0.2441,1,494,789,0
64983930,9852,-0.0479,-0.0425,1.0195,-0.1831,0.6104,-0.4272,1,488,798,0
64988924,9853,-0.0474,-0.0439,1.0190,-0.0610,0.4272,-0.3052,1,492,844,0
64993924,9854,-0.0479,-0.0449,1.0186,0.0610,0.4272,-0.3052,1,509,842,0
64998927,9855,-0.0483,-0.0449,1.0195,-0.0610,0.2441,-0.3052,1,481,828,0
65003924,9856,-0.0483,-0.0430,1.0205,-0.1221,0.3052,-0.3052,1,506,782,0
65008924,9857,-0.0483,-0.0415,1.0220,0.0000,0.3662,-0.3052,1,494,873,0
65013922,9858,-0.0479,-0.0415,1.0229,0.0000,0.4883,-0.3052,1,480,797,0
65018923,9859,-0.0479,-0.0425,1.0225,0.0610,0.4883,-0.2441,1,467,823,0
65023922,9860,-0.0479,-0.0420,1.0205,0.0610,0.1831,-0.1831,1,473,868,0
65028923,9861,-0.0479,-0.0420,1.0195,0.0610,0.3052,-0.2441,1,479,854,0
65033930,9862,-0.0469,-0.0415,1.0200,0.0000,0.3052,-0.3662,1,478,851,0
65038923,9863,-0.0469,-0.0410,1.0210,0.1221,0.3662,-0.3052,1,483,805,0
65043927,9864,-0.0474,-0.0410,1.0220,0.0000,0.2441,-0.2441,1,466,864,0
65048926,9865,-0.0474,-0.0430,1.0225,0.0610,0.3052,-0.2441,1,466,830,0
65053928,9866,-0.0469,-0.0444,1.0225,0.1221,0.2441,-0.2441,1,466,869,0
65058942,9867,-0.0449,-0.0425,1.0220,0.1831,0.3052,-0.1831,1,466,873,0
65063930,9868,-0.0449,-0.0396,1.0215,0.0610,0.3662,-0.3052,1,466,873,0
65068926,9869,-0.0459,-0.0391,1.0210,-0.0610,0.3052,-0.3662,1,493,869,0
65073922,9870,-0.0474,-0.0415,1.0210,0.0610,0.2441,-0.2441,1,466,863,0
65078923,9871,-0.0474,-0.0439,1.0210,0.1831,0.3052,-0.1831,1,493,812,0
65083922,9872,-0.0464,-0.0439,1.0205,0.1831,0.3662,-0.2441,1,485,853,0
65088924,9873,-0.0464,-0.0430,1.0210,0.0000,0.3662,-0.1831,1,475,850,0
65093927,9874,-0.0464,-0.0430,1.0225,0.1221,0.1831,-0.3052,1,509,824,0
65098930,9875,-0.0469,-0.0435,1.0229,0.0610,0.3052,-0.3052,1,476,826,0
65103927,9876,-0.0469,-0.0435,1.0229,-0.0610,0.4272,-0.2441,1,498,776,0
65108926,9877,-0.0469,-0.0430,1.0220,0.0610,0.1831,-0.0610,1,487,871,0
65113930,9878,-0.0469,-0.0425,1.0205,0.0610,0.2441,-0.2441,1,501,828,0
65118931,9879,-0.0479,-0.0430,1.0200,0.0610,0.3052,-0.2441,1,475,869,0
65123922,9880,-0.0483,-0.0439,1.0186,0.1221,0.1831,-0.2441,1,465,865,0
65128927,9881,-0.0483,-0.0430,1.0181,0.1221,0.0610,-0.2441,1,479,859,0
65133930,9882,-0.0483,-0.0430,1.0190,0.1221,0.0610,-0.2441,1,478,851,0
65138923,9883,-0.0474,-0.0425,1.0215,0.1221,-0.0610,-0.3052,1,483,853,0
65143928,9884,-0.0474,-0.0420,1.0225,0.3052,-0.0610,-0.2441,1,466,863,0
65148928,9885,-0.0469,-0.0420,1.0225,0.1221,0.0610,-0.3052,1,466,868,0
65153922,9886,-0.0464,-0.0420,1.0220,0.0000,0.0610,-0.2441,1,466,862,0
65158952,9887,-0.0469,-0.0425,1.0210,0.0610,0.0000,-0.4272,1,466,825,0
65163929,9888,-0.0469,-0.0430,1.0205,0.0000,0.0610,-0.2441,1,466,821,0
65168927,9889,-0.0464,-0.0420,1.0205,0.0000,0.1221,-0.2441,1,466,824,0
65173930,9890,-0.0459,-0.0410,1.0200,0.0000,0.0000,-0.2441,1,472,749,0
65178922,9891,-0.0459,-0.0425,1.0181,-0.0610,0.0000,-0.2441,1,492,751,0
65183930,9892,-0.0469,-0.0449,1.0181,0.0610,0.1831,-0.1831,1,483,794,0
65188930,9893,-0.0479,-0.0444,1.0205,0.1831,-0.1221,-0.1831,1,487,841,0
65193926,9894,-0.0469,-0.0425,1.0229,0.1221,0.0000,-0.1221,1,497,846,0
65198925,9895,-0.0464,-0.0425,1.0239,0.0610,0.0610,-0.3052,1,489,789,0
65203930,9896,-0.0464,-0.0425,1.0229,0.0610,-0.1221,-0.2441,1,499,779,0
65208931,9897,-0.0454,-0.0425,1.0220,0.0610,0.0000,-0.2441,1,490,882,0
65213923,9898,-0.0459,-0.0420,1.0220,0.0610,0.0000,-0.1831,1,501,797,0
65218926,9899,-0.0464,-0.0430,1.0220,0.0610,0.1221,-0.3662,1,465,822,0
65223922,9900,-0.0474,-0.0435,1.0205,0.0000,-0.1221,-0.2441,1,466,866,0
65228929,9901,-0.0464,-0.0425,1.0195,-0.0610,-0.2441,-0.1831,1,475,807,0
65233926,9902,-0.0444,-0.0420,1.0205,0.0000,-0.1221,-0.1831,1,470,857,0
65238926,9903,-0.0449,-0.0410,1.0210,0.0000,0.0610,-0.3052,1,484,810,0
65243926,9904,-0.0483,-0.0425,1.0200,0.0610,-0.0610,-0.3052,1,466,821,0
65248926,9905,-0.0503,-0.0454,1.0200,0.0000,-0.3052,-0.3052,1,466,867,0
65253931,9906,-0.0479,-0.0459,1.0205,-0.0610,-0.3052,-0.2441,1,466,818,0
65258930,9907,-0.0439,-0.0435,1.0220,0.0000,-0.1831,-0.2441,1,466,868,0
65263923,9908,-0.0439,-0.0415,1.0229,0.0610,0.0000,-0.2441,1,466,831,0
65268924,9909,-0.0464,-0.0425,1.0215,-0.1831,0.0000,-0.3662,1,493,831,0
65273922,9910,-0.0479,-0.0439,1.0205,-0.0610,-0.2441,-0.1831,1,484,828,0
65278928,9911,-0.0464,-0.0444,1.0229,0.0000,-0.3052,-0.1831,1,494,876,0
65283923,9912,-0.0435,-0.0439,1.0249,-0.1221,0.1221,-0.1831,1,472,800,0
65288924,9913,-0.0449,-0.0444,1.0220,-0.1221,0.0610,-0.1831,1,489,844,0
65293929,9914,-0.0469,-0.0439,1.0200,-0.1221,0.0610,-0.3052,1,481,844,0
65298928,9915,-0.0474,-0.0425,1.0215,-0.1221,0.1831,-0.3052,1,482,822,0
65303923,9916,-0.0464,-0.0420,1.0220,-0.0610,0.1831,-0.2441,1,492,828,0
65308929,9917,-0.0459,-0.0435,1.0215,-0.0610,0.2441,-0.2441,1,475,884,0
65313928,9918,-0.0474,-0.0425,1.0205,0.0000,0.2441,-0.2441,1,504,834,0
65318930,9919,-0.0493,-0.0420,1.0200,0.0610,0.1831,-0.2441,1,482,818,0
65323925,9920,-0.0479,-0.0430,1.0220,0.0000,0.0610,-0.3052,1,465,874,0
65328924,9921,-0.0459,-0.0435,1.0234,0.0610,0.1221,-0.3052,1,477,801,0
65333922,9922,-0.0459,-0.0435,1.0229,-0.0610,0.2441,-0.3052,1,483,846,0
65338924,9923,-0.0469,-0.0439,1.0225,0.0000,0.2441,-0.3052,1,483,852,0
65343925,9924,-0.0464,-0.0420,1.0220,0.1221,0.1221,-0.2441,1,466,824,0
65348925,9925,-0.0454,-0.0405,1.0229,-0.0610,0.3052,-0.3052,1,466,868,0
65353927,9926,-0.0449,-0.0425,1.0239,-0.1221,0.3052,-0.3662,1,465,870,0
65358931,9927,-0.0454,-0.0444,1.0234,-0.0610,0.3052,-0.3662,1,466,873,0
65363930,9928,-0.0454,-0.0444,1.0239,-0.0610,0.5493,-0.3662,1,466,875,0
65368924,9929,-0.0444,-0.0439,1.0239,-0.0610,0.5493,-0.2441,1,465,881,0
65373929,9930,-0.0435,-0.0430,1.0229,0.0000,0.4272,-0.3052,1,466,882,0
65378924,9931,-0.0444,-0.0435,1.0210,0.0000,0.4883,-0.2441,1,478,749,0
65383927,9932,-0.0464,-0.0435,1.0205,-0.0610,0.5493,-0.3052,1,464,798,0
65388930,9933,-0.0469,-0.0420,1.0225,-0.0610,0.6104,-0.2441,1,481,840,0
65393925,9934,-0.0454,-0.0410,1.0234,-0.0610,0.5493,-0.3052,1,488,837,0
65398924,9935,-0.0444,-0.0420,1.0225,-0.1831,0.6714,-0.3662,1,506,845,0
65403922,9936,-0.0454,-0.0425,1.0225,-0.2441,0.6714,-0.3662,1,495,837,0
65408925,9937,-0.0474,-0.0425,1.0215,-0.1831,0.5493,-0.3052,1,477,846,0
65413926,9938,-0.0483,-0.0435,1.0215,-0.2441,0.5493,-0.3662,1,492,831,0
65418927,9939,-0.0479,-0.0435,1.0220,-0.1831,0.5493,-0.3662,1,469,867,0
65423922,9940,-0.0469,-0.0430,1.0220,-0.1221,0.4883,-0.3662,1,473,866,0
65428927,9941,-0.0454,-0.0425,1.0220,-0.2441,0.4272,-0.3662,1,482,867,0
65433928,9942,-0.0449,-0.0430,1.0225,-0.3052,0.3052,-0.3052,1,465,861,0
65438926,9943,-0.0454,-0.0439,1.0225,-0.2441,0.5493,-0.2441,1,482,844,0
65443922,9944,-0.0459,-0.0439,1.0210,-0.1831,0.6104,-0.4272,1,466,864,0
65448924,9945,-0.0449,-0.0435,1.0210,-0.1221,0.4883,-0.3662,1,466,872,0
65453926,9946,-0.0449,-0.0444,1.0225,-0.1221,0.4883,-0.2441,1,466,869,0
65458924,9947,-0.0454,-0.0444,1.0220,-0.1221,0.4272,-0.2441,1,466,875,0
65463941,9948,-0.0459,-0.0435,1.0215,-0.1221,0.4272,-0.3052,1,466,877,0
65468929,9949,-0.0469,-0.0425,1.0205,-0.1831,0.4272,-0.3052,1,466,866,0
65473925,9950,-0.0483,-0.0425,1.0205,-0.1221,0.4272,-0.3052,1,493,869,0
65478926,9951,-0.0469,-0.0425,1.0210,-0.0610,0.3052,-0.2441,1,466,870,0
65483927,9952,-0.0449,-0.0435,1.0215,-0.1831,0.4272,-0.3052,1,494,803,0
65488930,9953,-0.0449,-0.0439,1.0229,-0.1831,0.4272,-0.3662,1,473,855,0
65493929,9954,-0.0459,-0.0430,1.0229,-0.0610,0.4272,-0.3662,1,483,855,0
65498926,9955,-0.0469,-0.0430,1.0215,-0.1831,0.5493,-0.2441,1,476,846,0
65503925,9956,-0.0474,-0.0435,1.0200,-0.1221,0.4272,-0.2441,1,486,862,0
65508926,9957,-0.0474,-0.0435,1.0190,-0.0610,0.3662,-0.3052,1,510,830,0
65513924,9958,-0.0469,-0.0439,1.0195,-0.0610,0.3052,-0.3052,1,472,879,0
65518924,9959,-0.0474,-0.0449,1.0215,0.0000,0.3662,-0.3052,1,493,826,0
65523926,9960,-0.0479,-0.0444,1.0229,0.0000,0.3662,-0.3052,1,470,778,0
65528922,9961,-0.0483,-0.0439,1.0220,-0.0610,0.3662,-0.2441,1,473,810,0
65533922,9962,-0.0483,-0.0439,1.0210,0.0000,0.3052,-0.3052,1,466,860,0
65538925,9963,-0.0474,-0.0439,1.0210,0.0610,0.1831,-0.2441,1,468,804,0
65543925,9964,-0.0464,-0.0435,1.0215,0.0610,0.2441,-0.1831,1,484,855,0
65548925,9965,-0.0469,-0.0430,1.0210,-0.0610,0.2441,-0.3052,1,466,872,0
65553923,9966,-0.0479,-0.0435,1.0190,0.0000,0.3662,-0.2441,1,466,865,0
65558922,9967,-0.0474,-0.0439,1.0190,0.0610,0.1831,-0.1831,1,466,829,0
65563930,9968,-0.0459,-0.0430,1.0210,0.0610,0.2441,-0.3052,1,466,876,0
65568926,9969,-0.0469,-0.0415,1.0220,-0.1221,0.4272,-0.3052,1,466,866,0
65573925,9970,-0.0479,-0.0430,1.0210,-0.0610,0.4883,-0.3662,1,492,867,0
65578928,9971,-0.0479,-0.0444,1.0210,0.0000,0.3662,-0.2441,1,493,869,0
65583928,9972,-0.0469,-0.0439,1.0210,0.0000,0.1831,-0.2441,1,491,754,0
65588922,9973,-0.0454,-0.0425,1.0210,-0.1221,0.3662,-0.3052,1,464,799,0
65593944,9974,-0.0454,-0.0435,1.0210,-0.1221,0.4272,-0.3052,1,480,839,0
65598929,9975,-0.0464,-0.0449,1.0205,-0.1221,0.2441,-0.1831,1,490,838,0
65603927,9976,-0.0469,-0.0439,1.0200,-0.1221,0.1831,-0.1221,1,474,861,0
65608928,9977,-0.0469,-0.0430,1.0190,-0.0610,0.2441,-0.1831,1,503,827,0
65613926,9978,-0.0469,-0.0420,1.0195,0.0000,0.3662,-0.1831,1,469,883,0
65618928,9979,-0.0464,-0.0430,1.0210,-0.1221,0.3052,-0.1831,1,496,797,0
65623925,9980,-0.0454,-0.0449,1.0229,-0.0610,0.1831,-0.3662,1,474,863,0
65628926,9981,-0.0459,-0.0449,1.0239,0.0000,0.2441,-0.3662,1,465,834,0
65633922,9982,-0.0469,-0.0444,1.0249,0.0000,0.2441,-0.3052,1,469,814,0
65638928,9983,-0.0459,-0.0439,1.0234,0.0000,0.1831,-0.3052,1,477,807,0
65643925,9984,-0.0469,-0.0449,1.0200,0.1831,0.3662,-0.3052,1,483,809,0
65648927,9985,-0.0493,-0.0459,1.0181,0.0610,0.1831,-0.3662,1,466,869,0
65653923,9986,-0.0479,-0.0449,1.0200,0.1221,0.1831,-0.3052,1,466,873,0
65658923,9987,-0.0454,-0.0435,1.0229,0.0000,0.3052,-0.2441,1,466,868,0
65663935,9988,-0.0444,-0.0430,1.0229,0.0000,0.3662,-0.3052,1,466,829,0
65668924,9989,-0.0454,-0.0439,1.0205,0.1221,0.3662,-0.3662,1,466,828,0
65673924,9990,-0.0469,-0.0439,1.0190,0.1831,0.3662,-0.3662,1,493,877,0
65678922,9991,-0.0464,-0.0444,1.0205,0.1221,0.3662,-0.3052,1,466,875,0
65683931,9992,-0.0449,-0.0444,1.0225,0.0000,0.4272,-0.2441,1,493,869,0
65688925,9993,-0.0454,-0.0435,1.0225,0.0000,0.4272,-0.2441,1,466,804,0
65693930,9994,-0.0469,-0.0430,1.0215,0.0000,0.3662,-0.2441,1,481,801,0
65698927,9995,-0.0483,-0.0435,1.0210,0.0000,0.3662,-0.3052,1,473,823,0
65703926,9996,-0.0493,-0.0439,1.0205,-0.0610,0.2441,-0.3662,1,484,784,0
65708930,9997,-0.0479,-0.0444,1.0200,0.0000,0.2441,-0.3662,1,499,840,0
65713930,9998,-0.0454,-0.0444,1.0205,0.0000,0.1831,-0.2441,1,472,790,0
65718930,9999,-0.0449,-0.0449,1.0229,-0.0610,0.3662,-0.1831,1,495,802,0
65723927,10000,-0.0449,-0.0449,1.0234,0.0000,0.3662,-0.3052,1,474,876,0
65728922,10001,-0.0464,-0.0439,1.0215,0.0000,0.3662,-0.3662,1,466,812,0
65733929,10002,-0.0479,-0.0430,1.0205,-0.0610,0.3052,-0.2441,1,477,813,0
65738929,10003,-0.0474,-0.0430,1.0205,-0.0610,0.3052,-0.3662,1,473,851,0
65743927,10004,-0.0464,-0.0425,1.0210,0.1221,0.1831,-0.2441,1,483,850,0
65748928,10005,-0.0459,-0.0420,1.0225,0.0610,0.2441,-0.1831,1,466,870,0
65753924,10006,-0.0474,-0.0415,1.0229,-0.0610,0.4883,-0.1831,1,466,873,0
65758922,10007,-0.0479,-0.0420,1.0220,0.0000,0.3662,-0.3052,1,466,877,0
65763927,10008,-0.0474,-0.0435,1.0205,0.0000,0.3052,-0.3052,1,466,823,0
65768926,10009,-0.0464,-0.0454,1.0200,0.0610,0.1831,-0.2441,1,466,819,0
65773925,10010,-0.0469,-0.0464,1.0220,0.0610,0.2441,-0.3052,1,493,877,0
65778924,10011,-0.0483,-0.0464,1.0220,0.1831,0.2441,-0.2441,1,477,865,0
65783926,10012,-0.0488,-0.0459,1.0215,0.0000,0.2441,-0.1221,1,494,879,0
65788931,10013,-0.0474,-0.0449,1.0215,0.1221,0.1831,-0.3052,1,473,798,0
65793928,10014,-0.0464,-0.0444,1.0215,0.1831,0.1221,-0.3052,1,481,840,0
65798925,10015,-0.0469,-0.0439,1.0210,0.1831,0.1221,-0.2441,1,499,841,0
65803928,10016,-0.0469,-0.0430,1.0225,0.1831,0.1221,-0.2441,1,474,832,0
65808930,10017,-0.0464,-0.0425,1.0244,0.2441,0.0610,-0.2441,1,506,783,0
65813929,10018,-0.0469,-0.0439,1.0234,0.2441,-0.1221,-0.1831,1,482,888,0
65818930,10019,-0.0474,-0.0454,1.0215,0.2441,0.0000,-0.2441,1,507,837,0
65823928,10020,-0.0459,-0.0449,1.0210,0.2441,0.0610,-0.1831,1,465,830,0
65828929,10021,-0.0444,-0.0439,1.0220,0.0610,0.0000,-0.1221,1,472,872,0
65833923,10022,-0.0449,-0.0430,1.0239,0.1221,0.0610,-0.0610,1,479,807,0
65838928,10023,-0.0459,-0.0420,1.0244,0.1831,0.1221,-0.1831,1,483,851,0
65843930,10024,-0.0464,-0.0430,1.0234,0.1221,0.1831,-0.1831,1,466,856,0
65848922,10025,-0.0464,-0.0435,1.0215,0.0610,0.1221,-0.2441,1,466,876,0
65853923,10026,-0.0459,-0.0425,1.0200,0.0610,0.1221,-0.1831,1,466,870,0
65858924,10027,-0.0469,-0.0430,1.0210,0.0610,0.2441,-0.2441,1,466,869,0
65863935,10028,-0.0479,-0.0444,1.0225,0.0610,0.1221,-0.2441,1,466,869,0
65868922,10029,-0.0469,-0.0449,1.0234,0.0610,0.0610,-0.3052,1,466,870,0
65873930,10030,-0.0464,-0.0454,1.0225,0.0610,0.1831,-0.3662,1,494,866,0
65878924,10031,-0.0474,-0.0464,1.0200,-0.0610,0.3052,-0.3662,1,487,875,0
65883925,10032,-0.0483,-0.0464,1.0195,0.1221,0.0610,-0.2441,1,494,787,0
65888931,10033,-0.0479,-0.0439,1.0200,0.1221,0.1831,-0.3662,1,486,854,0
65893929,10034,-0.0464,-0.0425,1.0215,0.1221,0.2441,-0.3662,1,492,844,0
65898924,10035,-0.0459,-0.0430,1.0234,0.2441,0.1831,-0.2441,1,504,844,0
65903924,10036,-0.0464,-0.0439,1.0239,0.1831,0.1221,-0.1831,1,476,840,0
65908925,10037,-0.0464,-0.0439,1.0234,0.0000,0.1831,-0.2441,1,489,846,0
65913923,10038,-0.0459,-0.0430,1.0220,0.0000,0.1831,-0.2441,1,486,794,0
65918928,10039,-0.0464,-0.0425,1.0210,0.1221,0.2441,-0.3052,1,467,790,0
65923922,10040,-0.0469,-0.0430,1.0205,0.0610,0.1221,-0.3052,1,470,855,0
65928927,10041,-0.0469,-0.0425,1.0205,0.0610,0.1831,-0.2441,1,479,844,0
65933929,10042,-0.0474,-0.0435,1.0215,0.1831,0.2441,-0.2441,1,483,853,0
65938923,10043,-0.0474,-0.0449,1.0220,0.2441,0.0610,-0.2441,1,479,858,0
65943929,10044,-0.0474,-0.0439,1.0220,0.1221,-0.0610,-0.3052,1,466,857,0
65948928,10045,-0.0464,-0.0430,1.0234,0.0610,0.0000,-0.2441,1,466,867,0
65953924,10046,-0.0449,-0.0420,1.0234,0.0610,0.1221,-0.2441,1,466,829,0
65958931,10047,-0.0444,-0.0420,1.0229,0.1221,0.0000,-0.3052,1,465,875,0
65963925,10048,-0.0444,-0.0430,1.0225,0.0610,0.1221,-0.2441,1,466,825,0
65968924,10049,-0.0454,-0.0439,1.0215,0.1831,0.1221,-0.2441,1,466,871,0
65973923,10050,-0.0454,-0.0439,1.0210,0.0000,0.0610,-0.2441,1,493,878,0
65978923,10051,-0.0454,-0.0435,1.0200,0.0000,0.1831,-0.3052,1,477,828,0
65983926,10052,-0.0459,-0.0444,1.0210,0.0000,0.2441,-0.1831,1,494,750,0
65988924,10053,-0.0454,-0.0439,1.0225,0.1831,0.1831,-0.1831,1,466,800,0
65993930,10054,-0.0464,-0.0430,1.0234,0.1221,0.3052,-0.2441,1,479,854,0
65998928,10055,-0.0469,-0.0444,1.0225,0.1831,0.3662,-0.2441,1,484,840,0
66003930,10056,-0.0464,-0.0444,1.0220,0.3052,0.2441,-0.1831,1,471,837,0
66008924,10057,-0.0464,-0.0439,1.0215,0.2441,0.1221,-0.3052,1,503,835,0
66013928,10058,-0.0464,-0.0430,1.0220,0.1831,0.1831,-0.2441,1,487,868,0
66018928,10059,-0.0464,-0.0420,1.0220,0.2441,0.2441,-0.1831,1,493,838,0
66023927,10060,-0.0459,-0.0425,1.0210,0.1831,0.3052,-0.1221,1,470,874,0
66028925,10061,-0.0464,-0.0435,1.0210,0.1221,0.3052,-0.2441,1,478,818,0
66033923,10062,-0.0474,-0.0435,1.0210,0.0000,0.2441,-0.3662,1,467,848,0
66038929,10063,-0.0483,-0.0439,1.0195,0.0000,0.3662,-0.2441,1,472,808,0
66043925,10064,-0.0483,-0.0439,1.0190,0.2441,0.1221,-0.2441,1,484,818,0
66048930,10065,-0.0469,-0.0439,1.0205,0.2441,0.1831,-0.2441,1,466,882,0
66053922,10066,-0.0454,-0.0439,1.0215,0.2441,0.0610,-0.3052,1,466,878,0
66058928,10067,-0.0454,-0.0430,1.0215,0.1831,0.1831,-0.4272,1,466,874,0
66063931,10068,-0.0459,-0.0415,1.0215,0.2441,0.1221,-0.3662,1,466,880,0
66068956,10069,-0.0454,-0.0420,1.0225,0.1221,0.1221,-0.3052,1,466,874,0
66073930,10070,-0.0449,-0.0425,1.0215,0.1831,0.1831,-0.3662,1,466,865,0
66078925,10071,-0.0449,-0.0425,1.0205,0.1221,0.1221,-0.3052,1,466,879,0
66083923,10072,-0.0459,-0.0425,1.0195,0.1221,0.1221,-0.3052,1,476,863,0
66088924,10073,-0.0464,-0.0430,1.0195,0.3052,0.1831,-0.2441,1,466,807,0
66093936,10074,-0.0469,-0.0425,1.0195,0.1221,0.1221,-0.2441,1,476,845,0
66098930,10075,-0.0474,-0.0430,1.0205,0.1831,0.0610,-0.3052,1,471,839,0
66103927,10076,-0.0479,-0.0439,1.0210,0.2441,0.0610,-0.3052,1,509,839,0
66108926,10077,-0.0469,-0.0439,1.0215,0.1831,0.0000,-0.4883,1,480,774,0
66113924,10078,-0.0454,-0.0435,1.0225,0.0610,0.0610,-0.3662,1,484,788,0
66118927,10079,-0.0449,-0.0444,1.0229,0.1221,-0.0610,-0.3662,1,487,832,0
66123922,10080,-0.0444,-0.0439,1.0220,0.1831,0.0610,-0.3662,1,493,836,0
66128929,10081,-0.0454,-0.0444,1.0200,0.1831,0.1221,-0.3052,1,477,867,0
66133926,10082,-0.0459,-0.0444,1.0190,0.1221,0.0610,-0.3662,1,474,870,0
66138926,10083,-0.0459,-0.0439,1.0200,0.1831,0.0000,-0.4272,1,482,854,0
66143927,10084,-0.0454,-0.0439,1.0215,0.3052,0.0610,-0.3662,1,482,812,0
66148922,10085,-0.0464,-0.0444,1.0210,0.3052,0.0000,-0.3052,1,465,856,0
66153926,10086,-0.0464,-0.0439,1.0200,0.3052,0.0000,-0.3052,1,466,818,0
66158923,10087,-0.0454,-0.0425,1.0190,0.3052,0.0000,-0.1831,1,466,820,0
66163925,10088,-0.0459,-0.0425,1.0195,0.2441,0.1221,-0.2441,1,466,829,0
66168923,10089,-0.0469,-0.0439,1.0205,0.3662,-0.1221,-0.1221,1,466,876,0
66173926,10090,-0.0464,-0.0435,1.0234,0.3052,0.0000,-0.3052,1,466,869,0
66178926,10091,-0.0474,-0.0425,1.0220,0.4272,0.0000,-0.3052,1,466,821,0
66183926,10092,-0.0474,-0.0415,1.0200,0.1831,-0.1831,-0.4883,1,493,822,0
66188930,10093,-0.0430,-0.0425,1.0229,0.1831,-0.1831,-0.3662,1,475,875,0
66193924,10094,-0.0405,-0.0425,1.0259,0.3052,-0.0610,-0.3052,1,494,811,0
66198935,10095,-0.0425,-0.0410,1.0259,0.1221,0.0610,-0.3052,1,473,835,0
66203927,10096,-0.0444,-0.0405,1.0234,-0.0610,0.1221,-0.3052,1,492,834,0
66208930,10097,-0.0454,-0.0425,1.0200,0.0610,0.0610,-0.4272,1,509,841,0
66213930,10098,-0.0454,-0.0444,1.0195,0.1221,0.1831,-0.3662,1,491,858,0
66218927,10099,-0.0459,-0.0439,1.0210,0.1221,0.1831,-0.4272,1,491,795,0
66223927,10100,-0.0469,-0.0430,1.0220,0.0610,0.0610,-0.3662,1,477,832,0
66228923,10101,-0.0464,-0.0435,1.0220,0.0610,0.1831,-0.3052,1,504,827,0
66233929,10102,-0.0449,-0.0435,1.0220,0.0610,0.1221,-0.1831,1,483,864,0
66238923,10103,-0.0449,-0.0420,1.0220,0.1831,0.1221,-0.3052,1,480,823,0
66243925,10104,-0.0454,-0.0415,1.0220,0.0610,0.1221,-0.3052,1,472,851,0
66248927,10105,-0.0459,-0.0430,1.0225,0.0610,0.2441,-0.1831,1,472,851,0
66253930,10106,-0.0459,-0.0449,1.0225,0.1221,0.1831,-0.3052,1,484,853,0
66258925,10107,-0.0454,-0.0439,1.0220,0.0610,0.2441,-0.2441,1,466,870,0
66263923,10108,-0.0464,-0.0415,1.0220,0.1221,0.2441,-0.1221,1,466,880,0
66268928,10109,-0.0459,-0.0410,1.0225,0.1221,0.1831,-0.2441,1,466,870,0
66273928,10110,-0.0449,-0.0430,1.0220,0.2441,0.2441,-0.2441,1,466,872,0
66278927,10111,-0.0449,-0.0430,1.0200,0.2441,0.1831,-0.2441,1,466,880,0
66283922,10112,-0.0454,-0.0430,1.0195,0.0610,0.1221,-0.2441,1,466,878,0
66288927,10113,-0.0459,-0.0435,1.0205,0.1831,0.2441,-0.2441,1,493,873,0
66293922,10114,-0.0459,-0.0435,1.0225,0.1221,0.1221,-0.2441,1,481,876,0
66298922,10115,-0.0449,-0.0439,1.0239,0.1831,0.0610,-0.2441,1,464,861,0
66303941,10116,-0.0444,-0.0439,1.0239,0.1221,0.1831,-0.2441,1,489,861,0
66308922,10117,-0.0439,-0.0425,1.0229,0.0610,0.2441,-0.1831,1,479,851,0
66313930,10118,-0.0449,-0.0420,1.0215,0.1221,0.1831,-0.3052,1,488,849,0
66318928,10119,-0.0454,-0.0425,1.0210,0.1221,0.2441,-0.3052,1,505,829,0
66323925,10120,-0.0449,-0.0425,1.0215,0.0000,0.3052,-0.3662,1,475,866,0
66328929,10121,-0.0444,-0.0420,1.0229,-0.0610,0.3052,-0.3052,1,506,786,0
66333925,10122,-0.0435,-0.0415,1.0239,0.0610,0.3052,-0.2441,1,465,865,0
66338924,10123,-0.0435,-0.0410,1.0229,0.0610,0.2441,-0.2441,1,472,872,0
66343924,10124,-0.0444,-0.0425,1.0220,-0.0610,0.3662,-0.2441,1,481,858,0
66348927,10125,-0.0444,-0.0435,1.0215,0.0000,0.4272,-0.2441,1,465,859,0
66353926,10126,-0.0435,-0.0435,1.0215,-0.0610,0.4272,-0.1831,1,484,812,0
66358931,10127,-0.0435,-0.0439,1.0225,-0.0610,0.5493,-0.2441,1,465,874,0
66363922,10128,-0.0444,-0.0435,1.0215,0.0000,0.4272,-0.2441,1,466,876,0
66368923,10129,-0.0454,-0.0425,1.0195,0.0610,0.3052,-0.2441,1,466,833,0
66373924,10130,-0.0459,-0.0410,1.0195,-0.0610,0.3052,-0.2441,1,466,874,0
66378923,10131,-0.0459,-0.0405,1.0210,-0.1221,0.2441,-0.1221,1,466,871,0
66383922,10132,-0.0449,-0.0420,1.0220,-0.1221,0.3052,-0.1831,1,492,868,0
66388922,10133,-0.0449,-0.0425,1.0225,-0.0610,0.3052,-0.2441,1,493,870,0
66393923,10134,-0.0464,-0.0435,1.0225,0.0000,0.2441,-0.1831,1,491,869,0
66398926,10135,-0.0479,-0.0459,1.0215,0.0610,0.2441,-0.2441,1,464,799,0
66403929,10136,-0.0479,-0.0454,1.0215,0.0610,0.1831,-0.2441,1,491,844,0
66408927,10137,-0.0464,-0.0430,1.0220,-0.0610,0.1831,-0.2441,1,485,848,0
66413923,10138,-0.0459,-0.0430,1.0225,-0.0610,0.2441,-0.2441,1,474,860,0
66418925,10139,-0.0454,-0.0439,1.0225,0.0610,0.3052,-0.2441,1,506,787,0
66423928,10140,-0.0444,-0.0430,1.0234,-0.1831,0.2441,-0.1831,1,494,872,0
66428931,10141,-0.0444,-0.0420,1.0234,-0.0610,0.3052,-0.2441,1,502,842,0
