t_us, seq, ax, ay, az, gx, gy, gz, valid, t_imu_us, t_serial_us, missed
1191408922,234418,-0.0337,-0.0308,1.0225,0.2441,1.2207,-0.3662,1,490,844,719
1191413923,234419,-0.0347,-0.0293,1.0215,0.1831,1.0376,-0.3052,1,480,852,719
1191418927,234420,-0.0337,-0.0283,1.0220,0.0610,1.0376,-0.2441,1,484,844,719
1191423926,234421,-0.0327,-0.0288,1.0229,0.0000,1.2207,-0.3662,1,475,850,719
1191428926,234422,-0.0332,-0.0303,1.0225,0.0000,1.0986,-0.1831,1,493,813,719
1191433930,234423,-0.0342,-0.0312,1.0210,0.0000,1.0986,-0.2441,1,466,805,719
1191438929,234424,-0.0356,-0.0322,1.0200,0.0000,0.9155,-0.2441,1,483,858,719
1191443931,234425,-0.0361,-0.0322,1.0190,0.1221,0.8545,-0.3662,1,465,828,719
1191448926,234426,-0.0342,-0.0322,1.0186,0.1831,0.8545,-0.3052,1,484,868,719
1191453923,234427,-0.0337,-0.0312,1.0190,0.1221,0.8545,-0.2441,1,466,873,719
1191458926,234428,-0.0352,-0.0298,1.0195,0.1831,0.7324,-0.4272,1,469,928,719
1191463931,234429,-0.0366,-0.0298,1.0195,0.2441,0.6714,-0.3052,1,465,872,719
1191468930,234430,-0.0366,-0.0312,1.0195,0.1221,0.5493,-0.3052,1,479,875,719
1191473930,234431,-0.0352,-0.0317,1.0186,0.1221,0.6714,-0.3052,1,477,903,719
1191478928,234432,-0.0347,-0.0308,1.0176,0.2441,0.6104,-0.2441,1,476,853,719
1191483924,234433,-0.0352,-0.0308,1.0171,0.1831,0.6104,-0.4272,1,475,858,719
1191488924,234434,-0.0347,-0.0317,1.0190,0.2441,0.4883,-0.4883,1,484,852,719
1191493930,234435,-0.0337,-0.0312,1.0215,0.3662,0.6714,-0.4272,1,466,860,719
1191498925,234436,-0.0327,-0.0298,1.0229,0.3662,0.6714,-0.4272,1,465,904,719
1191503922,234437,-0.0322,-0.0293,1.0239,0.2441,0.6104,-0.5493,1,465,883,719
1191508923,234438,-0.0327,-0.0278,1.0225,0.2441,0.4883,-0.4883,1,494,881,719
1191513923,234439,-0.0337,-0.0273,1.0215,0.2441,0.6104,-0.4883,1,465,779,719
1191518930,234440,-0.0352,-0.0278,1.0220,0.0610,0.6104,-0.4883,1,488,828,719
1191523928,234441,-0.0352,-0.0288,1.0225,0.0000,0.3052,-0.4272,1,475,844,719
1191528924,234442,-0.0322,-0.0298,1.0249,-0.0610,0.3052,-0.4272,1,478,822,719
1191533925,234443,-0.0293,-0.0298,1.0259,-0.0610,0.6714,-0.4883,1,482,871,719
1191538922,234444,-0.0312,-0.0298,1.0225,0.0000,0.8545,-0.4272,1,486,844,719
1191543930,234445,-0.0347,-0.0303,1.0195,0.1221,0.4883,-0.4883,1,489,828,719
1191548925,234446,-0.0347,-0.0298,1.0210,0.1221,0.6104,-0.3662,1,493,842,719
1191553924,234447,-0.0342,-0.0288,1.0229,0.0000,0.6714,-0.3052,1,493,843,719
1191558927,234448,-0.0347,-0.0303,1.0229,0.0610,0.6104,-0.4272,1,483,829,719
1191563927,234449,-0.0352,-0.0308,1.0220,0.1831,0.5493,-0.5493,1,465,873,719
1191568926,234450,-0.0356,-0.0308,1.0210,0.1221,0.3662,-0.4883,1,482,868,719
1191573924,234451,-0.0356,-0.0298,1.0215,0.2441,0.3052,-0.4883,1,466,873,719
1191578929,234452,-0.0347,-0.0283,1.0215,0.1831,0.1221,-0.3662,1,466,917,719
1191583929,234453,-0.0342,-0.0283,1.0210,0.0610,0.0610,-0.4883,1,478,869,719
1191588927,234454,-0.0352,-0.0293,1.0205,0.0610,0.1831,-0.4272,1,479,870,719
1191593924,234455,-0.0352,-0.0293,1.0215,0.1831,0.0610,-0.4272,1,482,877,719
1191598924,234456,-0.0332,-0.0278,1.0229,0.0610,0.0000,-0.3662,1,483,858,719
1191603924,234457,-0.0312,-0.0269,1.0234,0.0000,0.0610,-0.4883,1,480,820,719
1191608937,234458,-0.0312,-0.0269,1.0234,-0.1831,0.2441,-0.4883,1,483,837,719
1191613930,234459,-0.0327,-0.0273,1.0225,-0.2441,0.1831,-0.3662,1,483,890,719
1191618923,234460,-0.0347,-0.0283,1.0215,-0.3052,0.1831,-0.3662,1,492,886,719
1191623931,234461,-0.0352,-0.0298,1.0225,-0.1831,0.2441,-0.2441,1,466,878,719
1191628927,234462,-0.0342,-0.0303,1.0225,-0.0610,0.2441,-0.2441,1,483,881,719
1191633923,234463,-0.0337,-0.0298,1.0225,-0.2441,0.3052,-0.3052,1,464,810,719
1191638926,234464,-0.0347,-0.0308,1.0215,-0.2441,0.3662,-0.3052,1,478,843,719
1191643922,234465,-0.0347,-0.0308,1.0205,-0.1221,0.1831,-0.3662,1,478,846,719
1191648925,234466,-0.0347,-0.0293,1.0195,-0.1221,0.2441,-0.3052,1,488,847,719
1191653926,234467,-0.0347,-0.0288,1.0200,-0.0610,0.4272,-0.4272,1,478,867,719
1191658930,234468,-0.0342,-0.0293,1.0225,-0.1221,0.4272,-0.3052,1,478,850,719
1191663924,234469,-0.0337,-0.0298,1.0249,-0.1221,0.4883,-0.3052,1,478,843,719
1191668929,234470,-0.0332,-0.0303,1.0259,-0.1221,0.4272,-0.3662,1,492,844,719
1191673925,234471,-0.0327,-0.0288,1.0259,-0.1831,0.3662,-0.4272,1,466,849,719
1191678925,234472,-0.0322,-0.0283,1.0254,-0.3052,0.4272,-0.3052,1,483,886,719
1191683927,234473,-0.0327,-0.0303,1.0244,-0.3052,0.3662,-0.3052,1,465,866,719
1191688928,234474,-0.0327,-0.0312,1.0239,-0.2441,0.3052,-0.3052,1,484,865,719
1191693926,234475,-0.0322,-0.0308,1.0234,-0.2441,0.4272,-0.3662,1,465,893,719
1191698927,234476,-0.0332,-0.0317,1.0225,-0.3662,0.3662,-0.3052,1,474,924,719
1191703928,234477,-0.0342,-0.0322,1.0210,-0.3052,0.4272,-0.1831,1,472,872,719
1191708928,234478,-0.0356,-0.0312,1.0195,-0.3052,0.2441,-0.2441,1,471,867,719
1191713928,234479,-0.0366,-0.0317,1.0186,-0.3052,0.1831,-0.2441,1,471,898,719
1191718930,234480,-0.0356,-0.0332,1.0195,-0.2441,0.0000,-0.2441,1,468,864,719
1191723925,234481,-0.0337,-0.0327,1.0195,-0.1831,0.0000,-0.1831,1,466,823,719
1191728939,234482,-0.0332,-0.0308,1.0210,-0.1831,-0.0610,-0.2441,1,484,820,719
1191733927,234483,-0.0342,-0.0288,1.0215,-0.1831,-0.2441,-0.2441,1,466,877,719
1191738923,234484,-0.0352,-0.0283,1.0205,-0.2441,-0.2441,-0.3052,1,492,885,719
1191743928,234485,-0.0342,-0.0312,1.0205,-0.4272,-0.1831,-0.3052,1,481,879,719
1191748922,234486,-0.0347,-0.0322,1.0205,-0.2441,-0.2441,-0.3052,1,494,902,719
1191753928,234487,-0.0371,-0.0317,1.0200,-0.1831,-0.2441,-0.3052,1,492,777,719
1191758927,234488,-0.0386,-0.0303,1.0190,-0.1831,-0.4272,-0.3052,1,483,863,719
1191763922,234489,-0.0386,-0.0303,1.0200,-0.1831,-0.5493,-0.1831,1,488,848,719
1191768926,234490,-0.0361,-0.0312,1.0225,-0.3052,-0.6714,-0.1831,1,476,872,719
1191773923,234491,-0.0342,-0.0322,1.0225,-0.3662,-0.5493,-0.3052,1,475,874,719
1191778931,234492,-0.0332,-0.0308,1.0210,-0.2441,-0.6104,-0.1831,1,480,852,719
1191783929,234493,-0.0332,-0.0303,1.0205,-0.3052,-0.7324,-0.1831,1,493,848,719
1191788923,234494,-0.0337,-0.0312,1.0205,-0.3052,-0.7324,-0.1221,1,493,849,719
1191793929,234495,-0.0342,-0.0312,1.0220,-0.1831,-0.7935,-0.1831,1,484,898,719
1191798931,234496,-0.0342,-0.0308,1.0239,-0.1831,-0.9155,-0.3052,1,465,908,719
1191803927,234497,-0.0342,-0.0293,1.0239,-0.3662,-1.0986,-0.1221,1,484,867,719
1191808923,234498,-0.0327,-0.0288,1.0225,-0.3662,-0.9766,-0.0610,1,465,881,719
1191813930,234499,-0.0317,-0.0293,1.0229,-0.2441,-1.0986,-0.1831,1,471,920,719
1191818922,234500,-0.0317,-0.0303,1.0239,-0.4272,-0.9155,-0.2441,1,482,876,719
1191823923,234501,-0.0322,-0.0308,1.0244,-0.3662,-0.9155,-0.3052,1,470,883,719
1191828930,234502,-0.0317,-0.0308,1.0254,-0.3662,-0.9155,-0.3052,1,466,878,719
1191833928,234503,-0.0308,-0.0317,1.0254,-0.4272,-0.8545,-0.3052,1,477,859,719
1191838930,234504,-0.0303,-0.0312,1.0239,-0.3662,-0.9155,-0.1831,1,475,856,719
1191843936,234505,-0.0308,-0.0303,1.0234,-0.4883,-0.7935,-0.3052,1,484,891,719
1191848924,234506,-0.0312,-0.0312,1.0234,-0.4272,-0.7324,-0.1831,1,484,852,719
1191853924,234507,-0.0317,-0.0317,1.0234,-0.3052,-0.7324,-0.1221,1,493,936,719
1191858929,234508,-0.0332,-0.0322,1.0229,-0.2441,-0.7935,-0.3052,1,466,878,719
1191863922,234509,-0.0337,-0.0332,1.0225,-0.3052,-0.9155,-0.1831,1,484,883,719
1191868924,234510,-0.0327,-0.0327,1.0225,-0.2441,-0.7324,-0.1831,1,467,814,719
1191873925,234511,-0.0332,-0.0308,1.0220,-0.2441,-0.7324,-0.3052,1,478,869,719
1191878925,234512,-0.0347,-0.0298,1.0215,-0.2441,-0.9155,-0.2441,1,479,850,719
1191883923,234513,-0.0352,-0.0298,1.0220,-0.1831,-0.9766,-0.2441,1,485,854,719
1191888924,234514,-0.0347,-0.0298,1.0210,-0.2441,-1.0376,-0.1831,1,483,871,719
1191893927,234515,-0.0342,-0.0317,1.0195,-0.3052,-1.2817,-0.1831,1,486,851,719
1191898923,234516,-0.0342,-0.0327,1.0190,-0.2441,-1.4038,-0.2441,1,485,854,719
1191903939,234517,-0.0352,-0.0317,1.0205,-0.1221,-1.4038,-0.3052,1,493,857,719
1191908922,234518,-0.0332,-0.0327,1.0225,-0.2441,-1.6479,-0.2441,1,466,846,719
1191913926,234519,-0.0298,-0.0347,1.0234,-0.1831,-1.6479,-0.1221,1,483,888,719
1191918927,234520,-0.0288,-0.0347,1.0234,-0.1221,-1.4038,-0.1831,1,465,872,719
1191923925,234521,-0.0308,-0.0332,1.0220,-0.0610,-1.3428,-0.2441,1,484,872,719
1191928926,234522,-0.0332,-0.0327,1.0205,-0.0610,-1.5869,-0.2441,1,467,908,719
1191933928,234523,-0.0342,-0.0337,1.0200,0.0000,-1.6479,-0.2441,1,465,876,719
1191938927,234524,-0.0327,-0.0327,1.0215,0.0610,-1.7700,-0.1831,1,482,824,719
1191943930,234525,-0.0308,-0.0308,1.0234,0.0000,-1.7700,-0.3052,1,466,872,719
1191948924,234526,-0.0308,-0.0298,1.0225,0.0000,-1.7700,-0.3052,1,481,807,719
1191953924,234527,-0.0317,-0.0308,1.0195,-0.0610,-1.8311,-0.3052,1,465,807,719
1191958925,234528,-0.0322,-0.0317,1.0190,0.0000,-1.8311,-0.3662,1,481,854,719
1191963954,234529,-0.0303,-0.0337,1.0205,-0.1221,-1.8921,-0.3052,1,484,817,719
1191968929,234530,-0.0283,-0.0342,1.0234,0.0610,-1.8921,-0.3052,1,466,867,719
1191973923,234531,-0.0278,-0.0322,1.0259,0.0610,-1.8921,-0.4272,1,494,874,719
1191978928,234532,-0.0283,-0.0317,1.0254,0.0610,-1.8311,-0.2441,1,490,879,719
1191983930,234533,-0.0293,-0.0337,1.0234,0.0610,-1.8311,-0.2441,1,464,773,719
1191988928,234534,-0.0293,-0.0337,1.0229,0.2441,-1.8311,-0.2441,1,464,830,719
1191993928,234535,-0.0288,-0.0317,1.0244,0.3052,-1.6479,-0.3052,1,487,863,719
1191998929,234536,-0.0273,-0.0308,1.0254,0.3052,-1.5259,-0.3662,1,490,852,719
1192003931,234537,-0.0264,-0.0312,1.0249,0.3052,-1.5869,-0.1831,1,473,867,719
1192008922,234538,-0.0269,-0.0327,1.0229,0.3662,-1.5259,-0.1831,1,475,877,719
1192013926,234539,-0.0288,-0.0347,1.0220,0.4883,-1.5869,-0.1831,1,488,856,719
1192018925,234540,-0.0298,-0.0332,1.0220,0.6104,-1.5259,-0.2441,1,475,854,719
1192023929,234541,-0.0278,-0.0303,1.0244,0.4272,-1.4038,-0.1831,1,492,850,719
1192028925,234542,-0.0259,-0.0288,1.0269,0.4272,-1.3428,-0.1831,1,484,855,719
1192033930,234543,-0.0259,-0.0293,1.0273,0.3052,-1.2817,-0.3052,1,465,882,719
1192038924,234544,-0.0259,-0.0303,1.0264,0.3052,-1.0986,-0.2441,1,484,865,719
1192043924,234545,-0.0259,-0.0317,1.0239,0.3052,-1.1597,-0.1831,1,465,873,719
1192048925,234546,-0.0264,-0.0332,1.0215,0.3662,-0.9766,-0.1831,1,467,921,719
1192053922,234547,-0.0273,-0.0337,1.0195,0.4272,-1.0376,-0.2441,1,467,871,719
1192058923,234548,-0.0288,-0.0352,1.0195,0.3662,-1.0986,-0.1831,1,474,881,719
1192063929,234549,-0.0293,-0.0337,1.0215,0.4272,-0.9766,-0.2441,1,472,840,719
1192068924,234550,-0.0278,-0.0298,1.0225,0.4883,-1.0376,-0.1831,1,466,861,719
1192073922,234551,-0.0254,-0.0273,1.0239,0.4883,-0.9155,-0.1831,1,465,860,719
1192078942,234552,-0.0249,-0.0269,1.0244,0.4883,-0.9766,-0.0610,1,484,863,719
1192083930,234553,-0.0254,-0.0288,1.0239,0.3662,-0.8545,-0.1221,1,466,859,719
1192088924,234554,-0.0249,-0.0308,1.0239,0.3662,-0.7324,-0.0610,1,465,879,719
1192093930,234555,-0.0259,-0.0317,1.0239,0.3662,-0.8545,-0.0610,1,466,879,719
1192098922,234556,-0.0273,-0.0312,1.0234,0.3662,-0.7935,-0.0610,1,494,879,719
1192103929,234557,-0.0273,-0.0298,1.0229,0.3052,-0.5493,-0.1221,1,464,802,719
1192108922,234558,-0.0283,-0.0298,1.0225,0.3662,-0.4883,-0.1831,1,481,848,719
1192113922,234559,-0.0293,-0.0308,1.0225,0.3052,-0.7324,-0.1831,1,491,854,719
1192118931,234560,-0.0283,-0.0327,1.0220,0.3052,-0.9155,-0.1831,1,471,847,719
1192123923,234561,-0.0259,-0.0342,1.0215,0.4883,-0.8545,-0.0610,1,481,874,719
1192128925,234562,-0.0244,-0.0327,1.0220,0.5493,-0.7324,-0.0610,1,473,845,719
1192133925,234563,-0.0254,-0.0293,1.0229,0.3662,-0.6714,-0.0610,1,471,854,719
1192138945,234564,-0.0273,-0.0283,1.0234,0.4883,-0.6714,-0.0610,1,493,848,719
1192143928,234565,-0.0283,-0.0303,1.0220,0.4883,-0.6714,-0.0610,1,466,851,719
1192148925,234566,-0.0283,-0.0327,1.0210,0.4883,-0.7324,-0.0610,1,483,874,719
1192153924,234567,-0.0278,-0.0337,1.0215,0.6714,-0.8545,0.0610,1,479,868,719
1192158928,234568,-0.0269,-0.0332,1.0220,0.6104,-0.9155,0.0000,1,465,874,719
1192163923,234569,-0.0269,-0.0327,1.0220,0.6714,-1.0986,-0.1221,1,477,822,719
1192168924,234570,-0.0273,-0.0312,1.0225,0.6714,-1.0376,-0.1221,1,466,865,719
1192173930,234571,-0.0269,-0.0293,1.0229,0.5493,-1.0376,0.0000,1,465,897,719
1192178924,234572,-0.0273,-0.0293,1.0229,0.6104,-1.0986,-0.0610,1,480,816,719
1192183922,234573,-0.0278,-0.0293,1.0210,0.7324,-1.0986,-0.2441,1,470,858,719
1192188929,234574,-0.0269,-0.0283,1.0195,0.6714,-1.2207,-0.0610,1,470,864,719
1192193936,234575,-0.0259,-0.0278,1.0205,0.6104,-1.2207,-0.1831,1,483,861,719
1192198923,234576,-0.0254,-0.0288,1.0215,0.5493,-1.3428,-0.1831,1,466,879,719
1192203924,234577,-0.0244,-0.0293,1.0225,0.5493,-1.4038,-0.1221,1,493,882,719
1192208926,234578,-0.0254,-0.0288,1.0229,0.5493,-1.3428,-0.1831,1,468,877,719
1192213929,234579,-0.0254,-0.0278,1.0229,0.4883,-1.2207,-0.1831,1,494,886,719
1192218929,234580,-0.0244,-0.0264,1.0229,0.4883,-1.1597,0.1221,1,471,779,719
1192223930,234581,-0.0234,-0.0273,1.0225,0.3052,-1.0986,0.0000,1,491,857,719
1192228925,234582,-0.0239,-0.0283,1.0225,0.3662,-1.0376,0.0000,1,473,803,719
1192233924,234583,-0.0254,-0.0298,1.0225,0.3662,-1.0376,0.0610,1,485,806,719
1192238924,234584,-0.0269,-0.0303,1.0225,0.5493,-1.0986,0.1221,1,489,845,719
1192243929,234585,-0.0269,-0.0298,1.0225,0.3662,-1.2817,-0.0610,1,472,846,719
1192248929,234586,-0.0244,-0.0303,1.0210,0.3052,-1.1597,-0.0610,1,487,850,719
1192253923,234587,-0.0239,-0.0312,1.0195,0.4272,-1.1597,0.0000,1,492,841,719
1192258929,234588,-0.0249,-0.0298,1.0195,0.4883,-1.3428,0.0000,1,483,833,719
1192263924,234589,-0.0239,-0.0283,1.0210,0.6714,-1.2817,-0.0610,1,465,822,719
1192268925,234590,-0.0215,-0.0288,1.0234,0.6104,-1.2207,-0.0610,1,484,869,719
1192273924,234591,-0.0205,-0.0298,1.0244,0.5493,-1.0986,-0.0610,1,466,875,719
1192278927,234592,-0.0215,-0.0288,1.0254,0.6104,-1.1597,-0.1221,1,469,922,719
1192283927,234593,-0.0229,-0.0273,1.0249,0.7324,-1.1597,-0.1221,1,467,863,719
1192288927,234594,-0.0239,-0.0273,1.0239,0.5493,-0.9155,-0.1831,1,471,880,719
1192293927,234595,-0.0225,-0.0288,1.0234,0.6104,-1.0376,-0.1831,1,469,843,719
1192298922,234596,-0.0210,-0.0308,1.0239,0.6714,-0.7935,-0.1831,1,469,860,719
1192303931,234597,-0.0225,-0.0308,1.0239,0.8545,-0.7324,-0.1221,1,470,857,719
1192308945,234598,-0.0234,-0.0293,1.0249,0.6104,-0.7935,-0.2441,1,483,856,719
1192313930,234599,-0.0215,-0.0288,1.0254,0.6104,-0.6714,-0.3052,1,465,859,719
1192318922,234600,-0.0200,-0.0288,1.0234,0.6714,-0.6714,-0.3052,1,493,873,719
1192323923,234601,-0.0205,-0.0288,1.0220,0.6104,-0.5493,-0.3052,1,465,875,719
1192328925,234602,-0.0220,-0.0269,1.0210,0.5493,-0.6714,-0.2441,1,494,875,719
1192333926,234603,-0.0220,-0.0249,1.0205,0.4883,-0.7324,-0.3052,1,464,872,719
1192338925,234604,-0.0210,-0.0259,1.0215,0.4883,-0.6104,-0.2441,1,490,848,719
1192343923,234605,-0.0200,-0.0283,1.0225,0.3662,-0.5493,-0.3052,1,473,844,719
1192348925,234606,-0.0210,-0.0303,1.0225,0.3052,-0.3662,-0.2441,1,480,851,719
1192353924,234607,-0.0220,-0.0303,1.0215,0.3662,-0.4883,-0.0610,1,475,845,719
1192358923,234608,-0.0210,-0.0293,1.0210,0.3662,-0.4272,-0.1831,1,480,844,719
1192363925,234609,-0.0205,-0.0273,1.0229,0.3662,-0.4272,-0.2441,1,481,849,719
1192368929,234610,-0.0205,-0.0254,1.0259,0.3052,-0.4272,-0.1831,1,493,857,719
1192373930,234611,-0.0205,-0.0249,1.0273,0.1221,-0.2441,-0.1831,1,484,875,719
1192378929,234612,-0.0195,-0.0259,1.0264,0.0610,-0.1831,-0.2441,1,465,883,719
1192383922,234613,-0.0200,-0.0273,1.0244,0.0000,-0.1221,-0.3052,1,484,870,719
1192388922,234614,-0.0215,-0.0273,1.0229,0.0000,0.0000,-0.2441,1,466,817,719
1192393927,234615,-0.0215,-0.0273,1.0215,0.1831,-0.1221,-0.2441,1,474,779,719
1192398929,234616,-0.0205,-0.0278,1.0220,0.0000,-0.0610,-0.2441,1,467,868,719
1192403922,234617,-0.0200,-0.0278,1.0239,-0.0610,0.1221,-0.2441,1,466,832,719
1192408928,234618,-0.0200,-0.0269,1.0259,0.0000,0.1831,-0.3052,1,472,876,719
1192413924,234619,-0.0200,-0.0259,1.0259,-0.0610,0.3052,-0.1831,1,466,809,719
1192418926,234620,-0.0205,-0.0278,1.0254,-0.1221,0.4272,-0.2441,1,465,854,719
1192423922,234621,-0.0220,-0.0293,1.0229,-0.0610,0.6104,-0.4272,1,483,862,719
1192428927,234622,-0.0225,-0.0273,1.0210,-0.0610,0.3052,-0.4272,1,466,875,719
1192433923,234623,-0.0210,-0.0254,1.0215,-0.1221,0.3662,-0.3662,1,466,872,719
1192438924,234624,-0.0195,-0.0259,1.0229,-0.1831,0.4883,-0.3052,1,466,874,719
1192443928,234625,-0.0195,-0.0264,1.0239,-0.1831,0.6714,-0.3052,1,494,875,719
1192448924,234626,-0.0205,-0.0269,1.0234,-0.1831,0.5493,-0.3662,1,465,803,719
1192453923,234627,-0.0210,-0.0283,1.0234,-0.1831,0.6714,-0.3662,1,485,837,719
1192458928,234628,-0.0215,-0.0283,1.0229,-0.2441,0.7324,-0.4272,1,492,854,719
1192463924,234629,-0.0225,-0.0298,1.0220,-0.2441,0.6714,-0.4272,1,490,857,719
1192468930,234630,-0.0234,-0.0308,1.0220,-0.1831,0.6104,-0.3052,1,475,849,719
1192473925,234631,-0.0225,-0.0293,1.0225,-0.1221,0.5493,-0.3052,1,475,842,719
1192478926,234632,-0.0210,-0.0273,1.0249,-0.2441,0.6714,-0.3052,1,479,843,719
1192483928,234633,-0.0210,-0.0283,1.0259,-0.3052,0.8545,-0.3662,1,493,849,719
1192488930,234634,-0.0225,-0.0298,1.0254,-0.1831,0.8545,-0.4272,1,493,846,719
1192493923,234635,-0.0225,-0.0298,1.0244,-0.2441,1.0376,-0.4272,1,465,877,719
1192498925,234636,-0.0225,-0.0288,1.0229,-0.1831,0.8545,-0.3052,1,484,869,719
1192503927,234637,-0.0225,-0.0278,1.0215,-0.1221,0.8545,-0.2441,1,466,878,719
1192508930,234638,-0.0229,-0.0303,1.0205,-0.1831,0.7935,-0.3052,1,465,918,719
1192513924,234639,-0.0225,-0.0327,1.0220,-0.1221,0.9155,-0.2441,1,482,864,719
1192518929,234640,-0.0215,-0.0317,1.0234,-0.1221,0.9155,-0.2441,1,469,878,719
1192523930,234641,-0.0210,-0.0308,1.0234,-0.1831,0.9766,-0.3662,1,465,836,719
1192528927,234642,-0.0210,-0.0298,1.0229,-0.1221,0.9766,-0.2441,1,465,859,719
1192533925,234643,-0.0220,-0.0288,1.0229,-0.0610,1.0376,-0.3052,1,465,855,719
1192538935,234644,-0.0239,-0.0298,1.0220,0.0000,1.0376,-0.4272,1,484,856,719
1192543928,234645,-0.0244,-0.0308,1.0225,-0.1221,0.9766,-0.3052,1,466,832,719
1192548925,234646,-0.0234,-0.0312,1.0239,-0.0610,0.7935,-0.2441,1,492,871,719
1192553922,234647,-0.0215,-0.0312,1.0244,0.0610,1.0376,-0.3662,1,467,906,719
1192558929,234648,-0.0210,-0.0312,1.0239,0.0610,1.1597,-0.3662,1,490,901,719
1192563922,234649,-0.0220,-0.0312,1.0215,0.0000,1.0986,-0.3662,1,492,903,719
1192568929,234650,-0.0239,-0.0312,1.0200,0.0610,0.8545,-0.3662,1,476,831,719
1192573929,234651,-0.0254,-0.0308,1.0220,0.1221,0.7935,-0.3662,1,473,874,719
1192578922,234652,-0.0244,-0.0293,1.0239,0.2441,0.8545,-0.3052,1,478,843,719
1192583923,234653,-0.0229,-0.0298,1.0244,0.1831,0.9155,-0.3662,1,490,849,719
1192588923,234654,-0.0225,-0.0303,1.0239,0.1221,0.9766,-0.3662,1,483,857,719
1192593928,234655,-0.0229,-0.0298,1.0234,0.1831,0.9766,-0.2441,1,486,844,719
1192598926,234656,-0.0234,-0.0293,1.0225,0.1831,0.9766,-0.3052,1,493,853,719
1192603922,234657,-0.0229,-0.0298,1.0215,0.1221,0.9155,-0.2441,1,494,844,719
1192608925,234658,-0.0225,-0.0303,1.0210,0.2441,0.9155,-0.2441,1,465,877,719
1192613924,234659,-0.0225,-0.0288,1.0220,0.2441,0.8545,-0.2441,1,475,866,719
1192618926,234660,-0.0229,-0.0278,1.0234,0.1221,1.0376,-0.2441,1,465,872,719
1192623929,234661,-0.0234,-0.0283,1.0239,0.0610,1.0986,-0.2441,1,477,909,719
1192628924,234662,-0.0220,-0.0298,1.0239,-0.0610,1.1597,-0.2441,1,478,872,719
1192633925,234663,-0.0225,-0.0312,1.0229,0.0610,1.2207,-0.1831,1,482,877,719
1192638930,234664,-0.0254,-0.0317,1.0210,0.1221,1.2207,-0.1221,1,480,904,719
1192643931,234665,-0.0264,-0.0303,1.0205,0.1831,0.9766,-0.2441,1,479,853,719
1192648928,234666,-0.0254,-0.0288,1.0215,0.1221,0.9155,-0.3052,1,478,859,719
1192653926,234667,-0.0249,-0.0283,1.0229,0.1221,0.9155,-0.1831,1,484,854,719
1192658956,234668,-0.0239,-0.0278,1.0234,0.2441,0.9766,-0.1831,1,466,883,719
1192663924,234669,-0.0249,-0.0283,1.0225,0.1831,0.9766,-0.3052,1,466,885,719
1192668926,234670,-0.0254,-0.0288,1.0210,0.2441,0.8545,-0.1831,1,466,876,719
1192673928,234671,-0.0244,-0.0288,1.0215,0.2441,0.9155,-0.2441,1,492,878,719
1192678930,234672,-0.0234,-0.0293,1.0229,0.2441,0.7935,-0.3052,1,465,782,719
1192683929,234673,-0.0229,-0.0288,1.0239,0.2441,0.9155,-0.3662,1,478,828,719
1192688930,234674,-0.0229,-0.0269,1.0249,0.2441,1.0986,-0.3052,1,475,859,719
1192693929,234675,-0.0234,-0.0259,1.0244,0.3052,0.9155,-0.2441,1,478,852,719
1192698923,234676,-0.0254,-0.0254,1.0239,0.2441,0.8545,-0.2441,1,481,870,719
1192703923,234677,-0.0259,-0.0259,1.0234,0.1831,0.9155,-0.3052,1,491,852,719
1192708927,234678,-0.0254,-0.0278,1.0229,0.1221,0.7935,-0.3052,1,471,849,719
1192713928,234679,-0.0254,-0.0303,1.0239,0.1831,0.7935,-0.3662,1,493,844,719
1192718926,234680,-0.0264,-0.0298,1.0229,0.1831,0.8545,-0.3662,1,493,849,719
1192723929,234681,-0.0259,-0.0278,1.0215,0.1221,0.6714,-0.2441,1,466,879,719
1192728929,234682,-0.0254,-0.0278,1.0215,0.0000,0.6714,-0.1831,1,477,866,719
1192733931,234683,-0.0259,-0.0298,1.0215,0.1221,0.7324,-0.3052,1,484,860,719
1192738929,234684,-0.0269,-0.0308,1.0215,0.2441,0.6714,-0.4272,1,474,900,719
1192743930,234685,-0.0259,-0.0298,1.0220,0.1831,0.6104,-0.4883,1,475,865,719
1192748922,234686,-0.0239,-0.0278,1.0225,0.1221,0.6104,-0.4883,1,471,871,719
1192753928,234687,-0.0225,-0.0278,1.0229,0.1221,0.5493,-0.3662,1,477,872,719
1192758930,234688,-0.0234,-0.0273,1.0225,0.1221,0.5493,-0.3662,1,467,863,719
1192763927,234689,-0.0259,-0.0269,1.0205,0.0610,0.5493,-0.3662,1,465,860,719
1192768927,234690,-0.0269,-0.0273,1.0205,0.0610,0.4883,-0.3052,1,480,859,719
1192773945,234691,-0.0269,-0.0278,1.0229,0.1831,0.4272,-0.3052,1,483,854,719
1192778927,234692,-0.0269,-0.0288,1.0234,0.1221,0.5493,-0.3662,1,465,880,719
1192783927,234693,-0.0264,-0.0283,1.0229,0.1831,0.6104,-0.3052,1,493,882,719
1192788931,234694,-0.0259,-0.0283,1.0215,0.0610,0.4883,-0.3662,1,466,877,719
1192793923,234695,-0.0254,-0.0273,1.0205,0.1221,0.3052,-0.3662,1,490,876,719
1192798923,234696,-0.0244,-0.0269,1.0220,0.1221,0.2441,-0.3052,1,464,867,719
1192803922,234697,-0.0249,-0.0278,1.0244,0.1831,0.2441,-0.3052,1,484,845,719
1192808923,234698,-0.0259,-0.0288,1.0259,0.1221,0.2441,-0.3052,1,489,857,719
1192813922,234699,-0.0254,-0.0303,1.0254,0.1221,0.4272,-0.3662,1,492,845,719
1192818930,234700,-0.0249,-0.0308,1.0244,0.1831,0.4272,-0.4272,1,475,844,719
1192823930,234701,-0.0229,-0.0303,1.0244,0.1831,0.4272,-0.4883,1,483,856,719
1192828922,234702,-0.0220,-0.0298,1.0244,0.1221,0.4272,-0.4272,1,487,852,719
1192833925,234703,-0.0234,-0.0298,1.0249,0.1221,0.4883,-0.3052,1,493,849,719
1192838929,234704,-0.0259,-0.0288,1.0264,0.1221,0.4883,-0.4883,1,483,842,719
1192843924,234705,-0.0269,-0.0278,1.0254,0.1831,0.5493,-0.4883,1,466,871,719
1192848930,234706,-0.0269,-0.0278,1.0229,0.2441,0.6104,-0.4272,1,484,870,719
1192853930,234707,-0.0269,-0.0288,1.0205,0.1831,0.5493,-0.4272,1,465,872,719
1192858926,234708,-0.0269,-0.0303,1.0200,0.1831,0.4883,-0.3662,1,479,912,719
1192863928,234709,-0.0269,-0.0303,1.0215,0.1831,0.4883,-0.4272,1,481,864,719
1192868930,234710,-0.0264,-0.0283,1.0249,0.1831,0.4272,-0.4272,1,477,873,719
1192873925,234711,-0.0254,-0.0264,1.0254,0.1831,0.3662,-0.3662,1,474,875,719
1192878922,234712,-0.0254,-0.0254,1.0234,0.0610,0.3662,-0.3662,1,479,863,719
1192883925,234713,-0.0259,-0.0254,1.0229,0.0610,0.3662,-0.4272,1,479,861,719
1192888929,234714,-0.0254,-0.0249,1.0239,0.0000,0.4883,-0.3052,1,483,861,719
1192893937,234715,-0.0249,-0.0259,1.0239,0.0610,0.5493,-0.2441,1,484,811,719
1192898925,234716,-0.0254,-0.0269,1.0239,0.1221,0.6104,-0.3052,1,465,883,719
1192903931,234717,-0.0254,-0.0273,1.0234,-0.0610,0.6714,-0.2441,1,493,868,719
1192908926,234718,-0.0249,-0.0283,1.0215,-0.1221,0.4883,-0.3052,1,466,881,719
1192913928,234719,-0.0254,-0.0293,1.0205,-0.1221,0.3662,-0.3662,1,494,874,719
1192918922,234720,-0.0264,-0.0293,1.0215,-0.0610,0.3662,-0.3662,1,475,773,719
1192923925,234721,-0.0264,-0.0288,1.0229,0.0610,0.4272,-0.2441,1,477,860,719
1192928923,234722,-0.0259,-0.0273,1.0229,0.0610,0.4272,-0.2441,1,477,853,719
1192933928,234723,-0.0249,-0.0273,1.0225,0.0000,0.4883,-0.2441,1,484,854,719
1192938931,234724,-0.0239,-0.0278,1.0220,0.0000,0.4883,-0.3662,1,480,807,719
1192943928,234725,-0.0234,-0.0288,1.0225,0.0610,0.6104,-0.3052,1,478,806,719
1192948928,234726,-0.0244,-0.0273,1.0229,0.0610,0.5493,-0.3052,1,480,842,719
1192953928,234727,-0.0254,-0.0259,1.0239,0.0610,0.4883,-0.3662,1,491,851,719
1192958928,234728,-0.0259,-0.0273,1.0259,0.1221,0.6104,-0.1831,1,510,848,719
1192963927,234729,-0.0254,-0.0298,1.0269,0.0000,0.6104,-0.2441,1,466,872,719
1192968927,234730,-0.0239,-0.0293,1.0259,0.0610,0.6714,-0.3662,1,485,770,719
1192973927,234731,-0.0239,-0.0273,1.0244,0.0000,0.6104,-0.1221,1,465,827,719
1192978924,234732,-0.0244,-0.0278,1.0239,0.0000,0.7324,-0.1831,1,475,821,719
1192983926,234733,-0.0244,-0.0293,1.0225,0.0000,0.6714,-0.1831,1,473,830,719
1192988929,234734,-0.0239,-0.0293,1.0210,0.0000,0.6714,-0.1831,1,469,832,719
1192993930,234735,-0.0229,-0.0278,1.0215,-0.1221,0.6104,-0.1831,1,482,830,719
1192998926,234736,-0.0234,-0.0273,1.0220,-0.0610,0.6714,-0.1221,1,479,876,719
1193003930,234737,-0.0244,-0.0269,1.0220,-0.0610,0.6714,-0.0610,1,480,854,719
1193008927,234738,-0.0249,-0.0283,1.0225,-0.0610,0.7324,-0.1831,1,470,855,719
1193013937,234739,-0.0244,-0.0303,1.0229,-0.1221,0.8545,-0.1831,1,484,864,719
1193018951,234740,-0.0249,-0.0312,1.0229,-0.1221,0.7935,-0.0610,1,466,875,719
1193023928,234741,-0.0259,-0.0303,1.0234,-0.2441,0.8545,-0.1831,1,466,903,719
1193028927,234742,-0.0249,-0.0283,1.0234,-0.3662,0.7324,-0.1221,1,493,880,719
1193033922,234743,-0.0244,-0.0278,1.0225,-0.2441,0.7935,-0.1221,1,477,883,719
1193038926,234744,-0.0249,-0.0283,1.0215,-0.2441,0.7935,-0.1831,1,492,772,719
1193043928,234745,-0.0254,-0.0298,1.0215,-0.2441,0.9155,-0.0610,1,484,836,719
1193048926,234746,-0.0259,-0.0298,1.0215,-0.2441,0.8545,-0.1831,1,487,860,719
1193053928,234747,-0.0273,-0.0288,1.0215,-0.3662,0.8545,-0.1221,1,480,851,719
1193058925,234748,-0.0273,-0.0283,1.0210,-0.3662,0.7324,0.0000,1,481,850,719
1193063928,234749,-0.0264,-0.0283,1.0220,-0.1221,0.6714,-0.0610,1,488,809,719
1193068926,234750,-0.0269,-0.0283,1.0229,-0.3052,0.8545,-0.0610,1,488,844,719
1193073935,234751,-0.0269,-0.0283,1.0234,-0.2441,0.9766,-0.1221,1,488,846,719
1193078926,234752,-0.0269,-0.0293,1.0239,-0.2441,0.9766,-0.1831,1,493,850,719
1193083928,234753,-0.0264,-0.0293,1.0234,-0.2441,0.9766,-0.1831,1,511,852,719
1193088922,234754,-0.0269,-0.0293,1.0220,-0.3052,0.9155,-0.1221,1,466,868,719
1193093928,234755,-0.0293,-0.0293,1.0205,-0.3052,0.8545,-0.1221,1,484,815,719
1193098929,234756,-0.0308,-0.0303,1.0195,-0.2441,0.9155,-0.1831,1,465,897,719
1193103922,234757,-0.0303,-0.0308,1.0190,-0.1221,0.7324,-0.1221,1,479,921,719
1193108931,234758,-0.0288,-0.0303,1.0205,-0.1831,0.6104,-0.1831,1,466,866,719
1193113927,234759,-0.0273,-0.0308,1.0225,-0.1831,0.6714,-0.0610,1,479,868,719
1193118922,234760,-0.0264,-0.0308,1.0234,-0.1221,0.7324,-0.0610,1,481,875,719
1193123927,234761,-0.0273,-0.0298,1.0229,-0.1221,0.7935,0.0000,1,482,855,719
1193128925,234762,-0.0283,-0.0303,1.0220,-0.1831,0.7935,-0.0610,1,475,814,719
1193133928,234763,-0.0283,-0.0312,1.0210,-0.1221,0.7935,-0.0610,1,483,858,719
1193138928,234764,-0.0273,-0.0303,1.0210,-0.1221,0.6714,-0.1831,1,466,898,719
1193143929,234765,-0.0273,-0.0283,1.0220,-0.0610,0.7324,-0.1221,1,492,873,719
1193148922,234766,-0.0283,-0.0278,1.0215,-0.0610,0.7324,-0.1221,1,466,878,719
1193153923,234767,-0.0288,-0.0278,1.0210,-0.0610,0.7324,-0.0610,1,481,877,719
1193158923,234768,-0.0293,-0.0283,1.0210,-0.1831,0.7324,-0.1221,1,493,771,719
1193163929,234769,-0.0288,-0.0293,1.0220,-0.1221,0.8545,-0.0610,1,490,872,719
1193168931,234770,-0.0293,-0.0293,1.0220,-0.1831,0.7935,0.0000,1,488,846,719
1193173930,234771,-0.0298,-0.0283,1.0215,-0.1831,0.6714,-0.0610,1,491,824,719
1193178925,234772,-0.0283,-0.0273,1.0225,-0.1221,0.4883,-0.0610,1,478,849,719
1193183930,234773,-0.0273,-0.0269,1.0234,-0.2441,0.4883,-0.0610,1,490,848,719
1193188926,234774,-0.0269,-0.0288,1.0229,-0.2441,0.6104,-0.0610,1,477,852,719
1193193927,234775,-0.0259,-0.0308,1.0234,-0.3662,0.6104,-0.1221,1,492,851,719
1193198922,234776,-0.0264,-0.0303,1.0234,-0.3052,0.5493,-0.0610,1,510,843,719
1193203929,234777,-0.0273,-0.0293,1.0229,-0.1831,0.5493,-0.0610,1,466,862,719
1193208924,234778,-0.0278,-0.0293,1.0225,-0.2441,0.5493,-0.0610,1,484,872,719
1193213929,234779,-0.0278,-0.0288,1.0215,-0.1831,0.6104,-0.1831,1,465,880,719
1193218926,234780,-0.0288,-0.0278,1.0210,-0.2441,0.4883,-0.1831,1,474,923,719
1193223925,234781,-0.0293,-0.0312,1.0210,-0.2441,0.4883,-0.1831,1,475,873,719
1193228925,234782,-0.0278,-0.0332,1.0220,0.0000,0.4272,-0.1221,1,474,893,719
1193233923,234783,-0.0269,-0.0303,1.0234,-0.0610,0.4883,-0.1831,1,474,815,719
1193238926,234784,-0.0283,-0.0278,1.0225,-0.1831,0.5493,-0.0610,1,474,857,719
1193243929,234785,-0.0298,-0.0293,1.0205,-0.1831,0.4272,-0.1831,1,465,867,719
1193248931,234786,-0.0293,-0.0312,1.0200,-0.0610,0.2441,-0.1221,1,484,864,719
1193253939,234787,-0.0273,-0.0303,1.0220,0.0000,0.2441,-0.1831,1,466,899,719
1193258927,234788,-0.0273,-0.0293,1.0239,0.0610,0.3662,-0.1831,1,466,833,719
1193263927,234789,-0.0283,-0.0303,1.0234,0.1221,0.3052,-0.2441,1,492,882,719
1193268926,234790,-0.0269,-0.0303,1.0215,0.0610,0.3052,-0.3052,1,471,874,719
1193273925,234791,-0.0264,-0.0303,1.0215,0.0610,0.3662,-0.2441,1,493,762,719
1193278928,234792,-0.0269,-0.0317,1.0205,0.1221,0.3662,-0.1831,1,485,800,719
1193283927,234793,-0.0278,-0.0317,1.0195,0.1831,0.2441,-0.3052,1,485,861,719
1193288927,234794,-0.0283,-0.0303,1.0200,0.3052,0.3052,-0.3662,1,481,855,719
1193293931,234795,-0.0298,-0.0298,1.0200,0.0610,0.3052,-0.3662,1,485,841,719
1193298928,234796,-0.0317,-0.0303,1.0190,0.2441,0.0610,-0.2441,1,485,843,719
1193303930,234797,-0.0317,-0.0293,1.0200,0.3662,0.0000,-0.3662,1,491,850,719
1193308945,234798,-0.0298,-0.0298,1.0210,0.5493,0.1221,-0.3052,1,487,806,719
1193313931,234799,-0.0278,-0.0298,1.0229,0.3052,0.0000,-0.2441,1,493,842,719
1193318924,234800,-0.0264,-0.0283,1.0259,0.2441,-0.0610,-0.1831,1,511,803,719
1193323928,234801,-0.0264,-0.0269,1.0259,0.2441,0.1221,-0.3052,1,475,868,719
1193328928,234802,-0.0278,-0.0269,1.0239,0.2441,0.0610,-0.3052,1,484,862,719
1193333929,234803,-0.0283,-0.0283,1.0225,0.2441,0.1831,-0.3662,1,472,906,719
1193338926,234804,-0.0283,-0.0303,1.0220,0.2441,0.2441,-0.2441,1,470,877,719
1193343922,234805,-0.0288,-0.0317,1.0215,0.3662,0.2441,-0.3052,1,472,872,719
1193348928,234806,-0.0293,-0.0308,1.0220,0.3662,0.1831,-0.3052,1,481,879,719
1193353930,234807,-0.0278,-0.0293,1.0225,0.2441,0.1831,-0.3662,1,474,856,719
1193358931,234808,-0.0273,-0.0293,1.0225,0.2441,0.3662,-0.3662,1,472,867,719
1193363924,234809,-0.0283,-0.0293,1.0220,0.1831,0.2441,-0.3662,1,484,865,719
1193368935,234810,-0.0293,-0.0293,1.0220,0.1831,0.1831,-0.3662,1,466,865,719
1193373927,234811,-0.0293,-0.0293,1.0229,0.1831,0.3052,-0.3052,1,466,881,719
1193378926,234812,-0.0278,-0.0288,1.0229,0.2441,0.3052,-0.3662,1,492,874,719
1193383926,234813,-0.0264,-0.0283,1.0220,0.3052,0.3662,-0.3662,1,473,885,719
1193388926,234814,-0.0264,-0.0278,1.0225,0.2441,0.3662,-0.3662,1,490,878,719
1193393926,234815,-0.0278,-0.0283,1.0239,0.2441,0.3662,-0.4272,1,465,780,719
1193398930,234816,-0.0288,-0.0283,1.0239,0.2441,0.3662,-0.3052,1,475,870,719
1193403929,234817,-0.0288,-0.0278,1.0229,0.3052,0.3662,-0.4272,1,473,855,719
1193408930,234818,-0.0278,-0.0278,1.0220,0.2441,0.4272,-0.4272,1,478,855,719
1193413926,234819,-0.0269,-0.0283,1.0210,0.1831,0.3052,-0.3052,1,479,858,719
1193418926,234820,-0.0264,-0.0288,1.0215,0.1221,0.4272,-0.3052,1,481,843,719
1193423935,234821,-0.0259,-0.0288,1.0234,0.0000,0.2441,-0.3662,1,486,845,719
1193428926,234822,-0.0273,-0.0278,1.0229,0.1221,0.3052,-0.2441,1,493,810,719
1193433925,234823,-0.0288,-0.0278,1.0225,0.1221,0.3662,-0.3052,1,510,850,719
1193438929,234824,-0.0293,-0.0288,1.0225,0.0610,0.4272,-0.4272,1,466,863,719
1193443924,234825,-0.0283,-0.0288,1.0225,0.0000,0.3662,-0.3052,1,484,868,719
1193448924,234826,-0.0269,-0.0288,1.0239,-0.0610,0.4883,-0.3662,1,465,823,719
1193453929,234827,-0.0264,-0.0288,1.0259,0.0610,0.5493,-0.2441,1,481,921,719
1193458922,234828,-0.0269,-0.0283,1.0254,0.0000,0.6714,-0.3662,1,475,870,719
1193463926,234829,-0.0278,-0.0269,1.0239,-0.1831,0.5493,-0.3662,1,465,815,719
1193468922,234830,-0.0278,-0.0273,1.0225,-0.1831,0.6714,-0.3052,1,481,840,719
1193473925,234831,-0.0273,-0.0283,1.0225,-0.0610,0.5493,-0.2441,1,466,860,719
1193478928,234832,-0.0278,-0.0288,1.0220,-0.1221,0.6104,-0.4883,1,479,866,719
1193483928,234833,-0.0293,-0.0303,1.0215,-0.1831,0.5493,-0.4272,1,484,856,719
1193488951,234834,-0.0303,-0.0308,1.0210,-0.0610,0.3662,-0.2441,1,466,879,719
1193493922,234835,-0.0298,-0.0303,1.0215,-0.0610,0.3662,-0.3052,1,466,871,719
1193498927,234836,-0.0288,-0.0298,1.0225,-0.1221,0.4272,-0.4272,1,466,869,719
1193503923,234837,-0.0278,-0.0303,1.0225,0.0000,0.5493,-0.3662,1,487,878,719
1193508923,234838,-0.0278,-0.0303,1.0229,-0.1221,0.5493,-0.3052,1,464,806,719
1193513925,234839,-0.0288,-0.0303,1.0234,-0.0610,0.5493,-0.3052,1,478,819,719
1193518930,234840,-0.0283,-0.0293,1.0220,0.0000,0.5493,-0.3052,1,480,848,719
1193523931,234841,-0.0278,-0.0293,1.0210,-0.1221,0.5493,-0.3662,1,473,823,719
1193528930,234842,-0.0283,-0.0298,1.0215,-0.1831,0.4272,-0.2441,1,475,871,719
1193533930,234843,-0.0298,-0.0298,1.0210,0.0000,0.4883,-0.3052,1,481,855,719
1193538924,234844,-0.0308,-0.0303,1.0205,0.0000,0.4883,-0.3662,1,486,795,719
1193543922,234845,-0.0303,-0.0322,1.0210,0.0000,0.3052,-0.2441,1,493,798,719
1193548928,234846,-0.0288,-0.0317,1.0215,0.1221,0.2441,-0.1831,1,483,798,719
1193553926,234847,-0.0283,-0.0298,1.0215,-0.0610,0.2441,-0.1831,1,466,881,719
1193558922,234848,-0.0273,-0.0288,1.0215,0.0000,0.3052,-0.2441,1,485,869,719
1193563926,234849,-0.0273,-0.0283,1.0225,0.1221,0.3052,-0.1831,1,465,823,719
1193568927,234850,-0.0278,-0.0283,1.0215,0.0000,0.4272,-0.3052,1,474,916,719
1193573929,234851,-0.0273,-0.0298,1.0210,0.0000,0.4883,-0.3052,1,468,823,719
1193578927,234852,-0.0273,-0.0293,1.0220,0.0000,0.3052,-0.3662,1,467,824,719
1193583923,234853,-0.0278,-0.0298,1.0229,-0.0610,0.3662,-0.2441,1,469,812,719
1193588925,234854,-0.0278,-0.0308,1.0234,0.0000,0.4883,-0.2441,1,474,865,719
1193593927,234855,-0.0273,-0.0312,1.0225,-0.0610,0.4883,-0.4272,1,468,816,719
1193598928,234856,-0.0283,-0.0303,1.0210,0.0000,0.4272,-0.3662,1,483,886,719
1193603955,234857,-0.0298,-0.0308,1.0210,0.0000,0.4272,-0.1831,1,466,830,719
1193608923,234858,-0.0303,-0.0312,1.0215,0.0610,0.3662,-0.2441,1,466,830,719
1193613927,234859,-0.0303,-0.0303,1.0205,0.0000,0.2441,-0.1831,1,466,904,719
1193618929,234860,-0.0303,-0.0293,1.0200,-0.0610,0.3662,-0.3052,1,494,829,719
1193623931,234861,-0.0288,-0.0288,1.0215,-0.0610,0.3662,-0.1221,1,494,801,719
1193628923,234862,-0.0264,-0.0283,1.0225,0.1221,0.4883,-0.3052,1,473,872,719
1193633930,234863,-0.0264,-0.0293,1.0225,0.0610,0.3052,-0.3662,1,487,843,719
1193638922,234864,-0.0283,-0.0293,1.0220,0.0610,0.3662,-0.3662,1,487,843,719
1193643924,234865,-0.0293,-0.0288,1.0210,0.0610,0.3052,-0.2441,1,478,851,719
1193648926,234866,-0.0298,-0.0298,1.0205,0.0610,0.1831,-0.2441,1,483,845,719
1193653935,234867,-0.0288,-0.0298,1.0215,0.1831,0.3052,-0.3052,1,474,850,719
1193658926,234868,-0.0283,-0.0288,1.0220,0.1221,0.2441,-0.3052,1,488,846,719
1193663928,234869,-0.0293,-0.0283,1.0229,0.0610,0.3662,-0.3052,1,511,848,719
1193668928,234870,-0.0298,-0.0288,1.0239,0.0610,0.2441,-0.3662,1,465,866,719
1193673924,234871,-0.0303,-0.0298,1.0229,0.1831,0.1221,-0.2441,1,484,872,719
1193678927,234872,-0.0293,-0.0288,1.0215,0.1831,0.3052,-0.2441,1,466,876,719
1193683923,234873,-0.0283,-0.0288,1.0215,0.1831,0.2441,-0.3662,1,474,919,719
1193688926,234874,-0.0288,-0.0293,1.0225,0.1831,0.1221,-0.3052,1,475,876,719
1193693924,234875,-0.0298,-0.0293,1.0220,0.1221,0.0610,-0.3052,1,477,864,719
1193698924,234876,-0.0303,-0.0283,1.0220,0.1221,0.1221,-0.2441,1,480,868,719
1193703928,234877,-0.0298,-0.0273,1.0215,0.2441,0.1221,-0.3052,1,482,854,719
1193708926,234878,-0.0293,-0.0288,1.0220,0.1831,-0.0610,-0.3662,1,473,856,719
1193713926,234879,-0.0293,-0.0293,1.0225,0.2441,-0.0610,-0.3662,1,483,863,719
1193718942,234880,-0.0288,-0.0298,1.0220,0.1221,0.0610,-0.2441,1,466,878,719
1193723922,234881,-0.0283,-0.0303,1.0225,0.1221,0.0610,-0.3052,1,466,875,719
1193728926,234882,-0.0288,-0.0303,1.0225,0.1221,-0.0610,-0.3662,1,493,869,719
1193733922,234883,-0.0303,-0.0298,1.0220,0.1221,-0.1221,-0.3052,1,481,872,719
1193738929,234884,-0.0298,-0.0293,1.0220,0.1831,-0.0610,-0.3052,1,466,817,719
1193743927,234885,-0.0278,-0.0288,1.0225,0.1221,0.0610,-0.3052,1,491,855,719
1193748924,234886,-0.0278,-0.0293,1.0225,0.0000,0.0610,-0.3052,1,477,844,719
1193753924,234887,-0.0269,-0.0288,1.0225,0.1831,-0.0610,-0.2441,1,480,826,719
1193758926,234888,-0.0269,-0.0283,1.0225,0.0610,0.0000,-0.3052,1,489,873,719
1193763930,234889,-0.0288,-0.0293,1.0220,0.0610,0.0610,-0.3662,1,475,798,719
1193768945,234890,-0.0303,-0.0308,1.0215,0.2441,0.0000,-0.3052,1,473,848,719
1193773922,234891,-0.0293,-0.0312,1.0215,0.1831,-0.1221,-0.3052,1,493,796,719
1193778924,234892,-0.0278,-0.0293,1.0220,0.1831,-0.1831,-0.3052,1,465,898,719
1193783926,234893,-0.0264,-0.0278,1.0234,0.3052,0.0000,-0.3052,1,481,868,719
1193788924,234894,-0.0269,-0.0283,1.0234,0.3052,0.0000,-0.1831,1,466,881,719
1193793928,234895,-0.0278,-0.0288,1.0225,0.1221,0.0610,-0.3052,1,466,822,719
1193798923,234896,-0.0278,-0.0283,1.0225,0.2441,-0.0610,-0.3662,1,466,862,719
1193803925,234897,-0.0269,-0.0278,1.0234,0.2441,0.0000,-0.1831,1,471,882,719
1193808925,234898,-0.0269,-0.0273,1.0234,0.0610,0.2441,-0.2441,1,470,822,719
1193813923,234899,-0.0273,-0.0288,1.0220,0.0610,0.2441,-0.3052,1,472,864,719
1193818924,234900,-0.0269,-0.0298,1.0225,-0.0610,0.1831,-0.3662,1,471,860,719
1193823922,234901,-0.0269,-0.0283,1.0229,-0.0610,0.2441,-0.3662,1,483,860,719
1193828950,234902,-0.0273,-0.0278,1.0229,0.0000,0.2441,-0.3052,1,465,884,719
1193833925,234903,-0.0273,-0.0288,1.0225,-0.1831,0.3662,-0.3052,1,466,837,719
1193838924,234904,-0.0269,-0.0293,1.0215,-0.0610,0.4272,-0.3052,1,466,881,719
1193843924,234905,-0.0278,-0.0298,1.0200,-0.1221,0.3662,-0.3052,1,492,871,719
1193848926,234906,-0.0298,-0.0303,1.0195,-0.0610,0.3052,-0.3052,1,464,770,719
1193853924,234907,-0.0293,-0.0298,1.0210,0.0000,0.3052,-0.1831,1,473,849,719
1193858927,234908,-0.0273,-0.0298,1.0225,-0.0610,0.3052,-0.2441,1,480,799,719
1193863922,234909,-0.0283,-0.0312,1.0229,0.1221,0.3662,-0.2441,1,481,848,719
1193868925,234910,-0.0312,-0.0312,1.0220,0.1221,0.3052,-0.3052,1,489,880,719
1193873927,234911,-0.0308,-0.0303,1.0220,0.1221,0.0610,-0.3052,1,473,892,719
1193878942,234912,-0.0283,-0.0283,1.0229,0.0610,0.1221,-0.3052,1,474,836,719
1193883930,234913,-0.0273,-0.0288,1.0234,0.1221,0.3052,-0.2441,1,493,847,719
1193888929,234914,-0.0283,-0.0293,1.0225,0.0610,0.4272,-0.3052,1,510,851,719
1193893923,234915,-0.0298,-0.0303,1.0210,0.1831,0.3052,-0.3052,1,465,863,719
1193898924,234916,-0.0293,-0.0308,1.0205,0.1831,0.3052,-0.3052,1,484,810,719
1193903925,234917,-0.0278,-0.0293,1.0210,0.2441,0.2441,-0.1221,1,470,897,719
1193908925,234918,-0.0273,-0.0273,1.0229,0.1831,0.2441,-0.2441,1,472,868,719
1193913925,234919,-0.0269,-0.0269,1.0234,0.0610,0.2441,-0.3052,1,471,879,719
1193918922,234920,-0.0278,-0.0273,1.0220,0.1831,0.2441,-0.3662,1,468,873,719
1193923929,234921,-0.0293,-0.0298,1.0210,0.0000,0.2441,-0.3662,1,474,885,719
1193928926,234922,-0.0283,-0.0322,1.0205,0.1221,0.1221,-0.2441,1,467,815,719
1193933930,234923,-0.0259,-0.0308,1.0225,0.1221,0.3662,-0.3052,1,484,861,719
1193938935,234924,-0.0264,-0.0293,1.0220,0.0610,0.3662,-0.3052,1,466,850,719
1193943924,234925,-0.0269,-0.0288,1.0210,0.1831,0.3662,-0.3052,1,465,872,719
1193948926,234926,-0.0273,-0.0312,1.0210,0.2441,0.3052,-0.2441,1,493,876,719
1193953925,234927,-0.0273,-0.0322,1.0205,0.3052,0.2441,-0.3052,1,475,903,719
1193958926,234928,-0.0273,-0.0312,1.0215,0.3052,0.1831,-0.3052,1,494,875,719
1193963930,234929,-0.0283,-0.0293,1.0229,0.3662,0.2441,-0.2441,1,466,795,719
1193968923,234930,-0.0293,-0.0293,1.0249,0.3052,0.4272,-0.1831,1,478,868,719
1193973931,234931,-0.0288,-0.0293,1.0254,0.1831,0.4883,-0.1221,1,490,850,719
1193978930,234932,-0.0283,-0.0283,1.0239,0.3052,0.3052,-0.2441,1,490,848,719
1193983931,234933,-0.0278,-0.0283,1.0225,0.2441,0.3662,-0.3052,1,474,879,719
1193988931,234934,-0.0273,-0.0288,1.0229,0.3052,0.3662,-0.2441,1,491,853,719
1193993923,234935,-0.0264,-0.0288,1.0229,0.1831,0.4883,-0.1831,1,471,854,719
1193998929,234936,-0.0264,-0.0278,1.0220,0.1831,0.4272,-0.1831,1,510,855,719
1194003928,234937,-0.0283,-0.0273,1.0215,0.1831,0.3662,-0.2441,1,466,882,719
1194008931,234938,-0.0303,-0.0293,1.0225,0.1221,0.4883,-0.3662,1,482,874,719
1194013929,234939,-0.0303,-0.0308,1.0234,0.1221,0.3662,-0.3052,1,465,871,719
1194018923,234940,-0.0288,-0.0298,1.0249,0.1221,0.3662,-0.1831,1,482,897,719
1194023923,234941,-0.0278,-0.0283,1.0259,0.0000,0.4272,-0.1831,1,465,872,719
1194028924,234942,-0.0269,-0.0273,1.0249,0.0610,0.4272,-0.1831,1,465,793,719
1194033930,234943,-0.0269,-0.0264,1.0225,0.0000,0.4883,-0.1831,1,480,880,719
1194038928,234944,-0.0278,-0.0259,1.0229,0.0000,0.6104,-0.1221,1,475,812,719
1194043925,234945,-0.0278,-0.0264,1.0249,-0.1221,0.5493,-0.3052,1,477,811,719
1194048926,234946,-0.0269,-0.0273,1.0254,-0.1221,0.6104,-0.1221,1,483,860,719
1194053923,234947,-0.0269,-0.0283,1.0244,-0.0610,0.6104,-0.1831,1,466,869,719
1194058927,234948,-0.0273,-0.0288,1.0234,-0.1831,0.6104,-0.1831,1,466,877,719
1194063928,234949,-0.0273,-0.0288,1.0225,-0.1221,0.5493,-0.1221,1,492,884,719
1194068923,234950,-0.0283,-0.0293,1.0220,-0.0610,0.5493,-0.3052,1,466,876,719
1194073924,234951,-0.0288,-0.0288,1.0225,-0.1221,0.6104,-0.3052,1,493,875,719
1194078925,234952,-0.0278,-0.0283,1.0234,-0.1221,0.6104,-0.1831,1,473,853,719
1194083923,234953,-0.0288,-0.0283,1.0239,0.0000,0.6104,-0.1831,1,478,861,719
1194088923,234954,-0.0303,-0.0283,1.0239,0.0000,0.6714,-0.3662,1,477,807,719
1194093926,234955,-0.0303,-0.0273,1.0234,-0.1221,0.5493,-0.3052,1,485,807,719
1194098928,234956,-0.0283,-0.0283,1.0229,-0.1831,0.6104,-0.2441,1,487,846,719
1194103930,234957,-0.0278,-0.0288,1.0220,-0.0610,0.6104,-0.1831,1,491,858,719
1194108925,234958,-0.0283,-0.0283,1.0210,-0.1831,0.7324,-0.2441,1,487,851,719
1194113925,234959,-0.0283,-0.0283,1.0220,-0.1831,0.6104,-0.1831,1,510,856,719
1194118930,234960,-0.0278,-0.0293,1.0234,-0.1221,0.4883,-0.2441,1,465,880,719
1194123924,234961,-0.0278,-0.0283,1.0239,-0.1221,0.6104,-0.3052,1,484,867,719
1194128927,234962,-0.0288,-0.0278,1.0234,-0.1831,0.6714,-0.2441,1,465,903,719
1194133929,234963,-0.0298,-0.0288,1.0229,-0.3662,0.6714,-0.2441,1,478,914,719
1194138930,234964,-0.0283,-0.0293,1.0234,-0.2441,0.9155,-0.1831,1,474,874,719
1194143929,234965,-0.0264,-0.0264,1.0234,-0.3662,1.0376,-0.1221,1,472,885,719
1194148923,234966,-0.0269,-0.0259,1.0229,-0.6104,0.8545,-0.2441,1,470,876,719
1194153928,234967,-0.0273,-0.0288,1.0225,-0.3662,0.8545,-0.1831,1,477,859,719
1194158931,234968,-0.0283,-0.0298,1.0229,-0.3052,1.0376,-0.1831,1,466,866,719
1194163926,234969,-0.0283,-0.0293,1.0239,-0.4883,1.0986,-0.2441,1,483,862,719
1194168947,234970,-0.0293,-0.0308,1.0239,-0.4883,1.2207,-0.2441,1,466,884,719
1194173924,234971,-0.0303,-0.0298,1.0225,-0.3052,1.1597,-0.1831,1,466,880,719
1194178925,234972,-0.0303,-0.0283,1.0205,-0.4272,1.2207,-0.2441,1,493,873,719
1194183924,234973,-0.0298,-0.0293,1.0210,-0.5493,1.0376,-0.2441,1,483,882,719
1194188929,234974,-0.0303,-0.0312,1.0210,-0.3662,0.8545,-0.2441,1,494,876,719
1194193924,234975,-0.0312,-0.0303,1.0215,-0.4883,1.0376,-0.2441,1,466,798,719
1194198930,234976,-0.0322,-0.0288,1.0200,-0.4883,1.0986,-0.3052,1,475,882,719
1194203925,234977,-0.0327,-0.0312,1.0171,-0.4883,0.9766,-0.3052,1,492,850,719
1194208929,234978,-0.0317,-0.0327,1.0176,-0.3052,0.7935,-0.2441,1,482,868,719
1194213930,234979,-0.0308,-0.0308,1.0190,-0.1831,0.7324,-0.3052,1,485,878,719
1194218931,234980,-0.0298,-0.0288,1.0200,-0.2441,0.5493,-0.3052,1,481,844,719
1194223929,234981,-0.0293,-0.0288,1.0210,-0.2441,0.5493,-0.3052,1,483,849,719
1194228926,234982,-0.0293,-0.0273,1.0225,-0.3052,0.5493,-0.3052,1,511,848,719
1194233925,234983,-0.0303,-0.0278,1.0225,-0.3052,0.6714,-0.2441,1,465,862,719
1194238924,234984,-0.0303,-0.0312,1.0215,-0.3052,0.6104,-0.3052,1,484,864,719
1194243925,234985,-0.0293,-0.0312,1.0215,-0.3052,0.5493,-0.2441,1,466,888,719
1194248922,234986,-0.0288,-0.0303,1.0225,-0.4272,0.6714,-0.3662,1,465,944,719
1194253922,234987,-0.0288,-0.0308,1.0220,-0.3052,0.6104,-0.2441,1,467,877,719
1194258922,234988,-0.0293,-0.0308,1.0215,-0.1221,0.6104,-0.2441,1,469,870,719
1194263925,234989,-0.0288,-0.0293,1.0215,-0.1221,0.6104,-0.3662,1,469,853,719
1194268926,234990,-0.0288,-0.0278,1.0220,-0.2441,0.6714,-0.3052,1,467,856,719
1194273929,234991,-0.0293,-0.0293,1.0220,-0.3052,0.6714,-0.2441,1,480,861,719
1194278928,234992,-0.0293,-0.0308,1.0234,-0.3052,0.5493,-0.3052,1,484,856,719
1194283943,234993,-0.0293,-0.0303,1.0234,-0.2441,0.6104,-0.2441,1,466,873,719
1194288925,234994,-0.0298,-0.0293,1.0215,-0.3662,0.5493,-0.1221,1,465,878,719
1194293926,234995,-0.0312,-0.0298,1.0195,-0.3662,0.5493,-0.3662,1,493,877,719
1194298927,234996,-0.0312,-0.0312,1.0186,-0.3662,0.3662,-0.2441,1,473,910,719
1194303925,234997,-0.0303,-0.0317,1.0205,-0.4883,0.4883,-0.1221,1,494,933,719
1194308927,234998,-0.0288,-0.0303,1.0210,-0.4272,0.4272,-0.2441,1,482,853,719
1194313925,234999,-0.0288,-0.0303,1.0210,-0.3662,0.5493,-0.2441,1,485,861,719
1194318930,235000,-0.0298,-0.0312,1.0215,-0.3052,0.5493,-0.1831,1,491,853,719
1194323930,235001,-0.0308,-0.0322,1.0225,-0.2441,0.5493,-0.3052,1,483,875,719
1194328929,235002,-0.0312,-0.0312,1.0229,-0.2441,0.4883,-0.2441,1,485,849,719
1194333934,235003,-0.0312,-0.0293,1.0234,-0.4272,0.5493,-0.2441,1,490,933,719
1194338927,235004,-0.0308,-0.0293,1.0234,-0.3662,0.5493,-0.2441,1,487,882,719
1194343924,235005,-0.0317,-0.0303,1.0220,-0.3662,0.5493,-0.2441,1,511,853,719
1194348924,235006,-0.0327,-0.0317,1.0215,-0.3052,0.5493,-0.3662,1,465,870,719
1194353928,235007,-0.0327,-0.0327,1.0215,-0.4272,0.4272,-0.2441,1,484,869,719
1194358927,235008,-0.0308,-0.0322,1.0225,-0.3662,0.4272,-0.3052,1,465,885,719
1194363927,235009,-0.0298,-0.0312,1.0234,-0.3052,0.4883,-0.3052,1,483,931,719
1194368926,235010,-0.0298,-0.0317,1.0225,-0.4272,0.4883,-0.3052,1,480,887,719
1194373928,235011,-0.0312,-0.0327,1.0200,-0.3662,0.4272,-0.1221,1,480,867,719
1194378930,235012,-0.0327,-0.0327,1.0190,-0.3052,0.3052,-0.3662,1,479,903,719
1194383928,235013,-0.0322,-0.0327,1.0210,-0.1831,0.5493,-0.2441,1,477,860,719
1194388923,235014,-0.0317,-0.0342,1.0225,-0.1831,0.6104,-0.2441,1,475,868,719
1194393925,235015,-0.0317,-0.0342,1.0225,-0.1831,0.4883,-0.3052,1,483,863,719
1194398945,235016,-0.0308,-0.0317,1.0220,-0.1221,0.5493,-0.3662,1,466,876,719
1194403924,235017,-0.0308,-0.0312,1.0229,-0.0610,0.4883,-0.2441,1,466,877,719
1194408926,235018,-0.0312,-0.0317,1.0229,-0.1221,0.4883,-0.1831,1,493,902,719
1194413927,235019,-0.0317,-0.0322,1.0229,-0.0610,0.4883,-0.3052,1,473,906,719
1194418928,235020,-0.0317,-0.0322,1.0234,0.0000,0.5493,-0.3052,1,494,877,719
1194423927,235021,-0.0308,-0.0322,1.0225,-0.0610,0.6104,-0.2441,1,464,808,719
1194428923,235022,-0.0298,-0.0312,1.0215,0.0000,0.6104,-0.3662,1,479,846,719
1194433930,235023,-0.0288,-0.0293,1.0225,0.0610,0.4883,-0.3052,1,486,826,719
1194438929,235024,-0.0303,-0.0288,1.0234,0.0610,0.4883,-0.3662,1,485,844,719
1194443925,235025,-0.0317,-0.0308,1.0220,0.1831,0.5493,-0.1831,1,491,850,719
1194448925,235026,-0.0317,-0.0332,1.0205,0.1831,0.4272,-0.1831,1,478,854,719
1194453924,235027,-0.0317,-0.0337,1.0200,0.1831,0.4883,-0.1831,1,472,857,719
1194458930,235028,-0.0317,-0.0332,1.0190,0.2441,0.3662,-0.1831,1,510,851,719
1194463923,235029,-0.0317,-0.0327,1.0190,0.1831,0.3662,-0.3052,1,466,885,719
1194468922,235030,-0.0312,-0.0322,1.0200,0.3052,0.1221,-0.2441,1,484,869,719
1194473924,235031,-0.0312,-0.0332,1.0210,0.3662,0.1831,-0.3052,1,465,890,719
1194478930,235032,-0.0322,-0.0337,1.0200,0.3662,0.2441,-0.2441,1,472,931,719
1194483930,235033,-0.0327,-0.0327,1.0200,0.3662,0.1831,-0.2441,1,465,874,719
1194488923,235034,-0.0322,-0.0317,1.0215,0.2441,0.1221,-0.2441,1,483,875,719
1194493929,235035,-0.0317,-0.0312,1.0234,0.3052,0.1221,-0.2441,1,465,835,719
1194498926,235036,-0.0317,-0.0308,1.0234,0.3052,0.0610,-0.3052,1,481,857,719
1194503930,235037,-0.0312,-0.0303,1.0234,0.4272,0.1221,-0.2441,1,481,852,719
1194508923,235038,-0.0312,-0.0303,1.0234,0.4883,-0.0610,-0.2441,1,483,886,719
1194513932,235039,-0.0312,-0.0298,1.0234,0.1831,0.2441,-0.3052,1,466,902,719
1194518946,235040,-0.0312,-0.0293,1.0225,0.2441,0.1831,-0.1831,1,466,905,719
1194523927,235041,-0.0303,-0.0298,1.0225,0.4272,0.1221,-0.1831,1,466,908,719
1194528925,235042,-0.0293,-0.0308,1.0239,0.3662,0.0610,-0.2441,1,493,875,719
1194533925,235043,-0.0303,-0.0322,1.0239,0.3662,0.1221,-0.2441,1,480,878,719
1194538925,235044,-0.0308,-0.0317,1.0225,0.4272,0.1831,-0.2441,1,466,776,719
1194543929,235045,-0.0303,-0.0293,1.0220,0.3662,0.1221,-0.2441,1,491,833,719
1194548923,235046,-0.0308,-0.0283,1.0220,0.4883,0.0000,-0.1831,1,471,847,719
1194553927,235047,-0.0312,-0.0288,1.0225,0.3052,0.1221,-0.3052,1,477,824,719
1194558925,235048,-0.0312,-0.0298,1.0229,0.2441,0.1221,-0.2441,1,474,866,719
1194563926,235049,-0.0308,-0.0308,1.0220,0.3662,0.1221,-0.2441,1,483,877,719
1194568942,235050,-0.0308,-0.0312,1.0205,0.3662,0.1831,-0.3052,1,485,844,719
1194573922,235051,-0.0317,-0.0317,1.0200,0.4272,0.1221,-0.3662,1,489,873,719
1194578929,235052,-0.0322,-0.0317,1.0210,0.5493,0.1221,-0.3662,1,466,878,719
1194583930,235053,-0.0317,-0.0303,1.0215,0.5493,0.2441,-0.3052,1,471,868,719
1194588929,235054,-0.0308,-0.0293,1.0215,0.5493,0.1221,-0.3052,1,484,865,719
1194593929,235055,-0.0298,-0.0298,1.0225,0.4883,0.1831,-0.4272,1,467,897,719
1194598930,235056,-0.0303,-0.0303,1.0234,0.3662,0.1831,-0.3662,1,467,868,719
1194603922,235057,-0.0308,-0.0298,1.0234,0.3662,0.2441,-0.1831,1,482,869,719
1194608925,235058,-0.0308,-0.0288,1.0229,0.3662,0.1831,-0.2441,1,469,880,719
1194613924,235059,-0.0303,-0.0293,1.0225,0.3662,0.1831,-0.2441,1,467,884,719
1194618922,235060,-0.0293,-0.0298,1.0220,0.2441,0.2441,-0.2441,1,465,861,719
1194623929,235061,-0.0293,-0.0293,1.0220,0.1221,0.3052,-0.2441,1,484,864,719
1194628925,235062,-0.0312,-0.0288,1.0225,0.1831,0.0610,-0.3052,1,483,854,719
1194633948,235063,-0.0322,-0.0288,1.0220,0.2441,0.1831,-0.3662,1,466,902,719
1194638926,235064,-0.0327,-0.0298,1.0205,0.2441,0.2441,-0.2441,1,466,887,719
1194643931,235065,-0.0322,-0.0303,1.0210,0.3662,0.3052,-0.2441,1,493,886,719
1194648927,235066,-0.0312,-0.0298,1.0229,0.3052,0.3052,-0.3052,1,477,875,719
1194653925,235067,-0.0308,-0.0288,1.0244,0.3052,0.1831,-0.2441,1,493,894,719
1194658931,235068,-0.0303,-0.0283,1.0249,0.3052,0.1831,-0.3662,1,465,831,719
1194663931,235069,-0.0303,-0.0273,1.0249,0.1831,0.2441,-0.3052,1,479,862,719
1194668924,235070,-0.0298,-0.0283,1.0234,0.2441,0.2441,-0.3052,1,481,851,719
1194673925,235071,-0.0298,-0.0283,1.0234,0.3052,0.3662,-0.3052,1,473,875,719
1194678923,235072,-0.0298,-0.0283,1.0234,0.0610,0.3052,-0.3052,1,476,848,719
1194683931,235073,-0.0298,-0.0293,1.0239,0.3662,0.3052,-0.3052,1,479,845,719
1194688928,235074,-0.0298,-0.0293,1.0244,0.1831,0.5493,-0.2441,1,489,846,719
1194693931,235075,-0.0308,-0.0293,1.0244,0.0610,0.3662,-0.2441,1,510,855,719
1194698922,235076,-0.0317,-0.0293,1.0249,0.1221,0.3052,-0.2441,1,465,876,719
1194703930,235077,-0.0317,-0.0283,1.0244,-0.0610,0.4272,-0.2441,1,483,865,719
1194708926,235078,-0.0303,-0.0283,1.0234,-0.0610,0.3662,-0.3052,1,465,884,719
1194713929,235079,-0.0312,-0.0298,1.0234,0.0000,0.3052,-0.3662,1,470,930,719
1194718925,235080,-0.0322,-0.0308,1.0229,0.0000,0.3052,-0.2441,1,465,855,719
1194723927,235081,-0.0317,-0.0308,1.0225,-0.0610,0.2441,-0.2441,1,467,831,719
1194728925,235082,-0.0317,-0.0312,1.0220,0.0000,0.1831,-0.3662,1,465,832,719
1194733922,235083,-0.0312,-0.0317,1.0210,0.0000,0.2441,-0.3052,1,482,844,719
1194738922,235084,-0.0303,-0.0312,1.0200,0.0610,0.2441,-0.3662,1,482,838,719
1194743923,235085,-0.0298,-0.0298,1.0205,0.1831,0.3662,-0.3052,1,483,884,719
1194748927,235086,-0.0308,-0.0293,1.0215,0.0610,0.2441,-0.2441,1,466,876,719
1194753942,235087,-0.0312,-0.0283,1.0229,0.0000,0.3052,-0.3662,1,466,879,719
1194758926,235088,-0.0308,-0.0273,1.0225,0.0000,0.4272,-0.3662,1,466,859,719
1194763927,235089,-0.0298,-0.0283,1.0210,0.0610,0.3662,-0.3052,1,493,830,719
1194768926,235090,-0.0298,-0.0303,1.0215,0.1221,0.2441,-0.3052,1,471,874,719
1194773928,235091,-0.0317,-0.0332,1.0220,0.1831,0.3052,-0.3052,1,494,791,719
1194778923,235092,-0.0322,-0.0327,1.0220,0.2441,0.3052,-0.3052,1,479,857,719
1194783930,235093,-0.0312,-0.0293,1.0234,0.2441,0.4883,-0.3052,1,489,859,719
1194788924,235094,-0.0298,-0.0293,1.0229,0.1831,0.4272,-0.3662,1,478,874,719
1194793926,235095,-0.0293,-0.0312,1.0205,0.3052,0.4272,-0.3662,1,487,855,719
1194798924,235096,-0.0303,-0.0317,1.0200,0.3662,0.4272,-0.3052,1,486,895,719
1194803926,235097,-0.0317,-0.0317,1.0210,0.3052,0.5493,-0.3052,1,491,846,719
1194808927,235098,-0.0332,-0.0303,1.0215,0.2441,0.4272,-0.3662,1,486,845,719
1194813926,235099,-0.0327,-0.0278,1.0210,0.2441,0.2441,-0.1831,1,510,851,719
1194818925,235100,-0.0312,-0.0264,1.0210,0.1221,0.3662,-0.2441,1,465,883,719
1194823930,235101,-0.0308,-0.0283,1.0210,0.1831,0.3662,-0.2441,1,484,889,719
1194828924,235102,-0.0317,-0.0308,1.0195,0.1831,0.3662,-0.1221,1,465,878,719
1194833922,235103,-0.0332,-0.0303,1.0195,0.1831,0.2441,-0.2441,1,479,920,719
1194838925,235104,-0.0322,-0.0303,1.0210,0.1831,0.0610,-0.2441,1,478,874,719
1194843926,235105,-0.0298,-0.0293,1.0225,0.1221,0.0000,-0.2441,1,476,867,719
1194848927,235106,-0.0293,-0.0283,1.0239,0.1221,0.1831,-0.3052,1,472,811,719
1194853925,235107,-0.0293,-0.0278,1.0249,0.0000,0.1831,-0.2441,1,474,859,719
1194858925,235108,-0.0298,-0.0293,1.0239,0.0000,0.1831,-0.1831,1,470,822,719
1194863924,235109,-0.0312,-0.0303,1.0225,0.1221,0.1831,-0.1831,1,484,818,719
1194868926,235110,-0.0322,-0.0317,1.0225,0.1221,0.1221,-0.1831,1,466,900,719
1194873928,235111,-0.0317,-0.0312,1.0229,0.1221,0.2441,-0.2441,1,466,876,719
1194878926,235112,-0.0308,-0.0303,1.0239,0.1221,0.3662,-0.2441,1,492,910,719
1194883927,235113,-0.0308,-0.0298,1.0234,0.1831,0.1831,-0.1221,1,466,876,719
1194888922,235114,-0.0317,-0.0298,1.0220,0.1831,0.3052,-0.2441,1,475,877,719
1194893930,235115,-0.0322,-0.0298,1.0220,0.2441,0.2441,-0.2441,1,493,801,719
1194898928,235116,-0.0317,-0.0303,1.0210,0.2441,0.2441,-0.1221,1,482,836,719
1194903929,235117,-0.0312,-0.0308,1.0215,0.3052,0.1831,-0.0610,1,489,848,719
1194908930,235118,-0.0308,-0.0303,1.0234,0.3662,0.3052,-0.1831,1,491,869,719
1194913923,235119,-0.0308,-0.0288,1.0239,0.3052,0.3052,-0.1831,1,490,847,719
1194918925,235120,-0.0308,-0.0269,1.0225,0.3052,0.3052,-0.1831,1,473,845,719
1194923926,235121,-0.0303,-0.0259,1.0229,0.3052,0.2441,-0.1831,1,476,840,719
1194928927,235122,-0.0298,-0.0269,1.0239,0.3662,0.2441,-0.1221,1,480,847,719
1194933930,235123,-0.0298,-0.0293,1.0244,0.2441,0.4272,-0.3052,1,465,850,719
1194938930,235124,-0.0303,-0.0298,1.0244,0.2441,0.3052,-0.3662,1,473,868,719
1194943929,235125,-0.0312,-0.0278,1.0229,0.1831,0.3052,-0.1831,1,483,820,719
1194948923,235126,-0.0322,-0.0273,1.0215,0.3052,0.1831,-0.1221,1,475,857,719
1194953929,235127,-0.0322,-0.0278,1.0210,0.2441,0.3662,-0.1831,1,481,865,719
1194958930,235128,-0.0317,-0.0278,1.0229,0.2441,0.3662,-0.1831,1,472,875,719
1194963928,235129,-0.0317,-0.0273,1.0244,0.1221,0.1831,-0.3662,1,469,879,719
1194968926,235130,-0.0308,-0.0269,1.0239,0.1221,0.1221,-0.1831,1,468,881,719
1194973923,235131,-0.0308,-0.0264,1.0234,0.1831,0.1831,-0.1831,1,466,854,719
1194978925,235132,-0.0303,-0.0269,1.0234,0.1831,0.1831,-0.2441,1,478,864,719
1194983924,235133,-0.0298,-0.0283,1.0229,0.0610,0.1831,-0.1221,1,484,863,719
1194988928,235134,-0.0293,-0.0293,1.0229,0.0610,0.2441,-0.2441,1,466,879,719
1194993927,235135,-0.0298,-0.0293,1.0229,0.1221,0.3052,-0.2441,1,466,880,719
1194998926,235136,-0.0303,-0.0278,1.0220,0.1221,0.2441,-0.2441,1,466,874,719
1195003928,235137,-0.0317,-0.0278,1.0210,0.1221,0.1221,-0.3052,1,466,876,719
1195008925,235138,-0.0317,-0.0283,1.0210,0.1831,0.1831,-0.2441,1,492,869,719
1195013926,235139,-0.0312,-0.0273,1.0225,0.1831,0.3662,-0.1831,1,464,781,719
1195018929,235140,-0.0308,-0.0273,1.0229,0.1831,0.3052,-0.2441,1,480,835,719
1195023923,235141,-0.0308,-0.0288,1.0220,0.2441,0.3052,-0.2441,1,492,860,719
1195028931,235142,-0.0308,-0.0288,1.0215,0.1831,0.3662,-0.2441,1,477,849,719
1195033930,235143,-0.0312,-0.0283,1.0220,0.1221,0.3662,-0.2441,1,473,874,719
1195038931,235144,-0.0317,-0.0278,1.0225,0.1221,0.3662,-0.2441,1,477,877,719
1195043948,235145,-0.0312,-0.0283,1.0234,0.1221,0.3052,-0.3052,1,478,852,719
1195048929,235146,-0.0308,-0.0288,1.0239,0.0000,0.4272,-0.2441,1,483,869,719
1195053924,235147,-0.0303,-0.0288,1.0234,0.1221,0.2441,-0.1831,1,510,807,719
1195058924,235148,-0.0303,-0.0288,1.0229,0.0610,0.2441,-0.2441,1,470,868,719
1195063928,235149,-0.0317,-0.0288,1.0225,0.0000,0.3662,-0.3662,1,484,868,719
1195068925,235150,-0.0322,-0.0278,1.0229,0.0000,0.3052,-0.2441,1,465,828,719
1195073922,235151,-0.0312,-0.0273,1.0229,0.0000,0.2441,-0.2441,1,467,827,719
1195078923,235152,-0.0308,-0.0283,1.0220,0.1221,0.3662,-0.3052,1,468,863,719
1195083926,235153,-0.0327,-0.0293,1.0186,0.1831,0.3662,-0.3052,1,467,870,719
1195088931,235154,-0.0332,-0.0283,1.0176,0.0610,0.3052,-0.3052,1,465,860,719
1195093927,235155,-0.0303,-0.0259,1.0225,-0.0610,0.4272,-0.3052,1,482,855,719
1195098931,235156,-0.0288,-0.0264,1.0254,-0.1221,0.4883,-0.3052,1,478,853,719
1195103931,235157,-0.0303,-0.0273,1.0254,-0.1221,0.4272,-0.3052,1,484,854,719
1195108939,235158,-0.0317,-0.0273,1.0239,-0.1221,0.5493,-0.3052,1,466,872,719
1195113926,235159,-0.0327,-0.0283,1.0220,0.0000,0.5493,-0.1831,1,466,880,719
1195118928,235160,-0.0322,-0.0288,1.0225,-0.1221,0.5493,-0.3052,1,493,840,719
1195123923,235161,-0.0308,-0.0288,1.0239,-0.2441,0.4272,-0.3052,1,466,877,719
1195128927,235162,-0.0303,-0.0283,1.0234,-0.2441,0.4883,-0.2441,1,494,879,719
1195133929,235163,-0.0308,-0.0278,1.0220,-0.1831,0.5493,-0.2441,1,464,808,719
1195138922,235164,-0.0312,-0.0288,1.0205,-0.1221,0.5493,-0.2441,1,473,864,719
1195143922,235165,-0.0317,-0.0298,1.0200,-0.1831,0.6104,-0.4272,1,480,879,719
1195148922,235166,-0.0322,-0.0293,1.0215,-0.0610,0.4272,-0.3662,1,483,850,719
1195153930,235167,-0.0317,-0.0283,1.0234,-0.0610,0.5493,-0.3052,1,478,873,719
1195158930,235168,-0.0322,-0.0278,1.0229,-0.1221,0.4883,-0.3662,1,473,852,719
1195163922,235169,-0.0327,-0.0293,1.0215,-0.0610,0.4883,-0.2441,1,476,853,719
1195168924,235170,-0.0317,-0.0308,1.0210,-0.0610,0.4883,-0.3052,1,505,850,719
1195173923,235171,-0.0312,-0.0303,1.0220,-0.1221,0.5493,-0.3052,1,466,866,719
1195178930,235172,-0.0308,-0.0298,1.0225,0.0610,0.5493,-0.3052,1,482,896,719
1195183931,235173,-0.0308,-0.0298,1.0229,0.0000,0.4272,-0.3052,1,484,811,719
1195188927,235174,-0.0317,-0.0298,1.0225,-0.0610,0.4272,-0.2441,1,472,818,719
1195193929,235175,-0.0322,-0.0303,1.0220,0.0000,0.3052,-0.2441,1,475,870,719
1195198925,235176,-0.0322,-0.0308,1.0215,-0.1221,0.3052,-0.2441,1,472,828,719
1195203926,235177,-0.0322,-0.0308,1.0215,-0.0610,0.3052,-0.2441,1,479,872,719
1195208927,235178,-0.0327,-0.0298,1.0220,0.0000,0.4883,-0.2441,1,477,857,719
1195213925,235179,-0.0322,-0.0298,1.0220,0.0610,0.3052,-0.2441,1,477,816,719
1195218927,235180,-0.0322,-0.0303,1.0215,0.1221,0.3052,-0.3052,1,483,858,719
1195223927,235181,-0.0327,-0.0298,1.0215,0.0000,0.4272,-0.3052,1,466,866,719
1195228949,235182,-0.0317,-0.0298,1.0225,0.1221,0.3662,-0.2441,1,466,829,719
1195233928,235183,-0.0312,-0.0298,1.0225,0.0000,0.3052,-0.2441,1,466,878,719
1195238929,235184,-0.0312,-0.0293,1.0215,-0.0610,0.4272,-0.3052,1,493,855,719
1195243922,235185,-0.0312,-0.0298,1.0215,0.0000,0.5493,-0.1831,1,484,898,719
1195248924,235186,-0.0312,-0.0293,1.0225,0.0000,0.4883,-0.2441,1,464,785,719
1195253926,235187,-0.0308,-0.0278,1.0225,-0.0610,0.4883,-0.2441,1,469,839,719
1195258929,235188,-0.0317,-0.0283,1.0210,0.0610,0.4272,-0.2441,1,474,849,719
1195263928,235189,-0.0322,-0.0293,1.0195,0.0610,0.5493,-0.1221,1,478,852,719
1195268926,235190,-0.0327,-0.0293,1.0200,0.0610,0.4272,-0.1831,1,484,870,719
1195273927,235191,-0.0327,-0.0298,1.0220,0.0000,0.4272,-0.3662,1,473,851,719
1195278927,235192,-0.0312,-0.0308,1.0225,-0.0610,0.6104,-0.2441,1,471,807,719
1195283929,235193,-0.0308,-0.0303,1.0225,0.0610,0.4883,-0.1221,1,510,869,719
1195288923,235194,-0.0308,-0.0283,1.0225,0.1831,0.4272,-0.1831,1,493,826,719
1195293926,235195,-0.0322,-0.0283,1.0229,0.0000,0.4272,-0.2441,1,484,868,719
1195298927,235196,-0.0327,-0.0293,1.0229,0.1221,0.6104,-0.1221,1,465,868,719
1195303929,235197,-0.0327,-0.0293,1.0229,0.1221,0.5493,-0.1221,1,481,900,719
1195308927,235198,-0.0327,-0.0278,1.0229,0.1831,0.5493,-0.2441,1,477,868,719
1195313922,235199,-0.0332,-0.0278,1.0229,0.1221,0.4272,-0.2441,1,478,879,719
1195318926,235200,-0.0337,-0.0283,1.0220,0.1221,0.4272,-0.2441,1,480,883,719
1195323925,235201,-0.0327,-0.0298,1.0220,0.1221,0.5493,-0.2441,1,480,861,719
1195328930,235202,-0.0327,-0.0303,1.0225,0.1831,0.6104,-0.2441,1,481,862,719
1195333924,235203,-0.0332,-0.0293,1.0220,0.1221,0.4883,-0.3052,1,483,860,719
1195338923,235204,-0.0327,-0.0288,1.0220,0.0610,0.4272,-0.1831,1,466,853,719
1195343951,235205,-0.0327,-0.0293,1.0225,0.1221,0.4883,-0.1831,1,466,883,719
1195348923,235206,-0.0332,-0.0298,1.0229,0.1221,0.5493,-0.2441,1,466,876,719
1195353923,235207,-0.0332,-0.0293,1.0225,0.0610,0.1831,-0.1831,1,466,882,719
1195358930,235208,-0.0332,-0.0283,1.0215,0.0610,0.1831,-0.2441,1,466,879,719
1195363930,235209,-0.0322,-0.0283,1.0215,0.0610,0.3052,-0.2441,1,494,883,719
1195368930,235210,-0.0317,-0.0283,1.0215,0.0610,0.3052,-0.1831,1,466,812,719
1195373927,235211,-0.0312,-0.0293,1.0205,0.1221,0.3662,-0.2441,1,478,860,719
1195378926,235212,-0.0317,-0.0303,1.0200,0.1221,0.3052,-0.2441,1,482,884,719
1195383926,235213,-0.0317,-0.0288,1.0225,-0.1221,0.1831,-0.2441,1,488,842,719
1195388928,235214,-0.0317,-0.0283,1.0225,0.0000,0.1831,-0.3052,1,480,875,719
1195393925,235215,-0.0322,-0.0288,1.0220,0.1831,0.1831,-0.2441,1,482,804,719
1195398926,235216,-0.0327,-0.0298,1.0210,0.0610,0.1221,-0.2441,1,486,858,719
1195403927,235217,-0.0332,-0.0273,1.0210,0.1221,0.2441,-0.1831,1,505,845,719
1195408925,235218,-0.0332,-0.0278,1.0215,0.0610,0.2441,-0.1831,1,465,877,719
1195413922,235219,-0.0327,-0.0298,1.0210,0.0610,0.2441,-0.3052,1,484,872,719
1195418926,235220,-0.0312,-0.0288,1.0220,0.1221,0.1221,-0.3052,1,466,872,719
1195423929,235221,-0.0303,-0.0273,1.0239,0.0000,0.2441,-0.2441,1,480,894,719
1195428926,235222,-0.0312,-0.0288,1.0239,-0.0610,0.2441,-0.2441,1,474,826,719
1195433930,235223,-0.0317,-0.0303,1.0229,0.1221,0.1831,-0.2441,1,470,901,719
1195438929,235224,-0.0312,-0.0303,1.0225,0.0610,0.3052,-0.2441,1,482,879,719
1195443925,235225,-0.0317,-0.0293,1.0215,0.0610,0.4272,-0.2441,1,479,896,719
1195448925,235226,-0.0322,-0.0293,1.0210,0.0000,0.3052,-0.2441,1,480,861,719
1195453929,235227,-0.0327,-0.0298,1.0210,0.0610,0.1831,-0.1831,1,475,812,719
1195458926,235228,-0.0332,-0.0293,1.0215,0.1221,0.2441,-0.2441,1,484,861,719
1195463923,235229,-0.0337,-0.0288,1.0225,0.1221,0.1831,-0.1831,1,466,879,719
1195468922,235230,-0.0337,-0.0298,1.0215,0.0000,0.3052,-0.2441,1,465,879,719
1195473924,235231,-0.0327,-0.0303,1.0205,0.1221,0.2441,-0.2441,1,466,829,719
1195478928,235232,-0.0317,-0.0298,1.0195,0.1831,0.2441,-0.1221,1,466,879,719
1195483925,235233,-0.0312,-0.0283,1.0200,0.3052,0.3052,-0.1831,1,490,882,719
1195488923,235234,-0.0308,-0.0278,1.0225,0.1831,0.2441,-0.2441,1,493,899,719
1195493929,235235,-0.0308,-0.0298,1.0239,0.2441,0.2441,-0.1831,1,474,834,719
1195498929,235236,-0.0308,-0.0312,1.0234,0.3052,0.2441,-0.1831,1,474,855,719
1195503923,235237,-0.0308,-0.0308,1.0225,0.2441,0.1221,-0.1831,1,481,875,719
1195508922,235238,-0.0312,-0.0298,1.0239,0.1221,0.1831,-0.2441,1,490,871,719
1195513926,235239,-0.0312,-0.0283,1.0244,0.2441,0.1831,-0.1831,1,476,904,719
1195518923,235240,-0.0308,-0.0269,1.0239,0.1831,0.1831,-0.1831,1,489,885,719
1195523929,235241,-0.0312,-0.0259,1.0234,0.1221,0.1831,-0.1831,1,493,852,719
1195528930,235242,-0.0317,-0.0269,1.0225,0.1221,0.1221,-0.2441,1,493,876,719
1195533922,235243,-0.0317,-0.0283,1.0215,0.1221,0.2441,-0.2441,1,484,861,719
1195538923,235244,-0.0322,-0.0288,1.0210,0.0000,0.2441,-0.2441,1,465,882,719
1195543923,235245,-0.0322,-0.0273,1.0215,0.0610,0.2441,-0.3662,1,467,827,719
1195548925,235246,-0.0332,-0.0273,1.0220,0.0610,0.2441,-0.1831,1,466,871,719
1195553929,235247,-0.0332,-0.0283,1.0215,0.0610,0.3052,-0.0610,1,465,881,719
1195558923,235248,-0.0322,-0.0298,1.0220,0.0610,0.2441,-0.1831,1,479,873,719
1195563928,235249,-0.0308,-0.0308,1.0215,0.0610,0.1221,-0.3662,1,482,862,719
1195568930,235250,-0.0303,-0.0303,1.0215,0.0610,0.1831,-0.3052,1,474,851,719
1195573925,235251,-0.0317,-0.0288,1.0229,-0.0610,0.2441,-0.3052,1,484,850,719
1195578926,235252,-0.0327,-0.0278,1.0244,-0.0610,0.3052,-0.2441,1,466,863,719
1195583922,235253,-0.0332,-0.0283,1.0234,-0.0610,0.4272,-0.3052,1,466,881,719
1195588922,235254,-0.0327,-0.0288,1.0220,0.0000,0.4272,-0.3662,1,466,881,719
1195593924,235255,-0.0317,-0.0298,1.0220,0.0610,0.3052,-0.2441,1,492,839,719
1195598924,235256,-0.0322,-0.0288,1.0225,0.1221,0.3052,-0.2441,1,466,875,719
1195603925,235257,-0.0332,-0.0278,1.0229,0.0000,0.3052,-0.3052,1,494,875,719
1195608927,235258,-0.0342,-0.0288,1.0225,0.0000,0.4272,-0.1831,1,464,803,719
1195613922,235259,-0.0332,-0.0293,1.0225,-0.1221,0.4272,-0.0610,1,492,808,719
1195618925,235260,-0.0312,-0.0293,1.0244,0.0610,0.3662,-0.1221,1,490,847,719
1195623928,235261,-0.0308,-0.0293,1.0249,-0.1221,0.3662,-0.1831,1,473,873,719
1195628930,235262,-0.0308,-0.0293,1.0234,-0.1831,0.4272,-0.1831,1,476,849,719
1195633942,235263,-0.0317,-0.0298,1.0220,-0.2441,0.3662,-0.1831,1,482,854,719
1195638925,235264,-0.0322,-0.0293,1.0210,-0.1221,0.3662,-0.1831,1,471,855,719
1195643925,235265,-0.0322,-0.0283,1.0210,-0.1221,0.3662,-0.1831,1,511,848,719
1195648926,235266,-0.0322,-0.0278,1.0215,0.0000,0.5493,-0.1831,1,475,869,719
1195653924,235267,-0.0322,-0.0288,1.0215,-0.1221,0.4883,-0.2441,1,483,838,719
1195658922,235268,-0.0322,-0.0298,1.0225,-0.0610,0.4272,-0.2441,1,477,908,719
1195663931,235269,-0.0327,-0.0288,1.0244,-0.0610,0.4883,-0.1831,1,479,870,719
1195668925,235270,-0.0332,-0.0273,1.0249,-0.1831,0.4883,-0.1831,1,470,874,719
1195673926,235271,-0.0332,-0.0278,1.0249,-0.1831,0.5493,-0.2441,1,477,876,719
1195678929,235272,-0.0322,-0.0283,1.0249,-0.0610,0.4883,-0.2441,1,475,889,719
1195683925,235273,-0.0312,-0.0278,1.0244,-0.1221,0.4883,-0.1221,1,472,867,719
1195688928,235274,-0.0312,-0.0283,1.0234,-0.1831,0.5493,-0.1831,1,483,884,719
1195693931,235275,-0.0317,-0.0293,1.0229,-0.1221,0.6104,-0.2441,1,466,895,719
1195698940,235276,-0.0322,-0.0293,1.0220,-0.1831,0.4883,-0.2441,1,466,877,719
1195703928,235277,-0.0327,-0.0293,1.0215,-0.2441,0.6104,-0.1831,1,466,883,719
1195708923,235278,-0.0327,-0.0298,1.0225,-0.0610,0.7935,-0.1831,1,493,880,719
1195713923,235279,-0.0322,-0.0303,1.0234,-0.1221,0.7935,-0.2441,1,483,878,719
1195718924,235280,-0.0327,-0.0308,1.0229,-0.2441,0.6104,-0.3052,1,466,799,719
1195723926,235281,-0.0342,-0.0298,1.0210,-0.2441,0.7324,-0.2441,1,464,856,719
1195728930,235282,-0.0342,-0.0278,1.0200,-0.2441,0.4883,-0.3052,1,490,863,719
1195733923,235283,-0.0342,-0.0273,1.0205,-0.1831,0.6104,-0.2441,1,492,849,719
1195738926,235284,-0.0337,-0.0283,1.0215,-0.2441,0.5493,-0.2441,1,482,872,719
1195743927,235285,-0.0337,-0.0298,1.0215,-0.1831,0.6714,-0.1831,1,487,877,719
1195748923,235286,-0.0332,-0.0303,1.0215,-0.2441,0.6104,-0.2441,1,490,851,719
1195753929,235287,-0.0332,-0.0303,1.0220,-0.1831,0.4272,-0.1221,1,488,849,719
1195758928,235288,-0.0332,-0.0317,1.0200,-0.1831,0.4883,-0.1831,1,493,847,719
1195763930,235289,-0.0327,-0.0312,1.0190,-0.2441,0.5493,-0.2441,1,484,872,719
1195768925,235290,-0.0327,-0.0288,1.0205,-0.1831,0.5493,-0.1831,1,465,854,719
1195773930,235291,-0.0322,-0.0278,1.0225,-0.1221,0.4883,-0.3052,1,474,927,719
1195778929,235292,-0.0317,-0.0288,1.0234,-0.1221,0.6104,-0.3052,1,472,864,719
1195783924,235293,-0.0322,-0.0308,1.0234,0.0000,0.6714,-0.1831,1,475,865,719
1195788929,235294,-0.0322,-0.0303,1.0234,-0.1831,0.7324,-0.3052,1,481,816,719
1195793928,235295,-0.0327,-0.0298,1.0229,-0.1221,0.6104,-0.1831,1,477,861,719
1195798923,235296,-0.0332,-0.0303,1.0225,-0.1221,0.7324,-0.2441,1,474,860,719
1195803927,235297,-0.0332,-0.0308,1.0220,-0.1221,0.7935,-0.2441,1,484,859,719
1195808922,235298,-0.0342,-0.0293,1.0215,-0.0610,0.7324,-0.2441,1,466,876,719
1195813927,235299,-0.0347,-0.0283,1.0205,-0.0610,0.6714,-0.1831,1,466,879,719
1195818925,235300,-0.0337,-0.0283,1.0200,0.0000,0.6714,-0.2441,1,492,879,719
1195823926,235301,-0.0332,-0.0298,1.0205,0.0000,0.5493,-0.3052,1,493,831,719
1195828931,235302,-0.0337,-0.0308,1.0210,-0.0610,0.6714,-0.3052,1,475,757,719
1195833930,235303,-0.0332,-0.0308,1.0215,0.0000,0.6104,-0.3662,1,493,798,719
1195838928,235304,-0.0337,-0.0303,1.0229,-0.0610,0.4272,-0.3662,1,482,802,719
1195843926,235305,-0.0347,-0.0298,1.0244,-0.0610,0.3662,-0.1831,1,490,850,719
1195848927,235306,-0.0352,-0.0303,1.0239,-0.1221,0.4272,-0.2441,1,475,851,719
1195853930,235307,-0.0347,-0.0298,1.0225,-0.1221,0.4272,-0.3052,1,471,870,719
1195858933,235308,-0.0342,-0.0298,1.0215,-0.0610,0.3662,-0.3662,1,477,842,719
1195863928,235309,-0.0347,-0.0293,1.0210,-0.1221,0.4883,-0.3052,1,480,849,719
1195868924,235310,-0.0352,-0.0298,1.0210,-0.1831,0.4272,-0.3052,1,507,839,719
1195873929,235311,-0.0347,-0.0308,1.0210,-0.1221,0.4883,-0.3052,1,466,861,719
1195878929,235312,-0.0352,-0.0317,1.0205,-0.0610,0.4883,-0.2441,1,485,808,719
1195883928,235313,-0.0347,-0.0308,1.0210,-0.1221,0.3052,-0.2441,1,465,905,719
1195888928,235314,-0.0342,-0.0303,1.0215,-0.3052,0.3052,-0.3052,1,471,858,719
1195893925,235315,-0.0347,-0.0303,1.0220,-0.1221,0.4272,-0.3052,1,472,863,719
1195898928,235316,-0.0356,-0.0298,1.0229,0.0000,0.4272,-0.3662,1,477,867,719
1195903926,235317,-0.0356,-0.0303,1.0225,-0.0610,0.3052,-0.2441,1,474,819,719
1195908930,235318,-0.0366,-0.0312,1.0210,-0.0610,0.3052,-0.3052,1,476,855,719
1195913925,235319,-0.0366,-0.0322,1.0195,0.0000,0.0610,-0.3662,1,484,877,719
1195918926,235320,-0.0352,-0.0322,1.0190,0.1221,0.0610,-0.3662,1,466,837,719
1195923927,235321,-0.0342,-0.0312,1.0200,0.0610,0.1221,-0.3662,1,466,876,719
1195928924,235322,-0.0327,-0.0298,1.0225,0.1831,0.0000,-0.1831,1,466,898,719
1195933924,235323,-0.0332,-0.0293,1.0234,0.1831,0.0000,-0.2441,1,492,839,719
1195938926,235324,-0.0342,-0.0288,1.0229,0.1221,0.0610,-0.2441,1,466,735,719
1195943923,235325,-0.0342,-0.0288,1.0225,0.0610,0.0000,-0.2441,1,494,832,719
1195948931,235326,-0.0337,-0.0288,1.0215,0.1831,0.0610,-0.2441,1,478,813,719
1195953922,235327,-0.0327,-0.0293,1.0215,0.1221,-0.0610,-0.1221,1,486,805,719
1195958928,235328,-0.0327,-0.0288,1.0234,0.0610,0.0000,-0.1831,1,478,843,719
1195963930,235329,-0.0337,-0.0288,1.0239,0.1831,0.0610,-0.3052,1,478,810,719
1195968929,235330,-0.0342,-0.0303,1.0234,0.1221,0.0000,-0.3052,1,482,849,719
1195973922,235331,-0.0337,-0.0293,1.0234,0.1221,-0.0610,-0.1831,1,490,795,719
1195978923,235332,-0.0327,-0.0278,1.0229,0.0000,0.0000,-0.2441,1,499,848,719
1195983927,235333,-0.0322,-0.0283,1.0225,-0.0610,-0.0610,-0.4272,1,493,764,719
1195988927,235334,-0.0322,-0.0303,1.0220,0.1221,-0.1831,-0.1831,1,480,840,719
1195993924,235335,-0.0332,-0.0308,1.0215,0.0610,0.0610,-0.1831,1,465,876,719
1195998930,235336,-0.0356,-0.0308,1.0195,0.1221,-0.1221,-0.3052,1,483,903,719
1196003927,235337,-0.0356,-0.0322,1.0176,0.1831,-0.2441,-0.3052,1,477,859,719
1196008925,235338,-0.0352,-0.0317,1.0166,0.1831,-0.2441,-0.3662,1,479,871,719
1196013928,235339,-0.0352,-0.0303,1.0186,0.2441,-0.4883,-0.2441,1,478,877,719
1196018929,235340,-0.0332,-0.0288,1.0234,0.3052,-0.4883,-0.2441,1,476,858,719
1196023927,235341,-0.0308,-0.0293,1.0273,0.3052,-0.3052,-0.3052,1,472,865,719
1196028925,235342,-0.0312,-0.0303,1.0269,0.2441,-0.1221,-0.3052,1,484,849,719
1196033927,235343,-0.0332,-0.0308,1.0239,0.2441,-0.1831,-0.3662,1,466,878,719
1196038928,235344,-0.0347,-0.0317,1.0215,0.3052,-0.3052,-0.3052,1,466,886,719
1196043925,235345,-0.0347,-0.0317,1.0210,0.4272,-0.2441,-0.3052,1,466,869,719
1196048926,235346,-0.0317,-0.0308,1.0225,0.3662,-0.1221,-0.3052,1,492,877,719
1196053925,235347,-0.0303,-0.0288,1.0234,0.3662,-0.0610,-0.3052,1,493,872,719
1196058925,235348,-0.0308,-0.0273,1.0229,0.4272,-0.0610,-0.3052,1,475,875,719
1196063928,235349,-0.0332,-0.0283,1.0210,0.1831,-0.0610,-0.3662,1,493,805,719
1196068929,235350,-0.0361,-0.0312,1.0205,0.2441,-0.1221,-0.4883,1,483,833,719
1196073928,235351,-0.0352,-0.0312,1.0225,0.3662,-0.1221,-0.4883,1,486,885,719
1196078924,235352,-0.0312,-0.0288,1.0244,0.3662,0.0610,-0.3052,1,492,872,719
1196083931,235353,-0.0298,-0.0283,1.0254,0.2441,0.0610,-0.3662,1,478,876,719
1196088934,235354,-0.0317,-0.0283,1.0239,0.1831,0.0000,-0.3662,1,488,852,719
1196093923,235355,-0.0337,-0.0303,1.0220,0.1831,-0.0610,-0.4272,1,490,812,719
1196098930,235356,-0.0337,-0.0317,1.0220,0.2441,0.0000,-0.4883,1,500,848,719
1196103930,235357,-0.0312,-0.0303,1.0234,0.2441,0.1221,-0.3052,1,465,739,719
1196108930,235358,-0.0298,-0.0283,1.0244,0.1831,0.1221,-0.2441,1,484,887,719
1196113926,235359,-0.0308,-0.0278,1.0239,0.0000,0.1221,-0.2441,1,465,881,719
1196118922,235360,-0.0342,-0.0308,1.0225,0.0000,0.0610,-0.4883,1,481,821,719
1196123924,235361,-0.0337,-0.0308,1.0234,0.1221,0.1221,-0.5493,1,482,815,719
1196128929,235362,-0.0322,-0.0298,1.0239,0.0610,0.2441,-0.3662,1,479,862,719
1196133922,235363,-0.0312,-0.0293,1.0239,0.0610,0.2441,-0.3052,1,468,837,719
1196138922,235364,-0.0312,-0.0288,1.0234,0.0000,0.3662,-0.4272,1,477,884,719
1196143927,235365,-0.0322,-0.0283,1.0229,0.0000,0.2441,-0.4883,1,472,846,719
1196148927,235366,-0.0327,-0.0273,1.0229,0.0610,0.2441,-0.3052,1,483,821,719
1196153925,235367,-0.0317,-0.0283,1.0225,-0.0610,0.2441,-0.3052,1,466,881,719
1196158944,235368,-0.0317,-0.0293,1.0215,0.0000,0.3052,-0.2441,1,465,879,719
1196163923,235369,-0.0327,-0.0308,1.0215,-0.0610,0.2441,-0.3662,1,466,832,719
1196168925,235370,-0.0337,-0.0312,1.0210,0.1221,0.1221,-0.3662,1,493,879,719
1196173924,235371,-0.0342,-0.0303,1.0205,0.1221,0.1221,-0.3662,1,475,897,719
1196178929,235372,-0.0332,-0.0293,1.0210,-0.1221,0.1831,-0.3662,1,493,869,719
1196183927,235373,-0.0322,-0.0293,1.0215,-0.0610,0.1831,-0.3662,1,481,774,719
1196188925,235374,-0.0317,-0.0293,1.0215,-0.0610,0.2441,-0.3052,1,478,863,719
1196193929,235375,-0.0322,-0.0293,1.0210,-0.1221,0.3052,-0.3662,1,481,848,719
1196198930,235376,-0.0327,-0.0298,1.0215,-0.1221,0.2441,-0.3662,1,484,867,719
1196203928,235377,-0.0327,-0.0303,1.0205,-0.0610,0.1831,-0.2441,1,487,851,719
1196208926,235378,-0.0332,-0.0298,1.0215,-0.1221,0.1831,-0.2441,1,473,852,719
1196213927,235379,-0.0332,-0.0283,1.0229,-0.1831,0.3052,-0.3052,1,499,851,719
1196218925,235380,-0.0322,-0.0269,1.0225,-0.0610,0.2441,-0.3052,1,493,849,719
1196223929,235381,-0.0332,-0.0273,1.0215,-0.1221,0.2441,-0.3052,1,485,863,719
1196228929,235382,-0.0342,-0.0293,1.0210,-0.1221,0.3052,-0.3662,1,466,874,719
1196233925,235383,-0.0337,-0.0298,1.0215,-0.1221,0.1221,-0.3662,1,470,860,719
1196238930,235384,-0.0322,-0.0303,1.0229,0.0000,0.0610,-0.3052,1,474,863,719
1196243928,235385,-0.0317,-0.0303,1.0239,0.0610,0.1221,-0.1831,1,470,825,719
1196248926,235386,-0.0322,-0.0298,1.0239,0.0610,0.1221,-0.3052,1,474,874,719
1196253927,235387,-0.0332,-0.0303,1.0225,0.0000,0.1221,-0.3662,1,475,855,719
1196258924,235388,-0.0327,-0.0308,1.0210,-0.0610,0.0610,-0.2441,1,474,811,719
1196263926,235389,-0.0327,-0.0308,1.0215,-0.1221,0.2441,-0.2441,1,483,857,719
1196268925,235390,-0.0337,-0.0303,1.0210,0.0000,0.1831,-0.3052,1,466,879,719
1196273922,235391,-0.0342,-0.0298,1.0205,0.0610,0.1221,-0.2441,1,466,825,719
1196278925,235392,-0.0332,-0.0303,1.0215,0.0000,0.1221,-0.3052,1,466,873,719
1196283931,235393,-0.0322,-0.0312,1.0225,0.0610,0.0610,-0.3052,1,466,822,719
1196288931,235394,-0.0322,-0.0312,1.0225,0.1831,0.0000,-0.1221,1,466,896,719
1196293929,235395,-0.0327,-0.0308,1.0215,0.0610,0.1831,-0.2441,1,494,755,719
1196298929,235396,-0.0322,-0.0312,1.0215,0.0610,0.1831,-0.3052,1,479,872,719
1196303929,235397,-0.0317,-0.0308,1.0229,0.0610,0.1221,-0.3052,1,485,883,719
1196308931,235398,-0.0322,-0.0298,1.0239,0.0610,0.1831,-0.3052,1,490,843,719
1196313926,235399,-0.0327,-0.0298,1.0249,-0.1221,0.3052,-0.3662,1,471,850,719
1196318945,235400,-0.0337,-0.0288,1.0239,0.0000,0.2441,-0.1831,1,475,848,719
1196323923,235401,-0.0337,-0.0283,1.0220,0.0000,0.2441,-0.1831,1,485,810,719
1196328922,235402,-0.0332,-0.0278,1.0210,0.0610,0.2441,-0.2441,1,506,796,719
1196333924,235403,-0.0327,-0.0293,1.0215,0.0610,0.3662,-0.3662,1,473,869,719
1196338927,235404,-0.0322,-0.0308,1.0220,0.0000,0.1221,-0.2441,1,484,869,719
1196343928,235405,-0.0322,-0.0308,1.0225,0.0000,0.1221,-0.1831,1,468,820,719
1196348922,235406,-0.0337,-0.0308,1.0215,0.0000,0.4272,-0.1831,1,468,828,719
1196353922,235407,-0.0337,-0.0312,1.0210,0.0610,0.3662,-0.2441,1,475,830,719
1196358922,235408,-0.0322,-0.0303,1.0210,0.0000,0.3052,-0.1831,1,472,893,719
1196363930,235409,-0.0303,-0.0293,1.0225,0.0000,0.3662,-0.2441,1,472,810,719
1196368930,235410,-0.0308,-0.0293,1.0229,0.0000,0.5493,-0.1831,1,465,813,719
1196373924,235411,-0.0322,-0.0293,1.0220,0.0610,0.3662,-0.1221,1,480,817,719
1196378931,235412,-0.0332,-0.0298,1.0220,0.1221,0.3052,-0.1831,1,466,859,719
1196383929,235413,-0.0327,-0.0308,1.0229,0.0000,0.4272,-0.3052,1,466,875,719
1196388948,235414,-0.0322,-0.0308,1.0244,0.0610,0.4272,-0.3052,1,466,830,719
1196393929,235415,-0.0327,-0.0288,1.0239,-0.0610,0.5493,-0.3052,1,466,875,719
1196398926,235416,-0.0332,-0.0273,1.0234,0.0610,0.4883,-0.1831,1,493,882,719
1196403922,235417,-0.0332,-0.0278,1.0234,0.0610,0.4272,-0.1831,1,489,883,719
1196408922,235418,-0.0322,-0.0293,1.0239,0.0610,0.4272,-0.1221,1,466,781,719
1196413925,235419,-0.0317,-0.0293,1.0239,0.0610,0.4272,-0.1831,1,481,821,719
1196418926,235420,-0.0332,-0.0293,1.0234,0.0000,0.5493,-0.1221,1,481,854,719
1196423927,235421,-0.0347,-0.0298,1.0220,-0.1831,0.4883,-0.1221,1,475,826,719
1196428924,235422,-0.0342,-0.0298,1.0210,-0.0610,0.6104,-0.3662,1,476,868,719
1196433935,235423,-0.0327,-0.0288,1.0215,0.0610,0.6714,-0.2441,1,485,842,719
1196438929,235424,-0.0312,-0.0288,1.0229,-0.1831,0.6714,-0.1831,1,478,851,719
1196443926,235425,-0.0308,-0.0288,1.0254,-0.0610,0.6714,-0.2441,1,505,881,719
1196448923,235426,-0.0303,-0.0283,1.0254,-0.1221,0.7935,-0.1831,1,465,864,719
1196453928,235427,-0.0308,-0.0288,1.0234,-0.0610,0.7935,-0.1831,1,483,816,719
1196458930,235428,-0.0317,-0.0298,1.0220,-0.0610,0.6714,-0.1831,1,467,907,719
1196463928,235429,-0.0337,-0.0298,1.0215,-0.0610,0.6714,-0.1831,1,467,867,719
1196468927,235430,-0.0356,-0.0308,1.0210,-0.1221,0.6104,-0.0610,1,469,873,719
1196473931,235431,-0.0352,-0.0327,1.0210,-0.0610,0.6104,-0.1221,1,469,821,719
1196478929,235432,-0.0342,-0.0332,1.0205,-0.0610,0.5493,-0.1831,1,467,851,719
1196483930,235433,-0.0327,-0.0312,1.0195,-0.1221,0.4883,-0.1831,1,468,863,719
1196488927,235434,-0.0317,-0.0293,1.0200,0.0000,0.6104,-0.1221,1,484,888,719
1196493931,235435,-0.0317,-0.0283,1.0215,-0.0610,0.5493,-0.2441,1,465,808,719
1196498926,235436,-0.0322,-0.0283,1.0229,-0.1221,0.5493,-0.1831,1,466,884,719
1196503926,235437,-0.0327,-0.0298,1.0239,-0.0610,0.5493,-0.1221,1,466,885,719
1196508927,235438,-0.0327,-0.0298,1.0239,0.0000,0.6714,-0.1831,1,466,879,719
1196513927,235439,-0.0322,-0.0288,1.0229,-0.0610,0.6714,-0.1221,1,466,836,719
1196518923,235440,-0.0332,-0.0283,1.0225,-0.0610,0.6104,-0.1831,1,494,908,719
1196523925,235441,-0.0342,-0.0283,1.0225,-0.0610,0.5493,-0.1831,1,494,824,719
1196528929,235442,-0.0342,-0.0288,1.0220,-0.1221,0.5493,-0.0610,1,473,833,719
1196533924,235443,-0.0327,-0.0298,1.0215,-0.1831,0.5493,-0.1221,1,475,849,719
1196538926,235444,-0.0327,-0.0298,1.0205,-0.1831,0.6714,-0.2441,1,482,851,719
1196543925,235445,-0.0342,-0.0298,1.0190,-0.1221,0.5493,-0.1831,1,480,855,719
1196548923,235446,-0.0347,-0.0308,1.0186,-0.1221,0.4272,-0.1831,1,485,876,719
1196553924,235447,-0.0337,-0.0308,1.0195,-0.1221,0.4272,-0.1221,1,481,846,719
1196558925,235448,-0.0312,-0.0293,1.0215,0.0000,0.3052,-0.1221,1,505,843,719
1196563922,235449,-0.0308,-0.0288,1.0239,0.0000,0.4272,-0.1831,1,493,811,719
1196568928,235450,-0.0317,-0.0298,1.0229,-0.1831,0.4883,-0.1831,1,484,785,719
1196573928,235451,-0.0352,-0.0293,1.0210,0.0000,0.3662,-0.1221,1,466,883,719
1196578930,235452,-0.0366,-0.0283,1.0210,0.0000,0.3052,-0.1831,1,471,816,719
1196583930,235453,-0.0352,-0.0293,1.0215,0.0000,0.2441,-0.3052,1,467,822,719
1196588928,235454,-0.0337,-0.0303,1.0215,-0.0610,0.3052,-0.2441,1,465,826,719
1196593930,235455,-0.0337,-0.0308,1.0210,-0.0610,0.4272,-0.2441,1,465,870,719
1196598922,235456,-0.0342,-0.0303,1.0215,0.0000,0.1831,-0.2441,1,466,856,719
1196603928,235457,-0.0342,-0.0308,1.0215,0.0610,0.1831,-0.2441,1,469,814,719
1196608928,235458,-0.0347,-0.0312,1.0220,0.1221,0.1221,-0.1831,1,483,859,719
1196613924,235459,-0.0347,-0.0308,1.0215,0.0000,-0.0610,-0.3052,1,466,897,719
1196618925,235460,-0.0342,-0.0303,1.0215,0.0000,0.0000,-0.3662,1,466,823,719
1196623926,235461,-0.0332,-0.0298,1.0220,-0.0610,0.0000,-0.2441,1,466,781,719
1196628926,235462,-0.0322,-0.0312,1.0220,0.0000,0.1831,-0.1831,1,492,834,719
1196633929,235463,-0.0332,-0.0327,1.0225,-0.1221,0.2441,-0.2441,1,466,861,719
1196638929,235464,-0.0332,-0.0322,1.0229,-0.1831,0.1221,-0.3052,1,494,882,719
1196643923,235465,-0.0322,-0.0317,1.0234,-0.0610,0.2441,-0.3052,1,464,833,719
1196648929,235466,-0.0322,-0.0322,1.0234,-0.0610,0.3662,-0.3662,1,474,861,719
1196653926,235467,-0.0322,-0.0312,1.0229,-0.0610,0.3052,-0.3052,1,486,858,719
1196658926,235468,-0.0322,-0.0298,1.0210,-0.0610,0.3662,-0.1221,1,473,872,719
1196663926,235469,-0.0332,-0.0298,1.0210,-0.1221,0.2441,-0.1221,1,480,846,719
1196668922,235470,-0.0352,-0.0317,1.0220,-0.0610,0.2441,-0.2441,1,486,846,719
1196673922,235471,-0.0356,-0.0317,1.0225,-0.1221,0.3662,-0.2441,1,489,852,719
1196678926,235472,-0.0347,-0.0293,1.0229,0.0000,0.3052,-0.2441,1,493,852,719
1196683922,235473,-0.0337,-0.0283,1.0220,0.0000,0.3052,-0.2441,1,511,744,719
1196688926,235474,-0.0337,-0.0293,1.0200,-0.0610,0.1221,-0.3052,1,465,819,719
1196693927,235475,-0.0337,-0.0312,1.0190,0.0610,-0.0610,-0.2441,1,469,858,719
1196698929,235476,-0.0337,-0.0317,1.0215,0.0000,0.1221,-0.2441,1,467,891,719
1196703928,235477,-0.0342,-0.0308,1.0234,0.0000,0.2441,-0.2441,1,465,830,719
1196708927,235478,-0.0347,-0.0293,1.0234,0.0610,0.1221,-0.1831,1,465,817,719
1196713927,235479,-0.0347,-0.0288,1.0225,0.0610,0.1221,-0.1831,1,465,857,719
1196718927,235480,-0.0352,-0.0288,1.0220,0.0610,0.1221,-0.1831,1,466,858,719
1196723930,235481,-0.0352,-0.0288,1.0215,0.0000,0.1831,-0.1221,1,484,858,719
1196728922,235482,-0.0347,-0.0303,1.0215,0.0610,0.0610,-0.2441,1,466,831,719
1196733930,235483,-0.0347,-0.0337,1.0220,0.0610,0.1221,-0.3052,1,466,872,719
1196738925,235484,-0.0342,-0.0347,1.0229,0.0000,0.0610,-0.2441,1,466,867,719
1196743928,235485,-0.0332,-0.0327,1.0234,0.0610,0.0610,-0.1831,1,493,832,719
1196748928,235486,-0.0327,-0.0308,1.0225,0.0610,0.1221,-0.3052,1,466,882,719
1196753922,235487,-0.0327,-0.0298,1.0229,0.1831,0.1221,-0.2441,1,485,867,719
1196758924,235488,-0.0327,-0.0303,1.0239,0.3052,0.1221,-0.2441,1,466,778,719
1196763923,235489,-0.0327,-0.0312,1.0239,0.1221,0.1221,-0.3052,1,478,846,719
1196768926,235490,-0.0327,-0.0308,1.0225,0.1831,0.1221,-0.2441,1,482,871,719
1196773925,235491,-0.0332,-0.0293,1.0215,0.0610,0.1831,-0.3662,1,483,871,719
1196778922,235492,-0.0332,-0.0293,1.0225,0.0000,0.1221,-0.2441,1,486,852,719
1196783929,235493,-0.0337,-0.0298,1.0234,0.0610,0.3052,-0.1831,1,471,803,719
1196788925,235494,-0.0342,-0.0293,1.0234,0.1831,0.2441,-0.1221,1,486,846,719
1196793927,235495,-0.0347,-0.0283,1.0220,0.0000,0.1831,-0.1831,1,492,849,719
1196798926,235496,-0.0352,-0.0298,1.0205,-0.0610,0.0000,-0.3052,1,509,797,719
1196803929,235497,-0.0356,-0.0322,1.0190,0.1221,-0.0610,-0.2441,1,466,813,719
1196808930,235498,-0.0352,-0.0322,1.0186,0.1831,-0.0610,-0.2441,1,481,908,719
1196813922,235499,-0.0342,-0.0303,1.0210,0.0610,-0.0610,-0.3052,1,481,870,719
1196818925,235500,-0.0342,-0.0283,1.0229,0.0610,0.0000,-0.3052,1,465,856,719
1196823925,235501,-0.0342,-0.0288,1.0225,0.1221,0.0000,-0.2441,1,465,812,719
1196828926,235502,-0.0342,-0.0303,1.0225,0.2441,0.0610,-0.2441,1,483,813,719
1196833925,235503,-0.0342,-0.0308,1.0229,0.1221,0.0610,-0.4272,1,480,859,719
1196838931,235504,-0.0332,-0.0298,1.0244,0.0610,0.0610,-0.3052,1,484,854,719
1196843922,235505,-0.0327,-0.0283,1.0239,0.1221,0.0000,-0.2441,1,466,857,719
1196848929,235506,-0.0322,-0.0288,1.0229,0.0610,0.0000,-0.3052,1,466,837,719
1196853953,235507,-0.0303,-0.0293,1.0215,0.0000,0.2441,-0.2441,1,466,832,719
1196858928,235508,-0.0312,-0.0288,1.0220,-0.0610,0.1831,-0.3052,1,466,832,719
1196863925,235509,-0.0317,-0.0298,1.0234,0.0000,0.2441,-0.3052,1,493,901,719
1196868928,235510,-0.0322,-0.0298,1.0234,0.0000,0.1831,-0.3052,1,488,730,719
1196873924,235511,-0.0332,-0.0298,1.0234,0.0000,0.1221,-0.3052,1,464,805,719
1196878923,235512,-0.0342,-0.0308,1.0220,-0.0610,0.1831,-0.3052,1,478,801,719
1196883927,235513,-0.0352,-0.0308,1.0215,0.0000,0.3052,-0.2441,1,483,844,719
1196888926,235514,-0.0352,-0.0303,1.0220,0.0610,0.3662,-0.3052,1,476,824,719
1196893927,235515,-0.0337,-0.0298,1.0220,-0.1221,0.3052,-0.3052,1,481,868,719
1196898923,235516,-0.0327,-0.0298,1.0215,-0.1221,0.3052,-0.3662,1,481,839,719
1196903929,235517,-0.0327,-0.0298,1.0210,0.0000,0.4272,-0.3662,1,471,846,719
1196908925,235518,-0.0322,-0.0298,1.0220,0.0610,0.3662,-0.3052,1,506,794,719
1196913925,235519,-0.0327,-0.0303,1.0239,-0.0610,0.4272,-0.3052,1,481,836,719
1196918926,235520,-0.0332,-0.0298,1.0254,-0.0610,0.3052,-0.3052,1,465,874,719
1196923924,235521,-0.0332,-0.0298,1.0259,0.0610,0.3052,-0.3052,1,482,898,719
1196928923,235522,-0.0327,-0.0303,1.0249,-0.0610,0.4272,-0.3662,1,465,859,719
1196933923,235523,-0.0327,-0.0308,1.0234,0.0000,0.3662,-0.2441,1,466,879,719
1196938929,235524,-0.0337,-0.0303,1.0220,-0.0610,0.3662,-0.3662,1,465,820,719
1196943929,235525,-0.0342,-0.0298,1.0215,-0.0610,0.4272,-0.3662,1,479,858,719
1196948927,235526,-0.0337,-0.0298,1.0220,-0.0610,0.5493,-0.3052,1,479,859,719
1196953927,235527,-0.0332,-0.0298,1.0225,-0.0610,0.4272,-0.2441,1,483,856,719
1196958930,235528,-0.0322,-0.0293,1.0239,-0.1221,0.4883,-0.3662,1,465,881,719
1196963922,235529,-0.0327,-0.0298,1.0249,-0.1221,0.5493,-0.3052,1,466,882,719
1196968927,235530,-0.0332,-0.0303,1.0244,-0.1221,0.3662,-0.3052,1,466,877,719
1196973926,235531,-0.0337,-0.0303,1.0239,-0.0610,0.4272,-0.2441,1,466,874,719
1196978926,235532,-0.0337,-0.0303,1.0229,-0.0610,0.4272,-0.3052,1,466,877,719
1196983922,235533,-0.0337,-0.0303,1.0220,-0.0610,0.5493,-0.2441,1,492,871,719
1196988925,235534,-0.0337,-0.0303,1.0220,-0.1221,0.6104,-0.3052,1,494,877,719
1196993923,235535,-0.0332,-0.0312,1.0220,-0.1831,0.5493,-0.3662,1,472,847,719
1196998923,235536,-0.0327,-0.0312,1.0220,-0.0610,0.5493,-0.2441,1,478,892,719
1197003924,235537,-0.0327,-0.0303,1.0215,-0.2441,0.5493,-0.3052,1,481,879,719
1197008925,235538,-0.0322,-0.0298,1.0215,-0.1221,0.6714,-0.2441,1,485,870,719
1197013940,235539,-0.0327,-0.0303,1.0229,-0.0610,0.7324,-0.1831,1,485,848,719
1197018929,235540,-0.0327,-0.0308,1.0244,-0.0610,0.6714,-0.2441,1,487,852,719
1197023930,235541,-0.0337,-0.0303,1.0249,-0.1221,0.6714,-0.3052,1,504,850,719
1197028931,235542,-0.0337,-0.0303,1.0239,-0.2441,0.6714,-0.3662,1,493,830,719
1197033923,235543,-0.0337,-0.0303,1.0225,-0.1221,0.6714,-0.2441,1,484,868,719
1197038922,235544,-0.0332,-0.0298,1.0215,-0.0610,0.6104,-0.1221,1,469,901,719
1197043925,235545,-0.0317,-0.0298,1.0215,-0.1831,0.6714,-0.2441,1,471,861,719
1197048928,235546,-0.0327,-0.0308,1.0220,-0.1221,0.7935,-0.2441,1,466,871,719
1197053922,235547,-0.0337,-0.0312,1.0229,-0.1831,0.7935,-0.1831,1,482,866,719
1197058923,235548,-0.0342,-0.0312,1.0234,-0.1221,0.7935,-0.1831,1,466,861,719
1197063924,235549,-0.0352,-0.0303,1.0225,-0.1831,0.8545,-0.1831,1,482,886,719
1197068928,235550,-0.0361,-0.0298,1.0215,-0.1221,0.7324,-0.1831,1,477,859,719
1197073924,235551,-0.0366,-0.0298,1.0205,-0.1831,0.6714,-0.3052,1,483,861,719
1197078926,235552,-0.0356,-0.0303,1.0200,0.0000,0.6714,-0.1221,1,466,880,719
1197083925,235553,-0.0337,-0.0317,1.0215,0.1221,0.5493,-0.1221,1,466,826,719
1197088923,235554,-0.0332,-0.0327,1.0229,0.0610,0.6714,-0.0610,1,466,875,719
1197093925,235555,-0.0347,-0.0317,1.0239,-0.0610,0.5493,-0.1831,1,493,878,719
1197098922,235556,-0.0352,-0.0303,1.0254,-0.0610,0.5493,-0.2441,1,466,882,719
1197103929,235557,-0.0342,-0.0293,1.0254,-0.1221,0.4883,-0.2441,1,494,874,719
1197108927,235558,-0.0342,-0.0303,1.0239,0.0000,0.6104,-0.2441,1,464,855,719
1197113929,235559,-0.0337,-0.0312,1.0229,-0.1221,0.5493,-0.2441,1,490,801,719
1197118929,235560,-0.0337,-0.0312,1.0220,-0.0610,0.4272,-0.2441,1,483,889,719
1197123930,235561,-0.0347,-0.0312,1.0215,0.0000,0.5493,-0.3052,1,487,876,719
1197128923,235562,-0.0356,-0.0317,1.0210,0.0000,0.5493,-0.2441,1,490,827,719
1197133925,235563,-0.0352,-0.0322,1.0205,0.0000,0.4272,-0.1831,1,484,808,719
1197138928,235564,-0.0337,-0.0322,1.0210,0.0610,0.4272,-0.1831,1,505,806,719
1197143927,235565,-0.0332,-0.0327,1.0220,0.0610,0.3662,-0.3052,1,493,848,719
1197148926,235566,-0.0352,-0.0327,1.0215,0.0000,0.4272,-0.2441,1,484,865,719
1197153926,235567,-0.0366,-0.0312,1.0210,-0.0610,0.4883,-0.2441,1,465,824,719
1197158930,235568,-0.0356,-0.0303,1.0225,-0.1221,0.3052,-0.1221,1,473,930,719
1197163929,235569,-0.0342,-0.0303,1.0234,-0.0610,0.3052,-0.1831,1,467,857,719
1197168925,235570,-0.0337,-0.0317,1.0249,-0.1831,0.3662,-0.2441,1,468,864,719
1197173923,235571,-0.0332,-0.0317,1.0249,-0.1831,0.4272,-0.2441,1,470,841,719
1197178927,235572,-0.0347,-0.0303,1.0239,-0.0610,0.5493,-0.2441,1,474,870,719
1197183922,235573,-0.0356,-0.0293,1.0239,-0.0610,0.4883,-0.2441,1,467,861,719
1197188928,235574,-0.0352,-0.0298,1.0239,-0.1831,0.5493,-0.3662,1,484,863,719
1197193927,235575,-0.0342,-0.0308,1.0225,-0.2441,0.6104,-0.3662,1,466,885,719
1197198929,235576,-0.0342,-0.0312,1.0205,-0.1221,0.6104,-0.2441,1,465,875,719
1197203922,235577,-0.0352,-0.0308,1.0205,-0.3052,0.4883,-0.2441,1,466,899,719
1197208927,235578,-0.0356,-0.0303,1.0215,-0.3662,0.3052,-0.1831,1,492,872,719
1197213929,235579,-0.0352,-0.0308,1.0205,-0.3052,0.1831,-0.1831,1,466,877,719
1197218930,235580,-0.0332,-0.0312,1.0200,-0.3052,0.2441,-0.3052,1,494,874,719
1197223927,235581,-0.0327,-0.0312,1.0225,-0.1831,0.4272,-0.3662,1,493,900,719
1197228923,235582,-0.0337,-0.0312,1.0234,-0.3052,0.3052,-0.1831,1,485,834,719
1197233922,235583,-0.0347,-0.0317,1.0220,-0.3052,0.3052,-0.2441,1,472,872,719
1197238924,235584,-0.0361,-0.0322,1.0200,-0.2441,0.3662,-0.2441,1,478,846,719
1197243927,235585,-0.0361,-0.0332,1.0205,-0.3662,0.3662,-0.3052,1,480,857,719
1197248928,235586,-0.0366,-0.0327,1.0220,-0.1831,0.0610,-0.3052,1,481,854,719
1197253929,235587,-0.0352,-0.0327,1.0225,-0.1831,0.0610,-0.1831,1,497,849,719
1197258922,235588,-0.0332,-0.0327,1.0220,-0.1831,0.1831,-0.1831,1,492,851,719
1197263924,235589,-0.0342,-0.0312,1.0220,-0.2441,0.1831,-0.1831,1,511,848,719
1197268927,235590,-0.0366,-0.0303,1.0220,-0.1831,0.0610,-0.1831,1,466,849,719
1197273926,235591,-0.0371,-0.0327,1.0210,-0.1831,0.0000,-0.1831,1,468,920,719
1197278926,235592,-0.0347,-0.0342,1.0200,-0.2441,0.0000,-0.1831,1,469,837,719
1197283929,235593,-0.0332,-0.0327,1.0215,-0.1221,-0.1221,-0.3052,1,472,832,719
1197288924,235594,-0.0327,-0.0308,1.0220,-0.1831,0.0610,-0.1831,1,470,872,719
1197293927,235595,-0.0332,-0.0308,1.0220,-0.3052,0.0610,-0.1831,1,476,860,719
1197298923,235596,-0.0342,-0.0322,1.0220,-0.2441,0.0610,-0.1831,1,470,856,719
1197303929,235597,-0.0347,-0.0327,1.0229,-0.1831,-0.0610,-0.1831,1,483,863,719
1197308922,235598,-0.0347,-0.0322,1.0225,-0.1831,0.0610,-0.1221,1,466,884,719
1197313935,235599,-0.0342,-0.0322,1.0215,-0.1221,0.0610,-0.1831,1,466,877,719
1197318956,235600,-0.0347,-0.0312,1.0205,-0.0610,0.0610,-0.1831,1,466,876,719
1197323927,235601,-0.0352,-0.0312,1.0190,-0.0610,-0.0610,-0.1831,1,466,902,719
1197328922,235602,-0.0352,-0.0312,1.0186,-0.1221,-0.1221,-0.1831,1,493,902,719
1197333929,235603,-0.0342,-0.0308,1.0205,-0.0610,0.0000,-0.1831,1,494,898,719
1197338924,235604,-0.0337,-0.0298,1.0239,-0.0610,-0.0610,-0.1221,1,465,800,719
1197343926,235605,-0.0356,-0.0298,1.0244,-0.0610,-0.0610,-0.1221,1,480,846,719
1197348923,235606,-0.0376,-0.0308,1.0215,-0.1221,-0.1831,-0.2441,1,481,848,719
1197353923,235607,-0.0366,-0.0327,1.0215,-0.1221,-0.3052,-0.1831,1,481,877,719
1197358930,235608,-0.0327,-0.0322,1.0239,0.0000,-0.3662,-0.1221,1,485,871,719
1197363926,235609,-0.0303,-0.0317,1.0254,-0.1221,0.0000,-0.1831,1,483,808,719
1197368930,235610,-0.0322,-0.0317,1.0244,-0.1221,-0.1831,-0.1221,1,490,790,719
1197373923,235611,-0.0352,-0.0327,1.0220,-0.0610,0.0000,-0.1221,1,492,852,719
1197378923,235612,-0.0361,-0.0356,1.0200,-0.0610,-0.1221,-0.0610,1,485,752,719
1197383928,235613,-0.0352,-0.0342,1.0200,0.1221,-0.2441,-0.0610,1,465,872,719
1197388923,235614,-0.0322,-0.0327,1.0220,0.0000,-0.3052,-0.0610,1,465,929,719
1197393923,235615,-0.0303,-0.0322,1.0234,0.0000,-0.1221,-0.1221,1,467,820,719
1197398924,235616,-0.0322,-0.0308,1.0239,0.1221,-0.0610,-0.1831,1,465,827,719
1197403924,235617,-0.0361,-0.0317,1.0229,0.0610,-0.3052,-0.0610,1,466,875,719
1197408927,235618,-0.0366,-0.0342,1.0210,0.0610,-0.3052,-0.1221,1,465,860,719
1197413931,235619,-0.0356,-0.0337,1.0210,0.2441,-0.1221,0.0000,1,482,852,719
1197418930,235620,-0.0347,-0.0312,1.0220,0.1831,-0.1831,-0.0610,1,483,814,719
1197423923,235621,-0.0347,-0.0308,1.0225,0.3052,-0.5493,-0.0610,1,466,904,719
1197428926,235622,-0.0347,-0.0322,1.0220,0.3052,-0.5493,0.0000,1,466,872,719
1197433922,235623,-0.0356,-0.0332,1.0210,0.3662,-0.3052,-0.0610,1,466,832,719
1197438923,235624,-0.0371,-0.0322,1.0205,0.3052,-0.5493,-0.0610,1,466,875,719
1197443928,235625,-0.0361,-0.0322,1.0210,0.3662,-0.5493,-0.1221,1,465,878,719
1197448925,235626,-0.0352,-0.0317,1.0220,0.4883,-0.5493,-0.1221,1,494,880,719
1197453926,235627,-0.0337,-0.0312,1.0234,0.4272,-0.6714,-0.1221,1,494,768,719
1197458924,235628,-0.0312,-0.0303,1.0254,0.2441,-0.6104,-0.0610,1,480,799,719
1197463926,235629,-0.0303,-0.0293,1.0259,0.1831,-0.4272,-0.0610,1,489,869,719
1197468923,235630,-0.0322,-0.0298,1.0244,0.0610,-0.3052,-0.0610,1,490,847,719
1197473923,235631,-0.0352,-0.0312,1.0229,0.0610,-0.3052,0.0000,1,478,846,719
1197478928,235632,-0.0356,-0.0332,1.0225,0.1831,-0.5493,-0.0610,1,483,826,719
1197483928,235633,-0.0337,-0.0327,1.0220,0.2441,-0.5493,-0.1831,1,504,853,719
1197488927,235634,-0.0322,-0.0303,1.0225,0.2441,-0.2441,-0.0610,1,490,856,719
1197493928,235635,-0.0327,-0.0322,1.0225,0.1221,-0.2441,-0.0610,1,512,839,719
1197498928,235636,-0.0322,-0.0352,1.0234,0.3052,-0.2441,0.0000,1,465,876,719
1197503924,235637,-0.0317,-0.0322,1.0244,0.3052,-0.1221,-0.0610,1,470,825,719
1197508926,235638,-0.0317,-0.0308,1.0234,0.1221,-0.1831,-0.1221,1,474,864,719
1197513929,235639,-0.0312,-0.0312,1.0215,0.1831,-0.2441,-0.0610,1,474,866,719
1197518922,235640,-0.0317,-0.0312,1.0205,0.3052,-0.0610,-0.1221,1,470,928,719
1197523928,235641,-0.0332,-0.0312,1.0205,0.2441,-0.0610,0.0000,1,479,879,719
1197528929,235642,-0.0352,-0.0337,1.0205,0.2441,-0.1831,-0.0610,1,472,841,719
1197533929,235643,-0.0356,-0.0342,1.0210,0.4883,-0.2441,0.0000,1,484,860,719
1197538925,235644,-0.0347,-0.0312,1.0210,0.4272,-0.3052,0.0000,1,466,832,719
1197543934,235645,-0.0337,-0.0303,1.0210,0.4272,-0.4272,-0.0610,1,466,852,719
1197548925,235646,-0.0327,-0.0312,1.0234,0.5493,-0.4883,-0.0610,1,466,873,719
1197553925,235647,-0.0322,-0.0308,1.0244,0.4883,-0.4272,-0.0610,1,493,907,719
1197558929,235648,-0.0322,-0.0288,1.0254,0.3052,-0.3052,-0.1221,1,465,877,719
1197563926,235649,-0.0312,-0.0278,1.0269,0.2441,-0.3052,-0.1221,1,492,871,719
1197568927,235650,-0.0298,-0.0269,1.0273,0.1831,-0.3052,-0.0610,1,466,797,719
1197573930,235651,-0.0293,-0.0273,1.0273,0.0610,-0.2441,-0.1831,1,482,847,719
1197578925,235652,-0.0308,-0.0278,1.0269,0.0610,0.0000,-0.1221,1,483,854,719
1197583929,235653,-0.0308,-0.0288,1.0264,-0.0610,0.0610,-0.1221,1,475,797,719
1197588941,235654,-0.0308,-0.0303,1.0234,-0.1221,0.1831,-0.0610,1,488,869,719
1197593925,235655,-0.0327,-0.0308,1.0200,-0.0610,0.1221,-0.1831,1,483,842,719
1197598928,235656,-0.0337,-0.0317,1.0190,0.0000,-0.0610,-0.1221,1,505,845,719
1197603922,235657,-0.0322,-0.0308,1.0205,-0.0610,-0.1831,-0.2441,1,493,790,719
1197608925,235658,-0.0303,-0.0288,1.0239,-0.0610,-0.1221,-0.1831,1,484,822,719
1197613927,235659,-0.0293,-0.0273,1.0264,-0.0610,0.2441,-0.1831,1,476,904,719
1197618922,235660,-0.0312,-0.0283,1.0254,-0.1221,0.3052,-0.1831,1,475,870,719
1197623923,235661,-0.0337,-0.0308,1.0220,-0.0610,0.1221,-0.1221,1,481,889,719
1197628929,235662,-0.0337,-0.0327,1.0200,-0.1221,0.0610,-0.0610,1,481,820,719
1197633923,235663,-0.0317,-0.0322,1.0220,-0.0610,0.1831,-0.0610,1,479,855,719
1197638925,235664,-0.0312,-0.0308,1.0239,-0.1831,0.1831,-0.0610,1,465,862,719
1197643925,235665,-0.0332,-0.0312,1.0210,-0.1221,0.2441,-0.0610,1,483,888,719
1197648924,235666,-0.0366,-0.0322,1.0151,0.0000,0.1831,-0.1221,1,466,901,719
1197653929,235667,-0.0376,-0.0322,1.0142,0.1221,-0.1221,-0.2441,1,466,835,719
1197658949,235668,-0.0352,-0.0303,1.0171,0.1831,-0.1831,-0.2441,1,466,875,719
1197663925,235669,-0.0312,-0.0288,1.0210,0.1831,-0.1221,-0.3052,1,466,876,719
1197668924,235670,-0.0303,-0.0288,1.0225,0.0610,0.0610,-0.3052,1,493,899,719
1197673930,235671,-0.0327,-0.0298,1.0215,0.0000,0.0000,-0.2441,1,486,868,719
1197678930,235672,-0.0332,-0.0298,1.0205,0.0000,-0.1221,-0.3052,1,465,760,719
1197683927,235673,-0.0322,-0.0288,1.0215,0.1831,-0.0610,-0.3052,1,473,799,719
1197688928,235674,-0.0308,-0.0288,1.0234,0.1221,0.0000,-0.1831,1,473,850,719
1197693929,235675,-0.0298,-0.0293,1.0249,0.0610,0.1831,-0.2441,1,476,824,719
1197698926,235676,-0.0308,-0.0298,1.0225,0.0610,0.3052,-0.3052,1,483,872,719
1197703927,235677,-0.0322,-0.0317,1.0205,-0.0610,0.1831,-0.3662,1,473,837,719
1197708925,235678,-0.0327,-0.0332,1.0220,0.0610,0.1221,-0.3052,1,499,854,719
1197713926,235679,-0.0317,-0.0322,1.0234,0.1831,0.1831,-0.3052,1,493,833,719
1197718928,235680,-0.0308,-0.0308,1.0244,0.0000,0.3052,-0.3662,1,511,844,719
1197723923,235681,-0.0308,-0.0317,1.0234,0.0000,0.4272,-0.3662,1,465,816,719
1197728930,235682,-0.0308,-0.0322,1.0215,0.0000,0.4883,-0.3662,1,466,833,719
1197733926,235683,-0.0317,-0.0327,1.0205,-0.0610,0.4883,-0.3052,1,481,821,719
1197738929,235684,-0.0332,-0.0322,1.0200,0.1221,0.4272,-0.2441,1,466,873,719
1197743922,235685,-0.0342,-0.0308,1.0195,0.0610,0.4883,-0.3052,1,482,879,719
1197748931,235686,-0.0342,-0.0308,1.0200,0.0610,0.4883,-0.2441,1,469,852,719
1197753928,235687,-0.0337,-0.0312,1.0195,0.0610,0.3052,-0.3052,1,480,855,719
1197758930,235688,-0.0347,-0.0308,1.0181,0.1221,0.3662,-0.3662,1,483,879,719
1197763924,235689,-0.0361,-0.0308,1.0176,0.0610,0.4272,-0.3662,1,466,874,719
1197768934,235690,-0.0356,-0.0317,1.0190,0.0610,0.2441,-0.3662,1,465,878,719
1197773923,235691,-0.0322,-0.0298,1.0225,0.1831,0.2441,-0.3662,1,466,885,719
1197778930,235692,-0.0288,-0.0283,1.0269,0.0610,0.3052,-0.3662,1,492,884,719
1197783930,235693,-0.0283,-0.0283,1.0288,-0.0610,0.4883,-0.1831,1,465,877,719
1197788929,235694,-0.0312,-0.0288,1.0273,-0.1221,0.4883,-0.3662,1,486,883,719
1197793924,235695,-0.0322,-0.0293,1.0249,0.0000,0.4272,-0.2441,1,464,802,719
1197798923,235696,-0.0312,-0.0293,1.0234,-0.1221,0.4883,-0.1831,1,486,810,719
1197803926,235697,-0.0312,-0.0303,1.0225,-0.1221,0.6714,-0.1831,1,491,875,719
1197808929,235698,-0.0322,-0.0317,1.0220,-0.0610,0.7935,-0.1831,1,474,870,719
1197813945,235699,-0.0337,-0.0322,1.0215,0.0610,0.7324,-0.3662,1,475,879,719
1197818922,235700,-0.0347,-0.0317,1.0215,0.0610,0.6104,-0.3052,1,476,852,719
1197823927,235701,-0.0352,-0.0308,1.0205,0.0610,0.6714,-0.3662,1,479,830,719
1197828930,235702,-0.0342,-0.0303,1.0205,0.0610,0.7324,-0.3052,1,504,833,719
1197833923,235703,-0.0332,-0.0308,1.0210,0.0000,0.6104,-0.2441,1,484,858,719
1197838927,235704,-0.0322,-0.0317,1.0215,0.0000,0.6104,-0.1831,1,467,818,719
1197843927,235705,-0.0327,-0.0332,1.0229,0.0000,0.6714,-0.3052,1,465,824,719
1197848926,235706,-0.0327,-0.0332,1.0229,0.0000,0.6714,-0.2441,1,469,832,719
1197853923,235707,-0.0317,-0.0317,1.0220,0.1831,0.7935,-0.1831,1,471,821,719
1197858924,235708,-0.0308,-0.0312,1.0220,0.1831,0.7935,-0.1831,1,477,866,719
1197863930,235709,-0.0308,-0.0317,1.0234,0.1221,0.7324,-0.3052,1,473,885,719
1197868925,235710,-0.0308,-0.0317,1.0249,0.0610,0.9155,-0.2441,1,484,856,719
1197873925,235711,-0.0312,-0.0308,1.0264,0.1221,1.0376,-0.2441,1,465,881,719
1197878934,235712,-0.0308,-0.0298,1.0269,0.0000,1.0376,-0.2441,1,466,897,719
1197883953,235713,-0.0298,-0.0293,1.0273,0.0610,1.1597,-0.1831,1,466,830,719
1197888930,235714,-0.0283,-0.0288,1.0278,-0.0610,1.2207,-0.0610,1,466,878,719
1197893930,235715,-0.0288,-0.0288,1.0269,-0.1221,1.4648,-0.1221,1,494,882,719
1197898925,235716,-0.0298,-0.0298,1.0269,-0.1831,1.6479,-0.0610,1,484,879,719
1197903931,235717,-0.0303,-0.0308,1.0278,-0.1831,1.8311,-0.0610,1,465,813,719
1197908929,235718,-0.0303,-0.0308,1.0278,-0.1831,2.0142,0.0610,1,475,845,719
1197913929,235719,-0.0312,-0.0312,1.0264,-0.2441,2.0752,-0.0610,1,481,846,719
1197918925,235720,-0.0322,-0.0322,1.0249,-0.0610,2.0752,0.1221,1,487,900,719
1197923941,235721,-0.0322,-0.0308,1.0239,-0.1831,2.1362,0.0000,1,488,871,719
1197928926,235722,-0.0312,-0.0298,1.0239,-0.3052,2.3193,0.0000,1,478,810,719
1197933930,235723,-0.0317,-0.0317,1.0229,-0.4272,2.5024,-0.0610,1,499,830,719
1197938923,235724,-0.0356,-0.0352,1.0205,-0.2441,2.6245,-0.0610,1,492,845,719
1197943929,235725,-0.0386,-0.0361,1.0200,-0.1221,2.3193,0.0000,1,484,815,719
1197948927,235726,-0.0381,-0.0337,1.0205,0.0000,2.2583,0.0000,1,472,823,719
1197953926,235727,-0.0366,-0.0298,1.0210,-0.0610,2.2583,0.0000,1,475,785,719
1197958931,235728,-0.0361,-0.0283,1.0205,-0.1831,2.2583,0.0610,1,479,831,719
1197963929,235729,-0.0366,-0.0303,1.0195,-0.2441,2.2583,-0.1221,1,475,875,719
1197968922,235730,-0.0361,-0.0342,1.0195,-0.1221,2.0142,-0.1221,1,479,864,719
1197973923,235731,-0.0371,-0.0356,1.0190,0.0610,2.0142,-0.0610,1,465,857,719
1197978930,235732,-0.0386,-0.0352,1.0190,0.1221,1.9531,-0.0610,1,484,859,719
1197983929,235733,-0.0366,-0.0337,1.0205,0.0610,1.8921,-0.0610,1,466,873,719
1197988930,235734,-0.0337,-0.0298,1.0220,0.0610,2.1362,0.0000,1,465,875,719
1197993943,235735,-0.0342,-0.0293,1.0225,0.0610,2.3193,-0.1221,1,466,833,719
1197998923,235736,-0.0361,-0.0332,1.0210,0.1831,2.1973,-0.1221,1,466,874,719
1198003925,235737,-0.0376,-0.0352,1.0195,0.2441,2.1973,0.0000,1,493,881,719
1198008923,235738,-0.0371,-0.0342,1.0200,0.2441,2.1362,-0.1221,1,476,760,719
1198013925,235739,-0.0361,-0.0312,1.0210,0.1831,2.0752,0.0000,1,493,879,719
1198018926,235740,-0.0347,-0.0288,1.0215,0.0610,2.2583,0.1831,1,486,792,719
1198023922,235741,-0.0342,-0.0298,1.0215,-0.1221,2.1973,0.1831,1,483,863,719
1198028924,235742,-0.0347,-0.0327,1.0220,0.0000,2.3193,0.2441,1,490,850,719
1198033924,235743,-0.0366,-0.0347,1.0215,0.0610,2.3193,0.1221,1,471,809,719
1198038927,235744,-0.0381,-0.0352,1.0200,0.0610,2.2583,0.2441,1,478,848,719
1198043929,235745,-0.0381,-0.0356,1.0190,0.3052,2.0142,0.3052,1,503,848,719
1198048923,235746,-0.0381,-0.0361,1.0190,0.3052,2.0142,0.1221,1,492,829,719
1198053930,235747,-0.0396,-0.0347,1.0195,0.3662,2.0142,0.1831,1,511,830,719
1198058924,235748,-0.0400,-0.0322,1.0190,0.4272,1.7700,0.1221,1,466,880,719
1198063925,235749,-0.0381,-0.0347,1.0195,0.4272,1.5869,0.1221,1,477,931,719
1198068925,235750,-0.0371,-0.0381,1.0205,0.9155,1.7700,0.1221,1,478,866,719
1198073928,235751,-0.0391,-0.0366,1.0195,1.0376,1.7090,0.1221,1,481,865,719
1198078929,235752,-0.0405,-0.0352,1.0176,1.0376,1.4648,0.1831,1,481,870,719
1198083924,235753,-0.0396,-0.0337,1.0190,1.2817,1.4648,0.2441,1,481,861,719
1198088929,235754,-0.0400,-0.0317,1.0200,1.2207,1.4648,0.2441,1,481,865,719
1198093927,235755,-0.0396,-0.0322,1.0195,1.0986,1.3428,0.2441,1,483,863,719
1198098927,235756,-0.0381,-0.0332,1.0200,1.2207,1.3428,0.2441,1,465,888,719
1198103926,235757,-0.0371,-0.0327,1.0210,1.3428,1.3428,0.2441,1,466,879,719
1198108929,235758,-0.0371,-0.0322,1.0220,1.2207,1.3428,0.4883,1,466,882,719
1198113926,235759,-0.0361,-0.0303,1.0239,1.2817,1.6479,0.4883,1,465,882,719
1198118922,235760,-0.0361,-0.0293,1.0244,1.1597,1.6479,0.3662,1,466,883,719
1198123930,235761,-0.0366,-0.0337,1.0225,1.2817,1.6479,0.4272,1,471,886,719
1198128927,235762,-0.0386,-0.0371,1.0190,1.6479,1.7090,0.6104,1,494,884,719
1198133929,235763,-0.0400,-0.0337,1.0171,1.8311,1.7700,0.6104,1,480,858,719
1198138931,235764,-0.0405,-0.0293,1.0186,1.5259,1.7090,0.6104,1,485,839,719
1198143931,235765,-0.0400,-0.0283,1.0210,1.5259,1.7090,0.5493,1,488,844,719
1198148934,235766,-0.0405,-0.0298,1.0200,1.7090,1.7090,0.6104,1,471,868,719
1198153929,235767,-0.0400,-0.0322,1.0186,1.7090,1.4038,0.6104,1,486,840,719
1198158929,235768,-0.0376,-0.0342,1.0195,1.8921,1.5259,0.5493,1,498,844,719
1198163923,235769,-0.0361,-0.0332,1.0205,2.1973,1.7700,0.4272,1,493,838,719
1198168923,235770,-0.0381,-0.0308,1.0190,2.3193,2.0142,0.3662,1,512,843,719
1198173928,235771,-0.0410,-0.0317,1.0146,2.2583,1.8311,0.4883,1,465,903,719
1198178930,235772,-0.0444,-0.0327,1.0103,2.3193,1.5259,0.6104,1,482,923,719
1198183927,235773,-0.0459,-0.0303,1.0098,2.5024,1.3428,0.6714,1,481,869,719
1198188924,235774,-0.0415,-0.0298,1.0151,2.5635,1.5259,0.7935,1,465,872,719
1198193930,235775,-0.0376,-0.0308,1.0215,2.8687,2.0752,0.6104,1,465,863,719
1198198923,235776,-0.0391,-0.0312,1.0220,2.9297,1.8311,0.6714,1,479,854,719
1198203922,235777,-0.0415,-0.0342,1.0190,2.9297,1.7700,0.7324,1,479,880,719
1198208929,235778,-0.0410,-0.0356,1.0176,3.2349,1.7090,0.6104,1,483,863,719
1198213928,235779,-0.0396,-0.0293,1.0215,3.4180,1.7700,0.7324,1,466,875,719
1198218922,235780,-0.0366,-0.0205,1.0273,3.1738,1.7700,0.7935,1,466,880,719
1198223951,235781,-0.0361,-0.0151,1.0288,2.9907,2.0142,0.8545,1,466,884,719
1198228931,235782,-0.0376,-0.0146,1.0254,2.5024,2.0752,0.8545,1,466,883,719
1198233925,235783,-0.0376,-0.0190,1.0200,2.3193,2.6245,0.9155,1,493,879,719
1198238924,235784,-0.0396,-0.0229,1.0156,2.3193,2.7466,0.9766,1,483,885,719
1198243927,235785,-0.0396,-0.0264,1.0161,2.3804,2.8076,0.9155,1,464,808,719
1198248930,235786,-0.0381,-0.0293,1.0200,2.5024,2.9297,0.9766,1,473,814,719
1198253930,235787,-0.0376,-0.0293,1.0210,2.7466,3.2349,0.9155,1,488,846,719
1198258922,235788,-0.0391,-0.0288,1.0186,2.8687,3.4790,0.9155,1,492,850,719
1198263932,235789,-0.0415,-0.0293,1.0156,2.9297,3.6621,1.0376,1,483,873,719
1198268928,235790,-0.0425,-0.0288,1.0132,3.2349,3.7842,1.0986,1,478,854,719
1198273923,235791,-0.0435,-0.0269,1.0122,3.4180,3.9062,0.9766,1,507,853,719
1198278927,235792,-0.0415,-0.0225,1.0151,3.4790,3.9673,0.9155,1,492,840,719
1198283926,235793,-0.0386,-0.0190,1.0190,3.4790,4.4556,0.9155,1,484,845,719
1198288922,235794,-0.0381,-0.0225,1.0166,3.4790,5.0049,0.8545,1,467,910,719
1198293925,235795,-0.0405,-0.0298,1.0112,3.6011,5.3101,0.8545,1,472,863,719
1198298922,235796,-0.0439,-0.0293,1.0127,4.0283,5.4321,0.8545,1,468,870,719
1198303925,235797,-0.0430,-0.0205,1.0200,3.8452,5.4321,0.8545,1,474,872,719
1198308926,235798,-0.0405,-0.0142,1.0249,3.7231,5.6152,0.8545,1,469,864,719
1198313927,235799,-0.0396,-0.0132,1.0254,3.5400,5.9814,0.8545,1,466,867,719
1198318927,235800,-0.0425,-0.0127,1.0239,3.4180,6.7749,0.8545,1,484,861,719
1198323924,235801,-0.0488,-0.0151,1.0200,3.1738,6.9580,0.7935,1,466,863,719
1198328922,235802,-0.0513,-0.0210,1.0200,3.0518,6.5308,0.7324,1,466,886,719
1198333926,235803,-0.0459,-0.0269,1.0273,3.2959,6.4697,0.7324,1,466,873,719
1198338928,235804,-0.0425,-0.0229,1.0317,3.6011,7.1411,0.7324,1,466,885,719
1198343923,235805,-0.0439,-0.0117,1.0312,3.3569,7.2632,0.8545,1,492,883,719
1198348925,235806,-0.0459,-0.0078,1.0298,2.8076,7.2021,0.8545,1,466,913,719
1198353928,235807,-0.0532,-0.0142,1.0254,2.6245,6.9580,0.7324,1,494,876,719
1198358922,235808,-0.0557,-0.0146,1.0239,2.7466,6.8970,0.5493,1,466,782,719
1198363923,235809,-0.0605,-0.0132,1.0220,2.5635,6.4087,0.2441,1,479,868,719
1198368924,235810,-0.0615,-0.0098,1.0205,2.2583,5.7983,0.0610,1,481,851,719
1198373924,235811,-0.0601,-0.0073,1.0210,2.3193,5.5542,-0.2441,1,485,852,719
1198378927,235812,-0.0620,-0.0083,1.0205,2.0142,5.2490,-0.4272,1,489,869,719
1198383922,235813,-0.0654,-0.0093,1.0186,1.8311,4.6997,-0.4883,1,476,851,719
1198388923,235814,-0.0659,-0.0112,1.0190,1.8311,4.0283,-0.6104,1,469,836,719
1198393928,235815,-0.0605,-0.0122,1.0229,1.7090,3.6621,-0.6104,1,510,838,719
1198398927,235816,-0.0537,-0.0093,1.0264,1.4648,3.6621,-0.4883,1,466,829,719
1198403926,235817,-0.0552,-0.0103,1.0215,1.0986,3.9062,-0.4272,1,465,923,719
1198408926,235818,-0.0630,-0.0186,1.0137,1.1597,3.4790,-0.6104,1,467,868,719
1198413924,235819,-0.0674,-0.0273,1.0098,1.5869,2.8076,-0.5493,1,469,867,719
1198418927,235820,-0.0669,-0.0298,1.0078,2.1362,2.3193,-0.5493,1,472,837,719
1198423924,235821,-0.0659,-0.0259,1.0068,2.5635,2.0752,-0.5493,1,469,868,719
1198428927,235822,-0.0679,-0.0205,1.0068,2.8076,1.5869,-0.6104,1,468,864,719
1198433929,235823,-0.0649,-0.0205,1.0083,3.0518,1.0986,-0.5493,1,484,861,719
1198438927,235824,-0.0571,-0.0269,1.0098,3.4790,1.3428,-0.6714,1,466,881,719
1198443930,235825,-0.0542,-0.0322,1.0083,4.2725,1.6479,-0.7935,1,466,879,719
1198448955,235826,-0.0596,-0.0298,1.0049,4.8828,1.7090,-0.7935,1,466,883,719
1198453924,235827,-0.0659,-0.0244,1.0029,5.1270,1.4038,-0.8545,1,466,876,719
1198458922,235828,-0.0649,-0.0234,1.0039,5.5542,1.4038,-0.9766,1,492,882,719
1198463925,235829,-0.0610,-0.0249,1.0039,6.1035,1.4648,-1.0376,1,473,879,719
1198468924,235830,-0.0630,-0.0234,1.0020,6.7749,1.4038,-1.0376,1,493,829,719
1198473928,235831,-0.0688,-0.0190,0.9995,7.2021,0.9155,-1.2207,1,487,858,719
1198478925,235832,-0.0693,-0.0181,0.9980,7.5073,0.4272,-1.4648,1,491,858,719
1198483929,235833,-0.0669,-0.0200,1.0020,8.0566,0.4272,-1.5259,1,481,855,719
1198488947,235834,-0.0649,-0.0195,1.0107,8.5449,-0.1221,-1.6479,1,477,869,719
1198493922,235835,-0.0630,-0.0186,1.0166,8.8501,-0.6714,-1.7090,1,488,856,719
1198498931,235836,-0.0596,-0.0210,1.0166,9.2773,-1.0986,-1.8311,1,473,834,719
1198503922,235837,-0.0547,-0.0244,1.0146,10.0098,-1.4038,-1.8921,1,505,841,719
1198508926,235838,-0.0576,-0.0186,1.0093,10.7422,-1.0376,-1.9531,1,465,837,719
1198513927,235839,-0.0659,-0.0059,1.0054,10.6201,-1.6479,-1.8311,1,465,923,719
1198518927,235840,-0.0679,0.0020,1.0083,10.4980,-2.2583,-1.6479,1,466,880,719
1198523926,235841,-0.0645,0.0063,1.0137,10.3760,-2.2583,-1.4648,1,466,896,719
1198528922,235842,-0.0615,0.0083,1.0161,10.0098,-2.3804,-1.5259,1,468,898,719
1198533923,235843,-0.0630,0.0068,1.0142,9.7656,-2.6855,-1.4648,1,474,867,719
1198538922,235844,-0.0669,0.0044,1.0112,9.5825,-3.2349,-1.4038,1,468,868,719
1198543928,235845,-0.0674,0.0039,1.0122,9.5215,-4.0283,-1.4648,1,483,863,719
1198548924,235846,-0.0654,0.0029,1.0103,9.3994,-4.5776,-1.7090,1,466,883,719
1198553931,235847,-0.0669,-0.0024,1.0054,9.6436,-5.1880,-1.8921,1,466,880,719
1198558933,235848,-0.0679,-0.0088,1.0049,9.9487,-6.1035,-2.1973,1,466,874,719
1198563930,235849,-0.0645,-0.0054,1.0083,10.5591,-6.9580,-2.3804,1,466,879,719
1198568926,235850,-0.0591,0.0054,1.0132,10.5591,-7.3242,-2.5635,1,493,889,719
1198573927,235851,-0.0527,0.0142,1.0181,10.4370,-7.3853,-2.7466,1,476,890,719
1198578923,235852,-0.0474,0.0210,1.0220,10.0708,-7.2632,-2.8076,1,493,843,719
1198583923,235853,-0.0464,0.0239,1.0254,9.5215,-7.1411,-2.8687,1,473,788,719
1198588930,235854,-0.0479,0.0176,1.0264,8.9722,-7.1411,-2.9907,1,492,866,719
1198593924,235855,-0.0503,0.0117,1.0244,8.9722,-7.2021,-3.1738,1,490,854,719
1198598941,235856,-0.0513,0.0142,1.0234,8.7891,-7.5073,-3.3569,1,480,876,719
1198603924,235857,-0.0488,0.0205,1.0244,8.3618,-7.6294,-3.5400,1,492,856,719
1198608927,235858,-0.0469,0.0239,1.0220,7.9956,-7.3853,-3.7842,1,495,859,719
1198613923,235859,-0.0474,0.0215,1.0181,7.6904,-7.2632,-3.9062,1,498,843,719
1198618922,235860,-0.0479,0.0166,1.0156,7.3242,-7.1411,-4.0283,1,465,828,719
1198623928,235861,-0.0532,0.0190,1.0112,7.4463,-7.1411,-4.4556,1,481,889,719
1198628930,235862,-0.0591,0.0273,1.0088,6.8970,-7.5684,-4.5166,1,479,879,719
1198633926,235863,-0.0571,0.0308,1.0142,5.9814,-7.9956,-4.8218,1,479,871,719
1198638930,235864,-0.0522,0.0288,1.0181,5.5542,-8.2397,-5.0659,1,465,840,719
1198643922,235865,-0.0537,0.0273,1.0151,5.1880,-8.4839,-5.3711,1,465,869,719
1198648927,235866,-0.0605,0.0288,1.0093,4.6997,-9.2163,-5.9204,1,470,868,719
1198653930,235867,-0.0708,0.0308,1.0015,4.1504,-10.6201,-6.1035,1,484,869,719
1198658926,235868,-0.0820,0.0322,0.9932,3.4790,-12.1460,-6.3477,1,466,891,719
1198663923,235869,-0.0938,0.0356,0.9873,2.6245,-14.3433,-6.5918,1,466,903,719
1198668940,235870,-0.1084,0.0386,0.9839,1.7700,-16.9067,-6.5918,1,466,931,719
1198673928,235871,-0.1167,0.0352,0.9819,0.8545,-20.2026,-6.6528,1,466,889,719
1198678925,235872,-0.1191,0.0312,0.9800,0.3662,-23.1323,-6.8970,1,493,900,719
1198683923,235873,-0.1133,0.0337,0.9844,-0.2441,-26.4893,-7.3853,1,479,931,719
1198688931,235874,-0.0991,0.0400,0.9956,-0.7324,-29.2358,-7.9956,1,466,900,719
1198693931,235875,-0.0884,0.0459,1.0073,-1.4648,-31.9214,-9.0942,1,464,803,719
1198698926,235876,-0.0737,0.0396,1.0229,-2.7466,-35.1562,-9.7046,1,481,894,719
1198703923,235877,-0.0488,0.0264,1.0386,-3.2959,-38.0249,-9.6436,1,492,912,719
1198708926,235878,-0.0303,0.0205,1.0405,-3.3569,-39.1846,-9.5825,1,476,866,719
1198713923,235879,-0.0322,0.0166,1.0308,-3.5400,-40.5884,-9.8267,1,482,888,719
1198718922,235880,-0.0454,0.0161,1.0195,-3.4790,-42.3584,-9.8877,1,490,871,719
1198723925,235881,-0.0566,0.0195,1.0122,-3.6011,-44.7388,-9.7656,1,487,879,719
1198728929,235882,-0.0527,0.0210,1.0195,-3.9062,-47.2412,-9.5825,1,511,865,719
1198733922,235883,-0.0322,0.0229,1.0376,-4.1504,-49.3164,-9.1553,1,467,858,719
1198738925,235884,-0.0176,0.0254,1.0474,-4.3335,-50.1099,-8.8501,1,474,944,719
1198743926,235885,-0.0234,0.0278,1.0420,-4.9438,-51.6357,-8.6060,1,472,880,719
1198748924,235886,-0.0352,0.0239,1.0337,-5.2490,-53.3447,-8.3008,1,477,904,719
1198753928,235887,-0.0239,0.0205,1.0352,-5.3711,-56.4575,-7.4463,1,479,899,719
1198758926,235888,0.0039,0.0190,1.0420,-5.6152,-56.9458,-7.5073,1,475,884,719
1198763924,235889,0.0156,0.0200,1.0479,-5.9814,-57.8003,-7.5073,1,483,884,719
1198768926,235890,0.0146,0.0205,1.0522,-6.6528,-59.5703,-7.0190,1,466,898,719
1198773927,235891,0.0161,0.0161,1.0537,-7.1411,-60.7300,-6.4697,1,466,906,719
1198778932,235892,0.0269,0.0171,1.0557,-7.4463,-61.4624,-5.9204,1,466,912,719
1198783926,235893,0.0464,0.0151,1.0630,-7.9956,-62.0728,-5.3711,1,466,898,719
1198788928,235894,0.0620,0.0083,1.0688,-8.1787,-61.4014,-4.7607,1,493,900,719
1198793928,235895,0.0688,0.0059,1.0703,-8.6670,-61.4014,-3.7231,1,493,902,719
1198798923,235896,0.0640,0.0117,1.0713,-9.0332,-61.0962,-2.2583,1,486,896,719
1198803931,235897,0.0298,0.0210,1.0830,-10.3760,-64.1479,-1.5259,1,466,797,719
1198808928,235898,-0.0034,0.0239,1.0884,-12.7563,-76.9653,-1.8311,1,473,852,719
1198813929,235899,-0.0381,0.0273,1.0806,-14.0991,-83.2519,-2.0142,1,480,885,719
1198818930,235900,-0.0879,0.0293,1.0752,-15.3809,-95.5810,-1.8311,1,485,889,719
1198823927,235901,-0.1484,0.0195,1.0781,-15.6250,-108.2153,-1.0376,1,478,883,719
1198828926,235902,-0.2222,0.0181,1.0840,-15.8691,-123.7183,-0.1221,1,488,921,719
1198833923,235903,-0.3027,0.0273,1.0981,-16.6626,-141.6016,0.6104,1,487,892,719
1198838925,235904,-0.4160,0.0435,1.1348,-16.7847,-164.4287,0.9155,1,503,877,719
1198843930,235905,-0.5200,0.0674,1.1860,-19.2871,-198.6084,0.7935,1,512,876,719
1198848924,235906,-0.6055,0.1099,1.2534,-22.4609,-238.0371,0.0610,1,472,857,719
1198853922,235907,-0.7422,0.1533,1.3433,-30.5786,-287.3535,-3.9062,1,479,946,719
1198858926,235908,-0.9590,0.1548,1.4971,-42.1753,-345.3369,-9.6436,1,480,916,719
1198863927,235909,-1.1641,0.1318,1.6958,-55.6030,-410.2783,-13.3667,1,477,915,719
1198868923,235910,-1.1416,0.0591,1.8301,-67.3218,-473.3886,-14.5264,1,474,944,719
1198873927,235911,-0.8916,0.0112,1.8628,-68.4814,-523.4375,-15.2588,1,475,935,719
1198878927,235912,-0.7202,0.0732,1.8892,-73.3032,-555.1758,-19.8364,1,484,920,719
1198883923,235913,-0.8301,0.1548,1.9565,-86.8530,-585.3271,-23.2544,1,466,909,719
1198888922,235914,-1.0396,0.1567,1.9233,-98.1445,-641.7847,-24.5361,1,466,940,719
1198893929,235915,-1.0674,0.1025,1.6914,-103.1494,-681.5185,-25.7568,1,466,947,719
1198898922,235916,-0.9219,0.0542,1.3481,-104.2480,-696.1669,-30.3955,1,465,955,719
1198903924,235917,-0.7583,-0.0664,1.0151,-105.9570,-713.4399,-41.3818,1,466,952,719
1198908925,235918,-0.6426,-0.3550,0.7026,-89.2944,-734.0087,-47.0581,1,466,955,719
1198913927,235919,-0.5459,-0.7739,0.3198,-41.9311,-760.4980,-45.1050,1,492,947,719
1198918924,235920,-0.4365,-0.9526,0.0127,11.4746,-774.1699,-41.3818,1,464,948,719
1198923926,235921,0.0273,-0.3545,0.5171,27.8320,-798.4008,-31.7993,1,470,949,719
1198928923,235922,1.8257,0.3389,2.1289,-38.1470,-799.3163,-0.1221,1,473,837,719
1198933930,235923,3.8584,-0.1938,4.3486,-102.3559,-608.2764,6.2256,1,478,895,719
1198938929,235924,3.8804,-1.3330,5.8813,-54.4434,-378.1128,-21.3013,1,473,905,719
1198943925,235925,2.1450,-1.6079,5.8101,23.8647,-191.1011,-29.2969,1,473,942,719
1198948928,235926,0.1802,-1.0635,4.8154,18.9819,-54.8706,-33.0811,1,502,916,719
1198953922,235927,-1.0229,-0.4805,3.7402,6.2256,16.7236,-27.7100,1,490,895,719
1198958922,235928,-1.3281,-0.1704,2.8979,4.3335,50.3540,-20.9351,1,511,887,719
1198963930,235929,-1.1670,-0.0552,2.2798,5.9814,84.2285,-26.0620,1,466,912,719
1198968927,235930,-1.0342,0.0327,1.8008,11.9019,104.0039,-33.2031,1,466,923,719
1198973929,235931,-1.0244,0.1538,1.4434,12.7563,109.0698,-42.9077,1,469,964,719
1198978926,235932,-1.0273,0.2646,1.2471,9.5825,111.0840,-54.4434,1,469,940,719
1198983927,235933,-0.9673,0.3193,1.2085,5.0659,114.3188,-66.0400,1,471,928,719
1198988923,235934,-0.8530,0.3086,1.2637,0.4883,123.0469,-78.6133,1,471,918,719
1198993928,235935,-0.7305,0.2402,1.3335,-2.4414,135.8643,-90.0268,1,472,896,719
1198998926,235936,-0.6421,0.1406,1.3691,-3.5400,152.5879,-99.5483,1,483,902,719
1199003927,235937,-0.6060,0.0425,1.3755,-3.4180,170.3491,-106.7505,1,466,922,719
1199008930,235938,-0.5967,-0.0474,1.3809,-2.0142,186.1572,-111.3281,1,466,924,719
1199013936,235939,-0.5762,-0.1357,1.4023,0.8545,200.3784,-112.8540,1,466,931,719
1199018956,235940,-0.5312,-0.2236,1.4365,5.4321,214.2944,-111.8774,1,466,932,719
1199023929,235941,-0.4624,-0.3071,1.4678,11.9019,228.9429,-109.0088,1,466,975,719
1199028923,235942,-0.3833,-0.3843,1.4761,19.5312,245.4223,-104.4311,1,493,945,719
1199033930,235943,-0.3179,-0.4453,1.4395,28.3203,262.0239,-98.5107,1,494,981,719
1199038926,235944,-0.2773,-0.4766,1.3525,37.5366,276.7334,-91.6748,1,466,941,719
1199043929,235945,-0.2559,-0.4751,1.2300,44.7998,288.8184,-85.0220,1,480,864,719
1199048927,235946,-0.2397,-0.4463,1.0947,49.4385,296.5698,-78.4302,1,480,832,719
1199053930,235947,-0.2183,-0.4048,0.9658,50.5981,300.2319,-71.9604,1,489,917,719
1199058931,235948,-0.1880,-0.3696,0.8506,47.9736,301.1475,-65.9790,1,479,899,719
1199063930,235949,-0.1553,-0.3447,0.7505,42.4194,299.9878,-60.0586,1,487,924,719
1199068924,235950,-0.1274,-0.3242,0.6724,33.8745,297.0581,-54.1382,1,487,906,719
1199073928,235951,-0.1113,-0.3115,0.6279,23.1323,292.6025,-48.4619,1,511,910,719
1199078928,235952,-0.1060,-0.3066,0.6270,11.1084,287.1704,-42.6025,1,466,936,719
1199083922,235953,-0.1045,-0.3130,0.6738,-1.5259,281.6162,-36.1328,1,465,925,719
1199088923,235954,-0.0996,-0.3340,0.7695,-14.0991,276.4282,-28.8696,1,470,906,719
1199093930,235955,-0.0830,-0.3643,0.9087,-25.3296,273.0103,-20.6909,1,469,936,719
1199098928,235956,-0.0483,-0.3896,1.0767,-34.3018,271.9116,-11.5356,1,481,924,719
1199103928,235957,0.0752,-0.4150,1.3975,-46.7529,280.8838,8.2397,1,466,933,719
1199108922,235958,0.1343,-0.4146,1.4902,-48.7671,289.9170,17.9443,1,465,902,719
1199113922,235959,0.1597,-0.3857,1.5229,-49.3164,298.3398,27.0386,1,484,913,719
1199118928,235960,0.1665,-0.3213,1.5200,-50.4761,304.6265,34.9731,1,466,943,719
1199123930,235961,0.1797,-0.2368,1.5107,-52.4902,309.6313,41.2598,1,466,928,719
1199128924,235962,0.2051,-0.1455,1.5078,-54.6875,313.4155,45.8374,1,466,942,719
1199133928,235963,0.2344,-0.0552,1.5068,-57.0679,316.5283,48.4009,1,466,939,719
1199138925,235964,0.2622,0.0229,1.5020,-59.8755,318.7256,49.6826,1,493,932,719
1199143927,235965,0.2827,0.0752,1.4902,-62.5000,320.6177,49.9268,1,467,939,719
1199148922,235966,0.2861,0.0986,1.4751,-64.0869,321.4111,49.6216,1,493,936,719
1199153929,235967,0.2749,0.1025,1.4609,-63.7207,320.6177,49.3774,1,487,939,719
1199158922,235968,0.2642,0.1025,1.4512,-62.0728,318.6035,49.3774,1,478,835,719
1199163924,235969,0.2651,0.1079,1.4512,-59.9976,315.9180,49.6216,1,490,918,719
1199168939,235970,0.2773,0.1226,1.4575,-57.6782,314.0259,49.6216,1,474,910,719
1199173925,235971,0.2812,0.1514,1.4648,-55.7861,312.5610,49.0723,1,488,913,719
1199178922,235972,0.2637,0.1924,1.4800,-54.7485,309.6924,47.7905,1,508,943,719
1199183930,235973,0.2456,0.2314,1.5220,-54.5044,305.2979,45.9595,1,502,910,719
1199188927,235974,0.2554,0.2500,1.6040,-54.7485,301.6357,43.8232,1,511,909,719
1199193922,235975,0.2900,0.2422,1.7139,-54.6265,300.9644,41.6870,1,472,925,719
1199198931,235976,0.3184,0.2192,1.8237,-53.5889,302.4902,39.3677,1,477,931,719
1199203930,235977,0.3281,0.1987,1.9131,-51.5747,304.9927,37.2925,1,465,922,719
1199208931,235978,0.3369,0.1899,1.9707,-49.4995,308.2275,35.5225,1,467,922,719
1199213923,235979,0.3594,0.1929,1.9839,-47.3022,312.0117,33.7524,1,465,928,719
1199218923,235980,0.3813,0.2012,1.9507,-45.3491,316.1621,31.7383,1,470,932,719
1199223925,235981,0.3828,0.2114,1.8862,-43.9453,318.4204,29.1138,1,484,919,719
1199228925,235982,0.3638,0.2241,1.8237,-43.3350,317.6270,26.1841,1,483,928,719
1199233930,235983,0.3477,0.2397,1.8027,-43.4570,314.5142,22.9492,1,466,938,719
1199238924,235984,0.3633,0.2500,1.8428,-44.6167,311.6455,19.4092,1,465,944,719
1199243955,235985,0.4097,0.2412,1.9272,-45.5933,312.1948,15.6250,1,466,924,719
1199248930,235986,0.4551,0.2148,2.0103,-44.8608,315.5518,11.6577,1,466,942,719
1199253925,235987,0.4775,0.1895,2.0557,-43.0298,319.2749,7.9346,1,466,936,719
1199258929,235988,0.4883,0.1777,2.0562,-41.3818,322.6318,4.4556,1,466,920,719
1199263923,235989,0.5039,0.1768,2.0210,-39.8560,325.7446,1.0376,1,494,930,719
1199268926,235990,0.5205,0.1816,1.9561,-38.4521,328.0029,-2.5024,1,483,840,719
1199273930,235991,0.5259,0.1904,1.8701,-37.7197,328.3081,-6.2256,1,488,899,719
1199278930,235992,0.5210,0.2007,1.7817,-37.8418,326.1718,-9.8877,1,490,889,719
1199283929,235993,0.5171,0.2085,1.7065,-38.7573,321.8994,-13.3667,1,473,889,719
1199288929,235994,0.5234,0.2104,1.6504,-40.2832,315.9790,-16.7847,1,478,908,719
1199293926,235995,0.5449,0.2031,1.6157,-42.1143,308.7769,-19.7144,1,479,899,719
1199298925,235996,0.5811,0.1846,1.6050,-44.4946,301.2695,-22.0337,1,506,902,719
1199303922,235997,0.6323,0.1533,1.6094,-46.7529,293.7012,-23.7427,1,465,921,719
1199308930,235998,0.6978,0.1123,1.6084,-48.0347,286.8042,-24.5972,1,474,880,719
1199313924,235999,0.7729,0.0659,1.5820,-48.8281,279.7852,-24.5361,1,467,972,719
1199318926,236000,0.8496,0.0161,1.5220,-49.0112,272.5220,-23.3154,1,473,935,719
1199323930,236001,0.9224,-0.0298,1.4355,-49.0112,264.2212,-21.1792,1,470,941,719
1199328922,236002,0.9956,-0.0635,1.3374,-49.0723,254.1504,-18.2495,1,468,937,719
1199333927,236003,1.0811,-0.0771,1.2378,-49.3164,242.8589,-15.3198,1,473,919,719
1199338928,236004,1.1826,-0.0693,1.1431,-50.1709,230.0415,-12.6953,1,483,929,719
1199343928,236005,1.2964,-0.0508,1.0610,-52.3682,216.1865,-10.4980,1,466,941,719
1199348929,236006,1.4121,-0.0430,1.0005,-54.9927,201.9043,-8.7280,1,465,941,719
1199353927,236007,1.5293,-0.0483,0.9624,-56.3965,186.2182,-6.9580,1,466,919,719
1199358957,236008,1.6631,-0.0537,0.9336,-56.9458,170.2270,-4.6997,1,466,933,719
1199363922,236009,1.8213,-0.0615,0.8882,-56.3965,156.1890,-2.1973,1,465,928,719
1199368923,236010,1.9756,-0.0688,0.7979,-53.1616,143.5547,0.8545,1,465,921,719
1199373926,236011,2.0942,-0.0684,0.6475,-47.7905,129.7607,4.4556,1,494,919,719
1199378924,236012,2.1631,-0.0615,0.4536,-41.6260,112.4268,8.1787,1,465,811,719
1199383927,236013,2.1899,-0.0479,0.2646,-34.5459,90.7593,12.7563,1,483,822,719
1199388925,236014,2.2075,-0.0439,0.1309,-27.7100,63.5986,17.6392,1,479,870,719
1199393922,236015,2.2363,-0.0669,0.0747,-19.4702,35.2783,22.7051,1,485,905,719
1199398927,236016,2.2661,-0.1055,0.0815,-10.0708,7.6294,28.0762,1,471,898,719
1199403924,236017,2.2754,-0.1318,0.1284,-1.5869,-19.1650,33.0811,1,494,913,719
1199408924,236018,2.2554,-0.1436,0.2139,4.0283,-45.6543,37.5366,1,480,883,719
1199413924,236019,2.2485,-0.1489,0.3501,7.1411,-71.1670,42.1143,1,511,891,719
1199418928,236020,2.6235,0.2905,0.0176,10.1929,-145.3247,40.1001,1,465,908,719
1199423928,236021,2.4653,1.2300,-1.4907,-4.3335,-310.6079,20.3857,1,465,951,719
1199428926,236022,0.8535,0.9609,-2.2109,-109.8633,-326.3549,-23.1323,1,465,917,719
1199433925,236023,0.0493,-0.4390,-0.5659,-114.0137,-344.4824,-21.1182,1,465,948,719
1199438925,236024,0.0645,-1.0957,1.3994,-22.2168,-309.1431,-7.4463,1,467,948,719
1199443928,236025,-1.2505,-1.3237,2.2271,-7.7515,-272.9492,-37.8418,1,467,901,719
1199448926,236026,-2.5557,-1.7612,2.1357,11.9019,-336.7920,-42.7856,1,479,900,719
1199453923,236027,-1.9233,-1.7920,1.4736,114.1968,-424.4995,-0.9766,1,483,938,719
1199458926,236028,0.1084,-1.0947,0.5493,139.9536,-437.5610,36.4990,1,466,937,719
1199463924,236029,1.4883,-0.1670,-0.1260,100.5859,-403.6255,46.2036,1,465,942,719
1199468935,236030,1.2930,0.4404,0.1191,61.7676,-416.0156,55.0537,1,466,948,719
1199473926,236031,0.5874,0.5488,1.5039,29.2969,-450.3784,63.3545,1,466,944,719
1199478923,236032,0.3804,0.4253,3.3262,31.3110,-434.9365,63.9038,1,493,946,719
1199483928,236033,0.6675,0.4678,4.4683,60.4248,-389.7094,59.3262,1,479,942,719
1199488929,236034,1.0703,0.7700,4.4854,81.0547,-339.1723,45.8374,1,494,944,719
1199493929,236035,1.2344,1.0449,3.8213,81.4819,-291.4429,27.4658,1,465,941,719
1199498924,236036,1.0342,0.9790,3.1099,69.7021,-252.0141,13.4277,1,480,870,719
1199503925,236037,0.6582,0.5439,2.6484,57.8613,-224.3652,7.1411,1,490,911,719
1199508947,236038,0.3672,-0.0420,2.3604,51.8188,-202.2705,8.5449,1,473,915,719
1199513930,236039,0.2271,-0.5034,2.0737,47.7295,-182.1899,16.1133,1,480,895,719
1199518927,236040,0.1602,-0.6807,1.7383,41.6260,-167.5415,26.6724,1,501,911,719
1199523923,236041,0.0996,-0.5786,1.4297,34.4849,-158.7524,36.6211,1,471,909,719
1199528923,236042,0.0303,-0.2900,1.2324,29.9072,-154.1138,42.3584,1,510,897,719
1199533929,236043,-0.0620,0.0322,1.1743,27.7100,-151.7944,43.0298,1,472,876,719
1199538925,236044,-0.2324,0.1597,1.3398,31.5552,-147.3389,42.7856,1,467,935,719
1199543925,236045,-0.2852,0.1079,1.7720,55.4810,-153.1982,43.7012,1,472,998,719
1199548922,236046,0.0400,0.0757,2.1948,80.3833,-154.9683,38.7573,1,472,925,719
1199553926,236047,0.4136,0.0220,2.2935,76.2939,-123.2910,32.1045,1,479,927,719
1199558924,236048,0.4307,-0.0928,2.0952,66.3452,-94.9707,30.7617,1,473,931,719
1199563930,236049,0.2300,-0.1177,1.8223,68.5425,-87.4023,31.9214,1,483,911,719
1199568926,236050,0.0747,0.0649,1.6440,69.1528,-81.3599,28.1372,1,466,915,719
1199573923,236051,0.0317,0.3599,1.5776,58.6548,-72.2656,20.6909,1,466,937,719
1199578929,236052,0.0527,0.5425,1.5220,44.5557,-63.2324,13.6108,1,466,936,719
1199583924,236053,0.0586,0.4736,1.4121,31.2500,-53.4668,7.2021,1,465,943,719
1199588928,236054,0.0166,0.2134,1.2930,22.8882,-46.8750,4.0283,1,466,926,719
1199593929,236055,-0.0273,-0.0400,1.2188,21.4233,-44.7998,4.2114,1,493,922,719
1199598922,236056,-0.0332,-0.1309,1.1851,23.0713,-41.3818,4.3945,1,466,955,719
1199603924,236057,-0.0298,-0.0562,1.1650,23.6816,-36.1328,3.8452,1,493,920,719
1199608923,236058,-0.0425,0.0693,1.1445,20.8130,-32.5317,2.4414,1,483,816,719
1199613926,236059,-0.0576,0.1382,1.1191,16.1743,-30.9448,1.0376,1,492,899,719
1199618923,236060,-0.0693,0.1245,1.0962,12.0850,-29.2969,0.3052,1,491,899,719
1199623928,236061,-0.0737,0.0688,1.0835,9.3384,-28.6865,-0.3662,1,491,889,719
1199628928,236062,-0.0610,0.0063,1.0796,7.9956,-27.5269,-0.9155,1,494,898,719
1199633927,236063,-0.0410,-0.0474,1.0781,8.4229,-24.8413,-1.0986,1,479,871,719
1199638931,236064,-0.0288,-0.0806,1.0674,10.3760,-21.4233,-0.7324,1,506,863,719
1199643928,236065,-0.0361,-0.0938,1.0522,12.2681,-17.7612,-0.4883,1,465,907,719
1199648925,236066,-0.0474,-0.0645,1.0537,14.2822,-16.1133,0.1221,1,480,879,719
1199653929,236067,-0.0464,0.0020,1.0645,14.4653,-14.4653,0.1221,1,466,899,719
1199658927,236068,-0.0513,0.0454,1.0630,12.4512,-12.3901,-0.4883,1,466,911,719
1199663922,236069,-0.0635,0.0483,1.0508,10.9253,-12.2070,-0.8545,1,469,916,719
1199668928,236070,-0.0620,0.0356,1.0513,10.1318,-12.1460,-1.0986,1,475,894,719
1199673923,236071,-0.0464,0.0293,1.0693,9.1553,-10.3760,-1.5869,1,484,903,719
1199678929,236072,-0.0337,0.0308,1.0830,8.1177,-8.2397,-2.0752,1,465,901,719
1199683925,236073,-0.0371,0.0283,1.0771,7.0801,-6.2256,-2.5024,1,466,881,719
1199688923,236074,-0.0547,0.0210,1.0537,6.4697,-5.0049,-2.8076,1,465,885,719
1199693947,236075,-0.0708,0.0151,1.0322,5.9204,-5.0049,-2.8687,1,466,881,719
1199698927,236076,-0.0698,0.0083,1.0283,5.0659,-5.3101,-2.9907,1,466,884,719
1199703930,236077,-0.0605,0.0010,1.0347,5.0659,-4.6387,-2.8687,1,494,882,719
1199708925,236078,-0.0576,0.0000,1.0371,5.1270,-3.9673,-2.8076,1,487,873,719
1199713930,236079,-0.0688,0.0010,1.0264,4.9438,-3.6011,-2.9907,1,464,816,719
1199718926,236080,-0.0894,0.0034,1.0088,5.1880,-4.1504,-2.8687,1,482,820,719
1199723928,236081,-0.1016,0.0107,1.0000,4.9438,-5.5542,-2.9297,1,485,845,719
1199728941,236082,-0.0947,0.0132,1.0068,4.2114,-6.8359,-2.9297,1,488,848,719
1199733922,236083,-0.0791,0.0024,1.0171,4.2114,-7.3242,-2.8076,1,483,859,719
1199738926,236084,-0.0679,-0.0059,1.0205,5.0659,-7.6294,-2.8687,1,509,856,719
1199743927,236085,-0.0674,0.0015,1.0210,5.3711,-7.9956,-2.9297,1,488,837,719
1199748928,236086,-0.0737,-0.0015,1.0142,5.1880,-8.5449,-3.2349,1,511,788,719
1199753929,236087,-0.0835,-0.0142,1.0034,5.9814,-9.1553,-3.3569,1,477,908,719
1199758929,236088,-0.0742,-0.0137,1.0103,7.5684,-10.4370,-3.3569,1,477,875,719
1199763926,236089,-0.0439,-0.0054,1.0356,8.0566,-9.3384,-3.4790,1,479,890,719
1199768924,236090,-0.0298,-0.0020,1.0498,8.4839,-7.4463,-3.7231,1,466,838,719
1199773927,236091,-0.0420,-0.0112,1.0381,8.7280,-6.8970,-3.4790,1,468,866,719
1199778931,236092,-0.0635,-0.0127,1.0239,10.3760,-7.6294,-3.3569,1,465,865,719
1199783922,236093,-0.0664,0.0000,1.0239,10.5591,-8.4229,-3.1128,1,483,885,719
1199788922,236094,-0.0522,0.0073,1.0298,10.5591,-7.9956,-2.9907,1,466,857,719
1199793928,236095,-0.0386,0.0132,1.0283,11.1694,-7.3242,-2.5635,1,465,899,719
1199798930,236096,-0.0464,0.0166,1.0117,11.0474,-6.2256,-2.5635,1,466,907,719
1199803926,236097,-0.0820,0.0132,0.9878,10.9863,-6.6528,-2.5635,1,466,902,719
1199808930,236098,-0.1177,0.0088,0.9688,11.4746,-8.6670,-2.6855,1,492,901,719
1199813927,236099,-0.1284,0.0015,0.9590,12.0850,-11.4746,-2.8076,1,466,934,719
1199818923,236100,-0.1216,-0.0054,0.9600,12.9395,-13.3667,-3.0518,1,494,920,719
1199823924,236101,-0.1147,-0.0059,0.9712,13.7329,-15.2588,-3.4790,1,480,913,719
1199828924,236102,-0.1040,0.0029,0.9888,14.2212,-17.0288,-3.6011,1,476,815,719
1199833928,236103,-0.0762,0.0200,1.0117,14.2212,-18.4326,-3.7842,1,483,875,719
1199838947,236104,-0.0449,0.0303,1.0273,13.4888,-17.8223,-4.1504,1,486,883,719
1199843923,236105,-0.0361,0.0327,1.0269,12.9395,-16.9067,-4.4556,1,472,901,719
1199848922,236106,-0.0425,0.0376,1.0234,12.3291,-17.0288,-4.3945,1,481,885,719
1199853925,236107,-0.0459,0.0386,1.0249,11.2305,-16.8457,-4.5776,1,504,888,719
1199858922,236108,-0.0459,0.0342,1.0264,10.7422,-16.3574,-4.7607,1,493,875,719
1199863925,236109,-0.0464,0.0352,1.0283,9.9487,-16.4795,-4.8218,1,465,908,719
1199868923,236110,-0.0488,0.0405,1.0234,9.3994,-16.6626,-4.8218,1,465,885,719
1199873931,236111,-0.0586,0.0449,1.0103,8.6060,-17.0898,-5.1270,1,465,895,719
1199878929,236112,-0.0776,0.0444,0.9985,7.4463,-20.2637,-5.6152,1,480,881,719
1199883923,236113,-0.0776,0.0415,1.0010,6.9580,-22.0337,-6.1035,1,483,857,719
1199888922,236114,-0.0786,0.0381,0.9976,6.6528,-23.8037,-6.4697,1,465,880,719
1199893926,236115,-0.0884,0.0371,0.9868,6.6528,-26.0010,-7.2632,1,484,884,719
1199898929,236116,-0.1025,0.0425,0.9800,6.5918,-28.9917,-7.8735,1,466,899,719
1199903924,236117,-0.1025,0.0513,0.9863,5.9814,-32.4097,-8.6060,1,465,903,719
1199908922,236118,-0.0835,0.0557,1.0029,5.1270,-35.5225,-9.6436,1,466,896,719
1199913923,236119,-0.0645,0.0562,1.0142,4.6387,-37.5366,-10.4980,1,466,893,719
1199918925,236120,-0.0684,0.0605,1.0112,4.0894,-39.8560,-11.4136,1,492,911,719
1199923929,236121,-0.0889,0.0713,1.0029,3.1738,-43.9453,-12.3901,1,466,911,719
1199928924,236122,-0.0977,0.0820,1.0039,1.7090,-48.6450,-13.5498,1,476,920,719
1199933930,236123,-0.0771,0.0811,1.0200,0.6104,-52.9785,-14.4043,1,466,811,719
1199938926,236124,-0.0381,0.0728,1.0439,-0.3662,-55.7251,-15.0146,1,491,807,719
1199943926,236125,-0.0029,0.0684,1.0610,-1.3428,-57.1289,-15.1978,1,481,888,719
1199948939,236126,0.0171,0.0674,1.0654,-2.5635,-57.9224,-15.3198,1,490,888,719
1199953924,236127,0.0190,0.0669,1.0620,-3.9673,-58.1665,-15.3809,1,481,891,719
1199958928,236128,0.0132,0.0615,1.0542,-5.3711,-59.2041,-14.7095,1,494,910,719
1199963924,236129,0.0132,0.0532,1.0464,-6.2256,-59.9365,-13.3667,1,497,882,719
1199968927,236130,0.0112,0.0503,1.0430,-7.0801,-60.3638,-11.9019,1,511,881,719
1199973923,236131,0.0117,0.0503,1.0435,-8.4229,-62.1338,-10.1929,1,475,903,719
1199978926,236132,0.0264,0.0474,1.0469,-9.4604,-63.4155,-8.8501,1,482,940,719
1199983925,236133,0.0405,0.0430,1.0493,-10.1318,-63.9648,-8.0566,1,482,887,719
1199988927,236134,0.0405,0.0366,1.0474,-10.7422,-64.3921,-7.0801,1,466,921,719
1199993922,236135,0.0288,0.0337,1.0430,-11.0474,-65.4907,-6.1035,1,482,902,719
1199998927,236136,0.0244,0.0391,1.0420,-11.7798,-67.5049,-5.3711,1,465,896,719
1200003929,236137,0.0312,0.0444,1.0488,-13.0005,-68.6646,-5.1880,1,483,887,719
1200008924,236138,0.0527,0.0459,1.0620,-13.9160,-70.3125,-5.3101,1,466,935,719
1200013926,236139,0.0942,0.0391,1.0737,-15.0146,-70.3125,-4.9438,1,466,905,719
1200018930,236140,0.0928,0.0449,1.0996,-15.9912,-68.3594,-4.2114,1,466,912,719
1200023945,236141,0.0288,0.0679,1.1270,-19.7144,-82.5195,-3.6621,1,465,918,719
1200028930,236142,-0.0396,0.0752,1.1328,-23.6816,-101.4404,-3.2959,1,466,919,719
1200033930,236143,-0.1099,0.0596,1.1235,-26.1230,-115.8447,-3.7231,1,493,927,719
1200038927,236144,-0.2104,0.0376,1.1084,-25.6958,-130.0659,-3.4790,1,481,933,719
1200043922,236145,-0.3525,0.0259,1.1089,-25.4517,-146.9727,-4.2114,1,464,808,719
1200048925,236146,-0.5444,0.0220,1.1445,-26.7334,-174.2554,-5.9814,1,482,816,719
1200053922,236147,-0.8276,0.0459,1.2153,-28.3813,-214.5386,-7.0801,1,486,830,719
1200058944,236148,-1.2080,0.1396,1.3213,-32.5317,-273.5596,-7.2632,1,488,899,719
1200063925,236149,-1.4717,0.2666,1.4541,-46.3257,-353.0273,-5.9814,1,473,893,719
1200068928,236150,-1.5654,0.3433,1.6748,-73.2422,-427.0630,-11.4136,1,501,908,719
1200073922,236151,-1.6865,0.3604,2.0156,-102.3559,-504.9438,-22.7051,1,479,913,719
1200078926,236152,-1.6309,0.3379,2.2886,-116.3940,-599.5483,-22.3999,1,493,910,719
1200083930,236153,-1.3823,0.3120,2.4004,-129.7607,-662.4755,-25.6348,1,477,939,719
1200088924,236154,-1.4077,0.3203,2.4150,-155.1514,-721.3745,-35.5835,1,476,945,719
1200093929,236155,-1.7124,0.3042,2.3203,-174.7436,-808.9599,-38.6963,1,482,930,719
1200098924,236156,-1.9258,0.1982,1.9834,-182.0068,-871.8261,-40.2222,1,477,935,719
1200103929,236157,-1.7417,-0.0723,1.3403,-168.0908,-908.2641,-46.0815,1,482,951,719
1200108929,236158,-1.3257,-0.6528,0.6118,-135.4980,-929.8705,-59.5093,1,479,942,719
1200113925,236159,-1.0542,-1.2158,0.0806,-71.7773,-976.6845,-68.2373,1,484,930,719
1200118922,236160,-0.0942,-0.6719,0.4707,-2.3804,-1021.4843,-53.1616,1,466,937,719
1200123924,236161,2.8779,0.3770,2.5269,0.5493,-916.0766,-7.6904,1,466,932,719
1200128924,236162,5.7002,0.0039,5.6606,-71.5942,-623.5352,-36.8042,1,466,915,719
1200133940,236163,5.0010,-1.2007,7.5391,-23.6816,-337.2192,-84.7778,1,466,921,719
1200138925,236164,1.5659,-1.4946,6.7588,65.7959,-176.0254,-84.1064,1,466,945,719
1200143923,236165,-1.5498,-0.9473,4.8271,39.8560,-90.2710,-84.4116,1,493,946,719
1200148925,236166,-2.5908,-0.5146,3.5122,8.5449,-51.1475,-79.8950,1,477,940,719
1200153930,236167,-2.0596,-0.4731,2.9771,12.0850,-5.1270,-72.3267,1,493,930,719
1200158930,236168,-1.4268,-0.5801,2.5918,16.1743,51.0254,-72.9980,1,466,806,719
1200163922,236169,-1.3799,-0.6201,2.0513,18.6157,81.3599,-70.3735,1,477,821,719
1200168927,236170,-1.6216,-0.5630,1.5078,18.4937,88.9282,-66.5894,1,492,911,719
1200173924,236171,-1.7363,-0.4946,1.1904,14.4043,92.1631,-64.8193,1,475,900,719
1200178927,236172,-1.6489,-0.4668,1.1455,14.0991,96.8628,-62.5000,1,504,909,719
1200183926,236173,-1.4907,-0.4692,1.2739,14.2822,105.1025,-60.9741,1,485,919,719
1200188930,236174,-1.3613,-0.4775,1.4731,13.2446,117.4316,-59.5093,1,508,953,719
1200193930,236175,-1.2554,-0.4746,1.6909,12.2070,133.8501,-57.0068,1,492,917,719
1200198925,236176,-1.1348,-0.4595,1.9077,9.6436,156.7383,-54.4434,1,475,880,719
1200203928,236177,-0.9824,-0.4497,2.0972,7.2021,185.6079,-51.6357,1,480,978,719
1200208928,236178,-0.8066,-0.4575,2.2109,7.2021,219.9097,-48.3398,1,481,920,719
1200213924,236179,-0.6396,-0.4688,2.2153,9.7656,257.3242,-45.4712,1,480,932,719
1200218930,236180,-0.5122,-0.4575,2.1157,13.4277,293.5791,-43.3960,1,465,961,719
1200223922,236181,-0.4292,-0.4229,1.9365,16.9678,325.9887,-42.1143,1,475,934,719
1200228928,236182,-0.3804,-0.3833,1.7095,20.1416,352.3559,-40.8325,1,483,921,719
1200233930,236183,-0.3403,-0.3481,1.4697,22.7661,370.6665,-39.2456,1,466,943,719
1200238924,236184,-0.2998,-0.3188,1.2490,23.9258,383.1787,-37.8418,1,466,948,719
1200243923,236185,-0.2686,-0.2886,1.0693,23.3765,389.2212,-36.4380,1,466,942,719
1200248930,236186,-0.2407,-0.2451,0.9424,21.1182,389.2822,-34.9121,1,466,939,719
1200253929,236187,-0.2017,-0.1919,0.8745,16.2354,386.6577,-34.3628,1,492,942,719
1200258922,236188,-0.1426,-0.1445,0.8691,8.6670,382.2021,-34.6069,1,468,927,719
1200263927,236189,-0.0547,-0.1099,0.9019,-0.5493,377.7466,-34.3018,1,494,927,719
1200268930,236190,0.0420,-0.0898,0.9282,-10.8032,376.9531,-33.8135,1,465,807,719
1200273922,236191,0.0952,-0.0801,0.9312,-21.3013,378.0517,-33.8135,1,480,829,719
1200278923,236192,0.0933,-0.0752,0.9331,-31.2500,376.8310,-33.0811,1,492,907,719
1200283928,236193,0.0737,-0.0728,0.9614,-40.5884,372.9248,-31.5552,1,476,901,719
1200288926,236194,0.0757,-0.0776,1.0239,-49.3774,368.2861,-28.9917,1,480,911,719
1200293930,236195,0.1108,-0.0986,1.1123,-56.7017,365.5395,-25.3296,1,476,938,719
1200298930,236196,0.1611,-0.1294,1.2065,-61.2183,364.3799,-20.4468,1,499,918,719
1200303931,236197,0.2046,-0.1504,1.2920,-64.7583,364.5019,-14.6484,1,493,906,719
1200308922,236198,0.2324,-0.1543,1.3677,-67.5659,365.6006,-8.1177,1,465,930,719
1200313929,236199,0.2466,-0.1421,1.4297,-69.7632,367.1264,-1.1597,1,476,978,719
1200318925,236200,0.2480,-0.1162,1.4844,-72.2046,367.8589,5.7373,1,475,909,719
1200323927,236201,0.2427,-0.0796,1.5444,-74.8901,367.1264,12.5732,1,483,914,719
1200328930,236202,0.2534,-0.0420,1.6108,-77.4536,366.5161,19.5923,1,466,942,719
1200333925,236203,0.2773,-0.0117,1.6719,-79.8340,367.3706,26.4282,1,479,913,719
1200338926,236204,0.2910,0.0146,1.7163,-81.7261,369.2016,32.7148,1,483,919,719
1200343924,236205,0.2861,0.0410,1.7432,-82.7026,370.3003,39.0015,1,466,941,719
1200348929,236206,0.2671,0.0713,1.7622,-82.9468,370.9716,44.8608,1,466,928,719
1200353933,236207,0.2417,0.1113,1.7915,-82.4585,370.5444,49.8657,1,466,943,719
1200358957,236208,0.2261,0.1602,1.8472,-82.0312,369.9951,53.4058,1,466,951,719
1200363922,236209,0.2275,0.2119,1.9297,-81.3599,370.6054,55.9692,1,466,935,719
1200368931,236210,0.2363,0.2578,2.0293,-80.3223,372.5586,56.7627,1,466,949,719
1200373927,236211,0.2500,0.2876,2.1309,-78.9185,375.2441,56.0913,1,482,947,719
1200378929,236212,0.2739,0.2974,2.2168,-76.7822,379.2724,54.1382,1,464,887,719
1200383924,236213,0.3013,0.2876,2.2715,-74.3408,384.4604,51.5137,1,473,841,719
1200388930,236214,0.3276,0.2593,2.2954,-71.6553,389.8315,48.7671,1,483,833,719
1200393939,236215,0.3496,0.2188,2.2959,-67.7490,394.2871,46.0205,1,474,914,719
1200398926,236216,0.3662,0.1753,2.2764,-62.6221,397.6440,43.2129,1,471,940,719
1200403922,236217,0.3765,0.1401,2.2456,-56.8848,399.3530,39.7339,1,490,917,719
1200408922,236218,0.3848,0.1226,2.2231,-51.8188,398.4375,35.7666,1,497,913,719
1200413929,236219,0.4038,0.1133,2.2285,-48.4619,395.9350,31.3721,1,511,915,719
1200418928,236220,0.4468,0.0923,2.2686,-46.6919,392.8833,26.5503,1,467,935,719
1200423928,236221,0.5190,0.0552,2.3276,-46.4478,390.5639,21.6064,1,469,936,719
1200428924,236222,0.6128,0.0107,2.3853,-47.7905,389.7094,17.6392,1,469,986,719
1200433931,236223,0.7119,-0.0317,2.4312,-50.9644,389.9536,14.2822,1,470,926,719
1200438924,236224,0.8062,-0.0640,2.4570,-54.5654,390.1367,11.6577,1,465,947,719
1200443925,236225,0.8984,-0.0806,2.4492,-58.2275,389.4043,9.8267,1,470,942,719
1200448927,236226,0.9927,-0.0801,2.3989,-61.4624,387.1460,7.7515,1,484,911,719
1200453929,236227,1.0864,-0.0703,2.3125,-64.6973,382.2632,5.6152,1,466,904,719
1200458929,236228,1.1802,-0.0586,2.2065,-68.1152,374.2675,3.9673,1,466,923,719
1200463930,236229,1.2827,-0.0498,2.1011,-71.7163,362.9150,3.2959,1,466,924,719
1200468923,236230,1.4102,-0.0601,2.0039,-74.2798,349.4262,3.1738,1,466,925,719
1200473929,236231,1.5513,-0.0918,1.9146,-74.5850,334.8999,3.8452,1,466,918,719
1200478927,236232,1.6943,-0.1294,1.8267,-72.3267,318.6035,5.9814,1,492,921,719
1200483927,236233,1.8540,-0.1606,1.7383,-67.7490,301.2695,8.5449,1,466,919,719
1200488924,236234,2.0415,-0.1724,1.6357,-60.9741,284.4849,11.1694,1,494,919,719
1200493928,236235,2.2358,-0.1479,1.4932,-53.6499,268.1274,12.8784,1,466,945,719
1200498927,236236,2.4097,-0.0771,1.3027,-47.4853,249.0845,12.8174,1,475,844,719
1200503924,236237,2.5708,0.0215,1.0820,-43.5791,226.6846,10.0708,1,478,940,719
1200508922,236238,2.7461,0.1221,0.8511,-41.3208,200.7446,4.7607,1,488,907,719
1200513929,236239,2.9380,0.2070,0.6147,-40.7715,173.5840,-2.6245,1,495,890,719
1200518925,236240,3.1191,0.2642,0.3794,-42.2974,144.7754,-10.2539,1,470,928,719
1200523928,236241,3.2622,0.2715,0.1592,-45.4102,113.5254,-16.4795,1,496,912,719
1200528925,236242,3.3652,0.2061,-0.0371,-46.8140,78.6133,-19.1040,1,492,898,719
1200533926,236243,3.4282,0.0801,-0.2139,-43.2129,39.4287,-17.1509,1,474,922,719
1200538930,236244,3.4175,-0.0820,-0.3481,-34.4849,-3.4790,-10.3760,1,472,977,719
1200543931,236245,3.3413,-0.2500,-0.3838,-20.2026,-51.0254,0.6104,1,469,907,719
1200548922,236246,3.2686,-0.3721,-0.2822,-1.1597,-98.8159,14.2822,1,467,905,719
1200553923,236247,3.2358,-0.4097,-0.0693,18.7988,-141.2964,27.9541,1,476,880,719
1200558924,236248,3.1963,-0.3784,0.1860,33.9355,-177.0019,38.6963,1,470,914,719
1200563927,236249,3.0249,-0.1973,0.3149,39.7949,-215.8203,42.6025,1,484,917,719
1200568928,236250,1.6470,0.7134,-0.3296,36.5601,-318.0542,28.1982,1,466,941,719
1200573929,236251,-1.2729,0.9829,-0.5840,-70.0684,-379.0283,12.2070,1,466,925,719
1200578928,236252,-2.8945,-0.2852,0.9312,-123.4131,-405.7007,6.8359,1,466,936,719
1200583949,236253,-2.2559,-1.5293,2.3711,-26.8555,-366.5161,28.4424,1,466,929,719
1200588924,236254,-1.7217,-2.2974,2.1162,44.6777,-341.5527,12.8784,1,466,945,719
1200593930,236255,-1.5571,-2.4663,0.6455,140.6860,-412.4756,2.4414,1,492,958,719
1200598929,236256,-0.4937,-1.4316,-0.8896,268.9819,-545.4712,36.9873,1,466,936,719
1200603928,236257,1.1934,0.2734,-1.4253,228.3935,-581.7261,70.9229,1,495,939,719
1200608931,236258,1.9370,1.1807,-0.4160,96.5576,-548.0957,78.5522,1,466,832,719
1200613923,236259,1.3115,1.0249,1.6597,33.9355,-550.5371,89.7827,1,488,833,719
1200618929,236260,0.7549,0.7666,3.6221,40.0391,-565.7959,107.1777,1,478,885,719
1200623922,236261,1.2217,1.1387,4.6030,56.2134,-533.1421,103.9429,1,474,902,719
1200628929,236262,1.9600,1.9199,4.5605,48.5229,-456.9091,70.1904,1,495,914,719
1200633930,236263,2.0596,2.4326,4.0571,25.2075,-393.6157,32.8369,1,491,917,719
1200638926,236264,1.7109,2.2832,3.6362,-0.1831,-350.8911,7.6294,1,492,917,719
1200643926,236265,0.9658,0.5181,3.1123,-28.1982,-254.4556,-26.3062,1,510,875,719
1200648929,236266,0.3457,-0.5991,2.8638,-29.2358,-216.0644,-19.2261,1,475,934,719
1200653923,236267,-0.0742,-1.5884,2.9365,-5.6152,-216.7358,13.0615,1,472,942,719
1200658925,236268,0.3745,-2.0083,3.0498,30.7007,-217.9565,38.6353,1,476,926,719
1200663925,236269,0.9575,-1.8086,2.8120,41.7480,-152.4658,47.7905,1,470,928,719
1200668927,236270,0.8618,-1.0859,2.3521,64.3921,-113.6475,49.1333,1,469,934,719
1200673930,236271,0.4463,-0.0562,1.9487,87.0972,-110.7788,46.8140,1,467,938,719
1200678927,236272,0.1929,0.7549,1.7388,74.0356,-95.7031,34.3018,1,480,925,719
1200683922,236273,0.1133,0.9463,1.6738,50.4761,-72.3267,19.7144,1,466,905,719
1200688922,236274,0.1030,0.5522,1.5977,38.0859,-60.5469,11.9629,1,466,923,719
1200693930,236275,0.0889,-0.0610,1.4380,36.9263,-51.8188,7.8735,1,466,931,719
1200698925,236276,0.0249,-0.4902,1.2559,45.1660,-46.8140,7.8735,1,466,917,719
1200703951,236277,-0.0342,-0.5078,1.1479,57.1289,-47.1191,9.3994,1,466,927,719
1200708930,236278,-0.0386,-0.1621,1.1655,60.8520,-45.7764,8.9111,1,466,932,719
1200713926,236279,-0.0039,0.2778,1.2583,52.6123,-41.1987,6.7139,1,494,927,719
1200718930,236280,0.0298,0.5088,1.3218,37.5977,-34.7290,3.8452,1,486,927,719
1200723929,236281,0.0435,0.4077,1.3057,23.2544,-29.1138,2.0752,1,493,906,719
1200728926,236282,0.0474,0.1348,1.2466,16.7236,-24.4751,2.3193,1,464,838,719
1200733929,236283,0.0444,-0.0444,1.1968,16.1743,-19.1040,3.1128,1,488,847,719
1200738925,236284,0.0205,-0.0366,1.1675,14.7095,-14.0381,2.8687,1,488,879,719
1200743928,236285,-0.0161,0.0454,1.1504,10.7422,-12.1460,1.8311,1,476,886,719
1200748924,236286,-0.0361,0.0630,1.1333,6.5918,-11.7798,0.5493,1,497,887,719
1200753930,236287,-0.0332,0.0024,1.1128,5.2490,-10.6812,0.0000,1,482,877,719
1200758929,236288,-0.0234,-0.0518,1.0938,6.3477,-9.7046,-0.0610,1,493,766,719
1200763923,236289,-0.0298,-0.0454,1.0742,6.4087,-7.9956,-0.3662,1,492,792,719
1200768930,236290,-0.0625,-0.0054,1.0493,5.1880,-7.8125,-0.9155,1,476,925,719
1200773929,236291,-0.0952,0.0083,1.0288,3.3569,-9.8877,-1.3428,1,465,869,719
1200778922,236292,-0.0967,-0.0181,1.0220,2.6855,-12.0239,-1.4038,1,466,885,719
1200783928,236293,-0.0762,-0.0493,1.0249,3.2349,-13.1836,-1.2207,1,470,898,719
1200788923,236294,-0.0645,-0.0566,1.0264,3.7231,-13.1226,-1.4038,1,482,901,719
1200793929,236295,-0.0693,-0.0386,1.0225,3.5400,-14.2212,-1.4038,1,466,887,719
1200798924,236296,-0.0708,-0.0156,1.0229,3.1738,-15.8081,-1.5259,1,484,881,719
1200803929,236297,-0.0601,-0.0142,1.0278,2.6855,-16.2964,-1.8921,1,466,905,719
1200808923,236298,-0.0464,-0.0308,1.0312,2.9297,-15.9302,-2.5635,1,466,889,719
1200813928,236299,-0.0352,-0.0391,1.0366,3.6621,-15.5640,-3.1738,1,466,925,719
1200818934,236300,-0.0283,-0.0356,1.0410,3.7231,-14.4043,-4.2725,1,466,905,719
1200823948,236301,-0.0278,-0.0371,1.0396,3.6621,-13.2446,-5.0659,1,466,907,719
1200828925,236302,-0.0278,-0.0430,1.0381,4.0894,-12.2070,-5.5542,1,466,911,719
1200833926,236303,-0.0220,-0.0435,1.0420,4.5166,-11.1084,-6.0425,1,493,896,719
1200838922,236304,-0.0093,-0.0366,1.0488,4.5166,-9.4604,-6.1646,1,481,896,719
1200843922,236305,0.0000,-0.0283,1.0503,4.2725,-7.2021,-5.7373,1,464,810,719
1200848930,236306,-0.0029,-0.0293,1.0444,4.0283,-5.2490,-5.1270,1,475,813,719
1200853928,236307,-0.0137,-0.0410,1.0376,4.3335,-4.0894,-4.4556,1,490,865,719
1200858946,236308,-0.0225,-0.0503,1.0308,5.2490,-3.1738,-3.7231,1,491,851,719
1200863924,236309,-0.0278,-0.0464,1.0244,6.2256,-2.3193,-3.4180,1,478,854,719
1200868929,236310,-0.0303,-0.0435,1.0195,6.7749,-1.4038,-3.1128,1,504,886,719
1200873925,236311,-0.0371,-0.0498,1.0112,7.7515,-0.2441,-3.1128,1,480,844,719
1200878929,236312,-0.0518,-0.0605,0.9966,8.9722,0.0610,-3.1738,1,506,850,719
1200883929,236313,-0.0703,-0.0693,0.9785,10.4370,-0.0610,-3.2959,1,467,904,719
1200888925,236314,-0.0796,-0.0767,0.9653,12.3901,-1.2817,-3.7231,1,465,952,719
1200893927,236315,-0.0815,-0.0913,0.9561,14.7705,-1.8311,-3.9062,1,469,896,719
1200898929,236316,-0.0923,-0.1143,0.9409,18.0664,-2.6245,-4.2114,1,465,890,719
1200903929,236317,-0.1196,-0.1309,0.9238,22.0947,-4.9438,-4.5776,1,483,898,719
1200908923,236318,-0.1392,-0.1260,0.9233,26.0620,-9.5215,-4.6997,1,483,910,719
1200913923,236319,-0.1196,-0.1079,0.9478,29.3579,-13.2446,-4.8828,1,478,891,719
1200918928,236320,-0.0757,-0.0786,0.9907,31.9214,-15.2588,-5.1270,1,484,913,719
1200923924,236321,-0.0337,-0.0415,1.0322,33.0200,-15.9302,-5.3711,1,466,919,719
1200928922,236322,-0.0083,-0.0161,1.0586,33.1421,-15.3198,-5.5542,1,465,908,719
1200933928,236323,0.0063,0.0024,1.0776,32.7759,-14.5874,-5.2490,1,466,914,719
1200938934,236324,0.0244,0.0264,1.0972,31.2500,-13.3667,-4.6387,1,466,914,719
1200943930,236325,0.0449,0.0469,1.1118,28.8086,-10.9863,-4.2725,1,466,917,719
1200948924,236326,0.0586,0.0557,1.1133,26.2451,-7.6904,-3.6011,1,492,918,719
1200953930,236327,0.0483,0.0483,1.0889,23.9868,-4.3335,-2.8687,1,466,899,719
1200958928,236328,0.0078,0.0332,1.0479,22.3389,-2.3193,-2.4414,1,494,904,719
1200963925,236329,-0.0322,0.0234,1.0166,21.3013,-2.8076,-1.8921,1,493,902,719
1200968929,236330,-0.0405,0.0176,1.0024,20.4468,-2.9907,-1.7700,1,473,893,719
1200973928,236331,-0.0366,0.0078,0.9971,20.1416,-2.1362,-2.1973,1,474,868,719
1200978924,236332,-0.0488,0.0049,0.9932,20.0806,-2.0752,-2.7466,1,479,868,719
1200983924,236333,-0.0654,0.0200,0.9946,19.5312,-3.7842,-3.2959,1,489,857,719
1200988926,236334,-0.0630,0.0430,1.0059,18.0664,-5.1270,-3.7231,1,490,900,719
1200993928,236335,-0.0459,0.0630,1.0210,15.9912,-5.1270,-3.9062,1,510,853,719
1200998929,236336,-0.0347,0.0742,1.0298,13.6719,-5.1880,-3.5400,1,492,813,719
1201003927,236337,-0.0288,0.0698,1.0317,11.3525,-5.3101,-2.9907,1,508,871,719
1201008925,236338,-0.0303,0.0591,1.0264,9.5825,-5.0049,-2.5635,1,481,945,719
1201013927,236339,-0.0469,0.0601,1.0142,7.9956,-5.3101,-2.1973,1,481,873,719
1201018927,236340,-0.0684,0.0659,1.0015,5.9814,-7.3242,-1.7090,1,477,871,719
1201023927,236341,-0.0894,0.0645,0.9912,4.3335,-9.8877,-1.7700,1,477,866,719
1201028924,236342,-0.1069,0.0542,0.9854,3.2349,-13.7939,-2.1973,1,477,862,719
1201033923,236343,-0.1123,0.0391,0.9897,2.3193,-18.0664,-2.5635,1,483,885,719
1201038927,236344,-0.1094,0.0283,0.9980,1.8921,-22.3999,-2.8076,1,466,898,719
1201043927,236345,-0.1050,0.0337,1.0020,1.4648,-26.6724,-2.9297,1,466,900,719
1201048927,236346,-0.1182,0.0503,0.9961,0.8545,-31.0669,-3.7842,1,466,900,719
1201053931,236347,-0.1426,0.0605,0.9883,-0.0610,-36.8042,-5.6152,1,465,891,719
1201058954,236348,-0.1387,0.0498,0.9902,-0.4883,-43.3960,-7.1411,1,466,891,719
1201063928,236349,-0.1167,0.0327,0.9990,-0.1221,-47.4243,-8.9722,1,466,904,719
1201068930,236350,-0.0938,0.0298,1.0117,-0.0610,-52.7344,-10.4370,1,493,902,719
1201073930,236351,-0.0757,0.0371,1.0210,-0.3662,-56.5796,-12.0239,1,485,941,719
1201078930,236352,-0.0659,0.0449,1.0278,-0.7935,-60.4248,-13.0005,1,466,851,719
1201083929,236353,-0.0415,0.0483,1.0386,-1.5259,-64.2090,-13.4888,1,475,848,719
1201088928,236354,-0.0205,0.0552,1.0454,-2.1973,-66.1011,-13.5498,1,480,893,719
1201093923,236355,-0.0117,0.0659,1.0474,-3.7231,-68.2373,-12.8784,1,481,884,719
1201098928,236356,-0.0024,0.0752,1.0493,-5.6152,-70.3125,-11.7187,1,493,894,719
1201103930,236357,0.0137,0.0767,1.0503,-7.8125,-72.3267,-10.1318,1,472,884,719
1201108925,236358,0.0327,0.0708,1.0498,-9.6436,-72.7539,-8.5449,1,497,867,719
1201113928,236359,0.0415,0.0605,1.0532,-11.2915,-73.1201,-6.8359,1,492,816,719
1201118923,236360,0.0430,0.0508,1.0586,-12.8784,-73.8525,-4.3335,1,471,918,719
1201123927,236361,0.0488,0.0459,1.0625,-14.2822,-73.8525,-1.7090,1,477,902,719
1201128925,236362,0.0488,0.0464,1.0781,-16.1743,-75.1953,0.6714,1,476,904,719
1201133930,236363,0.0303,0.0562,1.0991,-19.4092,-84.2895,2.5024,1,478,905,719
1201138922,236364,0.0171,0.0571,1.1040,-23.1934,-96.6186,3.9673,1,475,908,719
1201143922,236365,0.0073,0.0439,1.0928,-26.0010,-103.8208,5.4932,1,479,901,719
1201148928,236366,-0.0142,0.0366,1.0776,-28.3203,-111.3892,6.8359,1,484,893,719
1201153925,236367,-0.0552,0.0347,1.0703,-28.9307,-118.1641,8.7280,1,466,931,719
1201158929,236368,-0.1567,0.0356,1.0752,-28.6255,-124.6948,8.0566,1,466,919,719
1201163928,236369,-0.3569,0.0581,1.1064,-30.5176,-141.0522,4.9438,1,465,933,719
1201168941,236370,-0.6470,0.1069,1.1514,-33.8745,-173.8281,2.3804,1,466,927,719
1201173927,236371,-0.9629,0.1748,1.2109,-40.0391,-219.4214,0.2441,1,466,925,719
1201178923,236372,-1.1729,0.2524,1.3022,-50.5981,-280.8838,0.7324,1,492,916,719
1201183926,236373,-1.1982,0.3433,1.4395,-68.3594,-348.5717,5.1270,1,479,924,719
1201188930,236374,-1.3599,0.5073,1.6924,-94.6655,-416.3818,4.6997,1,493,926,719
1201193930,236375,-1.6924,0.6426,2.0322,-127.9907,-508.4228,6.2866,1,464,934,719
1201198927,236376,-1.7285,0.6064,2.2969,-150.2075,-606.9336,8.4839,1,481,835,719
1201203945,236377,-1.5039,0.4805,2.4121,-173.5840,-675.6591,-0.7935,1,491,893,719
1201208926,236378,-1.4878,0.3286,2.3774,-192.9931,-733.8867,-5.1270,1,481,907,719
1201213931,236379,-1.7158,0.1514,2.1890,-198.6694,-819.7021,-0.7324,1,509,916,719
1201218925,236380,-1.8862,0.0093,1.8228,-192.3828,-888.0004,6.1646,1,490,927,719
1201223922,236381,-1.8555,-0.1494,1.3032,-192.0166,-942.3217,0.9155,1,487,885,719
1201228925,236382,-1.6621,-0.4751,0.7612,-179.5044,-979.0649,-16.3574,1,466,852,719
1201233924,236383,-1.4810,-0.9834,0.2139,-130.3101,-1010.5590,-31.9214,1,466,969,719
1201238927,236384,-1.3149,-1.2925,-0.3677,-53.6499,-1070.0684,-38.0859,1,466,927,719
1201243929,236385,-0.0542,-0.3833,0.2974,1.5869,-1123.2300,-27.4048,1,465,932,719
1201248926,236386,3.3740,0.9561,2.9121,-65.4907,-1077.7588,-5.1270,1,482,924,719
1201253924,236387,6.1187,0.7109,6.2676,-140.5640,-743.5912,-54.9316,1,466,905,719
1201258931,236388,5.3428,-0.5576,8.3447,-83.4351,-453.3691,-106.2622,1,483,933,719
1201263923,236389,2.4893,-1.1265,8.0259,-3.6621,-234.4971,-129.6387,1,466,956,719
1201268930,236390,-0.2144,-0.9058,6.4297,-22.1558,-59.9976,-148.3154,1,466,929,719
1201273927,236391,-1.6885,-0.6670,4.9043,-41.0767,40.6494,-149.5361,1,466,941,719
1201278935,236392,-1.8984,-0.6567,3.8936,-37.4146,96.8018,-137.3291,1,466,940,719
1201283924,236393,-1.5151,-0.8081,3.1841,-30.3345,150.8179,-126.7700,1,466,940,719
1201288929,236394,-1.2695,-0.9526,2.5142,-11.5356,192.1387,-115.7226,1,493,940,719
1201293922,236395,-1.3315,-0.9590,1.8823,8.9111,208.0688,-102.6001,1,494,963,719
1201298928,236396,-1.4448,-0.8525,1.4390,22.1558,209.7778,-89.3555,1,490,932,719
1201303926,236397,-1.4004,-0.7241,1.2461,31.0669,209.7168,-76.5381,1,466,949,719
1201308927,236398,-1.2168,-0.6187,1.2280,37.8418,215.3931,-66.5283,1,477,825,719
1201313929,236399,-1.0093,-0.5430,1.2769,42.4194,227.2949,-59.7534,1,482,915,719
1201318929,236400,-0.8442,-0.4922,1.3223,46.2646,242.2485,-54.8706,1,484,932,719
1201323923,236401,-0.7285,-0.4478,1.3369,48.8281,259.5215,-51.3306,1,489,923,719
1201328929,236402,-0.6582,-0.3979,1.3315,49.0112,277.1606,-49.1333,1,490,935,719
1201333926,236403,-0.6045,-0.3486,1.3481,47.8516,292.1753,-47.4243,1,508,937,719
1201338923,236404,-0.5117,-0.3135,1.4082,45.1660,306.5186,-45.5933,1,493,904,719
1201343925,236405,-0.3643,-0.3086,1.4873,41.7480,325.0122,-43.8232,1,473,879,719
1201348927,236406,-0.2104,-0.3301,1.5347,39.3677,347.0459,-42.4805,1,472,971,719
1201353924,236407,-0.0967,-0.3579,1.5122,39.0625,368.7744,-41.1377,1,471,918,719
1201358923,236408,-0.0371,-0.3696,1.4233,40.2832,387.1460,-39.7949,1,472,935,719
1201363922,236409,-0.0205,-0.3623,1.3037,41.4429,401.1841,-38.4521,1,477,942,719
1201368925,236410,-0.0083,-0.3506,1.1899,42.0532,409.9731,-36.7432,1,477,918,719
1201373925,236411,0.0215,-0.3413,1.0957,42.6636,416.0766,-34.9121,1,484,917,719
1201378926,236412,0.1030,-0.2866,0.9395,41.5039,420.8374,-32.4707,1,466,940,719
1201383928,236413,0.1343,-0.2349,0.8867,38.2690,419.3725,-32.7759,1,466,936,719
1201388930,236414,0.1772,-0.1855,0.8652,32.7148,414.7949,-33.5083,1,466,936,719
1201393925,236415,0.2471,-0.1523,0.8604,24.4141,410.4614,-34.0576,1,466,940,719
1201398924,236416,0.3159,-0.1372,0.8501,13.8550,408.0810,-34.8511,1,466,930,719
1201403930,236417,0.3462,-0.1313,0.8340,1.6479,405.0293,-35.2783,1,492,934,719
1201408927,236418,0.3384,-0.1313,0.8403,-11.4746,399.1699,-34.8511,1,466,920,719
1201413925,236419,0.3320,-0.1440,0.8994,-25.7568,391.2964,-33.0200,1,494,941,719
1201418925,236420,0.3516,-0.1748,1.0181,-38.5742,384.7656,-29.7852,1,470,940,719
1201423923,236421,0.3867,-0.2207,1.1782,-48.9502,381.0424,-24.9023,1,474,862,719
1201428925,236422,0.4209,-0.2725,1.3486,-57.0679,379.4555,-18.5547,1,472,901,719
1201433927,236423,0.4409,-0.3193,1.5024,-62.2559,380.4931,-10.9253,1,476,908,719
1201438929,236424,0.4458,-0.3545,1.6323,-65.3687,382.6904,-2.1362,1,500,918,719
1201443928,236425,0.4443,-0.3740,1.7427,-67.3218,385.5591,7.7515,1,483,896,719
1201448925,236426,0.4453,-0.3794,1.8359,-68.1763,388.4277,18.7988,1,508,890,719
1201453922,236427,0.4585,-0.3701,1.9072,-68.1152,391.4184,30.4565,1,492,899,719
1201458926,236428,0.4785,-0.3398,1.9595,-67.8711,395.6909,41.3818,1,510,902,719
1201463928,236429,0.4927,-0.2886,1.9990,-67.4438,399.9023,51.5747,1,477,965,719
1201468926,236430,0.4990,-0.2236,2.0283,-67.3218,403.9917,60.5469,1,475,933,719
1201473927,236431,0.4937,-0.1470,2.0508,-67.1997,407.1045,67.5659,1,477,937,719
1201478930,236432,0.4775,-0.0547,2.0840,-67.9321,408.8745,72.3267,1,477,883,719
1201483925,236433,0.4697,0.0444,2.1470,-70.4346,409.8510,75.1343,1,470,914,719
1201488928,236434,0.4893,0.1270,2.2334,-73.4253,412.4145,75.8667,1,484,914,719
1201493930,236435,0.5288,0.1816,2.3154,-76.0498,416.8701,74.9512,1,466,934,719
1201498930,236436,0.5610,0.2080,2.3672,-77.5757,422.5464,72.6318,1,466,934,719
1201503928,236437,0.5703,0.2104,2.3789,-77.0874,427.3681,69.5801,1,465,935,719
1201508939,236438,0.5674,0.1929,2.3584,-74.4629,430.7861,66.1621,1,466,934,719
1201513925,236439,0.5659,0.1611,2.3164,-69.7021,432.3730,63.0493,1,466,933,719
1201518931,236440,0.5718,0.1177,2.2632,-63.1714,431.7016,59.6924,1,493,947,719
1201523922,236441,0.5894,0.0654,2.2051,-54.6875,428.5888,56.3965,1,466,942,719
1201528925,236442,0.6255,0.0220,2.1597,-46.0815,423.0957,53.5889,1,494,944,719
1201533930,236443,0.6821,-0.0005,2.1450,-39.3066,416.1377,50.6592,1,464,939,719
1201538928,236444,0.7505,-0.0034,2.1597,-35.3394,409.6069,47.1191,1,479,826,719
1201543935,236445,0.8135,0.0088,2.1919,-33.9355,403.3813,42.7246,1,483,915,719
1201548927,236446,0.8721,0.0308,2.2393,-36.3770,396.4843,37.4146,1,483,908,719
1201553930,236447,0.9482,0.0391,2.2954,-41.6870,389.8925,31.3110,1,494,899,719
1201558926,236448,1.0488,0.0229,2.3403,-47.6685,384.5825,25.5737,1,487,919,719
1201563929,236449,1.1562,-0.0010,2.3501,-53.4058,378.6621,20.5078,1,496,920,719
1201568931,236450,1.2642,-0.0200,2.3159,-60.2417,370.9106,16.1743,1,493,917,719
1201573927,236451,1.3989,-0.0391,2.2480,-66.8945,361.8164,13.4277,1,479,878,719
1201578929,236452,1.5757,-0.0649,2.1440,-72.0825,352.9663,12.0850,1,479,969,719
1201583926,236453,1.7612,-0.0903,1.9897,-76.0498,344.2383,11.4746,1,477,930,719
1201588925,236454,1.9238,-0.0933,1.7930,-80.0171,332.2143,11.7187,1,481,942,719
1201593927,236455,2.0811,-0.0688,1.5771,-84.9609,316.4062,13.3057,1,466,935,719
1201598922,236456,2.2588,-0.0376,1.3638,-89.9658,298.4619,15.3198,1,478,971,719
1201603930,236457,2.4492,-0.0024,1.1592,-92.6514,277.8320,16.9067,1,466,926,719
1201608926,236458,2.6431,0.0513,0.9595,-92.2851,253.9673,17.2119,1,466,932,719
1201613923,236459,2.8306,0.1162,0.7642,-90.0268,227.5390,15.0146,1,466,939,719
1201618925,236460,2.9863,0.1816,0.5830,-84.4726,198.6084,10.6812,1,466,944,719
1201623932,236461,3.1084,0.2480,0.4214,-76.1719,166.1377,5.0659,1,466,950,719
1201628927,236462,3.2163,0.3013,0.2827,-67.9932,132.2021,-1.2207,1,466,918,719
1201633930,236463,3.3047,0.3008,0.1816,-60.7910,98.0835,-6.2256,1,493,917,719
1201638927,236464,3.3613,0.2104,0.1260,-50.9033,62.3779,-8.1177,1,465,915,719
1201643931,236465,3.3682,0.0464,0.0957,-36.3770,27.2217,-6.3477,1,493,928,719
1201648923,236466,3.2925,-0.1304,0.0806,-19.2871,-8.4229,-0.9155,1,476,808,719
1201653926,236467,3.1504,-0.2695,0.1147,-3.2349,-45.7153,7.5073,1,490,847,719
1201658948,236468,3.0103,-0.3618,0.2373,10.4370,-82.0923,17.5781,1,483,883,719
1201663924,236469,2.9019,-0.4292,0.4287,21.3013,-113.7085,27.5269,1,490,904,719
1201668931,236470,2.7773,-0.5015,0.6313,29.2358,-140.2588,36.4380,1,476,910,719
1201673923,236471,2.5635,-0.1099,0.3901,35.7056,-194.0918,34.2407,1,497,934,719
1201678927,236472,0.7642,0.9751,-0.7246,23.9258,-317.3828,2.6855,1,492,888,719
1201683925,236473,-1.9360,0.7476,-0.8013,-131.8359,-365.2954,-19.3481,1,509,882,719
1201688928,236474,-2.4048,-0.9453,0.8848,-134.3384,-376.8921,-1.8921,1,465,965,719
1201693929,236475,-1.5469,-2.2075,1.7959,-8.1177,-327.8808,15.5640,1,483,910,719
1201698923,236476,-1.5635,-2.7534,0.8633,56.8237,-324.6460,-6.9580,1,480,921,719
1201703928,236477,-1.9062,-2.1626,-0.8926,166.3208,-453.5522,-0.3052,1,469,934,719
1201708929,236478,-1.0923,-0.3979,-2.0059,202.8198,-616.1499,37.4146,1,465,958,719
1201713929,236479,0.9048,0.9761,-1.4146,70.7397,-660.7055,64.4531,1,484,921,719
1201718925,236480,2.2437,0.9014,0.6914,-18.5547,-609.9243,71.7163,1,466,927,719
1201723928,236481,1.9121,0.4741,2.9966,-2.9907,-577.5146,80.9326,1,466,928,719
1201728926,236482,1.1782,0.8726,4.4385,13.2446,-573.8525,85.9375,1,466,930,719
1201733922,236483,1.3438,1.6992,4.8955,-2.1362,-542.3584,65.4297,1,466,946,719
1201738955,236484,2.0620,2.1406,4.7061,-12.0850,-469.2383,31.0669,1,466,956,719
1201743924,236485,2.3701,2.0708,4.2725,-17.2729,-388.0005,-1.5259,1,466,942,719
1201748930,236486,2.0254,1.5591,3.8892,-37.0483,-317.2607,-27.7710,1,466,920,719
1201753925,236487,1.3442,0.6538,3.5488,-51.5747,-262.3901,-43.1519,1,490,929,719
1201758928,236488,0.4722,-0.5879,3.2798,-47.7905,-217.2241,-37.4756,1,464,948,719
1201763928,236489,0.0610,-1.6899,3.1670,-16.7847,-213.9282,-3.4790,1,472,861,719
1201768928,236490,0.5024,-2.1104,2.8906,9.1553,-202.1484,22.3389,1,478,879,719
1201773925,236491,0.7549,-1.9683,2.3584,3.2349,-134.2773,34.4238,1,481,900,719
1201778928,236492,0.4390,-1.3613,1.8857,34.7290,-126.0376,47.1191,1,490,892,719
1201783927,236493,0.1797,-0.4512,1.6401,66.7114,-132.6294,49.7436,1,491,916,719
1201788930,236494,0.1729,0.2524,1.6519,65.6128,-112.7930,35.2173,1,496,928,719
1201793929,236495,0.2437,0.3892,1.7759,61.2793,-93.3838,24.6582,1,486,894,719
1201798923,236496,0.3013,0.0811,1.7764,61.2793,-78.0640,20.5688,1,493,900,719
1201803924,236497,0.2720,-0.2974,1.5894,65.6128,-60.4858,17.5171,1,468,965,719
1201808931,236498,0.1396,-0.4761,1.3359,75.3174,-51.6357,17.0898,1,469,914,719
1201813924,236499,-0.0005,-0.3828,1.1533,84.5947,-49.4385,16.9678,1,480,922,719
1201818923,236500,-0.0791,-0.1187,1.0996,87.4634,-48.2788,15.5640,1,467,882,719
1201823926,236501,-0.0713,0.1582,1.1538,83.6792,-47.0581,13.3057,1,465,924,719
1201828923,236502,0.0049,0.3315,1.2729,73.9136,-42.4194,10.0708,1,484,922,719
1201833926,236503,0.0894,0.3623,1.3857,61.4624,-34.8511,7.2632,1,466,926,719
1201838927,236504,0.1104,0.2910,1.4033,50.4150,-25.9399,5.6763,1,466,915,719
1201843930,236505,0.0625,0.1914,1.3267,40.4663,-21.1792,5.1270,1,465,921,719
1201848924,236506,0.0112,0.1362,1.2432,32.4707,-19.2261,5.4932,1,466,920,719
1201853924,236507,-0.0171,0.1475,1.2007,25.0854,-16.9067,5.0049,1,466,907,719
1201858930,236508,-0.0376,0.1626,1.1787,16.4795,-14.9536,3.4790,1,466,903,719
1201863926,236509,-0.0586,0.1118,1.1445,10.5591,-14.9536,2.2583,1,493,919,719
1201868931,236510,-0.0747,0.0234,1.1001,8.6060,-16.3574,1.5869,1,466,927,719
1201873927,236511,-0.0796,-0.0259,1.0649,8.3008,-17.9443,1.2817,1,494,890,719
1201878928,236512,-0.0796,-0.0166,1.0513,7.5073,-18.9819,0.9766,1,476,826,719
1201883929,236513,-0.0659,0.0098,1.0620,5.3711,-20.3857,0.8545,1,480,864,719
1201888927,236514,-0.0332,0.0063,1.0776,3.6621,-20.1416,0.9155,1,483,866,719
1201893925,236515,-0.0166,-0.0239,1.0728,2.9297,-17.9443,0.7935,1,488,874,719
1201898928,236516,-0.0342,-0.0430,1.0474,3.2349,-17.2729,0.5493,1,490,887,719
1201903922,236517,-0.0586,-0.0405,1.0269,3.2959,-18.4937,0.4272,1,492,854,719
1201908923,236518,-0.0684,-0.0322,1.0239,3.1128,-19.4702,-0.1221,1,492,853,719
1201913926,236519,-0.0659,-0.0264,1.0273,3.2349,-20.1416,-0.7324,1,465,892,719
1201918928,236520,-0.0537,-0.0215,1.0312,3.1738,-20.9961,-1.6479,1,482,942,719
1201923929,236521,-0.0347,-0.0225,1.0396,2.9297,-20.7520,-2.6855,1,482,918,719
1201928929,236522,-0.0186,-0.0308,1.0449,3.1128,-19.3481,-3.7842,1,481,889,719
1201933922,236523,-0.0151,-0.0400,1.0410,3.4790,-18.0664,-4.7607,1,480,894,719
1201938922,236524,-0.0273,-0.0493,1.0317,3.8452,-17.0898,-5.6152,1,465,877,719
1201943927,236525,-0.0400,-0.0571,1.0229,4.8218,-17.2729,-6.2866,1,483,886,719
1201948923,236526,-0.0381,-0.0591,1.0229,6.2256,-17.5171,-6.4697,1,466,901,719
1201953927,236527,-0.0249,-0.0547,1.0283,7.2632,-16.7847,-6.2866,1,466,891,719
1201958927,236528,-0.0132,-0.0493,1.0322,8.0566,-15.6860,-5.8594,1,466,899,719
1201963929,236529,-0.0142,-0.0444,1.0298,9.1553,-14.5264,-5.3101,1,466,906,719
1201968948,236530,-0.0229,-0.0371,1.0259,9.8267,-13.9160,-4.6997,1,465,899,719
1201973927,236531,-0.0215,-0.0332,1.0298,9.8267,-13.6108,-4.0283,1,466,908,719
1201978928,236532,-0.0088,-0.0381,1.0327,9.8267,-12.2681,-3.4180,1,493,902,719
1201983929,236533,-0.0107,-0.0439,1.0249,9.7656,-10.3149,-3.1738,1,486,894,719
1201988923,236534,-0.0278,-0.0366,1.0161,9.2773,-10.1929,-2.8076,1,465,908,719
1201993922,236535,-0.0303,-0.0244,1.0210,7.9956,-10.6812,-2.6245,1,471,833,719
1201998923,236536,-0.0127,-0.0244,1.0337,7.1411,-9.7046,-2.7466,1,476,882,719
1202003924,236537,0.0063,-0.0366,1.0400,6.9580,-7.9956,-2.9907,1,478,855,719
1202008923,236538,0.0112,-0.0449,1.0371,7.1411,-5.9204,-3.1128,1,504,855,719
1202013924,236539,0.0015,-0.0430,1.0327,7.2632,-4.2725,-3.1738,1,488,861,719
1202018929,236540,-0.0107,-0.0371,1.0298,7.3853,-3.4180,-3.2959,1,490,840,719
1202023926,236541,-0.0225,-0.0322,1.0288,7.6904,-2.6245,-3.6011,1,492,806,719
1202028930,236542,-0.0210,-0.0317,1.0332,7.8735,-2.9907,-3.9673,1,493,896,719
1202033923,236543,-0.0103,-0.0347,1.0396,8.6060,-2.2583,-4.3945,1,482,876,719
1202038930,236544,-0.0044,-0.0371,1.0430,9.5215,-1.3428,-4.7607,1,467,882,719
1202043923,236545,0.0020,-0.0342,1.0459,10.1318,-0.6104,-4.6387,1,479,878,719
1202048925,236546,0.0103,-0.0249,1.0532,10.4370,0.5493,-4.4556,1,467,872,719
1202053924,236547,0.0259,-0.0186,1.0630,10.3760,2.1973,-4.0894,1,466,882,719
1202058922,236548,0.0474,-0.0210,1.0698,10.2539,4.5776,-3.2959,1,484,877,719
1202063930,236549,0.0601,-0.0312,1.0625,10.4980,7.8125,-2.5635,1,466,901,719
1202068924,236550,0.0474,-0.0469,1.0371,11.5356,10.9863,-2.3804,1,466,921,719
1202073927,236551,-0.0024,-0.0537,1.0073,13.1226,12.8174,-2.6245,1,466,917,719
1202078925,236552,-0.0552,-0.0454,0.9922,14.2212,10.9253,-3.1128,1,465,923,719
1202083925,236553,-0.0684,-0.0376,0.9819,15.2588,8.3618,-3.4180,1,466,916,719
1202088925,236554,-0.0669,-0.0332,0.9697,16.4185,8.1177,-4.0283,1,466,904,719
1202093924,236555,-0.0742,-0.0312,0.9658,17.0288,5.9204,-4.2114,1,466,896,719
1202098928,236556,-0.0703,-0.0391,0.9639,18.3105,3.3569,-4.3945,1,468,925,719
1202103923,236557,-0.0547,-0.0488,0.9746,19.7144,2.3804,-4.4556,1,494,894,719
1202108923,236558,-0.0400,-0.0215,1.0034,20.0195,1.8921,-4.3335,1,480,825,719
1202113922,236559,-0.0337,0.0317,1.0239,18.7378,1.3428,-4.3335,1,486,857,719
1202118928,236560,-0.0317,0.0547,1.0391,14.5874,0.7324,-4.0283,1,490,867,719
1202123931,236561,-0.0361,0.0591,1.0381,12.3901,0.3052,-3.4180,1,492,871,719
1202128922,236562,-0.0483,0.0615,1.0308,9.5825,-0.3052,-3.0518,1,484,891,719
1202133931,236563,-0.0635,0.0537,1.0205,7.6904,-1.6479,-2.6855,1,498,839,719
1202138924,236564,-0.0728,0.0371,1.0137,6.4087,-3.6621,-2.5024,1,489,857,719
1202143927,236565,-0.0786,0.0205,1.0049,5.9204,-5.7373,-2.6855,1,474,896,719
1202148922,236566,-0.0962,0.0132,0.9897,5.8594,-8.2397,-3.3569,1,472,875,719
1202153923,236567,-0.1211,0.0117,0.9800,5.8594,-12.5122,-4.2114,1,477,886,719
1202158924,236568,-0.1450,0.0122,0.9775,6.0425,-17.5171,-5.2490,1,476,902,719
1202163923,236569,-0.1719,0.0103,0.9761,6.1646,-23.0103,-6.5918,1,473,877,719
1202168922,236570,-0.1997,0.0093,0.9731,6.2866,-30.3345,-7.2632,1,471,871,719
1202173922,236571,-0.1885,0.0195,0.9800,5.6152,-38.9404,-6.7749,1,484,884,719
1202178923,236572,-0.1235,0.0283,1.0049,4.6387,-44.0674,-7.2632,1,466,903,719
1202183925,236573,-0.0586,0.0220,1.0288,4.1504,-46.0815,-8.1787,1,466,902,719
1202188927,236574,-0.0483,0.0166,1.0303,4.3945,-47.6074,-8.6060,1,466,901,719
1202193926,236575,-0.0708,0.0225,1.0195,4.0283,-51.2695,-8.6670,1,466,903,719
1202198940,236576,-0.0698,0.0264,1.0210,3.1738,-55.3589,-8.7280,1,466,906,719
1202203926,236577,-0.0469,0.0278,1.0356,2.6245,-57.8613,-9.2773,1,466,904,719
1202208925,236578,-0.0181,0.0283,1.0464,1.4648,-60.2417,-9.3994,1,493,910,719
1202213929,236579,-0.0049,0.0337,1.0508,0.4272,-60.5469,-9.2773,1,479,900,719
1202218931,236580,0.0010,0.0405,1.0527,-1.8311,-63.1103,-8.5449,1,493,893,719
1202223923,236581,0.0244,0.0400,1.0601,-3.6621,-63.5376,-7.7515,1,483,820,719
1202228923,236582,0.0552,0.0391,1.0713,-5.4932,-62.5610,-7.0801,1,488,878,719
1202233927,236583,0.0752,0.0376,1.0815,-7.7515,-60.8520,-6.5918,1,492,862,719
1202238930,236584,0.0830,0.0400,1.0908,-10.1318,-60.9131,-5.7373,1,495,870,719
1202243930,236585,0.0806,0.0459,1.0977,-12.9395,-62.0728,-4.6387,1,476,913,719
1202248930,236586,0.0518,0.0498,1.0996,-16.6626,-66.5283,-3.2959,1,503,882,719
1202253925,236587,-0.0205,0.0605,1.0903,-19.8364,-72.8149,-2.1362,1,491,824,719
1202258925,236588,-0.1221,0.0688,1.0625,-23.9868,-85.6323,-1.8921,1,494,910,719
1202263926,236589,-0.2061,0.0552,1.0317,-28.3203,-99.3652,-2.6245,1,466,975,719
1202268930,236590,-0.2725,0.0439,1.0078,-30.6396,-112.1216,-3.6621,1,466,911,719
1202273924,236591,-0.3892,0.0703,0.9902,-32.0435,-126.5259,-4.6387,1,483,919,719
1202278928,236592,-0.5688,0.1313,1.0039,-36.9263,-153.8696,-5.7373,1,467,915,719
1202283923,236593,-0.8228,0.1987,1.0542,-45.7153,-190.2466,-8.7280,1,482,907,719
1202288927,236594,-1.1035,0.2588,1.1484,-55.1147,-239.4409,-10.6201,1,484,910,719
1202293925,236595,-1.2905,0.3052,1.2930,-66.4673,-302.1240,-10.8643,1,466,951,719
1202298922,236596,-1.3613,0.3442,1.4878,-84.2895,-370.4834,-11.4136,1,466,930,719
1202303931,236597,-1.2769,0.4185,1.7280,-103.2104,-445.3735,-9.0332,1,466,951,719
1202308925,236598,-1.1313,0.4961,1.9546,-132.7515,-513.0005,-9.9487,1,466,935,719
1202313947,236599,-1.0840,0.4980,2.1514,-160.8887,-567.1387,-12.6343,1,466,919,719
1202318922,236600,-1.1743,0.4624,2.2886,-184.2651,-621.3379,-16.2964,1,466,943,719
1202323927,236601,-1.4253,0.4321,2.3057,-208.8013,-681.5185,-23.0713,1,465,947,719
1202328930,236602,-1.6201,0.3999,2.1084,-227.5390,-753.9672,-25.8789,1,466,945,719
1202333926,236603,-1.5024,0.2891,1.6123,-243.7134,-805.1147,-38.2690,1,494,958,719
1202338930,236604,-1.2769,0.0181,0.9980,-252.8686,-830.9936,-64.8804,1,468,943,719
1202343922,236605,-1.2188,-0.3872,0.4775,-241.3330,-880.4931,-85.7544,1,491,835,719
1202348924,236606,-1.1328,-0.4009,0.3979,-218.3227,-953.8574,-100.8301,1,481,884,719
1202353926,236607,-0.0503,0.3765,0.7808,-210.3882,-979.1870,-99.4873,1,506,931,719
1202358930,236608,2.3320,0.8755,2.2363,-190.6128,-812.6830,-112.8540,1,479,910,719
1202363925,236609,4.3057,0.2124,4.8999,-173.5229,-564.5752,-162.1704,1,503,932,719
1202368927,236610,4.1836,-0.6548,6.7148,-93.1396,-340.3930,-195.8618,1,487,914,719
1202373927,236611,2.1367,-0.8965,6.5005,-47.9126,-134.0942,-218.3838,1,498,872,719
1202378926,236612,-0.3218,-0.6963,5.1011,-37.7808,0.9766,-224.1821,1,472,972,719
1202383931,236613,-1.7671,-0.4341,3.6670,-26.1841,48.6450,-213.1348,1,477,904,719
1202388924,236614,-1.9434,-0.4253,2.6729,-22.0337,77.5757,-202.0264,1,474,938,719
1202393925,236615,-1.5220,-0.6426,2.0308,-7.2632,106.0181,-189.6362,1,481,904,719
1202398930,236616,-1.1719,-0.8809,1.5059,13.2446,127.7466,-173.1567,1,475,909,719
1202403930,236617,-1.1128,-1.0127,1.0479,31.1890,138.2446,-155.3345,1,484,933,719
1202408930,236618,-1.2036,-1.0386,0.7466,45.1660,135.6812,-134.8877,1,466,938,719
1202413930,236619,-1.2266,-1.0146,0.6553,55.8472,128.1128,-112.7930,1,466,938,719
1202418930,236620,-1.1104,-0.9790,0.7261,63.4155,127.2583,-92.1631,1,466,946,719
1202423926,236621,-0.9326,-0.9336,0.8721,67.9321,133.1787,-73.6694,1,466,941,719
1202428944,236622,-0.7847,-0.8638,1.0273,68.6035,143.4937,-58.2275,1,466,932,719
1202433930,236623,-0.6802,-0.7749,1.1665,65.3076,157.1045,-44.9829,1,466,937,719
1202438923,236624,-0.5786,-0.6855,1.2715,61.3403,174.6216,-33.3862,1,493,935,719
1202443928,236625,-0.4614,-0.6021,1.3247,57.0068,196.6553,-24.1089,1,486,947,719
1202448927,236626,-0.3584,-0.5239,1.3198,53.1006,220.1538,-17.7002,1,466,940,719
1202453929,236627,-0.2983,-0.4414,1.2520,50.7812,242.3096,-13.7939,1,473,852,719
1202458932,236628,-0.2803,-0.3467,1.1343,49.0723,260.9253,-12.5732,1,478,848,719
1202463927,236629,-0.2803,-0.2417,1.0024,46.5698,273.6206,-13.7329,1,492,915,719
1202468930,236630,-0.2710,-0.1436,0.8896,43.2129,281.3721,-16.6016,1,504,912,719
1202473922,236631,-0.2378,-0.0635,0.8159,38.9404,285.3394,-20.9351,1,486,917,719
1202478928,236632,-0.1743,-0.0078,0.7861,33.1421,287.8418,-26.4893,1,501,885,719
1202483930,236633,-0.0898,0.0103,0.7900,26.0010,291.3818,-32.3486,1,494,841,719
1202488927,236634,-0.0098,-0.0127,0.8101,18.9209,295.7153,-37.7808,1,467,948,719
1202493922,236635,0.0474,-0.0601,0.8320,11.9629,299.8657,-41.6870,1,473,897,719
1202498928,236636,0.0840,-0.1172,0.8516,5.9204,303.3447,-43.8232,1,480,921,719
1202503926,236637,0.1138,-0.1812,0.8687,0.6714,305.6641,-44.3726,1,480,917,719
1202508930,236638,0.1416,-0.2466,0.8838,-3.2959,306.3354,-42.5415,1,466,892,719
1202513922,236639,0.1694,-0.2979,0.9043,-6.6528,305.8472,-38.5742,1,484,906,719
1202518928,236640,0.1963,-0.3228,0.9395,-10.6201,304.7485,-33.2031,1,466,915,719
1202523924,236641,0.2183,-0.3203,0.9922,-15.1367,303.5889,-27.2217,1,466,928,719
1202528930,236642,0.2368,-0.2988,1.0640,-20.4468,302.3071,-21.2402,1,466,934,719
1202533926,236643,0.2588,-0.2700,1.1572,-27.3437,301.7578,-15.0757,1,466,940,719
1202538929,236644,0.2998,-0.2510,1.2681,-34.6069,302.6123,-8.4839,1,465,939,719
1202543923,236645,0.3579,-0.2534,1.3760,-40.9546,306.5796,-1.6479,1,466,914,719
1202548930,236646,0.4048,-0.2710,1.4507,-45.2881,312.6831,5.6152,1,466,922,719
1202553925,236647,0.4194,-0.2842,1.4775,-47.7905,318.8477,13.3057,1,494,917,719
1202558927,236648,0.4077,-0.2759,1.4658,-49.3774,323.3032,21.1792,1,468,938,719
1202563929,236649,0.3936,-0.2480,1.4375,-50.2930,325.0732,28.7476,1,483,945,719
1202568925,236650,0.3965,-0.2114,1.4097,-50.7812,325.8667,35.8276,1,489,868,719
1202573927,236651,0.4111,-0.1665,1.3818,-50.8423,326.2939,42.4805,1,480,912,719
1202578923,236652,0.4170,-0.1084,1.3530,-51.3916,325.3784,47.9736,1,499,921,719
1202583923,236653,0.4082,-0.0483,1.3364,-52.7344,322.3266,52.2461,1,491,916,719
1202588929,236654,0.4004,-0.0054,1.3525,-54.0161,317.1997,55.4810,1,491,908,719
1202593928,236655,0.4121,0.0142,1.4092,-54.1992,311.8286,58.2275,1,500,843,719
1202598925,236656,0.4419,0.0195,1.4951,-53.5278,308.4717,60.7300,1,479,910,719
1202603922,236657,0.4785,0.0181,1.5898,-51.6357,306.8848,62.5610,1,482,997,719
1202608924,236658,0.5098,0.0117,1.6719,-49.0112,306.2744,63.5986,1,465,936,719
1202613922,236659,0.5293,-0.0029,1.7358,-45.8374,305.4810,64.2090,1,482,925,719
1202618929,236660,0.5435,-0.0278,1.7920,-42.3584,303.8330,64.8804,1,465,904,719
1202623927,236661,0.5732,-0.0479,1.8530,-39.0625,302.2461,65.6738,1,484,910,719
1202628924,236662,0.6392,-0.0532,1.9189,-36.1938,301.9409,65.8569,1,466,920,719
1202633928,236663,0.7354,-0.0566,1.9688,-33.5083,303.8940,64.9414,1,466,930,719
1202638925,236664,0.8286,-0.0654,1.9785,-30.7617,307.1289,63.1714,1,466,959,719
1202643922,236665,0.8936,-0.0776,1.9414,-28.4424,309.5093,61.0352,1,466,943,719
1202648937,236666,0.9341,-0.0898,1.8672,-27.3437,310.0586,58.5937,1,465,934,719
1202653930,236667,0.9585,-0.1064,1.7729,-27.2827,308.3496,56.0303,1,466,935,719
1202658927,236668,0.9731,-0.1294,1.6831,-28.1372,304.1382,53.9551,1,492,940,719
1202663928,236669,0.9858,-0.1631,1.6221,-30.0293,298.5229,52.7954,1,494,940,719
1202668928,236670,0.9961,-0.2036,1.5933,-32.5317,292.2363,52.4902,1,483,936,719
1202673924,236671,0.9922,-0.2378,1.5928,-35.3394,285.8887,53.0395,1,493,931,719
1202678923,236672,0.9829,-0.2539,1.6221,-39.3066,278.6865,54.2603,1,475,826,719
1202683946,236673,0.9951,-0.2544,1.6758,-44.2505,272.0337,55.9082,1,480,914,719
1202688927,236674,1.0317,-0.2539,1.7261,-49.7436,268.1274,57.6172,1,485,912,719
1202693924,236675,1.0669,-0.2627,1.7412,-55.8472,265.6860,59.8144,1,499,916,719
1202698924,236676,1.0889,-0.2729,1.7246,-62.0117,262.3901,62.8662,1,484,914,719
1202703929,236677,1.1084,-0.2793,1.6934,-67.3828,258.0566,66.4062,1,489,906,719
1202708930,236678,1.1313,-0.2900,1.6587,-71.6553,253.2348,70.6177,1,497,918,719
1202713927,236679,1.1602,-0.3076,1.6245,-73.3643,246.6431,75.6836,1,470,932,719
1202718927,236680,1.1987,-0.3237,1.5903,-72.4487,238.5864,81.4209,1,472,918,719
1202723928,236681,1.2461,-0.3262,1.5571,-69.2749,229.1260,87.2192,1,472,936,719
1202728931,236682,1.3091,-0.3042,1.5186,-64.6362,218.5669,92.7734,1,474,934,719
1202733929,236683,1.3945,-0.2607,1.4600,-59.5093,208.8013,97.7173,1,472,935,719
1202738928,236684,1.4790,-0.2061,1.3711,-53.8940,199.8901,100.7690,1,483,925,719
1202743922,236685,1.5371,-0.1455,1.2588,-47.9126,189.7583,102.1728,1,466,924,719
1202748926,236686,1.5713,-0.0703,1.1338,-42.1753,178.1006,101.8677,1,466,956,719
1202753928,236687,1.5962,0.0298,1.0088,-38.4521,165.2222,99.1821,1,466,941,719
1202758930,236688,1.6240,0.1431,0.8955,-37.2314,151.3672,93.9331,1,466,935,719
1202763924,236689,1.6611,0.2510,0.8022,-37.1704,136.5967,85.8765,1,466,932,719
1202768924,236690,1.7021,0.3389,0.7285,-37.1094,121.4600,75.4395,1,466,932,719
1202773922,236691,1.7305,0.4004,0.6655,-36.5601,106.8726,63.7207,1,492,931,719
1202778923,236692,1.7329,0.4409,0.6064,-35.0952,91.7969,51.2085,1,467,925,719
1202783926,236693,1.7163,0.4648,0.5518,-32.5928,76.1719,38.7573,1,494,933,719
1202788929,236694,1.6929,0.4717,0.4961,-27.8320,59.9976,26.8555,1,476,923,719
1202793927,236695,1.6558,0.4658,0.4297,-21.0571,43.0298,15.5029,1,489,860,719
1202798930,236696,1.6011,0.4600,0.3633,-13.7939,24.2920,5.1270,1,474,919,719
1202803924,236697,1.6382,0.4819,0.2549,-7.4463,-3.0518,-4.0283,1,479,892,719
1202808925,236698,1.7969,0.5625,-0.1934,-3.5400,-68.1152,-8.9111,1,488,856,719
1202813927,236699,1.7559,0.6367,-0.7817,-11.4746,-147.5220,-10.6201,1,492,863,719
1202818930,236700,1.7656,0.6191,-0.9043,-7.3242,-241.8213,-19.8364,1,487,906,719
1202823928,236701,2.0854,0.4634,-0.5415,6.5308,-281.4941,-39.6729,1,495,897,719
1202828924,236702,2.1162,0.2529,0.1772,7.5073,-252.3193,-54.5654,1,469,905,719
1202833929,236703,1.5820,0.1270,1.1201,7.0801,-223.9380,-53.2837,1,476,929,719
1202838923,236704,0.6128,0.0234,1.9912,3.0518,-198.7305,-55.4810,1,470,913,719
1202843927,236705,-0.5596,-0.2002,2.5024,-2.3193,-170.1660,-59.3262,1,480,919,719
1202848929,236706,-1.4458,-0.5039,2.4238,8.4839,-156.6772,-53.9551,1,474,907,719
1202853926,236707,-1.6641,-0.6797,1.7090,18.2495,-170.7153,-48.0347,1,484,911,719
1202858928,236708,-1.3481,-0.6138,0.5991,22.5830,-197.4487,-44.6167,1,466,935,719
1202863928,236709,-0.8462,-0.4341,-0.4082,18.7378,-235.5957,-39.8560,1,466,953,719
1202868927,236710,-0.4014,-0.2876,-0.7373,10.3760,-280.8228,-32.2266,1,466,927,719
1202873926,236711,-0.1079,-0.1904,-0.1426,-2.1973,-318.1152,-21.3013,1,466,929,719
1202878925,236712,0.1816,-0.1787,2.1572,-17.5171,-312.9883,-4.8218,1,466,921,719
1202883924,236713,0.4097,-0.1685,2.6079,-10.0708,-293.3960,-0.1831,1,466,919,719
1202888923,236714,0.5903,-0.0225,2.3311,-2.9297,-268.1274,-2.3804,1,466,914,719
1202893929,236715,0.5288,0.1753,1.7583,-6.1035,-248.4741,-8.7891,1,494,901,719
1202898924,236716,0.3174,0.2695,1.3623,-12.3901,-243.4082,-12.6343,1,494,914,719
1202903928,236717,0.1729,0.2095,1.2705,-18.2495,-241.6382,-14.4653,1,483,948,719
1202908939,236718,0.1094,0.0308,1.3242,-22.3389,-235.3515,-15.8691,1,485,837,719
1202913928,236719,-0.2173,-0.4424,1.5610,-20.6909,-220.4590,-9.5825,1,478,928,719
1202918928,236720,-0.4849,-1.1299,2.2051,10.2539,-237.4878,13.5498,1,491,899,719
1202923922,236721,0.1758,-1.5889,2.8750,47.3022,-264.9536,33.0200,1,476,939,719
1202928924,236722,1.1729,-1.7104,3.0176,54.8096,-196.7773,40.3442,1,499,893,719
1202933926,236723,1.3579,-1.4180,2.6543,82.2143,-127.5024,42.1143,1,495,907,719
1202938930,236724,0.8389,-0.6699,2.1035,115.2344,-107.3608,43.5791,1,472,875,719
1202943924,236725,0.3086,0.1792,1.6938,114.9292,-98.2056,38.9404,1,469,990,719
1202948923,236726,0.0806,0.7095,1.5522,97.5342,-83.4961,29.8462,1,474,925,719
1202953922,236727,0.0947,0.7754,1.5591,81.0547,-70.3125,20.3857,1,475,921,719
1202958923,236728,0.1626,0.4927,1.5508,67.4438,-56.5186,13.6108,1,477,906,719
1202963922,236729,0.1577,0.1279,1.4893,61.7065,-47.5464,10.6201,1,483,914,719
1202968922,236730,0.1123,-0.0649,1.4028,60.9741,-43.3350,10.3149,1,466,926,719
1202973925,236731,0.0664,-0.0210,1.3247,58.9600,-37.2925,9.3994,1,466,946,719
1202978926,236732,0.0244,0.1387,1.2759,53.4668,-32.5928,7.6294,1,465,920,719
1202983926,236733,0.0137,0.2505,1.2617,45.2270,-29.9072,5.6152,1,466,914,719
1202988930,236734,0.0327,0.2476,1.2622,36.8042,-25.5127,4.1504,1,466,923,719
1202993947,236735,0.0386,0.1665,1.2295,30.0903,-20.3247,3.4790,1,466,913,719
1202998923,236736,0.0063,0.0815,1.1558,26.0010,-17.3950,3.2959,1,466,919,719
1203003922,236737,-0.0352,0.0415,1.0918,23.1934,-17.1509,3.2959,1,494,903,719
1203008926,236738,-0.0430,0.0459,1.0859,20.0195,-17.0288,3.1128,1,487,906,719
1203013931,236739,-0.0205,0.0708,1.1147,16.9678,-15.3198,2.8076,1,467,826,719
1203018923,236740,-0.0024,0.0859,1.1284,13.6108,-13.1836,2.3193,1,490,814,719
1203023941,236741,-0.0127,0.0698,1.1074,10.5591,-11.3525,1.6479,1,479,867,719
1203028922,236742,-0.0415,0.0308,1.0640,8.7891,-10.9253,1.0986,1,480,892,719
1203033925,236743,-0.0610,-0.0112,1.0293,8.3008,-11.3525,0.6714,1,484,866,719
1203038923,236744,-0.0566,-0.0352,1.0249,8.4229,-11.8408,0.6714,1,483,858,719
1203043922,236745,-0.0391,-0.0308,1.0410,8.6060,-11.1694,0.6104,1,507,863,719
1203048922,236746,-0.0283,-0.0078,1.0552,7.8125,-10.0098,0.6104,1,497,861,719
1203053922,236747,-0.0288,0.0117,1.0591,6.4087,-9.0942,0.4272,1,470,869,719
1203058930,236748,-0.0342,0.0132,1.0518,5.1270,-8.4839,0.1831,1,468,875,719
1203063927,236749,-0.0381,0.0010,1.0410,4.2114,-7.7515,0.1221,1,482,869,719
1203068925,236750,-0.0410,-0.0088,1.0337,3.8452,-7.3853,0.1221,1,466,851,719
1203073930,236751,-0.0449,-0.0073,1.0283,3.2959,-7.3853,-0.1221,1,470,859,719
1203078923,236752,-0.0464,-0.0039,1.0264,2.3804,-7.4463,-0.4272,1,483,862,719
1203083930,236753,-0.0396,-0.0088,1.0298,1.8311,-7.2021,-0.4272,1,466,859,719
1203088929,236754,-0.0308,-0.0215,1.0332,1.6479,-5.9814,-0.5493,1,466,876,719
1203093924,236755,-0.0327,-0.0293,1.0308,1.7700,-4.6997,-0.6104,1,466,886,719
1203098926,236756,-0.0400,-0.0293,1.0229,1.7090,-4.5166,-0.6104,1,466,879,719
1203103930,236757,-0.0464,-0.0283,1.0142,2.0142,-4.2725,-0.4883,1,466,878,719
1203108922,236758,-0.0532,-0.0264,1.0073,2.1973,-3.9062,-0.4883,1,466,879,719
1203113930,236759,-0.0562,-0.0215,1.0063,2.2583,-4.2725,-0.4272,1,492,881,719
1203118922,236760,-0.0518,-0.0161,1.0132,2.1973,-4.5166,-0.3662,1,466,882,719
1203123929,236761,-0.0425,-0.0127,1.0225,2.2583,-4.7607,-0.1221,1,493,886,719
1203128930,236762,-0.0361,-0.0107,1.0269,2.1362,-4.0894,-0.1831,1,493,806,719
1203133930,236763,-0.0366,-0.0098,1.0264,2.0142,-3.7231,-0.3052,1,488,837,719
1203138923,236764,-0.0376,-0.0088,1.0244,1.9531,-3.7231,-0.3052,1,471,847,719
1203143924,236765,-0.0366,-0.0049,1.0288,2.0142,-3.6621,-0.3662,1,505,851,719
1203148926,236766,-0.0342,-0.0020,1.0332,1.5259,-3.6011,-0.4883,1,489,853,719
1203153927,236767,-0.0332,-0.0068,1.0352,1.4038,-3.0518,-0.5493,1,493,785,719
1203158931,236768,-0.0332,-0.0137,1.0347,1.5869,-3.3569,-0.5493,1,489,849,719
1203163922,236769,-0.0352,-0.0181,1.0298,1.8311,-2.9297,-0.4272,1,492,899,719
1203168929,236770,-0.0420,-0.0229,1.0249,2.1362,-2.9297,-0.5493,1,472,863,719
1203173922,236771,-0.0439,-0.0254,1.0234,2.8076,-3.7231,-0.5493,1,466,885,719
1203178930,236772,-0.0386,-0.0205,1.0273,3.3569,-3.7231,-0.6104,1,472,843,719
1203183930,236773,-0.0293,-0.0132,1.0356,3.2959,-3.4790,-0.5493,1,466,867,719
1203188930,236774,-0.0249,-0.0093,1.0405,3.3569,-3.0518,-0.6104,1,465,866,719
1203193924,236775,-0.0269,-0.0088,1.0386,3.4790,-2.6855,-0.7324,1,484,858,719
1203198923,236776,-0.0269,-0.0117,1.0386,3.4790,-2.5024,-0.7935,1,466,880,719
1203203927,236777,-0.0239,-0.0127,1.0415,3.4790,-2.0142,-0.7935,1,466,881,719
1203208924,236778,-0.0215,-0.0068,1.0425,3.4790,-1.2817,-0.6714,1,466,882,719
1203213923,236779,-0.0234,-0.0015,1.0400,2.9907,-0.6104,-0.7324,1,466,880,719
1203218940,236780,-0.0288,-0.0020,1.0361,2.7466,-0.3662,-0.6714,1,466,872,719
1203223926,236781,-0.0308,-0.0078,1.0347,2.6245,-0.1831,-0.6104,1,466,882,719
1203228928,236782,-0.0298,-0.0098,1.0352,2.8076,0.0000,-0.6104,1,493,876,719
1203233929,236783,-0.0288,-0.0049,1.0371,2.5635,0.2441,-0.5493,1,466,756,719
1203238925,236784,-0.0278,0.0010,1.0405,2.1362,0.6714,-0.4272,1,494,882,719
1203243930,236785,-0.0273,0.0015,1.0410,1.7090,1.0376,-0.4883,1,466,857,719
1203248932,236786,-0.0283,-0.0020,1.0381,1.7090,1.4648,-0.3662,1,486,840,719
1203253928,236787,-0.0303,-0.0073,1.0322,1.7090,1.8311,-0.5493,1,489,849,719
1203258922,236788,-0.0342,-0.0112,1.0239,1.8921,2.0752,-0.6714,1,497,844,719
1203263929,236789,-0.0391,-0.0127,1.0186,2.0752,2.1362,-0.6104,1,476,838,719
1203268925,236790,-0.0400,-0.0132,1.0205,2.1973,2.0142,-0.7324,1,496,833,719
1203273926,236791,-0.0356,-0.0161,1.0288,2.4414,2.0142,-0.9155,1,481,875,719
1203278926,236792,-0.0303,-0.0220,1.0347,2.8076,2.3193,-1.0376,1,504,887,719
1203283923,236793,-0.0278,-0.0337,1.0342,3.2959,2.7466,-0.9766,1,474,867,719
1203288927,236794,-0.0342,-0.0381,1.0259,4.3945,3.3569,-0.8545,1,477,879,719
1203293929,236795,-0.0459,-0.0220,1.0146,4.8828,3.1738,-0.7935,1,470,835,719
1203298923,236796,-0.0483,-0.0083,1.0107,4.5776,2.6245,-0.8545,1,468,868,719
1203303930,236797,-0.0415,-0.0044,1.0176,4.8218,2.7466,-0.9155,1,470,868,719
1203308928,236798,-0.0371,0.0010,1.0234,4.6387,3.0518,-0.7935,1,484,860,719
1203313924,236799,-0.0396,0.0049,1.0225,3.9062,3.3569,-0.7935,1,466,873,719
1203318923,236800,-0.0444,0.0005,1.0176,3.4790,3.3569,-0.9155,1,466,877,719
1203323925,236801,-0.0454,-0.0054,1.0122,3.5400,3.2349,-0.7324,1,465,879,719
1203328929,236802,-0.0454,-0.0039,1.0098,3.2349,3.6621,-0.6104,1,466,881,719
1203333922,236803,-0.0469,0.0005,1.0122,2.5635,3.7231,-0.7935,1,465,879,719
1203338927,236804,-0.0439,0.0034,1.0186,2.0142,3.7231,-0.7935,1,466,873,719
1203343923,236805,-0.0386,0.0039,1.0254,1.4648,4.2114,-0.8545,1,466,878,719
1203348923,236806,-0.0391,0.0010,1.0249,0.9155,4.7607,-1.0986,1,466,879,719
1203353930,236807,-0.0444,-0.0005,1.0190,0.7935,4.8218,-1.0376,1,494,818,719
1203358929,236808,-0.0474,-0.0005,1.0137,0.6104,4.6387,-1.0376,1,464,794,719
1203363922,236809,-0.0513,-0.0039,1.0073,0.4272,4.8218,-0.9766,1,483,846,719
1203368926,236810,-0.0576,-0.0093,1.0024,0.5493,4.3945,-1.0986,1,471,847,719
1203373922,236811,-0.0562,-0.0137,1.0049,0.9766,3.6621,-1.2207,1,494,853,719
1203378930,236812,-0.0479,-0.0122,1.0107,1.1597,3.6621,-1.3428,1,479,837,719
1203383925,236813,-0.0439,-0.0093,1.0137,1.3428,3.7842,-1.2817,1,498,842,719
1203388926,236814,-0.0454,-0.0083,1.0146,1.5259,3.5400,-1.3428,1,482,849,719
1203393928,236815,-0.0483,-0.0073,1.0161,1.8311,3.2959,-1.3428,1,492,892,719
1203398926,236816,-0.0522,-0.0063,1.0156,2.0752,3.1128,-1.4038,1,466,841,719
1203403929,236817,-0.0532,-0.0059,1.0171,2.3193,2.7466,-1.5259,1,466,868,719
1203408924,236818,-0.0459,-0.0044,1.0239,2.5024,2.3804,-1.5869,1,465,875,719
1203413924,236819,-0.0366,-0.0020,1.0303,2.4414,2.6245,-1.5259,1,466,860,719
1203418929,236820,-0.0352,0.0000,1.0308,2.3804,3.1128,-1.4648,1,465,863,719
1203423922,236821,-0.0405,0.0010,1.0308,2.3804,3.0518,-1.2817,1,483,816,719
1203428925,236822,-0.0430,-0.0005,1.0327,2.3193,2.8687,-1.2207,1,466,866,719
1203433928,236823,-0.0396,-0.0015,1.0386,2.1362,2.9297,-1.1597,1,466,877,719
1203438925,236824,-0.0356,0.0015,1.0444,1.8921,3.1128,-0.9766,1,466,877,719
1203443929,236825,-0.0352,0.0039,1.0444,1.4648,3.2959,-0.8545,1,466,874,719
1203448929,236826,-0.0376,0.0000,1.0400,1.2817,3.2959,-0.7324,1,466,881,719
1203453929,236827,-0.0381,-0.0020,1.0361,1.5259,3.2349,-0.6104,1,466,839,719
1203458922,236828,-0.0381,0.0020,1.0312,1.6479,3.7231,-0.6104,1,466,872,719
1203463930,236829,-0.0400,0.0054,1.0273,1.4648,3.8452,-0.7324,1,493,903,719
1203468929,236830,-0.0435,0.0059,1.0264,1.1597,3.8452,-0.6714,1,466,881,719
1203473929,236831,-0.0454,0.0063,1.0264,1.1597,3.7842,-0.6104,1,494,801,719
1203478929,236832,-0.0459,0.0059,1.0244,0.9766,3.7231,-0.7324,1,474,856,719
1203483938,236833,-0.0459,0.0049,1.0234,0.7935,3.6621,-0.7324,1,477,848,719
1203488927,236834,-0.0493,0.0063,1.0225,0.6104,3.6011,-0.6104,1,490,851,719
1203493929,236835,-0.0537,0.0068,1.0210,0.3662,3.4180,-0.6714,1,496,839,719
1203498924,236836,-0.0542,0.0034,1.0220,0.1221,3.0518,-0.6104,1,474,837,719
1203503926,236837,-0.0513,-0.0020,1.0254,0.1221,2.8076,-0.4272,1,505,828,719
1203508928,236838,-0.0522,-0.0054,1.0244,0.2441,2.6245,-0.5493,1,480,871,719
1203513929,236839,-0.0552,-0.0039,1.0225,0.3662,2.0752,-0.4272,1,504,896,719
1203518923,236840,-0.0532,0.0000,1.0249,0.3662,1.7090,-0.4883,1,475,864,719
1203523925,236841,-0.0479,0.0024,1.0288,0.2441,1.6479,-0.5493,1,482,789,719
1203528924,236842,-0.0454,0.0000,1.0288,0.3052,1.5259,-0.5493,1,479,836,719
1203533924,236843,-0.0479,-0.0049,1.0249,0.4272,1.4648,-0.5493,1,480,818,719
1203538929,236844,-0.0503,-0.0059,1.0200,0.4883,0.9766,-0.4883,1,473,862,719
1203543928,236845,-0.0518,-0.0034,1.0171,0.6714,0.7935,-0.4883,1,483,845,719
1203548922,236846,-0.0518,-0.0029,1.0161,0.7935,0.9155,-0.5493,1,466,869,719
1203553922,236847,-0.0508,-0.0029,1.0181,0.7324,0.7324,-0.5493,1,466,879,719
1203558928,236848,-0.0483,-0.0020,1.0215,0.7935,0.6104,-0.4883,1,466,873,719
1203563923,236849,-0.0449,0.0010,1.0244,0.9155,0.6104,-0.4883,1,466,870,719
1203568923,236850,-0.0435,0.0034,1.0249,0.7324,0.8545,-0.5493,1,466,869,719
1203573926,236851,-0.0464,0.0020,1.0234,0.6714,1.0376,-0.5493,1,466,879,719
1203578926,236852,-0.0527,0.0005,1.0186,0.5493,1.0986,-0.4272,1,466,873,719
1203583929,236853,-0.0581,-0.0005,1.0137,0.5493,0.7324,-0.4272,1,466,874,719
1203588922,236854,-0.0615,-0.0020,1.0098,0.4272,0.6714,-0.4272,1,493,875,719
1203593922,236855,-0.0654,-0.0010,1.0054,0.3662,0.5493,-0.4272,1,466,798,719
1203598926,236856,-0.0645,0.0015,1.0054,0.2441,0.0000,-0.4883,1,483,854,719
1203603925,236857,-0.0596,0.0039,1.0083,0.1221,-0.0610,-0.5493,1,484,794,719
1203608926,236858,-0.0571,0.0054,1.0098,-0.2441,-0.1221,-0.6104,1,508,844,719
1203613927,236859,-0.0601,0.0010,1.0093,-0.3662,-0.4272,-0.6714,1,488,829,719
1203618925,236860,-0.0620,0.0015,1.0098,-0.5493,-0.6714,-0.6104,1,492,826,719
1203623923,236861,-0.0596,0.0010,1.0117,-0.7935,-0.8545,-0.6714,1,470,867,719
1203628926,236862,-0.0542,-0.0005,1.0132,-0.7935,-1.0986,-0.7324,1,490,829,719
1203633927,236863,-0.0522,0.0000,1.0122,-0.8545,-0.9766,-0.6104,1,506,831,719
1203638924,236864,-0.0566,0.0034,1.0083,-0.9766,-1.1597,-0.5493,1,474,830,719
1203643929,236865,-0.0591,0.0039,1.0073,-1.1597,-1.5869,-0.4272,1,474,876,719
1203648923,236866,-0.0557,-0.0005,1.0117,-1.2817,-1.7700,-0.5493,1,469,860,719
1203653927,236867,-0.0513,-0.0039,1.0176,-1.1597,-1.8921,-0.5493,1,470,858,719
1203658927,236868,-0.0498,-0.0010,1.0215,-0.9766,-1.8921,-0.4272,1,478,857,719
1203663929,236869,-0.0488,0.0029,1.0234,-1.1597,-1.9531,-0.5493,1,484,852,719
1203668924,236870,-0.0474,0.0034,1.0254,-1.2817,-2.1362,-0.5493,1,465,883,719
1203673930,236871,-0.0464,0.0020,1.0259,-1.3428,-2.1362,-0.4883,1,466,884,719
1203678928,236872,-0.0483,0.0015,1.0239,-1.3428,-2.1973,-0.5493,1,466,875,719
1203683922,236873,-0.0488,0.0005,1.0205,-1.4038,-2.2583,-0.6104,1,466,881,719
1203688927,236874,-0.0469,-0.0024,1.0186,-1.3428,-2.3193,-0.6714,1,466,873,719
1203693941,236875,-0.0459,-0.0059,1.0195,-1.1597,-2.2583,-0.7324,1,466,877,719
1203698923,236876,-0.0444,-0.0059,1.0234,-0.8545,-2.3804,-0.7935,1,466,878,719
1203703927,236877,-0.0425,-0.0029,1.0269,-0.7935,-2.4414,-0.9155,1,493,874,719
1203708929,236878,-0.0415,0.0000,1.0283,-0.9155,-2.2583,-0.9766,1,468,877,719
1203713924,236879,-0.0415,0.0034,1.0278,-0.9155,-2.2583,-0.9766,1,494,767,719
1203718927,236880,-0.0415,0.0059,1.0264,-1.0986,-2.1362,-0.9766,1,478,827,719
1203723937,236881,-0.0425,0.0063,1.0254,-1.0986,-2.0142,-0.9766,1,478,858,719
1203728925,236882,-0.0444,0.0039,1.0239,-1.4038,-1.7700,-0.9155,1,481,844,719
1203733924,236883,-0.0469,-0.0005,1.0210,-1.5259,-2.0142,-0.9766,1,496,853,719
1203738922,236884,-0.0479,-0.0010,1.0195,-1.4038,-2.0752,-0.9155,1,476,776,719
1203743930,236885,-0.0469,0.0015,1.0200,-1.6479,-2.1362,-0.7935,1,504,787,719
1203748922,236886,-0.0454,0.0029,1.0205,-1.8311,-2.0752,-0.7324,1,473,873,719
1203753927,236887,-0.0454,0.0020,1.0195,-2.0142,-2.0142,-0.7324,1,504,837,719
1203758926,236888,-0.0469,-0.0029,1.0166,-2.0752,-2.0752,-0.6104,1,497,838,719
1203763928,236889,-0.0449,-0.0093,1.0161,-1.8311,-2.0752,-0.5493,1,474,859,719
1203768922,236890,-0.0415,-0.0132,1.0176,-1.5869,-1.8311,-0.4883,1,473,876,719
1203773927,236891,-0.0410,-0.0137,1.0176,-1.2207,-1.5259,-0.3662,1,480,860,719
1203778924,236892,-0.0435,-0.0127,1.0186,-0.9766,-1.6479,-0.4883,1,470,862,719
1203783931,236893,-0.0439,-0.0122,1.0210,-0.8545,-1.4648,-0.6104,1,484,857,719
1203788924,236894,-0.0425,-0.0107,1.0200,-0.4883,-1.2817,-0.5493,1,466,878,719
1203793927,236895,-0.0435,-0.0112,1.0142,-0.1831,-1.2207,-0.6714,1,466,879,719
1203798931,236896,-0.0498,-0.0146,1.0078,0.1221,-1.4648,-0.7935,1,466,881,719
1203803922,236897,-0.0586,-0.0176,1.0059,0.4272,-2.0142,-0.7935,1,466,883,719
1203808923,236898,-0.0601,-0.0171,1.0088,0.9155,-2.7466,-0.6714,1,466,874,719
1203813925,236899,-0.0518,-0.0098,1.0161,1.2817,-2.9907,-0.7935,1,466,870,719
1203818924,236900,-0.0415,-0.0015,1.0249,1.2817,-2.9907,-0.7324,1,492,878,719
1203823925,236901,-0.0376,0.0015,1.0288,0.9766,-2.6855,-0.7935,1,465,883,719
1203828926,236902,-0.0405,0.0024,1.0264,0.7935,-2.3193,-0.7935,1,475,874,719
1203833927,236903,-0.0425,0.0029,1.0249,0.5493,-2.5024,-0.7324,1,493,773,719
1203838926,236904,-0.0386,0.0024,1.0254,0.1831,-2.3193,-0.6714,1,481,825,719
1203843931,236905,-0.0347,0.0020,1.0269,-0.1221,-1.7700,-0.6714,1,487,852,719
1203848928,236906,-0.0347,0.0020,1.0259,-0.5493,-1.3428,-0.4272,1,490,839,719
1203853923,236907,-0.0371,0.0015,1.0249,-0.6714,-1.0986,-0.3662,1,471,857,719
1203858930,236908,-0.0371,0.0005,1.0273,-0.9766,-0.7935,-0.4272,1,503,839,719
1203863926,236909,-0.0361,-0.0010,1.0283,-1.0986,-0.3052,-0.3662,1,493,841,719
1203868923,236910,-0.0376,-0.0005,1.0244,-1.1597,-0.1221,-0.4272,1,492,835,719
1203873922,236911,-0.0396,0.0005,1.0190,-1.4648,-0.0610,-0.2441,1,466,831,719
1203878930,236912,-0.0391,-0.0005,1.0171,-1.7700,0.3662,-0.3662,1,483,869,719
1203883928,236913,-0.0391,-0.0054,1.0186,-1.6479,0.7324,-0.4272,1,475,865,719
1203888929,236914,-0.0410,-0.0103,1.0190,-1.4038,0.7935,-0.4272,1,475,857,719
1203893928,236915,-0.0449,-0.0122,1.0176,-1.0986,0.7324,-0.5493,1,471,859,719
1203898927,236916,-0.0493,-0.0107,1.0156,-0.8545,0.6104,-0.6714,1,484,867,719
1203903929,236917,-0.0483,-0.0078,1.0161,-0.6714,0.3052,-0.7935,1,466,858,719
1203908923,236918,-0.0439,-0.0054,1.0195,-0.6714,0.2441,-0.9155,1,466,876,719
1203913929,236919,-0.0410,-0.0063,1.0239,-0.6104,0.3662,-0.9155,1,466,880,719
1203918929,236920,-0.0425,-0.0073,1.0264,-0.4883,0.3662,-0.9155,1,466,879,719
1203923923,236921,-0.0439,-0.0059,1.0254,-0.4272,0.3052,-1.0376,1,465,880,719
1203928922,236922,-0.0430,-0.0024,1.0234,-0.5493,0.1221,-1.0376,1,466,869,719
1203933929,236923,-0.0391,0.0015,1.0225,-0.5493,0.4272,-0.9155,1,466,874,719
1203938930,236924,-0.0347,0.0015,1.0229,-0.7935,0.8545,-0.9155,1,492,871,719
1203943925,236925,-0.0347,-0.0029,1.0249,-0.8545,1.2817,-0.9155,1,466,872,719
1203948925,236926,-0.0381,-0.0063,1.0269,-0.7324,1.5259,-0.7935,1,494,879,719
1203953925,236927,-0.0410,-0.0078,1.0293,-0.8545,1.5869,-0.7935,1,476,770,719
1203958947,236928,-0.0400,-0.0088,1.0293,-0.7324,1.6479,-0.9155,1,479,857,719
1203963929,236929,-0.0386,-0.0078,1.0259,-0.4883,1.7700,-0.9155,1,478,848,719
1203968923,236930,-0.0396,-0.0059,1.0225,-0.4883,2.0752,-0.8545,1,501,847,719
1203973927,236931,-0.0410,-0.0068,1.0225,-0.4272,2.1362,-0.7935,1,492,828,719
1203978931,236932,-0.0405,-0.0093,1.0259,-0.3052,2.1362,-0.7324,1,493,795,719
1203983925,236933,-0.0400,-0.0093,1.0288,-0.1831,2.2583,-0.7935,1,492,874,719
1203988924,236934,-0.0415,-0.0068,1.0269,-0.2441,2.1973,-0.8545,1,504,839,719
1203993925,236935,-0.0474,-0.0044,1.0171,-0.0610,2.1973,-0.9155,1,476,874,719
1203998926,236936,-0.0542,-0.0044,1.0078,-0.1221,1.7700,-1.0376,1,472,868,719
1204003922,236937,-0.0557,-0.0068,1.0078,0.1831,1.2817,-1.0986,1,472,849,719
1204008924,236938,-0.0522,-0.0103,1.0142,0.3662,0.7935,-1.0376,1,474,862,719
1204013926,236939,-0.0479,-0.0088,1.0200,0.4883,0.6104,-1.0986,1,484,857,719
1204018926,236940,-0.0479,-0.0034,1.0234,0.3662,0.3052,-1.1597,1,483,851,719
1204023922,236941,-0.0493,0.0000,1.0215,0.0610,-0.1831,-1.2207,1,466,875,719
1204028927,236942,-0.0483,0.0010,1.0195,-0.3052,-0.3662,-1.0986,1,466,837,719
1204033926,236943,-0.0444,0.0005,1.0215,-0.5493,-0.4272,-1.0376,1,466,873,719
1204038922,236944,-0.0410,-0.0010,1.0239,-0.5493,-0.1221,-1.0376,1,466,874,719
1204043928,236945,-0.0420,-0.0029,1.0249,-0.7935,0.0610,-1.2207,1,466,870,719
1204048930,236946,-0.0459,-0.0068,1.0220,-0.7935,-0.0610,-1.0986,1,466,875,719
1204053925,236947,-0.0503,-0.0098,1.0171,-0.7324,-0.2441,-1.0986,1,493,873,719
1204058930,236948,-0.0503,-0.0112,1.0146,-0.7324,-0.6714,-1.0986,1,466,874,719
1204063923,236949,-0.0464,-0.0112,1.0176,-0.6104,-0.7935,-1.0376,1,474,880,719
1204068929,236950,-0.0435,-0.0103,1.0200,-0.3662,-0.7935,-0.9155,1,493,769,719
1204073931,236951,-0.0435,-0.0088,1.0210,-0.3662,-0.7324,-0.8545,1,485,856,719
1204078926,236952,-0.0454,-0.0078,1.0210,-0.4272,-0.7935,-0.9155,1,488,845,719
1204083927,236953,-0.0474,-0.0068,1.0190,-0.4272,-1.0376,-0.9155,1,498,851,719
1204088925,236954,-0.0479,-0.0078,1.0166,-0.2441,-0.9766,-1.0376,1,477,858,719
1204093930,236955,-0.0454,-0.0103,1.0156,-0.1221,-1.0376,-0.9766,1,498,836,719
1204098929,236956,-0.0435,-0.0107,1.0151,0.1221,-0.9155,-0.9155,1,474,871,719
1204103929,236957,-0.0474,-0.0112,1.0127,0.2441,-0.7324,-1.0376,1,494,906,719
1204108929,236958,-0.0537,-0.0146,1.0103,0.4272,-1.4648,-1.0986,1,467,840,719
1204113927,236959,-0.0547,-0.0156,1.0103,0.7935,-2.0752,-1.0986,1,466,883,719
1204118922,236960,-0.0508,-0.0122,1.0142,0.9766,-2.3193,-1.2817,1,465,875,719
1204123929,236961,-0.0464,-0.0078,1.0190,1.0376,-2.6245,-1.3428,1,468,862,719
1204128926,236962,-0.0449,-0.0044,1.0215,0.9766,-2.5635,-1.2207,1,480,861,719
1204133928,236963,-0.0435,-0.0029,1.0234,0.7935,-2.7466,-1.1597,1,483,857,719
1204138925,236964,-0.0405,-0.0034,1.0264,0.6714,-2.8076,-1.0376,1,466,876,719
1204143922,236965,-0.0400,-0.0034,1.0269,0.4272,-2.8687,-0.9155,1,466,875,719
1204148930,236966,-0.0415,-0.0039,1.0259,0.1831,-2.8687,-1.0986,1,466,879,719
1204153929,236967,-0.0415,-0.0044,1.0254,0.1831,-2.9907,-0.9766,1,466,881,719
1204158923,236968,-0.0400,-0.0029,1.0254,-0.0610,-2.8687,-0.8545,1,466,878,719
1204163942,236969,-0.0391,-0.0015,1.0259,-0.3662,-2.6245,-0.8545,1,466,873,719
1204168922,236970,-0.0400,-0.0029,1.0254,-0.4883,-2.5635,-1.0376,1,466,876,719
1204173926,236971,-0.0420,-0.0054,1.0229,-0.4272,-2.5024,-0.9766,1,493,873,719
1204178924,236972,-0.0420,-0.0073,1.0210,-0.3662,-2.6245,-0.8545,1,476,875,719
1204183926,236973,-0.0396,-0.0078,1.0225,-0.3662,-2.5024,-0.8545,1,493,806,719
1204188923,236974,-0.0376,-0.0063,1.0254,-0.3052,-2.2583,-0.7935,1,486,774,719
1204193925,236975,-0.0361,-0.0039,1.0254,-0.3662,-2.0142,-0.7935,1,488,847,719
1204198924,236976,-0.0347,-0.0029,1.0234,-0.6104,-1.7700,-0.8545,1,489,850,719
1204203924,236977,-0.0332,-0.0034,1.0225,-0.6104,-1.5259,-0.7324,1,475,832,719
1204208923,236978,-0.0327,-0.0049,1.0229,-0.6104,-1.1597,-0.5493,1,500,838,719
1204213928,236979,-0.0337,-0.0068,1.0249,-0.7935,-0.7935,-0.5493,1,482,875,719
1204218927,236980,-0.0356,-0.0073,1.0264,-0.9766,-0.5493,-0.6104,1,499,877,719
1204223928,236981,-0.0391,-0.0068,1.0244,-0.7324,-0.5493,-0.5493,1,510,835,719
1204228923,236982,-0.0415,-0.0059,1.0225,-0.8545,-0.6104,-0.5493,1,483,875,719
1204233925,236983,-0.0405,-0.0054,1.0229,-1.0376,-0.8545,-0.4883,1,467,868,719
1204238930,236984,-0.0371,-0.0049,1.0249,-0.9155,-0.7935,-0.3662,1,465,855,719
1204243929,236985,-0.0337,-0.0049,1.0273,-1.0986,-0.3662,-0.4272,1,480,862,719
1204248927,236986,-0.0332,-0.0068,1.0283,-1.2207,-0.2441,-0.4272,1,483,862,719
1204253925,236987,-0.0356,-0.0083,1.0254,-1.1597,-0.1831,-0.3052,1,466,885,719
1204258923,236988,-0.0391,-0.0078,1.0220,-1.2817,-0.1221,-0.3052,1,466,877,719
1204263924,236989,-0.0410,-0.0078,1.0195,-1.0986,-0.1221,-0.3052,1,466,869,719
1204268929,236990,-0.0415,-0.0088,1.0181,-1.2207,-0.3052,-0.3052,1,466,873,719
1204273927,236991,-0.0420,-0.0127,1.0171,-1.2207,-0.4272,-0.2441,1,466,868,719
1204278942,236992,-0.0415,-0.0171,1.0166,-0.9155,-0.5493,-0.3052,1,466,879,719
1204283924,236993,-0.0400,-0.0166,1.0190,-0.6104,-0.5493,-0.3052,1,466,879,719
1204288929,236994,-0.0386,-0.0132,1.0225,-0.4272,-0.6104,-0.1221,1,493,874,719
1204293922,236995,-0.0366,-0.0117,1.0244,-0.4272,-0.6104,-0.1831,1,472,870,719
1204298925,236996,-0.0386,-0.0117,1.0229,-0.3052,-0.6714,-0.3662,1,494,881,719
1204303922,236997,-0.0420,-0.0112,1.0181,-0.1831,-0.7324,-0.3662,1,465,820,719
1204308932,236998,-0.0444,-0.0098,1.0142,-0.1221,-0.8545,-0.4272,1,482,863,719
1204313923,236999,-0.0459,-0.0093,1.0137,-0.1221,-1.2207,-0.4272,1,472,843,719
1204318929,237000,-0.0449,-0.0117,1.0156,0.0000,-1.5259,-0.4883,1,506,844,719
1204323925,237001,-0.0420,-0.0127,1.0181,0.1221,-1.6479,-0.4883,1,481,746,719
1204328925,237002,-0.0366,-0.0063,1.0249,0.1831,-1.5869,-0.3052,1,503,832,719
1204333925,237003,-0.0352,-0.0059,1.0254,0.1221,-1.5259,-0.2441,1,483,880,719
1204338930,237004,-0.0347,-0.0073,1.0249,0.0610,-1.7090,-0.1831,1,501,829,719
1204343923,237005,-0.0342,-0.0073,1.0239,0.0610,-1.6479,-0.1831,1,472,837,719
1204348924,237006,-0.0342,-0.0068,1.0249,-0.1831,-1.4038,-0.1831,1,479,878,719
1204353926,237007,-0.0337,-0.0054,1.0264,-0.2441,-1.2817,-0.0610,1,474,836,719
1204358926,237008,-0.0337,-0.0044,1.0264,-0.3052,-1.2207,0.0000,1,468,858,719
1204363930,237009,-0.0332,-0.0068,1.0259,-0.3662,-0.9766,-0.0610,1,465,807,719
1204368927,237010,-0.0327,-0.0098,1.0259,-0.2441,-0.8545,-0.0610,1,483,858,719
1204373930,237011,-0.0322,-0.0093,1.0259,-0.0610,-0.7935,0.0000,1,466,875,719
1204378925,237012,-0.0317,-0.0068,1.0259,-0.1221,-0.4883,-0.0610,1,466,827,719
1204383927,237013,-0.0317,-0.0054,1.0264,-0.2441,-0.3662,0.0000,1,466,872,719
1204388923,237014,-0.0308,-0.0063,1.0273,-0.3662,-0.1831,0.0610,1,466,834,719
1204393922,237015,-0.0312,-0.0073,1.0269,-0.4272,0.1221,0.0000,1,466,878,719
1204398935,237016,-0.0332,-0.0078,1.0264,-0.4272,0.1831,0.1221,1,465,854,719
1204403930,237017,-0.0347,-0.0078,1.0254,-0.4272,0.4272,0.2441,1,465,877,719
1204408931,237018,-0.0366,-0.0083,1.0239,-0.4272,0.4883,0.1831,1,493,879,719
1204413924,237019,-0.0386,-0.0083,1.0215,-0.3662,0.4272,0.1831,1,466,882,719
1204418922,237020,-0.0386,-0.0098,1.0205,-0.3052,0.3052,0.1831,1,494,810,719
1204423926,237021,-0.0376,-0.0112,1.0205,-0.3052,0.1831,0.1221,1,487,791,719
1204428925,237022,-0.0381,-0.0103,1.0205,-0.1831,0.2441,0.1831,1,478,845,719
1204433927,237023,-0.0396,-0.0103,1.0195,-0.2441,0.1831,0.1221,1,488,850,719
1204438925,237024,-0.0415,-0.0107,1.0181,-0.2441,0.0610,0.0610,1,485,848,719
1204443925,237025,-0.0405,-0.0112,1.0181,0.0610,-0.1221,0.1221,1,490,834,719
1204448927,237026,-0.0371,-0.0107,1.0200,0.1831,-0.1831,0.1831,1,491,837,719
1204453927,237027,-0.0352,-0.0103,1.0225,0.1831,-0.1831,0.0610,1,491,881,719
1204458930,237028,-0.0356,-0.0098,1.0234,0.3052,-0.0610,0.0000,1,503,835,719
1204463927,237029,-0.0366,-0.0088,1.0225,0.3052,-0.1831,0.1221,1,471,750,719
1204468922,237030,-0.0376,-0.0098,1.0220,0.3052,-0.1831,0.0000,1,473,867,719
1204473924,237031,-0.0376,-0.0112,1.0225,0.2441,-0.2441,0.0000,1,477,808,719
1204478929,237032,-0.0371,-0.0103,1.0229,0.3052,-0.1831,0.0610,1,473,819,719
1204483928,237033,-0.0361,-0.0078,1.0234,0.2441,-0.3052,0.0000,1,482,857,719
1204488924,237034,-0.0352,-0.0073,1.0249,0.2441,-0.2441,0.0610,1,484,815,719
1204493925,237035,-0.0352,-0.0073,1.0249,0.3052,-0.1221,0.0610,1,466,880,719
1204498926,237036,-0.0366,-0.0063,1.0234,0.3662,-0.1831,-0.0610,1,466,871,719
1204503930,237037,-0.0366,-0.0068,1.0215,0.3052,-0.2441,-0.0610,1,466,882,719
1204508923,237038,-0.0347,-0.0083,1.0220,0.3662,-0.1221,-0.0610,1,466,876,719
1204513922,237039,-0.0327,-0.0073,1.0229,0.2441,-0.0610,0.0000,1,466,873,719
1204518929,237040,-0.0327,-0.0063,1.0229,0.0610,0.0610,0.0000,1,466,836,719
1204523925,237041,-0.0337,-0.0078,1.0229,0.0610,0.1221,0.0000,1,466,829,719
1204528923,237042,-0.0352,-0.0093,1.0234,0.1831,0.1221,-0.0610,1,492,825,719
1204533923,237043,-0.0361,-0.0093,1.0234,0.1221,0.4272,-0.0610,1,475,870,719
1204538930,237044,-0.0371,-0.0083,1.0229,0.1221,0.3662,0.0000,1,494,800,719
1204543928,237045,-0.0371,-0.0083,1.0225,0.0610,0.2441,-0.0610,1,474,804,719
1204548923,237046,-0.0361,-0.0093,1.0200,0.1221,0.2441,-0.0610,1,482,846,719
1204553930,237047,-0.0356,-0.0103,1.0186,0.1831,0.3052,-0.1831,1,509,842,719
1204558929,237048,-0.0386,-0.0098,1.0181,0.2441,0.1831,-0.1221,1,478,836,719
1204563924,237049,-0.0410,-0.0088,1.0176,0.3052,-0.1831,-0.1831,1,505,830,719
1204568923,237050,-0.0391,-0.0073,1.0195,0.3052,-0.3052,-0.0610,1,491,842,719
1204573930,237051,-0.0356,-0.0063,1.0220,0.1831,-0.1221,-0.0610,1,488,827,719
1204578925,237052,-0.0342,-0.0054,1.0234,0.1831,0.2441,-0.0610,1,506,835,719
1204583930,237053,-0.0352,-0.0044,1.0249,0.0000,0.3052,-0.0610,1,482,872,719
1204588929,237054,-0.0361,-0.0054,1.0249,-0.3052,0.4883,-0.1221,1,474,805,719
1204593922,237055,-0.0371,-0.0068,1.0239,-0.1831,0.4883,-0.0610,1,474,852,719
1204598928,237056,-0.0347,-0.0078,1.0239,-0.2441,0.4272,-0.0610,1,480,861,719
1204603930,237057,-0.0342,-0.0093,1.0244,-0.1831,0.6714,-0.0610,1,484,861,719
1204608922,237058,-0.0347,-0.0093,1.0239,-0.1831,0.4883,-0.0610,1,466,857,719
1204613930,237059,-0.0356,-0.0093,1.0225,-0.1831,0.5493,-0.1221,1,466,876,719
1204618929,237060,-0.0361,-0.0088,1.0210,-0.1831,0.6104,-0.1831,1,466,877,719
1204623927,237061,-0.0361,-0.0083,1.0215,-0.1831,0.6714,-0.1831,1,466,875,719
1204628927,237062,-0.0361,-0.0083,1.0225,-0.3052,0.5493,-0.1831,1,465,882,719
1204633926,237063,-0.0361,-0.0083,1.0234,-0.2441,0.6104,-0.1831,1,466,878,719
1204638953,237064,-0.0361,-0.0083,1.0234,-0.1221,0.6714,-0.1831,1,466,882,719
1204643926,237065,-0.0371,-0.0088,1.0234,-0.2441,0.6714,-0.2441,1,465,879,719
1204648927,237066,-0.0366,-0.0098,1.0234,-0.1831,0.7935,-0.2441,1,465,881,719
1204653923,237067,-0.0361,-0.0098,1.0229,-0.1221,0.8545,-0.1221,1,487,881,719
1204658930,237068,-0.0361,-0.0103,1.0215,-0.2441,0.9155,-0.3052,1,466,768,719
1204663930,237069,-0.0352,-0.0107,1.0220,-0.1831,0.8545,-0.3052,1,464,871,719
1204668925,237070,-0.0347,-0.0098,1.0229,-0.0610,0.8545,-0.3052,1,486,846,719
1204673922,237071,-0.0361,-0.0088,1.0225,-0.0610,0.9766,-0.2441,1,492,840,719
1204678926,237072,-0.0381,-0.0088,1.0225,-0.0610,1.0376,-0.3052,1,478,833,719
1204683928,237073,-0.0386,-0.0088,1.0229,-0.1831,0.8545,-0.2441,1,498,825,719
1204688929,237074,-0.0381,-0.0073,1.0225,-0.3052,0.8545,-0.2441,1,477,876,719
1204693928,237075,-0.0381,-0.0063,1.0220,-0.3052,0.8545,-0.2441,1,493,898,719
1204698928,237076,-0.0376,-0.0063,1.0220,-0.3052,0.7324,-0.2441,1,509,830,719
1204703927,237077,-0.0366,-0.0073,1.0225,-0.4272,0.8545,-0.2441,1,482,844,719
1204708927,237078,-0.0371,-0.0083,1.0215,-0.4883,0.9766,-0.1831,1,478,877,719
1204713930,237079,-0.0386,-0.0083,1.0200,-0.5493,0.7324,-0.2441,1,479,859,719
1204718923,237080,-0.0386,-0.0078,1.0205,-0.6714,0.7935,-0.3052,1,473,862,719
1204723929,237081,-0.0381,-0.0073,1.0215,-0.7324,0.7935,-0.2441,1,483,852,719
1204728922,237082,-0.0396,-0.0068,1.0210,-0.6714,0.6104,-0.1831,1,466,858,719
1204733923,237083,-0.0410,-0.0073,1.0186,-0.6104,0.4272,-0.2441,1,466,871,719
1204738929,237084,-0.0415,-0.0098,1.0181,-0.4883,0.4883,-0.3052,1,466,877,719
1204743925,237085,-0.0400,-0.0122,1.0195,-0.3662,0.3052,-0.3662,1,466,866,719
1204748928,237086,-0.0376,-0.0132,1.0220,-0.1831,0.2441,-0.3662,1,465,882,719
1204753936,237087,-0.0356,-0.0132,1.0229,-0.1221,0.3052,-0.4883,1,466,882,719
1204758925,237088,-0.0366,-0.0107,1.0225,0.1221,0.3052,-0.5493,1,466,875,719
1204763924,237089,-0.0381,-0.0088,1.0210,0.1831,0.1831,-0.4883,1,466,873,719
1204768926,237090,-0.0381,-0.0088,1.0200,0.1221,0.1221,-0.4883,1,466,871,719
1204773927,237091,-0.0366,-0.0098,1.0205,0.1831,0.0610,-0.4272,1,494,861,719
1204778923,237092,-0.0356,-0.0112,1.0200,0.1831,0.2441,-0.4272,1,466,828,719
1204783922,237093,-0.0371,-0.0117,1.0195,0.3052,0.3662,-0.4883,1,486,866,719
1204788930,237094,-0.0386,-0.0112,1.0195,0.3662,0.3662,-0.5493,1,475,849,719
1204793930,237095,-0.0386,-0.0093,1.0205,0.3052,0.1831,-0.3662,1,500,857,719
1204798925,237096,-0.0381,-0.0088,1.0220,0.3052,0.1221,-0.3662,1,479,833,719
1204803925,237097,-0.0366,-0.0098,1.0229,0.2441,0.3662,-0.4272,1,510,779,719
1204808922,237098,-0.0356,-0.0107,1.0229,0.3662,0.4883,-0.4883,1,489,880,719
1204813927,237099,-0.0371,-0.0112,1.0215,0.2441,0.4272,-0.4272,1,496,841,719
1204818928,237100,-0.0391,-0.0103,1.0195,0.2441,0.2441,-0.4883,1,465,873,719
1204823928,237101,-0.0391,-0.0112,1.0181,0.3662,0.1831,-0.3662,1,482,864,719
1204828929,237102,-0.0376,-0.0127,1.0190,0.3662,0.1221,-0.3662,1,481,875,719
1204833923,237103,-0.0366,-0.0103,1.0210,0.3052,0.1221,-0.3662,1,479,858,719
1204838928,237104,-0.0371,-0.0083,1.0220,0.1831,0.1831,-0.3052,1,478,852,719
1204843924,237105,-0.0381,-0.0098,1.0210,0.1831,0.1831,-0.4883,1,484,859,719
1204848925,237106,-0.0391,-0.0112,1.0205,0.2441,0.1221,-0.4272,1,466,870,719
1204853927,237107,-0.0386,-0.0098,1.0220,0.2441,-0.1221,-0.4272,1,466,877,719
1204858923,237108,-0.0376,-0.0078,1.0229,0.3052,-0.0610,-0.3662,1,466,874,719
1204863929,237109,-0.0371,-0.0068,1.0220,0.1831,-0.0610,-0.4272,1,466,876,719
1204868930,237110,-0.0361,-0.0073,1.0210,0.2441,0.0000,-0.4272,1,466,879,719
1204873949,237111,-0.0356,-0.0083,1.0225,0.3052,0.0610,-0.4883,1,466,833,719
1204878924,237112,-0.0366,-0.0093,1.0239,0.2441,0.0610,-0.4272,1,466,870,719
1204883927,237113,-0.0366,-0.0107,1.0234,0.3052,-0.0610,-0.4272,1,465,878,719
1204888929,237114,-0.0366,-0.0112,1.0234,0.3662,-0.0610,-0.4272,1,486,878,719
1204893930,237115,-0.0361,-0.0107,1.0225,0.3052,-0.0610,-0.3662,1,494,884,719
1204898933,237116,-0.0366,-0.0098,1.0215,0.4272,0.0000,-0.4272,1,464,857,719
1204903922,237117,-0.0371,-0.0093,1.0215,0.3662,-0.0610,-0.4272,1,489,803,719
1204908924,237118,-0.0381,-0.0093,1.0210,0.4272,-0.0610,-0.4883,1,503,848,719
1204913923,237119,-0.0386,-0.0098,1.0205,0.3662,0.0000,-0.4883,1,484,827,719
1204918929,237120,-0.0376,-0.0088,1.0215,0.4883,-0.0610,-0.3662,1,508,796,719
1204923927,237121,-0.0366,-0.0078,1.0225,0.6104,0.1831,-0.3662,1,483,870,719
1204928926,237122,-0.0361,-0.0083,1.0234,0.4883,0.1221,-0.3052,1,479,838,719
1204933928,237123,-0.0371,-0.0088,1.0239,0.3052,0.1221,-0.3662,1,503,834,719
1204938927,237124,-0.0371,-0.0093,1.0239,0.4272,0.0000,-0.3662,1,472,862,719
1204943926,237125,-0.0366,-0.0083,1.0225,0.3052,-0.0610,-0.3052,1,472,817,719
1204948931,237126,-0.0366,-0.0078,1.0215,0.3662,-0.0610,-0.3052,1,474,852,719
1204953922,237127,-0.0356,-0.0083,1.0225,0.3662,0.0000,-0.3662,1,465,856,719
1204958925,237128,-0.0352,-0.0078,1.0234,0.3662,0.0610,-0.3662,1,483,817,719
1204963923,237129,-0.0356,-0.0073,1.0239,0.3052,0.0610,-0.2441,1,466,878,719
1204968923,237130,-0.0356,-0.0098,1.0239,0.2441,0.1221,-0.2441,1,465,878,719
1204973931,237131,-0.0347,-0.0112,1.0234,0.3662,0.2441,-0.2441,1,466,879,719
1204978928,237132,-0.0356,-0.0112,1.0225,0.3662,0.3662,-0.3052,1,466,887,719
1204983922,237133,-0.0371,-0.0098,1.0210,0.3662,0.2441,-0.1831,1,466,882,719
1204988952,237134,-0.0376,-0.0063,1.0205,0.2441,0.2441,-0.1221,1,465,880,719
1204993923,237135,-0.0371,-0.0044,1.0215,-0.0610,0.6104,-0.1831,1,466,876,719
1204998926,237136,-0.0361,-0.0049,1.0239,0.0610,0.6104,-0.2441,1,492,872,719
1205003926,237137,-0.0356,-0.0083,1.0254,0.1221,0.5493,-0.1221,1,466,874,719
1205008922,237138,-0.0356,-0.0107,1.0244,0.0610,0.8545,-0.0610,1,493,874,719
1205013930,237139,-0.0361,-0.0098,1.0220,0.1221,0.9766,-0.0610,1,473,857,719
1205018930,237140,-0.0371,-0.0073,1.0205,0.1221,0.6714,-0.0610,1,489,849,719
1205023925,237141,-0.0381,-0.0078,1.0200,0.1221,0.7935,-0.1221,1,495,844,719
1205028926,237142,-0.0376,-0.0088,1.0200,0.1831,0.7324,-0.0610,1,475,846,719
1205033928,237143,-0.0361,-0.0078,1.0220,0.2441,0.7935,0.0000,1,499,833,719
1205038929,237144,-0.0361,-0.0063,1.0234,0.1221,0.9155,-0.0610,1,483,793,719
1205043922,237145,-0.0371,-0.0068,1.0234,0.0610,0.8545,0.0000,1,482,836,719
1205048924,237146,-0.0376,-0.0088,1.0229,0.0000,0.7935,-0.0610,1,499,792,719
1205053925,237147,-0.0366,-0.0093,1.0225,0.1831,0.9155,-0.0610,1,470,824,719
1205058922,237148,-0.0366,-0.0093,1.0220,0.1831,0.9155,-0.1221,1,469,872,719
1205063925,237149,-0.0366,-0.0083,1.0225,0.0610,0.9766,0.0000,1,472,858,719
1205068931,237150,-0.0356,-0.0083,1.0229,0.0000,1.0376,0.0610,1,465,810,719
1205073929,237151,-0.0347,-0.0083,1.0244,0.0610,1.1597,0.0610,1,483,813,719
1205078924,237152,-0.0347,-0.0083,1.0254,0.0610,1.2817,-0.1221,1,466,873,719
1205083926,237153,-0.0356,-0.0093,1.0244,0.0000,1.4038,0.0000,1,466,873,719
1205088928,237154,-0.0371,-0.0098,1.0220,0.0610,1.3428,0.0610,1,466,787,719
1205093929,237155,-0.0391,-0.0093,1.0205,0.1831,1.4038,0.1221,1,466,871,719
1205098922,237156,-0.0405,-0.0083,1.0195,0.1831,1.2817,0.0000,1,466,871,719
1205103936,237157,-0.0400,-0.0083,1.0195,0.1831,1.2207,0.0610,1,466,836,719
1205108930,237158,-0.0391,-0.0088,1.0190,0.2441,1.3428,-0.0610,1,466,876,719
1205113923,237159,-0.0386,-0.0083,1.0171,0.3052,1.3428,-0.0610,1,493,872,719
1205118926,237160,-0.0420,-0.0088,1.0146,0.2441,1.1597,-0.1831,1,477,867,719
1205123929,237161,-0.0464,-0.0098,1.0137,0.3052,0.7935,0.0000,1,493,878,719
1205128934,237162,-0.0454,-0.0103,1.0156,0.3052,0.4883,-0.1221,1,466,794,719
1205133925,237163,-0.0410,-0.0093,1.0190,0.5493,0.5493,-0.1831,1,480,842,719
1205138925,237164,-0.0381,-0.0083,1.0215,0.4272,0.4272,-0.1221,1,492,851,719
1205143928,237165,-0.0381,-0.0068,1.0229,0.4883,0.3052,-0.1831,1,474,833,719
1205148928,237166,-0.0386,-0.0054,1.0239,0.5493,0.2441,-0.1831,1,498,778,719
1205153924,237167,-0.0386,-0.0059,1.0249,0.4272,0.3662,-0.1831,1,481,878,719
1205158922,237168,-0.0391,-0.0073,1.0239,0.3052,0.4272,-0.2441,1,506,838,719
1205163930,237169,-0.0386,-0.0073,1.0229,0.4272,0.4272,-0.1221,1,493,843,719
1205168929,237170,-0.0381,-0.0068,1.0239,0.3052,0.3662,-0.1221,1,479,865,719
1205173930,237171,-0.0381,-0.0063,1.0239,0.2441,0.6104,-0.0610,1,478,867,719
1205178923,237172,-0.0381,-0.0054,1.0229,0.2441,0.6104,0.0610,1,476,854,719
1205183924,237173,-0.0386,-0.0039,1.0234,-0.1221,0.6104,-0.1221,1,477,851,719
1205188928,237174,-0.0400,-0.0039,1.0234,-0.3052,0.5493,-0.1221,1,484,851,719
1205193922,237175,-0.0400,-0.0049,1.0239,-0.1831,0.3052,-0.0610,1,466,872,719
1205198922,237176,-0.0396,-0.0059,1.0244,-0.1831,0.3052,0.0000,1,466,871,719
1205203928,237177,-0.0405,-0.0068,1.0229,-0.1831,0.4272,0.0000,1,466,829,719
1205208930,237178,-0.0405,-0.0073,1.0229,-0.3662,0.3052,0.0000,1,466,835,719
1205213930,237179,-0.0381,-0.0083,1.0239,-0.3052,0.3662,0.0000,1,466,831,719
1205218949,237180,-0.0371,-0.0083,1.0234,-0.3662,0.4272,-0.0610,1,466,828,719
1205223927,237181,-0.0381,-0.0078,1.0234,-0.4883,0.4272,0.0000,1,466,881,719
1205228925,237182,-0.0396,-0.0073,1.0229,-0.4272,0.4272,0.0000,1,492,831,719
1205233927,237183,-0.0396,-0.0073,1.0220,-0.3052,0.4272,-0.0610,1,465,727,719
1205238928,237184,-0.0386,-0.0078,1.0210,-0.3052,0.4272,-0.0610,1,495,869,719
1205243927,237185,-0.0376,-0.0083,1.0210,-0.3662,0.4883,-0.0610,1,465,851,719
1205248926,237186,-0.0381,-0.0083,1.0205,-0.3052,0.4883,-0.0610,1,490,844,719
1205253925,237187,-0.0391,-0.0083,1.0210,-0.3052,0.6104,0.0000,1,493,840,719
1205258922,237188,-0.0396,-0.0088,1.0200,-0.2441,0.5493,-0.0610,1,489,780,719
1205263923,237189,-0.0396,-0.0098,1.0186,-0.1221,0.3662,-0.1221,1,497,778,719
1205268931,237190,-0.0400,-0.0117,1.0190,-0.1831,0.2441,-0.1831,1,482,866,719
1205273923,237191,-0.0405,-0.0112,1.0215,0.0000,0.3052,-0.1831,1,473,842,719
1205278923,237192,-0.0400,-0.0093,1.0239,-0.0610,0.3662,-0.1221,1,497,792,719
1205283928,237193,-0.0396,-0.0083,1.0239,-0.1221,0.2441,-0.1221,1,470,860,719
1205288930,237194,-0.0386,-0.0098,1.0234,0.0000,0.4272,-0.1831,1,466,873,719
1205293928,237195,-0.0381,-0.0107,1.0229,0.0000,0.5493,-0.1221,1,483,813,719
1205298924,237196,-0.0376,-0.0103,1.0220,0.0610,0.5493,-0.1831,1,483,811,719
1205303926,237197,-0.0386,-0.0093,1.0220,-0.0610,0.6714,-0.1221,1,483,859,719
1205308922,237198,-0.0405,-0.0078,1.0220,0.0000,0.6104,-0.1221,1,466,867,719
1205313922,237199,-0.0400,-0.0068,1.0210,0.0000,0.6104,-0.1831,1,466,822,719
1205318922,237200,-0.0396,-0.0073,1.0205,0.0000,0.5493,-0.1831,1,466,825,719
1205323923,237201,-0.0410,-0.0088,1.0200,-0.0610,0.4883,-0.2441,1,466,834,719
1205328927,237202,-0.0430,-0.0093,1.0186,-0.1831,0.4883,-0.2441,1,466,873,719
1205333925,237203,-0.0430,-0.0107,1.0171,0.0000,0.2441,-0.1831,1,466,876,719
1205338924,237204,-0.0410,-0.0112,1.0176,0.1831,0.0610,-0.1221,1,466,831,719
1205343927,237205,-0.0396,-0.0093,1.0200,0.0610,0.1221,-0.1831,1,466,875,719
1205348927,237206,-0.0396,-0.0068,1.0229,0.0000,0.1831,-0.3052,1,466,869,719
1205353929,237207,-0.0391,-0.0083,1.0239,0.1221,0.1221,-0.3662,1,494,830,719
1205358923,237208,-0.0386,-0.0098,1.0229,0.1831,0.1221,-0.3662,1,464,767,719
1205363928,237209,-0.0386,-0.0078,1.0215,0.1831,0.0000,-0.3662,1,483,856,719
1205368924,237210,-0.0381,-0.0063,1.0215,-0.0610,0.1831,-0.4272,1,490,803,719
1205373930,237211,-0.0371,-0.0073,1.0225,-0.0610,0.2441,-0.3662,1,473,856,719
1205378929,237212,-0.0371,-0.0093,1.0225,-0.1221,0.1831,-0.4272,1,495,867,719
1205383922,237213,-0.0391,-0.0107,1.0220,-0.1221,0.2441,-0.3662,1,483,845,719
1205388930,237214,-0.0405,-0.0117,1.0225,-0.1221,0.3662,-0.4272,1,490,836,719
1205393924,237215,-0.0396,-0.0103,1.0225,0.0000,0.1221,-0.4272,1,492,837,719
1205398926,237216,-0.0391,-0.0088,1.0225,0.0610,0.3052,-0.4272,1,467,823,719
1205403928,237217,-0.0386,-0.0083,1.0225,0.0610,0.4272,-0.3662,1,465,863,719
1205408922,237218,-0.0391,-0.0078,1.0225,0.0000,0.4272,-0.4272,1,481,858,719
1205413926,237219,-0.0381,-0.0093,1.0215,0.1221,0.3662,-0.3662,1,482,811,719
1205418927,237220,-0.0381,-0.0098,1.0210,0.0610,0.3662,-0.3662,1,483,853,719
1205423928,237221,-0.0386,-0.0078,1.0215,0.0610,0.4883,-0.5493,1,466,851,719
1205428926,237222,-0.0391,-0.0068,1.0220,0.0610,0.4272,-0.4272,1,466,873,719
1205433928,237223,-0.0400,-0.0078,1.0220,0.0000,0.3662,-0.3052,1,466,872,719
1205438930,237224,-0.0405,-0.0088,1.0195,0.0610,0.3052,-0.3662,1,466,827,719
1205443924,237225,-0.0386,-0.0078,1.0190,0.1221,0.2441,-0.3052,1,466,874,719
1205448927,237226,-0.0376,-0.0068,1.0210,0.0000,0.3662,-0.4272,1,465,872,719
1205453956,237227,-0.0381,-0.0073,1.0225,0.0000,0.3662,-0.3662,1,466,829,719
1205458922,237228,-0.0396,-0.0093,1.0234,0.0610,0.4272,-0.3052,1,465,830,719
1205463923,237229,-0.0400,-0.0103,1.0225,0.0610,0.4883,-0.3662,1,493,872,719
1205468927,237230,-0.0400,-0.0112,1.0210,0.1221,0.4883,-0.4883,1,467,870,719
1205473923,237231,-0.0391,-0.0107,1.0210,0.1221,0.4883,-0.3662,1,494,856,719
1205478932,237232,-0.0381,-0.0103,1.0220,0.1831,0.4883,-0.2441,1,474,851,719
1205483925,237233,-0.0381,-0.0103,1.0220,0.2441,0.4272,-0.3662,1,490,846,719
1205488923,237234,-0.0386,-0.0098,1.0220,0.2441,0.6104,-0.4272,1,499,849,719
1205493927,237235,-0.0391,-0.0093,1.0215,0.0610,0.5493,-0.3052,1,472,853,719
1205498930,237236,-0.0400,-0.0078,1.0205,0.0610,0.6104,-0.3052,1,493,779,719
1205503923,237237,-0.0400,-0.0068,1.0200,0.1831,0.6104,-0.3662,1,492,864,719
1205508928,237238,-0.0400,-0.0083,1.0200,0.2441,0.4272,-0.3662,1,480,833,719
1205513929,237239,-0.0405,-0.0093,1.0205,0.1831,0.3662,-0.3662,1,494,839,719
1205518923,237240,-0.0405,-0.0088,1.0210,0.0610,0.3052,-0.3662,1,466,866,719
1205523928,237241,-0.0400,-0.0083,1.0210,0.0610,0.3662,-0.3662,1,467,865,719
1205528930,237242,-0.0396,-0.0073,1.0220,0.0610,0.3662,-0.3662,1,481,855,719
1205533930,237243,-0.0400,-0.0088,1.0229,0.1221,0.3052,-0.3662,1,478,859,719
1205538930,237244,-0.0400,-0.0088,1.0234,0.0610,0.4272,-0.2441,1,483,851,719
1205543930,237245,-0.0400,-0.0073,1.0244,0.1221,0.3662,-0.2441,1,465,857,719
1205548926,237246,-0.0400,-0.0068,1.0244,0.1831,0.1831,-0.3662,1,465,877,719
1205553922,237247,-0.0400,-0.0078,1.0239,0.1221,0.2441,-0.3662,1,466,881,719
1205558928,237248,-0.0391,-0.0098,1.0234,0.1831,0.2441,-0.4272,1,466,877,719
1205563923,237249,-0.0381,-0.0112,1.0239,0.1831,0.1831,-0.3052,1,466,879,719
1205568924,237250,-0.0391,-0.0112,1.0239,0.3052,0.2441,-0.3052,1,466,879,719
1205573924,237251,-0.0405,-0.0098,1.0220,0.3662,0.2441,-0.3662,1,466,874,719
1205578925,237252,-0.0415,-0.0083,1.0195,0.3052,0.0610,-0.3052,1,466,879,719
1205583922,237253,-0.0405,-0.0068,1.0190,0.3052,-0.1221,-0.2441,1,465,871,719
1205588925,237254,-0.0386,-0.0059,1.0205,0.3662,-0.0610,-0.3662,1,494,871,719
1205593923,237255,-0.0376,-0.0068,1.0229,0.2441,0.0610,-0.3662,1,494,798,719
1205598925,237256,-0.0381,-0.0068,1.0244,0.0610,0.1221,-0.3052,1,481,873,719
1205603928,237257,-0.0391,-0.0059,1.0234,0.0000,0.0610,-0.3052,1,490,838,719
1205608922,237258,-0.0396,-0.0063,1.0229,0.0610,0.0000,-0.3052,1,486,779,719
1205613924,237259,-0.0396,-0.0068,1.0229,-0.0610,0.0610,-0.2441,1,496,795,719
1205618927,237260,-0.0405,-0.0073,1.0225,0.0000,0.1831,-0.2441,1,479,902,719
1205623929,237261,-0.0410,-0.0093,1.0210,0.0000,0.0000,-0.3052,1,503,793,719
1205628930,237262,-0.0410,-0.0088,1.0205,0.0610,-0.1221,-0.2441,1,492,745,719
1205633930,237263,-0.0405,-0.0068,1.0215,-0.1221,0.0610,-0.1831,1,504,840,719
1205638928,237264,-0.0396,-0.0083,1.0225,-0.2441,0.0000,-0.2441,1,476,870,719
1205643930,237265,-0.0376,-0.0103,1.0229,-0.1831,0.0610,-0.3662,1,477,816,719
1205648922,237266,-0.0366,-0.0093,1.0234,-0.1221,0.1221,-0.3052,1,475,861,719
1205653929,237267,-0.0366,-0.0073,1.0234,-0.1221,0.3052,-0.1831,1,483,851,719
1205658926,237268,-0.0366,-0.0063,1.0225,-0.0610,0.1831,-0.1221,1,465,858,719
1205663922,237269,-0.0376,-0.0073,1.0215,-0.1221,0.2441,-0.1831,1,466,874,719
1205668928,237270,-0.0391,-0.0088,1.0210,0.0000,0.3052,-0.1831,1,466,877,719
1205673924,237271,-0.0391,-0.0093,1.0210,0.0000,0.3052,-0.2441,1,465,821,719
1205678923,237272,-0.0391,-0.0088,1.0205,-0.0610,0.3662,-0.3052,1,466,821,719
1205683922,237273,-0.0396,-0.0088,1.0200,-0.1221,0.3662,-0.3052,1,466,868,719
1205688930,237274,-0.0400,-0.0093,1.0210,0.0000,0.1221,-0.1831,1,466,868,719
1205693930,237275,-0.0405,-0.0098,1.0210,0.0000,0.3052,-0.1831,1,466,823,719
1205698924,237276,-0.0415,-0.0093,1.0195,-0.0610,0.3052,-0.2441,1,492,823,719
1205703928,237277,-0.0405,-0.0088,1.0195,-0.0610,0.3052,-0.2441,1,466,873,719
1205708930,237278,-0.0396,-0.0078,1.0215,0.0000,0.2441,-0.1831,1,494,872,719
1205713927,237279,-0.0391,-0.0083,1.0229,0.0000,0.1831,-0.1831,1,464,804,719
1205718928,237280,-0.0391,-0.0083,1.0239,0.1221,0.1831,-0.1831,1,484,804,719
1205723923,237281,-0.0391,-0.0083,1.0244,0.0000,0.1831,-0.2441,1,508,857,719
1205728928,237282,-0.0386,-0.0083,1.0239,0.0000,0.1221,-0.2441,1,484,820,719
1205733927,237283,-0.0381,-0.0098,1.0225,-0.1221,0.3052,-0.2441,1,503,752,719
1205738927,237284,-0.0386,-0.0098,1.0220,-0.1221,0.3052,-0.1221,1,484,865,719
1205743922,237285,-0.0391,-0.0083,1.0229,-0.1221,0.3052,-0.1831,1,507,875,719
1205748925,237286,-0.0396,-0.0078,1.0244,-0.1221,0.3052,-0.1831,1,492,832,719
1205753927,237287,-0.0396,-0.0083,1.0254,-0.1221,0.4272,-0.2441,1,465,861,719
1205758922,237288,-0.0400,-0.0088,1.0244,-0.0610,0.4883,-0.1831,1,482,872,719
1205763924,237289,-0.0405,-0.0083,1.0234,-0.0610,0.4272,-0.1831,1,482,855,719
1205768929,237290,-0.0400,-0.0063,1.0229,-0.1221,0.3662,-0.1831,1,480,862,719
1205773926,237291,-0.0386,-0.0073,1.0229,-0.1221,0.4272,-0.1831,1,483,859,719
1205778927,237292,-0.0396,-0.0088,1.0220,-0.1221,0.5493,-0.2441,1,466,860,719
1205783927,237293,-0.0400,-0.0088,1.0200,-0.1221,0.4883,-0.1221,1,466,876,719
1205788931,237294,-0.0391,-0.0078,1.0200,-0.1221,0.3662,-0.1221,1,466,865,719
1205793929,237295,-0.0386,-0.0068,1.0229,-0.2441,0.3052,-0.2441,1,466,867,719
1205798923,237296,-0.0386,-0.0068,1.0244,-0.1831,0.4883,-0.1221,1,466,879,719
1205803925,237297,-0.0396,-0.0088,1.0229,-0.1831,0.4272,-0.1221,1,466,876,719
1205808940,237298,-0.0405,-0.0098,1.0220,-0.0610,0.3052,-0.3052,1,466,876,719
1205813926,237299,-0.0400,-0.0088,1.0220,-0.2441,0.2441,-0.1831,1,466,863,719
1205818922,237300,-0.0391,-0.0073,1.0225,-0.0610,0.3052,-0.2441,1,493,877,719
1205823927,237301,-0.0391,-0.0073,1.0225,-0.1221,0.3052,-0.1831,1,480,869,719
1205828923,237302,-0.0405,-0.0093,1.0210,-0.1831,0.3662,-0.2441,1,492,866,719
1205833936,237303,-0.0410,-0.0107,1.0190,-0.1221,0.3052,-0.2441,1,464,828,719
1205838930,237304,-0.0410,-0.0107,1.0186,-0.0610,0.1831,-0.2441,1,475,844,719
1205843927,237305,-0.0410,-0.0103,1.0186,-0.0610,0.3052,-0.2441,1,506,850,719
1205848929,237306,-0.0420,-0.0098,1.0200,0.0610,0.1831,-0.1831,1,487,853,719
1205853928,237307,-0.0420,-0.0088,1.0229,0.0610,-0.1221,-0.0610,1,489,786,719
1205858924,237308,-0.0396,-0.0083,1.0249,-0.1221,-0.0610,-0.3052,1,484,866,719
1205863927,237309,-0.0391,-0.0093,1.0254,-0.0610,0.0000,-0.3052,1,489,831,719
1205868929,237310,-0.0396,-0.0098,1.0249,-0.0610,0.1221,-0.0610,1,495,788,719
1205873924,237311,-0.0396,-0.0093,1.0229,-0.0610,0.1831,-0.2441,1,465,856,719
1205878930,237312,-0.0391,-0.0088,1.0220,-0.1221,0.2441,-0.1831,1,467,874,719
1205883931,237313,-0.0396,-0.0088,1.0210,0.0000,0.1831,-0.1831,1,482,854,719
1205888926,237314,-0.0396,-0.0098,1.0225,0.0610,0.0610,-0.1221,1,482,811,719
1205893922,237315,-0.0396,-0.0098,1.0239,-0.1221,0.0610,-0.2441,1,484,847,719
1205898923,237316,-0.0386,-0.0093,1.0234,0.0610,0.1831,-0.2441,1,466,871,719
1205903922,237317,-0.0391,-0.0088,1.0234,0.0610,0.1221,-0.3052,1,466,877,719
1205908926,237318,-0.0396,-0.0078,1.0225,0.1831,0.1221,-0.3662,1,466,865,719
1205913922,237319,-0.0396,-0.0078,1.0215,0.0000,0.1831,-0.3662,1,465,876,719
1205918930,237320,-0.0396,-0.0078,1.0210,0.0000,0.2441,-0.3662,1,466,833,719
1205923928,237321,-0.0396,-0.0078,1.0210,0.0610,0.1221,-0.4272,1,466,830,719
1205928926,237322,-0.0396,-0.0083,1.0215,0.0000,0.1831,-0.3052,1,466,869,719
1205933923,237323,-0.0405,-0.0083,1.0215,0.0610,0.0000,-0.2441,1,466,828,719
1205938928,237324,-0.0405,-0.0083,1.0215,0.0000,-0.0610,-0.3052,1,493,829,719
1205943923,237325,-0.0400,-0.0093,1.0220,0.0610,0.0000,-0.3662,1,466,750,719
1205948923,237326,-0.0391,-0.0083,1.0215,0.0610,0.0000,-0.4883,1,493,722,719
1205953926,237327,-0.0391,-0.0078,1.0200,0.0000,0.0000,-0.3662,1,470,794,719
1205958923,237328,-0.0391,-0.0093,1.0195,0.0000,0.1221,-0.3052,1,485,739,719
1205963922,237329,-0.0391,-0.0103,1.0205,0.1221,0.0610,-0.3052,1,494,780,719
1205968926,237330,-0.0386,-0.0112,1.0220,0.0610,-0.0610,-0.3052,1,475,778,719
1205973930,237331,-0.0381,-0.0112,1.0225,0.0610,-0.0610,-0.4272,1,496,832,719
1205978922,237332,-0.0381,-0.0098,1.0229,0.1831,0.0610,-0.3662,1,473,873,719
1205983928,237333,-0.0386,-0.0088,1.0215,0.1221,0.0610,-0.4272,1,478,835,719
1205988928,237334,-0.0396,-0.0093,1.0205,0.3052,0.0000,-0.3662,1,493,829,719
1205993927,237335,-0.0400,-0.0093,1.0205,0.1831,-0.0610,-0.4272,1,493,794,719
1205998931,237336,-0.0400,-0.0103,1.0220,0.1831,-0.1221,-0.4883,1,465,871,719
1206003922,237337,-0.0396,-0.0107,1.0234,0.3052,-0.0610,-0.3662,1,482,853,719
1206008927,237338,-0.0391,-0.0107,1.0225,0.4272,-0.1221,-0.3662,1,465,857,719
1206013922,237339,-0.0386,-0.0088,1.0220,0.3052,-0.2441,-0.4272,1,483,856,719
1206018925,237340,-0.0386,-0.0083,1.0220,0.3662,-0.0610,-0.4883,1,466,872,719
1206023930,237341,-0.0386,-0.0083,1.0225,0.3662,0.0610,-0.5493,1,466,875,719
1206028924,237342,-0.0396,-0.0083,1.0225,0.3662,-0.1221,-0.4272,1,466,878,719
1206033922,237343,-0.0400,-0.0088,1.0220,0.3052,-0.1221,-0.4272,1,466,877,719
1206038931,237344,-0.0400,-0.0103,1.0210,0.3052,-0.1221,-0.4272,1,466,869,719
1206043929,237345,-0.0400,-0.0112,1.0215,0.4272,-0.1221,-0.4883,1,466,867,719
1206048944,237346,-0.0396,-0.0117,1.0220,0.4883,0.0000,-0.4883,1,466,875,719
1206053929,237347,-0.0391,-0.0112,1.0205,0.4272,-0.1831,-0.4272,1,466,827,719
1206058924,237348,-0.0386,-0.0093,1.0195,0.4272,-0.1831,-0.3662,1,492,881,719
1206063925,237349,-0.0386,-0.0088,1.0205,0.4883,-0.1831,-0.4272,1,466,879,719
1206068929,237350,-0.0381,-0.0088,1.0225,0.4883,-0.2441,-0.3662,1,492,875,719
1206073932,237351,-0.0391,-0.0083,1.0234,0.4883,-0.1831,-0.4883,1,466,779,719
1206078926,237352,-0.0396,-0.0073,1.0229,0.3662,-0.1831,-0.4883,1,492,856,719
1206083927,237353,-0.0381,-0.0063,1.0225,0.3052,-0.1831,-0.4883,1,503,862,719
1206088927,237354,-0.0371,-0.0063,1.0220,0.3662,-0.0610,-0.5493,1,485,830,719
1206093923,237355,-0.0376,-0.0078,1.0225,0.4272,-0.0610,-0.6104,1,501,840,719
1206098923,237356,-0.0396,-0.0098,1.0229,0.4883,-0.0610,-0.3662,1,486,869,719
1206103922,237357,-0.0415,-0.0098,1.0220,0.4883,-0.1221,-0.4272,1,488,833,719
1206108926,237358,-0.0415,-0.0083,1.0220,0.3662,-0.1221,-0.5493,1,499,832,719
1206113925,237359,-0.0405,-0.0068,1.0220,0.4272,-0.1831,-0.4883,1,467,866,719
1206118929,237360,-0.0391,-0.0063,1.0225,0.4272,-0.2441,-0.4883,1,465,875,719
1206123922,237361,-0.0386,-0.0063,1.0220,0.3052,0.0610,-0.4272,1,483,855,719
1206128922,237362,-0.0386,-0.0059,1.0220,0.2441,0.0610,-0.3662,1,465,852,719
1206133925,237363,-0.0386,-0.0059,1.0220,0.1831,-0.0610,-0.4272,1,484,854,719
1206138922,237364,-0.0381,-0.0063,1.0225,0.1221,0.0610,-0.4272,1,466,871,719
1206143924,237365,-0.0381,-0.0068,1.0225,0.1221,0.1831,-0.3662,1,466,869,719
1206148923,237366,-0.0381,-0.0063,1.0229,0.1221,0.2441,-0.3662,1,466,874,719
1206153926,237367,-0.0381,-0.0063,1.0239,0.1221,0.2441,-0.3662,1,466,878,719
1206158923,237368,-0.0386,-0.0078,1.0234,0.1221,0.2441,-0.3662,1,466,876,719
1206163922,237369,-0.0386,-0.0098,1.0220,0.1831,0.1831,-0.3662,1,465,879,719
1206168947,237370,-0.0391,-0.0098,1.0220,0.1221,0.1831,-0.3662,1,466,877,719
1206173925,237371,-0.0391,-0.0083,1.0229,0.1831,0.2441,-0.3662,1,466,870,719
1206178926,237372,-0.0386,-0.0073,1.0225,0.3052,0.2441,-0.3052,1,493,881,719
1206183930,237373,-0.0391,-0.0078,1.0210,0.2441,0.3662,-0.3052,1,477,870,719
1206188925,237374,-0.0396,-0.0098,1.0190,0.0610,0.3052,-0.3662,1,494,870,719
1206193945,237375,-0.0396,-0.0093,1.0186,0.3052,0.1831,-0.2441,1,464,862,719
1206198928,237376,-0.0381,-0.0078,1.0205,0.2441,0.0610,-0.1831,1,483,853,719
1206203925,237377,-0.0366,-0.0078,1.0229,0.2441,0.2441,-0.3052,1,505,845,719
1206208931,237378,-0.0361,-0.0078,1.0239,0.3052,0.1221,-0.2441,1,489,840,719
1206213930,237379,-0.0376,-0.0078,1.0225,0.3662,0.1221,-0.3662,1,508,788,719
1206218924,237380,-0.0391,-0.0068,1.0215,0.3052,0.1221,-0.3662,1,491,872,719
1206223929,237381,-0.0391,-0.0073,1.0220,0.3052,0.0610,-0.3052,1,491,827,719
1206228926,237382,-0.0386,-0.0083,1.0229,0.4272,0.1221,-0.3662,1,506,831,719
1206233928,237383,-0.0381,-0.0088,1.0225,0.3662,0.1221,-0.3052,1,465,874,719
1206238927,237384,-0.0376,-0.0088,1.0205,0.3662,0.1221,-0.3052,1,481,863,719
1206243923,237385,-0.0381,-0.0078,1.0210,0.4272,0.0000,-0.2441,1,480,851,719
1206248926,237386,-0.0381,-0.0068,1.0220,0.3052,0.0610,-0.3052,1,478,811,719
1206253930,237387,-0.0376,-0.0073,1.0239,0.3662,0.1221,-0.1831,1,484,845,719
1206258930,237388,-0.0376,-0.0078,1.0239,0.3052,0.2441,-0.2441,1,465,878,719
1206263926,237389,-0.0376,-0.0073,1.0225,0.3052,0.2441,-0.2441,1,466,877,719
1206268923,237390,-0.0376,-0.0059,1.0210,0.4272,0.2441,-0.2441,1,466,875,719
1206273922,237391,-0.0376,-0.0044,1.0205,0.1831,0.3052,-0.2441,1,466,875,719
1206278924,237392,-0.0371,-0.0039,1.0220,0.0610,0.4272,-0.1831,1,466,873,719
1206283923,237393,-0.0376,-0.0054,1.0225,0.0610,0.4883,-0.1221,1,466,878,719
1206288938,237394,-0.0396,-0.0078,1.0225,-0.0610,0.4883,-0.0610,1,466,867,719
1206293922,237395,-0.0400,-0.0083,1.0220,0.0000,0.5493,-0.1221,1,466,870,719
1206298925,237396,-0.0391,-0.0078,1.0215,0.0610,0.6104,-0.1831,1,493,826,719
1206303929,237397,-0.0381,-0.0073,1.0210,0.0610,0.6104,-0.1831,1,478,867,719
1206308922,237398,-0.0376,-0.0068,1.0210,0.0610,0.5493,0.0000,1,494,765,719
1206313923,237399,-0.0396,-0.0078,1.0205,0.0610,0.5493,-0.1221,1,473,798,719
1206318930,237400,-0.0410,-0.0088,1.0200,0.0000,0.4272,-0.1221,1,501,852,719
1206323926,237401,-0.0396,-0.0103,1.0205,0.0610,0.3052,-0.1221,1,489,738,719
1206328923,237402,-0.0396,-0.0098,1.0210,0.0610,0.3662,-0.0610,1,500,781,719
1206333927,237403,-0.0400,-0.0088,1.0210,0.1221,0.4883,-0.1221,1,484,866,719
1206338926,237404,-0.0400,-0.0078,1.0215,0.2441,0.2441,-0.1831,1,484,823,719
1206343928,237405,-0.0396,-0.0073,1.0229,0.1831,0.2441,-0.1831,1,498,839,719
1206348930,237406,-0.0386,-0.0078,1.0244,0.3052,0.3052,-0.1831,1,471,879,719
1206353923,237407,-0.0381,-0.0083,1.0249,0.3052,0.3052,-0.0610,1,468,869,719
1206358929,237408,-0.0376,-0.0078,1.0244,0.1831,0.3052,-0.1831,1,474,849,719
1206363927,237409,-0.0386,-0.0068,1.0234,0.0610,0.3052,-0.1831,1,465,859,719
1206368926,237410,-0.0386,-0.0049,1.0220,0.0000,0.1831,-0.1221,1,484,855,719
1206373926,237411,-0.0381,-0.0034,1.0210,0.0000,0.1831,-0.1831,1,466,824,719
1206378929,237412,-0.0381,-0.0049,1.0205,0.0000,0.3052,-0.1831,1,466,828,719
1206383928,237413,-0.0381,-0.0083,1.0220,-0.0610,0.3052,-0.1221,1,466,824,719
1206388928,237414,-0.0381,-0.0103,1.0234,-0.0610,0.3662,-0.1221,1,466,866,719
1206393924,237415,-0.0381,-0.0098,1.0225,0.0610,0.4272,-0.1221,1,466,873,719
1206398928,237416,-0.0396,-0.0063,1.0210,0.0610,0.4272,0.0000,1,466,867,719
1206403939,237417,-0.0410,-0.0049,1.0205,-0.1221,0.4883,-0.0610,1,466,825,719
1206408923,237418,-0.0400,-0.0049,1.0210,-0.1221,0.3052,-0.1221,1,466,868,719
1206413922,237419,-0.0381,-0.0059,1.0220,0.0000,0.3052,-0.0610,1,493,860,719
1206418929,237420,-0.0376,-0.0063,1.0229,0.0000,0.3662,-0.0610,1,479,751,719
1206423925,237421,-0.0381,-0.0063,1.0229,0.0000,0.3662,-0.1221,1,493,756,719
1206428939,237422,-0.0391,-0.0073,1.0220,-0.0610,0.3052,-0.1221,1,466,800,719
1206433925,237423,-0.0396,-0.0073,1.0205,-0.1221,0.2441,-0.1221,1,485,846,719
1206438924,237424,-0.0405,-0.0068,1.0190,-0.0610,0.3052,-0.1831,1,504,844,719
1206443925,237425,-0.0391,-0.0088,1.0205,-0.2441,0.1831,-0.1221,1,488,853,719
1206448930,237426,-0.0371,-0.0093,1.0225,0.0000,0.5493,-0.0610,1,490,793,719
1206453929,237427,-0.0381,-0.0088,1.0220,-0.0610,0.4272,-0.3052,1,489,789,719
1206458925,237428,-0.0381,-0.0093,1.0220,-0.0610,0.3662,-0.1831,1,483,827,719
1206463926,237429,-0.0391,-0.0098,1.0225,0.0000,0.5493,-0.0610,1,492,841,719
1206468922,237430,-0.0396,-0.0083,1.0229,-0.0610,0.4272,-0.1221,1,465,803,719
1206473929,237431,-0.0396,-0.0068,1.0229,-0.1221,0.4272,-0.1221,1,469,855,719
1206478923,237432,-0.0396,-0.0073,1.0215,-0.1221,0.4272,-0.1831,1,482,855,719
1206483926,237433,-0.0386,-0.0063,1.0225,0.0610,0.3052,-0.1831,1,482,858,719
1206488924,237434,-0.0396,-0.0063,1.0215,0.0000,0.4272,-0.1831,1,483,853,719
1206493923,237435,-0.0400,-0.0078,1.0220,-0.1831,0.4883,-0.1831,1,466,832,719
1206498927,237436,-0.0391,-0.0073,1.0225,0.0000,0.3052,-0.1221,1,466,876,719
1206503928,237437,-0.0386,-0.0063,1.0234,-0.1221,0.3662,-0.1221,1,465,821,719
1206508923,237438,-0.0381,-0.0063,1.0254,-0.0610,0.4272,-0.1831,1,466,876,719
1206513922,237439,-0.0376,-0.0059,1.0249,0.1831,0.4272,-0.2441,1,466,876,719
1206518931,237440,-0.0386,-0.0059,1.0220,0.0000,0.3052,-0.2441,1,466,878,719
1206523949,237441,-0.0405,-0.0068,1.0205,0.0000,0.3052,-0.1831,1,466,822,719
1206528926,237442,-0.0405,-0.0073,1.0210,0.0000,0.4272,-0.1831,1,466,827,719
1206533925,237443,-0.0400,-0.0088,1.0220,0.0000,0.4272,-0.2441,1,494,830,719
1206538929,237444,-0.0400,-0.0088,1.0225,0.0000,0.4883,-0.1831,1,488,725,719
1206543928,237445,-0.0405,-0.0083,1.0229,-0.0610,0.4883,-0.2441,1,465,796,719
1206548931,237446,-0.0396,-0.0073,1.0225,0.0000,0.4883,-0.2441,1,475,859,719
1206553923,237447,-0.0386,-0.0078,1.0210,-0.0610,0.4272,-0.2441,1,499,790,719
1206558927,237448,-0.0391,-0.0083,1.0195,0.0000,0.4883,-0.2441,1,479,836,719
1206563923,237449,-0.0396,-0.0083,1.0190,0.0000,0.4272,-0.2441,1,501,799,719
1206568925,237450,-0.0396,-0.0093,1.0200,0.0000,0.5493,-0.2441,1,484,793,719
1206573922,237451,-0.0396,-0.0093,1.0210,0.0610,0.5493,-0.2441,1,486,797,719
1206578924,237452,-0.0396,-0.0093,1.0205,-0.0610,0.4272,-0.2441,1,503,833,719
1206583929,237453,-0.0391,-0.0093,1.0205,0.0610,0.4272,-0.1831,1,477,836,719
1206588928,237454,-0.0391,-0.0088,1.0220,0.1831,0.5493,-0.3052,1,470,869,719
1206593928,237455,-0.0396,-0.0073,1.0234,0.0000,0.6714,-0.3052,1,470,851,719
1206598926,237456,-0.0400,-0.0073,1.0229,-0.0610,0.6104,-0.2441,1,465,809,719
1206603929,237457,-0.0396,-0.0078,1.0229,-0.0610,0.6104,-0.3052,1,484,856,719
1206608930,237458,-0.0396,-0.0068,1.0229,-0.0610,0.6714,-0.3052,1,466,869,719
1206613926,237459,-0.0400,-0.0054,1.0225,-0.1221,0.6714,-0.1831,1,466,871,719
1206618927,237460,-0.0405,-0.0063,1.0210,-0.0610,0.4883,-0.3052,1,466,872,719
1206623924,237461,-0.0400,-0.0083,1.0210,-0.0610,0.4883,-0.1831,1,466,870,719
1206628927,237462,-0.0391,-0.0093,1.0225,-0.0610,0.6714,-0.0610,1,466,873,719
1206633928,237463,-0.0386,-0.0078,1.0225,0.0000,0.7324,-0.1221,1,466,866,719
1206638924,237464,-0.0386,-0.0078,1.0220,0.0000,0.6104,-0.1221,1,466,827,719
1206643923,237465,-0.0396,-0.0088,1.0210,0.0000,0.7935,-0.1221,1,466,822,719
1206648930,237466,-0.0405,-0.0093,1.0205,0.0610,0.7935,-0.3052,1,466,746,719
1206653931,237467,-0.0405,-0.0093,1.0210,0.0000,0.6104,-0.3662,1,494,866,719
1206658934,237468,-0.0391,-0.0088,1.0225,-0.0610,0.5493,-0.2441,1,494,756,719
1206663924,237469,-0.0381,-0.0078,1.0234,0.0610,0.6714,-0.2441,1,473,852,719
1206668924,237470,-0.0391,-0.0068,1.0220,-0.0610,0.7324,-0.3052,1,509,844,719
1206673925,237471,-0.0420,-0.0059,1.0210,0.0000,0.6714,-0.2441,1,489,828,719
1206678929,237472,-0.0430,-0.0073,1.0210,0.0610,0.5493,-0.2441,1,493,821,719
1206683925,237473,-0.0405,-0.0098,1.0210,-0.0610,0.4883,-0.3052,1,491,872,719
1206688925,237474,-0.0386,-0.0098,1.0215,0.0000,0.4883,-0.2441,1,497,825,719
1206693924,237475,-0.0391,-0.0073,1.0215,0.0610,0.4272,-0.3052,1,488,796,719
1206698922,237476,-0.0391,-0.0068,1.0225,0.0000,0.4272,-0.3662,1,503,828,719
1206703927,237477,-0.0381,-0.0059,1.0249,0.0000,0.4272,-0.1831,1,475,810,719
1206708928,237478,-0.0381,-0.0054,1.0249,-0.1221,0.5493,-0.2441,1,469,809,719
1206713922,237479,-0.0391,-0.0073,1.0229,-0.1831,0.6714,-0.3662,1,466,856,719
1206718922,237480,-0.0396,-0.0078,1.0215,-0.1221,0.5493,-0.2441,1,483,861,719
1206723925,237481,-0.0396,-0.0063,1.0210,-0.1831,0.7324,-0.1831,1,466,876,719
1206728925,237482,-0.0400,-0.0063,1.0215,-0.1831,0.5493,-0.1831,1,466,879,719
1206733924,237483,-0.0410,-0.0078,1.0215,-0.1831,0.4883,-0.1831,1,466,879,719
1206738931,237484,-0.0405,-0.0093,1.0220,-0.2441,0.5493,-0.1221,1,466,879,719
1206743926,237485,-0.0391,-0.0088,1.0225,0.0000,0.5493,-0.1221,1,466,874,719
1206748929,237486,-0.0396,-0.0078,1.0215,-0.1221,0.7935,-0.1221,1,466,822,719
1206753951,237487,-0.0405,-0.0073,1.0195,-0.1831,0.6714,-0.1831,1,466,868,719
1206758925,237488,-0.0400,-0.0073,1.0186,-0.1221,0.6714,-0.2441,1,466,881,719
1206763925,237489,-0.0396,-0.0073,1.0205,-0.1221,0.7935,-0.2441,1,492,871,719
1206768925,237490,-0.0391,-0.0088,1.0225,-0.1831,0.7324,-0.2441,1,465,875,719
1206773924,237491,-0.0391,-0.0107,1.0229,-0.1831,0.7324,-0.3052,1,494,874,719
1206778923,237492,-0.0396,-0.0098,1.0225,-0.0610,0.6104,-0.2441,1,469,856,719
1206783929,237493,-0.0400,-0.0088,1.0225,-0.0610,0.5493,-0.2441,1,480,863,719
1206788925,237494,-0.0405,-0.0088,1.0220,-0.0610,0.5493,-0.2441,1,474,834,719
1206793922,237495,-0.0410,-0.0083,1.0229,-0.0610,0.6714,-0.2441,1,496,835,719
1206798922,237496,-0.0400,-0.0068,1.0234,0.0610,0.6104,-0.2441,1,479,848,719
1206803927,237497,-0.0391,-0.0059,1.0225,0.0000,0.5493,-0.2441,1,506,872,719
1206808925,237498,-0.0386,-0.0068,1.0225,-0.1221,0.6104,-0.1831,1,504,794,719
1206813926,237499,-0.0391,-0.0093,1.0239,-0.1831,0.8545,-0.1221,1,506,840,719
1206818928,237500,-0.0400,-0.0103,1.0234,0.0000,0.8545,-0.2441,1,475,869,719
1206823930,237501,-0.0400,-0.0098,1.0234,-0.1221,0.7935,-0.3052,1,475,812,719
1206828929,237502,-0.0400,-0.0093,1.0234,-0.3052,0.8545,-0.1221,1,472,849,719
1206833929,237503,-0.0400,-0.0088,1.0239,-0.1831,0.9766,-0.1221,1,484,848,719
1206838927,237504,-0.0400,-0.0088,1.0234,-0.1221,0.8545,-0.3052,1,466,853,719
1206843924,237505,-0.0400,-0.0093,1.0210,-0.1831,0.9766,-0.3052,1,466,866,719
1206848930,237506,-0.0415,-0.0078,1.0181,-0.0610,0.8545,-0.1831,1,466,867,719
1206853930,237507,-0.0420,-0.0068,1.0186,-0.1221,0.6104,-0.1831,1,466,876,719
1206858930,237508,-0.0415,-0.0078,1.0210,-0.1221,0.6714,-0.1221,1,466,871,719
1206863928,237509,-0.0410,-0.0093,1.0225,0.0000,0.6714,-0.1831,1,466,870,719
1206868922,237510,-0.0410,-0.0088,1.0225,0.0000,0.6104,-0.2441,1,466,827,719
1206873953,237511,-0.0400,-0.0093,1.0225,-0.1221,0.4272,-0.3662,1,466,826,719
1206878928,237512,-0.0400,-0.0103,1.0225,0.0000,0.6104,-0.3662,1,466,872,719
1206883924,237513,-0.0415,-0.0103,1.0210,0.1221,0.6104,-0.2441,1,494,824,719
1206888925,237514,-0.0415,-0.0103,1.0200,0.1221,0.4272,-0.2441,1,489,869,719
1206893929,237515,-0.0405,-0.0083,1.0215,0.1221,0.6104,-0.2441,1,494,874,719
1206898923,237516,-0.0400,-0.0059,1.0229,0.0610,0.6104,-0.2441,1,464,866,719
1206903927,237517,-0.0405,-0.0059,1.0225,0.0000,0.5493,-0.0610,1,508,849,719
1206908927,237518,-0.0415,-0.0059,1.0215,0.0000,0.5493,-0.2441,1,484,806,719
1206913923,237519,-0.0410,-0.0049,1.0215,-0.1221,0.6104,-0.1831,1,488,799,719
1206918928,237520,-0.0400,-0.0059,1.0229,-0.1831,0.6104,-0.1221,1,473,886,719
1206923924,237521,-0.0396,-0.0078,1.0229,-0.1221,0.6714,-0.2441,1,486,828,719
1206928922,237522,-0.0391,-0.0088,1.0234,-0.4272,0.6714,-0.1831,1,493,835,719
1206933924,237523,-0.0405,-0.0088,1.0229,-0.3052,0.6714,-0.1221,1,505,843,719
1206938927,237524,-0.0420,-0.0083,1.0220,-0.2441,0.5493,-0.1831,1,473,820,719
1206943925,237525,-0.0425,-0.0078,1.0225,-0.3052,0.5493,-0.2441,1,470,861,719
1206948928,237526,-0.0420,-0.0078,1.0229,-0.3052,0.4272,-0.1831,1,470,856,719
1206953924,237527,-0.0405,-0.0083,1.0225,-0.1221,0.5493,-0.1831,1,480,858,719
1206958922,237528,-0.0400,-0.0088,1.0220,-0.2441,0.6714,-0.1831,1,484,859,719
1206963924,237529,-0.0405,-0.0083,1.0220,-0.3052,0.6104,-0.1221,1,466,875,719
1206968930,237530,-0.0420,-0.0083,1.0215,-0.1831,0.6714,-0.2441,1,466,867,719
1206973925,237531,-0.0425,-0.0088,1.0190,-0.1831,0.5493,-0.3052,1,466,881,719
1206978927,237532,-0.0430,-0.0083,1.0186,-0.0610,0.4272,-0.1831,1,466,875,719
1206983924,237533,-0.0425,-0.0088,1.0195,-0.1221,0.3662,-0.2441,1,466,877,719
1206988930,237534,-0.0420,-0.0098,1.0205,-0.1831,0.3662,-0.3052,1,466,876,719
1206993941,237535,-0.0410,-0.0098,1.0205,-0.0610,0.3662,-0.3052,1,466,875,719
1206998926,237536,-0.0396,-0.0083,1.0210,-0.1221,0.3662,-0.1831,1,466,869,719
1207003929,237537,-0.0405,-0.0073,1.0215,-0.1221,0.3052,-0.2441,1,493,875,719
1207008926,237538,-0.0425,-0.0083,1.0220,-0.0610,0.2441,-0.3052,1,477,871,719
1207013931,237539,-0.0435,-0.0098,1.0215,-0.0610,0.1831,-0.2441,1,492,769,719
1207018922,237540,-0.0425,-0.0103,1.0205,-0.0610,0.1831,-0.3662,1,487,769,719
1207023929,237541,-0.0425,-0.0107,1.0200,-0.0610,0.3662,-0.3662,1,494,847,719
1207028928,237542,-0.0435,-0.0103,1.0220,0.0000,0.1831,-0.1831,1,491,837,719
1207033925,237543,-0.0430,-0.0093,1.0234,-0.1831,0.3052,-0.2441,1,496,850,719
1207038924,237544,-0.0420,-0.0088,1.0239,-0.1221,0.2441,-0.3662,1,481,874,719
1207043925,237545,-0.0405,-0.0078,1.0225,0.0000,0.1831,-0.4272,1,509,836,719
1207048924,237546,-0.0415,-0.0078,1.0205,-0.0610,0.1221,-0.3662,1,506,792,719
1207053922,237547,-0.0435,-0.0088,1.0195,-0.0610,0.1221,-0.3662,1,482,835,719
1207058925,237548,-0.0435,-0.0093,1.0205,0.0000,0.2441,-0.3052,1,465,853,719
1207063927,237549,-0.0420,-0.0088,1.0225,-0.0610,0.0610,-0.2441,1,480,806,719
1207068929,237550,-0.0410,-0.0093,1.0234,0.0000,0.1221,-0.3052,1,475,853,719
1207073923,237551,-0.0410,-0.0098,1.0229,0.0610,0.1221,-0.3052,1,483,805,719
1207078928,237552,-0.0420,-0.0088,1.0220,0.0610,0.0610,-0.2441,1,466,866,719
1207083922,237553,-0.0425,-0.0088,1.0220,0.0610,-0.0610,-0.3052,1,466,870,719
1207088929,237554,-0.0425,-0.0093,1.0225,0.1221,-0.0610,-0.3662,1,466,865,719
1207093930,237555,-0.0415,-0.0098,1.0225,0.1221,0.0000,-0.3662,1,466,871,719
1207098925,237556,-0.0405,-0.0088,1.0220,0.0610,0.0610,-0.4272,1,465,828,719
1207103925,237557,-0.0400,-0.0083,1.0225,0.1221,0.0610,-0.4272,1,466,871,719
1207108927,237558,-0.0405,-0.0088,1.0229,0.2441,0.0000,-0.4272,1,466,870,719
1207113930,237559,-0.0425,-0.0093,1.0225,0.1221,0.0610,-0.3662,1,492,833,719
1207118930,237560,-0.0425,-0.0093,1.0234,0.1831,0.1221,-0.3662,1,466,870,719
1207123928,237561,-0.0405,-0.0098,1.0234,0.1831,0.0610,-0.3662,1,494,874,719
1207128946,237562,-0.0400,-0.0088,1.0225,0.3052,0.0000,-0.3662,1,493,802,719
1207133922,237563,-0.0400,-0.0073,1.0225,0.1831,0.1831,-0.3662,1,466,794,719
1207138925,237564,-0.0405,-0.0073,1.0225,0.0000,0.1221,-0.3662,1,472,839,719
1207143926,237565,-0.0405,-0.0078,1.0220,0.1221,0.2441,-0.3052,1,499,749,719
1207148924,237566,-0.0400,-0.0088,1.0225,0.0610,0.1221,-0.3052,1,504,784,719
1207153926,237567,-0.0405,-0.0098,1.0229,-0.0610,0.1831,-0.2441,1,488,823,719
1207158928,237568,-0.0410,-0.0093,1.0220,-0.0610,0.2441,-0.1831,1,481,837,719
1207163926,237569,-0.0415,-0.0088,1.0205,0.0610,0.4272,-0.3662,1,499,844,719
1207168929,237570,-0.0430,-0.0098,1.0195,0.0000,0.1831,-0.3662,1,475,846,719
1207173925,237571,-0.0435,-0.0098,1.0190,-0.0610,0.1831,-0.1831,1,474,811,719
1207178926,237572,-0.0425,-0.0093,1.0195,0.0610,0.1221,-0.2441,1,479,856,719
1207183928,237573,-0.0415,-0.0098,1.0210,0.1831,0.0610,-0.3052,1,483,853,719
1207188926,237574,-0.0410,-0.0098,1.0229,0.1221,0.0000,-0.2441,1,466,851,719
1207193929,237575,-0.0410,-0.0098,1.0239,0.1221,0.0610,-0.3662,1,466,827,719
1207198922,237576,-0.0410,-0.0098,1.0229,0.0610,-0.0610,-0.3052,1,466,873,719
1207203931,237577,-0.0410,-0.0088,1.0229,0.1831,0.0610,-0.2441,1,465,869,719
1207208922,237578,-0.0400,-0.0088,1.0234,0.1831,0.1221,-0.2441,1,466,878,719
1207213927,237579,-0.0415,-0.0107,1.0205,0.1831,0.1221,-0.2441,1,466,876,719
1207218935,237580,-0.0420,-0.0112,1.0220,0.2441,0.0610,-0.2441,1,466,880,719
1207223948,237581,-0.0425,-0.0103,1.0234,0.3052,0.1221,-0.1831,1,466,881,719
1207228922,237582,-0.0420,-0.0098,1.0239,0.1221,0.1221,-0.3052,1,466,871,719
1207233924,237583,-0.0405,-0.0098,1.0234,0.2441,0.1831,-0.3662,1,466,864,719
1207238928,237584,-0.0396,-0.0088,1.0225,0.3662,0.1831,-0.2441,1,489,879,719
1207243945,237585,-0.0391,-0.0078,1.0229,0.4883,0.2441,-0.2441,1,465,802,719
1207248930,237586,-0.0391,-0.0088,1.0239,0.4272,0.2441,-0.3052,1,478,857,719
1207253928,237587,-0.0400,-0.0103,1.0239,0.4883,0.2441,-0.2441,1,499,853,719
1207258929,237588,-0.0415,-0.0098,1.0229,0.4883,0.3052,-0.3052,1,497,838,719
1207263928,237589,-0.0420,-0.0083,1.0215,0.3662,0.3662,-0.4272,1,502,782,719
1207268930,237590,-0.0415,-0.0093,1.0210,0.3052,0.3052,-0.3662,1,486,911,719
1207273924,237591,-0.0420,-0.0093,1.0215,0.4272,0.2441,-0.3052,1,487,828,719
1207278923,237592,-0.0425,-0.0083,1.0225,0.3052,0.3052,-0.3052,1,504,840,719
1207283925,237593,-0.0420,-0.0078,1.0234,0.3052,0.3052,-0.3052,1,477,816,719
1207288922,237594,-0.0415,-0.0068,1.0229,0.2441,0.3052,-0.3052,1,475,847,719
1207293925,237595,-0.0415,-0.0059,1.0220,0.2441,0.3662,-0.2441,1,477,855,719
1207298927,237596,-0.0420,-0.0063,1.0205,0.2441,0.3662,-0.3052,1,483,860,719
1207303923,237597,-0.0425,-0.0078,1.0186,0.1831,0.1831,-0.3662,1,466,857,719
1207308923,237598,-0.0425,-0.0083,1.0181,0.2441,0.1221,-0.3052,1,466,879,719
1207313922,237599,-0.0420,-0.0073,1.0190,0.2441,-0.0610,-0.3052,1,466,869,719
1207318924,237600,-0.0410,-0.0059,1.0205,0.1831,0.0000,-0.3052,1,466,874,719
1207323922,237601,-0.0405,-0.0054,1.0225,0.1221,0.1221,-0.1831,1,466,823,719
1207328931,237602,-0.0400,-0.0059,1.0234,0.1831,0.0610,-0.2441,1,465,870,719
1207333925,237603,-0.0400,-0.0068,1.0229,0.0610,0.1221,-0.1831,1,466,875,719
1207338924,237604,-0.0405,-0.0068,1.0220,0.1221,0.1221,-0.2441,1,466,873,719
1207343927,237605,-0.0405,-0.0073,1.0220,0.1221,0.1221,-0.2441,1,492,871,719
1207348928,237606,-0.0405,-0.0073,1.0210,0.2441,0.1831,-0.2441,1,466,871,719
1207353925,237607,-0.0410,-0.0068,1.0210,0.2441,0.3052,-0.3052,1,494,879,719
1207358922,237608,-0.0410,-0.0078,1.0220,0.3662,0.0610,-0.3052,1,466,819,719
1207363928,237609,-0.0405,-0.0093,1.0220,0.2441,0.0610,-0.3052,1,500,852,719
1207368930,237610,-0.0400,-0.0093,1.0225,0.2441,0.1221,-0.4272,1,479,830,719
1207373925,237611,-0.0405,-0.0083,1.0225,0.2441,-0.0610,-0.4272,1,506,832,719
1207378925,237612,-0.0415,-0.0093,1.0225,0.2441,0.0000,-0.3052,1,475,876,719
1207383928,237613,-0.0425,-0.0103,1.0225,0.2441,0.0000,-0.3052,1,504,787,719
1207388925,237614,-0.0420,-0.0093,1.0215,0.3052,-0.1221,-0.3052,1,502,788,719
1207393930,237615,-0.0405,-0.0073,1.0220,0.3052,-0.0610,-0.3662,1,493,788,719
1207398929,237616,-0.0396,-0.0054,1.0225,0.2441,0.0610,-0.3052,1,481,869,719
1207403927,237617,-0.0405,-0.0059,1.0220,0.1221,0.1221,-0.3052,1,465,880,719
1207408925,237618,-0.0420,-0.0083,1.0200,0.1831,-0.0610,-0.3662,1,482,843,719
1207413924,237619,-0.0425,-0.0098,1.0195,0.1831,-0.1221,-0.3052,1,466,859,719
1207418924,237620,-0.0425,-0.0093,1.0215,0.3662,0.0000,-0.2441,1,466,870,719
1207423926,237621,-0.0420,-0.0083,1.0225,0.3662,-0.1831,-0.3052,1,466,832,719
1207428922,237622,-0.0405,-0.0078,1.0225,0.2441,-0.1831,-0.1831,1,466,875,719
1207433924,237623,-0.0391,-0.0083,1.0225,0.2441,-0.1831,-0.1831,1,466,882,719
1207438925,237624,-0.0396,-0.0088,1.0225,0.1831,-0.0610,-0.3052,1,466,879,719
1207443932,237625,-0.0396,-0.0088,1.0229,0.3052,-0.0610,-0.3052,1,466,869,719
1207448930,237626,-0.0391,-0.0083,1.0234,0.3052,0.0000,-0.3052,1,466,867,719
1207453930,237627,-0.0391,-0.0063,1.0234,0.1831,0.1221,-0.2441,1,492,822,719
1207458927,237628,-0.0400,-0.0049,1.0234,0.2441,0.0610,-0.3052,1,494,875,719
1207463926,237629,-0.0400,-0.0044,1.0220,0.2441,0.0000,-0.3052,1,486,868,719
1207468928,237630,-0.0396,-0.0059,1.0205,0.2441,0.1831,-0.2441,1,466,795,719
1207473931,237631,-0.0396,-0.0073,1.0205,0.3662,0.0610,-0.3662,1,499,856,719
1207478927,237632,-0.0410,-0.0078,1.0215,0.2441,0.0000,-0.3052,1,481,837,719
1207483928,237633,-0.0415,-0.0083,1.0225,0.0610,0.0610,-0.3052,1,491,826,719
1207488922,237634,-0.0410,-0.0083,1.0220,0.1221,-0.1221,-0.3052,1,473,889,719
1207493929,237635,-0.0405,-0.0078,1.0215,0.1221,0.0610,-0.3662,1,498,827,719
1207498929,237636,-0.0400,-0.0068,1.0225,0.1831,-0.0610,-0.3052,1,494,831,719
1207503930,237637,-0.0405,-0.0068,1.0225,0.1831,0.0000,-0.2441,1,498,830,719
1207508922,237638,-0.0415,-0.0083,1.0220,0.1831,0.0000,-0.2441,1,470,813,719
1207513930,237639,-0.0415,-0.0093,1.0225,0.1221,0.0610,-0.3662,1,482,816,719
1207518927,237640,-0.0400,-0.0083,1.0225,0.2441,0.0610,-0.3662,1,470,854,719
1207523924,237641,-0.0391,-0.0063,1.0225,0.1831,0.0000,-0.3052,1,483,857,719
1207528931,237642,-0.0396,-0.0063,1.0229,0.1221,0.0610,-0.3052,1,466,824,719
1207533927,237643,-0.0400,-0.0078,1.0215,0.1221,0.1221,-0.3052,1,466,869,719
1207538922,237644,-0.0405,-0.0093,1.0210,0.1831,0.1221,-0.3052,1,466,865,719
1207543928,237645,-0.0410,-0.0083,1.0205,0.1831,0.1221,-0.4883,1,466,868,719
1207548923,237646,-0.0410,-0.0063,1.0195,0.1831,0.1831,-0.2441,1,466,874,719
1207553927,237647,-0.0415,-0.0063,1.0200,0.1221,0.2441,-0.2441,1,466,884,719
1207558942,237648,-0.0410,-0.0078,1.0220,0.1221,0.1221,-0.2441,1,466,877,719
1207563925,237649,-0.0405,-0.0083,1.0229,0.1831,0.1221,-0.3662,1,466,871,719
1207568925,237650,-0.0405,-0.0078,1.0229,0.2441,0.1221,-0.3662,1,493,879,719
1207573927,237651,-0.0405,-0.0083,1.0225,0.1831,0.1221,-0.3052,1,479,877,719
1207578944,237652,-0.0405,-0.0088,1.0220,0.1831,0.0000,-0.1831,1,493,796,719
1207583928,237653,-0.0405,-0.0078,1.0225,0.1831,0.1221,-0.1831,1,471,811,719
1207588922,237654,-0.0396,-0.0068,1.0225,0.1831,0.1831,-0.3052,1,492,857,719
1207593923,237655,-0.0391,-0.0073,1.0229,0.0000,0.1831,-0.3052,1,491,835,719
1207598927,237656,-0.0386,-0.0078,1.0239,0.0000,0.2441,-0.2441,1,496,838,719
1207603927,237657,-0.0386,-0.0078,1.0244,0.0610,0.4272,-0.3052,1,476,796,719
1207608925,237658,-0.0386,-0.0083,1.0249,0.0610,0.3052,-0.2441,1,481,833,719
1207613923,237659,-0.0391,-0.0083,1.0244,0.1221,0.4272,-0.2441,1,498,844,719
1207618930,237660,-0.0405,-0.0078,1.0234,0.2441,0.3052,-0.1831,1,472,872,719
1207623927,237661,-0.0410,-0.0073,1.0220,0.1831,0.3052,-0.2441,1,465,858,719
1207628923,237662,-0.0405,-0.0078,1.0210,0.0610,0.2441,-0.3662,1,467,858,719
1207633931,237663,-0.0396,-0.0083,1.0215,0.0610,0.3052,-0.3052,1,484,856,719
1207638929,237664,-0.0396,-0.0063,1.0220,0.1831,0.3662,-0.0610,1,483,849,719
1207643928,237665,-0.0400,-0.0054,1.0225,0.2441,0.3662,-0.2441,1,466,876,719
1207648922,237666,-0.0400,-0.0063,1.0225,0.1221,0.3662,-0.2441,1,466,877,719
1207653925,237667,-0.0400,-0.0068,1.0210,0.1221,0.4272,-0.2441,1,465,874,719
1207658927,237668,-0.0400,-0.0073,1.0205,0.1831,0.3662,-0.2441,1,466,873,719
1207663922,237669,-0.0400,-0.0078,1.0205,0.1831,0.4272,-0.2441,1,466,880,719
1207668930,237670,-0.0405,-0.0078,1.0205,0.1831,0.3662,-0.1831,1,466,880,719
1207673948,237671,-0.0415,-0.0078,1.0210,0.0610,0.3662,-0.2441,1,466,880,719
1207678925,237672,-0.0405,-0.0073,1.0210,0.1221,0.3052,-0.2441,1,466,877,719
1207683928,237673,-0.0400,-0.0063,1.0220,0.1221,0.4272,-0.1831,1,465,869,719
1207688922,237674,-0.0396,-0.0073,1.0229,0.0610,0.4272,-0.3052,1,490,872,719
1207693939,237675,-0.0405,-0.0078,1.0229,0.0000,0.3052,-0.2441,1,494,874,719
1207698924,237676,-0.0410,-0.0063,1.0220,0.1221,0.3662,-0.2441,1,465,801,719
1207703924,237677,-0.0415,-0.0068,1.0234,0.0610,0.4272,-0.2441,1,498,846,719
1207708927,237678,-0.0410,-0.0068,1.0239,-0.0610,0.4272,-0.1831,1,480,840,719
1207713928,237679,-0.0410,-0.0073,1.0220,-0.0610,0.6104,-0.1831,1,504,795,719
1207718922,237680,-0.0405,-0.0073,1.0200,-0.0610,0.5493,-0.2441,1,487,904,719
1207723926,237681,-0.0405,-0.0068,1.0190,0.0000,0.3662,-0.1831,1,491,837,719
1207728925,237682,-0.0405,-0.0063,1.0195,0.0000,0.4272,-0.1831,1,487,756,719
1207733924,237683,-0.0405,-0.0078,1.0205,-0.0610,0.5493,-0.3052,1,502,787,719
1207738927,237684,-0.0405,-0.0093,1.0220,0.0000,0.6104,-0.1221,1,476,854,719
1207743927,237685,-0.0410,-0.0088,1.0225,0.0610,0.5493,-0.1831,1,472,803,719
1207748922,237686,-0.0410,-0.0073,1.0225,0.1221,0.6104,-0.1831,1,484,856,719
1207753930,237687,-0.0410,-0.0068,1.0220,0.1221,0.7935,-0.1831,1,466,871,719
1207758923,237688,-0.0405,-0.0078,1.0220,0.0610,0.6714,-0.1831,1,466,873,719
1207763926,237689,-0.0400,-0.0078,1.0215,0.1221,0.6104,-0.3052,1,465,876,719
1207768928,237690,-0.0396,-0.0083,1.0210,0.1221,0.7324,-0.2441,1,466,864,719
1207773923,237691,-0.0386,-0.0083,1.0225,0.1221,0.7935,-0.2441,1,466,875,719
1207778930,237692,-0.0391,-0.0068,1.0239,0.0610,0.7324,-0.2441,1,466,874,719
1207783928,237693,-0.0410,-0.0078,1.0229,0.0610,0.7324,-0.2441,1,466,877,719
1207788932,237694,-0.0425,-0.0103,1.0190,0.2441,0.6104,-0.3662,1,466,878,719
1207793929,237695,-0.0430,-0.0103,1.0171,0.3662,0.4883,-0.3052,1,466,874,719
1207798925,237696,-0.0430,-0.0083,1.0181,0.3052,0.5493,-0.3662,1,492,868,719
1207803930,237697,-0.0430,-0.0073,1.0195,0.3052,0.5493,-0.4272,1,466,872,719
1207808935,237698,-0.0444,-0.0083,1.0195,0.4883,0.3662,-0.4883,1,494,875,719
1207813924,237699,-0.0439,-0.0088,1.0190,0.4272,0.1831,-0.3662,1,464,824,719
1207818927,237700,-0.0469,-0.0098,1.0156,0.6104,0.0610,-0.4272,1,501,823,719
1207823930,237701,-0.0430,-0.0063,1.0195,0.6714,-0.4883,-0.3052,1,483,826,719
1207828927,237702,-0.0361,-0.0039,1.0259,0.4883,0.4883,-0.4883,1,498,812,719
1207833923,237703,-0.0396,-0.0073,1.0229,0.5493,0.4883,-0.4272,1,484,884,719
1207838929,237704,-0.0425,-0.0078,1.0205,0.6104,0.1221,-0.4272,1,492,840,719
1207843928,237705,-0.0444,-0.0073,1.0195,0.3662,0.3052,-0.3662,1,487,839,719
1207848922,237706,-0.0449,-0.0068,1.0195,0.3052,0.0610,-0.3662,1,493,848,719
1207853925,237707,-0.0430,-0.0054,1.0220,0.3662,0.0000,-0.4883,1,468,856,719
1207858928,237708,-0.0410,-0.0039,1.0239,0.3052,-0.0610,-0.3052,1,466,807,719
1207863925,237709,-0.0396,-0.0024,1.0234,0.2441,0.0610,-0.3052,1,482,851,719
1207868923,237710,-0.0400,-0.0029,1.0220,0.0610,-0.1831,-0.2441,1,466,857,719
1207873929,237711,-0.0415,-0.0044,1.0205,0.0000,-0.0610,-0.2441,1,466,874,719
1207878923,237712,-0.0415,-0.0059,1.0210,-0.1831,-0.1221,-0.3662,1,466,830,719
1207883926,237713,-0.0400,-0.0073,1.0234,0.0000,-0.2441,-0.3052,1,465,874,719
1207888922,237714,-0.0400,-0.0073,1.0239,0.0000,0.0000,-0.4272,1,465,830,719
1207893924,237715,-0.0410,-0.0068,1.0225,-0.0610,-0.1221,-0.3052,1,466,786,719
1207898923,237716,-0.0410,-0.0073,1.0220,-0.1831,0.0000,-0.2441,1,466,869,719
1207903945,237717,-0.0400,-0.0083,1.0225,-0.1831,-0.0610,-0.1831,1,466,833,719
1207908929,237718,-0.0396,-0.0078,1.0225,0.0000,0.0000,-0.2441,1,466,876,719
1207913930,237719,-0.0396,-0.0068,1.0225,-0.0610,0.0000,-0.3052,1,493,701,719
1207918930,237720,-0.0396,-0.0073,1.0215,0.0610,0.1221,-0.3662,1,477,752,719
1207923940,237721,-0.0400,-0.0078,1.0200,-0.0610,0.0000,-0.3662,1,493,871,719
1207928925,237722,-0.0415,-0.0083,1.0195,0.0000,-0.0610,-0.3662,1,466,796,719
1207933930,237723,-0.0415,-0.0083,1.0200,0.1831,-0.0610,-0.3662,1,509,793,719
1207938930,237724,-0.0415,-0.0083,1.0200,0.3052,-0.1221,-0.3662,1,484,838,719
1207943923,237725,-0.0415,-0.0078,1.0205,0.1831,-0.1831,-0.4272,1,510,832,719
1207948925,237726,-0.0415,-0.0063,1.0220,0.0000,-0.1831,-0.3662,1,476,893,719
1207953924,237727,-0.0420,-0.0063,1.0220,0.1221,-0.1831,-0.3052,1,478,803,719
1207958926,237728,-0.0425,-0.0063,1.0210,0.1221,-0.1831,-0.3662,1,472,830,719
1207963928,237729,-0.0410,-0.0059,1.0205,0.1221,-0.1221,-0.3052,1,492,843,719
1207968922,237730,-0.0410,-0.0049,1.0210,0.1221,-0.1221,-0.2441,1,483,815,719
1207973926,237731,-0.0410,-0.0039,1.0210,0.1221,-0.0610,-0.3662,1,467,849,719
1207978929,237732,-0.0410,-0.0049,1.0205,0.1221,-0.0610,-0.3052,1,478,852,719
1207983924,237733,-0.0415,-0.0068,1.0200,-0.0610,-0.0610,-0.3052,1,483,848,719
1207988925,237734,-0.0410,-0.0078,1.0186,0.0000,-0.1221,-0.2441,1,466,871,719
1207993923,237735,-0.0405,-0.0073,1.0210,0.0000,-0.1221,-0.2441,1,466,828,719
1207998924,237736,-0.0400,-0.0068,1.0239,0.1221,-0.1221,-0.3662,1,466,831,719
1208003926,237737,-0.0400,-0.0068,1.0239,0.0610,0.0000,-0.4272,1,466,874,719
1208008922,237738,-0.0400,-0.0073,1.0225,0.0610,-0.0610,-0.3662,1,466,830,719
1208013924,237739,-0.0396,-0.0073,1.0225,0.0610,-0.1221,-0.3662,1,466,873,719
1208018927,237740,-0.0386,-0.0068,1.0239,0.0610,-0.0610,-0.3052,1,466,873,719
1208023945,237741,-0.0391,-0.0063,1.0234,0.0000,0.1221,-0.3662,1,466,871,719
1208028930,237742,-0.0405,-0.0063,1.0210,0.0610,0.0610,-0.2441,1,465,828,719
1208033926,237743,-0.0425,-0.0059,1.0176,0.1831,0.0000,-0.3052,1,492,872,719
1208038927,237744,-0.0430,-0.0063,1.0176,0.1221,-0.0610,-0.3052,1,475,717,719
1208043946,237745,-0.0415,-0.0068,1.0195,0.1221,-0.0610,-0.1221,1,494,763,719
1208048924,237746,-0.0400,-0.0073,1.0210,0.1831,-0.2441,-0.2441,1,464,844,719
1208053922,237747,-0.0396,-0.0078,1.0215,0.1831,-0.2441,-0.3052,1,490,860,719
1208058931,237748,-0.0396,-0.0068,1.0220,0.1221,-0.1831,-0.3052,1,491,835,719
1208063926,237749,-0.0396,-0.0054,1.0225,-0.0610,-0.1831,-0.3052,1,508,831,719
1208068928,237750,-0.0400,-0.0059,1.0225,0.0610,-0.1831,-0.2441,1,496,902,719
1208073928,237751,-0.0405,-0.0068,1.0215,0.0610,-0.2441,-0.2441,1,501,832,719
1208078930,237752,-0.0420,-0.0068,1.0210,0.1221,-0.2441,-0.3052,1,501,846,719
1208083922,237753,-0.0425,-0.0068,1.0210,0.1831,-0.2441,-0.3052,1,506,838,719
1208088924,237754,-0.0405,-0.0063,1.0215,0.0610,-0.2441,-0.3052,1,482,853,719
1208093922,237755,-0.0386,-0.0063,1.0234,-0.0610,-0.2441,-0.3662,1,480,882,719
1208098928,237756,-0.0381,-0.0063,1.0239,0.1221,-0.2441,-0.2441,1,484,861,719
1208103922,237757,-0.0391,-0.0059,1.0220,0.0610,-0.0610,-0.4272,1,466,859,719
1208108927,237758,-0.0400,-0.0049,1.0200,0.1221,-0.0610,-0.3052,1,466,866,719
1208113930,237759,-0.0410,-0.0049,1.0190,0.1221,-0.2441,-0.1831,1,466,862,719
1208118925,237760,-0.0420,-0.0054,1.0181,0.0610,-0.1831,-0.2441,1,465,875,719
1208123928,237761,-0.0420,-0.0063,1.0190,0.1221,-0.3052,-0.3052,1,466,874,719
1208128925,237762,-0.0410,-0.0068,1.0200,0.1221,-0.3662,-0.3662,1,465,867,719
1208133931,237763,-0.0400,-0.0068,1.0229,0.1831,-0.3662,-0.3662,1,466,875,719
1208138926,237764,-0.0396,-0.0068,1.0244,0.2441,-0.3052,-0.2441,1,466,881,719
1208143924,237765,-0.0400,-0.0068,1.0239,0.0610,-0.4272,-0.1831,1,465,878,719
1208148930,237766,-0.0396,-0.0063,1.0229,0.0610,-0.4272,-0.1831,1,466,876,719
1208153926,237767,-0.0391,-0.0063,1.0225,0.1831,-0.4272,-0.3052,1,492,878,719
1208158923,237768,-0.0391,-0.0073,1.0229,0.1831,-0.3052,-0.3052,1,494,791,719
1208163930,237769,-0.0391,-0.0068,1.0244,0.1221,-0.3052,-0.2441,1,482,851,719
1208168929,237770,-0.0391,-0.0059,1.0254,0.2441,-0.2441,-0.3052,1,476,830,719
1208173927,237771,-0.0391,-0.0059,1.0249,0.2441,-0.1221,-0.3052,1,501,828,719
1208178922,237772,-0.0386,-0.0059,1.0244,0.1221,-0.1221,-0.3662,1,484,865,719
1208183924,237773,-0.0376,-0.0059,1.0239,0.2441,-0.1831,-0.3052,1,473,829,719
1208188927,237774,-0.0381,-0.0049,1.0225,0.2441,-0.1831,-0.3052,1,470,842,719
1208193926,237775,-0.0386,-0.0044,1.0225,0.1831,-0.2441,-0.4883,1,485,832,719
1208198926,237776,-0.0381,-0.0044,1.0234,0.1221,-0.1831,-0.3662,1,508,845,719
1208203926,237777,-0.0381,-0.0044,1.0229,0.1831,0.0000,-0.4272,1,480,855,719
1208208928,237778,-0.0386,-0.0044,1.0229,0.1831,0.0000,-0.3662,1,481,812,719
1208213930,237779,-0.0386,-0.0049,1.0234,0.0610,0.1221,-0.3662,1,483,815,719
1208218922,237780,-0.0391,-0.0059,1.0234,0.0610,0.1221,-0.3662,1,466,872,719
1208223931,237781,-0.0381,-0.0073,1.0239,0.0610,-0.1221,-0.3052,1,466,866,719
1208228926,237782,-0.0361,-0.0083,1.0254,0.0000,0.1831,-0.3052,1,466,869,719
1208233923,237783,-0.0371,-0.0078,1.0244,0.0000,0.3662,-0.3052,1,466,830,719
1208238930,237784,-0.0391,-0.0068,1.0220,0.0000,0.3052,-0.3052,1,466,832,719
1208243928,237785,-0.0400,-0.0063,1.0210,0.0000,0.4272,-0.1831,1,466,820,719
1208248924,237786,-0.0396,-0.0068,1.0215,0.1221,0.3052,-0.3052,1,466,829,719
1208253949,237787,-0.0391,-0.0073,1.0234,0.0610,0.4272,-0.3052,1,466,865,719
1208258923,237788,-0.0391,-0.0078,1.0244,0.0610,0.4272,-0.3052,1,466,871,719
1208263925,237789,-0.0391,-0.0078,1.0234,0.1221,0.3662,-0.3662,1,492,870,719
1208268929,237790,-0.0396,-0.0068,1.0220,0.0000,0.3052,-0.2441,1,466,874,719
1208273922,237791,-0.0400,-0.0063,1.0205,0.0000,0.3052,-0.4272,1,494,722,719
1208278930,237792,-0.0410,-0.0073,1.0210,-0.0610,0.3052,-0.3052,1,466,786,719
1208283926,237793,-0.0410,-0.0073,1.0215,0.0000,0.1221,-0.1831,1,494,847,719
1208288926,237794,-0.0396,-0.0068,1.0220,0.0610,0.1221,-0.4272,1,481,797,719
1208293927,237795,-0.0371,-0.0068,1.0234,0.0000,0.1831,-0.3052,1,498,853,719
1208298926,237796,-0.0366,-0.0063,1.0239,0.0610,0.3052,-0.3052,1,479,792,719
1208303927,237797,-0.0376,-0.0049,1.0234,0.0000,0.3052,-0.2441,1,486,830,719
1208308928,237798,-0.0386,-0.0044,1.0225,-0.0610,0.3052,-0.3052,1,483,797,719
1208313929,237799,-0.0381,-0.0049,1.0205,-0.0610,0.3052,-0.3052,1,497,789,719
1208318929,237800,-0.0381,-0.0054,1.0205,0.0000,0.3662,-0.2441,1,471,843,719
1208323928,237801,-0.0381,-0.0059,1.0220,-0.0610,0.3052,-0.2441,1,471,808,719
1208328922,237802,-0.0376,-0.0059,1.0220,-0.0610,0.3052,-0.2441,1,483,848,719
1208333928,237803,-0.0376,-0.0063,1.0215,0.0000,0.3662,-0.3052,1,466,867,719
1208338922,237804,-0.0381,-0.0068,1.0225,-0.0610,0.3662,-0.3052,1,466,827,719
1208343930,237805,-0.0396,-0.0073,1.0229,-0.1221,0.3662,-0.3052,1,466,869,719
1208348926,237806,-0.0396,-0.0059,1.0220,-0.1221,0.4272,-0.2441,1,466,874,719
1208353927,237807,-0.0386,-0.0063,1.0225,-0.1221,0.4272,-0.2441,1,466,872,719
1208358927,237808,-0.0391,-0.0078,1.0229,-0.1221,0.4883,-0.2441,1,466,876,719
1208363930,237809,-0.0400,-0.0078,1.0229,-0.0610,0.4272,-0.2441,1,466,873,719
1208368955,237810,-0.0405,-0.0068,1.0225,-0.0610,0.4883,-0.1831,1,466,878,719
1208373922,237811,-0.0400,-0.0059,1.0220,-0.0610,0.4272,-0.2441,1,465,875,719
1208378930,237812,-0.0400,-0.0059,1.0215,-0.1221,0.3662,-0.3052,1,466,870,719
1208383927,237813,-0.0400,-0.0063,1.0215,-0.0610,0.3662,-0.3052,1,494,864,719
1208388925,237814,-0.0396,-0.0073,1.0220,-0.0610,0.4883,-0.1831,1,464,794,719
1208393927,237815,-0.0386,-0.0088,1.0225,-0.2441,0.4883,-0.1221,1,481,855,719
1208398930,237816,-0.0376,-0.0088,1.0225,-0.1831,0.5493,-0.2441,1,487,831,719
1208403925,237817,-0.0386,-0.0073,1.0225,-0.1831,0.4883,-0.1831,1,491,840,719
1208408923,237818,-0.0400,-0.0073,1.0215,-0.1221,0.4272,-0.4272,1,479,889,719
1208413923,237819,-0.0396,-0.0078,1.0210,-0.0610,0.4272,-0.3052,1,489,834,719
1208418927,237820,-0.0381,-0.0078,1.0215,0.0000,0.4883,-0.1831,1,488,839,719
1208423927,237821,-0.0376,-0.0078,1.0220,-0.1221,0.4272,-0.2441,1,491,780,719
1208428930,237822,-0.0381,-0.0063,1.0215,-0.0610,0.4883,-0.1831,1,467,855,719
1208433929,237823,-0.0400,-0.0059,1.0200,-0.0610,0.4272,-0.3052,1,465,853,719
1208438927,237824,-0.0410,-0.0073,1.0205,-0.1221,0.2441,-0.3052,1,484,846,719
1208443926,237825,-0.0405,-0.0078,1.0220,-0.1221,0.2441,-0.2441,1,466,855,719
1208448926,237826,-0.0396,-0.0073,1.0220,-0.1831,0.1831,-0.1221,1,466,875,719
1208453925,237827,-0.0386,-0.0054,1.0210,-0.1221,0.2441,-0.1221,1,466,877,719
1208458930,237828,-0.0391,-0.0054,1.0205,-0.1831,0.2441,-0.1831,1,466,868,719
1208463927,237829,-0.0400,-0.0078,1.0210,-0.2441,0.1831,-0.2441,1,466,877,719
1208468925,237830,-0.0400,-0.0088,1.0210,-0.1221,0.1831,-0.1831,1,466,879,719
1208473927,237831,-0.0396,-0.0083,1.0215,0.0000,0.3662,0.0000,1,466,871,719
1208478952,237832,-0.0391,-0.0078,1.0225,-0.1221,0.4272,-0.1831,1,466,784,719
1208483925,237833,-0.0391,-0.0078,1.0234,-0.0610,0.3662,-0.2441,1,466,871,719
1208488922,237834,-0.0400,-0.0078,1.0225,0.0000,0.3662,-0.1831,1,466,877,719
1208493924,237835,-0.0391,-0.0073,1.0210,0.1221,0.3052,-0.1831,1,465,727,719
1208498926,237836,-0.0381,-0.0073,1.0205,0.1831,0.2441,-0.2441,1,494,784,719
1208503922,237837,-0.0381,-0.0093,1.0210,0.0000,0.3662,-0.0610,1,482,830,719
1208508930,237838,-0.0391,-0.0093,1.0215,0.0610,0.4883,-0.1221,1,486,727,719
1208513928,237839,-0.0405,-0.0068,1.0215,0.0610,0.4883,-0.1221,1,505,824,719
1208518927,237840,-0.0415,-0.0059,1.0205,0.0000,0.3662,-0.1221,1,490,868,719
1208523929,237841,-0.0420,-0.0059,1.0195,0.1221,0.3052,-0.2441,1,497,785,719
1208528922,237842,-0.0420,-0.0063,1.0190,0.1221,0.3662,-0.1831,1,493,828,719
1208533930,237843,-0.0410,-0.0068,1.0195,0.0610,0.2441,-0.1831,1,496,835,719
1208538925,237844,-0.0405,-0.0068,1.0220,0.0610,0.0610,-0.2441,1,493,848,719
1208543923,237845,-0.0400,-0.0068,1.0234,0.1221,-0.1221,-0.1221,1,472,853,719
1208548924,237846,-0.0391,-0.0073,1.0244,0.0000,-0.1221,-0.2441,1,470,849,719
1208553928,237847,-0.0386,-0.0063,1.0239,0.0610,-0.1221,-0.3662,1,483,811,719
1208558922,237848,-0.0386,-0.0063,1.0229,0.0000,-0.0610,-0.3662,1,466,875,719
1208563930,237849,-0.0391,-0.0068,1.0225,-0.0610,-0.0610,-0.3052,1,466,832,719
1208568928,237850,-0.0391,-0.0068,1.0220,0.0000,-0.1221,-0.3052,1,466,868,719
1208573924,237851,-0.0386,-0.0059,1.0220,-0.1221,-0.0610,-0.2441,1,466,820,719
1208578930,237852,-0.0391,-0.0044,1.0225,-0.1831,-0.0610,-0.2441,1,466,868,719
1208583923,237853,-0.0400,-0.0039,1.0229,-0.2441,-0.0610,-0.2441,1,466,873,719
1208588929,237854,-0.0405,-0.0049,1.0215,-0.2441,-0.0610,-0.2441,1,465,879,719
1208593947,237855,-0.0405,-0.0049,1.0200,-0.3052,0.0000,-0.3052,1,465,877,719
1208598924,237856,-0.0391,-0.0044,1.0200,-0.3662,0.0610,-0.1831,1,466,820,719
1208603924,237857,-0.0376,-0.0063,1.0205,-0.3052,0.0610,-0.1221,1,494,870,719
1208608926,237858,-0.0381,-0.0083,1.0210,-0.4272,0.0610,-0.1831,1,488,866,719
1208613924,237859,-0.0386,-0.0073,1.0215,-0.3662,0.0610,-0.1221,1,466,816,719
1208618922,237860,-0.0386,-0.0078,1.0205,-0.3662,0.0610,-0.1221,1,500,769,719
1208623924,237861,-0.0391,-0.0098,1.0205,-0.4272,0.0610,-0.3662,1,485,833,719
1208628925,237862,-0.0396,-0.0107,1.0215,-0.3052,0.0000,-0.3662,1,505,832,719
1208633923,237863,-0.0391,-0.0107,1.0229,-0.2441,0.0610,-0.1831,1,489,789,719
1208638929,237864,-0.0391,-0.0098,1.0220,-0.1221,0.1221,-0.2441,1,479,838,719
1208643927,237865,-0.0400,-0.0078,1.0190,-0.1831,0.0000,-0.3662,1,475,827,719
1208648922,237866,-0.0410,-0.0068,1.0181,-0.1221,-0.1221,-0.3662,1,494,784,719
1208653925,237867,-0.0410,-0.0078,1.0186,-0.0610,-0.1221,-0.3052,1,476,851,719
1208658929,237868,-0.0400,-0.0098,1.0200,0.0000,-0.1831,-0.3662,1,474,848,719
1208663924,237869,-0.0381,-0.0107,1.0220,0.0610,-0.3052,-0.4272,1,484,809,719
1208668923,237870,-0.0381,-0.0098,1.0229,0.1221,-0.2441,-0.4272,1,466,871,719
1208673922,237871,-0.0400,-0.0068,1.0220,0.1831,-0.3052,-0.3662,1,466,873,719
1208678924,237872,-0.0415,-0.0063,1.0200,0.1221,-0.2441,-0.3662,1,466,875,719
1208683927,237873,-0.0405,-0.0083,1.0186,0.1221,-0.3662,-0.3662,1,466,876,719
1208688925,237874,-0.0396,-0.0083,1.0186,0.1221,-0.3052,-0.4272,1,466,906,719
1208693925,237875,-0.0391,-0.0083,1.0210,0.1831,-0.3052,-0.3662,1,466,870,719
1208698930,237876,-0.0386,-0.0073,1.0234,0.1221,-0.2441,-0.3662,1,466,872,719
1208703939,237877,-0.0381,-0.0059,1.0229,0.0610,-0.1831,-0.3662,1,466,879,719
1208708924,237878,-0.0386,-0.0078,1.0200,0.0610,-0.3052,-0.4272,1,466,873,719
1208713923,237879,-0.0381,-0.0073,1.0210,0.0000,-0.3662,-0.3052,1,493,871,719
1208718922,237880,-0.0381,-0.0073,1.0234,-0.1221,-0.4272,-0.3052,1,475,752,719
1208723948,237881,-0.0381,-0.0073,1.0244,0.0000,-0.3052,-0.3052,1,493,870,719
1208728924,237882,-0.0376,-0.0063,1.0234,-0.0610,0.0000,-0.2441,1,494,747,719
1208733927,237883,-0.0376,-0.0073,1.0229,-0.1221,0.0000,-0.3052,1,481,792,719
1208738929,237884,-0.0381,-0.0088,1.0234,-0.0610,0.0610,-0.3662,1,480,817,719
1208743922,237885,-0.0376,-0.0098,1.0239,0.0000,0.0610,-0.3052,1,504,833,719
1208748930,237886,-0.0371,-0.0107,1.0229,0.0000,0.1831,-0.2441,1,493,783,719
1208753923,237887,-0.0371,-0.0098,1.0215,0.0610,0.0610,-0.1831,1,491,806,719
1208758925,237888,-0.0376,-0.0088,1.0205,0.0610,0.1221,-0.1831,1,493,842,719
1208763924,237889,-0.0381,-0.0083,1.0195,0.0610,0.0000,-0.2441,1,500,794,719
1208768927,237890,-0.0386,-0.0078,1.0195,0.1831,-0.0610,-0.2441,1,477,810,719
1208773929,237891,-0.0396,-0.0078,1.0215,0.1221,-0.1221,-0.3052,1,472,860,719
1208778930,237892,-0.0396,-0.0078,1.0229,0.2441,0.0000,-0.3052,1,484,847,719
1208783926,237893,-0.0396,-0.0083,1.0225,0.1831,0.0000,-0.3052,1,483,811,719
1208788929,237894,-0.0386,-0.0098,1.0210,0.1831,0.0000,-0.1831,1,466,827,719
1208793927,237895,-0.0376,-0.0107,1.0205,0.1221,0.0610,-0.1221,1,466,828,719
1208798928,237896,-0.0386,-0.0083,1.0215,0.1221,0.0610,-0.1831,1,466,869,719
1208803930,237897,-0.0396,-0.0059,1.0220,0.1221,0.1221,-0.1831,1,466,873,719
1208808928,237898,-0.0410,-0.0059,1.0210,0.0610,-0.0610,-0.0610,1,466,866,719
1208813928,237899,-0.0400,-0.0068,1.0200,0.0610,-0.1221,-0.1221,1,466,863,719
1208818942,237900,-0.0381,-0.0068,1.0215,0.1221,0.0000,-0.1221,1,466,866,719
1208823955,237901,-0.0361,-0.0063,1.0234,0.0000,0.1221,-0.1221,1,466,820,719
1208828931,237902,-0.0371,-0.0059,1.0229,-0.0610,0.1221,-0.1221,1,466,828,719
1208833923,237903,-0.0386,-0.0063,1.0215,-0.0610,0.0000,-0.1221,1,493,869,719
1208838946,237904,-0.0391,-0.0078,1.0210,0.0610,0.0000,-0.1831,1,494,720,719
1208843924,237905,-0.0376,-0.0083,1.0220,0.0000,0.0000,-0.1831,1,493,775,719
1208848928,237906,-0.0361,-0.0083,1.0220,-0.0610,0.0000,-0.2441,1,508,746,719
1208853922,237907,-0.0371,-0.0083,1.0225,0.0000,0.1831,-0.1221,1,490,782,719
1208858926,237908,-0.0386,-0.0083,1.0229,0.0000,0.0610,-0.1831,1,490,863,719
1208863929,237909,-0.0400,-0.0083,1.0210,0.1221,0.0000,-0.2441,1,491,792,719
1208868927,237910,-0.0415,-0.0088,1.0186,0.2441,0.0000,-0.1221,1,492,795,719
1208873924,237911,-0.0415,-0.0088,1.0190,0.1831,-0.1221,-0.1831,1,499,751,719
1208878927,237912,-0.0396,-0.0073,1.0200,0.1831,-0.0610,-0.3662,1,502,846,719
1208883928,237913,-0.0391,-0.0078,1.0200,0.2441,-0.0610,-0.3662,1,477,856,719
1208888922,237914,-0.0386,-0.0088,1.0210,0.2441,-0.1221,-0.1831,1,480,854,719
1208893924,237915,-0.0376,-0.0073,1.0220,0.3662,-0.1831,-0.1831,1,484,855,719
1208898928,237916,-0.0376,-0.0068,1.0239,0.2441,-0.1831,-0.3052,1,466,881,719
1208903930,237917,-0.0376,-0.0073,1.0234,0.3052,-0.2441,-0.3052,1,465,879,719
1208908923,237918,-0.0381,-0.0068,1.0210,0.3052,-0.3052,-0.1831,1,466,874,719
1208913930,237919,-0.0391,-0.0063,1.0205,0.2441,-0.2441,-0.2441,1,466,868,719
1208918924,237920,-0.0391,-0.0059,1.0210,0.2441,-0.2441,-0.2441,1,466,880,719
1208923923,237921,-0.0386,-0.0063,1.0215,0.2441,-0.1221,-0.2441,1,466,873,719
1208928929,237922,-0.0386,-0.0078,1.0220,0.2441,-0.1831,-0.3052,1,466,877,719
1208933925,237923,-0.0376,-0.0073,1.0220,0.2441,-0.2441,-0.3662,1,466,875,719
1208938925,237924,-0.0366,-0.0068,1.0225,0.3662,-0.2441,-0.3662,1,466,881,719
1208943930,237925,-0.0376,-0.0078,1.0225,0.2441,-0.1831,-0.3662,1,466,881,719
1208948948,237926,-0.0391,-0.0083,1.0215,0.2441,-0.3662,-0.2441,1,493,880,719
1208953930,237927,-0.0400,-0.0078,1.0220,0.1831,-0.3052,-0.3052,1,464,774,719
1208958927,237928,-0.0396,-0.0068,1.0225,0.1221,-0.3052,-0.3052,1,492,848,719
1208963928,237929,-0.0376,-0.0059,1.0220,0.1831,-0.3052,-0.3662,1,496,799,719
1208968922,237930,-0.0366,-0.0054,1.0225,0.1221,-0.1221,-0.4272,1,480,869,719
1208973926,237931,-0.0376,-0.0059,1.0234,0.1221,-0.2441,-0.1831,1,491,831,719
1208978924,237932,-0.0391,-0.0073,1.0225,0.1221,-0.3662,-0.1221,1,492,835,719
1208983929,237933,-0.0400,-0.0078,1.0215,0.0610,-0.3662,-0.2441,1,494,828,719
1208988930,237934,-0.0386,-0.0068,1.0220,0.2441,-0.5493,-0.3052,1,465,845,719
1208993929,237935,-0.0366,-0.0073,1.0229,0.2441,-0.5493,-0.2441,1,482,828,719
1208998926,237936,-0.0361,-0.0073,1.0234,0.1831,-0.3662,-0.2441,1,465,868,719
1209003929,237937,-0.0366,-0.0059,1.0239,0.1221,-0.3052,-0.3052,1,484,868,719
1209008924,237938,-0.0371,-0.0049,1.0239,0.1221,-0.1221,-0.2441,1,466,866,719
1209013926,237939,-0.0361,-0.0049,1.0239,0.2441,-0.1221,-0.3662,1,466,874,719
1209018924,237940,-0.0356,-0.0049,1.0239,0.1221,-0.1221,-0.4272,1,465,879,719
1209023922,237941,-0.0356,-0.0054,1.0244,0.0610,0.0000,-0.4272,1,466,875,719
1209028928,237942,-0.0361,-0.0054,1.0249,0.0000,-0.0610,-0.2441,1,465,831,719
1209033923,237943,-0.0361,-0.0059,1.0249,0.0000,-0.0610,-0.1831,1,466,832,719
1209038930,237944,-0.0366,-0.0068,1.0239,0.0000,0.0000,-0.2441,1,465,831,719
1209043922,237945,-0.0376,-0.0068,1.0234,-0.1831,-0.0610,-0.3052,1,466,788,719
1209048925,237946,-0.0381,-0.0068,1.0239,-0.1831,-0.1221,-0.1831,1,492,875,719
1209053927,237947,-0.0376,-0.0083,1.0239,-0.1221,-0.0610,-0.3662,1,467,876,719
1209058922,237948,-0.0366,-0.0083,1.0249,-0.1831,-0.0610,-0.3662,1,494,875,719
1209063924,237949,-0.0371,-0.0083,1.0239,-0.2441,-0.0610,-0.3052,1,511,808,719
1209068924,237950,-0.0376,-0.0083,1.0229,-0.2441,-0.1221,-0.3052,1,488,839,719
1209073930,237951,-0.0376,-0.0073,1.0225,-0.1831,0.0000,-0.3052,1,495,816,719
1209078923,237952,-0.0376,-0.0073,1.0220,-0.1831,0.0610,-0.3662,1,476,788,719
1209083926,237953,-0.0381,-0.0083,1.0225,-0.1831,0.0610,-0.3052,1,493,838,719
1209088924,237954,-0.0381,-0.0088,1.0220,-0.1831,0.1221,-0.2441,1,497,838,719
1209093929,237955,-0.0376,-0.0098,1.0215,-0.2441,0.0610,-0.2441,1,491,797,719
1209098922,237956,-0.0371,-0.0103,1.0229,0.0000,0.0610,-0.1221,1,466,828,719
1209103923,237957,-0.0366,-0.0098,1.0239,0.0000,0.2441,-0.1831,1,473,810,719
1209108924,237958,-0.0371,-0.0063,1.0229,-0.1221,0.2441,0.0000,1,483,818,719
1209113922,237959,-0.0386,-0.0039,1.0215,-0.2441,0.3052,0.0000,1,466,833,719
1209118924,237960,-0.0386,-0.0059,1.0215,-0.1221,0.1221,-0.0610,1,465,827,719
1209123924,237961,-0.0366,-0.0078,1.0225,-0.1221,0.3662,-0.1221,1,466,863,719
1209128926,237962,-0.0361,-0.0068,1.0234,-0.1831,0.4272,-0.1221,1,466,874,719
1209133926,237963,-0.0371,-0.0063,1.0234,-0.3052,0.4883,-0.1831,1,466,882,719
1209138923,237964,-0.0361,-0.0063,1.0249,0.0000,0.4883,-0.0610,1,465,879,719
1209143929,237965,-0.0352,-0.0068,1.0259,-0.1221,0.5493,-0.0610,1,466,831,719
1209148922,237966,-0.0361,-0.0068,1.0254,-0.1831,0.4272,-0.1221,1,466,873,719
1209153927,237967,-0.0342,-0.0029,1.0283,-0.2441,0.4883,-0.1831,1,492,877,719
1209158926,237968,-0.0352,-0.0073,1.0273,-0.4272,1.0376,-0.1221,1,466,878,719
1209163941,237969,-0.0439,-0.0122,1.0195,0.0000,0.8545,-0.1831,1,477,875,719
1209168922,237970,-0.0435,-0.0083,1.0190,-0.0610,-0.2441,-0.0610,1,494,734,719
1209173929,237971,-0.0386,-0.0068,1.0239,-0.1831,0.4272,-0.3052,1,474,836,719
1209178928,237972,-0.0376,-0.0078,1.0254,0.0610,0.0610,-0.2441,1,497,837,719
1209183923,237973,-0.0356,-0.0093,1.0264,-0.0610,0.1221,-0.2441,1,504,813,719
1209188929,237974,-0.0352,-0.0093,1.0259,-0.1831,0.3662,-0.2441,1,494,900,719
1209193928,237975,-0.0361,-0.0093,1.0249,-0.1831,0.3052,-0.2441,1,488,838,719
1209198924,237976,-0.0356,-0.0098,1.0259,-0.3052,0.3052,-0.1831,1,472,847,719
1209203928,237977,-0.0342,-0.0098,1.0273,-0.1221,0.5493,-0.1221,1,499,839,719
1209208923,237978,-0.0337,-0.0078,1.0273,-0.2441,0.7935,-0.0610,1,474,853,719
1209213930,237979,-0.0356,-0.0078,1.0264,-0.1831,0.6714,-0.1221,1,478,859,719
1209218925,237980,-0.0366,-0.0093,1.0254,-0.2441,0.9155,-0.1221,1,484,858,719
1209223930,237981,-0.0347,-0.0088,1.0269,-0.1831,1.0986,-0.0610,1,466,877,719
1209228922,237982,-0.0312,-0.0068,1.0308,-0.2441,1.2817,-0.0610,1,466,875,719
1209233925,237983,-0.0264,-0.0054,1.0337,-0.4883,1.6479,0.0000,1,466,902,719
1209238922,237984,-0.0298,-0.0083,1.0308,-0.6714,2.1973,0.0610,1,466,829,719
1209243924,237985,-0.0396,-0.0098,1.0249,-0.3662,2.0752,0.1221,1,465,873,719
1209248922,237986,-0.0391,-0.0088,1.0249,-0.4883,1.7700,0.1221,1,466,872,719
1209253951,237987,-0.0347,-0.0098,1.0269,-0.4272,2.2583,0.1221,1,466,869,719
1209258930,237988,-0.0366,-0.0088,1.0239,-0.2441,2.3193,0.0610,1,466,876,719
1209263923,237989,-0.0391,-0.0083,1.0200,-0.4883,2.2583,0.1831,1,492,882,719
1209268931,237990,-0.0376,-0.0063,1.0229,-0.5493,2.1973,0.3052,1,466,875,719
1209273928,237991,-0.0356,-0.0049,1.0283,-0.6104,2.3804,0.3052,1,494,876,719
1209278930,237992,-0.0352,-0.0073,1.0317,-0.7935,2.6245,0.1831,1,484,864,719
1209283927,237993,-0.0396,-0.0122,1.0298,-0.7324,2.8687,0.2441,1,481,842,719
1209288929,237994,-0.0430,-0.0117,1.0273,-0.5493,2.6855,0.2441,1,493,844,719
1209293924,237995,-0.0410,-0.0117,1.0273,-0.6104,2.8076,0.1831,1,491,886,719
1209298929,237996,-0.0420,-0.0195,1.0225,-0.2441,3.5400,0.0000,1,479,840,719
1209303923,237997,-0.0488,-0.0269,1.0142,0.6104,3.4180,-0.1831,1,479,759,719
1209308923,237998,-0.0542,-0.0259,1.0098,1.2207,3.4180,-0.3052,1,500,846,719
1209313925,237999,-0.0562,-0.0205,1.0059,1.7700,3.7231,-0.3662,1,477,853,719
1209318928,238000,-0.0586,-0.0171,1.0005,2.2583,4.3945,-0.4883,1,477,861,719
1209323929,238001,-0.0615,-0.0132,0.9985,2.5024,4.3945,-0.6104,1,484,860,719
1209328923,238002,-0.0571,-0.0073,1.0049,2.7466,4.5166,-0.5493,1,466,865,719
1209333927,238003,-0.0454,-0.0054,1.0151,2.6855,6.1035,-0.7324,1,466,884,719
1209338923,238004,-0.0439,-0.0024,1.0166,2.6245,8.1787,-0.8545,1,466,885,719
1209343930,238005,-0.0615,0.0044,1.0078,2.2583,8.6060,-0.9766,1,466,887,719
1209348928,238006,-0.0786,0.0122,1.0000,1.7090,7.8735,-0.8545,1,466,878,719
1209353924,238007,-0.0791,0.0269,0.9995,1.2817,7.6904,-1.0986,1,466,877,719
1209358929,238008,-0.0679,0.0444,1.0098,-0.2441,9.0332,-1.4038,1,465,886,719
1209363930,238009,-0.0547,0.0537,1.0312,-2.1362,9.9487,-2.1973,1,465,883,719
1209368922,238010,-0.0454,0.0625,1.0522,-3.4790,10.4980,-3.0518,1,466,918,719
1209373923,238011,-0.0435,0.0835,1.0693,-5.4932,11.3525,-4.5166,1,493,901,719
1209378925,238012,-0.0552,0.1113,1.0811,-8.6670,10.6201,-6.3477,1,471,933,719
1209383928,238013,-0.0889,0.1470,1.0825,-12.5732,7.0801,-8.4839,1,494,900,719
1209388928,238014,-0.1382,0.1973,1.0747,-17.5781,1.3428,-11.1694,1,483,801,719
1209393922,238015,-0.1851,0.2480,1.0640,-23.1323,-5.0659,-14.7095,1,491,815,719
1209398924,238016,-0.2344,0.3066,1.0522,-27.5269,-10.1929,-19.7754,1,492,882,719
1209403929,238017,-0.2861,0.4453,1.0708,-32.7148,-17.0898,-26.3062,1,476,882,719
1209408926,238018,-0.3169,0.6572,1.1655,-45.1660,-22.8271,-36.0107,1,498,899,719
1209413929,238019,-0.3188,0.8247,1.3120,-62.9272,-25.5737,-48.2178,1,484,899,719
1209418926,238020,-0.2812,0.8940,1.4341,-79.2236,-25.0244,-60.4248,1,502,910,719
1209423924,238021,-0.2241,0.8955,1.4814,-92.1631,-18.1274,-73.7305,1,510,926,719
1209428922,238022,-0.2075,0.8765,1.4487,-97.4121,-8.0566,-88.1958,1,465,930,719
1209433922,238023,-0.2681,0.8657,1.3770,-90.7593,0.9766,-102.2339,1,482,909,719
1209438925,238024,-0.3770,0.8540,1.3413,-76.3550,6.8970,-114.0747,1,466,903,719
1209443930,238025,-0.4619,0.8550,1.3735,-55.9082,9.9487,-123.2300,1,466,923,719
1209448928,238026,-0.4878,0.9004,1.4263,-34.6680,13.5498,-130.7983,1,466,934,719
1209453923,238027,-0.4751,0.9819,1.4448,-18.7378,19.2871,-138.1836,1,466,931,719
1209458930,238028,-0.4521,1.0732,1.4092,-7.8125,26.9165,-146.0571,1,466,928,719
1209463924,238029,-0.4424,1.1475,1.3315,-1.8921,35.0342,-154.7241,1,466,926,719
1209468923,238030,-0.4521,1.1836,1.2358,0.0610,41.8091,-163.6352,1,466,914,719
1209473924,238031,-0.4702,1.1729,1.1450,0.7935,46.2036,-171.8750,1,466,929,719
1209478926,238032,-0.4844,1.1216,1.0771,1.7090,49.1943,-178.7109,1,466,927,719
1209483923,238033,-0.4907,1.0454,1.0410,3.8452,51.2085,-183.7158,1,466,927,719
1209488927,238034,-0.4927,0.9663,1.0347,7.5684,52.7344,-186.2182,1,466,930,719
1209493922,238035,-0.4878,0.8579,1.0625,16.6626,56.1523,-185.8520,1,494,927,719
1209498926,238036,-0.4849,0.8320,1.0742,20.5688,58.4106,-183.8379,1,494,941,719
1209503927,238037,-0.4795,0.8208,1.0767,23.8647,60.8520,-181.0913,1,484,945,719
1209508924,238038,-0.4702,0.8247,1.0688,26.0010,63.5376,-178.2837,1,489,838,719
1209513928,238039,-0.4526,0.8413,1.0498,27.2827,66.3452,-175.6592,1,475,902,719
1209518922,238040,-0.4268,0.8560,1.0220,27.8320,69.2749,-173.5229,1,496,882,719
1209523924,238041,-0.4058,0.8574,0.9912,28.1982,71.9604,-171.4477,1,508,910,719
1209528924,238042,-0.3989,0.8467,0.9697,28.8696,73.5474,-169.0674,1,504,930,719
1209533928,238043,-0.3955,0.8257,0.9683,29.4800,74.1577,-166.0766,1,503,901,719
1209538928,238044,-0.3872,0.7944,0.9854,30.5176,74.9512,-162.2925,1,509,902,719
1209543927,238045,-0.3784,0.7588,1.0171,32.2266,75.6226,-157.7148,1,482,934,719
1209548922,238046,-0.3726,0.7339,1.0645,34.4849,76.0498,-152.4658,1,484,907,719
1209553931,238047,-0.3809,0.7397,1.1260,36.6211,77.0874,-147.3389,1,466,927,719
1209558925,238048,-0.3647,0.7354,1.2017,36.5601,79.1016,-141.2354,1,466,923,719
1209563927,238049,-0.3125,0.7300,1.2739,40.4663,83.3130,-138.4277,1,466,917,719
1209568925,238050,-0.2739,0.7534,1.3242,42.6025,87.8296,-133.4839,1,466,944,719
1209573925,238051,-0.2559,0.7739,1.3486,44.9219,94.4214,-130.9814,1,466,946,719
1209578930,238052,-0.2490,0.7915,1.3481,46.9360,100.4028,-128.1128,1,466,943,719
1209583928,238053,-0.2383,0.8096,1.3271,51.2085,105.3467,-126.4038,1,466,946,719
1209588926,238054,-0.2275,0.8237,1.2915,53.1616,110.5957,-125.9155,1,466,948,719
1209593922,238055,-0.2241,0.8242,1.2588,57.0068,113.6475,-125.4272,1,466,960,719
1209598924,238056,-0.2212,0.8130,1.2339,61.8286,115.1733,-124.8169,1,493,957,719
1209603946,238057,-0.2158,0.7920,1.2227,66.5894,116.1499,-124.5727,1,479,954,719
1209608923,238058,-0.2134,0.7612,1.2300,71.1060,116.7602,-124.3286,1,494,949,719
1209613928,238059,-0.2109,0.7231,1.2544,76.2329,117.1875,-123.5351,1,473,845,719
1209618930,238060,-0.2051,0.6782,1.2876,80.3833,118.4692,-122.4365,1,495,847,719
1209623927,238061,-0.1943,0.6255,1.3198,84.1064,120.2393,-121.0937,1,500,884,719
1209628927,238062,-0.1709,0.5688,1.3452,88.1958,122.4365,-119.3848,1,498,913,719
1209633922,238063,-0.1382,0.5156,1.3555,92.4683,125.1831,-117.7978,1,505,906,719
1209638927,238064,-0.1138,0.4731,1.3423,96.6186,127.9907,-116.3330,1,491,912,719
1209643930,238065,-0.1060,0.4414,1.3076,99.4873,130.0659,-115.0513,1,507,917,719
1209648929,238066,-0.1035,0.4111,1.2637,101.3184,130.9204,-114.1968,1,481,902,719
1209653925,238067,-0.0962,0.3760,1.2236,102.6001,131.0425,-113.5864,1,483,943,719
1209658930,238068,-0.0850,0.3374,1.1948,103.5156,130.3101,-113.3423,1,483,923,719
1209663928,238069,-0.0708,0.2979,1.1782,103.8208,128.7231,-113.2812,1,466,944,719
1209668924,238070,-0.0518,0.2563,1.1680,104.3091,127.1973,-113.5254,1,465,951,719
1209673928,238071,-0.0332,0.2124,1.1533,104.6143,126.0986,-113.8916,1,466,951,719
1209678923,238072,-0.0283,0.1748,1.1270,104.4922,124.8779,-114.5630,1,466,960,719
1209683927,238073,-0.0420,0.1543,1.1016,103.0273,122.6807,-115.9058,1,466,961,719
1209688926,238074,-0.0625,0.1499,1.0967,99.9145,119.8730,-117.5537,1,465,947,719
1209693922,238075,-0.0693,0.1460,1.1162,95.3369,117.4316,-119.3237,1,466,954,719
1209698928,238076,-0.0586,0.1265,1.1470,90.1489,117.1875,-120.8496,1,466,961,719
1209703927,238077,-0.0508,0.0864,1.1592,84.5947,119.8730,-121.7651,1,466,949,719
1209708930,238078,-0.0698,0.0342,1.1362,80.3833,122.8638,-121.8262,1,492,950,719
1209713933,238079,-0.1035,-0.0137,1.0908,79.7729,122.8027,-119.9341,1,465,949,719
1209718930,238080,-0.1201,-0.0391,1.0459,78.7964,122.4976,-118.3472,1,493,942,719
1209723930,238081,-0.1177,-0.0464,1.0215,76.9043,122.7417,-116.8213,1,483,937,719
1209728922,238082,-0.1050,-0.0449,1.0151,77.0264,121.9482,-114.5630,1,476,832,719
1209733924,238083,-0.0854,-0.0332,1.0161,76.3550,121.5210,-112.7930,1,489,914,719
1209738927,238084,-0.0596,-0.0122,1.0181,75.5615,120.9717,-111.5112,1,496,904,719
1209743926,238085,-0.0259,0.0117,1.0078,75.3174,120.3613,-110.5347,1,476,938,719
1209748922,238086,0.0029,0.0308,0.9727,74.7681,120.4834,-110.4126,1,479,896,719
1209753927,238087,0.0161,0.0430,0.9092,74.8901,120.1172,-110.9009,1,496,893,719
1209758930,238088,0.0093,0.0547,0.8267,75.4395,118.2251,-111.6943,1,467,925,719
1209763923,238089,-0.0122,0.0679,0.7476,75.4395,115.2344,-112.8540,1,465,930,719
1209768929,238090,-0.0322,0.0752,0.6909,74.7681,111.0840,-114.0137,1,483,921,719
1209773929,238091,-0.0430,0.0713,0.6616,73.9746,106.5674,-115.0513,1,483,917,719
1209778931,238092,-0.0513,0.0571,0.6548,73.3032,102.3559,-115.7226,1,466,938,719
1209783928,238093,-0.0635,0.0405,0.6670,72.9370,98.5107,-116.2109,1,466,944,719
1209788928,238094,-0.0713,0.0229,0.6943,72.6318,95.1538,-116.4551,1,466,936,719
1209793923,238095,-0.0723,-0.0015,0.7261,72.2046,93.2617,-116.0889,1,466,939,719
1209798929,238096,-0.0737,-0.0371,0.7510,71.8384,92.3462,-115.1733,1,466,925,719
1209803930,238097,-0.0776,-0.0796,0.7666,72.4487,91.0034,-113.5864,1,466,937,719
1209808926,238098,-0.0728,-0.1206,0.7754,73.7915,89.8437,-111.2671,1,466,942,719
1209813929,238099,-0.0547,-0.1499,0.7744,75.3784,89.1724,-108.3984,1,466,938,719
1209818930,238100,-0.0303,-0.1606,0.7588,77.0264,88.9893,-105.4077,1,466,943,719
1209823928,238101,-0.0127,-0.1504,0.7319,77.9419,88.6230,-102.7832,1,466,930,719
1209828926,238102,-0.0010,-0.1221,0.7041,77.5757,86.6089,-101.0132,1,494,932,719
1209833927,238103,0.0195,-0.0952,0.6860,75.9277,83.9233,-100.0976,1,494,920,719
1209838923,238104,0.0479,-0.0928,0.6797,74.5239,81.2378,-99.7925,1,484,870,719
1209843925,238105,0.0757,-0.1157,0.6768,74.8901,77.4536,-99.7314,1,496,879,719
1209848922,238106,0.1060,-0.1465,0.6689,76.7822,72.9980,-100.0976,1,476,891,719
1209853923,238107,0.1421,-0.1719,0.6538,79.5898,67.6270,-100.3418,1,483,900,719
1209858927,238108,0.1812,-0.1890,0.6348,82.2754,60.9131,-101.0742,1,488,954,719
1209863923,238109,0.2280,-0.2046,0.6221,84.5337,53.1006,-102.1728,1,501,897,719
1209868922,238110,0.2920,-0.2285,0.6211,85.8765,44.6167,-103.3325,1,492,905,719
1209873926,238111,0.3691,-0.2622,0.6245,86.5478,36.6211,-104.4922,1,467,940,719
1209878928,238112,0.4517,-0.3086,0.6284,86.8530,28.4424,-105.8350,1,466,921,719
1209883923,238113,0.5474,-0.3721,0.6338,87.6465,20.1416,-106.9336,1,483,924,719
1209888928,238114,0.6631,-0.4409,0.6250,89.4775,11.5967,-107.7270,1,466,935,719
1209893924,238115,0.7866,-0.4902,0.5830,91.3086,2.6245,-108.0322,1,466,941,719
1209898925,238116,0.9023,-0.5088,0.5132,90.8813,-7.8125,-108.4595,1,466,929,719
1209903923,238117,1.0098,-0.5171,0.4424,88.3179,-19.5923,-109.1919,1,466,923,719
1209908928,238118,1.1172,-0.5317,0.3945,85.0830,-31.9214,-109.5581,1,466,927,719
1209913928,238119,1.2290,-0.5532,0.3779,81.6650,-44.7998,-109.5581,1,465,945,719
1209918926,238120,1.3281,-0.5801,0.3818,78.7964,-57.1289,-109.4971,1,466,949,719
1209923933,238121,1.3906,-0.6123,0.3999,77.3315,-70.1294,-109.0088,1,466,937,719
1209928956,238122,1.4229,-0.6406,0.4375,77.8809,-83.5571,-108.3984,1,466,932,719
1209933925,238123,1.4463,-0.5576,0.4995,79.2847,-97.0459,-107.9101,1,465,939,719
1209938929,238124,1.3721,0.5098,0.1274,85.0830,-131.3477,-132.5073,1,493,940,719
1209943927,238125,-0.1851,1.5903,-0.5752,-8.3008,-160.4614,-203.1860,1,485,936,719
1209948924,238126,-2.0542,0.6035,-0.4048,-163.0859,-214.2944,-189.9414,1,494,919,719
1209953923,238127,-2.3345,-0.9927,0.4673,-93.9331,-196.8384,-191.4062,1,479,884,719
1209958927,238128,-2.1729,-1.7090,0.6152,-27.2827,-223.3276,-181.3965,1,507,845,719
1209963926,238129,-1.9976,-1.8271,-0.1348,-18.6768,-278.0151,-174.4995,1,476,928,719
1209968925,238130,-1.2988,-1.7212,-0.8672,-37.2925,-364.0747,-153.5645,1,503,902,719
1209973926,238131,-0.0142,-1.9458,-0.7749,-65.9790,-425.6591,-114.1357,1,486,950,719
1209978922,238132,0.9658,-2.4219,0.3809,-90.2710,-426.4526,-77.0874,1,489,914,719
1209983928,238133,0.9556,-2.5586,2.0601,-80.6885,-407.7148,-38.9404,1,492,907,719
1209988929,238134,0.5151,-2.1489,3.3789,-66.1011,-399.8413,-3.1738,1,481,895,719
1209993923,238135,0.4165,-1.5166,3.8125,-65.0635,-373.3520,18.9209,1,476,927,719
1209998929,238136,0.5972,-0.8047,3.4922,-50.2930,-339.1113,27.7100,1,483,916,719
1210003929,238137,0.7715,0.0269,2.9541,-39.0015,-313.2935,27.7710,1,466,922,719
1210008928,238138,0.8501,0.8047,2.6738,-49.3774,-285.8887,19.3481,1,466,926,719
1210013923,238139,0.8242,1.2197,2.7300,-60.6689,-253.6011,3.4180,1,466,932,719
1210018925,238140,0.7065,1.2012,2.8599,-58.2275,-219.1772,-15.3198,1,466,931,719
1210023926,238141,0.5615,0.8706,2.7832,-54.6265,-186.6455,-32.2266,1,466,952,719
1210028928,238142,0.4258,0.3242,2.4370,-56.1523,-157.6538,-42.1753,1,466,944,719
1210033928,238143,0.2681,-0.3101,1.9771,-54.3213,-136.1084,-44.3115,1,466,946,719
1210038930,238144,0.1035,-0.8530,1.6226,-48.1567,-125.0610,-38.6963,1,466,931,719
1210043948,238145,0.0029,-1.1792,1.4858,-39.3677,-118.8354,-27.4658,1,466,941,719
1210048929,238146,-0.0176,-1.2534,1.5044,-28.1982,-111.1450,-14.5874,1,466,941,719
1210053926,238147,-0.0088,-1.1152,1.5205,-14.4653,-102.1118,-2.8076,1,493,951,719
1210058936,238148,-0.0161,-0.8369,1.4365,-0.2441,-94.6655,5.6152,1,480,931,719
1210063928,238149,-0.0449,-0.5073,1.2817,10.2539,-90.1489,10.3149,1,487,916,719
1210068927,238150,-0.0879,-0.2197,1.1450,16.6016,-87.2803,11.9019,1,511,946,719
1210073928,238151,-0.1372,-0.0518,1.0996,21.4844,-86.0596,11.8408,1,482,821,719
1210078928,238152,-0.1494,-0.0161,1.1865,28.1372,-85.4492,13.0005,1,505,835,719
1210083925,238153,-0.0767,-0.0444,1.3584,37.1094,-83.3130,13.4277,1,484,904,719
1210088931,238154,0.0259,-0.0928,1.4961,40.4663,-74.4019,13.4277,1,488,901,719
1210093923,238155,0.0703,-0.1533,1.5220,39.4897,-64.2700,15.2588,1,482,907,719
1210098930,238156,0.0479,-0.1807,1.4375,40.3442,-56.7017,17.5171,1,484,889,719
1210103924,238157,-0.0005,-0.1406,1.3179,41.5039,-52.1240,18.6768,1,492,893,719
1210108924,238158,-0.0327,-0.0479,1.2568,41.1987,-48.1567,18.2495,1,469,920,719
1210113927,238159,-0.0337,0.0479,1.2812,39.7339,-44.3726,16.8457,1,465,921,719
1210118925,238160,-0.0059,0.1064,1.3403,36.9263,-38.9404,14.4653,1,484,935,719
1210123928,238161,0.0200,0.1187,1.3647,33.3862,-30.9448,11.6577,1,466,923,719
1210128926,238162,0.0127,0.0996,1.3174,29.9072,-23.8647,9.5825,1,466,937,719
1210133927,238163,-0.0249,0.0688,1.2168,26.6113,-19.2871,8.0566,1,466,924,719
1210138923,238164,-0.0786,0.0396,1.1216,24.4141,-16.4185,6.6528,1,466,920,719
1210143925,238165,-0.1211,0.0269,1.0771,23.1934,-16.3574,5.5542,1,466,911,719
1210148930,238166,-0.1221,0.0366,1.0771,21.6675,-16.2354,4.3945,1,466,913,719
1210153922,238167,-0.1025,0.0591,1.0801,19.6533,-14.0381,2.5024,1,466,916,719
1210158930,238168,-0.1001,0.0806,1.0615,17.7612,-12.1460,0.5493,1,466,905,719
1210163931,238169,-0.1240,0.0947,1.0269,15.9302,-11.7187,-1.4038,1,466,907,719
1210168925,238170,-0.1538,0.0913,0.9951,13.7329,-13.1226,-3.4180,1,465,920,719
1210173925,238171,-0.1621,0.0566,0.9756,12.0239,-15.1978,-4.6387,1,492,929,719
1210178939,238172,-0.1572,0.0005,0.9658,11.7798,-16.7236,-5.0049,1,466,923,719
1210183927,238173,-0.1582,-0.0532,0.9653,12.2070,-18.3716,-4.6387,1,494,904,719
1210188926,238174,-0.1562,-0.0938,0.9785,12.8784,-20.3247,-3.9673,1,482,916,719
1210193924,238175,-0.1411,-0.1157,1.0054,14.4043,-21.7895,-3.1738,1,476,977,719
1210198922,238176,-0.1138,-0.1138,1.0415,15.7471,-22.1558,-2.3804,1,494,888,719
1210203930,238177,-0.0791,-0.0928,1.0791,16.4795,-21.3013,-1.9531,1,479,889,719
1210208927,238178,-0.0503,-0.0596,1.1064,16.7236,-19.2871,-1.6479,1,498,910,719
1210213925,238179,-0.0386,-0.0337,1.1113,16.4795,-16.6016,-1.6479,1,507,870,719
1210218931,238180,-0.0513,-0.0249,1.0884,16.3574,-14.1602,-1.7090,1,487,865,719
1210223927,238181,-0.0811,-0.0303,1.0532,16.5405,-13.4277,-1.8311,1,504,879,719
1210228929,238182,-0.1011,-0.0439,1.0342,16.4185,-14.2212,-1.7090,1,508,877,719
1210233922,238183,-0.0928,-0.0483,1.0415,17.0288,-14.6484,-1.4648,1,475,887,719
1210238925,238184,-0.0483,-0.0103,1.0791,16.4185,-11.5967,-1.2207,1,483,901,719
1210243928,238185,-0.0479,0.0088,1.0781,15.6860,-9.7656,-1.3428,1,466,913,719
1210248923,238186,-0.0610,0.0156,1.0659,14.4043,-8.6670,-1.5259,1,466,901,719
1210253929,238187,-0.0669,0.0112,1.0610,13.1836,-8.3008,-1.6479,1,466,903,719
1210258924,238188,-0.0542,0.0068,1.0708,12.5732,-7.1411,-1.5259,1,466,899,719
1210263926,238189,-0.0386,0.0112,1.0820,11.7187,-5.0049,-1.5869,1,466,902,719
1210268929,238190,-0.0396,0.0142,1.0747,10.4980,-3.0518,-1.6479,1,466,900,719
1210273929,238191,-0.0625,0.0054,1.0449,9.7656,-2.0752,-1.7700,1,466,900,719
1210278943,238192,-0.0913,-0.0112,1.0156,9.8267,-2.7466,-1.6479,1,465,877,719
1210283923,238193,-0.1025,-0.0186,1.0029,10.4370,-3.8452,-1.3428,1,465,889,719
1210288926,238194,-0.1074,-0.0205,1.0000,10.9863,-4.1504,-1.6479,1,493,902,719
1210293944,238195,-0.1187,-0.0352,0.9961,11.3525,-5.4321,-1.7700,1,480,897,719
1210298924,238196,-0.1226,-0.0400,0.9956,12.8784,-7.0801,-1.3428,1,480,901,719
1210303926,238197,-0.1060,-0.0156,1.0161,13.6719,-8.6060,-1.0986,1,482,794,719
1210308928,238198,-0.0679,0.0220,1.0566,12.7563,-8.7280,-1.2207,1,486,871,719
1210313929,238199,-0.0415,0.0303,1.0815,11.5356,-7.0801,-1.4648,1,510,865,719
1210318922,238200,-0.0459,0.0146,1.0698,11.0474,-5.6152,-1.4038,1,489,867,719
1210323922,238201,-0.0732,0.0078,1.0391,10.8032,-5.5542,-1.4038,1,476,884,719
1210328931,238202,-0.0938,0.0068,1.0190,10.3760,-6.8970,-1.5869,1,491,855,719
1210333929,238203,-0.0854,0.0112,1.0254,10.0708,-7.5684,-1.8311,1,486,891,719
1210338923,238204,-0.0693,0.0107,1.0371,9.9487,-6.6528,-2.0142,1,506,863,719
1210343924,238205,-0.0688,0.0073,1.0352,9.7046,-5.9204,-2.0752,1,466,869,719
1210348924,238206,-0.0801,0.0137,1.0288,9.4604,-6.4087,-2.0752,1,478,859,719
1210353926,238207,-0.0825,0.0234,1.0288,8.9111,-7.0190,-2.3193,1,484,855,719
1210358922,238208,-0.0708,0.0249,1.0352,8.0566,-7.0190,-2.5635,1,466,889,719
1210363926,238209,-0.0581,0.0210,1.0396,7.6904,-6.2866,-2.5024,1,466,883,719
1210368924,238210,-0.0571,0.0220,1.0371,7.2632,-5.4932,-2.6245,1,465,888,719
1210373923,238211,-0.0698,0.0273,1.0249,6.7139,-5.1270,-2.7466,1,466,889,719
1210378922,238212,-0.0889,0.0322,1.0054,5.9814,-5.4321,-2.8076,1,466,889,719
1210383930,238213,-0.0972,0.0176,0.9941,5.1880,-6.5308,-2.7466,1,466,886,719
1210388924,238214,-0.0879,-0.0190,1.0015,5.6763,-7.2021,-2.8687,1,466,880,719
1210393924,238215,-0.0762,-0.0415,1.0117,7.7515,-7.0801,-3.2349,1,466,881,719
1210398926,238216,-0.0776,-0.0317,1.0059,9.4604,-6.8359,-3.6621,1,466,880,719
1210403928,238217,-0.0898,-0.0112,0.9893,10.3149,-7.5073,-4.2114,1,492,891,719
1210408937,238218,-0.0981,0.0020,0.9785,11.0474,-8.7280,-4.3945,1,465,907,719
1210413929,238219,-0.1001,0.0068,0.9771,11.5967,-9.2773,-4.8828,1,492,900,719
1210418922,238220,-0.0942,0.0117,0.9829,11.8408,-10.0708,-4.9438,1,481,820,719
1210423925,238221,-0.0820,0.0195,0.9893,11.8408,-10.3760,-4.8828,1,474,813,719
1210428923,238222,-0.0747,0.0269,0.9907,11.5967,-10.2539,-4.6387,1,510,814,719
1210433930,238223,-0.0786,0.0356,0.9902,11.1084,-10.3760,-4.0283,1,475,890,719
1210438929,238224,-0.0796,0.0420,0.9932,10.3149,-11.1694,-3.4790,1,492,917,719
1210443925,238225,-0.0693,0.0410,1.0034,9.3384,-11.3525,-3.2349,1,501,880,719
1210448927,238226,-0.0630,0.0381,1.0093,8.7280,-10.8643,-2.9907,1,483,865,719
1210453929,238227,-0.0752,0.0386,1.0020,8.1787,-10.9253,-2.8076,1,492,864,719
1210458922,238228,-0.0884,0.0381,0.9956,7.5684,-12.1460,-2.9297,1,465,879,719
1210463928,238229,-0.0820,0.0308,1.0010,7.3242,-13.2446,-3.2349,1,484,879,719
1210468930,238230,-0.0713,0.0186,1.0063,7.5684,-13.3057,-3.7231,1,466,880,719
1210473928,238231,-0.0811,0.0195,0.9980,8.1177,-13.5498,-4.3945,1,466,899,719
1210478923,238232,-0.0991,0.0342,0.9907,7.6904,-15.5640,-5.2490,1,466,904,719
1210483929,238233,-0.0967,0.0396,1.0010,6.8359,-17.7612,-6.2256,1,466,903,719
1210488930,238234,-0.0771,0.0371,1.0190,6.8359,-18.7378,-7.2021,1,466,891,719
1210493922,238235,-0.0615,0.0435,1.0317,6.4697,-19.5312,-8.2397,1,466,900,719
1210498930,238236,-0.0576,0.0493,1.0371,5.4321,-20.6909,-9.3384,1,465,936,719
1210503930,238237,-0.0742,0.0527,1.0347,4.6387,-21.9727,-10.4980,1,466,908,719
1210508935,238238,-0.0996,0.0596,1.0259,3.7231,-24.7803,-11.7798,1,466,920,719
1210513926,238239,-0.1050,0.0552,1.0259,2.3804,-28.5034,-13.0615,1,466,918,719
1210518929,238240,-0.0908,0.0459,1.0337,2.0142,-30.9448,-14.4043,1,493,915,719
1210523943,238241,-0.0845,0.0508,1.0337,1.6479,-33.5693,-15.8691,1,473,912,719
1210528922,238242,-0.0879,0.0698,1.0244,0.6714,-36.8042,-17.7612,1,493,913,719
1210533925,238243,-0.0923,0.0889,1.0186,-0.9766,-40.4053,-20.1416,1,510,902,719
1210538927,238244,-0.1074,0.0933,1.0205,-3.4180,-44.0674,-21.4233,1,483,874,719
1210543924,238245,-0.1021,0.0859,1.0332,-5.9204,-49.4995,-20.2637,1,509,889,719
1210548929,238246,-0.0591,0.0811,1.0493,-8.2397,-52.4292,-18.7988,1,492,860,719
1210553926,238247,-0.0229,0.0776,1.0610,-10.8032,-53.3447,-18.4326,1,491,923,719
1210558924,238248,-0.0117,0.0669,1.0659,-12.9395,-55.1758,-17.8833,1,494,896,719
1210563928,238249,-0.0283,0.0542,1.0586,-13.9770,-57.0068,-15.9912,1,494,892,719
1210568930,238250,-0.0576,0.0435,1.0469,-15.3198,-60.6079,-13.6719,1,494,900,719
1210573929,238251,-0.0811,0.0361,1.0415,-16.1743,-63.8428,-11.4136,1,467,934,719
1210578927,238252,-0.0918,0.0303,1.0400,-17.3950,-68.1152,-8.8501,1,484,912,719
1210583930,238253,-0.0713,0.0312,1.0444,-18.2495,-71.9604,-5.6763,1,466,879,719
1210588924,238254,-0.0352,0.0386,1.0566,-19.4092,-74.2798,-3.2959,1,466,935,719
1210593926,238255,-0.0098,0.0474,1.0732,-20.8740,-76.7822,-1.8311,1,466,904,719
1210598925,238256,-0.0342,0.0625,1.1006,-23.0103,-83.0688,-1.4038,1,466,908,719
1210603926,238257,-0.1245,0.0742,1.1167,-27.3437,-103.2715,-1.4648,1,466,910,719
1210608926,238258,-0.2612,0.0767,1.0835,-31.3110,-124.2676,-1.4648,1,466,933,719
1210613926,238259,-0.4014,0.0659,1.0234,-34.7900,-145.7520,-2.8076,1,466,929,719
1210618929,238260,-0.4990,0.0610,0.9824,-36.9873,-167.1753,-5.3101,1,465,915,719
1210623956,238261,-0.5942,0.1113,0.9829,-39.6118,-190.5517,-9.0942,1,466,919,719
1210628922,238262,-0.8247,0.2021,1.0322,-47.9736,-221.5576,-16.2354,1,466,931,719
1210633925,238263,-1.2144,0.2686,1.1519,-60.7910,-270.1416,-23.0713,1,492,947,719
1210638922,238264,-1.4893,0.3003,1.3325,-71.3501,-339.0503,-21.7895,1,466,936,719
1210643926,238265,-1.4160,0.3735,1.5513,-85.0830,-409.0576,-20.5078,1,494,932,719
1210648925,238266,-1.1772,0.5269,1.8232,-112.7930,-475.7080,-24.0478,1,482,940,719
1210653931,238267,-1.1704,0.7090,2.1582,-150.7568,-530.5786,-29.6020,1,497,854,719
1210658924,238268,-1.3560,0.8306,2.4458,-190.7959,-596.2524,-36.8652,1,494,862,719
1210663923,238269,-1.5605,0.8091,2.5459,-235.1074,-663.4521,-49.3164,1,499,884,719
1210668931,238270,-1.7642,0.5898,2.3599,-269.7144,-738.5864,-62.6831,1,503,921,719
1210673929,238271,-1.7842,0.1587,1.8306,-285.5835,-813.0493,-71.7773,1,483,932,719
1210678922,238272,-1.5117,-0.2817,1.2329,-286.2549,-869.9340,-95.2148,1,484,903,719
1210683922,238273,-0.8794,-0.0737,0.8467,-272.2168,-911.8041,-108.4595,1,506,924,719
1210688922,238274,0.1860,0.3799,0.8584,-257.9956,-874.6337,-106.9946,1,479,943,719
1210693929,238275,1.9736,-0.0039,2.3184,-244.6899,-769.3481,-130.3101,1,483,934,719
1210698923,238276,3.7354,-0.8896,5.1348,-152.5879,-541.9922,-156.4331,1,466,926,719
1210703928,238277,3.5601,-1.3462,6.9531,-41.4429,-287.9639,-164.1846,1,466,942,719
1210708929,238278,1.1274,-1.1450,6.4966,16.9678,-101.2573,-179.0161,1,466,947,719
1210713922,238279,-1.5327,-0.5762,4.7866,56.0303,-31.2500,-175.3540,1,466,946,719
1210718927,238280,-2.5420,-0.0737,3.2432,66.6504,-18.8599,-166.4429,1,466,948,719
1210723924,238281,-2.1709,0.0337,2.2681,65.3687,12.8784,-168.6401,1,466,933,719
1210728925,238282,-1.6641,-0.0747,1.5542,73.1201,38.8794,-169.1894,1,466,939,719
1210733928,238283,-1.5659,-0.1533,0.9355,71.4722,41.5649,-167.3584,1,466,934,719
1210738924,238284,-1.6499,-0.2036,0.5381,64.0869,31.4941,-165.8325,1,466,947,719
1210743922,238285,-1.6265,-0.2959,0.4541,60.1807,25.1465,-161.9263,1,466,945,719
1210748939,238286,-1.4810,-0.4204,0.6123,60.6689,29.2969,-156.9214,1,465,941,719
1210753927,238287,-1.3325,-0.5312,0.8721,63.5986,40.2222,-150.0854,1,489,940,719
1210758928,238288,-1.2354,-0.6025,1.1299,64.7583,56.3354,-141.8457,1,482,967,719
1210763930,238289,-1.1646,-0.6382,1.3345,63.1714,78.4912,-133.0566,1,485,880,719
1210768927,238290,-1.0913,-0.6572,1.4600,59.7534,105.5908,-123.4131,1,491,917,719
1210773931,238291,-1.0205,-0.6626,1.4971,55.4810,135.1929,-113.1592,1,499,916,719
1210778925,238292,-0.9697,-0.6450,1.4604,48.8892,164.0625,-103.0273,1,482,938,719
1210783924,238293,-0.9419,-0.6055,1.3745,40.9546,189.3310,-93.2617,1,492,936,719
1210788926,238294,-0.9229,-0.5439,1.2666,32.2876,210.1440,-84.2895,1,498,906,719
1210793927,238295,-0.8833,-0.4624,1.1641,22.0947,226.9897,-76.4160,1,465,942,719
1210798923,238296,-0.8057,-0.3789,1.0840,9.8877,241.7602,-69.8242,1,465,925,719
1210803925,238297,-0.6997,-0.3086,1.0215,-3.0518,256.0425,-63.9648,1,483,903,719
1210808923,238298,-0.5962,-0.2466,0.9614,-15.5640,268.7988,-59.0210,1,466,918,719
1210813925,238299,-0.5239,-0.1890,0.9048,-28.4424,278.8086,-55.1147,1,466,938,719
1210818928,238300,-0.4678,-0.1426,0.8662,-40.5884,285.4004,-51.0864,1,465,939,719
1210823925,238301,-0.3979,-0.1094,0.8516,-51.3306,289.7949,-46.3867,1,466,935,719
1210828925,238302,-0.3145,-0.0859,0.8706,-61.0962,293.3350,-41.9311,1,466,939,719
1210833926,238303,-0.2324,-0.0693,0.9268,-68.4204,297.1802,-36.9263,1,465,938,719
1210838923,238304,-0.1646,-0.0532,1.0049,-73.4863,301.3916,-31.4331,1,466,926,719
1210843928,238305,-0.1128,-0.0322,1.0889,-77.2705,306.1523,-25.9399,1,466,935,719
1210848947,238306,-0.0752,-0.0020,1.1719,-80.0171,310.4858,-19.9585,1,466,934,719
1210853929,238307,-0.0444,0.0420,1.2593,-82.1533,314.8804,-13.9770,1,466,909,719
1210858925,238308,-0.0073,0.0972,1.3477,-84.4116,319.7021,-8.0566,1,493,938,719
1210863929,238309,0.0376,0.1562,1.4238,-86.2427,325.3174,-2.3804,1,466,918,719
1210868925,238310,0.0815,0.2192,1.4766,-87.4023,331.1767,2.6245,1,483,954,719
1210873929,238311,0.1187,0.2847,1.5059,-88.0127,335.6933,6.6528,1,466,822,719
1210878928,238312,0.1543,0.3433,1.5249,-88.1958,337.9516,9.4604,1,489,821,719
1210883928,238313,0.2007,0.3921,1.5503,-87.7075,338.5620,11.4136,1,474,890,719
1210888925,238314,0.2632,0.4307,1.5835,-86.4868,339.2944,12.6343,1,501,869,719
1210893925,238315,0.3267,0.4673,1.6138,-84.6558,340.7592,12.9395,1,488,943,719
1210898924,238316,0.3647,0.5190,1.6318,-82.7637,341.3696,12.2070,1,483,930,719
1210903930,238317,0.3745,0.5830,1.6509,-82.0923,339.9048,10.4980,1,483,916,719
1210908923,238318,0.3813,0.6338,1.6992,-82.4585,337.1582,8.0566,1,507,899,719
1210913927,238319,0.4077,0.6558,1.7856,-82.0923,335.3882,5.7373,1,465,911,719
1210918928,238320,0.4512,0.6528,1.8916,-79.8950,335.9375,3.7842,1,484,909,719
1210923928,238321,0.4990,0.6377,1.9912,-75.9277,338.5009,2.0752,1,466,924,719
1210928924,238322,0.5449,0.6123,2.0654,-70.1294,342.1631,0.1831,1,465,921,719
1210933930,238323,0.5776,0.5752,2.1084,-62.8662,346.6797,-1.2207,1,465,925,719
1210938922,238324,0.5889,0.5337,2.1289,-55.1758,350.6469,-2.0752,1,466,930,719
1210943924,238325,0.5933,0.4902,2.1411,-47.5464,353.4546,-2.1362,1,466,928,719
1210948931,238326,0.6094,0.4365,2.1475,-39.6118,355.7129,-1.8921,1,465,935,719
1210953923,238327,0.6362,0.3701,2.1431,-31.1279,357.7881,-1.6479,1,466,920,719
1210958925,238328,0.6641,0.2944,2.1265,-22.2168,359.3139,-1.1597,1,466,930,719
1210963924,238329,0.6841,0.2139,2.0942,-13.0005,360.4736,-0.7324,1,466,928,719
1210968925,238330,0.6904,0.1416,2.0435,-4.6387,360.4736,-0.3052,1,466,921,719
1210973931,238331,0.6914,0.0869,1.9863,1.1597,359.2529,-0.4272,1,492,907,719
1210978924,238332,0.7002,0.0469,1.9434,3.9673,357.1777,-0.7935,1,466,911,719
1210983922,238333,0.7241,0.0044,1.9253,4.0894,354.8584,-1.4038,1,494,898,719
1210988925,238334,0.7842,-0.1147,1.9146,-0.3052,350.6469,-2.5635,1,476,792,719
1210993927,238335,0.7993,-0.1631,1.8916,-4.4556,347.4121,-2.6245,1,503,802,719
1210998929,238336,0.8120,-0.1924,1.8560,-10.7422,342.9565,-2.0142,1,473,873,719
1211003923,238337,0.8306,-0.2183,1.8125,-18.9209,338.3178,-0.3662,1,499,859,719
1211008923,238338,0.8545,-0.2529,1.7588,-27.2827,333.3130,2.6245,1,506,916,719
1211013930,238339,0.8691,-0.2939,1.6943,-34.6680,327.3925,6.7139,1,491,894,719
1211018922,238340,0.8647,-0.3257,1.6348,-40.7104,319.2139,12.3901,1,483,899,719
1211023930,238341,0.8613,-0.3418,1.6035,-46.5698,308.0444,19.2871,1,509,898,719
1211028924,238342,0.8916,-0.3560,1.6108,-51.8188,296.7529,27.3437,1,474,905,719
1211033927,238343,0.9531,-0.3745,1.6416,-55.9692,287.5977,36.6211,1,484,928,719
1211038926,238344,1.0171,-0.3911,1.6631,-59.0820,279.6021,47.0581,1,466,919,719
1211043928,238345,1.0698,-0.4004,1.6533,-61.7676,270.5078,58.1665,1,466,930,719
1211048929,238346,1.1367,-0.3979,1.6079,-62.8052,259.4604,69.5190,1,466,938,719
1211053922,238347,1.2402,-0.3740,1.5264,-61.8286,247.3144,80.0171,1,466,937,719
1211058931,238348,1.3628,-0.2998,1.4019,-59.3872,234.6802,88.8061,1,466,938,719
1211063924,238349,1.4814,-0.2153,1.2617,-58.9600,219.9097,95.6421,1,466,947,719
1211068929,238350,1.6016,-0.1182,1.1372,-56.8237,206.3598,94.6045,1,466,949,719
1211073929,238351,1.7300,0.0308,1.0127,-48.5840,184.8144,94.2383,1,466,947,719
1211078952,238352,1.8569,0.1914,0.8843,-48.7671,167.7246,88.2568,1,466,942,719
1211083926,238353,1.9648,0.3320,0.7661,-49.9878,151.5503,77.6978,1,465,948,719
1211088922,238354,2.0508,0.4390,0.6514,-46.9360,130.6763,65.9790,1,493,934,719
1211093928,238355,2.1221,0.5161,0.5361,-46.6309,110.9009,51.0254,1,488,956,719
1211098929,238356,2.1606,0.5488,0.4341,-46.0205,90.3320,35.2783,1,500,938,719
1211103929,238357,2.1621,0.5264,0.3516,-42.1143,66.7725,21.1792,1,466,827,719
1211108924,238358,2.1450,0.4521,0.2891,-36.1328,41.6260,8.6670,1,509,825,719
1211113930,238359,2.1226,0.3428,0.2412,-28.0151,16.7847,-1.4038,1,481,880,719
1211118927,238360,2.0815,0.2227,0.2075,-18.4326,-7.9956,-8.9722,1,479,916,719
1211123931,238361,2.0254,0.1045,0.1997,-9.5825,-33.4473,-14.0381,1,487,886,719
1211128925,238362,1.9663,-0.0190,0.2183,-2.6855,-57.3120,-16.7847,1,482,883,719
1211133922,238363,1.8843,-0.1616,0.2515,0.7935,-79.2236,-17.3340,1,490,889,719
1211138929,238364,1.7739,-0.3315,0.3032,-0.9155,-100.3418,-14.3433,1,509,880,719
1211143928,238365,1.6929,-0.5425,0.4102,-6.0425,-119.9341,-8.0566,1,473,910,719
1211148930,238366,1.6899,-0.2505,-0.1274,-4.8218,-183.2275,-8.4839,1,483,885,719
1211153930,238367,0.1250,0.3940,-1.0229,-48.7061,-240.7837,-27.9541,1,466,915,719
1211158924,238368,-1.8081,-0.1113,-0.6221,-172.4853,-321.8383,-27.4048,1,466,937,719
1211163925,238369,-1.3833,-1.2734,0.8452,-142.5781,-323.3032,-12.8784,1,466,956,719
1211168923,238370,-0.5181,-1.9038,1.8843,-96.5576,-245.1782,1.7700,1,466,956,719
1211173924,238371,-0.8213,-2.2100,1.9229,-71.3501,-229.7973,-2.5635,1,466,932,719
1211178926,238372,-1.1792,-2.0786,1.1235,15.1367,-291.1987,5.6763,1,466,922,719
1211183930,238373,-0.8896,-1.2378,-0.0684,92.0410,-347.0459,26.0620,1,465,933,719
1211188937,238374,-0.4316,-0.0454,-0.9473,76.5991,-390.1367,31.3110,1,465,941,719
1211193922,238375,-0.2148,0.7124,-0.8989,17.9443,-443.3593,32.5928,1,466,940,719
1211198925,238376,-0.2100,0.7314,0.1934,-20.3857,-481.0791,42.5415,1,466,941,719
1211203947,238377,-0.0288,0.5220,1.7197,-7.7515,-497.4365,47.2412,1,466,943,719
1211208929,238378,0.4907,0.6426,2.8716,18.8599,-484.3139,42.9077,1,469,934,719
1211213923,238379,1.1562,1.0649,3.3237,30.0903,-446.7773,26.7944,1,511,941,719
1211218930,238380,1.6494,1.3833,3.2871,22.7661,-387.8784,5.5542,1,484,981,719
1211223928,238381,1.6724,1.2866,3.0830,3.6621,-323.4253,-12.3291,1,505,833,719
1211228922,238382,1.2725,0.8296,2.8423,-12.5732,-274.3530,-24.3530,1,489,869,719
1211233928,238383,0.7705,0.2705,2.5654,-17.0288,-245.3003,-29.3579,1,491,943,719
1211238928,238384,0.4307,-0.1934,2.2759,-20.4468,-226.1352,-28.6255,1,488,901,719
1211243930,238385,0.3501,-0.4878,2.0166,-22.5220,-212.2192,-23.1934,1,491,905,719
1211248925,238386,0.0708,-0.9146,1.8740,-22.7051,-182.9834,-11.2915,1,494,904,719
1211253929,238387,-0.4858,-1.6855,2.2139,-8.6060,-161.6821,28.0151,1,469,938,719
1211258930,238388,-0.1475,-2.2261,2.5532,41.3818,-230.2246,59.5703,1,478,916,719
1211263923,238389,0.7612,-2.1016,2.3057,82.2143,-177.3071,65.3076,1,484,931,719
1211268929,238390,0.8784,-1.3057,2.0303,118.8965,-131.5918,56.5796,1,466,943,719
1211273930,238391,0.5439,-0.1040,2.0874,139.3433,-133.3618,53.7720,1,466,942,719
1211278927,238392,0.4438,0.8857,2.1924,129.2725,-118.3472,46.3257,1,466,942,719
1211283929,238393,0.4072,1.1958,2.0547,93.5059,-73.6694,29.2969,1,466,948,719
1211288925,238394,0.2090,0.8213,1.7222,69.7021,-54.8096,19.4092,1,466,935,719
1211293929,238395,0.0444,0.1860,1.3599,62.9272,-55.2978,17.3950,1,466,919,719
1211298930,238396,-0.0068,-0.2881,1.1357,63.7817,-50.9033,17.2119,1,466,938,719
1211303926,238397,-0.0190,-0.3672,1.1201,71.8994,-46.5698,18.2495,1,466,933,719
1211308938,238398,0.0005,-0.0728,1.2036,75.9277,-45.5322,17.8833,1,466,932,719
1211313923,238399,0.0059,0.2935,1.2681,67.4438,-38.1470,13.5498,1,465,922,719
1211318929,238400,-0.0454,0.4844,1.3037,52.4902,-35.7666,7.8125,1,493,922,719
1211323924,238401,-0.0654,0.4263,1.2793,38.9404,-40.5884,4.6997,1,469,919,719
1211328928,238402,-0.0444,0.2139,1.1997,30.6396,-38.9404,3.2349,1,512,916,719
1211333929,238403,-0.0269,0.0415,1.1343,27.4048,-37.2925,2.1362,1,465,811,719
1211338925,238404,-0.0020,-0.0020,1.1147,26.3062,-35.4614,1.4648,1,491,808,719
1211343928,238405,0.0127,0.0376,1.1230,23.1934,-32.2266,0.7935,1,476,868,719
1211348926,238406,0.0020,0.0620,1.1152,18.9819,-28.9917,-0.3052,1,499,878,719
1211353922,238407,-0.0337,0.0327,1.0752,16.7847,-27.5879,-0.4883,1,484,867,719
1211358927,238408,-0.0620,-0.0205,1.0400,16.7236,-28.0762,-1.0376,1,492,869,719
1211363923,238409,-0.0513,-0.0391,1.0420,17.2729,-28.8696,-0.7324,1,483,875,719
1211368925,238410,-0.0137,-0.0088,1.0718,16.7236,-27.0386,-1.0376,1,504,836,719
1211373924,238411,0.0190,0.0254,1.0942,13.7329,-23.1934,-0.6104,1,473,855,719
1211378922,238412,0.0210,0.0361,1.0923,11.1694,-18.9209,-0.7324,1,484,899,719
1211383922,238413,0.0088,0.0332,1.0825,8.6060,-16.9067,-0.2441,1,466,891,719
1211388927,238414,0.0122,0.0298,1.0791,6.4697,-14.5264,-0.4272,1,466,893,719
1211393924,238415,0.0054,0.0098,1.0703,4.2114,-11.0474,-0.9766,1,466,907,719
1211398925,238416,-0.0288,-0.0073,1.0381,3.4790,-9.7046,-0.7935,1,466,888,719
1211403929,238417,-0.0532,-0.0088,1.0117,3.1128,-11.1694,-1.2817,1,466,880,719
1211408930,238418,-0.0464,-0.0151,1.0103,2.0142,-10.8643,-1.9531,1,466,903,719
1211413926,238419,-0.0371,-0.0215,1.0176,2.3193,-9.9487,-2.1362,1,466,897,719
1211418926,238420,-0.0400,-0.0269,1.0186,2.1362,-9.8267,-2.1362,1,466,892,719
1211423926,238421,-0.0415,-0.0283,1.0176,2.1973,-9.9487,-2.3804,1,466,886,719
1211428925,238422,-0.0352,-0.0278,1.0205,2.1973,-9.5825,-2.6855,1,465,888,719
1211433924,238423,-0.0347,-0.0332,1.0225,2.2583,-8.7280,-2.7466,1,466,890,719
1211438928,238424,-0.0332,-0.0254,1.0254,2.4414,-9.2163,-2.1362,1,492,890,719
1211443928,238425,-0.0190,-0.0132,1.0337,2.0752,-8.9722,-2.1973,1,465,889,719
1211448924,238426,-0.0093,-0.0132,1.0376,2.4414,-7.5684,-2.0752,1,486,879,719
1211453926,238427,-0.0288,-0.0190,1.0278,2.8687,-6.7139,-2.0752,1,468,848,719
1211458924,238428,-0.0532,-0.0107,1.0112,3.4180,-8.9722,-1.2817,1,490,826,719
1211463931,238429,-0.0425,0.0005,1.0151,3.1128,-9.9487,-1.8311,1,488,828,719
1211468926,238430,-0.0156,-0.0068,1.0342,2.9907,-9.2163,-2.0142,1,481,898,719
1211473930,238431,-0.0078,-0.0112,1.0415,3.4790,-8.4839,-1.9531,1,487,868,719
1211478924,238432,-0.0068,-0.0063,1.0439,3.4180,-8.8501,-1.7700,1,486,853,719
1211483928,238433,0.0107,-0.0054,1.0498,2.9297,-8.1177,-1.7090,1,496,844,719
1211488926,238434,0.0176,-0.0073,1.0513,3.3569,-5.3101,-2.0142,1,493,828,719
1211493928,238435,-0.0107,-0.0005,1.0371,3.3569,-4.2725,-2.0752,1,493,828,719
1211498927,238436,-0.0513,-0.0010,1.0132,2.5635,-6.3477,-1.7090,1,478,856,719
1211503930,238437,-0.0503,-0.0088,1.0068,2.6245,-8.9111,-1.1597,1,484,851,719
1211508928,238438,-0.0083,-0.0107,1.0288,2.6855,-7.9346,-1.2817,1,466,880,719
1211513924,238439,0.0127,-0.0068,1.0464,2.9297,-6.1035,-1.4648,1,466,887,719
1211518923,238440,-0.0083,-0.0039,1.0342,2.8076,-5.7373,-1.5869,1,465,881,719
1211523927,238441,-0.0464,-0.0020,1.0132,2.7466,-7.0190,-1.2207,1,466,883,719
1211528929,238442,-0.0420,0.0029,1.0078,2.5635,-9.7046,-0.6714,1,466,875,719
1211533926,238443,-0.0010,-0.0103,1.0278,1.9531,-8.1177,-1.0376,1,466,875,719
1211538931,238444,0.0054,-0.0181,1.0415,2.8687,-6.4087,-1.1597,1,465,874,719
1211543922,238445,-0.0171,-0.0024,1.0317,3.0518,-7.4463,-0.9155,1,466,873,719
1211548944,238446,-0.0327,0.0054,1.0244,1.7700,-8.1787,-0.5493,1,466,879,719
1211553931,238447,-0.0156,-0.0005,1.0283,1.7700,-9.0942,-0.2441,1,466,884,719
1211558926,238448,0.0146,-0.0117,1.0410,1.5869,-7.2632,-0.3662,1,493,876,719
1211563930,238449,0.0063,-0.0112,1.0410,1.7700,-5.9204,-0.5493,1,466,883,719
1211568922,238450,-0.0186,-0.0015,1.0264,1.2207,-7.2632,-0.1221,1,496,880,719
1211573924,238451,-0.0215,-0.0015,1.0229,0.6104,-7.7515,0.0610,1,469,841,719
1211578923,238452,-0.0142,-0.0029,1.0273,0.6104,-7.2632,-0.0610,1,496,803,719
1211583924,238453,-0.0137,-0.0005,1.0293,0.4883,-7.1411,0.0000,1,481,884,719
1211588924,238454,-0.0151,-0.0024,1.0293,-0.1831,-7.3242,0.1221,1,508,812,719
1211593923,238455,0.0015,-0.0044,1.0337,-0.3052,-7.9956,0.6714,1,491,841,719
1211598923,238456,0.0176,-0.0059,1.0391,-0.3662,-5.3711,0.3052,1,508,827,719
1211603931,238457,0.0078,-0.0088,1.0356,-0.4272,-4.7607,0.2441,1,487,818,719
1211608927,238458,-0.0083,-0.0098,1.0269,-0.3052,-4.8828,0.3662,1,502,832,719
1211613928,238459,-0.0176,-0.0122,1.0215,-0.3662,-4.6997,0.0610,1,475,855,719
1211618926,238460,-0.0112,-0.0156,1.0215,0.0610,-5.4932,0.1831,1,483,865,719
1211623924,238461,-0.0020,-0.0186,1.0249,0.5493,-3.9673,-0.4272,1,466,881,719
1211628924,238462,-0.0068,-0.0161,1.0244,0.9155,-3.8452,-0.6714,1,465,881,719
1211633927,238463,-0.0112,-0.0112,1.0215,1.2817,-4.2114,-0.6104,1,466,886,719
1211638931,238464,-0.0107,-0.0107,1.0215,1.4038,-3.8452,-0.9766,1,466,886,719
1211643922,238465,-0.0063,-0.0122,1.0244,1.7090,-3.3569,-1.1597,1,466,880,719
1211648923,238466,-0.0024,-0.0137,1.0244,1.9531,-2.4414,-1.2817,1,466,883,719
1211653930,238467,-0.0088,-0.0083,1.0225,2.0142,-1.5869,-1.6479,1,466,889,719
1211658926,238468,-0.0024,-0.0034,1.0249,1.7090,-2.2583,-1.5259,1,466,878,719
1211663946,238469,0.0142,-0.0059,1.0337,1.3428,0.1221,-1.5869,1,465,880,719
1211668923,238470,0.0093,-0.0029,1.0352,1.0986,1.4038,-1.5259,1,466,870,719
1211673938,238471,-0.0039,0.0005,1.0283,0.5493,1.6479,-1.4648,1,493,872,719
1211678930,238472,-0.0093,0.0005,1.0264,0.1831,1.8311,-1.4648,1,470,874,719
1211683923,238473,-0.0068,0.0015,1.0283,-0.3052,1.8921,-1.4038,1,511,760,719
1211688924,238474,-0.0015,0.0020,1.0312,-0.9766,2.3193,-1.3428,1,496,800,719
1211693929,238475,0.0005,0.0024,1.0317,-1.2817,2.7466,-1.2817,1,501,868,719
1211698922,238476,-0.0039,0.0000,1.0283,-1.8921,2.8076,-1.2207,1,493,874,719
1211703930,238477,-0.0127,-0.0068,1.0220,-2.0752,2.8076,-1.0376,1,506,803,719
1211708922,238478,-0.0181,-0.0103,1.0186,-2.0142,2.3804,-0.9155,1,484,836,719
1211713923,238479,-0.0151,-0.0117,1.0186,-1.9531,2.0752,-1.2207,1,498,841,719
1211718928,238480,-0.0020,-0.0122,1.0269,-1.5869,2.6245,-1.1597,1,506,835,719
1211723926,238481,-0.0059,-0.0112,1.0234,-1.5259,2.7466,-1.2817,1,472,862,719
1211728922,238482,-0.0117,-0.0117,1.0161,-1.1597,2.6855,-1.4038,1,483,860,719
1211733924,238483,-0.0156,-0.0132,1.0161,-0.5493,2.8687,-1.6479,1,466,884,719
1211738923,238484,-0.0161,-0.0156,1.0176,0.0000,2.6245,-1.6479,1,466,888,719
1211743922,238485,-0.0103,-0.0122,1.0195,0.4272,2.5024,-1.9531,1,466,842,719
1211748924,238486,-0.0054,-0.0063,1.0249,0.6714,2.8687,-2.2583,1,466,885,719
1211753929,238487,-0.0078,-0.0049,1.0229,0.7935,3.1738,-2.2583,1,465,878,719
1211758927,238488,-0.0151,-0.0063,1.0190,0.9155,2.9297,-2.0752,1,466,880,719
1211763926,238489,-0.0181,-0.0117,1.0186,0.8545,2.5635,-1.8921,1,466,880,719
1211768927,238490,-0.0181,-0.0098,1.0215,1.2207,2.4414,-1.8311,1,466,873,719
1211773928,238491,-0.0190,-0.0024,1.0239,1.0986,2.1973,-1.7090,1,466,874,719
1211778922,238492,-0.0142,-0.0083,1.0269,0.8545,1.7700,-1.4038,1,466,881,719
1211783924,238493,-0.0078,-0.0142,1.0264,1.2207,2.0142,-0.9766,1,492,876,719
1211788925,238494,-0.0156,-0.0020,1.0269,1.4648,2.1362,-0.9766,1,466,872,719
1211793924,238495,-0.0176,-0.0024,1.0278,0.9766,1.2207,-1.3428,1,487,878,719
1211798926,238496,-0.0093,-0.0078,1.0298,1.0376,1.5869,-0.7324,1,493,765,719
1211803927,238497,-0.0063,-0.0054,1.0342,0.7935,1.7090,-0.4883,1,484,844,719
1211808928,238498,-0.0054,-0.0117,1.0337,0.5493,1.8311,-0.3662,1,490,835,719
1211813930,238499,-0.0107,-0.0166,1.0308,0.9766,1.6479,-0.2441,1,492,886,719
1211818926,238500,-0.0151,-0.0161,1.0273,1.1597,1.2207,-0.2441,1,494,867,719
1211823927,238501,-0.0166,-0.0093,1.0244,1.1597,0.8545,-0.2441,1,503,883,719
1211828929,238502,-0.0181,-0.0005,1.0225,1.3428,0.9155,-0.4272,1,498,848,719
1211833925,238503,-0.0161,-0.0044,1.0195,1.2817,0.3662,-0.6714,1,494,821,719
1211838924,238504,-0.0132,-0.0059,1.0190,1.3428,0.4272,-0.4883,1,504,833,719
1211843922,238505,-0.0156,-0.0010,1.0205,1.0986,0.0000,-0.7324,1,484,853,719
1211848925,238506,-0.0146,-0.0044,1.0220,0.8545,-0.0610,-0.7935,1,466,827,719
1211853928,238507,-0.0117,-0.0059,1.0229,1.3428,0.0000,-0.5493,1,466,871,719
1211858922,238508,-0.0107,-0.0049,1.0229,1.0376,0.2441,-0.4272,1,466,829,719
1211863926,238509,-0.0127,-0.0078,1.0215,0.8545,0.3052,-0.4883,1,466,876,719
1211868927,238510,-0.0181,-0.0093,1.0195,1.0986,0.0000,-0.3052,1,466,869,719
1211873929,238511,-0.0220,-0.0044,1.0186,0.9155,-0.1831,-0.6104,1,466,825,719
1211878929,238512,-0.0146,-0.0142,1.0215,0.9155,-0.7935,-0.8545,1,466,873,719
1211883923,238513,-0.0039,-0.0161,1.0283,1.5869,0.1221,-0.3662,1,466,880,719
1211888934,238514,-0.0039,-0.0044,1.0303,1.2817,0.1831,-0.5493,1,466,880,719
1211893949,238515,-0.0117,-0.0078,1.0273,0.7935,0.3662,-0.6104,1,466,875,719
1211898928,238516,-0.0225,-0.0088,1.0225,1.3428,0.4272,-0.6104,1,466,875,719
1211903928,238517,-0.0195,-0.0122,1.0205,1.2207,-0.1221,-0.8545,1,493,871,719
1211908924,238518,-0.0063,-0.0132,1.0273,1.2207,0.1831,-0.6104,1,466,877,719
1211913923,238519,-0.0015,-0.0024,1.0317,1.3428,0.6714,-0.5493,1,465,817,719
1211918924,238520,-0.0107,0.0054,1.0264,0.7935,1.0376,-0.6714,1,494,844,719
1211923928,238521,-0.0234,0.0039,1.0161,0.9155,1.0376,-0.9766,1,498,839,719
1211928926,238522,-0.0210,-0.0044,1.0146,0.7324,0.1831,-1.0986,1,499,873,719
1211933924,238523,-0.0122,-0.0029,1.0210,0.9155,0.8545,-0.9766,1,498,837,719
1211938930,238524,-0.0098,0.0024,1.0239,0.4272,1.0376,-0.9766,1,502,841,719
1211943928,238525,-0.0127,0.0000,1.0215,0.4272,1.1597,-1.0376,1,481,840,719
1211948922,238526,-0.0151,-0.0054,1.0190,0.2441,0.8545,-1.0376,1,505,784,719
1211953926,238527,-0.0112,-0.0068,1.0210,0.1831,0.9766,-0.8545,1,482,827,719
1211958925,238528,-0.0093,-0.0029,1.0254,0.3052,1.2817,-0.8545,1,484,854,719
1211963923,238529,-0.0103,-0.0005,1.0269,0.2441,1.4038,-0.6104,1,466,868,719
1211968923,238530,-0.0122,0.0005,1.0254,0.0610,1.6479,-0.4883,1,466,866,719
1211973929,238531,-0.0127,0.0000,1.0229,0.1221,1.7090,-0.6104,1,466,869,719
1211978930,238532,-0.0112,-0.0024,1.0244,0.1221,1.7700,-0.6104,1,466,829,719
1211983925,238533,-0.0098,-0.0039,1.0259,0.3052,1.7700,-0.3052,1,466,873,719
1211988929,238534,-0.0083,-0.0044,1.0254,0.1221,2.0142,-0.5493,1,466,864,719
1211993926,238535,-0.0073,-0.0088,1.0244,0.1221,2.3193,-0.5493,1,466,870,719
1211998925,238536,-0.0117,-0.0146,1.0200,0.6714,2.3804,-0.5493,1,466,878,719
1212003922,238537,-0.0176,-0.0156,1.0151,1.1597,2.1973,-0.6104,1,466,879,719
1212008929,238538,-0.0220,-0.0156,1.0127,1.5869,1.9531,-0.8545,1,465,879,719
1212013929,238539,-0.0249,-0.0156,1.0122,2.2583,1.5259,-0.9766,1,492,883,719
1212018926,238540,-0.0269,-0.0103,1.0107,2.6855,1.0376,-0.8545,1,466,883,719
1212023922,238541,-0.0259,-0.0073,1.0117,2.9297,0.5493,-1.0986,1,511,876,719
1212028922,238542,-0.0239,-0.0073,1.0142,3.2959,0.2441,-1.1597,1,478,767,719
1212033927,238543,-0.0220,-0.0034,1.0146,3.8452,-0.0610,-1.2817,1,497,850,719
1212038927,238544,-0.0225,0.0029,1.0171,3.6011,-0.3662,-1.5869,1,474,881,719
1212043922,238545,-0.0249,-0.0039,1.0195,3.6621,-0.4272,-2.1362,1,499,833,719
1212048923,238546,-0.0259,-0.0049,1.0200,4.1504,-1.2207,-1.7700,1,489,849,719
1212053931,238547,-0.0215,0.0059,1.0234,3.7842,-1.7700,-1.7700,1,493,840,719
1212058926,238548,-0.0137,0.0044,1.0269,3.2349,-1.7090,-1.9531,1,490,826,719
1212063922,238549,-0.0107,0.0049,1.0308,3.1128,-1.7090,-1.3428,1,508,827,719
1212068922,238550,-0.0142,0.0078,1.0312,2.6855,-1.8921,-1.5259,1,478,851,719
1212073931,238551,-0.0200,0.0068,1.0259,2.2583,-1.9531,-1.5869,1,484,886,719
1212078923,238552,-0.0176,0.0098,1.0239,1.8311,-2.3804,-1.3428,1,466,883,719
1212083928,238553,-0.0103,0.0073,1.0269,1.2817,-1.8311,-1.2207,1,466,873,719
1212088923,238554,-0.0039,0.0063,1.0312,0.8545,-1.6479,-0.6104,1,466,877,719
1212093924,238555,-0.0034,0.0063,1.0312,0.6714,-1.0986,-0.6714,1,466,902,719
1212098929,238556,-0.0088,0.0020,1.0273,0.2441,-1.2817,-0.3662,1,465,902,719
1212103926,238557,-0.0151,0.0000,1.0239,0.2441,-1.0376,-0.2441,1,466,879,719
1212108924,238558,-0.0171,-0.0010,1.0205,0.1221,-1.3428,-0.2441,1,466,842,719
1212113930,238559,-0.0142,-0.0024,1.0205,0.0610,-1.1597,-0.2441,1,466,869,719
1212118952,238560,-0.0117,-0.0024,1.0225,0.2441,-1.0986,-0.3052,1,466,876,719
1212123928,238561,-0.0117,0.0015,1.0239,0.3052,-1.0376,-0.4272,1,466,876,719
1212128932,238562,-0.0156,0.0000,1.0215,0.3052,-0.9155,-0.7324,1,493,869,719
1212133928,238563,-0.0166,-0.0024,1.0205,0.2441,-1.5259,-0.4883,1,466,754,719
1212138926,238564,-0.0151,0.0044,1.0239,0.4883,-1.2817,-0.6104,1,500,879,719
1212143929,238565,-0.0176,0.0078,1.0215,0.4272,-1.4648,-1.1597,1,466,846,719
1212148926,238566,-0.0195,-0.0005,1.0161,0.6104,-1.7700,-1.6479,1,509,849,719
1212153931,238567,-0.0117,-0.0083,1.0200,0.6104,-2.4414,-1.1597,1,478,898,719
1212158922,238568,-0.0005,-0.0034,1.0273,0.9155,-1.5869,-0.7935,1,481,836,719
1212163923,238569,-0.0010,0.0029,1.0278,0.4272,-1.2207,-0.8545,1,486,834,719
1212168928,238570,-0.0078,0.0020,1.0249,0.3052,-1.0986,-0.6714,1,491,840,719
1212173925,238571,-0.0142,0.0000,1.0205,0.5493,-1.3428,-0.5493,1,485,822,719
1212178924,238572,-0.0161,-0.0020,1.0186,0.4883,-1.1597,-0.6714,1,498,791,719
1212183927,238573,-0.0137,-0.0029,1.0210,0.4272,-1.2207,-0.5493,1,483,855,719
1212188930,238574,-0.0083,-0.0005,1.0239,0.3662,-1.1597,-0.4883,1,466,859,719
1212193924,238575,-0.0054,0.0029,1.0259,0.2441,-0.9155,-0.4883,1,466,872,719
1212198927,238576,-0.0063,0.0049,1.0259,0.0610,-0.6104,-0.3662,1,466,872,719
1212203929,238577,-0.0073,0.0059,1.0249,-0.2441,-0.3662,-0.3052,1,466,867,719
1212208929,238578,-0.0078,0.0063,1.0244,-0.4272,-0.0610,-0.2441,1,466,873,719
1212213927,238579,-0.0073,0.0054,1.0254,-0.6104,0.1831,-0.1831,1,466,877,719
1212218928,238580,-0.0068,0.0049,1.0273,-0.8545,0.3662,-0.0610,1,466,873,719
1212223927,238581,-0.0073,0.0039,1.0273,-1.0986,0.5493,-0.0610,1,466,872,719
1212228923,238582,-0.0093,0.0024,1.0259,-1.2207,0.6714,-0.0610,1,466,879,719
1212233934,238583,-0.0103,0.0015,1.0234,-1.2207,0.7935,0.0610,1,466,870,719
1212238923,238584,-0.0093,0.0005,1.0220,-1.4648,0.7935,0.0610,1,466,869,719
1212243943,238585,-0.0098,-0.0010,1.0229,-1.4038,1.1597,0.0000,1,493,865,719
1212248927,238586,-0.0098,-0.0029,1.0239,-1.1597,1.0986,-0.0610,1,466,719,719
1212253923,238587,-0.0098,-0.0049,1.0239,-0.9766,1.0986,-0.1831,1,512,817,719
1212258930,238588,-0.0107,-0.0059,1.0239,-0.7324,1.0986,-0.2441,1,484,767,719
1212263930,238589,-0.0107,-0.0063,1.0244,-0.4272,1.2817,-0.3662,1,498,811,719
1212268926,238590,-0.0098,-0.0049,1.0254,-0.2441,1.3428,-0.3662,1,479,881,719
1212273927,238591,-0.0098,-0.0020,1.0244,0.0000,1.2817,-0.4883,1,486,853,719
1212278923,238592,-0.0107,-0.0005,1.0225,0.0610,1.2207,-0.4883,1,488,751,719
1212283922,238593,-0.0122,-0.0010,1.0225,0.0000,1.1597,-0.3052,1,474,836,719
1212288927,238594,-0.0132,-0.0010,1.0225,0.1221,1.2817,-0.3662,1,496,774,719
1212293926,238595,-0.0146,-0.0005,1.0215,0.1221,1.1597,-0.4272,1,465,823,719
1212298925,238596,-0.0142,0.0010,1.0205,0.3052,1.1597,-0.3662,1,478,822,719
1212303925,238597,-0.0117,0.0029,1.0215,0.3052,1.0986,-0.2441,1,484,848,719
1212308925,238598,-0.0103,0.0034,1.0244,0.1831,1.1597,-0.1221,1,466,874,719
1212313925,238599,-0.0098,0.0039,1.0273,0.1221,1.2817,-0.1831,1,466,875,719
1212318925,238600,-0.0098,0.0029,1.0269,0.0000,1.4038,-0.1831,1,466,873,719
1212323926,238601,-0.0103,0.0005,1.0249,0.0610,1.4038,-0.1221,1,466,826,719
1212328928,238602,-0.0107,0.0000,1.0229,0.0000,1.4038,0.0610,1,466,865,719
1212333930,238603,-0.0107,0.0005,1.0225,-0.0610,1.4038,-0.0610,1,466,788,719
1212338923,238604,-0.0107,0.0024,1.0229,0.0000,1.4038,-0.0610,1,466,865,719
1212343930,238605,-0.0107,0.0044,1.0225,-0.2441,1.5259,0.0000,1,466,830,719
1212348931,238606,-0.0107,0.0039,1.0225,-0.3662,1.6479,0.0610,1,466,827,719
1212353926,238607,-0.0103,0.0020,1.0234,-0.3662,1.7090,0.1221,1,465,876,719
1212358922,238608,-0.0107,0.0010,1.0244,-0.4883,1.7090,0.0000,1,492,870,719
1212363922,238609,-0.0127,0.0015,1.0244,-0.5493,1.9531,-0.0610,1,471,760,719
1212368931,238610,-0.0132,0.0024,1.0244,-0.4883,2.0752,-0.0610,1,487,874,719
1212373926,238611,-0.0122,0.0015,1.0244,-0.6714,2.0752,0.1221,1,492,797,719
1212378922,238612,-0.0117,0.0005,1.0239,-0.7324,2.1973,0.1221,1,493,840,719
1212383924,238613,-0.0132,-0.0005,1.0229,-0.7324,2.2583,0.0610,1,479,869,719
1212388926,238614,-0.0127,-0.0020,1.0244,-0.6714,2.2583,0.0000,1,482,835,719
1212393922,238615,-0.0103,-0.0024,1.0254,-0.7324,2.5024,0.0610,1,481,801,719
1212398926,238616,-0.0103,-0.0029,1.0254,-0.7935,2.6245,0.1831,1,480,844,719
1212403922,238617,-0.0132,-0.0029,1.0234,-0.7935,2.5024,0.0610,1,477,829,719
1212408930,238618,-0.0171,-0.0020,1.0210,-0.6714,2.3193,0.0000,1,495,828,719
1212413924,238619,-0.0181,-0.0005,1.0190,-0.5493,2.1973,0.0000,1,508,779,719
1212418931,238620,-0.0176,-0.0005,1.0186,-0.5493,1.9531,-0.1221,1,483,805,719
1212423927,238621,-0.0176,-0.0005,1.0195,-0.5493,1.7090,-0.1221,1,466,851,719
1212428925,238622,-0.0171,0.0000,1.0210,-0.4272,1.4648,-0.0610,1,466,871,719
1212433927,238623,-0.0171,0.0000,1.0205,-0.4272,1.5259,-0.1221,1,466,834,719
1212438922,238624,-0.0190,-0.0010,1.0190,-0.6104,1.4648,-0.1831,1,466,831,719
1212443926,238625,-0.0225,-0.0020,1.0176,-0.4883,1.1597,-0.1831,1,466,874,719
1212448930,238626,-0.0229,-0.0015,1.0171,-0.3662,0.9155,-0.1221,1,466,873,719
1212453923,238627,-0.0190,-0.0015,1.0186,-0.6714,0.9155,-0.1831,1,466,872,719
1212458928,238628,-0.0127,-0.0010,1.0229,-0.4883,1.0376,-0.0610,1,466,874,719
1212463923,238629,-0.0151,0.0000,1.0229,-0.7324,1.1597,-0.1831,1,466,868,719
1212468928,238630,-0.0166,-0.0010,1.0215,-0.7324,1.0986,0.0000,1,466,840,719
1212473922,238631,-0.0161,-0.0020,1.0210,-0.7935,1.0986,0.0610,1,466,828,719
1212478939,238632,-0.0161,-0.0024,1.0220,-0.6104,1.1597,0.0610,1,493,872,719
1212483930,238633,-0.0161,-0.0039,1.0215,-0.7324,1.1597,-0.0610,1,466,872,719
1212488923,238634,-0.0166,-0.0049,1.0205,-0.6714,1.1597,-0.0610,1,507,876,719
1212493924,238635,-0.0181,-0.0054,1.0190,-0.6714,1.0986,-0.0610,1,477,795,719
1212498927,238636,-0.0190,-0.0059,1.0176,-0.4272,0.9766,0.0000,1,496,804,719
1212503931,238637,-0.0205,-0.0068,1.0176,-0.2441,0.7324,-0.0610,1,476,805,719
1212508927,238638,-0.0220,-0.0073,1.0166,-0.0610,0.6104,-0.2441,1,501,837,719
1212513930,238639,-0.0225,-0.0068,1.0176,0.0610,0.4272,-0.3662,1,487,844,719
1212518930,238640,-0.0205,-0.0044,1.0205,0.3662,0.1831,-0.3052,1,490,844,719
1212523928,238641,-0.0176,-0.0029,1.0229,0.3052,0.3052,-0.3662,1,493,825,719
1212528922,238642,-0.0166,-0.0029,1.0229,0.2441,0.3052,-0.4272,1,500,824,719
1212533925,238643,-0.0181,-0.0029,1.0225,0.3662,0.2441,-0.4883,1,484,857,719
1212538931,238644,-0.0195,-0.0020,1.0225,0.4272,0.1221,-0.3052,1,466,872,719
1212543927,238645,-0.0186,-0.0005,1.0229,0.3052,-0.1221,-0.3662,1,466,869,719
1212548924,238646,-0.0166,0.0005,1.0239,0.2441,0.0000,-0.3052,1,466,867,719
1212553926,238647,-0.0166,-0.0005,1.0244,0.1831,0.0000,-0.2441,1,466,825,719
1212558922,238648,-0.0186,-0.0015,1.0234,0.0610,-0.1831,-0.3052,1,465,832,719
1212563923,238649,-0.0186,-0.0010,1.0229,0.0610,-0.3052,-0.3052,1,466,871,719
1212568922,238650,-0.0166,-0.0005,1.0239,-0.0610,-0.3052,-0.1831,1,466,863,719
1212573926,238651,-0.0151,0.0000,1.0249,-0.0610,-0.3052,-0.1221,1,465,874,719
1212578930,238652,-0.0156,-0.0010,1.0244,-0.1221,-0.3662,-0.0610,1,466,858,719
1212583930,238653,-0.0146,-0.0024,1.0244,-0.0610,-0.4883,-0.1221,1,466,871,719
1212588941,238654,-0.0132,-0.0034,1.0259,-0.1221,-0.1831,-0.1221,1,492,876,719
1212593929,238655,-0.0132,-0.0034,1.0254,-0.1221,0.0000,-0.0610,1,466,871,719
1212598926,238656,-0.0146,-0.0034,1.0225,0.0610,0.0000,0.0000,1,487,709,719
1212603929,238657,-0.0166,-0.0034,1.0205,0.1221,0.0610,-0.1221,1,466,745,719
1212608924,238658,-0.0186,-0.0029,1.0200,0.0610,-0.1831,-0.1221,1,501,840,719
1212613922,238659,-0.0195,-0.0029,1.0210,0.0000,-0.3052,-0.1831,1,487,881,719
1212618925,238660,-0.0190,-0.0024,1.0215,0.1831,-0.2441,-0.1831,1,494,796,719
1212623929,238661,-0.0186,-0.0010,1.0215,0.1831,-0.4883,-0.1831,1,496,870,719
1212628925,238662,-0.0171,-0.0005,1.0225,0.2441,-0.4883,-0.1221,1,491,797,719
1212633923,238663,-0.0156,-0.0010,1.0225,0.2441,-0.4272,-0.1221,1,497,818,719
1212638928,238664,-0.0166,-0.0010,1.0225,0.2441,-0.3662,-0.1221,1,499,824,719
1212643926,238665,-0.0171,-0.0010,1.0234,0.3052,-0.4883,-0.2441,1,482,852,719
1212648930,238666,-0.0166,-0.0015,1.0249,0.2441,-0.6104,-0.1221,1,466,849,719
1212653924,238667,-0.0146,-0.0020,1.0254,0.1831,-0.6104,-0.1831,1,466,874,719
1212658927,238668,-0.0127,-0.0024,1.0244,0.3052,-0.5493,-0.1221,1,466,877,719
1212663928,238669,-0.0127,-0.0020,1.0225,0.3052,-0.4272,-0.0610,1,466,874,719
1212668922,238670,-0.0142,-0.0010,1.0215,0.3052,-0.3662,-0.1831,1,466,868,719
1212673928,238671,-0.0161,-0.0010,1.0215,0.2441,-0.4883,-0.1221,1,465,870,719
1212678929,238672,-0.0161,0.0000,1.0220,0.2441,-0.5493,-0.1221,1,466,871,719
1212683924,238673,-0.0161,0.0015,1.0234,0.1221,-0.5493,-0.0610,1,466,838,719
1212688925,238674,-0.0151,0.0005,1.0229,0.1221,-0.4883,0.0000,1,466,873,719
1212693924,238675,-0.0146,-0.0015,1.0225,0.1221,-0.4883,-0.0610,1,466,823,719
1212698928,238676,-0.0142,-0.0020,1.0225,0.0610,-0.5493,-0.0610,1,466,867,719
1212703934,238677,-0.0137,-0.0020,1.0229,0.0610,-0.5493,-0.1221,1,466,870,719
1212708930,238678,-0.0146,-0.0015,1.0239,0.0610,-0.4272,-0.1221,1,465,871,719
1212713930,238679,-0.0142,-0.0010,1.0234,0.1221,-0.6104,-0.1221,1,496,873,719
1212718928,238680,-0.0132,-0.0010,1.0225,0.1831,-0.6714,-0.3052,1,464,833,719
1212723922,238681,-0.0137,-0.0010,1.0220,0.2441,-0.6714,-0.1221,1,504,808,719
1212728924,238682,-0.0146,-0.0024,1.0220,0.2441,-0.6714,-0.1221,1,473,828,719
1212733928,238683,-0.0156,-0.0039,1.0220,0.3662,-0.6104,-0.2441,1,491,837,719
1212738929,238684,-0.0171,-0.0029,1.0220,0.4272,-0.7324,-0.1831,1,491,872,719
1212743930,238685,-0.0171,-0.0010,1.0210,0.4272,-0.7935,-0.3662,1,474,846,719
1212748930,238686,-0.0151,0.0010,1.0205,0.3662,-0.8545,-0.3662,1,479,820,719
1212753925,238687,-0.0122,0.0015,1.0215,0.3052,-0.8545,-0.1831,1,493,826,719
1212758923,238688,-0.0112,0.0010,1.0229,0.3662,-0.7324,-0.2441,1,484,851,719
1212763927,238689,-0.0107,0.0005,1.0239,0.2441,-0.5493,-0.2441,1,466,859,719
1212768923,238690,-0.0107,0.0005,1.0239,0.1831,-0.4883,-0.3052,1,466,880,719
1212773930,238691,-0.0103,0.0005,1.0244,0.3052,-0.3052,-0.2441,1,465,870,719
1212778930,238692,-0.0112,-0.0005,1.0234,0.1831,0.0000,-0.1221,1,466,864,719
1212783925,238693,-0.0122,-0.0020,1.0234,0.1221,-0.0610,-0.2441,1,466,827,719
1212788926,238694,-0.0117,-0.0029,1.0234,0.2441,0.0000,-0.2441,1,466,874,719
1212793930,238695,-0.0117,-0.0029,1.0225,0.1221,0.2441,-0.2441,1,466,834,719
1212798922,238696,-0.0127,-0.0015,1.0210,0.1221,0.1831,-0.1831,1,466,874,719
1212803930,238697,-0.0132,-0.0005,1.0210,0.1831,0.1831,-0.1831,1,466,870,719
1212808948,238698,-0.0127,-0.0010,1.0215,0.1831,0.4272,-0.3052,1,465,873,719
1212813924,238699,-0.0137,-0.0005,1.0205,0.1221,0.5493,-0.2441,1,466,867,719
1212818922,238700,-0.0151,-0.0010,1.0210,0.2441,0.4272,-0.2441,1,494,869,719
1212823926,238701,-0.0151,-0.0020,1.0215,0.1831,0.3662,-0.2441,1,489,874,719
1212828927,238702,-0.0146,-0.0010,1.0210,0.0000,0.4272,-0.1831,1,463,765,719
1212833927,238703,-0.0146,0.0005,1.0205,-0.1221,0.3052,-0.1221,1,483,826,719
1212838922,238704,-0.0142,-0.0015,1.0210,-0.1831,0.2441,-0.1831,1,493,861,719
1212843922,238705,-0.0132,-0.0034,1.0215,-0.0610,0.3052,-0.1221,1,482,836,719
1212848926,238706,-0.0127,-0.0024,1.0215,0.0000,0.3052,-0.1221,1,488,835,719
1212853931,238707,-0.0142,-0.0020,1.0210,0.0000,0.3662,-0.2441,1,492,775,719
1212858930,238708,-0.0166,-0.0029,1.0200,0.0610,0.2441,-0.3662,1,493,781,719
1212863929,238709,-0.0166,-0.0020,1.0215,0.0610,0.1831,-0.3662,1,486,830,719
1212868925,238710,-0.0137,-0.0015,1.0229,0.0610,0.0610,-0.3052,1,498,828,719
1212873926,238711,-0.0112,-0.0010,1.0234,0.1221,-0.0610,-0.3052,1,483,847,719
1212878927,238712,-0.0117,-0.0005,1.0239,0.0610,0.1831,-0.2441,1,466,867,719
1212883927,238713,-0.0127,-0.0005,1.0229,0.0610,0.2441,-0.2441,1,466,873,719
1212888926,238714,-0.0127,-0.0020,1.0210,0.0610,0.2441,-0.1831,1,466,873,719
1212893928,238715,-0.0127,-0.0029,1.0215,-0.0610,0.3052,-0.3662,1,466,872,719
1212898926,238716,-0.0132,-0.0020,1.0234,-0.0610,0.3662,-0.2441,1,466,870,719
1212903930,238717,-0.0142,-0.0015,1.0244,0.0000,0.3662,-0.3052,1,466,877,719
1212908929,238718,-0.0146,-0.0010,1.0234,0.1221,0.2441,-0.2441,1,466,826,719
1212913925,238719,-0.0146,0.0000,1.0205,0.1221,0.2441,-0.3052,1,466,876,719
1212918924,238720,-0.0151,-0.0010,1.0186,0.1831,0.1831,-0.3052,1,465,832,719
1212923929,238721,-0.0151,-0.0024,1.0195,0.1221,0.1831,-0.4272,1,466,871,719
1212928932,238722,-0.0151,-0.0029,1.0215,0.1831,0.2441,-0.3662,1,492,879,719
1212933927,238723,-0.0146,-0.0029,1.0225,0.3052,0.1221,-0.3662,1,493,882,719
1212938924,238724,-0.0127,-0.0015,1.0234,0.2441,0.1221,-0.3662,1,483,870,719
1212943927,238725,-0.0122,-0.0005,1.0239,0.0610,0.1831,-0.3052,1,466,814,719
1212948929,238726,-0.0146,-0.0005,1.0229,0.0610,0.0610,-0.3662,1,493,801,719
1212953931,238727,-0.0156,-0.0015,1.0220,0.1221,0.1221,-0.2441,1,472,884,719
1212958927,238728,-0.0146,-0.0020,1.0220,0.1831,0.0000,-0.2441,1,499,829,719
1212963930,238729,-0.0132,-0.0024,1.0215,0.2441,0.0000,-0.2441,1,503,793,719
1212968930,238730,-0.0132,-0.0020,1.0205,0.1221,0.1221,-0.3052,1,503,802,719
1212973923,238731,-0.0142,-0.0015,1.0200,0.1831,0.0000,-0.3052,1,508,816,719
1212978924,238732,-0.0151,-0.0015,1.0205,0.1221,0.0610,-0.3052,1,497,775,719
1212983925,238733,-0.0142,-0.0020,1.0215,0.1221,-0.0610,-0.4272,1,484,845,719
1212988929,238734,-0.0132,-0.0020,1.0220,0.3052,0.0000,-0.3052,1,466,850,719
1212993928,238735,-0.0127,-0.0020,1.0220,0.3662,-0.0610,-0.3052,1,466,818,719
1212998924,238736,-0.0132,-0.0010,1.0229,0.1831,-0.1221,-0.2441,1,466,869,719
1213003922,238737,-0.0142,-0.0005,1.0229,0.1831,-0.0610,-0.2441,1,466,874,719
1213008924,238738,-0.0146,-0.0015,1.0229,0.1221,-0.0610,-0.4272,1,465,874,719
1213013928,238739,-0.0156,-0.0010,1.0205,0.2441,-0.0610,-0.3662,1,466,873,719
1213018928,238740,-0.0156,0.0000,1.0190,0.2441,-0.1831,-0.3662,1,466,874,719
1213023925,238741,-0.0151,0.0000,1.0200,0.1221,-0.2441,-0.3662,1,466,842,719
1213028925,238742,-0.0142,0.0005,1.0210,0.1221,-0.2441,-0.1831,1,466,836,719
1213033938,238743,-0.0142,0.0015,1.0220,0.0610,-0.3052,-0.1831,1,466,868,719
1213038923,238744,-0.0127,0.0010,1.0229,0.0000,-0.4272,-0.2441,1,466,867,719
1213043924,238745,-0.0122,0.0015,1.0234,0.0000,-0.3662,-0.3052,1,493,827,719
1213048926,238746,-0.0132,0.0020,1.0234,0.0000,-0.4272,-0.1221,1,483,741,719
1213053928,238747,-0.0122,0.0010,1.0234,-0.1831,-0.3662,-0.2441,1,493,797,719
1213058929,238748,-0.0107,0.0000,1.0229,-0.2441,-0.3052,-0.2441,1,493,765,719
1213063930,238749,-0.0107,-0.0005,1.0220,-0.1831,-0.1221,-0.2441,1,475,797,719
1213068930,238750,-0.0122,-0.0010,1.0220,-0.1221,-0.2441,-0.2441,1,494,831,719
1213073930,238751,-0.0132,-0.0020,1.0234,-0.1831,-0.3052,-0.2441,1,498,855,719
1213078925,238752,-0.0142,-0.0020,1.0244,-0.1221,-0.3662,-0.3052,1,480,845,719
1213083924,238753,-0.0137,-0.0005,1.0234,-0.1221,-0.3662,-0.3052,1,488,823,719
1213088929,238754,-0.0117,-0.0005,1.0229,-0.0610,-0.3662,-0.3662,1,503,820,719
1213093928,238755,-0.0103,-0.0005,1.0225,-0.1221,-0.4272,-0.3052,1,466,854,719
1213098924,238756,-0.0112,-0.0005,1.0215,-0.1221,-0.4883,-0.1831,1,484,842,719
1213103928,238757,-0.0127,-0.0010,1.0215,-0.1831,-0.4883,-0.1831,1,466,868,719
1213108926,238758,-0.0132,-0.0010,1.0215,-0.0610,-0.4883,-0.3052,1,466,871,719
1213113929,238759,-0.0132,-0.0015,1.0229,-0.1221,-0.6714,-0.3052,1,466,864,719
1213118922,238760,-0.0132,-0.0010,1.0229,-0.0610,-0.7935,-0.1831,1,466,867,719
1213123930,238761,-0.0127,-0.0010,1.0225,-0.0610,-0.6104,-0.3052,1,466,871,719
1213128928,238762,-0.0122,-0.0015,1.0225,0.0610,-0.6714,-0.2441,1,466,862,719
1213133928,238763,-0.0122,-0.0015,1.0225,0.0000,-0.7324,-0.2441,1,466,873,719
1213138923,238764,-0.0117,-0.0015,1.0215,0.0000,-0.7324,-0.2441,1,466,831,719
1213143925,238765,-0.0107,-0.0005,1.0215,0.1831,-0.7324,-0.1831,1,466,830,719
1213148945,238766,-0.0093,-0.0005,1.0220,0.1221,-0.5493,-0.4272,1,465,875,719
1213153929,238767,-0.0093,-0.0015,1.0229,0.0610,-0.6104,-0.4272,1,466,865,719
1213158923,238768,-0.0107,-0.0020,1.0234,0.2441,-0.6104,-0.3052,1,493,866,719
1213163927,238769,-0.0112,-0.0020,1.0229,0.2441,-0.7324,-0.3052,1,487,869,719
1213168927,238770,-0.0122,0.0005,1.0215,0.2441,-0.6714,-0.3052,1,493,875,719
1213173923,238771,-0.0127,0.0020,1.0200,0.1831,-0.6104,-0.3052,1,483,837,719
1213178927,238772,-0.0132,0.0010,1.0190,0.0610,-0.7935,-0.1831,1,479,876,719
1213183930,238773,-0.0132,0.0000,1.0195,0.0000,-1.0986,-0.2441,1,480,828,719
1213188927,238774,-0.0117,-0.0005,1.0210,0.0610,-1.1597,-0.2441,1,481,762,719
1213193922,238775,-0.0103,-0.0005,1.0229,0.0000,-1.2817,-0.1831,1,493,864,719
1213198928,238776,-0.0088,0.0000,1.0244,-0.1221,-1.1597,-0.1831,1,496,780,719
1213203927,238777,-0.0078,-0.0010,1.0244,-0.1221,-1.0376,-0.1221,1,492,785,719
1213208924,238778,-0.0078,-0.0020,1.0229,-0.1831,-0.9766,-0.0610,1,505,817,719
1213213927,238779,-0.0107,-0.0015,1.0225,-0.1221,-0.9155,-0.1221,1,484,853,719
1213218923,238780,-0.0132,-0.0005,1.0215,-0.1221,-1.2817,-0.1831,1,465,869,719
1213223929,238781,-0.0146,-0.0010,1.0220,-0.1831,-1.4038,-0.2441,1,466,871,719
1213228925,238782,-0.0137,-0.0024,1.0220,-0.2441,-1.3428,-0.1831,1,466,879,719
1213233924,238783,-0.0122,-0.0020,1.0210,-0.1221,-1.5259,-0.1831,1,466,880,719
1213238923,238784,-0.0107,-0.0010,1.0205,-0.1221,-1.4648,-0.1221,1,466,873,719
1213243930,238785,-0.0103,0.0010,1.0200,-0.1831,-1.5869,-0.1831,1,466,868,719
1213248927,238786,-0.0107,0.0015,1.0200,-0.1831,-1.7700,-0.2441,1,465,874,719
1213253928,238787,-0.0117,0.0000,1.0210,-0.1831,-1.8921,-0.1831,1,465,874,719
1213258954,238788,-0.0098,-0.0010,1.0229,-0.2441,-2.0142,-0.1831,1,466,834,719
1213263926,238789,-0.0083,-0.0010,1.0244,-0.1831,-2.1973,-0.1221,1,466,872,719
1213268925,238790,-0.0068,-0.0015,1.0244,-0.3052,-1.8311,-0.1221,1,492,872,719
1213273924,238791,-0.0068,-0.0010,1.0234,-0.2441,-1.8311,-0.0610,1,483,864,719
1213278922,238792,-0.0073,-0.0015,1.0225,-0.3052,-1.7700,-0.1831,1,493,754,719
1213283928,238793,-0.0073,-0.0029,1.0215,-0.3662,-1.5869,-0.2441,1,484,810,719
1213288929,238794,-0.0088,-0.0024,1.0210,-0.1831,-1.6479,-0.1831,1,487,879,719
1213293926,238795,-0.0093,-0.0020,1.0220,-0.2441,-1.7700,-0.2441,1,491,838,719
1213298923,238796,-0.0073,-0.0020,1.0234,-0.1831,-1.6479,-0.1831,1,493,841,719
1213303928,238797,-0.0063,-0.0015,1.0229,-0.2441,-1.3428,-0.1221,1,480,805,719
1213308925,238798,-0.0068,-0.0010,1.0220,-0.3052,-1.3428,-0.0610,1,503,842,719
1213313928,238799,-0.0073,-0.0015,1.0220,-0.3052,-1.5259,-0.1831,1,491,817,719
1213318926,238800,-0.0059,-0.0020,1.0225,-0.3662,-1.2817,-0.1221,1,478,822,719
1213323923,238801,-0.0054,-0.0020,1.0239,-0.4272,-1.2817,-0.1221,1,483,849,719
1213328924,238802,-0.0054,-0.0015,1.0244,-0.4272,-1.2207,-0.1831,1,466,872,719
1213333926,238803,-0.0039,-0.0010,1.0249,-0.4272,-1.0986,-0.1831,1,465,875,719
1213338925,238804,-0.0029,-0.0015,1.0254,-0.4883,-0.8545,-0.2441,1,466,875,719
1213343930,238805,-0.0029,-0.0020,1.0244,-0.3662,-0.7324,-0.1221,1,466,870,719
1213348924,238806,-0.0039,-0.0020,1.0239,-0.3052,-0.6104,-0.1221,1,466,874,719
1213353922,238807,-0.0044,-0.0010,1.0244,-0.2441,-0.5493,-0.1831,1,466,866,719
1213358924,238808,-0.0039,0.0000,1.0239,-0.2441,-0.4272,-0.1831,1,466,876,719
1213363928,238809,-0.0049,0.0000,1.0229,-0.3662,-0.4272,-0.1831,1,466,839,719
1213368938,238810,-0.0049,-0.0015,1.0229,-0.3662,-0.3662,-0.2441,1,466,837,719
1213373923,238811,-0.0054,-0.0029,1.0234,-0.4883,-0.3662,-0.3052,1,466,876,719
1213378923,238812,-0.0073,-0.0024,1.0229,-0.3662,-0.2441,-0.2441,1,493,870,719
1213383924,238813,-0.0073,-0.0015,1.0229,-0.1831,-0.3662,-0.1831,1,483,883,719
1213388927,238814,-0.0054,-0.0020,1.0239,-0.2441,-0.4272,-0.1831,1,493,792,719
1213393922,238815,-0.0039,-0.0029,1.0249,-0.1831,-0.2441,-0.1831,1,490,762,719
1213398928,238816,-0.0034,-0.0024,1.0249,0.0000,-0.1221,-0.2441,1,472,893,719
1213403925,238817,-0.0049,-0.0024,1.0244,0.0610,0.0000,-0.2441,1,494,798,719
1213408929,238818,-0.0063,-0.0034,1.0234,0.1221,0.0610,-0.3052,1,481,796,719
1213413923,238819,-0.0059,-0.0044,1.0220,0.1221,0.0000,-0.3662,1,505,836,719
1213418923,238820,-0.0049,-0.0034,1.0215,0.2441,0.1221,-0.4272,1,493,771,719
1213423927,238821,-0.0068,-0.0034,1.0205,0.3662,0.1221,-0.3662,1,492,824,719
1213428930,238822,-0.0078,-0.0039,1.0220,0.3662,0.0000,-0.4883,1,479,827,719
1213433927,238823,-0.0063,-0.0034,1.0239,0.3662,0.0610,-0.6104,1,483,808,719
1213438926,238824,-0.0063,-0.0034,1.0234,0.3662,0.0000,-0.6104,1,465,873,719
1213443925,238825,-0.0063,-0.0029,1.0225,0.4272,0.0610,-0.4272,1,466,828,719
1213448924,238826,-0.0059,-0.0029,1.0229,0.4272,0.1221,-0.4272,1,466,873,719
1213453924,238827,-0.0044,-0.0024,1.0234,0.3662,0.1221,-0.3662,1,466,870,719
1213458925,238828,-0.0039,-0.0020,1.0244,0.3052,0.1831,-0.3662,1,466,873,719
1213463930,238829,-0.0054,-0.0020,1.0239,0.3052,0.1831,-0.3662,1,466,872,719
1213468926,238830,-0.0063,-0.0020,1.0234,0.3052,0.2441,-0.3662,1,466,873,719
1213473928,238831,-0.0059,-0.0020,1.0244,0.1831,0.3052,-0.3052,1,466,875,719
1213478928,238832,-0.0059,-0.0024,1.0259,0.2441,0.2441,-0.3052,1,466,864,719
1213483955,238833,-0.0044,-0.0024,1.0264,0.1831,0.3052,-0.3052,1,466,870,719
1213488923,238834,-0.0039,-0.0015,1.0259,0.1221,0.4272,-0.3662,1,465,866,719
1213493930,238835,-0.0034,-0.0005,1.0254,0.0610,0.4883,-0.3662,1,466,869,719
1213498924,238836,-0.0029,-0.0005,1.0249,0.1831,0.4883,-0.3052,1,485,864,719
1213503928,238837,-0.0029,-0.0005,1.0249,0.1831,0.4272,-0.1831,1,493,778,719
1213508926,238838,-0.0039,-0.0015,1.0249,0.1221,0.6714,-0.2441,1,483,805,719
1213513931,238839,-0.0054,-0.0039,1.0249,0.1221,0.7935,-0.3662,1,492,868,719
1213518927,238840,-0.0059,-0.0049,1.0239,0.1831,0.7324,-0.3662,1,491,831,719
1213523922,238841,-0.0049,-0.0034,1.0234,0.3052,0.7935,-0.3052,1,477,842,719
1213528922,238842,-0.0029,-0.0015,1.0244,0.2441,0.7935,-0.4272,1,492,862,719
1213533925,238843,-0.0034,-0.0010,1.0249,0.2441,0.9766,-0.3662,1,489,826,719
1213538931,238844,-0.0044,-0.0024,1.0234,0.3662,1.1597,-0.3052,1,488,824,719
1213543927,238845,-0.0044,-0.0024,1.0229,0.3662,1.0986,-0.3052,1,499,824,719
1213548928,238846,-0.0034,0.0000,1.0244,0.2441,1.3428,-0.2441,1,484,854,719
1213553930,238847,-0.0029,0.0000,1.0249,0.3052,1.4648,-0.3052,1,466,838,719
1213558925,238848,-0.0024,-0.0024,1.0249,0.1831,1.4648,-0.3052,1,466,828,719
1213563930,238849,-0.0010,-0.0015,1.0259,0.1221,1.5869,-0.2441,1,466,878,719
1213568922,238850,0.0000,-0.0005,1.0269,0.0000,1.7700,-0.3052,1,466,866,719
1213573925,238851,-0.0010,-0.0015,1.0273,0.0610,1.9531,-0.1831,1,465,775,719
1213578925,238852,-0.0024,-0.0020,1.0264,0.1221,2.0752,-0.1831,1,466,869,719
1213583930,238853,-0.0034,-0.0015,1.0249,0.0610,2.0752,-0.1831,1,466,870,719
1213588930,238854,-0.0039,0.0000,1.0254,0.1221,2.3193,-0.1831,1,465,873,719
1213593937,238855,-0.0029,-0.0005,1.0278,0.0000,2.7466,-0.2441,1,466,834,719
1213598956,238856,-0.0024,-0.0015,1.0288,0.0610,2.9297,-0.1221,1,466,824,719
1213603925,238857,-0.0039,-0.0024,1.0283,0.1221,3.0518,-0.1221,1,466,868,719
1213608930,238858,-0.0049,-0.0034,1.0264,0.1221,3.2349,0.0000,1,493,868,719
1213613930,238859,-0.0059,-0.0034,1.0229,0.1221,3.6011,0.0000,1,493,708,719
1213618924,238860,-0.0083,-0.0024,1.0200,0.2441,3.7231,0.0000,1,473,819,719
1213623928,238861,-0.0103,-0.0024,1.0195,0.1831,3.5400,-0.1221,1,491,860,719
1213628927,238862,-0.0088,-0.0044,1.0215,0.3052,3.2959,-0.1831,1,492,899,719
1213633928,238863,-0.0063,-0.0049,1.0225,0.4272,3.6011,-0.1831,1,491,828,719
1213638927,238864,-0.0088,-0.0015,1.0210,0.5493,3.7231,-0.2441,1,477,840,719
1213643928,238865,-0.0112,0.0005,1.0210,0.4883,3.6621,-0.2441,1,486,827,719
1213648929,238866,-0.0098,0.0020,1.0225,0.3662,3.4180,-0.1221,1,487,826,719
1213653925,238867,-0.0078,0.0039,1.0225,0.1831,3.6011,-0.1831,1,496,820,719
1213658923,238868,-0.0083,0.0054,1.0239,0.0000,3.5400,-0.5493,1,484,854,719
1213663925,238869,-0.0068,-0.0073,1.0278,-0.6104,3.6011,-0.4272,1,466,829,719
1213668924,238870,-0.0083,-0.0127,1.0264,0.6714,4.2114,0.0000,1,466,872,719
1213673930,238871,-0.0107,-0.0010,1.0229,0.2441,3.6621,0.1221,1,466,832,719
1213678927,238872,-0.0098,0.0039,1.0210,-0.3052,4.2114,-0.1221,1,466,874,719
1213683923,238873,-0.0127,0.0063,1.0190,0.1221,3.7842,0.0610,1,466,867,719
1213688929,238874,-0.0146,-0.0020,1.0210,-0.3662,3.5400,-0.1831,1,466,871,719
1213693922,238875,-0.0151,-0.0103,1.0225,0.1221,3.8452,-0.0610,1,466,879,719
1213698925,238876,-0.0146,-0.0039,1.0205,0.1221,3.4180,0.0000,1,466,876,719
1213703927,238877,-0.0146,0.0015,1.0186,-0.3052,3.4180,-0.1221,1,466,829,719
1213708925,238878,-0.0186,0.0029,1.0181,-0.0610,2.9907,-0.0610,1,466,868,719
1213713931,238879,-0.0200,0.0010,1.0190,-0.4272,2.8687,-0.1831,1,493,869,719
1213718923,238880,-0.0200,0.0020,1.0176,-0.3662,2.6245,-0.1831,1,483,872,719
1213723930,238881,-0.0200,0.0010,1.0176,-0.4883,2.1362,-0.3052,1,493,793,719
1213728930,238882,-0.0210,-0.0083,1.0195,-0.4883,2.0752,-0.3052,1,484,761,719
1213733922,238883,-0.0229,-0.0073,1.0181,0.2441,1.6479,-0.1221,1,484,871,719
1213738922,238884,-0.0215,-0.0010,1.0186,-0.2441,1.4038,-0.2441,1,477,838,719
1213743927,238885,-0.0181,0.0005,1.0210,-0.3662,1.4038,-0.1831,1,486,864,719
1213748923,238886,-0.0161,0.0005,1.0220,-0.1831,1.3428,-0.1221,1,484,838,719
1213753925,238887,-0.0166,-0.0005,1.0210,-0.3052,1.3428,-0.1831,1,491,822,719
1213758929,238888,-0.0176,-0.0029,1.0200,-0.1831,1.1597,-0.1831,1,492,821,719
1213763930,238889,-0.0181,-0.0039,1.0186,-0.3052,1.0986,-0.1831,1,506,830,719
1213768926,238890,-0.0186,-0.0034,1.0195,-0.2441,0.9766,-0.3052,1,483,852,719
1213773925,238891,-0.0181,-0.0029,1.0215,-0.0610,0.7935,-0.2441,1,466,873,719
1213778922,238892,-0.0161,-0.0010,1.0234,-0.1831,0.7935,-0.1831,1,466,871,719
1213783929,238893,-0.0151,0.0000,1.0244,-0.2441,0.8545,-0.2441,1,465,880,719
1213788931,238894,-0.0151,-0.0010,1.0249,-0.1831,0.7935,-0.3052,1,466,841,719
1213793930,238895,-0.0151,-0.0020,1.0239,-0.2441,0.7324,-0.3052,1,466,873,719
1213798924,238896,-0.0156,-0.0020,1.0220,-0.1221,0.6104,-0.4272,1,466,878,719
1213803923,238897,-0.0166,-0.0020,1.0210,0.0610,0.6714,-0.3052,1,466,870,719
1213808929,238898,-0.0161,-0.0024,1.0220,0.0000,0.6714,-0.2441,1,466,867,719
1213813929,238899,-0.0142,-0.0024,1.0225,-0.0610,0.7935,-0.3052,1,466,833,719
1213818948,238900,-0.0127,-0.0024,1.0234,-0.1221,0.7324,-0.3052,1,466,871,719
1213823929,238901,-0.0132,-0.0020,1.0239,-0.2441,0.7935,-0.1221,1,466,872,719
1213828929,238902,-0.0142,-0.0010,1.0244,-0.1221,0.7324,-0.2441,1,493,872,719
1213833929,238903,-0.0137,-0.0015,1.0244,-0.1831,0.7935,-0.3052,1,510,873,719
1213838929,238904,-0.0127,-0.0015,1.0239,-0.1831,0.9766,-0.3662,1,493,786,719
1213843930,238905,-0.0127,-0.0005,1.0239,-0.1831,1.0376,-0.3052,1,483,809,719
1213848925,238906,-0.0137,0.0005,1.0244,-0.1831,1.0376,-0.2441,1,474,895,719
1213853925,238907,-0.0142,0.0005,1.0254,-0.1831,0.9766,-0.2441,1,482,834,719
1213858926,238908,-0.0142,0.0015,1.0264,-0.2441,1.2817,-0.3052,1,488,861,719
1213863929,238909,-0.0166,0.0078,1.0273,-0.3662,1.2207,-0.4272,1,492,869,719
1213868924,238910,-0.0156,-0.0044,1.0293,-1.0376,1.3428,-0.4272,1,490,836,719
1213873924,238911,-0.0151,-0.0171,1.0249,0.1221,1.8311,-0.1831,1,493,828,719
1213878925,238912,-0.0186,-0.0083,1.0176,0.1221,1.4038,-0.1221,1,511,829,719
1213883930,238913,-0.0195,-0.0024,1.0176,-0.6714,1.5869,-0.4272,1,466,852,719
1213888927,238914,-0.0205,-0.0015,1.0186,-0.1831,1.2207,-0.1831,1,466,880,719
1213893930,238915,-0.0181,-0.0020,1.0195,-0.3662,1.2207,-0.1831,1,466,876,719
1213898925,238916,-0.0161,-0.0024,1.0210,-0.3662,1.4648,-0.1831,1,466,878,719
1213903925,238917,-0.0161,-0.0020,1.0210,-0.2441,1.1597,-0.1831,1,466,883,719
1213908925,238918,-0.0176,-0.0015,1.0210,-0.3662,1.2817,-0.2441,1,466,879,719
1213913928,238919,-0.0195,-0.0029,1.0220,-0.3052,1.3428,-0.1831,1,466,876,719
1213918922,238920,-0.0215,-0.0044,1.0215,-0.1831,1.3428,-0.3052,1,466,905,719
1213923923,238921,-0.0215,-0.0049,1.0205,-0.1831,1.0376,-0.3052,1,466,872,719
1213928928,238922,-0.0200,-0.0039,1.0205,-0.1221,0.8545,-0.3052,1,466,870,719
1213933953,238923,-0.0181,-0.0034,1.0205,-0.0610,1.0376,-0.3662,1,465,868,719
1213938948,238924,-0.0166,-0.0024,1.0215,0.0610,1.0986,-0.3662,1,466,871,719
1213943925,238925,-0.0161,-0.0024,1.0229,0.0000,0.9155,-0.3052,1,492,878,719
1213948929,238926,-0.0161,-0.0024,1.0239,0.0610,0.7935,-0.4272,1,488,717,719
1213953926,238927,-0.0176,-0.0024,1.0244,0.0610,0.7935,-0.4272,1,502,793,719
1213958930,238928,-0.0190,-0.0020,1.0239,0.1221,0.6714,-0.4272,1,477,826,719
1213963930,238929,-0.0181,-0.0015,1.0229,0.0610,0.6104,-0.3662,1,501,871,719
1213968926,238930,-0.0181,-0.0015,1.0225,-0.0610,0.6104,-0.4272,1,496,828,719
1213973928,238931,-0.0195,-0.0024,1.0234,-0.1221,0.6104,-0.4272,1,507,856,719
1213978923,238932,-0.0190,-0.0034,1.0239,-0.1831,0.7935,-0.4272,1,486,844,719
1213983931,238933,-0.0171,-0.0024,1.0239,-0.2441,0.7324,-0.3662,1,491,833,719
1213988924,238934,-0.0166,-0.0020,1.0244,-0.2441,0.6714,-0.4883,1,495,834,719
1213993926,238935,-0.0161,-0.0015,1.0244,-0.3052,0.7324,-0.4272,1,483,830,719
1213998926,238936,-0.0166,0.0000,1.0234,-0.1831,0.8545,-0.3662,1,466,855,719
1214003929,238937,-0.0176,-0.0010,1.0225,-0.2441,0.7324,-0.3662,1,466,839,719
1214008929,238938,-0.0200,0.0000,1.0229,-0.1221,0.7324,-0.3662,1,466,874,719
1214013925,238939,-0.0190,-0.0039,1.0239,-0.3662,0.5493,-0.4272,1,466,835,719
1214018925,238940,-0.0166,-0.0088,1.0244,-0.1221,0.7935,-0.4883,1,465,883,719
1214023927,238941,-0.0166,-0.0049,1.0239,0.0000,0.5493,-0.4272,1,466,873,719
1214028930,238942,-0.0181,-0.0024,1.0220,-0.1831,0.5493,-0.3662,1,466,834,719
1214033927,238943,-0.0210,-0.0029,1.0200,-0.0610,0.4883,-0.3662,1,465,879,719
1214038926,238944,-0.0220,-0.0024,1.0205,-0.0610,0.5493,-0.4883,1,466,870,719
1214043929,238945,-0.0205,-0.0020,1.0225,-0.1831,0.6104,-0.5493,1,466,876,719
1214048930,238946,-0.0181,-0.0020,1.0229,-0.0610,0.7324,-0.3662,1,466,874,719
1214053928,238947,-0.0181,-0.0015,1.0225,0.0610,0.7324,-0.3052,1,466,874,719
1214058922,238948,-0.0200,-0.0020,1.0225,-0.2441,0.5493,-0.3662,1,493,865,719
1214063925,238949,-0.0210,-0.0024,1.0234,-0.1831,0.4883,-0.3662,1,493,875,719
1214068925,238950,-0.0195,-0.0024,1.0229,0.0000,0.5493,-0.3662,1,510,868,719
1214073928,238951,-0.0181,-0.0020,1.0225,-0.1221,0.5493,-0.3662,1,487,863,719
1214078931,238952,-0.0176,-0.0029,1.0220,-0.1831,0.5493,-0.3052,1,489,831,719
1214083930,238953,-0.0161,-0.0024,1.0220,-0.1831,0.5493,-0.3052,1,492,835,719
1214088929,238954,-0.0156,-0.0015,1.0229,-0.0610,0.4272,-0.2441,1,497,868,719
1214093922,238955,-0.0161,-0.0024,1.0229,-0.0610,0.4883,-0.3052,1,505,874,719
1214098922,238956,-0.0171,0.0015,1.0210,-0.0610,0.6714,-0.4272,1,484,826,719
1214103929,238957,-0.0181,-0.0010,1.0200,-0.3052,0.4883,-0.4883,1,491,819,719
1214108924,238958,-0.0200,-0.0083,1.0220,-0.0610,0.7935,-0.3052,1,510,814,719
1214113926,238959,-0.0215,-0.0063,1.0215,0.1831,0.3662,-0.3662,1,466,867,719
1214118922,238960,-0.0190,-0.0044,1.0210,-0.3052,0.5493,-0.4272,1,466,878,719
1214123929,238961,-0.0176,-0.0039,1.0220,-0.0610,0.6714,-0.3052,1,466,872,719
1214128925,238962,-0.0171,-0.0020,1.0229,0.0610,0.6104,-0.3662,1,466,868,719
1214133930,238963,-0.0166,-0.0020,1.0229,0.0000,0.7324,-0.4272,1,466,869,719
1214138928,238964,-0.0190,-0.0010,1.0225,-0.0610,0.6714,-0.3662,1,466,834,719
1214143924,238965,-0.0195,-0.0054,1.0225,-0.2441,0.4883,-0.5493,1,466,870,719
1214148927,238966,-0.0190,-0.0093,1.0215,0.0610,0.7324,-0.5493,1,466,877,719
1214153929,238967,-0.0190,-0.0044,1.0210,0.1221,0.3662,-0.2441,1,466,876,719
1214158946,238968,-0.0176,-0.0015,1.0234,-0.1221,0.4883,-0.4272,1,466,873,719
1214163926,238969,-0.0161,0.0000,1.0254,0.0000,0.6714,-0.4272,1,466,871,719
1214168926,238970,-0.0156,0.0010,1.0259,0.0610,0.6714,-0.3052,1,465,778,719
1214173925,238971,-0.0176,0.0000,1.0239,-0.0610,0.7324,-0.3052,1,510,864,719
1214178929,238972,-0.0190,-0.0039,1.0229,-0.1831,0.7935,-0.3052,1,493,746,719
1214183925,238973,-0.0186,-0.0044,1.0229,-0.1831,0.7324,-0.2441,1,511,761,719
1214188928,238974,-0.0176,-0.0029,1.0229,-0.1221,0.6714,-0.1831,1,487,890,719
1214193927,238975,-0.0171,-0.0029,1.0234,-0.1831,0.8545,-0.2441,1,489,834,719
1214198922,238976,-0.0176,-0.0044,1.0234,-0.1831,0.8545,-0.2441,1,495,837,719
1214203928,238977,-0.0186,-0.0049,1.0234,-0.3052,0.8545,-0.3052,1,494,866,719
1214208922,238978,-0.0200,-0.0034,1.0234,-0.1831,0.9155,-0.3052,1,494,819,719
1214213927,238979,-0.0200,-0.0029,1.0229,-0.0610,0.8545,-0.2441,1,479,829,719
1214218927,238980,-0.0195,-0.0029,1.0225,-0.0610,0.6714,-0.2441,1,494,827,719
1214223925,238981,-0.0195,-0.0029,1.0225,-0.0610,0.7324,-0.3052,1,484,854,719
1214228925,238982,-0.0190,-0.0039,1.0225,-0.0610,0.8545,-0.3662,1,466,871,719
1214233928,238983,-0.0190,-0.0044,1.0225,-0.0610,0.8545,-0.2441,1,466,874,719
1214238926,238984,-0.0200,-0.0029,1.0215,-0.1221,0.7935,-0.3662,1,466,872,719
1214243923,238985,-0.0210,0.0044,1.0171,-0.0610,0.6104,-0.4272,1,465,872,719
1214248927,238986,-0.0195,0.0015,1.0181,-0.3662,0.3052,-0.7324,1,466,865,719
1214253924,238987,-0.0186,-0.0137,1.0239,-0.3662,0.7935,-0.4272,1,466,869,719
1214258930,238988,-0.0210,-0.0127,1.0244,0.4883,0.6714,-0.1831,1,466,882,719
1214263928,238989,-0.0205,-0.0039,1.0244,-0.1831,0.6104,-0.3662,1,466,875,719
1214268930,238990,-0.0195,-0.0029,1.0239,-0.2441,0.9155,-0.4272,1,466,880,719
1214273934,238991,-0.0205,-0.0029,1.0225,0.3052,0.6104,-0.3052,1,466,882,719
1214278941,238992,-0.0210,-0.0020,1.0205,0.0000,0.6104,-0.3662,1,466,863,719
1214283927,238993,-0.0205,-0.0024,1.0200,0.0000,0.4883,-0.3052,1,493,821,719
1214288922,238994,-0.0195,-0.0034,1.0200,0.0000,0.4272,-0.2441,1,483,738,719
1214293922,238995,-0.0200,-0.0039,1.0215,0.0000,0.4272,-0.2441,1,508,721,719
1214298922,238996,-0.0200,-0.0044,1.0225,0.0610,0.4883,-0.1831,1,481,791,719
1214303927,238997,-0.0195,-0.0039,1.0220,0.0000,0.4272,-0.2441,1,481,830,719
1214308922,238998,-0.0190,-0.0034,1.0220,0.1221,0.4883,-0.3052,1,502,802,719
1214313928,238999,-0.0181,-0.0024,1.0229,0.0000,0.4272,-0.2441,1,491,857,719
1214318924,239000,-0.0186,-0.0020,1.0225,0.0000,0.3662,-0.3052,1,490,785,719
1214323922,239001,-0.0210,-0.0034,1.0205,0.1221,0.2441,-0.2441,1,496,776,719
1214328930,239002,-0.0210,-0.0044,1.0190,0.0610,0.1221,-0.2441,1,509,827,719
1214333928,239003,-0.0200,-0.0029,1.0195,0.0000,0.1831,-0.3052,1,510,821,719
1214338925,239004,-0.0205,-0.0020,1.0205,0.0000,0.3052,-0.3662,1,466,824,719
1214343923,239005,-0.0210,-0.0020,1.0210,0.0610,0.1221,-0.3662,1,466,825,719
1214348922,239006,-0.0205,-0.0024,1.0200,0.1221,0.0000,-0.3052,1,466,866,719
1214353928,239007,-0.0200,-0.0029,1.0205,0.0610,0.0000,-0.3052,1,465,824,719
1214358930,239008,-0.0200,-0.0024,1.0215,0.0000,0.0610,-0.2441,1,466,820,719
1214363927,239009,-0.0205,-0.0015,1.0225,-0.1831,0.1221,-0.2441,1,466,829,719
1214368929,239010,-0.0215,-0.0020,1.0234,-0.1221,-0.0610,-0.2441,1,466,873,719
1214373929,239011,-0.0220,-0.0034,1.0244,-0.1831,-0.1221,-0.2441,1,466,874,719
1214378926,239012,-0.0205,-0.0039,1.0239,-0.1831,0.0000,-0.1831,1,466,879,719
1214383924,239013,-0.0186,-0.0029,1.0244,-0.1221,0.0610,-0.1831,1,466,835,719
1214388925,239014,-0.0171,-0.0024,1.0259,-0.0610,0.0000,-0.2441,1,466,873,719
1214393927,239015,-0.0171,-0.0034,1.0254,-0.0610,0.1221,-0.1831,1,466,827,719
1214398923,239016,-0.0186,-0.0049,1.0239,-0.1221,0.1221,-0.1221,1,493,869,719
1214403926,239017,-0.0195,-0.0049,1.0234,-0.1831,0.2441,-0.3052,1,471,855,719
1214408925,239018,-0.0195,-0.0054,1.0234,0.0000,0.1831,-0.1831,1,505,866,719
1214413930,239019,-0.0190,-0.0049,1.0225,0.0000,0.1221,-0.2441,1,483,859,719
1214418928,239020,-0.0186,-0.0044,1.0220,0.1831,0.0610,-0.2441,1,498,786,719
1214423923,239021,-0.0186,-0.0039,1.0220,0.1221,0.0610,-0.1221,1,486,834,719
1214428925,239022,-0.0181,-0.0024,1.0225,0.0000,0.1221,-0.1831,1,500,827,719
1214433922,239023,-0.0190,-0.0020,1.0225,0.0610,0.1221,-0.1831,1,493,778,719
1214438924,239024,-0.0190,-0.0024,1.0220,-0.1221,0.2441,-0.3662,1,479,822,719
1214443925,239025,-0.0190,-0.0034,1.0225,-0.0610,0.1221,-0.2441,1,492,830,719
1214448922,239026,-0.0186,-0.0044,1.0234,-0.0610,0.1221,-0.3052,1,511,825,719
1214453923,239027,-0.0181,-0.0044,1.0225,0.0000,0.1831,-0.2441,1,466,865,719
1214458928,239028,-0.0186,-0.0029,1.0220,-0.0610,0.2441,-0.1831,1,466,827,719
1214463922,239029,-0.0190,-0.0024,1.0225,-0.2441,0.1831,-0.3052,1,466,877,719
1214468925,239030,-0.0181,-0.0029,1.0225,-0.1831,0.2441,-0.2441,1,466,877,719
1214473923,239031,-0.0190,-0.0024,1.0205,-0.0610,0.3662,-0.2441,1,466,879,719
1214478922,239032,-0.0210,-0.0015,1.0200,-0.0610,0.2441,-0.2441,1,466,879,719
1214483922,239033,-0.0205,-0.0029,1.0205,-0.0610,0.2441,-0.2441,1,466,871,719
1214488925,239034,-0.0186,-0.0049,1.0229,-0.1221,0.1221,-0.2441,1,466,878,719
1214493923,239035,-0.0171,-0.0059,1.0239,-0.1831,0.1221,-0.1831,1,466,872,719
1214498927,239036,-0.0181,-0.0049,1.0234,0.0000,0.1831,-0.1831,1,466,872,719
1214503938,239037,-0.0195,-0.0039,1.0225,-0.0610,0.2441,-0.1831,1,465,829,719
1214508926,239038,-0.0190,-0.0039,1.0220,-0.3052,0.3052,-0.1831,1,466,878,719
1214513926,239039,-0.0186,-0.0034,1.0220,-0.1221,0.3052,-0.1831,1,493,869,719
1214518925,239040,-0.0181,-0.0039,1.0220,-0.0610,0.2441,-0.2441,1,478,859,719
1214523927,239041,-0.0186,-0.0049,1.0220,-0.1221,0.4272,-0.2441,1,506,787,719
1214528928,239042,-0.0195,-0.0044,1.0229,-0.1221,0.5493,-0.3052,1,491,795,719
1214533923,239043,-0.0210,-0.0024,1.0229,-0.1221,0.4272,-0.3052,1,508,871,719
1214538922,239044,-0.0225,-0.0024,1.0220,-0.1221,0.3662,-0.4883,1,478,840,719
1214543923,239045,-0.0225,-0.0039,1.0215,0.0000,0.2441,-0.3662,1,486,868,719
1214548928,239046,-0.0205,-0.0049,1.0215,0.1221,0.2441,-0.2441,1,487,784,719
1214553923,239047,-0.0186,-0.0049,1.0229,-0.0610,0.2441,-0.3052,1,488,826,719
1214558928,239048,-0.0181,-0.0034,1.0244,0.1221,0.0610,-0.3662,1,493,824,719
1214563925,239049,-0.0186,-0.0015,1.0244,-0.0610,0.0000,-0.3052,1,483,825,719
1214568927,239050,-0.0200,-0.0010,1.0249,-0.3662,0.0610,-0.2441,1,465,821,719
1214573926,239051,-0.0195,-0.0020,1.0249,-0.3662,0.1221,-0.1831,1,466,872,719
1214578930,239052,-0.0186,-0.0029,1.0249,-0.1831,0.1221,-0.0610,1,466,878,719
1214583928,239053,-0.0181,-0.0034,1.0254,-0.3052,0.2441,-0.2441,1,466,874,719
1214588929,239054,-0.0186,-0.0044,1.0254,-0.4272,0.1831,-0.1831,1,466,875,719
1214593923,239055,-0.0190,-0.0054,1.0244,-0.3662,0.1221,-0.1831,1,466,878,719
1214598925,239056,-0.0190,-0.0044,1.0225,-0.4272,0.1221,-0.1831,1,466,876,719
1214603925,239057,-0.0181,-0.0034,1.0215,-0.2441,0.1831,-0.1221,1,466,874,719
1214608925,239058,-0.0171,-0.0039,1.0220,-0.2441,0.3052,-0.1221,1,466,875,719
1214613926,239059,-0.0171,-0.0044,1.0229,-0.4272,0.3052,-0.2441,1,466,870,719
1214618926,239060,-0.0186,-0.0044,1.0234,-0.1831,0.3052,-0.2441,1,466,873,719
1214623928,239061,-0.0205,-0.0044,1.0239,-0.0610,0.2441,-0.1831,1,466,875,719
1214628924,239062,-0.0205,-0.0049,1.0234,-0.1221,0.1831,-0.3052,1,492,877,719
1214633929,239063,-0.0200,-0.0049,1.0225,-0.0610,0.2441,-0.2441,1,493,859,719
1214638929,239064,-0.0190,-0.0044,1.0225,-0.0610,0.2441,-0.1831,1,507,862,719
1214643930,239065,-0.0186,-0.0039,1.0229,-0.0610,0.1221,-0.1831,1,476,854,719
1214648925,239066,-0.0195,-0.0034,1.0225,-0.1221,0.0610,-0.2441,1,503,885,719
1214653922,239067,-0.0215,-0.0029,1.0220,-0.1221,0.1221,-0.3052,1,491,835,719
1214658925,239068,-0.0215,-0.0024,1.0210,-0.0610,0.2441,-0.3052,1,496,834,719
1214663926,239069,-0.0205,-0.0029,1.0215,-0.1221,0.1831,-0.3662,1,481,822,719
1214668923,239070,-0.0190,-0.0039,1.0234,-0.0610,0.1831,-0.3052,1,494,828,719
1214673926,239071,-0.0186,-0.0044,1.0254,-0.0610,0.3052,-0.2441,1,495,827,719
1214678929,239072,-0.0190,-0.0049,1.0254,-0.1221,0.3052,-0.3052,1,511,823,719
1214683928,239073,-0.0190,-0.0044,1.0234,-0.0610,0.3052,-0.1831,1,466,863,719
1214688925,239074,-0.0181,-0.0044,1.0234,0.0000,0.3662,-0.3052,1,465,873,719
1214693927,239075,-0.0176,-0.0039,1.0244,0.0610,0.4883,-0.2441,1,466,827,719
1214698922,239076,-0.0186,-0.0039,1.0239,0.0000,0.5493,-0.1831,1,466,875,719
1214703931,239077,-0.0195,-0.0044,1.0220,-0.1221,0.4883,-0.1831,1,466,833,719
1214708929,239078,-0.0200,-0.0044,1.0215,-0.0610,0.3662,-0.2441,1,466,872,719
1214713925,239079,-0.0195,-0.0044,1.0210,0.0000,0.4883,-0.2441,1,466,874,719
1214718925,239080,-0.0190,-0.0054,1.0215,-0.1221,0.5493,-0.1221,1,466,828,719
1214723930,239081,-0.0186,-0.0063,1.0220,0.0000,0.5493,-0.1831,1,466,870,719
1214728923,239082,-0.0200,-0.0049,1.0215,0.0610,0.5493,-0.2441,1,466,831,719
1214733923,239083,-0.0205,-0.0044,1.0225,0.0000,0.5493,-0.2441,1,466,873,719
1214738926,239084,-0.0200,-0.0034,1.0234,0.0000,0.6104,-0.1831,1,466,830,719
1214743924,239085,-0.0190,-0.0034,1.0225,0.0000,0.5493,-0.2441,1,466,743,719
1214748930,239086,-0.0200,-0.0039,1.0215,0.0610,0.4883,-0.2441,1,507,719,719
1214753926,239087,-0.0215,-0.0054,1.0229,0.0000,0.4272,-0.1831,1,482,824,719
1214758922,239088,-0.0205,-0.0059,1.0244,0.0000,0.4272,-0.1221,1,506,790,719
1214763928,239089,-0.0186,-0.0044,1.0249,0.0000,0.5493,-0.1221,1,473,822,719
1214768929,239090,-0.0176,-0.0034,1.0229,0.0000,0.6714,-0.1831,1,510,824,719
1214773923,239091,-0.0195,-0.0039,1.0220,0.0000,0.4883,-0.2441,1,491,785,719
1214778930,239092,-0.0220,-0.0044,1.0229,0.0000,0.5493,-0.1831,1,479,784,719
1214783929,239093,-0.0220,-0.0039,1.0239,0.0610,0.5493,-0.1831,1,499,786,719
1214788922,239094,-0.0200,-0.0029,1.0234,0.0610,0.5493,-0.3052,1,511,831,719
1214793927,239095,-0.0195,-0.0020,1.0239,0.0000,0.3052,-0.1831,1,466,870,719
1214798925,239096,-0.0190,-0.0015,1.0249,-0.0610,0.3662,-0.2441,1,466,827,719
1214803929,239097,-0.0176,-0.0024,1.0254,-0.0610,0.4883,-0.2441,1,466,876,719
1214808928,239098,-0.0186,-0.0039,1.0244,-0.0610,0.4272,-0.1221,1,466,875,719
1214813927,239099,-0.0200,-0.0049,1.0234,-0.0610,0.4272,-0.0610,1,466,873,719
1214818925,239100,-0.0190,-0.0044,1.0225,-0.0610,0.4272,-0.1831,1,465,872,719
1214823929,239101,-0.0190,-0.0039,1.0225,-0.0610,0.4272,-0.1831,1,466,875,719
1214828931,239102,-0.0195,-0.0029,1.0229,-0.1221,0.4272,-0.2441,1,466,876,719
1214833926,239103,-0.0200,-0.0024,1.0234,-0.1221,0.2441,-0.2441,1,466,878,719
1214838929,239104,-0.0210,-0.0039,1.0239,-0.1221,0.3662,-0.1831,1,466,878,719
1214843923,239105,-0.0205,-0.0068,1.0225,0.0000,0.3052,-0.2441,1,466,877,719
1214848926,239106,-0.0195,-0.0063,1.0205,0.0610,0.3052,-0.2441,1,466,827,719
1214853926,239107,-0.0205,-0.0044,1.0200,-0.0610,0.5493,-0.1831,1,511,873,719
1214858928,239108,-0.0205,-0.0029,1.0225,-0.0610,0.5493,-0.1831,1,493,862,719
1214863923,239109,-0.0200,-0.0029,1.0249,-0.1831,0.4883,-0.1831,1,511,864,719
1214868922,239110,-0.0195,-0.0024,1.0244,-0.0610,0.6104,-0.1831,1,486,875,719
1214873922,239111,-0.0200,-0.0034,1.0234,0.0000,0.4272,-0.1831,1,510,837,719
1214878924,239112,-0.0200,-0.0044,1.0225,0.0000,0.4272,-0.2441,1,474,802,719
1214883926,239113,-0.0195,-0.0049,1.0220,0.0000,0.5493,-0.2441,1,497,781,719
1214888928,239114,-0.0190,-0.0063,1.0220,0.0000,0.4272,-0.2441,1,501,784,719
1214893925,239115,-0.0200,-0.0068,1.0234,-0.0610,0.4272,-0.1221,1,506,785,719
1214898930,239116,-0.0210,-0.0068,1.0234,0.0000,0.4883,-0.2441,1,508,825,719
1214903925,239117,-0.0200,-0.0063,1.0229,0.0610,0.4883,-0.3052,1,510,784,719
1214908924,239118,-0.0181,-0.0068,1.0234,-0.1221,0.4272,-0.3052,1,466,868,719
1214913926,239119,-0.0171,-0.0063,1.0249,-0.0610,0.4272,-0.1831,1,466,871,719
1214918928,239120,-0.0171,-0.0049,1.0249,0.0610,0.6714,-0.1221,1,466,876,719
1214923930,239121,-0.0186,-0.0039,1.0229,-0.0610,0.6714,-0.2441,1,466,867,719
1214928923,239122,-0.0205,-0.0044,1.0220,-0.1221,0.5493,-0.2441,1,466,877,719
1214933927,239123,-0.0205,-0.0049,1.0220,-0.1831,0.6714,-0.1831,1,466,875,719
1214938922,239124,-0.0195,-0.0044,1.0225,-0.1221,0.6104,-0.1831,1,466,876,719
1214943927,239125,-0.0200,-0.0039,1.0234,-0.1221,0.6104,-0.1831,1,466,870,719
1214948922,239126,-0.0200,-0.0034,1.0239,-0.1831,0.7324,-0.3052,1,466,874,719
1214953933,239127,-0.0190,-0.0029,1.0234,-0.1221,0.5493,-0.1221,1,466,877,719
1214958933,239128,-0.0186,-0.0039,1.0229,-0.0610,0.6104,-0.2441,1,465,873,719
1214963923,239129,-0.0186,-0.0049,1.0215,-0.0610,0.6104,-0.1831,1,492,873,719
1214968926,239130,-0.0190,-0.0054,1.0215,-0.0610,0.6714,-0.1831,1,510,868,719
1214973926,239131,-0.0195,-0.0054,1.0220,-0.0610,0.7324,-0.1221,1,483,860,719
1214978923,239132,-0.0195,-0.0049,1.0220,-0.1831,0.6714,-0.1831,1,511,781,719
1214983922,239133,-0.0200,-0.0044,1.0225,-0.0610,0.6104,-0.2441,1,491,856,719
1214988925,239134,-0.0205,-0.0049,1.0229,0.0000,0.5493,-0.2441,1,498,829,719
1214993924,239135,-0.0205,-0.0059,1.0234,0.0000,0.6714,-0.2441,1,498,793,719
1214998930,239136,-0.0210,-0.0063,1.0239,0.0000,0.5493,-0.2441,1,483,781,719
1215003927,239137,-0.0225,-0.0049,1.0229,-0.0610,0.5493,-0.3052,1,499,786,719
1215008930,239138,-0.0225,-0.0034,1.0210,-0.0610,0.6104,-0.2441,1,504,824,719
1215013926,239139,-0.0220,-0.0034,1.0205,-0.1221,0.7324,-0.2441,1,495,823,719
1215018928,239140,-0.0215,-0.0039,1.0215,-0.0610,0.7324,-0.1831,1,511,829,719
1215023930,239141,-0.0200,-0.0049,1.0234,-0.0610,0.5493,-0.1221,1,466,875,719
1215028927,239142,-0.0195,-0.0059,1.0244,-0.0610,0.6104,-0.2441,1,465,872,719
1215033930,239143,-0.0195,-0.0054,1.0239,-0.1221,0.6714,-0.1831,1,466,872,719
1215038924,239144,-0.0200,-0.0044,1.0239,-0.0610,0.7324,-0.2441,1,466,875,719
1215043925,239145,-0.0200,-0.0034,1.0225,-0.1221,0.7324,-0.2441,1,466,876,719
1215048925,239146,-0.0205,-0.0044,1.0215,-0.1221,0.6714,-0.2441,1,465,875,719
1215053923,239147,-0.0215,-0.0054,1.0225,-0.0610,0.7935,-0.1831,1,466,873,719
1215058929,239148,-0.0210,-0.0049,1.0234,-0.1831,0.7324,-0.1831,1,466,871,719
1215063927,239149,-0.0200,-0.0044,1.0244,-0.1831,0.7324,-0.2441,1,466,879,719
1215068923,239150,-0.0205,-0.0039,1.0254,-0.1831,0.6714,-0.1831,1,466,880,719
1215073974,239151,-0.0220,-0.0049,1.0244,-0.2441,0.7935,-0.3052,1,466,877,719
1215078923,239152,-0.0220,-0.0059,1.0225,-0.1831,0.8545,-0.3052,1,465,874,719
1215083930,239153,-0.0220,-0.0039,1.0220,-0.0610,0.8545,-0.3052,1,467,857,719
1215088928,239154,-0.0225,-0.0029,1.0225,-0.1221,0.9155,-0.3052,1,503,792,719
1215093923,239155,-0.0220,-0.0044,1.0234,-0.1221,0.8545,-0.1831,1,477,818,719
1215098926,239156,-0.0205,-0.0063,1.0234,-0.0610,1.0376,-0.1831,1,489,833,719
1215103928,239157,-0.0205,-0.0054,1.0220,-0.0610,0.9766,-0.1831,1,491,837,719
1215108923,239158,-0.0205,-0.0039,1.0225,-0.1831,0.9766,-0.2441,1,492,833,719
1215113925,239159,-0.0205,-0.0049,1.0234,-0.1221,0.9766,-0.1221,1,500,872,719
1215118930,239160,-0.0195,-0.0039,1.0229,-0.0610,1.0376,-0.1221,1,488,820,719
1215123930,239161,-0.0186,-0.0039,1.0234,-0.1221,1.1597,-0.2441,1,496,826,719
1215128930,239162,-0.0215,-0.0068,1.0229,-0.2441,1.2817,-0.2441,1,484,829,719
1215133930,239163,-0.0244,-0.0078,1.0215,-0.0610,1.0986,-0.2441,1,465,883,719
1215138929,239164,-0.0249,-0.0068,1.0215,-0.1831,0.7935,-0.2441,1,466,878,719
1215143922,239165,-0.0229,-0.0029,1.0210,-0.1831,0.7324,-0.1831,1,465,880,719
1215148923,239166,-0.0205,0.0063,1.0200,0.0000,0.5493,-0.4883,1,466,880,719
1215153924,239167,-0.0181,-0.0005,1.0249,-0.7935,0.3662,-0.5493,1,466,830,719
1215158931,239168,-0.0195,-0.0200,1.0283,-0.3662,1.1597,-0.3662,1,465,872,719
1215163929,239169,-0.0234,-0.0181,1.0229,0.2441,0.9766,-0.1221,1,466,883,719
1215168924,239170,-0.0229,-0.0063,1.0200,-0.3662,0.9766,-0.2441,1,466,873,719
1215173927,239171,-0.0220,-0.0044,1.0210,-0.2441,0.9155,-0.2441,1,466,878,719
1215178948,239172,-0.0229,-0.0044,1.0215,0.0000,0.7935,-0.2441,1,465,877,719
1215183923,239173,-0.0239,-0.0039,1.0210,-0.1221,1.0376,-0.1831,1,466,829,719
1215188930,239174,-0.0244,-0.0049,1.0205,-0.0610,0.8545,-0.1831,1,509,873,719
1215193927,239175,-0.0244,-0.0034,1.0195,0.0610,0.7324,-0.1221,1,480,862,719
1215198928,239176,-0.0239,-0.0044,1.0210,0.0000,0.7324,-0.4272,1,511,817,719
1215203922,239177,-0.0244,-0.0068,1.0229,0.0610,0.9766,-0.1831,1,477,790,719
1215208929,239178,-0.0264,-0.0049,1.0225,0.1831,0.7324,-0.1831,1,509,904,719
1215213925,239179,-0.0254,-0.0039,1.0215,-0.1221,0.5493,-0.3052,1,506,837,719
1215218926,239180,-0.0239,-0.0054,1.0220,0.0000,0.4883,-0.2441,1,474,839,719
1215223922,239181,-0.0234,-0.0054,1.0225,0.0610,0.4272,-0.2441,1,481,781,719
1215228925,239182,-0.0234,-0.0059,1.0234,0.0000,0.6104,-0.2441,1,487,826,719
1215233927,239183,-0.0234,-0.0054,1.0239,0.0000,0.4883,-0.2441,1,510,778,719
1215238926,239184,-0.0234,-0.0044,1.0234,-0.0610,0.4272,-0.4272,1,466,782,719
1215243926,239185,-0.0239,-0.0044,1.0229,-0.0610,0.3662,-0.2441,1,466,874,719
1215248930,239186,-0.0234,-0.0063,1.0239,0.1831,0.3662,-0.1831,1,466,879,719
1215253930,239187,-0.0225,-0.0073,1.0234,0.1221,0.3662,-0.2441,1,465,882,719
1215258930,239188,-0.0220,-0.0078,1.0234,0.0610,0.3662,-0.1831,1,465,879,719
1215263924,239189,-0.0225,-0.0078,1.0234,0.0610,0.3662,-0.3052,1,466,879,719
1215268930,239190,-0.0229,-0.0073,1.0220,0.1831,0.4272,-0.1831,1,466,872,719
1215273928,239191,-0.0234,-0.0059,1.0210,0.1221,0.3662,-0.1831,1,466,882,719
1215278925,239192,-0.0234,-0.0044,1.0220,0.0000,0.4883,-0.2441,1,466,868,719
1215283927,239193,-0.0229,-0.0039,1.0229,0.0610,0.4883,-0.2441,1,466,827,719
1215288939,239194,-0.0220,-0.0044,1.0234,0.0000,0.3662,-0.1831,1,466,878,719
1215293928,239195,-0.0229,-0.0049,1.0229,-0.1221,0.2441,-0.1831,1,466,832,719
1215298930,239196,-0.0225,-0.0049,1.0225,-0.0610,0.3662,-0.1831,1,493,876,719
1215303929,239197,-0.0220,-0.0054,1.0220,0.0610,0.5493,-0.2441,1,466,862,719
1215308922,239198,-0.0229,-0.0054,1.0220,-0.0610,0.4272,-0.3052,1,512,862,719
1215313925,239199,-0.0239,-0.0049,1.0215,-0.0610,0.2441,-0.3662,1,488,869,719
1215318926,239200,-0.0244,-0.0054,1.0215,-0.0610,0.2441,-0.3052,1,509,837,719
1215323925,239201,-0.0239,-0.0059,1.0225,0.0000,0.3052,-0.2441,1,495,839,719
1215328929,239202,-0.0234,-0.0063,1.0225,0.0610,0.3052,-0.2441,1,484,778,719
1215333931,239203,-0.0229,-0.0073,1.0225,0.0610,0.3052,-0.3052,1,490,824,719
1215338925,239204,-0.0234,-0.0073,1.0229,-0.0610,0.2441,-0.3052,1,496,820,719
1215343922,239205,-0.0234,-0.0063,1.0229,-0.0610,0.2441,-0.3052,1,510,828,719
1215348928,239206,-0.0229,-0.0054,1.0225,0.1221,0.3052,-0.2441,1,466,872,719
1215353926,239207,-0.0234,-0.0059,1.0220,0.0000,0.3052,-0.2441,1,466,868,719
1215358930,239208,-0.0229,-0.0054,1.0225,0.0000,0.3052,-0.3052,1,466,822,719
1215363923,239209,-0.0225,-0.0054,1.0225,0.0610,0.3662,-0.3052,1,466,821,719
1215368925,239210,-0.0234,-0.0059,1.0229,0.0610,0.4272,-0.2441,1,465,868,719
1215373928,239211,-0.0244,-0.0068,1.0229,0.0610,0.4272,-0.2441,1,466,874,719
1215378923,239212,-0.0244,-0.0073,1.0239,0.1831,0.4883,-0.1831,1,466,879,719
1215383922,239213,-0.0244,-0.0073,1.0249,0.0610,0.5493,-0.3662,1,466,882,719
1215388923,239214,-0.0249,-0.0054,1.0244,-0.0610,0.4272,-0.3052,1,466,881,719
1215393930,239215,-0.0244,-0.0049,1.0229,0.0000,0.4883,-0.2441,1,466,873,719
1215398949,239216,-0.0239,-0.0054,1.0225,0.1221,0.4883,-0.2441,1,466,830,719
1215403924,239217,-0.0234,-0.0063,1.0234,0.1221,0.4272,-0.1831,1,466,870,719
1215408923,239218,-0.0234,-0.0063,1.0249,0.1221,0.5493,-0.2441,1,509,876,719
1215413924,239219,-0.0234,-0.0059,1.0249,0.0000,0.4883,-0.1831,1,480,819,719
1215418922,239220,-0.0239,-0.0054,1.0234,-0.1221,0.4272,-0.1831,1,512,750,719
1215423927,239221,-0.0244,-0.0054,1.0225,0.0610,0.4883,-0.3052,1,487,884,719
1215428922,239222,-0.0244,-0.0059,1.0229,0.2441,0.4272,-0.2441,1,487,828,719
1215433930,239223,-0.0229,-0.0054,1.0220,0.1221,0.5493,-0.3052,1,496,841,719
1215438929,239224,-0.0220,-0.0039,1.0215,0.0000,0.5493,-0.3052,1,499,830,719
1215443927,239225,-0.0220,-0.0039,1.0215,0.1221,0.4883,-0.2441,1,499,779,719
1215448930,239226,-0.0225,-0.0054,1.0220,0.1221,0.4883,-0.3052,1,501,825,719
1215453924,239227,-0.0239,-0.0068,1.0225,0.1221,0.6104,-0.3662,1,497,817,719
1215458923,239228,-0.0259,-0.0068,1.0225,0.0610,0.6104,-0.3052,1,511,826,719
1215463922,239229,-0.0264,-0.0059,1.0225,0.0610,0.6104,-0.2441,1,466,868,719
1215468928,239230,-0.0254,-0.0044,1.0210,0.0610,0.6104,-0.2441,1,466,865,719
1215473922,239231,-0.0239,-0.0054,1.0195,0.1831,0.6714,-0.1831,1,466,869,719
1215478924,239232,-0.0239,-0.0068,1.0200,0.3052,0.5493,-0.2441,1,466,879,719
1215483925,239233,-0.0239,-0.0054,1.0210,0.2441,0.5493,-0.4272,1,466,876,719
1215488925,239234,-0.0220,-0.0034,1.0225,0.2441,0.6104,-0.3052,1,466,877,719
1215493930,239235,-0.0225,-0.0029,1.0234,0.1221,0.7324,-0.3662,1,466,871,719
1215498924,239236,-0.0249,-0.0029,1.0229,0.1831,0.5493,-0.4272,1,466,875,719
1215503922,239237,-0.0229,-0.0137,1.0225,0.5493,0.9155,-0.3052,1,466,883,719
1215508931,239238,-0.0234,-0.0059,1.0195,0.3662,0.4883,-0.1831,1,465,878,719
1215513968,239239,-0.0249,0.0054,1.0190,0.0000,0.4272,-0.5493,1,466,875,719
1215518926,239240,-0.0200,-0.0029,1.0264,-0.3662,0.0610,-0.7324,1,466,831,719
1215523928,239241,-0.0195,-0.0176,1.0283,0.1831,1.0986,-0.4272,1,510,874,719
1215528927,239242,-0.0254,-0.0122,1.0225,0.9766,0.4883,-0.2441,1,493,873,719
1215533928,239243,-0.0259,-0.0059,1.0229,0.1221,0.5493,-0.4272,1,484,773,719
1215538922,239244,-0.0259,-0.0059,1.0244,0.3662,0.7324,-0.3662,1,499,881,719
1215543922,239245,-0.0254,-0.0049,1.0244,0.4272,0.4883,-0.1221,1,509,838,719
1215548927,239246,-0.0254,-0.0034,1.0234,0.1831,0.5493,-0.2441,1,491,832,719
1215553930,239247,-0.0244,-0.0039,1.0225,0.4272,0.3662,-0.3052,1,491,852,719
1215558927,239248,-0.0234,-0.0039,1.0220,0.1831,0.4272,-0.3052,1,474,827,719
1215563922,239249,-0.0239,-0.0044,1.0225,0.1831,0.4883,-0.2441,1,495,826,719
1215568930,239250,-0.0249,-0.0049,1.0239,0.1831,0.4883,-0.1831,1,510,829,719
1215573923,239251,-0.0254,-0.0054,1.0239,0.3052,0.3662,-0.3662,1,466,878,719
1215578930,239252,-0.0244,-0.0044,1.0234,0.1831,0.1831,-0.4272,1,466,873,719
1215583923,239253,-0.0234,-0.0039,1.0225,0.0610,0.3662,-0.2441,1,466,883,719
1215588923,239254,-0.0229,-0.0034,1.0215,0.0610,0.3052,-0.4272,1,466,875,719
1215593929,239255,-0.0239,-0.0034,1.0215,0.1831,0.2441,-0.3052,1,466,873,719
1215598930,239256,-0.0259,-0.0034,1.0205,-0.0610,0.1831,-0.2441,1,465,876,719
1215603923,239257,-0.0269,-0.0044,1.0200,0.0000,0.3052,-0.2441,1,466,877,719
1215608930,239258,-0.0273,-0.0039,1.0181,0.1831,0.2441,-0.3052,1,466,823,719
1215613929,239259,-0.0278,-0.0044,1.0166,-0.1221,0.1831,-0.3662,1,466,874,719
1215618933,239260,-0.0278,-0.0068,1.0166,-0.1831,-0.0610,-0.3052,1,466,878,719
1215623928,239261,-0.0278,-0.0063,1.0166,0.1831,-0.2441,-0.3052,1,466,877,719
1215628925,239262,-0.0278,-0.0039,1.0176,0.0000,-0.4883,-0.3052,1,466,879,719
1215633926,239263,-0.0269,-0.0049,1.0200,-0.1831,-0.5493,-0.3662,1,474,714,719
1215638930,239264,-0.0249,-0.0054,1.0229,-0.0610,-0.7324,-0.2441,1,511,865,719
1215643928,239265,-0.0234,-0.0039,1.0239,-0.0610,-0.6714,-0.2441,1,467,876,719
1215648923,239266,-0.0239,-0.0034,1.0229,-0.0610,-0.5493,-0.1831,1,494,905,719
1215653928,239267,-0.0239,-0.0044,1.0225,-0.1221,-0.4883,-0.2441,1,501,843,719
1215658928,239268,-0.0239,-0.0044,1.0225,-0.1831,-0.4883,-0.2441,1,501,834,719
1215663924,239269,-0.0239,-0.0049,1.0229,-0.1831,-0.5493,-0.3052,1,484,830,719
1215668929,239270,-0.0244,-0.0063,1.0220,-0.0610,-0.4883,-0.2441,1,504,830,719
1215673927,239271,-0.0249,-0.0073,1.0210,0.0000,-0.6714,-0.3052,1,500,830,719
1215678930,239272,-0.0234,-0.0063,1.0215,0.0000,-0.8545,-0.3052,1,510,780,719
1215683930,239273,-0.0220,-0.0049,1.0229,0.0610,-0.6714,-0.3052,1,466,823,719
1215688928,239274,-0.0225,-0.0059,1.0239,-0.0610,-0.6104,-0.3662,1,466,868,719
1215693925,239275,-0.0239,-0.0054,1.0244,-0.0610,-0.6714,-0.3662,1,465,870,719
1215698930,239276,-0.0249,-0.0039,1.0244,0.0610,-0.7324,-0.3662,1,466,876,719
1215703928,239277,-0.0234,-0.0034,1.0249,-0.0610,-0.4883,-0.3662,1,466,880,719
1215708930,239278,-0.0210,-0.0049,1.0264,-0.1831,-0.3662,-0.3052,1,466,877,719
1215713929,239279,-0.0210,-0.0054,1.0273,-0.1831,-0.4272,-0.3052,1,466,872,719
1215718929,239280,-0.0220,-0.0054,1.0264,-0.1221,-0.3052,-0.3052,1,466,873,719
1215723926,239281,-0.0220,-0.0049,1.0249,-0.2441,-0.1831,-0.3052,1,466,864,719
1215728946,239282,-0.0210,-0.0049,1.0249,-0.2441,-0.1221,-0.3052,1,466,876,719
1215733924,239283,-0.0210,-0.0054,1.0244,-0.1831,-0.1831,-0.3052,1,466,869,719
1215738930,239284,-0.0229,-0.0063,1.0229,-0.1831,0.0000,-0.3052,1,466,873,719
1215743924,239285,-0.0234,-0.0068,1.0215,-0.1831,0.0000,-0.1831,1,466,721,719
1215748924,239286,-0.0225,-0.0063,1.0215,-0.2441,-0.1831,-0.3052,1,512,718,719
1215753930,239287,-0.0210,-0.0063,1.0239,-0.1221,0.0610,-0.3662,1,478,873,719
1215758926,239288,-0.0210,-0.0059,1.0244,-0.1221,0.1221,-0.2441,1,496,904,719
1215763922,239289,-0.0220,-0.0059,1.0234,-0.1831,0.1831,-0.2441,1,481,837,719
1215768924,239290,-0.0220,-0.0054,1.0234,-0.1221,0.4272,-0.3052,1,491,848,719
1215773929,239291,-0.0215,-0.0029,1.0234,-0.1221,0.4272,-0.3052,1,503,840,719
1215778924,239292,-0.0215,-0.0034,1.0239,-0.1831,0.4272,-0.2441,1,499,823,719
1215783929,239293,-0.0210,-0.0054,1.0234,-0.1831,0.4272,-0.1831,1,502,835,719
1215788927,239294,-0.0215,-0.0059,1.0239,-0.0610,0.3662,-0.1831,1,511,831,719
1215793923,239295,-0.0220,-0.0063,1.0239,-0.0610,0.4272,-0.2441,1,466,873,719
1215798924,239296,-0.0225,-0.0068,1.0239,-0.0610,0.5493,-0.2441,1,466,879,719
1215803930,239297,-0.0220,-0.0059,1.0244,-0.0610,0.4883,-0.1831,1,466,879,719
1215808928,239298,-0.0220,-0.0049,1.0234,0.0000,0.5493,-0.1221,1,466,871,719
1215813925,239299,-0.0225,-0.0054,1.0225,-0.0610,0.5493,-0.1831,1,466,826,719
1215818926,239300,-0.0225,-0.0059,1.0225,0.0000,0.6714,-0.3662,1,466,874,719
1215823924,239301,-0.0220,-0.0059,1.0220,0.0000,0.6714,-0.1831,1,466,824,719
1215828930,239302,-0.0225,-0.0054,1.0215,0.0610,0.5493,-0.2441,1,466,825,719
1215833930,239303,-0.0220,-0.0054,1.0205,-0.0610,0.7324,-0.2441,1,466,873,719
1215838922,239304,-0.0215,-0.0059,1.0220,0.0610,0.6714,-0.2441,1,466,875,719
1215843941,239305,-0.0215,-0.0059,1.0249,-0.0610,0.6714,-0.1831,1,466,867,719
1215848923,239306,-0.0220,-0.0049,1.0254,-0.1831,0.7935,-0.2441,1,466,870,719
1215853924,239307,-0.0215,-0.0049,1.0229,-0.2441,0.7324,-0.1831,1,510,874,719
1215858924,239308,-0.0210,-0.0059,1.0210,-0.1221,0.7324,-0.1221,1,470,868,719
1215863929,239309,-0.0229,-0.0059,1.0210,-0.1221,0.7324,-0.1221,1,511,852,719
1215868922,239310,-0.0244,-0.0054,1.0215,-0.1221,0.7935,-0.1831,1,474,858,719
1215873930,239311,-0.0254,-0.0049,1.0229,-0.2441,0.7935,-0.1831,1,495,833,719
1215878922,239312,-0.0249,-0.0049,1.0239,-0.3052,0.7324,-0.0610,1,493,837,719
1215883922,239313,-0.0229,-0.0054,1.0244,-0.1831,0.7324,-0.1221,1,502,835,719
1215888925,239314,-0.0229,-0.0054,1.0234,-0.0610,0.7935,-0.0610,1,502,847,719
1215893929,239315,-0.0244,-0.0059,1.0220,-0.1831,0.7324,-0.2441,1,501,825,719
1215898927,239316,-0.0259,-0.0063,1.0215,-0.1831,0.6104,-0.1221,1,490,830,719
1215903925,239317,-0.0259,-0.0068,1.0220,0.0610,0.6104,-0.1831,1,510,824,719
1215908925,239318,-0.0239,-0.0063,1.0229,0.1221,0.5493,-0.1831,1,466,869,719
1215913929,239319,-0.0229,-0.0059,1.0244,0.0000,0.6714,-0.2441,1,466,879,719
1215918929,239320,-0.0239,-0.0063,1.0249,0.0000,0.5493,-0.3052,1,466,829,719
1215923929,239321,-0.0239,-0.0063,1.0239,0.0000,0.3662,-0.1221,1,466,831,719
1215928924,239322,-0.0229,-0.0059,1.0239,0.0000,0.4883,-0.2441,1,466,833,719
1215933927,239323,-0.0220,-0.0054,1.0239,-0.0610,0.4883,-0.3052,1,466,829,719
1215938929,239324,-0.0225,-0.0054,1.0234,-0.1221,0.6714,-0.1221,1,466,869,719
1215943929,239325,-0.0239,-0.0044,1.0239,-0.1831,0.8545,-0.1221,1,466,867,719
1215948928,239326,-0.0249,-0.0034,1.0234,-0.1831,0.7935,-0.2441,1,466,875,719
1215953926,239327,-0.0249,-0.0034,1.0225,-0.1221,0.7324,-0.1831,1,466,882,719
1215958965,239328,-0.0234,-0.0044,1.0225,-0.1831,0.7935,-0.0610,1,466,877,719
1215963929,239329,-0.0229,-0.0054,1.0229,-0.2441,0.9766,0.0000,1,466,871,719
1215968923,239330,-0.0229,-0.0049,1.0234,-0.2441,1.0376,-0.0610,1,511,828,719
1215973927,239331,-0.0234,-0.0049,1.0234,-0.2441,0.9155,-0.0610,1,498,864,719
1215978925,239332,-0.0220,-0.0063,1.0239,-0.2441,0.9155,-0.1831,1,510,763,719
1215983926,239333,-0.0200,-0.0068,1.0244,-0.1221,1.2207,0.0000,1,509,831,719
1215988923,239334,-0.0200,-0.0054,1.0244,-0.1831,1.2207,0.0000,1,489,789,719
1215993927,239335,-0.0195,-0.0039,1.0239,-0.1221,1.3428,0.0000,1,496,799,719
1215998931,239336,-0.0190,-0.0049,1.0234,-0.1221,1.5259,-0.1831,1,495,782,719
1216003929,239337,-0.0229,-0.0073,1.0225,-0.1221,1.6479,-0.0610,1,504,827,719
1216008922,239338,-0.0269,-0.0068,1.0215,-0.0610,1.7090,-0.1221,1,486,829,719
1216013925,239339,-0.0269,-0.0054,1.0210,-0.0610,1.2817,-0.2441,1,511,821,719
1216018925,239340,-0.0254,-0.0054,1.0220,-0.1831,1.4038,-0.2441,1,466,872,719
1216023926,239341,-0.0259,-0.0049,1.0220,-0.0610,1.4648,-0.2441,1,466,876,719
1216028926,239342,-0.0283,-0.0049,1.0190,-0.2441,1.2207,-0.2441,1,466,875,719
1216033931,239343,-0.0308,-0.0063,1.0156,-0.1831,0.8545,-0.2441,1,466,880,719
1216038922,239344,-0.0327,-0.0103,1.0142,0.1221,0.5493,-0.1221,1,466,877,719
1216043929,239345,-0.0264,-0.0068,1.0200,0.1831,0.0610,0.0000,1,466,873,719
1216048928,239346,-0.0205,-0.0010,1.0259,-0.0610,0.6714,-0.1831,1,466,828,719
1216053931,239347,-0.0234,-0.0039,1.0244,-0.2441,0.5493,-0.1831,1,466,869,719
1216058922,239348,-0.0254,-0.0059,1.0220,0.1221,0.5493,-0.3052,1,466,883,719
1216063931,239349,-0.0269,-0.0054,1.0205,0.0000,0.3052,-0.2441,1,465,865,719
1216068963,239350,-0.0249,-0.0063,1.0220,-0.1831,0.3052,-0.1221,1,466,823,719
1216073924,239351,-0.0225,-0.0068,1.0234,-0.0610,0.4883,-0.1221,1,466,871,719
1216078929,239352,-0.0225,-0.0059,1.0234,-0.1831,0.4883,-0.1831,1,511,870,719
1216083927,239353,-0.0234,-0.0068,1.0229,-0.2441,0.4883,-0.2441,1,502,863,719
1216088922,239354,-0.0239,-0.0088,1.0220,-0.0610,0.3662,-0.1831,1,466,830,719
1216093929,239355,-0.0244,-0.0078,1.0220,0.0000,0.4272,-0.2441,1,500,837,719
1216098924,239356,-0.0239,-0.0068,1.0229,-0.1221,0.3052,-0.2441,1,496,816,719
1216103924,239357,-0.0239,-0.0063,1.0225,-0.0610,0.3662,-0.0610,1,494,864,719
1216108922,239358,-0.0244,-0.0063,1.0234,-0.1221,0.4883,-0.1831,1,503,844,719
1216113929,239359,-0.0244,-0.0068,1.0254,-0.0610,0.2441,-0.1831,1,490,860,719
1216118928,239360,-0.0254,-0.0059,1.0244,0.0000,0.3052,-0.2441,1,506,831,719
1216123930,239361,-0.0249,-0.0059,1.0229,-0.0610,0.1221,-0.2441,1,510,778,719
1216128927,239362,-0.0225,-0.0073,1.0234,-0.1831,0.4272,-0.1831,1,465,874,719
1216133922,239363,-0.0244,-0.0073,1.0229,0.0000,0.6714,-0.3052,1,466,882,719
1216138922,239364,-0.0273,-0.0073,1.0215,0.0610,0.1831,-0.1831,1,466,828,719
1216143927,239365,-0.0269,-0.0068,1.0215,0.0610,0.3052,-0.3052,1,466,878,719
1216148926,239366,-0.0259,-0.0059,1.0229,0.1221,0.3052,-0.2441,1,466,865,719
1216153929,239367,-0.0254,-0.0054,1.0225,0.0000,0.3662,-0.2441,1,466,869,719
1216158923,239368,-0.0269,-0.0068,1.0210,0.0610,0.3662,-0.2441,1,465,829,719
1216163924,239369,-0.0278,-0.0078,1.0200,0.0000,0.1831,-0.1831,1,466,874,719
1216168927,239370,-0.0273,-0.0073,1.0205,-0.0610,0.1221,-0.1831,1,465,833,719
1216173954,239371,-0.0264,-0.0063,1.0234,0.0000,0.1831,-0.3052,1,465,875,719
1216178929,239372,-0.0254,-0.0049,1.0254,0.0000,0.2441,-0.2441,1,466,829,719
1216183926,239373,-0.0259,-0.0049,1.0244,-0.1221,0.2441,-0.3052,1,510,817,719
1216188924,239374,-0.0254,-0.0063,1.0239,-0.2441,0.2441,-0.2441,1,496,858,719
1216193930,239375,-0.0249,-0.0073,1.0244,-0.2441,0.1831,-0.3052,1,511,768,719
1216198922,239376,-0.0249,-0.0068,1.0229,-0.1221,0.2441,-0.1831,1,497,830,719
1216203931,239377,-0.0254,-0.0068,1.0210,-0.1221,0.1831,-0.2441,1,506,841,719
1216208929,239378,-0.0254,-0.0068,1.0205,0.0000,0.1221,-0.1831,1,509,835,719
1216213922,239379,-0.0244,-0.0073,1.0215,-0.0610,0.0000,-0.1831,1,496,779,719
1216218930,239380,-0.0234,-0.0088,1.0225,0.0000,0.1831,-0.2441,1,509,784,719
1216223927,239381,-0.0225,-0.0088,1.0234,0.0000,0.1831,-0.3052,1,506,783,719
1216228931,239382,-0.0234,-0.0083,1.0239,0.0000,0.2441,-0.3662,1,510,779,719
1216233926,239383,-0.0249,-0.0083,1.0244,0.0610,0.2441,-0.3052,1,466,833,719
1216238928,239384,-0.0249,-0.0083,1.0234,0.1221,0.2441,-0.3052,1,466,875,719
1216243926,239385,-0.0254,-0.0078,1.0220,0.2441,0.0000,-0.3662,1,465,876,719
1216248928,239386,-0.0264,-0.0078,1.0210,0.1221,-0.0610,-0.2441,1,466,831,719
1216253923,239387,-0.0264,-0.0073,1.0215,0.1221,0.0000,-0.3662,1,465,871,719
1216258922,239388,-0.0244,-0.0054,1.0225,0.1221,0.1831,-0.3662,1,466,827,719
1216263930,239389,-0.0239,-0.0039,1.0229,0.1221,0.0610,-0.2441,1,465,875,719
1216268922,239390,-0.0249,-0.0039,1.0229,0.1221,0.0000,-0.1831,1,466,877,719
1216273924,239391,-0.0254,-0.0054,1.0234,0.0000,0.0610,-0.2441,1,466,831,719
1216278925,239392,-0.0244,-0.0068,1.0244,0.0000,0.1831,-0.2441,1,466,827,719
1216283972,239393,-0.0244,-0.0063,1.0229,0.0000,0.2441,-0.3052,1,466,836,719
1216288929,239394,-0.0244,-0.0049,1.0215,0.1221,0.1221,-0.1831,1,466,830,719
1216293924,239395,-0.0249,-0.0044,1.0215,-0.0610,0.1221,-0.2441,1,511,870,719
1216298930,239396,-0.0254,-0.0059,1.0225,-0.1221,0.0610,-0.3052,1,504,860,719
1216303927,239397,-0.0244,-0.0078,1.0239,0.0000,0.0000,-0.3052,1,511,773,719
1216308929,239398,-0.0239,-0.0068,1.0244,0.1221,0.1221,-0.3052,1,498,765,719
1216313928,239399,-0.0259,-0.0068,1.0229,0.0000,0.2441,-0.3052,1,506,830,719
1216318928,239400,-0.0278,-0.0068,1.0205,-0.0610,0.0610,-0.1831,1,494,800,719
1216323926,239401,-0.0269,-0.0054,1.0205,0.0610,0.1221,-0.2441,1,503,846,719
1216328926,239402,-0.0259,-0.0059,1.0220,0.0000,0.1831,-0.3052,1,509,822,719
1216333923,239403,-0.0264,-0.0083,1.0239,0.0000,0.1831,-0.2441,1,507,775,719
1216338926,239404,-0.0264,-0.0088,1.0244,0.0610,0.2441,-0.2441,1,510,788,719
1216343926,239405,-0.0264,-0.0073,1.0225,0.0000,0.0610,-0.3052,1,466,876,719
1216348923,239406,-0.0264,-0.0073,1.0215,0.0610,0.0000,-0.3662,1,466,824,719
1216353925,239407,-0.0259,-0.0088,1.0210,0.1221,0.0000,-0.4272,1,466,829,719
1216358928,239408,-0.0259,-0.0083,1.0205,0.1221,-0.0610,-0.3662,1,466,823,719
1216363926,239409,-0.0269,-0.0063,1.0210,0.1221,-0.1221,-0.2441,1,466,874,719
1216368930,239410,-0.0283,-0.0054,1.0220,0.0610,-0.0610,-0.3662,1,466,870,719
1216373930,239411,-0.0278,-0.0063,1.0220,0.0610,-0.0610,-0.4272,1,466,873,719
1216378923,239412,-0.0249,-0.0063,1.0229,0.0610,-0.2441,-0.2441,1,466,875,719
1216383926,239413,-0.0215,-0.0063,1.0239,0.0610,-0.2441,-0.1831,1,466,882,719
1216388958,239414,-0.0205,-0.0068,1.0239,0.1221,-0.1831,-0.3052,1,466,877,719
1216393931,239415,-0.0215,-0.0073,1.0234,0.1831,-0.1831,-0.3052,1,465,874,719
1216398922,239416,-0.0225,-0.0063,1.0239,0.1831,-0.1831,-0.2441,1,510,876,719
1216403930,239417,-0.0229,-0.0054,1.0249,0.0610,-0.1221,-0.3662,1,496,879,719
1216408922,239418,-0.0239,-0.0063,1.0244,0.1221,-0.1221,-0.3662,1,511,863,719
1216413930,239419,-0.0249,-0.0073,1.0234,0.0610,0.0610,-0.2441,1,492,883,719
1216418923,239420,-0.0264,-0.0073,1.0225,0.1831,-0.0610,-0.2441,1,493,839,719
1216423928,239421,-0.0264,-0.0073,1.0220,0.1831,-0.1221,-0.2441,1,507,847,719
1216428923,239422,-0.0254,-0.0068,1.0215,0.1831,-0.1831,-0.3052,1,508,846,719
1216433924,239423,-0.0249,-0.0049,1.0200,0.1831,-0.1831,-0.3052,1,498,826,719
1216438922,239424,-0.0249,-0.0044,1.0195,0.1831,-0.1831,-0.3052,1,501,826,719
1216443929,239425,-0.0249,-0.0054,1.0210,0.1221,-0.1831,-0.4272,1,510,829,719
1216448925,239426,-0.0239,-0.0063,1.0215,0.1221,-0.3052,-0.3662,1,465,871,719
1216453922,239427,-0.0229,-0.0049,1.0220,0.0610,-0.4272,-0.2441,1,466,872,719
1216458923,239428,-0.0229,-0.0054,1.0244,0.0610,-0.3662,-0.3052,1,466,877,719
1216463930,239429,-0.0234,-0.0059,1.0249,0.0610,-0.3662,-0.3052,1,466,873,719
1216468926,239430,-0.0239,-0.0063,1.0244,0.1831,-0.3052,-0.3052,1,466,870,719
1216473927,239431,-0.0249,-0.0063,1.0244,0.1221,-0.2441,-0.3662,1,465,874,719
1216478925,239432,-0.0244,-0.0059,1.0229,0.2441,-0.3052,-0.3052,1,466,881,719
1216483926,239433,-0.0239,-0.0063,1.0220,0.2441,-0.2441,-0.3052,1,466,870,719
1216488922,239434,-0.0234,-0.0073,1.0234,0.1831,-0.2441,-0.3052,1,466,878,719
1216493943,239435,-0.0239,-0.0078,1.0239,0.1831,-0.2441,-0.3662,1,466,878,719
1216498929,239436,-0.0234,-0.0068,1.0239,0.2441,-0.1831,-0.3662,1,466,885,719
1216503927,239437,-0.0229,-0.0054,1.0239,0.4272,-0.3052,-0.3052,1,510,882,719
1216508923,239438,-0.0234,-0.0049,1.0229,0.3052,-0.2441,-0.3052,1,510,871,719
1216513927,239439,-0.0239,-0.0054,1.0210,0.1831,-0.3662,-0.4272,1,510,858,719
1216518924,239440,-0.0220,-0.0063,1.0220,0.3052,-0.4272,-0.4272,1,472,886,719
1216523925,239441,-0.0205,-0.0068,1.0249,0.2441,-0.4272,-0.3052,1,506,834,719
1216528926,239442,-0.0210,-0.0068,1.0254,0.2441,-0.4272,-0.3052,1,490,847,719
1216533928,239443,-0.0210,-0.0059,1.0234,0.2441,-0.3052,-0.3662,1,494,862,719
1216538927,239444,-0.0210,-0.0059,1.0215,0.1221,-0.1221,-0.3052,1,497,825,719
1216543928,239445,-0.0215,-0.0059,1.0220,0.1221,-0.1221,-0.3662,1,506,813,719
1216548922,239446,-0.0220,-0.0054,1.0234,0.3052,-0.0610,-0.3662,1,505,819,719
1216553924,239447,-0.0229,-0.0049,1.0244,0.1831,-0.1221,-0.3052,1,466,824,719
1216558928,239448,-0.0239,-0.0054,1.0244,0.0610,0.0610,-0.3662,1,465,870,719
1216563926,239449,-0.0244,-0.0059,1.0234,0.1831,0.1221,-0.2441,1,466,874,719
1216568925,239450,-0.0234,-0.0063,1.0229,0.2441,0.0610,-0.1831,1,466,875,719
1216573928,239451,-0.0239,-0.0068,1.0225,0.1221,0.0610,-0.2441,1,466,878,719
1216578926,239452,-0.0244,-0.0078,1.0229,0.1221,0.0610,-0.2441,1,466,874,719
1216583924,239453,-0.0254,-0.0078,1.0229,0.1831,0.1221,-0.1831,1,466,875,719
1216588924,239454,-0.0249,-0.0063,1.0225,0.1221,0.1831,-0.3052,1,466,876,719
1216593930,239455,-0.0229,-0.0063,1.0229,0.1831,0.1831,-0.2441,1,465,873,719
1216598927,239456,-0.0225,-0.0073,1.0244,0.1831,0.1221,-0.3052,1,465,885,719
1216603950,239457,-0.0229,-0.0068,1.0239,0.1831,0.0610,-0.3052,1,466,871,719
1216608923,239458,-0.0225,-0.0068,1.0229,0.2441,0.1221,-0.1221,1,466,874,719
1216613927,239459,-0.0220,-0.0078,1.0220,0.3052,0.1831,-0.3052,1,510,871,719
1216618923,239460,-0.0229,-0.0078,1.0225,0.2441,0.1221,-0.3052,1,487,858,719
1216623926,239461,-0.0229,-0.0073,1.0234,0.2441,0.2441,-0.3052,1,511,760,719
1216628927,239462,-0.0225,-0.0073,1.0229,0.2441,0.1831,-0.3662,1,505,877,719
1216633930,239463,-0.0234,-0.0068,1.0215,0.3662,0.1831,-0.3052,1,490,843,719
1216638922,239464,-0.0239,-0.0063,1.0215,0.1831,0.3052,-0.3662,1,493,835,719
1216643922,239465,-0.0229,-0.0054,1.0225,0.2441,0.2441,-0.2441,1,505,867,719
1216648928,239466,-0.0225,-0.0049,1.0225,0.2441,0.1831,-0.2441,1,496,833,719
1216653927,239467,-0.0225,-0.0044,1.0229,0.1831,0.2441,-0.3052,1,493,830,719
1216658926,239468,-0.0225,-0.0049,1.0234,0.3052,0.2441,-0.3052,1,510,827,719
1216663928,239469,-0.0229,-0.0063,1.0244,0.2441,0.1831,-0.2441,1,466,868,719
1216668925,239470,-0.0225,-0.0073,1.0249,0.1831,0.2441,-0.1831,1,466,885,719
1216673925,239471,-0.0220,-0.0068,1.0244,0.3052,0.3052,-0.3662,1,466,883,719
1216678922,239472,-0.0215,-0.0059,1.0239,0.2441,0.3052,-0.2441,1,466,873,719
1216683930,239473,-0.0215,-0.0049,1.0239,0.1831,0.3662,-0.1831,1,466,872,719
1216688925,239474,-0.0239,-0.0049,1.0225,0.3052,0.4272,-0.2441,1,465,880,719
1216693925,239475,-0.0259,-0.0059,1.0215,0.2441,0.4883,-0.2441,1,466,874,719
1216698925,239476,-0.0273,-0.0063,1.0215,0.3052,0.3662,-0.3052,1,466,874,719
1216703927,239477,-0.0259,-0.0054,1.0220,0.2441,0.0610,-0.3662,1,466,873,719
1216708927,239478,-0.0234,-0.0049,1.0225,0.2441,0.0610,-0.2441,1,466,872,719
1216713970,239479,-0.0229,-0.0044,1.0234,0.1831,0.1831,-0.2441,1,466,872,719
1216718922,239480,-0.0234,-0.0054,1.0239,0.1831,0.1221,-0.2441,1,466,881,719
1216723922,239481,-0.0244,-0.0063,1.0229,0.1831,0.0610,-0.3052,1,466,864,719
1216728930,239482,-0.0234,-0.0068,1.0220,0.1831,0.1831,-0.2441,1,509,864,719
1216733927,239483,-0.0215,-0.0059,1.0225,0.1831,0.1831,-0.1831,1,465,830,719
1216738924,239484,-0.0220,-0.0044,1.0234,0.2441,0.3052,-0.1221,1,492,809,719
1216743925,239485,-0.0229,-0.0034,1.0244,0.0610,0.2441,-0.4272,1,496,831,719
1216748922,239486,-0.0239,-0.0034,1.0244,0.2441,0.2441,-0.3052,1,499,850,719
1216753928,239487,-0.0234,-0.0049,1.0239,0.2441,0.3052,-0.1221,1,506,804,719
1216758926,239488,-0.0220,-0.0059,1.0225,0.1221,0.1831,-0.2441,1,507,823,719
1216763924,239489,-0.0220,-0.0059,1.0215,0.2441,0.2441,-0.2441,1,488,824,719
1216768922,239490,-0.0225,-0.0059,1.0215,0.3052,0.4272,-0.3052,1,511,829,719
1216773926,239491,-0.0234,-0.0059,1.0225,0.1831,0.3052,-0.3662,1,466,817,719
1216778924,239492,-0.0239,-0.0068,1.0244,0.2441,0.3052,-0.3662,1,466,868,719
1216783925,239493,-0.0239,-0.0068,1.0239,0.2441,0.2441,-0.3052,1,466,879,719
1216788927,239494,-0.0249,-0.0059,1.0229,0.2441,0.1831,-0.3052,1,466,879,719
1216793925,239495,-0.0244,-0.0054,1.0229,0.3052,0.1221,-0.3052,1,466,874,719
1216798927,239496,-0.0229,-0.0054,1.0225,0.2441,0.0610,-0.3052,1,466,866,719
1216803923,239497,-0.0234,-0.0054,1.0225,0.1831,0.0610,-0.3052,1,466,870,719
1216808925,239498,-0.0249,-0.0049,1.0229,0.1831,0.1831,-0.2441,1,466,868,719
1216813922,239499,-0.0244,-0.0049,1.0234,0.1831,0.1831,-0.2441,1,466,883,719
1216818940,239500,-0.0244,-0.0044,1.0239,0.2441,0.0000,-0.3052,1,466,881,719
1216823925,239501,-0.0239,-0.0039,1.0234,0.1221,0.0000,-0.3052,1,466,828,719
1216828929,239502,-0.0229,-0.0044,1.0225,0.0000,-0.0610,-0.3052,1,509,824,719
1216833924,239503,-0.0225,-0.0049,1.0225,0.0610,0.0000,-0.3052,1,476,717,719
1216838925,239504,-0.0234,-0.0059,1.0229,0.1831,0.1221,-0.3052,1,511,770,719
1216843930,239505,-0.0244,-0.0059,1.0229,0.2441,0.1831,-0.3662,1,469,838,719
1216848931,239506,-0.0239,-0.0054,1.0229,0.1221,0.1831,-0.3662,1,494,851,719
1216853930,239507,-0.0234,-0.0059,1.0220,0.2441,0.1831,-0.3662,1,502,845,719
1216858928,239508,-0.0234,-0.0054,1.0215,0.3662,0.0610,-0.3662,1,491,801,719
1216863924,239509,-0.0234,-0.0049,1.0220,0.1831,0.1831,-0.4272,1,503,826,719
1216868927,239510,-0.0239,-0.0044,1.0225,0.2441,0.1831,-0.3052,1,489,830,719
1216873930,239511,-0.0239,-0.0044,1.0234,0.2441,0.1831,-0.3662,1,506,827,719
1216878924,239512,-0.0229,-0.0044,1.0249,0.1831,0.2441,-0.3052,1,510,835,719
1216883929,239513,-0.0215,-0.0039,1.0249,0.1831,0.3052,-0.3662,1,466,875,719
1216888922,239514,-0.0220,-0.0044,1.0239,0.1831,0.3052,-0.2441,1,466,876,719
1216893924,239515,-0.0234,-0.0044,1.0229,0.1221,0.1221,-0.2441,1,466,875,719
1216898928,239516,-0.0239,-0.0044,1.0215,0.1831,0.0610,-0.1831,1,466,871,719
1216903927,239517,-0.0234,-0.0049,1.0220,0.2441,0.2441,-0.3052,1,466,874,719
1216908922,239518,-0.0229,-0.0049,1.0225,0.2441,0.2441,-0.3662,1,466,871,719
1216913924,239519,-0.0229,-0.0039,1.0220,0.1831,0.1831,-0.4883,1,466,879,719
1216918927,239520,-0.0234,-0.0039,1.0220,0.1221,0.1831,-0.3052,1,466,879,719
1216923930,239521,-0.0234,-0.0044,1.0225,0.1221,0.2441,-0.3052,1,466,870,719
1216928969,239522,-0.0234,-0.0034,1.0239,0.1221,0.2441,-0.3662,1,465,869,719
1216933926,239523,-0.0229,-0.0034,1.0249,0.0610,0.3662,-0.3662,1,466,877,719
1216938923,239524,-0.0229,-0.0049,1.0234,0.1221,0.1831,-0.3052,1,466,880,719
1216943923,239525,-0.0225,-0.0059,1.0220,0.0610,0.2441,-0.2441,1,486,859,719
1216948927,239526,-0.0220,-0.0063,1.0229,0.1831,0.1831,-0.1831,1,511,757,719
1216953927,239527,-0.0215,-0.0054,1.0239,0.1831,0.1831,-0.1831,1,508,907,719
1216958929,239528,-0.0225,-0.0054,1.0234,0.0610,0.1831,-0.3052,1,497,839,719
1216963925,239529,-0.0234,-0.0054,1.0229,0.1221,0.2441,-0.3662,1,506,839,719
1216968927,239530,-0.0239,-0.0059,1.0239,0.1221,0.1831,-0.3052,1,497,828,719
1216973930,239531,-0.0239,-0.0063,1.0249,0.1221,0.1221,-0.3662,1,504,822,719
1216978930,239532,-0.0234,-0.0063,1.0244,0.1831,0.3052,-0.2441,1,499,828,719
1216983929,239533,-0.0229,-0.0059,1.0229,0.1831,0.2441,-0.3052,1,511,830,719
1216988923,239534,-0.0220,-0.0054,1.0229,0.1831,0.1831,-0.2441,1,466,876,719
1216993928,239535,-0.0205,-0.0068,1.0239,0.1221,0.3052,-0.4272,1,466,878,719
1216998924,239536,-0.0200,-0.0049,1.0234,0.2441,0.3662,-0.2441,1,466,872,719
1217003927,239537,-0.0239,-0.0029,1.0220,0.1221,0.4883,-0.2441,1,466,879,719
1217008926,239538,-0.0273,-0.0059,1.0220,0.1221,0.3662,-0.3052,1,466,873,719
1217013926,239539,-0.0269,-0.0059,1.0220,0.3052,0.4272,-0.3052,1,466,866,719
1217018923,239540,-0.0244,-0.0039,1.0220,0.1831,0.3662,-0.2441,1,466,863,719
1217023922,239541,-0.0220,-0.0034,1.0229,0.0610,0.4272,-0.1831,1,466,881,719
1217028924,239542,-0.0225,-0.0044,1.0239,0.1831,0.3052,-0.1831,1,466,878,719
1217033926,239543,-0.0229,-0.0049,1.0244,0.1221,0.3052,-0.2441,1,466,872,719
1217038925,239544,-0.0244,-0.0044,1.0234,0.1221,0.3662,-0.3662,1,466,872,719
1217043924,239545,-0.0259,-0.0029,1.0210,0.1831,0.2441,-0.2441,1,510,877,719
1217048923,239546,-0.0244,-0.0034,1.0200,0.1221,0.1221,-0.2441,1,495,865,719
1217053925,239547,-0.0225,-0.0039,1.0200,0.1221,0.1831,-0.3052,1,465,841,719
1217058925,239548,-0.0220,-0.0044,1.0210,0.0000,0.2441,-0.2441,1,492,828,719
1217063922,239549,-0.0225,-0.0044,1.0225,0.0000,0.1831,-0.3052,1,499,798,719
1217068929,239550,-0.0220,-0.0054,1.0225,-0.1221,0.1831,-0.2441,1,489,776,719
1217073924,239551,-0.0220,-0.0059,1.0229,0.0000,0.0610,-0.2441,1,493,826,719
1217078927,239552,-0.0225,-0.0044,1.0239,0.0000,0.0610,-0.3052,1,496,780,719
1217083927,239553,-0.0225,-0.0039,1.0239,-0.1221,0.2441,-0.3052,1,498,775,719
1217088924,239554,-0.0229,-0.0039,1.0234,-0.0610,0.1831,-0.1831,1,510,825,719
1217093924,239555,-0.0225,-0.0039,1.0220,-0.0610,0.1831,-0.3052,1,466,879,719
1217098925,239556,-0.0225,-0.0049,1.0215,-0.0610,0.2441,-0.2441,1,466,870,719
1217103925,239557,-0.0225,-0.0049,1.0225,-0.0610,0.3052,0.0000,1,466,875,719
1217108922,239558,-0.0229,-0.0034,1.0229,-0.1831,0.2441,-0.1221,1,465,822,719
1217113928,239559,-0.0249,-0.0068,1.0215,-0.1831,0.4272,-0.3052,1,466,879,719
1217118929,239560,-0.0239,-0.0078,1.0229,-0.0610,0.0610,-0.1831,1,465,877,719
1217123928,239561,-0.0229,-0.0078,1.0244,0.0000,-0.0610,-0.1831,1,466,877,719
1217128925,239562,-0.0225,-0.0068,1.0234,0.0000,0.1221,-0.2441,1,466,832,719
1217133930,239563,-0.0225,-0.0059,1.0215,0.0000,0.2441,-0.3662,1,466,828,719
1217138947,239564,-0.0229,-0.0059,1.0210,-0.1831,0.2441,-0.3662,1,466,828,719
1217143966,239565,-0.0234,-0.0059,1.0210,-0.0610,0.1831,-0.3052,1,466,876,719
1217148926,239566,-0.0244,-0.0054,1.0210,0.0000,0.0610,-0.1831,1,466,864,719
1217153927,239567,-0.0239,-0.0054,1.0225,0.0610,-0.1221,-0.3052,1,511,813,719
1217158927,239568,-0.0234,-0.0054,1.0239,0.0610,0.0000,-0.2441,1,504,854,719
1217163930,239569,-0.0239,-0.0044,1.0225,0.0000,-0.1831,-0.2441,1,469,790,719
1217168924,239570,-0.0239,-0.0039,1.0215,-0.0610,-0.1221,-0.3052,1,494,793,719
1217173925,239571,-0.0229,-0.0039,1.0220,0.1221,-0.1221,-0.3052,1,507,830,719
1217178926,239572,-0.0200,-0.0039,1.0239,0.0000,0.0000,-0.3052,1,490,791,719
1217183926,239573,-0.0181,-0.0049,1.0254,-0.0610,0.0610,-0.2441,1,489,733,719
1217188927,239574,-0.0205,-0.0049,1.0254,-0.0610,0.0000,-0.1221,1,497,821,719
1217193928,239575,-0.0225,-0.0039,1.0249,-0.0610,0.0000,-0.3052,1,496,775,719
1217198931,239576,-0.0229,-0.0029,1.0234,-0.1221,0.1831,-0.3662,1,511,777,719
1217203926,239577,-0.0220,-0.0034,1.0239,-0.1221,0.1831,-0.2441,1,466,877,719
1217208927,239578,-0.0205,-0.0039,1.0259,0.0000,0.2441,-0.1831,1,466,877,719
1217213926,239579,-0.0205,-0.0044,1.0249,-0.0610,0.3662,-0.1831,1,465,833,719
1217218925,239580,-0.0210,-0.0059,1.0225,-0.1221,0.4272,-0.3052,1,466,877,719
1217223924,239581,-0.0215,-0.0068,1.0215,-0.0610,0.4272,-0.1831,1,466,863,719
1217228926,239582,-0.0229,-0.0054,1.0225,0.0000,0.3052,-0.1221,1,466,874,719
1217233930,239583,-0.0239,-0.0049,1.0229,-0.1221,0.3662,-0.1831,1,466,821,719
1217238923,239584,-0.0244,-0.0054,1.0229,0.0000,0.6104,-0.2441,1,466,878,719
1217243922,239585,-0.0234,-0.0044,1.0229,0.0610,0.5493,-0.1221,1,466,829,719
1217248925,239586,-0.0229,-0.0039,1.0234,-0.0610,0.4272,-0.3052,1,466,871,719
1217253962,239587,-0.0229,-0.0049,1.0225,-0.1221,0.6104,-0.2441,1,466,875,719
1217258927,239588,-0.0229,-0.0054,1.0220,0.0610,0.4883,-0.2441,1,466,868,719
1217263927,239589,-0.0225,-0.0063,1.0229,0.2441,0.4883,-0.2441,1,510,872,719
1217268926,239590,-0.0225,-0.0078,1.0244,0.1221,0.4883,-0.2441,1,496,867,719
1217273926,239591,-0.0234,-0.0083,1.0244,0.1831,0.4883,-0.1831,1,465,870,719
1217278925,239592,-0.0254,-0.0073,1.0225,0.1831,0.4883,-0.2441,1,469,850,719
1217283931,239593,-0.0259,-0.0059,1.0220,0.2441,0.4883,-0.2441,1,493,838,719
1217288931,239594,-0.0254,-0.0049,1.0229,0.2441,0.3662,-0.1831,1,509,841,719
1217293922,239595,-0.0244,-0.0039,1.0234,0.1831,0.3662,-0.2441,1,490,870,719
1217298931,239596,-0.0229,-0.0034,1.0239,0.0610,0.3052,-0.2441,1,508,836,719
1217303928,239597,-0.0234,-0.0044,1.0234,0.1831,0.4272,-0.1221,1,504,829,719
1217308922,239598,-0.0239,-0.0063,1.0229,0.1831,0.4883,-0.1831,1,498,827,719
1217313922,239599,-0.0234,-0.0073,1.0225,0.1221,0.3052,-0.3052,1,511,834,719
1217318927,239600,-0.0225,-0.0068,1.0229,0.0610,0.3662,-0.2441,1,466,865,719
1217323929,239601,-0.0225,-0.0039,1.0234,0.0000,0.3052,-0.1831,1,466,878,719
1217328925,239602,-0.0215,-0.0024,1.0225,0.0000,0.3052,-0.3052,1,466,827,719
1217333924,239603,-0.0215,-0.0039,1.0225,-0.0610,0.3662,-0.3662,1,466,822,719
1217338930,239604,-0.0220,-0.0054,1.0234,-0.0610,0.4272,-0.3052,1,466,875,719
1217343927,239605,-0.0215,-0.0054,1.0239,-0.0610,0.4272,-0.2441,1,466,871,719
1217348928,239606,-0.0220,-0.0029,1.0244,-0.0610,0.4272,-0.2441,1,466,876,719
1217353927,239607,-0.0225,-0.0010,1.0249,-0.1221,0.4883,-0.1831,1,466,877,719
1217358926,239608,-0.0225,-0.0024,1.0239,-0.0610,0.6104,-0.2441,1,466,868,719
1217363947,239609,-0.0220,-0.0063,1.0225,0.0610,0.6714,-0.1831,1,465,874,719
1217368924,239610,-0.0220,-0.0073,1.0215,0.0000,0.6714,-0.1221,1,466,871,719
1217373923,239611,-0.0225,-0.0054,1.0220,0.0000,0.4883,-0.2441,1,510,825,719
1217378922,239612,-0.0225,-0.0044,1.0234,0.0610,0.6104,-0.2441,1,476,747,719
1217383922,239613,-0.0225,-0.0044,1.0244,0.0000,0.6104,-0.2441,1,512,811,719
1217388927,239614,-0.0239,-0.0049,1.0239,0.0000,0.6104,-0.2441,1,484,788,719
1217393929,239615,-0.0249,-0.0049,1.0239,0.0000,0.4883,-0.1221,1,509,798,719
1217398926,239616,-0.0249,-0.0044,1.0229,0.0610,0.6714,-0.2441,1,493,824,719
1217403927,239617,-0.0249,-0.0029,1.0215,0.0610,0.7324,-0.2441,1,504,846,719
1217408927,239618,-0.0249,-0.0029,1.0205,0.0610,0.4883,-0.2441,1,509,830,719
1217413928,239619,-0.0254,-0.0044,1.0215,0.0000,0.3662,-0.2441,1,494,829,719
1217418926,239620,-0.0264,-0.0054,1.0225,-0.0610,0.4272,-0.4272,1,511,781,719
1217423930,239621,-0.0254,-0.0039,1.0225,-0.0610,0.4272,-0.3662,1,466,870,719
1217428924,239622,-0.0239,-0.0039,1.0229,-0.1221,0.2441,-0.3052,1,466,872,719
1217433926,239623,-0.0234,-0.0059,1.0239,-0.1221,0.3052,-0.3052,1,466,874,719
1217438926,239624,-0.0249,-0.0059,1.0229,-0.1221,0.3052,-0.3052,1,465,864,719
1217443928,239625,-0.0254,-0.0049,1.0215,-0.0610,0.0610,-0.1221,1,465,866,719
1217448927,239626,-0.0244,-0.0039,1.0215,-0.1831,0.1221,-0.2441,1,466,865,719
1217453927,239627,-0.0229,-0.0044,1.0225,-0.1831,0.3052,-0.3052,1,466,878,719
1217458928,239628,-0.0234,-0.0049,1.0220,-0.1831,0.1831,-0.3662,1,466,870,719
1217463929,239629,-0.0244,-0.0034,1.0215,-0.1831,0.1831,-0.3662,1,466,877,719
1217468930,239630,-0.0259,-0.0034,1.0215,-0.1831,0.1221,-0.3052,1,466,882,719
1217473952,239631,-0.0259,-0.0044,1.0220,-0.1831,0.1831,-0.1831,1,466,869,719
1217478949,239632,-0.0244,-0.0049,1.0234,-0.2441,0.1221,-0.1831,1,466,878,719
1217483926,239633,-0.0239,-0.0059,1.0234,-0.3052,0.1221,-0.2441,1,466,877,719
1217488925,239634,-0.0249,-0.0073,1.0229,-0.2441,0.1221,-0.1831,1,511,870,719
1217493927,239635,-0.0259,-0.0073,1.0215,-0.1831,0.0000,-0.3052,1,502,869,719
1217498922,239636,-0.0254,-0.0059,1.0195,-0.1221,-0.0610,-0.3662,1,465,788,719
1217503925,239637,-0.0239,-0.0059,1.0200,-0.0610,-0.1221,-0.4883,1,492,852,719
1217508923,239638,-0.0225,-0.0068,1.0215,-0.1831,0.0000,-0.3662,1,492,836,719
1217513923,239639,-0.0229,-0.0059,1.0215,-0.1831,0.0000,-0.3662,1,500,823,719
1217518927,239640,-0.0244,-0.0059,1.0225,0.0000,0.0610,-0.3662,1,479,783,719
1217523930,239641,-0.0249,-0.0063,1.0229,0.0610,-0.1831,-0.3662,1,498,778,719
1217528927,239642,-0.0244,-0.0059,1.0229,0.0000,-0.2441,-0.3052,1,501,835,719
1217533929,239643,-0.0229,-0.0049,1.0229,-0.0610,-0.1831,-0.3052,1,510,780,719
1217538926,239644,-0.0225,-0.0059,1.0225,-0.0610,-0.1221,-0.4272,1,466,872,719
1217543931,239645,-0.0220,-0.0068,1.0225,-0.1221,-0.1221,-0.3052,1,466,869,719
1217548924,239646,-0.0215,-0.0063,1.0225,-0.0610,0.0610,-0.3052,1,466,866,719
1217553924,239647,-0.0225,-0.0059,1.0225,-0.1831,0.0610,-0.2441,1,466,867,719
1217558924,239648,-0.0244,-0.0049,1.0210,-0.1221,0.0610,-0.3052,1,466,871,719
1217563926,239649,-0.0249,-0.0044,1.0215,-0.0610,-0.0610,-0.3052,1,466,864,719
1217568925,239650,-0.0254,-0.0059,1.0225,-0.0610,0.0610,-0.3662,1,466,868,719
1217573927,239651,-0.0244,-0.0073,1.0229,-0.1831,-0.0610,-0.3662,1,466,869,719
1217578925,239652,-0.0234,-0.0059,1.0220,-0.1831,0.0000,-0.2441,1,465,882,719
1217583926,239653,-0.0239,-0.0044,1.0220,-0.1221,0.0610,-0.3662,1,466,830,719
1217588938,239654,-0.0244,-0.0059,1.0220,-0.1221,0.0610,-0.3052,1,466,872,719
1217593928,239655,-0.0239,-0.0078,1.0210,-0.0610,0.0000,-0.2441,1,465,862,719
1217598922,239656,-0.0239,-0.0078,1.0205,0.0000,0.0000,-0.3052,1,466,828,719
1217603927,239657,-0.0234,-0.0078,1.0220,-0.0610,-0.1221,-0.3662,1,472,751,719
1217608930,239658,-0.0225,-0.0068,1.0229,-0.0610,-0.0610,-0.1831,1,511,861,719
1217613925,239659,-0.0220,-0.0054,1.0234,0.0610,0.0000,-0.3662,1,512,850,719
1217618924,239660,-0.0220,-0.0054,1.0239,-0.0610,-0.0610,-0.3662,1,485,798,719
1217623928,239661,-0.0215,-0.0068,1.0234,-0.0610,-0.0610,-0.1831,1,490,842,719
1217628922,239662,-0.0210,-0.0083,1.0215,-0.0610,0.1221,-0.3052,1,507,836,719
1217633930,239663,-0.0220,-0.0093,1.0195,-0.0610,0.0000,-0.3052,1,496,819,719
1217638928,239664,-0.0244,-0.0088,1.0190,0.0610,0.0000,-0.2441,1,494,777,719
1217643922,239665,-0.0259,-0.0068,1.0195,0.0610,0.0000,-0.2441,1,482,782,719
1217648924,239666,-0.0259,-0.0059,1.0195,0.0610,-0.1831,-0.3052,1,510,784,719
1217653926,239667,-0.0249,-0.0059,1.0200,0.0610,-0.1221,-0.3052,1,466,868,719
1217658925,239668,-0.0239,-0.0059,1.0205,0.0610,-0.1831,-0.2441,1,466,863,719
1217663930,239669,-0.0244,-0.0054,1.0205,0.1221,-0.1831,-0.2441,1,466,874,719
1217668925,239670,-0.0254,-0.0059,1.0195,0.0610,-0.3052,-0.3662,1,466,876,719
1217673924,239671,-0.0254,-0.0073,1.0200,-0.0610,-0.5493,-0.1831,1,466,868,719
1217678924,239672,-0.0239,-0.0068,1.0220,-0.0610,-0.6714,-0.3052,1,466,877,719
1217683925,239673,-0.0229,-0.0054,1.0229,-0.1221,-0.5493,-0.2441,1,466,872,719
1217688924,239674,-0.0220,-0.0049,1.0239,-0.1831,-0.4883,-0.2441,1,466,878,719
1217693922,239675,-0.0220,-0.0054,1.0244,-0.0610,-0.4883,-0.1831,1,466,879,719
1217698940,239676,-0.0229,-0.0054,1.0244,-0.1221,-0.5493,-0.2441,1,466,874,719
1217703929,239677,-0.0225,-0.0049,1.0244,-0.1221,-0.5493,-0.3052,1,466,877,719
1217708930,239678,-0.0229,-0.0044,1.0239,-0.1221,-0.6104,-0.2441,1,509,871,719
1217713929,239679,-0.0234,-0.0049,1.0225,-0.0610,-0.4272,-0.3662,1,493,872,719
1217718925,239680,-0.0215,-0.0049,1.0215,0.0610,-0.5493,-0.1831,1,504,862,719
1217723929,239681,-0.0195,-0.0039,1.0220,-0.1831,-0.4883,-0.2441,1,479,843,719
1217728925,239682,-0.0195,-0.0059,1.0239,-0.2441,-0.3662,-0.3052,1,501,850,719
1217733930,239683,-0.0195,-0.0078,1.0259,0.1221,-0.2441,-0.3052,1,491,836,719
1217738928,239684,-0.0195,-0.0063,1.0264,0.1831,-0.3662,-0.2441,1,497,841,719
1217743928,239685,-0.0215,-0.0059,1.0244,0.1221,-0.1221,-0.2441,1,495,834,719
1217748931,239686,-0.0239,-0.0068,1.0225,0.0610,0.0000,-0.3662,1,497,822,719
1217753924,239687,-0.0244,-0.0073,1.0220,0.0610,-0.1221,-0.3662,1,505,782,719
1217758929,239688,-0.0225,-0.0059,1.0234,0.1831,-0.1221,-0.4272,1,466,871,719
1217763927,239689,-0.0195,-0.0059,1.0249,0.2441,-0.1831,-0.3662,1,465,870,719
1217768929,239690,-0.0176,-0.0059,1.0254,0.1831,-0.1221,-0.3662,1,466,880,719
1217773928,239691,-0.0181,-0.0054,1.0249,0.1221,-0.0610,-0.3662,1,465,871,719
1217778922,239692,-0.0195,-0.0054,1.0239,0.0610,0.0000,-0.3662,1,466,870,719
1217783925,239693,-0.0195,-0.0044,1.0239,0.2441,0.0000,-0.3052,1,466,831,719
1217788926,239694,-0.0190,-0.0044,1.0244,0.1831,0.0610,-0.3052,1,466,829,719
1217793927,239695,-0.0200,-0.0054,1.0249,-0.0610,0.2441,-0.3662,1,466,872,719
1217798925,239696,-0.0205,-0.0063,1.0249,0.0000,0.4272,-0.3662,1,466,876,719
1217803927,239697,-0.0210,-0.0068,1.0234,0.0610,0.3662,-0.2441,1,466,834,719
1217808928,239698,-0.0200,-0.0059,1.0234,0.0000,0.4883,-0.2441,1,466,878,719
1217813924,239699,-0.0200,-0.0049,1.0234,0.0610,0.5493,-0.1831,1,483,826,719
1217818929,239700,-0.0210,-0.0063,1.0220,-0.0610,0.6104,-0.1831,1,509,874,719
1217823926,239701,-0.0210,-0.0078,1.0229,0.0610,0.6104,-0.2441,1,484,858,719
1217828926,239702,-0.0210,-0.0068,1.0244,0.1221,0.6714,-0.3052,1,512,776,719
1217833928,239703,-0.0210,-0.0054,1.0229,-0.0610,0.6104,-0.1831,1,499,838,719
1217838929,239704,-0.0210,-0.0049,1.0210,-0.0610,0.5493,-0.2441,1,503,830,719
1217843929,239705,-0.0205,-0.0063,1.0210,0.0000,0.6104,-0.3052,1,509,832,719
1217848928,239706,-0.0195,-0.0063,1.0215,0.0000,0.5493,-0.1831,1,504,774,719
1217853928,239707,-0.0200,-0.0054,1.0220,0.0000,0.5493,-0.2441,1,490,787,719
1217858928,239708,-0.0210,-0.0054,1.0229,0.0000,0.4883,-0.2441,1,491,782,719
1217863922,239709,-0.0220,-0.0054,1.0225,0.1221,0.6104,-0.1831,1,511,781,719
1217868927,239710,-0.0234,-0.0054,1.0210,-0.0610,0.4883,-0.2441,1,465,870,719
1217873928,239711,-0.0244,-0.0059,1.0205,0.0000,0.4883,-0.2441,1,466,870,719
1217878925,239712,-0.0234,-0.0059,1.0220,-0.1221,0.3052,-0.3052,1,466,829,719
1217883926,239713,-0.0210,-0.0063,1.0239,-0.0610,0.3662,-0.3662,1,466,861,719
1217888926,239714,-0.0205,-0.0063,1.0239,0.0000,0.4883,-0.3662,1,466,877,719
1217893926,239715,-0.0210,-0.0049,1.0234,0.0610,0.2441,-0.1831,1,466,833,719
1217898929,239716,-0.0215,-0.0049,1.0225,0.0610,0.3662,-0.2441,1,466,874,719
1217903928,239717,-0.0215,-0.0054,1.0225,0.1221,0.4272,-0.2441,1,466,872,719
1217908928,239718,-0.0220,-0.0059,1.0225,0.1221,0.6104,-0.1831,1,466,872,719
1217913925,239719,-0.0220,-0.0063,1.0239,0.0000,0.4883,-0.2441,1,466,866,719
1217918945,239720,-0.0220,-0.0063,1.0244,0.1221,0.4272,-0.1831,1,466,832,719
1217923927,239721,-0.0210,-0.0059,1.0244,0.0000,0.4272,-0.3052,1,466,877,719
1217928922,239722,-0.0205,-0.0049,1.0239,0.0000,0.6714,-0.3052,1,511,811,719
1217933929,239723,-0.0220,-0.0044,1.0229,0.0610,0.6104,-0.1831,1,504,774,719
1217938924,239724,-0.0220,-0.0044,1.0225,-0.0610,0.4883,-0.1831,1,465,897,719
1217943926,239725,-0.0215,-0.0054,1.0225,-0.1221,0.6714,-0.2441,1,499,854,719
1217948931,239726,-0.0215,-0.0063,1.0225,0.0000,0.5493,-0.1221,1,494,839,719
1217953928,239727,-0.0210,-0.0063,1.0225,0.0610,0.5493,-0.0610,1,493,779,719
1217958931,239728,-0.0210,-0.0054,1.0225,0.0000,0.7324,-0.1831,1,498,823,719
1217963928,239729,-0.0225,-0.0054,1.0225,0.0000,0.6104,-0.2441,1,477,780,719
1217968927,239730,-0.0244,-0.0063,1.0205,-0.0610,0.4272,-0.2441,1,500,776,719
1217973928,239731,-0.0234,-0.0073,1.0200,-0.0610,0.2441,-0.3052,1,510,831,719
1217978929,239732,-0.0205,-0.0078,1.0220,0.0610,0.4272,-0.1831,1,466,872,719
1217983928,239733,-0.0200,-0.0073,1.0239,0.0000,0.4883,-0.1831,1,466,874,719
1217988923,239734,-0.0220,-0.0063,1.0229,-0.0610,0.3662,-0.2441,1,466,830,719
1217993924,239735,-0.0229,-0.0049,1.0220,0.0000,0.3662,-0.2441,1,466,879,719
1217998924,239736,-0.0225,-0.0034,1.0220,-0.1831,0.4272,-0.1831,1,466,832,719
1218003928,239737,-0.0215,-0.0034,1.0225,-0.1221,0.3662,-0.2441,1,466,878,719
1218008922,239738,-0.0220,-0.0044,1.0220,-0.1831,0.4272,-0.4272,1,466,875,719
1218013928,239739,-0.0229,-0.0044,1.0225,-0.1831,0.3052,-0.1221,1,466,877,719
1218018925,239740,-0.0220,-0.0063,1.0229,-0.1831,0.2441,-0.1831,1,466,871,719
1218023929,239741,-0.0215,-0.0073,1.0220,-0.2441,0.3052,-0.2441,1,466,882,719
1218028954,239742,-0.0225,-0.0063,1.0215,-0.2441,0.1831,-0.1221,1,466,875,719
1218033927,239743,-0.0229,-0.0049,1.0220,-0.3052,0.0610,-0.2441,1,466,874,719
1218038931,239744,-0.0234,-0.0059,1.0225,-0.3052,0.1221,-0.2441,1,492,868,719
1218043926,239745,-0.0239,-0.0073,1.0225,-0.3052,0.1831,-0.1221,1,504,854,719
1218048930,239746,-0.0249,-0.0068,1.0225,-0.2441,0.2441,-0.1221,1,493,871,719
1218053926,239747,-0.0249,-0.0068,1.0210,-0.2441,0.1831,-0.1831,1,484,848,719
1218058929,239748,-0.0244,-0.0068,1.0190,-0.2441,0.0000,-0.2441,1,489,851,719
1218063922,239749,-0.0239,-0.0073,1.0195,-0.3052,0.0000,-0.2441,1,489,788,719
1218068925,239750,-0.0234,-0.0078,1.0195,-0.3052,-0.1221,-0.2441,1,475,786,719
1218073924,239751,-0.0234,-0.0073,1.0200,-0.3052,-0.1831,-0.1221,1,497,826,719
1218078923,239752,-0.0244,-0.0059,1.0210,-0.1831,-0.1831,-0.1221,1,488,824,719
1218083925,239753,-0.0249,-0.0054,1.0220,-0.2441,-0.1831,-0.3052,1,511,826,719
1218088923,239754,-0.0234,-0.0063,1.0210,-0.3052,-0.1831,-0.2441,1,466,847,719
1218093928,239755,-0.0215,-0.0063,1.0200,-0.1221,-0.1221,-0.1831,1,466,873,719
1218098927,239756,-0.0215,-0.0054,1.0205,0.0610,-0.3662,-0.2441,1,466,870,719
1218103922,239757,-0.0220,-0.0049,1.0220,0.1221,-0.3052,-0.3052,1,466,873,719
1218108928,239758,-0.0229,-0.0063,1.0225,-0.0610,-0.3052,-0.1831,1,466,862,719
1218113924,239759,-0.0225,-0.0078,1.0229,0.0000,-0.3662,-0.1831,1,466,874,719
1218118923,239760,-0.0205,-0.0073,1.0225,-0.0610,-0.1831,-0.3052,1,466,835,719
1218123925,239761,-0.0190,-0.0054,1.0229,0.0000,-0.1831,-0.2441,1,466,873,719
1218128927,239762,-0.0176,-0.0049,1.0244,0.1221,-0.0610,-0.3052,1,465,836,719
1218133923,239763,-0.0171,-0.0063,1.0254,0.0610,0.0000,-0.1831,1,466,867,719
1218138939,239764,-0.0176,-0.0078,1.0259,0.0000,0.0610,-0.1831,1,466,825,719
1218143943,239765,-0.0190,-0.0063,1.0249,0.0000,0.2441,-0.1831,1,466,827,719
1218148926,239766,-0.0210,-0.0044,1.0220,-0.1221,0.3662,-0.1831,1,483,835,719
1218153926,239767,-0.0225,-0.0049,1.0200,-0.1831,0.1831,-0.1831,1,492,871,719
1218158929,239768,-0.0215,-0.0054,1.0210,0.0000,0.2441,0.0000,1,497,864,719
1218163922,239769,-0.0190,-0.0054,1.0239,-0.2441,0.4883,-0.1831,1,492,750,719
1218168927,239770,-0.0166,-0.0034,1.0269,-0.2441,0.3052,-0.1831,1,496,847,719
1218173925,239771,-0.0200,-0.0059,1.0234,-0.3052,0.5493,-0.0610,1,491,846,719
1218178923,239772,-0.0234,-0.0103,1.0190,-0.1221,0.3052,-0.0610,1,491,793,719
1218183923,239773,-0.0205,-0.0103,1.0215,-0.0610,0.2441,-0.1221,1,472,821,719
1218188927,239774,-0.0210,-0.0093,1.0234,-0.0610,0.4272,-0.1221,1,489,825,719
1218193931,239775,-0.0225,-0.0073,1.0244,0.0000,0.3662,-0.0610,1,477,823,719
1218198928,239776,-0.0220,-0.0054,1.0234,0.0000,0.3662,-0.1221,1,505,783,719
1218203922,239777,-0.0215,-0.0049,1.0225,0.0000,0.4272,-0.2441,1,466,780,719
1218208923,239778,-0.0215,-0.0063,1.0234,0.0000,0.5493,-0.1831,1,466,826,719
1218213926,239779,-0.0210,-0.0083,1.0244,0.0000,0.6104,-0.2441,1,466,835,719
1218218930,239780,-0.0210,-0.0093,1.0249,-0.0610,0.5493,-0.1831,1,466,829,719
1218223927,239781,-0.0220,-0.0083,1.0249,-0.0610,0.3662,-0.0610,1,466,876,719
1218228924,239782,-0.0220,-0.0073,1.0244,-0.0610,0.4272,-0.1831,1,466,876,719
1218233927,239783,-0.0210,-0.0068,1.0244,0.0610,0.6104,-0.1831,1,465,879,719
1218238925,239784,-0.0210,-0.0068,1.0239,0.1831,0.5493,-0.2441,1,466,872,719
1218243922,239785,-0.0205,-0.0068,1.0229,0.1221,0.6714,-0.1831,1,466,882,719
1218248928,239786,-0.0210,-0.0068,1.0229,0.0610,0.6104,-0.1831,1,466,877,719
1218253926,239787,-0.0215,-0.0078,1.0234,0.0000,0.7324,-0.2441,1,466,872,719
1218258932,239788,-0.0210,-0.0078,1.0244,0.0610,0.6104,-0.1831,1,466,834,719
1218263923,239789,-0.0205,-0.0073,1.0254,0.2441,0.5493,-0.1221,1,484,870,719
1218268924,239790,-0.0200,-0.0059,1.0244,0.0610,0.6714,-0.1221,1,510,875,719
1218273928,239791,-0.0220,-0.0049,1.0234,-0.0610,0.8545,-0.2441,1,489,853,719
1218278930,239792,-0.0249,-0.0049,1.0234,-0.1221,0.7935,-0.1221,1,511,807,719
1218283925,239793,-0.0254,-0.0054,1.0259,-0.0610,0.4883,-0.0610,1,474,841,719
1218288928,239794,-0.0229,-0.0049,1.0303,-0.2441,0.2441,-0.1221,1,502,835,719
1218293924,239795,-0.0190,-0.0015,1.0327,-0.5493,0.4272,-0.0610,1,501,834,719
1218298926,239796,-0.0205,-0.0029,1.0317,-0.8545,0.5493,-0.1221,1,488,829,719
1218303926,239797,-0.0244,-0.0063,1.0278,-0.9766,0.3052,-0.0610,1,487,827,719
1218308925,239798,-0.0229,-0.0083,1.0269,-0.8545,-0.2441,-0.1221,1,492,825,719
1218313923,239799,-0.0195,-0.0117,1.0293,-0.8545,-0.0610,-0.1221,1,505,829,719
1218318926,239800,-0.0195,-0.0137,1.0283,-0.6714,0.3052,-0.1831,1,466,843,719
1218323924,239801,-0.0195,-0.0137,1.0239,-0.4272,0.4883,-0.2441,1,466,877,719
1218328923,239802,-0.0200,-0.0181,1.0151,-0.1221,1.0986,-0.2441,1,466,883,719
1218333924,239803,-0.0239,-0.0229,1.0078,0.6104,2.1973,-0.4883,1,466,876,719
1218338929,239804,-0.0215,-0.0200,1.0034,1.7090,2.0142,-0.4883,1,466,877,719
1218343927,239805,-0.0112,0.0000,1.0112,1.8921,2.9297,-0.8545,1,466,872,719
1218348927,239806,-0.0171,-0.0020,1.0278,0.6714,3.6621,-1.2817,1,466,836,719
1218353924,239807,-0.0332,-0.0195,1.0259,1.7090,3.6621,-0.8545,1,466,880,719
1218358926,239808,-0.0381,-0.0107,1.0088,2.4414,3.4180,-0.9766,1,466,883,719
1218363926,239809,-0.0337,-0.0044,1.0049,1.4648,3.1128,-1.1597,1,465,878,719
1218368940,239810,-0.0283,-0.0039,1.0117,2.1362,3.7842,-1.0376,1,466,875,719
1218373923,239811,-0.0288,-0.0015,1.0137,2.0752,4.0894,-1.0376,1,466,884,719
1218378923,239812,-0.0303,-0.0029,1.0171,1.0376,4.4556,-1.0376,1,511,870,719
1218383925,239813,-0.0264,-0.0029,1.0210,1.2207,4.8828,-0.9155,1,483,801,719
1218388928,239814,-0.0210,-0.0020,1.0239,0.8545,5.2490,-0.7935,1,512,820,719
1218393926,239815,-0.0137,0.0054,1.0312,0.3662,6.4697,-0.7324,1,484,844,719
1218398926,239816,-0.0039,0.0093,1.0391,-0.0610,8.3008,-0.7935,1,490,868,719
1218403925,239817,-0.0078,-0.0010,1.0322,-0.4883,10.6812,-0.7935,1,494,832,719
1218408924,239818,-0.0288,-0.0063,1.0166,-0.1221,10.8643,-0.7324,1,474,859,719
1218413926,239819,-0.0391,0.0005,1.0093,-0.3052,10.9863,-0.9155,1,478,848,719
1218418926,239820,-0.0469,0.0146,1.0063,-0.1221,12.6953,-2.2583,1,492,835,719
1218423924,239821,-0.0605,0.0083,1.0024,0.0610,12.5732,-3.9062,1,510,853,719
1218428922,239822,-0.0737,-0.0156,1.0000,-0.1831,11.2305,-3.8452,1,466,897,719
1218433924,239823,-0.1104,-0.0195,0.9883,0.4883,9.3994,-4.0894,1,466,899,719
1218438923,239824,-0.1514,-0.0068,0.9785,-0.9155,1.8921,-3.2959,1,466,880,719
1218443922,239825,-0.1675,0.0415,0.9849,-2.1362,-5.4932,-3.5400,1,466,881,719
1218448928,239826,-0.1714,0.1011,0.9927,-4.5166,-12.0239,-5.4321,1,466,887,719
1218453925,239827,-0.1626,0.1147,0.9985,-8.6670,-18.5547,-7.2632,1,466,904,719
1218458924,239828,-0.1401,0.0986,1.0137,-11.7187,-24.4751,-9.0942,1,466,900,719
1218463926,239829,-0.1274,0.0962,1.0361,-14.2822,-29.9072,-11.9629,1,466,922,719
1218468930,239830,-0.1382,0.1260,1.0508,-17.3950,-36.1938,-16.6016,1,466,943,719
1218473926,239831,-0.1797,0.1572,1.0396,-20.9351,-42.3584,-22.2168,1,466,917,719
1218478923,239832,-0.2520,0.2246,1.0278,-25.2686,-50.5371,-27.7100,1,465,936,719
1218483927,239833,-0.3120,0.3442,1.0547,-34.3628,-60.6689,-34.5459,1,483,943,719
1218488923,239834,-0.3506,0.4414,1.1069,-45.3491,-66.5894,-43.8232,1,492,931,719
1218493930,239835,-0.3896,0.5356,1.1680,-56.5186,-69.7632,-52.8564,1,490,940,719
1218498930,239836,-0.4136,0.6660,1.2119,-70.9229,-71.1060,-63.4766,1,493,930,719
1218503923,239837,-0.3647,0.7622,1.2539,-89.6606,-71.2891,-75.9277,1,488,924,719
1218508926,239838,-0.2144,0.7808,1.3291,-106.0181,-69.3359,-89.0503,1,476,876,719
1218513929,239839,-0.0601,0.7334,1.4033,-117.3096,-58.2886,-103.8818,1,499,900,719
1218518922,239840,-0.0601,0.6753,1.3989,-124.2676,-41.8091,-117.1875,1,476,884,719
1218523922,239841,-0.2471,0.6909,1.2822,-120.2393,-28.6255,-129.3945,1,488,933,719
1218528924,239842,-0.4790,0.7651,1.1240,-113.7085,-24.5361,-137.8174,1,488,898,719
1218533924,239843,-0.6284,0.8374,1.0361,-106.3843,-23.4985,-144.5923,1,511,901,719
1218538927,239844,-0.6763,0.8916,1.0596,-92.2851,-25.0854,-151.4282,1,466,949,719
1218543924,239845,-0.6631,0.8359,1.2285,-72.6318,-24.3530,-159.5459,1,466,944,719
1218548924,239846,-0.5620,0.7031,1.5234,-41.1377,-20.5078,-164.8559,1,465,938,719
1218553926,239847,-0.4404,0.6733,1.7612,-7.4463,-4.3945,-168.4570,1,466,949,719
1218558925,239848,-0.4355,0.7485,1.8003,8.1787,16.6626,-171.9971,1,466,918,719
1218563928,239849,-0.5098,0.8511,1.6621,16.6016,35.1562,-176.2085,1,466,920,719
1218568929,239850,-0.5791,0.9282,1.4409,20.8740,47.5464,-180.1147,1,466,957,719
1218573930,239851,-0.6143,0.9443,1.2168,18.8599,56.9458,-185.4858,1,466,949,719
1218578923,239852,-0.6304,0.8999,1.0405,17.7002,61.1572,-189.5752,1,466,941,719
1218583935,239853,-0.6333,0.8252,0.9326,18.0664,61.7065,-191.7724,1,466,933,719
1218588940,239854,-0.6309,0.7524,0.8940,18.1885,61.5234,-192.4438,1,466,944,719
1218593930,239855,-0.6240,0.7026,0.9136,19.0430,60.1807,-191.2231,1,483,942,719
1218598925,239856,-0.6035,0.6738,0.9722,19.5312,60.1807,-188.5376,1,492,932,719
1218603924,239857,-0.5708,0.6562,1.0381,19.4092,62.9272,-184.9975,1,495,967,719
1218608927,239858,-0.5415,0.6465,1.0796,19.2871,67.1387,-180.4809,1,492,966,719
1218613925,239859,-0.5264,0.6465,1.0850,19.1040,71.7773,-175.8423,1,489,881,719
1218618927,239860,-0.5254,0.6553,1.0659,18.9209,75.3174,-171.3257,1,489,851,719
1218623929,239861,-0.5239,0.6694,1.0405,19.0430,77.3926,-166.6260,1,489,896,719
1218628926,239862,-0.5117,0.6938,1.0229,18.9819,78.9185,-162.2925,1,506,892,719
1218633924,239863,-0.4937,0.7241,1.0254,18.7988,79.7729,-158.7524,1,490,928,719
1218638924,239864,-0.4619,0.7471,1.0552,18.6768,80.5054,-155.7007,1,487,885,719
1218643922,239865,-0.4199,0.7598,1.1001,19.8364,82.7637,-153.1372,1,511,872,719
1218648923,239866,-0.3887,0.7744,1.1343,21.0571,85.9375,-151.1230,1,492,901,719
1218653926,239867,-0.3804,0.7964,1.1514,21.7285,88.4399,-149.8413,1,466,939,719
1218658931,239868,-0.3535,0.8223,1.2173,21.4844,92.0410,-147.7661,1,466,942,719
1218663924,239869,-0.3145,0.8032,1.2759,21.7895,96.6797,-146.4233,1,466,940,719
1218668926,239870,-0.2861,0.7651,1.3149,23.6816,102.6611,-144.5923,1,466,942,719
1218673922,239871,-0.2759,0.7280,1.3164,26.7334,107.9712,-142.0288,1,466,954,719
1218678928,239872,-0.2744,0.7104,1.2886,30.9448,112.4878,-139.0381,1,466,944,719
1218683930,239873,-0.2715,0.7192,1.2495,35.0952,116.0278,-136.6577,1,466,943,719
1218688927,239874,-0.2603,0.7476,1.2192,38.2690,119.0796,-135.1929,1,466,945,719
1218693927,239875,-0.2363,0.7783,1.2109,40.4053,121.7651,-134.2773,1,465,936,719
1218698926,239876,-0.2070,0.7925,1.2212,41.5649,125.4883,-133.9111,1,466,950,719
1218703927,239877,-0.1831,0.7847,1.2373,42.8467,129.3335,-133.4839,1,466,945,719
1218708925,239878,-0.1660,0.7559,1.2500,44.4946,132.8125,-132.6904,1,483,942,719
1218713923,239879,-0.1538,0.7178,1.2549,46.8750,136.1084,-131.2866,1,482,934,719
1218718931,239880,-0.1445,0.6792,1.2520,49.9878,138.6108,-129.0283,1,495,940,719
1218723929,239881,-0.1333,0.6455,1.2412,53.7720,140.7471,-126.0986,1,493,927,719
1218728922,239882,-0.1216,0.6191,1.2197,57.4951,142.4561,-122.9248,1,487,944,719
1218733928,239883,-0.1216,0.6074,1.1948,61.0962,143.2495,-119.6289,1,495,918,719
1218738926,239884,-0.1250,0.6060,1.1851,64.2700,142.8833,-116.2720,1,488,915,719
1218743926,239885,-0.1133,0.6162,1.2026,66.9556,142.3340,-114.8071,1,493,857,719
1218748924,239886,-0.0957,0.6377,1.2515,66.6504,142.3950,-113.8916,1,493,893,719
1218753922,239887,-0.0801,0.6611,1.3213,66.6504,141.8457,-113.7085,1,508,887,719
1218758922,239888,-0.0508,0.6812,1.3970,65.1855,142.1509,-113.7085,1,493,883,719
1218763927,239889,0.0020,0.6899,1.4600,63.9038,145.7520,-114.1357,1,466,930,719
1218768924,239890,0.0464,0.6885,1.4863,63.4155,151.9165,-115.1733,1,466,943,719
1218773925,239891,0.0566,0.6851,1.4663,64.0259,158.0811,-116.4551,1,466,948,719
1218778926,239892,0.0337,0.6812,1.4092,65.5518,162.5976,-117.1875,1,466,930,719
1218783931,239893,-0.0020,0.6748,1.3320,68.1763,164.9170,-117.4316,1,466,940,719
1218788929,239894,-0.0312,0.6709,1.2554,72.0215,165.1001,-117.4316,1,466,942,719
1218793930,239895,-0.0459,0.6738,1.1982,76.2939,164.1235,-117.3096,1,466,958,719
1218798930,239896,-0.0474,0.6821,1.1719,80.2612,162.4756,-117.5537,1,466,948,719
1218803926,239897,-0.0439,0.6851,1.1714,83.8623,160.6445,-117.5537,1,466,944,719
1218808936,239898,-0.0454,0.6729,1.1821,87.1582,158.8135,-117.4927,1,466,950,719
1218813931,239899,-0.0522,0.6431,1.1924,90.5762,157.4097,-117.4316,1,466,944,719
1218818923,239900,-0.0586,0.5957,1.1968,94.2383,156.1890,-116.8213,1,483,940,719
1218823922,239901,-0.0586,0.5356,1.1943,98.4497,155.3345,-115.6616,1,492,942,719
1218828926,239902,-0.0483,0.4731,1.1860,103.1494,154.1138,-113.8306,1,489,947,719
1218833926,239903,-0.0249,0.4214,1.1714,107.7881,153.0151,-111.9385,1,493,938,719
1218838928,239904,0.0020,0.3809,1.1484,111.0229,152.5879,-110.5957,1,498,880,719
1218843923,239905,0.0186,0.3438,1.1152,112.9761,151.6724,-109.2529,1,496,854,719
1218848928,239906,0.0293,0.3003,1.0771,113.5254,149.3530,-107.5439,1,501,890,719
1218853926,239907,0.0425,0.2480,1.0488,113.2812,145.9961,-105.7129,1,495,905,719
1218858922,239908,0.0615,0.1909,1.0347,112.3657,142.5781,-103.8208,1,499,937,719
1218863929,239909,0.0854,0.1333,1.0264,111.2671,138.7939,-101.3794,1,494,900,719
1218868927,239910,0.1094,0.0762,1.0166,110.0464,135.2539,-98.5718,1,510,900,719
1218873923,239911,0.1240,0.0151,0.9971,109.4360,131.9580,-95.0317,1,466,906,719
1218878923,239912,0.1279,-0.0435,0.9658,109.7412,127.8076,-90.8813,1,466,937,719
1218883923,239913,0.1289,-0.0845,0.9253,110.2905,123.0469,-86.4868,1,466,953,719
1218888927,239914,0.1304,-0.1074,0.8799,109.8022,118.2251,-82.1533,1,466,949,719
1218893926,239915,0.1265,-0.1260,0.8418,108.4595,113.2202,-77.9419,1,465,946,719
1218898929,239916,0.1230,-0.1504,0.8188,107.1777,107.2998,-73.5474,1,466,942,719
1218903926,239917,0.1274,-0.1792,0.8115,106.2622,100.9521,-69.3970,1,466,941,719
1218908923,239918,0.1362,-0.2100,0.8242,105.8960,95.0317,-65.9790,1,466,945,719
1218913928,239919,0.1509,-0.2437,0.8540,106.0791,89.1724,-62.7441,1,466,941,719
1218918926,239920,0.1738,-0.2817,0.8892,106.6284,84.2895,-59.9976,1,466,937,719
1218923945,239921,0.1982,-0.3242,0.9116,107.1167,80.6885,-58.0444,1,466,950,719
1218928944,239922,0.2241,-0.3647,0.9111,108.4595,77.2095,-56.2744,1,465,948,719
1218933930,239923,0.2554,-0.3945,0.8945,108.6426,73.7915,-55.4199,1,483,943,719
1218938925,239924,0.2954,-0.4189,0.8755,107.1167,69.6411,-55.4810,1,492,944,719
1218943924,239925,0.3481,-0.4492,0.8623,104.9805,63.9038,-55.9082,1,503,938,719
1218948928,239926,0.4160,-0.4907,0.8486,102.4170,57.9224,-57.0068,1,494,933,719
1218953928,239927,0.4976,-0.5376,0.8213,100.4028,52.3071,-59.2651,1,474,958,719
1218958922,239928,0.5928,-0.5781,0.7759,99.5483,46.0815,-62.6221,1,496,856,719
1218963924,239929,0.7012,-0.6030,0.7075,99.0601,39.3677,-67.8711,1,479,909,719
1218968922,239930,0.8071,-0.6006,0.6030,96.9849,31.6162,-75.7446,1,481,883,719
1218973924,239931,0.8789,-0.5728,0.4761,91.0034,22.5830,-86.9141,1,502,884,719
1218978927,239932,0.9199,-0.5449,0.3711,82.8857,7.9956,-98.6328,1,494,887,719
1218983923,239933,0.9678,-0.5371,0.3184,72.0825,-7.1411,-112.4878,1,493,883,719
1218988930,239934,1.0264,-0.5537,0.3232,58.2275,-19.7754,-126.8921,1,494,894,719
1218993928,239935,1.0708,-0.5894,0.3770,44.3115,-31.5552,-140.5640,1,466,942,719
1218998930,239936,1.1104,-0.6528,0.4775,29.3579,-42.6636,-151.0620,1,466,936,719
1219003928,239937,1.1787,-0.7617,0.6274,16.7847,-50.9033,-158.0811,1,466,943,719
1219008923,239938,1.2764,-0.8965,0.7925,10.6812,-54.8706,-160.4004,1,466,932,719
1219013928,239939,1.3633,-1.0068,0.9009,9.2163,-54.6875,-158.4473,1,466,931,719
1219018926,239940,1.3945,-1.0581,0.9243,9.3994,-54.1382,-153.0151,1,466,918,719
1219023928,239941,1.6445,-0.6724,0.3315,4.5166,-93.9331,-149.3530,1,466,931,719
1219028924,239942,0.4517,-0.1577,-1.0659,-52.0630,-183.4106,-137.8784,1,466,926,719
1219033931,239943,-1.3574,-0.5078,-1.3564,-137.6953,-199.5849,-125.3662,1,466,950,719
1219038931,239944,-1.3911,-0.9507,-0.3262,-98.7549,-205.0781,-125.0000,1,466,964,719
1219043935,239945,-1.5293,-0.7593,0.1270,-95.8862,-205.1391,-119.2627,1,466,952,719
1219048947,239946,-1.9854,-0.5903,-0.1489,-151.9775,-286.4990,-105.8350,1,484,954,719
1219053924,239947,-1.2778,-0.9629,-0.3496,-157.6538,-367.5537,-106.9946,1,484,947,719
1219058922,239948,0.1919,-1.6763,0.0205,-114.3799,-401.5503,-83.5571,1,492,957,719
1219063929,239949,1.0620,-1.9106,0.9058,-72.8149,-387.5732,-67.1997,1,502,946,719
1219068931,239950,0.8306,-1.4893,1.9180,-51.5137,-379.0283,-50.7202,1,493,927,719
1219073926,239951,0.3066,-1.0869,2.6616,-65.4907,-375.0610,-30.0293,1,499,881,719
1219078925,239952,0.1357,-0.9849,2.9629,-67.4438,-356.6894,-15.2588,1,503,854,719
1219083924,239953,0.3311,-0.8364,2.9409,-53.5889,-343.1396,-4.4556,1,503,929,719
1219088922,239954,0.6221,-0.5161,2.9077,-57.6782,-320.3735,0.4272,1,503,900,719
1219093929,239955,0.8022,-0.1538,3.0498,-64.8193,-291.3208,1.1597,1,484,905,719
1219098926,239956,0.8594,0.1333,3.2139,-54.9927,-260.4370,-3.2349,1,494,872,719
1219103922,239957,0.7656,0.2427,3.1729,-48.0957,-222.9004,-10.6201,1,510,876,719
1219108924,239958,0.5845,0.1172,2.9292,-44.7998,-190.8569,-16.7847,1,466,939,719
1219113927,239959,0.4263,-0.1675,2.6016,-33.6304,-163.3911,-20.6909,1,466,940,719
1219118923,239960,0.2871,-0.4395,2.2583,-23.5596,-140.7471,-19.7144,1,466,931,719
1219123931,239961,0.1587,-0.5938,1.9443,-22.3999,-123.9014,-13.7329,1,466,933,719
1219128928,239962,0.0703,-0.6338,1.7046,-23.8037,-112.1216,-5.5542,1,466,982,719
1219133926,239963,0.0234,-0.5527,1.5640,-21.6064,-101.9897,0.8545,1,466,924,719
1219138922,239964,0.0176,-0.3647,1.5200,-17.3950,-94.2383,4.8218,1,466,926,719
1219143928,239965,0.0474,-0.1494,1.5229,-12.2681,-84.9609,5.3101,1,466,913,719
1219148928,239966,0.0581,0.0215,1.4858,-6.2866,-73.7305,3.2349,1,466,920,719
1219153924,239967,0.0151,0.1240,1.3525,-1.9531,-65.0635,0.1221,1,466,898,719
1219158929,239968,-0.0684,0.1548,1.1621,-2.5635,-59.9365,-2.7466,1,466,897,719
1219163953,239969,-0.1431,0.1333,1.0088,-4.8218,-59.0820,-4.8828,1,466,908,719
1219168930,239970,-0.1626,0.0869,0.9497,-7.1411,-59.8755,-6.3477,1,483,904,719
1219173928,239971,-0.1411,0.0337,0.9624,-9.2773,-59.2651,-7.0190,1,493,909,719
1219178926,239972,-0.1299,-0.0039,0.9829,-10.3760,-57.6782,-7.3853,1,510,911,719
1219183926,239973,-0.1440,-0.0107,0.9692,-10.9863,-57.6782,-7.8735,1,494,863,719
1219188922,239974,-0.1665,0.0010,0.9238,-12.6343,-58.7769,-8.5449,1,492,955,719
1219193922,239975,-0.1851,0.0054,0.8799,-15.0146,-61.0962,-9.4604,1,496,891,719
1219198930,239976,-0.1890,-0.0161,0.8765,-16.7847,-65.0024,-10.1929,1,500,882,719
1219203923,239977,-0.3003,-0.2168,1.0112,-16.7847,-63.9038,-8.4839,1,472,914,719
1219208928,239978,-0.3296,-0.5674,1.3145,-4.0894,-72.2656,2.6245,1,501,886,719
1219213929,239979,-0.0449,-0.8110,1.5322,14.0991,-75.6226,11.3525,1,494,854,719
1219218923,239980,0.1899,-0.8501,1.4644,20.6909,-53.4668,16.6016,1,492,893,719
1219223931,239981,0.1392,-0.6714,1.2319,31.3721,-45.7153,20.5688,1,466,923,719
1219228925,239982,-0.0361,-0.3550,1.0356,46.0205,-48.6450,23.1323,1,466,941,719
1219233930,239983,-0.1719,-0.0620,0.9893,48.2788,-49.4995,21.4233,1,466,943,719
1219238926,239984,-0.1909,0.1021,1.0820,47.7295,-51.6357,17.9443,1,466,944,719
1219243927,239985,-0.0986,0.1304,1.1899,46.0205,-51.2695,15.3198,1,466,931,719
1219248922,239986,-0.0137,0.0693,1.2148,43.1519,-44.4336,12.5732,1,466,943,719
1219253927,239987,-0.0137,-0.0093,1.1558,43.1519,-40.7104,11.5356,1,466,941,719
1219258929,239988,-0.0527,-0.0410,1.0737,44.6777,-40.2832,11.3525,1,466,932,719
1219263926,239989,-0.0845,-0.0112,1.0381,45.8374,-39.1846,10.1929,1,466,942,719
1219268941,239990,-0.0972,0.0581,1.0718,45.8374,-38.9404,9.0332,1,466,923,719
1219273942,239991,-0.1152,0.2217,1.2046,42.1143,-37.2314,4.1504,1,466,911,719
1219278928,239992,-0.0435,0.3682,1.3340,29.1138,-41.5039,0.3052,1,483,916,719
1219283927,239993,0.0498,0.2832,1.3125,18.9209,-29.9072,-1.5869,1,465,915,719
1219288923,239994,0.0200,0.0278,1.1958,14.6484,-25.0244,-1.8921,1,483,906,719
1219293930,239995,-0.0347,-0.1675,1.0854,18.6768,-26.4893,-0.7324,1,493,909,719
1219298930,239996,-0.0562,-0.1636,1.0532,23.0713,-24.3530,-0.6714,1,466,826,719
1219303930,239997,-0.0317,-0.0361,1.1084,21.4844,-21.6675,-1.7700,1,488,899,719
1219308926,239998,0.0137,0.0518,1.1646,18.7988,-17.6392,-2.3804,1,493,896,719
1219313923,239999,0.0225,0.0317,1.1538,16.1743,-12.9395,-2.9297,1,474,855,719
1219318931,240000,-0.0078,-0.0264,1.1094,16.0522,-11.0474,-2.8687,1,480,890,719
1219323922,240001,-0.0347,-0.0430,1.0742,16.7236,-10.3760,-2.8687,1,489,859,719
1219328927,240002,-0.0449,-0.0234,1.0630,15.5029,-8.8501,-3.2349,1,505,866,719
1219333923,240003,-0.0400,0.0078,1.0791,14.0381,-8.3008,-3.2959,1,493,869,719
1219338922,240004,-0.0229,0.0210,1.0908,12.0239,-7.5073,-3.2349,1,466,889,719
1219343924,240005,-0.0229,0.0020,1.0708,10.8032,-5.0049,-3.4180,1,466,903,719
1219348926,240006,-0.0571,-0.0269,1.0234,10.5591,-4.7607,-3.2959,1,465,894,719
1219353926,240007,-0.0903,-0.0293,0.9883,11.7798,-6.5918,-2.8687,1,465,903,719
1219358922,240008,-0.0864,-0.0156,1.0005,10.8032,-8.3618,-2.8076,1,466,898,719
1219363930,240009,-0.0547,-0.0112,1.0479,10.2539,-8.3008,-2.6245,1,466,900,719
1219368922,240010,-0.0181,-0.0020,1.0952,10.2539,-6.7139,-2.0752,1,466,900,719
1219373923,240011,-0.0073,0.0088,1.0991,8.7280,-3.7842,-2.0142,1,466,894,719
1219378927,240012,-0.0332,0.0132,1.0649,7.6904,-3.1128,-1.7090,1,466,879,719
1219383922,240013,-0.0601,0.0151,1.0342,6.9580,-4.2725,-1.4038,1,466,884,719
1219388938,240014,-0.0659,0.0117,1.0269,6.1646,-4.8828,-1.1597,1,483,879,719
1219393926,240015,-0.0581,0.0015,1.0322,5.7983,-4.9438,-1.0986,1,484,885,719
1219398927,240016,-0.0508,-0.0015,1.0361,6.1035,-5.1270,-1.1597,1,492,885,719
1219403929,240017,-0.0503,0.0024,1.0288,5.9204,-5.4932,-1.7700,1,491,864,719
1219408930,240018,-0.0493,0.0044,1.0293,5.7983,-6.1035,-1.8311,1,493,875,719
1219413922,240019,-0.0449,0.0024,1.0317,5.9204,-5.6763,-2.0752,1,501,793,719
1219418929,240020,-0.0469,-0.0029,1.0293,6.0425,-5.5542,-2.5635,1,488,843,719
1219423927,240021,-0.0503,-0.0112,1.0249,6.4087,-5.9814,-2.8076,1,502,799,719
1219428924,240022,-0.0498,-0.0132,1.0234,7.0190,-5.9814,-2.9297,1,505,838,719
1219433930,240023,-0.0483,-0.0107,1.0229,7.2632,-5.9814,-3.1128,1,486,840,719
1219438930,240024,-0.0479,-0.0068,1.0225,7.5684,-6.1035,-3.0518,1,496,841,719
1219443930,240025,-0.0522,0.0068,1.0166,7.9956,-6.2866,-3.1128,1,510,831,719
1219448925,240026,-0.0557,-0.0044,1.0112,7.0190,-6.3477,-3.5400,1,493,859,719
1219453922,240027,-0.0518,-0.0259,1.0137,7.8735,-6.2256,-2.9907,1,466,878,719
1219458927,240028,-0.0469,-0.0161,1.0122,9.0332,-6.1646,-2.8687,1,466,884,719
1219463930,240029,-0.0459,0.0005,1.0044,8.3618,-6.1035,-3.0518,1,466,885,719
1219468928,240030,-0.0557,-0.0122,0.9971,8.1177,-5.9204,-3.4790,1,466,871,719
1219473929,240031,-0.0718,-0.0269,0.9897,9.4604,-6.8970,-2.6245,1,466,883,719
1219478923,240032,-0.0786,-0.0107,0.9868,9.8877,-8.1787,-2.7466,1,466,887,719
1219483928,240033,-0.0659,0.0005,0.9966,9.0942,-8.9722,-2.8076,1,466,889,719
1219488925,240034,-0.0444,0.0054,1.0122,9.2163,-8.8501,-2.6245,1,465,877,719
1219493923,240035,-0.0293,0.0098,1.0234,9.1553,-7.8125,-2.5024,1,466,883,719
1219498947,240036,-0.0234,0.0083,1.0298,8.6670,-7.0190,-2.5024,1,466,880,719
1219503945,240037,-0.0249,0.0063,1.0303,8.9722,-6.3477,-2.2583,1,466,881,719
1219508930,240038,-0.0342,0.0103,1.0220,8.8501,-5.7373,-2.0752,1,483,883,719
1219513922,240039,-0.0522,0.0156,1.0093,8.6670,-6.0425,-2.0752,1,493,874,719
1219518926,240040,-0.0684,0.0146,0.9976,8.8501,-7.2021,-2.4414,1,465,830,719
1219523922,240041,-0.0757,0.0112,0.9917,9.0332,-8.7891,-3.0518,1,493,880,719
1219528922,240042,-0.0767,0.0142,0.9893,9.6436,-10.3149,-3.9062,1,482,848,719
1219533928,240043,-0.0781,0.0269,0.9897,10.0708,-12.1460,-5.1270,1,484,868,719
1219538927,240044,-0.0952,0.0161,0.9893,9.2773,-13.7329,-6.4697,1,479,885,719
1219543928,240045,-0.1196,0.0278,0.9907,10.0708,-17.5171,-6.1646,1,482,863,719
1219548926,240046,-0.1113,0.0684,0.9937,7.2632,-22.4609,-6.7749,1,484,881,719
1219553923,240047,-0.0830,0.0610,0.9922,5.9814,-23.3154,-8.6060,1,502,858,719
1219558922,240048,-0.0732,0.0430,0.9863,6.0425,-26.0620,-9.3384,1,489,854,719
1219563930,240049,-0.0771,0.0513,0.9800,5.4321,-28.6865,-10.3149,1,465,870,719
1219568929,240050,-0.0806,0.0532,0.9927,3.3569,-31.1890,-11.4746,1,466,923,719
1219573922,240051,-0.0562,0.0581,1.0176,2.0142,-34.1797,-11.2915,1,466,921,719
1219578927,240052,-0.0327,0.0669,1.0229,-0.0610,-33.9355,-12.7563,1,466,912,719
1219583925,240053,-0.0420,0.0435,1.0190,-1.8921,-35.2173,-13.8550,1,466,918,719
1219588923,240054,-0.0752,0.0220,1.0127,-2.3193,-38.2690,-13.2446,1,466,908,719
1219593928,240055,-0.1084,0.0410,1.0029,-4.2114,-42.4194,-11.9629,1,466,916,719
1219598928,240056,-0.0874,0.0659,1.0156,-7.9956,-47.4243,-11.3525,1,466,924,719
1219603926,240057,-0.0342,0.0566,1.0444,-9.5825,-49.0723,-11.9629,1,466,932,719
1219608944,240058,-0.0020,0.0459,1.0669,-10.6201,-50.1099,-12.3901,1,465,924,719
1219613923,240059,0.0024,0.0410,1.0728,-13.2446,-51.5747,-12.0850,1,466,925,719
1219618925,240060,-0.0093,0.0366,1.0581,-14.7705,-52.6733,-11.5356,1,484,937,719
1219623924,240061,-0.0298,0.0479,1.0415,-16.5405,-54.5044,-10.5591,1,465,943,719
1219628922,240062,-0.0269,0.0400,1.0483,-18.4937,-57.9224,-8.9111,1,484,914,719
1219633930,240063,0.0176,0.0098,1.0718,-18.2495,-58.8989,-7.6904,1,494,854,719
1219638925,240064,0.0537,0.0000,1.0771,-17.3340,-57.3120,-7.3853,1,472,824,719
1219643930,240065,0.0625,0.0059,1.0708,-17.8223,-57.6782,-7.6904,1,479,834,719
1219648922,240066,0.0752,0.0034,1.0728,-17.2729,-58.2886,-8.4839,1,498,867,719
1219653922,240067,0.1040,0.0010,1.0767,-16.5405,-57.2510,-9.5215,1,483,863,719
1219658926,240068,0.1079,0.0068,1.0776,-16.1743,-54.8706,-9.8877,1,484,853,719
1219663926,240069,0.0693,0.0107,1.0762,-15.9302,-53.6499,-9.9487,1,494,868,719
1219668929,240070,0.0127,0.0181,1.0894,-16.0522,-57.0679,-8.6060,1,496,872,719
1219673927,240071,-0.0298,0.0366,1.1094,-17.7612,-70.4956,-7.9346,1,493,874,719
1219678929,240072,-0.0664,0.0825,1.1113,-20.6909,-84.8999,-8.4229,1,466,909,719
1219683927,240073,-0.1313,0.1118,1.0928,-25.5127,-99.5483,-11.5356,1,466,924,719
1219688923,240074,-0.1997,0.0874,1.0703,-29.3579,-116.4551,-15.8691,1,466,949,719
1219693924,240075,-0.2085,0.0591,1.0635,-32.8979,-137.1460,-20.6299,1,466,949,719
1219698930,240076,-0.2725,0.0620,1.0449,-36.4990,-152.5269,-26.9165,1,466,927,719
1219703926,240077,-0.4912,0.1206,1.0308,-40.0391,-170.2270,-28.5645,1,466,935,719
1219708926,240078,-0.7280,0.2305,1.0410,-46.2646,-200.4394,-28.3203,1,466,929,719
1219713922,240079,-0.9912,0.3403,1.0688,-61.9507,-227.8442,-27.9541,1,465,945,719
1219718926,240080,-1.3452,0.4829,1.1167,-78.5522,-277.0996,-22.2778,1,466,946,719
1219723945,240081,-1.1772,0.4214,1.3608,-103.5767,-348.9990,-16.2354,1,466,944,719
1219728927,240082,-0.2686,0.3223,1.6079,-111.0840,-412.2924,-12.1460,1,466,944,719
1219733922,240083,-0.2974,0.7139,1.8125,-150.8179,-389.1601,-30.8228,1,484,952,719
1219738926,240084,-1.1831,1.2788,2.1895,-218.8110,-463.5009,-30.9448,1,492,939,719
1219743923,240085,-1.1196,1.4487,2.2471,-269.8975,-553.9551,-35.5225,1,486,958,719
1219748925,240086,-0.7573,1.2090,2.0459,-341.0644,-548.4009,-55.9082,1,493,924,719
1219753928,240087,-1.0635,0.8506,1.9111,-381.6528,-584.9609,-58.7769,1,481,937,719
1219758925,240088,-1.4707,0.4546,1.5547,-401.9165,-659.3627,-70.3125,1,478,859,719
1219763922,240089,-1.5869,-0.0400,0.9561,-418.5180,-706.2377,-98.1445,1,482,911,719
1219768926,240090,-1.4756,-0.5176,0.3896,-392.5171,-764.6484,-113.4033,1,505,910,719
1219773929,240091,-0.8604,-0.2246,0.3218,-359.4360,-821.3500,-114.5019,1,502,880,719
1219778925,240092,0.7720,0.2217,1.1313,-351.5014,-752.1972,-99.1821,1,489,907,719
1219783922,240093,2.9922,-0.7769,3.5332,-332.1533,-554.3213,-123.7183,1,469,928,719
1219788922,240094,3.9458,-2.1011,6.3003,-186.4014,-365.1733,-152.8320,1,493,925,719
1219793927,240095,2.3848,-2.1108,6.8032,-32.9590,-160.5835,-162.5366,1,466,949,719
1219798925,240096,-0.5337,-1.2002,5.2944,17.8833,-37.2314,-159.7290,1,466,944,719
1219803930,240097,-2.3545,-0.2944,3.5337,37.4756,-31.3110,-137.3291,1,466,932,719
1219808925,240098,-2.3320,0.1094,2.4551,39.6729,-8.5449,-132.7515,1,466,941,719
1219813922,240099,-1.7080,0.0957,1.9185,45.7153,24.8413,-136.4746,1,466,917,719
1219818931,240100,-1.4258,0.0112,1.5200,48.1567,39.2456,-139.9536,1,466,943,719
1219823929,240101,-1.4648,-0.0381,1.2119,38.3911,40.2222,-142.7002,1,466,940,719
1219828927,240102,-1.4956,-0.1177,1.0815,29.9072,41.9311,-143.6157,1,466,929,719
1219833927,240103,-1.4155,-0.2471,1.1172,24.9023,52.4292,-143.1885,1,466,948,719
1219838926,240104,-1.3066,-0.3872,1.2373,23.8037,67.2607,-139.9536,1,466,938,719
1219843939,240105,-1.2271,-0.4951,1.3647,26.4893,83.9233,-134.1553,1,466,944,719
1219848926,240106,-1.1680,-0.5605,1.4629,31.8603,101.5015,-126.7700,1,484,944,719
1219853924,240107,-1.1079,-0.5884,1.5229,39.2456,120.0561,-118.8354,1,466,946,719
1219858923,240108,-1.0493,-0.5786,1.5537,47.1191,139.1602,-110.9619,1,466,951,719
1219863922,240109,-0.9980,-0.5317,1.5757,53.3447,156.9214,-103.8818,1,494,938,719
1219868924,240110,-0.9365,-0.4604,1.6040,57.4341,173.8281,-97.9004,1,484,946,719
1219873926,240111,-0.8398,-0.3789,1.6274,59.5093,191.8335,-93.6890,1,504,856,719
1219878923,240112,-0.7085,-0.3018,1.6245,59.1431,212.0361,-91.4917,1,503,862,719
1219883928,240113,-0.5679,-0.2368,1.5796,56.7017,233.8257,-91.1865,1,503,901,719
1219888926,240114,-0.4604,-0.1890,1.4858,52.7954,255.5542,-92.2851,1,500,917,719
1219893925,240115,-0.4014,-0.1602,1.3506,47.9736,273.6206,-93.8721,1,493,926,719
1219898929,240116,-0.3613,-0.1514,1.1899,42.1753,287.4756,-95.2148,1,495,885,719
1219903924,240117,-0.3164,-0.1611,1.0151,36.0718,297.6074,-95.8252,1,493,916,719
1219908929,240118,-0.2861,-0.1797,0.8491,29.6020,303.8330,-96.1304,1,466,933,719
1219913929,240119,-0.2773,-0.2026,0.7349,22.4609,303.3447,-94.8486,1,466,936,719
1219918926,240120,-0.2515,-0.2319,0.6968,15.4419,297.9736,-91.3696,1,465,944,719
1219923926,240121,-0.2031,-0.2671,0.7290,9.0332,292.6025,-86.5478,1,466,945,719
1219928925,240122,-0.1572,-0.2979,0.8218,3.2959,287.4146,-80.6885,1,466,921,719
1219933924,240123,-0.1201,-0.3188,0.9648,-1.8311,283.0811,-73.9136,1,465,920,719
1219938924,240124,-0.0806,-0.3350,1.1338,-6.4697,282.4097,-66.4062,1,466,912,719
1219943929,240125,-0.0405,-0.3457,1.2964,-9.9487,285.5835,-58.2886,1,466,945,719
1219948927,240126,-0.0063,-0.3428,1.4277,-12.5122,291.1377,-49.5605,1,466,925,719
1219953929,240127,0.0239,-0.3242,1.5156,-15.1978,297.9736,-40.8325,1,466,941,719
1219958943,240128,0.0518,-0.2915,1.5571,-18.3105,305.2979,-32.2266,1,483,944,719
1219963929,240129,0.0820,-0.2441,1.5562,-22.1558,311.8896,-23.9258,1,484,924,719
1219968924,240130,0.1123,-0.1855,1.5244,-27.4658,317.5659,-16.6016,1,492,939,719
1219973922,240131,0.1382,-0.1245,1.4829,-34.2407,321.6552,-9.8877,1,479,928,719
1219978926,240132,0.1582,-0.0718,1.4526,-42.0532,323.4253,-3.4790,1,497,918,719
1219983923,240133,0.1772,-0.0381,1.4434,-49.6826,323.8525,2.5024,1,470,845,719
1219988924,240134,0.1992,-0.0264,1.4531,-55.7251,323.3642,8.6060,1,496,844,719
1219993927,240135,0.2183,-0.0283,1.4722,-59.3262,322.2656,15.0146,1,497,889,719
1219998926,240136,0.2324,-0.0332,1.4927,-60.7300,321.0449,21.7895,1,493,913,719
1220003922,240137,0.2466,-0.0288,1.5073,-60.1196,319.7632,28.7476,1,494,894,719
1220008930,240138,0.2549,-0.0093,1.5151,-58.4106,318.8477,35.8276,1,503,912,719
1220013928,240139,0.2559,0.0186,1.5254,-56.4575,317.7490,42.3584,1,473,900,719
1220018926,240140,0.2573,0.0479,1.5420,-54.0771,316.5283,48.1567,1,493,908,719
1220023927,240141,0.2598,0.0801,1.5542,-50.9644,315.7349,52.9175,1,466,941,719
1220028924,240142,0.2578,0.1187,1.5571,-47.8516,314.3921,56.3965,1,466,926,719
1220033925,240143,0.2573,0.1621,1.5664,-45.3491,312.3779,58.5937,1,466,939,719
1220038923,240144,0.2607,0.2017,1.6001,-43.5181,310.9741,59.0820,1,466,953,719
1220043929,240145,0.2471,0.2285,1.6655,-41.4429,309.7534,57.5561,1,465,926,719
1220048926,240146,0.2236,0.2402,1.7700,-39.4287,306.4575,55.0537,1,466,944,719
1220053926,240147,0.2378,0.2300,1.9082,-37.1094,304.6875,52.3682,1,466,936,719
1220058930,240148,0.2939,0.2021,2.0469,-33.1421,308.2275,49.0723,1,466,928,719
1220063946,240149,0.3496,0.1748,2.1396,-26.9165,315.3687,45.4102,1,466,928,719
1220068928,240150,0.3760,0.1650,2.1636,-19.8975,322.6318,40.9546,1,466,945,719
1220073926,240151,0.3809,0.1724,2.1348,-14.0381,328.0639,35.7056,1,484,937,719
1220078927,240152,0.3862,0.1851,2.0825,-9.9487,331.8481,29.4800,1,491,931,719
1220083925,240153,0.4048,0.1914,2.0220,-7.2021,334.2285,22.5830,1,511,934,719
1220088922,240154,0.4258,0.1831,1.9595,-5.7373,335.7544,14.9536,1,488,866,719
1220093931,240155,0.4404,0.1606,1.9048,-5.7983,335.0219,7.1411,1,483,959,719
1220098930,240156,0.4600,0.1274,1.8765,-7.9346,332.4585,-0.1831,1,476,882,719
1220103928,240157,0.4980,0.0864,1.8823,-10.9253,330.0781,-6.7139,1,479,873,719
1220108923,240158,0.5508,0.0386,1.9097,-14.7705,329.2846,-12.2070,1,503,891,719
1220113929,240159,0.6035,-0.0195,1.9297,-18.9819,329.2236,-16.4795,1,486,893,719
1220118925,240160,0.6504,-0.0845,1.9170,-23.3154,329.1626,-19.1040,1,499,908,719
1220123922,240161,0.6909,-0.1431,1.8647,-28.3203,328.0639,-19.7144,1,469,903,719
1220128925,240162,0.7275,-0.1841,1.7822,-34.8511,325.3174,-18.3716,1,493,909,719
1220133929,240163,0.7622,-0.2109,1.6865,-42.7246,320.2515,-15.0757,1,466,930,719
1220138926,240164,0.7993,-0.2314,1.5967,-50.9033,312.6831,-9.9487,1,466,942,719
1220143927,240165,0.8477,-0.2510,1.5308,-58.2886,302.9175,-3.3569,1,466,930,719
1220148923,240166,0.9253,-0.2632,1.4824,-63.7817,291.0767,4.0894,1,466,917,719
1220153923,240167,1.0410,-0.2749,1.4590,-64.6362,276.4893,13.4888,1,466,921,719
1220158925,240168,1.2939,-0.3364,1.5254,-66.8335,254.6387,29.8462,1,466,938,719
1220163928,240169,1.4624,-0.3428,1.5200,-55.8472,240.7837,39.5508,1,466,945,719
1220168923,240170,1.6509,-0.3145,1.4561,-51.8188,231.7505,46.0205,1,466,935,719
1220173922,240171,1.8325,-0.2607,1.3398,-45.0439,220.6421,51.2695,1,466,938,719
1220178923,240172,2.0034,-0.1680,1.1582,-35.8887,204.8950,54.6265,1,466,951,719
1220183926,240173,2.1665,-0.0474,0.9268,-32.8369,188.2934,52.7954,1,484,940,719
1220188924,240174,2.3154,0.0635,0.6870,-29.9072,166.7480,47.9736,1,466,945,719
1220193923,240175,2.4497,0.1582,0.4707,-27.8320,141.1743,40.7715,1,492,949,719
1220198922,240176,2.5723,0.2363,0.3105,-29.4800,113.4033,30.8228,1,465,935,719
1220203928,240177,2.6909,0.2773,0.2256,-31.9824,84.4726,20.1416,1,493,936,719
1220208925,240178,2.7983,0.2627,0.2012,-33.0811,55.7861,10.0098,1,483,943,719
1220213923,240179,2.8770,0.2002,0.2129,-32.5317,27.1606,1.7090,1,486,832,719
1220218922,240180,2.9258,0.1030,0.2363,-29.9683,-1.3428,-3.1128,1,489,881,719
1220223929,240181,3.0479,0.0845,0.1699,-26.9775,-34.4849,-4.5166,1,493,859,719
1220228924,240182,3.1055,0.6631,-0.9463,-16.4795,-161.8042,-5.9814,1,484,872,719
1220233928,240183,2.5015,1.0986,-2.5742,-55.8472,-320.3735,-7.8735,1,502,870,719
1220238924,240184,2.2534,0.4756,-2.6396,-85.8765,-456.4819,-40.7104,1,480,883,719
1220243930,240185,2.8843,-0.5059,-0.9307,-42.8467,-392.0898,-64.3311,1,493,926,719
1220248929,240186,1.8574,-1.0928,1.2310,31.1890,-300.2319,-77.5146,1,466,906,719
1220253924,240187,-1.3906,-1.4111,2.7061,54.8706,-291.5039,-91.7969,1,466,934,719
1220258927,240188,-3.6665,-1.6401,2.9541,95.3979,-394.3481,-72.8149,1,466,941,719
1220263926,240189,-2.7563,-1.5439,1.8745,134.7046,-485.5346,-21.8506,1,466,955,719
1220268930,240190,0.0664,-1.1069,0.2827,121.0327,-523.4375,32.3486,1,466,954,719
1220273924,240191,1.8862,-0.4878,-0.3823,61.0352,-503.2348,49.6216,1,466,945,719
1220278924,240192,1.5044,0.0063,0.6987,10.9253,-501.1596,43.5181,1,466,949,719
1220283928,240193,0.4302,0.2290,2.8389,-9.8267,-523.7427,51.3306,1,466,935,719
1220288924,240194,0.4546,0.4238,4.5571,6.4087,-511.4135,65.3687,1,466,918,719
1220293948,240195,1.5278,0.9272,4.9233,32.8979,-443.1152,58.9600,1,466,926,719
1220298927,240196,2.2427,1.5103,4.1602,25.9399,-344.1772,27.8320,1,466,952,719
1220303926,240197,1.8745,1.6260,3.1460,-2.8687,-271.7896,-3.2349,1,484,947,719
1220308923,240198,0.9937,1.1753,2.5181,-16.6626,-243.6523,-19.6533,1,466,909,719
1220313924,240199,0.4087,0.4756,2.2788,-24.1699,-228.1494,-25.3296,1,483,934,719
1220318926,240200,0.2866,-0.1626,2.1328,-33.7524,-204.8950,-25.8179,1,471,937,719
1220323928,240201,0.3252,-0.5488,1.8906,-38.1470,-184.7534,-20.2637,1,493,888,719
1220328929,240202,0.1592,-0.8149,1.5991,-42.2974,-169.5556,-11.7798,1,491,859,719
1220333927,240203,-0.3530,-1.3501,1.7803,-35.4614,-147.0337,13.6108,1,491,875,719
1220338925,240204,-0.1724,-1.7881,2.2344,17.3340,-196.8994,44.4946,1,474,899,719
1220343930,240205,0.6504,-1.6899,2.2529,52.8564,-156.9824,52.6733,1,498,910,719
1220348931,240206,0.8037,-1.1704,2.0127,69.5801,-107.3608,49.0723,1,489,903,719
1220353922,240207,0.4644,-0.3604,1.8364,94.6655,-105.9570,46.3867,1,497,884,719
1220358922,240208,0.2319,0.3491,1.7368,102.4780,-98.9990,42.2363,1,493,921,719
1220363926,240209,0.1577,0.6074,1.6372,85.3271,-72.8760,28.8086,1,466,951,719
1220368926,240210,0.1094,0.3730,1.5117,76.1719,-59.8144,21.6064,1,466,938,719
1220373931,240211,0.0903,-0.0967,1.3618,78.4912,-55.7861,20.9351,1,466,934,719
1220378924,240212,0.0879,-0.4355,1.2261,86.4868,-49.6216,20.1416,1,466,931,719
1220383931,240213,0.0552,-0.4429,1.1387,97.3511,-45.9595,20.3857,1,466,936,719
1220388928,240214,0.0151,-0.1860,1.1245,101.1963,-43.7622,19.6533,1,466,936,719
1220393922,240215,0.0186,0.1377,1.2056,96.6186,-39.4287,17.7002,1,466,943,719
1220398926,240216,0.0811,0.3608,1.3364,87.0972,-31.3110,14.5264,1,466,923,719
1220403933,240217,0.1304,0.4102,1.4160,73.9746,-19.6533,11.9019,1,466,936,719
1220408926,240218,0.1035,0.3428,1.3955,62.1338,-10.3760,9.9487,1,466,923,719
1220413935,240219,0.0303,0.2593,1.3047,52.4292,-6.1035,8.6670,1,483,927,719
1220418923,240220,-0.0537,0.2358,1.2305,43.7012,-4.2725,7.0801,1,466,898,719
1220423924,240221,-0.0825,0.2710,1.2261,33.2642,-6.2256,4.0283,1,511,895,719
1220428928,240222,-0.0288,0.2510,1.2192,21.2402,-5.7983,2.1973,1,474,892,719
1220433927,240223,-0.0083,0.1211,1.1353,13.8550,0.4272,1.0986,1,508,857,719
1220438924,240224,-0.0688,-0.0386,1.0039,12.0850,0.6714,0.4272,1,488,839,719
1220443923,240225,-0.1479,-0.1230,0.9062,13.9770,-2.7466,0.6104,1,472,822,719
1220448928,240226,-0.1860,-0.0967,0.8848,15.3198,-7.0801,0.2441,1,497,901,719
1220453931,240227,-0.1772,-0.0215,0.9214,14.7095,-10.3760,-0.4883,1,474,871,719
1220458924,240228,-0.1406,0.0278,0.9746,12.8784,-14.2212,-0.9766,1,490,896,719
1220463924,240229,-0.0942,0.0356,1.0142,11.5356,-16.0522,-1.1597,1,509,876,719
1220468926,240230,-0.0703,0.0181,1.0332,10.6812,-16.4795,-1.5869,1,493,885,719
1220473923,240231,-0.0654,0.0000,1.0352,10.1318,-16.9678,-1.6479,1,466,907,719
1220478930,240232,-0.0659,-0.0063,1.0273,10.0098,-17.2119,-1.6479,1,466,870,719
1220483927,240233,-0.0664,-0.0132,1.0195,9.5825,-17.4561,-1.8921,1,465,904,719
1220488928,240234,-0.0645,-0.0176,1.0190,9.8267,-17.7002,-2.1973,1,466,894,719
1220493924,240235,-0.0498,-0.0200,1.0327,9.8267,-17.8223,-2.5024,1,466,889,719
1220498928,240236,-0.0259,-0.0151,1.0571,9.6436,-16.1133,-2.9907,1,466,897,719
1220503924,240237,-0.0054,0.0034,1.0820,9.0942,-13.4888,-3.3569,1,466,898,719
1220508923,240238,0.0112,0.0059,1.0938,7.5073,-10.2539,-3.4790,1,466,899,719
1220513922,240239,0.0137,-0.0063,1.0923,7.1411,-6.4697,-3.8452,1,466,929,719
1220518944,240240,0.0044,-0.0210,1.0776,6.8359,-3.9062,-3.9062,1,466,888,719
1220523928,240241,-0.0156,-0.0342,1.0508,7.3853,-1.4038,-3.9673,1,466,883,719
1220528926,240242,-0.0386,-0.0303,1.0342,7.9956,-0.4883,-3.9673,1,484,880,719
1220533929,240243,-0.0386,-0.0308,1.0352,7.7515,-0.5493,-3.7231,1,465,877,719
1220538928,240244,-0.0342,-0.0532,1.0308,9.0332,0.6104,-3.7842,1,483,871,719
1220543923,240245,-0.0415,-0.0493,1.0229,11.5356,0.7935,-3.8452,1,488,875,719
1220548928,240246,-0.0381,-0.0327,1.0259,11.9019,0.1221,-3.6621,1,475,948,719
1220553922,240247,-0.0371,-0.0376,1.0269,12.5122,1.9531,-4.0283,1,466,877,719
1220558929,240248,-0.0503,-0.0332,1.0220,14.4043,1.0986,-4.0894,1,474,876,719
1220563930,240249,-0.0503,-0.0254,1.0239,14.7705,-0.1221,-4.0283,1,486,865,719
1220568923,240250,-0.0459,-0.0264,1.0293,15.0757,0.7324,-4.3335,1,486,848,719
1220573927,240251,-0.0498,-0.0215,1.0293,16.0522,-0.0610,-4.2725,1,487,876,719
1220578923,240252,-0.0527,-0.0112,1.0273,15.9912,-1.4038,-4.2114,1,501,843,719
1220583925,240253,-0.0566,-0.0132,1.0205,15.7471,-2.1973,-4.2114,1,477,881,719
1220588925,240254,-0.0635,-0.0176,1.0122,16.2964,-3.5400,-4.0894,1,493,873,719
1220593928,240255,-0.0703,-0.0122,1.0098,16.7847,-5.1270,-4.1504,1,466,892,719
1220598925,240256,-0.0806,-0.0068,1.0049,17.0898,-6.7139,-4.3945,1,466,890,719
1220603930,240257,-0.0859,-0.0068,0.9980,17.2729,-9.0942,-4.5166,1,466,888,719
1220608927,240258,-0.0757,-0.0093,0.9980,17.8833,-10.8032,-4.6997,1,465,899,719
1220613926,240259,-0.0557,-0.0078,1.0059,18.4326,-11.2915,-4.9438,1,465,912,719
1220618924,240260,-0.0449,0.0054,1.0117,18.6157,-11.4136,-5.0659,1,466,915,719
1220623924,240261,-0.0498,0.0225,1.0107,18.0054,-11.7187,-5.1270,1,466,912,719
1220628922,240262,-0.0591,0.0283,1.0054,16.8457,-12.5732,-4.8828,1,466,910,719
1220633936,240263,-0.0654,0.0146,1.0034,16.0522,-13.3667,-4.6387,1,466,917,719
1220638922,240264,-0.0713,0.0073,1.0029,16.0522,-14.3433,-4.3945,1,466,916,719
1220643949,240265,-0.0786,0.0122,0.9995,15.5029,-15.9912,-4.2114,1,483,911,719
1220648928,240266,-0.0815,0.0376,1.0068,14.4043,-17.5171,-3.9673,1,466,927,719
1220653923,240267,-0.0610,0.0684,1.0264,11.8408,-19.3481,-3.7842,1,501,907,719
1220658922,240268,-0.0327,0.0615,1.0381,9.2773,-18.5547,-4.2114,1,467,862,719
1220663928,240269,-0.0273,0.0435,1.0366,8.1787,-18.1274,-3.9062,1,494,824,719
1220668927,240270,-0.0327,0.0391,1.0249,7.2021,-18.4937,-3.3569,1,487,823,719
1220673922,240271,-0.0386,0.0327,1.0151,5.5542,-18.6157,-3.9062,1,491,858,719
1220678930,240272,-0.0503,0.0308,1.0088,5.4321,-19.2261,-4.3335,1,474,852,719
1220683930,240273,-0.0664,0.0435,1.0015,4.5166,-21.2402,-4.8218,1,487,838,719
1220688926,240274,-0.0684,0.0488,1.0034,2.5024,-23.2544,-5.3711,1,488,852,719
1220693922,240275,-0.0513,0.0391,1.0063,2.0142,-25.1465,-5.8594,1,493,852,719
1220698931,240276,-0.0454,0.0215,1.0117,0.8545,-25.9399,-6.2256,1,492,864,719
1220703930,240277,-0.0820,0.0454,1.0049,0.6104,-27.6489,-5.4321,1,466,872,719
1220708930,240278,-0.1123,0.0908,0.9883,-1.7700,-33.0811,-6.1035,1,466,897,719
1220713930,240279,-0.0889,0.0752,1.0059,-5.3711,-36.4990,-7.3853,1,466,892,719
1220718927,240280,-0.0474,0.0425,1.0410,-4.6997,-38.6963,-7.1411,1,466,888,719
1220723923,240281,-0.0176,0.0405,1.0576,-6.1646,-40.2222,-7.3242,1,466,898,719
1220728923,240282,-0.0137,0.0405,1.0547,-7.8125,-40.3442,-7.6904,1,466,902,719
1220733930,240283,-0.0298,0.0312,1.0444,-8.1177,-42.6025,-6.7749,1,466,899,719
1220738925,240284,-0.0474,0.0283,1.0347,-8.4229,-45.2270,-5.7983,1,466,932,719
1220743926,240285,-0.0571,0.0312,1.0273,-9.1553,-48.7671,-4.9438,1,465,907,719
1220748927,240286,-0.0586,0.0303,1.0312,-10.0098,-52.1851,-4.0283,1,466,931,719
1220753926,240287,-0.0352,0.0225,1.0435,-9.9487,-55.9692,-2.6245,1,466,929,719
1220758931,240288,-0.0049,0.0181,1.0483,-9.0332,-57.4341,-1.4648,1,465,907,719
1220763931,240289,0.0063,0.0215,1.0444,-9.5215,-59.9976,-0.4272,1,465,894,719
1220768929,240290,0.0059,0.0190,1.0425,-9.5215,-62.5610,1.0986,1,465,887,719
1220773927,240291,0.0005,0.0146,1.0449,-8.9111,-64.0869,2.5024,1,493,891,719
1220778926,240292,0.0088,0.0103,1.0518,-8.6060,-66.0400,3.5400,1,472,807,719
1220783927,240293,0.0444,0.0029,1.0615,-7.9346,-66.3452,4.0894,1,496,861,719
1220788928,240294,0.1016,-0.0015,1.0654,-6.4697,-65.6738,4.2725,1,496,819,719
1220793926,240295,0.1387,0.0117,1.0659,-5.6152,-62.5000,3.5400,1,476,867,719
1220798923,240296,0.1353,0.0322,1.0649,-6.4087,-61.0352,3.4790,1,501,879,719
1220803922,240297,0.1206,0.0449,1.0718,-7.4463,-60.3027,2.9297,1,491,856,719
1220808929,240298,0.0762,0.0518,1.0903,-9.9487,-66.1011,2.0142,1,493,872,719
1220813927,240299,-0.0269,0.0576,1.0972,-13.6108,-77.8809,1.2207,1,466,861,719
1220818925,240300,-0.1064,0.0596,1.0928,-17.0288,-94.8486,2.3193,1,466,909,719
1220823922,240301,-0.1216,0.0522,1.0908,-19.5312,-108.9477,2.9297,1,466,917,719
1220828930,240302,-0.1831,0.0542,1.0713,-20.8130,-119.7510,1.9531,1,466,955,719
1220833925,240303,-0.3486,0.0547,1.0444,-23.1323,-132.5073,-0.4272,1,466,925,719
1220838930,240304,-0.5264,0.0430,1.0288,-24.8413,-155.3345,-0.4272,1,466,926,719
1220843930,240305,-0.7485,0.0786,1.0464,-25.7568,-179.1382,0.6714,1,466,922,719
1220848927,240306,-0.8882,0.1938,1.1108,-32.4097,-222.0459,4.4556,1,466,927,719
1220853926,240307,-0.5586,0.1602,1.2202,-41.3208,-270.9961,10.9253,1,466,921,719
1220858924,240308,-0.4307,0.0835,1.3398,-42.5415,-289.6118,6.7749,1,466,929,719
1220863923,240309,-1.3027,0.2798,1.6021,-62.1338,-333.3130,-6.8970,1,466,925,719
1220868925,240310,-2.0317,0.4072,2.0654,-91.4307,-464.0503,1.8311,1,465,926,719
1220873926,240311,-1.0049,0.6201,2.0977,-82.0312,-588.0737,34.5459,1,466,922,719
1220878923,240312,-0.3569,0.7456,2.0459,-137.6343,-563.4766,23.8037,1,465,918,719
1220883923,240313,-1.5391,0.5835,2.5249,-182.3120,-594.0552,-0.3052,1,493,931,719
1220888926,240314,-2.3965,0.4648,2.6494,-169.9219,-745.1782,17.8223,1,494,947,719
1220893927,240315,-2.1558,0.2632,1.9707,-193.6035,-816.8334,16.9678,1,492,866,719
1220898928,240316,-1.5649,-0.0825,1.0825,-197.3877,-854.9804,10.5591,1,474,926,719
1220903931,240317,-1.3638,-0.5728,0.4907,-179.0161,-877.9296,-13.2446,1,494,921,719
1220908923,240318,-1.4058,-1.0264,0.1807,-137.6343,-933.2275,-26.6113,1,491,904,719
1220913926,240319,1.2446,0.5503,1.5996,-65.3687,-940.2465,-20.8740,1,489,916,719
1220918925,240320,4.6602,0.6597,4.2607,-90.6372,-687.1337,-47.8516,1,490,895,719
1220923930,240321,5.4390,-0.3062,6.8423,-77.4536,-387.8174,-105.4687,1,493,916,719
1220928929,240322,2.9346,-0.8462,7.1318,1.3428,-180.1147,-133.0566,1,466,947,719
1220933922,240323,-0.3979,-0.6870,5.6187,0.1221,-45.6543,-150.0244,1,466,932,719
1220938930,240324,-2.2671,-0.3901,4.0342,-4.5166,1.5259,-152.5879,1,466,919,719
1220943927,240325,-2.3096,-0.3174,3.0894,-5.4321,36.3770,-152.3438,1,465,905,719
1220948924,240326,-1.7183,-0.4849,2.5518,-3.4180,85.2051,-154.1138,1,466,955,719
1220953923,240327,-1.4507,-0.6689,2.0439,5.7373,115.4175,-150.2686,1,466,920,719
1220958922,240328,-1.5400,-0.7432,1.5605,8.5449,125.7934,-144.3481,1,466,930,719
1220963924,240329,-1.6401,-0.7466,1.2812,11.2915,127.6245,-136.7798,1,466,933,719
1220968945,240330,-1.5815,-0.7446,1.2549,15.6860,131.7139,-127.8686,1,466,983,719
1220973922,240331,-1.4141,-0.7681,1.3882,21.7895,140.9302,-118.6523,1,466,953,719
1220978924,240332,-1.2158,-0.8145,1.5635,28.9917,156.4941,-108.5205,1,484,940,719
1220983929,240333,-1.0444,-0.8516,1.7031,37.3535,179.3213,-98.0835,1,465,945,719
1220988925,240334,-0.9238,-0.8477,1.7778,44.7388,205.6885,-88.5620,1,508,938,719
1220993931,240335,-0.8311,-0.8120,1.7920,50.1709,233.1543,-79.9561,1,471,936,719
1220998929,240336,-0.7417,-0.7690,1.7485,54.4434,260.8032,-71.4111,1,510,874,719
1221003929,240337,-0.6587,-0.7251,1.6470,57.2510,286.6211,-63.0493,1,487,852,719
1221008924,240338,-0.5933,-0.6777,1.4985,58.3496,308.6548,-55.3589,1,489,873,719
1221013931,240339,-0.5527,-0.6182,1.3262,58.2275,325.7446,-49.1333,1,496,913,719
1221018926,240340,-0.5225,-0.5415,1.1616,56.0303,337.0361,-44.1284,1,493,919,719
1221023922,240341,-0.4678,-0.4604,1.0312,51.3916,343.2007,-40.2832,1,497,901,719
1221028923,240342,-0.3896,-0.3867,0.9326,45.2881,346.8017,-37.9028,1,483,939,719
1221033925,240343,-0.3247,-0.3208,0.8599,37.2925,347.9004,-37.1704,1,492,914,719
1221038931,240344,-0.2783,-0.2612,0.8101,27.8320,345.2758,-36.7432,1,466,928,719
1221043930,240345,-0.2344,-0.2109,0.7700,16.8457,341.7358,-36.9873,1,466,938,719
1221048927,240346,-0.2061,-0.1729,0.7451,4.2725,338.1958,-37.9639,1,466,936,719
1221053924,240347,-0.1924,-0.1484,0.7622,-8.8501,332.1533,-38.6963,1,465,917,719
1221058924,240348,-0.1606,-0.1533,0.8335,-21.4844,325.0122,-38.0859,1,466,921,719
1221063922,240349,-0.1045,-0.1934,0.9365,-31.8603,320.2515,-35.9497,1,466,939,719
1221068926,240350,-0.0537,-0.2510,1.0464,-39.8560,317.8101,-32.1655,1,466,931,719
1221073926,240351,-0.0269,-0.3008,1.1509,-45.6543,316.7114,-26.6113,1,465,921,719
1221078929,240352,-0.0151,-0.3276,1.2456,-50.1099,316.5894,-19.8364,1,466,934,719
1221083925,240353,-0.0039,-0.3276,1.3267,-53.6499,317.6880,-11.8408,1,466,935,719
1221088929,240354,0.0132,-0.2993,1.3989,-56.7017,319.3359,-3.2959,1,483,939,719
1221093929,240355,0.0381,-0.2466,1.4722,-60.1807,320.9839,4.9438,1,465,923,719
1221098929,240356,0.0703,-0.1836,1.5479,-64.3921,323.3032,12.6953,1,465,912,719
1221103930,240357,0.1040,-0.1284,1.6157,-68.7866,326.7212,19.9585,1,465,922,719
1221108926,240358,0.1304,-0.0859,1.6641,-72.3267,330.5664,26.8555,1,495,877,719
1221113926,240359,0.1445,-0.0518,1.6885,-74.7070,333.6181,33.0200,1,479,969,719
1221118930,240360,0.1470,-0.0239,1.6982,-76.5381,335.5102,38.9404,1,501,843,719
1221123924,240361,0.1533,-0.0005,1.7100,-77.5146,336.4258,44.9219,1,496,923,719
1221128927,240362,0.1719,0.0239,1.7339,-77.7588,337.2192,50.7812,1,484,884,719
1221133930,240363,0.1899,0.0566,1.7729,-77.0874,338.8672,55.7861,1,483,912,719
1221138928,240364,0.1982,0.1030,1.8228,-75.6226,340.2710,59.6924,1,504,918,719
1221143929,240365,0.2065,0.1592,1.8789,-74.2188,341.2475,62.3779,1,489,905,719
1221148926,240366,0.2300,0.2090,1.9370,-73.1201,342.6513,63.4155,1,493,951,719
1221153924,240367,0.2661,0.2349,1.9961,-70.8618,345.4590,63.5986,1,466,942,719
1221158930,240368,0.2905,0.2412,2.0400,-66.8945,349.4873,62.9883,1,466,942,719
1221163923,240369,0.2915,0.2446,2.0566,-62.1948,352.6611,61.7676,1,466,942,719
1221168930,240370,0.2778,0.2520,2.0571,-57.5561,354.5532,59.7534,1,466,956,719
1221173926,240371,0.2646,0.2656,2.0601,-53.1006,355.3466,56.8848,1,466,954,719
1221178927,240372,0.2676,0.2827,2.0762,-49.5605,355.6518,53.3447,1,466,943,719
1221183928,240373,0.2900,0.2959,2.0996,-46.6309,357.1167,48.8281,1,466,950,719
1221188924,240374,0.3101,0.3076,2.1167,-44.1894,359.4970,43.2739,1,466,945,719
1221193922,240375,0.3125,0.3184,2.1216,-42.7856,361.1450,36.8652,1,466,946,719
1221198924,240376,0.3091,0.3145,2.1245,-43.0298,361.7553,29.9683,1,483,943,719
1221203926,240377,0.3198,0.2754,2.1416,-43.3350,361.3891,23.2544,1,465,942,719
1221208928,240378,0.3564,0.1987,2.1797,-42.7246,361.3281,17.5171,1,466,951,719
1221213930,240379,0.4146,0.1108,2.2241,-41.6260,361.9995,13.2446,1,465,929,719
1221218927,240380,0.4849,0.0400,2.2539,-40.4053,363.0981,10.6812,1,469,939,719
1221223924,240381,0.5610,-0.0034,2.2563,-40.1001,364.4409,9.2163,1,495,935,719
1221228928,240382,0.6353,-0.0210,2.2266,-41.3818,365.6006,8.1787,1,499,827,719
1221233927,240383,0.7051,-0.0190,2.1704,-44.3726,365.2343,7.6294,1,498,903,719
1221238927,240384,0.7769,-0.0098,2.0996,-49.0112,362.7929,7.5073,1,478,878,719
1221243924,240385,0.8535,-0.0088,2.0317,-54.3823,358.5815,7.9956,1,500,879,719
1221248923,240386,0.9307,-0.0210,1.9771,-59.2041,352.2339,9.2773,1,492,906,719
1221253922,240387,1.0142,-0.0459,1.9370,-62.6831,343.6279,11.7187,1,469,888,719
1221258928,240388,1.1143,-0.0825,1.9092,-65.3687,334.2895,15.3809,1,492,917,719
1221263927,240389,1.2310,-0.1313,1.8809,-66.4062,324.8901,20.4468,1,466,937,719
1221268929,240390,1.3584,-0.1870,1.8325,-64.5142,314.7583,26.6724,1,466,969,719
1221273927,240391,1.4863,-0.2373,1.7539,-60.5469,303.5889,33.5083,1,466,937,719
1221278927,240392,1.6182,-0.2578,1.6475,-55.7861,290.2832,40.7104,1,466,939,719
1221283929,240393,1.7700,-0.2285,1.5225,-51.8188,275.2075,47.3022,1,465,942,719
1221288925,240394,1.9385,-0.1733,1.3975,-49.8657,259.0332,51.7578,1,466,945,719
1221293922,240395,2.1392,-0.0625,1.2402,-47.4853,239.3799,54.9927,1,466,946,719
1221298929,240396,2.3213,0.0703,1.0605,-53.1616,223.8769,49.2554,1,466,948,719
1221303926,240397,2.4731,0.1494,0.9053,-50.5981,198.4863,44.8608,1,466,947,719
1221308927,240398,2.6489,0.2104,0.7417,-48.2178,173.7671,37.2925,1,466,951,719
1221313923,240399,2.8096,0.2515,0.5786,-51.6968,149.6582,27.7100,1,466,938,719
1221318922,240400,2.9316,0.2515,0.4478,-51.6968,122.6807,19.2871,1,465,938,719
1221323930,240401,3.0176,0.2100,0.3516,-48.7061,94.3603,13.7939,1,511,939,719
1221328928,240402,3.0625,0.1221,0.2856,-44.0063,66.2231,10.4980,1,479,877,719
1221333929,240403,3.0674,-0.0063,0.2451,-34.3628,35.9497,11.1694,1,507,881,719
1221338929,240404,3.0391,-0.1377,0.2314,-18.8599,4.0283,15.3809,1,485,844,719
1221343928,240405,2.9824,-0.2305,0.2563,-0.8545,-27.7710,21.4844,1,508,790,719
1221348922,240406,2.9165,-0.2729,0.3398,16.6626,-59.9365,27.6489,1,491,891,719
1221353925,240407,2.8643,-0.2793,0.4873,31.8603,-88.9282,32.2266,1,496,899,719
1221358924,240408,2.8042,-0.2847,0.7012,43.7012,-113.6475,34.1187,1,502,891,719
1221363924,240409,2.8081,0.4302,0.1924,55.7251,-184.7534,18.6768,1,491,885,719
1221368928,240410,0.7334,1.4868,-1.2261,24.3530,-301.3306,-31.9824,1,492,906,719
1221373927,240411,-1.9883,0.6274,-1.0625,-135.9863,-327.0874,-47.9126,1,466,938,719
1221378926,240412,-1.6011,-1.4868,0.5913,-79.7729,-359.0698,-27.2827,1,465,947,719
1221383922,240413,-1.0283,-2.7363,1.1523,47.1191,-279.5410,-41.6260,1,466,945,719
1221388928,240414,-1.9399,-2.8667,0.2354,143.6768,-365.8447,-25.2686,1,466,952,719
1221393926,240415,-2.0669,-1.9775,-1.1899,185.4248,-513.1836,-1.2817,1,465,949,719
1221398928,240416,-0.4307,-0.6963,-1.7256,145.3247,-616.2109,66.7725,1,466,935,719
1221403928,240417,1.7134,-0.0991,-0.7427,38.2690,-618.6523,109.6802,1,466,931,719
1221408924,240418,2.1499,-0.2051,1.2822,-12.8784,-552.3682,103.8818,1,465,936,719
1221413926,240419,1.1782,0.0225,3.3403,17.9443,-558.5327,118.7134,1,466,951,719
1221418929,240420,0.7827,0.9697,4.5576,46.2646,-560.7910,129.0894,1,466,943,719
1221423941,240421,1.3652,2.0117,4.7524,35.0952,-503.6010,102.3559,1,465,944,719
1221428928,240422,2.0508,2.5962,4.3462,23.3765,-434.5092,61.1572,1,469,951,719
1221433926,240423,2.1777,2.5791,3.8550,10.6201,-368.7744,27.1606,1,511,947,719
1221438922,240424,1.7808,2.0063,3.5503,-14.8926,-307.7393,-0.9155,1,487,942,719
1221443928,240425,1.1533,1.1245,3.3589,-26.7334,-253.5400,-21.8506,1,468,833,719
1221448923,240426,0.6548,0.2129,3.0933,-32.9590,-221.8628,-26.4282,1,504,977,719
1221453929,240427,0.5107,-0.5386,2.6899,-43.8843,-194.2749,-20.5688,1,490,816,719
1221458929,240428,0.4873,-0.9336,2.2197,-45.1660,-165.9546,-11.1694,1,505,940,719
1221463927,240429,0.3433,-0.8906,1.7876,-43.0298,-149.1089,0.4272,1,507,878,719
1221468926,240430,0.1025,-0.5879,1.4443,-44.0063,-141.9067,7.2021,1,497,896,719
1221473928,240431,-0.3330,-0.5581,1.5142,-37.2314,-127.3804,17.2119,1,485,875,719
1221478925,240432,-0.3071,-0.7104,1.9438,5.2490,-158.6304,31.1279,1,492,908,719
1221483923,240433,0.3662,-0.7197,2.1919,30.8838,-140.6250,28.5034,1,493,895,719
1221488922,240434,0.6685,-0.7178,2.0942,29.9683,-93.6890,27.5269,1,466,937,719
1221493926,240435,0.4248,-0.6460,1.8267,44.7998,-78.9795,29.2969,1,466,941,719
1221498924,240436,0.1582,-0.4072,1.5654,72.8760,-83.9233,31.6772,1,465,938,719
1221503928,240437,0.0718,-0.0991,1.3638,77.0264,-70.1904,25.9399,1,466,944,719
1221508927,240438,0.0312,0.0586,1.2778,71.5942,-59.8144,21.2402,1,466,923,719
1221513922,240439,0.0400,0.0400,1.2593,72.8149,-57.4951,19.5312,1,466,963,719
1221518926,240440,0.0542,-0.0273,1.2261,73.2422,-49.6826,18.4326,1,465,959,719
1221523923,240441,0.0146,-0.0337,1.1948,71.4111,-42.9687,16.7847,1,466,925,719
1221528925,240442,-0.0146,0.0332,1.1924,70.3125,-42.7856,15.6250,1,466,932,719
1221533928,240443,-0.0420,0.1953,1.2563,66.5283,-38.5132,11.7187,1,483,935,719
1221538954,240444,-0.0059,0.3857,1.3662,53.4668,-39.6118,6.7139,1,465,934,719
1221543923,240445,0.0894,0.4253,1.3936,37.4756,-31.3721,4.5166,1,466,914,719
1221548922,240446,0.0703,0.3008,1.3062,26.5503,-21.6675,2.5635,1,466,844,719
1221553926,240447,-0.0093,0.1250,1.1851,19.9585,-21.3013,1.7700,1,465,935,719
1221558924,240448,-0.0474,0.0083,1.0918,17.7612,-20.4468,1.6479,1,504,927,719
1221563930,240449,-0.0640,0.0093,1.0566,16.4185,-17.3950,0.2441,1,485,829,719
1221568928,240450,-0.0562,0.0669,1.0742,12.3291,-18.6157,-0.9766,1,501,881,719
1221573923,240451,-0.0195,0.0811,1.1021,7.6294,-16.9067,-1.8311,1,482,883,719
1221578922,240452,0.0049,0.0312,1.1118,5.2490,-13.9160,-2.4414,1,487,839,719
1221583925,240453,0.0054,-0.0308,1.0952,5.5542,-11.9629,-2.6855,1,504,882,719
1221588925,240454,-0.0161,-0.0498,1.0645,6.7749,-10.2539,-3.1128,1,471,868,719
1221593923,240455,-0.0518,-0.0381,1.0327,6.7749,-9.8267,-3.3569,1,492,880,719
1221598928,240456,-0.0747,-0.0171,1.0190,6.7139,-11.7187,-3.1738,1,466,859,719
1221603930,240457,-0.0615,-0.0034,1.0288,6.0425,-13.1836,-3.0518,1,466,904,719
1221608930,240458,-0.0303,-0.0117,1.0444,5.7983,-12.1460,-3.2959,1,465,900,719
1221613923,240459,-0.0098,-0.0200,1.0571,6.2866,-10.2539,-3.2959,1,466,904,719
1221618922,240460,0.0015,-0.0049,1.0698,6.2256,-8.3618,-3.3569,1,466,901,719
1221623927,240461,-0.0068,-0.0137,1.0620,4.8218,-5.2490,-3.5400,1,466,880,719
1221628924,240462,-0.0400,-0.0347,1.0303,6.1035,-4.1504,-3.8452,1,466,880,719
1221633929,240463,-0.0391,-0.0293,1.0259,7.3853,-6.1035,-3.8452,1,465,880,719
1221638946,240464,-0.0107,-0.0459,1.0386,7.5073,-2.7466,-4.1504,1,466,883,719
1221643927,240465,-0.0249,-0.0552,1.0249,10.2539,-0.1831,-4.8218,1,466,880,719
1221648930,240466,-0.0508,-0.0410,1.0107,11.7798,-3.2349,-4.6997,1,484,906,719
1221653927,240467,-0.0503,-0.0342,1.0122,12.2070,-3.4790,-5.0659,1,470,900,719
1221658922,240468,-0.0454,-0.0273,1.0186,13.4277,-3.4180,-5.4932,1,511,889,719
1221663926,240469,-0.0381,-0.0239,1.0283,13.9770,-4.5166,-5.5542,1,467,932,719
1221668929,240470,-0.0269,-0.0234,1.0366,14.5264,-4.4556,-5.8594,1,510,931,719
1221673927,240471,-0.0269,-0.0181,1.0371,15.2588,-4.2725,-5.7983,1,488,832,719
1221678926,240472,-0.0327,-0.0063,1.0312,15.3809,-5.3711,-5.6152,1,493,880,719
1221683924,240473,-0.0283,-0.0015,1.0327,15.0757,-5.9204,-5.3711,1,472,882,719
1221688928,240474,-0.0239,0.0010,1.0391,15.4419,-5.8594,-5.4932,1,472,869,719
1221693927,240475,-0.0225,0.0078,1.0435,15.1367,-5.9204,-5.5542,1,494,843,719
1221698923,240476,-0.0166,0.0142,1.0488,14.7705,-5.6763,-5.3101,1,483,869,719
1221703922,240477,-0.0054,0.0195,1.0581,14.2822,-5.1880,-4.7607,1,493,872,719
1221708924,240478,0.0044,0.0239,1.0669,13.0005,-4.2725,-4.0283,1,466,902,719
1221713924,240479,0.0093,0.0239,1.0635,11.6577,-3.0518,-3.2959,1,466,892,719
1221718930,240480,-0.0005,0.0142,1.0430,11.2305,-2.0142,-2.4414,1,466,898,719
1221723929,240481,-0.0259,0.0073,1.0132,10.8032,-1.8311,-1.5869,1,466,890,719
1221728930,240482,-0.0557,0.0049,0.9858,10.9253,-2.8687,-1.0376,1,466,895,719
1221733929,240483,-0.0830,-0.0049,0.9717,11.3525,-4.6387,-1.0376,1,466,892,719
1221738927,240484,-0.0981,-0.0132,0.9683,12.7563,-7.1411,-1.0376,1,466,895,719
1221743927,240485,-0.0957,-0.0103,0.9702,13.9770,-9.6436,-1.5259,1,466,904,719
1221748923,240486,-0.0781,0.0010,0.9829,14.2212,-11.5356,-2.1362,1,466,899,719
1221753928,240487,-0.0571,0.0181,1.0015,14.0991,-12.6953,-2.3193,1,483,919,719
1221758937,240488,-0.0361,0.0283,1.0176,13.2446,-13.4888,-2.3804,1,465,922,719
1221763931,240489,-0.0156,0.0342,1.0317,12.2681,-13.1836,-2.5024,1,475,923,719
1221768926,240490,-0.0029,0.0449,1.0415,10.7422,-11.6577,-2.7466,1,511,918,719
1221773926,240491,-0.0078,0.0527,1.0386,8.4839,-10.3760,-2.8687,1,490,859,719
1221778930,240492,-0.0215,0.0498,1.0293,6.8359,-9.9487,-3.1738,1,494,954,719
1221783927,240493,-0.0352,0.0430,1.0190,5.6763,-9.8877,-3.2349,1,492,768,719
1221788925,240494,-0.0459,0.0439,1.0107,4.4556,-10.4370,-3.3569,1,497,851,719
1221793925,240495,-0.0464,0.0444,1.0112,2.8076,-11.5356,-3.4180,1,480,855,719
1221798931,240496,-0.0449,0.0396,1.0107,1.7700,-12.0850,-3.3569,1,502,859,719
1221803923,240497,-0.0518,0.0371,1.0039,0.9766,-13.4277,-3.0518,1,505,854,719
1221808923,240498,-0.0586,0.0312,1.0005,0.1221,-15.5640,-3.2349,1,480,869,719
1221813929,240499,-0.0605,0.0278,1.0049,-0.1221,-17.2119,-3.4790,1,494,887,719
1221818926,240500,-0.0688,0.0312,1.0049,-1.0986,-19.7144,-3.3569,1,466,864,719
1221823924,240501,-0.0996,0.0581,0.9907,-2.1362,-22.2168,-2.9907,1,465,921,719
1221828929,240502,-0.1216,0.0718,0.9775,-4.5776,-28.0762,-3.2959,1,466,907,719
1221833922,240503,-0.0967,0.0415,0.9912,-5.6763,-32.1655,-3.7231,1,465,904,719
1221838931,240504,-0.0586,0.0288,1.0146,-4.9438,-34.6069,-4.0894,1,466,902,719
1221843928,240505,-0.0483,0.0415,1.0234,-6.0425,-37.2925,-5.1270,1,466,900,719
1221848923,240506,-0.0361,0.0454,1.0366,-7.9346,-40.5273,-6.0425,1,465,899,719
1221853924,240507,-0.0186,0.0356,1.0493,-8.4839,-41.7480,-6.2866,1,466,905,719
1221858930,240508,-0.0278,0.0303,1.0415,-8.7891,-42.5415,-6.5308,1,466,909,719
1221863927,240509,-0.0527,0.0356,1.0298,-9.4604,-46.0205,-6.4087,1,483,902,719
1221868926,240510,-0.0566,0.0376,1.0288,-10.1929,-50.3540,-6.3477,1,466,902,719
1221873925,240511,-0.0156,0.0249,1.0439,-10.4370,-53.1006,-6.7139,1,475,918,719
1221878925,240512,0.0225,0.0215,1.0581,-9.3384,-53.6499,-7.4463,1,466,907,719
1221883926,240513,0.0142,0.0347,1.0537,-9.7656,-55.1147,-7.4463,1,511,899,719
1221888925,240514,0.0112,0.0405,1.0532,-10.9863,-59.2651,-6.0425,1,510,946,719
1221893930,240515,0.0430,0.0215,1.0620,-10.9253,-61.4624,-5.0049,1,491,845,719
1221898926,240516,0.0493,0.0010,1.0649,-9.6436,-59.1431,-4.5776,1,486,835,719
1221903923,240517,0.0269,-0.0078,1.0547,-8.4229,-61.5845,-3.0518,1,489,850,719
1221908929,240518,0.0220,-0.0073,1.0513,-7.2021,-63.1103,-1.8921,1,487,847,719
1221913925,240519,0.0312,0.0078,1.0576,-6.7749,-64.5752,-0.7324,1,495,850,719
1221918927,240520,0.0024,0.0298,1.0684,-7.1411,-66.2231,0.7324,1,477,892,719
1221923930,240521,-0.0034,0.0366,1.0854,-9.1553,-81.2988,3.4180,1,492,867,719
1221928926,240522,0.0479,0.0352,1.0898,-10.3149,-89.2944,4.6997,1,466,875,719
1221933925,240523,0.0361,0.0508,1.0806,-12.6953,-96.3745,4.8218,1,466,922,719
1221938923,240524,-0.0459,0.0581,1.0669,-15.9302,-107.3608,5.0659,1,466,918,719
1221943924,240525,-0.1382,0.0400,1.0493,-17.0288,-122.1924,5.1270,1,466,922,719
1221948922,240526,-0.2524,0.0278,1.0308,-17.3340,-134.0332,4.8218,1,466,919,719
1221953923,240527,-0.4419,0.0532,1.0205,-18.4326,-148.3765,4.3335,1,466,914,719
1221958926,240528,-0.6562,0.1123,1.0483,-22.5830,-174.0112,4.0894,1,466,915,719
1221963926,240529,-0.8188,0.1665,1.1187,-29.9072,-210.1440,7.3853,1,466,960,719
1221968941,240530,-0.6816,0.1396,1.2700,-36.3159,-252.5635,13.0005,1,465,932,719
1221973922,240531,-0.3047,0.1304,1.3638,-32.5928,-300.2319,16.4795,1,465,940,719
1221978936,240532,-0.7822,0.2729,1.5054,-52.7954,-316.1621,4.7607,1,483,919,719
1221983953,240533,-2.0034,0.4331,2.0073,-85.4492,-406.7383,3.6011,1,465,928,719
1221988929,240534,-1.6143,0.7222,2.1938,-86.9141,-563.1714,41.1987,1,484,925,719
1221993925,240535,-0.6201,0.8506,2.0361,-124.6948,-569.3359,41.6870,1,493,930,719
1221998927,240536,-1.3052,0.6035,2.3594,-187.6221,-566.0400,11.5967,1,498,891,719
1222003922,240537,-2.2588,0.3887,2.6328,-174.1333,-725.4028,24.4751,1,476,868,719
1222008922,240538,-2.2832,0.2686,2.1733,-197.5708,-811.6454,21.1182,1,505,864,719
1222013923,240539,-1.7769,0.0664,1.3013,-205.0171,-872.8027,21.7285,1,503,834,719
1222018923,240540,-1.3940,-0.3452,0.5649,-203.3081,-887.9394,-2.9297,1,479,894,719
1222023924,240541,-1.3672,-0.8662,0.1538,-165.3442,-917.6025,-20.2026,1,489,906,719
1222028922,240542,-1.3145,-0.8823,0.2300,-112.6709,-976.9286,-27.1606,1,478,928,719
1222033925,240543,0.0679,0.0210,0.9976,-92.3462,-987.2436,-18.0664,1,481,926,719
1222038923,240544,3.3433,0.4883,3.1279,-110.5957,-832.7026,-2.6245,1,493,901,719
1222043930,240545,5.5400,-0.3413,6.0918,-138.0615,-523.1934,-58.8379,1,466,937,719
1222048930,240546,4.1519,-1.1265,7.3428,-47.8516,-264.2822,-93.3838,1,466,940,719
1222053927,240547,0.7036,-1.0137,6.2295,-10.1929,-86.1816,-103.8208,1,466,946,719
1222058930,240548,-1.9736,-0.5186,4.4688,-25.4517,-4.2114,-109.0088,1,466,943,719
1222063922,240549,-2.5049,-0.2095,3.3516,-23.1323,28.6255,-105.8960,1,465,961,719
1222068927,240550,-1.7925,-0.2109,2.8276,-19.2871,88.5010,-108.7036,1,466,947,719
1222073927,240551,-1.2827,-0.3208,2.3203,-9.5825,137.4512,-108.3984,1,466,941,719
1222078922,240552,-1.3472,-0.3506,1.6577,-5.7983,154.4189,-105.2246,1,466,936,719
1222083922,240553,-1.5474,-0.3115,1.1128,-6.2866,149.9634,-102.1118,1,466,932,719
1222088929,240554,-1.4966,-0.2754,0.8921,-7.1411,143.1274,-97.6562,1,483,934,719
1222093924,240555,-1.2471,-0.2705,0.9355,-7.2021,147.1558,-94.1162,1,466,926,719
1222098928,240556,-1.0186,-0.2783,1.0752,-6.1035,157.1655,-91.0644,1,484,925,719
1222103929,240557,-0.8833,-0.2798,1.2119,-4.4556,168.5791,-87.9517,1,511,923,719
1222108924,240558,-0.7788,-0.2773,1.3369,-2.9297,183.3496,-84.5337,1,482,871,719
1222113928,240559,-0.6543,-0.2808,1.4580,-0.7324,203.5522,-80.7495,1,510,856,719
1222118926,240560,-0.5249,-0.2930,1.5532,3.4180,227.7222,-77.2095,1,487,915,719
1222123927,240561,-0.4233,-0.2974,1.5933,9.5825,252.6245,-73.8525,1,489,810,719
1222128924,240562,-0.3545,-0.2817,1.5718,16.1743,275.2075,-70.4956,1,493,896,719
1222133923,240563,-0.3052,-0.2495,1.5039,22.1558,295.5933,-68.4814,1,472,882,719
1222138924,240564,-0.2534,-0.2090,1.4106,27.0996,312.7441,-67.2607,1,497,886,719
1222143928,240565,-0.1777,-0.1699,1.3091,30.4565,327.3925,-66.1621,1,485,928,719
1222148925,240566,-0.0972,-0.1411,1.2012,32.9590,341.3086,-65.6128,1,492,915,719
1222153924,240567,-0.0420,-0.1191,1.0864,34.9121,351.4404,-65.6738,1,493,899,719
1222158929,240568,-0.0107,-0.0942,0.9761,35.8887,357.1777,-66.4062,1,466,936,719
1222163923,240569,0.0088,-0.0669,0.8789,35.1562,359.3750,-67.9932,1,466,958,719
1222168925,240570,0.0273,-0.0425,0.8022,31.9824,358.2153,-69.5801,1,466,961,719
1222173922,240571,0.0659,-0.0312,0.7485,26.6113,354.8584,-70.6177,1,465,934,719
1222178925,240572,0.1230,-0.0410,0.7065,20.2637,351.3183,-70.9839,1,466,963,719
1222183927,240573,0.1592,-0.0640,0.6689,13.0615,346.5576,-71.0449,1,466,935,719
1222188923,240574,0.1479,-0.0884,0.6528,4.0283,338.6841,-70.7397,1,466,937,719
1222193922,240575,0.1226,-0.1113,0.6929,-6.4697,327.5146,-69.0308,1,466,920,719
1222198927,240576,0.1240,-0.1465,0.8003,-17.1509,317.6270,-65.9180,1,483,924,719
1222203936,240577,0.1514,-0.2017,0.9512,-27.0996,310.6689,-61.3403,1,465,917,719
1222208924,240578,0.1875,-0.2681,1.1108,-35.1562,307.2510,-54.5044,1,477,935,719
1222213929,240579,0.2134,-0.3301,1.2529,-41.1377,307.4951,-46.0205,1,512,958,719
1222218925,240580,0.2222,-0.3745,1.3691,-45.4712,309.6924,-36.1938,1,496,876,719
1222223931,240581,0.2256,-0.3989,1.4614,-48.8281,312.8052,-25.0854,1,506,933,719
1222228928,240582,0.2300,-0.3994,1.5264,-51.3306,317.1387,-13.3057,1,481,858,719
1222233929,240583,0.2358,-0.3711,1.5625,-53.9551,321.8383,-1.5259,1,484,928,719
1222238924,240584,0.2397,-0.3145,1.5879,-57.8003,325.8667,9.7656,1,487,879,719
1222243927,240585,0.2466,-0.2412,1.6279,-63.1103,329.4067,19.8364,1,488,880,719
1222248922,240586,0.2559,-0.1719,1.6929,-68.8477,332.9467,28.5645,1,499,898,719
1222253924,240587,0.2676,-0.1201,1.7725,-73.8525,336.4868,36.4990,1,483,911,719
1222258928,240588,0.2891,-0.0840,1.8433,-76.7822,340.8203,43.8232,1,493,907,719
1222263922,240589,0.3140,-0.0566,1.8857,-77.5757,346.2524,50.2319,1,466,933,719
1222268930,240590,0.3223,-0.0312,1.8955,-76.4160,351.1963,55.8472,1,465,945,719
1222273929,240591,0.3081,-0.0029,1.8809,-74.2798,353.7597,60.7910,1,466,964,719
1222278922,240592,0.2939,0.0259,1.8555,-70.8008,354.0649,65.1245,1,466,934,719
1222283929,240593,0.2944,0.0503,1.8271,-66.8335,353.3935,68.6035,1,466,927,719
1222288923,240594,0.2979,0.0703,1.8042,-62.8052,351.9897,71.1060,1,466,935,719
1222293922,240595,0.2900,0.0864,1.8022,-59.0210,349.4873,72.4487,1,466,931,719
1222298925,240596,0.2778,0.0957,1.8423,-55.8472,345.3979,72.8760,1,466,935,719
1222303925,240597,0.2930,0.0908,1.9312,-53.5278,342.1631,73.1201,1,466,941,719
1222308924,240598,0.3408,0.0635,2.0459,-51.2085,342.7734,72.8760,1,484,936,719
1222313947,240599,0.3906,0.0171,2.1411,-47.1191,346.4355,72.4487,1,465,935,719
1222318930,240600,0.4189,-0.0356,2.1816,-41.3208,350.8300,71.9604,1,466,944,719
1222323927,240601,0.4326,-0.0796,2.1738,-35.4004,353.6987,71.2891,1,484,938,719
1222328926,240602,0.4492,-0.1113,2.1455,-30.3955,354.8584,70.6177,1,465,925,719
1222333929,240603,0.4766,-0.1338,2.1143,-26.1841,355.0415,69.3970,1,511,888,719
1222338926,240604,0.5049,-0.1396,2.0840,-24.1699,353.7597,67.6270,1,465,850,719
1222343928,240605,0.5332,-0.1270,2.0581,-25.3906,351.0132,65.3687,1,491,820,719
1222348923,240606,0.5786,-0.1089,2.0415,-29.0527,347.1069,62.3169,1,490,847,719
1222353924,240607,0.6499,-0.0986,2.0322,-34.7290,343.3838,58.8379,1,476,900,719
1222358929,240608,0.7310,-0.0986,2.0234,-41.8091,340.2099,55.1758,1,499,895,719
1222363923,240609,0.8071,-0.1064,2.0107,-49.8657,336.3647,51.9409,1,481,917,719
1222368929,240610,0.8882,-0.1265,1.9946,-57.7393,331.6040,49.3164,1,486,920,719
1222373927,240611,0.9849,-0.1533,1.9697,-64.3311,326.5991,47.9126,1,493,917,719
1222378925,240612,1.0884,-0.1685,1.9194,-69.6411,320.9839,47.5464,1,466,937,719
1222383929,240613,1.1865,-0.1592,1.8364,-73.9136,313.7817,47.5464,1,466,935,719
1222388924,240614,1.2749,-0.1216,1.7305,-77.5146,304.5044,47.2412,1,465,940,719
1222393928,240615,1.3677,-0.0605,1.6201,-80.6274,292.4805,46.5698,1,465,934,719
1222398926,240616,1.4927,0.0122,1.5181,-83.9844,278.2593,45.4102,1,466,938,719
1222403929,240617,1.6528,0.0840,1.4248,-87.0361,264.4653,43.2739,1,466,933,719
1222408924,240618,1.8213,0.1470,1.3271,-88.3179,250.7324,39.7339,1,466,945,719
1222413930,240619,1.9785,0.1919,1.2124,-86.1206,236.0229,34.4849,1,466,945,719
1222418925,240620,2.1265,0.2144,1.0840,-79.5288,219.3603,27.5879,1,466,943,719
1222423924,240621,2.2744,0.2344,0.9639,-69.0918,201.2329,19.2871,1,466,941,719
1222428924,240622,2.4326,0.2822,0.8701,-57.0068,182.1289,9.8267,1,465,932,719
1222433925,240623,2.6025,0.3550,0.7939,-45.5322,163.6963,-1.0986,1,475,931,719
1222438929,240624,2.7490,0.4209,0.7036,-35.3394,146.4233,-13.4277,1,484,933,719
1222443925,240625,2.8218,0.4512,0.5718,-25.8179,128.5400,-25.5127,1,472,926,719
1222448924,240626,2.7856,0.3706,0.2412,-4.7607,75.3174,-42.7856,1,496,879,719
1222453925,240627,2.7417,0.2598,0.1162,8.7891,42.2974,-46.1426,1,476,911,719
1222458923,240628,2.6890,0.1313,0.0684,25.6958,7.6294,-46.3867,1,499,799,719
1222463927,240629,2.6240,0.0376,0.1250,44.1284,-26.9775,-44.4336,1,503,904,719
1222468923,240630,2.5508,-0.0039,0.2925,59.6924,-59.3872,-41.8091,1,501,912,719
1222473923,240631,2.4805,-0.0435,0.5596,71.2891,-86.3037,-39.7949,1,496,886,719
1222478930,240632,2.6494,0.3076,0.2559,80.7495,-152.2217,-46.5088,1,503,875,719
1222483928,240633,1.2520,1.0996,-0.9585,77.1484,-273.6206,-65.7959,1,479,910,719
1222488927,240634,-1.2021,0.8477,-0.9829,-40.2222,-308.8989,-87.7075,1,492,901,719
1222493923,240635,-1.2988,-0.4194,0.6719,-14.4043,-331.7871,-83.6792,1,466,938,719
1222498928,240636,-0.6836,-1.4585,1.7163,74.5850,-244.2016,-80.7495,1,466,944,719
1222503923,240637,-1.4336,-2.2705,1.2988,105.6518,-248.7793,-82.6416,1,466,944,719
1222508927,240638,-2.0488,-2.5073,0.0781,174.1333,-357.8491,-63.7207,1,466,959,719
1222513927,240639,-1.3823,-1.6504,-0.9604,233.5205,-468.4448,-15.3809,1,466,950,719
1222518926,240640,0.1299,-0.4453,-1.0972,138.6719,-507.2021,21.9727,1,466,950,719
1222523927,240641,1.1841,-0.1025,-0.1582,16.9678,-492.3095,45.4712,1,466,940,719
1222528932,240642,1.0391,-0.4497,1.4092,-7.9956,-478.7597,66.9556,1,466,940,719
1222533923,240643,0.4590,-0.3931,2.8130,25.8789,-487.8540,82.4585,1,466,925,719
1222538928,240644,0.4512,0.3984,3.5386,44.3115,-477.9052,85.5713,1,483,947,719
1222543956,240645,1.0361,1.3511,3.5952,43.9453,-438.2324,68.6035,1,465,949,719
1222548927,240646,1.5537,1.9165,3.2681,43.4570,-382.7514,38.2080,1,475,943,719
1222553925,240647,1.5469,1.9346,2.8633,31.5552,-331.8481,9.8877,1,465,933,719
1222558923,240648,1.1313,1.4624,2.5571,8.4229,-293.8843,-8.0566,1,466,957,719
1222563922,240649,0.6074,0.6870,2.3750,-9.8267,-267.5781,-17.3340,1,494,902,719
1222568929,240650,0.3018,-0.1885,2.3018,-20.2637,-254.5776,-17.9443,1,493,795,719
1222573931,240651,0.3745,-0.8955,2.2598,-16.7236,-242.1264,-7.3242,1,486,927,719
1222578929,240652,0.3940,-1.3203,2.1377,-8.4229,-212.2192,5.8594,1,487,904,719
1222583924,240653,-0.0952,-1.7295,2.3247,3.9062,-176.8188,38.3301,1,492,868,719
1222588927,240654,0.0376,-1.7969,2.5957,62.0728,-237.2436,68.4814,1,492,895,719
1222593926,240655,0.8535,-1.3301,2.4385,100.7690,-186.6455,68.7256,1,479,916,719
1222598925,240656,0.9526,-0.5938,2.1963,115.3564,-122.3755,55.7861,1,493,912,719
1222603928,240657,0.5718,0.2725,2.1025,127.7466,-119.3237,50.7202,1,465,988,719
1222608929,240658,0.4092,0.9116,2.0605,117.5537,-105.5298,44.3726,1,466,952,719
1222613928,240659,0.3984,1.0562,1.9395,85.6323,-63.5376,26.1230,1,466,949,719
1222618923,240660,0.2583,0.7085,1.7275,68.2373,-43.3960,16.7847,1,465,944,719
1222623922,240661,0.1001,0.1816,1.4712,61.8286,-40.2222,13.9770,1,466,931,719
1222628931,240662,-0.0176,-0.0952,1.3037,60.4858,-34.6680,11.4746,1,466,935,719
1222633929,240663,-0.0605,0.0337,1.2759,60.5469,-36.6821,7.2021,1,466,934,719
1222638928,240664,-0.0034,0.2920,1.2861,50.2930,-32.0435,3.5400,1,466,916,719
1222643926,240665,0.0190,0.3838,1.2651,36.3159,-23.9258,0.0610,1,466,910,719
1222648929,240666,0.0093,0.2622,1.2144,27.7100,-23.9868,-0.4883,1,484,916,719
1222653933,240667,0.0122,0.0981,1.1660,24.2920,-21.3013,0.4883,1,466,917,719
1222658928,240668,0.0088,0.0488,1.1567,21.7895,-16.4795,0.1221,1,484,916,719
1222663927,240669,0.0210,0.0913,1.1699,17.2119,-13.5498,-0.1221,1,492,851,719
1222668927,240670,0.0317,0.1187,1.1553,12.0850,-7.9346,-0.1831,1,497,911,719
1222673924,240671,-0.0093,0.0933,1.0923,7.8735,-3.9062,-0.0610,1,479,825,719
1222678930,240672,-0.0811,0.0596,1.0015,5.7983,-4.6997,0.5493,1,489,846,719
1222683924,240673,-0.1357,0.0420,0.9390,3.5400,-6.8970,0.6714,1,488,834,719
1222688929,240674,-0.1450,0.0249,0.9434,1.7700,-10.3149,0.5493,1,495,837,719
1222693926,240675,-0.1084,0.0000,0.9873,1.9531,-13.0615,0.2441,1,494,877,719
1222698923,240676,-0.0684,-0.0259,1.0190,3.1738,-13.4277,-0.3662,1,485,859,719
1222703922,240677,-0.0635,-0.0400,1.0249,4.5776,-13.7329,-1.2207,1,488,875,719
1222708925,240678,-0.0698,-0.0425,1.0234,6.5918,-15.9302,-2.0752,1,466,876,719
1222713931,240679,-0.0605,-0.0449,1.0234,8.2397,-16.8457,-2.6855,1,466,898,719
1222718923,240680,-0.0444,-0.0532,1.0298,10.3149,-15.9302,-3.2349,1,466,903,719
1222723922,240681,-0.0293,-0.0430,1.0405,12.0850,-15.5640,-3.2349,1,466,921,719
1222728927,240682,-0.0190,-0.0107,1.0483,12.8174,-14.1602,-3.0518,1,465,918,719
1222733925,240683,-0.0151,0.0103,1.0479,11.6577,-12.5732,-3.1738,1,466,946,719
1222738927,240684,-0.0156,0.0137,1.0596,11.0474,-10.9863,-3.9062,1,466,924,719
1222743923,240685,-0.0015,0.0073,1.0728,11.1084,-10.0098,-4.2114,1,466,918,719
1222748928,240686,0.0044,-0.0093,1.0518,11.7187,-6.1035,-5.1880,1,466,898,719
1222753923,240687,-0.0308,-0.0234,1.0132,12.3901,-4.6997,-5.7983,1,466,894,719
1222758926,240688,-0.0649,-0.0176,0.9927,13.5498,-6.9580,-5.7373,1,465,903,719
1222763929,240689,-0.0640,0.0020,1.0034,13.0615,-8.3618,-5.4932,1,484,905,719
1222768924,240690,-0.0513,0.0093,1.0215,13.0005,-8.1177,-5.7373,1,510,886,719
1222773926,240691,-0.0444,0.0044,1.0322,13.6108,-9.5215,-5.1880,1,489,918,719
1222778931,240692,-0.0356,0.0015,1.0361,14.4043,-10.6812,-4.3945,1,493,813,719
1222783930,240693,-0.0288,0.0098,1.0371,14.6484,-10.6812,-3.8452,1,491,789,719
1222788925,240694,-0.0264,0.0200,1.0396,14.3433,-10.8032,-3.1128,1,496,826,719
1222793928,240695,-0.0264,0.0229,1.0425,14.0381,-10.6201,-2.3804,1,482,868,719
1222798925,240696,-0.0229,0.0259,1.0439,13.5498,-10.4980,-1.5869,1,497,865,719
1222803923,240697,-0.0132,0.0293,1.0449,12.5732,-9.3994,-1.5259,1,478,893,719
1222808925,240698,-0.0103,0.0308,1.0435,11.7187,-7.7515,-1.4038,1,485,876,719
1222813927,240699,-0.0225,0.0352,1.0327,10.9253,-7.2021,-1.1597,1,494,867,719
1222818922,240700,-0.0371,0.0400,1.0225,9.6436,-7.4463,-1.0376,1,465,898,719
1222823922,240701,-0.0430,0.0322,1.0195,8.6060,-7.4463,-1.0986,1,466,880,719
1222828922,240702,-0.0439,0.0210,1.0186,8.6670,-7.6294,-1.1597,1,466,884,719
1222833928,240703,-0.0415,0.0220,1.0186,8.7280,-8.3618,-0.9155,1,466,882,719
1222838928,240704,-0.0347,0.0225,1.0220,8.3618,-8.7280,-0.9766,1,466,887,719
1222843927,240705,-0.0312,0.0215,1.0264,8.9722,-8.8501,-0.9155,1,465,881,719
1222848930,240706,-0.0337,0.0269,1.0259,9.2163,-9.1553,-0.9155,1,466,903,719
1222853925,240707,-0.0327,0.0322,1.0288,8.8501,-9.5825,-1.0986,1,466,883,719
1222858928,240708,-0.0259,0.0410,1.0371,8.6670,-9.6436,-1.3428,1,483,889,719
1222863938,240709,-0.0210,0.0464,1.0371,7.8735,-9.3384,-1.5869,1,466,872,719
1222868929,240710,-0.0239,0.0439,1.0283,7.2632,-9.2773,-1.7700,1,484,874,719
1222873930,240711,-0.0327,0.0449,1.0210,6.5918,-9.7046,-1.9531,1,492,830,719
1222878925,240712,-0.0454,0.0464,1.0161,5.4321,-10.4370,-2.2583,1,490,920,719
1222883924,240713,-0.0513,0.0430,1.0151,4.3945,-11.7798,-2.3804,1,477,896,719
1222888926,240714,-0.0449,0.0381,1.0166,3.7842,-12.6343,-2.5635,1,482,787,719
1222893927,240715,-0.0381,0.0361,1.0205,3.1738,-13.3057,-2.8076,1,484,854,719
1222898928,240716,-0.0303,0.0396,1.0273,2.3193,-13.9770,-2.8076,1,490,853,719
1222903929,240717,-0.0161,0.0410,1.0356,1.4038,-13.9160,-2.7466,1,490,877,719
1222908928,240718,-0.0078,0.0435,1.0376,0.7324,-13.2446,-2.8076,1,482,857,719
1222913928,240719,-0.0107,0.0479,1.0322,-0.2441,-13.1226,-2.6855,1,487,871,719
1222918929,240720,-0.0132,0.0464,1.0293,-1.4038,-13.3057,-2.3193,1,493,876,719
1222923924,240721,-0.0088,0.0425,1.0259,-1.8311,-13.1226,-2.0752,1,465,898,719
1222928922,240722,-0.0083,0.0439,1.0215,-2.4414,-12.6343,-2.1362,1,466,890,719
1222933929,240723,-0.0151,0.0444,1.0195,-3.4180,-12.6953,-2.1362,1,466,906,719
1222938927,240724,-0.0352,0.0449,1.0127,-3.7231,-13.1836,-2.3193,1,466,913,719
1222943928,240725,-0.0610,0.0498,0.9976,-4.3335,-15.5029,-2.5635,1,466,906,719
1222948926,240726,-0.0728,0.0552,0.9893,-5.3711,-18.6768,-2.6855,1,466,904,719
1222953924,240727,-0.0669,0.0532,0.9912,-6.2866,-21.1792,-2.9907,1,466,892,719
1222958927,240728,-0.0547,0.0430,1.0005,-6.9580,-23.5596,-3.3569,1,466,905,719
1222963929,240729,-0.0444,0.0386,1.0083,-7.5073,-25.8789,-3.4180,1,466,898,719
1222968930,240730,-0.0430,0.0396,1.0063,-8.1787,-27.6489,-3.3569,1,465,905,719
1222973925,240731,-0.0513,0.0522,1.0010,-9.3384,-29.9683,-3.1128,1,484,906,719
1222978928,240732,-0.0635,0.0718,0.9946,-10.3149,-32.8979,-3.9673,1,510,886,719
1222983924,240733,-0.0679,0.0654,0.9941,-12.6343,-36.0718,-4.9438,1,481,913,719
1222988924,240734,-0.0610,0.0522,1.0029,-13.1836,-39.0625,-4.5166,1,509,942,719
1222993926,240735,-0.0400,0.0493,1.0200,-14.6484,-41.9311,-4.3335,1,472,791,719
1222998930,240736,-0.0063,0.0293,1.0449,-15.8691,-43.4570,-4.5166,1,477,902,719
1223003928,240737,0.0327,-0.0054,1.0645,-15.0146,-43.3350,-4.5776,1,476,876,719
1223008927,240738,0.0562,-0.0171,1.0679,-12.9395,-41.9922,-4.7607,1,500,872,719
1223013926,240739,0.0376,0.0000,1.0552,-12.5122,-41.9922,-5.0049,1,476,888,719
1223018927,240740,0.0117,0.0132,1.0435,-12.6343,-43.8232,-4.5776,1,484,843,719
1223023931,240741,0.0122,0.0127,1.0405,-12.2070,-45.2881,-3.9062,1,493,893,719
1223028924,240742,0.0220,0.0098,1.0381,-11.9019,-44.9829,-3.4790,1,466,914,719
1223033928,240743,0.0273,0.0098,1.0347,-11.7798,-45.4712,-3.1738,1,466,913,719
1223038923,240744,0.0405,0.0068,1.0366,-11.7798,-46.1426,-3.8452,1,466,916,719
1223043931,240745,0.0610,0.0000,1.0435,-11.5967,-45.8984,-4.7607,1,466,921,719
1223048925,240746,0.0713,-0.0054,1.0483,-11.0474,-44.5557,-5.2490,1,466,877,719
1223053931,240747,0.0728,-0.0078,1.0483,-10.6201,-44.4946,-5.3101,1,466,915,719
1223058932,240748,0.0640,-0.0039,1.0444,-10.0098,-44.0674,-5.3711,1,466,915,719
1223063922,240749,0.0356,0.0068,1.0356,-10.1929,-45.0439,-5.1270,1,466,900,719
1223068929,240750,0.0088,0.0151,1.0298,-10.2539,-46.6919,-4.4556,1,484,919,719
1223073953,240751,0.0156,0.0171,1.0342,-10.6812,-49.3774,-3.7231,1,469,915,719
1223078924,240752,0.0542,0.0142,1.0435,-11.1084,-50.1099,-3.1738,1,485,919,719
1223083925,240753,0.0923,0.0132,1.0527,-11.6577,-49.6216,-2.9297,1,482,834,719
1223088928,240754,0.0835,0.0146,1.0601,-12.7563,-51.5137,-3.9062,1,509,917,719
1223093926,240755,0.0483,0.0234,1.0596,-14.2212,-59.2041,-5.0049,1,508,906,719
1223098929,240756,0.0337,0.0332,1.0557,-16.7847,-68.7256,-6.1035,1,494,788,719
1223103929,240757,-0.0210,0.0317,1.0552,-19.4092,-79.1016,-7.0190,1,494,860,719
1223108926,240758,-0.1836,0.0449,1.0449,-22.0947,-93.2007,-8.0566,1,496,849,719
1223113923,240759,-0.3735,0.0625,1.0308,-26.2451,-114.1357,-9.3384,1,509,872,719
1223118928,240760,-0.4614,0.0649,1.0244,-29.1138,-142.2729,-8.4229,1,482,927,719
1223123923,240761,-0.5708,0.1025,1.0303,-32.4097,-163.4521,-9.8267,1,472,899,719
1223128923,240762,-0.8657,0.1753,1.0405,-39.5508,-197.2046,-11.5356,1,493,890,719
1223133930,240763,-1.0083,0.1870,1.1230,-45.7764,-248.9624,-10.3760,1,466,939,719
1223138928,240764,-0.4297,0.1372,1.2896,-52.3682,-306.8848,-8.3618,1,466,947,719
1223143930,240765,-0.2280,0.0981,1.4297,-63.5986,-295.4102,-18.3716,1,466,923,719
1223148929,240766,-0.9629,0.0898,1.6270,-75.4395,-346.3745,-19.2261,1,466,932,719
1223153925,240767,-1.0635,0.1855,1.8188,-69.6411,-442.8711,-10.8643,1,466,929,719
1223158923,240768,-0.1714,0.5024,1.7505,-94.6045,-467.5293,-17.4561,1,465,942,719
1223163934,240769,0.0142,0.5474,1.7461,-154.4800,-425.5981,-38.6353,1,466,933,719
1223168928,240770,-0.8940,0.2393,2.0337,-163.5742,-472.4121,-43.7012,1,466,935,719
1223173924,240771,-1.3906,-0.0205,1.9844,-150.0854,-566.5894,-35.6445,1,484,950,719
1223178950,240772,-1.0854,-0.3335,1.4277,-160.0952,-606.8115,-51.8188,1,472,932,719
1223183927,240773,-0.5464,-0.4766,0.9565,-143.0054,-637.8174,-62.9883,1,485,942,719
1223188925,240774,-0.0977,-0.2363,0.7627,-121.2768,-649.6581,-63.3545,1,479,877,719
1223193929,240775,0.1445,-0.1802,0.9824,-113.9526,-604.4922,-57.8003,1,486,904,719
1223198930,240776,0.9023,-0.6904,2.2700,-91.0644,-521.3623,-57.4951,1,509,968,719
1223203929,240777,2.3281,-1.3262,4.2671,-36.1938,-375.9155,-45.7153,1,487,821,719
1223208926,240778,2.4478,-1.6055,5.3037,8.1177,-147.7661,-46.6919,1,491,852,719
1223213926,240779,0.5220,-1.2969,4.6426,43.0908,-6.1035,-44.3115,1,496,879,719
1223218923,240780,-1.5015,-0.6274,3.2134,53.1616,11.4136,-27.9541,1,502,877,719
1223223922,240781,-2.0259,-0.1587,2.1177,40.5273,11.4136,-22.8882,1,486,912,719
1223228930,240782,-1.4839,-0.0674,1.5371,40.5884,34.9121,-24.7803,1,492,912,719
1223233930,240783,-0.9731,-0.1025,1.1587,46.0205,59.2041,-28.5645,1,492,903,719
1223238926,240784,-0.8774,-0.0918,0.8491,48.8892,65.7349,-34.4849,1,465,936,719
1223243923,240785,-0.9341,-0.0479,0.6655,51.2695,64.3311,-39.9170,1,466,927,719
1223248927,240786,-0.9209,-0.0210,0.6455,55.1758,68.1763,-45.5933,1,466,924,719
1223253929,240787,-0.8423,-0.0122,0.7324,60.2417,77.9419,-52.3071,1,466,928,719
1223258930,240788,-0.7568,-0.0049,0.8462,66.8945,89.1113,-58.4106,1,466,934,719
1223263922,240789,-0.6670,0.0068,0.9346,72.2046,101.5625,-65.4297,1,466,934,719
1223268923,240790,-0.5684,0.0122,0.9707,75.9888,117.3706,-72.9980,1,466,923,719
1223273923,240791,-0.4419,-0.0054,0.8999,80.5664,149.5972,-89.7827,1,466,927,719
1223278922,240792,-0.4146,-0.0288,0.8462,78.3691,162.3535,-97.1680,1,483,933,719
1223283931,240793,-0.3838,-0.0605,0.8081,74.2798,173.5229,-102.7832,1,465,940,719
1223288950,240794,-0.3237,-0.1006,0.7827,68.2983,183.5937,-106.8115,1,484,941,719
1223293925,240795,-0.2437,-0.1558,0.7559,60.5469,194.2749,-109.4360,1,484,948,719
1223298929,240796,-0.1768,-0.2271,0.7173,52.6123,205.0171,-110.2905,1,479,859,719
1223303926,240797,-0.1328,-0.3071,0.6685,45.2881,214.1113,-108.8257,1,502,939,719
1223308925,240798,-0.1094,-0.3789,0.6216,38.2080,221.6186,-105.4077,1,465,873,719
1223313925,240799,-0.1069,-0.4346,0.5835,30.3955,226.9287,-99.7314,1,493,816,719
1223318927,240800,-0.1182,-0.4771,0.5620,22.0947,230.1636,-92.1020,1,494,879,719
1223323930,240801,-0.1270,-0.5098,0.5620,13.4888,231.3843,-82.6416,1,492,891,719
1223328930,240802,-0.1201,-0.5327,0.5879,4.3945,231.8725,-71.9604,1,499,895,719
1223333925,240803,-0.0962,-0.5400,0.6338,-3.9673,233.2153,-59.9976,1,492,898,719
1223338922,240804,-0.0684,-0.5273,0.6846,-12.1460,235.5347,-47.6074,1,493,896,719
1223343930,240805,-0.0464,-0.4912,0.7334,-19.5312,238.0981,-35.0952,1,466,944,719
1223348928,240806,-0.0234,-0.4312,0.7832,-26.4282,240.3564,-23.2544,1,466,967,719
1223353930,240807,0.0073,-0.3618,0.8369,-32.9590,242.7978,-12.5122,1,466,947,719
1223358923,240808,0.0371,-0.2949,0.8862,-38.6353,245.1172,-2.6855,1,466,944,719
1223363929,240809,0.0669,-0.2334,0.9277,-43.0908,246.5210,6.3477,1,466,927,719
1223368930,240810,0.1055,-0.1812,0.9722,-46.5088,247.4365,14.4653,1,466,923,719
1223373931,240811,0.1484,-0.1489,1.0220,-48.3398,248.2910,21.7285,1,466,943,719
1223378944,240812,0.1880,-0.1299,1.0684,-48.2178,249.2065,28.5034,1,466,954,719
1223383928,240813,0.2300,-0.1060,1.1113,-47.1191,249.3286,34.7900,1,466,943,719
1223388930,240814,0.2891,-0.0718,1.1567,-45.7153,249.2065,39.9170,1,484,941,719
1223393942,240815,0.3633,-0.0352,1.2070,-45.1050,249.0845,43.9453,1,472,937,719
1223398923,240816,0.4385,-0.0083,1.2603,-45.2270,249.4507,47.2412,1,484,938,719
1223403929,240817,0.4966,0.0029,1.3086,-45.5933,249.5727,49.9878,1,495,883,719
1223408926,240818,0.5215,0.0088,1.3545,-46.2036,249.0234,52.4292,1,494,937,719
1223413928,240819,0.5269,0.0283,1.4224,-47.6685,247.0093,54.8096,1,477,927,719
1223418928,240820,0.5571,0.0610,1.5273,-50.0488,244.6899,56.9458,1,499,927,719
1223423931,240821,0.6387,0.0815,1.6504,-52.3682,244.0185,58.4106,1,505,826,719
1223428925,240822,0.7520,0.0732,1.7598,-53.7720,245.5444,59.8755,1,502,895,719
1223433927,240823,0.8604,0.0454,1.8306,-53.2837,248.8403,61.9507,1,498,899,719
1223438930,240824,0.9448,0.0166,1.8447,-51.3916,251.8921,63.9648,1,487,935,719
1223443923,240825,1.0054,-0.0010,1.7964,-48.2788,253.3569,66.4062,1,488,919,719
1223448923,240826,1.0562,-0.0059,1.6890,-44.5557,252.3804,69.2139,1,466,935,719
1223453924,240827,1.1025,0.0010,1.5415,-41.6260,247.7417,72.0215,1,466,926,719
1223458926,240828,1.1426,0.0127,1.3931,-39.8560,239.1357,74.5239,1,466,929,719
1223463928,240829,1.1724,0.0220,1.2803,-39.1235,227.3559,76.4771,1,466,933,719
1223468930,240830,1.1938,0.0283,1.2241,-39.3677,213.8672,78.1860,1,466,932,719
1223473926,240831,1.2119,0.0337,1.2290,-40.1611,199.8901,79.1016,1,466,938,719
1223478925,240832,1.2441,0.0430,1.2798,-40.4053,186.2793,79.1016,1,465,936,719
1223483936,240833,1.2983,0.0591,1.3359,-39.2456,174.1333,78.1250,1,466,932,719
1223488930,240834,1.3589,0.0835,1.3521,-37.4146,164.4287,75.5615,1,466,934,719
1223493928,240835,1.4009,0.1113,1.3076,-35.5225,155.8228,71.2891,1,484,930,719
1223498933,240836,1.4102,0.1323,1.2153,-33.8745,146.9727,65.9790,1,468,921,719
1223503927,240837,1.3872,0.1392,1.1055,-32.8369,136.8408,59.8755,1,484,930,719
1223508928,240838,1.3438,0.1328,1.0044,-32.6538,124.5117,53.6499,1,493,924,719
1223513928,240839,1.3018,0.1211,0.9316,-33.5693,110.1684,48.0957,1,487,964,719
1223518928,240840,1.2695,0.1045,0.9097,-35.8276,96.3745,43.3960,1,470,858,719
1223523923,240841,1.2280,0.0825,0.9561,-38.6963,84.2895,39.6118,1,501,924,719
1223528924,240842,1.1699,0.0591,1.0591,-41.1987,73.2422,36.9263,1,491,908,719
1223533931,240843,1.1162,0.0298,1.1860,-43.4570,65.5518,35.4004,1,487,876,719
1223538926,240844,1.0815,-0.0181,1.2974,-43.8843,62.1338,35.2783,1,497,877,719
1223543924,240845,1.0610,-0.0698,1.3555,-41.6870,61.6455,36.4380,1,471,904,719
1223548927,240846,1.0312,-0.0977,1.3438,-38.5742,62.5610,38.1470,1,492,909,719
1223553926,240847,0.9824,-0.0952,1.2720,-35.6445,62.7441,40.0391,1,466,986,719
1223558929,240848,0.9253,-0.0684,1.1572,-32.1045,61.0352,41.6260,1,466,925,719
1223563929,240849,0.8652,-0.0244,1.0122,-29.1138,57.1289,42.5415,1,465,929,719
1223568930,240850,0.7988,0.0244,0.8657,-27.5879,50.7202,41.9311,1,466,947,719
1223573922,240851,0.7300,0.0664,0.7646,-27.8931,41.8091,39.9170,1,466,943,719
1223578931,240852,0.6890,0.0874,0.7441,-29.4800,31.3110,37.1094,1,466,927,719
1223583930,240853,0.7056,0.0879,0.7817,-30.9448,21.5454,33.9966,1,466,931,719
1223588945,240854,0.7554,0.0825,0.8149,-32.6538,14.4653,30.7617,1,466,932,719
1223593925,240855,0.8228,0.0410,0.7578,-33.9966,5.4321,27.5269,1,466,939,719
1223598927,240856,0.8096,-0.0029,0.5557,-25.0244,-16.9067,28.6255,1,484,916,719
1223603946,240857,0.7368,0.0244,0.3774,-13.6108,-47.1191,30.4565,1,473,924,719
1223608924,240858,0.8428,0.0879,0.3794,-6.3477,-70.4346,28.9307,1,484,946,719
1223613924,240859,1.0537,0.1372,0.4829,-2.7466,-76.9653,27.5879,1,493,856,719
1223618922,240860,1.1172,0.1499,0.6025,-0.1221,-82.1533,24.8413,1,493,949,719
1223623923,240861,1.0259,0.1353,0.7124,5.2490,-92.7734,20.8740,1,477,912,719
1223628925,240862,0.9141,0.1123,0.8154,8.9722,-102.4780,17.8833,1,481,801,719
1223633923,240863,0.8247,0.0718,0.9165,11.3525,-106.0181,16.0522,1,505,900,719
1223638930,240864,0.6016,0.0093,1.0488,12.8174,-98.9990,14.5874,1,485,888,719
1223643927,240865,0.2192,-0.0815,1.2666,7.2632,-84.9609,17.0898,1,494,888,719
1223648930,240866,-0.0796,-0.2051,1.4985,0.3052,-78.0640,22.7051,1,490,890,719
1223653922,240867,-0.2339,-0.3745,1.5962,-4.9438,-68.7866,25.4517,1,487,872,719
1223658930,240868,-0.3174,-0.5601,1.5078,-0.0610,-63.4155,30.3345,1,466,922,719
1223663922,240869,-0.2905,-0.6216,1.2891,17.3340,-65.9180,36.3159,1,466,913,719
1223668924,240870,-0.1782,-0.4927,1.0508,32.3486,-66.2231,37.5366,1,466,920,719
1223673930,240871,-0.1743,-0.2344,0.8857,41.6870,-64.8193,36.0107,1,466,928,719
1223678928,240872,-0.6235,0.0366,0.8657,45.3491,-62.8052,37.3535,1,466,933,719
1223683926,240873,-0.9790,0.3398,1.0796,68.6035,-98.5718,45.8984,1,466,940,719
1223688929,240874,-0.3892,0.7671,1.3325,90.4541,-134.0942,36.4990,1,466,936,719
1223693943,240875,0.3906,0.9507,1.4028,49.7436,-87.3413,21.4844,1,466,928,719
1223698925,240876,0.3521,0.5957,1.3823,26.1841,-52.4292,14.4043,1,466,941,719
1223703927,240877,-0.1211,0.0288,1.3096,30.1514,-73.4863,18.6157,1,484,937,719
1223708947,240878,-0.2998,-0.3711,1.1934,31.8603,-88.4399,20.5688,1,475,923,719
1223713924,240879,-0.1714,-0.4966,1.1079,39.9780,-87.9517,21.4844,1,484,942,719
1223718924,240880,-0.0181,-0.3853,1.0962,49.3164,-83.3740,23.2544,1,493,875,719
1223723929,240881,0.0493,-0.1343,1.1675,52.8564,-79.6509,23.4985,1,497,934,719
1223728926,240882,0.0786,0.1343,1.2822,51.5747,-73.7305,21.6675,1,494,924,719
1223733926,240883,0.0190,0.4219,1.4424,44.3726,-63.1103,15.8691,1,479,812,719
1223738925,240884,0.0283,0.6777,1.5806,26.4893,-63.4766,6.5308,1,501,825,719
1223743930,240885,0.2207,0.6372,1.5405,4.2114,-53.1006,3.1738,1,481,871,719
1223748929,240886,0.2793,0.2593,1.3594,-6.7749,-27.0996,0.8545,1,493,881,719
1223753930,240887,0.1187,-0.1479,1.1694,-4.3945,-19.6533,0.8545,1,486,901,719
1223758925,240888,-0.0498,-0.3193,1.0396,3.2349,-22.2168,3.6011,1,488,876,719
1223763930,240889,-0.1138,-0.2285,1.0024,7.9956,-21.7895,3.7231,1,493,871,719
1223768926,240890,-0.1001,-0.0259,1.0381,8.9722,-21.8506,2.8687,1,466,913,719
1223773931,240891,-0.0571,0.1030,1.0825,5.6763,-21.2402,2.1362,1,466,889,719
1223778927,240892,-0.0220,0.0835,1.1006,2.4414,-19.3481,1.2817,1,466,908,719
1223783928,240893,-0.0073,-0.0220,1.0898,3.1128,-17.2729,1.0376,1,466,895,719
1223788925,240894,-0.0127,-0.0986,1.0645,5.4932,-14.7095,0.9766,1,466,892,719
1223793929,240895,-0.0308,-0.0923,1.0469,7.8125,-13.0005,0.9766,1,465,896,719
1223798930,240896,-0.0449,-0.0303,1.0459,8.5449,-12.3291,0.6104,1,466,887,719
1223803927,240897,-0.0439,0.0298,1.0620,7.3242,-11.6577,0.1831,1,466,900,719
1223808924,240898,-0.0269,0.0498,1.0859,5.3711,-10.2539,-0.1221,1,483,908,719
1223813936,240899,-0.0083,0.0283,1.0977,3.9062,-8.1177,-0.4883,1,466,897,719
1223818925,240900,-0.0073,-0.0044,1.0864,3.6011,-5.7373,-0.6104,1,484,870,719
1223823930,240901,-0.0239,-0.0186,1.0620,3.6621,-4.3335,-0.5493,1,492,872,719
1223828928,240902,-0.0425,-0.0171,1.0405,3.2959,-3.6621,-0.4883,1,473,875,719
1223833922,240903,-0.0571,-0.0107,1.0273,3.1738,-3.6011,-0.5493,1,500,867,719
1223838925,240904,-0.0620,-0.0020,1.0249,3.0518,-4.1504,-0.4272,1,471,865,719
1223843927,240905,-0.0547,0.0054,1.0322,2.3804,-4.0894,-0.4272,1,491,828,719
1223848927,240906,-0.0469,0.0049,1.0381,1.7090,-3.6621,-0.5493,1,494,827,719
1223853926,240907,-0.0459,-0.0044,1.0356,1.3428,-3.4180,-0.3662,1,489,846,719
1223858923,240908,-0.0532,-0.0166,1.0225,1.2207,-3.2349,-0.3052,1,478,849,719
1223863924,240909,-0.0645,-0.0220,1.0161,1.4038,-3.7231,-0.4272,1,480,852,719
1223868924,240910,-0.0576,-0.0186,1.0278,1.3428,-4.3335,-0.1831,1,492,858,719
1223873928,240911,-0.0410,-0.0093,1.0405,1.2207,-2.8687,-0.0610,1,466,885,719
1223878928,240912,-0.0386,0.0015,1.0400,0.4883,-1.5869,-0.1831,1,466,874,719
1223883930,240913,-0.0513,0.0044,1.0254,-0.1221,-1.4648,-0.3662,1,466,874,719
1223888929,240914,-0.0664,-0.0039,1.0093,-0.6714,-1.7700,-0.3662,1,466,876,719
1223893928,240915,-0.0708,-0.0166,1.0015,-0.9766,-2.3804,-0.0610,1,466,876,719
1223898922,240916,-0.0640,-0.0215,1.0088,-0.7324,-2.7466,0.1221,1,466,874,719
1223903930,240917,-0.0522,-0.0151,1.0225,-0.7324,-2.6245,0.0610,1,466,876,719
1223908931,240918,-0.0483,-0.0107,1.0278,-1.1597,-2.0142,0.0610,1,466,886,719
1223913930,240919,-0.0532,-0.0127,1.0234,-1.4038,-1.8921,0.0610,1,483,879,719
1223918924,240920,-0.0552,-0.0166,1.0200,-1.3428,-2.0142,0.1221,1,466,878,719
1223923922,240921,-0.0518,-0.0171,1.0234,-1.3428,-1.5869,0.0610,1,484,863,719
1223928922,240922,-0.0479,-0.0142,1.0293,-1.3428,-1.1597,-0.0610,1,510,868,719
1223933923,240923,-0.0483,-0.0146,1.0288,-1.6479,-0.7324,-0.2441,1,500,902,719
1223938931,240924,-0.0542,-0.0186,1.0215,-1.5869,-0.6104,-0.2441,1,478,880,719
1223943922,240925,-0.0601,-0.0215,1.0142,-1.2817,-0.8545,-0.1221,1,498,756,719
1223948924,240926,-0.0605,-0.0210,1.0122,-1.0376,-1.0376,-0.1221,1,486,824,719
1223953928,240927,-0.0581,-0.0210,1.0146,-0.9766,-1.2207,-0.0610,1,487,826,719
1223958930,240928,-0.0557,-0.0215,1.0190,-0.7935,-1.4648,-0.2441,1,480,832,719
1223963925,240929,-0.0537,-0.0186,1.0225,-0.3662,-1.7090,-0.3052,1,494,855,719
1223968931,240930,-0.0513,-0.0132,1.0264,-0.2441,-1.6479,-0.3052,1,487,846,719
1223973928,240931,-0.0498,-0.0083,1.0273,-0.4883,-1.4038,-0.3662,1,486,849,719
1223978926,240932,-0.0513,-0.0059,1.0269,-0.8545,-1.4038,-0.4272,1,492,855,719
1223983923,240933,-0.0513,-0.0039,1.0288,-1.0376,-1.5869,-0.4883,1,466,872,719
1223988930,240934,-0.0469,-0.0015,1.0347,-1.4038,-1.6479,-0.4883,1,466,879,719
1223993929,240935,-0.0430,-0.0034,1.0376,-1.8921,-1.0376,-0.6714,1,466,874,719
1223998926,240936,-0.0435,-0.0112,1.0352,-2.0142,-0.5493,-0.4883,1,466,872,719
1224003928,240937,-0.0464,-0.0176,1.0293,-1.7700,-0.3052,-0.3662,1,466,879,719
1224008928,240938,-0.0503,-0.0161,1.0215,-1.8921,-0.3052,-0.5493,1,466,876,719
1224013928,240939,-0.0522,-0.0127,1.0166,-1.9531,-0.3662,-0.6714,1,465,876,719
1224018928,240940,-0.0527,-0.0132,1.0186,-2.0752,-0.6714,-0.4883,1,466,886,719
1224023929,240941,-0.0493,-0.0176,1.0215,-2.0142,-0.7324,-0.3662,1,466,877,719
1224028925,240942,-0.0469,-0.0205,1.0234,-1.9531,-0.3662,-0.4272,1,465,882,719
1224033940,240943,-0.0483,-0.0186,1.0225,-1.9531,-0.3662,-0.3052,1,484,873,719
1224038922,240944,-0.0513,-0.0166,1.0176,-1.8311,-0.4272,-0.3052,1,466,829,719
1224043924,240945,-0.0552,-0.0210,1.0122,-1.7700,-0.6714,-0.3662,1,499,903,719
1224048927,240946,-0.0576,-0.0269,1.0093,-1.4038,-0.9155,-0.2441,1,484,823,719
1224053925,240947,-0.0581,-0.0269,1.0107,-0.9766,-1.2817,-0.1221,1,482,760,719
1224058929,240948,-0.0566,-0.0220,1.0137,-0.9155,-1.3428,-0.1831,1,487,840,719
1224063926,240949,-0.0547,-0.0200,1.0137,-0.7935,-1.5869,-0.1831,1,490,837,719
1224068929,240950,-0.0557,-0.0225,1.0093,-0.5493,-1.7700,-0.1221,1,491,832,719
1224073925,240951,-0.0591,-0.0259,1.0063,-0.2441,-2.1362,-0.2441,1,491,826,719
1224078922,240952,-0.0581,-0.0254,1.0107,0.0610,-2.6855,-0.1831,1,488,855,719
1224083929,240953,-0.0522,-0.0210,1.0166,0.1831,-2.8076,-0.1831,1,493,854,719
1224088927,240954,-0.0483,-0.0195,1.0200,0.3052,-2.7466,-0.3052,1,466,859,719
1224093927,240955,-0.0513,-0.0205,1.0176,0.5493,-2.8687,-0.3662,1,466,874,719
1224098925,240956,-0.0562,-0.0205,1.0146,0.6714,-3.2349,-0.2441,1,466,883,719
1224103931,240957,-0.0464,-0.0151,1.0283,0.7935,-3.4790,-0.3052,1,466,882,719
1224108924,240958,-0.0376,-0.0142,1.0347,0.6104,-2.9297,-0.3662,1,466,880,719
1224113928,240959,-0.0386,-0.0156,1.0308,0.5493,-2.4414,-0.2441,1,466,877,719
1224118927,240960,-0.0454,-0.0156,1.0225,0.7324,-2.5024,-0.3052,1,466,885,719
1224123923,240961,-0.0498,-0.0156,1.0176,0.4883,-2.5635,-0.2441,1,465,882,719
1224128924,240962,-0.0508,-0.0171,1.0186,0.3052,-2.8076,-0.3662,1,484,883,719
1224133928,240963,-0.0488,-0.0181,1.0225,0.3052,-2.6855,-0.3052,1,465,861,719
1224138954,240964,-0.0459,-0.0181,1.0249,0.3052,-2.4414,-0.3052,1,484,863,719
1224143928,240965,-0.0464,-0.0181,1.0225,0.3052,-2.4414,-0.3662,1,465,873,719
1224148927,240966,-0.0498,-0.0200,1.0166,0.4272,-2.5024,-0.3662,1,467,865,719
1224153929,240967,-0.0518,-0.0210,1.0127,0.4883,-2.6245,-0.3662,1,494,873,719
1224158929,240968,-0.0513,-0.0176,1.0146,0.6714,-2.8076,-0.3662,1,468,757,719
1224163923,240969,-0.0474,-0.0137,1.0195,0.4883,-2.9297,-0.3662,1,498,843,719
1224168931,240970,-0.0415,-0.0132,1.0254,0.1831,-2.6855,-0.3052,1,484,833,719
1224173929,240971,-0.0371,-0.0161,1.0283,0.2441,-2.3804,-0.3662,1,494,834,719
1224178923,240972,-0.0376,-0.0181,1.0264,0.3662,-1.8921,-0.4883,1,502,840,719
1224183931,240973,-0.0410,-0.0181,1.0234,0.3662,-1.7700,-0.4883,1,476,845,719
1224188928,240974,-0.0430,-0.0181,1.0210,0.2441,-1.7090,-0.4883,1,491,850,719
1224193925,240975,-0.0444,-0.0195,1.0190,0.3052,-1.7700,-0.4883,1,466,845,719
1224198929,240976,-0.0459,-0.0195,1.0190,0.3662,-1.7090,-0.6714,1,466,877,719
1224203922,240977,-0.0469,-0.0205,1.0186,0.4272,-1.7090,-0.6104,1,466,878,719
1224208926,240978,-0.0483,-0.0215,1.0166,0.4272,-1.6479,-0.6714,1,466,871,719
1224213930,240979,-0.0498,-0.0210,1.0151,0.6714,-1.9531,-0.5493,1,466,885,719
1224218927,240980,-0.0474,-0.0186,1.0181,0.7935,-2.1362,-0.6714,1,466,884,719
1224223926,240981,-0.0439,-0.0171,1.0229,0.9155,-1.8311,-0.7935,1,466,876,719
1224228939,240982,-0.0430,-0.0166,1.0249,0.9766,-1.8311,-0.8545,1,466,880,719
1224233930,240983,-0.0430,-0.0161,1.0259,0.9766,-1.8921,-0.7324,1,466,877,719
1224238928,240984,-0.0430,-0.0156,1.0254,0.7935,-1.7700,-0.6714,1,484,877,719
1224243929,240985,-0.0439,-0.0137,1.0229,0.9766,-1.7090,-0.7324,1,468,864,719
1224248923,240986,-0.0464,-0.0142,1.0190,0.9155,-1.7700,-0.7935,1,484,868,719
1224253930,240987,-0.0469,-0.0176,1.0171,0.8545,-2.1973,-0.8545,1,492,876,719
1224258924,240988,-0.0449,-0.0190,1.0186,0.9766,-2.2583,-0.8545,1,476,859,719
1224263928,240989,-0.0415,-0.0176,1.0215,1.0376,-2.1973,-0.7935,1,505,868,719
1224268928,240990,-0.0410,-0.0156,1.0229,1.0986,-2.1362,-0.7324,1,479,764,719
1224273930,240991,-0.0454,-0.0151,1.0190,1.0986,-2.1973,-0.8545,1,481,840,719
1224278930,240992,-0.0488,-0.0166,1.0146,1.2207,-2.8076,-0.8545,1,479,836,719
1224283928,240993,-0.0459,-0.0186,1.0176,1.4648,-3.1128,-0.8545,1,497,839,719
1224288923,240994,-0.0405,-0.0176,1.0244,1.4648,-2.9297,-0.9155,1,509,853,719
1224293927,240995,-0.0376,-0.0166,1.0264,1.5259,-2.8076,-0.9155,1,485,856,719
1224298925,240996,-0.0391,-0.0151,1.0229,1.5869,-2.8076,-0.7935,1,473,854,719
1224303923,240997,-0.0420,-0.0151,1.0186,1.5259,-2.8687,-0.8545,1,493,853,719
1224308928,240998,-0.0439,-0.0161,1.0166,1.6479,-3.0518,-0.8545,1,466,879,719
1224313928,240999,-0.0425,-0.0151,1.0195,1.7090,-3.2959,-0.8545,1,466,885,719
1224318924,241000,-0.0381,-0.0137,1.0259,1.7090,-3.2349,-0.9766,1,466,880,719
1224323923,241001,-0.0347,-0.0127,1.0303,1.6479,-2.8687,-0.9766,1,466,873,719
1224328924,241002,-0.0337,-0.0122,1.0298,1.5869,-2.6245,-0.9155,1,466,877,719
1224333928,241003,-0.0361,-0.0142,1.0264,1.4648,-2.3804,-0.8545,1,466,889,719
1224338932,241004,-0.0410,-0.0166,1.0210,1.7700,-2.3804,-0.8545,1,466,882,719
1224343924,241005,-0.0435,-0.0181,1.0186,1.7090,-2.6245,-0.8545,1,466,877,719
1224348924,241006,-0.0405,-0.0176,1.0210,1.5259,-2.7466,-0.8545,1,484,876,719
1224353924,241007,-0.0356,-0.0151,1.0259,1.6479,-2.6855,-0.7935,1,467,865,719
1224358926,241008,-0.0332,-0.0142,1.0273,1.5869,-2.3193,-0.7935,1,484,876,719
1224363924,241009,-0.0347,-0.0127,1.0269,1.5869,-2.3804,-0.7324,1,492,837,719
1224368926,241010,-0.0356,-0.0112,1.0273,1.6479,-2.3804,-0.6714,1,499,921,719
1224373929,241011,-0.0361,-0.0112,1.0273,1.6479,-2.1362,-0.6714,1,500,873,719
1224378925,241012,-0.0356,-0.0098,1.0254,1.5869,-2.2583,-0.7324,1,477,796,719
1224383927,241013,-0.0352,-0.0103,1.0249,1.4038,-2.2583,-0.6104,1,484,837,719
1224388923,241014,-0.0352,-0.0122,1.0249,1.4038,-2.0142,-0.7324,1,506,832,719
1224393930,241015,-0.0352,-0.0112,1.0244,1.4038,-2.1362,-0.6104,1,495,837,719
1224398928,241016,-0.0361,-0.0112,1.0249,1.2207,-2.0142,-0.6714,1,504,857,719
1224403929,241017,-0.0361,-0.0117,1.0264,1.2817,-2.0752,-0.6104,1,475,855,719
1224408926,241018,-0.0327,-0.0098,1.0288,1.1597,-1.9531,-0.6104,1,477,851,719
1224413923,241019,-0.0308,-0.0098,1.0312,0.9766,-1.5869,-0.5493,1,493,849,719
1224418923,241020,-0.0317,-0.0103,1.0303,0.9766,-1.4038,-0.5493,1,466,904,719
1224423925,241021,-0.0327,-0.0098,1.0273,0.8545,-1.2207,-0.4883,1,466,877,719
1224428929,241022,-0.0327,-0.0093,1.0264,0.7324,-1.0986,-0.6104,1,466,877,719
1224433930,241023,-0.0337,-0.0103,1.0249,0.6104,-0.8545,-0.6714,1,465,877,719
1224438931,241024,-0.0361,-0.0137,1.0225,0.7324,-0.7935,-0.5493,1,465,874,719
1224443924,241025,-0.0366,-0.0146,1.0220,0.7324,-0.7324,-0.6104,1,466,882,719
1224448940,241026,-0.0361,-0.0132,1.0225,0.7324,-0.6104,-0.5493,1,466,883,719
1224453926,241027,-0.0371,-0.0122,1.0220,0.7324,-0.6714,-0.4883,1,466,880,719
1224458925,241028,-0.0381,-0.0112,1.0205,0.7324,-0.6714,-0.4272,1,484,881,719
1224463929,241029,-0.0381,-0.0103,1.0200,0.7935,-0.9155,-0.4883,1,477,868,719
1224468928,241030,-0.0361,-0.0093,1.0210,0.5493,-0.9766,-0.5493,1,484,861,719
1224473931,241031,-0.0322,-0.0098,1.0239,0.4883,-0.6714,-0.6104,1,465,903,719
1224478924,241032,-0.0312,-0.0112,1.0259,0.3662,-0.6104,-0.4883,1,465,860,719
1224483923,241033,-0.0322,-0.0127,1.0254,0.3052,-0.6714,-0.4883,1,495,891,719
1224488927,241034,-0.0337,-0.0117,1.0239,0.2441,-0.4272,-0.5493,1,483,825,719
1224493922,241035,-0.0361,-0.0098,1.0220,0.1221,-0.4272,-0.4883,1,502,847,719
1224498930,241036,-0.0371,-0.0083,1.0220,0.1221,-0.5493,-0.4272,1,492,826,719
1224503923,241037,-0.0356,-0.0073,1.0249,0.0000,-0.4883,-0.4883,1,509,832,719
1224508922,241038,-0.0337,-0.0083,1.0273,-0.0610,-0.3662,-0.4272,1,489,804,719
1224513930,241039,-0.0332,-0.0107,1.0278,-0.0610,-0.1831,-0.4883,1,471,852,719
1224518928,241040,-0.0332,-0.0127,1.0259,-0.1221,0.0000,-0.3052,1,493,853,719
1224523930,241041,-0.0332,-0.0122,1.0249,-0.0610,0.0000,-0.3662,1,466,826,719
1224528929,241042,-0.0332,-0.0107,1.0239,0.0000,0.0610,-0.4883,1,466,838,719
1224533925,241043,-0.0332,-0.0098,1.0234,-0.1831,0.3052,-0.3052,1,466,834,719
1224538926,241044,-0.0342,-0.0103,1.0239,-0.1831,0.2441,-0.3052,1,466,874,719
1224543927,241045,-0.0356,-0.0112,1.0239,-0.1831,0.2441,-0.4272,1,466,878,719
1224548925,241046,-0.0366,-0.0117,1.0225,-0.2441,0.3052,-0.2441,1,466,890,719
1224553929,241047,-0.0366,-0.0122,1.0210,-0.1831,0.4272,-0.3052,1,466,881,719
1224558928,241048,-0.0361,-0.0127,1.0190,-0.1831,0.2441,-0.3662,1,466,880,719
1224563929,241049,-0.0366,-0.0122,1.0181,-0.1221,0.0610,-0.3662,1,484,884,719
1224568922,241050,-0.0361,-0.0103,1.0195,-0.0610,0.0610,-0.4272,1,465,865,719
1224573948,241051,-0.0366,-0.0093,1.0200,-0.0610,-0.1221,-0.3662,1,484,819,719
1224578929,241052,-0.0381,-0.0107,1.0190,0.0610,-0.3662,-0.3052,1,465,871,719
1224583924,241053,-0.0386,-0.0117,1.0186,-0.0610,-0.3662,-0.4272,1,510,899,719
1224588925,241054,-0.0381,-0.0107,1.0200,0.0610,-0.4883,-0.4272,1,495,866,719
1224593930,241055,-0.0361,-0.0098,1.0220,0.0610,-0.6714,-0.4272,1,472,778,719
1224598931,241056,-0.0347,-0.0103,1.0229,0.0000,-0.4883,-0.4883,1,492,836,719
1224603926,241057,-0.0347,-0.0107,1.0229,0.1831,-0.5493,-0.3662,1,494,783,719
1224608923,241058,-0.0352,-0.0117,1.0215,0.0610,-0.6104,-0.3662,1,498,837,719
1224613929,241059,-0.0352,-0.0127,1.0205,0.1221,-0.7324,-0.3662,1,477,826,719
1224618923,241060,-0.0347,-0.0117,1.0210,0.1831,-0.7324,-0.1831,1,476,847,719
1224623928,241061,-0.0361,-0.0112,1.0195,0.1221,-0.8545,-0.2441,1,486,851,719
1224628929,241062,-0.0361,-0.0112,1.0181,0.1221,-1.0986,-0.1831,1,493,853,719
1224633926,241063,-0.0352,-0.0132,1.0200,0.2441,-0.9766,-0.2441,1,466,877,719
1224638927,241064,-0.0361,-0.0151,1.0200,0.2441,-1.0376,-0.1221,1,466,876,719
1224643930,241065,-0.0381,-0.0146,1.0176,0.4272,-1.4648,-0.1831,1,466,879,719
1224648928,241066,-0.0381,-0.0132,1.0166,0.3662,-1.5869,-0.3052,1,465,884,719
1224653930,241067,-0.0371,-0.0132,1.0171,0.4272,-1.7700,-0.1831,1,466,878,719
1224658924,241068,-0.0371,-0.0146,1.0161,0.6714,-1.8921,-0.3052,1,466,880,719
1224663929,241069,-0.0376,-0.0137,1.0151,0.7935,-2.1362,-0.3052,1,466,878,719
1224668927,241070,-0.0371,-0.0146,1.0151,0.9155,-2.4414,-0.2441,1,465,879,719
1224673926,241071,-0.0361,-0.0151,1.0161,1.2207,-2.4414,-0.1831,1,483,892,719
1224678922,241072,-0.0352,-0.0132,1.0171,1.2817,-2.8076,-0.3052,1,466,890,719
1224683937,241073,-0.0352,-0.0122,1.0161,1.2817,-2.8687,-0.3052,1,484,864,719
1224688925,241074,-0.0361,-0.0132,1.0151,1.5259,-3.0518,-0.3052,1,465,879,719
1224693930,241075,-0.0356,-0.0132,1.0166,1.6479,-3.4790,-0.3662,1,499,904,719
1224698925,241076,-0.0327,-0.0122,1.0205,1.5869,-3.5400,-0.4272,1,496,877,719
1224703926,241077,-0.0293,-0.0117,1.0254,1.5259,-3.5400,-0.4883,1,505,875,719
1224708923,241078,-0.0273,-0.0093,1.0283,1.7700,-3.2959,-0.5493,1,486,839,719
1224713926,241079,-0.0278,-0.0068,1.0288,1.5869,-3.1128,-0.3052,1,493,833,719
1224718923,241080,-0.0288,-0.0068,1.0273,1.5259,-2.9297,-0.3052,1,487,835,719
1224723928,241081,-0.0293,-0.0073,1.0249,1.4038,-2.7466,-0.4272,1,492,852,719
1224728924,241082,-0.0298,-0.0078,1.0220,1.2817,-2.6245,-0.5493,1,478,854,719
1224733928,241083,-0.0317,-0.0088,1.0195,1.4038,-2.6245,-0.4272,1,480,855,719
1224738930,241084,-0.0322,-0.0088,1.0190,1.5259,-2.6245,-0.4272,1,493,855,719
1224743927,241085,-0.0322,-0.0088,1.0205,1.5259,-2.6245,-0.4272,1,466,853,719
1224748926,241086,-0.0312,-0.0088,1.0234,1.4648,-2.6855,-0.4883,1,466,882,719
1224753925,241087,-0.0293,-0.0088,1.0254,1.4038,-2.8687,-0.4272,1,466,908,719
1224758926,241088,-0.0259,-0.0088,1.0264,1.2817,-2.6855,-0.4272,1,466,878,719
1224763923,241089,-0.0244,-0.0078,1.0273,1.2817,-2.3804,-0.4883,1,466,882,719
1224768926,241090,-0.0259,-0.0073,1.0269,1.1597,-2.1362,-0.4272,1,466,881,719
1224773928,241091,-0.0273,-0.0078,1.0259,1.1597,-2.2583,-0.5493,1,466,881,719
1224778926,241092,-0.0254,-0.0088,1.0254,1.0986,-2.0752,-0.6104,1,465,884,719
1224783928,241093,-0.0229,-0.0083,1.0269,0.9155,-1.8311,-0.4883,1,484,869,719
1224788927,241094,-0.0229,-0.0073,1.0278,0.9155,-1.5259,-0.5493,1,466,875,719
1224793951,241095,-0.0244,-0.0063,1.0269,0.9766,-1.4648,-0.5493,1,484,873,719
1224798926,241096,-0.0264,-0.0073,1.0229,0.9155,-1.4038,-0.6714,1,484,869,719
1224803924,241097,-0.0288,-0.0088,1.0200,0.8545,-1.4648,-0.5493,1,469,908,719
1224808926,241098,-0.0278,-0.0083,1.0205,0.8545,-1.5869,-0.6714,1,477,866,719
1224813925,241099,-0.0244,-0.0078,1.0239,0.7935,-1.3428,-0.6104,1,498,876,719
1224818930,241100,-0.0229,-0.0078,1.0269,0.7935,-1.0986,-0.6104,1,476,839,719
1224823926,241101,-0.0249,-0.0078,1.0269,0.7935,-1.0376,-0.6104,1,492,828,719
1224828922,241102,-0.0269,-0.0068,1.0244,0.7324,-1.0986,-0.6714,1,474,824,719
1224833922,241103,-0.0249,-0.0059,1.0244,0.7324,-1.0986,-0.6104,1,492,832,719
1224838930,241104,-0.0229,-0.0054,1.0264,0.6714,-0.9155,-0.5493,1,482,845,719
1224843926,241105,-0.0239,-0.0049,1.0269,0.6104,-0.7935,-0.6714,1,480,847,719
1224848929,241106,-0.0254,-0.0049,1.0254,0.6714,-0.6104,-0.5493,1,484,841,719
1224853923,241107,-0.0264,-0.0063,1.0229,0.6714,-0.4883,-0.6104,1,493,841,719
1224858924,241108,-0.0269,-0.0073,1.0215,0.5493,-0.6714,-0.6714,1,466,872,719
1224863924,241109,-0.0269,-0.0068,1.0220,0.6104,-0.6104,-0.6714,1,466,875,719
1224868927,241110,-0.0264,-0.0063,1.0229,0.4883,-0.5493,-0.6714,1,466,869,719
1224873922,241111,-0.0264,-0.0068,1.0234,0.4272,-0.4883,-0.6104,1,466,878,719
1224878923,241112,-0.0269,-0.0073,1.0229,0.4272,-0.4883,-0.6104,1,466,875,719
1224883926,241113,-0.0259,-0.0083,1.0229,0.4883,-0.4883,-0.6714,1,466,876,719
1224888946,241114,-0.0244,-0.0078,1.0239,0.5493,-0.4883,-0.4272,1,466,876,719
1224893927,241115,-0.0264,-0.0049,1.0215,0.4272,-0.4272,-0.6104,1,466,882,719
1224898930,241116,-0.0283,-0.0049,1.0190,0.4272,-0.3662,-0.5493,1,484,871,719
1224903930,241117,-0.0273,-0.0054,1.0181,0.3052,-0.6104,-0.4883,1,468,869,719
1224908953,241118,-0.0244,-0.0068,1.0205,0.3662,-0.6714,-0.4883,1,484,807,719
1224913924,241119,-0.0229,-0.0078,1.0244,0.4883,-0.5493,-0.5493,1,465,874,719
1224918923,241120,-0.0234,-0.0068,1.0254,0.3662,-0.3662,-0.6104,1,478,871,719
1224923926,241121,-0.0254,-0.0063,1.0229,0.3662,-0.4883,-0.6104,1,502,862,719
1224928928,241122,-0.0273,-0.0068,1.0215,0.4272,-0.4883,-0.5493,1,476,752,719
1224933926,241123,-0.0293,-0.0068,1.0225,0.3662,-0.5493,-0.4272,1,476,841,719
1224938925,241124,-0.0288,-0.0068,1.0220,0.3662,-0.4883,-0.4883,1,477,832,719
1224943930,241125,-0.0273,-0.0059,1.0215,0.2441,-0.6104,-0.5493,1,494,830,719
1224948925,241126,-0.0254,-0.0059,1.0215,0.2441,-0.7935,-0.5493,1,495,853,719
1224953927,241127,-0.0249,-0.0068,1.0215,0.3662,-0.7935,-0.6104,1,490,843,719
1224958925,241128,-0.0264,-0.0078,1.0210,0.4883,-0.6714,-0.4883,1,491,846,719
1224963929,241129,-0.0283,-0.0078,1.0210,0.4883,-0.7935,-0.4883,1,493,842,719
1224968926,241130,-0.0283,-0.0068,1.0215,0.3662,-0.9766,-0.5493,1,493,845,719
1224973922,241131,-0.0264,-0.0063,1.0215,0.4883,-0.9155,-0.5493,1,466,881,719
1224978925,241132,-0.0244,-0.0059,1.0229,0.4883,-0.9155,-0.5493,1,466,878,719
1224983927,241133,-0.0244,-0.0054,1.0239,0.3662,-0.8545,-0.5493,1,466,878,719
1224988924,241134,-0.0239,-0.0054,1.0234,0.6104,-0.7935,-0.5493,1,466,880,719
1224993926,241135,-0.0229,-0.0059,1.0225,0.5493,-0.8545,-0.4883,1,466,877,719
1224998922,241136,-0.0225,-0.0063,1.0225,0.3662,-0.6714,-0.4883,1,466,873,719
1225003929,241137,-0.0234,-0.0063,1.0215,0.5493,-0.6104,-0.5493,1,466,874,719
1225008927,241138,-0.0239,-0.0054,1.0225,0.4883,-0.5493,-0.6104,1,466,876,719
1225013922,241139,-0.0225,-0.0044,1.0244,0.4272,-0.4883,-0.6104,1,465,871,719
1225018934,241140,-0.0195,-0.0063,1.0264,0.4883,-0.4883,-0.4272,1,484,861,719
1225023925,241141,-0.0186,-0.0063,1.0269,0.4883,-0.1831,-0.4883,1,465,873,719
1225028925,241142,-0.0205,-0.0059,1.0254,0.3662,-0.1831,-0.4883,1,499,901,719
1225033925,241143,-0.0239,-0.0073,1.0234,0.3052,-0.3052,-0.4883,1,482,861,719
1225038925,241144,-0.0264,-0.0068,1.0215,0.4272,-0.1831,-0.5493,1,509,870,719
1225043927,241145,-0.0264,-0.0059,1.0210,0.4883,-0.2441,-0.5493,1,469,842,719
1225048924,241146,-0.0239,-0.0054,1.0234,0.4883,-0.3662,-0.4883,1,489,825,719
1225053925,241147,-0.0205,-0.0054,1.0254,0.3662,-0.2441,-0.3662,1,490,830,719
1225058922,241148,-0.0205,-0.0063,1.0244,0.3662,-0.0610,-0.3052,1,504,831,719
1225063924,241149,-0.0239,-0.0068,1.0215,0.4272,-0.0610,-0.4272,1,478,846,719
1225068924,241150,-0.0273,-0.0059,1.0205,0.3662,-0.1831,-0.4272,1,473,850,719
1225073925,241151,-0.0264,-0.0044,1.0215,0.2441,-0.2441,-0.3662,1,492,850,719
1225078925,241152,-0.0229,-0.0039,1.0225,0.0610,-0.1221,-0.3662,1,466,876,719
1225083922,241153,-0.0210,-0.0039,1.0239,0.1831,-0.1221,-0.2441,1,466,872,719
1225088924,241154,-0.0215,-0.0039,1.0239,0.0610,-0.1831,-0.2441,1,466,878,719
1225093926,241155,-0.0229,-0.0049,1.0239,-0.1221,-0.1221,-0.2441,1,466,879,719
1225098924,241156,-0.0249,-0.0049,1.0244,0.0610,-0.1221,-0.2441,1,466,876,719
1225103923,241157,-0.0244,-0.0054,1.0239,-0.0610,0.0000,-0.1831,1,466,875,719
1225108927,241158,-0.0229,-0.0063,1.0239,-0.0610,0.0610,-0.1221,1,466,831,719
1225113925,241159,-0.0239,-0.0063,1.0229,-0.0610,0.1831,-0.1831,1,466,875,719
1225118928,241160,-0.0239,-0.0059,1.0229,-0.0610,0.1831,-0.2441,1,483,881,719
1225123924,241161,-0.0229,-0.0059,1.0239,0.0000,0.2441,-0.1831,1,465,877,719
1225128941,241162,-0.0229,-0.0068,1.0229,-0.1221,0.3052,-0.1221,1,485,782,719
1225133926,241163,-0.0244,-0.0068,1.0225,-0.1221,0.2441,-0.1831,1,466,868,719
1225138925,241164,-0.0259,-0.0073,1.0229,-0.0610,0.2441,-0.1221,1,476,904,719
1225143929,241165,-0.0259,-0.0068,1.0229,0.0000,0.4883,-0.1221,1,482,864,719
1225148924,241166,-0.0244,-0.0049,1.0220,-0.1221,0.3052,-0.2441,1,502,741,719
1225153924,241167,-0.0234,-0.0039,1.0215,-0.1221,0.2441,-0.1221,1,488,833,719
1225158924,241168,-0.0229,-0.0049,1.0229,-0.1221,0.4883,-0.1831,1,491,823,719
1225163922,241169,-0.0229,-0.0049,1.0239,-0.0610,0.4272,-0.1831,1,490,828,719
1225168929,241170,-0.0229,-0.0049,1.0234,-0.1831,0.3662,-0.1221,1,505,831,719
1225173925,241171,-0.0229,-0.0054,1.0234,-0.2441,0.3662,-0.0610,1,487,848,719
1225178929,241172,-0.0244,-0.0054,1.0229,-0.1221,0.3662,-0.2441,1,476,851,719
1225183929,241173,-0.0254,-0.0049,1.0220,-0.0610,0.3662,-0.1831,1,492,849,719
1225188927,241174,-0.0254,-0.0054,1.0210,-0.1831,0.4883,-0.2441,1,465,873,719
1225193924,241175,-0.0254,-0.0059,1.0205,-0.1831,0.4272,-0.1831,1,466,872,719
1225198927,241176,-0.0249,-0.0054,1.0210,-0.1831,0.4272,-0.1221,1,466,876,719
1225203924,241177,-0.0234,-0.0059,1.0220,-0.2441,0.2441,-0.1831,1,466,874,719
1225208928,241178,-0.0225,-0.0054,1.0239,-0.1221,0.2441,-0.1221,1,466,876,719
1225213924,241179,-0.0215,-0.0039,1.0239,-0.1221,0.3052,-0.1221,1,466,871,719
1225218943,241180,-0.0215,-0.0029,1.0234,-0.3662,0.4883,0.0000,1,465,869,719
1225223928,241181,-0.0225,-0.0044,1.0239,-0.3662,0.4883,0.0000,1,466,830,719
1225228924,241182,-0.0234,-0.0063,1.0244,-0.2441,0.4272,0.0610,1,483,818,719
1225233925,241183,-0.0229,-0.0063,1.0234,-0.2441,0.4883,0.0000,1,477,866,719
1225238947,241184,-0.0229,-0.0044,1.0220,-0.3662,0.5493,0.0000,1,465,874,719
1225243929,241185,-0.0229,-0.0049,1.0220,-0.4272,0.5493,0.0000,1,465,821,719
1225248923,241186,-0.0225,-0.0059,1.0229,-0.4272,0.5493,-0.0610,1,508,819,719
1225253923,241187,-0.0229,-0.0059,1.0239,-0.2441,0.5493,0.0000,1,497,757,719
1225258925,241188,-0.0234,-0.0059,1.0239,-0.2441,0.7324,-0.0610,1,479,786,719
1225263930,241189,-0.0229,-0.0054,1.0234,-0.3662,0.7935,-0.1831,1,483,827,719
1225268929,241190,-0.0229,-0.0059,1.0229,-0.2441,0.6104,-0.1221,1,504,832,719
1225273922,241191,-0.0225,-0.0073,1.0229,-0.2441,0.6714,-0.1221,1,499,824,719
1225278924,241192,-0.0225,-0.0083,1.0225,-0.2441,0.6714,-0.1831,1,473,847,719
1225283922,241193,-0.0239,-0.0073,1.0225,-0.2441,0.7935,-0.0610,1,480,849,719
1225288922,241194,-0.0239,-0.0059,1.0234,-0.2441,0.7935,-0.0610,1,493,848,719
1225293925,241195,-0.0239,-0.0049,1.0239,-0.3662,0.7935,-0.1221,1,466,874,719
1225298924,241196,-0.0249,-0.0049,1.0234,-0.3662,0.8545,-0.0610,1,466,875,719
1225303923,241197,-0.0254,-0.0059,1.0234,-0.4272,0.7935,-0.1221,1,466,877,719
1225308924,241198,-0.0249,-0.0078,1.0234,-0.3662,0.6714,0.0000,1,466,871,719
1225313928,241199,-0.0234,-0.0083,1.0239,-0.4272,0.7935,-0.0610,1,466,836,719
1225318924,241200,-0.0225,-0.0068,1.0244,-0.3052,0.8545,-0.0610,1,466,879,719
1225323938,241201,-0.0229,-0.0063,1.0249,-0.4272,0.9766,-0.0610,1,466,872,719
1225328929,241202,-0.0244,-0.0073,1.0249,-0.4272,0.9766,0.0000,1,466,878,719
1225333930,241203,-0.0244,-0.0088,1.0234,-0.3662,1.0376,0.1221,1,483,832,719
1225338927,241204,-0.0239,-0.0098,1.0215,-0.4883,0.9155,0.0610,1,469,863,719
1225343951,241205,-0.0239,-0.0098,1.0205,-0.3662,0.9155,0.0000,1,484,816,719
1225348930,241206,-0.0254,-0.0078,1.0215,-0.1831,0.9766,-0.0610,1,466,820,719
1225353924,241207,-0.0259,-0.0054,1.0234,-0.1221,0.9766,-0.1221,1,506,861,719
1225358924,241208,-0.0244,-0.0059,1.0234,-0.3662,0.8545,-0.1831,1,497,740,719
1225363928,241209,-0.0234,-0.0073,1.0225,-0.4272,0.7324,-0.0610,1,480,784,719
1225368931,241210,-0.0239,-0.0063,1.0210,-0.2441,0.8545,-0.1221,1,505,839,719
1225373925,241211,-0.0254,-0.0063,1.0195,-0.3662,0.9155,-0.0610,1,482,826,719
1225378926,241212,-0.0269,-0.0068,1.0200,-0.2441,0.7324,-0.0610,1,509,831,719
1225383930,241213,-0.0269,-0.0073,1.0225,-0.3662,0.7324,-0.1221,1,482,847,719
1225388930,241214,-0.0264,-0.0078,1.0249,-0.3662,0.7935,-0.1831,1,487,848,719
1225393927,241215,-0.0259,-0.0073,1.0249,-0.2441,0.9766,-0.1831,1,493,851,719
1225398930,241216,-0.0254,-0.0078,1.0229,-0.3662,0.9155,-0.2441,1,466,880,719
1225403931,241217,-0.0239,-0.0117,1.0215,-0.3052,0.9155,-0.0610,1,466,882,719
1225408926,241218,-0.0225,-0.0117,1.0229,-0.3052,0.9766,-0.0610,1,466,876,719
1225413925,241219,-0.0239,-0.0078,1.0239,-0.2441,1.0376,-0.0610,1,466,873,719
1225418926,241220,-0.0264,-0.0078,1.0225,-0.3662,1.0376,-0.1221,1,466,879,719
1225423925,241221,-0.0273,-0.0088,1.0215,-0.2441,0.8545,-0.1221,1,466,872,719
1225428929,241222,-0.0278,-0.0093,1.0210,-0.1831,0.9155,-0.3052,1,466,875,719
1225433929,241223,-0.0273,-0.0088,1.0200,-0.0610,0.8545,-0.2441,1,483,875,719
1225438926,241224,-0.0259,-0.0083,1.0195,-0.0610,0.8545,-0.2441,1,466,863,719
1225443938,241225,-0.0259,-0.0088,1.0205,0.0610,0.8545,-0.3052,1,484,866,719
1225448925,241226,-0.0254,-0.0098,1.0220,0.0000,0.7324,-0.2441,1,466,894,719
1225453925,241227,-0.0249,-0.0098,1.0229,0.0610,0.6714,-0.1831,1,497,817,719
1225458930,241228,-0.0254,-0.0093,1.0220,0.1831,0.6714,-0.3662,1,480,827,719
1225463928,241229,-0.0264,-0.0083,1.0215,0.1221,0.5493,-0.4272,1,501,862,719
1225468931,241230,-0.0249,-0.0073,1.0225,0.1831,0.6714,-0.3662,1,485,837,719
1225473930,241231,-0.0239,-0.0078,1.0220,0.1831,0.7324,-0.3052,1,506,832,719
1225478924,241232,-0.0259,-0.0083,1.0200,0.1221,0.6104,-0.3662,1,497,829,719
1225483925,241233,-0.0278,-0.0093,1.0200,0.1221,0.4272,-0.3662,1,474,841,719
1225488928,241234,-0.0278,-0.0093,1.0220,0.3052,0.3662,-0.3662,1,483,845,719
1225493926,241235,-0.0269,-0.0073,1.0239,0.2441,0.4883,-0.3662,1,486,846,719
1225498930,241236,-0.0269,-0.0059,1.0234,0.2441,0.4883,-0.3662,1,466,851,719
1225503931,241237,-0.0264,-0.0059,1.0215,0.3052,0.4272,-0.3662,1,466,875,719
1225508925,241238,-0.0254,-0.0078,1.0220,0.3052,0.3662,-0.3052,1,466,871,719
1225513927,241239,-0.0254,-0.0078,1.0234,0.3052,0.4272,-0.4272,1,466,869,719
1225518926,241240,-0.0264,-0.0059,1.0239,0.3662,0.3662,-0.4272,1,466,876,719
1225523928,241241,-0.0269,-0.0049,1.0225,0.3662,0.3052,-0.4272,1,466,879,719
1225528927,241242,-0.0264,-0.0063,1.0205,0.2441,0.3662,-0.3662,1,466,872,719
1225533928,241243,-0.0259,-0.0078,1.0205,0.3052,0.3662,-0.3052,1,466,880,719
1225538923,241244,-0.0259,-0.0078,1.0215,0.3662,0.3052,-0.4272,1,483,870,719
1225543923,241245,-0.0259,-0.0073,1.0229,0.3662,0.2441,-0.4272,1,465,863,719
1225548942,241246,-0.0264,-0.0078,1.0229,0.3052,0.1831,-0.4272,1,484,825,719
1225553922,241247,-0.0259,-0.0078,1.0229,0.4272,0.0610,-0.4272,1,465,903,719
1225558925,241248,-0.0239,-0.0059,1.0239,0.3662,0.3052,-0.4272,1,507,920,719
1225563928,241249,-0.0234,-0.0049,1.0234,0.2441,0.4272,-0.3662,1,488,870,719
1225568930,241250,-0.0239,-0.0063,1.0229,0.1831,0.3052,-0.3662,1,468,785,719
1225573922,241251,-0.0254,-0.0068,1.0220,0.1831,0.3052,-0.3662,1,494,841,719
1225578926,241252,-0.0264,-0.0063,1.0215,0.1221,0.2441,-0.4272,1,484,826,719
1225583926,241253,-0.0264,-0.0059,1.0225,0.3052,0.1831,-0.4883,1,501,827,719
1225588923,241254,-0.0259,-0.0068,1.0229,0.2441,0.3052,-0.4883,1,491,838,719
1225593925,241255,-0.0259,-0.0078,1.0234,0.1831,0.3662,-0.3052,1,483,846,719
1225598925,241256,-0.0254,-0.0073,1.0229,0.1831,0.3052,-0.4272,1,492,848,719
1225603930,241257,-0.0259,-0.0073,1.0215,0.1831,0.3052,-0.4272,1,493,849,719
1225608930,241258,-0.0273,-0.0078,1.0200,0.1221,0.3662,-0.4883,1,466,874,719
1225613928,241259,-0.0273,-0.0083,1.0200,0.2441,0.1831,-0.5493,1,466,873,719
1225618928,241260,-0.0249,-0.0088,1.0215,0.2441,0.1831,-0.5493,1,466,882,719
1225623922,241261,-0.0234,-0.0078,1.0244,0.2441,0.0610,-0.4883,1,466,880,719
1225628931,241262,-0.0239,-0.0054,1.0249,0.3052,0.1831,-0.3662,1,466,877,719
1225633941,241263,-0.0264,-0.0039,1.0225,0.3052,0.0610,-0.3662,1,466,877,719
1225638925,241264,-0.0278,-0.0049,1.0220,0.2441,0.0610,-0.4883,1,466,870,719
1225643930,241265,-0.0278,-0.0063,1.0234,0.1221,0.1221,-0.6104,1,484,874,719
1225648929,241266,-0.0269,-0.0068,1.0249,0.1831,0.0610,-0.4272,1,469,860,719
1225653950,241267,-0.0269,-0.0063,1.0239,0.1831,0.0000,-0.4883,1,484,813,719
1225658923,241268,-0.0264,-0.0068,1.0220,0.1221,0.0610,-0.5493,1,465,821,719
1225663925,241269,-0.0259,-0.0083,1.0205,0.1221,0.0610,-0.4883,1,465,860,719
1225668928,241270,-0.0259,-0.0093,1.0205,0.2441,-0.1221,-0.3662,1,509,858,719
1225673927,241271,-0.0269,-0.0088,1.0220,0.1831,-0.1221,-0.3662,1,510,775,719
1225678930,241272,-0.0269,-0.0078,1.0225,0.1221,0.0610,-0.3052,1,496,836,719
1225683929,241273,-0.0273,-0.0068,1.0220,0.2441,-0.0610,-0.3052,1,496,819,719
1225688928,241274,-0.0283,-0.0063,1.0200,0.0610,-0.1831,-0.3662,1,493,826,719
1225693928,241275,-0.0278,-0.0063,1.0205,0.1831,0.0610,-0.3662,1,483,848,719
1225698928,241276,-0.0254,-0.0059,1.0229,0.2441,0.0000,-0.3662,1,491,850,719
1225703925,241277,-0.0244,-0.0068,1.0249,0.0610,-0.1831,-0.3662,1,489,801,719
1225708930,241278,-0.0249,-0.0083,1.0244,0.0610,-0.0610,-0.3662,1,493,853,719
1225713922,241279,-0.0249,-0.0083,1.0244,0.1831,0.0610,-0.2441,1,466,878,719
1225718929,241280,-0.0249,-0.0063,1.0239,0.0610,0.0000,-0.4272,1,466,883,719
1225723923,241281,-0.0244,-0.0063,1.0234,0.1831,0.0610,-0.3052,1,465,834,719
1225728928,241282,-0.0249,-0.0063,1.0225,0.2441,0.0000,-0.3052,1,466,875,719
1225733929,241283,-0.0249,-0.0068,1.0225,0.2441,0.0000,-0.3052,1,466,831,719
1225738929,241284,-0.0264,-0.0078,1.0210,0.3052,0.2441,-0.3052,1,465,831,719
1225743922,241285,-0.0269,-0.0068,1.0215,0.3662,-0.2441,-0.2441,1,466,868,719
1225748925,241286,-0.0239,-0.0044,1.0249,0.2441,-0.0610,-0.2441,1,483,880,719
1225753927,241287,-0.0234,-0.0039,1.0244,0.3662,0.0610,-0.3052,1,465,879,719
1225758932,241288,-0.0234,-0.0049,1.0229,0.1831,-0.1221,-0.2441,1,484,862,719
1225763930,241289,-0.0244,-0.0059,1.0225,0.0610,0.1221,-0.3052,1,465,874,719
1225768930,241290,-0.0254,-0.0068,1.0225,0.1831,0.2441,-0.3052,1,501,902,719
1225773927,241291,-0.0249,-0.0068,1.0229,0.1831,0.1831,-0.1831,1,503,862,719
1225778929,241292,-0.0249,-0.0054,1.0229,0.2441,0.0610,-0.3052,1,486,882,719
1225783925,241293,-0.0249,-0.0049,1.0220,0.1831,0.0610,-0.2441,1,483,798,719
1225788926,241294,-0.0244,-0.0054,1.0215,0.0610,0.0610,-0.2441,1,492,830,719
1225793926,241295,-0.0239,-0.0059,1.0229,0.0000,0.0610,-0.3052,1,489,825,719
1225798924,241296,-0.0239,-0.0059,1.0239,0.1221,0.1831,-0.1831,1,494,776,719
1225803928,241297,-0.0239,-0.0063,1.0229,0.1221,0.0000,-0.3052,1,484,849,719
1225808927,241298,-0.0244,-0.0078,1.0220,0.0000,0.0610,-0.2441,1,481,799,719
1225813925,241299,-0.0244,-0.0083,1.0220,0.0000,0.1831,-0.1221,1,488,803,719
1225818930,241300,-0.0249,-0.0073,1.0215,0.0610,0.2441,-0.1831,1,466,802,719
1225823924,241301,-0.0249,-0.0068,1.0210,0.0610,0.0610,-0.1221,1,466,879,719
1225828923,241302,-0.0244,-0.0063,1.0215,0.0610,0.1221,-0.1831,1,466,871,719
1225833925,241303,-0.0244,-0.0063,1.0220,0.0610,0.2441,-0.2441,1,466,874,719
1225838926,241304,-0.0249,-0.0073,1.0215,0.0000,0.1831,-0.1831,1,466,878,719
1225843929,241305,-0.0254,-0.0083,1.0210,0.0000,0.2441,-0.2441,1,466,836,719
1225848947,241306,-0.0269,-0.0088,1.0210,0.0000,0.1221,-0.1221,1,466,831,719
1225853929,241307,-0.0278,-0.0078,1.0210,0.0610,-0.0610,-0.1221,1,466,819,719
1225858931,241308,-0.0269,-0.0068,1.0215,0.1221,0.0000,-0.2441,1,465,869,719
1225863923,241309,-0.0259,-0.0063,1.0210,0.1831,0.0000,-0.3052,1,478,818,719
1225868941,241310,-0.0239,-0.0049,1.0210,0.1831,-0.1831,-0.3052,1,465,814,719
1225873931,241311,-0.0234,-0.0034,1.0225,0.1831,-0.1831,-0.1831,1,481,899,719
1225878922,241312,-0.0234,-0.0044,1.0239,0.0000,0.0610,-0.2441,1,496,870,719
1225883923,241313,-0.0234,-0.0054,1.0244,0.0610,0.0000,-0.2441,1,487,735,719
1225888923,241314,-0.0234,-0.0054,1.0249,0.0610,0.0000,-0.1221,1,466,781,719
1225893925,241315,-0.0244,-0.0049,1.0244,0.0000,0.0610,-0.1221,1,491,777,719
1225898922,241316,-0.0254,-0.0054,1.0239,0.0000,0.0000,-0.1221,1,491,779,719
1225903926,241317,-0.0244,-0.0068,1.0234,-0.1831,-0.0610,-0.1831,1,497,731,719
1225908923,241318,-0.0225,-0.0073,1.0239,-0.0610,0.1831,-0.1831,1,478,852,719
1225913929,241319,-0.0234,-0.0068,1.0239,0.0000,0.0610,-0.3052,1,491,851,719
1225918923,241320,-0.0254,-0.0068,1.0234,-0.0610,0.1831,-0.1831,1,487,798,719
1225923924,241321,-0.0254,-0.0078,1.0229,0.0000,0.1831,-0.1221,1,466,877,719
1225928922,241322,-0.0239,-0.0068,1.0234,-0.1221,0.3662,-0.1221,1,465,829,719
1225933923,241323,-0.0234,-0.0063,1.0244,-0.0610,0.3662,-0.1831,1,466,876,719
1225938929,241324,-0.0239,-0.0059,1.0249,-0.0610,0.3052,-0.1831,1,466,879,719
1225943925,241325,-0.0244,-0.0063,1.0249,0.0000,0.3052,-0.1221,1,465,872,719
1225948923,241326,-0.0244,-0.0068,1.0244,-0.0610,0.3052,-0.2441,1,466,827,719
1225953931,241327,-0.0244,-0.0073,1.0225,0.0000,0.2441,-0.1831,1,466,877,719
1225958925,241328,-0.0239,-0.0068,1.0220,0.0000,0.2441,-0.1221,1,466,834,719
1225963924,241329,-0.0239,-0.0063,1.0215,0.0000,0.4272,-0.1831,1,466,818,719
1225968926,241330,-0.0234,-0.0063,1.0210,0.0610,0.4272,-0.1221,1,484,783,719
1225973951,241331,-0.0234,-0.0063,1.0210,0.0000,0.3662,-0.1831,1,465,897,719
1225978926,241332,-0.0229,-0.0059,1.0225,-0.0610,0.3662,-0.0610,1,477,819,719
1225983929,241333,-0.0239,-0.0054,1.0229,0.1221,0.4272,-0.1221,1,482,859,719
1225988927,241334,-0.0244,-0.0059,1.0220,0.0610,0.4883,-0.1831,1,505,868,719
1225993925,241335,-0.0244,-0.0063,1.0215,0.0000,0.3662,-0.0610,1,465,834,719
1225998926,241336,-0.0254,-0.0063,1.0220,0.0000,0.4272,-0.1221,1,493,783,719
1226003930,241337,-0.0249,-0.0073,1.0225,-0.0610,0.4883,-0.1221,1,489,779,719
1226008930,241338,-0.0225,-0.0078,1.0234,-0.0610,0.5493,-0.1221,1,510,825,719
1226013924,241339,-0.0220,-0.0068,1.0249,0.0000,0.5493,-0.0610,1,480,845,719
1226018924,241340,-0.0234,-0.0049,1.0244,-0.0610,0.4883,-0.1221,1,473,803,719
1226023925,241341,-0.0244,-0.0049,1.0220,-0.0610,0.4883,-0.1221,1,493,840,719
1226028923,241342,-0.0249,-0.0063,1.0205,-0.1221,0.6714,-0.1831,1,466,867,719
1226033931,241343,-0.0254,-0.0068,1.0205,-0.1831,0.6104,-0.1221,1,466,876,719
1226038931,241344,-0.0254,-0.0054,1.0215,-0.0610,0.4883,-0.0610,1,466,871,719
1226043931,241345,-0.0254,-0.0049,1.0225,-0.1831,0.6104,-0.2441,1,466,868,719
1226048922,241346,-0.0259,-0.0063,1.0225,-0.3052,0.6104,-0.1831,1,466,873,719
1226053922,241347,-0.0249,-0.0073,1.0225,-0.2441,0.5493,-0.1831,1,466,871,719
1226058925,241348,-0.0239,-0.0078,1.0220,-0.2441,0.7324,-0.2441,1,466,886,719
1226063925,241349,-0.0249,-0.0078,1.0210,-0.3662,0.7324,-0.1221,1,466,884,719
1226068928,241350,-0.0259,-0.0063,1.0195,-0.3662,0.6104,-0.1831,1,465,875,719
1226073923,241351,-0.0264,-0.0059,1.0195,-0.3052,0.6104,-0.1221,1,484,867,719
1226078952,241352,-0.0269,-0.0063,1.0200,-0.2441,0.6104,0.0000,1,465,889,719
1226083929,241353,-0.0273,-0.0073,1.0210,-0.1831,0.5493,-0.1831,1,474,816,719
1226088927,241354,-0.0259,-0.0078,1.0225,-0.2441,0.6104,-0.0610,1,503,870,719
1226093930,241355,-0.0229,-0.0073,1.0244,-0.2441,0.6104,-0.1831,1,509,869,719
1226098930,241356,-0.0225,-0.0068,1.0254,-0.3662,0.6714,-0.1221,1,465,844,719
1226103926,241357,-0.0249,-0.0068,1.0249,-0.3662,0.6104,-0.1221,1,491,834,719
1226108923,241358,-0.0269,-0.0068,1.0244,-0.2441,0.6104,-0.1831,1,492,828,719
1226113923,241359,-0.0273,-0.0068,1.0234,-0.2441,0.6714,-0.0610,1,497,831,719
1226118923,241360,-0.0264,-0.0073,1.0234,-0.3662,0.7324,-0.0610,1,485,850,719
1226123926,241361,-0.0239,-0.0073,1.0229,-0.1831,0.7324,-0.1221,1,472,851,719
1226128928,241362,-0.0229,-0.0068,1.0220,-0.1221,0.7324,-0.1221,1,491,854,719
1226133925,241363,-0.0244,-0.0063,1.0210,-0.3052,0.7324,-0.1831,1,466,845,719
1226138924,241364,-0.0259,-0.0059,1.0215,-0.2441,0.7324,-0.2441,1,466,874,719
1226143923,241365,-0.0264,-0.0063,1.0220,-0.2441,0.6714,-0.2441,1,466,878,719
1226148930,241366,-0.0249,-0.0073,1.0220,-0.3052,0.7324,-0.2441,1,466,878,719
1226153922,241367,-0.0234,-0.0083,1.0225,-0.2441,0.7935,-0.2441,1,466,879,719
1226158926,241368,-0.0244,-0.0073,1.0225,-0.2441,0.8545,-0.1831,1,466,881,719
1226163928,241369,-0.0264,-0.0068,1.0220,-0.1831,0.7935,-0.2441,1,466,880,719
1226168924,241370,-0.0273,-0.0068,1.0220,-0.2441,0.7324,-0.2441,1,465,880,719
1226173929,241371,-0.0264,-0.0068,1.0225,-0.1831,0.9155,-0.1831,1,483,883,719
1226178925,241372,-0.0239,-0.0078,1.0239,-0.3662,0.8545,-0.1831,1,466,869,719
1226183928,241373,-0.0239,-0.0083,1.0244,-0.3052,0.8545,-0.0610,1,484,871,719
1226188924,241374,-0.0244,-0.0068,1.0239,-0.1831,0.8545,-0.1221,1,465,900,719
1226193926,241375,-0.0244,-0.0054,1.0234,-0.3662,0.8545,-0.0610,1,482,903,719
1226198922,241376,-0.0254,-0.0068,1.0225,-0.4272,0.9155,-0.1221,1,466,871,719
1226203922,241377,-0.0254,-0.0083,1.0215,-0.3662,1.0376,-0.1221,1,493,863,719
1226208922,241378,-0.0273,-0.0146,1.0215,-0.2441,0.8545,0.1221,1,493,750,719
1226213931,241379,-0.0264,-0.0117,1.0254,-0.1831,0.8545,0.0000,1,492,842,719
1226218930,241380,-0.0244,-0.0024,1.0254,-0.4272,1.0376,-0.0610,1,482,784,719
1226223923,241381,-0.0254,-0.0054,1.0200,-0.3662,0.7935,-0.1221,1,504,827,719
1226228928,241382,-0.0249,-0.0103,1.0195,-0.3052,0.7324,-0.1831,1,475,842,719
1226233930,241383,-0.0244,-0.0098,1.0210,-0.1221,0.7324,-0.3052,1,475,851,719
1226238928,241384,-0.0239,-0.0078,1.0220,-0.1831,0.6104,-0.2441,1,471,840,719
1226243923,241385,-0.0259,-0.0083,1.0225,-0.2441,0.6714,-0.3052,1,489,850,719
1226248930,241386,-0.0283,-0.0093,1.0225,-0.1831,0.6714,-0.1831,1,466,845,719
1226253930,241387,-0.0283,-0.0078,1.0229,-0.2441,0.7935,-0.2441,1,466,877,719
1226258929,241388,-0.0273,-0.0078,1.0244,-0.2441,0.7324,-0.2441,1,466,885,719
1226263929,241389,-0.0273,-0.0088,1.0234,-0.1831,0.7935,-0.2441,1,466,886,719
1226268922,241390,-0.0278,-0.0073,1.0220,-0.1831,0.6714,-0.2441,1,466,881,719
1226273926,241391,-0.0269,-0.0059,1.0220,-0.2441,0.7935,-0.3052,1,465,882,719
1226278943,241392,-0.0259,-0.0078,1.0229,-0.2441,0.7324,-0.1831,1,466,868,719
1226283923,241393,-0.0259,-0.0103,1.0234,-0.2441,0.7935,-0.1221,1,465,884,719
1226288925,241394,-0.0264,-0.0103,1.0234,-0.2441,0.8545,-0.1221,1,484,875,719
1226293929,241395,-0.0278,-0.0098,1.0220,-0.2441,0.8545,-0.1221,1,473,864,719
1226298943,241396,-0.0269,-0.0088,1.0220,-0.3052,0.7324,-0.1831,1,484,863,719
1226303930,241397,-0.0259,-0.0068,1.0229,-0.3052,0.8545,-0.1221,1,465,901,719
1226308925,241398,-0.0278,-0.0068,1.0220,-0.3052,0.7324,-0.1831,1,498,858,719
1226313929,241399,-0.0273,-0.0088,1.0220,-0.3052,0.6104,-0.1831,1,481,874,719
1226318922,241400,-0.0273,-0.0088,1.0229,-0.2441,0.9766,-0.1221,1,499,859,719
1226323929,241401,-0.0278,-0.0088,1.0225,-0.3052,0.8545,-0.1221,1,483,837,719
1226328927,241402,-0.0278,-0.0088,1.0210,-0.2441,0.7935,-0.1221,1,496,821,719
1226333923,241403,-0.0283,-0.0093,1.0205,-0.1221,0.6714,-0.0610,1,496,825,719
1226338930,241404,-0.0283,-0.0098,1.0210,-0.1831,0.6714,-0.1831,1,478,823,719
1226343924,241405,-0.0269,-0.0093,1.0220,-0.2441,0.7324,-0.1831,1,486,868,719
1226348930,241406,-0.0264,-0.0073,1.0225,-0.3052,0.6104,-0.1221,1,478,850,719
1226353929,241407,-0.0259,-0.0063,1.0225,-0.1831,0.6104,-0.1221,1,472,839,719
1226358922,241408,-0.0259,-0.0068,1.0229,-0.1221,0.6714,-0.1831,1,493,843,719
1226363924,241409,-0.0264,-0.0073,1.0225,-0.1831,0.5493,-0.1831,1,466,875,719
1226368923,241410,-0.0273,-0.0078,1.0215,-0.1831,0.6714,-0.1221,1,466,881,719
1226373931,241411,-0.0278,-0.0068,1.0220,-0.1831,0.6714,-0.1221,1,466,875,719
1226378924,241412,-0.0278,-0.0039,1.0215,-0.2441,0.6104,-0.3052,1,466,876,719
1226383929,241413,-0.0283,-0.0049,1.0225,-0.2441,0.5493,-0.2441,1,466,875,719
1226388925,241414,-0.0278,-0.0088,1.0234,-0.2441,0.5493,-0.1221,1,466,882,719
1226393929,241415,-0.0278,-0.0088,1.0234,-0.1831,0.6714,-0.1221,1,465,880,719
1226398929,241416,-0.0269,-0.0068,1.0239,-0.3052,0.4883,-0.1221,1,466,877,719
1226403922,241417,-0.0254,-0.0078,1.0234,-0.2441,0.6104,-0.1221,1,484,870,719
1226408927,241418,-0.0259,-0.0083,1.0220,-0.2441,0.4883,-0.0610,1,482,863,719
1226413925,241419,-0.0264,-0.0083,1.0225,-0.2441,0.5493,-0.0610,1,466,827,719
1226418930,241420,-0.0269,-0.0078,1.0229,-0.2441,0.5493,-0.1221,1,481,903,719
1226423928,241421,-0.0278,-0.0073,1.0229,-0.3052,0.6104,-0.0610,1,498,921,719
1226428924,241422,-0.0269,-0.0088,1.0229,-0.3052,0.5493,-0.1221,1,478,869,719
1226433926,241423,-0.0249,-0.0112,1.0220,-0.2441,0.5493,-0.1831,1,507,741,719
1226438926,241424,-0.0254,-0.0117,1.0215,-0.1221,0.5493,0.0000,1,480,765,719
1226443927,241425,-0.0269,-0.0083,1.0229,-0.0610,0.7324,0.0000,1,503,782,719
1226448925,241426,-0.0273,-0.0054,1.0234,-0.3052,0.7935,-0.1831,1,489,784,719
1226453923,241427,-0.0283,-0.0078,1.0229,-0.3662,0.5493,-0.0610,1,480,827,719
1226458930,241428,-0.0278,-0.0107,1.0229,-0.1831,0.6714,-0.1221,1,489,853,719
1226463926,241429,-0.0264,-0.0098,1.0234,-0.2441,0.7935,-0.0610,1,488,852,719
1226468922,241430,-0.0259,-0.0098,1.0234,-0.4272,0.7935,-0.0610,1,491,846,719
1226473924,241431,-0.0259,-0.0083,1.0239,-0.1831,0.7324,-0.0610,1,493,845,719
1226478926,241432,-0.0273,-0.0068,1.0239,-0.3662,0.7324,-0.1221,1,466,879,719
1226483928,241433,-0.0283,-0.0083,1.0244,-0.4272,0.7935,0.0000,1,466,880,719
1226488924,241434,-0.0269,-0.0088,1.0244,-0.3662,1.0376,-0.1221,1,466,836,719
1226493930,241435,-0.0264,-0.0073,1.0239,-0.4272,0.7324,-0.1221,1,466,874,719
1226498930,241436,-0.0278,-0.0073,1.0234,-0.4883,0.6714,-0.1221,1,466,879,719
1226503930,241437,-0.0293,-0.0088,1.0210,-0.3052,0.7324,-0.0610,1,466,878,719
1226508922,241438,-0.0298,-0.0103,1.0186,-0.4883,0.4883,-0.1221,1,466,868,719
1226513922,241439,-0.0278,-0.0112,1.0205,-0.4272,0.5493,-0.1221,1,483,871,719
1226518928,241440,-0.0273,-0.0103,1.0215,-0.2441,0.5493,0.0000,1,465,872,719
1226523929,241441,-0.0273,-0.0088,1.0215,-0.1831,0.5493,0.0000,1,484,783,719
1226528956,241442,-0.0278,-0.0093,1.0225,-0.3052,0.6714,-0.1221,1,465,822,719
1226533930,241443,-0.0273,-0.0098,1.0239,-0.2441,0.7324,-0.2441,1,474,906,719
1226538929,241444,-0.0269,-0.0103,1.0234,-0.3662,0.6714,-0.1221,1,480,873,719
1226543929,241445,-0.0273,-0.0098,1.0225,-0.2441,0.6714,-0.1221,1,484,863,719
1226548930,241446,-0.0278,-0.0103,1.0229,-0.3052,0.6714,-0.1221,1,509,784,719
1226553930,241447,-0.0278,-0.0117,1.0220,-0.3052,0.6714,0.0610,1,489,835,719
1226558927,241448,-0.0278,-0.0103,1.0234,-0.1831,0.7324,0.0000,1,491,826,719
1226563929,241449,-0.0273,-0.0073,1.0254,-0.4272,0.8545,0.0000,1,497,790,719
1226568929,241450,-0.0273,-0.0068,1.0239,-0.5493,0.7935,-0.1221,1,484,805,719
1226573922,241451,-0.0269,-0.0088,1.0239,-0.5493,0.7935,-0.0610,1,486,848,719
1226578922,241452,-0.0273,-0.0093,1.0229,-0.4272,0.9155,-0.1221,1,475,847,719
1226583923,241453,-0.0283,-0.0103,1.0215,-0.4272,0.7324,-0.1221,1,494,850,719
1226588924,241454,-0.0278,-0.0122,1.0234,-0.4272,0.7324,-0.0610,1,466,877,719
1226593931,241455,-0.0278,-0.0117,1.0259,-0.2441,0.8545,-0.1221,1,466,886,719
1226598927,241456,-0.0288,-0.0093,1.0254,-0.3052,0.7324,-0.1831,1,466,878,719
1226603926,241457,-0.0298,-0.0020,1.0205,-0.4883,0.6714,-0.2441,1,466,876,719
1226608925,241458,-0.0273,-0.0073,1.0220,-1.0376,0.4272,-0.4272,1,466,874,719
1226613930,241459,-0.0249,-0.0215,1.0259,-0.6714,0.7324,-0.0610,1,466,879,719
1226618922,241460,-0.0283,-0.0156,1.0210,0.1831,1.0376,0.0000,1,466,879,719
1226623922,241461,-0.0293,-0.0073,1.0215,-0.7324,0.3052,-0.0610,1,483,833,719
1226628926,241462,-0.0269,-0.0098,1.0249,-0.4272,0.9155,-0.1221,1,465,861,719
1226633932,241463,-0.0283,-0.0122,1.0254,-0.2441,0.9766,-0.0610,1,484,816,719
1226638946,241464,-0.0288,-0.0137,1.0225,-0.4883,0.8545,-0.1221,1,467,906,719
1226643928,241465,-0.0308,-0.0137,1.0200,-0.1831,0.8545,-0.1831,1,479,862,719
1226648929,241466,-0.0312,-0.0112,1.0210,-0.4272,0.6714,-0.2441,1,500,864,719
1226653926,241467,-0.0308,-0.0112,1.0220,-0.3662,0.7324,-0.1831,1,503,894,719
1226658929,241468,-0.0308,-0.0117,1.0220,-0.3052,0.6714,-0.1831,1,465,845,719
1226663923,241469,-0.0303,-0.0122,1.0229,-0.3662,0.6714,-0.3052,1,489,825,719
1226668922,241470,-0.0308,-0.0117,1.0229,-0.1831,0.7324,-0.1221,1,497,829,719
1226673929,241471,-0.0312,-0.0122,1.0229,-0.1831,0.6104,-0.1831,1,488,848,719
1226678930,241472,-0.0308,-0.0127,1.0225,-0.1831,0.5493,-0.1221,1,480,900,719
1226683930,241473,-0.0293,-0.0132,1.0220,0.0000,0.4883,-0.0610,1,485,846,719
1226688927,241474,-0.0293,-0.0117,1.0239,0.0000,0.6714,-0.1221,1,488,798,719
1226693926,241475,-0.0303,-0.0103,1.0249,0.0000,0.6104,-0.3052,1,466,800,719
1226698931,241476,-0.0308,-0.0107,1.0234,0.0000,0.5493,-0.2441,1,466,821,719
1226703923,241477,-0.0308,-0.0117,1.0220,-0.0610,0.4883,-0.2441,1,466,836,719
1226708923,241478,-0.0312,-0.0127,1.0210,0.0000,0.4883,-0.3052,1,466,875,719
1226713928,241479,-0.0322,-0.0127,1.0210,0.1221,0.3662,-0.2441,1,465,852,719
1226718930,241480,-0.0312,-0.0122,1.0205,0.1831,0.1221,-0.2441,1,466,907,719
1226723923,241481,-0.0303,-0.0117,1.0205,0.1831,0.1221,-0.2441,1,466,907,719
1226728930,241482,-0.0308,-0.0117,1.0215,0.0610,0.2441,-0.2441,1,466,876,719
1226733929,241483,-0.0312,-0.0122,1.0220,0.1221,0.1221,-0.2441,1,484,877,719
1226738925,241484,-0.0308,-0.0112,1.0220,0.2441,0.1221,-0.3052,1,474,901,719
1226743928,241485,-0.0293,-0.0093,1.0229,0.1831,0.0610,-0.3052,1,466,870,719
1226748931,241486,-0.0269,-0.0093,1.0234,0.1221,0.1831,-0.3052,1,482,898,719
1226753923,241487,-0.0269,-0.0103,1.0229,0.1831,0.1221,-0.3052,1,508,859,719
1226758923,241488,-0.0283,-0.0103,1.0225,0.0610,0.2441,-0.2441,1,477,860,719
1226763928,241489,-0.0293,-0.0103,1.0215,-0.0610,0.1831,-0.3662,1,505,789,719
1226768928,241490,-0.0298,-0.0117,1.0205,0.0610,0.1831,-0.3662,1,483,801,719
1226773925,241491,-0.0298,-0.0122,1.0195,0.1221,0.1221,-0.3052,1,505,841,719
1226778928,241492,-0.0293,-0.0117,1.0215,0.2441,0.0610,-0.2441,1,507,825,719
1226783924,241493,-0.0298,-0.0107,1.0234,0.3052,0.0610,-0.3052,1,473,872,719
1226788924,241494,-0.0303,-0.0103,1.0244,0.1831,0.0610,-0.4272,1,486,842,719
1226793922,241495,-0.0303,-0.0107,1.0244,0.1221,0.0610,-0.4883,1,492,849,719
1226798926,241496,-0.0293,-0.0107,1.0234,0.1831,0.0610,-0.3662,1,493,843,719
1226803929,241497,-0.0288,-0.0093,1.0229,0.0610,0.1221,-0.3052,1,466,880,719
1226808923,241498,-0.0293,-0.0083,1.0229,0.1221,0.1831,-0.3052,1,466,870,719
1226813929,241499,-0.0293,-0.0093,1.0229,0.1831,0.1221,-0.4272,1,466,874,719
1226818922,241500,-0.0293,-0.0098,1.0229,0.1831,0.0610,-0.4272,1,466,877,719
1226823928,241501,-0.0283,-0.0103,1.0229,0.0610,0.0000,-0.3052,1,466,877,719
1226828929,241502,-0.0273,-0.0117,1.0225,0.0610,0.1221,-0.4883,1,465,830,719
1226833926,241503,-0.0303,-0.0103,1.0220,0.1221,0.2441,-0.3052,1,466,874,719
1226838928,241504,-0.0332,-0.0088,1.0220,0.0000,0.1221,-0.3662,1,484,869,719
1226843924,241505,-0.0332,-0.0098,1.0225,0.1831,-0.1221,-0.3662,1,466,772,719
1226848930,241506,-0.0308,-0.0112,1.0234,0.1831,0.0000,-0.3052,1,484,865,719
1226853926,241507,-0.0288,-0.0127,1.0249,0.2441,-0.1221,-0.3052,1,466,820,719
1226858929,241508,-0.0283,-0.0122,1.0249,0.1221,0.0000,-0.3052,1,470,932,719
1226863928,241509,-0.0288,-0.0117,1.0234,0.0610,-0.1221,-0.3052,1,474,735,719
1226868928,241510,-0.0288,-0.0117,1.0215,0.1221,-0.1831,-0.3052,1,502,780,719
1226873928,241511,-0.0293,-0.0107,1.0200,0.1221,-0.1221,-0.3662,1,483,752,719
1226878926,241512,-0.0308,-0.0103,1.0195,0.1221,-0.0610,-0.4272,1,485,825,719
1226883924,241513,-0.0308,-0.0112,1.0200,0.2441,-0.2441,-0.3052,1,504,825,719
1226888928,241514,-0.0288,-0.0112,1.0225,0.1221,-0.2441,-0.4272,1,481,847,719
1226893923,241515,-0.0278,-0.0103,1.0244,0.1221,-0.3052,-0.4272,1,484,854,719
1226898924,241516,-0.0288,-0.0088,1.0239,0.0610,-0.1221,-0.3662,1,472,847,719
1226903922,241517,-0.0298,-0.0098,1.0234,0.0610,-0.0610,-0.2441,1,493,847,719
1226908930,241518,-0.0288,-0.0122,1.0239,0.1831,-0.0610,-0.4272,1,492,845,719
1226913927,241519,-0.0278,-0.0127,1.0244,0.0610,-0.0610,-0.4272,1,466,884,719
1226918927,241520,-0.0269,-0.0107,1.0249,0.1221,0.0000,-0.2441,1,466,880,719
1226923927,241521,-0.0278,-0.0098,1.0244,0.0000,0.0000,-0.2441,1,466,832,719
1226928925,241522,-0.0278,-0.0107,1.0229,-0.0610,0.0000,-0.3662,1,465,788,719
1226933931,241523,-0.0278,-0.0103,1.0215,-0.0610,0.1221,-0.4883,1,466,836,719
1226938934,241524,-0.0283,-0.0093,1.0210,0.0610,0.0610,-0.3662,1,466,871,719
1226943929,241525,-0.0288,-0.0098,1.0210,0.0000,0.0610,-0.3052,1,466,871,719
1226948928,241526,-0.0288,-0.0107,1.0215,-0.0610,0.1221,-0.3052,1,483,811,719
1226953930,241527,-0.0283,-0.0098,1.0220,0.0610,0.2441,-0.3662,1,465,861,719
1226958930,241528,-0.0283,-0.0083,1.0210,-0.0610,0.1831,-0.4883,1,484,866,719
1226963929,241529,-0.0303,-0.0093,1.0200,-0.0610,0.1831,-0.3662,1,471,902,719
1226968929,241530,-0.0303,-0.0103,1.0200,0.0610,0.0000,-0.3662,1,470,861,719
1226973922,241531,-0.0288,-0.0107,1.0225,0.0000,0.0000,-0.2441,1,479,777,719
1226978930,241532,-0.0273,-0.0103,1.0244,0.0610,0.1221,-0.3662,1,488,751,719
1226983922,241533,-0.0269,-0.0098,1.0239,0.0610,0.1831,-0.3662,1,507,782,719
1226988930,241534,-0.0273,-0.0098,1.0234,0.1221,0.2441,-0.4883,1,496,828,719
1226993930,241535,-0.0293,-0.0107,1.0225,0.1221,0.1831,-0.2441,1,497,827,719
1226998925,241536,-0.0308,-0.0107,1.0215,0.1221,0.0610,-0.3052,1,490,829,719
1227003931,241537,-0.0298,-0.0098,1.0225,0.0610,0.0610,-0.4272,1,482,837,719
1227008922,241538,-0.0278,-0.0098,1.0234,0.0610,0.1221,-0.3662,1,475,840,719
1227013923,241539,-0.0264,-0.0103,1.0239,0.0610,0.0610,-0.3662,1,487,875,719
1227018925,241540,-0.0264,-0.0103,1.0234,0.0610,-0.0610,-0.3052,1,493,845,719
1227023929,241541,-0.0273,-0.0107,1.0220,0.1221,0.1221,-0.3052,1,466,870,719
1227028927,241542,-0.0278,-0.0112,1.0220,0.1831,0.1831,-0.2441,1,466,871,719
1227033924,241543,-0.0293,-0.0107,1.0234,0.1221,0.1831,-0.3052,1,465,888,719
1227038928,241544,-0.0303,-0.0107,1.0229,0.1221,0.1831,-0.3662,1,466,874,719
1227043925,241545,-0.0303,-0.0107,1.0215,0.0610,0.1831,-0.3052,1,466,877,719
1227048929,241546,-0.0283,-0.0107,1.0220,0.0610,0.1221,-0.2441,1,466,871,719
1227053931,241547,-0.0264,-0.0098,1.0244,0.0000,0.2441,-0.2441,1,465,877,719
1227058926,241548,-0.0273,-0.0093,1.0244,0.0000,0.1831,-0.2441,1,465,822,719
1227063927,241549,-0.0283,-0.0093,1.0229,0.1221,0.1831,-0.3052,1,484,824,719
1227068943,241550,-0.0278,-0.0107,1.0220,0.0000,0.2441,-0.3052,1,465,871,719
1227073924,241551,-0.0288,-0.0117,1.0225,0.0000,0.1831,-0.2441,1,473,820,719
1227078926,241552,-0.0298,-0.0107,1.0234,0.0610,0.2441,-0.3052,1,470,834,719
1227083926,241553,-0.0283,-0.0107,1.0234,0.0610,0.1831,-0.3052,1,477,865,719
1227088927,241554,-0.0264,-0.0107,1.0229,0.0610,0.2441,-0.1831,1,504,875,719
1227093927,241555,-0.0269,-0.0112,1.0220,0.0610,0.3052,-0.3662,1,483,842,719
1227098923,241556,-0.0288,-0.0107,1.0220,0.1221,0.3052,-0.3662,1,480,827,719
1227103928,241557,-0.0293,-0.0112,1.0229,0.0610,0.3662,-0.2441,1,504,827,719
1227108930,241558,-0.0278,-0.0122,1.0244,0.1221,0.3662,-0.3052,1,488,853,719
1227113924,241559,-0.0273,-0.0127,1.0249,0.1221,0.1221,-0.3052,1,482,849,719
1227118929,241560,-0.0288,-0.0127,1.0249,0.1221,0.2441,-0.1221,1,471,842,719
1227123925,241561,-0.0298,-0.0112,1.0239,0.0000,0.2441,-0.0610,1,489,849,719
1227128931,241562,-0.0298,-0.0117,1.0225,0.1221,0.3052,-0.1831,1,465,807,719
1227133925,241563,-0.0283,-0.0122,1.0229,0.0000,0.3662,-0.0610,1,466,871,719
1227138924,241564,-0.0278,-0.0117,1.0239,0.0610,0.1831,-0.1831,1,465,838,719
1227143929,241565,-0.0288,-0.0107,1.0234,0.1831,0.0610,-0.1221,1,466,884,719
1227148929,241566,-0.0293,-0.0098,1.0220,0.2441,0.1221,-0.0610,1,466,879,719
1227153924,241567,-0.0288,-0.0098,1.0210,0.1221,0.1831,-0.1831,1,466,870,719
1227158928,241568,-0.0288,-0.0103,1.0215,0.0610,0.1221,-0.2441,1,466,874,719
1227163924,241569,-0.0293,-0.0107,1.0215,0.1221,0.2441,-0.2441,1,483,874,719
1227168931,241570,-0.0298,-0.0098,1.0205,0.1221,0.0610,-0.3052,1,465,877,719
1227173926,241571,-0.0293,-0.0103,1.0215,0.2441,0.0610,-0.2441,1,484,853,719
1227178925,241572,-0.0273,-0.0103,1.0229,0.1221,0.0610,-0.1831,1,465,904,719
1227183922,241573,-0.0264,-0.0098,1.0229,0.1831,0.1831,-0.3052,1,482,931,719
1227188928,241574,-0.0273,-0.0088,1.0234,0.0610,0.1221,-0.3052,1,509,863,719
1227193927,241575,-0.0283,-0.0088,1.0234,0.0000,0.0610,-0.3662,1,465,784,719
1227198930,241576,-0.0278,-0.0088,1.0239,0.0000,0.1831,-0.1831,1,509,755,719
1227203929,241577,-0.0264,-0.0088,1.0244,0.1221,0.1831,-0.2441,1,489,788,719
1227208928,241578,-0.0269,-0.0088,1.0234,0.1221,0.2441,-0.2441,1,490,829,719
1227213927,241579,-0.0278,-0.0093,1.0220,0.0000,0.1831,-0.2441,1,509,829,719
1227218924,241580,-0.0288,-0.0103,1.0215,0.0000,0.1221,-0.2441,1,480,804,719
1227223923,241581,-0.0288,-0.0107,1.0229,0.0610,0.1831,-0.2441,1,491,802,719
1227228925,241582,-0.0278,-0.0107,1.0239,0.1221,0.1831,-0.2441,1,476,855,719
1227233927,241583,-0.0278,-0.0107,1.0239,0.0610,0.3052,-0.3662,1,494,853,719
1227238928,241584,-0.0278,-0.0103,1.0234,0.0610,0.2441,-0.3052,1,466,877,719
1227243929,241585,-0.0278,-0.0107,1.0229,0.1221,0.1831,-0.3052,1,466,874,719
1227248927,241586,-0.0283,-0.0117,1.0229,-0.0610,0.3662,-0.3662,1,466,877,719
1227253931,241587,-0.0283,-0.0107,1.0220,0.0000,0.3052,-0.2441,1,466,884,719
1227258923,241588,-0.0283,-0.0093,1.0225,0.0000,0.2441,-0.2441,1,466,832,719
1227263923,241589,-0.0283,-0.0098,1.0239,0.0610,0.2441,-0.2441,1,466,831,719
1227268929,241590,-0.0283,-0.0098,1.0244,0.0000,0.2441,-0.3052,1,466,879,719
1227273926,241591,-0.0278,-0.0098,1.0229,0.1221,0.2441,-0.3662,1,465,819,719
1227278925,241592,-0.0283,-0.0107,1.0215,0.1221,0.2441,-0.3662,1,484,867,719
1227283923,241593,-0.0288,-0.0103,1.0210,0.0610,0.3052,-0.3052,1,465,878,719
1227288926,241594,-0.0288,-0.0103,1.0220,0.0610,0.3052,-0.3662,1,473,855,719
1227293930,241595,-0.0278,-0.0117,1.0229,0.0610,0.2441,-0.3052,1,466,862,719
1227298927,241596,-0.0278,-0.0112,1.0239,0.0000,0.3052,-0.1831,1,468,867,719
1227303931,241597,-0.0293,-0.0098,1.0225,0.0000,0.1831,-0.2441,1,498,750,719
1227308923,241598,-0.0298,-0.0098,1.0205,0.0610,0.2441,-0.2441,1,474,782,719
1227313929,241599,-0.0288,-0.0107,1.0215,0.0610,0.3052,-0.3662,1,478,828,719
1227318924,241600,-0.0273,-0.0112,1.0234,0.0000,0.2441,-0.1831,1,492,828,719
1227323922,241601,-0.0264,-0.0103,1.0234,0.0000,0.3662,-0.2441,1,488,811,719
1227328929,241602,-0.0273,-0.0107,1.0229,0.0610,0.3052,-0.2441,1,478,805,719
1227333929,241603,-0.0278,-0.0103,1.0220,0.0000,0.3052,-0.3662,1,477,849,719
1227338926,241604,-0.0283,-0.0098,1.0210,0.0000,0.3052,-0.3052,1,492,801,719
1227343929,241605,-0.0288,-0.0103,1.0210,0.1221,0.3052,-0.1221,1,493,791,719
1227348924,241606,-0.0283,-0.0107,1.0225,0.0000,0.3052,-0.2441,1,466,867,719
1227353930,241607,-0.0288,-0.0112,1.0239,0.0000,0.3662,-0.3662,1,466,832,719
1227358923,241608,-0.0298,-0.0117,1.0234,-0.0610,0.3052,-0.4272,1,466,842,719
1227363929,241609,-0.0288,-0.0112,1.0229,0.0610,0.4272,-0.2441,1,466,876,719
1227368936,241610,-0.0273,-0.0093,1.0234,0.0610,0.4272,-0.3052,1,465,886,719
1227373925,241611,-0.0273,-0.0083,1.0229,-0.0610,0.1831,-0.2441,1,466,875,719
1227378928,241612,-0.0283,-0.0093,1.0225,-0.0610,0.3662,-0.3052,1,484,883,719
1227383926,241613,-0.0293,-0.0103,1.0215,0.0610,0.3662,-0.1831,1,469,862,719
1227388926,241614,-0.0288,-0.0107,1.0195,0.0610,0.2441,-0.2441,1,465,826,719
1227393931,241615,-0.0288,-0.0112,1.0190,0.1221,0.3662,-0.2441,1,482,911,719
1227398929,241616,-0.0288,-0.0107,1.0210,0.0000,0.3662,-0.2441,1,479,921,719
1227403923,241617,-0.0288,-0.0098,1.0225,0.0610,0.4272,-0.3052,1,469,713,719
1227408929,241618,-0.0278,-0.0107,1.0225,0.1831,0.1831,-0.3052,1,498,823,719
1227413930,241619,-0.0273,-0.0112,1.0229,0.1831,0.1831,-0.2441,1,495,757,719
1227418928,241620,-0.0278,-0.0098,1.0239,0.1221,0.2441,-0.3662,1,496,850,719
1227423927,241621,-0.0283,-0.0078,1.0239,0.0610,0.2441,-0.3052,1,494,831,719
1227428927,241622,-0.0278,-0.0078,1.0239,0.0610,0.2441,-0.2441,1,485,846,719
1227433929,241623,-0.0273,-0.0103,1.0244,-0.1221,0.4272,-0.3052,1,492,852,719
1227438930,241624,-0.0273,-0.0127,1.0244,0.0000,0.3052,-0.3662,1,478,845,719
1227443922,241625,-0.0273,-0.0132,1.0234,0.0000,0.3052,-0.3052,1,492,803,719
1227448929,241626,-0.0278,-0.0117,1.0229,0.0000,0.4272,-0.3052,1,494,800,719
1227453931,241627,-0.0288,-0.0103,1.0225,-0.1221,0.3662,-0.2441,1,466,834,719
1227458922,241628,-0.0288,-0.0103,1.0229,0.0000,0.3052,-0.2441,1,466,879,719
1227463922,241629,-0.0283,-0.0103,1.0229,-0.0610,0.3662,-0.2441,1,466,832,719
1227468930,241630,-0.0278,-0.0098,1.0225,-0.1221,0.3052,-0.2441,1,466,883,719
1227473927,241631,-0.0278,-0.0098,1.0215,0.0000,0.2441,-0.2441,1,466,872,719
1227478924,241632,-0.0273,-0.0098,1.0215,0.0610,0.2441,-0.1831,1,466,832,719
1227483922,241633,-0.0264,-0.0107,1.0220,-0.1221,0.3052,-0.3052,1,483,875,719
1227488925,241634,-0.0254,-0.0107,1.0229,0.0610,0.4272,-0.2441,1,466,857,719
1227493927,241635,-0.0259,-0.0107,1.0234,0.1221,0.4883,-0.2441,1,484,870,719
1227498944,241636,-0.0278,-0.0103,1.0234,0.0610,0.4272,-0.2441,1,465,904,719
1227503928,241637,-0.0283,-0.0098,1.0220,0.0610,0.3662,-0.3052,1,474,920,719
1227508927,241638,-0.0278,-0.0103,1.0215,0.0000,0.3662,-0.1831,1,493,860,719
1227513928,241639,-0.0269,-0.0107,1.0220,0.0000,0.3052,-0.2441,1,474,712,719
1227518928,241640,-0.0264,-0.0103,1.0229,0.0610,0.3662,-0.3662,1,498,762,719
1227523927,241641,-0.0273,-0.0093,1.0234,0.0610,0.4272,-0.3052,1,479,841,719
1227528928,241642,-0.0278,-0.0107,1.0234,0.0000,0.4883,-0.2441,1,495,826,719
1227533926,241643,-0.0273,-0.0122,1.0225,0.1221,0.3662,-0.2441,1,505,810,719
1227538922,241644,-0.0278,-0.0107,1.0215,0.1221,0.3052,-0.3052,1,474,851,719
1227543929,241645,-0.0283,-0.0093,1.0220,0.0000,0.3052,-0.1831,1,490,840,719
1227548924,241646,-0.0278,-0.0093,1.0239,0.0000,0.3052,-0.2441,1,481,799,719
1227553923,241647,-0.0273,-0.0103,1.0254,0.0000,0.4272,-0.2441,1,493,802,719
1227558922,241648,-0.0278,-0.0107,1.0254,0.0000,0.3662,-0.3662,1,466,832,719
1227563927,241649,-0.0288,-0.0098,1.0249,0.0000,0.3662,-0.1831,1,466,837,719
1227568922,241650,-0.0288,-0.0083,1.0244,0.0000,0.3662,-0.2441,1,466,835,719
1227573930,241651,-0.0283,-0.0093,1.0234,-0.1221,0.1831,-0.3052,1,466,839,719
1227578927,241652,-0.0283,-0.0107,1.0229,0.0000,0.3662,-0.3052,1,466,875,719
1227583948,241653,-0.0298,-0.0112,1.0220,0.0000,0.3662,-0.1831,1,466,833,719
1227588923,241654,-0.0303,-0.0112,1.0220,0.0000,0.3052,-0.1831,1,466,835,719
1227593924,241655,-0.0303,-0.0107,1.0225,-0.0610,0.3052,-0.3052,1,465,819,719
1227598925,241656,-0.0303,-0.0112,1.0229,0.0000,0.4272,-0.3662,1,484,855,719
1227603925,241657,-0.0303,-0.0112,1.0225,0.0610,0.4272,-0.3052,1,465,889,719
1227608930,241658,-0.0303,-0.0098,1.0210,0.1221,0.3662,-0.2441,1,467,861,719
1227613930,241659,-0.0293,-0.0098,1.0210,0.0000,0.3052,-0.2441,1,508,858,719
1227618922,241660,-0.0278,-0.0117,1.0229,0.0000,0.3662,-0.1831,1,510,811,719
1227623924,241661,-0.0278,-0.0122,1.0244,0.0610,0.5493,-0.1831,1,501,717,719
1227628923,241662,-0.0273,-0.0112,1.0239,0.0000,0.5493,-0.1831,1,479,800,719
1227633924,241663,-0.0273,-0.0103,1.0234,0.0000,0.5493,-0.2441,1,483,792,719
1227638923,241664,-0.0273,-0.0103,1.0234,-0.1221,0.4883,-0.3052,1,508,789,719
1227643931,241665,-0.0278,-0.0098,1.0244,0.0000,0.4883,-0.3662,1,480,842,719
1227648927,241666,-0.0288,-0.0093,1.0244,0.0000,0.3662,-0.1831,1,475,802,719
1227653926,241667,-0.0288,-0.0098,1.0234,-0.1221,0.4272,-0.2441,1,488,806,719
1227658926,241668,-0.0283,-0.0098,1.0229,-0.1221,0.4272,-0.2441,1,489,850,719
1227663925,241669,-0.0283,-0.0098,1.0225,-0.0610,0.4272,-0.3052,1,466,849,719
1227668926,241670,-0.0283,-0.0103,1.0215,-0.0610,0.4883,-0.3662,1,466,870,719
1227673929,241671,-0.0273,-0.0098,1.0215,-0.0610,0.4272,-0.2441,1,466,877,719
1227678922,241672,-0.0278,-0.0098,1.0220,-0.0610,0.4883,-0.2441,1,466,876,719
1227683929,241673,-0.0288,-0.0093,1.0225,-0.1831,0.5493,-0.2441,1,466,875,719
1227688946,241674,-0.0293,-0.0093,1.0220,-0.1831,0.4883,-0.3052,1,466,882,719
1227693927,241675,-0.0293,-0.0098,1.0215,-0.1221,0.4883,-0.2441,1,466,870,719
1227698923,241676,-0.0278,-0.0103,1.0215,-0.1831,0.4883,-0.2441,1,484,870,719
1227703923,241677,-0.0278,-0.0093,1.0220,-0.1831,0.4272,-0.2441,1,482,870,719
1227708932,241678,-0.0288,-0.0098,1.0225,-0.1831,0.4883,-0.3052,1,465,881,719
1227713953,241679,-0.0308,-0.0107,1.0229,-0.1221,0.4272,-0.2441,1,465,862,719
1227718923,241680,-0.0308,-0.0103,1.0229,-0.1831,0.4883,-0.3052,1,474,866,719
1227723925,241681,-0.0293,-0.0103,1.0220,-0.1831,0.4883,-0.2441,1,465,869,719
1227728923,241682,-0.0298,-0.0112,1.0215,-0.0610,0.4883,-0.2441,1,511,875,719
1227733923,241683,-0.0298,-0.0112,1.0229,-0.2441,0.5493,-0.3052,1,475,841,719
1227738924,241684,-0.0288,-0.0117,1.0249,-0.1831,0.5493,-0.4272,1,499,834,719
1227743923,241685,-0.0283,-0.0112,1.0254,-0.1221,0.5493,-0.3052,1,509,839,719
1227748927,241686,-0.0293,-0.0112,1.0229,-0.1831,0.5493,-0.1221,1,473,868,719
1227753923,241687,-0.0303,-0.0127,1.0215,-0.1831,0.4883,-0.2441,1,479,853,719
1227758929,241688,-0.0288,-0.0132,1.0215,-0.1831,0.6104,-0.1221,1,469,848,719
1227763924,241689,-0.0273,-0.0122,1.0229,-0.1831,0.6104,-0.2441,1,493,846,719
1227768924,241690,-0.0273,-0.0127,1.0234,-0.2441,0.7324,-0.2441,1,466,884,719
1227773927,241691,-0.0269,-0.0122,1.0225,-0.2441,0.6714,-0.2441,1,466,886,719
1227778929,241692,-0.0278,-0.0103,1.0220,-0.2441,0.7324,-0.2441,1,466,882,719
1227783925,241693,-0.0288,-0.0088,1.0215,-0.1831,0.6714,-0.1831,1,466,884,719
1227788931,241694,-0.0298,-0.0098,1.0220,-0.2441,0.6714,-0.2441,1,466,879,719
1227793930,241695,-0.0288,-0.0117,1.0234,-0.1831,0.4883,-0.2441,1,466,876,719
1227798927,241696,-0.0278,-0.0112,1.0234,-0.1221,0.7935,-0.2441,1,484,884,719
1227803922,241697,-0.0278,-0.0103,1.0234,-0.2441,0.7935,-0.2441,1,466,881,719
1227808922,241698,-0.0283,-0.0112,1.0234,-0.3052,0.7324,-0.2441,1,484,873,719
1227813926,241699,-0.0288,-0.0127,1.0225,-0.1831,0.7324,-0.2441,1,465,882,719
1227818927,241700,-0.0303,-0.0112,1.0215,-0.1831,0.6714,-0.3052,1,479,924,719
1227823923,241701,-0.0308,-0.0098,1.0220,-0.1221,0.4883,-0.1831,1,477,863,719
1227828929,241702,-0.0298,-0.0103,1.0210,-0.2441,0.5493,-0.3052,1,468,821,719
1227833930,241703,-0.0293,-0.0122,1.0190,-0.3052,0.6104,-0.3662,1,511,870,719
1227838926,241704,-0.0303,-0.0132,1.0195,-0.1831,0.3662,-0.1831,1,468,828,719
1227843923,241705,-0.0298,-0.0122,1.0210,-0.2441,0.4883,-0.3052,1,494,844,719
1227848927,241706,-0.0298,-0.0103,1.0225,-0.2441,0.3052,-0.3052,1,498,827,719
1227853925,241707,-0.0288,-0.0093,1.0234,-0.3052,0.4272,-0.2441,1,484,844,719
1227858924,241708,-0.0303,-0.0078,1.0205,-0.1831,0.4272,-0.2441,1,492,849,719
1227863928,241709,-0.0283,-0.0098,1.0190,-0.4272,-0.0610,-0.4883,1,478,850,719
1227868926,241710,-0.0283,-0.0142,1.0225,-0.0610,0.2441,-0.3662,1,492,847,719
1227873924,241711,-0.0288,-0.0181,1.0249,-0.1831,0.2441,-0.2441,1,466,879,719
1227878925,241712,-0.0293,-0.0171,1.0234,-0.0610,0.5493,-0.2441,1,466,884,719
1227883927,241713,-0.0312,-0.0122,1.0215,0.0610,0.1221,-0.3052,1,466,881,719
1227888928,241714,-0.0303,-0.0112,1.0225,-0.1831,0.3662,-0.3662,1,466,897,719
1227893923,241715,-0.0293,-0.0117,1.0229,0.0000,0.3052,-0.1831,1,466,883,719
1227898937,241716,-0.0283,-0.0127,1.0229,0.0610,0.3052,-0.2441,1,466,831,719
1227903925,241717,-0.0288,-0.0122,1.0229,0.0000,0.3662,-0.2441,1,466,877,719
1227908928,241718,-0.0298,-0.0112,1.0215,0.0000,0.2441,-0.3662,1,484,840,719
1227913926,241719,-0.0308,-0.0117,1.0200,0.0000,0.3052,-0.2441,1,468,779,719
1227918931,241720,-0.0312,-0.0117,1.0195,0.1831,0.3052,-0.1831,1,484,854,719
1227923938,241721,-0.0308,-0.0107,1.0195,-0.0610,0.1831,-0.2441,1,474,856,719
1227928925,241722,-0.0293,-0.0117,1.0200,0.0000,0.1831,-0.3052,1,472,867,719
1227933925,241723,-0.0288,-0.0122,1.0220,0.0610,0.0000,-0.2441,1,506,817,719
1227938924,241724,-0.0298,-0.0117,1.0229,0.0610,0.2441,-0.2441,1,491,741,719
1227943929,241725,-0.0308,-0.0112,1.0234,-0.0610,0.2441,-0.3052,1,474,787,719
1227948926,241726,-0.0303,-0.0122,1.0234,0.0610,0.1831,-0.1831,1,494,809,719
1227953927,241727,-0.0303,-0.0122,1.0234,0.0610,0.1221,-0.2441,1,499,833,719
1227958922,241728,-0.0283,-0.0117,1.0239,-0.0610,0.1831,-0.4272,1,488,846,719
1227963930,241729,-0.0278,-0.0117,1.0244,0.0610,0.1221,-0.2441,1,480,854,719
1227968927,241730,-0.0288,-0.0117,1.0244,0.0000,0.1221,-0.3662,1,480,850,719
1227973930,241731,-0.0293,-0.0117,1.0244,0.0000,0.1831,-0.1831,1,484,806,719
1227978924,241732,-0.0288,-0.0122,1.0225,-0.0610,0.1221,-0.3052,1,494,808,719
1227983928,241733,-0.0278,-0.0122,1.0220,0.0610,0.2441,-0.1831,1,465,873,719
1227988924,241734,-0.0278,-0.0117,1.0244,0.0610,0.3052,-0.1831,1,466,883,719
1227993922,241735,-0.0283,-0.0117,1.0254,0.0610,0.1831,-0.3052,1,465,880,719
1227998931,241736,-0.0293,-0.0122,1.0234,0.1831,0.1831,-0.2441,1,466,877,719
1228003930,241737,-0.0303,-0.0117,1.0205,0.1831,0.1831,-0.2441,1,466,886,719
1228008922,241738,-0.0303,-0.0112,1.0205,0.1221,0.2441,-0.3052,1,466,881,719
1228013924,241739,-0.0288,-0.0117,1.0229,0.1221,0.3052,-0.2441,1,483,872,719
1228018923,241740,-0.0283,-0.0117,1.0254,0.1221,0.3052,-0.3052,1,466,876,719
1228023925,241741,-0.0293,-0.0127,1.0249,0.0000,0.2441,-0.3662,1,484,858,719
1228028926,241742,-0.0308,-0.0132,1.0234,0.0610,0.2441,-0.3052,1,466,824,719
1228033922,241743,-0.0308,-0.0122,1.0225,0.1221,0.3052,-0.3052,1,476,862,719
1228038929,241744,-0.0303,-0.0112,1.0220,0.1221,0.3052,-0.2441,1,504,855,719
1228043929,241745,-0.0293,-0.0112,1.0220,0.1221,0.1831,-0.2441,1,477,861,719
1228048925,241746,-0.0288,-0.0122,1.0225,0.1221,0.2441,-0.3052,1,504,876,719
1228053928,241747,-0.0293,-0.0127,1.0225,0.1221,0.1221,-0.3662,1,509,754,719
1228058929,241748,-0.0303,-0.0132,1.0220,0.2441,0.1831,-0.3052,1,506,834,719
1228063931,241749,-0.0298,-0.0127,1.0229,0.1831,0.3052,-0.2441,1,493,827,719
1228068931,241750,-0.0288,-0.0127,1.0239,0.1831,0.1221,-0.1831,1,481,850,719
1228073923,241751,-0.0283,-0.0117,1.0244,0.0000,0.2441,-0.1831,1,486,853,719
1228078924,241752,-0.0283,-0.0103,1.0239,0.0610,0.3052,-0.1831,1,480,810,719
1228083927,241753,-0.0288,-0.0103,1.0239,0.1221,0.3052,-0.2441,1,474,848,719
1228088928,241754,-0.0283,-0.0117,1.0244,0.0610,0.3052,-0.3662,1,493,846,719
1228093923,241755,-0.0278,-0.0112,1.0239,0.0000,0.4272,-0.3052,1,466,878,719
1228098928,241756,-0.0278,-0.0107,1.0229,-0.0610,0.3662,-0.3052,1,466,836,719
1228103930,241757,-0.0293,-0.0112,1.0220,-0.0610,0.4272,-0.2441,1,466,880,719
1228108923,241758,-0.0303,-0.0122,1.0220,-0.0610,0.4272,-0.3052,1,466,882,719
1228113942,241759,-0.0293,-0.0117,1.0220,0.0610,0.4272,-0.3052,1,465,874,719
1228118922,241760,-0.0283,-0.0103,1.0215,0.0610,0.3662,-0.2441,1,466,873,719
1228123924,241761,-0.0293,-0.0098,1.0225,-0.1221,0.2441,-0.1221,1,465,880,719
1228128930,241762,-0.0293,-0.0098,1.0239,0.0000,0.3052,-0.1831,1,478,859,719
1228133930,241763,-0.0298,-0.0098,1.0244,0.0000,0.4272,-0.3052,1,466,868,719
1228138924,241764,-0.0312,-0.0107,1.0239,-0.0610,0.2441,-0.3662,1,482,815,719
1228143923,241765,-0.0303,-0.0117,1.0234,-0.1221,0.3052,-0.2441,1,469,947,719
1228148924,241766,-0.0298,-0.0112,1.0210,0.0610,0.3052,-0.2441,1,479,862,719
1228153922,241767,-0.0312,-0.0122,1.0215,0.1221,0.2441,-0.3052,1,483,871,719
1228158928,241768,-0.0303,-0.0127,1.0229,0.0000,0.1221,-0.3052,1,465,778,719
1228163927,241769,-0.0273,-0.0122,1.0234,0.0000,0.3052,-0.3052,1,508,776,719
1228168924,241770,-0.0273,-0.0112,1.0215,0.0000,0.3662,-0.3052,1,499,782,719
1228173925,241771,-0.0298,-0.0103,1.0210,0.1831,0.1831,-0.1831,1,491,803,719
1228178925,241772,-0.0308,-0.0103,1.0225,0.0610,0.2441,-0.3052,1,479,849,719
1228183922,241773,-0.0298,-0.0112,1.0239,-0.0610,0.4883,-0.3662,1,476,841,719
1228188925,241774,-0.0283,-0.0117,1.0244,-0.0610,0.4272,-0.2441,1,484,852,719
1228193923,241775,-0.0288,-0.0122,1.0244,-0.0610,0.4272,-0.2441,1,493,855,719
1228198926,241776,-0.0298,-0.0112,1.0234,0.0000,0.4883,-0.3052,1,466,885,719
1228203927,241777,-0.0308,-0.0103,1.0229,0.0000,0.4272,-0.2441,1,466,832,719
1228208924,241778,-0.0312,-0.0098,1.0229,0.0000,0.4272,-0.2441,1,465,835,719
1228213923,241779,-0.0308,-0.0107,1.0229,0.0000,0.4272,-0.2441,1,466,858,719
1228218936,241780,-0.0303,-0.0117,1.0239,0.0000,0.4883,-0.2441,1,466,835,719
1228223930,241781,-0.0293,-0.0117,1.0244,0.0000,0.4883,-0.1221,1,466,832,719
1228228930,241782,-0.0283,-0.0122,1.0249,0.0000,0.4883,-0.2441,1,483,828,719
1228233922,241783,-0.0288,-0.0122,1.0244,0.0610,0.4883,-0.2441,1,467,781,719
1228238928,241784,-0.0293,-0.0112,1.0244,0.0000,0.5493,-0.1831,1,466,826,719
1228243944,241785,-0.0293,-0.0122,1.0244,-0.0610,0.5493,-0.1831,1,474,826,719
1228248929,241786,-0.0298,-0.0132,1.0249,-0.0610,0.4883,-0.3052,1,482,923,719
1228253928,241787,-0.0293,-0.0132,1.0244,-0.0610,0.6104,-0.2441,1,472,862,719
1228258930,241788,-0.0283,-0.0122,1.0234,0.0000,0.6714,-0.1831,1,465,872,719
1228263930,241789,-0.0288,-0.0117,1.0234,-0.0610,0.6104,-0.1831,1,506,744,719
1228268929,241790,-0.0303,-0.0117,1.0229,-0.1831,0.7324,-0.1831,1,487,841,719
1228273926,241791,-0.0308,-0.0117,1.0225,-0.1221,0.6104,-0.1831,1,503,835,719
1228278928,241792,-0.0293,-0.0122,1.0234,-0.1221,0.6714,-0.2441,1,473,841,719
1228283923,241793,-0.0283,-0.0122,1.0234,-0.0610,0.6714,-0.1831,1,490,851,719
1228288924,241794,-0.0293,-0.0122,1.0234,-0.1221,0.7324,-0.1831,1,482,853,719
1228293928,241795,-0.0293,-0.0122,1.0234,0.0000,0.6714,-0.2441,1,486,854,719
1228298922,241796,-0.0293,-0.0112,1.0234,0.0000,0.6714,-0.1831,1,492,807,719
1228303930,241797,-0.0298,-0.0107,1.0225,0.0000,0.7324,-0.1831,1,465,835,719
1228308928,241798,-0.0303,-0.0117,1.0234,0.0610,0.6104,-0.1221,1,466,834,719
1228313930,241799,-0.0293,-0.0122,1.0244,0.0610,0.6104,-0.1831,1,466,870,719
1228318930,241800,-0.0293,-0.0117,1.0249,0.0000,0.7935,-0.2441,1,466,878,719
1228323930,241801,-0.0298,-0.0112,1.0239,-0.0610,0.7324,-0.1831,1,465,835,719
1228328922,241802,-0.0308,-0.0117,1.0229,-0.1831,0.7324,-0.2441,1,466,885,719
1228333928,241803,-0.0312,-0.0117,1.0220,-0.0610,0.7324,-0.2441,1,483,882,719
1228338928,241804,-0.0312,-0.0112,1.0225,0.0000,0.7324,-0.1831,1,466,905,719
1228343928,241805,-0.0303,-0.0103,1.0229,0.0000,0.6104,-0.1831,1,483,851,719
1228348923,241806,-0.0293,-0.0098,1.0244,0.1221,0.6714,-0.2441,1,465,817,719
1228353931,241807,-0.0293,-0.0103,1.0249,0.0000,0.6104,-0.3052,1,470,862,719
1228358928,241808,-0.0298,-0.0103,1.0225,-0.0610,0.6104,-0.3052,1,466,812,719
1228363928,241809,-0.0308,-0.0093,1.0200,0.0610,0.6714,-0.2441,1,508,857,719
1228368926,241810,-0.0308,-0.0098,1.0195,0.0000,0.6104,-0.3052,1,469,774,719
1228373923,241811,-0.0298,-0.0117,1.0215,0.0610,0.5493,-0.2441,1,493,783,719
1228378925,241812,-0.0293,-0.0117,1.0225,0.0610,0.5493,-0.1831,1,494,784,719
1228383925,241813,-0.0303,-0.0122,1.0220,0.0000,0.6104,-0.2441,1,508,841,719
1228388926,241814,-0.0303,-0.0146,1.0220,0.0610,0.6104,-0.1831,1,486,782,719
1228393929,241815,-0.0303,-0.0146,1.0225,0.0610,0.7324,-0.3052,1,491,845,719
1228398931,241816,-0.0308,-0.0137,1.0229,0.0000,0.6714,-0.1831,1,491,845,719
1228403927,241817,-0.0303,-0.0127,1.0234,0.0000,0.6104,-0.2441,1,473,802,719
1228408922,241818,-0.0288,-0.0122,1.0215,0.1831,0.6104,-0.4883,1,493,800,719
1228413927,241819,-0.0303,-0.0151,1.0210,0.1831,0.6104,-0.2441,1,466,877,719
1228418924,241820,-0.0308,-0.0142,1.0239,0.1831,0.3662,-0.2441,1,466,874,719
1228423925,241821,-0.0303,-0.0103,1.0254,0.0000,0.6714,-0.2441,1,465,883,719
1228428922,241822,-0.0303,-0.0117,1.0229,0.0000,0.6104,-0.2441,1,466,828,719
1228433928,241823,-0.0308,-0.0137,1.0234,0.1831,0.6104,-0.3052,1,466,829,719
1228438931,241824,-0.0308,-0.0107,1.0234,0.1831,0.6714,-0.3052,1,466,872,719
1228443927,241825,-0.0303,-0.0088,1.0239,0.0610,0.6714,-0.4272,1,466,876,719
1228448929,241826,-0.0288,-0.0107,1.0259,0.0000,0.7324,-0.1831,1,483,871,719
1228453924,241827,-0.0293,-0.0112,1.0244,0.1831,0.7324,-0.1221,1,465,827,719
1228458922,241828,-0.0317,-0.0098,1.0215,0.0610,0.6104,-0.1831,1,484,871,719
1228463930,241829,-0.0322,-0.0122,1.0210,-0.0610,0.5493,-0.2441,1,465,900,719
1228468927,241830,-0.0317,-0.0112,1.0156,0.3052,0.5493,-0.3052,1,478,922,719
1228473925,241831,-0.0371,-0.0020,1.0161,0.2441,-0.0610,-0.6104,1,475,867,719
1228478929,241832,-0.0317,-0.0112,1.0269,-0.6104,-0.2441,-0.6104,1,482,863,719
1228483926,241833,-0.0273,-0.0249,1.0298,0.3662,1.2207,-0.3662,1,498,874,719
1228488926,241834,-0.0337,-0.0171,1.0225,0.4883,0.3662,-0.1221,1,504,865,719
1228493922,241835,-0.0337,-0.0112,1.0195,-0.1221,0.1831,-0.4272,1,478,825,719
1228498930,241836,-0.0332,-0.0117,1.0205,0.3662,0.3662,-0.2441,1,504,835,719
1228503928,241837,-0.0322,-0.0132,1.0210,0.3052,0.1221,-0.3052,1,483,854,719
1228508925,241838,-0.0308,-0.0127,1.0244,0.1831,0.1221,-0.2441,1,490,838,719
1228513922,241839,-0.0312,-0.0107,1.0244,0.3052,0.2441,-0.2441,1,480,850,719
1228518922,241840,-0.0308,-0.0112,1.0225,0.1221,0.1221,-0.3052,1,479,877,719
1228523930,241841,-0.0303,-0.0117,1.0234,0.1831,0.3052,-0.3052,1,492,840,719
1228528924,241842,-0.0303,-0.0112,1.0239,0.3052,0.1221,-0.2441,1,466,843,719
1228533924,241843,-0.0298,-0.0112,1.0234,0.2441,0.2441,-0.3052,1,466,873,719
1228538926,241844,-0.0293,-0.0117,1.0239,0.2441,0.2441,-0.3052,1,466,883,719
1228543928,241845,-0.0293,-0.0107,1.0249,0.1831,0.3662,-0.2441,1,466,880,719
1228548925,241846,-0.0298,-0.0103,1.0249,0.1831,0.4272,-0.3662,1,466,885,719
1228553930,241847,-0.0308,-0.0112,1.0229,0.1831,0.3052,-0.3662,1,465,883,719
1228558930,241848,-0.0308,-0.0117,1.0215,0.1831,0.3052,-0.2441,1,466,879,719
1228563922,241849,-0.0308,-0.0122,1.0220,0.1831,0.2441,-0.3052,1,466,874,719
1228568925,241850,-0.0308,-0.0127,1.0225,0.3052,0.2441,-0.3052,1,485,866,719
1228573926,241851,-0.0312,-0.0122,1.0225,0.3052,0.4272,-0.3662,1,465,898,719
1228578923,241852,-0.0317,-0.0112,1.0220,0.3662,0.3662,-0.3052,1,478,930,719
1228583926,241853,-0.0322,-0.0103,1.0220,0.3052,0.2441,-0.3662,1,505,870,719
1228588931,241854,-0.0312,-0.0107,1.0225,0.3052,0.3662,-0.4272,1,500,874,719
1228593922,241855,-0.0298,-0.0117,1.0215,0.3052,0.4272,-0.3662,1,476,899,719
1228598929,241856,-0.0293,-0.0107,1.0205,0.3662,0.3662,-0.3662,1,509,754,719
1228603931,241857,-0.0303,-0.0107,1.0195,0.4272,0.3662,-0.3662,1,488,844,719
1228608926,241858,-0.0327,-0.0117,1.0190,0.3052,0.2441,-0.4272,1,507,834,719
1228613927,241859,-0.0337,-0.0127,1.0200,0.3662,0.1831,-0.3662,1,481,851,719
1228618923,241860,-0.0322,-0.0117,1.0215,0.4883,0.1221,-0.3052,1,475,872,719
1228623926,241861,-0.0303,-0.0107,1.0239,0.4272,0.1831,-0.3662,1,487,842,719
1228628923,241862,-0.0288,-0.0107,1.0249,0.4883,0.1831,-0.3662,1,490,853,719
1228633922,241863,-0.0298,-0.0107,1.0225,0.4272,0.2441,-0.3052,1,493,855,719
1228638922,241864,-0.0308,-0.0122,1.0215,0.4272,0.3052,-0.3662,1,466,876,719
1228643930,241865,-0.0312,-0.0117,1.0220,0.4272,0.2441,-0.3662,1,466,876,719
1228648927,241866,-0.0312,-0.0093,1.0234,0.3662,0.3052,-0.3052,1,466,907,719
1228653925,241867,-0.0312,-0.0093,1.0244,0.3662,0.3662,-0.2441,1,466,896,719
1228658926,241868,-0.0308,-0.0107,1.0244,0.2441,0.2441,-0.4272,1,466,909,719
1228663928,241869,-0.0308,-0.0112,1.0229,0.2441,0.3052,-0.3662,1,466,883,719
1228668923,241870,-0.0308,-0.0098,1.0220,0.2441,0.3662,-0.2441,1,483,879,719
1228673929,241871,-0.0308,-0.0098,1.0225,0.3052,0.3662,-0.3052,1,465,874,719
1228678928,241872,-0.0298,-0.0107,1.0229,0.2441,0.4272,-0.3662,1,484,854,719
1228683929,241873,-0.0303,-0.0107,1.0215,0.1831,0.3662,-0.3662,1,465,883,719
1228688934,241874,-0.0312,-0.0107,1.0210,0.1221,0.3052,-0.3052,1,468,920,719
1228693926,241875,-0.0317,-0.0103,1.0215,0.1831,0.3662,-0.3052,1,466,879,719
1228698924,241876,-0.0312,-0.0103,1.0225,0.2441,0.4272,-0.2441,1,497,874,719
1228703928,241877,-0.0312,-0.0093,1.0229,0.1221,0.4272,-0.3052,1,476,903,719
1228708927,241878,-0.0308,-0.0083,1.0220,0.1831,0.1831,-0.3052,1,495,823,719
1228713923,241879,-0.0303,-0.0098,1.0220,0.2441,0.2441,-0.3052,1,492,779,719
1228718924,241880,-0.0308,-0.0122,1.0200,0.2441,0.3052,-0.3052,1,499,824,719
1228723926,241881,-0.0303,-0.0117,1.0200,0.3052,0.1221,-0.4272,1,485,840,719
1228728929,241882,-0.0259,-0.0078,1.0249,0.3052,0.0000,-0.4272,1,490,841,719
1228733931,241883,-0.0254,-0.0107,1.0278,0.0610,0.3052,-0.4272,1,491,800,719
1228738931,241884,-0.0293,-0.0146,1.0239,0.4272,0.3052,-0.3052,1,474,846,719
1228743922,241885,-0.0317,-0.0117,1.0210,0.4272,0.2441,-0.4272,1,492,849,719
1228748926,241886,-0.0312,-0.0083,1.0210,0.1831,0.3662,-0.4272,1,466,880,719
1228753923,241887,-0.0303,-0.0088,1.0215,0.4272,0.1831,-0.3052,1,466,904,719
1228758931,241888,-0.0303,-0.0112,1.0220,0.4883,0.1221,-0.3052,1,466,871,719
1228763923,241889,-0.0312,-0.0107,1.0210,0.6104,0.1221,-0.3052,1,466,869,719
1228768927,241890,-0.0288,-0.0088,1.0234,0.4883,0.1221,-0.3052,1,466,892,719
1228773929,241891,-0.0269,-0.0093,1.0259,0.2441,0.4883,-0.4272,1,466,871,719
1228778924,241892,-0.0298,-0.0107,1.0239,0.3662,0.2441,-0.4272,1,466,876,719
1228783928,241893,-0.0327,-0.0117,1.0215,0.3052,0.0610,-0.3662,1,483,884,719
1228788924,241894,-0.0342,-0.0103,1.0200,0.4272,0.2441,-0.3052,1,465,864,719
1228793930,241895,-0.0337,-0.0083,1.0200,0.3052,0.0610,-0.3052,1,484,863,719
1228798929,241896,-0.0308,-0.0083,1.0225,0.1831,0.0610,-0.3052,1,466,892,719
1228803954,241897,-0.0298,-0.0093,1.0244,0.3662,0.0610,-0.3052,1,479,859,719
1228808926,241898,-0.0303,-0.0103,1.0234,0.3052,0.0610,-0.3052,1,475,861,719
1228813925,241899,-0.0308,-0.0112,1.0225,0.2441,0.0000,-0.3052,1,482,855,719
1228818922,241900,-0.0303,-0.0112,1.0220,0.2441,0.0610,-0.2441,1,505,730,719
1228823922,241901,-0.0308,-0.0103,1.0225,0.1831,0.1221,-0.2441,1,509,860,719
1228828929,241902,-0.0317,-0.0098,1.0229,0.2441,0.1221,-0.3662,1,483,836,719
1228833923,241903,-0.0317,-0.0088,1.0225,0.1221,0.0610,-0.3662,1,496,831,719
1228838931,241904,-0.0312,-0.0088,1.0220,0.3052,-0.0610,-0.1831,1,488,843,719
1228843928,241905,-0.0303,-0.0098,1.0225,0.1221,-0.1831,-0.3052,1,486,867,719
1228848929,241906,-0.0288,-0.0107,1.0229,0.0610,-0.0610,-0.2441,1,474,837,719
1228853929,241907,-0.0283,-0.0107,1.0234,0.1831,0.1831,-0.3052,1,472,852,719
1228858922,241908,-0.0303,-0.0093,1.0220,0.3052,0.2441,-0.2441,1,493,854,719
1228863927,241909,-0.0312,-0.0083,1.0215,0.1831,0.0000,-0.3052,1,466,870,719
1228868927,241910,-0.0312,-0.0103,1.0225,0.2441,0.1831,-0.3662,1,466,853,719
1228873927,241911,-0.0312,-0.0112,1.0225,0.2441,0.0610,-0.2441,1,466,905,719
1228878927,241912,-0.0308,-0.0098,1.0215,0.2441,-0.0610,-0.2441,1,466,906,719
1228883930,241913,-0.0312,-0.0088,1.0210,0.2441,0.0000,-0.3052,1,466,874,719
1228888926,241914,-0.0317,-0.0103,1.0200,0.2441,-0.1221,-0.4883,1,466,850,719
1228893929,241915,-0.0317,-0.0117,1.0205,0.3052,-0.1221,-0.4272,1,466,873,719
1228898925,241916,-0.0308,-0.0107,1.0220,0.5493,-0.1221,-0.3662,1,483,876,719
1228903923,241917,-0.0303,-0.0083,1.0215,0.4883,-0.1221,-0.4272,1,476,865,719
1228908930,241918,-0.0312,-0.0073,1.0205,0.3052,-0.1831,-0.3052,1,465,871,719
1228913933,241919,-0.0312,-0.0088,1.0220,0.3052,-0.3052,-0.3662,1,473,898,719
1228918954,241920,-0.0293,-0.0098,1.0239,0.2441,-0.1831,-0.3052,1,474,951,719
1228923926,241921,-0.0288,-0.0078,1.0239,0.2441,-0.0610,-0.3052,1,474,864,719
1228928924,241922,-0.0278,-0.0098,1.0244,0.3052,-0.0610,-0.2441,1,480,873,719
1228933924,241923,-0.0283,-0.0117,1.0244,0.3662,-0.1221,-0.3052,1,506,871,719
1228938927,241924,-0.0288,-0.0103,1.0234,0.2441,-0.1221,-0.1831,1,466,840,719
1228943924,241925,-0.0283,-0.0083,1.0234,0.1831,-0.0610,-0.1831,1,493,834,719
1228948925,241926,-0.0283,-0.0083,1.0229,0.1221,-0.0610,-0.2441,1,502,836,719
1228953922,241927,-0.0288,-0.0093,1.0229,0.0000,-0.0610,-0.2441,1,478,850,719
1228958924,241928,-0.0298,-0.0107,1.0229,0.1221,0.0000,-0.2441,1,484,805,719
1228963925,241929,-0.0303,-0.0122,1.0229,0.1831,-0.0610,-0.2441,1,487,803,719
1228968926,241930,-0.0303,-0.0117,1.0229,0.3662,-0.2441,-0.2441,1,488,852,719
1228973923,241931,-0.0298,-0.0103,1.0229,0.4272,-0.2441,-0.2441,1,493,856,719
1228978926,241932,-0.0293,-0.0093,1.0234,0.3052,-0.1221,-0.2441,1,466,882,719
1228983928,241933,-0.0293,-0.0093,1.0239,0.3052,-0.1831,-0.2441,1,465,872,719
1228988923,241934,-0.0303,-0.0103,1.0239,0.3052,-0.1221,-0.3052,1,466,878,719
1228993924,241935,-0.0303,-0.0093,1.0244,0.3662,-0.1221,-0.4272,1,466,866,719
1228998923,241936,-0.0288,-0.0073,1.0239,0.3662,-0.1831,-0.3662,1,466,873,719
1229003923,241937,-0.0273,-0.0068,1.0239,0.2441,-0.0610,-0.3052,1,465,887,719
1229008922,241938,-0.0278,-0.0073,1.0244,0.3052,0.0610,-0.3662,1,466,876,719
1229013922,241939,-0.0293,-0.0078,1.0234,0.3052,0.1221,-0.3052,1,465,878,719
1229018931,241940,-0.0317,-0.0083,1.0220,0.1831,-0.1221,-0.2441,1,479,856,719
1229023931,241941,-0.0317,-0.0088,1.0220,0.2441,-0.1221,-0.2441,1,484,868,719
1229028924,241942,-0.0293,-0.0088,1.0225,0.2441,0.0000,-0.1221,1,470,904,719
1229033924,241943,-0.0288,-0.0088,1.0234,0.1831,0.0610,-0.1221,1,478,823,719
1229038927,241944,-0.0283,-0.0093,1.0244,0.2441,0.1221,-0.2441,1,474,863,719
1229043922,241945,-0.0288,-0.0103,1.0249,0.2441,0.1221,-0.2441,1,481,875,719
1229048923,241946,-0.0288,-0.0103,1.0254,0.1831,0.3052,-0.1221,1,507,877,719
1229053924,241947,-0.0283,-0.0103,1.0249,0.1831,0.3052,-0.1831,1,507,778,719
1229058928,241948,-0.0283,-0.0103,1.0239,0.2441,0.3052,-0.1831,1,498,842,719
1229063928,241949,-0.0288,-0.0103,1.0229,0.3052,0.3662,-0.1831,1,508,833,719
1229068922,241950,-0.0308,-0.0107,1.0215,0.2441,0.4272,-0.1831,1,475,851,719
1229073930,241951,-0.0317,-0.0112,1.0200,0.2441,0.3052,-0.1831,1,486,851,719
1229078929,241952,-0.0312,-0.0093,1.0190,0.3052,0.1831,-0.3662,1,484,852,719
1229083926,241953,-0.0303,-0.0088,1.0200,0.3052,0.2441,-0.1831,1,487,871,719
1229088926,241954,-0.0288,-0.0088,1.0220,0.3052,0.2441,-0.2441,1,493,841,719
1229093931,241955,-0.0273,-0.0083,1.0239,0.3052,0.1831,-0.2441,1,466,875,719
1229098928,241956,-0.0288,-0.0078,1.0234,0.3052,0.2441,-0.2441,1,466,879,719
1229103922,241957,-0.0312,-0.0088,1.0229,0.3662,0.2441,-0.1831,1,466,881,719
1229108928,241958,-0.0312,-0.0088,1.0234,0.3052,0.1221,-0.1221,1,466,907,719
1229113924,241959,-0.0293,-0.0093,1.0229,0.3052,0.1831,-0.3662,1,466,893,719
1229118922,241960,-0.0283,-0.0103,1.0229,0.3662,0.2441,-0.1831,1,466,877,719
1229123927,241961,-0.0283,-0.0098,1.0220,0.3662,0.3052,-0.2441,1,483,885,719
1229128926,241962,-0.0288,-0.0088,1.0210,0.2441,0.2441,-0.3052,1,466,864,719
1229133925,241963,-0.0293,-0.0088,1.0215,0.1831,0.1831,-0.1831,1,485,863,719
1229138923,241964,-0.0293,-0.0088,1.0220,0.3052,0.0610,-0.1831,1,465,905,719
1229143954,241965,-0.0283,-0.0083,1.0220,0.3052,0.1831,-0.3052,1,482,860,719
1229148924,241966,-0.0288,-0.0068,1.0229,0.3662,0.1831,-0.2441,1,475,862,719
1229153925,241967,-0.0303,-0.0078,1.0234,0.2441,0.1831,-0.2441,1,507,874,719
1229158929,241968,-0.0308,-0.0098,1.0225,0.2441,0.1221,-0.3052,1,465,860,719
1229163925,241969,-0.0308,-0.0098,1.0210,0.3052,0.1221,-0.2441,1,503,775,719
1229168927,241970,-0.0303,-0.0083,1.0205,0.3052,0.0610,-0.2441,1,482,817,719
1229173929,241971,-0.0288,-0.0083,1.0220,0.2441,0.0000,-0.1831,1,496,823,719
1229178928,241972,-0.0293,-0.0073,1.0220,0.2441,0.1831,-0.2441,1,479,807,719
1229183928,241973,-0.0293,-0.0068,1.0215,0.2441,0.0610,-0.1831,1,488,853,719
1229188927,241974,-0.0293,-0.0073,1.0210,0.1221,0.1831,-0.2441,1,483,848,719
1229193923,241975,-0.0303,-0.0078,1.0200,0.0000,-0.1831,-0.2441,1,488,845,719
1229198926,241976,-0.0269,-0.0098,1.0229,0.0610,-0.3662,-0.1221,1,489,801,719
1229203923,241977,-0.0254,-0.0088,1.0249,0.3662,0.1831,-0.1831,1,493,843,719
1229208923,241978,-0.0278,-0.0068,1.0234,0.2441,0.1831,-0.2441,1,466,879,719
1229213927,241979,-0.0288,-0.0073,1.0234,0.0610,0.1221,-0.1831,1,465,887,719
1229218924,241980,-0.0303,-0.0088,1.0225,0.1221,0.2441,-0.2441,1,465,878,719
1229223923,241981,-0.0293,-0.0088,1.0225,0.2441,0.1831,-0.1831,1,466,873,719
1229228941,241982,-0.0283,-0.0083,1.0225,0.0610,0.3662,-0.2441,1,466,878,719
1229233924,241983,-0.0288,-0.0078,1.0229,0.0610,0.3052,-0.2441,1,465,881,719
1229238923,241984,-0.0298,-0.0078,1.0249,-0.1221,0.3052,-0.1221,1,484,877,719
1229243930,241985,-0.0293,-0.0073,1.0259,-0.1221,0.3662,-0.1831,1,475,857,719
1229248923,241986,-0.0293,-0.0083,1.0249,-0.1221,0.4272,-0.2441,1,483,819,719
1229253922,241987,-0.0298,-0.0093,1.0220,0.0000,0.3052,-0.1831,1,482,907,719
1229258957,241988,-0.0293,-0.0098,1.0195,-0.0610,0.3052,-0.1221,1,466,814,719
1229263928,241989,-0.0303,-0.0103,1.0195,0.0000,0.1221,-0.3052,1,475,856,719
1229268930,241990,-0.0308,-0.0098,1.0200,0.0610,0.1221,-0.1831,1,480,700,719
1229273930,241991,-0.0288,-0.0083,1.0210,-0.0610,0.2441,-0.2441,1,507,864,719
1229278929,241992,-0.0283,-0.0078,1.0220,0.1221,0.2441,-0.2441,1,465,757,719
1229283927,241993,-0.0293,-0.0073,1.0225,0.0000,0.1221,-0.2441,1,506,811,719
1229288925,241994,-0.0308,-0.0078,1.0225,-0.0610,0.0610,-0.3052,1,489,781,719
1229293927,241995,-0.0303,-0.0088,1.0215,-0.0610,0.0000,-0.1831,1,478,837,719
1229298927,241996,-0.0283,-0.0088,1.0225,0.0000,0.1831,-0.2441,1,483,796,719
1229303924,241997,-0.0278,-0.0083,1.0234,-0.1221,0.0610,-0.2441,1,490,803,719
1229308928,241998,-0.0288,-0.0073,1.0229,-0.0610,-0.0610,-0.1831,1,493,850,719
1229313928,241999,-0.0298,-0.0073,1.0220,0.0000,0.0610,-0.3052,1,466,851,719
1229318931,242000,-0.0298,-0.0083,1.0215,0.1221,0.0000,-0.2441,1,466,824,719
1229323929,242001,-0.0293,-0.0088,1.0210,0.0610,0.0000,-0.1831,1,466,829,719
1229328928,242002,-0.0278,-0.0083,1.0210,0.0000,0.0610,-0.2441,1,466,826,719
1229333930,242003,-0.0278,-0.0083,1.0215,0.0000,0.0610,-0.3052,1,466,830,719
1229338929,242004,-0.0283,-0.0078,1.0234,0.0610,0.1221,-0.3052,1,466,827,719
1229343928,242005,-0.0288,-0.0078,1.0244,0.1221,0.2441,-0.1831,1,466,872,719
1229348922,242006,-0.0288,-0.0078,1.0239,0.0000,0.1831,-0.2441,1,465,881,719
1229353931,242007,-0.0293,-0.0088,1.0229,0.0610,0.0610,-0.3052,1,484,828,719
1229358923,242008,-0.0283,-0.0098,1.0229,0.0610,0.0610,-0.1831,1,465,896,719
1229363933,242009,-0.0278,-0.0103,1.0239,0.1831,0.0610,-0.1221,1,479,931,719
1229368923,242010,-0.0288,-0.0098,1.0229,0.1221,0.1221,-0.3052,1,472,865,719
1229373926,242011,-0.0298,-0.0107,1.0215,0.1221,-0.0610,-0.1831,1,508,866,719
1229378927,242012,-0.0298,-0.0107,1.0205,0.2441,0.0610,-0.2441,1,487,871,719
1229383924,242013,-0.0293,-0.0093,1.0210,0.1831,0.0610,-0.2441,1,510,858,719
1229388925,242014,-0.0293,-0.0078,1.0229,0.0000,-0.0610,-0.1831,1,481,835,719
1229393924,242015,-0.0298,-0.0078,1.0229,0.0000,0.0610,-0.1831,1,490,784,719
1229398922,242016,-0.0303,-0.0068,1.0215,-0.0610,0.1221,-0.3052,1,480,823,719
1229403922,242017,-0.0293,-0.0059,1.0215,0.0000,0.0000,-0.2441,1,486,835,719
1229408929,242018,-0.0283,-0.0078,1.0225,0.0000,-0.1221,-0.2441,1,473,751,719
1229413930,242019,-0.0278,-0.0088,1.0229,0.0000,0.0000,-0.3052,1,491,802,719
1229418923,242020,-0.0273,-0.0078,1.0225,0.0000,0.0610,-0.2441,1,484,754,719
1229423922,242021,-0.0278,-0.0078,1.0210,0.1831,0.1221,-0.3662,1,466,803,719
1229428927,242022,-0.0298,-0.0093,1.0195,0.1221,-0.0610,-0.3052,1,466,875,719
1229433929,242023,-0.0303,-0.0093,1.0195,0.1831,-0.1831,-0.3662,1,466,868,719
1229438929,242024,-0.0288,-0.0083,1.0205,0.1831,-0.1221,-0.3662,1,466,878,719
1229443930,242025,-0.0278,-0.0088,1.0215,0.3662,-0.1831,-0.3662,1,466,880,719
1229448924,242026,-0.0283,-0.0083,1.0215,0.4272,-0.1831,-0.4883,1,465,882,719
1229453923,242027,-0.0288,-0.0073,1.0220,0.3052,-0.1221,-0.4272,1,465,882,719
1229458926,242028,-0.0283,-0.0078,1.0234,0.3052,-0.1831,-0.3052,1,465,873,719
1229463924,242029,-0.0269,-0.0083,1.0234,0.4272,-0.1221,-0.3662,1,477,864,719
1229468925,242030,-0.0264,-0.0093,1.0229,0.3662,-0.0610,-0.4272,1,465,829,719
1229473923,242031,-0.0273,-0.0093,1.0225,0.3662,0.0610,-0.3662,1,480,903,719
1229478929,242032,-0.0278,-0.0083,1.0220,0.4883,-0.0610,-0.5493,1,465,864,719
1229483926,242033,-0.0278,-0.0078,1.0229,0.4272,-0.1831,-0.5493,1,473,867,719
1229488929,242034,-0.0273,-0.0078,1.0249,0.4272,-0.2441,-0.4272,1,504,883,719
1229493923,242035,-0.0269,-0.0068,1.0254,0.3662,-0.1221,-0.3662,1,481,864,719
1229498930,242036,-0.0278,-0.0063,1.0234,0.3052,-0.0610,-0.3662,1,509,781,719
1229503922,242037,-0.0303,-0.0068,1.0220,0.3052,-0.0610,-0.4272,1,498,839,719
1229508931,242038,-0.0317,-0.0083,1.0200,0.3052,-0.1831,-0.3662,1,481,839,719
1229513922,242039,-0.0317,-0.0098,1.0186,0.4272,-0.3662,-0.3662,1,481,850,719
1229518929,242040,-0.0293,-0.0098,1.0195,0.4272,-0.3662,-0.4272,1,475,850,719
1229523928,242041,-0.0264,-0.0093,1.0225,0.3662,-0.2441,-0.4272,1,489,850,719
1229528929,242042,-0.0254,-0.0088,1.0244,0.3052,-0.2441,-0.4272,1,469,849,719
1229533929,242043,-0.0254,-0.0078,1.0239,0.3052,-0.1831,-0.4272,1,493,846,719
1229538926,242044,-0.0259,-0.0078,1.0225,0.4272,-0.2441,-0.4883,1,466,877,719
1229543930,242045,-0.0259,-0.0083,1.0234,0.3662,-0.3052,-0.4272,1,465,879,719
1229548925,242046,-0.0269,-0.0078,1.0254,0.3662,-0.1831,-0.4272,1,466,878,719
1229553927,242047,-0.0254,-0.0073,1.0249,0.3662,-0.1221,-0.3052,1,466,880,719
1229558923,242048,-0.0259,-0.0068,1.0229,0.3052,-0.0610,-0.3052,1,466,874,719
1229563922,242049,-0.0273,-0.0063,1.0210,0.4272,-0.2441,-0.3052,1,466,869,719
1229568925,242050,-0.0273,-0.0068,1.0210,0.4272,-0.2441,-0.4272,1,466,875,719
1229573930,242051,-0.0278,-0.0083,1.0220,0.3052,-0.1221,-0.3662,1,480,869,719
1229578922,242052,-0.0273,-0.0083,1.0225,0.3052,-0.1831,-0.3662,1,466,873,719
1229583937,242053,-0.0269,-0.0083,1.0244,0.4272,-0.1831,-0.3662,1,470,919,719
1229588954,242054,-0.0264,-0.0083,1.0264,0.3662,-0.2441,-0.3662,1,478,872,719
1229593928,242055,-0.0264,-0.0063,1.0264,0.3052,-0.1831,-0.4272,1,466,870,719
1229598928,242056,-0.0273,-0.0054,1.0249,0.2441,-0.1221,-0.3052,1,470,871,719
1229603927,242057,-0.0278,-0.0063,1.0234,0.1831,-0.0610,-0.3662,1,495,745,719
1229608922,242058,-0.0278,-0.0073,1.0229,0.1831,-0.1831,-0.3052,1,471,844,719
1229613930,242059,-0.0264,-0.0078,1.0234,0.2441,-0.1831,-0.3662,1,509,805,719
1229618926,242060,-0.0254,-0.0083,1.0244,0.1221,-0.0610,-0.3662,1,492,836,719
1229623928,242061,-0.0259,-0.0088,1.0249,0.1221,-0.0610,-0.3662,1,473,846,719
1229628924,242062,-0.0259,-0.0083,1.0254,0.2441,0.0000,-0.3662,1,476,844,719
1229633926,242063,-0.0259,-0.0083,1.0244,0.1831,0.0610,-0.3662,1,489,803,719
1229638930,242064,-0.0269,-0.0078,1.0220,0.1831,0.1831,-0.3662,1,488,852,719
1229643928,242065,-0.0273,-0.0068,1.0210,0.1831,0.0610,-0.3662,1,493,851,719
1229648930,242066,-0.0269,-0.0073,1.0215,0.0610,0.0000,-0.3052,1,466,876,719
1229653922,242067,-0.0259,-0.0083,1.0225,0.0610,0.2441,-0.4272,1,466,824,719
1229658922,242068,-0.0249,-0.0073,1.0229,0.0000,0.1221,-0.4272,1,465,878,719
1229663923,242069,-0.0254,-0.0063,1.0234,0.0610,0.1221,-0.3052,1,466,833,719
1229668923,242070,-0.0264,-0.0068,1.0225,0.1221,0.3052,-0.3052,1,466,868,719
1229673924,242071,-0.0269,-0.0078,1.0205,0.1221,0.1831,-0.3052,1,466,865,719
1229678926,242072,-0.0264,-0.0083,1.0200,0.1221,0.1221,-0.2441,1,465,871,719
1229683926,242073,-0.0264,-0.0078,1.0210,0.1221,0.3052,-0.3052,1,475,860,719
1229688926,242074,-0.0278,-0.0073,1.0225,0.0000,0.3662,-0.3662,1,465,861,719
1229693923,242075,-0.0273,-0.0073,1.0234,0.1221,0.1831,-0.2441,1,479,824,719
1229698949,242076,-0.0254,-0.0083,1.0229,-0.0610,0.3662,-0.3662,1,482,870,719
1229703926,242077,-0.0254,-0.0083,1.0229,-0.1221,0.3662,-0.3052,1,483,866,719
1229708928,242078,-0.0269,-0.0078,1.0234,-0.1221,0.3662,-0.1831,1,465,871,719
1229713928,242079,-0.0273,-0.0083,1.0244,-0.0610,0.4883,-0.0610,1,505,875,719
1229718925,242080,-0.0278,-0.0088,1.0249,-0.1221,0.4272,-0.2441,1,466,753,719
1229723922,242081,-0.0283,-0.0088,1.0244,-0.0610,0.3052,-0.3052,1,494,840,719
1229728931,242082,-0.0293,-0.0073,1.0220,0.0610,0.4272,-0.2441,1,488,822,719
1229733923,242083,-0.0288,-0.0063,1.0210,0.0000,0.4272,-0.3052,1,485,847,719
1229738922,242084,-0.0278,-0.0063,1.0220,-0.0610,0.3052,-0.3052,1,478,798,719
1229743926,242085,-0.0283,-0.0068,1.0234,0.0000,0.4883,-0.2441,1,488,840,719
1229748930,242086,-0.0288,-0.0068,1.0244,0.0000,0.4272,-0.2441,1,486,806,719
1229753929,242087,-0.0278,-0.0063,1.0239,0.0610,0.3052,-0.3662,1,492,808,719
1229758925,242088,-0.0264,-0.0063,1.0229,-0.0610,0.3662,-0.3052,1,466,875,719
1229763928,242089,-0.0249,-0.0073,1.0220,0.0000,0.4272,-0.3662,1,466,873,719
1229768928,242090,-0.0249,-0.0088,1.0215,0.0000,0.4883,-0.3052,1,466,835,719
1229773926,242091,-0.0254,-0.0103,1.0220,-0.1221,0.5493,-0.4272,1,466,825,719
1229778948,242092,-0.0259,-0.0093,1.0239,-0.0610,0.5493,-0.2441,1,466,875,719
1229783925,242093,-0.0278,-0.0068,1.0249,0.0610,0.4272,-0.1831,1,466,878,719
1229788923,242094,-0.0293,-0.0059,1.0244,0.0000,0.3052,-0.2441,1,483,881,719
1229793923,242095,-0.0283,-0.0063,1.0239,0.0610,0.4883,-0.1831,1,475,816,719
1229798930,242096,-0.0264,-0.0078,1.0234,-0.0610,0.5493,-0.1831,1,465,829,719
1229803930,242097,-0.0259,-0.0078,1.0234,-0.1221,0.4883,-0.2441,1,473,907,719
1229808953,242098,-0.0269,-0.0073,1.0244,-0.1831,0.6104,-0.3052,1,476,865,719
1229813930,242099,-0.0259,-0.0068,1.0244,-0.0610,0.4883,-0.1831,1,476,862,719
1229818927,242100,-0.0239,-0.0054,1.0229,-0.1831,0.6714,-0.1831,1,478,875,719
1229823926,242101,-0.0244,-0.0044,1.0225,-0.2441,0.7324,-0.2441,1,484,860,719
1229828926,242102,-0.0264,-0.0063,1.0239,-0.3662,0.6104,-0.1831,1,510,799,719
1229833926,242103,-0.0273,-0.0078,1.0244,-0.3662,0.6714,-0.3052,1,498,839,719
1229838926,242104,-0.0273,-0.0078,1.0244,-0.1221,0.6714,-0.2441,1,506,829,719
1229843930,242105,-0.0269,-0.0083,1.0244,-0.3052,0.7935,-0.1831,1,473,847,719
1229848924,242106,-0.0273,-0.0083,1.0249,-0.2441,0.7324,-0.1221,1,478,868,719
1229853926,242107,-0.0273,-0.0073,1.0239,-0.1221,0.7324,-0.1831,1,482,853,719
1229858928,242108,-0.0283,-0.0068,1.0234,-0.1831,0.7324,-0.0610,1,486,852,719
1229863923,242109,-0.0298,-0.0078,1.0229,-0.3052,0.7935,-0.1831,1,493,853,719
1229868928,242110,-0.0293,-0.0083,1.0225,-0.3052,0.6714,-0.1831,1,466,875,719
1229873922,242111,-0.0278,-0.0073,1.0215,-0.1831,0.6714,-0.1831,1,466,873,719
1229878926,242112,-0.0283,-0.0078,1.0215,-0.2441,0.6104,-0.2441,1,466,880,719
1229883924,242113,-0.0283,-0.0098,1.0229,-0.4883,0.6104,-0.1831,1,466,881,719
1229888948,242114,-0.0288,-0.0088,1.0234,-0.3052,0.5493,-0.1831,1,466,875,719
1229893927,242115,-0.0288,-0.0063,1.0220,-0.1221,0.6104,-0.0610,1,466,879,719
1229898926,242116,-0.0288,-0.0063,1.0205,-0.1831,0.4883,-0.2441,1,465,870,719
1229903930,242117,-0.0283,-0.0073,1.0190,-0.1831,0.3662,-0.1831,1,479,870,719
1229908925,242118,-0.0283,-0.0088,1.0195,-0.0610,0.3052,-0.1831,1,484,873,719
1229913925,242119,-0.0283,-0.0088,1.0205,0.0000,0.3662,-0.2441,1,482,902,719
1229918937,242120,-0.0278,-0.0093,1.0210,-0.0610,0.4272,-0.2441,1,466,822,719
1229923923,242121,-0.0288,-0.0098,1.0210,-0.0610,0.3052,-0.3662,1,475,872,719
1229928923,242122,-0.0303,-0.0083,1.0195,0.0000,0.3052,-0.3052,1,493,868,719
1229933930,242123,-0.0303,-0.0073,1.0186,-0.1831,0.1221,-0.3052,1,496,700,719
1229938923,242124,-0.0303,-0.0088,1.0195,0.0000,0.0000,-0.2441,1,492,746,719
1229943930,242125,-0.0288,-0.0103,1.0220,0.1831,0.1221,-0.1831,1,497,735,719
1229948924,242126,-0.0278,-0.0103,1.0234,0.1831,0.2441,-0.3052,1,478,849,719
1229953930,242127,-0.0269,-0.0098,1.0229,0.1831,0.1831,-0.3662,1,492,850,719
1229958922,242128,-0.0264,-0.0093,1.0225,0.2441,0.0610,-0.3052,1,483,872,719
1229963930,242129,-0.0273,-0.0088,1.0229,0.1831,0.0610,-0.3662,1,475,840,719
1229968924,242130,-0.0283,-0.0083,1.0229,0.2441,0.1221,-0.3662,1,492,849,719
1229973925,242131,-0.0288,-0.0078,1.0234,0.1831,0.1831,-0.3052,1,493,852,719
1229978927,242132,-0.0283,-0.0078,1.0239,0.2441,0.1221,-0.2441,1,466,880,719
1229983923,242133,-0.0278,-0.0083,1.0229,0.1221,0.0610,-0.1831,1,466,881,719
1229988930,242134,-0.0283,-0.0088,1.0220,0.0610,0.1221,-0.2441,1,466,878,719
1229993929,242135,-0.0273,-0.0093,1.0225,0.0000,0.1831,-0.3052,1,466,875,719
1229998945,242136,-0.0269,-0.0088,1.0244,0.1831,0.0610,-0.3662,1,466,826,719
1230003929,242137,-0.0273,-0.0078,1.0254,0.0610,0.1831,-0.2441,1,466,878,719
1230008927,242138,-0.0273,-0.0068,1.0244,0.0000,0.1831,-0.3052,1,484,878,719
1230013923,242139,-0.0259,-0.0063,1.0229,0.0000,0.0610,-0.2441,1,475,773,719
1230018926,242140,-0.0259,-0.0068,1.0220,0.0610,0.1221,-0.3052,1,465,872,719
1230023924,242141,-0.0269,-0.0088,1.0215,0.0000,0.2441,-0.2441,1,482,906,719
1230028948,242142,-0.0269,-0.0088,1.0220,0.0000,0.2441,-0.2441,1,467,820,719
1230033925,242143,-0.0269,-0.0078,1.0220,0.0610,0.1831,-0.3052,1,467,829,719
1230038927,242144,-0.0264,-0.0083,1.0210,0.2441,0.1831,-0.2441,1,495,868,719
1230043927,242145,-0.0264,-0.0078,1.0234,0.0610,0.1221,-0.3052,1,495,858,719
1230048925,242146,-0.0273,-0.0083,1.0259,0.1831,0.2441,-0.3052,1,470,775,719
1230053931,242147,-0.0278,-0.0088,1.0264,0.2441,0.3662,-0.1831,1,504,810,719
1230058925,242148,-0.0293,-0.0088,1.0244,0.1831,0.2441,-0.1831,1,479,852,719
1230063925,242149,-0.0288,-0.0088,1.0229,0.1831,0.1221,-0.3052,1,489,851,719
1230068930,242150,-0.0278,-0.0083,1.0225,0.1221,0.3052,-0.3052,1,474,845,719
1230073928,242151,-0.0278,-0.0083,1.0220,0.1831,0.4272,-0.3662,1,478,840,719
1230078925,242152,-0.0283,-0.0078,1.0215,0.3052,0.4272,-0.2441,1,481,856,719
1230083922,242153,-0.0278,-0.0073,1.0210,0.1831,0.4883,-0.3052,1,493,849,719
1230088924,242154,-0.0269,-0.0073,1.0220,0.1831,0.3662,-0.3052,1,466,872,719
1230093924,242155,-0.0259,-0.0068,1.0234,0.1831,0.3662,-0.3662,1,466,875,719
1230098923,242156,-0.0259,-0.0063,1.0254,0.1831,0.4883,-0.3052,1,466,882,719
1230103924,242157,-0.0269,-0.0068,1.0259,0.1221,0.4883,-0.1831,1,466,872,719
1230108935,242158,-0.0273,-0.0068,1.0254,0.1831,0.4883,-0.1831,1,466,873,719
1230113928,242159,-0.0269,-0.0068,1.0244,0.1831,0.4272,-0.2441,1,465,880,719
1230118927,242160,-0.0269,-0.0063,1.0244,0.1221,0.4883,-0.2441,1,483,881,719
1230123928,242161,-0.0259,-0.0068,1.0244,0.0610,0.6104,-0.1831,1,465,865,719
1230128924,242162,-0.0264,-0.0068,1.0234,0.1221,0.7324,-0.2441,1,484,864,719
1230133925,242163,-0.0273,-0.0073,1.0234,0.1831,0.5493,-0.2441,1,474,904,719
1230138945,242164,-0.0273,-0.0078,1.0244,0.0000,0.6714,-0.2441,1,477,874,719
1230143928,242165,-0.0264,-0.0088,1.0254,0.0000,0.8545,-0.2441,1,482,824,719
1230148927,242166,-0.0254,-0.0088,1.0259,0.0610,0.9766,-0.1831,1,503,825,719
1230153924,242167,-0.0254,-0.0068,1.0259,0.0610,0.9155,-0.1221,1,486,850,719
1230158931,242168,-0.0259,-0.0063,1.0249,0.0000,1.0986,-0.1831,1,510,790,719
1230163924,242169,-0.0259,-0.0068,1.0239,-0.0610,1.2207,-0.0610,1,482,788,719
1230168925,242170,-0.0264,-0.0073,1.0244,0.0000,1.3428,-0.1221,1,481,845,719
1230173929,242171,-0.0273,-0.0078,1.0259,-0.3052,1.4038,-0.1831,1,488,821,719
1230178922,242172,-0.0278,-0.0078,1.0254,-0.1831,1.2817,-0.0610,1,490,869,719
1230183928,242173,-0.0288,-0.0073,1.0234,-0.1221,1.4648,-0.0610,1,482,852,719
1230188931,242174,-0.0303,-0.0068,1.0215,-0.1831,1.5869,-0.0610,1,471,851,719
1230193924,242175,-0.0312,-0.0073,1.0215,-0.1831,1.3428,0.0610,1,489,848,719
1230198927,242176,-0.0303,-0.0078,1.0215,-0.2441,1.4038,0.0000,1,466,873,719
1230203923,242177,-0.0298,-0.0078,1.0205,-0.2441,1.3428,-0.1831,1,466,829,719
1230208924,242178,-0.0312,-0.0088,1.0176,-0.1221,1.4038,-0.1221,1,466,880,719
1230213929,242179,-0.0337,-0.0093,1.0151,-0.1221,1.0986,-0.0610,1,466,895,719
1230218942,242180,-0.0337,-0.0103,1.0151,-0.0610,0.7324,-0.0610,1,466,872,719
1230223929,242181,-0.0317,-0.0098,1.0166,0.0610,0.6714,-0.1221,1,466,876,719
1230228924,242182,-0.0298,-0.0078,1.0190,0.0610,0.5493,-0.1831,1,483,871,719
1230233923,242183,-0.0283,-0.0059,1.0210,-0.0610,0.5493,-0.1831,1,467,866,719
1230238925,242184,-0.0283,-0.0059,1.0225,0.0000,0.5493,-0.2441,1,484,863,719
1230243930,242185,-0.0303,-0.0063,1.0225,-0.0610,0.3052,-0.1831,1,473,820,719
1230248944,242186,-0.0308,-0.0078,1.0220,-0.1221,0.3052,-0.1831,1,470,860,719
1230253925,242187,-0.0283,-0.0103,1.0225,0.0000,0.4883,-0.1221,1,479,859,719
1230258931,242188,-0.0269,-0.0103,1.0229,-0.1221,0.4883,-0.2441,1,502,823,719
1230263930,242189,-0.0269,-0.0078,1.0229,0.0610,0.3662,-0.1221,1,475,856,719
1230268930,242190,-0.0288,-0.0083,1.0225,0.1221,0.5493,-0.0610,1,501,748,719
1230273922,242191,-0.0308,-0.0103,1.0205,0.2441,0.4272,-0.0610,1,487,838,719
1230278931,242192,-0.0308,-0.0103,1.0186,0.1831,0.4883,-0.1221,1,486,827,719
1230283928,242193,-0.0293,-0.0098,1.0195,0.1221,0.4883,-0.2441,1,483,841,719
1230288925,242194,-0.0278,-0.0098,1.0220,0.1831,0.4272,-0.1831,1,484,844,719
1230293923,242195,-0.0288,-0.0088,1.0229,0.2441,0.3662,-0.1831,1,491,851,719
1230298929,242196,-0.0288,-0.0088,1.0229,0.1831,0.3052,-0.1831,1,478,854,719
1230303926,242197,-0.0298,-0.0088,1.0225,0.2441,0.4883,-0.1221,1,491,850,719
1230308923,242198,-0.0308,-0.0078,1.0234,0.2441,0.4272,-0.2441,1,466,842,719
1230313929,242199,-0.0303,-0.0073,1.0249,0.0610,0.4272,-0.2441,1,466,879,719
1230318923,242200,-0.0288,-0.0088,1.0254,0.0610,0.4272,-0.2441,1,466,877,719
1230323931,242201,-0.0278,-0.0098,1.0244,0.1831,0.5493,-0.3052,1,466,879,719
1230328928,242202,-0.0288,-0.0073,1.0229,0.0610,0.5493,-0.0610,1,466,878,719
1230333927,242203,-0.0298,-0.0059,1.0210,-0.1221,0.5493,-0.1831,1,466,879,719
1230338925,242204,-0.0298,-0.0068,1.0200,0.0610,0.4883,-0.1831,1,484,869,719
1230343923,242205,-0.0298,-0.0078,1.0215,0.1221,0.4883,-0.2441,1,465,863,719
1230348923,242206,-0.0303,-0.0078,1.0220,0.0000,0.4272,-0.1831,1,484,863,719
1230353927,242207,-0.0293,-0.0083,1.0215,0.0000,0.6104,-0.1221,1,465,819,719
1230358928,242208,-0.0293,-0.0098,1.0220,0.0610,0.5493,-0.1831,1,476,813,719
1230363956,242209,-0.0298,-0.0103,1.0234,0.1221,0.6104,-0.1831,1,476,864,719
1230368924,242210,-0.0298,-0.0093,1.0234,0.0610,0.5493,-0.1221,1,469,870,719
1230373929,242211,-0.0298,-0.0093,1.0215,0.0610,0.4883,-0.1831,1,479,869,719
1230378927,242212,-0.0317,-0.0093,1.0181,0.1221,0.2441,-0.1831,1,496,851,719
1230383929,242213,-0.0303,-0.0088,1.0190,0.1221,-0.1221,-0.2441,1,472,751,719
1230388925,242214,-0.0259,-0.0083,1.0239,0.1221,0.4272,-0.1221,1,492,829,719
1230393922,242215,-0.0264,-0.0083,1.0234,0.1831,0.6104,-0.2441,1,474,844,719
1230398922,242216,-0.0293,-0.0098,1.0215,0.3052,0.4883,-0.2441,1,485,849,719
1230403929,242217,-0.0303,-0.0107,1.0215,0.3052,0.5493,-0.1221,1,472,842,719
1230408928,242218,-0.0303,-0.0093,1.0225,0.4272,0.4883,-0.2441,1,491,841,719
1230413925,242219,-0.0298,-0.0083,1.0225,0.4883,0.5493,-0.1831,1,473,845,719
1230418930,242220,-0.0298,-0.0073,1.0215,0.3662,0.4883,-0.1221,1,493,850,719
1230423925,242221,-0.0308,-0.0068,1.0210,0.4272,0.6714,-0.1831,1,466,845,719
1230428929,242222,-0.0303,-0.0068,1.0210,0.4272,0.6104,-0.1831,1,466,872,719
1230433929,242223,-0.0278,-0.0059,1.0210,0.4272,0.7324,-0.2441,1,466,871,719
1230438922,242224,-0.0259,-0.0054,1.0234,0.5493,0.7324,-0.1221,1,466,876,719
1230443946,242225,-0.0273,-0.0073,1.0244,0.4883,0.6714,-0.1831,1,466,876,719
1230448930,242226,-0.0298,-0.0093,1.0254,0.4883,0.7324,-0.1221,1,465,881,719
1230453926,242227,-0.0303,-0.0073,1.0269,0.6104,0.8545,-0.1831,1,483,870,719
1230458923,242228,-0.0288,-0.0059,1.0264,0.5493,1.0376,-0.2441,1,474,861,719
1230463925,242229,-0.0283,-0.0068,1.0239,0.4883,0.9766,-0.1831,1,465,875,719
1230468923,242230,-0.0288,-0.0073,1.0215,0.4883,1.0986,-0.1221,1,482,906,719
1230473941,242231,-0.0278,-0.0093,1.0234,0.6714,1.2817,-0.1831,1,467,865,719
1230478925,242232,-0.0283,-0.0112,1.0225,0.6714,1.4038,-0.2441,1,471,871,719
1230483926,242233,-0.0298,-0.0107,1.0210,0.7935,1.4038,-0.3052,1,508,879,719
1230488929,242234,-0.0283,-0.0073,1.0220,0.8545,1.5259,-0.2441,1,484,852,719
1230493929,242235,-0.0264,-0.0054,1.0254,0.7935,1.7090,-0.1831,1,499,859,719
1230498923,242236,-0.0259,-0.0044,1.0254,0.6714,2.0752,-0.2441,1,481,806,719
1230503927,242237,-0.0303,-0.0039,1.0210,0.6104,2.1973,-0.3052,1,508,824,719
1230508926,242238,-0.0366,-0.0049,1.0156,0.5493,2.0142,-0.2441,1,492,839,719
1230513922,242239,-0.0381,-0.0063,1.0156,0.4883,1.8921,-0.2441,1,478,872,719
1230518923,242240,-0.0347,-0.0083,1.0186,0.6104,1.5869,-0.0610,1,490,845,719
1230523927,242241,-0.0303,-0.0088,1.0215,0.6104,1.7090,-0.1221,1,485,844,719
1230528927,242242,-0.0298,-0.0068,1.0225,0.5493,1.8311,-0.1221,1,483,834,719
1230533928,242243,-0.0293,-0.0054,1.0239,0.4883,1.6479,-0.1221,1,493,843,719
1230538922,242244,-0.0293,-0.0029,1.0259,0.4883,1.7090,-0.1221,1,466,874,719
1230543930,242245,-0.0298,-0.0068,1.0264,0.3662,1.7700,-0.1831,1,466,868,719
1230548930,242246,-0.0288,-0.0093,1.0259,0.3052,2.0752,-0.2441,1,466,878,719
1230553930,242247,-0.0312,-0.0054,1.0244,0.4883,2.4414,-0.2441,1,466,874,719
1230558926,242248,-0.0342,-0.0073,1.0229,0.2441,2.0142,-0.2441,1,466,907,719
1230563925,242249,-0.0347,-0.0093,1.0210,0.4883,1.9531,-0.1831,1,484,881,719
1230568925,242250,-0.0269,-0.0093,1.0264,0.4883,1.6479,0.0000,1,465,874,719
1230573923,242251,-0.0205,-0.0063,1.0317,0.4272,2.9297,-0.1221,1,484,778,719
1230578922,242252,-0.0259,-0.0015,1.0293,0.3662,3.0518,-0.0610,1,465,904,719
1230583923,242253,-0.0293,-0.0034,1.0264,0.1221,3.1738,-0.1221,1,482,858,719
1230588939,242254,-0.0283,-0.0098,1.0229,0.4272,3.9673,-0.1831,1,481,862,719
1230593929,242255,-0.0308,-0.0137,1.0195,0.9155,4.6387,-0.1221,1,467,880,719
1230598925,242256,-0.0376,-0.0122,1.0186,0.8545,4.6387,-0.2441,1,497,874,719
1230603922,242257,-0.0420,-0.0098,1.0166,0.8545,4.0894,-0.1221,1,482,860,719
1230608928,242258,-0.0464,-0.0073,1.0137,1.0376,4.0283,-0.3052,1,478,804,719
1230613925,242259,-0.0464,-0.0059,1.0117,0.9155,3.2959,-0.4272,1,506,834,719
1230618927,242260,-0.0420,-0.0034,1.0142,1.0376,3.5400,-0.4883,1,476,848,719
1230623928,242261,-0.0396,-0.0020,1.0181,1.0376,3.7842,-0.4883,1,473,844,719
1230628924,242262,-0.0386,-0.0073,1.0190,1.0376,3.8452,-0.4883,1,481,867,719
1230633927,242263,-0.0386,-0.0132,1.0190,1.5259,4.5166,-0.6714,1,490,849,719
1230638930,242264,-0.0366,-0.0137,1.0239,1.8921,4.9438,-0.8545,1,491,851,719
1230643922,242265,-0.0371,-0.0142,1.0249,2.0142,5.8594,-1.0986,1,492,854,719
1230648925,242266,-0.0449,-0.0137,1.0195,2.5024,6.2256,-1.2817,1,466,883,719
1230653923,242267,-0.0527,-0.0132,1.0137,2.6855,5.6763,-1.5259,1,466,886,719
1230658930,242268,-0.0566,-0.0156,1.0054,3.1128,5.9204,-1.5869,1,465,886,719
1230663930,242269,-0.0562,-0.0103,0.9976,3.7842,5.9204,-1.7700,1,466,885,719
1230668947,242270,-0.0537,-0.0054,0.9912,3.9673,7.3853,-2.5024,1,466,877,719
1230673928,242271,-0.0493,-0.0005,0.9873,4.0894,9.8877,-2.5635,1,466,882,719
1230678927,242272,-0.0425,0.0107,0.9971,4.6387,12.3901,-3.6621,1,484,905,719
1230683928,242273,-0.0454,0.0049,1.0127,4.5166,13.9160,-5.5542,1,478,899,719
1230688928,242274,-0.0542,-0.0034,1.0229,5.1270,13.6108,-6.4697,1,465,841,719
1230693928,242275,-0.1074,0.0010,1.0127,5.1880,13.3057,-7.8125,1,482,902,719
1230698936,242276,-0.2271,0.0308,0.9678,2.6245,5.8594,-7.3853,1,466,881,719
1230703928,242277,-0.2920,0.1021,0.9521,-1.8921,-11.0474,-5.9814,1,481,877,719
1230708925,242278,-0.2412,0.1885,1.0010,-6.3477,-21.7285,-8.7280,1,493,889,719
1230713927,242279,-0.1748,0.2534,1.0508,-11.6577,-26.1841,-14.0381,1,498,900,719
1230718928,242280,-0.1763,0.2920,1.0566,-17.1509,-30.3955,-20.1416,1,497,936,719
1230723929,242281,-0.2515,0.3423,1.0312,-21.9116,-37.2314,-27.8320,1,509,909,719
1230728926,242282,-0.3188,0.4399,1.0459,-30.3345,-48.6450,-37.1094,1,492,884,719
1230733926,242283,-0.3608,0.5557,1.1177,-41.3208,-53.7720,-50.9033,1,482,904,719
1230738924,242284,-0.5156,0.7725,1.2036,-52.6123,-56.3354,-68.7866,1,488,908,719
1230743926,242285,-0.6851,1.0635,1.2861,-79.2847,-69.8242,-86.1816,1,480,937,719
1230748923,242286,-0.6655,1.2192,1.3442,-105.4077,-72.8149,-106.0181,1,481,903,719
1230753929,242287,-0.5601,1.2153,1.3604,-120.1782,-64.3921,-125.9155,1,493,920,719
1230758925,242288,-0.5371,1.1880,1.3740,-118.9575,-49.2554,-146.8506,1,466,941,719
1230763923,242289,-0.5879,1.2246,1.4092,-112.4878,-35.1562,-165.2832,1,466,951,719
1230768922,242290,-0.6958,1.2236,1.4292,-108.7036,-16.9678,-181.7016,1,466,980,719
1230773925,242291,-0.8560,0.9976,1.5425,-95.7642,0.3052,-194.0918,1,466,948,719
1230778927,242292,-0.9019,0.7446,1.7607,-50.7812,5.1270,-198.0591,1,466,918,719
1230783927,242293,-0.8208,0.7173,1.8848,-13.4888,23.3154,-201.0498,1,483,924,719
1230788924,242294,-0.7881,0.7930,1.8335,1.2207,48.0957,-201.9043,1,465,943,719
1230793923,242295,-0.8218,0.8872,1.6548,16.3574,64.8193,-200.3174,1,484,907,719
1230798922,242296,-0.8394,0.9795,1.4287,25.2686,76.3550,-200.0122,1,473,876,719
1230803927,242297,-0.8320,1.0376,1.2197,25.3296,87.7685,-202.2705,1,477,932,719
1230808922,242298,-0.8257,1.0479,1.0591,25.4517,93.5059,-203.3081,1,473,999,719
1230813930,242299,-0.8125,1.0234,0.9614,24.9634,96.1914,-203.6133,1,505,920,719
1230818925,242300,-0.7881,0.9810,0.9277,24.4751,98.3276,-203.1250,1,477,933,719
1230823929,242301,-0.7583,0.9385,0.9331,26.1841,99.9145,-201.1719,1,507,938,719
1230828928,242302,-0.7266,0.9121,0.9512,28.4424,101.7456,-198.4863,1,482,925,719
1230833925,242303,-0.7012,0.9033,0.9688,30.6396,103.2104,-195.1294,1,475,857,719
1230838927,242304,-0.6709,0.8994,0.9824,32.2876,103.8818,-191.1011,1,483,870,719
1230843926,242305,-0.6333,0.8857,0.9878,33.2031,106.0791,-186.4014,1,488,911,719
1230848930,242306,-0.6089,0.8662,0.9810,34.1797,107.5439,-181.3354,1,473,907,719
1230853925,242307,-0.5972,0.8535,0.9731,34.9121,107.2388,-175.7812,1,477,933,719
1230858926,242308,-0.5811,0.8501,0.9878,34.5459,106.0791,-170.5322,1,474,919,719
1230863927,242309,-0.5479,0.8511,1.0322,33.5083,105.5908,-165.1611,1,493,900,719
1230868927,242310,-0.4990,0.8584,1.0913,32.5317,106.5063,-159.9731,1,466,944,719
1230873930,242311,-0.4478,0.8794,1.1494,30.9448,108.7036,-155.4565,1,465,942,719
1230878928,242312,-0.4053,0.9131,1.1997,28.5645,111.4502,-151.5503,1,466,947,719
1230883942,242313,-0.3711,0.9438,1.2446,25.7568,114.6851,-148.0103,1,466,936,719
1230888927,242314,-0.3389,0.9556,1.2871,23.4985,118.4082,-144.2871,1,466,942,719
1230893926,242315,-0.3091,0.9468,1.3198,23.3154,122.3144,-140.2588,1,483,948,719
1230898924,242316,-0.2920,0.9268,1.3359,25.3906,126.4038,-135.8643,1,468,944,719
1230903925,242317,-0.2935,0.9126,1.3369,29.7852,129.3945,-131.4697,1,484,946,719
1230908930,242318,-0.2935,0.9106,1.3423,35.0952,130.3711,-126.9531,1,474,932,719
1230913935,242319,-0.2847,0.9321,1.3447,41.6260,131.3477,-123.1689,1,473,935,719
1230918931,242320,-0.2710,0.9229,1.3711,45.4102,132.2632,-118.3472,1,474,989,719
1230923927,242321,-0.2466,0.8901,1.3921,55.7861,132.9346,-117.0654,1,504,926,719
1230928931,242322,-0.2178,0.8799,1.3711,60.8520,133.6060,-113.7695,1,469,943,719
1230933927,242323,-0.1987,0.8706,1.3506,66.6504,134.7656,-112.9150,1,493,940,719
1230938929,242324,-0.1880,0.8589,1.3525,69.7021,135.1929,-111.0229,1,487,807,719
1230943930,242325,-0.1616,0.8379,1.3955,73.6694,135.9253,-109.9853,1,480,873,719
1230948930,242326,-0.1187,0.8027,1.4673,74.6460,139.4043,-109.0698,1,486,915,719
1230953924,242327,-0.0806,0.7480,1.5376,76.8433,144.5312,-108.2764,1,476,905,719
1230958924,242328,-0.0557,0.6865,1.5752,79.8340,150.2686,-106.9336,1,482,939,719
1230963929,242329,-0.0381,0.6270,1.5728,83.1299,155.8228,-105.2856,1,490,903,719
1230968923,242330,-0.0229,0.5713,1.5400,86.3647,160.9497,-103.3325,1,493,911,719
1230973923,242331,-0.0054,0.5220,1.4824,89.9048,164.8559,-100.8301,1,466,948,719
1230978930,242332,0.0166,0.4814,1.4048,93.3838,166.9922,-98.2666,1,466,939,719
1230983930,242333,0.0410,0.4429,1.3262,95.5200,167.2973,-95.6421,1,466,943,719
1230988925,242334,0.0601,0.4092,1.2471,98.6328,167.9077,-95.1538,1,466,942,719
1230993927,242335,0.0674,0.3721,1.1821,94.8486,166.1987,-92.6514,1,465,936,719
1230998929,242336,0.0820,0.3223,1.1616,96.6797,162.1094,-90.5151,1,484,946,719
1231003929,242337,0.1196,0.2637,1.1719,99.2432,157.1655,-87.4023,1,465,941,719
1231008922,242338,0.1714,0.2163,1.1792,100.7690,155.1514,-86.7920,1,484,941,719
1231013925,242339,0.2065,0.1880,1.1763,98.3276,154.6631,-87.0972,1,474,883,719
1231018935,242340,0.2217,0.1689,1.1772,97.7173,151.9165,-87.1582,1,476,932,719
1231023924,242341,0.2393,0.1636,1.1763,93.0786,150.3296,-88.0737,1,469,998,719
1231028924,242342,0.2593,0.1504,1.1719,86.4258,149.9634,-89.2334,1,479,925,719
1231033925,242343,0.2778,0.1167,1.1567,81.5430,149.5972,-89.8437,1,467,933,719
1231038925,242344,0.2861,0.0664,1.1250,77.0264,149.8413,-89.9048,1,510,942,719
1231043922,242345,0.2822,0.0088,1.0791,75.6226,148.6816,-88.5010,1,483,802,719
1231048924,242346,0.2793,-0.0396,1.0288,76.3550,146.1182,-86.2427,1,509,804,719
1231053929,242347,0.2837,-0.0684,0.9868,76.9043,143.7378,-83.8013,1,475,909,719
1231058930,242348,0.2974,-0.0747,0.9531,78.0640,140.8691,-81.0547,1,490,896,719
1231063925,242349,0.3208,-0.0620,0.9248,78.6743,137.8174,-78.4912,1,475,901,719
1231068930,242350,0.3462,-0.0410,0.8994,78.2471,135.5591,-76.7822,1,488,902,719
1231073925,242351,0.3662,-0.0200,0.8726,78.5522,132.2632,-75.2563,1,486,894,719
1231078927,242352,0.3823,-0.0010,0.8364,78.3081,128.6621,-75.0122,1,466,899,719
1231083926,242353,0.3926,0.0151,0.7871,77.8809,124.6948,-75.9888,1,466,921,719
1231088929,242354,0.3950,0.0308,0.7266,78.3691,119.2627,-77.3926,1,466,933,719
1231093929,242355,0.3872,0.0479,0.6665,78.7354,113.2202,-79.8340,1,466,928,719
1231098923,242356,0.3730,0.0669,0.6250,79.2236,105.5908,-82.8857,1,466,934,719
1231103924,242357,0.3628,0.0845,0.6084,79.6509,96.9238,-86.4868,1,466,937,719
1231108926,242358,0.3604,0.0957,0.6138,78.9185,89.1724,-91.2476,1,465,928,719
1231113927,242359,0.3633,0.0947,0.6411,78.6133,82.3975,-96.4355,1,484,927,719
1231118930,242360,0.3662,0.0815,0.6812,78.9795,76.9653,-101.6846,1,466,922,719
1231123925,242361,0.3604,0.0581,0.7231,79.5898,72.6929,-107.3608,1,472,881,719
1231128937,242362,0.3525,0.0288,0.7573,80.6274,68.4204,-112.7930,1,480,971,719
1231133926,242363,0.3496,-0.0005,0.7773,81.9702,64.6973,-117.8589,1,474,933,719
1231138925,242364,0.3433,-0.0312,0.7856,82.7637,61.9507,-122.8638,1,507,921,719
1231143928,242365,0.3271,-0.0747,0.7852,83.8013,58.6548,-127.4414,1,491,956,719
1231148924,242366,0.3130,-0.1318,0.7891,85.5713,54.3823,-131.5918,1,484,924,719
1231153929,242367,0.3140,-0.1943,0.8071,87.4634,50.2930,-135.4370,1,498,919,719
1231158925,242368,0.3359,-0.2544,0.8374,89.2944,46.5698,-139.2212,1,481,835,719
1231163927,242369,0.3799,-0.3125,0.8662,89.9658,43.7012,-142.4561,1,484,928,719
1231168927,242370,0.4238,-0.3789,0.8701,90.1489,42.6025,-145.3857,1,490,907,719
1231173922,242371,0.4395,-0.4570,0.8247,91.0034,40.1611,-147.2778,1,479,937,719
1231178925,242372,0.4297,-0.5337,0.7354,91.9189,35.4614,-148.3154,1,486,911,719
1231183928,242373,0.4146,-0.5928,0.6348,91.4307,28.4424,-148.6206,1,493,907,719
1231188927,242374,0.4189,-0.6309,0.5708,88.6230,19.9585,-148.0713,1,466,934,719
1231193923,242375,0.4526,-0.6616,0.5659,84.1064,11.5967,-147.2168,1,465,927,719
1231198928,242376,0.4907,-0.6890,0.5903,78.7964,5.1880,-146.3623,1,466,944,719
1231203933,242377,0.5054,-0.7090,0.5962,73.3643,-1.0376,-145.5688,1,465,917,719
1231208925,242378,0.4985,-0.7227,0.5708,67.8711,-9.4604,-144.8975,1,466,909,719
1231213928,242379,0.4912,-0.7271,0.5337,62.7441,-19.1650,-144.2871,1,483,915,719
1231218922,242380,0.5063,-0.7114,0.5127,56.8237,-29.6631,-144.0430,1,466,936,719
1231223922,242381,0.5596,-0.6841,0.5190,49.0723,-39.9170,-143.4937,1,483,939,719
1231228930,242382,0.6230,-0.6807,0.5518,40.8325,-47.0581,-143.0054,1,474,868,719
1231233922,242383,0.6753,-0.7305,0.6104,36.1328,-55.6030,-140.9912,1,469,960,719
1231238922,242384,0.7446,-0.7852,0.6958,36.3770,-64.9414,-136.7188,1,479,916,719
1231243928,242385,0.8408,-0.0308,0.3008,50.7812,-93.0786,-151.0010,1,476,1008,719
1231248923,242386,-0.8169,0.8867,-0.5376,-11.8408,-85.9985,-210.6933,1,474,922,719
1231253923,242387,-2.8770,0.1880,-0.6343,-154.1748,-166.6260,-191.9556,1,502,947,719
1231258926,242388,-2.4990,-1.1909,-0.0210,-93.3227,-209.8999,-188.4765,1,482,933,719
1231263923,242389,-1.3838,-1.9824,0.3066,-13.0005,-215.9424,-181.6406,1,499,933,719
1231268923,242390,-0.3086,-1.6655,0.3057,59.3262,-300.9033,-157.8369,1,488,844,719
1231273928,242391,0.1401,-1.2124,0.4487,47.3633,-323.1811,-126.6479,1,475,905,719
1231278923,242392,0.3115,-1.0815,0.8135,4.3945,-327.9419,-107.5439,1,478,932,719
1231283925,242393,0.1030,-1.1641,1.3179,-17.9443,-334.7778,-88.6230,1,492,930,719
1231288925,242394,-0.1753,-1.2852,1.7935,-30.4565,-349.8535,-65.6738,1,490,913,719
1231293927,242395,-0.1782,-1.3823,2.1914,-45.7153,-346.3134,-45.4102,1,493,914,719
1231298922,242396,0.1504,-1.3442,2.4854,-38.2690,-335.1440,-24.0478,1,465,957,719
1231303927,242397,0.4878,-1.0078,2.5767,-24.5361,-305.0537,-8.3008,1,466,944,719
1231308923,242398,0.4995,-0.4766,2.5322,-28.4424,-273.6206,-2.3804,1,466,920,719
1231313923,242399,0.3530,-0.0249,2.5464,-31.7383,-254.6997,-3.2349,1,466,927,719
1231318923,242400,0.3306,0.2080,2.6382,-25.4517,-232.4219,-6.7139,1,466,929,719
1231323930,242401,0.4072,0.2446,2.6377,-20.2637,-199.6460,-12.2070,1,483,924,719
1231328927,242402,0.4062,0.1548,2.4233,-17.5781,-167.9077,-18.1274,1,466,946,719
1231333923,242403,0.2710,-0.0312,2.0845,-18.9209,-143.9819,-20.8130,1,484,962,719
1231338929,242404,0.0996,-0.2793,1.8047,-20.0195,-128.9673,-20.2637,1,466,940,719
1231343923,242405,-0.0156,-0.5171,1.6548,-15.9912,-117.9809,-17.0898,1,474,923,719
1231348952,242406,-0.0605,-0.6836,1.5879,-10.6812,-108.7036,-11.2915,1,482,967,719
1231353926,242407,-0.0601,-0.7505,1.5273,-5.0049,-99.3042,-4.2725,1,481,999,719
1231358927,242408,-0.0576,-0.7153,1.4395,0.6104,-90.8813,3.5400,1,465,891,719
1231363923,242409,-0.0898,-0.5977,1.3257,5.1270,-84.1675,10.4980,1,466,884,719
1231368924,242410,-0.1475,-0.4287,1.2065,9.8877,-80.3223,15.3809,1,492,901,719
1231373925,242411,-0.1841,-0.2471,1.1040,15.4419,-78.6133,17.4561,1,501,799,719
1231378927,242412,-0.1924,-0.0840,1.0122,19.6533,-76.3550,16.9067,1,492,898,719
1231383925,242413,-0.2021,0.0347,0.9253,20.3857,-75.3784,15.4419,1,475,892,719
1231388926,242414,-0.2139,0.0981,0.8608,18.4937,-75.8057,14.0381,1,485,904,719
1231393923,242415,-0.2148,0.1211,0.8403,16.2354,-76.7822,11.9629,1,481,911,719
1231398923,242416,-0.2109,0.1289,0.8687,14.3433,-77.6978,9.8267,1,492,898,719
1231403924,242417,-0.2095,0.1382,0.9360,11.0474,-79.0405,7.5684,1,493,890,719
1231408924,242418,-0.1963,0.1431,1.0225,7.0190,-80.2612,5.1270,1,466,910,719
1231413927,242419,-0.1689,0.1304,1.0894,2.9907,-79.5288,2.6245,1,466,894,719
1231418929,242420,-0.2305,0.0205,1.1426,-0.6104,-75.5005,1.4038,1,466,904,719
1231423924,242421,-0.3262,-0.2212,1.3164,2.5024,-73.1201,7.9956,1,466,886,719
1231428930,242422,-0.1475,-0.4214,1.4995,16.0522,-82.9468,12.8174,1,466,904,719
1231433927,242423,0.0981,-0.5239,1.4775,14.7095,-60.8520,16.1743,1,483,935,719
1231438923,242424,0.0415,-0.5649,1.3599,18.1885,-49.8657,20.9351,1,465,936,719
1231443930,242425,-0.0791,-0.4604,1.2622,36.6211,-57.0068,26.3062,1,484,931,719
1231448923,242426,-0.0957,-0.2456,1.2075,42.8467,-52.3071,25.3906,1,465,919,719
1231453925,242427,-0.1143,-0.0493,1.1948,41.1987,-44.4336,22.9492,1,472,932,719
1231458924,242428,-0.1323,0.0737,1.1714,43.3350,-45.1050,21.5454,1,472,974,719
1231463925,242429,-0.1372,0.1079,1.1133,39.9780,-42.9687,18.9209,1,473,931,719
1231468929,242430,-0.1572,0.0620,1.0654,36.2549,-41.5649,17.0288,1,498,919,719
1231473929,242431,-0.1694,-0.0146,1.0498,37.2314,-43.7622,17.0898,1,475,883,719
1231478930,242432,-0.1641,-0.0791,1.0493,37.7197,-43.9453,16.8457,1,498,933,719
1231483922,242433,-0.1553,-0.1016,1.0493,40.1001,-44.4946,16.8457,1,487,805,719
1231488927,242434,-0.1465,-0.0825,1.0562,42.9687,-45.1660,17.0288,1,483,815,719
1231493927,242435,-0.1289,-0.0479,1.0786,44.1284,-45.5322,16.3574,1,474,915,719
1231498922,242436,-0.1001,-0.0186,1.0972,45.4712,-44.9219,15.9302,1,480,913,719
1231503930,242437,-0.0952,-0.0005,1.1055,45.8374,-42.4805,15.6250,1,490,898,719
1231508926,242438,-0.1133,0.0288,1.1089,45.3491,-42.5415,13.8550,1,489,897,719
1231513925,242439,-0.1318,0.0483,1.1245,42.6636,-42.4194,11.8408,1,491,914,719
1231518927,242440,-0.1475,0.0942,1.1909,40.7715,-42.9687,9.0942,1,466,919,719
1231523924,242441,-0.0864,0.1836,1.2554,36.1938,-44.7388,5.3101,1,466,922,719
1231528929,242442,0.0015,0.1919,1.2373,27.5269,-37.7808,3.1128,1,466,912,719
1231533928,242443,-0.0117,0.0957,1.1631,22.0337,-31.1890,1.0986,1,465,908,719
1231538942,242444,-0.0640,0.0034,1.0952,21.1182,-32.8979,0.6714,1,466,914,719
1231543928,242445,-0.0776,-0.0127,1.0747,20.6299,-31.3110,0.0000,1,466,911,719
1231548924,242446,-0.0571,0.0215,1.0962,17.7612,-28.9917,-1.0986,1,484,872,719
1231553925,242447,-0.0229,0.0449,1.1191,15.0757,-26.3672,-1.3428,1,479,911,719
1231558924,242448,-0.0024,0.0361,1.1182,13.1226,-21.9116,-1.2817,1,465,909,719
1231563930,242449,-0.0024,0.0166,1.1118,11.6577,-17.5781,-1.5869,1,482,910,719
1231568926,242450,0.0000,0.0083,1.1069,10.8032,-14.2822,-1.2817,1,478,946,719
1231573954,242451,-0.0156,0.0063,1.0811,9.8877,-9.0332,-1.4038,1,479,875,719
1231578930,242452,-0.0610,0.0020,1.0488,8.6670,-7.3853,-1.5259,1,476,868,719
1231583924,242453,-0.0850,-0.0005,1.0371,8.5449,-7.8735,-1.3428,1,477,860,719
1231588927,242454,-0.0723,0.0063,1.0464,7.9956,-6.8359,-1.3428,1,508,860,719
1231593930,242455,-0.0571,0.0151,1.0571,6.9580,-5.1270,-1.5259,1,483,789,719
1231598930,242456,-0.0537,0.0132,1.0557,6.1035,-4.4556,-1.5259,1,475,813,719
1231603922,242457,-0.0562,0.0020,1.0464,5.9204,-3.7842,-1.4648,1,480,853,719
1231608929,242458,-0.0630,-0.0073,1.0386,5.7373,-3.1738,-1.4648,1,492,851,719
1231613927,242459,-0.0679,-0.0122,1.0332,5.7983,-2.6855,-1.6479,1,490,880,719
1231618926,242460,-0.0674,-0.0117,1.0312,6.1646,-2.1362,-1.5259,1,482,864,719
1231623925,242461,-0.0654,-0.0059,1.0332,6.2256,-1.7090,-1.5259,1,488,883,719
1231628924,242462,-0.0649,-0.0039,1.0352,6.1646,-1.4038,-1.7090,1,493,848,719
1231633922,242463,-0.0679,-0.0078,1.0332,6.2866,-1.0986,-1.8921,1,466,876,719
1231638926,242464,-0.0742,-0.0063,1.0298,6.7749,-1.0986,-2.1362,1,466,882,719
1231643926,242465,-0.0796,-0.0015,1.0283,6.6528,-1.2207,-2.3193,1,465,889,719
1231648937,242466,-0.0786,0.0010,1.0293,6.4697,-1.1597,-2.5635,1,466,883,719
1231653925,242467,-0.0737,-0.0063,1.0288,6.4087,-1.2207,-2.6855,1,466,877,719
1231658928,242468,-0.0752,-0.0122,1.0249,7.0190,-0.9155,-2.8687,1,484,884,719
1231663930,242469,-0.0776,-0.0093,1.0215,7.3242,-0.9766,-3.0518,1,466,871,719
1231668931,242470,-0.0815,-0.0093,1.0176,7.4463,-0.7935,-3.2349,1,484,867,719
1231673928,242471,-0.0845,-0.0039,1.0190,7.8125,-1.0376,-3.3569,1,465,905,719
1231678922,242472,-0.0771,0.0063,1.0269,7.4463,-1.0986,-3.1738,1,470,868,719
1231683955,242473,-0.0654,0.0083,1.0327,6.7139,-0.4272,-3.1128,1,479,873,719
1231688923,242474,-0.0630,0.0029,1.0278,6.5918,0.9766,-2.8076,1,468,883,719
1231693928,242475,-0.0728,-0.0063,1.0166,6.7139,1.5869,-2.6855,1,482,858,719
1231698930,242476,-0.0845,-0.0117,1.0054,7.1411,1.5259,-2.5024,1,479,865,719
1231703930,242477,-0.1021,-0.0156,0.9941,7.6294,1.2207,-2.3804,1,500,755,719
1231708927,242478,-0.1201,-0.0220,0.9810,8.0566,-0.1831,-2.5024,1,502,855,719
1231713922,242479,-0.1313,-0.0322,0.9673,9.4604,-1.7090,-2.9907,1,472,854,719
1231718922,242480,-0.1392,-0.0449,0.9600,11.3525,-3.2959,-3.5400,1,487,859,719
1231723925,242481,-0.1367,-0.0449,0.9668,13.4888,-5.4321,-3.9062,1,473,878,719
1231728929,242482,-0.1123,-0.0215,0.9897,14.7095,-7.2021,-4.2725,1,492,907,719
1231733924,242483,-0.0752,0.0068,1.0190,14.7095,-7.1411,-4.4556,1,492,875,719
1231738929,242484,-0.0571,0.0176,1.0317,14.5264,-5.9204,-4.4556,1,493,869,719
1231743926,242485,-0.0698,0.0107,1.0205,14.7705,-5.7373,-4.4556,1,466,903,719
1231748930,242486,-0.0898,-0.0015,1.0024,15.4419,-6.5918,-4.5776,1,466,906,719
1231753928,242487,-0.0986,0.0029,0.9966,16.1743,-7.2021,-4.8218,1,466,899,719
1231758928,242488,-0.0928,0.0195,1.0059,16.0522,-7.9346,-5.4321,1,466,893,719
1231763929,242489,-0.0864,0.0244,1.0137,16.1133,-8.1787,-6.4697,1,466,894,719
1231768922,242490,-0.1001,0.0244,1.0029,16.7236,-9.0332,-7.1411,1,465,900,719
1231773924,242491,-0.1211,0.0288,0.9893,16.4185,-11.3525,-7.3242,1,484,885,719
1231778927,242492,-0.1270,0.0347,0.9868,16.0522,-13.6719,-7.4463,1,466,858,719
1231783924,242493,-0.1284,0.0361,0.9888,15.7471,-15.5029,-7.6294,1,471,912,719
1231788942,242494,-0.1509,0.0342,0.9868,14.9536,-17.9443,-7.2632,1,474,977,719
1231793926,242495,-0.1758,0.0552,0.9854,13.4888,-23.5596,-5.1270,1,482,905,719
1231798922,242496,-0.1733,0.0874,0.9814,10.6201,-28.3203,-4.2114,1,472,915,719
1231803922,242497,-0.1606,0.0835,0.9775,8.1787,-31.0669,-4.8218,1,483,879,719
1231808928,242498,-0.1436,0.0737,0.9937,6.9580,-35.5225,-4.3335,1,505,883,719
1231813930,242499,-0.0933,0.0811,1.0386,4.5776,-38.5132,-3.7231,1,484,774,719
1231818925,242500,-0.0288,0.0708,1.0728,1.5869,-37.1094,-3.9673,1,487,874,719
1231823928,242501,-0.0205,0.0503,1.0601,0.9766,-34.3628,-3.9062,1,476,865,719
1231828925,242502,-0.0469,0.0435,1.0347,-0.0610,-36.0718,-3.2349,1,473,857,719
1231833928,242503,-0.0518,0.0527,1.0366,-0.9155,-37.1094,-3.5400,1,482,855,719
1231838922,242504,-0.0264,0.0542,1.0586,-2.3804,-37.2925,-4.3335,1,488,865,719
1231843927,242505,-0.0186,0.0386,1.0620,-2.5024,-35.0952,-4.6997,1,493,861,719
1231848922,242506,-0.0679,0.0366,1.0308,-2.3193,-36.5601,-4.4556,1,466,869,719
1231853925,242507,-0.1304,0.0508,1.0000,-3.9673,-41.1987,-4.0283,1,466,891,719
1231858922,242508,-0.1377,0.0493,1.0024,-5.4321,-47.6685,-3.6621,1,466,895,719
1231863925,242509,-0.0830,0.0317,1.0264,-5.1880,-50.5981,-4.2725,1,466,910,719
1231868929,242510,-0.0352,0.0239,1.0425,-4.6997,-52.6733,-5.1270,1,466,902,719
1231873922,242511,-0.0356,0.0293,1.0371,-5.1880,-54.6265,-5.8594,1,484,907,719
1231878923,242512,-0.0640,0.0376,1.0239,-5.8594,-58.9600,-5.7983,1,465,905,719
1231883928,242513,-0.1001,0.0449,1.0122,-6.5918,-63.3545,-5.5542,1,484,896,719
1231888925,242514,-0.1313,0.0479,1.0073,-8.2397,-69.4580,-3.5400,1,465,897,719
1231893930,242515,-0.1221,0.0449,1.0146,-8.8501,-76.5381,-1.4648,1,467,942,719
1231898935,242516,-0.0854,0.0444,1.0278,-9.9487,-81.1768,-0.5493,1,482,882,719
1231903925,242517,-0.0796,0.0576,1.0303,-11.4746,-85.8154,-0.4272,1,465,907,719
1231908926,242518,-0.0981,0.0703,1.0225,-13.3667,-92.7124,0.3662,1,497,912,719
1231913922,242519,-0.0947,0.0776,1.0229,-15.7471,-100.4028,1.6479,1,476,898,719
1231918927,242520,-0.0708,0.0854,1.0225,-17.5171,-105.2246,2.5635,1,501,903,719
1231923922,242521,-0.0513,0.0859,1.0229,-20.4468,-110.0464,3.0518,1,505,896,719
1231928924,242522,-0.0391,0.0815,1.0400,-23.5596,-115.9668,4.2725,1,491,821,719
1231933930,242523,-0.0044,0.0713,1.0596,-26.0010,-123.5351,6.1035,1,477,891,719
1231938923,242524,0.0107,0.0781,1.0684,-27.2827,-127.3193,7.0801,1,477,886,719
1231943928,242525,-0.0342,0.0952,1.0737,-30.6396,-135.0098,6.8970,1,491,914,719
1231948928,242526,-0.1235,0.1104,1.0728,-33.7524,-143.3716,5.1270,1,492,887,719
1231953927,242527,-0.2607,0.1387,1.0684,-39.1846,-156.0669,1.7700,1,493,887,719
1231958930,242528,-0.4150,0.1812,1.0781,-45.8374,-176.6968,-0.5493,1,466,908,719
1231963931,242529,-0.5513,0.2637,1.1206,-53.8940,-201.2329,-4.3945,1,466,928,719
1231968927,242530,-0.6953,0.3872,1.2061,-69.5190,-234.7412,-9.5215,1,466,931,719
1231973938,242531,-0.7197,0.4141,1.2808,-93.0176,-282.0435,-9.1553,1,466,925,719
1231978926,242532,-0.5859,0.3740,1.3340,-108.7646,-332.2143,-5.7373,1,466,914,719
1231983929,242533,-0.7949,0.6284,1.5415,-131.8970,-366.6382,-7.5073,1,483,943,719
1231988924,242534,-1.2158,0.9907,1.8711,-181.3354,-431.0302,-6.6528,1,467,934,719
1231993924,242535,-1.1758,1.0054,1.9883,-222.9004,-497.6196,-6.6528,1,484,935,719
1231998931,242536,-0.6621,0.9688,1.8940,-261.2915,-547.3633,-15.3809,1,479,919,719
1232003928,242537,-0.3979,1.1362,1.8970,-336.2426,-575.5615,-38.8184,1,475,912,719
1232008954,242538,-1.1846,0.9966,2.1221,-419.7387,-591.3086,-72.3877,1,479,988,719
1232013929,242539,-1.9033,0.6763,2.0361,-419.9829,-691.8334,-73.3643,1,477,924,719
1232018924,242540,-1.5503,0.4043,1.3286,-444.5190,-750.1220,-87.7685,1,503,938,719
1232023922,242541,-1.0571,-0.2407,0.5264,-467.7734,-756.6528,-113.5864,1,492,902,719
1232028923,242542,-0.9351,-1.0254,0.0464,-409.5459,-810.1196,-111.5112,1,482,944,719
1232033922,242543,-0.5967,-1.0591,0.1772,-338.6841,-856.8725,-98.4497,1,480,945,719
1232038922,242544,0.8774,-0.6807,0.9546,-288.5742,-813.7206,-53.8330,1,488,841,719
1232043931,242545,3.3311,-1.4497,3.1655,-258.5449,-620.4834,-35.7056,1,473,917,719
1232048925,242546,4.8413,-2.6528,6.1514,-148.0713,-396.6674,-59.0210,1,490,907,719
1232053928,242547,3.7173,-2.6152,7.2061,-1.8311,-162.4145,-61.7065,1,483,922,719
1232058931,242548,-1.5239,-0.5278,3.9570,61.4014,38.6353,-28.4424,1,481,903,719
1232063924,242549,-1.8882,0.1929,2.5430,68.1152,55.4810,-26.3672,1,493,911,719
1232068923,242550,-1.3379,0.5171,1.7275,69.8242,86.5478,-40.4663,1,466,933,719
1232073928,242551,-1.0391,0.6509,1.1567,67.0166,97.5952,-59.0210,1,466,938,719
1232078925,242552,-1.1270,0.7358,0.7720,57.6782,81.6650,-78.8574,1,466,930,719
1232083945,242553,-1.1797,0.7583,0.6577,44.7388,59.0210,-98.2666,1,466,943,719
1232088922,242554,-1.0322,0.6763,0.7817,34.7900,53.4058,-118.1030,1,466,940,719
1232093924,242555,-0.8481,0.5117,1.0059,30.3955,63.4155,-135.5591,1,465,937,719
1232098926,242556,-0.7690,0.3193,1.2119,30.5176,79.1626,-149.1699,1,484,939,719
1232103923,242557,-0.7710,0.1353,1.3594,34.5459,97.3511,-158.3862,1,465,925,719
1232108925,242558,-0.7686,-0.0342,1.4497,41.4429,118.3472,-163.3911,1,474,880,719
1232113925,242559,-0.7310,-0.1948,1.4824,49.9878,141.6016,-165.4053,1,474,975,719
1232118930,242560,-0.6958,-0.3394,1.4517,56.8848,165.5273,-164.0014,1,479,930,719
1232123929,242561,-0.7056,-0.4648,1.3711,58.7769,187.7441,-158.4473,1,499,941,719
1232128923,242562,-0.7446,-0.5767,1.2808,56.9458,205.5664,-149.4141,1,484,941,719
1232133928,242563,-0.7583,-0.6802,1.2139,52.4292,219.1772,-137.3901,1,493,921,719
1232138925,242564,-0.7236,-0.7739,1.1816,45.8374,231.3843,-122.6196,1,465,925,719
1232143929,242565,-0.6602,-0.8496,1.1729,39.6729,243.8965,-105.5298,1,491,893,719
1232148927,242566,-0.5962,-0.8940,1.1641,34.9121,256.3477,-87.4634,1,492,921,719
1232153928,242567,-0.5449,-0.8975,1.1387,31.1279,267.8223,-69.2139,1,480,902,719
1232158930,242568,-0.4961,-0.8633,1.1016,28.0151,277.6489,-51.8188,1,490,908,719
1232163924,242569,-0.4233,-0.7964,1.0586,25.2686,285.7666,-35.7056,1,489,930,719
1232168926,242570,-0.3413,-0.7017,1.0015,21.3623,294.0674,-22.2168,1,493,904,719
1232173924,242571,-0.2998,-0.5918,0.9360,14.8926,300.4761,-11.4136,1,466,905,719
1232178922,242572,-0.2866,-0.4834,0.8853,6.5308,301.2085,-1.7700,1,466,934,719
1232183928,242573,-0.2520,-0.3906,0.8599,-1.8921,299.7437,6.4697,1,466,897,719
1232188930,242574,-0.1982,-0.3237,0.8628,-9.5215,299.0112,12.3901,1,466,900,719
1232193931,242575,-0.1431,-0.2798,0.9028,-14.5874,297.4854,17.0898,1,466,926,719
1232198927,242576,-0.0806,-0.2432,0.9761,-16.2964,295.9595,21.3623,1,483,932,719
1232203924,242577,-0.0220,-0.2080,1.0630,-16.2964,297.2412,25.0244,1,465,922,719
1232208923,242578,0.0186,-0.1729,1.1431,-14.7095,299.1943,28.1372,1,485,928,719
1232213922,242579,0.0444,-0.1333,1.2153,-12.8784,301.0254,30.8228,1,466,924,719
1232218931,242580,0.0693,-0.0898,1.2930,-12.0239,303.3447,33.0200,1,481,880,719
1232223936,242581,0.1045,-0.0435,1.3828,-11.4136,306.1523,34.4238,1,472,969,719
1232228955,242582,0.1504,0.0049,1.4741,-11.1084,309.9365,35.0952,1,469,920,719
1232233924,242583,0.2070,0.0527,1.5571,-11.0474,314.8193,34.7900,1,470,921,719
1232238925,242584,0.2695,0.0938,1.6240,-10.6201,320.9229,33.0811,1,503,919,719
1232243925,242585,0.3301,0.1226,1.6665,-9.6436,327.5757,30.8228,1,503,902,719
1232248925,242586,0.3765,0.1421,1.6831,-8.3618,334.4726,27.9541,1,482,824,719
1232253922,242587,0.3945,0.1548,1.6753,-7.1411,340.0268,24.9634,1,485,823,719
1232258924,242588,0.3896,0.1567,1.6489,-6.0425,343.0786,22.3999,1,491,861,719
1232263922,242589,0.3804,0.1436,1.6182,-4.9438,343.9941,20.6299,1,487,903,719
1232268930,242590,0.3750,0.1138,1.5898,-3.6621,343.8110,19.6533,1,472,897,719
1232273928,242591,0.3677,0.0713,1.5664,-2.3804,342.4072,20.1416,1,491,916,719
1232278927,242592,0.3501,0.0205,1.5547,-1.3428,339.2944,22.0337,1,472,890,719
1232283928,242593,0.3306,-0.0405,1.5605,-0.6104,335.2661,25.4517,1,493,889,719
1232288925,242594,0.3242,-0.1128,1.5835,0.5493,330.9936,30.4565,1,466,916,719
1232293929,242595,0.3384,-0.1880,1.6108,2.8076,327.8198,36.8652,1,466,929,719
1232298929,242596,0.3633,-0.2505,1.6255,5.9204,325.8056,43.7012,1,466,923,719
1232303948,242597,0.3804,-0.2905,1.6182,8.8501,324.0966,50.4150,1,465,923,719
1232308928,242598,0.3740,-0.3115,1.5938,10.9253,321.7163,56.2744,1,466,919,719
1232313927,242599,0.3457,-0.3232,1.5747,12.2681,317.5659,61.2793,1,484,977,719
1232318928,242600,0.3159,-0.3306,1.5908,13.0615,311.2793,65.4907,1,476,944,719
1232323923,242601,0.3057,-0.3350,1.6611,12.9395,304.7485,68.5425,1,465,921,719
1232328927,242602,0.3228,-0.3408,1.7822,11.7798,300.1709,70.7397,1,465,873,719
1232333931,242603,0.3579,-0.3545,1.9287,11.0474,298.8892,71.9604,1,465,969,719
1232338939,242604,0.3999,-0.3716,2.0713,10.9863,299.8047,72.0825,1,482,922,719
1232343930,242605,0.4463,-0.3818,2.1924,10.6812,302.9175,71.3501,1,472,919,719
1232348928,242606,0.5054,-0.3823,2.2900,9.2163,307.6782,69.7632,1,506,923,719
1232353926,242607,0.5845,-0.3770,2.3599,6.9580,314.2700,67.5659,1,485,896,719
1232358926,242608,0.6738,-0.3589,2.3784,4.3335,322.5097,64.3921,1,482,897,719
1232363930,242609,0.7554,-0.3198,2.3301,0.7324,330.2002,60.6689,1,476,814,719
1232368923,242610,0.8174,-0.2622,2.2280,-3.7842,335.6323,56.4575,1,473,899,719
1232373922,242611,0.8657,-0.1958,2.0981,-8.4229,337.1582,51.4526,1,484,905,719
1232378927,242612,0.9214,-0.1431,1.9673,-12.3901,334.3506,46.2036,1,490,906,719
1232383925,242613,0.9946,-0.1177,1.8467,-15.0757,328.7964,40.7715,1,474,934,719
1232388930,242614,1.0718,-0.1104,1.7354,-16.4185,320.8618,35.8276,1,481,912,719
1232393926,242615,1.1396,-0.1035,1.6367,-17.5171,310.0586,31.3721,1,494,894,719
1232398926,242616,1.2041,-0.0952,1.5625,-19.7144,297.6685,27.2827,1,466,926,719
1232403924,242617,1.2773,-0.0952,1.5186,-22.0947,284.9121,23.4375,1,466,934,719
1232408930,242618,1.3638,-0.1025,1.4966,-23.0713,272.2168,19.6533,1,466,942,719
1232413923,242619,1.4570,-0.1050,1.4849,-22.5220,259.5825,15.1367,1,466,932,719
1232418926,242620,1.5557,-0.0962,1.4839,-21.4844,247.4365,9.9487,1,483,942,719
1232423923,242621,1.6641,-0.0776,1.4888,-19.7754,236.0229,3.9673,1,465,929,719
1232428925,242622,1.7832,-0.0518,1.4785,-15.9302,225.0976,-3.3569,1,484,918,719
1232433931,242623,1.9053,-0.0146,1.4209,-10.6201,214.5996,-12.2681,1,465,923,719
1232438931,242624,2.0112,0.0396,1.3042,-6.4697,203.7353,-22.1558,1,472,881,719
1232443930,242625,2.0874,0.0874,1.1431,-5.0049,190.8569,-33.3252,1,472,968,719
1232448923,242626,2.1626,0.1113,0.9404,-3.9673,175.5981,-44.8608,1,478,905,719
1232453924,242627,2.2305,0.1016,0.7314,-7.0190,157.4097,-53.8940,1,507,922,719
1232458925,242628,2.2666,0.0562,0.5278,-2.4414,136.2305,-64.8193,1,467,897,719
1232463923,242629,2.2798,0.0000,0.3315,-2.4414,112.5488,-72.1436,1,494,901,719
1232468930,242630,2.2793,-0.0674,0.1973,-4.4556,86.3647,-77.1484,1,464,762,719
1232473927,242631,2.2798,-0.1592,0.1372,-4.3945,59.5703,-80.3223,1,491,814,719
1232478927,242632,2.2715,-0.2759,0.1323,-4.8218,33.3252,-79.6509,1,478,909,719
1232483925,242633,2.2456,-0.4199,0.1685,-11.6577,9.7046,-75.1953,1,486,882,719
1232488926,242634,2.1816,-0.5625,0.2119,0.6714,-17.8833,-69.0918,1,473,895,719
1232493927,242635,2.0889,-0.6953,0.2925,-0.7935,-40.7715,-55.4199,1,480,884,719
1232498931,242636,2.0083,-0.8159,0.4121,-3.9673,-57.8003,-42.1143,1,474,893,719
1232503931,242637,1.9160,-0.9019,0.5312,-1.2207,-76.3550,-25.6348,1,493,893,719
1232508930,242638,1.8115,-0.9434,0.6431,3.9673,-96.1914,-5.6763,1,466,944,719
1232513927,242639,1.6816,-0.9883,0.7363,0.3662,-109.0088,11.4136,1,466,904,719
1232518925,242640,1.1914,-0.7949,0.4395,-2.4414,-138.4888,25.4517,1,466,925,719
1232523926,242641,-0.6133,-0.0850,0.0078,-23.6816,-190.0635,37.2925,1,466,928,719
1232528929,242642,-2.4731,0.2827,0.3774,-102.4780,-275.5127,32.5317,1,483,931,719
1232533924,242643,-2.4487,-0.1777,1.3540,-134.5215,-245.1172,30.0903,1,465,948,719
1232538928,242644,-1.5137,-0.9341,1.8403,-109.3750,-184.2041,40.7104,1,484,948,719
1232543924,242645,-1.1006,-1.4561,1.2939,-43.3350,-176.2695,31.9824,1,465,931,719
1232548929,242646,-1.1831,-1.1411,0.1084,56.4575,-225.6470,25.0244,1,469,890,719
1232553925,242647,-1.0620,-0.0103,-0.9043,111.2671,-303.8940,17.2729,1,465,952,719
1232558925,242648,-0.5186,1.0410,-1.0356,83.0688,-365.6616,2.8687,1,469,919,719
1232563929,242649,0.1357,1.2339,-0.3145,30.3955,-387.8784,-0.8545,1,466,916,719
1232568929,242650,0.3760,0.8027,0.6748,-0.0610,-384.2163,7.3242,1,508,926,719
1232573924,242651,0.1504,0.4453,1.4565,-9.6436,-385.8032,12.2681,1,465,889,719
1232578927,242652,-0.0933,0.4585,1.8965,-7.3853,-395.3857,9.8877,1,506,905,719
1232583925,242653,0.0269,0.7388,2.0801,3.1128,-400.5127,2.0752,1,473,804,719
1232588922,242654,0.4756,1.0352,2.1772,2.9297,-387.0239,-10.5591,1,478,865,719
1232593922,242655,0.8906,1.0952,2.2886,-10.4980,-354.4922,-25.2686,1,488,905,719
1232598923,242656,0.9878,0.8628,2.3584,-24.7192,-318.7866,-37.9639,1,488,918,719
1232603928,242657,0.8013,0.4707,2.3057,-35.1562,-290.5884,-45.5322,1,492,906,719
1232608927,242658,0.4448,-0.0439,2.1475,-42.9687,-268.3105,-48.1567,1,490,936,719
1232613927,242659,-0.2837,-0.9873,2.3872,-37.5977,-233.1543,-27.7100,1,493,919,719
1232618926,242660,-0.3867,-2.0098,2.9697,4.2114,-276.9165,13.2446,1,466,913,719
1232623929,242661,0.6255,-2.5903,3.0410,34.7290,-263.5498,40.5273,1,465,931,719
1232628922,242662,1.2847,-2.6196,2.5684,57.0679,-180.6640,50.4761,1,466,939,719
1232633932,242663,1.0620,-1.8804,2.1440,106.3232,-150.8789,53.7109,1,465,944,719
1232638924,242664,0.6274,-0.6484,2.0547,137.4512,-146.1792,56.5186,1,466,947,719
1232643929,242665,0.4595,0.4951,2.1270,129.9438,-120.6665,45.7764,1,484,940,719
1232648931,242666,0.4009,1.0684,2.1011,106.0791,-85.3271,30.3345,1,465,949,719
1232653922,242667,0.2759,0.9419,1.8818,81.1157,-64.7583,19.0430,1,484,930,719
1232658931,242668,0.1221,0.4092,1.5654,65.6738,-55.4199,12.8784,1,472,918,719
1232663928,242669,0.0142,-0.0894,1.3076,64.5752,-52.4292,12.0239,1,467,935,719
1232668925,242670,-0.0234,-0.2725,1.1724,68.1763,-50.2319,12.3291,1,470,918,719
1232673923,242671,-0.0303,-0.1548,1.1514,68.6035,-46.6309,11.8408,1,475,924,719
1232678925,242672,-0.0259,0.0840,1.2007,64.5752,-44.1284,10.9863,1,498,927,719
1232683925,242673,-0.0039,0.2461,1.2568,56.0913,-40.5884,9.2163,1,479,909,719
1232688930,242674,0.0220,0.2334,1.2627,46.5088,-35.5835,7.5073,1,501,900,719
1232693926,242675,0.0137,0.1143,1.2056,40.7715,-30.5176,7.2021,1,474,830,719
1232698925,242676,-0.0361,0.0234,1.1265,37.9028,-28.3203,7.4463,1,478,846,719
1232703926,242677,-0.0796,0.0239,1.0781,34.9731,-28.9917,7.6904,1,485,886,719
1232708924,242678,-0.0840,0.0835,1.0781,30.6396,-28.6865,6.9580,1,491,888,719
1232713923,242679,-0.0664,0.1333,1.0986,24.6582,-27.0996,5.9204,1,477,913,719
1232718922,242680,-0.0542,0.1377,1.1084,19.1040,-25.7568,5.1270,1,483,899,719
1232723925,242681,-0.0581,0.0967,1.0947,14.8315,-24.9634,4.3945,1,493,883,719
1232728926,242682,-0.0718,0.0259,1.0664,12.5122,-24.7803,3.2959,1,466,924,719
1232733928,242683,-0.0811,-0.0337,1.0435,12.5122,-25.8789,2.5635,1,466,918,719
1232738927,242684,-0.0723,-0.0532,1.0405,12.8174,-27.1606,2.2583,1,466,919,719
1232743923,242685,-0.0513,-0.0400,1.0508,12.3901,-26.4893,2.1973,1,466,922,719
1232748928,242686,-0.0342,-0.0186,1.0596,11.2305,-24.7192,1.9531,1,466,913,719
1232753930,242687,-0.0308,-0.0044,1.0596,9.3384,-22.8271,1.7090,1,483,917,719
1232758929,242688,-0.0312,0.0054,1.0615,7.3853,-21.5454,1.5259,1,466,891,719
1232763926,242689,-0.0239,0.0156,1.0698,5.1880,-20.0195,1.2207,1,484,923,719
1232768924,242690,-0.0215,0.0151,1.0713,2.7466,-17.7002,0.7935,1,466,892,719
1232773930,242691,-0.0264,-0.0020,1.0645,1.0376,-16.6626,0.6104,1,480,926,719
1232778926,242692,-0.0225,-0.0259,1.0596,0.3052,-15.5029,0.6104,1,472,869,719
1232783923,242693,-0.0186,-0.0420,1.0508,0.0000,-13.2446,0.2441,1,476,886,719
1232788928,242694,-0.0317,-0.0430,1.0361,0.0610,-11.7798,-0.0610,1,472,850,719
1232793925,242695,-0.0498,-0.0312,1.0249,-0.0610,-12.0850,-0.5493,1,493,894,719
1232798929,242696,-0.0610,-0.0161,1.0176,-0.7935,-12.4512,-1.2207,1,494,909,719
1232803928,242697,-0.0645,-0.0117,1.0127,-1.8921,-13.0005,-1.2207,1,506,881,719
1232808930,242698,-0.0576,-0.0278,1.0142,-2.4414,-13.6719,-1.3428,1,464,833,719
1232813927,242699,-0.0464,-0.0557,1.0190,-1.8311,-13.6108,-1.2817,1,489,858,719
1232818930,242700,-0.0371,-0.0757,1.0225,-0.8545,-13.5498,-1.0986,1,475,870,719
1232823924,242701,-0.0317,-0.0747,1.0234,0.1831,-13.3667,-0.8545,1,473,873,719
1232828926,242702,-0.0317,-0.0552,1.0249,0.7324,-12.8174,-0.6714,1,479,876,719
1232833926,242703,-0.0371,-0.0366,1.0259,0.6714,-12.3901,-0.4272,1,492,872,719
1232838927,242704,-0.0283,-0.0469,1.0303,0.9155,-12.1460,-0.1221,1,469,874,719
1232843925,242705,-0.0142,-0.0522,1.0391,1.4648,-11.1084,-0.1221,1,493,865,719
1232848930,242706,-0.0176,-0.0513,1.0366,2.1973,-10.0098,-0.2441,1,466,893,719
1232853927,242707,-0.0376,-0.0479,1.0234,2.5635,-10.1929,-0.4272,1,466,888,719
1232858931,242708,-0.0532,-0.0454,1.0107,3.1738,-11.2915,-0.6104,1,466,900,719
1232863942,242709,-0.0566,-0.0479,1.0049,3.7842,-12.3291,-0.9155,1,466,905,719
1232868923,242710,-0.0444,-0.0498,1.0137,4.4556,-13.6108,-1.0986,1,465,903,719
1232873925,242711,-0.0269,-0.0454,1.0293,5.1880,-13.3057,-1.4038,1,483,904,719
1232878928,242712,-0.0195,-0.0381,1.0381,5.4321,-12.8174,-1.5869,1,466,898,719
1232883928,242713,-0.0190,-0.0293,1.0386,5.6152,-12.5122,-1.5869,1,484,889,719
1232888924,242714,-0.0156,-0.0239,1.0386,5.4321,-12.0239,-1.6479,1,465,856,719
1232893926,242715,-0.0083,-0.0254,1.0405,5.2490,-11.2915,-1.5259,1,471,948,719
1232898925,242716,-0.0044,-0.0278,1.0415,5.2490,-10.4370,-1.4648,1,472,890,719
1232903925,242717,-0.0083,-0.0249,1.0396,5.0659,-9.5215,-1.3428,1,475,901,719
1232908923,242718,-0.0181,-0.0220,1.0342,4.4556,-9.0942,-1.2817,1,470,835,719
1232913924,242719,-0.0249,-0.0244,1.0283,4.2725,-9.2773,-1.3428,1,477,861,719
1232918922,242720,-0.0259,-0.0308,1.0249,4.4556,-9.2773,-1.4648,1,498,869,719
1232923924,242721,-0.0244,-0.0371,1.0239,4.7607,-9.0942,-1.5869,1,470,829,719
1232928927,242722,-0.0210,-0.0342,1.0259,4.8828,-9.0942,-1.5869,1,475,870,719
1232933928,242723,-0.0142,-0.0234,1.0327,4.5776,-8.9722,-1.5259,1,491,856,719
1232938929,242724,-0.0073,-0.0176,1.0391,3.9673,-8.4839,-1.6479,1,476,857,719
1232943924,242725,-0.0059,-0.0200,1.0396,3.6621,-7.9346,-1.6479,1,479,851,719
1232948928,242726,-0.0073,-0.0234,1.0356,3.5400,-7.6294,-1.6479,1,491,850,719
1232953922,242727,-0.0107,-0.0220,1.0327,3.2959,-7.3242,-1.5869,1,487,855,719
1232958929,242728,-0.0117,-0.0161,1.0361,2.8687,-7.0190,-1.5259,1,466,860,719
1232963923,242729,-0.0059,-0.0137,1.0430,2.1362,-6.7749,-1.5869,1,466,882,719
1232968925,242730,0.0005,-0.0156,1.0435,1.7090,-5.9814,-1.5869,1,466,882,719
1232973929,242731,-0.0010,-0.0176,1.0391,1.4038,-5.3711,-1.5259,1,466,875,719
1232978926,242732,-0.0034,-0.0205,1.0347,0.9766,-5.2490,-1.4038,1,466,869,719
1232983928,242733,-0.0034,-0.0273,1.0312,0.9155,-4.5166,-1.4648,1,483,877,719
1232988922,242734,-0.0068,-0.0317,1.0259,1.1597,-3.8452,-1.5259,1,465,914,719
1232993929,242735,-0.0103,-0.0327,1.0220,1.1597,-3.6011,-1.4648,1,484,872,719
1232998923,242736,-0.0078,-0.0327,1.0234,1.2817,-3.4790,-1.4038,1,465,878,719
1233003924,242737,-0.0068,-0.0347,1.0269,1.3428,-2.9907,-1.4648,1,474,927,719
1233008929,242738,-0.0117,-0.0356,1.0269,1.5869,-2.8076,-1.5869,1,470,869,719
1233013945,242739,-0.0166,-0.0312,1.0244,1.9531,-2.9907,-1.5259,1,467,885,719
1233018929,242740,-0.0161,-0.0288,1.0239,2.0142,-3.0518,-1.7700,1,472,910,719
1233023926,242741,-0.0083,-0.0269,1.0288,2.0142,-3.0518,-1.8311,1,493,864,719
1233028928,242742,-0.0039,-0.0210,1.0342,1.9531,-2.6855,-1.7700,1,493,854,719
1233033927,242743,-0.0029,-0.0171,1.0337,1.5869,-2.2583,-1.6479,1,506,859,719
1233038925,242744,-0.0049,-0.0171,1.0327,1.2817,-1.8311,-1.6479,1,466,824,719
1233043928,242745,-0.0073,-0.0166,1.0327,0.9155,-1.5869,-1.5869,1,490,848,719
1233048930,242746,-0.0083,-0.0171,1.0322,0.6104,-1.5259,-1.5869,1,491,859,719
1233053928,242747,-0.0098,-0.0190,1.0308,0.4272,-1.3428,-1.5259,1,472,869,719
1233058929,242748,-0.0093,-0.0205,1.0312,0.0000,-1.2207,-1.4648,1,481,844,719
1233063930,242749,-0.0054,-0.0225,1.0332,-0.3662,-0.7935,-1.3428,1,474,833,719
1233068928,242750,-0.0034,-0.0273,1.0308,-0.3662,-0.3662,-1.4038,1,477,848,719
1233073924,242751,-0.0054,-0.0327,1.0264,-0.3662,-0.1221,-1.3428,1,493,851,719
1233078926,242752,-0.0059,-0.0347,1.0239,-0.3052,0.0610,-1.2207,1,466,875,719
1233083927,242753,-0.0054,-0.0352,1.0244,-0.0610,0.4883,-1.3428,1,466,869,719
1233088938,242754,-0.0063,-0.0356,1.0254,0.1831,0.7324,-1.2207,1,466,873,719
1233093927,242755,-0.0063,-0.0361,1.0249,0.4272,0.9155,-1.3428,1,466,882,719
1233098930,242756,-0.0083,-0.0366,1.0225,0.7324,1.2207,-1.3428,1,484,882,719
1233103925,242757,-0.0127,-0.0342,1.0195,0.9155,1.4038,-1.5259,1,465,870,719
1233108925,242758,-0.0137,-0.0303,1.0186,1.0986,1.5259,-1.5869,1,484,870,719
1233113928,242759,-0.0083,-0.0322,1.0220,0.9766,1.6479,-1.5869,1,476,904,719
1233118929,242760,-0.0015,-0.0376,1.0264,1.3428,2.2583,-1.4648,1,477,871,719
1233123934,242761,-0.0029,-0.0386,1.0254,1.7090,2.9297,-1.3428,1,476,876,719
1233128926,242762,-0.0127,-0.0327,1.0229,1.5869,2.9907,-1.2817,1,472,872,719
1233133927,242763,-0.0176,-0.0239,1.0215,1.7090,2.6245,-1.2207,1,480,841,719
1233138923,242764,-0.0142,-0.0215,1.0210,1.7090,2.7466,-1.1597,1,465,862,719
1233143929,242765,-0.0103,-0.0234,1.0220,1.8311,3.2349,-1.2817,1,511,855,719
1233148931,242766,-0.0122,-0.0220,1.0225,1.8311,3.3569,-1.0986,1,468,858,719
1233153923,242767,-0.0166,-0.0200,1.0220,1.4038,3.2959,-0.8545,1,476,853,719
1233158923,242768,-0.0186,-0.0195,1.0229,1.2207,3.0518,-0.7935,1,492,850,719
1233163930,242769,-0.0176,-0.0190,1.0259,1.0986,2.9907,-0.7935,1,480,851,719
1233168929,242770,-0.0146,-0.0171,1.0283,0.9155,3.0518,-0.6714,1,492,851,719
1233173926,242771,-0.0107,-0.0156,1.0303,0.7935,3.0518,-0.6714,1,481,852,719
1233178927,242772,-0.0078,-0.0181,1.0303,0.4883,3.3569,-0.4272,1,493,844,719
1233183924,242773,-0.0073,-0.0215,1.0288,0.2441,3.6621,-0.3662,1,466,874,719
1233188925,242774,-0.0078,-0.0249,1.0273,0.4272,4.0283,-0.2441,1,466,885,719
1233193930,242775,-0.0098,-0.0264,1.0269,0.6714,4.3335,-0.1831,1,465,886,719
1233198929,242776,-0.0132,-0.0259,1.0273,0.7324,4.2725,-0.1221,1,466,874,719
1233203926,242777,-0.0181,-0.0278,1.0259,0.8545,4.0283,-0.1221,1,466,879,719
1233208928,242778,-0.0234,-0.0312,1.0225,1.0986,3.7231,-0.3052,1,465,875,719
1233213925,242779,-0.0288,-0.0337,1.0195,1.5259,3.3569,-0.3662,1,482,906,719
1233218924,242780,-0.0312,-0.0342,1.0176,2.0142,2.8687,-0.4883,1,465,838,719
1233223924,242781,-0.0283,-0.0327,1.0200,2.3804,2.1973,-0.7324,1,470,930,719
1233228929,242782,-0.0215,-0.0293,1.0259,2.7466,1.8311,-0.9155,1,472,873,719
1233233929,242783,-0.0161,-0.0244,1.0288,3.0518,1.8311,-1.0376,1,468,866,719
1233238927,242784,-0.0156,-0.0234,1.0283,3.1738,1.6479,-1.1597,1,469,877,719
1233243926,242785,-0.0176,-0.0269,1.0249,3.2349,1.5869,-1.1597,1,495,885,719
1233248925,242786,-0.0195,-0.0264,1.0215,3.5400,1.4648,-1.2817,1,473,863,719
1233253928,242787,-0.0210,-0.0215,1.0220,3.6621,1.2817,-1.2207,1,511,818,719
1233258931,242788,-0.0215,-0.0200,1.0229,3.5400,1.1597,-1.1597,1,481,778,719
1233263926,242789,-0.0229,-0.0200,1.0210,3.5400,0.7324,-1.2817,1,484,860,719
1233268924,242790,-0.0249,-0.0186,1.0205,3.4180,0.1831,-1.2207,1,488,852,719
1233273922,242791,-0.0239,-0.0181,1.0220,3.2349,-0.0610,-1.1597,1,473,875,719
1233278930,242792,-0.0215,-0.0161,1.0225,2.9907,-0.1221,-1.1597,1,482,847,719
1233283923,242793,-0.0190,-0.0137,1.0215,2.6245,-0.1831,-0.9766,1,481,849,719
1233288929,242794,-0.0171,-0.0137,1.0210,2.3193,-0.1831,-0.8545,1,493,852,719
1233293926,242795,-0.0156,-0.0161,1.0215,2.0142,-0.0610,-0.6714,1,466,876,719
1233298924,242796,-0.0137,-0.0176,1.0210,1.8921,0.1831,-0.5493,1,466,876,719
1233303924,242797,-0.0127,-0.0156,1.0215,1.7090,0.5493,-0.4883,1,466,876,719
1233308930,242798,-0.0142,-0.0156,1.0215,1.3428,0.7324,-0.4883,1,465,878,719
1233313923,242799,-0.0176,-0.0176,1.0205,1.2207,0.6714,-0.3662,1,466,880,719
1233318931,242800,-0.0186,-0.0181,1.0195,1.0986,0.7324,-0.2441,1,465,878,719
1233323931,242801,-0.0176,-0.0186,1.0205,0.8545,1.1597,-0.3662,1,484,870,719
1233328922,242802,-0.0161,-0.0181,1.0229,0.8545,1.4038,-0.2441,1,465,875,719
1233333930,242803,-0.0146,-0.0171,1.0249,0.6714,1.6479,-0.1831,1,481,921,719
1233338922,242804,-0.0156,-0.0181,1.0249,0.4883,2.0752,-0.3052,1,476,872,719
1233343944,242805,-0.0181,-0.0205,1.0229,0.4883,2.1973,-0.3052,1,467,871,719
1233348926,242806,-0.0205,-0.0220,1.0229,0.6104,2.0142,-0.3052,1,467,871,719
1233353922,242807,-0.0195,-0.0225,1.0239,0.6714,2.1362,-0.4272,1,510,853,719
1233358930,242808,-0.0186,-0.0225,1.0229,0.8545,2.2583,-0.6104,1,494,865,719
1233363929,242809,-0.0220,-0.0200,1.0205,0.9766,2.1362,-0.6714,1,465,784,719
1233368922,242810,-0.0249,-0.0181,1.0200,0.9155,1.9531,-0.6714,1,476,858,719
1233373929,242811,-0.0229,-0.0190,1.0210,1.0986,1.8311,-0.6714,1,472,851,719
1233378924,242812,-0.0215,-0.0200,1.0210,1.2207,1.7700,-0.6104,1,474,869,719
1233383926,242813,-0.0229,-0.0186,1.0190,1.1597,1.5869,-0.7324,1,490,842,719
1233388926,242814,-0.0254,-0.0171,1.0186,1.0986,1.2207,-0.6714,1,474,855,719
1233393928,242815,-0.0254,-0.0161,1.0215,0.9766,1.0376,-0.7324,1,492,847,719
1233398929,242816,-0.0215,-0.0146,1.0264,0.9766,0.8545,-0.7324,1,492,848,719
1233403926,242817,-0.0166,-0.0127,1.0293,0.8545,0.7935,-0.6714,1,466,877,719
1233408931,242818,-0.0151,-0.0117,1.0308,0.6714,0.9155,-0.7324,1,466,876,719
1233413926,242819,-0.0171,-0.0132,1.0303,0.5493,1.0376,-0.5493,1,466,879,719
1233418926,242820,-0.0195,-0.0137,1.0273,0.3662,0.9766,-0.6104,1,466,875,719
1233423923,242821,-0.0215,-0.0142,1.0239,0.1831,0.8545,-0.6714,1,466,876,719
1233428929,242822,-0.0210,-0.0137,1.0234,0.0610,0.8545,-0.6714,1,484,867,719
1233433929,242823,-0.0186,-0.0127,1.0264,0.1221,0.7324,-0.4883,1,466,871,719
1233438924,242824,-0.0151,-0.0103,1.0308,-0.1831,0.7935,-0.5493,1,473,931,719
1233443927,242825,-0.0137,-0.0098,1.0327,-0.4272,0.9155,-0.6104,1,482,868,719
1233448955,242826,-0.0146,-0.0112,1.0327,-0.4883,1.0986,-0.3662,1,467,872,719
1233453929,242827,-0.0161,-0.0117,1.0322,-0.7935,1.2207,-0.4272,1,465,839,719
1233458927,242828,-0.0166,-0.0127,1.0312,-0.9155,1.4038,-0.3662,1,475,864,719
1233463928,242829,-0.0156,-0.0127,1.0308,-0.9766,1.6479,-0.3052,1,503,896,719
1233468931,242830,-0.0142,-0.0132,1.0317,-1.0986,2.1362,-0.3662,1,511,750,719
1233473929,242831,-0.0127,-0.0146,1.0322,-1.0986,2.2583,-0.3052,1,473,867,719
1233478926,242832,-0.0117,-0.0171,1.0308,-1.0986,2.6245,-0.3662,1,485,855,719
1233483928,242833,-0.0137,-0.0195,1.0239,-1.0376,3.0518,-0.4883,1,475,872,719
1233488929,242834,-0.0229,-0.0234,1.0132,-0.9155,3.1738,-0.4883,1,482,850,719
1233493924,242835,-0.0347,-0.0278,1.0054,-0.8545,2.5635,-0.6104,1,489,854,719
1233498923,242836,-0.0386,-0.0283,1.0063,-0.4883,2.0752,-0.6714,1,493,846,719
1233503927,242837,-0.0342,-0.0239,1.0132,-0.3662,1.8311,-0.7324,1,466,848,719
1233508923,242838,-0.0283,-0.0181,1.0200,-0.3662,1.4648,-0.5493,1,466,880,719
1233513923,242839,-0.0244,-0.0181,1.0225,-0.4272,1.4038,-0.5493,1,466,883,719
1233518925,242840,-0.0234,-0.0225,1.0210,-0.4272,1.5259,-0.4883,1,466,881,719
1233523930,242841,-0.0229,-0.0249,1.0205,-0.3052,1.5259,-0.3052,1,484,875,719
1233528927,242842,-0.0220,-0.0249,1.0210,-0.1831,1.6479,-0.3662,1,465,874,719
1233533929,242843,-0.0210,-0.0249,1.0210,-0.0610,1.6479,-0.2441,1,484,873,719
1233538928,242844,-0.0229,-0.0244,1.0205,0.0610,1.7700,-0.3052,1,465,906,719
1233543922,242845,-0.0254,-0.0220,1.0200,0.1221,1.8311,-0.3052,1,482,931,719
1233548924,242846,-0.0259,-0.0195,1.0200,0.1221,1.7090,-0.3052,1,469,864,719
1233553956,242847,-0.0244,-0.0190,1.0210,0.3052,1.7700,-0.1831,1,470,867,719
1233558922,242848,-0.0249,-0.0195,1.0229,0.1831,1.7090,-0.1831,1,481,873,719
1233563923,242849,-0.0244,-0.0181,1.0234,0.3052,1.8311,-0.3052,1,477,867,719
1233568922,242850,-0.0225,-0.0156,1.0229,0.1831,1.7090,-0.3052,1,491,849,719
1233573930,242851,-0.0215,-0.0161,1.0225,-0.0610,1.8311,-0.2441,1,510,754,719
1233578923,242852,-0.0239,-0.0195,1.0215,0.0000,1.8921,-0.3662,1,485,857,719
1233583930,242853,-0.0278,-0.0220,1.0200,0.1221,1.5869,-0.4272,1,478,827,719
1233588926,242854,-0.0298,-0.0229,1.0186,0.1831,1.3428,-0.4883,1,481,850,719
1233593923,242855,-0.0278,-0.0210,1.0190,0.2441,1.2207,-0.4883,1,473,879,719
1233598923,242856,-0.0254,-0.0195,1.0200,0.1221,1.1597,-0.4272,1,484,851,719
1233603929,242857,-0.0259,-0.0205,1.0181,0.2441,1.2207,-0.4272,1,482,846,719
1233608923,242858,-0.0293,-0.0205,1.0156,0.3052,0.9155,-0.4883,1,493,850,719
1233613928,242859,-0.0312,-0.0205,1.0151,0.3052,0.7324,-0.6104,1,466,875,719
1233618925,242860,-0.0308,-0.0190,1.0166,0.2441,0.4883,-0.4883,1,466,902,719
1233623924,242861,-0.0283,-0.0161,1.0205,0.1221,0.3052,-0.5493,1,466,878,719
1233628924,242862,-0.0234,-0.0166,1.0264,0.0000,0.3662,-0.4272,1,466,878,719
1233633923,242863,-0.0229,-0.0195,1.0273,-0.1221,0.3662,-0.4272,1,466,824,719
1233638923,242864,-0.0229,-0.0205,1.0269,-0.2441,0.3662,-0.3662,1,484,873,719
1233643924,242865,-0.0244,-0.0195,1.0254,-0.3052,0.5493,-0.4272,1,465,884,719
1233648923,242866,-0.0259,-0.0186,1.0239,-0.1831,0.5493,-0.3662,1,470,921,719
1233653922,242867,-0.0259,-0.0176,1.0244,-0.0610,0.4883,-0.4272,1,473,874,719
1233658938,242868,-0.0225,-0.0181,1.0264,-0.1831,0.5493,-0.3662,1,479,867,719
1233663930,242869,-0.0210,-0.0195,1.0278,-0.1831,0.7324,-0.4272,1,465,877,719
1233668928,242870,-0.0229,-0.0190,1.0264,-0.2441,0.7324,-0.3662,1,496,864,719
1233673924,242871,-0.0259,-0.0171,1.0234,-0.1831,0.6714,-0.3662,1,473,865,719
1233678923,242872,-0.0264,-0.0161,1.0225,-0.3052,0.7935,-0.3662,1,512,859,719
1233683926,242873,-0.0259,-0.0176,1.0225,-0.1831,0.9155,-0.3052,1,469,857,719
1233688927,242874,-0.0239,-0.0190,1.0225,-0.0610,0.7935,-0.3662,1,474,847,719
1233693926,242875,-0.0229,-0.0190,1.0215,0.0610,0.6714,-0.4272,1,478,849,719
1233698929,242876,-0.0244,-0.0190,1.0200,-0.0610,0.9155,-0.4883,1,487,849,719
1233703923,242877,-0.0264,-0.0186,1.0195,0.0000,0.8545,-0.3052,1,483,848,719
1233708928,242878,-0.0259,-0.0181,1.0210,0.1221,0.7935,-0.3052,1,473,798,719
1233713924,242879,-0.0229,-0.0166,1.0244,-0.1221,0.8545,-0.3052,1,489,836,719
1233718929,242880,-0.0210,-0.0151,1.0273,-0.3052,1.0986,-0.1831,1,466,848,719
1233723924,242881,-0.0215,-0.0156,1.0273,-0.4272,1.0986,-0.2441,1,466,879,719
1233728924,242882,-0.0215,-0.0186,1.0278,-0.4883,1.1597,-0.1831,1,466,885,719
1233733923,242883,-0.0215,-0.0220,1.0259,-0.3662,1.3428,-0.1221,1,466,880,719
1233738927,242884,-0.0220,-0.0220,1.0239,-0.3662,1.5259,-0.1831,1,466,875,719
1233743928,242885,-0.0229,-0.0200,1.0234,-0.4883,1.7090,-0.1221,1,465,884,719
1233748930,242886,-0.0244,-0.0181,1.0244,-0.3052,1.6479,-0.1221,1,479,864,719
1233753922,242887,-0.0249,-0.0181,1.0273,-0.3662,1.5869,-0.0610,1,465,875,719
1233758930,242888,-0.0229,-0.0171,1.0293,-0.4272,1.7700,-0.1831,1,472,921,719
1233763928,242889,-0.0195,-0.0171,1.0293,-0.6104,2.0752,-0.2441,1,465,869,719
1233768927,242890,-0.0195,-0.0200,1.0269,-0.6714,2.1973,-0.1831,1,469,865,719
1233773926,242891,-0.0225,-0.0215,1.0234,-0.5493,2.1362,-0.1831,1,471,876,719
1233778928,242892,-0.0239,-0.0210,1.0215,-0.4883,2.3193,-0.1831,1,469,883,719
1233783928,242893,-0.0259,-0.0210,1.0210,-0.3662,2.5024,-0.2441,1,470,862,719
1233788924,242894,-0.0273,-0.0215,1.0215,-0.3662,2.5635,-0.1831,1,512,859,719
1233793929,242895,-0.0288,-0.0220,1.0210,-0.1221,2.4414,-0.3052,1,472,835,719
1233798925,242896,-0.0303,-0.0229,1.0200,-0.1221,2.5024,-0.3052,1,475,856,719
1233803928,242897,-0.0298,-0.0229,1.0195,-0.0610,2.2583,-0.3052,1,475,843,719
1233808928,242898,-0.0298,-0.0215,1.0200,0.1221,2.1362,-0.3662,1,478,852,719
1233813924,242899,-0.0293,-0.0195,1.0205,0.1221,2.1973,-0.3662,1,483,851,719
1233818928,242900,-0.0288,-0.0181,1.0220,0.0610,2.1362,-0.3662,1,490,850,719
1233823922,242901,-0.0278,-0.0186,1.0229,0.0000,2.2583,-0.3662,1,487,852,719
1233828928,242902,-0.0283,-0.0200,1.0220,0.0000,2.0752,-0.3052,1,466,812,719
1233833922,242903,-0.0303,-0.0205,1.0205,-0.0610,1.9531,-0.2441,1,466,827,719
1233838927,242904,-0.0312,-0.0186,1.0195,-0.0610,1.8921,-0.3662,1,466,878,719
1233843940,242905,-0.0312,-0.0171,1.0200,-0.1221,1.6479,-0.3662,1,466,903,719
1233848930,242906,-0.0269,-0.0176,1.0225,-0.1831,1.5869,-0.1831,1,466,901,719
1233853930,242907,-0.0234,-0.0186,1.0249,-0.1831,2.0752,-0.1221,1,484,882,719
1233858927,242908,-0.0249,-0.0190,1.0254,-0.2441,1.8311,-0.0610,1,467,866,719
1233863924,242909,-0.0259,-0.0186,1.0254,-0.1221,2.0142,-0.1221,1,484,867,719
1233868922,242910,-0.0278,-0.0186,1.0244,-0.1831,2.2583,0.0000,1,474,897,719
1233873923,242911,-0.0298,-0.0200,1.0234,-0.3052,2.1973,0.0000,1,479,831,719
1233878924,242912,-0.0312,-0.0220,1.0220,-0.3052,2.0752,-0.1221,1,477,828,719
1233883949,242913,-0.0317,-0.0229,1.0200,-0.3052,2.1362,-0.0610,1,474,885,719
1233888927,242914,-0.0327,-0.0225,1.0190,-0.3052,2.0752,0.0000,1,471,876,719
1233893925,242915,-0.0337,-0.0220,1.0195,-0.1831,1.8311,-0.1221,1,493,809,719
1233898922,242916,-0.0332,-0.0239,1.0190,-0.1831,1.6479,-0.3052,1,492,856,719
1233903927,242917,-0.0327,-0.0244,1.0186,0.0000,1.5259,-0.3052,1,511,863,719
1233908927,242918,-0.0317,-0.0225,1.0200,0.0610,1.5259,-0.2441,1,466,804,719
1233913924,242919,-0.0317,-0.0215,1.0220,0.1221,1.4648,-0.2441,1,475,849,719
1233918924,242920,-0.0332,-0.0220,1.0205,0.1831,1.3428,-0.3662,1,485,853,719
1233923924,242921,-0.0352,-0.0215,1.0186,0.2441,1.2817,-0.3662,1,471,854,719
1233928926,242922,-0.0347,-0.0195,1.0190,0.1221,1.1597,-0.4883,1,482,852,719
1233933929,242923,-0.0327,-0.0176,1.0195,0.0610,1.2207,-0.4272,1,484,848,719
1233938926,242924,-0.0317,-0.0171,1.0210,0.1831,1.0986,-0.4272,1,492,854,719
1233943929,242925,-0.0312,-0.0181,1.0225,0.1831,1.0376,-0.3662,1,466,878,719
1233948923,242926,-0.0308,-0.0186,1.0239,-0.0610,1.2207,-0.3052,1,466,902,719
1233953943,242927,-0.0298,-0.0186,1.0254,-0.1831,1.2207,-0.1831,1,466,873,719
1233958930,242928,-0.0298,-0.0190,1.0239,-0.2441,1.3428,-0.1831,1,466,882,719
1233963928,242929,-0.0312,-0.0200,1.0215,-0.3052,1.4648,-0.2441,1,484,884,719
1233968926,242930,-0.0327,-0.0195,1.0215,-0.1831,1.4038,-0.2441,1,480,902,719
1233973926,242931,-0.0332,-0.0190,1.0220,-0.2441,1.2817,-0.1831,1,466,836,719
1233978929,242932,-0.0337,-0.0181,1.0215,-0.2441,1.0986,-0.3052,1,471,926,719
1233983924,242933,-0.0347,-0.0190,1.0195,-0.2441,0.9155,-0.2441,1,471,864,719
1233988939,242934,-0.0366,-0.0210,1.0176,-0.2441,0.9155,-0.2441,1,481,883,719
1233993928,242935,-0.0371,-0.0210,1.0171,-0.2441,0.4883,-0.1831,1,467,880,719
1233998926,242936,-0.0361,-0.0205,1.0186,-0.2441,0.3052,-0.3052,1,504,858,719
1234003928,242937,-0.0342,-0.0195,1.0215,-0.1831,0.2441,-0.2441,1,481,855,719
1234008928,242938,-0.0332,-0.0200,1.0239,-0.1831,0.0000,-0.1221,1,511,864,719
1234013927,242939,-0.0327,-0.0220,1.0239,-0.1221,0.0610,-0.2441,1,465,805,719
1234018925,242940,-0.0327,-0.0229,1.0229,-0.1221,0.0000,-0.3052,1,490,860,719
1234023928,242941,-0.0332,-0.0220,1.0215,-0.1831,-0.0610,-0.2441,1,482,823,719
1234028926,242942,-0.0332,-0.0200,1.0210,-0.1221,-0.1221,-0.3052,1,490,875,719
1234033924,242943,-0.0322,-0.0195,1.0225,-0.1221,-0.2441,-0.4272,1,476,839,719
1234038928,242944,-0.0308,-0.0205,1.0239,-0.1221,-0.1831,-0.3052,1,476,854,719
1234043929,242945,-0.0308,-0.0220,1.0239,-0.1221,-0.3052,-0.2441,1,493,845,719
1234048928,242946,-0.0317,-0.0225,1.0225,-0.0610,-0.3052,-0.2441,1,466,846,719
1234053923,242947,-0.0332,-0.0220,1.0200,0.0610,-0.4272,-0.1831,1,466,874,719
1234058923,242948,-0.0337,-0.0210,1.0195,0.1221,-0.4272,-0.3662,1,466,880,719
1234063922,242949,-0.0332,-0.0215,1.0210,0.0610,-0.4883,-0.3052,1,466,878,719
1234068922,242950,-0.0317,-0.0220,1.0229,0.1221,-0.4883,-0.3052,1,483,872,719
1234073925,242951,-0.0303,-0.0215,1.0244,0.1831,-0.5493,-0.3052,1,466,864,719
1234078928,242952,-0.0298,-0.0220,1.0239,0.1221,-0.4883,-0.3662,1,484,810,719
1234083926,242953,-0.0293,-0.0229,1.0225,0.1831,-0.4883,-0.3662,1,470,904,719
1234088928,242954,-0.0293,-0.0229,1.0215,0.3662,-0.4272,-0.3052,1,479,871,719
1234093925,242955,-0.0303,-0.0225,1.0205,0.3662,-0.3662,-0.4272,1,481,875,719
1234098925,242956,-0.0312,-0.0215,1.0205,0.3662,-0.4272,-0.3052,1,467,877,719
1234103930,242957,-0.0308,-0.0200,1.0215,0.4883,-0.5493,-0.2441,1,496,900,719
1234108924,242958,-0.0298,-0.0200,1.0225,0.5493,-0.5493,-0.3052,1,494,858,719
1234113926,242959,-0.0288,-0.0215,1.0234,0.4883,-0.3052,-0.3662,1,512,855,719
1234118929,242960,-0.0283,-0.0200,1.0244,0.6104,-0.3662,-0.2441,1,464,873,719
1234123926,242961,-0.0298,-0.0186,1.0239,0.5493,-0.3052,-0.3052,1,491,863,719
1234128923,242962,-0.0317,-0.0186,1.0229,0.5493,-0.3052,-0.3662,1,481,845,719
1234133922,242963,-0.0317,-0.0195,1.0239,0.6714,-0.1831,-0.3052,1,471,853,719
1234138925,242964,-0.0293,-0.0195,1.0254,0.5493,-0.1831,-0.1831,1,491,851,719
1234143929,242965,-0.0264,-0.0200,1.0259,0.4883,-0.1221,-0.2441,1,476,855,719
1234148922,242966,-0.0264,-0.0195,1.0254,0.4272,0.0610,-0.3662,1,492,846,719
1234153924,242967,-0.0283,-0.0195,1.0249,0.4883,0.0000,-0.3052,1,466,878,719
1234158924,242968,-0.0303,-0.0200,1.0234,0.5493,0.1221,-0.3052,1,465,834,719
1234163934,242969,-0.0303,-0.0205,1.0229,0.4883,0.1831,-0.3052,1,466,872,719
1234168924,242970,-0.0288,-0.0215,1.0220,0.4883,0.1221,-0.3052,1,466,874,719
1234173925,242971,-0.0288,-0.0215,1.0220,0.6104,0.1831,-0.4272,1,484,871,719
1234178930,242972,-0.0298,-0.0215,1.0225,0.6104,0.1221,-0.3662,1,469,867,719
1234183928,242973,-0.0298,-0.0210,1.0225,0.6104,0.1831,-0.3662,1,484,814,719
1234188923,242974,-0.0298,-0.0215,1.0215,0.6714,0.3052,-0.3052,1,472,902,719
1234193925,242975,-0.0317,-0.0220,1.0205,0.8545,0.3052,-0.3052,1,481,857,719
1234198930,242976,-0.0327,-0.0205,1.0200,0.7935,0.1221,-0.3662,1,481,870,719
1234203943,242977,-0.0312,-0.0181,1.0205,0.7324,0.1831,-0.4272,1,477,875,719
1234208927,242978,-0.0303,-0.0176,1.0220,0.5493,0.3662,-0.3662,1,468,858,719
1234213928,242979,-0.0312,-0.0181,1.0225,0.6104,0.1221,-0.3052,1,510,860,719
1234218928,242980,-0.0312,-0.0186,1.0234,0.6104,0.1221,-0.3052,1,501,871,719
1234223923,242981,-0.0293,-0.0171,1.0244,0.6714,0.2441,-0.3052,1,464,791,719
1234228923,242982,-0.0283,-0.0176,1.0244,0.5493,0.3052,-0.3662,1,483,844,719
1234233929,242983,-0.0293,-0.0195,1.0239,0.4883,0.3662,-0.3662,1,491,853,719
1234238923,242984,-0.0298,-0.0195,1.0239,0.6104,0.3052,-0.4272,1,483,854,719
1234243928,242985,-0.0303,-0.0190,1.0239,0.5493,0.2441,-0.3662,1,471,847,719
1234248927,242986,-0.0312,-0.0195,1.0239,0.5493,0.4272,-0.4272,1,471,855,719
1234253923,242987,-0.0317,-0.0210,1.0229,0.6104,0.4272,-0.4272,1,478,881,719
1234258923,242988,-0.0322,-0.0200,1.0215,0.6104,0.3662,-0.4883,1,493,851,719
1234263927,242989,-0.0322,-0.0186,1.0205,0.5493,0.4272,-0.4883,1,466,875,719
1234268926,242990,-0.0322,-0.0190,1.0210,0.6714,0.1221,-0.4272,1,466,880,719
1234273922,242991,-0.0303,-0.0176,1.0225,0.6714,0.0610,-0.4883,1,466,876,719
1234278930,242992,-0.0293,-0.0161,1.0229,0.7324,0.2441,-0.5493,1,466,870,719
1234283927,242993,-0.0298,-0.0166,1.0215,0.7324,0.2441,-0.5493,1,484,887,719
1234288930,242994,-0.0308,-0.0171,1.0195,0.6104,0.1221,-0.4883,1,479,873,719
1234293925,242995,-0.0308,-0.0176,1.0195,0.4883,0.1831,-0.5493,1,465,866,719
1234298922,242996,-0.0303,-0.0181,1.0215,0.3662,0.1221,-0.4883,1,466,919,719
1234303928,242997,-0.0298,-0.0181,1.0234,0.4272,0.1221,-0.4272,1,469,859,719
1234308926,242998,-0.0298,-0.0186,1.0234,0.4272,0.0610,-0.4272,1,465,866,719
1234313955,242999,-0.0303,-0.0190,1.0210,0.3662,0.1221,-0.3662,1,469,877,719
1234318922,243000,-0.0303,-0.0205,1.0200,0.3662,0.1221,-0.4272,1,482,871,719
1234323925,243001,-0.0298,-0.0205,1.0210,0.3052,0.0610,-0.4272,1,471,854,719
1234328928,243002,-0.0288,-0.0190,1.0229,0.3662,0.0610,-0.3662,1,510,851,719
1234333923,243003,-0.0273,-0.0176,1.0239,0.3662,0.1221,-0.4272,1,464,808,719
1234338924,243004,-0.0278,-0.0171,1.0234,0.2441,0.1831,-0.4272,1,476,874,719
1234343928,243005,-0.0293,-0.0181,1.0225,0.3662,0.2441,-0.3662,1,481,857,719
1234348928,243006,-0.0308,-0.0200,1.0229,0.4272,0.2441,-0.4272,1,483,851,719
1234353926,243007,-0.0312,-0.0205,1.0239,0.3662,0.1831,-0.3052,1,490,872,719
1234358930,243008,-0.0308,-0.0195,1.0244,0.4883,0.1831,-0.4272,1,473,876,719
1234363930,243009,-0.0298,-0.0181,1.0239,0.6714,0.1221,-0.4272,1,492,852,719
1234368923,243010,-0.0298,-0.0181,1.0225,0.5493,0.2441,-0.4272,1,493,846,719
1234373931,243011,-0.0293,-0.0190,1.0225,0.4272,0.1831,-0.3662,1,465,850,719
1234378929,243012,-0.0273,-0.0176,1.0244,0.4272,0.0610,-0.3052,1,466,880,719
1234383932,243013,-0.0269,-0.0161,1.0259,0.3052,0.4883,-0.3052,1,466,877,719
1234388924,243014,-0.0273,-0.0151,1.0244,0.2441,0.4883,-0.4272,1,465,872,719
1234393924,243015,-0.0288,-0.0166,1.0229,0.3052,0.4883,-0.4883,1,484,886,719
1234398929,243016,-0.0293,-0.0186,1.0234,0.4883,0.4272,-0.3662,1,465,869,719
1234403928,243017,-0.0293,-0.0195,1.0239,0.4883,0.3662,-0.3662,1,484,869,719
1234408930,243018,-0.0308,-0.0195,1.0244,0.3662,0.3052,-0.4272,1,465,911,719
1234413923,243019,-0.0298,-0.0181,1.0244,0.4883,0.3052,-0.4883,1,482,919,719
1234418926,243020,-0.0278,-0.0161,1.0239,0.4272,0.5493,-0.4883,1,467,869,719
1234423934,243021,-0.0303,-0.0166,1.0215,0.3662,0.5493,-0.4272,1,482,885,719
1234428928,243022,-0.0317,-0.0181,1.0210,0.4883,0.5493,-0.4272,1,478,879,719
1234433930,243023,-0.0322,-0.0181,1.0215,0.4272,0.4883,-0.4883,1,506,858,719
1234438922,243024,-0.0312,-0.0166,1.0229,0.4883,0.3052,-0.4883,1,478,856,719
1234443925,243025,-0.0293,-0.0171,1.0244,0.4883,0.2441,-0.4883,1,510,881,719
1234448930,243026,-0.0293,-0.0171,1.0244,0.3662,0.3052,-0.4272,1,464,810,719
1234453929,243027,-0.0293,-0.0166,1.0239,0.3662,0.2441,-0.4272,1,474,848,719
1234458929,243028,-0.0293,-0.0166,1.0229,0.3662,0.3052,-0.4272,1,481,857,719
1234463922,243029,-0.0303,-0.0171,1.0220,0.3662,0.3662,-0.4272,1,485,853,719
1234468926,243030,-0.0312,-0.0166,1.0220,0.3052,0.3052,-0.4272,1,475,847,719
1234473924,243031,-0.0322,-0.0166,1.0215,0.2441,0.1831,-0.3052,1,488,870,719
1234478925,243032,-0.0308,-0.0181,1.0225,0.2441,-0.1221,-0.3052,1,469,852,719
1234483928,243033,-0.0278,-0.0186,1.0249,0.3052,0.0610,-0.3662,1,492,840,719
1234488930,243034,-0.0269,-0.0176,1.0259,0.4272,0.3052,-0.3052,1,466,876,719
1234493931,243035,-0.0278,-0.0161,1.0259,0.2441,0.3662,-0.3662,1,466,900,719
1234498937,243036,-0.0293,-0.0171,1.0244,0.2441,0.4272,-0.3662,1,466,887,719
1234503931,243037,-0.0298,-0.0181,1.0239,0.3052,0.4272,-0.3052,1,466,882,719
1234508929,243038,-0.0298,-0.0181,1.0234,0.3052,0.4272,-0.4272,1,483,872,719
1234513925,243039,-0.0293,-0.0186,1.0225,0.3052,0.3052,-0.3662,1,467,865,719
1234518923,243040,-0.0293,-0.0186,1.0210,0.3662,0.4883,-0.2441,1,484,860,719
1234523927,243041,-0.0303,-0.0181,1.0215,0.4272,0.4272,-0.2441,1,476,904,719
1234528930,243042,-0.0303,-0.0181,1.0229,0.4272,0.3052,-0.3662,1,476,866,719
1234533930,243043,-0.0308,-0.0181,1.0229,0.4883,0.4272,-0.3662,1,474,871,719
1234538925,243044,-0.0308,-0.0181,1.0225,0.4883,0.4272,-0.3662,1,474,875,719
1234543928,243045,-0.0293,-0.0186,1.0225,0.4272,0.4883,-0.4272,1,480,855,719
1234548927,243046,-0.0288,-0.0186,1.0220,0.4272,0.4883,-0.3052,1,500,859,719
1234553926,243047,-0.0312,-0.0161,1.0205,0.3662,0.3052,-0.3662,1,485,856,719
1234558925,243048,-0.0327,-0.0146,1.0210,0.3052,0.0610,-0.3052,1,512,886,719
1234563922,243049,-0.0322,-0.0151,1.0234,0.2441,0.0610,-0.3052,1,483,852,719
1234568928,243050,-0.0317,-0.0161,1.0234,0.1221,0.1831,-0.3052,1,492,862,719
1234573925,243051,-0.0308,-0.0166,1.0234,0.1221,0.2441,-0.3052,1,479,851,719
1234578931,243052,-0.0303,-0.0161,1.0239,0.1221,0.0610,-0.3052,1,488,846,719
1234583924,243053,-0.0303,-0.0156,1.0249,-0.1221,-0.0610,-0.1831,1,486,842,719
1234588925,243054,-0.0293,-0.0161,1.0249,0.0000,0.1221,-0.1831,1,476,848,719
1234593922,243055,-0.0278,-0.0166,1.0249,0.0610,0.0610,-0.1831,1,493,806,719
1234598922,243056,-0.0269,-0.0166,1.0249,0.0000,0.0610,-0.1831,1,466,880,719
1234603927,243057,-0.0264,-0.0166,1.0244,-0.0610,0.1221,-0.2441,1,466,834,719
1234608926,243058,-0.0278,-0.0190,1.0239,0.0000,0.1831,-0.1831,1,465,880,719
1234613924,243059,-0.0298,-0.0195,1.0225,0.1221,0.3052,-0.1831,1,466,839,719
1234618924,243060,-0.0303,-0.0171,1.0220,0.1221,0.2441,-0.1831,1,484,873,719
1234623928,243061,-0.0293,-0.0151,1.0234,0.0610,0.3662,-0.3052,1,465,863,719
1234628923,243062,-0.0293,-0.0151,1.0239,0.1221,0.4272,-0.3052,1,484,867,719
1234633925,243063,-0.0298,-0.0151,1.0239,0.1221,0.4272,-0.3052,1,465,876,719
1234638927,243064,-0.0293,-0.0151,1.0239,-0.0610,0.4272,-0.3052,1,472,932,719
1234643925,243065,-0.0278,-0.0161,1.0244,0.0000,0.5493,-0.3662,1,470,867,719
1234648923,243066,-0.0283,-0.0166,1.0249,0.1831,0.6714,-0.3052,1,476,794,719
1234653922,243067,-0.0303,-0.0151,1.0239,0.0000,0.7935,-0.4272,1,477,879,719
1234658925,243068,-0.0298,-0.0146,1.0220,-0.1221,0.8545,-0.3662,1,474,815,719
1234663924,243069,-0.0288,-0.0151,1.0229,-0.1831,0.9155,-0.1831,1,471,859,719
1234668926,243070,-0.0278,-0.0151,1.0259,-0.1831,0.8545,-0.1831,1,510,871,719
1234673922,243071,-0.0278,-0.0166,1.0264,-0.2441,1.0376,-0.1831,1,511,864,719
1234678924,243072,-0.0288,-0.0181,1.0244,-0.2441,1.0376,-0.1831,1,475,835,719
1234683922,243073,-0.0288,-0.0186,1.0220,-0.0610,1.2207,-0.2441,1,479,854,719
1234688924,243074,-0.0308,-0.0186,1.0210,-0.1221,1.1597,-0.3052,1,485,851,719
1234693927,243075,-0.0322,-0.0181,1.0205,-0.2441,1.1597,-0.3662,1,486,865,719
1234698930,243076,-0.0317,-0.0176,1.0215,-0.1831,1.2817,-0.2441,1,491,880,719
1234703925,243077,-0.0303,-0.0161,1.0234,-0.1221,1.2207,-0.1831,1,488,857,719
1234708926,243078,-0.0298,-0.0161,1.0244,-0.1831,1.1597,-0.1831,1,489,852,719
1234713927,243079,-0.0288,-0.0171,1.0234,-0.1221,1.2207,-0.1831,1,466,857,719
1234718923,243080,-0.0288,-0.0181,1.0229,-0.2441,1.2207,-0.1221,1,466,880,719
1234723932,243081,-0.0288,-0.0181,1.0239,-0.3052,1.4038,-0.1831,1,466,880,719
1234728924,243082,-0.0298,-0.0166,1.0239,-0.3052,1.5259,-0.3052,1,466,880,719
1234733924,243083,-0.0312,-0.0161,1.0239,-0.1831,1.4648,-0.2441,1,483,875,719
1234738923,243084,-0.0308,-0.0186,1.0234,-0.2441,1.5259,-0.2441,1,467,915,719
1234743923,243085,-0.0308,-0.0205,1.0225,-0.2441,1.6479,-0.3052,1,484,871,719
1234748927,243086,-0.0317,-0.0205,1.0225,-0.1831,1.4648,-0.2441,1,474,904,719
1234753927,243087,-0.0317,-0.0186,1.0229,-0.1831,1.4648,-0.2441,1,472,876,719
1234758928,243088,-0.0298,-0.0161,1.0244,-0.1831,1.6479,-0.3052,1,472,878,719
1234763940,243089,-0.0283,-0.0146,1.0264,-0.1221,1.8311,-0.3662,1,470,882,719
1234768928,243090,-0.0283,-0.0156,1.0259,-0.1831,1.8921,-0.3052,1,482,878,719
1234773927,243091,-0.0298,-0.0176,1.0234,-0.3052,1.8311,-0.2441,1,470,858,719
1234778929,243092,-0.0308,-0.0181,1.0229,-0.3662,2.0142,-0.1831,1,484,856,719
1234783925,243093,-0.0303,-0.0171,1.0244,-0.3052,2.0752,-0.2441,1,511,858,719
1234788926,243094,-0.0288,-0.0161,1.0249,-0.4272,2.1973,-0.4272,1,468,853,719
1234793930,243095,-0.0283,-0.0166,1.0239,-0.4272,2.3804,-0.3662,1,476,861,719
1234798929,243096,-0.0293,-0.0166,1.0244,-0.3662,2.3804,-0.3662,1,481,858,719
1234803923,243097,-0.0293,-0.0166,1.0249,-0.4883,2.5635,-0.3662,1,490,857,719
1234808931,243098,-0.0298,-0.0166,1.0254,-0.6714,2.7466,-0.3662,1,473,856,719
1234813930,243099,-0.0298,-0.0161,1.0278,-0.6714,2.6245,-0.3052,1,471,853,719
1234818931,243100,-0.0288,-0.0146,1.0298,-0.6714,2.6245,-0.1831,1,493,854,719
1234823927,243101,-0.0273,-0.0132,1.0312,-0.7935,2.8076,-0.2441,1,466,859,719
1234828922,243102,-0.0278,-0.0142,1.0312,-0.8545,3.1128,-0.3662,1,466,911,719
1234833935,243103,-0.0278,-0.0181,1.0293,-0.9155,3.2349,-0.4272,1,466,912,719
1234838926,243104,-0.0283,-0.0200,1.0273,-0.8545,3.4790,-0.3052,1,466,883,719
1234843929,243105,-0.0322,-0.0186,1.0249,-0.9766,3.6011,-0.3662,1,483,880,719
1234848929,243106,-0.0376,-0.0181,1.0205,-0.9766,3.5400,-0.3662,1,469,869,719
1234853927,243107,-0.0430,-0.0200,1.0137,-0.9155,3.4180,-0.4272,1,484,865,719
1234858922,243108,-0.0459,-0.0229,1.0088,-0.6714,3.1128,-0.4883,1,479,908,719
1234863922,243109,-0.0439,-0.0239,1.0103,-0.4883,2.6855,-0.4883,1,465,866,719
1234868924,243110,-0.0391,-0.0225,1.0156,-0.3052,2.4414,-0.4883,1,469,880,719
1234873935,243111,-0.0356,-0.0205,1.0210,-0.3662,2.3804,-0.4272,1,469,873,719
1234878930,243112,-0.0347,-0.0186,1.0239,-0.3662,2.3193,-0.4272,1,465,861,719
1234883929,243113,-0.0352,-0.0166,1.0239,-0.3662,2.3193,-0.4272,1,494,869,719
1234888930,243114,-0.0366,-0.0156,1.0220,-0.6104,2.1973,-0.4883,1,497,869,719
1234893929,243115,-0.0371,-0.0176,1.0200,-0.6104,2.1973,-0.4883,1,464,803,719
1234898922,243116,-0.0386,-0.0195,1.0181,-0.4272,1.9531,-0.4272,1,476,827,719
1234903922,243117,-0.0391,-0.0200,1.0186,-0.4883,1.7090,-0.3662,1,490,853,719
1234908922,243118,-0.0381,-0.0195,1.0215,-0.5493,1.8921,-0.5493,1,492,843,719
1234913925,243119,-0.0376,-0.0195,1.0220,-0.4272,1.7090,-0.5493,1,476,850,719
1234918928,243120,-0.0366,-0.0195,1.0205,-0.3662,1.6479,-0.4883,1,478,852,719
1234923923,243121,-0.0361,-0.0195,1.0176,-0.4272,1.8311,-0.5493,1,479,856,719
1234928924,243122,-0.0386,-0.0210,1.0151,-0.3662,1.5259,-0.4272,1,493,854,719
1234933924,243123,-0.0430,-0.0225,1.0127,-0.3052,1.3428,-0.4272,1,466,880,719
1234938930,243124,-0.0444,-0.0239,1.0127,-0.2441,0.9766,-0.5493,1,466,873,719
1234943929,243125,-0.0420,-0.0249,1.0156,-0.0610,0.7324,-0.5493,1,466,884,719
1234948922,243126,-0.0386,-0.0225,1.0195,-0.0610,0.6104,-0.5493,1,483,883,719
1234953925,243127,-0.0366,-0.0195,1.0205,-0.1221,0.6714,-0.5493,1,466,864,719
1234958930,243128,-0.0391,-0.0190,1.0171,-0.1221,0.7935,-0.6104,1,484,869,719
1234963929,243129,-0.0435,-0.0200,1.0132,0.0000,0.4883,-0.5493,1,465,893,719
1234968927,243130,-0.0439,-0.0205,1.0137,0.0610,0.0000,-0.4272,1,469,828,719
1234973928,243131,-0.0400,-0.0195,1.0171,0.1221,-0.0610,-0.4272,1,475,831,719
1234978929,243132,-0.0361,-0.0186,1.0210,0.1221,0.0610,-0.3662,1,475,870,719
1234983929,243133,-0.0347,-0.0181,1.0234,0.1221,0.0610,-0.4272,1,478,854,719
1234988928,243134,-0.0361,-0.0195,1.0225,0.2441,-0.0610,-0.2441,1,506,854,719
1234993925,243135,-0.0381,-0.0210,1.0205,0.2441,-0.1831,-0.2441,1,488,863,719
1234998924,243136,-0.0386,-0.0210,1.0190,0.1831,-0.1831,-0.3052,1,493,785,719
1235003929,243137,-0.0381,-0.0200,1.0195,0.1831,-0.2441,-0.2441,1,480,827,719
1235008922,243138,-0.0371,-0.0195,1.0225,0.1221,-0.1831,-0.4272,1,472,853,719
1235013922,243139,-0.0361,-0.0190,1.0254,0.1221,-0.2441,-0.3052,1,491,853,719
1235018926,243140,-0.0352,-0.0186,1.0259,0.2441,-0.2441,-0.3052,1,477,847,719
1235023924,243141,-0.0342,-0.0195,1.0254,0.1831,-0.2441,-0.3052,1,480,848,719
1235028928,243142,-0.0342,-0.0200,1.0244,0.1831,-0.1831,-0.3052,1,483,850,719
1235033922,243143,-0.0356,-0.0200,1.0229,0.0610,-0.1221,-0.3662,1,494,850,719
1235038928,243144,-0.0376,-0.0205,1.0210,0.1221,-0.1221,-0.4272,1,466,876,719
1235043929,243145,-0.0386,-0.0215,1.0190,0.1831,-0.2441,-0.4272,1,466,869,719
1235048922,243146,-0.0381,-0.0205,1.0200,0.1831,-0.4272,-0.3052,1,466,881,719
1235053926,243147,-0.0366,-0.0186,1.0210,0.1831,-0.4883,-0.3662,1,483,876,719
1235058925,243148,-0.0352,-0.0181,1.0225,0.1831,-0.3662,-0.3052,1,465,880,719
1235063928,243149,-0.0342,-0.0176,1.0229,0.1221,-0.3662,-0.3052,1,484,863,719
1235068925,243150,-0.0342,-0.0171,1.0229,0.1831,-0.3052,-0.3052,1,465,873,719
1235073930,243151,-0.0347,-0.0186,1.0220,0.0000,-0.1831,-0.2441,1,473,862,719
1235078926,243152,-0.0352,-0.0205,1.0220,0.1221,-0.1221,-0.3052,1,469,824,719
1235083923,243153,-0.0376,-0.0205,1.0220,0.2441,-0.2441,-0.3052,1,476,858,719
1235088951,243154,-0.0386,-0.0210,1.0210,0.2441,-0.2441,-0.3052,1,479,875,719
1235093922,243155,-0.0381,-0.0205,1.0205,0.2441,-0.4272,-0.2441,1,476,855,719
1235098926,243156,-0.0381,-0.0195,1.0220,0.2441,-0.5493,-0.3662,1,478,861,719
1235103924,243157,-0.0371,-0.0186,1.0234,0.3662,-0.4883,-0.3662,1,508,864,719
1235108926,243158,-0.0356,-0.0176,1.0254,0.3052,-0.3662,-0.3052,1,494,864,719
1235113925,243159,-0.0332,-0.0176,1.0254,0.3662,-0.2441,-0.2441,1,471,855,719
1235118930,243160,-0.0327,-0.0181,1.0220,0.3052,-0.3052,-0.4272,1,480,856,719
1235123929,243161,-0.0347,-0.0195,1.0190,0.2441,-0.3662,-0.4272,1,480,844,719
1235128925,243162,-0.0371,-0.0190,1.0186,0.3052,-0.4272,-0.3052,1,489,876,719
1235133927,243163,-0.0366,-0.0181,1.0210,0.2441,-0.4883,-0.3662,1,478,845,719
1235138926,243164,-0.0337,-0.0181,1.0249,0.2441,-0.4272,-0.3662,1,482,849,719
1235143926,243165,-0.0317,-0.0181,1.0269,0.3662,-0.3662,-0.3052,1,492,854,719
1235148923,243166,-0.0332,-0.0176,1.0244,0.2441,-0.1221,-0.3052,1,465,875,719
1235153928,243167,-0.0352,-0.0176,1.0205,0.1831,-0.1831,-0.3052,1,466,877,719
1235158929,243168,-0.0361,-0.0176,1.0200,0.1831,-0.4272,-0.2441,1,465,878,719
1235163928,243169,-0.0347,-0.0176,1.0225,0.2441,-0.4883,-0.2441,1,466,884,719
1235168930,243170,-0.0337,-0.0161,1.0234,0.1831,-0.3662,-0.2441,1,465,878,719
1235173924,243171,-0.0337,-0.0142,1.0234,0.0610,-0.1831,-0.2441,1,484,876,719
1235178929,243172,-0.0332,-0.0146,1.0234,0.0610,-0.0610,-0.3052,1,466,878,719
1235183929,243173,-0.0322,-0.0166,1.0229,0.0610,-0.1221,-0.1831,1,467,919,719
1235188928,243174,-0.0327,-0.0190,1.0234,0.0610,0.0000,-0.2441,1,465,872,719
1235193928,243175,-0.0332,-0.0205,1.0249,0.0610,0.1831,-0.2441,1,469,835,719
1235198956,243176,-0.0342,-0.0195,1.0249,0.0610,0.1831,-0.1831,1,471,837,719
1235203928,243177,-0.0352,-0.0186,1.0225,0.0000,0.0610,-0.3662,1,468,865,719
1235208928,243178,-0.0342,-0.0186,1.0244,0.1221,0.1221,-0.1221,1,494,810,719
1235213924,243179,-0.0342,-0.0181,1.0249,0.0610,0.1221,-0.2441,1,484,849,719
1235218925,243180,-0.0352,-0.0186,1.0239,0.0610,0.2441,-0.3052,1,494,748,719
1235223929,243181,-0.0347,-0.0190,1.0229,0.0610,0.1831,-0.1831,1,480,855,719
1235228924,243182,-0.0342,-0.0181,1.0225,0.0610,0.1221,-0.2441,1,486,853,719
1235233927,243183,-0.0342,-0.0181,1.0220,0.0610,0.1221,-0.1831,1,474,842,719
1235238922,243184,-0.0356,-0.0181,1.0225,0.0610,0.1831,-0.3662,1,478,863,719
1235243923,243185,-0.0371,-0.0181,1.0234,-0.0610,0.1831,-0.3662,1,483,849,719
1235248922,243186,-0.0356,-0.0186,1.0254,-0.0610,0.3052,-0.2441,1,488,852,719
1235253931,243187,-0.0342,-0.0186,1.0264,-0.1221,0.3662,-0.1221,1,492,847,719
1235258931,243188,-0.0337,-0.0176,1.0254,-0.0610,0.2441,-0.1831,1,466,871,719
1235263928,243189,-0.0342,-0.0171,1.0229,-0.1831,0.3052,-0.3052,1,466,878,719
1235268931,243190,-0.0347,-0.0176,1.0220,-0.1221,0.3052,-0.3052,1,466,873,719
1235273925,243191,-0.0347,-0.0171,1.0220,-0.1221,0.4272,-0.2441,1,466,866,719
1235278925,243192,-0.0347,-0.0181,1.0220,-0.1831,0.4272,-0.2441,1,465,875,719
1235283923,243193,-0.0327,-0.0195,1.0220,-0.1831,0.4883,-0.3052,1,484,869,719
1235288922,243194,-0.0322,-0.0195,1.0225,-0.2441,0.4883,-0.3052,1,466,907,719
1235293929,243195,-0.0332,-0.0195,1.0234,-0.2441,0.5493,-0.3052,1,481,919,719
1235298923,243196,-0.0332,-0.0195,1.0225,-0.0610,0.6104,-0.3662,1,473,874,719
1235303924,243197,-0.0342,-0.0205,1.0215,-0.0610,0.6104,-0.3052,1,465,876,719
1235308945,243198,-0.0347,-0.0210,1.0215,0.0610,0.4883,-0.2441,1,467,850,719
1235313929,243199,-0.0342,-0.0195,1.0225,-0.0610,0.6104,-0.4272,1,472,854,719
1235318928,243200,-0.0337,-0.0181,1.0234,-0.0610,0.6714,-0.4883,1,492,857,719
1235323922,243201,-0.0337,-0.0181,1.0234,-0.1221,0.6104,-0.4272,1,508,853,719
1235328930,243202,-0.0332,-0.0190,1.0225,0.0000,0.7935,-0.4272,1,465,853,719
1235333929,243203,-0.0332,-0.0200,1.0220,0.0000,0.7324,-0.3052,1,485,805,719
1235338923,243204,-0.0342,-0.0190,1.0215,0.0000,0.7324,-0.1831,1,473,802,719
1235343926,243205,-0.0356,-0.0166,1.0220,-0.1221,0.6104,-0.3662,1,480,805,719
1235348924,243206,-0.0361,-0.0151,1.0239,-0.1221,0.7324,-0.3052,1,487,849,719
1235353930,243207,-0.0347,-0.0146,1.0259,-0.2441,0.7324,-0.3052,1,476,851,719
1235358925,243208,-0.0332,-0.0161,1.0269,-0.3662,0.7935,-0.3052,1,493,851,719
1235363922,243209,-0.0337,-0.0205,1.0259,-0.3052,0.9155,-0.3662,1,466,878,719
1235368927,243210,-0.0347,-0.0229,1.0244,-0.1831,1.1597,-0.3052,1,466,876,719
1235373923,243211,-0.0347,-0.0210,1.0239,-0.1221,1.0376,-0.1831,1,466,880,719
1235378922,243212,-0.0347,-0.0181,1.0234,-0.2441,0.9766,-0.3052,1,466,876,719
1235383924,243213,-0.0352,-0.0176,1.0225,-0.1831,1.0986,-0.4272,1,466,872,719
1235388931,243214,-0.0366,-0.0195,1.0215,-0.3052,1.0376,-0.3052,1,482,870,719
1235393924,243215,-0.0371,-0.0215,1.0215,-0.3052,1.0376,-0.3052,1,465,871,719
1235398926,243216,-0.0361,-0.0210,1.0225,-0.1831,1.0376,-0.3662,1,469,860,719
1235403923,243217,-0.0356,-0.0195,1.0229,-0.2441,1.1597,-0.2441,1,472,868,719
1235408930,243218,-0.0356,-0.0195,1.0225,-0.2441,1.2207,-0.2441,1,481,886,719
1235413936,243219,-0.0356,-0.0195,1.0215,-0.1831,1.0986,-0.3052,1,477,839,719
1235418930,243220,-0.0361,-0.0190,1.0205,-0.1831,1.0376,-0.2441,1,474,862,719
1235423926,243221,-0.0366,-0.0190,1.0210,-0.2441,1.0376,-0.3052,1,502,865,719
1235428931,243222,-0.0366,-0.0190,1.0225,-0.2441,0.9155,-0.3662,1,499,855,719
1235433928,243223,-0.0356,-0.0200,1.0225,-0.2441,0.9155,-0.3052,1,493,809,719
1235438926,243224,-0.0352,-0.0210,1.0225,-0.1831,0.9766,-0.3052,1,474,830,719
1235443927,243225,-0.0366,-0.0215,1.0220,-0.1221,0.9155,-0.4272,1,476,845,719
1235448930,243226,-0.0376,-0.0225,1.0220,-0.0610,0.9155,-0.4272,1,483,850,719
1235453922,243227,-0.0371,-0.0225,1.0215,-0.0610,0.9155,-0.3052,1,489,869,719
1235458923,243228,-0.0361,-0.0205,1.0200,0.0000,0.9155,-0.3662,1,480,846,719
1235463926,243229,-0.0366,-0.0186,1.0205,-0.0610,0.8545,-0.4883,1,480,807,719
1235468929,243230,-0.0381,-0.0176,1.0215,-0.1221,0.8545,-0.4272,1,493,847,719
1235473924,243231,-0.0371,-0.0190,1.0215,0.0000,0.9155,-0.4272,1,466,843,719
1235478925,243232,-0.0352,-0.0195,1.0215,-0.0610,0.9766,-0.4272,1,466,835,719
1235483927,243233,-0.0352,-0.0200,1.0220,-0.0610,0.7935,-0.3052,1,466,876,719
1235488924,243234,-0.0356,-0.0210,1.0215,0.0000,0.7324,-0.3052,1,483,869,719
1235493925,243235,-0.0361,-0.0225,1.0210,0.0610,0.7324,-0.3052,1,466,818,719
1235498925,243236,-0.0366,-0.0215,1.0200,-0.1221,0.7935,-0.3662,1,484,862,719
1235503922,243237,-0.0381,-0.0210,1.0195,-0.1221,0.7324,-0.3052,1,465,903,719
1235508928,243238,-0.0391,-0.0205,1.0205,0.0000,0.5493,-0.2441,1,467,860,719
1235513927,243239,-0.0391,-0.0200,1.0215,0.0610,0.4883,-0.3052,1,465,831,719
1235518931,243240,-0.0391,-0.0195,1.0215,0.1221,0.4272,-0.2441,1,470,819,719
1235523925,243241,-0.0386,-0.0195,1.0205,0.0610,0.3662,-0.3052,1,467,857,719
1235528925,243242,-0.0371,-0.0215,1.0190,0.0610,0.3052,-0.3662,1,472,855,719
1235533922,243243,-0.0361,-0.0200,1.0205,0.1221,0.0610,-0.2441,1,483,856,719
1235538931,243244,-0.0356,-0.0161,1.0234,-0.0610,0.0610,-0.2441,1,511,856,719
1235543924,243245,-0.0342,-0.0146,1.0249,-0.1831,0.2441,-0.2441,1,493,778,719
1235548925,243246,-0.0342,-0.0176,1.0239,-0.1831,0.4272,-0.1831,1,478,869,719
1235553931,243247,-0.0361,-0.0205,1.0215,-0.1221,0.3662,-0.1831,1,485,855,719
1235558930,243248,-0.0386,-0.0200,1.0190,-0.1221,0.3052,-0.1831,1,488,852,719
1235563924,243249,-0.0391,-0.0181,1.0181,-0.2441,0.0000,-0.1831,1,473,843,719
1235568927,243250,-0.0376,-0.0190,1.0195,-0.1221,0.1831,-0.1221,1,487,798,719
1235573925,243251,-0.0352,-0.0200,1.0225,-0.1831,0.1221,-0.1831,1,493,847,719
1235578923,243252,-0.0347,-0.0205,1.0239,0.0000,0.1831,-0.2441,1,493,847,719
1235583930,243253,-0.0361,-0.0215,1.0215,-0.1221,0.1221,-0.1831,1,466,835,719
1235588928,243254,-0.0381,-0.0220,1.0186,-0.1831,0.0000,-0.1831,1,466,875,719
1235593926,243255,-0.0386,-0.0210,1.0186,-0.0610,-0.1831,-0.1831,1,466,832,719
1235598930,243256,-0.0371,-0.0195,1.0210,0.0610,-0.0610,-0.1831,1,465,876,719
1235603930,243257,-0.0356,-0.0181,1.0229,0.0000,0.1221,-0.2441,1,484,867,719
1235608927,243258,-0.0366,-0.0181,1.0220,0.0000,0.0610,-0.1831,1,465,821,719
1235613927,243259,-0.0371,-0.0195,1.0210,0.0610,0.0610,-0.1221,1,480,819,719
1235618930,243260,-0.0361,-0.0200,1.0220,0.0610,0.0000,-0.1831,1,483,861,719
1235623924,243261,-0.0342,-0.0200,1.0234,0.0000,0.1831,-0.3052,1,482,830,719
1235628925,243262,-0.0337,-0.0190,1.0239,0.0000,0.1831,-0.1831,1,468,811,719
1235633927,243263,-0.0342,-0.0186,1.0234,-0.0610,0.2441,-0.1831,1,465,819,719
1235638927,243264,-0.0356,-0.0195,1.0220,0.0000,0.1831,-0.1831,1,484,861,719
1235643922,243265,-0.0376,-0.0205,1.0210,0.0000,0.2441,-0.1831,1,512,764,719
1235648929,243266,-0.0376,-0.0205,1.0220,-0.1221,0.1831,-0.2441,1,494,765,719
1235653927,243267,-0.0366,-0.0200,1.0234,0.0000,0.2441,-0.1221,1,474,858,719
1235658922,243268,-0.0352,-0.0190,1.0239,0.1831,0.1831,-0.1831,1,485,804,719
1235663929,243269,-0.0347,-0.0195,1.0234,0.0610,0.3052,-0.2441,1,476,857,719
1235668923,243270,-0.0347,-0.0200,1.0225,0.0000,0.4272,-0.3052,1,477,869,719
1235673925,243271,-0.0361,-0.0205,1.0210,0.1221,0.3052,-0.2441,1,491,798,719
1235678924,243272,-0.0366,-0.0205,1.0205,0.1221,0.3052,-0.1831,1,485,845,719
1235683927,243273,-0.0361,-0.0200,1.0215,0.0000,0.2441,-0.2441,1,492,848,719
1235688922,243274,-0.0356,-0.0195,1.0239,0.0610,0.3052,-0.1831,1,466,834,719
1235693926,243275,-0.0352,-0.0186,1.0254,0.0000,0.4883,-0.1221,1,465,880,719
1235698928,243276,-0.0342,-0.0176,1.0264,-0.0610,0.5493,-0.1221,1,466,826,719
1235703923,243277,-0.0342,-0.0176,1.0273,0.0000,0.6104,-0.1831,1,483,873,719
1235708925,243278,-0.0347,-0.0186,1.0264,-0.1221,0.6714,-0.1831,1,465,774,719
1235713924,243279,-0.0352,-0.0186,1.0229,-0.1831,0.6104,-0.1221,1,484,864,719
1235718927,243280,-0.0347,-0.0195,1.0220,-0.1221,0.6104,-0.1831,1,465,902,719
1235723925,243281,-0.0356,-0.0200,1.0225,-0.0610,0.6714,-0.1221,1,481,932,719
1235728930,243282,-0.0361,-0.0205,1.0225,0.0000,0.7324,-0.1221,1,465,870,719
1235733925,243283,-0.0366,-0.0215,1.0225,0.0610,0.7935,-0.2441,1,482,830,719
1235738929,243284,-0.0361,-0.0210,1.0220,0.1221,0.8545,-0.2441,1,467,858,719
1235743923,243285,-0.0361,-0.0200,1.0200,-0.0610,0.7324,-0.1831,1,481,856,719
1235748925,243286,-0.0376,-0.0195,1.0195,-0.1831,0.6714,-0.1831,1,491,860,719
1235753928,243287,-0.0376,-0.0200,1.0205,0.0000,0.7324,-0.1831,1,490,864,719
1235758930,243288,-0.0366,-0.0190,1.0215,0.0000,0.7935,-0.2441,1,493,775,719
1235763927,243289,-0.0356,-0.0176,1.0220,0.0000,0.6104,-0.1221,1,488,806,719
1235768922,243290,-0.0352,-0.0161,1.0234,-0.1831,0.7324,-0.1221,1,480,797,719
1235773927,243291,-0.0347,-0.0161,1.0249,-0.3052,0.7935,-0.2441,1,473,854,719
1235778923,243292,-0.0361,-0.0186,1.0244,-0.2441,0.8545,-0.1831,1,490,871,719
1235783930,243293,-0.0371,-0.0215,1.0249,-0.1221,0.6714,-0.0610,1,483,856,719
1235788929,243294,-0.0371,-0.0210,1.0239,-0.1831,0.7324,-0.0610,1,479,847,719
1235793924,243295,-0.0366,-0.0190,1.0225,-0.3662,0.9766,-0.1831,1,493,853,719
1235798925,243296,-0.0366,-0.0190,1.0225,-0.3052,1.0376,-0.2441,1,466,910,719
1235803923,243297,-0.0376,-0.0200,1.0225,-0.1831,0.9155,-0.1221,1,466,878,719
1235808928,243298,-0.0386,-0.0210,1.0210,-0.2441,0.6714,-0.2441,1,466,876,719
1235813923,243299,-0.0381,-0.0215,1.0210,-0.1221,0.7324,-0.2441,1,484,878,719
1235818922,243300,-0.0376,-0.0210,1.0215,-0.1221,0.6714,-0.1831,1,481,862,719
1235823928,243301,-0.0371,-0.0200,1.0220,-0.1831,0.7324,-0.2441,1,465,870,719
1235828926,243302,-0.0371,-0.0210,1.0225,-0.1221,0.6714,-0.1831,1,482,912,719
1235833922,243303,-0.0381,-0.0215,1.0229,-0.0610,0.6104,-0.1831,1,467,866,719
1235838927,243304,-0.0381,-0.0215,1.0225,-0.0610,0.7324,-0.2441,1,476,864,719
1235843923,243305,-0.0381,-0.0215,1.0215,0.0000,0.7324,-0.3052,1,470,874,719
1235848925,243306,-0.0386,-0.0215,1.0210,0.0000,0.6104,-0.3662,1,476,807,719
1235853924,243307,-0.0391,-0.0220,1.0200,0.1221,0.4883,-0.3662,1,497,806,719
1235858930,243308,-0.0391,-0.0220,1.0190,0.1831,0.4272,-0.3052,1,484,850,719
1235863929,243309,-0.0381,-0.0210,1.0200,0.0610,0.4272,-0.2441,1,512,853,719
1235868922,243310,-0.0376,-0.0200,1.0215,0.1831,0.4272,-0.2441,1,465,853,719
1235873926,243311,-0.0376,-0.0205,1.0225,0.1831,0.4272,-0.3052,1,477,861,719
1235878931,243312,-0.0376,-0.0205,1.0220,0.1221,0.3662,-0.3052,1,492,847,719
1235883930,243313,-0.0371,-0.0195,1.0225,0.1221,0.3052,-0.2441,1,491,844,719
1235888930,243314,-0.0371,-0.0200,1.0234,0.0610,0.3052,-0.1221,1,475,847,719
1235893922,243315,-0.0371,-0.0200,1.0239,0.0000,0.2441,-0.1831,1,480,842,719
1235898924,243316,-0.0371,-0.0205,1.0234,-0.0610,0.2441,-0.3052,1,487,810,719
1235903931,243317,-0.0376,-0.0210,1.0234,-0.0610,0.2441,-0.3052,1,493,851,719
1235908928,243318,-0.0376,-0.0205,1.0234,0.0000,0.3662,-0.1831,1,466,873,719
1235913939,243319,-0.0371,-0.0190,1.0229,0.0610,0.3662,-0.1831,1,466,836,719
1235918927,243320,-0.0376,-0.0190,1.0220,0.0610,0.3052,-0.1831,1,466,884,719
1235923925,243321,-0.0376,-0.0190,1.0210,0.0000,0.3052,-0.3052,1,484,873,719
1235928925,243322,-0.0376,-0.0195,1.0210,0.0610,0.1831,-0.2441,1,475,772,719
1235933927,243323,-0.0371,-0.0205,1.0225,0.1221,0.2441,-0.2441,1,466,876,719
1235938929,243324,-0.0371,-0.0205,1.0229,0.0000,0.3052,-0.3662,1,482,908,719
1235943926,243325,-0.0371,-0.0200,1.0215,0.0610,0.1831,-0.3052,1,465,824,719
1235948922,243326,-0.0366,-0.0190,1.0210,0.0610,0.2441,-0.3052,1,474,865,719
1235953933,243327,-0.0366,-0.0181,1.0220,0.1831,0.2441,-0.4272,1,479,872,719
1235958923,243328,-0.0376,-0.0186,1.0234,0.0000,0.3052,-0.3662,1,474,862,719
1235963928,243329,-0.0381,-0.0205,1.0244,0.0000,0.2441,-0.3052,1,509,811,719
1235968924,243330,-0.0381,-0.0210,1.0234,0.0610,0.1831,-0.3052,1,493,736,719
1235973924,243331,-0.0376,-0.0195,1.0220,0.0610,0.2441,-0.3052,1,465,767,719
1235978929,243332,-0.0366,-0.0176,1.0210,0.0610,0.1221,-0.3662,1,468,856,719
1235983931,243333,-0.0366,-0.0181,1.0215,0.1831,0.1831,-0.3052,1,475,845,719
1235988928,243334,-0.0376,-0.0186,1.0220,0.1221,0.1831,-0.3052,1,481,848,719
1235993922,243335,-0.0386,-0.0195,1.0220,0.0610,0.0610,-0.3662,1,473,843,719
1235998924,243336,-0.0381,-0.0205,1.0220,0.0610,-0.0610,-0.3052,1,490,849,719
1236003926,243337,-0.0381,-0.0200,1.0225,0.1221,0.1831,-0.2441,1,489,840,719
1236008927,243338,-0.0376,-0.0190,1.0229,0.0610,0.1831,-0.3052,1,466,845,719
1236013926,243339,-0.0386,-0.0195,1.0229,0.0000,0.1831,-0.4272,1,466,876,719
1236018925,243340,-0.0386,-0.0205,1.0215,0.0000,0.0610,-0.4272,1,466,837,719
1236023930,243341,-0.0371,-0.0200,1.0210,0.0000,0.1221,-0.3662,1,466,830,719
1236028925,243342,-0.0361,-0.0195,1.0220,0.0000,0.1221,-0.3662,1,465,818,719
1236033926,243343,-0.0352,-0.0190,1.0229,-0.0610,0.1831,-0.3052,1,484,775,719
1236038927,243344,-0.0356,-0.0190,1.0229,0.0000,0.1221,-0.2441,1,466,903,719
1236043931,243345,-0.0366,-0.0200,1.0225,0.0610,0.1831,-0.3052,1,480,825,719
1236048924,243346,-0.0376,-0.0210,1.0225,0.0610,0.2441,-0.3052,1,482,863,719
1236053924,243347,-0.0371,-0.0215,1.0229,0.0000,0.1831,-0.3052,1,470,870,719
1236058953,243348,-0.0361,-0.0200,1.0225,0.0000,0.3052,-0.4272,1,475,814,719
1236063924,243349,-0.0356,-0.0190,1.0220,0.0610,0.1831,-0.3662,1,474,811,719
1236068926,243350,-0.0361,-0.0190,1.0220,0.1221,0.1221,-0.1831,1,484,861,719
1236073927,243351,-0.0381,-0.0190,1.0229,0.1221,0.3052,-0.1831,1,511,856,719
1236078931,243352,-0.0396,-0.0200,1.0229,0.1221,0.1221,-0.2441,1,464,769,719
1236083925,243353,-0.0396,-0.0210,1.0225,0.0610,-0.0610,-0.3052,1,483,855,719
1236088925,243354,-0.0371,-0.0205,1.0229,0.1221,0.0000,-0.1831,1,477,839,719
1236093929,243355,-0.0356,-0.0195,1.0239,-0.0610,0.0610,-0.3052,1,485,807,719
1236098929,243356,-0.0361,-0.0190,1.0229,0.0610,0.1221,-0.2441,1,489,848,719
1236103923,243357,-0.0361,-0.0190,1.0220,0.1831,-0.0610,-0.1221,1,475,851,719
1236108927,243358,-0.0361,-0.0181,1.0220,0.0610,0.0000,-0.1221,1,493,848,719
1236113923,243359,-0.0366,-0.0186,1.0225,0.0000,0.0610,-0.1831,1,493,798,719
1236118930,243360,-0.0371,-0.0210,1.0234,0.0000,0.1831,-0.1221,1,466,832,719
1236123928,243361,-0.0376,-0.0220,1.0239,-0.1221,0.0000,-0.2441,1,466,832,719
1236128927,243362,-0.0366,-0.0220,1.0229,-0.1221,0.0000,-0.3052,1,484,832,719
1236133927,243363,-0.0361,-0.0200,1.0225,0.0000,0.1831,-0.3052,1,465,819,719
1236138922,243364,-0.0361,-0.0176,1.0220,-0.0610,0.2441,-0.2441,1,484,772,719
1236143927,243365,-0.0371,-0.0171,1.0220,-0.1831,0.3052,-0.3052,1,465,880,719
1236148929,243366,-0.0371,-0.0181,1.0225,-0.1831,0.1831,-0.2441,1,474,862,719
1236153930,243367,-0.0361,-0.0186,1.0229,-0.1221,0.1221,-0.3052,1,476,872,719
1236158924,243368,-0.0361,-0.0190,1.0239,-0.0610,0.2441,-0.2441,1,479,863,719
1236163950,243369,-0.0371,-0.0190,1.0234,-0.1831,0.2441,-0.1831,1,469,866,719
1236168923,243370,-0.0376,-0.0186,1.0220,-0.3052,0.1831,-0.1221,1,469,869,719
1236173930,243371,-0.0386,-0.0190,1.0210,-0.4272,0.3052,-0.2441,1,496,854,719
1236178929,243372,-0.0386,-0.0215,1.0205,-0.3052,0.1831,-0.1831,1,504,855,719
1236183923,243373,-0.0376,-0.0229,1.0205,-0.0610,0.1831,-0.0610,1,494,876,719
1236188930,243374,-0.0371,-0.0220,1.0195,-0.0610,0.1221,0.0000,1,483,858,719
1236193926,243375,-0.0371,-0.0210,1.0200,-0.1831,0.1831,-0.1831,1,486,802,719
1236198928,243376,-0.0376,-0.0210,1.0205,-0.1831,0.1831,-0.2441,1,478,853,719
1236203923,243377,-0.0381,-0.0215,1.0215,0.0000,0.0610,-0.2441,1,487,852,719
1236208929,243378,-0.0366,-0.0220,1.0220,0.0610,0.1221,-0.1831,1,480,798,719
1236213923,243379,-0.0352,-0.0229,1.0225,0.1221,0.2441,-0.1831,1,469,847,719
1236218929,243380,-0.0356,-0.0229,1.0234,0.2441,0.1221,-0.1221,1,493,850,719
1236223923,243381,-0.0361,-0.0210,1.0249,0.1831,0.0610,-0.2441,1,466,880,719
1236228922,243382,-0.0361,-0.0205,1.0249,0.1831,0.2441,-0.1831,1,466,882,719
1236233929,243383,-0.0361,-0.0205,1.0229,0.2441,0.2441,-0.2441,1,484,887,719
1236238927,243384,-0.0366,-0.0210,1.0205,0.1831,0.1831,-0.3052,1,465,888,719
1236243928,243385,-0.0371,-0.0215,1.0186,0.1831,0.0610,-0.2441,1,485,866,719
1236248924,243386,-0.0376,-0.0195,1.0195,0.1221,0.1831,-0.1831,1,465,877,719
1236253923,243387,-0.0376,-0.0161,1.0215,0.0610,0.1221,-0.3052,1,478,921,719
1236258928,243388,-0.0371,-0.0156,1.0239,0.1831,0.0610,-0.1831,1,482,860,719
1236263922,243389,-0.0356,-0.0171,1.0259,0.0000,0.1221,-0.1221,1,482,884,719
1236268949,243390,-0.0347,-0.0186,1.0254,0.1221,0.1831,-0.1831,1,470,807,719
1236273925,243391,-0.0347,-0.0200,1.0244,-0.1831,0.2441,-0.1221,1,470,857,719
1236278922,243392,-0.0352,-0.0215,1.0234,-0.2441,0.3052,-0.1221,1,494,861,719
1236283925,243393,-0.0371,-0.0225,1.0210,-0.0610,0.2441,-0.1221,1,466,871,719
1236288925,243394,-0.0376,-0.0220,1.0190,0.0610,0.1831,-0.1831,1,494,767,719
1236293924,243395,-0.0376,-0.0205,1.0195,0.0610,0.1221,0.0000,1,483,858,719
1236298923,243396,-0.0371,-0.0200,1.0200,0.1831,0.0610,-0.1221,1,472,800,719
1236303924,243397,-0.0366,-0.0195,1.0195,0.1831,0.0610,-0.3052,1,483,844,719
1236308922,243398,-0.0356,-0.0210,1.0195,0.4272,0.0000,-0.1831,1,492,850,719
1236313927,243399,-0.0352,-0.0220,1.0210,0.3052,0.0610,-0.1831,1,473,807,719
1236318927,243400,-0.0356,-0.0220,1.0234,0.3052,0.1831,-0.1831,1,472,843,719
1236323922,243401,-0.0366,-0.0220,1.0244,0.4272,0.0000,-0.3052,1,493,853,719
1236328925,243402,-0.0366,-0.0215,1.0249,0.4883,0.1221,-0.1831,1,466,833,719
1236333924,243403,-0.0361,-0.0205,1.0249,0.4883,0.0000,-0.3052,1,466,880,719
1236338927,243404,-0.0361,-0.0186,1.0254,0.3662,0.0610,-0.4272,1,466,832,719
1236343922,243405,-0.0361,-0.0181,1.0259,0.3662,-0.0610,-0.3662,1,465,880,719
1236348923,243406,-0.0352,-0.0176,1.0259,0.3662,-0.1221,-0.4272,1,484,868,719
1236353926,243407,-0.0347,-0.0166,1.0264,0.1221,0.0610,-0.4272,1,465,874,719
1236358926,243408,-0.0352,-0.0156,1.0273,0.0000,0.1831,-0.3662,1,465,917,719
1236363925,243409,-0.0356,-0.0142,1.0278,-0.1221,0.1221,-0.3662,1,465,836,719
1236368926,243410,-0.0352,-0.0146,1.0273,-0.3662,0.1831,-0.4272,1,466,868,719
1236373930,243411,-0.0347,-0.0161,1.0244,-0.3662,0.2441,-0.3052,1,466,839,719
1236378941,243412,-0.0332,-0.0161,1.0225,-0.4883,0.3052,-0.2441,1,465,864,719
1236383922,243413,-0.0322,-0.0166,1.0220,-0.6104,0.6104,-0.3052,1,476,860,719
1236388925,243414,-0.0337,-0.0195,1.0215,-0.6104,0.7935,-0.3052,1,512,854,719
1236393923,243415,-0.0352,-0.0205,1.0220,-0.6714,0.7935,-0.1831,1,488,851,719
1236398924,243416,-0.0366,-0.0200,1.0225,-0.7324,0.7935,-0.3052,1,465,820,719
1236403927,243417,-0.0361,-0.0190,1.0215,-0.6104,0.7324,-0.2441,1,487,848,719
1236408929,243418,-0.0361,-0.0190,1.0205,-0.5493,0.7324,-0.1831,1,490,853,719
1236413931,243419,-0.0366,-0.0195,1.0215,-0.7324,0.7324,-0.1221,1,488,857,719
1236418929,243420,-0.0381,-0.0205,1.0215,-0.7324,0.6714,-0.1221,1,473,853,719
1236423927,243421,-0.0391,-0.0215,1.0220,-0.7935,0.6104,-0.2441,1,483,844,719
1236428930,243422,-0.0381,-0.0210,1.0234,-0.7324,0.6104,-0.2441,1,488,842,719
1236433924,243423,-0.0371,-0.0205,1.0234,-0.7324,0.6714,-0.3052,1,494,847,719
1236438928,243424,-0.0371,-0.0210,1.0225,-0.6714,0.3662,-0.3052,1,465,879,719
1236443924,243425,-0.0381,-0.0215,1.0200,-0.5493,0.3052,-0.3052,1,466,875,719
1236448925,243426,-0.0386,-0.0229,1.0186,-0.5493,0.3662,-0.3052,1,466,869,719
1236453928,243427,-0.0386,-0.0220,1.0195,-0.5493,0.3052,-0.3052,1,466,878,719
1236458924,243428,-0.0386,-0.0200,1.0195,-0.4272,0.1831,-0.3662,1,482,863,719
1236463928,243429,-0.0391,-0.0210,1.0171,-0.4883,0.2441,-0.2441,1,465,882,719
1236468925,243430,-0.0400,-0.0239,1.0146,-0.4272,0.0610,-0.4272,1,467,863,719
1236473930,243431,-0.0400,-0.0254,1.0146,-0.1831,-0.1831,-0.3662,1,472,869,719
1236478925,243432,-0.0391,-0.0244,1.0171,-0.1221,-0.1221,-0.4272,1,473,881,719
1236483924,243433,-0.0381,-0.0220,1.0200,-0.2441,-0.3052,-0.3052,1,481,868,719
1236488925,243434,-0.0371,-0.0210,1.0205,-0.2441,-0.2441,-0.3052,1,465,850,719
1236493928,243435,-0.0371,-0.0220,1.0200,-0.0610,-0.1831,-0.3052,1,508,860,719
1236498925,243436,-0.0386,-0.0234,1.0190,0.0000,-0.1831,-0.2441,1,484,856,719
1236503925,243437,-0.0391,-0.0234,1.0181,-0.1221,-0.2441,-0.3662,1,494,759,719
1236508922,243438,-0.0386,-0.0229,1.0186,-0.0610,-0.3662,-0.3052,1,476,769,719
1236513925,243439,-0.0376,-0.0220,1.0210,0.0000,-0.4272,-0.3662,1,488,859,719
1236518927,243440,-0.0366,-0.0215,1.0239,0.1221,-0.3052,-0.2441,1,481,804,719
1236523923,243441,-0.0356,-0.0215,1.0249,0.1221,-0.3662,-0.1831,1,487,847,719
1236528930,243442,-0.0356,-0.0210,1.0249,0.1221,-0.4883,-0.2441,1,475,852,719
1236533929,243443,-0.0356,-0.0210,1.0244,0.1831,-0.3662,-0.2441,1,474,851,719
1236538924,243444,-0.0366,-0.0210,1.0244,0.1831,-0.4883,-0.3052,1,492,856,719
1236543929,243445,-0.0366,-0.0220,1.0249,0.1831,-0.5493,-0.3052,1,466,876,719
1236548927,243446,-0.0356,-0.0229,1.0249,0.2441,-0.4883,-0.4272,1,466,883,719
1236553925,243447,-0.0352,-0.0225,1.0249,0.3052,-0.5493,-0.4272,1,465,887,719
1236558930,243448,-0.0347,-0.0215,1.0254,0.1221,-0.4272,-0.4883,1,483,877,719
1236563926,243449,-0.0337,-0.0215,1.0259,0.1221,-0.3662,-0.3662,1,465,863,719
1236568930,243450,-0.0337,-0.0210,1.0244,0.1221,-0.2441,-0.3052,1,484,867,719
1236573923,243451,-0.0356,-0.0205,1.0215,0.0000,-0.1221,-0.3052,1,465,901,719
1236578922,243452,-0.0381,-0.0210,1.0190,0.0000,-0.2441,-0.2441,1,472,825,719
1236583927,243453,-0.0396,-0.0220,1.0171,0.0000,-0.3052,-0.2441,1,477,830,719
1236588925,243454,-0.0396,-0.0225,1.0146,0.0610,-0.3662,-0.3662,1,475,808,719
1236593950,243455,-0.0391,-0.0234,1.0146,0.0610,-0.5493,-0.3662,1,483,861,719
1236598927,243456,-0.0386,-0.0225,1.0171,0.1831,-0.6104,-0.3052,1,483,859,719
1236603927,243457,-0.0376,-0.0210,1.0205,0.1221,-0.6714,-0.3052,1,506,850,719
1236608929,243458,-0.0361,-0.0210,1.0229,0.0610,-0.7324,-0.4272,1,506,848,719
1236613925,243459,-0.0352,-0.0215,1.0239,0.1831,-0.7935,-0.3662,1,466,777,719
1236618928,243460,-0.0352,-0.0215,1.0229,0.2441,-0.5493,-0.2441,1,476,834,719
1236623922,243461,-0.0347,-0.0215,1.0220,0.2441,-0.4272,-0.2441,1,483,855,719
1236628926,243462,-0.0356,-0.0229,1.0210,0.2441,-0.6714,-0.3662,1,475,853,719
1236633928,243463,-0.0376,-0.0239,1.0200,0.4272,-0.6104,-0.3662,1,476,854,719
1236638922,243464,-0.0376,-0.0234,1.0205,0.4272,-0.7324,-0.4272,1,483,849,719
1236643927,243465,-0.0361,-0.0229,1.0215,0.4272,-0.7324,-0.3662,1,490,853,719
1236648926,243466,-0.0356,-0.0215,1.0229,0.3662,-0.7324,-0.4883,1,492,857,719
1236653922,243467,-0.0352,-0.0200,1.0239,0.3052,-0.7324,-0.3662,1,466,882,719
1236658937,243468,-0.0352,-0.0200,1.0225,0.3052,-0.5493,-0.3662,1,466,877,719
1236663930,243469,-0.0366,-0.0210,1.0205,0.5493,-0.7935,-0.5493,1,466,875,719
1236668922,243470,-0.0371,-0.0200,1.0195,0.4883,-0.9766,-0.4272,1,484,882,719
1236673923,243471,-0.0356,-0.0186,1.0205,0.3662,-0.7935,-0.3662,1,477,867,719
1236678926,243472,-0.0337,-0.0181,1.0220,0.1221,-0.9155,-0.3052,1,466,824,719
1236683926,243473,-0.0317,-0.0190,1.0239,0.1831,-0.8545,-0.2441,1,479,897,719
1236688929,243474,-0.0322,-0.0195,1.0249,0.1221,-0.5493,-0.3662,1,481,875,719
1236693924,243475,-0.0337,-0.0200,1.0254,0.0000,-0.4883,-0.3052,1,478,873,719
1236698923,243476,-0.0337,-0.0200,1.0254,-0.1221,-0.4272,-0.3052,1,465,807,719
1236703953,243477,-0.0332,-0.0200,1.0244,-0.0610,-0.3662,-0.2441,1,465,852,719
1236708924,243478,-0.0337,-0.0210,1.0229,0.0000,-0.3052,-0.2441,1,480,865,719
1236713928,243479,-0.0337,-0.0210,1.0220,0.0610,-0.3662,-0.1831,1,484,811,719
1236718927,243480,-0.0337,-0.0195,1.0215,0.0000,-0.3052,-0.3662,1,465,876,719
1236723925,243481,-0.0347,-0.0195,1.0215,-0.1221,-0.3662,-0.3662,1,494,764,719
1236728925,243482,-0.0347,-0.0210,1.0205,-0.1831,-0.2441,-0.3662,1,485,873,719
1236733927,243483,-0.0352,-0.0220,1.0190,0.0000,-0.1221,-0.3662,1,490,853,719
1236738930,243484,-0.0356,-0.0205,1.0190,0.0610,-0.3662,-0.3052,1,474,803,719
1236743927,243485,-0.0356,-0.0200,1.0205,0.0610,-0.4272,-0.3052,1,480,869,719
1236748924,243486,-0.0352,-0.0195,1.0220,0.1221,-0.4272,-0.2441,1,482,845,719
1236753926,243487,-0.0342,-0.0200,1.0220,0.1221,-0.4272,-0.4272,1,491,851,719
1236758930,243488,-0.0342,-0.0210,1.0205,0.0610,-0.4883,-0.3662,1,493,846,719
1236763931,243489,-0.0347,-0.0205,1.0215,0.0610,-0.7935,-0.3662,1,466,873,719
1236768928,243490,-0.0347,-0.0195,1.0225,0.0610,-0.7324,-0.3662,1,466,878,719
1236773925,243491,-0.0322,-0.0176,1.0239,0.1221,-0.7935,-0.3662,1,465,881,719
1236778930,243492,-0.0293,-0.0161,1.0254,0.0000,-0.7324,-0.4272,1,466,880,719
1236783930,243493,-0.0273,-0.0161,1.0269,-0.1221,-0.3052,-0.4272,1,478,826,719
1236788922,243494,-0.0283,-0.0166,1.0264,-0.1831,-0.2441,-0.3662,1,466,875,719
1236793923,243495,-0.0322,-0.0190,1.0234,-0.2441,-0.1221,-0.2441,1,474,927,719
1236798930,243496,-0.0352,-0.0215,1.0195,-0.1831,-0.0610,-0.3052,1,474,874,719
1236803922,243497,-0.0352,-0.0215,1.0186,-0.0610,-0.4272,-0.1831,1,471,865,719
1236808930,243498,-0.0337,-0.0215,1.0210,-0.3662,-0.3662,-0.3052,1,479,875,719
1236813951,243499,-0.0312,-0.0220,1.0234,-0.4272,-0.3052,-0.2441,1,474,857,719
1236818927,243500,-0.0298,-0.0215,1.0254,-0.3662,-0.1221,-0.1221,1,477,888,719
1236823923,243501,-0.0308,-0.0190,1.0259,-0.6104,0.0000,-0.3052,1,511,854,719
1236828929,243502,-0.0322,-0.0181,1.0244,-0.7324,0.0000,-0.3052,1,494,718,719
1236833924,243503,-0.0322,-0.0190,1.0239,-0.6714,0.0610,-0.1221,1,465,803,719
1236838930,243504,-0.0288,-0.0210,1.0254,-0.6714,0.3052,-0.2441,1,492,848,719
1236843931,243505,-0.0293,-0.0220,1.0254,-0.6104,0.4272,-0.1831,1,491,847,719
1236848926,243506,-0.0293,-0.0229,1.0249,-0.6104,0.6104,-0.1831,1,491,848,719
1236853922,243507,-0.0293,-0.0225,1.0234,-0.5493,0.6104,-0.1831,1,486,849,719
1236858926,243508,-0.0303,-0.0215,1.0225,-0.5493,0.7324,-0.2441,1,476,851,719
1236863930,243509,-0.0322,-0.0225,1.0220,-0.5493,0.8545,-0.3052,1,493,852,719
1236868930,243510,-0.0332,-0.0220,1.0220,-0.4272,0.7324,-0.1831,1,466,848,719
1236873931,243511,-0.0337,-0.0210,1.0225,-0.6104,0.7324,-0.1221,1,466,883,719
1236878929,243512,-0.0347,-0.0215,1.0225,-0.5493,0.6714,-0.3052,1,466,872,719
1236883929,243513,-0.0356,-0.0220,1.0215,-0.4272,0.6104,-0.2441,1,483,874,719
1236888923,243514,-0.0366,-0.0229,1.0205,-0.3662,0.4272,-0.1221,1,466,868,719
1236893927,243515,-0.0366,-0.0234,1.0205,-0.3662,0.3052,-0.2441,1,484,870,719
1236898929,243516,-0.0356,-0.0229,1.0210,-0.3052,0.4883,-0.3052,1,467,907,719
1236903928,243517,-0.0332,-0.0215,1.0229,-0.3052,0.4883,-0.2441,1,467,862,719
1236908927,243518,-0.0312,-0.0210,1.0239,-0.2441,0.3662,-0.2441,1,469,877,719
1236913925,243519,-0.0312,-0.0229,1.0239,-0.2441,0.4272,-0.3052,1,474,908,719
1236918928,243520,-0.0317,-0.0244,1.0239,-0.1831,0.5493,-0.2441,1,478,861,719
1236923923,243521,-0.0317,-0.0239,1.0244,-0.1221,0.6104,-0.1221,1,476,870,719
1236928929,243522,-0.0317,-0.0220,1.0244,-0.1221,0.3662,-0.2441,1,501,857,719
1236933929,243523,-0.0317,-0.0215,1.0244,-0.1221,0.4883,-0.1221,1,465,881,719
1236938930,243524,-0.0327,-0.0229,1.0239,-0.3052,0.6104,-0.1221,1,494,771,719
1236943928,243525,-0.0337,-0.0239,1.0225,-0.1831,0.6104,-0.2441,1,485,771,719
1236948926,243526,-0.0342,-0.0229,1.0229,-0.1221,0.5493,-0.1221,1,489,861,719
1236953929,243527,-0.0332,-0.0205,1.0244,-0.1221,0.4883,-0.2441,1,474,849,719
1236958925,243528,-0.0312,-0.0190,1.0273,-0.2441,0.6104,-0.2441,1,477,873,719
1236963926,243529,-0.0298,-0.0200,1.0283,-0.2441,0.7935,-0.2441,1,490,879,719
1236968922,243530,-0.0308,-0.0215,1.0264,-0.3662,0.8545,-0.3052,1,491,853,719
1236973926,243531,-0.0317,-0.0225,1.0244,-0.3662,0.8545,-0.1831,1,493,843,719
1236978924,243532,-0.0327,-0.0229,1.0229,-0.2441,0.9155,-0.2441,1,466,883,719
1236983940,243533,-0.0342,-0.0229,1.0225,-0.4272,0.9155,-0.3662,1,466,888,719
1236988930,243534,-0.0347,-0.0239,1.0220,-0.3662,0.9155,-0.3052,1,466,883,719
1236993926,243535,-0.0342,-0.0239,1.0220,-0.3052,0.8545,-0.1831,1,483,879,719
1236998930,243536,-0.0327,-0.0220,1.0244,-0.2441,0.8545,-0.4272,1,469,865,719
1237003927,243537,-0.0312,-0.0205,1.0264,-0.3662,1.0376,-0.3052,1,484,873,719
1237008922,243538,-0.0317,-0.0215,1.0259,-0.3662,1.0986,-0.1831,1,473,899,719
1237013928,243539,-0.0317,-0.0215,1.0234,-0.4272,1.1597,-0.3662,1,479,873,719
1237018930,243540,-0.0327,-0.0215,1.0205,-0.3662,1.2207,-0.4272,1,474,873,719
1237023926,243541,-0.0352,-0.0229,1.0181,-0.4883,1.0986,-0.3052,1,472,874,719
1237028929,243542,-0.0356,-0.0254,1.0195,-0.2441,1.1597,-0.2441,1,476,855,719
1237033924,243543,-0.0347,-0.0244,1.0215,-0.1221,1.1597,-0.3662,1,475,866,719
1237038930,243544,-0.0337,-0.0229,1.0225,-0.1221,1.2207,-0.3662,1,498,860,719
1237043923,243545,-0.0332,-0.0210,1.0234,-0.1831,1.0376,-0.4272,1,466,859,719
1237048923,243546,-0.0337,-0.0210,1.0244,-0.3662,1.0986,-0.4883,1,493,881,719
1237053923,243547,-0.0332,-0.0215,1.0264,-0.2441,1.2207,-0.4272,1,465,822,719
1237058930,243548,-0.0317,-0.0200,1.0273,-0.2441,1.2207,-0.3052,1,487,864,719
1237063928,243549,-0.0317,-0.0176,1.0273,-0.3662,1.3428,-0.3662,1,484,853,719
1237068928,243550,-0.0332,-0.0166,1.0259,-0.6104,1.4038,-0.5493,1,471,878,719
1237073923,243551,-0.0352,-0.0195,1.0244,-0.6104,1.4038,-0.5493,1,478,853,719
1237078924,243552,-0.0352,-0.0229,1.0244,-0.6714,1.2817,-0.4883,1,486,853,719
1237083929,243553,-0.0347,-0.0234,1.0234,-0.6714,1.3428,-0.4883,1,479,853,719
1237088925,243554,-0.0356,-0.0225,1.0220,-0.8545,1.4038,-0.4883,1,493,850,719
1237093929,243555,-0.0371,-0.0229,1.0195,-0.7935,1.2817,-0.6104,1,466,877,719
1237098927,243556,-0.0376,-0.0254,1.0176,-0.6714,1.0986,-0.6104,1,465,884,719
1237103927,243557,-0.0376,-0.0264,1.0186,-0.6714,0.9155,-0.4883,1,484,873,719
1237108926,243558,-0.0356,-0.0259,1.0225,-0.7324,1.0376,-0.5493,1,465,865,719
1237113930,243559,-0.0347,-0.0239,1.0239,-0.7324,1.0376,-0.4883,1,484,871,719
1237118929,243560,-0.0356,-0.0225,1.0225,-0.7324,0.9766,-0.5493,1,466,907,719
1237123930,243561,-0.0371,-0.0215,1.0200,-0.6104,1.0376,-0.4883,1,469,869,719
1237128929,243562,-0.0391,-0.0225,1.0166,-0.7935,1.0986,-0.4883,1,470,869,719
1237133923,243563,-0.0400,-0.0264,1.0142,-0.7324,0.7935,-0.6104,1,473,873,719
1237138939,243564,-0.0391,-0.0303,1.0146,-0.4272,0.4272,-0.5493,1,482,855,719
1237143926,243565,-0.0366,-0.0293,1.0166,-0.2441,0.4883,-0.4883,1,471,859,719
1237148927,243566,-0.0356,-0.0249,1.0176,-0.1831,0.5493,-0.4272,1,504,862,719
1237153930,243567,-0.0371,-0.0229,1.0186,-0.4883,0.4272,-0.4272,1,466,883,719
1237158926,243568,-0.0391,-0.0239,1.0176,-0.4883,0.1831,-0.4883,1,494,883,719
1237163926,243569,-0.0396,-0.0249,1.0166,-0.4272,0.0000,-0.4272,1,470,856,719
1237168924,243570,-0.0381,-0.0259,1.0181,-0.3662,0.0610,-0.3662,1,477,809,719
1237173925,243571,-0.0352,-0.0264,1.0200,-0.2441,-0.0610,-0.3052,1,485,845,719
1237178929,243572,-0.0347,-0.0259,1.0200,-0.1831,0.0000,-0.3662,1,490,844,719
1237183927,243573,-0.0356,-0.0244,1.0200,-0.3662,-0.0610,-0.3662,1,481,805,719
1237188922,243574,-0.0356,-0.0229,1.0215,-0.3052,-0.1221,-0.2441,1,488,854,719
1237193927,243575,-0.0342,-0.0220,1.0239,-0.4272,0.0610,-0.4272,1,490,849,719
1237198931,243576,-0.0322,-0.0229,1.0254,-0.6714,0.2441,-0.3052,1,493,852,719
1237203924,243577,-0.0327,-0.0244,1.0254,-0.5493,0.1831,-0.3052,1,466,879,719
1237208922,243578,-0.0356,-0.0254,1.0229,-0.5493,0.1831,-0.2441,1,466,882,719
1237213927,243579,-0.0366,-0.0244,1.0215,-0.5493,0.3052,-0.2441,1,483,887,719
1237218930,243580,-0.0356,-0.0244,1.0220,-0.4883,0.3662,-0.3662,1,466,880,719
1237223930,243581,-0.0356,-0.0244,1.0220,-0.5493,0.3662,-0.3662,1,484,873,719
1237228929,243582,-0.0361,-0.0239,1.0225,-0.6104,0.3662,-0.3052,1,465,828,719
1237233925,243583,-0.0361,-0.0259,1.0220,-0.6714,0.3662,-0.4272,1,466,917,719
1237238924,243584,-0.0356,-0.0278,1.0205,-0.4272,0.3662,-0.3662,1,465,870,719
1237243929,243585,-0.0352,-0.0273,1.0200,-0.2441,0.4272,-0.4883,1,467,886,719
1237248925,243586,-0.0352,-0.0259,1.0190,-0.3662,0.3662,-0.4272,1,481,877,719
1237253926,243587,-0.0361,-0.0259,1.0190,-0.4883,0.3662,-0.4272,1,483,863,719
1237258923,243588,-0.0376,-0.0264,1.0210,-0.4272,0.3052,-0.3662,1,479,863,719
1237263926,243589,-0.0371,-0.0249,1.0220,-0.3662,0.1831,-0.2441,1,499,856,719
1237268930,243590,-0.0356,-0.0234,1.0234,-0.4272,0.1831,-0.2441,1,466,867,719
1237273929,243591,-0.0342,-0.0229,1.0244,-0.6104,0.3052,-0.4272,1,494,886,719
1237278927,243592,-0.0337,-0.0229,1.0239,-0.6714,0.4883,-0.4272,1,465,772,719
1237283930,243593,-0.0347,-0.0239,1.0210,-0.4272,0.3052,-0.3052,1,488,786,719
1237288929,243594,-0.0366,-0.0264,1.0186,-0.6104,0.1221,-0.2441,1,482,843,719
1237293923,243595,-0.0371,-0.0273,1.0186,-0.5493,0.1221,-0.4272,1,487,845,719
1237298925,243596,-0.0347,-0.0254,1.0210,-0.4272,0.2441,-0.3052,1,478,852,719
1237303928,243597,-0.0322,-0.0229,1.0244,-0.4883,0.3662,-0.3662,1,480,846,719
1237308923,243598,-0.0322,-0.0225,1.0249,-0.5493,0.5493,-0.2441,1,476,857,719
1237313927,243599,-0.0352,-0.0254,1.0229,-0.6104,0.5493,-0.4272,1,493,858,719
1237318924,243600,-0.0386,-0.0293,1.0205,-0.4272,0.3052,-0.3662,1,466,849,719
1237323941,243601,-0.0391,-0.0293,1.0195,-0.1221,0.2441,-0.3052,1,466,876,719
1237328930,243602,-0.0361,-0.0254,1.0225,-0.1831,0.2441,-0.3662,1,465,873,719
1237333928,243603,-0.0327,-0.0225,1.0273,-0.2441,0.2441,-0.4883,1,483,884,719
1237338927,243604,-0.0327,-0.0229,1.0288,-0.3052,0.3052,-0.3662,1,466,873,719
1237343922,243605,-0.0337,-0.0259,1.0254,-0.3662,0.5493,-0.3662,1,484,869,719
1237348931,243606,-0.0356,-0.0269,1.0215,-0.3052,0.4272,-0.3662,1,477,910,719
1237353928,243607,-0.0352,-0.0259,1.0220,-0.3052,0.2441,-0.3662,1,469,868,719
1237358927,243608,-0.0342,-0.0259,1.0244,-0.2441,0.4272,-0.4272,1,472,874,719
1237363927,243609,-0.0352,-0.0254,1.0239,-0.1831,0.3662,-0.3662,1,474,882,719
1237368934,243610,-0.0356,-0.0244,1.0229,-0.3052,0.3662,-0.3052,1,477,865,719
1237373928,243611,-0.0361,-0.0234,1.0234,-0.2441,0.4883,-0.3052,1,472,859,719
1237378923,243612,-0.0347,-0.0220,1.0239,-0.3662,0.4272,-0.3662,1,496,861,719
1237383922,243613,-0.0327,-0.0225,1.0244,-0.5493,0.4272,-0.3662,1,472,865,719
1237388923,243614,-0.0327,-0.0249,1.0239,-0.6714,0.6104,-0.2441,1,490,885,719
1237393924,243615,-0.0332,-0.0273,1.0244,-0.6104,0.6104,-0.2441,1,464,807,719
1237398927,243616,-0.0332,-0.0273,1.0259,-0.6104,0.5493,-0.1831,1,476,861,719
1237403930,243617,-0.0337,-0.0264,1.0264,-0.6714,0.5493,-0.2441,1,478,854,719
1237408923,243618,-0.0337,-0.0254,1.0264,-0.7935,0.7324,-0.2441,1,483,850,719
1237413930,243619,-0.0361,-0.0249,1.0254,-0.8545,0.6714,-0.1831,1,476,878,719
1237418922,243620,-0.0376,-0.0259,1.0244,-0.7935,0.6104,-0.3052,1,489,853,719
1237423924,243621,-0.0352,-0.0264,1.0239,-0.7935,0.7324,-0.2441,1,478,843,719
1237428927,243622,-0.0332,-0.0259,1.0234,-0.7324,0.7935,-0.3052,1,493,853,719
1237433924,243623,-0.0327,-0.0264,1.0229,-0.7935,0.9155,-0.3662,1,466,879,719
1237438925,243624,-0.0342,-0.0269,1.0220,-0.6714,0.9766,-0.3052,1,466,885,719
1237443922,243625,-0.0376,-0.0283,1.0210,-0.7324,0.9766,-0.1831,1,484,870,719
1237448928,243626,-0.0381,-0.0288,1.0205,-0.7935,0.8545,-0.3662,1,465,869,719
1237453923,243627,-0.0356,-0.0278,1.0225,-0.6104,0.7935,-0.3662,1,484,867,719
1237458922,243628,-0.0342,-0.0254,1.0254,-0.4883,0.9155,-0.3052,1,467,907,719
1237463922,243629,-0.0352,-0.0244,1.0269,-0.5493,1.0376,-0.3662,1,469,863,719
1237468928,243630,-0.0366,-0.0244,1.0259,-0.7324,0.9766,-0.4272,1,469,878,719
1237473926,243631,-0.0376,-0.0254,1.0234,-0.7935,0.8545,-0.4272,1,466,881,719
1237478928,243632,-0.0386,-0.0278,1.0220,-0.7935,0.8545,-0.4272,1,469,860,719
1237483948,243633,-0.0386,-0.0278,1.0215,-0.7935,0.5493,-0.3052,1,467,860,719
1237488925,243634,-0.0376,-0.0264,1.0215,-0.7935,0.6714,-0.3052,1,465,857,719
1237493930,243635,-0.0356,-0.0249,1.0225,-0.9155,0.5493,-0.3052,1,511,853,719
1237498924,243636,-0.0342,-0.0225,1.0249,-1.0376,0.7324,-0.3662,1,482,880,719
1237503923,243637,-0.0342,-0.0210,1.0254,-1.2207,0.9766,-0.3662,1,466,814,719
1237508924,243638,-0.0356,-0.0249,1.0200,-1.3428,0.9155,-0.4883,1,482,847,719
1237513927,243639,-0.0376,-0.0308,1.0156,-1.0986,0.5493,-0.3662,1,488,853,719
1237518927,243640,-0.0366,-0.0317,1.0195,-1.0986,0.6104,-0.3052,1,483,853,719
1237523930,243641,-0.0356,-0.0278,1.0229,-1.0376,0.9155,-0.4272,1,489,871,719
1237528925,243642,-0.0356,-0.0254,1.0234,-1.2207,0.9155,-0.3662,1,488,857,719
1237533929,243643,-0.0371,-0.0283,1.0200,-1.2207,0.7324,-0.4272,1,471,856,719
1237538927,243644,-0.0400,-0.0322,1.0156,-1.0376,0.4272,-0.3662,1,493,856,719
1237543922,243645,-0.0386,-0.0317,1.0161,-0.9766,0.4272,-0.4272,1,466,881,719
1237548925,243646,-0.0356,-0.0303,1.0195,-0.8545,0.6714,-0.4272,1,466,881,719
1237553931,243647,-0.0347,-0.0293,1.0215,-0.7324,0.7935,-0.3662,1,466,878,719
1237558929,243648,-0.0347,-0.0283,1.0225,-0.6714,0.9155,-0.3662,1,484,879,719
1237563923,243649,-0.0366,-0.0278,1.0220,-0.6104,0.8545,-0.2441,1,473,870,719
1237568926,243650,-0.0376,-0.0298,1.0215,-0.7324,0.6714,-0.3052,1,465,822,719
1237573931,243651,-0.0361,-0.0322,1.0229,-0.6104,0.6104,-0.3662,1,474,901,719
1237578922,243652,-0.0347,-0.0327,1.0244,-0.6104,0.7324,-0.3052,1,470,870,719
1237583924,243653,-0.0356,-0.0308,1.0234,-0.4883,0.7935,-0.3052,1,477,874,719
1237588923,243654,-0.0376,-0.0273,1.0205,-0.4883,0.6714,-0.3662,1,474,873,719
1237593924,243655,-0.0396,-0.0269,1.0190,-0.5493,0.4272,-0.2441,1,475,861,719
1237598928,243656,-0.0371,-0.0288,1.0234,-0.5493,0.3662,-0.4272,1,473,864,719
1237603929,243657,-0.0347,-0.0283,1.0259,-0.6104,0.2441,-0.4272,1,465,870,719
1237608930,243658,-0.0332,-0.0273,1.0254,-0.7324,0.3662,-0.3052,1,465,860,719
1237613928,243659,-0.0342,-0.0283,1.0239,-0.6714,0.6104,-0.2441,1,494,880,719
1237618924,243660,-0.0371,-0.0312,1.0210,-0.6104,0.5493,-0.2441,1,494,834,719
1237623928,243661,-0.0396,-0.0337,1.0176,-0.4272,0.4883,-0.3052,1,479,801,719
1237628929,243662,-0.0410,-0.0342,1.0161,-0.3052,0.2441,-0.3052,1,483,844,719
1237633930,243663,-0.0405,-0.0337,1.0151,-0.2441,0.2441,-0.1221,1,485,845,719
1237638930,243664,-0.0396,-0.0327,1.0142,-0.1831,0.2441,-0.1221,1,488,873,719
1237643922,243665,-0.0391,-0.0327,1.0146,-0.0610,0.0000,-0.1221,1,492,877,719
1237648924,243666,-0.0386,-0.0327,1.0181,0.1221,0.0610,-0.1831,1,478,801,719
1237653924,243667,-0.0386,-0.0322,1.0200,0.1221,-0.0610,-0.1831,1,491,845,719
1237658922,243668,-0.0376,-0.0312,1.0195,0.3052,-0.0610,-0.2441,1,466,846,719
1237663938,243669,-0.0361,-0.0303,1.0200,0.3662,-0.1221,-0.3052,1,466,901,719
1237668927,243670,-0.0342,-0.0283,1.0225,0.4272,-0.2441,-0.2441,1,465,873,719
1237673926,243671,-0.0337,-0.0278,1.0239,0.3662,0.0000,-0.3052,1,483,885,719
1237678930,243672,-0.0361,-0.0293,1.0220,0.3052,0.1221,-0.3052,1,465,824,719
1237683923,243673,-0.0376,-0.0298,1.0200,0.2441,0.0000,-0.2441,1,484,858,719
1237688931,243674,-0.0376,-0.0308,1.0205,0.2441,0.0000,-0.2441,1,467,822,719
1237693922,243675,-0.0391,-0.0303,1.0210,0.2441,0.0610,-0.3052,1,482,821,719
1237698926,243676,-0.0396,-0.0298,1.0205,0.2441,-0.1221,-0.3662,1,469,864,719
1237703924,243677,-0.0386,-0.0293,1.0195,0.2441,-0.1831,-0.3052,1,466,876,719
1237708927,243678,-0.0376,-0.0283,1.0186,0.1221,-0.2441,-0.3052,1,468,860,719
1237713925,243679,-0.0376,-0.0288,1.0190,0.1831,-0.3052,-0.3662,1,466,856,719
1237718922,243680,-0.0381,-0.0283,1.0186,0.3052,-0.3052,-0.3052,1,482,862,719
1237723928,243681,-0.0376,-0.0269,1.0176,0.1221,-0.3052,-0.1831,1,510,849,719
1237728930,243682,-0.0376,-0.0269,1.0181,0.1221,-0.3052,-0.2441,1,466,871,719
1237733927,243683,-0.0381,-0.0273,1.0205,0.1221,-0.3052,-0.3052,1,494,868,719
1237738930,243684,-0.0381,-0.0278,1.0225,0.1221,-0.3052,-0.3052,1,472,849,719
1237743930,243685,-0.0366,-0.0293,1.0239,0.0610,-0.3052,-0.2441,1,477,849,719
1237748930,243686,-0.0347,-0.0293,1.0254,0.0610,-0.4883,-0.1831,1,478,850,719
1237753930,243687,-0.0347,-0.0298,1.0254,0.0610,-0.3662,-0.3662,1,473,847,719
1237758926,243688,-0.0352,-0.0293,1.0249,0.1221,-0.2441,-0.4272,1,476,851,719
1237763922,243689,-0.0356,-0.0288,1.0244,-0.0610,-0.3052,-0.3052,1,486,851,719
1237768925,243690,-0.0366,-0.0288,1.0225,0.0610,-0.4272,-0.4883,1,488,847,719
1237773923,243691,-0.0371,-0.0303,1.0215,0.0610,-0.6104,-0.3662,1,493,852,719
1237778928,243692,-0.0366,-0.0303,1.0229,0.1221,-0.4883,-0.3052,1,466,874,719
1237783927,243693,-0.0347,-0.0293,1.0254,0.1831,-0.4883,-0.3662,1,466,871,719
1237788924,243694,-0.0332,-0.0298,1.0254,0.1221,-0.3662,-0.3662,1,483,879,719
1237793931,243695,-0.0332,-0.0293,1.0239,0.0610,-0.2441,-0.2441,1,465,879,719
1237798929,243696,-0.0352,-0.0264,1.0220,0.0000,-0.4272,-0.2441,1,484,874,719
1237803927,243697,-0.0366,-0.0259,1.0200,-0.2441,-0.4272,-0.3662,1,466,875,719
1237808922,243698,-0.0366,-0.0278,1.0186,-0.0610,-0.4883,-0.3052,1,467,923,719
1237813927,243699,-0.0356,-0.0278,1.0195,-0.1831,-0.6714,-0.1831,1,470,865,719
1237818923,243700,-0.0352,-0.0273,1.0225,-0.3052,-0.6104,-0.2441,1,467,885,719
1237823929,243701,-0.0356,-0.0278,1.0229,-0.4883,-0.5493,-0.2441,1,470,874,719
1237828928,243702,-0.0356,-0.0303,1.0215,-0.3662,-0.4883,-0.2441,1,465,870,719
1237833923,243703,-0.0352,-0.0317,1.0210,-0.2441,-0.6104,-0.1221,1,465,861,719
1237838922,243704,-0.0352,-0.0312,1.0215,-0.1831,-0.5493,-0.1831,1,507,855,719
1237843926,243705,-0.0352,-0.0298,1.0220,-0.1831,-0.4883,-0.3052,1,466,907,719
1237848927,243706,-0.0342,-0.0303,1.0215,-0.0610,-0.3052,-0.2441,1,494,873,719
1237853931,243707,-0.0342,-0.0322,1.0205,-0.1221,-0.4883,-0.2441,1,492,769,719
1237858924,243708,-0.0356,-0.0332,1.0181,0.1221,-0.4883,-0.3662,1,488,825,719
1237863922,243709,-0.0376,-0.0337,1.0161,0.1221,-0.4272,-0.3052,1,480,848,719
1237868929,243710,-0.0396,-0.0327,1.0161,0.3052,-0.6104,-0.3662,1,488,846,719
1237873923,243711,-0.0381,-0.0303,1.0195,0.5493,-0.7324,-0.4272,1,487,848,719
1237878931,243712,-0.0352,-0.0288,1.0225,0.5493,-0.6714,-0.3052,1,476,852,719
1237883928,243713,-0.0342,-0.0298,1.0225,0.4883,-0.6714,-0.3662,1,488,848,719
1237888927,243714,-0.0347,-0.0298,1.0215,0.4272,-0.6104,-0.3052,1,493,849,719
1237893925,243715,-0.0352,-0.0293,1.0215,0.3662,-0.5493,-0.3052,1,466,870,719
1237898926,243716,-0.0347,-0.0288,1.0234,0.2441,-0.6714,-0.3662,1,466,876,719
1237903925,243717,-0.0337,-0.0264,1.0249,0.2441,-0.6104,-0.4272,1,484,884,719
1237908923,243718,-0.0347,-0.0249,1.0239,0.1831,-0.6104,-0.3052,1,465,870,719
1237913925,243719,-0.0352,-0.0264,1.0220,0.1221,-0.5493,-0.3052,1,484,866,719
1237918923,243720,-0.0337,-0.0288,1.0210,0.0610,-0.4883,-0.2441,1,465,900,719
1237923929,243721,-0.0327,-0.0293,1.0229,0.1831,-0.6714,-0.3052,1,482,920,719
1237928926,243722,-0.0327,-0.0283,1.0254,0.0000,-0.4883,-0.3052,1,473,870,719
1237933924,243723,-0.0322,-0.0278,1.0259,-0.1221,-0.1831,-0.3052,1,477,831,719
1237938929,243724,-0.0312,-0.0278,1.0249,-0.0610,-0.3052,-0.2441,1,479,876,719
1237943947,243725,-0.0312,-0.0298,1.0249,-0.1221,-0.3052,-0.3052,1,476,904,719
1237948923,243726,-0.0322,-0.0303,1.0259,-0.1221,-0.1221,-0.3052,1,477,879,719
1237953929,243727,-0.0327,-0.0298,1.0244,0.0000,-0.0610,-0.1221,1,509,850,719
1237958927,243728,-0.0332,-0.0308,1.0215,0.0000,-0.0610,-0.2441,1,466,728,719
1237963927,243729,-0.0347,-0.0322,1.0190,0.1221,-0.1831,-0.2441,1,494,755,719
1237968923,243730,-0.0356,-0.0327,1.0190,0.2441,-0.3052,-0.3662,1,464,833,719
1237973926,243731,-0.0366,-0.0312,1.0200,0.3662,-0.3052,-0.3662,1,489,864,719
1237978929,243732,-0.0356,-0.0293,1.0210,0.3662,-0.4272,-0.3662,1,490,885,719
1237983928,243733,-0.0347,-0.0278,1.0220,0.3662,-0.4272,-0.3662,1,483,853,719
1237988924,243734,-0.0342,-0.0273,1.0225,0.3052,-0.4883,-0.3052,1,490,876,719
1237993923,243735,-0.0342,-0.0269,1.0225,0.4272,-0.6104,-0.4272,1,477,842,719
1237998925,243736,-0.0347,-0.0269,1.0220,0.4272,-0.6714,-0.4272,1,478,847,719
1238003925,243737,-0.0352,-0.0278,1.0215,0.2441,-0.7935,-0.3662,1,493,850,719
1238008922,243738,-0.0347,-0.0288,1.0225,0.3052,-0.9155,-0.3052,1,465,883,719
1238013922,243739,-0.0327,-0.0293,1.0249,0.2441,-0.7935,-0.4272,1,466,875,719
1238018928,243740,-0.0312,-0.0288,1.0259,0.1221,-0.6714,-0.3052,1,483,885,719
1238023922,243741,-0.0312,-0.0278,1.0259,0.1221,-0.6104,-0.3662,1,466,897,719
1238028929,243742,-0.0317,-0.0269,1.0259,-0.0610,-0.6104,-0.3662,1,484,892,719
1238033924,243743,-0.0317,-0.0273,1.0254,-0.1221,-0.3662,-0.3662,1,465,904,719
1238038924,243744,-0.0317,-0.0283,1.0244,-0.1831,-0.2441,-0.3052,1,470,872,719
1238043925,243745,-0.0322,-0.0293,1.0225,-0.1221,-0.1831,-0.2441,1,472,875,719
1238048929,243746,-0.0317,-0.0283,1.0210,-0.0610,-0.1831,-0.3662,1,473,880,719
1238053928,243747,-0.0317,-0.0283,1.0225,-0.1221,-0.1221,-0.3052,1,475,864,719
1238058953,243748,-0.0312,-0.0293,1.0244,0.0000,-0.0610,-0.3052,1,477,854,719
1238063930,243749,-0.0293,-0.0303,1.0244,0.0610,0.0610,-0.2441,1,475,836,719
1238068930,243750,-0.0303,-0.0303,1.0229,-0.0610,0.3052,-0.3052,1,466,872,719
1238073926,243751,-0.0337,-0.0303,1.0200,0.0610,0.2441,-0.3662,1,494,866,719
1238078929,243752,-0.0366,-0.0322,1.0176,0.1831,-0.1221,-0.3052,1,465,799,719
1238083923,243753,-0.0371,-0.0342,1.0171,0.4272,-0.3662,-0.3662,1,490,821,719
1238088930,243754,-0.0352,-0.0332,1.0195,0.5493,-0.2441,-0.4883,1,473,853,719
1238093923,243755,-0.0322,-0.0283,1.0234,0.6104,-0.3052,-0.4883,1,492,855,719
1238098925,243756,-0.0298,-0.0254,1.0269,0.4272,-0.2441,-0.4272,1,483,848,719
1238103924,243757,-0.0293,-0.0259,1.0278,0.1221,-0.1221,-0.3662,1,489,852,719
1238108925,243758,-0.0298,-0.0283,1.0269,0.0610,0.0610,-0.3662,1,488,847,719
1238113925,243759,-0.0322,-0.0283,1.0239,0.1831,0.0000,-0.4272,1,493,848,719
1238118939,243760,-0.0337,-0.0269,1.0220,0.2441,-0.1221,-0.4272,1,466,840,719
1238123922,243761,-0.0342,-0.0269,1.0215,0.1831,-0.1831,-0.4272,1,466,877,719
1238128924,243762,-0.0337,-0.0283,1.0220,0.1831,-0.0610,-0.4883,1,484,882,719
1238133927,243763,-0.0327,-0.0283,1.0225,0.2441,-0.2441,-0.4272,1,466,868,719
1238138925,243764,-0.0317,-0.0273,1.0225,0.2441,-0.1831,-0.3662,1,484,876,719
1238143930,243765,-0.0317,-0.0264,1.0225,0.1221,-0.2441,-0.4272,1,467,913,719
1238148929,243766,-0.0317,-0.0259,1.0229,-0.1221,-0.1221,-0.4272,1,465,868,719
1238153924,243767,-0.0327,-0.0269,1.0234,0.0000,0.0000,-0.3662,1,469,876,719
1238158926,243768,-0.0337,-0.0288,1.0220,-0.1831,0.0000,-0.3052,1,475,772,719
1238163926,243769,-0.0317,-0.0298,1.0225,-0.1831,-0.1221,-0.3662,1,479,813,719
1238168930,243770,-0.0288,-0.0283,1.0244,-0.1221,0.0000,-0.2441,1,482,862,719
